time_s	sat_id	beam_id	throughput_mbps	avg_delay_ms	max_delay_ms	dwell_time_ms	slot_util_pct	drop_rate_pct	jain_fairness_index
6.006	0	1	0	0	0	216	100	0	1
6.006	0	2	0	0	0	240	100	0	1
6.006	1	1	0	0	0	216	100	0	1
6.006	1	2	0	0	0	240	100	0	1
6.006	2	1	0	0	0	216	100	0	1
6.006	2	2	0	0	0	240	100	0	1
6.006	3	1	0	0	0	216	100	0	1
6.006	3	2	0	0	0	240	100	0	1
6.006	4	1	0	0	0	216	100	0	1
6.006	4	2	0	0	0	240	100	0	1
6.006	5	1	0	0	0	216	100	0	1
6.006	5	2	0	0	0	240	100	0	1
6.006	6	1	0	0	0	216	100	0	1
6.006	6	2	0	0	0	240	100	0	1
6.006	7	1	0	0	0	216	100	0	1
6.006	7	2	0	0	0	240	100	0	1
6.006	8	1	0	0	0	216	100	0	1
6.006	8	2	0	0	0	240	100	0	1
6.006	9	1	0	0	0	216	100	0	1
6.006	9	2	0	0	0	240	100	0	1
6.006	10	1	0	0	0	216	100	0	1
6.006	10	2	0	0	0	240	100	0	1
6.006	11	1	0	0	0	216	100	0	1
6.006	11	2	0	0	0	240	100	0	1
6.006	12	1	0	0	0	216	100	0	1
6.006	12	2	0	0	0	240	100	0	1
6.006	13	1	0	0	0	216	100	0	1
6.006	13	2	0	0	0	240	100	0	1
6.006	14	1	0	0	0	216	100	0	1
6.006	14	2	0	0	0	240	100	0	1
6.006	15	1	0	0	0	216	100	0	1
6.006	15	2	0	0	0	240	100	0	1
6.006	16	1	0	0	0	216	100	0	1
6.006	16	2	0	0	0	240	100	0	1
6.006	17	1	0	0	0	216	100	0	1
6.006	17	2	0	0	0	240	100	0	1
6.006	18	1	0	0	0	216	100	0	1
6.006	18	2	0	0	0	240	100	0	1
6.006	19	1	0	0	0	216	100	0	1
6.006	19	2	0	0	0	240	100	0	1
6.006	20	1	0	0	0	216	100	0	1
6.006	20	2	0	0	0	240	100	0	1
6.006	21	1	0	0	0	216	100	0	1
6.006	21	2	0	0	0	240	100	0	1
6.006	22	1	0	0	0	216	100	0	1
6.006	22	2	0	0	0	240	100	0	1
6.006	23	1	0	0	0	216	100	0	1
6.006	23	2	0	0	0	240	100	0	1
6.006	24	1	0	0	0	216	100	0	1
6.006	24	2	0	0	0	240	100	0	1
6.006	25	1	0	0	0	216	100	0	1
6.006	25	2	0	0	0	240	100	0	1
6.006	26	1	0	0	0	216	100	0	1
6.006	26	2	0	0	0	240	100	0	1
6.006	27	1	0	0	0	216	100	0	1
6.006	27	2	0	0	0	240	100	0	1
6.006	28	1	0	0	0	216	100	0	1
6.006	28	2	0	0	0	240	100	0	1
6.006	29	1	0	0	0	216	100	0	1
6.006	29	2	0	0	0	240	100	0	1
6.006	30	1	0	0	0	216	100	0	1
6.006	30	2	0	0	0	240	100	0	1
6.006	31	1	0	0	0	216	100	0	1
6.006	31	2	0	0	0	240	100	0	1
6.006	32	1	0	0	0	216	100	0	1
6.006	32	2	0	0	0	240	100	0	1
6.006	33	1	0	0	0	216	100	0	1
6.006	33	2	0	0	0	240	100	0	1
6.006	34	1	0	0	0	216	100	0	1
6.006	34	2	0	0	0	240	100	0	1
6.006	35	1	0	0	0	216	100	0	1
6.006	35	2	0	0	0	240	100	0	1
6.006	36	1	0	0	0	216	100	0	1
6.006	36	2	0	0	0	240	100	0	1
6.006	37	1	0	0	0	216	100	0	1
6.006	37	2	0	0	0	240	100	0	1
6.006	38	1	0	0	0	216	100	0	1
6.006	38	2	0	0	0	240	100	0	1
6.006	39	1	0	0	0	216	100	0	1
6.006	39	2	0	0	0	240	100	0	1
6.006	40	1	0	0	0	216	100	0	1
6.006	40	2	0	0	0	240	100	0	1
6.006	41	1	0	0	0	216	100	0	1
6.006	41	2	0	0	0	240	100	0	1
6.006	42	1	0	0	0	216	100	0	1
6.006	42	2	0	0	0	240	100	0	1
6.006	43	1	0	0	0	216	100	0	1
6.006	43	2	0	0	0	240	100	0	1
6.006	44	1	0	0	0	216	100	0	1
6.006	44	2	0	0	0	240	100	0	1
6.006	45	1	0	0	0	216	100	0	1
6.006	45	2	0	0	0	240	100	0	1
6.006	46	1	0	0	0	216	100	0	1
6.006	46	2	0	0	0	240	100	0	1
6.006	47	1	0	0	0	216	100	0	1
6.006	47	2	0	0	0	240	100	0	1
6.006	48	1	0	0	0	216	100	0	1
6.006	48	2	0	0	0	240	100	0	1
6.006	49	1	0	0	0	216	100	0	1
6.006	49	2	0	0	0	240	100	0	1
6.006	50	1	0	0	0	216	100	0	1
6.006	50	2	0	0	0	240	100	0	1
6.006	51	1	0	0	0	216	100	0	1
6.006	51	2	0	0	0	240	100	0	1
6.006	52	1	0	0	0	216	100	0	1
6.006	52	2	0	0	0	240	100	0	1
6.006	53	1	0	0	0	216	100	0	1
6.006	53	2	0	0	0	240	100	0	1
6.006	54	1	0	0	0	216	100	0	1
6.006	54	2	0	0	0	240	100	0	1
6.006	55	1	0	0	0	216	100	0	1
6.006	55	2	0	0	0	240	100	0	1
6.006	56	1	0	0	0	216	100	0	1
6.006	56	2	0	0	0	240	100	0	1
6.006	57	1	0	0	0	216	100	0	1
6.006	57	2	0	0	0	240	100	0	1
6.006	58	1	0	0	0	216	100	0	1
6.006	58	2	0	0	0	240	100	0	1
6.006	59	1	0	0	0	216	100	0	1
6.006	59	2	0	0	0	240	100	0	1
6.006	60	1	0	0	0	216	100	0	1
6.006	60	2	0	0	0	240	100	0	1
6.006	61	1	0	0	0	216	100	0	1
6.006	61	2	0	0	0	240	100	0	1
6.006	62	1	0	0	0	216	100	0	1
6.006	62	2	0	0	0	240	100	0	1
6.006	63	1	0	0	0	216	100	0	1
6.006	63	2	0	0	0	240	100	0	1
6.006	64	1	0	0	0	216	100	0	1
6.006	64	2	0	0	0	240	100	0	1
6.006	65	1	0	0	0	216	100	0	1
6.006	65	2	0	0	0	240	100	0	1
6.509	0	1	0	0	0	216	100	0	1
6.509	0	2	0	0	0	240	100	0	1
6.509	1	1	0	0	0	216	100	0	1
6.509	1	2	0	0	0	240	100	0	1
6.509	2	1	0	0	0	216	100	0	1
6.509	2	2	0	0	0	240	100	0	1
6.509	3	1	0	0	0	216	100	0	1
6.509	3	2	0	0	0	240	100	0	1
6.509	4	1	0	0	0	216	100	0	1
6.509	4	2	0	0	0	240	100	0	1
6.509	5	1	0	0	0	216	100	0	1
6.509	5	2	0	0	0	240	100	0	1
6.509	6	1	0	0	0	216	100	0	1
6.509	6	2	0	0	0	240	100	0	1
6.509	7	1	0	0	0	216	100	0	1
6.509	7	2	0	0	0	240	100	0	1
6.509	8	1	0	0	0	216	100	0	1
6.509	8	2	0	0	0	240	100	0	1
6.509	9	1	0	0	0	216	100	0	1
6.509	9	2	0	0	0	240	100	0	1
6.509	10	1	0	0	0	216	100	0	1
6.509	10	2	0	0	0	240	100	0	1
6.509	11	1	0	0	0	216	100	0	1
6.509	11	2	0	0	0	240	100	0	1
6.509	12	1	0	0	0	216	100	0	1
6.509	12	2	0	0	0	240	100	0	1
6.509	13	1	0	0	0	216	100	0	1
6.509	13	2	0	0	0	240	100	0	1
6.509	14	1	0	0	0	216	100	0	1
6.509	14	2	0	0	0	240	100	0	1
6.509	15	1	0	0	0	216	100	0	1
6.509	15	2	0	0	0	240	100	0	1
6.509	16	1	0	0	0	216	100	0	1
6.509	16	2	0	0	0	240	100	0	1
6.509	17	1	0	0	0	216	100	0	1
6.509	17	2	0	0	0	240	100	0	1
6.509	18	1	0	0	0	216	100	0	1
6.509	18	2	0	0	0	240	100	0	1
6.509	19	1	0	0	0	216	100	0	1
6.509	19	2	0	0	0	240	100	0	1
6.509	20	1	0	0	0	216	100	0	1
6.509	20	2	0	0	0	240	100	0	1
6.509	21	1	0	0	0	216	100	0	1
6.509	21	2	0	0	0	240	100	0	1
6.509	22	1	0	0	0	216	100	0	1
6.509	22	2	0	0	0	240	100	0	1
6.509	23	1	0	0	0	216	100	0	1
6.509	23	2	0	0	0	240	100	0	1
6.509	24	1	0	0	0	216	100	0	1
6.509	24	2	0	0	0	240	100	0	1
6.509	25	1	0	0	0	216	100	0	1
6.509	25	2	0	0	0	240	100	0	1
6.509	26	1	0	0	0	216	100	0	1
6.509	26	2	0	0	0	240	100	0	1
6.509	27	1	0	0	0	216	100	0	1
6.509	27	2	0	0	0	240	100	0	1
6.509	28	1	0	0	0	216	100	0	1
6.509	28	2	0	0	0	240	100	0	1
6.509	29	1	0	0	0	216	100	0	1
6.509	29	2	0	0	0	240	100	0	1
6.509	30	1	0	0	0	216	100	0	1
6.509	30	2	0	0	0	240	100	0	1
6.509	31	1	0	0	0	216	100	0	1
6.509	31	2	0	0	0	240	100	0	1
6.509	32	1	0	0	0	216	100	0	1
6.509	32	2	0	0	0	240	100	0	1
6.509	33	1	0	0	0	216	100	0	1
6.509	33	2	0	0	0	240	100	0	1
6.509	34	1	0	0	0	216	100	0	1
6.509	34	2	0	0	0	240	100	0	1
6.509	35	1	0	0	0	216	100	0	1
6.509	35	2	0	0	0	240	100	0	1
6.509	36	1	0	0	0	216	100	0	1
6.509	36	2	0	0	0	240	100	0	1
6.509	37	1	0	0	0	216	100	0	1
6.509	37	2	0	0	0	240	100	0	1
6.509	38	1	0	0	0	216	100	0	1
6.509	38	2	0	0	0	240	100	0	1
6.509	39	1	0	0	0	216	100	0	1
6.509	39	2	0	0	0	240	100	0	1
6.509	40	1	0	0	0	216	100	0	1
6.509	40	2	0	0	0	240	100	0	1
6.509	41	1	0	0	0	216	100	0	1
6.509	41	2	0	0	0	240	100	0	1
6.509	42	1	0	0	0	216	100	0	1
6.509	42	2	0	0	0	240	100	0	1
6.509	43	1	0	0	0	216	100	0	1
6.509	43	2	0	0	0	240	100	0	1
6.509	44	1	0	0	0	216	100	0	1
6.509	44	2	0	0	0	240	100	0	1
6.509	45	1	0	0	0	216	100	0	1
6.509	45	2	0	0	0	240	100	0	1
6.509	46	1	0	0	0	216	100	0	1
6.509	46	2	0	0	0	240	100	0	1
6.509	47	1	0	0	0	216	100	0	1
6.509	47	2	0	0	0	240	100	0	1
6.509	48	1	0	0	0	216	100	0	1
6.509	48	2	0	0	0	240	100	0	1
6.509	49	1	0	0	0	216	100	0	1
6.509	49	2	0	0	0	240	100	0	1
6.509	50	1	0	0	0	216	100	0	1
6.509	50	2	0	0	0	240	100	0	1
6.509	51	1	0	0	0	216	100	0	1
6.509	51	2	0	0	0	240	100	0	1
6.509	52	1	0	0	0	216	100	0	1
6.509	52	2	0	0	0	240	100	0	1
6.509	53	1	0	0	0	216	100	0	1
6.509	53	2	0	0	0	240	100	0	1
6.509	54	1	0	0	0	216	100	0	1
6.509	54	2	0	0	0	240	100	0	1
6.509	55	1	0	0	0	216	100	0	1
6.509	55	2	0	0	0	240	100	0	1
6.509	56	1	0	0	0	216	100	0	1
6.509	56	2	0	0	0	240	100	0	1
6.509	57	1	0	0	0	216	100	0	1
6.509	57	2	0	0	0	240	100	0	1
6.509	58	1	0	0	0	216	100	0	1
6.509	58	2	0	0	0	240	100	0	1
6.509	59	1	0	0	0	216	100	0	1
6.509	59	2	0	0	0	240	100	0	1
6.509	60	1	0	0	0	216	100	0	1
6.509	60	2	0	0	0	240	100	0	1
6.509	61	1	0	0	0	216	100	0	1
6.509	61	2	0	0	0	240	100	0	1
6.509	62	1	0	0	0	216	100	0	1
6.509	62	2	0	0	0	240	100	0	1
6.509	63	1	0	0	0	216	100	0	1
6.509	63	2	0	0	0	240	100	0	1
6.509	64	1	0	0	0	216	100	0	1
6.509	64	2	0	0	0	240	100	0	1
6.509	65	1	0	0	0	216	100	0	1
6.509	65	2	0	0	0	240	100	0	1
7.012	0	1	0	0	0	216	100	0	1
7.012	0	2	0	0	0	240	100	0	1
7.012	1	1	0	0	0	216	100	0	1
7.012	1	2	0	0	0	240	100	0	1
7.012	2	1	0	0	0	216	100	0	1
7.012	2	2	0	0	0	240	100	0	1
7.012	3	1	0	0	0	216	100	0	1
7.012	3	2	0	0	0	240	100	0	1
7.012	4	1	0	0	0	216	100	0	1
7.012	4	2	0	0	0	240	100	0	1
7.012	5	1	0	0	0	216	100	0	1
7.012	5	2	0	0	0	240	100	0	1
7.012	6	1	0	0	0	216	100	0	1
7.012	6	2	0	0	0	240	100	0	1
7.012	7	1	0	0	0	216	100	0	1
7.012	7	2	0	0	0	240	100	0	1
7.012	8	1	0	0	0	216	100	0	1
7.012	8	2	0	0	0	240	100	0	1
7.012	9	1	0	0	0	216	100	0	1
7.012	9	2	0	0	0	240	100	0	1
7.012	10	1	0	0	0	216	100	0	1
7.012	10	2	0	0	0	240	100	0	1
7.012	11	1	0	0	0	216	100	0	1
7.012	11	2	0	0	0	240	100	0	1
7.012	12	1	0	0	0	216	100	0	1
7.012	12	2	0	0	0	240	100	0	1
7.012	13	1	0	0	0	216	100	0	1
7.012	13	2	0	0	0	240	100	0	1
7.012	14	1	0	0	0	216	100	0	1
7.012	14	2	0	0	0	240	100	0	1
7.012	15	1	0	0	0	216	100	0	1
7.012	15	2	0	0	0	240	100	0	1
7.012	16	1	0	0	0	216	100	0	1
7.012	16	2	0	0	0	240	100	0	1
7.012	17	1	0	0	0	216	100	0	1
7.012	17	2	0	0	0	240	100	0	1
7.012	18	1	0	0	0	216	100	0	1
7.012	18	2	0	0	0	240	100	0	1
7.012	19	1	0	0	0	216	100	0	1
7.012	19	2	0	0	0	240	100	0	1
7.012	20	1	0	0	0	216	100	0	1
7.012	20	2	0	0	0	240	100	0	1
7.012	21	1	0	0	0	216	100	0	1
7.012	21	2	0	0	0	240	100	0	1
7.012	22	1	0	0	0	216	100	0	1
7.012	22	2	0	0	0	240	100	0	1
7.012	23	1	0	0	0	216	100	0	1
7.012	23	2	0	0	0	240	100	0	1
7.012	24	1	0	0	0	216	100	0	1
7.012	24	2	0	0	0	240	100	0	1
7.012	25	1	0	0	0	216	100	0	1
7.012	25	2	0	0	0	240	100	0	1
7.012	26	1	0	0	0	216	100	0	1
7.012	26	2	0	0	0	240	100	0	1
7.012	27	1	0	0	0	216	100	0	1
7.012	27	2	0	0	0	240	100	0	1
7.012	28	1	0	0	0	216	100	0	1
7.012	28	2	0	0	0	240	100	0	1
7.012	29	1	0	0	0	216	100	0	1
7.012	29	2	0	0	0	240	100	0	1
7.012	30	1	0	0	0	216	100	0	1
7.012	30	2	0	0	0	240	100	0	1
7.012	31	1	0	0	0	216	100	0	1
7.012	31	2	0	0	0	240	100	0	1
7.012	32	1	0	0	0	216	100	0	1
7.012	32	2	0	0	0	240	100	0	1
7.012	33	1	0	0	0	216	100	0	1
7.012	33	2	0	0	0	240	100	0	1
7.012	34	1	0	0	0	216	100	0	1
7.012	34	2	0	0	0	240	100	0	1
7.012	35	1	0	0	0	216	100	0	1
7.012	35	2	0	0	0	240	100	0	1
7.012	36	1	0	0	0	216	100	0	1
7.012	36	2	0	0	0	240	100	0	1
7.012	37	1	0	0	0	216	100	0	1
7.012	37	2	0	0	0	240	100	0	1
7.012	38	1	0	0	0	216	100	0	1
7.012	38	2	0	0	0	240	100	0	1
7.012	39	1	0	0	0	216	100	0	1
7.012	39	2	0	0	0	240	100	0	1
7.012	40	1	0	0	0	216	100	0	1
7.012	40	2	0	0	0	240	100	0	1
7.012	41	1	0	0	0	216	100	0	1
7.012	41	2	0	0	0	240	100	0	1
7.012	42	1	0	0	0	216	100	0	1
7.012	42	2	0	0	0	240	100	0	1
7.012	43	1	0	0	0	216	100	0	1
7.012	43	2	0	0	0	240	100	0	1
7.012	44	1	0	0	0	216	100	0	1
7.012	44	2	0	0	0	240	100	0	1
7.012	45	1	0	0	0	216	100	0	1
7.012	45	2	0	0	0	240	100	0	1
7.012	46	1	0	0	0	216	100	0	1
7.012	46	2	0	0	0	240	100	0	1
7.012	47	1	0	0	0	216	100	0	1
7.012	47	2	0	0	0	240	100	0	1
7.012	48	1	0	0	0	216	100	0	1
7.012	48	2	0	0	0	240	100	0	1
7.012	49	1	0	0	0	216	100	0	1
7.012	49	2	0	0	0	240	100	0	1
7.012	50	1	0	0	0	216	100	0	1
7.012	50	2	0	0	0	240	100	0	1
7.012	51	1	0	0	0	216	100	0	1
7.012	51	2	0	0	0	240	100	0	1
7.012	52	1	0	0	0	216	100	0	1
7.012	52	2	0	0	0	240	100	0	1
7.012	53	1	0	0	0	216	100	0	1
7.012	53	2	0	0	0	240	100	0	1
7.012	54	1	0	0	0	216	100	0	1
7.012	54	2	0	0	0	240	100	0	1
7.012	55	1	0	0	0	216	100	0	1
7.012	55	2	0	0	0	240	100	0	1
7.012	56	1	0	0	0	216	100	0	1
7.012	56	2	0	0	0	240	100	0	1
7.012	57	1	0	0	0	216	100	0	1
7.012	57	2	0	0	0	240	100	0	1
7.012	58	1	0	0	0	216	100	0	1
7.012	58	2	0	0	0	240	100	0	1
7.012	59	1	0	0	0	216	100	0	1
7.012	59	2	0	0	0	240	100	0	1
7.012	60	1	0	0	0	216	100	0	1
7.012	60	2	0	0	0	240	100	0	1
7.012	61	1	0	0	0	216	100	0	1
7.012	61	2	0	0	0	240	100	0	1
7.012	62	1	0	0	0	216	100	0	1
7.012	62	2	0	0	0	240	100	0	1
7.012	63	1	0	0	0	216	100	0	1
7.012	63	2	0	0	0	240	100	0	1
7.012	64	1	0	0	0	216	100	0	1
7.012	64	2	0	0	0	240	100	0	1
7.012	65	1	0	0	0	216	100	0	1
7.012	65	2	0	0	0	240	100	0	1
7.515	0	1	0	0	0	216	100	0	1
7.515	0	2	0	0	0	240	100	0	1
7.515	1	1	0	0	0	216	100	0	1
7.515	1	2	0	0	0	240	100	0	1
7.515	2	1	0	0	0	216	100	0	1
7.515	2	2	0	0	0	240	100	0	1
7.515	3	1	0	0	0	216	100	0	1
7.515	3	2	0	0	0	240	100	0	1
7.515	4	1	0	0	0	216	100	0	1
7.515	4	2	0	0	0	240	100	0	1
7.515	5	1	0	0	0	216	100	0	1
7.515	5	2	0	0	0	240	100	0	1
7.515	6	1	0	0	0	216	100	0	1
7.515	6	2	0	0	0	240	100	0	1
7.515	7	1	0	0	0	216	100	0	1
7.515	7	2	0	0	0	240	100	0	1
7.515	8	1	0	0	0	216	100	0	1
7.515	8	2	0	0	0	240	100	0	1
7.515	9	1	0	0	0	216	100	0	1
7.515	9	2	0	0	0	240	100	0	1
7.515	10	1	0	0	0	216	100	0	1
7.515	10	2	0	0	0	240	100	0	1
7.515	11	1	0	0	0	216	100	0	1
7.515	11	2	0	0	0	240	100	0	1
7.515	12	1	0	0	0	216	100	0	1
7.515	12	2	0	0	0	240	100	0	1
7.515	13	1	0	0	0	216	100	0	1
7.515	13	2	0	0	0	240	100	0	1
7.515	14	1	0	0	0	216	100	0	1
7.515	14	2	0	0	0	240	100	0	1
7.515	15	1	0	0	0	216	100	0	1
7.515	15	2	0	0	0	240	100	0	1
7.515	16	1	0	0	0	216	100	0	1
7.515	16	2	0	0	0	240	100	0	1
7.515	17	1	0	0	0	216	100	0	1
7.515	17	2	0	0	0	240	100	0	1
7.515	18	1	0	0	0	216	100	0	1
7.515	18	2	0	0	0	240	100	0	1
7.515	19	1	0	0	0	216	100	0	1
7.515	19	2	0	0	0	240	100	0	1
7.515	20	1	0	0	0	216	100	0	1
7.515	20	2	0	0	0	240	100	0	1
7.515	21	1	0	0	0	216	100	0	1
7.515	21	2	0	0	0	240	100	0	1
7.515	22	1	0	0	0	216	100	0	1
7.515	22	2	0	0	0	240	100	0	1
7.515	23	1	0	0	0	216	100	0	1
7.515	23	2	0	0	0	240	100	0	1
7.515	24	1	0	0	0	216	100	0	1
7.515	24	2	0	0	0	240	100	0	1
7.515	25	1	0	0	0	216	100	0	1
7.515	25	2	0	0	0	240	100	0	1
7.515	26	1	0	0	0	216	100	0	1
7.515	26	2	0	0	0	240	100	0	1
7.515	27	1	0	0	0	216	100	0	1
7.515	27	2	0	0	0	240	100	0	1
7.515	28	1	0	0	0	216	100	0	1
7.515	28	2	0	0	0	240	100	0	1
7.515	29	1	0	0	0	216	100	0	1
7.515	29	2	0	0	0	240	100	0	1
7.515	30	1	0	0	0	216	100	0	1
7.515	30	2	0	0	0	240	100	0	1
7.515	31	1	0	0	0	216	100	0	1
7.515	31	2	0	0	0	240	100	0	1
7.515	32	1	0	0	0	216	100	0	1
7.515	32	2	0	0	0	240	100	0	1
7.515	33	1	0	0	0	216	100	0	1
7.515	33	2	0	0	0	240	100	0	1
7.515	34	1	0	0	0	216	100	0	1
7.515	34	2	0	0	0	240	100	0	1
7.515	35	1	0	0	0	216	100	0	1
7.515	35	2	0	0	0	240	100	0	1
7.515	36	1	0	0	0	216	100	0	1
7.515	36	2	0	0	0	240	100	0	1
7.515	37	1	0	0	0	216	100	0	1
7.515	37	2	0	0	0	240	100	0	1
7.515	38	1	0	0	0	216	100	0	1
7.515	38	2	0	0	0	240	100	0	1
7.515	39	1	0	0	0	216	100	0	1
7.515	39	2	0	0	0	240	100	0	1
7.515	40	1	0	0	0	216	100	0	1
7.515	40	2	0	0	0	240	100	0	1
7.515	41	1	0	0	0	216	100	0	1
7.515	41	2	0	0	0	240	100	0	1
7.515	42	1	0	0	0	216	100	0	1
7.515	42	2	0	0	0	240	100	0	1
7.515	43	1	0	0	0	216	100	0	1
7.515	43	2	0	0	0	240	100	0	1
7.515	44	1	0	0	0	216	100	0	1
7.515	44	2	0	0	0	240	100	0	1
7.515	45	1	0	0	0	216	100	0	1
7.515	45	2	0	0	0	240	100	0	1
7.515	46	1	0	0	0	216	100	0	1
7.515	46	2	0	0	0	240	100	0	1
7.515	47	1	0	0	0	216	100	0	1
7.515	47	2	0	0	0	240	100	0	1
7.515	48	1	0	0	0	216	100	0	1
7.515	48	2	0	0	0	240	100	0	1
7.515	49	1	0	0	0	216	100	0	1
7.515	49	2	0	0	0	240	100	0	1
7.515	50	1	0	0	0	216	100	0	1
7.515	50	2	0	0	0	240	100	0	1
7.515	51	1	0	0	0	216	100	0	1
7.515	51	2	0	0	0	240	100	0	1
7.515	52	1	0	0	0	216	100	0	1
7.515	52	2	0	0	0	240	100	0	1
7.515	53	1	0	0	0	216	100	0	1
7.515	53	2	0	0	0	240	100	0	1
7.515	54	1	0	0	0	216	100	0	1
7.515	54	2	0	0	0	240	100	0	1
7.515	55	1	0	0	0	216	100	0	1
7.515	55	2	0	0	0	240	100	0	1
7.515	56	1	0	0	0	216	100	0	1
7.515	56	2	0	0	0	240	100	0	1
7.515	57	1	0	0	0	216	100	0	1
7.515	57	2	0	0	0	240	100	0	1
7.515	58	1	0	0	0	216	100	0	1
7.515	58	2	0	0	0	240	100	0	1
7.515	59	1	0	0	0	216	100	0	1
7.515	59	2	0	0	0	240	100	0	1
7.515	60	1	0	0	0	216	100	0	1
7.515	60	2	0	0	0	240	100	0	1
7.515	61	1	0	0	0	216	100	0	1
7.515	61	2	0	0	0	240	100	0	1
7.515	62	1	0	0	0	216	100	0	1
7.515	62	2	0	0	0	240	100	0	1
7.515	63	1	0	0	0	216	100	0	1
7.515	63	2	0	0	0	240	100	0	1
7.515	64	1	0	0	0	216	100	0	1
7.515	64	2	0	0	0	240	100	0	1
7.515	65	1	0	0	0	216	100	0	1
7.515	65	2	0	0	0	240	100	0	1
8.018	0	1	0	0	0	216	100	0	1
8.018	0	2	0	0	0	240	100	0	1
8.018	1	1	0	0	0	216	100	0	1
8.018	1	2	0	0	0	240	100	0	1
8.018	2	1	0	0	0	216	100	0	1
8.018	2	2	0	0	0	240	100	0	1
8.018	3	1	0	0	0	216	100	0	1
8.018	3	2	0	0	0	240	100	0	1
8.018	4	1	0	0	0	216	100	0	1
8.018	4	2	0	0	0	240	100	0	1
8.018	5	1	0	0	0	216	100	0	1
8.018	5	2	0	0	0	240	100	0	1
8.018	6	1	0	0	0	216	100	0	1
8.018	6	2	0	0	0	240	100	0	1
8.018	7	1	0	0	0	216	100	0	1
8.018	7	2	0	0	0	240	100	0	1
8.018	8	1	0	0	0	216	100	0	1
8.018	8	2	0	0	0	240	100	0	1
8.018	9	1	0	0	0	216	100	0	1
8.018	9	2	0	0	0	240	100	0	1
8.018	10	1	0	0	0	216	100	0	1
8.018	10	2	0	0	0	240	100	0	1
8.018	11	1	0	0	0	216	100	0	1
8.018	11	2	0	0	0	240	100	0	1
8.018	12	1	0	0	0	216	100	0	1
8.018	12	2	0	0	0	240	100	0	1
8.018	13	1	0	0	0	216	100	0	1
8.018	13	2	0	0	0	240	100	0	1
8.018	14	1	0	0	0	216	100	0	1
8.018	14	2	0	0	0	240	100	0	1
8.018	15	1	0	0	0	216	100	0	1
8.018	15	2	0	0	0	240	100	0	1
8.018	16	1	0	0	0	216	100	0	1
8.018	16	2	0	0	0	240	100	0	1
8.018	17	1	0	0	0	216	100	0	1
8.018	17	2	0	0	0	240	100	0	1
8.018	18	1	0	0	0	216	100	0	1
8.018	18	2	0	0	0	240	100	0	1
8.018	19	1	0	0	0	216	100	0	1
8.018	19	2	0	0	0	240	100	0	1
8.018	20	1	0	0	0	216	100	0	1
8.018	20	2	0	0	0	240	100	0	1
8.018	21	1	0	0	0	216	100	0	1
8.018	21	2	0	0	0	240	100	0	1
8.018	22	1	0	0	0	216	100	0	1
8.018	22	2	0	0	0	240	100	0	1
8.018	23	1	0	0	0	216	100	0	1
8.018	23	2	0	0	0	240	100	0	1
8.018	24	1	0	0	0	216	100	0	1
8.018	24	2	0	0	0	240	100	0	1
8.018	25	1	0	0	0	216	100	0	1
8.018	25	2	0	0	0	240	100	0	1
8.018	26	1	0	0	0	216	100	0	1
8.018	26	2	0	0	0	240	100	0	1
8.018	27	1	0	0	0	216	100	0	1
8.018	27	2	0	0	0	240	100	0	1
8.018	28	1	0	0	0	216	100	0	1
8.018	28	2	0	0	0	240	100	0	1
8.018	29	1	0	0	0	216	100	0	1
8.018	29	2	0	0	0	240	100	0	1
8.018	30	1	0	0	0	216	100	0	1
8.018	30	2	0	0	0	240	100	0	1
8.018	31	1	0	0	0	216	100	0	1
8.018	31	2	0	0	0	240	100	0	1
8.018	32	1	0	0	0	216	100	0	1
8.018	32	2	0	0	0	240	100	0	1
8.018	33	1	0	0	0	216	100	0	1
8.018	33	2	0	0	0	240	100	0	1
8.018	34	1	0	0	0	216	100	0	1
8.018	34	2	0	0	0	240	100	0	1
8.018	35	1	0	0	0	216	100	0	1
8.018	35	2	0	0	0	240	100	0	1
8.018	36	1	0	0	0	216	100	0	1
8.018	36	2	0	0	0	240	100	0	1
8.018	37	1	0	0	0	216	100	0	1
8.018	37	2	0	0	0	240	100	0	1
8.018	38	1	0	0	0	216	100	0	1
8.018	38	2	0	0	0	240	100	0	1
8.018	39	1	0	0	0	216	100	0	1
8.018	39	2	0	0	0	240	100	0	1
8.018	40	1	0	0	0	216	100	0	1
8.018	40	2	0	0	0	240	100	0	1
8.018	41	1	0	0	0	216	100	0	1
8.018	41	2	0	0	0	240	100	0	1
8.018	42	1	0	0	0	216	100	0	1
8.018	42	2	0	0	0	240	100	0	1
8.018	43	1	0	0	0	216	100	0	1
8.018	43	2	0	0	0	240	100	0	1
8.018	44	1	0	0	0	216	100	0	1
8.018	44	2	0	0	0	240	100	0	1
8.018	45	1	0	0	0	216	100	0	1
8.018	45	2	0	0	0	240	100	0	1
8.018	46	1	0	0	0	216	100	0	1
8.018	46	2	0	0	0	240	100	0	1
8.018	47	1	0	0	0	216	100	0	1
8.018	47	2	0	0	0	240	100	0	1
8.018	48	1	0	0	0	216	100	0	1
8.018	48	2	0	0	0	240	100	0	1
8.018	49	1	0	0	0	216	100	0	1
8.018	49	2	0	0	0	240	100	0	1
8.018	50	1	0	0	0	216	100	0	1
8.018	50	2	0	0	0	240	100	0	1
8.018	51	1	0	0	0	216	100	0	1
8.018	51	2	0	0	0	240	100	0	1
8.018	52	1	0	0	0	216	100	0	1
8.018	52	2	0	0	0	240	100	0	1
8.018	53	1	0	0	0	216	100	0	1
8.018	53	2	0	0	0	240	100	0	1
8.018	54	1	0	0	0	216	100	0	1
8.018	54	2	0	0	0	240	100	0	1
8.018	55	1	0	0	0	216	100	0	1
8.018	55	2	0	0	0	240	100	0	1
8.018	56	1	0	0	0	216	100	0	1
8.018	56	2	0	0	0	240	100	0	1
8.018	57	1	0	0	0	216	100	0	1
8.018	57	2	0	0	0	240	100	0	1
8.018	58	1	0	0	0	216	100	0	1
8.018	58	2	0	0	0	240	100	0	1
8.018	59	1	0	0	0	216	100	0	1
8.018	59	2	0	0	0	240	100	0	1
8.018	60	1	0	0	0	216	100	0	1
8.018	60	2	0	0	0	240	100	0	1
8.018	61	1	0	0	0	216	100	0	1
8.018	61	2	0	0	0	240	100	0	1
8.018	62	1	0	0	0	216	100	0	1
8.018	62	2	0	0	0	240	100	0	1
8.018	63	1	0	0	0	216	100	0	1
8.018	63	2	0	0	0	240	100	0	1
8.018	64	1	0	0	0	216	100	0	1
8.018	64	2	0	0	0	240	100	0	1
8.018	65	1	0	0	0	216	100	0	1
8.018	65	2	0	0	0	240	100	0	1
8.521	0	1	0	0	0	216	100	0	1
8.521	0	2	0	0	0	240	100	0	1
8.521	1	1	0	0	0	216	100	0	1
8.521	1	2	0	0	0	240	100	0	1
8.521	2	1	0	0	0	216	100	0	1
8.521	2	2	0	0	0	240	100	0	1
8.521	3	1	0	0	0	216	100	0	1
8.521	3	2	0	0	0	240	100	0	1
8.521	4	1	0	0	0	216	100	0	1
8.521	4	2	0	0	0	240	100	0	1
8.521	5	1	0	0	0	216	100	0	1
8.521	5	2	0	0	0	240	100	0	1
8.521	6	1	0	0	0	216	100	0	1
8.521	6	2	0	0	0	240	100	0	1
8.521	7	1	0	0	0	216	100	0	1
8.521	7	2	0	0	0	240	100	0	1
8.521	8	1	0	0	0	216	100	0	1
8.521	8	2	0	0	0	240	100	0	1
8.521	9	1	0	0	0	216	100	0	1
8.521	9	2	0	0	0	240	100	0	1
8.521	10	1	0	0	0	216	100	0	1
8.521	10	2	0	0	0	240	100	0	1
8.521	11	1	0	0	0	216	100	0	1
8.521	11	2	0	0	0	240	100	0	1
8.521	12	1	0	0	0	216	100	0	1
8.521	12	2	0	0	0	240	100	0	1
8.521	13	1	0	0	0	216	100	0	1
8.521	13	2	0	0	0	240	100	0	1
8.521	14	1	0	0	0	216	100	0	1
8.521	14	2	0	0	0	240	100	0	1
8.521	15	1	0	0	0	216	100	0	1
8.521	15	2	0	0	0	240	100	0	1
8.521	16	1	0	0	0	216	100	0	1
8.521	16	2	0	0	0	240	100	0	1
8.521	17	1	0	0	0	216	100	0	1
8.521	17	2	0	0	0	240	100	0	1
8.521	18	1	0	0	0	216	100	0	1
8.521	18	2	0	0	0	240	100	0	1
8.521	19	1	0	0	0	216	100	0	1
8.521	19	2	0	0	0	240	100	0	1
8.521	20	1	0	0	0	216	100	0	1
8.521	20	2	0	0	0	240	100	0	1
8.521	21	1	0	0	0	216	100	0	1
8.521	21	2	0	0	0	240	100	0	1
8.521	22	1	0	0	0	216	100	0	1
8.521	22	2	0	0	0	240	100	0	1
8.521	23	1	0	0	0	216	100	0	1
8.521	23	2	0	0	0	240	100	0	1
8.521	24	1	0	0	0	216	100	0	1
8.521	24	2	0	0	0	240	100	0	1
8.521	25	1	0	0	0	216	100	0	1
8.521	25	2	0	0	0	240	100	0	1
8.521	26	1	0	0	0	216	100	0	1
8.521	26	2	0	0	0	240	100	0	1
8.521	27	1	0	0	0	216	100	0	1
8.521	27	2	0	0	0	240	100	0	1
8.521	28	1	0	0	0	216	100	0	1
8.521	28	2	0	0	0	240	100	0	1
8.521	29	1	0	0	0	216	100	0	1
8.521	29	2	0	0	0	240	100	0	1
8.521	30	1	0	0	0	216	100	0	1
8.521	30	2	0	0	0	240	100	0	1
8.521	31	1	0	0	0	216	100	0	1
8.521	31	2	0	0	0	240	100	0	1
8.521	32	1	0	0	0	216	100	0	1
8.521	32	2	0	0	0	240	100	0	1
8.521	33	1	0	0	0	216	100	0	1
8.521	33	2	0	0	0	240	100	0	1
8.521	34	1	0	0	0	216	100	0	1
8.521	34	2	0	0	0	240	100	0	1
8.521	35	1	0	0	0	216	100	0	1
8.521	35	2	0	0	0	240	100	0	1
8.521	36	1	0	0	0	216	100	0	1
8.521	36	2	0	0	0	240	100	0	1
8.521	37	1	0	0	0	216	100	0	1
8.521	37	2	0	0	0	240	100	0	1
8.521	38	1	0	0	0	216	100	0	1
8.521	38	2	0	0	0	240	100	0	1
8.521	39	1	0	0	0	216	100	0	1
8.521	39	2	0	0	0	240	100	0	1
8.521	40	1	0	0	0	216	100	0	1
8.521	40	2	0	0	0	240	100	0	1
8.521	41	1	0	0	0	216	100	0	1
8.521	41	2	0	0	0	240	100	0	1
8.521	42	1	0	0	0	216	100	0	1
8.521	42	2	0	0	0	240	100	0	1
8.521	43	1	0	0	0	216	100	0	1
8.521	43	2	0	0	0	240	100	0	1
8.521	44	1	0	0	0	216	100	0	1
8.521	44	2	0	0	0	240	100	0	1
8.521	45	1	0	0	0	216	100	0	1
8.521	45	2	0	0	0	240	100	0	1
8.521	46	1	0	0	0	216	100	0	1
8.521	46	2	0	0	0	240	100	0	1
8.521	47	1	0	0	0	216	100	0	1
8.521	47	2	0	0	0	240	100	0	1
8.521	48	1	0	0	0	216	100	0	1
8.521	48	2	0	0	0	240	100	0	1
8.521	49	1	0	0	0	216	100	0	1
8.521	49	2	0	0	0	240	100	0	1
8.521	50	1	0	0	0	216	100	0	1
8.521	50	2	0	0	0	240	100	0	1
8.521	51	1	0	0	0	216	100	0	1
8.521	51	2	0	0	0	240	100	0	1
8.521	52	1	0	0	0	216	100	0	1
8.521	52	2	0	0	0	240	100	0	1
8.521	53	1	0	0	0	216	100	0	1
8.521	53	2	0	0	0	240	100	0	1
8.521	54	1	0	0	0	216	100	0	1
8.521	54	2	0	0	0	240	100	0	1
8.521	55	1	0	0	0	216	100	0	1
8.521	55	2	0	0	0	240	100	0	1
8.521	56	1	0	0	0	216	100	0	1
8.521	56	2	0	0	0	240	100	0	1
8.521	57	1	0	0	0	216	100	0	1
8.521	57	2	0	0	0	240	100	0	1
8.521	58	1	0	0	0	216	100	0	1
8.521	58	2	0	0	0	240	100	0	1
8.521	59	1	0	0	0	216	100	0	1
8.521	59	2	0	0	0	240	100	0	1
8.521	60	1	0	0	0	216	100	0	1
8.521	60	2	0	0	0	240	100	0	1
8.521	61	1	0	0	0	216	100	0	1
8.521	61	2	0	0	0	240	100	0	1
8.521	62	1	0	0	0	216	100	0	1
8.521	62	2	0	0	0	240	100	0	1
8.521	63	1	0	0	0	216	100	0	1
8.521	63	2	0	0	0	240	100	0	1
8.521	64	1	0	0	0	216	100	0	1
8.521	64	2	0	0	0	240	100	0	1
8.521	65	1	0	0	0	216	100	0	1
8.521	65	2	0	0	0	240	100	0	1
9.024	0	1	0	0	0	216	100	0	1
9.024	0	2	0	0	0	240	100	0	1
9.024	1	1	0	0	0	216	100	0	1
9.024	1	2	0	0	0	240	100	0	1
9.024	2	1	0	0	0	216	100	0	1
9.024	2	2	0	0	0	240	100	0	1
9.024	3	1	0	0	0	216	100	0	1
9.024	3	2	0	0	0	240	100	0	1
9.024	4	1	0	0	0	216	100	0	1
9.024	4	2	0	0	0	240	100	0	1
9.024	5	1	0	0	0	216	100	0	1
9.024	5	2	0	0	0	240	100	0	1
9.024	6	1	0	0	0	216	100	0	1
9.024	6	2	0	0	0	240	100	0	1
9.024	7	1	0	0	0	216	100	0	1
9.024	7	2	0	0	0	240	100	0	1
9.024	8	1	0	0	0	216	100	0	1
9.024	8	2	0	0	0	240	100	0	1
9.024	9	1	0	0	0	216	100	0	1
9.024	9	2	0	0	0	240	100	0	1
9.024	10	1	0	0	0	216	100	0	1
9.024	10	2	0	0	0	240	100	0	1
9.024	11	1	0	0	0	216	100	0	1
9.024	11	2	0	0	0	240	100	0	1
9.024	12	1	0	0	0	216	100	0	1
9.024	12	2	0	0	0	240	100	0	1
9.024	13	1	0	0	0	216	100	0	1
9.024	13	2	0	0	0	240	100	0	1
9.024	14	1	0	0	0	216	100	0	1
9.024	14	2	0	0	0	240	100	0	1
9.024	15	1	0	0	0	216	100	0	1
9.024	15	2	0	0	0	240	100	0	1
9.024	16	1	0	0	0	216	100	0	1
9.024	16	2	0	0	0	240	100	0	1
9.024	17	1	0	0	0	216	100	0	1
9.024	17	2	0	0	0	240	100	0	1
9.024	18	1	0	0	0	216	100	0	1
9.024	18	2	0	0	0	240	100	0	1
9.024	19	1	0	0	0	216	100	0	1
9.024	19	2	0	0	0	240	100	0	1
9.024	20	1	0	0	0	216	100	0	1
9.024	20	2	0	0	0	240	100	0	1
9.024	21	1	0	0	0	216	100	0	1
9.024	21	2	0	0	0	240	100	0	1
9.024	22	1	0	0	0	216	100	0	1
9.024	22	2	0	0	0	240	100	0	1
9.024	23	1	0	0	0	216	100	0	1
9.024	23	2	0	0	0	240	100	0	1
9.024	24	1	0	0	0	216	100	0	1
9.024	24	2	0	0	0	240	100	0	1
9.024	25	1	0	0	0	216	100	0	1
9.024	25	2	0	0	0	240	100	0	1
9.024	26	1	0	0	0	216	100	0	1
9.024	26	2	0	0	0	240	100	0	1
9.024	27	1	0	0	0	216	100	0	1
9.024	27	2	0	0	0	240	100	0	1
9.024	28	1	0	0	0	216	100	0	1
9.024	28	2	0	0	0	240	100	0	1
9.024	29	1	0	0	0	216	100	0	1
9.024	29	2	0	0	0	240	100	0	1
9.024	30	1	0	0	0	216	100	0	1
9.024	30	2	0	0	0	240	100	0	1
9.024	31	1	0	0	0	216	100	0	1
9.024	31	2	0	0	0	240	100	0	1
9.024	32	1	0	0	0	216	100	0	1
9.024	32	2	0	0	0	240	100	0	1
9.024	33	1	0	0	0	216	100	0	1
9.024	33	2	0	0	0	240	100	0	1
9.024	34	1	0	0	0	216	100	0	1
9.024	34	2	0	0	0	240	100	0	1
9.024	35	1	0	0	0	216	100	0	1
9.024	35	2	0	0	0	240	100	0	1
9.024	36	1	0	0	0	216	100	0	1
9.024	36	2	0	0	0	240	100	0	1
9.024	37	1	0	0	0	216	100	0	1
9.024	37	2	0	0	0	240	100	0	1
9.024	38	1	0	0	0	216	100	0	1
9.024	38	2	0	0	0	240	100	0	1
9.024	39	1	0	0	0	216	100	0	1
9.024	39	2	0	0	0	240	100	0	1
9.024	40	1	0	0	0	216	100	0	1
9.024	40	2	0	0	0	240	100	0	1
9.024	41	1	0	0	0	216	100	0	1
9.024	41	2	0	0	0	240	100	0	1
9.024	42	1	0	0	0	216	100	0	1
9.024	42	2	0	0	0	240	100	0	1
9.024	43	1	0	0	0	216	100	0	1
9.024	43	2	0	0	0	240	100	0	1
9.024	44	1	0	0	0	216	100	0	1
9.024	44	2	0	0	0	240	100	0	1
9.024	45	1	0	0	0	216	100	0	1
9.024	45	2	0	0	0	240	100	0	1
9.024	46	1	0	0	0	216	100	0	1
9.024	46	2	0	0	0	240	100	0	1
9.024	47	1	0	0	0	216	100	0	1
9.024	47	2	0	0	0	240	100	0	1
9.024	48	1	0	0	0	216	100	0	1
9.024	48	2	0	0	0	240	100	0	1
9.024	49	1	0	0	0	216	100	0	1
9.024	49	2	0	0	0	240	100	0	1
9.024	50	1	0	0	0	216	100	0	1
9.024	50	2	0	0	0	240	100	0	1
9.024	51	1	0	0	0	216	100	0	1
9.024	51	2	0	0	0	240	100	0	1
9.024	52	1	0	0	0	216	100	0	1
9.024	52	2	0	0	0	240	100	0	1
9.024	53	1	0	0	0	216	100	0	1
9.024	53	2	0	0	0	240	100	0	1
9.024	54	1	0	0	0	216	100	0	1
9.024	54	2	0	0	0	240	100	0	1
9.024	55	1	0	0	0	216	100	0	1
9.024	55	2	0	0	0	240	100	0	1
9.024	56	1	0	0	0	216	100	0	1
9.024	56	2	0	0	0	240	100	0	1
9.024	57	1	0	0	0	216	100	0	1
9.024	57	2	0	0	0	240	100	0	1
9.024	58	1	0	0	0	216	100	0	1
9.024	58	2	0	0	0	240	100	0	1
9.024	59	1	0	0	0	216	100	0	1
9.024	59	2	0	0	0	240	100	0	1
9.024	60	1	0	0	0	216	100	0	1
9.024	60	2	0	0	0	240	100	0	1
9.024	61	1	0	0	0	216	100	0	1
9.024	61	2	0	0	0	240	100	0	1
9.024	62	1	0	0	0	216	100	0	1
9.024	62	2	0	0	0	240	100	0	1
9.024	63	1	0	0	0	216	100	0	1
9.024	63	2	0	0	0	240	100	0	1
9.024	64	1	0	0	0	216	100	0	1
9.024	64	2	0	0	0	240	100	0	1
9.024	65	1	0	0	0	216	100	0	1
9.024	65	2	0	0	0	240	100	0	1
9.527	0	1	0	0	0	216	100	0	1
9.527	0	2	0	0	0	240	100	0	1
9.527	1	1	0	0	0	216	100	0	1
9.527	1	2	0	0	0	240	100	0	1
9.527	2	1	0	0	0	216	100	0	1
9.527	2	2	0	0	0	240	100	0	1
9.527	3	1	0	0	0	216	100	0	1
9.527	3	2	0	0	0	240	100	0	1
9.527	4	1	0	0	0	216	100	0	1
9.527	4	2	0	0	0	240	100	0	1
9.527	5	1	0	0	0	216	100	0	1
9.527	5	2	0	0	0	240	100	0	1
9.527	6	1	0	0	0	216	100	0	1
9.527	6	2	0	0	0	240	100	0	1
9.527	7	1	0	0	0	216	100	0	1
9.527	7	2	0	0	0	240	100	0	1
9.527	8	1	0	0	0	216	100	0	1
9.527	8	2	0	0	0	240	100	0	1
9.527	9	1	0	0	0	216	100	0	1
9.527	9	2	0	0	0	240	100	0	1
9.527	10	1	0	0	0	216	100	0	1
9.527	10	2	0	0	0	240	100	0	1
9.527	11	1	0	0	0	216	100	0	1
9.527	11	2	0	0	0	240	100	0	1
9.527	12	1	0	0	0	216	100	0	1
9.527	12	2	0	0	0	240	100	0	1
9.527	13	1	0	0	0	216	100	0	1
9.527	13	2	0	0	0	240	100	0	1
9.527	14	1	0	0	0	216	100	0	1
9.527	14	2	0	0	0	240	100	0	1
9.527	15	1	0	0	0	216	100	0	1
9.527	15	2	0	0	0	240	100	0	1
9.527	16	1	0	0	0	216	100	0	1
9.527	16	2	0	0	0	240	100	0	1
9.527	17	1	0	0	0	216	100	0	1
9.527	17	2	0	0	0	240	100	0	1
9.527	18	1	0	0	0	216	100	0	1
9.527	18	2	0	0	0	240	100	0	1
9.527	19	1	0	0	0	216	100	0	1
9.527	19	2	0	0	0	240	100	0	1
9.527	20	1	0	0	0	216	100	0	1
9.527	20	2	0	0	0	240	100	0	1
9.527	21	1	0	0	0	216	100	0	1
9.527	21	2	0	0	0	240	100	0	1
9.527	22	1	0	0	0	216	100	0	1
9.527	22	2	0	0	0	240	100	0	1
9.527	23	1	0	0	0	216	100	0	1
9.527	23	2	0	0	0	240	100	0	1
9.527	24	1	0	0	0	216	100	0	1
9.527	24	2	0	0	0	240	100	0	1
9.527	25	1	0	0	0	216	100	0	1
9.527	25	2	0	0	0	240	100	0	1
9.527	26	1	0	0	0	216	100	0	1
9.527	26	2	0	0	0	240	100	0	1
9.527	27	1	0	0	0	216	100	0	1
9.527	27	2	0	0	0	240	100	0	1
9.527	28	1	0	0	0	216	100	0	1
9.527	28	2	0	0	0	240	100	0	1
9.527	29	1	0	0	0	216	100	0	1
9.527	29	2	0	0	0	240	100	0	1
9.527	30	1	0	0	0	216	100	0	1
9.527	30	2	0	0	0	240	100	0	1
9.527	31	1	0	0	0	216	100	0	1
9.527	31	2	0	0	0	240	100	0	1
9.527	32	1	0	0	0	216	100	0	1
9.527	32	2	0	0	0	240	100	0	1
9.527	33	1	0	0	0	216	100	0	1
9.527	33	2	0	0	0	240	100	0	1
9.527	34	1	0	0	0	216	100	0	1
9.527	34	2	0	0	0	240	100	0	1
9.527	35	1	0	0	0	216	100	0	1
9.527	35	2	0	0	0	240	100	0	1
9.527	36	1	0	0	0	216	100	0	1
9.527	36	2	0	0	0	240	100	0	1
9.527	37	1	0	0	0	216	100	0	1
9.527	37	2	0	0	0	240	100	0	1
9.527	38	1	0	0	0	216	100	0	1
9.527	38	2	0	0	0	240	100	0	1
9.527	39	1	0	0	0	216	100	0	1
9.527	39	2	0	0	0	240	100	0	1
9.527	40	1	0	0	0	216	100	0	1
9.527	40	2	0	0	0	240	100	0	1
9.527	41	1	0	0	0	216	100	0	1
9.527	41	2	0	0	0	240	100	0	1
9.527	42	1	0	0	0	216	100	0	1
9.527	42	2	0	0	0	240	100	0	1
9.527	43	1	0	0	0	216	100	0	1
9.527	43	2	0	0	0	240	100	0	1
9.527	44	1	0	0	0	216	100	0	1
9.527	44	2	0	0	0	240	100	0	1
9.527	45	1	0	0	0	216	100	0	1
9.527	45	2	0	0	0	240	100	0	1
9.527	46	1	0	0	0	216	100	0	1
9.527	46	2	0	0	0	240	100	0	1
9.527	47	1	0	0	0	216	100	0	1
9.527	47	2	0	0	0	240	100	0	1
9.527	48	1	0	0	0	216	100	0	1
9.527	48	2	0	0	0	240	100	0	1
9.527	49	1	0	0	0	216	100	0	1
9.527	49	2	0	0	0	240	100	0	1
9.527	50	1	0	0	0	216	100	0	1
9.527	50	2	0	0	0	240	100	0	1
9.527	51	1	0	0	0	216	100	0	1
9.527	51	2	0	0	0	240	100	0	1
9.527	52	1	0	0	0	216	100	0	1
9.527	52	2	0	0	0	240	100	0	1
9.527	53	1	0	0	0	216	100	0	1
9.527	53	2	0	0	0	240	100	0	1
9.527	54	1	0	0	0	216	100	0	1
9.527	54	2	0	0	0	240	100	0	1
9.527	55	1	0	0	0	216	100	0	1
9.527	55	2	0	0	0	240	100	0	1
9.527	56	1	0	0	0	216	100	0	1
9.527	56	2	0	0	0	240	100	0	1
9.527	57	1	0	0	0	216	100	0	1
9.527	57	2	0	0	0	240	100	0	1
9.527	58	1	0	0	0	216	100	0	1
9.527	58	2	0	0	0	240	100	0	1
9.527	59	1	0	0	0	216	100	0	1
9.527	59	2	0	0	0	240	100	0	1
9.527	60	1	0	0	0	216	100	0	1
9.527	60	2	0	0	0	240	100	0	1
9.527	61	1	0	0	0	216	100	0	1
9.527	61	2	0	0	0	240	100	0	1
9.527	62	1	0	0	0	216	100	0	1
9.527	62	2	0	0	0	240	100	0	1
9.527	63	1	0	0	0	216	100	0	1
9.527	63	2	0	0	0	240	100	0	1
9.527	64	1	0	0	0	216	100	0	1
9.527	64	2	0	0	0	240	100	0	1
9.527	65	1	0	0	0	216	100	0	1
9.527	65	2	0	0	0	240	100	0	1
10.03	0	1	0	0	0	216	100	0	1
10.03	0	2	0	0	0	240	100	0	1
10.03	1	1	0	0	0	216	100	0	1
10.03	1	2	0	0	0	240	100	0	1
10.03	2	1	0	0	0	216	100	0	1
10.03	2	2	0	0	0	240	100	0	1
10.03	3	1	0	0	0	216	100	0	1
10.03	3	2	0	0	0	240	100	0	1
10.03	4	1	0	0	0	216	100	0	1
10.03	4	2	0	0	0	240	100	0	1
10.03	5	1	0	0	0	216	100	0	1
10.03	5	2	0	0	0	240	100	0	1
10.03	6	1	0	0	0	216	100	0	1
10.03	6	2	0	0	0	240	100	0	1
10.03	7	1	0	0	0	216	100	0	1
10.03	7	2	0	0	0	240	100	0	1
10.03	8	1	0	0	0	216	100	0	1
10.03	8	2	0	0	0	240	100	0	1
10.03	9	1	0	0	0	216	100	0	1
10.03	9	2	0	0	0	240	100	0	1
10.03	10	1	0	0	0	216	100	0	1
10.03	10	2	0	0	0	240	100	0	1
10.03	11	1	0	0	0	216	100	0	1
10.03	11	2	0	0	0	240	100	0	1
10.03	12	1	0	0	0	216	100	0	1
10.03	12	2	0	0	0	240	100	0	1
10.03	13	1	0	0	0	216	100	0	1
10.03	13	2	0	0	0	240	100	0	1
10.03	14	1	0	0	0	216	100	0	1
10.03	14	2	0	0	0	240	100	0	1
10.03	15	1	0	0	0	216	100	0	1
10.03	15	2	0	0	0	240	100	0	1
10.03	16	1	0	0	0	216	100	0	1
10.03	16	2	0	0	0	240	100	0	1
10.03	17	1	0	0	0	216	100	0	1
10.03	17	2	0	0	0	240	100	0	1
10.03	18	1	0	0	0	216	100	0	1
10.03	18	2	0	0	0	240	100	0	1
10.03	19	1	0	0	0	216	100	0	1
10.03	19	2	0	0	0	240	100	0	1
10.03	20	1	0	0	0	216	100	0	1
10.03	20	2	0	0	0	240	100	0	1
10.03	21	1	0	0	0	216	100	0	1
10.03	21	2	0	0	0	240	100	0	1
10.03	22	1	0	0	0	216	100	0	1
10.03	22	2	0	0	0	240	100	0	1
10.03	23	1	0	0	0	216	100	0	1
10.03	23	2	0	0	0	240	100	0	1
10.03	24	1	0	0	0	216	100	0	1
10.03	24	2	0	0	0	240	100	0	1
10.03	25	1	0	0	0	216	100	0	1
10.03	25	2	0	0	0	240	100	0	1
10.03	26	1	0	0	0	216	100	0	1
10.03	26	2	0	0	0	240	100	0	1
10.03	27	1	0	0	0	216	100	0	1
10.03	27	2	0	0	0	240	100	0	1
10.03	28	1	0	0	0	216	100	0	1
10.03	28	2	0	0	0	240	100	0	1
10.03	29	1	0	0	0	216	100	0	1
10.03	29	2	0	0	0	240	100	0	1
10.03	30	1	0	0	0	216	100	0	1
10.03	30	2	0	0	0	240	100	0	1
10.03	31	1	0	0	0	216	100	0	1
10.03	31	2	0	0	0	240	100	0	1
10.03	32	1	0	0	0	216	100	0	1
10.03	32	2	0	0	0	240	100	0	1
10.03	33	1	0	0	0	216	100	0	1
10.03	33	2	0	0	0	240	100	0	1
10.03	34	1	0	0	0	216	100	0	1
10.03	34	2	0	0	0	240	100	0	1
10.03	35	1	0	0	0	216	100	0	1
10.03	35	2	0	0	0	240	100	0	1
10.03	36	1	0	0	0	216	100	0	1
10.03	36	2	0	0	0	240	100	0	1
10.03	37	1	0	0	0	216	100	0	1
10.03	37	2	0	0	0	240	100	0	1
10.03	38	1	0	0	0	216	100	0	1
10.03	38	2	0	0	0	240	100	0	1
10.03	39	1	0	0	0	216	100	0	1
10.03	39	2	0	0	0	240	100	0	1
10.03	40	1	0	0	0	216	100	0	1
10.03	40	2	0	0	0	240	100	0	1
10.03	41	1	0	0	0	216	100	0	1
10.03	41	2	0	0	0	240	100	0	1
10.03	42	1	0	0	0	216	100	0	1
10.03	42	2	0	0	0	240	100	0	1
10.03	43	1	0	0	0	216	100	0	1
10.03	43	2	0	0	0	240	100	0	1
10.03	44	1	0	0	0	216	100	0	1
10.03	44	2	0	0	0	240	100	0	1
10.03	45	1	0	0	0	216	100	0	1
10.03	45	2	0	0	0	240	100	0	1
10.03	46	1	0	0	0	216	100	0	1
10.03	46	2	0	0	0	240	100	0	1
10.03	47	1	0	0	0	216	100	0	1
10.03	47	2	0	0	0	240	100	0	1
10.03	48	1	0	0	0	216	100	0	1
10.03	48	2	0	0	0	240	100	0	1
10.03	49	1	0	0	0	216	100	0	1
10.03	49	2	0	0	0	240	100	0	1
10.03	50	1	0	0	0	216	100	0	1
10.03	50	2	0	0	0	240	100	0	1
10.03	51	1	0	0	0	216	100	0	1
10.03	51	2	0	0	0	240	100	0	1
10.03	52	1	0	0	0	216	100	0	1
10.03	52	2	0	0	0	240	100	0	1
10.03	53	1	0	0	0	216	100	0	1
10.03	53	2	0	0	0	240	100	0	1
10.03	54	1	0	0	0	216	100	0	1
10.03	54	2	0	0	0	240	100	0	1
10.03	55	1	0	0	0	216	100	0	1
10.03	55	2	0	0	0	240	100	0	1
10.03	56	1	0	0	0	216	100	0	1
10.03	56	2	0	0	0	240	100	0	1
10.03	57	1	0	0	0	216	100	0	1
10.03	57	2	0	0	0	240	100	0	1
10.03	58	1	0	0	0	216	100	0	1
10.03	58	2	0	0	0	240	100	0	1
10.03	59	1	0	0	0	216	100	0	1
10.03	59	2	0	0	0	240	100	0	1
10.03	60	1	0	0	0	216	100	0	1
10.03	60	2	0	0	0	240	100	0	1
10.03	61	1	0	0	0	216	100	0	1
10.03	61	2	0	0	0	240	100	0	1
10.03	62	1	0	0	0	216	100	0	1
10.03	62	2	0	0	0	240	100	0	1
10.03	63	1	0	0	0	216	100	0	1
10.03	63	2	0	0	0	240	100	0	1
10.03	64	1	0	0	0	216	100	0	1
10.03	64	2	0	0	0	240	100	0	1
10.03	65	1	0	0	0	216	100	0	1
10.03	65	2	0	0	0	240	100	0	1
10.533	0	1	0	0	0	216	100	0	1
10.533	0	2	0	0	0	240	100	0	1
10.533	1	1	0	0	0	216	100	0	1
10.533	1	2	0	0	0	240	100	0	1
10.533	2	1	0	0	0	216	100	0	1
10.533	2	2	0	0	0	240	100	0	1
10.533	3	1	0	0	0	216	100	0	1
10.533	3	2	0	0	0	240	100	0	1
10.533	4	1	0	0	0	216	100	0	1
10.533	4	2	0	0	0	240	100	0	1
10.533	5	1	0	0	0	216	100	0	1
10.533	5	2	0	0	0	240	100	0	1
10.533	6	1	0	0	0	216	100	0	1
10.533	6	2	0	0	0	240	100	0	1
10.533	7	1	0	0	0	216	100	0	1
10.533	7	2	0	0	0	240	100	0	1
10.533	8	1	0	0	0	216	100	0	1
10.533	8	2	0	0	0	240	100	0	1
10.533	9	1	0	0	0	216	100	0	1
10.533	9	2	0	0	0	240	100	0	1
10.533	10	1	0	0	0	216	100	0	1
10.533	10	2	0	0	0	240	100	0	1
10.533	11	1	0	0	0	216	100	0	1
10.533	11	2	0	0	0	240	100	0	1
10.533	12	1	0	0	0	216	100	0	1
10.533	12	2	0	0	0	240	100	0	1
10.533	13	1	0	0	0	216	100	0	1
10.533	13	2	0	0	0	240	100	0	1
10.533	14	1	0	0	0	216	100	0	1
10.533	14	2	0	0	0	240	100	0	1
10.533	15	1	0	0	0	216	100	0	1
10.533	15	2	0	0	0	240	100	0	1
10.533	16	1	0	0	0	216	100	0	1
10.533	16	2	0	0	0	240	100	0	1
10.533	17	1	0	0	0	216	100	0	1
10.533	17	2	0	0	0	240	100	0	1
10.533	18	1	0	0	0	216	100	0	1
10.533	18	2	0	0	0	240	100	0	1
10.533	19	1	0	0	0	216	100	0	1
10.533	19	2	0	0	0	240	100	0	1
10.533	20	1	0	0	0	216	100	0	1
10.533	20	2	0	0	0	240	100	0	1
10.533	21	1	0	0	0	216	100	0	1
10.533	21	2	0	0	0	240	100	0	1
10.533	22	1	0	0	0	216	100	0	1
10.533	22	2	0	0	0	240	100	0	1
10.533	23	1	0	0	0	216	100	0	1
10.533	23	2	0	0	0	240	100	0	1
10.533	24	1	0	0	0	216	100	0	1
10.533	24	2	0	0	0	240	100	0	1
10.533	25	1	0	0	0	216	100	0	1
10.533	25	2	0	0	0	240	100	0	1
10.533	26	1	0	0	0	216	100	0	1
10.533	26	2	0	0	0	240	100	0	1
10.533	27	1	0	0	0	216	100	0	1
10.533	27	2	0	0	0	240	100	0	1
10.533	28	1	0	0	0	216	100	0	1
10.533	28	2	0	0	0	240	100	0	1
10.533	29	1	0	0	0	216	100	0	1
10.533	29	2	0	0	0	240	100	0	1
10.533	30	1	0	0	0	216	100	0	1
10.533	30	2	0	0	0	240	100	0	1
10.533	31	1	0	0	0	216	100	0	1
10.533	31	2	0	0	0	240	100	0	1
10.533	32	1	0	0	0	216	100	0	1
10.533	32	2	0	0	0	240	100	0	1
10.533	33	1	0	0	0	216	100	0	1
10.533	33	2	0	0	0	240	100	0	1
10.533	34	1	0	0	0	216	100	0	1
10.533	34	2	0	0	0	240	100	0	1
10.533	35	1	0	0	0	216	100	0	1
10.533	35	2	0	0	0	240	100	0	1
10.533	36	1	0	0	0	216	100	0	1
10.533	36	2	0	0	0	240	100	0	1
10.533	37	1	0	0	0	216	100	0	1
10.533	37	2	0	0	0	240	100	0	1
10.533	38	1	0	0	0	216	100	0	1
10.533	38	2	0	0	0	240	100	0	1
10.533	39	1	0	0	0	216	100	0	1
10.533	39	2	0	0	0	240	100	0	1
10.533	40	1	0	0	0	216	100	0	1
10.533	40	2	0	0	0	240	100	0	1
10.533	41	1	0	0	0	216	100	0	1
10.533	41	2	0	0	0	240	100	0	1
10.533	42	1	0	0	0	216	100	0	1
10.533	42	2	0	0	0	240	100	0	1
10.533	43	1	0	0	0	216	100	0	1
10.533	43	2	0	0	0	240	100	0	1
10.533	44	1	0	0	0	216	100	0	1
10.533	44	2	0	0	0	240	100	0	1
10.533	45	1	0	0	0	216	100	0	1
10.533	45	2	0	0	0	240	100	0	1
10.533	46	1	0	0	0	216	100	0	1
10.533	46	2	0	0	0	240	100	0	1
10.533	47	1	0	0	0	216	100	0	1
10.533	47	2	0	0	0	240	100	0	1
10.533	48	1	0	0	0	216	100	0	1
10.533	48	2	0	0	0	240	100	0	1
10.533	49	1	0	0	0	216	100	0	1
10.533	49	2	0	0	0	240	100	0	1
10.533	50	1	0	0	0	216	100	0	1
10.533	50	2	0	0	0	240	100	0	1
10.533	51	1	0	0	0	216	100	0	1
10.533	51	2	0	0	0	240	100	0	1
10.533	52	1	0	0	0	216	100	0	1
10.533	52	2	0	0	0	240	100	0	1
10.533	53	1	0	0	0	216	100	0	1
10.533	53	2	0	0	0	240	100	0	1
10.533	54	1	0	0	0	216	100	0	1
10.533	54	2	0	0	0	240	100	0	1
10.533	55	1	0	0	0	216	100	0	1
10.533	55	2	0	0	0	240	100	0	1
10.533	56	1	0	0	0	216	100	0	1
10.533	56	2	0	0	0	240	100	0	1
10.533	57	1	0	0	0	216	100	0	1
10.533	57	2	0	0	0	240	100	0	1
10.533	58	1	0	0	0	216	100	0	1
10.533	58	2	0	0	0	240	100	0	1
10.533	59	1	0	0	0	216	100	0	1
10.533	59	2	0	0	0	240	100	0	1
10.533	60	1	0	0	0	216	100	0	1
10.533	60	2	0	0	0	240	100	0	1
10.533	61	1	0	0	0	216	100	0	1
10.533	61	2	0	0	0	240	100	0	1
10.533	62	1	0	0	0	216	100	0	1
10.533	62	2	0	0	0	240	100	0	1
10.533	63	1	0	0	0	216	100	0	1
10.533	63	2	0	0	0	240	100	0	1
10.533	64	1	0	0	0	216	100	0	1
10.533	64	2	0	0	0	240	100	0	1
10.533	65	1	0	0	0	216	100	0	1
10.533	65	2	0	0	0	240	100	0	1
11.036	0	1	0	0	0	216	100	0	1
11.036	0	2	0	0	0	240	100	0	1
11.036	1	1	0	0	0	216	100	0	1
11.036	1	2	0	0	0	240	100	0	1
11.036	2	1	0	0	0	216	100	0	1
11.036	2	2	0	0	0	240	100	0	1
11.036	3	1	0	0	0	216	100	0	1
11.036	3	2	0	0	0	240	100	0	1
11.036	4	1	0	0	0	216	100	0	1
11.036	4	2	0	0	0	240	100	0	1
11.036	5	1	0	0	0	216	100	0	1
11.036	5	2	0	0	0	240	100	0	1
11.036	6	1	0	0	0	216	100	0	1
11.036	6	2	0	0	0	240	100	0	1
11.036	7	1	0	0	0	216	100	0	1
11.036	7	2	0	0	0	240	100	0	1
11.036	8	1	0	0	0	216	100	0	1
11.036	8	2	0	0	0	240	100	0	1
11.036	9	1	0	0	0	216	100	0	1
11.036	9	2	0	0	0	240	100	0	1
11.036	10	1	0	0	0	216	100	0	1
11.036	10	2	0	0	0	240	100	0	1
11.036	11	1	0	0	0	216	100	0	1
11.036	11	2	0	0	0	240	100	0	1
11.036	12	1	0	0	0	216	100	0	1
11.036	12	2	0	0	0	240	100	0	1
11.036	13	1	0	0	0	216	100	0	1
11.036	13	2	0	0	0	240	100	0	1
11.036	14	1	0	0	0	216	100	0	1
11.036	14	2	0	0	0	240	100	0	1
11.036	15	1	0	0	0	216	100	0	1
11.036	15	2	0	0	0	240	100	0	1
11.036	16	1	0	0	0	216	100	0	1
11.036	16	2	0	0	0	240	100	0	1
11.036	17	1	0	0	0	216	100	0	1
11.036	17	2	0	0	0	240	100	0	1
11.036	18	1	0	0	0	216	100	0	1
11.036	18	2	0	0	0	240	100	0	1
11.036	19	1	0	0	0	216	100	0	1
11.036	19	2	0	0	0	240	100	0	1
11.036	20	1	0	0	0	216	100	0	1
11.036	20	2	0	0	0	240	100	0	1
11.036	21	1	0	0	0	216	100	0	1
11.036	21	2	0	0	0	240	100	0	1
11.036	22	1	0	0	0	216	100	0	1
11.036	22	2	0	0	0	240	100	0	1
11.036	23	1	0	0	0	216	100	0	1
11.036	23	2	0	0	0	240	100	0	1
11.036	24	1	0	0	0	216	100	0	1
11.036	24	2	0	0	0	240	100	0	1
11.036	25	1	0	0	0	216	100	0	1
11.036	25	2	0	0	0	240	100	0	1
11.036	26	1	0	0	0	216	100	0	1
11.036	26	2	0	0	0	240	100	0	1
11.036	27	1	0	0	0	216	100	0	1
11.036	27	2	0	0	0	240	100	0	1
11.036	28	1	0	0	0	216	100	0	1
11.036	28	2	0	0	0	240	100	0	1
11.036	29	1	0	0	0	216	100	0	1
11.036	29	2	0	0	0	240	100	0	1
11.036	30	1	0	0	0	216	100	0	1
11.036	30	2	0	0	0	240	100	0	1
11.036	31	1	0	0	0	216	100	0	1
11.036	31	2	0	0	0	240	100	0	1
11.036	32	1	0	0	0	216	100	0	1
11.036	32	2	0	0	0	240	100	0	1
11.036	33	1	0	0	0	216	100	0	1
11.036	33	2	0	0	0	240	100	0	1
11.036	34	1	0	0	0	216	100	0	1
11.036	34	2	0	0	0	240	100	0	1
11.036	35	1	0	0	0	216	100	0	1
11.036	35	2	0	0	0	240	100	0	1
11.036	36	1	0	0	0	216	100	0	1
11.036	36	2	0	0	0	240	100	0	1
11.036	37	1	0	0	0	216	100	0	1
11.036	37	2	0	0	0	240	100	0	1
11.036	38	1	0	0	0	216	100	0	1
11.036	38	2	0	0	0	240	100	0	1
11.036	39	1	0	0	0	216	100	0	1
11.036	39	2	0	0	0	240	100	0	1
11.036	40	1	0	0	0	216	100	0	1
11.036	40	2	0	0	0	240	100	0	1
11.036	41	1	0	0	0	216	100	0	1
11.036	41	2	0	0	0	240	100	0	1
11.036	42	1	0	0	0	216	100	0	1
11.036	42	2	0	0	0	240	100	0	1
11.036	43	1	0	0	0	216	100	0	1
11.036	43	2	0	0	0	240	100	0	1
11.036	44	1	0	0	0	216	100	0	1
11.036	44	2	0	0	0	240	100	0	1
11.036	45	1	0	0	0	216	100	0	1
11.036	45	2	0	0	0	240	100	0	1
11.036	46	1	0	0	0	216	100	0	1
11.036	46	2	0	0	0	240	100	0	1
11.036	47	1	0	0	0	216	100	0	1
11.036	47	2	0	0	0	240	100	0	1
11.036	48	1	0	0	0	216	100	0	1
11.036	48	2	0	0	0	240	100	0	1
11.036	49	1	0	0	0	216	100	0	1
11.036	49	2	0	0	0	240	100	0	1
11.036	50	1	0	0	0	216	100	0	1
11.036	50	2	0	0	0	240	100	0	1
11.036	51	1	0	0	0	216	100	0	1
11.036	51	2	0	0	0	240	100	0	1
11.036	52	1	0	0	0	216	100	0	1
11.036	52	2	0	0	0	240	100	0	1
11.036	53	1	0	0	0	216	100	0	1
11.036	53	2	0	0	0	240	100	0	1
11.036	54	1	0	0	0	216	100	0	1
11.036	54	2	0	0	0	240	100	0	1
11.036	55	1	0	0	0	216	100	0	1
11.036	55	2	0	0	0	240	100	0	1
11.036	56	1	0	0	0	216	100	0	1
11.036	56	2	0	0	0	240	100	0	1
11.036	57	1	0	0	0	216	100	0	1
11.036	57	2	0	0	0	240	100	0	1
11.036	58	1	0	0	0	216	100	0	1
11.036	58	2	0	0	0	240	100	0	1
11.036	59	1	0	0	0	216	100	0	1
11.036	59	2	0	0	0	240	100	0	1
11.036	60	1	0	0	0	216	100	0	1
11.036	60	2	0	0	0	240	100	0	1
11.036	61	1	0	0	0	216	100	0	1
11.036	61	2	0	0	0	240	100	0	1
11.036	62	1	0	0	0	216	100	0	1
11.036	62	2	0	0	0	240	100	0	1
11.036	63	1	0	0	0	216	100	0	1
11.036	63	2	0	0	0	240	100	0	1
11.036	64	1	0	0	0	216	100	0	1
11.036	64	2	0	0	0	240	100	0	1
11.036	65	1	0	0	0	216	100	0	1
11.036	65	2	0	0	0	240	100	0	1
11.539	0	1	0	0	0	216	100	0	1
11.539	0	2	0	0	0	240	100	0	1
11.539	1	1	0	0	0	216	100	0	1
11.539	1	2	0	0	0	240	100	0	1
11.539	2	1	0	0	0	216	100	0	1
11.539	2	2	0	0	0	240	100	0	1
11.539	3	1	0	0	0	216	100	0	1
11.539	3	2	0	0	0	240	100	0	1
11.539	4	1	0	0	0	216	100	0	1
11.539	4	2	0	0	0	240	100	0	1
11.539	5	1	0	0	0	216	100	0	1
11.539	5	2	0	0	0	240	100	0	1
11.539	6	1	0	0	0	216	100	0	1
11.539	6	2	0	0	0	240	100	0	1
11.539	7	1	0	0	0	216	100	0	1
11.539	7	2	0	0	0	240	100	0	1
11.539	8	1	0	0	0	216	100	0	1
11.539	8	2	0	0	0	240	100	0	1
11.539	9	1	0	0	0	216	100	0	1
11.539	9	2	0	0	0	240	100	0	1
11.539	10	1	0	0	0	216	100	0	1
11.539	10	2	0	0	0	240	100	0	1
11.539	11	1	0	0	0	216	100	0	1
11.539	11	2	0	0	0	240	100	0	1
11.539	12	1	0	0	0	216	100	0	1
11.539	12	2	0	0	0	240	100	0	1
11.539	13	1	0	0	0	216	100	0	1
11.539	13	2	0	0	0	240	100	0	1
11.539	14	1	0	0	0	216	100	0	1
11.539	14	2	0	0	0	240	100	0	1
11.539	15	1	0	0	0	216	100	0	1
11.539	15	2	0	0	0	240	100	0	1
11.539	16	1	0	0	0	216	100	0	1
11.539	16	2	0	0	0	240	100	0	1
11.539	17	1	0	0	0	216	100	0	1
11.539	17	2	0	0	0	240	100	0	1
11.539	18	1	0	0	0	216	100	0	1
11.539	18	2	0	0	0	240	100	0	1
11.539	19	1	0	0	0	216	100	0	1
11.539	19	2	0	0	0	240	100	0	1
11.539	20	1	0	0	0	216	100	0	1
11.539	20	2	0	0	0	240	100	0	1
11.539	21	1	0	0	0	216	100	0	1
11.539	21	2	0	0	0	240	100	0	1
11.539	22	1	0	0	0	216	100	0	1
11.539	22	2	0	0	0	240	100	0	1
11.539	23	1	0	0	0	216	100	0	1
11.539	23	2	0	0	0	240	100	0	1
11.539	24	1	0	0	0	216	100	0	1
11.539	24	2	0	0	0	240	100	0	1
11.539	25	1	0	0	0	216	100	0	1
11.539	25	2	0	0	0	240	100	0	1
11.539	26	1	0	0	0	216	100	0	1
11.539	26	2	0	0	0	240	100	0	1
11.539	27	1	0	0	0	216	100	0	1
11.539	27	2	0	0	0	240	100	0	1
11.539	28	1	0	0	0	216	100	0	1
11.539	28	2	0	0	0	240	100	0	1
11.539	29	1	0	0	0	216	100	0	1
11.539	29	2	0	0	0	240	100	0	1
11.539	30	1	0	0	0	216	100	0	1
11.539	30	2	0	0	0	240	100	0	1
11.539	31	1	0	0	0	216	100	0	1
11.539	31	2	0	0	0	240	100	0	1
11.539	32	1	0	0	0	216	100	0	1
11.539	32	2	0	0	0	240	100	0	1
11.539	33	1	0	0	0	216	100	0	1
11.539	33	2	0	0	0	240	100	0	1
11.539	34	1	0	0	0	216	100	0	1
11.539	34	2	0	0	0	240	100	0	1
11.539	35	1	0	0	0	216	100	0	1
11.539	35	2	0	0	0	240	100	0	1
11.539	36	1	0	0	0	216	100	0	1
11.539	36	2	0	0	0	240	100	0	1
11.539	37	1	0	0	0	216	100	0	1
11.539	37	2	0	0	0	240	100	0	1
11.539	38	1	0	0	0	216	100	0	1
11.539	38	2	0	0	0	240	100	0	1
11.539	39	1	0	0	0	216	100	0	1
11.539	39	2	0	0	0	240	100	0	1
11.539	40	1	0	0	0	216	100	0	1
11.539	40	2	0	0	0	240	100	0	1
11.539	41	1	0	0	0	216	100	0	1
11.539	41	2	0	0	0	240	100	0	1
11.539	42	1	0	0	0	216	100	0	1
11.539	42	2	0	0	0	240	100	0	1
11.539	43	1	0	0	0	216	100	0	1
11.539	43	2	0	0	0	240	100	0	1
11.539	44	1	0	0	0	216	100	0	1
11.539	44	2	0	0	0	240	100	0	1
11.539	45	1	0	0	0	216	100	0	1
11.539	45	2	0	0	0	240	100	0	1
11.539	46	1	0	0	0	216	100	0	1
11.539	46	2	0	0	0	240	100	0	1
11.539	47	1	0	0	0	216	100	0	1
11.539	47	2	0	0	0	240	100	0	1
11.539	48	1	0	0	0	216	100	0	1
11.539	48	2	0	0	0	240	100	0	1
11.539	49	1	0	0	0	216	100	0	1
11.539	49	2	0	0	0	240	100	0	1
11.539	50	1	0	0	0	216	100	0	1
11.539	50	2	0	0	0	240	100	0	1
11.539	51	1	0	0	0	216	100	0	1
11.539	51	2	0	0	0	240	100	0	1
11.539	52	1	0	0	0	216	100	0	1
11.539	52	2	0	0	0	240	100	0	1
11.539	53	1	0	0	0	216	100	0	1
11.539	53	2	0	0	0	240	100	0	1
11.539	54	1	0	0	0	216	100	0	1
11.539	54	2	0	0	0	240	100	0	1
11.539	55	1	0	0	0	216	100	0	1
11.539	55	2	0	0	0	240	100	0	1
11.539	56	1	0	0	0	216	100	0	1
11.539	56	2	0	0	0	240	100	0	1
11.539	57	1	0	0	0	216	100	0	1
11.539	57	2	0	0	0	240	100	0	1
11.539	58	1	0	0	0	216	100	0	1
11.539	58	2	0	0	0	240	100	0	1
11.539	59	1	0	0	0	216	100	0	1
11.539	59	2	0	0	0	240	100	0	1
11.539	60	1	0	0	0	216	100	0	1
11.539	60	2	0	0	0	240	100	0	1
11.539	61	1	0	0	0	216	100	0	1
11.539	61	2	0	0	0	240	100	0	1
11.539	62	1	0	0	0	216	100	0	1
11.539	62	2	0	0	0	240	100	0	1
11.539	63	1	0	0	0	216	100	0	1
11.539	63	2	0	0	0	240	100	0	1
11.539	64	1	0	0	0	216	100	0	1
11.539	64	2	0	0	0	240	100	0	1
11.539	65	1	0	0	0	216	100	0	1
11.539	65	2	0	0	0	240	100	0	1
12.042	0	1	0	0	0	216	100	0	1
12.042	0	2	0	0	0	240	100	0	1
12.042	1	1	0	0	0	216	100	0	1
12.042	1	2	0	0	0	240	100	0	1
12.042	2	1	0	0	0	216	100	0	1
12.042	2	2	0	0	0	240	100	0	1
12.042	3	1	0	0	0	216	100	0	1
12.042	3	2	0	0	0	240	100	0	1
12.042	4	1	0	0	0	216	100	0	1
12.042	4	2	0	0	0	240	100	0	1
12.042	5	1	0	0	0	216	100	0	1
12.042	5	2	0	0	0	240	100	0	1
12.042	6	1	0	0	0	216	100	0	1
12.042	6	2	0	0	0	240	100	0	1
12.042	7	1	0	0	0	216	100	0	1
12.042	7	2	0	0	0	240	100	0	1
12.042	8	1	0	0	0	216	100	0	1
12.042	8	2	0	0	0	240	100	0	1
12.042	9	1	0	0	0	216	100	0	1
12.042	9	2	0	0	0	240	100	0	1
12.042	10	1	0	0	0	216	100	0	1
12.042	10	2	0	0	0	240	100	0	1
12.042	11	1	0	0	0	216	100	0	1
12.042	11	2	0	0	0	240	100	0	1
12.042	12	1	0	0	0	216	100	0	1
12.042	12	2	0	0	0	240	100	0	1
12.042	13	1	0	0	0	216	100	0	1
12.042	13	2	0	0	0	240	100	0	1
12.042	14	1	0	0	0	216	100	0	1
12.042	14	2	0	0	0	240	100	0	1
12.042	15	1	0	0	0	216	100	0	1
12.042	15	2	0	0	0	240	100	0	1
12.042	16	1	0	0	0	216	100	0	1
12.042	16	2	0	0	0	240	100	0	1
12.042	17	1	0	0	0	216	100	0	1
12.042	17	2	0	0	0	240	100	0	1
12.042	18	1	0	0	0	216	100	0	1
12.042	18	2	0	0	0	240	100	0	1
12.042	19	1	0	0	0	216	100	0	1
12.042	19	2	0	0	0	240	100	0	1
12.042	20	1	0	0	0	216	100	0	1
12.042	20	2	0	0	0	240	100	0	1
12.042	21	1	0	0	0	216	100	0	1
12.042	21	2	0	0	0	240	100	0	1
12.042	22	1	0	0	0	216	100	0	1
12.042	22	2	0	0	0	240	100	0	1
12.042	23	1	0	0	0	216	100	0	1
12.042	23	2	0	0	0	240	100	0	1
12.042	24	1	0	0	0	216	100	0	1
12.042	24	2	0	0	0	240	100	0	1
12.042	25	1	0	0	0	216	100	0	1
12.042	25	2	0	0	0	240	100	0	1
12.042	26	1	0	0	0	216	100	0	1
12.042	26	2	0	0	0	240	100	0	1
12.042	27	1	0	0	0	216	100	0	1
12.042	27	2	0	0	0	240	100	0	1
12.042	28	1	0	0	0	216	100	0	1
12.042	28	2	0	0	0	240	100	0	1
12.042	29	1	0	0	0	216	100	0	1
12.042	29	2	0	0	0	240	100	0	1
12.042	30	1	0	0	0	216	100	0	1
12.042	30	2	0	0	0	240	100	0	1
12.042	31	1	0	0	0	216	100	0	1
12.042	31	2	0	0	0	240	100	0	1
12.042	32	1	0	0	0	216	100	0	1
12.042	32	2	0	0	0	240	100	0	1
12.042	33	1	0	0	0	216	100	0	1
12.042	33	2	0	0	0	240	100	0	1
12.042	34	1	0	0	0	216	100	0	1
12.042	34	2	0	0	0	240	100	0	1
12.042	35	1	0	0	0	216	100	0	1
12.042	35	2	0	0	0	240	100	0	1
12.042	36	1	0	0	0	216	100	0	1
12.042	36	2	0	0	0	240	100	0	1
12.042	37	1	0	0	0	216	100	0	1
12.042	37	2	0	0	0	240	100	0	1
12.042	38	1	0	0	0	216	100	0	1
12.042	38	2	0	0	0	240	100	0	1
12.042	39	1	0	0	0	216	100	0	1
12.042	39	2	0	0	0	240	100	0	1
12.042	40	1	0	0	0	216	100	0	1
12.042	40	2	0	0	0	240	100	0	1
12.042	41	1	0	0	0	216	100	0	1
12.042	41	2	0	0	0	240	100	0	1
12.042	42	1	0	0	0	216	100	0	1
12.042	42	2	0	0	0	240	100	0	1
12.042	43	1	0	0	0	216	100	0	1
12.042	43	2	0	0	0	240	100	0	1
12.042	44	1	0	0	0	216	100	0	1
12.042	44	2	0	0	0	240	100	0	1
12.042	45	1	0	0	0	216	100	0	1
12.042	45	2	0	0	0	240	100	0	1
12.042	46	1	0	0	0	216	100	0	1
12.042	46	2	0	0	0	240	100	0	1
12.042	47	1	0	0	0	216	100	0	1
12.042	47	2	0	0	0	240	100	0	1
12.042	48	1	0	0	0	216	100	0	1
12.042	48	2	0	0	0	240	100	0	1
12.042	49	1	0	0	0	216	100	0	1
12.042	49	2	0	0	0	240	100	0	1
12.042	50	1	0	0	0	216	100	0	1
12.042	50	2	0	0	0	240	100	0	1
12.042	51	1	0	0	0	216	100	0	1
12.042	51	2	0	0	0	240	100	0	1
12.042	52	1	0	0	0	216	100	0	1
12.042	52	2	0	0	0	240	100	0	1
12.042	53	1	0	0	0	216	100	0	1
12.042	53	2	0	0	0	240	100	0	1
12.042	54	1	0	0	0	216	100	0	1
12.042	54	2	0	0	0	240	100	0	1
12.042	55	1	0	0	0	216	100	0	1
12.042	55	2	0	0	0	240	100	0	1
12.042	56	1	0	0	0	216	100	0	1
12.042	56	2	0	0	0	240	100	0	1
12.042	57	1	0	0	0	216	100	0	1
12.042	57	2	0	0	0	240	100	0	1
12.042	58	1	0	0	0	216	100	0	1
12.042	58	2	0	0	0	240	100	0	1
12.042	59	1	0	0	0	216	100	0	1
12.042	59	2	0	0	0	240	100	0	1
12.042	60	1	0	0	0	216	100	0	1
12.042	60	2	0	0	0	240	100	0	1
12.042	61	1	0	0	0	216	100	0	1
12.042	61	2	0	0	0	240	100	0	1
12.042	62	1	0	0	0	216	100	0	1
12.042	62	2	0	0	0	240	100	0	1
12.042	63	1	0	0	0	216	100	0	1
12.042	63	2	0	0	0	240	100	0	1
12.042	64	1	0	0	0	216	100	0	1
12.042	64	2	0	0	0	240	100	0	1
12.042	65	1	0	0	0	216	100	0	1
12.042	65	2	0	0	0	240	100	0	1
12.545	0	1	0	0	0	216	100	0	1
12.545	0	2	0	0	0	240	100	0	1
12.545	1	1	0	0	0	216	100	0	1
12.545	1	2	0	0	0	240	100	0	1
12.545	2	1	0	0	0	216	100	0	1
12.545	2	2	0	0	0	240	100	0	1
12.545	3	1	0	0	0	216	100	0	1
12.545	3	2	0	0	0	240	100	0	1
12.545	4	1	0	0	0	216	100	0	1
12.545	4	2	0	0	0	240	100	0	1
12.545	5	1	0	0	0	216	100	0	1
12.545	5	2	0	0	0	240	100	0	1
12.545	6	1	0	0	0	216	100	0	1
12.545	6	2	0	0	0	240	100	0	1
12.545	7	1	0	0	0	216	100	0	1
12.545	7	2	0	0	0	240	100	0	1
12.545	8	1	0	0	0	216	100	0	1
12.545	8	2	0	0	0	240	100	0	1
12.545	9	1	0	0	0	216	100	0	1
12.545	9	2	0	0	0	240	100	0	1
12.545	10	1	0	0	0	216	100	0	1
12.545	10	2	0	0	0	240	100	0	1
12.545	11	1	0	0	0	216	100	0	1
12.545	11	2	0	0	0	240	100	0	1
12.545	12	1	0	0	0	216	100	0	1
12.545	12	2	0	0	0	240	100	0	1
12.545	13	1	0	0	0	216	100	0	1
12.545	13	2	0	0	0	240	100	0	1
12.545	14	1	0	0	0	216	100	0	1
12.545	14	2	0	0	0	240	100	0	1
12.545	15	1	0	0	0	216	100	0	1
12.545	15	2	0	0	0	240	100	0	1
12.545	16	1	0	0	0	216	100	0	1
12.545	16	2	0	0	0	240	100	0	1
12.545	17	1	0	0	0	216	100	0	1
12.545	17	2	0	0	0	240	100	0	1
12.545	18	1	0	0	0	216	100	0	1
12.545	18	2	0	0	0	240	100	0	1
12.545	19	1	0	0	0	216	100	0	1
12.545	19	2	0	0	0	240	100	0	1
12.545	20	1	0	0	0	216	100	0	1
12.545	20	2	0	0	0	240	100	0	1
12.545	21	1	0	0	0	216	100	0	1
12.545	21	2	0	0	0	240	100	0	1
12.545	22	1	0	0	0	216	100	0	1
12.545	22	2	0	0	0	240	100	0	1
12.545	23	1	0	0	0	216	100	0	1
12.545	23	2	0	0	0	240	100	0	1
12.545	24	1	0	0	0	216	100	0	1
12.545	24	2	0	0	0	240	100	0	1
12.545	25	1	0	0	0	216	100	0	1
12.545	25	2	0	0	0	240	100	0	1
12.545	26	1	0	0	0	216	100	0	1
12.545	26	2	0	0	0	240	100	0	1
12.545	27	1	0	0	0	216	100	0	1
12.545	27	2	0	0	0	240	100	0	1
12.545	28	1	0	0	0	216	100	0	1
12.545	28	2	0	0	0	240	100	0	1
12.545	29	1	0	0	0	216	100	0	1
12.545	29	2	0	0	0	240	100	0	1
12.545	30	1	0	0	0	216	100	0	1
12.545	30	2	0	0	0	240	100	0	1
12.545	31	1	0	0	0	216	100	0	1
12.545	31	2	0	0	0	240	100	0	1
12.545	32	1	0	0	0	216	100	0	1
12.545	32	2	0	0	0	240	100	0	1
12.545	33	1	0	0	0	216	100	0	1
12.545	33	2	0	0	0	240	100	0	1
12.545	34	1	0	0	0	216	100	0	1
12.545	34	2	0	0	0	240	100	0	1
12.545	35	1	0	0	0	216	100	0	1
12.545	35	2	0	0	0	240	100	0	1
12.545	36	1	0	0	0	216	100	0	1
12.545	36	2	0	0	0	240	100	0	1
12.545	37	1	0	0	0	216	100	0	1
12.545	37	2	0	0	0	240	100	0	1
12.545	38	1	0	0	0	216	100	0	1
12.545	38	2	0	0	0	240	100	0	1
12.545	39	1	0	0	0	216	100	0	1
12.545	39	2	0	0	0	240	100	0	1
12.545	40	1	0	0	0	216	100	0	1
12.545	40	2	0	0	0	240	100	0	1
12.545	41	1	0	0	0	216	100	0	1
12.545	41	2	0	0	0	240	100	0	1
12.545	42	1	0	0	0	216	100	0	1
12.545	42	2	0	0	0	240	100	0	1
12.545	43	1	0	0	0	216	100	0	1
12.545	43	2	0	0	0	240	100	0	1
12.545	44	1	0	0	0	216	100	0	1
12.545	44	2	0	0	0	240	100	0	1
12.545	45	1	0	0	0	216	100	0	1
12.545	45	2	0	0	0	240	100	0	1
12.545	46	1	0	0	0	216	100	0	1
12.545	46	2	0	0	0	240	100	0	1
12.545	47	1	0	0	0	216	100	0	1
12.545	47	2	0	0	0	240	100	0	1
12.545	48	1	0	0	0	216	100	0	1
12.545	48	2	0	0	0	240	100	0	1
12.545	49	1	0	0	0	216	100	0	1
12.545	49	2	0	0	0	240	100	0	1
12.545	50	1	0	0	0	216	100	0	1
12.545	50	2	0	0	0	240	100	0	1
12.545	51	1	0	0	0	216	100	0	1
12.545	51	2	0	0	0	240	100	0	1
12.545	52	1	0	0	0	216	100	0	1
12.545	52	2	0	0	0	240	100	0	1
12.545	53	1	0	0	0	216	100	0	1
12.545	53	2	0	0	0	240	100	0	1
12.545	54	1	0	0	0	216	100	0	1
12.545	54	2	0	0	0	240	100	0	1
12.545	55	1	0	0	0	216	100	0	1
12.545	55	2	0	0	0	240	100	0	1
12.545	56	1	0	0	0	216	100	0	1
12.545	56	2	0	0	0	240	100	0	1
12.545	57	1	0	0	0	216	100	0	1
12.545	57	2	0	0	0	240	100	0	1
12.545	58	1	0	0	0	216	100	0	1
12.545	58	2	0	0	0	240	100	0	1
12.545	59	1	0	0	0	216	100	0	1
12.545	59	2	0	0	0	240	100	0	1
12.545	60	1	0	0	0	216	100	0	1
12.545	60	2	0	0	0	240	100	0	1
12.545	61	1	0	0	0	216	100	0	1
12.545	61	2	0	0	0	240	100	0	1
12.545	62	1	0	0	0	216	100	0	1
12.545	62	2	0	0	0	240	100	0	1
12.545	63	1	0	0	0	216	100	0	1
12.545	63	2	0	0	0	240	100	0	1
12.545	64	1	0	0	0	216	100	0	1
12.545	64	2	0	0	0	240	100	0	1
12.545	65	1	0	0	0	216	100	0	1
12.545	65	2	0	0	0	240	100	0	1
13.048	0	1	0	0	0	216	100	0	1
13.048	0	2	0	0	0	240	100	0	1
13.048	1	1	0	0	0	216	100	0	1
13.048	1	2	0	0	0	240	100	0	1
13.048	2	1	0	0	0	216	100	0	1
13.048	2	2	0	0	0	240	100	0	1
13.048	3	1	0	0	0	216	100	0	1
13.048	3	2	0	0	0	240	100	0	1
13.048	4	1	0	0	0	216	100	0	1
13.048	4	2	0	0	0	240	100	0	1
13.048	5	1	0	0	0	216	100	0	1
13.048	5	2	0	0	0	240	100	0	1
13.048	6	1	0	0	0	216	100	0	1
13.048	6	2	0	0	0	240	100	0	1
13.048	7	1	0	0	0	216	100	0	1
13.048	7	2	0	0	0	240	100	0	1
13.048	8	1	0	0	0	216	100	0	1
13.048	8	2	0	0	0	240	100	0	1
13.048	9	1	0	0	0	216	100	0	1
13.048	9	2	0	0	0	240	100	0	1
13.048	10	1	0	0	0	216	100	0	1
13.048	10	2	0	0	0	240	100	0	1
13.048	11	1	0	0	0	216	100	0	1
13.048	11	2	0	0	0	240	100	0	1
13.048	12	1	0	0	0	216	100	0	1
13.048	12	2	0	0	0	240	100	0	1
13.048	13	1	0	0	0	216	100	0	1
13.048	13	2	0	0	0	240	100	0	1
13.048	14	1	0	0	0	216	100	0	1
13.048	14	2	0	0	0	240	100	0	1
13.048	15	1	0	0	0	216	100	0	1
13.048	15	2	0	0	0	240	100	0	1
13.048	16	1	0	0	0	216	100	0	1
13.048	16	2	0	0	0	240	100	0	1
13.048	17	1	0	0	0	216	100	0	1
13.048	17	2	0	0	0	240	100	0	1
13.048	18	1	0	0	0	216	100	0	1
13.048	18	2	0	0	0	240	100	0	1
13.048	19	1	0	0	0	216	100	0	1
13.048	19	2	0	0	0	240	100	0	1
13.048	20	1	0	0	0	216	100	0	1
13.048	20	2	0	0	0	240	100	0	1
13.048	21	1	0	0	0	216	100	0	1
13.048	21	2	0	0	0	240	100	0	1
13.048	22	1	0	0	0	216	100	0	1
13.048	22	2	0	0	0	240	100	0	1
13.048	23	1	0	0	0	216	100	0	1
13.048	23	2	0	0	0	240	100	0	1
13.048	24	1	0	0	0	216	100	0	1
13.048	24	2	0	0	0	240	100	0	1
13.048	25	1	0	0	0	216	100	0	1
13.048	25	2	0	0	0	240	100	0	1
13.048	26	1	0	0	0	216	100	0	1
13.048	26	2	0	0	0	240	100	0	1
13.048	27	1	0	0	0	216	100	0	1
13.048	27	2	0	0	0	240	100	0	1
13.048	28	1	0	0	0	216	100	0	1
13.048	28	2	0	0	0	240	100	0	1
13.048	29	1	0	0	0	216	100	0	1
13.048	29	2	0	0	0	240	100	0	1
13.048	30	1	0	0	0	216	100	0	1
13.048	30	2	0	0	0	240	100	0	1
13.048	31	1	0	0	0	216	100	0	1
13.048	31	2	0	0	0	240	100	0	1
13.048	32	1	0	0	0	216	100	0	1
13.048	32	2	0	0	0	240	100	0	1
13.048	33	1	0	0	0	216	100	0	1
13.048	33	2	0	0	0	240	100	0	1
13.048	34	1	0	0	0	216	100	0	1
13.048	34	2	0	0	0	240	100	0	1
13.048	35	1	0	0	0	216	100	0	1
13.048	35	2	0	0	0	240	100	0	1
13.048	36	1	0	0	0	216	100	0	1
13.048	36	2	0	0	0	240	100	0	1
13.048	37	1	0	0	0	216	100	0	1
13.048	37	2	0	0	0	240	100	0	1
13.048	38	1	0	0	0	216	100	0	1
13.048	38	2	0	0	0	240	100	0	1
13.048	39	1	0	0	0	216	100	0	1
13.048	39	2	0	0	0	240	100	0	1
13.048	40	1	0	0	0	216	100	0	1
13.048	40	2	0	0	0	240	100	0	1
13.048	41	1	0	0	0	216	100	0	1
13.048	41	2	0	0	0	240	100	0	1
13.048	42	1	0	0	0	216	100	0	1
13.048	42	2	0	0	0	240	100	0	1
13.048	43	1	0	0	0	216	100	0	1
13.048	43	2	0	0	0	240	100	0	1
13.048	44	1	0	0	0	216	100	0	1
13.048	44	2	0	0	0	240	100	0	1
13.048	45	1	0	0	0	216	100	0	1
13.048	45	2	0	0	0	240	100	0	1
13.048	46	1	0	0	0	216	100	0	1
13.048	46	2	0	0	0	240	100	0	1
13.048	47	1	0	0	0	216	100	0	1
13.048	47	2	0	0	0	240	100	0	1
13.048	48	1	0	0	0	216	100	0	1
13.048	48	2	0	0	0	240	100	0	1
13.048	49	1	0	0	0	216	100	0	1
13.048	49	2	0	0	0	240	100	0	1
13.048	50	1	0	0	0	216	100	0	1
13.048	50	2	0	0	0	240	100	0	1
13.048	51	1	0	0	0	216	100	0	1
13.048	51	2	0	0	0	240	100	0	1
13.048	52	1	0	0	0	216	100	0	1
13.048	52	2	0	0	0	240	100	0	1
13.048	53	1	0	0	0	216	100	0	1
13.048	53	2	0	0	0	240	100	0	1
13.048	54	1	0	0	0	216	100	0	1
13.048	54	2	0	0	0	240	100	0	1
13.048	55	1	0	0	0	216	100	0	1
13.048	55	2	0	0	0	240	100	0	1
13.048	56	1	0	0	0	216	100	0	1
13.048	56	2	0	0	0	240	100	0	1
13.048	57	1	0	0	0	216	100	0	1
13.048	57	2	0	0	0	240	100	0	1
13.048	58	1	0	0	0	216	100	0	1
13.048	58	2	0	0	0	240	100	0	1
13.048	59	1	0	0	0	216	100	0	1
13.048	59	2	0	0	0	240	100	0	1
13.048	60	1	0	0	0	216	100	0	1
13.048	60	2	0	0	0	240	100	0	1
13.048	61	1	0	0	0	216	100	0	1
13.048	61	2	0	0	0	240	100	0	1
13.048	62	1	0	0	0	216	100	0	1
13.048	62	2	0	0	0	240	100	0	1
13.048	63	1	0	0	0	216	100	0	1
13.048	63	2	0	0	0	240	100	0	1
13.048	64	1	0	0	0	216	100	0	1
13.048	64	2	0	0	0	240	100	0	1
13.048	65	1	0	0	0	216	100	0	1
13.048	65	2	0	0	0	240	100	0	1
13.551	0	1	0	0	0	216	100	0	1
13.551	0	2	0	0	0	240	100	0	1
13.551	1	1	0	0	0	216	100	0	1
13.551	1	2	0	0	0	240	100	0	1
13.551	2	1	0	0	0	216	100	0	1
13.551	2	2	0	0	0	240	100	0	1
13.551	3	1	0	0	0	216	100	0	1
13.551	3	2	0	0	0	240	100	0	1
13.551	4	1	0	0	0	216	100	0	1
13.551	4	2	0	0	0	240	100	0	1
13.551	5	1	0	0	0	216	100	0	1
13.551	5	2	0	0	0	240	100	0	1
13.551	6	1	0	0	0	216	100	0	1
13.551	6	2	0	0	0	240	100	0	1
13.551	7	1	0	0	0	216	100	0	1
13.551	7	2	0	0	0	240	100	0	1
13.551	8	1	0	0	0	216	100	0	1
13.551	8	2	0	0	0	240	100	0	1
13.551	9	1	0	0	0	216	100	0	1
13.551	9	2	0	0	0	240	100	0	1
13.551	10	1	0	0	0	216	100	0	1
13.551	10	2	0	0	0	240	100	0	1
13.551	11	1	0	0	0	216	100	0	1
13.551	11	2	0	0	0	240	100	0	1
13.551	12	1	0	0	0	216	100	0	1
13.551	12	2	0	0	0	240	100	0	1
13.551	13	1	0	0	0	216	100	0	1
13.551	13	2	0	0	0	240	100	0	1
13.551	14	1	0	0	0	216	100	0	1
13.551	14	2	0	0	0	240	100	0	1
13.551	15	1	0	0	0	216	100	0	1
13.551	15	2	0	0	0	240	100	0	1
13.551	16	1	0	0	0	216	100	0	1
13.551	16	2	0	0	0	240	100	0	1
13.551	17	1	0	0	0	216	100	0	1
13.551	17	2	0	0	0	240	100	0	1
13.551	18	1	0	0	0	216	100	0	1
13.551	18	2	0	0	0	240	100	0	1
13.551	19	1	0	0	0	216	100	0	1
13.551	19	2	0	0	0	240	100	0	1
13.551	20	1	0	0	0	216	100	0	1
13.551	20	2	0	0	0	240	100	0	1
13.551	21	1	0	0	0	216	100	0	1
13.551	21	2	0	0	0	240	100	0	1
13.551	22	1	0	0	0	216	100	0	1
13.551	22	2	0	0	0	240	100	0	1
13.551	23	1	0	0	0	216	100	0	1
13.551	23	2	0	0	0	240	100	0	1
13.551	24	1	0	0	0	216	100	0	1
13.551	24	2	0	0	0	240	100	0	1
13.551	25	1	0	0	0	216	100	0	1
13.551	25	2	0	0	0	240	100	0	1
13.551	26	1	0	0	0	216	100	0	1
13.551	26	2	0	0	0	240	100	0	1
13.551	27	1	0	0	0	216	100	0	1
13.551	27	2	0	0	0	240	100	0	1
13.551	28	1	0	0	0	216	100	0	1
13.551	28	2	0	0	0	240	100	0	1
13.551	29	1	0	0	0	216	100	0	1
13.551	29	2	0	0	0	240	100	0	1
13.551	30	1	0	0	0	216	100	0	1
13.551	30	2	0	0	0	240	100	0	1
13.551	31	1	0	0	0	216	100	0	1
13.551	31	2	0	0	0	240	100	0	1
13.551	32	1	0	0	0	216	100	0	1
13.551	32	2	0	0	0	240	100	0	1
13.551	33	1	0	0	0	216	100	0	1
13.551	33	2	0	0	0	240	100	0	1
13.551	34	1	0	0	0	216	100	0	1
13.551	34	2	0	0	0	240	100	0	1
13.551	35	1	0	0	0	216	100	0	1
13.551	35	2	0	0	0	240	100	0	1
13.551	36	1	0	0	0	216	100	0	1
13.551	36	2	0	0	0	240	100	0	1
13.551	37	1	0	0	0	216	100	0	1
13.551	37	2	0	0	0	240	100	0	1
13.551	38	1	0	0	0	216	100	0	1
13.551	38	2	0	0	0	240	100	0	1
13.551	39	1	0	0	0	216	100	0	1
13.551	39	2	0	0	0	240	100	0	1
13.551	40	1	0	0	0	216	100	0	1
13.551	40	2	0	0	0	240	100	0	1
13.551	41	1	0	0	0	216	100	0	1
13.551	41	2	0	0	0	240	100	0	1
13.551	42	1	0	0	0	216	100	0	1
13.551	42	2	0	0	0	240	100	0	1
13.551	43	1	0	0	0	216	100	0	1
13.551	43	2	0	0	0	240	100	0	1
13.551	44	1	0	0	0	216	100	0	1
13.551	44	2	0	0	0	240	100	0	1
13.551	45	1	0	0	0	216	100	0	1
13.551	45	2	0	0	0	240	100	0	1
13.551	46	1	0	0	0	216	100	0	1
13.551	46	2	0	0	0	240	100	0	1
13.551	47	1	0	0	0	216	100	0	1
13.551	47	2	0	0	0	240	100	0	1
13.551	48	1	0	0	0	216	100	0	1
13.551	48	2	0	0	0	240	100	0	1
13.551	49	1	0	0	0	216	100	0	1
13.551	49	2	0	0	0	240	100	0	1
13.551	50	1	0	0	0	216	100	0	1
13.551	50	2	0	0	0	240	100	0	1
13.551	51	1	0	0	0	216	100	0	1
13.551	51	2	0	0	0	240	100	0	1
13.551	52	1	0	0	0	216	100	0	1
13.551	52	2	0	0	0	240	100	0	1
13.551	53	1	0	0	0	216	100	0	1
13.551	53	2	0	0	0	240	100	0	1
13.551	54	1	0	0	0	216	100	0	1
13.551	54	2	0	0	0	240	100	0	1
13.551	55	1	0	0	0	216	100	0	1
13.551	55	2	0	0	0	240	100	0	1
13.551	56	1	0	0	0	216	100	0	1
13.551	56	2	0	0	0	240	100	0	1
13.551	57	1	0	0	0	216	100	0	1
13.551	57	2	0	0	0	240	100	0	1
13.551	58	1	0	0	0	216	100	0	1
13.551	58	2	0	0	0	240	100	0	1
13.551	59	1	0	0	0	216	100	0	1
13.551	59	2	0	0	0	240	100	0	1
13.551	60	1	0	0	0	216	100	0	1
13.551	60	2	0	0	0	240	100	0	1
13.551	61	1	0	0	0	216	100	0	1
13.551	61	2	0	0	0	240	100	0	1
13.551	62	1	0	0	0	216	100	0	1
13.551	62	2	0	0	0	240	100	0	1
13.551	63	1	0	0	0	216	100	0	1
13.551	63	2	0	0	0	240	100	0	1
13.551	64	1	0	0	0	216	100	0	1
13.551	64	2	0	0	0	240	100	0	1
13.551	65	1	0	0	0	216	100	0	1
13.551	65	2	0	0	0	240	100	0	1
14.054	0	1	0	0	0	216	100	0	1
14.054	0	2	0	0	0	240	100	0	1
14.054	1	1	0	0	0	216	100	0	1
14.054	1	2	0	0	0	240	100	0	1
14.054	2	1	0	0	0	216	100	0	1
14.054	2	2	0	0	0	240	100	0	1
14.054	3	1	0	0	0	216	100	0	1
14.054	3	2	0	0	0	240	100	0	1
14.054	4	1	0	0	0	216	100	0	1
14.054	4	2	0	0	0	240	100	0	1
14.054	5	1	0	0	0	216	100	0	1
14.054	5	2	0	0	0	240	100	0	1
14.054	6	1	0	0	0	216	100	0	1
14.054	6	2	0	0	0	240	100	0	1
14.054	7	1	0	0	0	216	100	0	1
14.054	7	2	0	0	0	240	100	0	1
14.054	8	1	0	0	0	216	100	0	1
14.054	8	2	0	0	0	240	100	0	1
14.054	9	1	0	0	0	216	100	0	1
14.054	9	2	0	0	0	240	100	0	1
14.054	10	1	0	0	0	216	100	0	1
14.054	10	2	0	0	0	240	100	0	1
14.054	11	1	0	0	0	216	100	0	1
14.054	11	2	0	0	0	240	100	0	1
14.054	12	1	0	0	0	216	100	0	1
14.054	12	2	0	0	0	240	100	0	1
14.054	13	1	0	0	0	216	100	0	1
14.054	13	2	0	0	0	240	100	0	1
14.054	14	1	0	0	0	216	100	0	1
14.054	14	2	0	0	0	240	100	0	1
14.054	15	1	0	0	0	216	100	0	1
14.054	15	2	0	0	0	240	100	0	1
14.054	16	1	0	0	0	216	100	0	1
14.054	16	2	0	0	0	240	100	0	1
14.054	17	1	0	0	0	216	100	0	1
14.054	17	2	0	0	0	240	100	0	1
14.054	18	1	0	0	0	216	100	0	1
14.054	18	2	0	0	0	240	100	0	1
14.054	19	1	0	0	0	216	100	0	1
14.054	19	2	0	0	0	240	100	0	1
14.054	20	1	0	0	0	216	100	0	1
14.054	20	2	0	0	0	240	100	0	1
14.054	21	1	0	0	0	216	100	0	1
14.054	21	2	0	0	0	240	100	0	1
14.054	22	1	0	0	0	216	100	0	1
14.054	22	2	0	0	0	240	100	0	1
14.054	23	1	0	0	0	216	100	0	1
14.054	23	2	0	0	0	240	100	0	1
14.054	24	1	0	0	0	216	100	0	1
14.054	24	2	0	0	0	240	100	0	1
14.054	25	1	0	0	0	216	100	0	1
14.054	25	2	0	0	0	240	100	0	1
14.054	26	1	0	0	0	216	100	0	1
14.054	26	2	0	0	0	240	100	0	1
14.054	27	1	0	0	0	216	100	0	1
14.054	27	2	0	0	0	240	100	0	1
14.054	28	1	0	0	0	216	100	0	1
14.054	28	2	0	0	0	240	100	0	1
14.054	29	1	0	0	0	216	100	0	1
14.054	29	2	0	0	0	240	100	0	1
14.054	30	1	0	0	0	216	100	0	1
14.054	30	2	0	0	0	240	100	0	1
14.054	31	1	0	0	0	216	100	0	1
14.054	31	2	0	0	0	240	100	0	1
14.054	32	1	0	0	0	216	100	0	1
14.054	32	2	0	0	0	240	100	0	1
14.054	33	1	0	0	0	216	100	0	1
14.054	33	2	0	0	0	240	100	0	1
14.054	34	1	0	0	0	216	100	0	1
14.054	34	2	0	0	0	240	100	0	1
14.054	35	1	0	0	0	216	100	0	1
14.054	35	2	0	0	0	240	100	0	1
14.054	36	1	0	0	0	216	100	0	1
14.054	36	2	0	0	0	240	100	0	1
14.054	37	1	0	0	0	216	100	0	1
14.054	37	2	0	0	0	240	100	0	1
14.054	38	1	0	0	0	216	100	0	1
14.054	38	2	0	0	0	240	100	0	1
14.054	39	1	0	0	0	216	100	0	1
14.054	39	2	0	0	0	240	100	0	1
14.054	40	1	0	0	0	216	100	0	1
14.054	40	2	0	0	0	240	100	0	1
14.054	41	1	0	0	0	216	100	0	1
14.054	41	2	0	0	0	240	100	0	1
14.054	42	1	0	0	0	216	100	0	1
14.054	42	2	0	0	0	240	100	0	1
14.054	43	1	0	0	0	216	100	0	1
14.054	43	2	0	0	0	240	100	0	1
14.054	44	1	0	0	0	216	100	0	1
14.054	44	2	0	0	0	240	100	0	1
14.054	45	1	0	0	0	216	100	0	1
14.054	45	2	0	0	0	240	100	0	1
14.054	46	1	0	0	0	216	100	0	1
14.054	46	2	0	0	0	240	100	0	1
14.054	47	1	0	0	0	216	100	0	1
14.054	47	2	0	0	0	240	100	0	1
14.054	48	1	0	0	0	216	100	0	1
14.054	48	2	0	0	0	240	100	0	1
14.054	49	1	0	0	0	216	100	0	1
14.054	49	2	0	0	0	240	100	0	1
14.054	50	1	0	0	0	216	100	0	1
14.054	50	2	0	0	0	240	100	0	1
14.054	51	1	0	0	0	216	100	0	1
14.054	51	2	0	0	0	240	100	0	1
14.054	52	1	0	0	0	216	100	0	1
14.054	52	2	0	0	0	240	100	0	1
14.054	53	1	0	0	0	216	100	0	1
14.054	53	2	0	0	0	240	100	0	1
14.054	54	1	0	0	0	216	100	0	1
14.054	54	2	0	0	0	240	100	0	1
14.054	55	1	0	0	0	216	100	0	1
14.054	55	2	0	0	0	240	100	0	1
14.054	56	1	0	0	0	216	100	0	1
14.054	56	2	0	0	0	240	100	0	1
14.054	57	1	0	0	0	216	100	0	1
14.054	57	2	0	0	0	240	100	0	1
14.054	58	1	0	0	0	216	100	0	1
14.054	58	2	0	0	0	240	100	0	1
14.054	59	1	0	0	0	216	100	0	1
14.054	59	2	0	0	0	240	100	0	1
14.054	60	1	0	0	0	216	100	0	1
14.054	60	2	0	0	0	240	100	0	1
14.054	61	1	0	0	0	216	100	0	1
14.054	61	2	0	0	0	240	100	0	1
14.054	62	1	0	0	0	216	100	0	1
14.054	62	2	0	0	0	240	100	0	1
14.054	63	1	0	0	0	216	100	0	1
14.054	63	2	0	0	0	240	100	0	1
14.054	64	1	0	0	0	216	100	0	1
14.054	64	2	0	0	0	240	100	0	1
14.054	65	1	0	0	0	216	100	0	1
14.054	65	2	0	0	0	240	100	0	1
14.557	0	1	0	0	0	216	100	0	1
14.557	0	2	0	0	0	240	100	0	1
14.557	1	1	0	0	0	216	100	0	1
14.557	1	2	0	0	0	240	100	0	1
14.557	2	1	0	0	0	216	100	0	1
14.557	2	2	0	0	0	240	100	0	1
14.557	3	1	0	0	0	216	100	0	1
14.557	3	2	0	0	0	240	100	0	1
14.557	4	1	0	0	0	216	100	0	1
14.557	4	2	0	0	0	240	100	0	1
14.557	5	1	0	0	0	216	100	0	1
14.557	5	2	0	0	0	240	100	0	1
14.557	6	1	0	0	0	216	100	0	1
14.557	6	2	0	0	0	240	100	0	1
14.557	7	1	0	0	0	216	100	0	1
14.557	7	2	0	0	0	240	100	0	1
14.557	8	1	0	0	0	216	100	0	1
14.557	8	2	0	0	0	240	100	0	1
14.557	9	1	0	0	0	216	100	0	1
14.557	9	2	0	0	0	240	100	0	1
14.557	10	1	0	0	0	216	100	0	1
14.557	10	2	0	0	0	240	100	0	1
14.557	11	1	0	0	0	216	100	0	1
14.557	11	2	0	0	0	240	100	0	1
14.557	12	1	0	0	0	216	100	0	1
14.557	12	2	0	0	0	240	100	0	1
14.557	13	1	0	0	0	216	100	0	1
14.557	13	2	0	0	0	240	100	0	1
14.557	14	1	0	0	0	216	100	0	1
14.557	14	2	0	0	0	240	100	0	1
14.557	15	1	0	0	0	216	100	0	1
14.557	15	2	0	0	0	240	100	0	1
14.557	16	1	0	0	0	216	100	0	1
14.557	16	2	0	0	0	240	100	0	1
14.557	17	1	0	0	0	216	100	0	1
14.557	17	2	0	0	0	240	100	0	1
14.557	18	1	0	0	0	216	100	0	1
14.557	18	2	0	0	0	240	100	0	1
14.557	19	1	0	0	0	216	100	0	1
14.557	19	2	0	0	0	240	100	0	1
14.557	20	1	0	0	0	216	100	0	1
14.557	20	2	0	0	0	240	100	0	1
14.557	21	1	0	0	0	216	100	0	1
14.557	21	2	0	0	0	240	100	0	1
14.557	22	1	0	0	0	216	100	0	1
14.557	22	2	0	0	0	240	100	0	1
14.557	23	1	0	0	0	216	100	0	1
14.557	23	2	0	0	0	240	100	0	1
14.557	24	1	0	0	0	216	100	0	1
14.557	24	2	0	0	0	240	100	0	1
14.557	25	1	0	0	0	216	100	0	1
14.557	25	2	0	0	0	240	100	0	1
14.557	26	1	0	0	0	216	100	0	1
14.557	26	2	0	0	0	240	100	0	1
14.557	27	1	0	0	0	216	100	0	1
14.557	27	2	0	0	0	240	100	0	1
14.557	28	1	0	0	0	216	100	0	1
14.557	28	2	0	0	0	240	100	0	1
14.557	29	1	0	0	0	216	100	0	1
14.557	29	2	0	0	0	240	100	0	1
14.557	30	1	0	0	0	216	100	0	1
14.557	30	2	0	0	0	240	100	0	1
14.557	31	1	0	0	0	216	100	0	1
14.557	31	2	0	0	0	240	100	0	1
14.557	32	1	0	0	0	216	100	0	1
14.557	32	2	0	0	0	240	100	0	1
14.557	33	1	0	0	0	216	100	0	1
14.557	33	2	0	0	0	240	100	0	1
14.557	34	1	0	0	0	216	100	0	1
14.557	34	2	0	0	0	240	100	0	1
14.557	35	1	0	0	0	216	100	0	1
14.557	35	2	0	0	0	240	100	0	1
14.557	36	1	0	0	0	216	100	0	1
14.557	36	2	0	0	0	240	100	0	1
14.557	37	1	0	0	0	216	100	0	1
14.557	37	2	0	0	0	240	100	0	1
14.557	38	1	0	0	0	216	100	0	1
14.557	38	2	0	0	0	240	100	0	1
14.557	39	1	0	0	0	216	100	0	1
14.557	39	2	0	0	0	240	100	0	1
14.557	40	1	0	0	0	216	100	0	1
14.557	40	2	0	0	0	240	100	0	1
14.557	41	1	0	0	0	216	100	0	1
14.557	41	2	0	0	0	240	100	0	1
14.557	42	1	0	0	0	216	100	0	1
14.557	42	2	0	0	0	240	100	0	1
14.557	43	1	0	0	0	216	100	0	1
14.557	43	2	0	0	0	240	100	0	1
14.557	44	1	0	0	0	216	100	0	1
14.557	44	2	0	0	0	240	100	0	1
14.557	45	1	0	0	0	216	100	0	1
14.557	45	2	0	0	0	240	100	0	1
14.557	46	1	0	0	0	216	100	0	1
14.557	46	2	0	0	0	240	100	0	1
14.557	47	1	0	0	0	216	100	0	1
14.557	47	2	0	0	0	240	100	0	1
14.557	48	1	0	0	0	216	100	0	1
14.557	48	2	0	0	0	240	100	0	1
14.557	49	1	0	0	0	216	100	0	1
14.557	49	2	0	0	0	240	100	0	1
14.557	50	1	0	0	0	216	100	0	1
14.557	50	2	0	0	0	240	100	0	1
14.557	51	1	0	0	0	216	100	0	1
14.557	51	2	0	0	0	240	100	0	1
14.557	52	1	0	0	0	216	100	0	1
14.557	52	2	0	0	0	240	100	0	1
14.557	53	1	0	0	0	216	100	0	1
14.557	53	2	0	0	0	240	100	0	1
14.557	54	1	0	0	0	216	100	0	1
14.557	54	2	0	0	0	240	100	0	1
14.557	55	1	0	0	0	216	100	0	1
14.557	55	2	0	0	0	240	100	0	1
14.557	56	1	0	0	0	216	100	0	1
14.557	56	2	0	0	0	240	100	0	1
14.557	57	1	0	0	0	216	100	0	1
14.557	57	2	0	0	0	240	100	0	1
14.557	58	1	0	0	0	216	100	0	1
14.557	58	2	0	0	0	240	100	0	1
14.557	59	1	0	0	0	216	100	0	1
14.557	59	2	0	0	0	240	100	0	1
14.557	60	1	0	0	0	216	100	0	1
14.557	60	2	0	0	0	240	100	0	1
14.557	61	1	0	0	0	216	100	0	1
14.557	61	2	0	0	0	240	100	0	1
14.557	62	1	0	0	0	216	100	0	1
14.557	62	2	0	0	0	240	100	0	1
14.557	63	1	0	0	0	216	100	0	1
14.557	63	2	0	0	0	240	100	0	1
14.557	64	1	0	0	0	216	100	0	1
14.557	64	2	0	0	0	240	100	0	1
14.557	65	1	0	0	0	216	100	0	1
14.557	65	2	0	0	0	240	100	0	1
15.06	0	1	0	0	0	216	100	0	1
15.06	0	2	0	0	0	240	100	0	1
15.06	1	1	0	0	0	216	100	0	1
15.06	1	2	0	0	0	240	100	0	1
15.06	2	1	0	0	0	216	100	0	1
15.06	2	2	0	0	0	240	100	0	1
15.06	3	1	0	0	0	216	100	0	1
15.06	3	2	0	0	0	240	100	0	1
15.06	4	1	0	0	0	216	100	0	1
15.06	4	2	0	0	0	240	100	0	1
15.06	5	1	0	0	0	216	100	0	1
15.06	5	2	0	0	0	240	100	0	1
15.06	6	1	0	0	0	216	100	0	1
15.06	6	2	0	0	0	240	100	0	1
15.06	7	1	0	0	0	216	100	0	1
15.06	7	2	0	0	0	240	100	0	1
15.06	8	1	0	0	0	216	100	0	1
15.06	8	2	0	0	0	240	100	0	1
15.06	9	1	0	0	0	216	100	0	1
15.06	9	2	0	0	0	240	100	0	1
15.06	10	1	0	0	0	216	100	0	1
15.06	10	2	0	0	0	240	100	0	1
15.06	11	1	0	0	0	216	100	0	1
15.06	11	2	0	0	0	240	100	0	1
15.06	12	1	0	0	0	216	100	0	1
15.06	12	2	0	0	0	240	100	0	1
15.06	13	1	0	0	0	216	100	0	1
15.06	13	2	0	0	0	240	100	0	1
15.06	14	1	0	0	0	216	100	0	1
15.06	14	2	0	0	0	240	100	0	1
15.06	15	1	0	0	0	216	100	0	1
15.06	15	2	0	0	0	240	100	0	1
15.06	16	1	0	0	0	216	100	0	1
15.06	16	2	0	0	0	240	100	0	1
15.06	17	1	0	0	0	216	100	0	1
15.06	17	2	0	0	0	240	100	0	1
15.06	18	1	0	0	0	216	100	0	1
15.06	18	2	0	0	0	240	100	0	1
15.06	19	1	0	0	0	216	100	0	1
15.06	19	2	0	0	0	240	100	0	1
15.06	20	1	0	0	0	216	100	0	1
15.06	20	2	0	0	0	240	100	0	1
15.06	21	1	0	0	0	216	100	0	1
15.06	21	2	0	0	0	240	100	0	1
15.06	22	1	0	0	0	216	100	0	1
15.06	22	2	0	0	0	240	100	0	1
15.06	23	1	0	0	0	216	100	0	1
15.06	23	2	0	0	0	240	100	0	1
15.06	24	1	0	0	0	216	100	0	1
15.06	24	2	0	0	0	240	100	0	1
15.06	25	1	0	0	0	216	100	0	1
15.06	25	2	0	0	0	240	100	0	1
15.06	26	1	0	0	0	216	100	0	1
15.06	26	2	0	0	0	240	100	0	1
15.06	27	1	0	0	0	216	100	0	1
15.06	27	2	0	0	0	240	100	0	1
15.06	28	1	0	0	0	216	100	0	1
15.06	28	2	0	0	0	240	100	0	1
15.06	29	1	0	0	0	216	100	0	1
15.06	29	2	0	0	0	240	100	0	1
15.06	30	1	0	0	0	216	100	0	1
15.06	30	2	0	0	0	240	100	0	1
15.06	31	1	0	0	0	216	100	0	1
15.06	31	2	0	0	0	240	100	0	1
15.06	32	1	0	0	0	216	100	0	1
15.06	32	2	0	0	0	240	100	0	1
15.06	33	1	0	0	0	216	100	0	1
15.06	33	2	0	0	0	240	100	0	1
15.06	34	1	0	0	0	216	100	0	1
15.06	34	2	0	0	0	240	100	0	1
15.06	35	1	0	0	0	216	100	0	1
15.06	35	2	0	0	0	240	100	0	1
15.06	36	1	0	0	0	216	100	0	1
15.06	36	2	0	0	0	240	100	0	1
15.06	37	1	0	0	0	216	100	0	1
15.06	37	2	0	0	0	240	100	0	1
15.06	38	1	0	0	0	216	100	0	1
15.06	38	2	0	0	0	240	100	0	1
15.06	39	1	0	0	0	216	100	0	1
15.06	39	2	0	0	0	240	100	0	1
15.06	40	1	0	0	0	216	100	0	1
15.06	40	2	0	0	0	240	100	0	1
15.06	41	1	0	0	0	216	100	0	1
15.06	41	2	0	0	0	240	100	0	1
15.06	42	1	0	0	0	216	100	0	1
15.06	42	2	0	0	0	240	100	0	1
15.06	43	1	0	0	0	216	100	0	1
15.06	43	2	0	0	0	240	100	0	1
15.06	44	1	0	0	0	216	100	0	1
15.06	44	2	0	0	0	240	100	0	1
15.06	45	1	0	0	0	216	100	0	1
15.06	45	2	0	0	0	240	100	0	1
15.06	46	1	0	0	0	216	100	0	1
15.06	46	2	0	0	0	240	100	0	1
15.06	47	1	0	0	0	216	100	0	1
15.06	47	2	0	0	0	240	100	0	1
15.06	48	1	0	0	0	216	100	0	1
15.06	48	2	0	0	0	240	100	0	1
15.06	49	1	0	0	0	216	100	0	1
15.06	49	2	0	0	0	240	100	0	1
15.06	50	1	0	0	0	216	100	0	1
15.06	50	2	0	0	0	240	100	0	1
15.06	51	1	0	0	0	216	100	0	1
15.06	51	2	0	0	0	240	100	0	1
15.06	52	1	0	0	0	216	100	0	1
15.06	52	2	0	0	0	240	100	0	1
15.06	53	1	0	0	0	216	100	0	1
15.06	53	2	0	0	0	240	100	0	1
15.06	54	1	0	0	0	216	100	0	1
15.06	54	2	0	0	0	240	100	0	1
15.06	55	1	0	0	0	216	100	0	1
15.06	55	2	0	0	0	240	100	0	1
15.06	56	1	0	0	0	216	100	0	1
15.06	56	2	0	0	0	240	100	0	1
15.06	57	1	0	0	0	216	100	0	1
15.06	57	2	0	0	0	240	100	0	1
15.06	58	1	0	0	0	216	100	0	1
15.06	58	2	0	0	0	240	100	0	1
15.06	59	1	0	0	0	216	100	0	1
15.06	59	2	0	0	0	240	100	0	1
15.06	60	1	0	0	0	216	100	0	1
15.06	60	2	0	0	0	240	100	0	1
15.06	61	1	0	0	0	216	100	0	1
15.06	61	2	0	0	0	240	100	0	1
15.06	62	1	0	0	0	216	100	0	1
15.06	62	2	0	0	0	240	100	0	1
15.06	63	1	0	0	0	216	100	0	1
15.06	63	2	0	0	0	240	100	0	1
15.06	64	1	0	0	0	216	100	0	1
15.06	64	2	0	0	0	240	100	0	1
15.06	65	1	0	0	0	216	100	0	1
15.06	65	2	0	0	0	240	100	0	1
15.563	0	1	0	0	0	240	100	0	1
15.563	0	2	0	0	0	216	100	0	1
15.563	1	1	0	0	0	240	100	0	1
15.563	1	2	0	0	0	216	100	0	1
15.563	2	1	0	0	0	240	100	0	1
15.563	2	2	0	0	0	216	100	0	1
15.563	3	1	0	0	0	240	100	0	1
15.563	3	2	0	0	0	216	100	0	1
15.563	4	1	0	0	0	240	100	0	1
15.563	4	2	0	0	0	216	100	0	1
15.563	5	1	0	0	0	240	100	0	1
15.563	5	2	0	0	0	216	100	0	1
15.563	6	1	0	0	0	240	100	0	1
15.563	6	2	0	0	0	216	100	0	1
15.563	7	1	0	0	0	240	100	0	1
15.563	7	2	0	0	0	216	100	0	1
15.563	8	1	0	0	0	240	100	0	1
15.563	8	2	0	0	0	216	100	0	1
15.563	9	1	0	0	0	240	100	0	1
15.563	9	2	0	0	0	216	100	0	1
15.563	10	1	0	0	0	240	100	0	1
15.563	10	2	0	0	0	216	100	0	1
15.563	11	1	0	0	0	240	100	0	1
15.563	11	2	0	0	0	216	100	0	1
15.563	12	1	0	0	0	240	100	0	1
15.563	12	2	0	0	0	216	100	0	1
15.563	13	1	0	0	0	240	100	0	1
15.563	13	2	0	0	0	216	100	0	1
15.563	14	1	0	0	0	240	100	0	1
15.563	14	2	0	0	0	216	100	0	1
15.563	15	1	0	0	0	240	100	0	1
15.563	15	2	0	0	0	216	100	0	1
15.563	16	1	0	0	0	240	100	0	1
15.563	16	2	0	0	0	216	100	0	1
15.563	17	1	0	0	0	240	100	0	1
15.563	17	2	0	0	0	216	100	0	1
15.563	18	1	0	0	0	240	100	0	1
15.563	18	2	0	0	0	216	100	0	1
15.563	19	1	0	0	0	240	100	0	1
15.563	19	2	0	0	0	216	100	0	1
15.563	20	1	0	0	0	240	100	0	1
15.563	20	2	0	0	0	216	100	0	1
15.563	21	1	0	0	0	240	100	0	1
15.563	21	2	0	0	0	216	100	0	1
15.563	22	1	0	0	0	240	100	0	1
15.563	22	2	0	0	0	216	100	0	1
15.563	23	1	0	0	0	240	100	0	1
15.563	23	2	0	0	0	216	100	0	1
15.563	24	1	0	0	0	240	100	0	1
15.563	24	2	0	0	0	216	100	0	1
15.563	25	1	0	0	0	240	100	0	1
15.563	25	2	0	0	0	216	100	0	1
15.563	26	1	0	0	0	240	100	0	1
15.563	26	2	0	0	0	216	100	0	1
15.563	27	1	0	0	0	240	100	0	1
15.563	27	2	0	0	0	216	100	0	1
15.563	28	1	0	0	0	240	100	0	1
15.563	28	2	0	0	0	216	100	0	1
15.563	29	1	0	0	0	240	100	0	1
15.563	29	2	0	0	0	216	100	0	1
15.563	30	1	0	0	0	240	100	0	1
15.563	30	2	0	0	0	216	100	0	1
15.563	31	1	0	0	0	240	100	0	1
15.563	31	2	0	0	0	216	100	0	1
15.563	32	1	0	0	0	240	100	0	1
15.563	32	2	0	0	0	216	100	0	1
15.563	33	1	0	0	0	240	100	0	1
15.563	33	2	0	0	0	216	100	0	1
15.563	34	1	0	0	0	240	100	0	1
15.563	34	2	0	0	0	216	100	0	1
15.563	35	1	0	0	0	240	100	0	1
15.563	35	2	0	0	0	216	100	0	1
15.563	36	1	0	0	0	240	100	0	1
15.563	36	2	0	0	0	216	100	0	1
15.563	37	1	0	0	0	240	100	0	1
15.563	37	2	0	0	0	216	100	0	1
15.563	38	1	0	0	0	240	100	0	1
15.563	38	2	0	0	0	216	100	0	1
15.563	39	1	0	0	0	240	100	0	1
15.563	39	2	0	0	0	216	100	0	1
15.563	40	1	0	0	0	240	100	0	1
15.563	40	2	0	0	0	216	100	0	1
15.563	41	1	0	0	0	240	100	0	1
15.563	41	2	0	0	0	216	100	0	1
15.563	42	1	0	0	0	240	100	0	1
15.563	42	2	0	0	0	216	100	0	1
15.563	43	1	0	0	0	240	100	0	1
15.563	43	2	0	0	0	216	100	0	1
15.563	44	1	0	0	0	240	100	0	1
15.563	44	2	0	0	0	216	100	0	1
15.563	45	1	0	0	0	240	100	0	1
15.563	45	2	0	0	0	216	100	0	1
15.563	46	1	0	0	0	240	100	0	1
15.563	46	2	0	0	0	216	100	0	1
15.563	47	1	0	0	0	240	100	0	1
15.563	47	2	0	0	0	216	100	0	1
15.563	48	1	0	0	0	240	100	0	1
15.563	48	2	0	0	0	216	100	0	1
15.563	49	1	0	0	0	240	100	0	1
15.563	49	2	0	0	0	216	100	0	1
15.563	50	1	0	0	0	240	100	0	1
15.563	50	2	0	0	0	216	100	0	1
15.563	51	1	0	0	0	240	100	0	1
15.563	51	2	0	0	0	216	100	0	1
15.563	52	1	0	0	0	240	100	0	1
15.563	52	2	0	0	0	216	100	0	1
15.563	53	1	0	0	0	240	100	0	1
15.563	53	2	0	0	0	216	100	0	1
15.563	54	1	0	0	0	240	100	0	1
15.563	54	2	0	0	0	216	100	0	1
15.563	55	1	0	0	0	240	100	0	1
15.563	55	2	0	0	0	216	100	0	1
15.563	56	1	0	0	0	240	100	0	1
15.563	56	2	0	0	0	216	100	0	1
15.563	57	1	0	0	0	240	100	0	1
15.563	57	2	0	0	0	216	100	0	1
15.563	58	1	0	0	0	240	100	0	1
15.563	58	2	0	0	0	216	100	0	1
15.563	59	1	0	0	0	240	100	0	1
15.563	59	2	0	0	0	216	100	0	1
15.563	60	1	0	0	0	240	100	0	1
15.563	60	2	0	0	0	216	100	0	1
15.563	61	1	0	0	0	240	100	0	1
15.563	61	2	0	0	0	216	100	0	1
15.563	62	1	0	0	0	240	100	0	1
15.563	62	2	0	0	0	216	100	0	1
15.563	63	1	0	0	0	240	100	0	1
15.563	63	2	0	0	0	216	100	0	1
15.563	64	1	0	0	0	240	100	0	1
15.563	64	2	0	0	0	216	100	0	1
15.563	65	1	0	0	0	240	100	0	1
15.563	65	2	0	0	0	216	100	0	1
16.066	0	1	0	0	0	240	100	0	1
16.066	0	2	0	0	0	216	100	0	1
16.066	1	1	0	0	0	240	100	0	1
16.066	1	2	0	0	0	216	100	0	1
16.066	2	1	0	0	0	240	100	0	1
16.066	2	2	0	0	0	216	100	0	1
16.066	3	1	0	0	0	240	100	0	1
16.066	3	2	0	0	0	216	100	0	1
16.066	4	1	0	0	0	240	100	0	1
16.066	4	2	0	0	0	216	100	0	1
16.066	5	1	0	0	0	240	100	0	1
16.066	5	2	0	0	0	216	100	0	1
16.066	6	1	0	0	0	240	100	0	1
16.066	6	2	0	0	0	216	100	0	1
16.066	7	1	0	0	0	240	100	0	1
16.066	7	2	0	0	0	216	100	0	1
16.066	8	1	0	0	0	240	100	0	1
16.066	8	2	0	0	0	216	100	0	1
16.066	9	1	0	0	0	240	100	0	1
16.066	9	2	0	0	0	216	100	0	1
16.066	10	1	0	0	0	240	100	0	1
16.066	10	2	0	0	0	216	100	0	1
16.066	11	1	0	0	0	240	100	0	1
16.066	11	2	0	0	0	216	100	0	1
16.066	12	1	0	0	0	240	100	0	1
16.066	12	2	0	0	0	216	100	0	1
16.066	13	1	0	0	0	240	100	0	1
16.066	13	2	0	0	0	216	100	0	1
16.066	14	1	0	0	0	240	100	0	1
16.066	14	2	0	0	0	216	100	0	1
16.066	15	1	0	0	0	240	100	0	1
16.066	15	2	0	0	0	216	100	0	1
16.066	16	1	0	0	0	240	100	0	1
16.066	16	2	0	0	0	216	100	0	1
16.066	17	1	0	0	0	240	100	0	1
16.066	17	2	0	0	0	216	100	0	1
16.066	18	1	0	0	0	240	100	0	1
16.066	18	2	0	0	0	216	100	0	1
16.066	19	1	0	0	0	240	100	0	1
16.066	19	2	0	0	0	216	100	0	1
16.066	20	1	0	0	0	240	100	0	1
16.066	20	2	0	0	0	216	100	0	1
16.066	21	1	0	0	0	240	100	0	1
16.066	21	2	0	0	0	216	100	0	1
16.066	22	1	0	0	0	240	100	0	1
16.066	22	2	0	0	0	216	100	0	1
16.066	23	1	0	0	0	240	100	0	1
16.066	23	2	0	0	0	216	100	0	1
16.066	24	1	0	0	0	240	100	0	1
16.066	24	2	0	0	0	216	100	0	1
16.066	25	1	0	0	0	240	100	0	1
16.066	25	2	0	0	0	216	100	0	1
16.066	26	1	0	0	0	240	100	0	1
16.066	26	2	0	0	0	216	100	0	1
16.066	27	1	0	0	0	240	100	0	1
16.066	27	2	0	0	0	216	100	0	1
16.066	28	1	0	0	0	240	100	0	1
16.066	28	2	0	0	0	216	100	0	1
16.066	29	1	0	0	0	240	100	0	1
16.066	29	2	0	0	0	216	100	0	1
16.066	30	1	0	0	0	240	100	0	1
16.066	30	2	0	0	0	216	100	0	1
16.066	31	1	0	0	0	240	100	0	1
16.066	31	2	0	0	0	216	100	0	1
16.066	32	1	0	0	0	240	100	0	1
16.066	32	2	0	0	0	216	100	0	1
16.066	33	1	0	0	0	240	100	0	1
16.066	33	2	0	0	0	216	100	0	1
16.066	34	1	0	0	0	240	100	0	1
16.066	34	2	0	0	0	216	100	0	1
16.066	35	1	0	0	0	240	100	0	1
16.066	35	2	0	0	0	216	100	0	1
16.066	36	1	0	0	0	240	100	0	1
16.066	36	2	0	0	0	216	100	0	1
16.066	37	1	0	0	0	240	100	0	1
16.066	37	2	0	0	0	216	100	0	1
16.066	38	1	0	0	0	240	100	0	1
16.066	38	2	0	0	0	216	100	0	1
16.066	39	1	0	0	0	240	100	0	1
16.066	39	2	0	0	0	216	100	0	1
16.066	40	1	0	0	0	240	100	0	1
16.066	40	2	0	0	0	216	100	0	1
16.066	41	1	0	0	0	240	100	0	1
16.066	41	2	0	0	0	216	100	0	1
16.066	42	1	0	0	0	240	100	0	1
16.066	42	2	0	0	0	216	100	0	1
16.066	43	1	0	0	0	240	100	0	1
16.066	43	2	0	0	0	216	100	0	1
16.066	44	1	0	0	0	240	100	0	1
16.066	44	2	0	0	0	216	100	0	1
16.066	45	1	0	0	0	240	100	0	1
16.066	45	2	0	0	0	216	100	0	1
16.066	46	1	0	0	0	240	100	0	1
16.066	46	2	0	0	0	216	100	0	1
16.066	47	1	0	0	0	240	100	0	1
16.066	47	2	0	0	0	216	100	0	1
16.066	48	1	0	0	0	240	100	0	1
16.066	48	2	0	0	0	216	100	0	1
16.066	49	1	0	0	0	240	100	0	1
16.066	49	2	0	0	0	216	100	0	1
16.066	50	1	0	0	0	240	100	0	1
16.066	50	2	0	0	0	216	100	0	1
16.066	51	1	0	0	0	240	100	0	1
16.066	51	2	0	0	0	216	100	0	1
16.066	52	1	0	0	0	240	100	0	1
16.066	52	2	0	0	0	216	100	0	1
16.066	53	1	0	0	0	240	100	0	1
16.066	53	2	0	0	0	216	100	0	1
16.066	54	1	0	0	0	240	100	0	1
16.066	54	2	0	0	0	216	100	0	1
16.066	55	1	0	0	0	240	100	0	1
16.066	55	2	0	0	0	216	100	0	1
16.066	56	1	0	0	0	240	100	0	1
16.066	56	2	0	0	0	216	100	0	1
16.066	57	1	0	0	0	240	100	0	1
16.066	57	2	0	0	0	216	100	0	1
16.066	58	1	0	0	0	240	100	0	1
16.066	58	2	0	0	0	216	100	0	1
16.066	59	1	0	0	0	240	100	0	1
16.066	59	2	0	0	0	216	100	0	1
16.066	60	1	0	0	0	240	100	0	1
16.066	60	2	0	0	0	216	100	0	1
16.066	61	1	0	0	0	240	100	0	1
16.066	61	2	0	0	0	216	100	0	1
16.066	62	1	0	0	0	240	100	0	1
16.066	62	2	0	0	0	216	100	0	1
16.066	63	1	0	0	0	240	100	0	1
16.066	63	2	0	0	0	216	100	0	1
16.066	64	1	0	0	0	240	100	0	1
16.066	64	2	0	0	0	216	100	0	1
16.066	65	1	0	0	0	240	100	0	1
16.066	65	2	0	0	0	216	100	0	1
16.569	0	1	0	0	0	240	100	0	1
16.569	0	2	0	0	0	216	100	0	1
16.569	1	1	0	0	0	240	100	0	1
16.569	1	2	0	0	0	216	100	0	1
16.569	2	1	0	0	0	240	100	0	1
16.569	2	2	0	0	0	216	100	0	1
16.569	3	1	0	0	0	240	100	0	1
16.569	3	2	0	0	0	216	100	0	1
16.569	4	1	0	0	0	240	100	0	1
16.569	4	2	0	0	0	216	100	0	1
16.569	5	1	0	0	0	240	100	0	1
16.569	5	2	0	0	0	216	100	0	1
16.569	6	1	0	0	0	240	100	0	1
16.569	6	2	0	0	0	216	100	0	1
16.569	7	1	0	0	0	240	100	0	1
16.569	7	2	0	0	0	216	100	0	1
16.569	8	1	0	0	0	240	100	0	1
16.569	8	2	0	0	0	216	100	0	1
16.569	9	1	0	0	0	240	100	0	1
16.569	9	2	0	0	0	216	100	0	1
16.569	10	1	0	0	0	240	100	0	1
16.569	10	2	0	0	0	216	100	0	1
16.569	11	1	0	0	0	240	100	0	1
16.569	11	2	0	0	0	216	100	0	1
16.569	12	1	0	0	0	240	100	0	1
16.569	12	2	0	0	0	216	100	0	1
16.569	13	1	0	0	0	240	100	0	1
16.569	13	2	0	0	0	216	100	0	1
16.569	14	1	0	0	0	240	100	0	1
16.569	14	2	0	0	0	216	100	0	1
16.569	15	1	0	0	0	240	100	0	1
16.569	15	2	0	0	0	216	100	0	1
16.569	16	1	0	0	0	240	100	0	1
16.569	16	2	0	0	0	216	100	0	1
16.569	17	1	0	0	0	240	100	0	1
16.569	17	2	0	0	0	216	100	0	1
16.569	18	1	0	0	0	240	100	0	1
16.569	18	2	0	0	0	216	100	0	1
16.569	19	1	0	0	0	240	100	0	1
16.569	19	2	0	0	0	216	100	0	1
16.569	20	1	0	0	0	240	100	0	1
16.569	20	2	0	0	0	216	100	0	1
16.569	21	1	0	0	0	240	100	0	1
16.569	21	2	0	0	0	216	100	0	1
16.569	22	1	0	0	0	240	100	0	1
16.569	22	2	0	0	0	216	100	0	1
16.569	23	1	0	0	0	240	100	0	1
16.569	23	2	0	0	0	216	100	0	1
16.569	24	1	0	0	0	240	100	0	1
16.569	24	2	0	0	0	216	100	0	1
16.569	25	1	0	0	0	240	100	0	1
16.569	25	2	0	0	0	216	100	0	1
16.569	26	1	0	0	0	240	100	0	1
16.569	26	2	0	0	0	216	100	0	1
16.569	27	1	0	0	0	240	100	0	1
16.569	27	2	0	0	0	216	100	0	1
16.569	28	1	0	0	0	240	100	0	1
16.569	28	2	0	0	0	216	100	0	1
16.569	29	1	0	0	0	240	100	0	1
16.569	29	2	0	0	0	216	100	0	1
16.569	30	1	0	0	0	240	100	0	1
16.569	30	2	0	0	0	216	100	0	1
16.569	31	1	0	0	0	240	100	0	1
16.569	31	2	0	0	0	216	100	0	1
16.569	32	1	0	0	0	240	100	0	1
16.569	32	2	0	0	0	216	100	0	1
16.569	33	1	0	0	0	240	100	0	1
16.569	33	2	0	0	0	216	100	0	1
16.569	34	1	0	0	0	240	100	0	1
16.569	34	2	0	0	0	216	100	0	1
16.569	35	1	0	0	0	240	100	0	1
16.569	35	2	0	0	0	216	100	0	1
16.569	36	1	0	0	0	240	100	0	1
16.569	36	2	0	0	0	216	100	0	1
16.569	37	1	0	0	0	240	100	0	1
16.569	37	2	0	0	0	216	100	0	1
16.569	38	1	0	0	0	240	100	0	1
16.569	38	2	0	0	0	216	100	0	1
16.569	39	1	0	0	0	240	100	0	1
16.569	39	2	0	0	0	216	100	0	1
16.569	40	1	0	0	0	240	100	0	1
16.569	40	2	0	0	0	216	100	0	1
16.569	41	1	0	0	0	240	100	0	1
16.569	41	2	0	0	0	216	100	0	1
16.569	42	1	0	0	0	240	100	0	1
16.569	42	2	0	0	0	216	100	0	1
16.569	43	1	0	0	0	240	100	0	1
16.569	43	2	0	0	0	216	100	0	1
16.569	44	1	0	0	0	240	100	0	1
16.569	44	2	0	0	0	216	100	0	1
16.569	45	1	0	0	0	240	100	0	1
16.569	45	2	0	0	0	216	100	0	1
16.569	46	1	0	0	0	240	100	0	1
16.569	46	2	0	0	0	216	100	0	1
16.569	47	1	0	0	0	240	100	0	1
16.569	47	2	0	0	0	216	100	0	1
16.569	48	1	0	0	0	240	100	0	1
16.569	48	2	0	0	0	216	100	0	1
16.569	49	1	0	0	0	240	100	0	1
16.569	49	2	0	0	0	216	100	0	1
16.569	50	1	0	0	0	240	100	0	1
16.569	50	2	0	0	0	216	100	0	1
16.569	51	1	0	0	0	240	100	0	1
16.569	51	2	0	0	0	216	100	0	1
16.569	52	1	0	0	0	240	100	0	1
16.569	52	2	0	0	0	216	100	0	1
16.569	53	1	0	0	0	240	100	0	1
16.569	53	2	0	0	0	216	100	0	1
16.569	54	1	0	0	0	240	100	0	1
16.569	54	2	0	0	0	216	100	0	1
16.569	55	1	0	0	0	240	100	0	1
16.569	55	2	0	0	0	216	100	0	1
16.569	56	1	0	0	0	240	100	0	1
16.569	56	2	0	0	0	216	100	0	1
16.569	57	1	0	0	0	240	100	0	1
16.569	57	2	0	0	0	216	100	0	1
16.569	58	1	0	0	0	240	100	0	1
16.569	58	2	0	0	0	216	100	0	1
16.569	59	1	0	0	0	240	100	0	1
16.569	59	2	0	0	0	216	100	0	1
16.569	60	1	0	0	0	240	100	0	1
16.569	60	2	0	0	0	216	100	0	1
16.569	61	1	0	0	0	240	100	0	1
16.569	61	2	0	0	0	216	100	0	1
16.569	62	1	0	0	0	240	100	0	1
16.569	62	2	0	0	0	216	100	0	1
16.569	63	1	0	0	0	240	100	0	1
16.569	63	2	0	0	0	216	100	0	1
16.569	64	1	0	0	0	240	100	0	1
16.569	64	2	0	0	0	216	100	0	1
16.569	65	1	0	0	0	240	100	0	1
16.569	65	2	0	0	0	216	100	0	1
17.072	0	1	0	0	0	240	100	0	1
17.072	0	2	0	0	0	216	100	0	1
17.072	1	1	0	0	0	240	100	0	1
17.072	1	2	0	0	0	216	100	0	1
17.072	2	1	0	0	0	240	100	0	1
17.072	2	2	0	0	0	216	100	0	1
17.072	3	1	0	0	0	240	100	0	1
17.072	3	2	0	0	0	216	100	0	1
17.072	4	1	0	0	0	240	100	0	1
17.072	4	2	0	0	0	216	100	0	1
17.072	5	1	0	0	0	240	100	0	1
17.072	5	2	0	0	0	216	100	0	1
17.072	6	1	0	0	0	240	100	0	1
17.072	6	2	0	0	0	216	100	0	1
17.072	7	1	0	0	0	240	100	0	1
17.072	7	2	0	0	0	216	100	0	1
17.072	8	1	0	0	0	240	100	0	1
17.072	8	2	0	0	0	216	100	0	1
17.072	9	1	0	0	0	240	100	0	1
17.072	9	2	0	0	0	216	100	0	1
17.072	10	1	0	0	0	240	100	0	1
17.072	10	2	0	0	0	216	100	0	1
17.072	11	1	0	0	0	240	100	0	1
17.072	11	2	0	0	0	216	100	0	1
17.072	12	1	0	0	0	240	100	0	1
17.072	12	2	0	0	0	216	100	0	1
17.072	13	1	0	0	0	240	100	0	1
17.072	13	2	0	0	0	216	100	0	1
17.072	14	1	0	0	0	240	100	0	1
17.072	14	2	0	0	0	216	100	0	1
17.072	15	1	0	0	0	240	100	0	1
17.072	15	2	0	0	0	216	100	0	1
17.072	16	1	0	0	0	240	100	0	1
17.072	16	2	0	0	0	216	100	0	1
17.072	17	1	0	0	0	240	100	0	1
17.072	17	2	0	0	0	216	100	0	1
17.072	18	1	0	0	0	240	100	0	1
17.072	18	2	0	0	0	216	100	0	1
17.072	19	1	0	0	0	240	100	0	1
17.072	19	2	0	0	0	216	100	0	1
17.072	20	1	0	0	0	240	100	0	1
17.072	20	2	0	0	0	216	100	0	1
17.072	21	1	0	0	0	240	100	0	1
17.072	21	2	0	0	0	216	100	0	1
17.072	22	1	0	0	0	240	100	0	1
17.072	22	2	0	0	0	216	100	0	1
17.072	23	1	0	0	0	240	100	0	1
17.072	23	2	0	0	0	216	100	0	1
17.072	24	1	0	0	0	240	100	0	1
17.072	24	2	0	0	0	216	100	0	1
17.072	25	1	0	0	0	240	100	0	1
17.072	25	2	0	0	0	216	100	0	1
17.072	26	1	0	0	0	240	100	0	1
17.072	26	2	0	0	0	216	100	0	1
17.072	27	1	0	0	0	240	100	0	1
17.072	27	2	0	0	0	216	100	0	1
17.072	28	1	0	0	0	240	100	0	1
17.072	28	2	0	0	0	216	100	0	1
17.072	29	1	0	0	0	240	100	0	1
17.072	29	2	0	0	0	216	100	0	1
17.072	30	1	0	0	0	240	100	0	1
17.072	30	2	0	0	0	216	100	0	1
17.072	31	1	0	0	0	240	100	0	1
17.072	31	2	0	0	0	216	100	0	1
17.072	32	1	0	0	0	240	100	0	1
17.072	32	2	0	0	0	216	100	0	1
17.072	33	1	0	0	0	240	100	0	1
17.072	33	2	0	0	0	216	100	0	1
17.072	34	1	0	0	0	240	100	0	1
17.072	34	2	0	0	0	216	100	0	1
17.072	35	1	0	0	0	240	100	0	1
17.072	35	2	0	0	0	216	100	0	1
17.072	36	1	0	0	0	240	100	0	1
17.072	36	2	0	0	0	216	100	0	1
17.072	37	1	0	0	0	240	100	0	1
17.072	37	2	0	0	0	216	100	0	1
17.072	38	1	0	0	0	240	100	0	1
17.072	38	2	0	0	0	216	100	0	1
17.072	39	1	0	0	0	240	100	0	1
17.072	39	2	0	0	0	216	100	0	1
17.072	40	1	0	0	0	240	100	0	1
17.072	40	2	0	0	0	216	100	0	1
17.072	41	1	0	0	0	240	100	0	1
17.072	41	2	0	0	0	216	100	0	1
17.072	42	1	0	0	0	240	100	0	1
17.072	42	2	0	0	0	216	100	0	1
17.072	43	1	0	0	0	240	100	0	1
17.072	43	2	0	0	0	216	100	0	1
17.072	44	1	0	0	0	240	100	0	1
17.072	44	2	0	0	0	216	100	0	1
17.072	45	1	0	0	0	240	100	0	1
17.072	45	2	0	0	0	216	100	0	1
17.072	46	1	0	0	0	240	100	0	1
17.072	46	2	0	0	0	216	100	0	1
17.072	47	1	0	0	0	240	100	0	1
17.072	47	2	0	0	0	216	100	0	1
17.072	48	1	0	0	0	240	100	0	1
17.072	48	2	0	0	0	216	100	0	1
17.072	49	1	0	0	0	240	100	0	1
17.072	49	2	0	0	0	216	100	0	1
17.072	50	1	0	0	0	240	100	0	1
17.072	50	2	0	0	0	216	100	0	1
17.072	51	1	0	0	0	240	100	0	1
17.072	51	2	0	0	0	216	100	0	1
17.072	52	1	0	0	0	240	100	0	1
17.072	52	2	0	0	0	216	100	0	1
17.072	53	1	0	0	0	240	100	0	1
17.072	53	2	0	0	0	216	100	0	1
17.072	54	1	0	0	0	240	100	0	1
17.072	54	2	0	0	0	216	100	0	1
17.072	55	1	0	0	0	240	100	0	1
17.072	55	2	0	0	0	216	100	0	1
17.072	56	1	0	0	0	240	100	0	1
17.072	56	2	0	0	0	216	100	0	1
17.072	57	1	0	0	0	240	100	0	1
17.072	57	2	0	0	0	216	100	0	1
17.072	58	1	0	0	0	240	100	0	1
17.072	58	2	0	0	0	216	100	0	1
17.072	59	1	0	0	0	240	100	0	1
17.072	59	2	0	0	0	216	100	0	1
17.072	60	1	0	0	0	240	100	0	1
17.072	60	2	0	0	0	216	100	0	1
17.072	61	1	0	0	0	240	100	0	1
17.072	61	2	0	0	0	216	100	0	1
17.072	62	1	0	0	0	240	100	0	1
17.072	62	2	0	0	0	216	100	0	1
17.072	63	1	0	0	0	240	100	0	1
17.072	63	2	0	0	0	216	100	0	1
17.072	64	1	0	0	0	240	100	0	1
17.072	64	2	0	0	0	216	100	0	1
17.072	65	1	0	0	0	240	100	0	1
17.072	65	2	0	0	0	216	100	0	1
17.575	0	1	0	0	0	240	100	0	1
17.575	0	2	0	0	0	216	100	0	1
17.575	1	1	0	0	0	240	100	0	1
17.575	1	2	0	0	0	216	100	0	1
17.575	2	1	0	0	0	240	100	0	1
17.575	2	2	0	0	0	216	100	0	1
17.575	3	1	0	0	0	240	100	0	1
17.575	3	2	0	0	0	216	100	0	1
17.575	4	1	0	0	0	240	100	0	1
17.575	4	2	0	0	0	216	100	0	1
17.575	5	1	0	0	0	240	100	0	1
17.575	5	2	0	0	0	216	100	0	1
17.575	6	1	0	0	0	240	100	0	1
17.575	6	2	0	0	0	216	100	0	1
17.575	7	1	0	0	0	240	100	0	1
17.575	7	2	0	0	0	216	100	0	1
17.575	8	1	0	0	0	240	100	0	1
17.575	8	2	0	0	0	216	100	0	1
17.575	9	1	0	0	0	240	100	0	1
17.575	9	2	0	0	0	216	100	0	1
17.575	10	1	0	0	0	240	100	0	1
17.575	10	2	0	0	0	216	100	0	1
17.575	11	1	0	0	0	240	100	0	1
17.575	11	2	0	0	0	216	100	0	1
17.575	12	1	0	0	0	240	100	0	1
17.575	12	2	0	0	0	216	100	0	1
17.575	13	1	0	0	0	240	100	0	1
17.575	13	2	0	0	0	216	100	0	1
17.575	14	1	0	0	0	240	100	0	1
17.575	14	2	0	0	0	216	100	0	1
17.575	15	1	0	0	0	240	100	0	1
17.575	15	2	0	0	0	216	100	0	1
17.575	16	1	0	0	0	240	100	0	1
17.575	16	2	0	0	0	216	100	0	1
17.575	17	1	0	0	0	240	100	0	1
17.575	17	2	0	0	0	216	100	0	1
17.575	18	1	0	0	0	240	100	0	1
17.575	18	2	0	0	0	216	100	0	1
17.575	19	1	0	0	0	240	100	0	1
17.575	19	2	0	0	0	216	100	0	1
17.575	20	1	0	0	0	240	100	0	1
17.575	20	2	0	0	0	216	100	0	1
17.575	21	1	0	0	0	240	100	0	1
17.575	21	2	0	0	0	216	100	0	1
17.575	22	1	0	0	0	240	100	0	1
17.575	22	2	0	0	0	216	100	0	1
17.575	23	1	0	0	0	240	100	0	1
17.575	23	2	0	0	0	216	100	0	1
17.575	24	1	0	0	0	240	100	0	1
17.575	24	2	0	0	0	216	100	0	1
17.575	25	1	0	0	0	240	100	0	1
17.575	25	2	0	0	0	216	100	0	1
17.575	26	1	0	0	0	240	100	0	1
17.575	26	2	0	0	0	216	100	0	1
17.575	27	1	0	0	0	240	100	0	1
17.575	27	2	0	0	0	216	100	0	1
17.575	28	1	0	0	0	240	100	0	1
17.575	28	2	0	0	0	216	100	0	1
17.575	29	1	0	0	0	240	100	0	1
17.575	29	2	0	0	0	216	100	0	1
17.575	30	1	0	0	0	240	100	0	1
17.575	30	2	0	0	0	216	100	0	1
17.575	31	1	0	0	0	240	100	0	1
17.575	31	2	0	0	0	216	100	0	1
17.575	32	1	0	0	0	240	100	0	1
17.575	32	2	0	0	0	216	100	0	1
17.575	33	1	0	0	0	240	100	0	1
17.575	33	2	0	0	0	216	100	0	1
17.575	34	1	0	0	0	240	100	0	1
17.575	34	2	0	0	0	216	100	0	1
17.575	35	1	0	0	0	240	100	0	1
17.575	35	2	0	0	0	216	100	0	1
17.575	36	1	0	0	0	240	100	0	1
17.575	36	2	0	0	0	216	100	0	1
17.575	37	1	0	0	0	240	100	0	1
17.575	37	2	0	0	0	216	100	0	1
17.575	38	1	0	0	0	240	100	0	1
17.575	38	2	0	0	0	216	100	0	1
17.575	39	1	0	0	0	240	100	0	1
17.575	39	2	0	0	0	216	100	0	1
17.575	40	1	0	0	0	240	100	0	1
17.575	40	2	0	0	0	216	100	0	1
17.575	41	1	0	0	0	240	100	0	1
17.575	41	2	0	0	0	216	100	0	1
17.575	42	1	0	0	0	240	100	0	1
17.575	42	2	0	0	0	216	100	0	1
17.575	43	1	0	0	0	240	100	0	1
17.575	43	2	0	0	0	216	100	0	1
17.575	44	1	0	0	0	240	100	0	1
17.575	44	2	0	0	0	216	100	0	1
17.575	45	1	0	0	0	240	100	0	1
17.575	45	2	0	0	0	216	100	0	1
17.575	46	1	0	0	0	240	100	0	1
17.575	46	2	0	0	0	216	100	0	1
17.575	47	1	0	0	0	240	100	0	1
17.575	47	2	0	0	0	216	100	0	1
17.575	48	1	0	0	0	240	100	0	1
17.575	48	2	0	0	0	216	100	0	1
17.575	49	1	0	0	0	240	100	0	1
17.575	49	2	0	0	0	216	100	0	1
17.575	50	1	0	0	0	240	100	0	1
17.575	50	2	0	0	0	216	100	0	1
17.575	51	1	0	0	0	240	100	0	1
17.575	51	2	0	0	0	216	100	0	1
17.575	52	1	0	0	0	240	100	0	1
17.575	52	2	0	0	0	216	100	0	1
17.575	53	1	0	0	0	240	100	0	1
17.575	53	2	0	0	0	216	100	0	1
17.575	54	1	0	0	0	240	100	0	1
17.575	54	2	0	0	0	216	100	0	1
17.575	55	1	0	0	0	240	100	0	1
17.575	55	2	0	0	0	216	100	0	1
17.575	56	1	0	0	0	240	100	0	1
17.575	56	2	0	0	0	216	100	0	1
17.575	57	1	0	0	0	240	100	0	1
17.575	57	2	0	0	0	216	100	0	1
17.575	58	1	0	0	0	240	100	0	1
17.575	58	2	0	0	0	216	100	0	1
17.575	59	1	0	0	0	240	100	0	1
17.575	59	2	0	0	0	216	100	0	1
17.575	60	1	0	0	0	240	100	0	1
17.575	60	2	0	0	0	216	100	0	1
17.575	61	1	0	0	0	240	100	0	1
17.575	61	2	0	0	0	216	100	0	1
17.575	62	1	0	0	0	240	100	0	1
17.575	62	2	0	0	0	216	100	0	1
17.575	63	1	0	0	0	240	100	0	1
17.575	63	2	0	0	0	216	100	0	1
17.575	64	1	0	0	0	240	100	0	1
17.575	64	2	0	0	0	216	100	0	1
17.575	65	1	0	0	0	240	100	0	1
17.575	65	2	0	0	0	216	100	0	1
18.078	0	1	0	0	0	240	100	0	1
18.078	0	2	0	0	0	216	100	0	1
18.078	1	1	0	0	0	240	100	0	1
18.078	1	2	0	0	0	216	100	0	1
18.078	2	1	0	0	0	240	100	0	1
18.078	2	2	0	0	0	216	100	0	1
18.078	3	1	0	0	0	240	100	0	1
18.078	3	2	0	0	0	216	100	0	1
18.078	4	1	0	0	0	240	100	0	1
18.078	4	2	0	0	0	216	100	0	1
18.078	5	1	0	0	0	240	100	0	1
18.078	5	2	0	0	0	216	100	0	1
18.078	6	1	0	0	0	240	100	0	1
18.078	6	2	0	0	0	216	100	0	1
18.078	7	1	0	0	0	240	100	0	1
18.078	7	2	0	0	0	216	100	0	1
18.078	8	1	0	0	0	240	100	0	1
18.078	8	2	0	0	0	216	100	0	1
18.078	9	1	0	0	0	240	100	0	1
18.078	9	2	0	0	0	216	100	0	1
18.078	10	1	0	0	0	240	100	0	1
18.078	10	2	0	0	0	216	100	0	1
18.078	11	1	0	0	0	240	100	0	1
18.078	11	2	0	0	0	216	100	0	1
18.078	12	1	0	0	0	240	100	0	1
18.078	12	2	0	0	0	216	100	0	1
18.078	13	1	0	0	0	240	100	0	1
18.078	13	2	0	0	0	216	100	0	1
18.078	14	1	0	0	0	240	100	0	1
18.078	14	2	0	0	0	216	100	0	1
18.078	15	1	0	0	0	240	100	0	1
18.078	15	2	0	0	0	216	100	0	1
18.078	16	1	0	0	0	240	100	0	1
18.078	16	2	0	0	0	216	100	0	1
18.078	17	1	0	0	0	240	100	0	1
18.078	17	2	0	0	0	216	100	0	1
18.078	18	1	0	0	0	240	100	0	1
18.078	18	2	0	0	0	216	100	0	1
18.078	19	1	0	0	0	240	100	0	1
18.078	19	2	0	0	0	216	100	0	1
18.078	20	1	0	0	0	240	100	0	1
18.078	20	2	0	0	0	216	100	0	1
18.078	21	1	0	0	0	240	100	0	1
18.078	21	2	0	0	0	216	100	0	1
18.078	22	1	0	0	0	240	100	0	1
18.078	22	2	0	0	0	216	100	0	1
18.078	23	1	0	0	0	240	100	0	1
18.078	23	2	0	0	0	216	100	0	1
18.078	24	1	0	0	0	240	100	0	1
18.078	24	2	0	0	0	216	100	0	1
18.078	25	1	0	0	0	240	100	0	1
18.078	25	2	0	0	0	216	100	0	1
18.078	26	1	0	0	0	240	100	0	1
18.078	26	2	0	0	0	216	100	0	1
18.078	27	1	0	0	0	240	100	0	1
18.078	27	2	0	0	0	216	100	0	1
18.078	28	1	0	0	0	240	100	0	1
18.078	28	2	0	0	0	216	100	0	1
18.078	29	1	0	0	0	240	100	0	1
18.078	29	2	0	0	0	216	100	0	1
18.078	30	1	0	0	0	240	100	0	1
18.078	30	2	0	0	0	216	100	0	1
18.078	31	1	0	0	0	240	100	0	1
18.078	31	2	0	0	0	216	100	0	1
18.078	32	1	0	0	0	240	100	0	1
18.078	32	2	0	0	0	216	100	0	1
18.078	33	1	0	0	0	240	100	0	1
18.078	33	2	0	0	0	216	100	0	1
18.078	34	1	0	0	0	240	100	0	1
18.078	34	2	0	0	0	216	100	0	1
18.078	35	1	0	0	0	240	100	0	1
18.078	35	2	0	0	0	216	100	0	1
18.078	36	1	0	0	0	240	100	0	1
18.078	36	2	0	0	0	216	100	0	1
18.078	37	1	0	0	0	240	100	0	1
18.078	37	2	0	0	0	216	100	0	1
18.078	38	1	0	0	0	240	100	0	1
18.078	38	2	0	0	0	216	100	0	1
18.078	39	1	0	0	0	240	100	0	1
18.078	39	2	0	0	0	216	100	0	1
18.078	40	1	0	0	0	240	100	0	1
18.078	40	2	0	0	0	216	100	0	1
18.078	41	1	0	0	0	240	100	0	1
18.078	41	2	0	0	0	216	100	0	1
18.078	42	1	0	0	0	240	100	0	1
18.078	42	2	0	0	0	216	100	0	1
18.078	43	1	0	0	0	240	100	0	1
18.078	43	2	0	0	0	216	100	0	1
18.078	44	1	0	0	0	240	100	0	1
18.078	44	2	0	0	0	216	100	0	1
18.078	45	1	0	0	0	240	100	0	1
18.078	45	2	0	0	0	216	100	0	1
18.078	46	1	0	0	0	240	100	0	1
18.078	46	2	0	0	0	216	100	0	1
18.078	47	1	0	0	0	240	100	0	1
18.078	47	2	0	0	0	216	100	0	1
18.078	48	1	0	0	0	240	100	0	1
18.078	48	2	0	0	0	216	100	0	1
18.078	49	1	0	0	0	240	100	0	1
18.078	49	2	0	0	0	216	100	0	1
18.078	50	1	0	0	0	240	100	0	1
18.078	50	2	0	0	0	216	100	0	1
18.078	51	1	0	0	0	240	100	0	1
18.078	51	2	0	0	0	216	100	0	1
18.078	52	1	0	0	0	240	100	0	1
18.078	52	2	0	0	0	216	100	0	1
18.078	53	1	0	0	0	240	100	0	1
18.078	53	2	0	0	0	216	100	0	1
18.078	54	1	0	0	0	240	100	0	1
18.078	54	2	0	0	0	216	100	0	1
18.078	55	1	0	0	0	240	100	0	1
18.078	55	2	0	0	0	216	100	0	1
18.078	56	1	0	0	0	240	100	0	1
18.078	56	2	0	0	0	216	100	0	1
18.078	57	1	0	0	0	240	100	0	1
18.078	57	2	0	0	0	216	100	0	1
18.078	58	1	0	0	0	240	100	0	1
18.078	58	2	0	0	0	216	100	0	1
18.078	59	1	0	0	0	240	100	0	1
18.078	59	2	0	0	0	216	100	0	1
18.078	60	1	0	0	0	240	100	0	1
18.078	60	2	0	0	0	216	100	0	1
18.078	61	1	0	0	0	240	100	0	1
18.078	61	2	0	0	0	216	100	0	1
18.078	62	1	0	0	0	240	100	0	1
18.078	62	2	0	0	0	216	100	0	1
18.078	63	1	0	0	0	240	100	0	1
18.078	63	2	0	0	0	216	100	0	1
18.078	64	1	0	0	0	240	100	0	1
18.078	64	2	0	0	0	216	100	0	1
18.078	65	1	0	0	0	240	100	0	1
18.078	65	2	0	0	0	216	100	0	1
18.581	0	1	0	0	0	240	100	0	1
18.581	0	2	0	0	0	216	100	0	1
18.581	1	1	0	0	0	240	100	0	1
18.581	1	2	0	0	0	216	100	0	1
18.581	2	1	0	0	0	240	100	0	1
18.581	2	2	0	0	0	216	100	0	1
18.581	3	1	0	0	0	240	100	0	1
18.581	3	2	0	0	0	216	100	0	1
18.581	4	1	0	0	0	240	100	0	1
18.581	4	2	0	0	0	216	100	0	1
18.581	5	1	0	0	0	240	100	0	1
18.581	5	2	0	0	0	216	100	0	1
18.581	6	1	0	0	0	240	100	0	1
18.581	6	2	0	0	0	216	100	0	1
18.581	7	1	0	0	0	240	100	0	1
18.581	7	2	0	0	0	216	100	0	1
18.581	8	1	0	0	0	240	100	0	1
18.581	8	2	0	0	0	216	100	0	1
18.581	9	1	0	0	0	240	100	0	1
18.581	9	2	0	0	0	216	100	0	1
18.581	10	1	0	0	0	240	100	0	1
18.581	10	2	0	0	0	216	100	0	1
18.581	11	1	0	0	0	240	100	0	1
18.581	11	2	0	0	0	216	100	0	1
18.581	12	1	0	0	0	240	100	0	1
18.581	12	2	0	0	0	216	100	0	1
18.581	13	1	0	0	0	240	100	0	1
18.581	13	2	0	0	0	216	100	0	1
18.581	14	1	0	0	0	240	100	0	1
18.581	14	2	0	0	0	216	100	0	1
18.581	15	1	0	0	0	240	100	0	1
18.581	15	2	0	0	0	216	100	0	1
18.581	16	1	0	0	0	240	100	0	1
18.581	16	2	0	0	0	216	100	0	1
18.581	17	1	0	0	0	240	100	0	1
18.581	17	2	0	0	0	216	100	0	1
18.581	18	1	0	0	0	240	100	0	1
18.581	18	2	0	0	0	216	100	0	1
18.581	19	1	0	0	0	240	100	0	1
18.581	19	2	0	0	0	216	100	0	1
18.581	20	1	0	0	0	240	100	0	1
18.581	20	2	0	0	0	216	100	0	1
18.581	21	1	0	0	0	240	100	0	1
18.581	21	2	0	0	0	216	100	0	1
18.581	22	1	0	0	0	240	100	0	1
18.581	22	2	0	0	0	216	100	0	1
18.581	23	1	0	0	0	240	100	0	1
18.581	23	2	0	0	0	216	100	0	1
18.581	24	1	0	0	0	240	100	0	1
18.581	24	2	0	0	0	216	100	0	1
18.581	25	1	0	0	0	240	100	0	1
18.581	25	2	0	0	0	216	100	0	1
18.581	26	1	0	0	0	240	100	0	1
18.581	26	2	0	0	0	216	100	0	1
18.581	27	1	0	0	0	240	100	0	1
18.581	27	2	0	0	0	216	100	0	1
18.581	28	1	0	0	0	240	100	0	1
18.581	28	2	0	0	0	216	100	0	1
18.581	29	1	0	0	0	240	100	0	1
18.581	29	2	0	0	0	216	100	0	1
18.581	30	1	0	0	0	240	100	0	1
18.581	30	2	0	0	0	216	100	0	1
18.581	31	1	0	0	0	240	100	0	1
18.581	31	2	0	0	0	216	100	0	1
18.581	32	1	0	0	0	240	100	0	1
18.581	32	2	0	0	0	216	100	0	1
18.581	33	1	0	0	0	240	100	0	1
18.581	33	2	0	0	0	216	100	0	1
18.581	34	1	0	0	0	240	100	0	1
18.581	34	2	0	0	0	216	100	0	1
18.581	35	1	0	0	0	240	100	0	1
18.581	35	2	0	0	0	216	100	0	1
18.581	36	1	0	0	0	240	100	0	1
18.581	36	2	0	0	0	216	100	0	1
18.581	37	1	0	0	0	240	100	0	1
18.581	37	2	0	0	0	216	100	0	1
18.581	38	1	0	0	0	240	100	0	1
18.581	38	2	0	0	0	216	100	0	1
18.581	39	1	0	0	0	240	100	0	1
18.581	39	2	0	0	0	216	100	0	1
18.581	40	1	0	0	0	240	100	0	1
18.581	40	2	0	0	0	216	100	0	1
18.581	41	1	0	0	0	240	100	0	1
18.581	41	2	0	0	0	216	100	0	1
18.581	42	1	0	0	0	240	100	0	1
18.581	42	2	0	0	0	216	100	0	1
18.581	43	1	0	0	0	240	100	0	1
18.581	43	2	0	0	0	216	100	0	1
18.581	44	1	0	0	0	240	100	0	1
18.581	44	2	0	0	0	216	100	0	1
18.581	45	1	0	0	0	240	100	0	1
18.581	45	2	0	0	0	216	100	0	1
18.581	46	1	0	0	0	240	100	0	1
18.581	46	2	0	0	0	216	100	0	1
18.581	47	1	0	0	0	240	100	0	1
18.581	47	2	0	0	0	216	100	0	1
18.581	48	1	0	0	0	240	100	0	1
18.581	48	2	0	0	0	216	100	0	1
18.581	49	1	0	0	0	240	100	0	1
18.581	49	2	0	0	0	216	100	0	1
18.581	50	1	0	0	0	240	100	0	1
18.581	50	2	0	0	0	216	100	0	1
18.581	51	1	0	0	0	240	100	0	1
18.581	51	2	0	0	0	216	100	0	1
18.581	52	1	0	0	0	240	100	0	1
18.581	52	2	0	0	0	216	100	0	1
18.581	53	1	0	0	0	240	100	0	1
18.581	53	2	0	0	0	216	100	0	1
18.581	54	1	0	0	0	240	100	0	1
18.581	54	2	0	0	0	216	100	0	1
18.581	55	1	0	0	0	240	100	0	1
18.581	55	2	0	0	0	216	100	0	1
18.581	56	1	0	0	0	240	100	0	1
18.581	56	2	0	0	0	216	100	0	1
18.581	57	1	0	0	0	240	100	0	1
18.581	57	2	0	0	0	216	100	0	1
18.581	58	1	0	0	0	240	100	0	1
18.581	58	2	0	0	0	216	100	0	1
18.581	59	1	0	0	0	240	100	0	1
18.581	59	2	0	0	0	216	100	0	1
18.581	60	1	0	0	0	240	100	0	1
18.581	60	2	0	0	0	216	100	0	1
18.581	61	1	0	0	0	240	100	0	1
18.581	61	2	0	0	0	216	100	0	1
18.581	62	1	0	0	0	240	100	0	1
18.581	62	2	0	0	0	216	100	0	1
18.581	63	1	0	0	0	240	100	0	1
18.581	63	2	0	0	0	216	100	0	1
18.581	64	1	0	0	0	240	100	0	1
18.581	64	2	0	0	0	216	100	0	1
18.581	65	1	0	0	0	240	100	0	1
18.581	65	2	0	0	0	216	100	0	1
19.084	0	1	0	0	0	240	100	0	1
19.084	0	2	0	0	0	216	100	0	1
19.084	1	1	0	0	0	240	100	0	1
19.084	1	2	0	0	0	216	100	0	1
19.084	2	1	0	0	0	240	100	0	1
19.084	2	2	0	0	0	216	100	0	1
19.084	3	1	0	0	0	240	100	0	1
19.084	3	2	0	0	0	216	100	0	1
19.084	4	1	0	0	0	240	100	0	1
19.084	4	2	0	0	0	216	100	0	1
19.084	5	1	0	0	0	240	100	0	1
19.084	5	2	0	0	0	216	100	0	1
19.084	6	1	0	0	0	240	100	0	1
19.084	6	2	0	0	0	216	100	0	1
19.084	7	1	0	0	0	240	100	0	1
19.084	7	2	0	0	0	216	100	0	1
19.084	8	1	0	0	0	240	100	0	1
19.084	8	2	0	0	0	216	100	0	1
19.084	9	1	0	0	0	240	100	0	1
19.084	9	2	0	0	0	216	100	0	1
19.084	10	1	0	0	0	240	100	0	1
19.084	10	2	0	0	0	216	100	0	1
19.084	11	1	0	0	0	240	100	0	1
19.084	11	2	0	0	0	216	100	0	1
19.084	12	1	0	0	0	240	100	0	1
19.084	12	2	0	0	0	216	100	0	1
19.084	13	1	0	0	0	240	100	0	1
19.084	13	2	0	0	0	216	100	0	1
19.084	14	1	0	0	0	240	100	0	1
19.084	14	2	0	0	0	216	100	0	1
19.084	15	1	0	0	0	240	100	0	1
19.084	15	2	0	0	0	216	100	0	1
19.084	16	1	0	0	0	240	100	0	1
19.084	16	2	0	0	0	216	100	0	1
19.084	17	1	0	0	0	240	100	0	1
19.084	17	2	0	0	0	216	100	0	1
19.084	18	1	0	0	0	240	100	0	1
19.084	18	2	0	0	0	216	100	0	1
19.084	19	1	0	0	0	240	100	0	1
19.084	19	2	0	0	0	216	100	0	1
19.084	20	1	0	0	0	240	100	0	1
19.084	20	2	0	0	0	216	100	0	1
19.084	21	1	0	0	0	240	100	0	1
19.084	21	2	0	0	0	216	100	0	1
19.084	22	1	0	0	0	240	100	0	1
19.084	22	2	0	0	0	216	100	0	1
19.084	23	1	0	0	0	240	100	0	1
19.084	23	2	0	0	0	216	100	0	1
19.084	24	1	0	0	0	240	100	0	1
19.084	24	2	0	0	0	216	100	0	1
19.084	25	1	0	0	0	240	100	0	1
19.084	25	2	0	0	0	216	100	0	1
19.084	26	1	0	0	0	240	100	0	1
19.084	26	2	0	0	0	216	100	0	1
19.084	27	1	0	0	0	240	100	0	1
19.084	27	2	0	0	0	216	100	0	1
19.084	28	1	0	0	0	240	100	0	1
19.084	28	2	0	0	0	216	100	0	1
19.084	29	1	0	0	0	240	100	0	1
19.084	29	2	0	0	0	216	100	0	1
19.084	30	1	0	0	0	240	100	0	1
19.084	30	2	0	0	0	216	100	0	1
19.084	31	1	0	0	0	240	100	0	1
19.084	31	2	0	0	0	216	100	0	1
19.084	32	1	0	0	0	240	100	0	1
19.084	32	2	0	0	0	216	100	0	1
19.084	33	1	0	0	0	240	100	0	1
19.084	33	2	0	0	0	216	100	0	1
19.084	34	1	0	0	0	240	100	0	1
19.084	34	2	0	0	0	216	100	0	1
19.084	35	1	0	0	0	240	100	0	1
19.084	35	2	0	0	0	216	100	0	1
19.084	36	1	0	0	0	240	100	0	1
19.084	36	2	0	0	0	216	100	0	1
19.084	37	1	0	0	0	240	100	0	1
19.084	37	2	0	0	0	216	100	0	1
19.084	38	1	0	0	0	240	100	0	1
19.084	38	2	0	0	0	216	100	0	1
19.084	39	1	0	0	0	240	100	0	1
19.084	39	2	0	0	0	216	100	0	1
19.084	40	1	0	0	0	240	100	0	1
19.084	40	2	0	0	0	216	100	0	1
19.084	41	1	0	0	0	240	100	0	1
19.084	41	2	0	0	0	216	100	0	1
19.084	42	1	0	0	0	240	100	0	1
19.084	42	2	0	0	0	216	100	0	1
19.084	43	1	0	0	0	240	100	0	1
19.084	43	2	0	0	0	216	100	0	1
19.084	44	1	0	0	0	240	100	0	1
19.084	44	2	0	0	0	216	100	0	1
19.084	45	1	0	0	0	240	100	0	1
19.084	45	2	0	0	0	216	100	0	1
19.084	46	1	0	0	0	240	100	0	1
19.084	46	2	0	0	0	216	100	0	1
19.084	47	1	0	0	0	240	100	0	1
19.084	47	2	0	0	0	216	100	0	1
19.084	48	1	0	0	0	240	100	0	1
19.084	48	2	0	0	0	216	100	0	1
19.084	49	1	0	0	0	240	100	0	1
19.084	49	2	0	0	0	216	100	0	1
19.084	50	1	0	0	0	240	100	0	1
19.084	50	2	0	0	0	216	100	0	1
19.084	51	1	0	0	0	240	100	0	1
19.084	51	2	0	0	0	216	100	0	1
19.084	52	1	0	0	0	240	100	0	1
19.084	52	2	0	0	0	216	100	0	1
19.084	53	1	0	0	0	240	100	0	1
19.084	53	2	0	0	0	216	100	0	1
19.084	54	1	0	0	0	240	100	0	1
19.084	54	2	0	0	0	216	100	0	1
19.084	55	1	0	0	0	240	100	0	1
19.084	55	2	0	0	0	216	100	0	1
19.084	56	1	0	0	0	240	100	0	1
19.084	56	2	0	0	0	216	100	0	1
19.084	57	1	0	0	0	240	100	0	1
19.084	57	2	0	0	0	216	100	0	1
19.084	58	1	0	0	0	240	100	0	1
19.084	58	2	0	0	0	216	100	0	1
19.084	59	1	0	0	0	240	100	0	1
19.084	59	2	0	0	0	216	100	0	1
19.084	60	1	0	0	0	240	100	0	1
19.084	60	2	0	0	0	216	100	0	1
19.084	61	1	0	0	0	240	100	0	1
19.084	61	2	0	0	0	216	100	0	1
19.084	62	1	0	0	0	240	100	0	1
19.084	62	2	0	0	0	216	100	0	1
19.084	63	1	0	0	0	240	100	0	1
19.084	63	2	0	0	0	216	100	0	1
19.084	64	1	0	0	0	240	100	0	1
19.084	64	2	0	0	0	216	100	0	1
19.084	65	1	0	0	0	240	100	0	1
19.084	65	2	0	0	0	216	100	0	1
19.587	0	1	0	0	0	240	100	0	1
19.587	0	2	0	0	0	216	100	0	1
19.587	1	1	0	0	0	240	100	0	1
19.587	1	2	0	0	0	216	100	0	1
19.587	2	1	0	0	0	240	100	0	1
19.587	2	2	0	0	0	216	100	0	1
19.587	3	1	0	0	0	240	100	0	1
19.587	3	2	0	0	0	216	100	0	1
19.587	4	1	0	0	0	240	100	0	1
19.587	4	2	0	0	0	216	100	0	1
19.587	5	1	0	0	0	240	100	0	1
19.587	5	2	0	0	0	216	100	0	1
19.587	6	1	0	0	0	240	100	0	1
19.587	6	2	0	0	0	216	100	0	1
19.587	7	1	0	0	0	240	100	0	1
19.587	7	2	0	0	0	216	100	0	1
19.587	8	1	0	0	0	240	100	0	1
19.587	8	2	0	0	0	216	100	0	1
19.587	9	1	0	0	0	240	100	0	1
19.587	9	2	0	0	0	216	100	0	1
19.587	10	1	0	0	0	240	100	0	1
19.587	10	2	0	0	0	216	100	0	1
19.587	11	1	0	0	0	240	100	0	1
19.587	11	2	0	0	0	216	100	0	1
19.587	12	1	0	0	0	240	100	0	1
19.587	12	2	0	0	0	216	100	0	1
19.587	13	1	0	0	0	240	100	0	1
19.587	13	2	0	0	0	216	100	0	1
19.587	14	1	0	0	0	240	100	0	1
19.587	14	2	0	0	0	216	100	0	1
19.587	15	1	0	0	0	240	100	0	1
19.587	15	2	0	0	0	216	100	0	1
19.587	16	1	0	0	0	240	100	0	1
19.587	16	2	0	0	0	216	100	0	1
19.587	17	1	0	0	0	240	100	0	1
19.587	17	2	0	0	0	216	100	0	1
19.587	18	1	0	0	0	240	100	0	1
19.587	18	2	0	0	0	216	100	0	1
19.587	19	1	0	0	0	240	100	0	1
19.587	19	2	0	0	0	216	100	0	1
19.587	20	1	0	0	0	240	100	0	1
19.587	20	2	0	0	0	216	100	0	1
19.587	21	1	0	0	0	240	100	0	1
19.587	21	2	0	0	0	216	100	0	1
19.587	22	1	0	0	0	240	100	0	1
19.587	22	2	0	0	0	216	100	0	1
19.587	23	1	0	0	0	240	100	0	1
19.587	23	2	0	0	0	216	100	0	1
19.587	24	1	0	0	0	240	100	0	1
19.587	24	2	0	0	0	216	100	0	1
19.587	25	1	0	0	0	240	100	0	1
19.587	25	2	0	0	0	216	100	0	1
19.587	26	1	0	0	0	240	100	0	1
19.587	26	2	0	0	0	216	100	0	1
19.587	27	1	0	0	0	240	100	0	1
19.587	27	2	0	0	0	216	100	0	1
19.587	28	1	0	0	0	240	100	0	1
19.587	28	2	0	0	0	216	100	0	1
19.587	29	1	0	0	0	240	100	0	1
19.587	29	2	0	0	0	216	100	0	1
19.587	30	1	0	0	0	240	100	0	1
19.587	30	2	0	0	0	216	100	0	1
19.587	31	1	0	0	0	240	100	0	1
19.587	31	2	0	0	0	216	100	0	1
19.587	32	1	0	0	0	240	100	0	1
19.587	32	2	0	0	0	216	100	0	1
19.587	33	1	0	0	0	240	100	0	1
19.587	33	2	0	0	0	216	100	0	1
19.587	34	1	0	0	0	240	100	0	1
19.587	34	2	0	0	0	216	100	0	1
19.587	35	1	0	0	0	240	100	0	1
19.587	35	2	0	0	0	216	100	0	1
19.587	36	1	0	0	0	240	100	0	1
19.587	36	2	0	0	0	216	100	0	1
19.587	37	1	0	0	0	240	100	0	1
19.587	37	2	0	0	0	216	100	0	1
19.587	38	1	0	0	0	240	100	0	1
19.587	38	2	0	0	0	216	100	0	1
19.587	39	1	0	0	0	240	100	0	1
19.587	39	2	0	0	0	216	100	0	1
19.587	40	1	0	0	0	240	100	0	1
19.587	40	2	0	0	0	216	100	0	1
19.587	41	1	0	0	0	240	100	0	1
19.587	41	2	0	0	0	216	100	0	1
19.587	42	1	0	0	0	240	100	0	1
19.587	42	2	0	0	0	216	100	0	1
19.587	43	1	0	0	0	240	100	0	1
19.587	43	2	0	0	0	216	100	0	1
19.587	44	1	0	0	0	240	100	0	1
19.587	44	2	0	0	0	216	100	0	1
19.587	45	1	0	0	0	240	100	0	1
19.587	45	2	0	0	0	216	100	0	1
19.587	46	1	0	0	0	240	100	0	1
19.587	46	2	0	0	0	216	100	0	1
19.587	47	1	0	0	0	240	100	0	1
19.587	47	2	0	0	0	216	100	0	1
19.587	48	1	0	0	0	240	100	0	1
19.587	48	2	0	0	0	216	100	0	1
19.587	49	1	0	0	0	240	100	0	1
19.587	49	2	0	0	0	216	100	0	1
19.587	50	1	0	0	0	240	100	0	1
19.587	50	2	0	0	0	216	100	0	1
19.587	51	1	0	0	0	240	100	0	1
19.587	51	2	0	0	0	216	100	0	1
19.587	52	1	0	0	0	240	100	0	1
19.587	52	2	0	0	0	216	100	0	1
19.587	53	1	0	0	0	240	100	0	1
19.587	53	2	0	0	0	216	100	0	1
19.587	54	1	0	0	0	240	100	0	1
19.587	54	2	0	0	0	216	100	0	1
19.587	55	1	0	0	0	240	100	0	1
19.587	55	2	0	0	0	216	100	0	1
19.587	56	1	0	0	0	240	100	0	1
19.587	56	2	0	0	0	216	100	0	1
19.587	57	1	0	0	0	240	100	0	1
19.587	57	2	0	0	0	216	100	0	1
19.587	58	1	0	0	0	240	100	0	1
19.587	58	2	0	0	0	216	100	0	1
19.587	59	1	0	0	0	240	100	0	1
19.587	59	2	0	0	0	216	100	0	1
19.587	60	1	0	0	0	240	100	0	1
19.587	60	2	0	0	0	216	100	0	1
19.587	61	1	0	0	0	240	100	0	1
19.587	61	2	0	0	0	216	100	0	1
19.587	62	1	0	0	0	240	100	0	1
19.587	62	2	0	0	0	216	100	0	1
19.587	63	1	0	0	0	240	100	0	1
19.587	63	2	0	0	0	216	100	0	1
19.587	64	1	0	0	0	240	100	0	1
19.587	64	2	0	0	0	216	100	0	1
19.587	65	1	0	0	0	240	100	0	1
19.587	65	2	0	0	0	216	100	0	1
20.09	0	1	0	0	0	240	100	0	1
20.09	0	2	0	0	0	216	100	0	1
20.09	1	1	0	0	0	240	100	0	1
20.09	1	2	0	0	0	216	100	0	1
20.09	2	1	0	0	0	240	100	0	1
20.09	2	2	0	0	0	216	100	0	1
20.09	3	1	0	0	0	240	100	0	1
20.09	3	2	0	0	0	216	100	0	1
20.09	4	1	0	0	0	240	100	0	1
20.09	4	2	0	0	0	216	100	0	1
20.09	5	1	0	0	0	240	100	0	1
20.09	5	2	0	0	0	216	100	0	1
20.09	6	1	0	0	0	240	100	0	1
20.09	6	2	0	0	0	216	100	0	1
20.09	7	1	0	0	0	240	100	0	1
20.09	7	2	0	0	0	216	100	0	1
20.09	8	1	0	0	0	240	100	0	1
20.09	8	2	0	0	0	216	100	0	1
20.09	9	1	0	0	0	240	100	0	1
20.09	9	2	0	0	0	216	100	0	1
20.09	10	1	0	0	0	240	100	0	1
20.09	10	2	0	0	0	216	100	0	1
20.09	11	1	0	0	0	240	100	0	1
20.09	11	2	0	0	0	216	100	0	1
20.09	12	1	0	0	0	240	100	0	1
20.09	12	2	0	0	0	216	100	0	1
20.09	13	1	0	0	0	240	100	0	1
20.09	13	2	0	0	0	216	100	0	1
20.09	14	1	0	0	0	240	100	0	1
20.09	14	2	0	0	0	216	100	0	1
20.09	15	1	0	0	0	240	100	0	1
20.09	15	2	0	0	0	216	100	0	1
20.09	16	1	0	0	0	240	100	0	1
20.09	16	2	0	0	0	216	100	0	1
20.09	17	1	0	0	0	240	100	0	1
20.09	17	2	0	0	0	216	100	0	1
20.09	18	1	0	0	0	240	100	0	1
20.09	18	2	0	0	0	216	100	0	1
20.09	19	1	0	0	0	240	100	0	1
20.09	19	2	0	0	0	216	100	0	1
20.09	20	1	0	0	0	240	100	0	1
20.09	20	2	0	0	0	216	100	0	1
20.09	21	1	0	0	0	240	100	0	1
20.09	21	2	0	0	0	216	100	0	1
20.09	22	1	0	0	0	240	100	0	1
20.09	22	2	0	0	0	216	100	0	1
20.09	23	1	0	0	0	240	100	0	1
20.09	23	2	0	0	0	216	100	0	1
20.09	24	1	0	0	0	240	100	0	1
20.09	24	2	0	0	0	216	100	0	1
20.09	25	1	0	0	0	240	100	0	1
20.09	25	2	0	0	0	216	100	0	1
20.09	26	1	0	0	0	240	100	0	1
20.09	26	2	0	0	0	216	100	0	1
20.09	27	1	0	0	0	240	100	0	1
20.09	27	2	0	0	0	216	100	0	1
20.09	28	1	0	0	0	240	100	0	1
20.09	28	2	0	0	0	216	100	0	1
20.09	29	1	0	0	0	240	100	0	1
20.09	29	2	0	0	0	216	100	0	1
20.09	30	1	0	0	0	240	100	0	1
20.09	30	2	0	0	0	216	100	0	1
20.09	31	1	0	0	0	240	100	0	1
20.09	31	2	0	0	0	216	100	0	1
20.09	32	1	0	0	0	240	100	0	1
20.09	32	2	0	0	0	216	100	0	1
20.09	33	1	0	0	0	240	100	0	1
20.09	33	2	0	0	0	216	100	0	1
20.09	34	1	0	0	0	240	100	0	1
20.09	34	2	0	0	0	216	100	0	1
20.09	35	1	0	0	0	240	100	0	1
20.09	35	2	0	0	0	216	100	0	1
20.09	36	1	0	0	0	240	100	0	1
20.09	36	2	0	0	0	216	100	0	1
20.09	37	1	0	0	0	240	100	0	1
20.09	37	2	0	0	0	216	100	0	1
20.09	38	1	0	0	0	240	100	0	1
20.09	38	2	0	0	0	216	100	0	1
20.09	39	1	0	0	0	240	100	0	1
20.09	39	2	0	0	0	216	100	0	1
20.09	40	1	0	0	0	240	100	0	1
20.09	40	2	0	0	0	216	100	0	1
20.09	41	1	0	0	0	240	100	0	1
20.09	41	2	0	0	0	216	100	0	1
20.09	42	1	0	0	0	240	100	0	1
20.09	42	2	0	0	0	216	100	0	1
20.09	43	1	0	0	0	240	100	0	1
20.09	43	2	0	0	0	216	100	0	1
20.09	44	1	0	0	0	240	100	0	1
20.09	44	2	0	0	0	216	100	0	1
20.09	45	1	0	0	0	240	100	0	1
20.09	45	2	0	0	0	216	100	0	1
20.09	46	1	0	0	0	240	100	0	1
20.09	46	2	0	0	0	216	100	0	1
20.09	47	1	0	0	0	240	100	0	1
20.09	47	2	0	0	0	216	100	0	1
20.09	48	1	0	0	0	240	100	0	1
20.09	48	2	0	0	0	216	100	0	1
20.09	49	1	0	0	0	240	100	0	1
20.09	49	2	0	0	0	216	100	0	1
20.09	50	1	0	0	0	240	100	0	1
20.09	50	2	0	0	0	216	100	0	1
20.09	51	1	0	0	0	240	100	0	1
20.09	51	2	0	0	0	216	100	0	1
20.09	52	1	0	0	0	240	100	0	1
20.09	52	2	0	0	0	216	100	0	1
20.09	53	1	0	0	0	240	100	0	1
20.09	53	2	0	0	0	216	100	0	1
20.09	54	1	0	0	0	240	100	0	1
20.09	54	2	0	0	0	216	100	0	1
20.09	55	1	0	0	0	240	100	0	1
20.09	55	2	0	0	0	216	100	0	1
20.09	56	1	0	0	0	240	100	0	1
20.09	56	2	0	0	0	216	100	0	1
20.09	57	1	0	0	0	240	100	0	1
20.09	57	2	0	0	0	216	100	0	1
20.09	58	1	0	0	0	240	100	0	1
20.09	58	2	0	0	0	216	100	0	1
20.09	59	1	0	0	0	240	100	0	1
20.09	59	2	0	0	0	216	100	0	1
20.09	60	1	0	0	0	240	100	0	1
20.09	60	2	0	0	0	216	100	0	1
20.09	61	1	0	0	0	240	100	0	1
20.09	61	2	0	0	0	216	100	0	1
20.09	62	1	0	0	0	240	100	0	1
20.09	62	2	0	0	0	216	100	0	1
20.09	63	1	0	0	0	240	100	0	1
20.09	63	2	0	0	0	216	100	0	1
20.09	64	1	0	0	0	240	100	0	1
20.09	64	2	0	0	0	216	100	0	1
20.09	65	1	0	0	0	240	100	0	1
20.09	65	2	0	0	0	216	100	0	1
20.593	0	1	0	0	0	240	100	0	1
20.593	0	2	0	0	0	216	100	0	1
20.593	1	1	0	0	0	240	100	0	1
20.593	1	2	0	0	0	216	100	0	1
20.593	2	1	0	0	0	240	100	0	1
20.593	2	2	0	0	0	216	100	0	1
20.593	3	1	0	0	0	240	100	0	1
20.593	3	2	0	0	0	216	100	0	1
20.593	4	1	0	0	0	240	100	0	1
20.593	4	2	0	0	0	216	100	0	1
20.593	5	1	0	0	0	240	100	0	1
20.593	5	2	0	0	0	216	100	0	1
20.593	6	1	0	0	0	240	100	0	1
20.593	6	2	0	0	0	216	100	0	1
20.593	7	1	0	0	0	240	100	0	1
20.593	7	2	0	0	0	216	100	0	1
20.593	8	1	0	0	0	240	100	0	1
20.593	8	2	0	0	0	216	100	0	1
20.593	9	1	0	0	0	240	100	0	1
20.593	9	2	0	0	0	216	100	0	1
20.593	10	1	0	0	0	240	100	0	1
20.593	10	2	0	0	0	216	100	0	1
20.593	11	1	0	0	0	240	100	0	1
20.593	11	2	0	0	0	216	100	0	1
20.593	12	1	0	0	0	240	100	0	1
20.593	12	2	0	0	0	216	100	0	1
20.593	13	1	0	0	0	240	100	0	1
20.593	13	2	0	0	0	216	100	0	1
20.593	14	1	0	0	0	240	100	0	1
20.593	14	2	0	0	0	216	100	0	1
20.593	15	1	0	0	0	240	100	0	1
20.593	15	2	0	0	0	216	100	0	1
20.593	16	1	0	0	0	240	100	0	1
20.593	16	2	0	0	0	216	100	0	1
20.593	17	1	0	0	0	240	100	0	1
20.593	17	2	0	0	0	216	100	0	1
20.593	18	1	0	0	0	240	100	0	1
20.593	18	2	0	0	0	216	100	0	1
20.593	19	1	0	0	0	240	100	0	1
20.593	19	2	0	0	0	216	100	0	1
20.593	20	1	0	0	0	240	100	0	1
20.593	20	2	0	0	0	216	100	0	1
20.593	21	1	0	0	0	240	100	0	1
20.593	21	2	0	0	0	216	100	0	1
20.593	22	1	0	0	0	240	100	0	1
20.593	22	2	0	0	0	216	100	0	1
20.593	23	1	0	0	0	240	100	0	1
20.593	23	2	0	0	0	216	100	0	1
20.593	24	1	0	0	0	240	100	0	1
20.593	24	2	0	0	0	216	100	0	1
20.593	25	1	0	0	0	240	100	0	1
20.593	25	2	0	0	0	216	100	0	1
20.593	26	1	0	0	0	240	100	0	1
20.593	26	2	0	0	0	216	100	0	1
20.593	27	1	0	0	0	240	100	0	1
20.593	27	2	0	0	0	216	100	0	1
20.593	28	1	0	0	0	240	100	0	1
20.593	28	2	0	0	0	216	100	0	1
20.593	29	1	0	0	0	240	100	0	1
20.593	29	2	0	0	0	216	100	0	1
20.593	30	1	0	0	0	240	100	0	1
20.593	30	2	0	0	0	216	100	0	1
20.593	31	1	0	0	0	240	100	0	1
20.593	31	2	0	0	0	216	100	0	1
20.593	32	1	0	0	0	240	100	0	1
20.593	32	2	0	0	0	216	100	0	1
20.593	33	1	0	0	0	240	100	0	1
20.593	33	2	0	0	0	216	100	0	1
20.593	34	1	0	0	0	240	100	0	1
20.593	34	2	0	0	0	216	100	0	1
20.593	35	1	0	0	0	240	100	0	1
20.593	35	2	0	0	0	216	100	0	1
20.593	36	1	0	0	0	240	100	0	1
20.593	36	2	0	0	0	216	100	0	1
20.593	37	1	0	0	0	240	100	0	1
20.593	37	2	0	0	0	216	100	0	1
20.593	38	1	0	0	0	240	100	0	1
20.593	38	2	0	0	0	216	100	0	1
20.593	39	1	0	0	0	240	100	0	1
20.593	39	2	0	0	0	216	100	0	1
20.593	40	1	0	0	0	240	100	0	1
20.593	40	2	0	0	0	216	100	0	1
20.593	41	1	0	0	0	240	100	0	1
20.593	41	2	0	0	0	216	100	0	1
20.593	42	1	0	0	0	240	100	0	1
20.593	42	2	0	0	0	216	100	0	1
20.593	43	1	0	0	0	240	100	0	1
20.593	43	2	0	0	0	216	100	0	1
20.593	44	1	0	0	0	240	100	0	1
20.593	44	2	0	0	0	216	100	0	1
20.593	45	1	0	0	0	240	100	0	1
20.593	45	2	0	0	0	216	100	0	1
20.593	46	1	0	0	0	240	100	0	1
20.593	46	2	0	0	0	216	100	0	1
20.593	47	1	0	0	0	240	100	0	1
20.593	47	2	0	0	0	216	100	0	1
20.593	48	1	0	0	0	240	100	0	1
20.593	48	2	0	0	0	216	100	0	1
20.593	49	1	0	0	0	240	100	0	1
20.593	49	2	0	0	0	216	100	0	1
20.593	50	1	0	0	0	240	100	0	1
20.593	50	2	0	0	0	216	100	0	1
20.593	51	1	0	0	0	240	100	0	1
20.593	51	2	0	0	0	216	100	0	1
20.593	52	1	0	0	0	240	100	0	1
20.593	52	2	0	0	0	216	100	0	1
20.593	53	1	0	0	0	240	100	0	1
20.593	53	2	0	0	0	216	100	0	1
20.593	54	1	0	0	0	240	100	0	1
20.593	54	2	0	0	0	216	100	0	1
20.593	55	1	0	0	0	240	100	0	1
20.593	55	2	0	0	0	216	100	0	1
20.593	56	1	0	0	0	240	100	0	1
20.593	56	2	0	0	0	216	100	0	1
20.593	57	1	0	0	0	240	100	0	1
20.593	57	2	0	0	0	216	100	0	1
20.593	58	1	0	0	0	240	100	0	1
20.593	58	2	0	0	0	216	100	0	1
20.593	59	1	0	0	0	240	100	0	1
20.593	59	2	0	0	0	216	100	0	1
20.593	60	1	0	0	0	240	100	0	1
20.593	60	2	0	0	0	216	100	0	1
20.593	61	1	0	0	0	240	100	0	1
20.593	61	2	0	0	0	216	100	0	1
20.593	62	1	0	0	0	240	100	0	1
20.593	62	2	0	0	0	216	100	0	1
20.593	63	1	0	0	0	240	100	0	1
20.593	63	2	0	0	0	216	100	0	1
20.593	64	1	0	0	0	240	100	0	1
20.593	64	2	0	0	0	216	100	0	1
20.593	65	1	0	0	0	240	100	0	1
20.593	65	2	0	0	0	216	100	0	1
21.096	0	1	0	0	0	240	100	0	1
21.096	0	2	0	0	0	216	100	0	1
21.096	1	1	0	0	0	240	100	0	1
21.096	1	2	0	0	0	216	100	0	1
21.096	2	1	0	0	0	240	100	0	1
21.096	2	2	0	0	0	216	100	0	1
21.096	3	1	0	0	0	240	100	0	1
21.096	3	2	0	0	0	216	100	0	1
21.096	4	1	0	0	0	240	100	0	1
21.096	4	2	0	0	0	216	100	0	1
21.096	5	1	0	0	0	240	100	0	1
21.096	5	2	0	0	0	216	100	0	1
21.096	6	1	0	0	0	240	100	0	1
21.096	6	2	0	0	0	216	100	0	1
21.096	7	1	0	0	0	240	100	0	1
21.096	7	2	0	0	0	216	100	0	1
21.096	8	1	0	0	0	240	100	0	1
21.096	8	2	0	0	0	216	100	0	1
21.096	9	1	0	0	0	240	100	0	1
21.096	9	2	0	0	0	216	100	0	1
21.096	10	1	0	0	0	240	100	0	1
21.096	10	2	0	0	0	216	100	0	1
21.096	11	1	0	0	0	240	100	0	1
21.096	11	2	0	0	0	216	100	0	1
21.096	12	1	0	0	0	240	100	0	1
21.096	12	2	0	0	0	216	100	0	1
21.096	13	1	0	0	0	240	100	0	1
21.096	13	2	0	0	0	216	100	0	1
21.096	14	1	0	0	0	240	100	0	1
21.096	14	2	0	0	0	216	100	0	1
21.096	15	1	0	0	0	240	100	0	1
21.096	15	2	0	0	0	216	100	0	1
21.096	16	1	0	0	0	240	100	0	1
21.096	16	2	0	0	0	216	100	0	1
21.096	17	1	0	0	0	240	100	0	1
21.096	17	2	0	0	0	216	100	0	1
21.096	18	1	0	0	0	240	100	0	1
21.096	18	2	0	0	0	216	100	0	1
21.096	19	1	0	0	0	240	100	0	1
21.096	19	2	0	0	0	216	100	0	1
21.096	20	1	0	0	0	240	100	0	1
21.096	20	2	0	0	0	216	100	0	1
21.096	21	1	0	0	0	240	100	0	1
21.096	21	2	0	0	0	216	100	0	1
21.096	22	1	0	0	0	240	100	0	1
21.096	22	2	0	0	0	216	100	0	1
21.096	23	1	0	0	0	240	100	0	1
21.096	23	2	0	0	0	216	100	0	1
21.096	24	1	0	0	0	240	100	0	1
21.096	24	2	0	0	0	216	100	0	1
21.096	25	1	0	0	0	240	100	0	1
21.096	25	2	0	0	0	216	100	0	1
21.096	26	1	0	0	0	240	100	0	1
21.096	26	2	0	0	0	216	100	0	1
21.096	27	1	0	0	0	240	100	0	1
21.096	27	2	0	0	0	216	100	0	1
21.096	28	1	0	0	0	240	100	0	1
21.096	28	2	0	0	0	216	100	0	1
21.096	29	1	0	0	0	240	100	0	1
21.096	29	2	0	0	0	216	100	0	1
21.096	30	1	0	0	0	240	100	0	1
21.096	30	2	0	0	0	216	100	0	1
21.096	31	1	0	0	0	240	100	0	1
21.096	31	2	0	0	0	216	100	0	1
21.096	32	1	0	0	0	240	100	0	1
21.096	32	2	0	0	0	216	100	0	1
21.096	33	1	0	0	0	240	100	0	1
21.096	33	2	0	0	0	216	100	0	1
21.096	34	1	0	0	0	240	100	0	1
21.096	34	2	0	0	0	216	100	0	1
21.096	35	1	0	0	0	240	100	0	1
21.096	35	2	0	0	0	216	100	0	1
21.096	36	1	0	0	0	240	100	0	1
21.096	36	2	0	0	0	216	100	0	1
21.096	37	1	0	0	0	240	100	0	1
21.096	37	2	0	0	0	216	100	0	1
21.096	38	1	0	0	0	240	100	0	1
21.096	38	2	0	0	0	216	100	0	1
21.096	39	1	0	0	0	240	100	0	1
21.096	39	2	0	0	0	216	100	0	1
21.096	40	1	0	0	0	240	100	0	1
21.096	40	2	0	0	0	216	100	0	1
21.096	41	1	0	0	0	240	100	0	1
21.096	41	2	0	0	0	216	100	0	1
21.096	42	1	0	0	0	240	100	0	1
21.096	42	2	0	0	0	216	100	0	1
21.096	43	1	0	0	0	240	100	0	1
21.096	43	2	0	0	0	216	100	0	1
21.096	44	1	0	0	0	240	100	0	1
21.096	44	2	0	0	0	216	100	0	1
21.096	45	1	0	0	0	240	100	0	1
21.096	45	2	0	0	0	216	100	0	1
21.096	46	1	0	0	0	240	100	0	1
21.096	46	2	0	0	0	216	100	0	1
21.096	47	1	0	0	0	240	100	0	1
21.096	47	2	0	0	0	216	100	0	1
21.096	48	1	0	0	0	240	100	0	1
21.096	48	2	0	0	0	216	100	0	1
21.096	49	1	0	0	0	240	100	0	1
21.096	49	2	0	0	0	216	100	0	1
21.096	50	1	0	0	0	240	100	0	1
21.096	50	2	0	0	0	216	100	0	1
21.096	51	1	0	0	0	240	100	0	1
21.096	51	2	0	0	0	216	100	0	1
21.096	52	1	0	0	0	240	100	0	1
21.096	52	2	0	0	0	216	100	0	1
21.096	53	1	0	0	0	240	100	0	1
21.096	53	2	0	0	0	216	100	0	1
21.096	54	1	0	0	0	240	100	0	1
21.096	54	2	0	0	0	216	100	0	1
21.096	55	1	0	0	0	240	100	0	1
21.096	55	2	0	0	0	216	100	0	1
21.096	56	1	0	0	0	240	100	0	1
21.096	56	2	0	0	0	216	100	0	1
21.096	57	1	0	0	0	240	100	0	1
21.096	57	2	0	0	0	216	100	0	1
21.096	58	1	0	0	0	240	100	0	1
21.096	58	2	0	0	0	216	100	0	1
21.096	59	1	0	0	0	240	100	0	1
21.096	59	2	0	0	0	216	100	0	1
21.096	60	1	0	0	0	240	100	0	1
21.096	60	2	0	0	0	216	100	0	1
21.096	61	1	0	0	0	240	100	0	1
21.096	61	2	0	0	0	216	100	0	1
21.096	62	1	0	0	0	240	100	0	1
21.096	62	2	0	0	0	216	100	0	1
21.096	63	1	0	0	0	240	100	0	1
21.096	63	2	0	0	0	216	100	0	1
21.096	64	1	0	0	0	240	100	0	1
21.096	64	2	0	0	0	216	100	0	1
21.096	65	1	0	0	0	240	100	0	1
21.096	65	2	0	0	0	216	100	0	1
21.599	0	1	0	0	0	264	100	0	1
21.599	0	2	0	0	0	192	100	0	1
21.599	1	1	0	0	0	264	100	0	1
21.599	1	2	0	0	0	192	100	0	1
21.599	2	1	0	0	0	264	100	0	1
21.599	2	2	0	0	0	192	100	0	1
21.599	3	1	0	0	0	264	100	0	1
21.599	3	2	0	0	0	192	100	0	1
21.599	4	1	0	0	0	264	100	0	1
21.599	4	2	0	0	0	192	100	0	1
21.599	5	1	0	0	0	264	100	0	1
21.599	5	2	0	0	0	192	100	0	1
21.599	6	1	0	0	0	264	100	0	1
21.599	6	2	0	0	0	192	100	0	1
21.599	7	1	0	0	0	264	100	0	1
21.599	7	2	0	0	0	192	100	0	1
21.599	8	1	0	0	0	264	100	0	1
21.599	8	2	0	0	0	192	100	0	1
21.599	9	1	0	0	0	264	100	0	1
21.599	9	2	0	0	0	192	100	0	1
21.599	10	1	0	0	0	264	100	0	1
21.599	10	2	0	0	0	192	100	0	1
21.599	11	1	0	0	0	264	100	0	1
21.599	11	2	0	0	0	192	100	0	1
21.599	12	1	0	0	0	264	100	0	1
21.599	12	2	0	0	0	192	100	0	1
21.599	13	1	0	0	0	264	100	0	1
21.599	13	2	0	0	0	192	100	0	1
21.599	14	1	0	0	0	264	100	0	1
21.599	14	2	0	0	0	192	100	0	1
21.599	15	1	0	0	0	264	100	0	1
21.599	15	2	0	0	0	192	100	0	1
21.599	16	1	0	0	0	264	100	0	1
21.599	16	2	0	0	0	192	100	0	1
21.599	17	1	0	0	0	264	100	0	1
21.599	17	2	0	0	0	192	100	0	1
21.599	18	1	0	0	0	264	100	0	1
21.599	18	2	0	0	0	192	100	0	1
21.599	19	1	0	0	0	264	100	0	1
21.599	19	2	0	0	0	192	100	0	1
21.599	20	1	0	0	0	264	100	0	1
21.599	20	2	0	0	0	192	100	0	1
21.599	21	1	0	0	0	264	100	0	1
21.599	21	2	0	0	0	192	100	0	1
21.599	22	1	0	0	0	264	100	0	1
21.599	22	2	0	0	0	192	100	0	1
21.599	23	1	0	0	0	264	100	0	1
21.599	23	2	0	0	0	192	100	0	1
21.599	24	1	0	0	0	264	100	0	1
21.599	24	2	0	0	0	192	100	0	1
21.599	25	1	0	0	0	264	100	0	1
21.599	25	2	0	0	0	192	100	0	1
21.599	26	1	0	0	0	264	100	0	1
21.599	26	2	0	0	0	192	100	0	1
21.599	27	1	0	0	0	264	100	0	1
21.599	27	2	0	0	0	192	100	0	1
21.599	28	1	0	0	0	264	100	0	1
21.599	28	2	0	0	0	192	100	0	1
21.599	29	1	0	0	0	264	100	0	1
21.599	29	2	0	0	0	192	100	0	1
21.599	30	1	0	0	0	264	100	0	1
21.599	30	2	0	0	0	192	100	0	1
21.599	31	1	0	0	0	264	100	0	1
21.599	31	2	0	0	0	192	100	0	1
21.599	32	1	0	0	0	264	100	0	1
21.599	32	2	0	0	0	192	100	0	1
21.599	33	1	0	0	0	264	100	0	1
21.599	33	2	0	0	0	192	100	0	1
21.599	34	1	0	0	0	264	100	0	1
21.599	34	2	0	0	0	192	100	0	1
21.599	35	1	0	0	0	264	100	0	1
21.599	35	2	0	0	0	192	100	0	1
21.599	36	1	0	0	0	264	100	0	1
21.599	36	2	0	0	0	192	100	0	1
21.599	37	1	0	0	0	264	100	0	1
21.599	37	2	0	0	0	192	100	0	1
21.599	38	1	0	0	0	264	100	0	1
21.599	38	2	0	0	0	192	100	0	1
21.599	39	1	0	0	0	264	100	0	1
21.599	39	2	0	0	0	192	100	0	1
21.599	40	1	0	0	0	264	100	0	1
21.599	40	2	0	0	0	192	100	0	1
21.599	41	1	0	0	0	264	100	0	1
21.599	41	2	0	0	0	192	100	0	1
21.599	42	1	0	0	0	264	100	0	1
21.599	42	2	0	0	0	192	100	0	1
21.599	43	1	0	0	0	264	100	0	1
21.599	43	2	0	0	0	192	100	0	1
21.599	44	1	0	0	0	264	100	0	1
21.599	44	2	0	0	0	192	100	0	1
21.599	45	1	0	0	0	264	100	0	1
21.599	45	2	0	0	0	192	100	0	1
21.599	46	1	0	0	0	264	100	0	1
21.599	46	2	0	0	0	192	100	0	1
21.599	47	1	0	0	0	264	100	0	1
21.599	47	2	0	0	0	192	100	0	1
21.599	48	1	0	0	0	264	100	0	1
21.599	48	2	0	0	0	192	100	0	1
21.599	49	1	0	0	0	264	100	0	1
21.599	49	2	0	0	0	192	100	0	1
21.599	50	1	0	0	0	264	100	0	1
21.599	50	2	0	0	0	192	100	0	1
21.599	51	1	0	0	0	264	100	0	1
21.599	51	2	0	0	0	192	100	0	1
21.599	52	1	0	0	0	264	100	0	1
21.599	52	2	0	0	0	192	100	0	1
21.599	53	1	0	0	0	264	100	0	1
21.599	53	2	0	0	0	192	100	0	1
21.599	54	1	0	0	0	264	100	0	1
21.599	54	2	0	0	0	192	100	0	1
21.599	55	1	0	0	0	264	100	0	1
21.599	55	2	0	0	0	192	100	0	1
21.599	56	1	0	0	0	264	100	0	1
21.599	56	2	0	0	0	192	100	0	1
21.599	57	1	0	0	0	264	100	0	1
21.599	57	2	0	0	0	192	100	0	1
21.599	58	1	0	0	0	264	100	0	1
21.599	58	2	0	0	0	192	100	0	1
21.599	59	1	0	0	0	264	100	0	1
21.599	59	2	0	0	0	192	100	0	1
21.599	60	1	0	0	0	264	100	0	1
21.599	60	2	0	0	0	192	100	0	1
21.599	61	1	0	0	0	264	100	0	1
21.599	61	2	0	0	0	192	100	0	1
21.599	62	1	0	0	0	264	100	0	1
21.599	62	2	0	0	0	192	100	0	1
21.599	63	1	0	0	0	264	100	0	1
21.599	63	2	0	0	0	192	100	0	1
21.599	64	1	0	0	0	264	100	0	1
21.599	64	2	0	0	0	192	100	0	1
21.599	65	1	0	0	0	264	100	0	1
21.599	65	2	0	0	0	192	100	0	1
22.102	0	1	0	0	0	264	100	0	1
22.102	0	2	0	0	0	192	100	0	1
22.102	1	1	0	0	0	264	100	0	1
22.102	1	2	0	0	0	192	100	0	1
22.102	2	1	0	0	0	264	100	0	1
22.102	2	2	0	0	0	192	100	0	1
22.102	3	1	0	0	0	264	100	0	1
22.102	3	2	0	0	0	192	100	0	1
22.102	4	1	0	0	0	264	100	0	1
22.102	4	2	0	0	0	192	100	0	1
22.102	5	1	0	0	0	264	100	0	1
22.102	5	2	0	0	0	192	100	0	1
22.102	6	1	0	0	0	264	100	0	1
22.102	6	2	0	0	0	192	100	0	1
22.102	7	1	0	0	0	264	100	0	1
22.102	7	2	0	0	0	192	100	0	1
22.102	8	1	0	0	0	264	100	0	1
22.102	8	2	0	0	0	192	100	0	1
22.102	9	1	0	0	0	264	100	0	1
22.102	9	2	0	0	0	192	100	0	1
22.102	10	1	0	0	0	264	100	0	1
22.102	10	2	0	0	0	192	100	0	1
22.102	11	1	0	0	0	264	100	0	1
22.102	11	2	0	0	0	192	100	0	1
22.102	12	1	0	0	0	264	100	0	1
22.102	12	2	0	0	0	192	100	0	1
22.102	13	1	0	0	0	264	100	0	1
22.102	13	2	0	0	0	192	100	0	1
22.102	14	1	0	0	0	264	100	0	1
22.102	14	2	0	0	0	192	100	0	1
22.102	15	1	0	0	0	264	100	0	1
22.102	15	2	0	0	0	192	100	0	1
22.102	16	1	0	0	0	264	100	0	1
22.102	16	2	0	0	0	192	100	0	1
22.102	17	1	0	0	0	264	100	0	1
22.102	17	2	0	0	0	192	100	0	1
22.102	18	1	0	0	0	264	100	0	1
22.102	18	2	0	0	0	192	100	0	1
22.102	19	1	0	0	0	264	100	0	1
22.102	19	2	0	0	0	192	100	0	1
22.102	20	1	0	0	0	264	100	0	1
22.102	20	2	0	0	0	192	100	0	1
22.102	21	1	0	0	0	264	100	0	1
22.102	21	2	0	0	0	192	100	0	1
22.102	22	1	0	0	0	264	100	0	1
22.102	22	2	0	0	0	192	100	0	1
22.102	23	1	0	0	0	264	100	0	1
22.102	23	2	0	0	0	192	100	0	1
22.102	24	1	0	0	0	264	100	0	1
22.102	24	2	0	0	0	192	100	0	1
22.102	25	1	0	0	0	264	100	0	1
22.102	25	2	0	0	0	192	100	0	1
22.102	26	1	0	0	0	264	100	0	1
22.102	26	2	0	0	0	192	100	0	1
22.102	27	1	0	0	0	264	100	0	1
22.102	27	2	0	0	0	192	100	0	1
22.102	28	1	0	0	0	264	100	0	1
22.102	28	2	0	0	0	192	100	0	1
22.102	29	1	0	0	0	264	100	0	1
22.102	29	2	0	0	0	192	100	0	1
22.102	30	1	0	0	0	264	100	0	1
22.102	30	2	0	0	0	192	100	0	1
22.102	31	1	0	0	0	264	100	0	1
22.102	31	2	0	0	0	192	100	0	1
22.102	32	1	0	0	0	264	100	0	1
22.102	32	2	0	0	0	192	100	0	1
22.102	33	1	0	0	0	264	100	0	1
22.102	33	2	0	0	0	192	100	0	1
22.102	34	1	0	0	0	264	100	0	1
22.102	34	2	0	0	0	192	100	0	1
22.102	35	1	0	0	0	264	100	0	1
22.102	35	2	0	0	0	192	100	0	1
22.102	36	1	0	0	0	264	100	0	1
22.102	36	2	0	0	0	192	100	0	1
22.102	37	1	0	0	0	264	100	0	1
22.102	37	2	0	0	0	192	100	0	1
22.102	38	1	0	0	0	264	100	0	1
22.102	38	2	0	0	0	192	100	0	1
22.102	39	1	0	0	0	264	100	0	1
22.102	39	2	0	0	0	192	100	0	1
22.102	40	1	0	0	0	264	100	0	1
22.102	40	2	0	0	0	192	100	0	1
22.102	41	1	0	0	0	264	100	0	1
22.102	41	2	0	0	0	192	100	0	1
22.102	42	1	0	0	0	264	100	0	1
22.102	42	2	0	0	0	192	100	0	1
22.102	43	1	0	0	0	264	100	0	1
22.102	43	2	0	0	0	192	100	0	1
22.102	44	1	0	0	0	264	100	0	1
22.102	44	2	0	0	0	192	100	0	1
22.102	45	1	0	0	0	264	100	0	1
22.102	45	2	0	0	0	192	100	0	1
22.102	46	1	0	0	0	264	100	0	1
22.102	46	2	0	0	0	192	100	0	1
22.102	47	1	0	0	0	264	100	0	1
22.102	47	2	0	0	0	192	100	0	1
22.102	48	1	0	0	0	264	100	0	1
22.102	48	2	0	0	0	192	100	0	1
22.102	49	1	0	0	0	264	100	0	1
22.102	49	2	0	0	0	192	100	0	1
22.102	50	1	0	0	0	264	100	0	1
22.102	50	2	0	0	0	192	100	0	1
22.102	51	1	0	0	0	264	100	0	1
22.102	51	2	0	0	0	192	100	0	1
22.102	52	1	0	0	0	264	100	0	1
22.102	52	2	0	0	0	192	100	0	1
22.102	53	1	0	0	0	264	100	0	1
22.102	53	2	0	0	0	192	100	0	1
22.102	54	1	0	0	0	264	100	0	1
22.102	54	2	0	0	0	192	100	0	1
22.102	55	1	0	0	0	264	100	0	1
22.102	55	2	0	0	0	192	100	0	1
22.102	56	1	0	0	0	264	100	0	1
22.102	56	2	0	0	0	192	100	0	1
22.102	57	1	0	0	0	264	100	0	1
22.102	57	2	0	0	0	192	100	0	1
22.102	58	1	0	0	0	264	100	0	1
22.102	58	2	0	0	0	192	100	0	1
22.102	59	1	0	0	0	264	100	0	1
22.102	59	2	0	0	0	192	100	0	1
22.102	60	1	0	0	0	264	100	0	1
22.102	60	2	0	0	0	192	100	0	1
22.102	61	1	0	0	0	264	100	0	1
22.102	61	2	0	0	0	192	100	0	1
22.102	62	1	0	0	0	264	100	0	1
22.102	62	2	0	0	0	192	100	0	1
22.102	63	1	0	0	0	264	100	0	1
22.102	63	2	0	0	0	192	100	0	1
22.102	64	1	0	0	0	264	100	0	1
22.102	64	2	0	0	0	192	100	0	1
22.102	65	1	0	0	0	264	100	0	1
22.102	65	2	0	0	0	192	100	0	1
22.605	0	1	0	0	0	264	100	0	1
22.605	0	2	0	0	0	192	100	0	1
22.605	1	1	0	0	0	264	100	0	1
22.605	1	2	0	0	0	192	100	0	1
22.605	2	1	0	0	0	264	100	0	1
22.605	2	2	0	0	0	192	100	0	1
22.605	3	1	0	0	0	264	100	0	1
22.605	3	2	0	0	0	192	100	0	1
22.605	4	1	0	0	0	264	100	0	1
22.605	4	2	0	0	0	192	100	0	1
22.605	5	1	0	0	0	264	100	0	1
22.605	5	2	0	0	0	192	100	0	1
22.605	6	1	0	0	0	264	100	0	1
22.605	6	2	0	0	0	192	100	0	1
22.605	7	1	0	0	0	264	100	0	1
22.605	7	2	0	0	0	192	100	0	1
22.605	8	1	0	0	0	264	100	0	1
22.605	8	2	0	0	0	192	100	0	1
22.605	9	1	0	0	0	264	100	0	1
22.605	9	2	0	0	0	192	100	0	1
22.605	10	1	0	0	0	264	100	0	1
22.605	10	2	0	0	0	192	100	0	1
22.605	11	1	0	0	0	264	100	0	1
22.605	11	2	0	0	0	192	100	0	1
22.605	12	1	0	0	0	264	100	0	1
22.605	12	2	0	0	0	192	100	0	1
22.605	13	1	0	0	0	264	100	0	1
22.605	13	2	0	0	0	192	100	0	1
22.605	14	1	0	0	0	264	100	0	1
22.605	14	2	0	0	0	192	100	0	1
22.605	15	1	0	0	0	264	100	0	1
22.605	15	2	0	0	0	192	100	0	1
22.605	16	1	0	0	0	264	100	0	1
22.605	16	2	0	0	0	192	100	0	1
22.605	17	1	0	0	0	264	100	0	1
22.605	17	2	0	0	0	192	100	0	1
22.605	18	1	0	0	0	264	100	0	1
22.605	18	2	0	0	0	192	100	0	1
22.605	19	1	0	0	0	264	100	0	1
22.605	19	2	0	0	0	192	100	0	1
22.605	20	1	0	0	0	264	100	0	1
22.605	20	2	0	0	0	192	100	0	1
22.605	21	1	0	0	0	264	100	0	1
22.605	21	2	0	0	0	192	100	0	1
22.605	22	1	0	0	0	264	100	0	1
22.605	22	2	0	0	0	192	100	0	1
22.605	23	1	0	0	0	264	100	0	1
22.605	23	2	0	0	0	192	100	0	1
22.605	24	1	0	0	0	264	100	0	1
22.605	24	2	0	0	0	192	100	0	1
22.605	25	1	0	0	0	264	100	0	1
22.605	25	2	0	0	0	192	100	0	1
22.605	26	1	0	0	0	264	100	0	1
22.605	26	2	0	0	0	192	100	0	1
22.605	27	1	0	0	0	264	100	0	1
22.605	27	2	0	0	0	192	100	0	1
22.605	28	1	0	0	0	264	100	0	1
22.605	28	2	0	0	0	192	100	0	1
22.605	29	1	0	0	0	264	100	0	1
22.605	29	2	0	0	0	192	100	0	1
22.605	30	1	0	0	0	264	100	0	1
22.605	30	2	0	0	0	192	100	0	1
22.605	31	1	0	0	0	264	100	0	1
22.605	31	2	0	0	0	192	100	0	1
22.605	32	1	0	0	0	264	100	0	1
22.605	32	2	0	0	0	192	100	0	1
22.605	33	1	0	0	0	264	100	0	1
22.605	33	2	0	0	0	192	100	0	1
22.605	34	1	0	0	0	264	100	0	1
22.605	34	2	0	0	0	192	100	0	1
22.605	35	1	0	0	0	264	100	0	1
22.605	35	2	0	0	0	192	100	0	1
22.605	36	1	0	0	0	264	100	0	1
22.605	36	2	0	0	0	192	100	0	1
22.605	37	1	0	0	0	264	100	0	1
22.605	37	2	0	0	0	192	100	0	1
22.605	38	1	0	0	0	264	100	0	1
22.605	38	2	0	0	0	192	100	0	1
22.605	39	1	0	0	0	264	100	0	1
22.605	39	2	0	0	0	192	100	0	1
22.605	40	1	0	0	0	264	100	0	1
22.605	40	2	0	0	0	192	100	0	1
22.605	41	1	0	0	0	264	100	0	1
22.605	41	2	0	0	0	192	100	0	1
22.605	42	1	0	0	0	264	100	0	1
22.605	42	2	0	0	0	192	100	0	1
22.605	43	1	0	0	0	264	100	0	1
22.605	43	2	0	0	0	192	100	0	1
22.605	44	1	0	0	0	264	100	0	1
22.605	44	2	0	0	0	192	100	0	1
22.605	45	1	0	0	0	264	100	0	1
22.605	45	2	0	0	0	192	100	0	1
22.605	46	1	0	0	0	264	100	0	1
22.605	46	2	0	0	0	192	100	0	1
22.605	47	1	0	0	0	264	100	0	1
22.605	47	2	0	0	0	192	100	0	1
22.605	48	1	0	0	0	264	100	0	1
22.605	48	2	0	0	0	192	100	0	1
22.605	49	1	0	0	0	264	100	0	1
22.605	49	2	0	0	0	192	100	0	1
22.605	50	1	0	0	0	264	100	0	1
22.605	50	2	0	0	0	192	100	0	1
22.605	51	1	0	0	0	264	100	0	1
22.605	51	2	0	0	0	192	100	0	1
22.605	52	1	0	0	0	264	100	0	1
22.605	52	2	0	0	0	192	100	0	1
22.605	53	1	0	0	0	264	100	0	1
22.605	53	2	0	0	0	192	100	0	1
22.605	54	1	0	0	0	264	100	0	1
22.605	54	2	0	0	0	192	100	0	1
22.605	55	1	0	0	0	264	100	0	1
22.605	55	2	0	0	0	192	100	0	1
22.605	56	1	0	0	0	264	100	0	1
22.605	56	2	0	0	0	192	100	0	1
22.605	57	1	0	0	0	264	100	0	1
22.605	57	2	0	0	0	192	100	0	1
22.605	58	1	0	0	0	264	100	0	1
22.605	58	2	0	0	0	192	100	0	1
22.605	59	1	0	0	0	264	100	0	1
22.605	59	2	0	0	0	192	100	0	1
22.605	60	1	0	0	0	264	100	0	1
22.605	60	2	0	0	0	192	100	0	1
22.605	61	1	0	0	0	264	100	0	1
22.605	61	2	0	0	0	192	100	0	1
22.605	62	1	0	0	0	264	100	0	1
22.605	62	2	0	0	0	192	100	0	1
22.605	63	1	0	0	0	264	100	0	1
22.605	63	2	0	0	0	192	100	0	1
22.605	64	1	0	0	0	264	100	0	1
22.605	64	2	0	0	0	192	100	0	1
22.605	65	1	0	0	0	264	100	0	1
22.605	65	2	0	0	0	192	100	0	1
23.108	0	1	0	0	0	264	100	0	1
23.108	0	2	0	0	0	192	100	0	1
23.108	1	1	0	0	0	264	100	0	1
23.108	1	2	0	0	0	192	100	0	1
23.108	2	1	0	0	0	264	100	0	1
23.108	2	2	0	0	0	192	100	0	1
23.108	3	1	0	0	0	264	100	0	1
23.108	3	2	0	0	0	192	100	0	1
23.108	4	1	0	0	0	264	100	0	1
23.108	4	2	0	0	0	192	100	0	1
23.108	5	1	0	0	0	264	100	0	1
23.108	5	2	0	0	0	192	100	0	1
23.108	6	1	0	0	0	264	100	0	1
23.108	6	2	0	0	0	192	100	0	1
23.108	7	1	0	0	0	264	100	0	1
23.108	7	2	0	0	0	192	100	0	1
23.108	8	1	0	0	0	264	100	0	1
23.108	8	2	0	0	0	192	100	0	1
23.108	9	1	0	0	0	264	100	0	1
23.108	9	2	0	0	0	192	100	0	1
23.108	10	1	0	0	0	264	100	0	1
23.108	10	2	0	0	0	192	100	0	1
23.108	11	1	0	0	0	264	100	0	1
23.108	11	2	0	0	0	192	100	0	1
23.108	12	1	0	0	0	264	100	0	1
23.108	12	2	0	0	0	192	100	0	1
23.108	13	1	0	0	0	264	100	0	1
23.108	13	2	0	0	0	192	100	0	1
23.108	14	1	0	0	0	264	100	0	1
23.108	14	2	0	0	0	192	100	0	1
23.108	15	1	0	0	0	264	100	0	1
23.108	15	2	0	0	0	192	100	0	1
23.108	16	1	0	0	0	264	100	0	1
23.108	16	2	0	0	0	192	100	0	1
23.108	17	1	0	0	0	264	100	0	1
23.108	17	2	0	0	0	192	100	0	1
23.108	18	1	0	0	0	264	100	0	1
23.108	18	2	0	0	0	192	100	0	1
23.108	19	1	0	0	0	264	100	0	1
23.108	19	2	0	0	0	192	100	0	1
23.108	20	1	0	0	0	264	100	0	1
23.108	20	2	0	0	0	192	100	0	1
23.108	21	1	0	0	0	264	100	0	1
23.108	21	2	0	0	0	192	100	0	1
23.108	22	1	0	0	0	264	100	0	1
23.108	22	2	0	0	0	192	100	0	1
23.108	23	1	0	0	0	264	100	0	1
23.108	23	2	0	0	0	192	100	0	1
23.108	24	1	0	0	0	264	100	0	1
23.108	24	2	0	0	0	192	100	0	1
23.108	25	1	0	0	0	264	100	0	1
23.108	25	2	0	0	0	192	100	0	1
23.108	26	1	0	0	0	264	100	0	1
23.108	26	2	0	0	0	192	100	0	1
23.108	27	1	0	0	0	264	100	0	1
23.108	27	2	0	0	0	192	100	0	1
23.108	28	1	0	0	0	264	100	0	1
23.108	28	2	0	0	0	192	100	0	1
23.108	29	1	0	0	0	264	100	0	1
23.108	29	2	0	0	0	192	100	0	1
23.108	30	1	0	0	0	264	100	0	1
23.108	30	2	0	0	0	192	100	0	1
23.108	31	1	0	0	0	264	100	0	1
23.108	31	2	0	0	0	192	100	0	1
23.108	32	1	0	0	0	264	100	0	1
23.108	32	2	0	0	0	192	100	0	1
23.108	33	1	0	0	0	264	100	0	1
23.108	33	2	0	0	0	192	100	0	1
23.108	34	1	0	0	0	264	100	0	1
23.108	34	2	0	0	0	192	100	0	1
23.108	35	1	0	0	0	264	100	0	1
23.108	35	2	0	0	0	192	100	0	1
23.108	36	1	0	0	0	264	100	0	1
23.108	36	2	0	0	0	192	100	0	1
23.108	37	1	0	0	0	264	100	0	1
23.108	37	2	0	0	0	192	100	0	1
23.108	38	1	0	0	0	264	100	0	1
23.108	38	2	0	0	0	192	100	0	1
23.108	39	1	0	0	0	264	100	0	1
23.108	39	2	0	0	0	192	100	0	1
23.108	40	1	0	0	0	264	100	0	1
23.108	40	2	0	0	0	192	100	0	1
23.108	41	1	0	0	0	264	100	0	1
23.108	41	2	0	0	0	192	100	0	1
23.108	42	1	0	0	0	264	100	0	1
23.108	42	2	0	0	0	192	100	0	1
23.108	43	1	0	0	0	264	100	0	1
23.108	43	2	0	0	0	192	100	0	1
23.108	44	1	0	0	0	264	100	0	1
23.108	44	2	0	0	0	192	100	0	1
23.108	45	1	0	0	0	264	100	0	1
23.108	45	2	0	0	0	192	100	0	1
23.108	46	1	0	0	0	264	100	0	1
23.108	46	2	0	0	0	192	100	0	1
23.108	47	1	0	0	0	264	100	0	1
23.108	47	2	0	0	0	192	100	0	1
23.108	48	1	0	0	0	264	100	0	1
23.108	48	2	0	0	0	192	100	0	1
23.108	49	1	0	0	0	264	100	0	1
23.108	49	2	0	0	0	192	100	0	1
23.108	50	1	0	0	0	264	100	0	1
23.108	50	2	0	0	0	192	100	0	1
23.108	51	1	0	0	0	264	100	0	1
23.108	51	2	0	0	0	192	100	0	1
23.108	52	1	0	0	0	264	100	0	1
23.108	52	2	0	0	0	192	100	0	1
23.108	53	1	0	0	0	264	100	0	1
23.108	53	2	0	0	0	192	100	0	1
23.108	54	1	0	0	0	264	100	0	1
23.108	54	2	0	0	0	192	100	0	1
23.108	55	1	0	0	0	264	100	0	1
23.108	55	2	0	0	0	192	100	0	1
23.108	56	1	0	0	0	264	100	0	1
23.108	56	2	0	0	0	192	100	0	1
23.108	57	1	0	0	0	264	100	0	1
23.108	57	2	0	0	0	192	100	0	1
23.108	58	1	0	0	0	264	100	0	1
23.108	58	2	0	0	0	192	100	0	1
23.108	59	1	0	0	0	264	100	0	1
23.108	59	2	0	0	0	192	100	0	1
23.108	60	1	0	0	0	264	100	0	1
23.108	60	2	0	0	0	192	100	0	1
23.108	61	1	0	0	0	264	100	0	1
23.108	61	2	0	0	0	192	100	0	1
23.108	62	1	0	0	0	264	100	0	1
23.108	62	2	0	0	0	192	100	0	1
23.108	63	1	0	0	0	264	100	0	1
23.108	63	2	0	0	0	192	100	0	1
23.108	64	1	0	0	0	264	100	0	1
23.108	64	2	0	0	0	192	100	0	1
23.108	65	1	0	0	0	264	100	0	1
23.108	65	2	0	0	0	192	100	0	1
23.611	0	1	0	0	0	264	100	0	1
23.611	0	2	0	0	0	192	100	0	1
23.611	1	1	0	0	0	264	100	0	1
23.611	1	2	0	0	0	192	100	0	1
23.611	2	1	0	0	0	264	100	0	1
23.611	2	2	0	0	0	192	100	0	1
23.611	3	1	0	0	0	264	100	0	1
23.611	3	2	0	0	0	192	100	0	1
23.611	4	1	0	0	0	264	100	0	1
23.611	4	2	0	0	0	192	100	0	1
23.611	5	1	0	0	0	264	100	0	1
23.611	5	2	0	0	0	192	100	0	1
23.611	6	1	0	0	0	264	100	0	1
23.611	6	2	0	0	0	192	100	0	1
23.611	7	1	0	0	0	264	100	0	1
23.611	7	2	0	0	0	192	100	0	1
23.611	8	1	0	0	0	264	100	0	1
23.611	8	2	0	0	0	192	100	0	1
23.611	9	1	0	0	0	264	100	0	1
23.611	9	2	0	0	0	192	100	0	1
23.611	10	1	0	0	0	264	100	0	1
23.611	10	2	0	0	0	192	100	0	1
23.611	11	1	0	0	0	264	100	0	1
23.611	11	2	0	0	0	192	100	0	1
23.611	12	1	0	0	0	264	100	0	1
23.611	12	2	0	0	0	192	100	0	1
23.611	13	1	0	0	0	264	100	0	1
23.611	13	2	0	0	0	192	100	0	1
23.611	14	1	0	0	0	264	100	0	1
23.611	14	2	0	0	0	192	100	0	1
23.611	15	1	0	0	0	264	100	0	1
23.611	15	2	0	0	0	192	100	0	1
23.611	16	1	0	0	0	264	100	0	1
23.611	16	2	0	0	0	192	100	0	1
23.611	17	1	0	0	0	264	100	0	1
23.611	17	2	0	0	0	192	100	0	1
23.611	18	1	0	0	0	264	100	0	1
23.611	18	2	0	0	0	192	100	0	1
23.611	19	1	0	0	0	264	100	0	1
23.611	19	2	0	0	0	192	100	0	1
23.611	20	1	0	0	0	264	100	0	1
23.611	20	2	0	0	0	192	100	0	1
23.611	21	1	0	0	0	264	100	0	1
23.611	21	2	0	0	0	192	100	0	1
23.611	22	1	0	0	0	264	100	0	1
23.611	22	2	0	0	0	192	100	0	1
23.611	23	1	0	0	0	264	100	0	1
23.611	23	2	0	0	0	192	100	0	1
23.611	24	1	0	0	0	264	100	0	1
23.611	24	2	0	0	0	192	100	0	1
23.611	25	1	0	0	0	264	100	0	1
23.611	25	2	0	0	0	192	100	0	1
23.611	26	1	0	0	0	264	100	0	1
23.611	26	2	0	0	0	192	100	0	1
23.611	27	1	0	0	0	264	100	0	1
23.611	27	2	0	0	0	192	100	0	1
23.611	28	1	0	0	0	264	100	0	1
23.611	28	2	0	0	0	192	100	0	1
23.611	29	1	0	0	0	264	100	0	1
23.611	29	2	0	0	0	192	100	0	1
23.611	30	1	0	0	0	264	100	0	1
23.611	30	2	0	0	0	192	100	0	1
23.611	31	1	0	0	0	264	100	0	1
23.611	31	2	0	0	0	192	100	0	1
23.611	32	1	0	0	0	264	100	0	1
23.611	32	2	0	0	0	192	100	0	1
23.611	33	1	0	0	0	264	100	0	1
23.611	33	2	0	0	0	192	100	0	1
23.611	34	1	0	0	0	264	100	0	1
23.611	34	2	0	0	0	192	100	0	1
23.611	35	1	0	0	0	264	100	0	1
23.611	35	2	0	0	0	192	100	0	1
23.611	36	1	0	0	0	264	100	0	1
23.611	36	2	0	0	0	192	100	0	1
23.611	37	1	0	0	0	264	100	0	1
23.611	37	2	0	0	0	192	100	0	1
23.611	38	1	0	0	0	264	100	0	1
23.611	38	2	0	0	0	192	100	0	1
23.611	39	1	0	0	0	264	100	0	1
23.611	39	2	0	0	0	192	100	0	1
23.611	40	1	0	0	0	264	100	0	1
23.611	40	2	0	0	0	192	100	0	1
23.611	41	1	0	0	0	264	100	0	1
23.611	41	2	0	0	0	192	100	0	1
23.611	42	1	0	0	0	264	100	0	1
23.611	42	2	0	0	0	192	100	0	1
23.611	43	1	0	0	0	264	100	0	1
23.611	43	2	0	0	0	192	100	0	1
23.611	44	1	0	0	0	264	100	0	1
23.611	44	2	0	0	0	192	100	0	1
23.611	45	1	0	0	0	264	100	0	1
23.611	45	2	0	0	0	192	100	0	1
23.611	46	1	0	0	0	264	100	0	1
23.611	46	2	0	0	0	192	100	0	1
23.611	47	1	0	0	0	264	100	0	1
23.611	47	2	0	0	0	192	100	0	1
23.611	48	1	0	0	0	264	100	0	1
23.611	48	2	0	0	0	192	100	0	1
23.611	49	1	0	0	0	264	100	0	1
23.611	49	2	0	0	0	192	100	0	1
23.611	50	1	0	0	0	264	100	0	1
23.611	50	2	0	0	0	192	100	0	1
23.611	51	1	0	0	0	264	100	0	1
23.611	51	2	0	0	0	192	100	0	1
23.611	52	1	0	0	0	264	100	0	1
23.611	52	2	0	0	0	192	100	0	1
23.611	53	1	0	0	0	264	100	0	1
23.611	53	2	0	0	0	192	100	0	1
23.611	54	1	0	0	0	264	100	0	1
23.611	54	2	0	0	0	192	100	0	1
23.611	55	1	0	0	0	264	100	0	1
23.611	55	2	0	0	0	192	100	0	1
23.611	56	1	0	0	0	264	100	0	1
23.611	56	2	0	0	0	192	100	0	1
23.611	57	1	0	0	0	264	100	0	1
23.611	57	2	0	0	0	192	100	0	1
23.611	58	1	0	0	0	264	100	0	1
23.611	58	2	0	0	0	192	100	0	1
23.611	59	1	0	0	0	264	100	0	1
23.611	59	2	0	0	0	192	100	0	1
23.611	60	1	0	0	0	264	100	0	1
23.611	60	2	0	0	0	192	100	0	1
23.611	61	1	0	0	0	264	100	0	1
23.611	61	2	0	0	0	192	100	0	1
23.611	62	1	0	0	0	264	100	0	1
23.611	62	2	0	0	0	192	100	0	1
23.611	63	1	0	0	0	264	100	0	1
23.611	63	2	0	0	0	192	100	0	1
23.611	64	1	0	0	0	264	100	0	1
23.611	64	2	0	0	0	192	100	0	1
23.611	65	1	0	0	0	264	100	0	1
23.611	65	2	0	0	0	192	100	0	1
24.114	0	1	0	0	0	264	100	0	1
24.114	0	2	0	0	0	192	100	0	1
24.114	1	1	0	0	0	264	100	0	1
24.114	1	2	0	0	0	192	100	0	1
24.114	2	1	0	0	0	264	100	0	1
24.114	2	2	0	0	0	192	100	0	1
24.114	3	1	0	0	0	264	100	0	1
24.114	3	2	0	0	0	192	100	0	1
24.114	4	1	0	0	0	264	100	0	1
24.114	4	2	0	0	0	192	100	0	1
24.114	5	1	0	0	0	264	100	0	1
24.114	5	2	0	0	0	192	100	0	1
24.114	6	1	0	0	0	264	100	0	1
24.114	6	2	0	0	0	192	100	0	1
24.114	7	1	0	0	0	264	100	0	1
24.114	7	2	0	0	0	192	100	0	1
24.114	8	1	0	0	0	264	100	0	1
24.114	8	2	0	0	0	192	100	0	1
24.114	9	1	0	0	0	264	100	0	1
24.114	9	2	0	0	0	192	100	0	1
24.114	10	1	0	0	0	264	100	0	1
24.114	10	2	0	0	0	192	100	0	1
24.114	11	1	0	0	0	264	100	0	1
24.114	11	2	0	0	0	192	100	0	1
24.114	12	1	0	0	0	264	100	0	1
24.114	12	2	0	0	0	192	100	0	1
24.114	13	1	0	0	0	264	100	0	1
24.114	13	2	0	0	0	192	100	0	1
24.114	14	1	0	0	0	264	100	0	1
24.114	14	2	0	0	0	192	100	0	1
24.114	15	1	0	0	0	264	100	0	1
24.114	15	2	0	0	0	192	100	0	1
24.114	16	1	0	0	0	264	100	0	1
24.114	16	2	0	0	0	192	100	0	1
24.114	17	1	0	0	0	264	100	0	1
24.114	17	2	0	0	0	192	100	0	1
24.114	18	1	0	0	0	264	100	0	1
24.114	18	2	0	0	0	192	100	0	1
24.114	19	1	0	0	0	264	100	0	1
24.114	19	2	0	0	0	192	100	0	1
24.114	20	1	0	0	0	264	100	0	1
24.114	20	2	0	0	0	192	100	0	1
24.114	21	1	0	0	0	264	100	0	1
24.114	21	2	0	0	0	192	100	0	1
24.114	22	1	0	0	0	264	100	0	1
24.114	22	2	0	0	0	192	100	0	1
24.114	23	1	0	0	0	264	100	0	1
24.114	23	2	0	0	0	192	100	0	1
24.114	24	1	0	0	0	264	100	0	1
24.114	24	2	0	0	0	192	100	0	1
24.114	25	1	0	0	0	264	100	0	1
24.114	25	2	0	0	0	192	100	0	1
24.114	26	1	0	0	0	264	100	0	1
24.114	26	2	0	0	0	192	100	0	1
24.114	27	1	0	0	0	264	100	0	1
24.114	27	2	0	0	0	192	100	0	1
24.114	28	1	0	0	0	264	100	0	1
24.114	28	2	0	0	0	192	100	0	1
24.114	29	1	0	0	0	264	100	0	1
24.114	29	2	0	0	0	192	100	0	1
24.114	30	1	0	0	0	264	100	0	1
24.114	30	2	0	0	0	192	100	0	1
24.114	31	1	0	0	0	264	100	0	1
24.114	31	2	0	0	0	192	100	0	1
24.114	32	1	0	0	0	264	100	0	1
24.114	32	2	0	0	0	192	100	0	1
24.114	33	1	0	0	0	264	100	0	1
24.114	33	2	0	0	0	192	100	0	1
24.114	34	1	0	0	0	264	100	0	1
24.114	34	2	0	0	0	192	100	0	1
24.114	35	1	0	0	0	264	100	0	1
24.114	35	2	0	0	0	192	100	0	1
24.114	36	1	0	0	0	264	100	0	1
24.114	36	2	0	0	0	192	100	0	1
24.114	37	1	0	0	0	264	100	0	1
24.114	37	2	0	0	0	192	100	0	1
24.114	38	1	0	0	0	264	100	0	1
24.114	38	2	0	0	0	192	100	0	1
24.114	39	1	0	0	0	264	100	0	1
24.114	39	2	0	0	0	192	100	0	1
24.114	40	1	0	0	0	264	100	0	1
24.114	40	2	0	0	0	192	100	0	1
24.114	41	1	0	0	0	264	100	0	1
24.114	41	2	0	0	0	192	100	0	1
24.114	42	1	0	0	0	264	100	0	1
24.114	42	2	0	0	0	192	100	0	1
24.114	43	1	0	0	0	264	100	0	1
24.114	43	2	0	0	0	192	100	0	1
24.114	44	1	0	0	0	264	100	0	1
24.114	44	2	0	0	0	192	100	0	1
24.114	45	1	0	0	0	264	100	0	1
24.114	45	2	0	0	0	192	100	0	1
24.114	46	1	0	0	0	264	100	0	1
24.114	46	2	0	0	0	192	100	0	1
24.114	47	1	0	0	0	264	100	0	1
24.114	47	2	0	0	0	192	100	0	1
24.114	48	1	0	0	0	264	100	0	1
24.114	48	2	0	0	0	192	100	0	1
24.114	49	1	0	0	0	264	100	0	1
24.114	49	2	0	0	0	192	100	0	1
24.114	50	1	0	0	0	264	100	0	1
24.114	50	2	0	0	0	192	100	0	1
24.114	51	1	0	0	0	264	100	0	1
24.114	51	2	0	0	0	192	100	0	1
24.114	52	1	0	0	0	264	100	0	1
24.114	52	2	0	0	0	192	100	0	1
24.114	53	1	0	0	0	264	100	0	1
24.114	53	2	0	0	0	192	100	0	1
24.114	54	1	0	0	0	264	100	0	1
24.114	54	2	0	0	0	192	100	0	1
24.114	55	1	0	0	0	264	100	0	1
24.114	55	2	0	0	0	192	100	0	1
24.114	56	1	0	0	0	264	100	0	1
24.114	56	2	0	0	0	192	100	0	1
24.114	57	1	0	0	0	264	100	0	1
24.114	57	2	0	0	0	192	100	0	1
24.114	58	1	0	0	0	264	100	0	1
24.114	58	2	0	0	0	192	100	0	1
24.114	59	1	0	0	0	264	100	0	1
24.114	59	2	0	0	0	192	100	0	1
24.114	60	1	0	0	0	264	100	0	1
24.114	60	2	0	0	0	192	100	0	1
24.114	61	1	0	0	0	264	100	0	1
24.114	61	2	0	0	0	192	100	0	1
24.114	62	1	0	0	0	264	100	0	1
24.114	62	2	0	0	0	192	100	0	1
24.114	63	1	0	0	0	264	100	0	1
24.114	63	2	0	0	0	192	100	0	1
24.114	64	1	0	0	0	264	100	0	1
24.114	64	2	0	0	0	192	100	0	1
24.114	65	1	0	0	0	264	100	0	1
24.114	65	2	0	0	0	192	100	0	1
24.617	0	1	0	0	0	264	100	0	1
24.617	0	2	0	0	0	192	100	0	1
24.617	1	1	0	0	0	264	100	0	1
24.617	1	2	0	0	0	192	100	0	1
24.617	2	1	0	0	0	264	100	0	1
24.617	2	2	0	0	0	192	100	0	1
24.617	3	1	0	0	0	264	100	0	1
24.617	3	2	0	0	0	192	100	0	1
24.617	4	1	0	0	0	264	100	0	1
24.617	4	2	0	0	0	192	100	0	1
24.617	5	1	0	0	0	264	100	0	1
24.617	5	2	0	0	0	192	100	0	1
24.617	6	1	0	0	0	264	100	0	1
24.617	6	2	0	0	0	192	100	0	1
24.617	7	1	0	0	0	264	100	0	1
24.617	7	2	0	0	0	192	100	0	1
24.617	8	1	0	0	0	264	100	0	1
24.617	8	2	0	0	0	192	100	0	1
24.617	9	1	0	0	0	264	100	0	1
24.617	9	2	0	0	0	192	100	0	1
24.617	10	1	0	0	0	264	100	0	1
24.617	10	2	0	0	0	192	100	0	1
24.617	11	1	0	0	0	264	100	0	1
24.617	11	2	0	0	0	192	100	0	1
24.617	12	1	0	0	0	264	100	0	1
24.617	12	2	0	0	0	192	100	0	1
24.617	13	1	0	0	0	264	100	0	1
24.617	13	2	0	0	0	192	100	0	1
24.617	14	1	0	0	0	264	100	0	1
24.617	14	2	0	0	0	192	100	0	1
24.617	15	1	0	0	0	264	100	0	1
24.617	15	2	0	0	0	192	100	0	1
24.617	16	1	0	0	0	264	100	0	1
24.617	16	2	0	0	0	192	100	0	1
24.617	17	1	0	0	0	264	100	0	1
24.617	17	2	0	0	0	192	100	0	1
24.617	18	1	0	0	0	264	100	0	1
24.617	18	2	0	0	0	192	100	0	1
24.617	19	1	0	0	0	264	100	0	1
24.617	19	2	0	0	0	192	100	0	1
24.617	20	1	0	0	0	264	100	0	1
24.617	20	2	0	0	0	192	100	0	1
24.617	21	1	0	0	0	264	100	0	1
24.617	21	2	0	0	0	192	100	0	1
24.617	22	1	0	0	0	264	100	0	1
24.617	22	2	0	0	0	192	100	0	1
24.617	23	1	0	0	0	264	100	0	1
24.617	23	2	0	0	0	192	100	0	1
24.617	24	1	0	0	0	264	100	0	1
24.617	24	2	0	0	0	192	100	0	1
24.617	25	1	0	0	0	264	100	0	1
24.617	25	2	0	0	0	192	100	0	1
24.617	26	1	0	0	0	264	100	0	1
24.617	26	2	0	0	0	192	100	0	1
24.617	27	1	0	0	0	264	100	0	1
24.617	27	2	0	0	0	192	100	0	1
24.617	28	1	0	0	0	264	100	0	1
24.617	28	2	0	0	0	192	100	0	1
24.617	29	1	0	0	0	264	100	0	1
24.617	29	2	0	0	0	192	100	0	1
24.617	30	1	0	0	0	264	100	0	1
24.617	30	2	0	0	0	192	100	0	1
24.617	31	1	0	0	0	264	100	0	1
24.617	31	2	0	0	0	192	100	0	1
24.617	32	1	0	0	0	264	100	0	1
24.617	32	2	0	0	0	192	100	0	1
24.617	33	1	0	0	0	264	100	0	1
24.617	33	2	0	0	0	192	100	0	1
24.617	34	1	0	0	0	264	100	0	1
24.617	34	2	0	0	0	192	100	0	1
24.617	35	1	0	0	0	264	100	0	1
24.617	35	2	0	0	0	192	100	0	1
24.617	36	1	0	0	0	264	100	0	1
24.617	36	2	0	0	0	192	100	0	1
24.617	37	1	0	0	0	264	100	0	1
24.617	37	2	0	0	0	192	100	0	1
24.617	38	1	0	0	0	264	100	0	1
24.617	38	2	0	0	0	192	100	0	1
24.617	39	1	0	0	0	264	100	0	1
24.617	39	2	0	0	0	192	100	0	1
24.617	40	1	0	0	0	264	100	0	1
24.617	40	2	0	0	0	192	100	0	1
24.617	41	1	0	0	0	264	100	0	1
24.617	41	2	0	0	0	192	100	0	1
24.617	42	1	0	0	0	264	100	0	1
24.617	42	2	0	0	0	192	100	0	1
24.617	43	1	0	0	0	264	100	0	1
24.617	43	2	0	0	0	192	100	0	1
24.617	44	1	0	0	0	264	100	0	1
24.617	44	2	0	0	0	192	100	0	1
24.617	45	1	0	0	0	264	100	0	1
24.617	45	2	0	0	0	192	100	0	1
24.617	46	1	0	0	0	264	100	0	1
24.617	46	2	0	0	0	192	100	0	1
24.617	47	1	0	0	0	264	100	0	1
24.617	47	2	0	0	0	192	100	0	1
24.617	48	1	0	0	0	264	100	0	1
24.617	48	2	0	0	0	192	100	0	1
24.617	49	1	0	0	0	264	100	0	1
24.617	49	2	0	0	0	192	100	0	1
24.617	50	1	0	0	0	264	100	0	1
24.617	50	2	0	0	0	192	100	0	1
24.617	51	1	0	0	0	264	100	0	1
24.617	51	2	0	0	0	192	100	0	1
24.617	52	1	0	0	0	264	100	0	1
24.617	52	2	0	0	0	192	100	0	1
24.617	53	1	0	0	0	264	100	0	1
24.617	53	2	0	0	0	192	100	0	1
24.617	54	1	0	0	0	264	100	0	1
24.617	54	2	0	0	0	192	100	0	1
24.617	55	1	0	0	0	264	100	0	1
24.617	55	2	0	0	0	192	100	0	1
24.617	56	1	0	0	0	264	100	0	1
24.617	56	2	0	0	0	192	100	0	1
24.617	57	1	0	0	0	264	100	0	1
24.617	57	2	0	0	0	192	100	0	1
24.617	58	1	0	0	0	264	100	0	1
24.617	58	2	0	0	0	192	100	0	1
24.617	59	1	0	0	0	264	100	0	1
24.617	59	2	0	0	0	192	100	0	1
24.617	60	1	0	0	0	264	100	0	1
24.617	60	2	0	0	0	192	100	0	1
24.617	61	1	0	0	0	264	100	0	1
24.617	61	2	0	0	0	192	100	0	1
24.617	62	1	0	0	0	264	100	0	1
24.617	62	2	0	0	0	192	100	0	1
24.617	63	1	0	0	0	264	100	0	1
24.617	63	2	0	0	0	192	100	0	1
24.617	64	1	0	0	0	264	100	0	1
24.617	64	2	0	0	0	192	100	0	1
24.617	65	1	0	0	0	264	100	0	1
24.617	65	2	0	0	0	192	100	0	1
25.12	0	1	0	0	0	264	100	0	1
25.12	0	2	0	0	0	192	100	0	1
25.12	1	1	0	0	0	264	100	0	1
25.12	1	2	0	0	0	192	100	0	1
25.12	2	1	0	0	0	264	100	0	1
25.12	2	2	0	0	0	192	100	0	1
25.12	3	1	0	0	0	264	100	0	1
25.12	3	2	0	0	0	192	100	0	1
25.12	4	1	0	0	0	264	100	0	1
25.12	4	2	0	0	0	192	100	0	1
25.12	5	1	0	0	0	264	100	0	1
25.12	5	2	0	0	0	192	100	0	1
25.12	6	1	0	0	0	264	100	0	1
25.12	6	2	0	0	0	192	100	0	1
25.12	7	1	0	0	0	264	100	0	1
25.12	7	2	0	0	0	192	100	0	1
25.12	8	1	0	0	0	264	100	0	1
25.12	8	2	0	0	0	192	100	0	1
25.12	9	1	0	0	0	264	100	0	1
25.12	9	2	0	0	0	192	100	0	1
25.12	10	1	0	0	0	264	100	0	1
25.12	10	2	0	0	0	192	100	0	1
25.12	11	1	0	0	0	264	100	0	1
25.12	11	2	0	0	0	192	100	0	1
25.12	12	1	0	0	0	264	100	0	1
25.12	12	2	0	0	0	192	100	0	1
25.12	13	1	0	0	0	264	100	0	1
25.12	13	2	0	0	0	192	100	0	1
25.12	14	1	0	0	0	264	100	0	1
25.12	14	2	0	0	0	192	100	0	1
25.12	15	1	0	0	0	264	100	0	1
25.12	15	2	0	0	0	192	100	0	1
25.12	16	1	0	0	0	264	100	0	1
25.12	16	2	0	0	0	192	100	0	1
25.12	17	1	0	0	0	264	100	0	1
25.12	17	2	0	0	0	192	100	0	1
25.12	18	1	0	0	0	264	100	0	1
25.12	18	2	0	0	0	192	100	0	1
25.12	19	1	0	0	0	264	100	0	1
25.12	19	2	0	0	0	192	100	0	1
25.12	20	1	0	0	0	264	100	0	1
25.12	20	2	0	0	0	192	100	0	1
25.12	21	1	0	0	0	264	100	0	1
25.12	21	2	0	0	0	192	100	0	1
25.12	22	1	0	0	0	264	100	0	1
25.12	22	2	0	0	0	192	100	0	1
25.12	23	1	0	0	0	264	100	0	1
25.12	23	2	0	0	0	192	100	0	1
25.12	24	1	0	0	0	264	100	0	1
25.12	24	2	0	0	0	192	100	0	1
25.12	25	1	0	0	0	264	100	0	1
25.12	25	2	0	0	0	192	100	0	1
25.12	26	1	0	0	0	264	100	0	1
25.12	26	2	0	0	0	192	100	0	1
25.12	27	1	0	0	0	264	100	0	1
25.12	27	2	0	0	0	192	100	0	1
25.12	28	1	0	0	0	264	100	0	1
25.12	28	2	0	0	0	192	100	0	1
25.12	29	1	0	0	0	264	100	0	1
25.12	29	2	0	0	0	192	100	0	1
25.12	30	1	0	0	0	264	100	0	1
25.12	30	2	0	0	0	192	100	0	1
25.12	31	1	0	0	0	264	100	0	1
25.12	31	2	0	0	0	192	100	0	1
25.12	32	1	0	0	0	264	100	0	1
25.12	32	2	0	0	0	192	100	0	1
25.12	33	1	0	0	0	264	100	0	1
25.12	33	2	0	0	0	192	100	0	1
25.12	34	1	0	0	0	264	100	0	1
25.12	34	2	0	0	0	192	100	0	1
25.12	35	1	0	0	0	264	100	0	1
25.12	35	2	0	0	0	192	100	0	1
25.12	36	1	0	0	0	264	100	0	1
25.12	36	2	0	0	0	192	100	0	1
25.12	37	1	0	0	0	264	100	0	1
25.12	37	2	0	0	0	192	100	0	1
25.12	38	1	0	0	0	264	100	0	1
25.12	38	2	0	0	0	192	100	0	1
25.12	39	1	0	0	0	264	100	0	1
25.12	39	2	0	0	0	192	100	0	1
25.12	40	1	0	0	0	264	100	0	1
25.12	40	2	0	0	0	192	100	0	1
25.12	41	1	0	0	0	264	100	0	1
25.12	41	2	0	0	0	192	100	0	1
25.12	42	1	0	0	0	264	100	0	1
25.12	42	2	0	0	0	192	100	0	1
25.12	43	1	0	0	0	264	100	0	1
25.12	43	2	0	0	0	192	100	0	1
25.12	44	1	0	0	0	264	100	0	1
25.12	44	2	0	0	0	192	100	0	1
25.12	45	1	0	0	0	264	100	0	1
25.12	45	2	0	0	0	192	100	0	1
25.12	46	1	0	0	0	264	100	0	1
25.12	46	2	0	0	0	192	100	0	1
25.12	47	1	0	0	0	264	100	0	1
25.12	47	2	0	0	0	192	100	0	1
25.12	48	1	0	0	0	264	100	0	1
25.12	48	2	0	0	0	192	100	0	1
25.12	49	1	0	0	0	264	100	0	1
25.12	49	2	0	0	0	192	100	0	1
25.12	50	1	0	0	0	264	100	0	1
25.12	50	2	0	0	0	192	100	0	1
25.12	51	1	0	0	0	264	100	0	1
25.12	51	2	0	0	0	192	100	0	1
25.12	52	1	0	0	0	264	100	0	1
25.12	52	2	0	0	0	192	100	0	1
25.12	53	1	0	0	0	264	100	0	1
25.12	53	2	0	0	0	192	100	0	1
25.12	54	1	0	0	0	264	100	0	1
25.12	54	2	0	0	0	192	100	0	1
25.12	55	1	0	0	0	264	100	0	1
25.12	55	2	0	0	0	192	100	0	1
25.12	56	1	0	0	0	264	100	0	1
25.12	56	2	0	0	0	192	100	0	1
25.12	57	1	0	0	0	264	100	0	1
25.12	57	2	0	0	0	192	100	0	1
25.12	58	1	0	0	0	264	100	0	1
25.12	58	2	0	0	0	192	100	0	1
25.12	59	1	0	0	0	264	100	0	1
25.12	59	2	0	0	0	192	100	0	1
25.12	60	1	0	0	0	264	100	0	1
25.12	60	2	0	0	0	192	100	0	1
25.12	61	1	0	0	0	264	100	0	1
25.12	61	2	0	0	0	192	100	0	1
25.12	62	1	0	0	0	264	100	0	1
25.12	62	2	0	0	0	192	100	0	1
25.12	63	1	0	0	0	264	100	0	1
25.12	63	2	0	0	0	192	100	0	1
25.12	64	1	0	0	0	264	100	0	1
25.12	64	2	0	0	0	192	100	0	1
25.12	65	1	0	0	0	264	100	0	1
25.12	65	2	0	0	0	192	100	0	1
25.623	0	1	0	0	0	264	100	0	1
25.623	0	2	0	0	0	192	100	0	1
25.623	1	1	0	0	0	264	100	0	1
25.623	1	2	0	0	0	192	100	0	1
25.623	2	1	0	0	0	264	100	0	1
25.623	2	2	0	0	0	192	100	0	1
25.623	3	1	0	0	0	264	100	0	1
25.623	3	2	0	0	0	192	100	0	1
25.623	4	1	0	0	0	264	100	0	1
25.623	4	2	0	0	0	192	100	0	1
25.623	5	1	0	0	0	264	100	0	1
25.623	5	2	0	0	0	192	100	0	1
25.623	6	1	0	0	0	264	100	0	1
25.623	6	2	0	0	0	192	100	0	1
25.623	7	1	0	0	0	264	100	0	1
25.623	7	2	0	0	0	192	100	0	1
25.623	8	1	0	0	0	264	100	0	1
25.623	8	2	0	0	0	192	100	0	1
25.623	9	1	0	0	0	264	100	0	1
25.623	9	2	0	0	0	192	100	0	1
25.623	10	1	0	0	0	264	100	0	1
25.623	10	2	0	0	0	192	100	0	1
25.623	11	1	0	0	0	264	100	0	1
25.623	11	2	0	0	0	192	100	0	1
25.623	12	1	0	0	0	264	100	0	1
25.623	12	2	0	0	0	192	100	0	1
25.623	13	1	0	0	0	264	100	0	1
25.623	13	2	0	0	0	192	100	0	1
25.623	14	1	0	0	0	264	100	0	1
25.623	14	2	0	0	0	192	100	0	1
25.623	15	1	0	0	0	264	100	0	1
25.623	15	2	0	0	0	192	100	0	1
25.623	16	1	0	0	0	264	100	0	1
25.623	16	2	0	0	0	192	100	0	1
25.623	17	1	0	0	0	264	100	0	1
25.623	17	2	0	0	0	192	100	0	1
25.623	18	1	0	0	0	264	100	0	1
25.623	18	2	0	0	0	192	100	0	1
25.623	19	1	0	0	0	264	100	0	1
25.623	19	2	0	0	0	192	100	0	1
25.623	20	1	0	0	0	264	100	0	1
25.623	20	2	0	0	0	192	100	0	1
25.623	21	1	0	0	0	264	100	0	1
25.623	21	2	0	0	0	192	100	0	1
25.623	22	1	0	0	0	264	100	0	1
25.623	22	2	0	0	0	192	100	0	1
25.623	23	1	0	0	0	264	100	0	1
25.623	23	2	0	0	0	192	100	0	1
25.623	24	1	0	0	0	264	100	0	1
25.623	24	2	0	0	0	192	100	0	1
25.623	25	1	0	0	0	264	100	0	1
25.623	25	2	0	0	0	192	100	0	1
25.623	26	1	0	0	0	264	100	0	1
25.623	26	2	0	0	0	192	100	0	1
25.623	27	1	0	0	0	264	100	0	1
25.623	27	2	0	0	0	192	100	0	1
25.623	28	1	0	0	0	264	100	0	1
25.623	28	2	0	0	0	192	100	0	1
25.623	29	1	0	0	0	264	100	0	1
25.623	29	2	0	0	0	192	100	0	1
25.623	30	1	0	0	0	264	100	0	1
25.623	30	2	0	0	0	192	100	0	1
25.623	31	1	0	0	0	264	100	0	1
25.623	31	2	0	0	0	192	100	0	1
25.623	32	1	0	0	0	264	100	0	1
25.623	32	2	0	0	0	192	100	0	1
25.623	33	1	0	0	0	264	100	0	1
25.623	33	2	0	0	0	192	100	0	1
25.623	34	1	0	0	0	264	100	0	1
25.623	34	2	0	0	0	192	100	0	1
25.623	35	1	0	0	0	264	100	0	1
25.623	35	2	0	0	0	192	100	0	1
25.623	36	1	0	0	0	264	100	0	1
25.623	36	2	0	0	0	192	100	0	1
25.623	37	1	0	0	0	264	100	0	1
25.623	37	2	0	0	0	192	100	0	1
25.623	38	1	0	0	0	264	100	0	1
25.623	38	2	0	0	0	192	100	0	1
25.623	39	1	0	0	0	264	100	0	1
25.623	39	2	0	0	0	192	100	0	1
25.623	40	1	0	0	0	264	100	0	1
25.623	40	2	0	0	0	192	100	0	1
25.623	41	1	0	0	0	264	100	0	1
25.623	41	2	0	0	0	192	100	0	1
25.623	42	1	0	0	0	264	100	0	1
25.623	42	2	0	0	0	192	100	0	1
25.623	43	1	0	0	0	264	100	0	1
25.623	43	2	0	0	0	192	100	0	1
25.623	44	1	0	0	0	264	100	0	1
25.623	44	2	0	0	0	192	100	0	1
25.623	45	1	0	0	0	264	100	0	1
25.623	45	2	0	0	0	192	100	0	1
25.623	46	1	0	0	0	264	100	0	1
25.623	46	2	0	0	0	192	100	0	1
25.623	47	1	0	0	0	264	100	0	1
25.623	47	2	0	0	0	192	100	0	1
25.623	48	1	0	0	0	264	100	0	1
25.623	48	2	0	0	0	192	100	0	1
25.623	49	1	0	0	0	264	100	0	1
25.623	49	2	0	0	0	192	100	0	1
25.623	50	1	0	0	0	264	100	0	1
25.623	50	2	0	0	0	192	100	0	1
25.623	51	1	0	0	0	264	100	0	1
25.623	51	2	0	0	0	192	100	0	1
25.623	52	1	0	0	0	264	100	0	1
25.623	52	2	0	0	0	192	100	0	1
25.623	53	1	0	0	0	264	100	0	1
25.623	53	2	0	0	0	192	100	0	1
25.623	54	1	0	0	0	264	100	0	1
25.623	54	2	0	0	0	192	100	0	1
25.623	55	1	0	0	0	264	100	0	1
25.623	55	2	0	0	0	192	100	0	1
25.623	56	1	0	0	0	264	100	0	1
25.623	56	2	0	0	0	192	100	0	1
25.623	57	1	0	0	0	264	100	0	1
25.623	57	2	0	0	0	192	100	0	1
25.623	58	1	0	0	0	264	100	0	1
25.623	58	2	0	0	0	192	100	0	1
25.623	59	1	0	0	0	264	100	0	1
25.623	59	2	0	0	0	192	100	0	1
25.623	60	1	0	0	0	264	100	0	1
25.623	60	2	0	0	0	192	100	0	1
25.623	61	1	0	0	0	264	100	0	1
25.623	61	2	0	0	0	192	100	0	1
25.623	62	1	0	0	0	264	100	0	1
25.623	62	2	0	0	0	192	100	0	1
25.623	63	1	0	0	0	264	100	0	1
25.623	63	2	0	0	0	192	100	0	1
25.623	64	1	0	0	0	264	100	0	1
25.623	64	2	0	0	0	192	100	0	1
25.623	65	1	0	0	0	264	100	0	1
25.623	65	2	0	0	0	192	100	0	1
26.126	0	1	0	0	0	264	100	0	1
26.126	0	2	0	0	0	192	100	0	1
26.126	1	1	0	0	0	264	100	0	1
26.126	1	2	0	0	0	192	100	0	1
26.126	2	1	0	0	0	264	100	0	1
26.126	2	2	0	0	0	192	100	0	1
26.126	3	1	0	0	0	264	100	0	1
26.126	3	2	0	0	0	192	100	0	1
26.126	4	1	0	0	0	264	100	0	1
26.126	4	2	0	0	0	192	100	0	1
26.126	5	1	0	0	0	264	100	0	1
26.126	5	2	0	0	0	192	100	0	1
26.126	6	1	0	0	0	264	100	0	1
26.126	6	2	0	0	0	192	100	0	1
26.126	7	1	0	0	0	264	100	0	1
26.126	7	2	0	0	0	192	100	0	1
26.126	8	1	0	0	0	264	100	0	1
26.126	8	2	0	0	0	192	100	0	1
26.126	9	1	0	0	0	264	100	0	1
26.126	9	2	0	0	0	192	100	0	1
26.126	10	1	0	0	0	264	100	0	1
26.126	10	2	0	0	0	192	100	0	1
26.126	11	1	0	0	0	264	100	0	1
26.126	11	2	0	0	0	192	100	0	1
26.126	12	1	0	0	0	264	100	0	1
26.126	12	2	0	0	0	192	100	0	1
26.126	13	1	0	0	0	264	100	0	1
26.126	13	2	0	0	0	192	100	0	1
26.126	14	1	0	0	0	264	100	0	1
26.126	14	2	0	0	0	192	100	0	1
26.126	15	1	0	0	0	264	100	0	1
26.126	15	2	0	0	0	192	100	0	1
26.126	16	1	0	0	0	264	100	0	1
26.126	16	2	0	0	0	192	100	0	1
26.126	17	1	0	0	0	264	100	0	1
26.126	17	2	0	0	0	192	100	0	1
26.126	18	1	0	0	0	264	100	0	1
26.126	18	2	0	0	0	192	100	0	1
26.126	19	1	0	0	0	264	100	0	1
26.126	19	2	0	0	0	192	100	0	1
26.126	20	1	0	0	0	264	100	0	1
26.126	20	2	0	0	0	192	100	0	1
26.126	21	1	0	0	0	264	100	0	1
26.126	21	2	0	0	0	192	100	0	1
26.126	22	1	0	0	0	264	100	0	1
26.126	22	2	0	0	0	192	100	0	1
26.126	23	1	0	0	0	264	100	0	1
26.126	23	2	0	0	0	192	100	0	1
26.126	24	1	0	0	0	264	100	0	1
26.126	24	2	0	0	0	192	100	0	1
26.126	25	1	0	0	0	264	100	0	1
26.126	25	2	0	0	0	192	100	0	1
26.126	26	1	0	0	0	264	100	0	1
26.126	26	2	0	0	0	192	100	0	1
26.126	27	1	0	0	0	264	100	0	1
26.126	27	2	0	0	0	192	100	0	1
26.126	28	1	0	0	0	264	100	0	1
26.126	28	2	0	0	0	192	100	0	1
26.126	29	1	0	0	0	264	100	0	1
26.126	29	2	0	0	0	192	100	0	1
26.126	30	1	0	0	0	264	100	0	1
26.126	30	2	0	0	0	192	100	0	1
26.126	31	1	0	0	0	264	100	0	1
26.126	31	2	0	0	0	192	100	0	1
26.126	32	1	0	0	0	264	100	0	1
26.126	32	2	0	0	0	192	100	0	1
26.126	33	1	0	0	0	264	100	0	1
26.126	33	2	0	0	0	192	100	0	1
26.126	34	1	0	0	0	264	100	0	1
26.126	34	2	0	0	0	192	100	0	1
26.126	35	1	0	0	0	264	100	0	1
26.126	35	2	0	0	0	192	100	0	1
26.126	36	1	0	0	0	264	100	0	1
26.126	36	2	0	0	0	192	100	0	1
26.126	37	1	0	0	0	264	100	0	1
26.126	37	2	0	0	0	192	100	0	1
26.126	38	1	0	0	0	264	100	0	1
26.126	38	2	0	0	0	192	100	0	1
26.126	39	1	0	0	0	264	100	0	1
26.126	39	2	0	0	0	192	100	0	1
26.126	40	1	0	0	0	264	100	0	1
26.126	40	2	0	0	0	192	100	0	1
26.126	41	1	0	0	0	264	100	0	1
26.126	41	2	0	0	0	192	100	0	1
26.126	42	1	0	0	0	264	100	0	1
26.126	42	2	0	0	0	192	100	0	1
26.126	43	1	0	0	0	264	100	0	1
26.126	43	2	0	0	0	192	100	0	1
26.126	44	1	0	0	0	264	100	0	1
26.126	44	2	0	0	0	192	100	0	1
26.126	45	1	0	0	0	264	100	0	1
26.126	45	2	0	0	0	192	100	0	1
26.126	46	1	0	0	0	264	100	0	1
26.126	46	2	0	0	0	192	100	0	1
26.126	47	1	0	0	0	264	100	0	1
26.126	47	2	0	0	0	192	100	0	1
26.126	48	1	0	0	0	264	100	0	1
26.126	48	2	0	0	0	192	100	0	1
26.126	49	1	0	0	0	264	100	0	1
26.126	49	2	0	0	0	192	100	0	1
26.126	50	1	0	0	0	264	100	0	1
26.126	50	2	0	0	0	192	100	0	1
26.126	51	1	0	0	0	264	100	0	1
26.126	51	2	0	0	0	192	100	0	1
26.126	52	1	0	0	0	264	100	0	1
26.126	52	2	0	0	0	192	100	0	1
26.126	53	1	0	0	0	264	100	0	1
26.126	53	2	0	0	0	192	100	0	1
26.126	54	1	0	0	0	264	100	0	1
26.126	54	2	0	0	0	192	100	0	1
26.126	55	1	0	0	0	264	100	0	1
26.126	55	2	0	0	0	192	100	0	1
26.126	56	1	0	0	0	264	100	0	1
26.126	56	2	0	0	0	192	100	0	1
26.126	57	1	0	0	0	264	100	0	1
26.126	57	2	0	0	0	192	100	0	1
26.126	58	1	0	0	0	264	100	0	1
26.126	58	2	0	0	0	192	100	0	1
26.126	59	1	0	0	0	264	100	0	1
26.126	59	2	0	0	0	192	100	0	1
26.126	60	1	0	0	0	264	100	0	1
26.126	60	2	0	0	0	192	100	0	1
26.126	61	1	0	0	0	264	100	0	1
26.126	61	2	0	0	0	192	100	0	1
26.126	62	1	0	0	0	264	100	0	1
26.126	62	2	0	0	0	192	100	0	1
26.126	63	1	0	0	0	264	100	0	1
26.126	63	2	0	0	0	192	100	0	1
26.126	64	1	0	0	0	264	100	0	1
26.126	64	2	0	0	0	192	100	0	1
26.126	65	1	0	0	0	264	100	0	1
26.126	65	2	0	0	0	192	100	0	1
26.629	0	1	0	0	0	264	100	0	1
26.629	0	2	0	0	0	192	100	0	1
26.629	1	1	0	0	0	264	100	0	1
26.629	1	2	0	0	0	192	100	0	1
26.629	2	1	0	0	0	264	100	0	1
26.629	2	2	0	0	0	192	100	0	1
26.629	3	1	0	0	0	264	100	0	1
26.629	3	2	0	0	0	192	100	0	1
26.629	4	1	0	0	0	264	100	0	1
26.629	4	2	0	0	0	192	100	0	1
26.629	5	1	0	0	0	264	100	0	1
26.629	5	2	0	0	0	192	100	0	1
26.629	6	1	0	0	0	264	100	0	1
26.629	6	2	0	0	0	192	100	0	1
26.629	7	1	0	0	0	264	100	0	1
26.629	7	2	0	0	0	192	100	0	1
26.629	8	1	0	0	0	264	100	0	1
26.629	8	2	0	0	0	192	100	0	1
26.629	9	1	0	0	0	264	100	0	1
26.629	9	2	0	0	0	192	100	0	1
26.629	10	1	0	0	0	264	100	0	1
26.629	10	2	0	0	0	192	100	0	1
26.629	11	1	0	0	0	264	100	0	1
26.629	11	2	0	0	0	192	100	0	1
26.629	12	1	0	0	0	264	100	0	1
26.629	12	2	0	0	0	192	100	0	1
26.629	13	1	0	0	0	264	100	0	1
26.629	13	2	0	0	0	192	100	0	1
26.629	14	1	0	0	0	264	100	0	1
26.629	14	2	0	0	0	192	100	0	1
26.629	15	1	0	0	0	264	100	0	1
26.629	15	2	0	0	0	192	100	0	1
26.629	16	1	0	0	0	264	100	0	1
26.629	16	2	0	0	0	192	100	0	1
26.629	17	1	0	0	0	264	100	0	1
26.629	17	2	0	0	0	192	100	0	1
26.629	18	1	0	0	0	264	100	0	1
26.629	18	2	0	0	0	192	100	0	1
26.629	19	1	0	0	0	264	100	0	1
26.629	19	2	0	0	0	192	100	0	1
26.629	20	1	0	0	0	264	100	0	1
26.629	20	2	0	0	0	192	100	0	1
26.629	21	1	0	0	0	264	100	0	1
26.629	21	2	0	0	0	192	100	0	1
26.629	22	1	0	0	0	264	100	0	1
26.629	22	2	0	0	0	192	100	0	1
26.629	23	1	0	0	0	264	100	0	1
26.629	23	2	0	0	0	192	100	0	1
26.629	24	1	0	0	0	264	100	0	1
26.629	24	2	0	0	0	192	100	0	1
26.629	25	1	0	0	0	264	100	0	1
26.629	25	2	0	0	0	192	100	0	1
26.629	26	1	0	0	0	264	100	0	1
26.629	26	2	0	0	0	192	100	0	1
26.629	27	1	0	0	0	264	100	0	1
26.629	27	2	0	0	0	192	100	0	1
26.629	28	1	0	0	0	264	100	0	1
26.629	28	2	0	0	0	192	100	0	1
26.629	29	1	0	0	0	264	100	0	1
26.629	29	2	0	0	0	192	100	0	1
26.629	30	1	0	0	0	264	100	0	1
26.629	30	2	0	0	0	192	100	0	1
26.629	31	1	0	0	0	264	100	0	1
26.629	31	2	0	0	0	192	100	0	1
26.629	32	1	0	0	0	264	100	0	1
26.629	32	2	0	0	0	192	100	0	1
26.629	33	1	0	0	0	264	100	0	1
26.629	33	2	0	0	0	192	100	0	1
26.629	34	1	0	0	0	264	100	0	1
26.629	34	2	0	0	0	192	100	0	1
26.629	35	1	0	0	0	264	100	0	1
26.629	35	2	0	0	0	192	100	0	1
26.629	36	1	0	0	0	264	100	0	1
26.629	36	2	0	0	0	192	100	0	1
26.629	37	1	0	0	0	264	100	0	1
26.629	37	2	0	0	0	192	100	0	1
26.629	38	1	0	0	0	264	100	0	1
26.629	38	2	0	0	0	192	100	0	1
26.629	39	1	0	0	0	264	100	0	1
26.629	39	2	0	0	0	192	100	0	1
26.629	40	1	0	0	0	264	100	0	1
26.629	40	2	0	0	0	192	100	0	1
26.629	41	1	0	0	0	264	100	0	1
26.629	41	2	0	0	0	192	100	0	1
26.629	42	1	0	0	0	264	100	0	1
26.629	42	2	0	0	0	192	100	0	1
26.629	43	1	0	0	0	264	100	0	1
26.629	43	2	0	0	0	192	100	0	1
26.629	44	1	0	0	0	264	100	0	1
26.629	44	2	0	0	0	192	100	0	1
26.629	45	1	0	0	0	264	100	0	1
26.629	45	2	0	0	0	192	100	0	1
26.629	46	1	0	0	0	264	100	0	1
26.629	46	2	0	0	0	192	100	0	1
26.629	47	1	0	0	0	264	100	0	1
26.629	47	2	0	0	0	192	100	0	1
26.629	48	1	0	0	0	264	100	0	1
26.629	48	2	0	0	0	192	100	0	1
26.629	49	1	0	0	0	264	100	0	1
26.629	49	2	0	0	0	192	100	0	1
26.629	50	1	0	0	0	264	100	0	1
26.629	50	2	0	0	0	192	100	0	1
26.629	51	1	0	0	0	264	100	0	1
26.629	51	2	0	0	0	192	100	0	1
26.629	52	1	0	0	0	264	100	0	1
26.629	52	2	0	0	0	192	100	0	1
26.629	53	1	0	0	0	264	100	0	1
26.629	53	2	0	0	0	192	100	0	1
26.629	54	1	0	0	0	264	100	0	1
26.629	54	2	0	0	0	192	100	0	1
26.629	55	1	0	0	0	264	100	0	1
26.629	55	2	0	0	0	192	100	0	1
26.629	56	1	0	0	0	264	100	0	1
26.629	56	2	0	0	0	192	100	0	1
26.629	57	1	0	0	0	264	100	0	1
26.629	57	2	0	0	0	192	100	0	1
26.629	58	1	0	0	0	264	100	0	1
26.629	58	2	0	0	0	192	100	0	1
26.629	59	1	0	0	0	264	100	0	1
26.629	59	2	0	0	0	192	100	0	1
26.629	60	1	0	0	0	264	100	0	1
26.629	60	2	0	0	0	192	100	0	1
26.629	61	1	0	0	0	264	100	0	1
26.629	61	2	0	0	0	192	100	0	1
26.629	62	1	0	0	0	264	100	0	1
26.629	62	2	0	0	0	192	100	0	1
26.629	63	1	0	0	0	264	100	0	1
26.629	63	2	0	0	0	192	100	0	1
26.629	64	1	0	0	0	264	100	0	1
26.629	64	2	0	0	0	192	100	0	1
26.629	65	1	0	0	0	264	100	0	1
26.629	65	2	0	0	0	192	100	0	1
27.132	0	1	0	0	0	264	100	0	1
27.132	0	2	0	0	0	192	100	0	1
27.132	1	1	0	0	0	264	100	0	1
27.132	1	2	0	0	0	192	100	0	1
27.132	2	1	0	0	0	264	100	0	1
27.132	2	2	0	0	0	192	100	0	1
27.132	3	1	0	0	0	264	100	0	1
27.132	3	2	0	0	0	192	100	0	1
27.132	4	1	0	0	0	264	100	0	1
27.132	4	2	0	0	0	192	100	0	1
27.132	5	1	0	0	0	264	100	0	1
27.132	5	2	0	0	0	192	100	0	1
27.132	6	1	0	0	0	264	100	0	1
27.132	6	2	0	0	0	192	100	0	1
27.132	7	1	0	0	0	264	100	0	1
27.132	7	2	0	0	0	192	100	0	1
27.132	8	1	0	0	0	264	100	0	1
27.132	8	2	0	0	0	192	100	0	1
27.132	9	1	0	0	0	264	100	0	1
27.132	9	2	0	0	0	192	100	0	1
27.132	10	1	0	0	0	264	100	0	1
27.132	10	2	0	0	0	192	100	0	1
27.132	11	1	0	0	0	264	100	0	1
27.132	11	2	0	0	0	192	100	0	1
27.132	12	1	0	0	0	264	100	0	1
27.132	12	2	0	0	0	192	100	0	1
27.132	13	1	0	0	0	264	100	0	1
27.132	13	2	0	0	0	192	100	0	1
27.132	14	1	0	0	0	264	100	0	1
27.132	14	2	0	0	0	192	100	0	1
27.132	15	1	0	0	0	264	100	0	1
27.132	15	2	0	0	0	192	100	0	1
27.132	16	1	0	0	0	264	100	0	1
27.132	16	2	0	0	0	192	100	0	1
27.132	17	1	0	0	0	264	100	0	1
27.132	17	2	0	0	0	192	100	0	1
27.132	18	1	0	0	0	264	100	0	1
27.132	18	2	0	0	0	192	100	0	1
27.132	19	1	0	0	0	264	100	0	1
27.132	19	2	0	0	0	192	100	0	1
27.132	20	1	0	0	0	264	100	0	1
27.132	20	2	0	0	0	192	100	0	1
27.132	21	1	0	0	0	264	100	0	1
27.132	21	2	0	0	0	192	100	0	1
27.132	22	1	0	0	0	264	100	0	1
27.132	22	2	0	0	0	192	100	0	1
27.132	23	1	0	0	0	264	100	0	1
27.132	23	2	0	0	0	192	100	0	1
27.132	24	1	0	0	0	264	100	0	1
27.132	24	2	0	0	0	192	100	0	1
27.132	25	1	0	0	0	264	100	0	1
27.132	25	2	0	0	0	192	100	0	1
27.132	26	1	0	0	0	264	100	0	1
27.132	26	2	0	0	0	192	100	0	1
27.132	27	1	0	0	0	264	100	0	1
27.132	27	2	0	0	0	192	100	0	1
27.132	28	1	0	0	0	264	100	0	1
27.132	28	2	0	0	0	192	100	0	1
27.132	29	1	0	0	0	264	100	0	1
27.132	29	2	0	0	0	192	100	0	1
27.132	30	1	0	0	0	264	100	0	1
27.132	30	2	0	0	0	192	100	0	1
27.132	31	1	0	0	0	264	100	0	1
27.132	31	2	0	0	0	192	100	0	1
27.132	32	1	0	0	0	264	100	0	1
27.132	32	2	0	0	0	192	100	0	1
27.132	33	1	0	0	0	264	100	0	1
27.132	33	2	0	0	0	192	100	0	1
27.132	34	1	0	0	0	264	100	0	1
27.132	34	2	0	0	0	192	100	0	1
27.132	35	1	0	0	0	264	100	0	1
27.132	35	2	0	0	0	192	100	0	1
27.132	36	1	0	0	0	264	100	0	1
27.132	36	2	0	0	0	192	100	0	1
27.132	37	1	0	0	0	264	100	0	1
27.132	37	2	0	0	0	192	100	0	1
27.132	38	1	0	0	0	264	100	0	1
27.132	38	2	0	0	0	192	100	0	1
27.132	39	1	0	0	0	264	100	0	1
27.132	39	2	0	0	0	192	100	0	1
27.132	40	1	0	0	0	264	100	0	1
27.132	40	2	0	0	0	192	100	0	1
27.132	41	1	0	0	0	264	100	0	1
27.132	41	2	0	0	0	192	100	0	1
27.132	42	1	0	0	0	264	100	0	1
27.132	42	2	0	0	0	192	100	0	1
27.132	43	1	0	0	0	264	100	0	1
27.132	43	2	0	0	0	192	100	0	1
27.132	44	1	0	0	0	264	100	0	1
27.132	44	2	0	0	0	192	100	0	1
27.132	45	1	0	0	0	264	100	0	1
27.132	45	2	0	0	0	192	100	0	1
27.132	46	1	0	0	0	264	100	0	1
27.132	46	2	0	0	0	192	100	0	1
27.132	47	1	0	0	0	264	100	0	1
27.132	47	2	0	0	0	192	100	0	1
27.132	48	1	0	0	0	264	100	0	1
27.132	48	2	0	0	0	192	100	0	1
27.132	49	1	0	0	0	264	100	0	1
27.132	49	2	0	0	0	192	100	0	1
27.132	50	1	0	0	0	264	100	0	1
27.132	50	2	0	0	0	192	100	0	1
27.132	51	1	0	0	0	264	100	0	1
27.132	51	2	0	0	0	192	100	0	1
27.132	52	1	0	0	0	264	100	0	1
27.132	52	2	0	0	0	192	100	0	1
27.132	53	1	0	0	0	264	100	0	1
27.132	53	2	0	0	0	192	100	0	1
27.132	54	1	0	0	0	264	100	0	1
27.132	54	2	0	0	0	192	100	0	1
27.132	55	1	0	0	0	264	100	0	1
27.132	55	2	0	0	0	192	100	0	1
27.132	56	1	0	0	0	264	100	0	1
27.132	56	2	0	0	0	192	100	0	1
27.132	57	1	0	0	0	264	100	0	1
27.132	57	2	0	0	0	192	100	0	1
27.132	58	1	0	0	0	264	100	0	1
27.132	58	2	0	0	0	192	100	0	1
27.132	59	1	0	0	0	264	100	0	1
27.132	59	2	0	0	0	192	100	0	1
27.132	60	1	0	0	0	264	100	0	1
27.132	60	2	0	0	0	192	100	0	1
27.132	61	1	0	0	0	264	100	0	1
27.132	61	2	0	0	0	192	100	0	1
27.132	62	1	0	0	0	264	100	0	1
27.132	62	2	0	0	0	192	100	0	1
27.132	63	1	0	0	0	264	100	0	1
27.132	63	2	0	0	0	192	100	0	1
27.132	64	1	0	0	0	264	100	0	1
27.132	64	2	0	0	0	192	100	0	1
27.132	65	1	0	0	0	264	100	0	1
27.132	65	2	0	0	0	192	100	0	1
27.635	0	1	0	0	0	264	100	0	1
27.635	0	2	0	0	0	192	100	0	1
27.635	1	1	0	0	0	264	100	0	1
27.635	1	2	0	0	0	192	100	0	1
27.635	2	1	0	0	0	264	100	0	1
27.635	2	2	0	0	0	192	100	0	1
27.635	3	1	0	0	0	264	100	0	1
27.635	3	2	0	0	0	192	100	0	1
27.635	4	1	0	0	0	264	100	0	1
27.635	4	2	0	0	0	192	100	0	1
27.635	5	1	0	0	0	264	100	0	1
27.635	5	2	0	0	0	192	100	0	1
27.635	6	1	0	0	0	264	100	0	1
27.635	6	2	0	0	0	192	100	0	1
27.635	7	1	0	0	0	264	100	0	1
27.635	7	2	0	0	0	192	100	0	1
27.635	8	1	0	0	0	264	100	0	1
27.635	8	2	0	0	0	192	100	0	1
27.635	9	1	0	0	0	264	100	0	1
27.635	9	2	0	0	0	192	100	0	1
27.635	10	1	0	0	0	264	100	0	1
27.635	10	2	0	0	0	192	100	0	1
27.635	11	1	0	0	0	264	100	0	1
27.635	11	2	0	0	0	192	100	0	1
27.635	12	1	0	0	0	264	100	0	1
27.635	12	2	0	0	0	192	100	0	1
27.635	13	1	0	0	0	264	100	0	1
27.635	13	2	0	0	0	192	100	0	1
27.635	14	1	0	0	0	264	100	0	1
27.635	14	2	0	0	0	192	100	0	1
27.635	15	1	0	0	0	264	100	0	1
27.635	15	2	0	0	0	192	100	0	1
27.635	16	1	0	0	0	264	100	0	1
27.635	16	2	0	0	0	192	100	0	1
27.635	17	1	0	0	0	264	100	0	1
27.635	17	2	0	0	0	192	100	0	1
27.635	18	1	0	0	0	264	100	0	1
27.635	18	2	0	0	0	192	100	0	1
27.635	19	1	0	0	0	264	100	0	1
27.635	19	2	0	0	0	192	100	0	1
27.635	20	1	0	0	0	264	100	0	1
27.635	20	2	0	0	0	192	100	0	1
27.635	21	1	0	0	0	264	100	0	1
27.635	21	2	0	0	0	192	100	0	1
27.635	22	1	0	0	0	264	100	0	1
27.635	22	2	0	0	0	192	100	0	1
27.635	23	1	0	0	0	264	100	0	1
27.635	23	2	0	0	0	192	100	0	1
27.635	24	1	0	0	0	264	100	0	1
27.635	24	2	0	0	0	192	100	0	1
27.635	25	1	0	0	0	264	100	0	1
27.635	25	2	0	0	0	192	100	0	1
27.635	26	1	0	0	0	264	100	0	1
27.635	26	2	0	0	0	192	100	0	1
27.635	27	1	0	0	0	264	100	0	1
27.635	27	2	0	0	0	192	100	0	1
27.635	28	1	0	0	0	264	100	0	1
27.635	28	2	0	0	0	192	100	0	1
27.635	29	1	0	0	0	264	100	0	1
27.635	29	2	0	0	0	192	100	0	1
27.635	30	1	0	0	0	264	100	0	1
27.635	30	2	0	0	0	192	100	0	1
27.635	31	1	0	0	0	264	100	0	1
27.635	31	2	0	0	0	192	100	0	1
27.635	32	1	0	0	0	264	100	0	1
27.635	32	2	0	0	0	192	100	0	1
27.635	33	1	0	0	0	264	100	0	1
27.635	33	2	0	0	0	192	100	0	1
27.635	34	1	0	0	0	264	100	0	1
27.635	34	2	0	0	0	192	100	0	1
27.635	35	1	0	0	0	264	100	0	1
27.635	35	2	0	0	0	192	100	0	1
27.635	36	1	0	0	0	264	100	0	1
27.635	36	2	0	0	0	192	100	0	1
27.635	37	1	0	0	0	264	100	0	1
27.635	37	2	0	0	0	192	100	0	1
27.635	38	1	0	0	0	264	100	0	1
27.635	38	2	0	0	0	192	100	0	1
27.635	39	1	0	0	0	264	100	0	1
27.635	39	2	0	0	0	192	100	0	1
27.635	40	1	0	0	0	264	100	0	1
27.635	40	2	0	0	0	192	100	0	1
27.635	41	1	0	0	0	264	100	0	1
27.635	41	2	0	0	0	192	100	0	1
27.635	42	1	0	0	0	264	100	0	1
27.635	42	2	0	0	0	192	100	0	1
27.635	43	1	0	0	0	264	100	0	1
27.635	43	2	0	0	0	192	100	0	1
27.635	44	1	0	0	0	264	100	0	1
27.635	44	2	0	0	0	192	100	0	1
27.635	45	1	0	0	0	264	100	0	1
27.635	45	2	0	0	0	192	100	0	1
27.635	46	1	0	0	0	264	100	0	1
27.635	46	2	0	0	0	192	100	0	1
27.635	47	1	0	0	0	264	100	0	1
27.635	47	2	0	0	0	192	100	0	1
27.635	48	1	0	0	0	264	100	0	1
27.635	48	2	0	0	0	192	100	0	1
27.635	49	1	0	0	0	264	100	0	1
27.635	49	2	0	0	0	192	100	0	1
27.635	50	1	0	0	0	264	100	0	1
27.635	50	2	0	0	0	192	100	0	1
27.635	51	1	0	0	0	264	100	0	1
27.635	51	2	0	0	0	192	100	0	1
27.635	52	1	0	0	0	264	100	0	1
27.635	52	2	0	0	0	192	100	0	1
27.635	53	1	0	0	0	264	100	0	1
27.635	53	2	0	0	0	192	100	0	1
27.635	54	1	0	0	0	264	100	0	1
27.635	54	2	0	0	0	192	100	0	1
27.635	55	1	0	0	0	264	100	0	1
27.635	55	2	0	0	0	192	100	0	1
27.635	56	1	0	0	0	264	100	0	1
27.635	56	2	0	0	0	192	100	0	1
27.635	57	1	0	0	0	264	100	0	1
27.635	57	2	0	0	0	192	100	0	1
27.635	58	1	0	0	0	264	100	0	1
27.635	58	2	0	0	0	192	100	0	1
27.635	59	1	0	0	0	264	100	0	1
27.635	59	2	0	0	0	192	100	0	1
27.635	60	1	0	0	0	264	100	0	1
27.635	60	2	0	0	0	192	100	0	1
27.635	61	1	0	0	0	264	100	0	1
27.635	61	2	0	0	0	192	100	0	1
27.635	62	1	0	0	0	264	100	0	1
27.635	62	2	0	0	0	192	100	0	1
27.635	63	1	0	0	0	264	100	0	1
27.635	63	2	0	0	0	192	100	0	1
27.635	64	1	0	0	0	264	100	0	1
27.635	64	2	0	0	0	192	100	0	1
27.635	65	1	0	0	0	264	100	0	1
27.635	65	2	0	0	0	192	100	0	1
28.138	0	1	0	0	0	264	100	0	1
28.138	0	2	0	0	0	192	100	0	1
28.138	1	1	0	0	0	264	100	0	1
28.138	1	2	0	0	0	192	100	0	1
28.138	2	1	0	0	0	264	100	0	1
28.138	2	2	0	0	0	192	100	0	1
28.138	3	1	0	0	0	264	100	0	1
28.138	3	2	0	0	0	192	100	0	1
28.138	4	1	0	0	0	264	100	0	1
28.138	4	2	0	0	0	192	100	0	1
28.138	5	1	0	0	0	264	100	0	1
28.138	5	2	0	0	0	192	100	0	1
28.138	6	1	0	0	0	264	100	0	1
28.138	6	2	0	0	0	192	100	0	1
28.138	7	1	0	0	0	264	100	0	1
28.138	7	2	0	0	0	192	100	0	1
28.138	8	1	0	0	0	264	100	0	1
28.138	8	2	0	0	0	192	100	0	1
28.138	9	1	0	0	0	264	100	0	1
28.138	9	2	0	0	0	192	100	0	1
28.138	10	1	0	0	0	264	100	0	1
28.138	10	2	0	0	0	192	100	0	1
28.138	11	1	0	0	0	264	100	0	1
28.138	11	2	0	0	0	192	100	0	1
28.138	12	1	0	0	0	264	100	0	1
28.138	12	2	0	0	0	192	100	0	1
28.138	13	1	0	0	0	264	100	0	1
28.138	13	2	0	0	0	192	100	0	1
28.138	14	1	0	0	0	264	100	0	1
28.138	14	2	0	0	0	192	100	0	1
28.138	15	1	0	0	0	264	100	0	1
28.138	15	2	0	0	0	192	100	0	1
28.138	16	1	0	0	0	264	100	0	1
28.138	16	2	0	0	0	192	100	0	1
28.138	17	1	0	0	0	264	100	0	1
28.138	17	2	0	0	0	192	100	0	1
28.138	18	1	0	0	0	264	100	0	1
28.138	18	2	0	0	0	192	100	0	1
28.138	19	1	0	0	0	264	100	0	1
28.138	19	2	0	0	0	192	100	0	1
28.138	20	1	0	0	0	264	100	0	1
28.138	20	2	0	0	0	192	100	0	1
28.138	21	1	0	0	0	264	100	0	1
28.138	21	2	0	0	0	192	100	0	1
28.138	22	1	0	0	0	264	100	0	1
28.138	22	2	0	0	0	192	100	0	1
28.138	23	1	0	0	0	264	100	0	1
28.138	23	2	0	0	0	192	100	0	1
28.138	24	1	0	0	0	264	100	0	1
28.138	24	2	0	0	0	192	100	0	1
28.138	25	1	0	0	0	264	100	0	1
28.138	25	2	0	0	0	192	100	0	1
28.138	26	1	0	0	0	264	100	0	1
28.138	26	2	0	0	0	192	100	0	1
28.138	27	1	0	0	0	264	100	0	1
28.138	27	2	0	0	0	192	100	0	1
28.138	28	1	0	0	0	264	100	0	1
28.138	28	2	0	0	0	192	100	0	1
28.138	29	1	0	0	0	264	100	0	1
28.138	29	2	0	0	0	192	100	0	1
28.138	30	1	0	0	0	264	100	0	1
28.138	30	2	0	0	0	192	100	0	1
28.138	31	1	0	0	0	264	100	0	1
28.138	31	2	0	0	0	192	100	0	1
28.138	32	1	0	0	0	264	100	0	1
28.138	32	2	0	0	0	192	100	0	1
28.138	33	1	0	0	0	264	100	0	1
28.138	33	2	0	0	0	192	100	0	1
28.138	34	1	0	0	0	264	100	0	1
28.138	34	2	0	0	0	192	100	0	1
28.138	35	1	0	0	0	264	100	0	1
28.138	35	2	0	0	0	192	100	0	1
28.138	36	1	0	0	0	264	100	0	1
28.138	36	2	0	0	0	192	100	0	1
28.138	37	1	0	0	0	264	100	0	1
28.138	37	2	0	0	0	192	100	0	1
28.138	38	1	0	0	0	264	100	0	1
28.138	38	2	0	0	0	192	100	0	1
28.138	39	1	0	0	0	264	100	0	1
28.138	39	2	0	0	0	192	100	0	1
28.138	40	1	0	0	0	264	100	0	1
28.138	40	2	0	0	0	192	100	0	1
28.138	41	1	0	0	0	264	100	0	1
28.138	41	2	0	0	0	192	100	0	1
28.138	42	1	0	0	0	264	100	0	1
28.138	42	2	0	0	0	192	100	0	1
28.138	43	1	0	0	0	264	100	0	1
28.138	43	2	0	0	0	192	100	0	1
28.138	44	1	0	0	0	264	100	0	1
28.138	44	2	0	0	0	192	100	0	1
28.138	45	1	0	0	0	264	100	0	1
28.138	45	2	0	0	0	192	100	0	1
28.138	46	1	0	0	0	264	100	0	1
28.138	46	2	0	0	0	192	100	0	1
28.138	47	1	0	0	0	264	100	0	1
28.138	47	2	0	0	0	192	100	0	1
28.138	48	1	0	0	0	264	100	0	1
28.138	48	2	0	0	0	192	100	0	1
28.138	49	1	0	0	0	264	100	0	1
28.138	49	2	0	0	0	192	100	0	1
28.138	50	1	0	0	0	264	100	0	1
28.138	50	2	0	0	0	192	100	0	1
28.138	51	1	0	0	0	264	100	0	1
28.138	51	2	0	0	0	192	100	0	1
28.138	52	1	0	0	0	264	100	0	1
28.138	52	2	0	0	0	192	100	0	1
28.138	53	1	0	0	0	264	100	0	1
28.138	53	2	0	0	0	192	100	0	1
28.138	54	1	0	0	0	264	100	0	1
28.138	54	2	0	0	0	192	100	0	1
28.138	55	1	0	0	0	264	100	0	1
28.138	55	2	0	0	0	192	100	0	1
28.138	56	1	0	0	0	264	100	0	1
28.138	56	2	0	0	0	192	100	0	1
28.138	57	1	0	0	0	264	100	0	1
28.138	57	2	0	0	0	192	100	0	1
28.138	58	1	0	0	0	264	100	0	1
28.138	58	2	0	0	0	192	100	0	1
28.138	59	1	0	0	0	264	100	0	1
28.138	59	2	0	0	0	192	100	0	1
28.138	60	1	0	0	0	264	100	0	1
28.138	60	2	0	0	0	192	100	0	1
28.138	61	1	0	0	0	264	100	0	1
28.138	61	2	0	0	0	192	100	0	1
28.138	62	1	0	0	0	264	100	0	1
28.138	62	2	0	0	0	192	100	0	1
28.138	63	1	0	0	0	264	100	0	1
28.138	63	2	0	0	0	192	100	0	1
28.138	64	1	0	0	0	264	100	0	1
28.138	64	2	0	0	0	192	100	0	1
28.138	65	1	0	0	0	264	100	0	1
28.138	65	2	0	0	0	192	100	0	1
28.641	0	1	0	0	0	264	100	0	1
28.641	0	2	0	0	0	192	100	0	1
28.641	1	1	0	0	0	264	100	0	1
28.641	1	2	0	0	0	192	100	0	1
28.641	2	1	0	0	0	264	100	0	1
28.641	2	2	0	0	0	192	100	0	1
28.641	3	1	0	0	0	264	100	0	1
28.641	3	2	0	0	0	192	100	0	1
28.641	4	1	0	0	0	264	100	0	1
28.641	4	2	0	0	0	192	100	0	1
28.641	5	1	0	0	0	264	100	0	1
28.641	5	2	0	0	0	192	100	0	1
28.641	6	1	0	0	0	264	100	0	1
28.641	6	2	0	0	0	192	100	0	1
28.641	7	1	0	0	0	264	100	0	1
28.641	7	2	0	0	0	192	100	0	1
28.641	8	1	0	0	0	264	100	0	1
28.641	8	2	0	0	0	192	100	0	1
28.641	9	1	0	0	0	264	100	0	1
28.641	9	2	0	0	0	192	100	0	1
28.641	10	1	0	0	0	264	100	0	1
28.641	10	2	0	0	0	192	100	0	1
28.641	11	1	0	0	0	264	100	0	1
28.641	11	2	0	0	0	192	100	0	1
28.641	12	1	0	0	0	264	100	0	1
28.641	12	2	0	0	0	192	100	0	1
28.641	13	1	0	0	0	264	100	0	1
28.641	13	2	0	0	0	192	100	0	1
28.641	14	1	0	0	0	264	100	0	1
28.641	14	2	0	0	0	192	100	0	1
28.641	15	1	0	0	0	264	100	0	1
28.641	15	2	0	0	0	192	100	0	1
28.641	16	1	0	0	0	264	100	0	1
28.641	16	2	0	0	0	192	100	0	1
28.641	17	1	0	0	0	264	100	0	1
28.641	17	2	0	0	0	192	100	0	1
28.641	18	1	0	0	0	264	100	0	1
28.641	18	2	0	0	0	192	100	0	1
28.641	19	1	0	0	0	264	100	0	1
28.641	19	2	0	0	0	192	100	0	1
28.641	20	1	0	0	0	264	100	0	1
28.641	20	2	0	0	0	192	100	0	1
28.641	21	1	0	0	0	264	100	0	1
28.641	21	2	0	0	0	192	100	0	1
28.641	22	1	0	0	0	264	100	0	1
28.641	22	2	0	0	0	192	100	0	1
28.641	23	1	0	0	0	264	100	0	1
28.641	23	2	0	0	0	192	100	0	1
28.641	24	1	0	0	0	264	100	0	1
28.641	24	2	0	0	0	192	100	0	1
28.641	25	1	0	0	0	264	100	0	1
28.641	25	2	0	0	0	192	100	0	1
28.641	26	1	0	0	0	264	100	0	1
28.641	26	2	0	0	0	192	100	0	1
28.641	27	1	0	0	0	264	100	0	1
28.641	27	2	0	0	0	192	100	0	1
28.641	28	1	0	0	0	264	100	0	1
28.641	28	2	0	0	0	192	100	0	1
28.641	29	1	0	0	0	264	100	0	1
28.641	29	2	0	0	0	192	100	0	1
28.641	30	1	0	0	0	264	100	0	1
28.641	30	2	0	0	0	192	100	0	1
28.641	31	1	0	0	0	264	100	0	1
28.641	31	2	0	0	0	192	100	0	1
28.641	32	1	0	0	0	264	100	0	1
28.641	32	2	0	0	0	192	100	0	1
28.641	33	1	0	0	0	264	100	0	1
28.641	33	2	0	0	0	192	100	0	1
28.641	34	1	0	0	0	264	100	0	1
28.641	34	2	0	0	0	192	100	0	1
28.641	35	1	0	0	0	264	100	0	1
28.641	35	2	0	0	0	192	100	0	1
28.641	36	1	0	0	0	264	100	0	1
28.641	36	2	0	0	0	192	100	0	1
28.641	37	1	0	0	0	264	100	0	1
28.641	37	2	0	0	0	192	100	0	1
28.641	38	1	0	0	0	264	100	0	1
28.641	38	2	0	0	0	192	100	0	1
28.641	39	1	0	0	0	264	100	0	1
28.641	39	2	0	0	0	192	100	0	1
28.641	40	1	0	0	0	264	100	0	1
28.641	40	2	0	0	0	192	100	0	1
28.641	41	1	0	0	0	264	100	0	1
28.641	41	2	0	0	0	192	100	0	1
28.641	42	1	0	0	0	264	100	0	1
28.641	42	2	0	0	0	192	100	0	1
28.641	43	1	0	0	0	264	100	0	1
28.641	43	2	0	0	0	192	100	0	1
28.641	44	1	0	0	0	264	100	0	1
28.641	44	2	0	0	0	192	100	0	1
28.641	45	1	0	0	0	264	100	0	1
28.641	45	2	0	0	0	192	100	0	1
28.641	46	1	0	0	0	264	100	0	1
28.641	46	2	0	0	0	192	100	0	1
28.641	47	1	0	0	0	264	100	0	1
28.641	47	2	0	0	0	192	100	0	1
28.641	48	1	0	0	0	264	100	0	1
28.641	48	2	0	0	0	192	100	0	1
28.641	49	1	0	0	0	264	100	0	1
28.641	49	2	0	0	0	192	100	0	1
28.641	50	1	0	0	0	264	100	0	1
28.641	50	2	0	0	0	192	100	0	1
28.641	51	1	0	0	0	264	100	0	1
28.641	51	2	0	0	0	192	100	0	1
28.641	52	1	0	0	0	264	100	0	1
28.641	52	2	0	0	0	192	100	0	1
28.641	53	1	0	0	0	264	100	0	1
28.641	53	2	0	0	0	192	100	0	1
28.641	54	1	0	0	0	264	100	0	1
28.641	54	2	0	0	0	192	100	0	1
28.641	55	1	0	0	0	264	100	0	1
28.641	55	2	0	0	0	192	100	0	1
28.641	56	1	0	0	0	264	100	0	1
28.641	56	2	0	0	0	192	100	0	1
28.641	57	1	0	0	0	264	100	0	1
28.641	57	2	0	0	0	192	100	0	1
28.641	58	1	0	0	0	264	100	0	1
28.641	58	2	0	0	0	192	100	0	1
28.641	59	1	0	0	0	264	100	0	1
28.641	59	2	0	0	0	192	100	0	1
28.641	60	1	0	0	0	264	100	0	1
28.641	60	2	0	0	0	192	100	0	1
28.641	61	1	0	0	0	264	100	0	1
28.641	61	2	0	0	0	192	100	0	1
28.641	62	1	0	0	0	264	100	0	1
28.641	62	2	0	0	0	192	100	0	1
28.641	63	1	0	0	0	264	100	0	1
28.641	63	2	0	0	0	192	100	0	1
28.641	64	1	0	0	0	264	100	0	1
28.641	64	2	0	0	0	192	100	0	1
28.641	65	1	0	0	0	264	100	0	1
28.641	65	2	0	0	0	192	100	0	1
29.144	0	1	0	0	0	264	100	0	1
29.144	0	2	0	0	0	192	100	0	1
29.144	1	1	0	0	0	264	100	0	1
29.144	1	2	0	0	0	192	100	0	1
29.144	2	1	0	0	0	264	100	0	1
29.144	2	2	0	0	0	192	100	0	1
29.144	3	1	0	0	0	264	100	0	1
29.144	3	2	0	0	0	192	100	0	1
29.144	4	1	0	0	0	264	100	0	1
29.144	4	2	0	0	0	192	100	0	1
29.144	5	1	0	0	0	264	100	0	1
29.144	5	2	0	0	0	192	100	0	1
29.144	6	1	0	0	0	264	100	0	1
29.144	6	2	0	0	0	192	100	0	1
29.144	7	1	0	0	0	264	100	0	1
29.144	7	2	0	0	0	192	100	0	1
29.144	8	1	0	0	0	264	100	0	1
29.144	8	2	0	0	0	192	100	0	1
29.144	9	1	0	0	0	264	100	0	1
29.144	9	2	0	0	0	192	100	0	1
29.144	10	1	0	0	0	264	100	0	1
29.144	10	2	0	0	0	192	100	0	1
29.144	11	1	0	0	0	264	100	0	1
29.144	11	2	0	0	0	192	100	0	1
29.144	12	1	0	0	0	264	100	0	1
29.144	12	2	0	0	0	192	100	0	1
29.144	13	1	0	0	0	264	100	0	1
29.144	13	2	0	0	0	192	100	0	1
29.144	14	1	0	0	0	264	100	0	1
29.144	14	2	0	0	0	192	100	0	1
29.144	15	1	0	0	0	264	100	0	1
29.144	15	2	0	0	0	192	100	0	1
29.144	16	1	0	0	0	264	100	0	1
29.144	16	2	0	0	0	192	100	0	1
29.144	17	1	0	0	0	264	100	0	1
29.144	17	2	0	0	0	192	100	0	1
29.144	18	1	0	0	0	264	100	0	1
29.144	18	2	0	0	0	192	100	0	1
29.144	19	1	0	0	0	264	100	0	1
29.144	19	2	0	0	0	192	100	0	1
29.144	20	1	0	0	0	264	100	0	1
29.144	20	2	0	0	0	192	100	0	1
29.144	21	1	0	0	0	264	100	0	1
29.144	21	2	0	0	0	192	100	0	1
29.144	22	1	0	0	0	264	100	0	1
29.144	22	2	0	0	0	192	100	0	1
29.144	23	1	0	0	0	264	100	0	1
29.144	23	2	0	0	0	192	100	0	1
29.144	24	1	0	0	0	264	100	0	1
29.144	24	2	0	0	0	192	100	0	1
29.144	25	1	0	0	0	264	100	0	1
29.144	25	2	0	0	0	192	100	0	1
29.144	26	1	0	0	0	264	100	0	1
29.144	26	2	0	0	0	192	100	0	1
29.144	27	1	0	0	0	264	100	0	1
29.144	27	2	0	0	0	192	100	0	1
29.144	28	1	0	0	0	264	100	0	1
29.144	28	2	0	0	0	192	100	0	1
29.144	29	1	0	0	0	264	100	0	1
29.144	29	2	0	0	0	192	100	0	1
29.144	30	1	0	0	0	264	100	0	1
29.144	30	2	0	0	0	192	100	0	1
29.144	31	1	0	0	0	264	100	0	1
29.144	31	2	0	0	0	192	100	0	1
29.144	32	1	0	0	0	264	100	0	1
29.144	32	2	0	0	0	192	100	0	1
29.144	33	1	0	0	0	264	100	0	1
29.144	33	2	0	0	0	192	100	0	1
29.144	34	1	0	0	0	264	100	0	1
29.144	34	2	0	0	0	192	100	0	1
29.144	35	1	0	0	0	264	100	0	1
29.144	35	2	0	0	0	192	100	0	1
29.144	36	1	0	0	0	264	100	0	1
29.144	36	2	0	0	0	192	100	0	1
29.144	37	1	0	0	0	264	100	0	1
29.144	37	2	0	0	0	192	100	0	1
29.144	38	1	0	0	0	264	100	0	1
29.144	38	2	0	0	0	192	100	0	1
29.144	39	1	0	0	0	264	100	0	1
29.144	39	2	0	0	0	192	100	0	1
29.144	40	1	0	0	0	264	100	0	1
29.144	40	2	0	0	0	192	100	0	1
29.144	41	1	0	0	0	264	100	0	1
29.144	41	2	0	0	0	192	100	0	1
29.144	42	1	0	0	0	264	100	0	1
29.144	42	2	0	0	0	192	100	0	1
29.144	43	1	0	0	0	264	100	0	1
29.144	43	2	0	0	0	192	100	0	1
29.144	44	1	0	0	0	264	100	0	1
29.144	44	2	0	0	0	192	100	0	1
29.144	45	1	0	0	0	264	100	0	1
29.144	45	2	0	0	0	192	100	0	1
29.144	46	1	0	0	0	264	100	0	1
29.144	46	2	0	0	0	192	100	0	1
29.144	47	1	0	0	0	264	100	0	1
29.144	47	2	0	0	0	192	100	0	1
29.144	48	1	0	0	0	264	100	0	1
29.144	48	2	0	0	0	192	100	0	1
29.144	49	1	0	0	0	264	100	0	1
29.144	49	2	0	0	0	192	100	0	1
29.144	50	1	0	0	0	264	100	0	1
29.144	50	2	0	0	0	192	100	0	1
29.144	51	1	0	0	0	264	100	0	1
29.144	51	2	0	0	0	192	100	0	1
29.144	52	1	0	0	0	264	100	0	1
29.144	52	2	0	0	0	192	100	0	1
29.144	53	1	0	0	0	264	100	0	1
29.144	53	2	0	0	0	192	100	0	1
29.144	54	1	0	0	0	264	100	0	1
29.144	54	2	0	0	0	192	100	0	1
29.144	55	1	0	0	0	264	100	0	1
29.144	55	2	0	0	0	192	100	0	1
29.144	56	1	0	0	0	264	100	0	1
29.144	56	2	0	0	0	192	100	0	1
29.144	57	1	0	0	0	264	100	0	1
29.144	57	2	0	0	0	192	100	0	1
29.144	58	1	0	0	0	264	100	0	1
29.144	58	2	0	0	0	192	100	0	1
29.144	59	1	0	0	0	264	100	0	1
29.144	59	2	0	0	0	192	100	0	1
29.144	60	1	0	0	0	264	100	0	1
29.144	60	2	0	0	0	192	100	0	1
29.144	61	1	0	0	0	264	100	0	1
29.144	61	2	0	0	0	192	100	0	1
29.144	62	1	0	0	0	264	100	0	1
29.144	62	2	0	0	0	192	100	0	1
29.144	63	1	0	0	0	264	100	0	1
29.144	63	2	0	0	0	192	100	0	1
29.144	64	1	0	0	0	264	100	0	1
29.144	64	2	0	0	0	192	100	0	1
29.144	65	1	0	0	0	264	100	0	1
29.144	65	2	0	0	0	192	100	0	1
29.647	0	1	0	0	0	264	100	0	1
29.647	0	2	0	0	0	192	100	0	1
29.647	1	1	0	0	0	264	100	0	1
29.647	1	2	0	0	0	192	100	0	1
29.647	2	1	0	0	0	264	100	0	1
29.647	2	2	0	0	0	192	100	0	1
29.647	3	1	0	0	0	264	100	0	1
29.647	3	2	0	0	0	192	100	0	1
29.647	4	1	0	0	0	264	100	0	1
29.647	4	2	0	0	0	192	100	0	1
29.647	5	1	0	0	0	264	100	0	1
29.647	5	2	0	0	0	192	100	0	1
29.647	6	1	0	0	0	264	100	0	1
29.647	6	2	0	0	0	192	100	0	1
29.647	7	1	0	0	0	264	100	0	1
29.647	7	2	0	0	0	192	100	0	1
29.647	8	1	0	0	0	264	100	0	1
29.647	8	2	0	0	0	192	100	0	1
29.647	9	1	0	0	0	264	100	0	1
29.647	9	2	0	0	0	192	100	0	1
29.647	10	1	0	0	0	264	100	0	1
29.647	10	2	0	0	0	192	100	0	1
29.647	11	1	0	0	0	264	100	0	1
29.647	11	2	0	0	0	192	100	0	1
29.647	12	1	0	0	0	264	100	0	1
29.647	12	2	0	0	0	192	100	0	1
29.647	13	1	0	0	0	264	100	0	1
29.647	13	2	0	0	0	192	100	0	1
29.647	14	1	0	0	0	264	100	0	1
29.647	14	2	0	0	0	192	100	0	1
29.647	15	1	0	0	0	264	100	0	1
29.647	15	2	0	0	0	192	100	0	1
29.647	16	1	0	0	0	264	100	0	1
29.647	16	2	0	0	0	192	100	0	1
29.647	17	1	0	0	0	264	100	0	1
29.647	17	2	0	0	0	192	100	0	1
29.647	18	1	0	0	0	264	100	0	1
29.647	18	2	0	0	0	192	100	0	1
29.647	19	1	0	0	0	264	100	0	1
29.647	19	2	0	0	0	192	100	0	1
29.647	20	1	0	0	0	264	100	0	1
29.647	20	2	0	0	0	192	100	0	1
29.647	21	1	0	0	0	264	100	0	1
29.647	21	2	0	0	0	192	100	0	1
29.647	22	1	0	0	0	264	100	0	1
29.647	22	2	0	0	0	192	100	0	1
29.647	23	1	0	0	0	264	100	0	1
29.647	23	2	0	0	0	192	100	0	1
29.647	24	1	0	0	0	264	100	0	1
29.647	24	2	0	0	0	192	100	0	1
29.647	25	1	0	0	0	264	100	0	1
29.647	25	2	0	0	0	192	100	0	1
29.647	26	1	0	0	0	264	100	0	1
29.647	26	2	0	0	0	192	100	0	1
29.647	27	1	0	0	0	264	100	0	1
29.647	27	2	0	0	0	192	100	0	1
29.647	28	1	0	0	0	264	100	0	1
29.647	28	2	0	0	0	192	100	0	1
29.647	29	1	0	0	0	264	100	0	1
29.647	29	2	0	0	0	192	100	0	1
29.647	30	1	0	0	0	264	100	0	1
29.647	30	2	0	0	0	192	100	0	1
29.647	31	1	0	0	0	264	100	0	1
29.647	31	2	0	0	0	192	100	0	1
29.647	32	1	0	0	0	264	100	0	1
29.647	32	2	0	0	0	192	100	0	1
29.647	33	1	0	0	0	264	100	0	1
29.647	33	2	0	0	0	192	100	0	1
29.647	34	1	0	0	0	264	100	0	1
29.647	34	2	0	0	0	192	100	0	1
29.647	35	1	0	0	0	264	100	0	1
29.647	35	2	0	0	0	192	100	0	1
29.647	36	1	0	0	0	264	100	0	1
29.647	36	2	0	0	0	192	100	0	1
29.647	37	1	0	0	0	264	100	0	1
29.647	37	2	0	0	0	192	100	0	1
29.647	38	1	0	0	0	264	100	0	1
29.647	38	2	0	0	0	192	100	0	1
29.647	39	1	0	0	0	264	100	0	1
29.647	39	2	0	0	0	192	100	0	1
29.647	40	1	0	0	0	264	100	0	1
29.647	40	2	0	0	0	192	100	0	1
29.647	41	1	0	0	0	264	100	0	1
29.647	41	2	0	0	0	192	100	0	1
29.647	42	1	0	0	0	264	100	0	1
29.647	42	2	0	0	0	192	100	0	1
29.647	43	1	0	0	0	264	100	0	1
29.647	43	2	0	0	0	192	100	0	1
29.647	44	1	0	0	0	264	100	0	1
29.647	44	2	0	0	0	192	100	0	1
29.647	45	1	0	0	0	264	100	0	1
29.647	45	2	0	0	0	192	100	0	1
29.647	46	1	0	0	0	264	100	0	1
29.647	46	2	0	0	0	192	100	0	1
29.647	47	1	0	0	0	264	100	0	1
29.647	47	2	0	0	0	192	100	0	1
29.647	48	1	0	0	0	264	100	0	1
29.647	48	2	0	0	0	192	100	0	1
29.647	49	1	0	0	0	264	100	0	1
29.647	49	2	0	0	0	192	100	0	1
29.647	50	1	0	0	0	264	100	0	1
29.647	50	2	0	0	0	192	100	0	1
29.647	51	1	0	0	0	264	100	0	1
29.647	51	2	0	0	0	192	100	0	1
29.647	52	1	0	0	0	264	100	0	1
29.647	52	2	0	0	0	192	100	0	1
29.647	53	1	0	0	0	264	100	0	1
29.647	53	2	0	0	0	192	100	0	1
29.647	54	1	0	0	0	264	100	0	1
29.647	54	2	0	0	0	192	100	0	1
29.647	55	1	0	0	0	264	100	0	1
29.647	55	2	0	0	0	192	100	0	1
29.647	56	1	0	0	0	264	100	0	1
29.647	56	2	0	0	0	192	100	0	1
29.647	57	1	0	0	0	264	100	0	1
29.647	57	2	0	0	0	192	100	0	1
29.647	58	1	0	0	0	264	100	0	1
29.647	58	2	0	0	0	192	100	0	1
29.647	59	1	0	0	0	264	100	0	1
29.647	59	2	0	0	0	192	100	0	1
29.647	60	1	0	0	0	264	100	0	1
29.647	60	2	0	0	0	192	100	0	1
29.647	61	1	0	0	0	264	100	0	1
29.647	61	2	0	0	0	192	100	0	1
29.647	62	1	0	0	0	264	100	0	1
29.647	62	2	0	0	0	192	100	0	1
29.647	63	1	0	0	0	264	100	0	1
29.647	63	2	0	0	0	192	100	0	1
29.647	64	1	0	0	0	264	100	0	1
29.647	64	2	0	0	0	192	100	0	1
29.647	65	1	0	0	0	264	100	0	1
29.647	65	2	0	0	0	192	100	0	1
0	0	1	0	0	0	144	83.333333	0	1
0	0	2	0	0	0	192	100	0	1
0	1	1	0	0	0	144	83.333333	0	1
0	1	2	0	0	0	192	100	0	1
0	2	1	0	0	0	144	83.333333	0	1
0	2	2	0	0	0	192	100	0	1
0	3	1	0	0	0	144	83.333333	0	1
0	3	2	0	0	0	192	100	0	1
0	4	1	0	0	0	144	83.333333	0	1
0	4	2	0	0	0	192	100	0	1
0	5	1	0	0	0	144	83.333333	0	1
0	5	2	0	0	0	192	100	0	1
0	6	1	0	0	0	144	83.333333	0	1
0	6	2	0	0	0	192	100	0	1
0	7	1	0	0	0	144	83.333333	0	1
0	7	2	0	0	0	192	100	0	1
0	8	1	0	0	0	144	83.333333	0	1
0	8	2	0	0	0	192	100	0	1
0	9	1	0	0	0	144	83.333333	0	1
0	9	2	0	0	0	192	100	0	1
0	10	1	0	0	0	144	83.333333	0	1
0	10	2	0	0	0	192	100	0	1
0	11	1	0	0	0	144	83.333333	0	1
0	11	2	0	0	0	192	100	0	1
0	12	1	0	0	0	144	83.333333	0	1
0	12	2	0	0	0	192	100	0	1
0	13	1	0	0	0	144	83.333333	0	1
0	13	2	0	0	0	192	100	0	1
0	14	1	0	0	0	144	83.333333	0	1
0	14	2	0	0	0	192	100	0	1
0	15	1	0	0	0	144	83.333333	0	1
0	15	2	0	0	0	192	100	0	1
0	16	1	0	0	0	144	83.333333	0	1
0	16	2	0	0	0	192	100	0	1
0	17	1	0	0	0	144	83.333333	0	1
0	17	2	0	0	0	192	100	0	1
0	18	1	0	0	0	144	83.333333	0	1
0	18	2	0	0	0	192	100	0	1
0	19	1	0	0	0	144	83.333333	0	1
0	19	2	0	0	0	192	100	0	1
0	20	1	0	0	0	144	83.333333	0	1
0	20	2	0	0	0	192	100	0	1
0	21	1	0	0	0	144	83.333333	0	1
0	21	2	0	0	0	192	100	0	1
0	22	1	0	0	0	144	83.333333	0	1
0	22	2	0	0	0	192	100	0	1
0	23	1	0	0	0	144	83.333333	0	1
0	23	2	0	0	0	192	100	0	1
0	24	1	0	0	0	144	83.333333	0	1
0	24	2	0	0	0	192	100	0	1
0	25	1	0	0	0	144	83.333333	0	1
0	25	2	0	0	0	192	100	0	1
0	26	1	0	0	0	144	83.333333	0	1
0	26	2	0	0	0	192	100	0	1
0	27	1	0	0	0	144	83.333333	0	1
0	27	2	0	0	0	192	100	0	1
0	28	1	0	0	0	144	83.333333	0	1
0	28	2	0	0	0	192	100	0	1
0	29	1	0	0	0	144	83.333333	0	1
0	29	2	0	0	0	192	100	0	1
0	30	1	0	0	0	144	83.333333	0	1
0	30	2	0	0	0	192	100	0	1
0	31	1	0	0	0	144	83.333333	0	1
0	31	2	0	0	0	192	100	0	1
0	32	1	0	0	0	144	83.333333	0	1
0	32	2	0	0	0	192	100	0	1
0	33	1	0	0	0	144	83.333333	0	1
0	33	2	0	0	0	192	100	0	1
0	34	1	0	0	0	144	83.333333	0	1
0	34	2	0	0	0	192	100	0	1
0	35	1	0	0	0	144	83.333333	0	1
0	35	2	0	0	0	192	100	0	1
0	36	1	0	0	0	144	83.333333	0	1
0	36	2	0	0	0	192	100	0	1
0	37	1	0	0	0	144	83.333333	0	1
0	37	2	0	0	0	192	100	0	1
0	38	1	0	0	0	144	83.333333	0	1
0	38	2	0	0	0	192	100	0	1
0	39	1	0	0	0	144	83.333333	0	1
0	39	2	0	0	0	192	100	0	1
0	40	1	0	0	0	144	83.333333	0	1
0	40	2	0	0	0	192	100	0	1
0	41	1	0	0	0	144	83.333333	0	1
0	41	2	0	0	0	192	100	0	1
0	42	1	0	0	0	144	83.333333	0	1
0	42	2	0	0	0	192	100	0	1
0	43	1	0	0	0	144	83.333333	0	1
0	43	2	0	0	0	192	100	0	1
0	44	1	0	0	0	144	83.333333	0	1
0	44	2	0	0	0	192	100	0	1
0	45	1	0	0	0	144	83.333333	0	1
0	45	2	0	0	0	192	100	0	1
0	46	1	0	0	0	144	83.333333	0	1
0	46	2	0	0	0	192	100	0	1
0	47	1	0	0	0	144	83.333333	0	1
0	47	2	0	0	0	192	100	0	1
0	48	1	0	0	0	144	83.333333	0	1
0	48	2	0	0	0	192	100	0	1
0	49	1	0	0	0	144	83.333333	0	1
0	49	2	0	0	0	192	100	0	1
0	50	1	0	0	0	144	83.333333	0	1
0	50	2	0	0	0	192	100	0	1
0	51	1	0	0	0	144	83.333333	0	1
0	51	2	0	0	0	192	100	0	1
0	52	1	0	0	0	144	83.333333	0	1
0	52	2	0	0	0	192	100	0	1
0	53	1	0	0	0	144	83.333333	0	1
0	53	2	0	0	0	192	100	0	1
0	54	1	0	0	0	144	83.333333	0	1
0	54	2	0	0	0	192	100	0	1
0	55	1	0	0	0	144	83.333333	0	1
0	55	2	0	0	0	192	100	0	1
0	56	1	0	0	0	144	83.333333	0	1
0	56	2	0	0	0	192	100	0	1
0	57	1	0	0	0	144	83.333333	0	1
0	57	2	0	0	0	192	100	0	1
0	58	1	0	0	0	144	83.333333	0	1
0	58	2	0	0	0	192	100	0	1
0	59	1	0	0	0	144	83.333333	0	1
0	59	2	0	0	0	192	100	0	1
0	60	1	0	0	0	144	83.333333	0	1
0	60	2	0	0	0	192	100	0	1
0	61	1	0	0	0	144	83.333333	0	1
0	61	2	0	0	0	192	100	0	1
0	62	1	0	0	0	144	83.333333	0	1
0	62	2	0	0	0	192	100	0	1
0	63	1	0	0	0	144	83.333333	0	1
0	63	2	0	0	0	192	100	0	1
0	64	1	0	0	0	144	83.333333	0	1
0	64	2	0	0	0	192	100	0	1
0	65	1	0	0	0	144	83.333333	0	1
0	65	2	0	0	0	192	100	0	1
0	0	1	0	0	0	0	0	0	1
0	0	2	0	0	0	0	0	0	1
0	1	1	0	0	0	0	0	0	1
0	1	2	0	0	0	0	0	0	1
0	2	1	0	0	0	0	0	0	1
0	2	2	0	0	0	0	0	0	1
0	3	1	0	0	0	0	0	0	1
0	3	2	0	0	0	0	0	0	1
0	4	1	0	0	0	0	0	0	1
0	4	2	0	0	0	0	0	0	1
0	5	1	0	0	0	0	0	0	1
0	5	2	0	0	0	0	0	0	1
0	6	1	0	0	0	0	0	0	1
0	6	2	0	0	0	0	0	0	1
0	7	1	0	0	0	0	0	0	1
0	7	2	0	0	0	0	0	0	1
0	8	1	0	0	0	0	0	0	1
0	8	2	0	0	0	0	0	0	1
0	9	1	0	0	0	0	0	0	1
0	9	2	0	0	0	0	0	0	1
0	10	1	0	0	0	0	0	0	1
0	10	2	0	0	0	0	0	0	1
0	11	1	0	0	0	0	0	0	1
0	11	2	0	0	0	0	0	0	1
0	12	1	0	0	0	0	0	0	1
0	12	2	0	0	0	0	0	0	1
0	13	1	0	0	0	0	0	0	1
0	13	2	0	0	0	0	0	0	1
0	14	1	0	0	0	0	0	0	1
0	14	2	0	0	0	0	0	0	1
0	15	1	0	0	0	0	0	0	1
0	15	2	0	0	0	0	0	0	1
0	16	1	0	0	0	0	0	0	1
0	16	2	0	0	0	0	0	0	1
0	17	1	0	0	0	0	0	0	1
0	17	2	0	0	0	0	0	0	1
0	18	1	0	0	0	0	0	0	1
0	18	2	0	0	0	0	0	0	1
0	19	1	0	0	0	0	0	0	1
0	19	2	0	0	0	0	0	0	1
0	20	1	0	0	0	0	0	0	1
0	20	2	0	0	0	0	0	0	1
0	21	1	0	0	0	0	0	0	1
0	21	2	0	0	0	0	0	0	1
0	22	1	0	0	0	0	0	0	1
0	22	2	0	0	0	0	0	0	1
0	23	1	0	0	0	0	0	0	1
0	23	2	0	0	0	0	0	0	1
0	24	1	0	0	0	0	0	0	1
0	24	2	0	0	0	0	0	0	1
0	25	1	0	0	0	0	0	0	1
0	25	2	0	0	0	0	0	0	1
0	26	1	0	0	0	0	0	0	1
0	26	2	0	0	0	0	0	0	1
0	27	1	0	0	0	0	0	0	1
0	27	2	0	0	0	0	0	0	1
0	28	1	0	0	0	0	0	0	1
0	28	2	0	0	0	0	0	0	1
0	29	1	0	0	0	0	0	0	1
0	29	2	0	0	0	0	0	0	1
0	30	1	0	0	0	0	0	0	1
0	30	2	0	0	0	0	0	0	1
0	31	1	0	0	0	0	0	0	1
0	31	2	0	0	0	0	0	0	1
0	32	1	0	0	0	0	0	0	1
0	32	2	0	0	0	0	0	0	1
0	33	1	0	0	0	0	0	0	1
0	33	2	0	0	0	0	0	0	1
0	34	1	0	0	0	0	0	0	1
0	34	2	0	0	0	0	0	0	1
0	35	1	0	0	0	0	0	0	1
0	35	2	0	0	0	0	0	0	1
0	36	1	0	0	0	0	0	0	1
0	36	2	0	0	0	0	0	0	1
0	37	1	0	0	0	0	0	0	1
0	37	2	0	0	0	0	0	0	1
0	38	1	0	0	0	0	0	0	1
0	38	2	0	0	0	0	0	0	1
0	39	1	0	0	0	0	0	0	1
0	39	2	0	0	0	0	0	0	1
0	40	1	0	0	0	0	0	0	1
0	40	2	0	0	0	0	0	0	1
0	41	1	0	0	0	0	0	0	1
0	41	2	0	0	0	0	0	0	1
0	42	1	0	0	0	0	0	0	1
0	42	2	0	0	0	0	0	0	1
0	43	1	0	0	0	0	0	0	1
0	43	2	0	0	0	0	0	0	1
0	44	1	0	0	0	0	0	0	1
0	44	2	0	0	0	0	0	0	1
0	45	1	0	0	0	0	0	0	1
0	45	2	0	0	0	0	0	0	1
0	46	1	0	0	0	0	0	0	1
0	46	2	0	0	0	0	0	0	1
0	47	1	0	0	0	0	0	0	1
0	47	2	0	0	0	0	0	0	1
0	48	1	0	0	0	0	0	0	1
0	48	2	0	0	0	0	0	0	1
0	49	1	0	0	0	0	0	0	1
0	49	2	0	0	0	0	0	0	1
0	50	1	0	0	0	0	0	0	1
0	50	2	0	0	0	0	0	0	1
0	51	1	0	0	0	0	0	0	1
0	51	2	0	0	0	0	0	0	1
0	52	1	0	0	0	0	0	0	1
0	52	2	0	0	0	0	0	0	1
0	53	1	0	0	0	0	0	0	1
0	53	2	0	0	0	0	0	0	1
0	54	1	0	0	0	0	0	0	1
0	54	2	0	0	0	0	0	0	1
0	55	1	0	0	0	0	0	0	1
0	55	2	0	0	0	0	0	0	1
0	56	1	0	0	0	0	0	0	1
0	56	2	0	0	0	0	0	0	1
0	57	1	0	0	0	0	0	0	1
0	57	2	0	0	0	0	0	0	1
0	58	1	0	0	0	0	0	0	1
0	58	2	0	0	0	0	0	0	1
0	59	1	0	0	0	0	0	0	1
0	59	2	0	0	0	0	0	0	1
0	60	1	0	0	0	0	0	0	1
0	60	2	0	0	0	0	0	0	1
0	61	1	0	0	0	0	0	0	1
0	61	2	0	0	0	0	0	0	1
0	62	1	0	0	0	0	0	0	1
0	62	2	0	0	0	0	0	0	1
0	63	1	0	0	0	0	0	0	1
0	63	2	0	0	0	0	0	0	1
0	64	1	0	0	0	0	0	0	1
0	64	2	0	0	0	0	0	0	1
0	65	1	0	0	0	0	0	0	1
0	65	2	0	0	0	0	0	0	1
