time_s,cell_idx,elevation_deg,path_loss_dB,beam_gain_dB,snr_dB,sinr_dB
1240.000000,0,5.2305,193.7446,47.7068,-5.1959,-10.4803
1240.000000,1,5.2305,193.8223,47.6300,-5.3503,-11.6055
1240.000000,2,5.2305,193.9068,47.5389,-5.5260,-12.2587
1240.000000,3,5.2305,193.9985,47.6428,-5.5137,-12.2192
1240.000000,4,5.2305,194.0981,47.7025,-5.5536,-11.7558
1240.000000,5,5.2305,193.4678,47.6857,-4.9401,-10.7618
1240.000000,6,5.2305,193.5414,47.6876,-5.0118,-11.6908
1240.000000,7,5.2305,193.6211,47.6682,-5.1110,-12.1325
1240.000000,8,5.2305,193.7074,47.5587,-5.3068,-12.1670
1240.000000,9,5.2305,193.8008,47.6181,-5.3407,-11.5387
1240.000000,10,5.2305,193.2097,47.5880,-4.7797,-11.1140
1240.000000,11,5.2305,193.2800,47.6650,-4.7730,-11.8350
1240.000000,12,5.2305,193.3559,47.7125,-4.8015,-12.0585
1240.000000,13,5.2305,193.4378,47.6704,-4.9254,-11.8590
1240.000000,14,5.2305,193.5261,47.5875,-5.0966,-11.2080
1240.000000,15,5.2305,192.9673,47.6018,-4.5235,-11.3251
1240.000000,16,5.2305,193.0348,47.5563,-4.6365,-12.0369
1240.000000,17,5.2305,193.1076,47.6661,-4.5995,-12.0364
1240.000000,18,5.2305,193.1859,47.6863,-4.6577,-11.5985
1240.000000,19,5.2305,193.2700,47.6935,-4.7345,-10.6665
1240.000000,20,5.2305,192.7381,47.6947,-4.2014,-11.4235
1240.000000,21,5.2305,192.8034,47.6350,-4.3264,-11.9996
1240.000000,22,5.2305,192.8736,47.5221,-4.5096,-12.0678
1240.000000,23,5.2305,192.9489,47.6018,-4.5052,-11.3850
1240.000000,24,5.2305,193.0296,47.6929,-4.4947,-10.1706
1241.000000,0,5.3026,193.6775,47.7067,-5.1288,-10.4491
1241.000000,1,5.3026,193.7542,47.6285,-5.2838,-11.5825
1241.000000,2,5.3026,193.8376,47.5366,-5.4590,-12.2400
1241.000000,3,5.3026,193.9280,47.6432,-5.4429,-12.1985
1241.000000,4,5.3026,194.0261,47.7027,-5.4814,-11.7334
1241.000000,5,5.3026,193.4050,47.6858,-4.8773,-10.7358
1241.000000,6,5.3026,193.4778,47.6872,-4.9487,-11.6703
1241.000000,7,5.3026,193.5567,47.6676,-5.0471,-12.1144
1241.000000,8,5.3026,193.6419,47.5575,-5.2425,-12.1492
1241.000000,9,5.3026,193.7341,47.6181,-5.2740,-11.5168
1241.000000,10,5.3026,193.1506,47.5872,-4.7214,-11.0934
1241.000000,11,5.3026,193.2202,47.6648,-4.7135,-11.8172
1241.000000,12,5.3026,193.2954,47.7125,-4.7410,-12.0414
1241.000000,13,5.3026,193.3764,47.6702,-4.8643,-11.8406
1241.000000,14,5.3026,193.4637,47.5868,-5.0350,-11.1861
1241.000000,15,5.3026,192.9113,47.6017,-4.4676,-11.3072
1241.000000,16,5.3026,192.9783,47.5552,-4.5812,-12.0223
1241.000000,17,5.3026,193.0505,47.6655,-4.5430,-12.0207
1241.000000,18,5.3026,193.1280,47.6858,-4.6002,-11.5798
1241.000000,19,5.3026,193.2113,47.6936,-4.6757,-10.6418
1241.000000,20,5.3026,192.6846,47.6951,-4.1476,-11.4077
1241.000000,21,5.3026,192.7495,47.6354,-4.2722,-11.9844
1241.000000,22,5.3026,192.8192,47.5196,-4.4577,-12.0540
1241.000000,23,5.3026,192.8940,47.6007,-4.4513,-11.3656
1241.000000,24,5.3026,192.9740,47.6925,-4.4395,-10.1435
1242.000000,0,5.3748,193.6115,47.7066,-5.0629,-10.4183
1242.000000,1,5.3748,193.6873,47.6269,-5.2185,-11.5599
1242.000000,2,5.3748,193.7696,47.5344,-5.3933,-12.2215
1242.000000,3,5.3748,193.8588,47.6436,-5.3732,-12.1781
1242.000000,4,5.3748,193.9554,47.7030,-5.4105,-11.7115
1242.000000,5,5.3748,193.3432,47.6858,-4.8154,-10.7101
1242.000000,6,5.3748,193.4153,47.6868,-4.8865,-11.6501
1242.000000,7,5.3748,193.4933,47.6671,-4.9842,-12.0966
1242.000000,8,5.3748,193.5775,47.5564,-5.1792,-12.1318
1242.000000,9,5.3748,193.6685,47.6181,-5.2084,-11.4954
1242.000000,10,5.3748,193.0923,47.5865,-4.6639,-11.0730
1242.000000,11,5.3748,193.1613,47.6646,-4.6548,-11.7997
1242.000000,12,5.3748,193.2358,47.7125,-4.6814,-12.0246
1242.000000,13,5.3748,193.3160,47.6700,-4.8040,-11.8225
1242.000000,14,5.3748,193.4023,47.5860,-4.9743,-11.1645
1242.000000,15,5.3748,192.8559,47.6016,-4.4124,-11.2895
1242.000000,16,5.3748,192.9225,47.5540,-4.5265,-12.0078
1242.000000,17,5.3748,192.9940,47.6649,-4.4872,-12.0052
1242.000000,18,5.3748,193.0709,47.6854,-4.5436,-11.5614
1242.000000,19,5.3748,193.1534,47.6937,-4.6177,-10.6173
1242.000000,20,5.3748,192.6318,47.6954,-4.0944,-11.3921
1242.000000,21,5.3748,192.6963,47.6358,-4.2185,-11.9694
1242.000000,22,5.3748,192.7655,47.5170,-4.4065,-12.0404
1242.000000,23,5.3748,192.8397,47.5996,-4.3981,-11.3463
1242.000000,24,5.3748,192.9190,47.6921,-4.3850,-10.1166
1243.000000,0,5.4473,193.5466,47.7065,-4.9981,-10.3878
1243.000000,1,5.4473,193.6215,47.6253,-5.1543,-11.5376
1243.000000,2,5.4473,193.7028,47.5321,-5.3287,-12.2035
1243.000000,3,5.4473,193.7908,47.6441,-5.3048,-12.1581
1243.000000,4,5.4473,193.8861,47.7032,-5.3409,-11.6900
1243.000000,5,5.4473,193.2823,47.6859,-4.7545,-10.6847
1243.000000,6,5.4473,193.3537,47.6864,-4.8253,-11.6302
1243.000000,7,5.4473,193.4308,47.6665,-4.9224,-12.0791
1243.000000,8,5.4473,193.5141,47.5552,-5.1169,-12.1147
1243.000000,9,5.4473,193.6039,47.6180,-5.1439,-11.4743
1243.000000,10,5.4473,193.0348,47.5857,-4.6071,-11.0528
1243.000000,11,5.4473,193.1032,47.6644,-4.5969,-11.7824
1243.000000,12,5.4473,193.1770,47.7125,-4.6225,-12.0079
1243.000000,13,5.4473,193.2564,47.6699,-4.7445,-11.8045
1243.000000,14,5.4473,193.3418,47.5853,-4.9145,-11.1432
1243.000000,15,5.4473,192.8012,47.6015,-4.3578,-11.2720
1243.000000,16,5.4473,192.8673,47.5528,-4.4725,-11.9935
1243.000000,17,5.4473,192.9383,47.6643,-4.4320,-11.9899
1243.000000,18,5.4473,193.0145,47.6849,-4.4876,-11.5431
1243.000000,19,5.4473,193.0963,47.6938,-4.5605,-10.5931
1243.000000,20,5.4473,192.5795,47.6957,-4.0418,-11.3766
1243.000000,21,5.4473,192.6436,47.6363,-4.1653,-11.9545
1243.000000,22,5.4473,192.7123,47.5145,-4.3559,-12.0270
1243.000000,23,5.4473,192.7860,47.5985,-4.3455,-11.3272
1243.000000,24,5.4473,192.8647,47.6916,-4.3311,-10.0899
1244.000000,0,5.5199,193.4827,47.7064,-4.9343,-10.3577
1244.000000,1,5.5199,193.5567,47.6236,-5.0911,-11.5156
1244.000000,2,5.5199,193.6370,47.5298,-5.2653,-12.1858
1244.000000,3,5.5199,193.7239,47.6445,-5.2375,-12.1384
1244.000000,4,5.5199,193.8179,47.7035,-5.2725,-11.6690
1244.000000,5,5.5199,193.2223,47.6860,-4.6943,-10.6596
1244.000000,6,5.5199,193.2929,47.6860,-4.7649,-11.6105
1244.000000,7,5.5199,193.3693,47.6659,-4.8614,-12.0619
1244.000000,8,5.5199,193.4516,47.5540,-5.0557,-12.0979
1244.000000,9,5.5199,193.5404,47.6180,-5.0804,-11.4535
1244.000000,10,5.5199,192.9780,47.5849,-4.5511,-11.0328
1244.000000,11,5.5199,193.0458,47.6642,-4.5397,-11.7653
1244.000000,12,5.5199,193.1189,47.7125,-4.5645,-11.9914
1244.000000,13,5.5199,193.1976,47.6697,-4.6859,-11.7869
1244.000000,14,5.5199,193.2821,47.5845,-4.8556,-11.1222
1244.000000,15,5.5199,192.7471,47.6014,-4.3038,-11.2546
1244.000000,16,5.5199,192.8127,47.5515,-4.4192,-11.9794
1244.000000,17,5.5199,192.8832,47.6637,-4.3776,-11.9747
1244.000000,18,5.5199,192.9588,47.6845,-4.4324,-11.5250
1244.000000,19,5.5199,193.0399,47.6940,-4.5039,-10.5690
1244.000000,20,5.5199,192.5277,47.6961,-3.9897,-11.3613
1244.000000,21,5.5199,192.5914,47.6367,-4.1128,-11.9397
1244.000000,22,5.5199,192.6598,47.5119,-4.3059,-12.0137
1244.000000,23,5.5199,192.7329,47.5973,-4.2936,-11.3083
1244.000000,24,5.5199,192.8111,47.6912,-4.2779,-10.0634
1245.000000,0,5.5928,193.4197,47.7063,-4.8714,-10.3280
1245.000000,1,5.5928,193.4930,47.6220,-5.0291,-11.4940
1245.000000,2,5.5928,193.5724,47.5274,-5.2030,-12.1684
1245.000000,3,5.5928,193.6582,47.6449,-5.1713,-12.1191
1245.000000,4,5.5928,193.7509,47.7037,-5.2052,-11.6484
1245.000000,5,5.5928,193.1630,47.6861,-4.6350,-10.6348
1245.000000,6,5.5928,193.2330,47.6856,-4.7054,-11.5911
1245.000000,7,5.5928,193.3086,47.6653,-4.8014,-12.0448
1245.000000,8,5.5928,193.3901,47.5528,-4.9953,-12.0814
1245.000000,9,5.5928,193.4779,47.6180,-5.0179,-11.4331
1245.000000,10,5.5928,192.9218,47.5841,-4.4958,-11.0131
1245.000000,11,5.5928,192.9892,47.6639,-4.4833,-11.7483
1245.000000,12,5.5928,193.0617,47.7125,-4.5072,-11.9752
1245.000000,13,5.5928,193.1396,47.6695,-4.6281,-11.7694
1245.000000,14,5.5928,193.2233,47.5838,-4.7976,-11.1015
1245.000000,15,5.5928,192.6936,47.6013,-4.2504,-11.2375
1245.000000,16,5.5928,192.7588,47.5503,-4.3665,-11.9655
1245.000000,17,5.5928,192.8288,47.6630,-4.3238,-11.9597
1245.000000,18,5.5928,192.9038,47.6840,-4.3779,-11.5071
1245.000000,19,5.5928,192.9841,47.6941,-4.4481,-10.5452
1245.000000,20,5.5928,192.4764,47.6964,-3.9381,-11.3461
1245.000000,21,5.5928,192.5399,47.6372,-4.0607,-11.9250
1245.000000,22,5.5928,192.6078,47.5092,-4.2566,-12.0005
1245.000000,23,5.5928,192.6804,47.5962,-4.2423,-11.2894
1245.000000,24,5.5928,192.7580,47.6907,-4.2253,-10.0370
1246.000000,0,5.6659,193.3577,47.7062,-4.8095,-10.2985
1246.000000,1,5.6659,193.4302,47.6203,-4.9680,-11.4727
1246.000000,2,5.6659,193.5087,47.5250,-5.1417,-12.1513
1246.000000,3,5.6659,193.5935,47.6453,-5.1062,-12.1000
1246.000000,4,5.6659,193.6850,47.7040,-5.1391,-11.6281
1246.000000,5,5.6659,193.1046,47.6861,-4.5765,-10.6101
1246.000000,6,5.6659,193.1740,47.6852,-4.6468,-11.5718
1246.000000,7,5.6659,193.2488,47.6647,-4.7422,-12.0280
1246.000000,8,5.6659,193.3295,47.5516,-4.9359,-12.0651
1246.000000,9,5.6659,193.4163,47.6180,-4.9563,-11.4129
1246.000000,10,5.6659,192.8664,47.5833,-4.4412,-10.9936
1246.000000,11,5.6659,192.9332,47.6637,-4.4275,-11.7316
1246.000000,12,5.6659,193.0051,47.7125,-4.4507,-11.9591
1246.000000,13,5.6659,193.0824,47.6693,-4.5711,-11.7521
1246.000000,14,5.6659,193.1652,47.5830,-4.7403,-11.0810
1246.000000,15,5.6659,192.6407,47.6012,-4.1976,-11.2204
1246.000000,16,5.6659,192.7055,47.5491,-4.3145,-11.9517
1246.000000,17,5.6659,192.7750,47.6624,-4.2707,-11.9448
1246.000000,18,5.6659,192.8494,47.6835,-4.3240,-11.4894
1246.000000,19,5.6659,192.9291,47.6942,-4.3930,-10.5216
1246.000000,20,5.6659,192.4257,47.6967,-3.8870,-11.3311
1246.000000,21,5.6659,192.4888,47.6376,-4.0092,-11.9104
1246.000000,22,5.6659,192.5563,47.5068,-4.2075,-11.9872
1246.000000,23,5.6659,192.6285,47.5950,-4.1915,-11.2707
1246.000000,24,5.6659,192.7055,47.6902,-4.1733,-10.0108
1247.000000,0,5.7392,193.2966,47.7061,-4.7485,-10.2693
1247.000000,1,5.7392,193.3684,47.6185,-4.9079,-11.4516
1247.000000,2,5.7392,193.4460,47.5226,-5.0815,-12.1345
1247.000000,3,5.7392,193.5298,47.6457,-5.0421,-12.0812
1247.000000,4,5.7392,193.6202,47.7042,-5.0740,-11.6082
1247.000000,5,5.7392,193.0469,47.6862,-4.5187,-10.5857
1247.000000,6,5.7392,193.1157,47.6848,-4.5889,-11.5528
1247.000000,7,5.7392,193.1899,47.6640,-4.6839,-12.0114
1247.000000,8,5.7392,193.2697,47.5504,-4.8773,-12.0490
1247.000000,9,5.7392,193.3556,47.6180,-4.8956,-11.3931
1247.000000,10,5.7392,192.8116,47.5824,-4.3872,-10.9743
1247.000000,11,5.7392,192.8779,47.6635,-4.3725,-11.7150
1247.000000,12,5.7392,192.9493,47.7125,-4.3949,-11.9431
1247.000000,13,5.7392,193.0259,47.6691,-4.5148,-11.7350
1247.000000,14,5.7392,193.1080,47.5822,-4.6838,-11.0608
1247.000000,15,5.7392,192.5884,47.6011,-4.1453,-11.2036
1247.000000,16,5.7392,192.6528,47.5478,-4.2630,-11.9380
1247.000000,17,5.7392,192.7218,47.6617,-4.2181,-11.9300
1247.000000,18,5.7392,192.7957,47.6830,-4.2707,-11.4718
1247.000000,19,5.7392,192.8747,47.6943,-4.3385,-10.4982
1247.000000,20,5.7392,192.3754,47.6971,-3.8364,-11.3162
1247.000000,21,5.7392,192.4382,47.6380,-3.9582,-11.8959
1247.000000,22,5.7392,192.5053,47.5071,-4.1563,-11.9712
1247.000000,23,5.7392,192.5771,47.5938,-4.1413,-11.2522
1247.000000,24,5.7392,192.6536,47.6897,-4.1219,-9.9847
1248.000000,0,5.8127,193.2363,47.7060,-4.6884,-10.2405
1248.000000,1,5.8127,193.3074,47.6168,-4.8487,-11.4308
1248.000000,2,5.8127,193.3842,47.5201,-5.0222,-12.1180
1248.000000,3,5.8127,193.4671,47.6462,-4.9790,-12.0627
1248.000000,4,5.8127,193.5565,47.7045,-5.0100,-11.5886
1248.000000,5,5.8127,192.9899,47.6863,-4.4617,-10.5616
1248.000000,6,5.8127,193.0582,47.6844,-4.5318,-11.5340
1248.000000,7,5.8127,193.1317,47.6634,-4.6263,-11.9950
1248.000000,8,5.8127,193.2107,47.5492,-4.8196,-12.0332
1248.000000,9,5.8127,193.2957,47.6180,-4.8357,-11.3735
1248.000000,10,5.8127,192.7574,47.5816,-4.3338,-10.9552
1248.000000,11,5.8127,192.8233,47.6633,-4.3181,-11.6986
1248.000000,12,5.8127,192.8941,47.7125,-4.3397,-11.9273
1248.000000,13,5.8127,192.9701,47.6690,-4.4591,-11.7181
1248.000000,14,5.8127,193.0515,47.5814,-4.6280,-11.0409
1248.000000,15,5.8127,192.5366,47.6010,-4.0936,-11.1869
1248.000000,16,5.8127,192.6006,47.5465,-4.2121,-11.9245
1248.000000,17,5.8127,192.6692,47.6610,-4.1662,-11.9154
1248.000000,18,5.8127,192.7426,47.6825,-4.2181,-11.4544
1248.000000,19,5.8127,192.8210,47.6944,-4.2846,-10.4749
1248.000000,20,5.8127,192.3256,47.6974,-3.7862,-11.3014
1248.000000,21,5.8127,192.3881,47.6385,-3.9076,-11.8815
1248.000000,22,5.8127,192.4549,47.5073,-4.1056,-11.9552
1248.000000,23,5.8127,192.5262,47.5926,-4.0916,-11.2337
1248.000000,24,5.8127,192.6022,47.6892,-4.0711,-9.9588
1249.000000,0,5.8864,193.1769,47.7058,-4.6291,-10.2118
1249.000000,1,5.8864,193.2473,47.6150,-4.7904,-11.4103
1249.000000,2,5.8864,193.3234,47.5176,-4.9638,-12.1017
1249.000000,3,5.8864,193.4054,47.6466,-4.9168,-12.0444
1249.000000,4,5.8864,193.4937,47.7047,-4.9470,-11.5694
1249.000000,5,5.8864,192.9337,47.6864,-4.4054,-10.5376
1249.000000,6,5.8864,193.0014,47.6840,-4.4755,-11.5154
1249.000000,7,5.8864,193.0743,47.6628,-4.5695,-11.9788
1249.000000,8,5.8864,193.1526,47.5479,-4.7627,-12.0176
1249.000000,9,5.8864,193.2367,47.6180,-4.7767,-11.3542
1249.000000,10,5.8864,192.7038,47.5808,-4.2811,-10.9363
1249.000000,11,5.8864,192.7693,47.6630,-4.2643,-11.6823
1249.000000,12,5.8864,192.8396,47.7125,-4.2852,-11.9117
1249.000000,13,5.8864,192.9149,47.6688,-4.4042,-11.7013
1249.000000,14,5.8864,192.9956,47.5807,-4.5730,-11.0212
1249.000000,15,5.8864,192.4853,47.6009,-4.0424,-11.1703
1249.000000,16,5.8864,192.5489,47.5452,-4.1617,-11.9111
1249.000000,17,5.8864,192.6171,47.6604,-4.1148,-11.9009
1249.000000,18,5.8864,192.6900,47.6820,-4.1661,-11.4371
1249.000000,19,5.8864,192.7679,47.6945,-4.2314,-10.4519
1249.000000,20,5.8864,192.2763,47.6978,-3.7365,-11.2867
1249.000000,21,5.8864,192.3385,47.6389,-3.8576,-11.8672
1249.000000,22,5.8864,192.4049,47.5076,-4.0553,-11.9393
1249.000000,23,5.8864,192.4758,47.5914,-4.0425,-11.2153
1249.000000,24,5.8864,192.5514,47.6887,-4.0207,-9.9330
1250.000000,0,5.9603,193.1183,47.7057,-4.5706,-10.1835
1250.000000,1,5.9603,193.1881,47.6132,-4.7329,-11.3901
1250.000000,2,5.9603,193.2634,47.5150,-4.9064,-12.0857
1250.000000,3,5.9603,193.3445,47.6470,-4.8555,-12.0264
1250.000000,4,5.9603,193.4318,47.7050,-4.8849,-11.5504
1250.000000,5,5.9603,192.8781,47.6865,-4.3497,-10.5138
1250.000000,6,5.9603,192.9453,47.6835,-4.4198,-11.4970
1250.000000,7,5.9603,193.0176,47.6621,-4.5135,-11.9628
1250.000000,8,5.9603,193.0952,47.5467,-4.7066,-12.0022
1250.000000,9,5.9603,193.1785,47.6180,-4.7185,-11.3352
1250.000000,10,5.9603,192.6509,47.5799,-4.2290,-10.9175
1250.000000,11,5.9603,192.7159,47.6628,-4.2111,-11.6662
1250.000000,12,5.9603,192.7857,47.7125,-4.2313,-11.8962
1250.000000,13,5.9603,192.8605,47.6686,-4.3499,-11.6847
1250.000000,14,5.9603,192.9405,47.5799,-4.5187,-11.0016
1250.000000,15,5.9603,192.4345,47.6009,-3.9917,-11.1539
1250.000000,16,5.9603,192.4978,47.5439,-4.1119,-11.8978
1250.000000,17,5.9603,192.5656,47.6597,-4.0639,-11.8865
1250.000000,18,5.9603,192.6380,47.6814,-4.1146,-11.4199
1250.000000,19,5.9603,192.7153,47.6946,-4.1787,-10.4289
1250.000000,20,5.9603,192.2273,47.6981,-3.6873,-11.2721
1250.000000,21,5.9603,192.2893,47.6394,-3.8079,-11.8530
1250.000000,22,5.9603,192.3554,47.5079,-4.0056,-11.9235
1250.000000,23,5.9603,192.4260,47.5901,-3.9938,-11.1971
1250.000000,24,5.9603,192.5011,47.6882,-3.9709,-9.9073
1251.000000,0,6.0345,193.0604,47.7056,-4.5129,-10.1553
1251.000000,1,6.0345,193.1296,47.6121,-4.6755,-11.3692
1251.000000,2,6.0345,193.2042,47.5124,-4.8498,-12.0700
1251.000000,3,6.0345,193.2845,47.6475,-4.7951,-12.0086
1251.000000,4,6.0345,193.3709,47.7052,-4.8238,-11.5318
1251.000000,5,6.0345,192.8232,47.6865,-4.2947,-10.4902
1251.000000,6,6.0345,192.8899,47.6831,-4.3649,-11.4787
1251.000000,7,6.0345,192.9616,47.6614,-4.4582,-11.9470
1251.000000,8,6.0345,193.0386,47.5454,-4.6512,-11.9870
1251.000000,9,6.0345,193.1211,47.6181,-4.6611,-11.3164
1251.000000,10,6.0345,192.5984,47.5791,-4.1774,-10.8989
1251.000000,11,6.0345,192.6631,47.6626,-4.1585,-11.6501
1251.000000,12,6.0345,192.7324,47.7125,-4.1780,-11.8808
1251.000000,13,6.0345,192.8066,47.6684,-4.2963,-11.6683
1251.000000,14,6.0345,192.8860,47.5791,-4.4650,-10.9823
1251.000000,15,6.0345,192.3842,47.6008,-3.9414,-11.1375
1251.000000,16,6.0345,192.4472,47.5426,-4.0626,-11.8847
1251.000000,17,6.0345,192.5146,47.6590,-4.0136,-11.8723
1251.000000,18,6.0345,192.5866,47.6809,-4.0637,-11.4029
1251.000000,19,6.0345,192.6634,47.6947,-4.1267,-10.4062
1251.000000,20,6.0345,192.1788,47.6984,-3.6384,-11.2577
1251.000000,21,6.0345,192.2405,47.6399,-3.7587,-11.8388
1251.000000,22,6.0345,192.3064,47.5082,-3.9562,-11.9077
1251.000000,23,6.0345,192.3765,47.5889,-3.9457,-11.1789
1251.000000,24,6.0345,192.4512,47.6876,-3.9217,-9.8818
1252.000000,0,6.1088,193.0033,47.7054,-4.4559,-10.1274
1252.000000,1,6.1088,193.0719,47.6111,-4.6188,-11.3484
1252.000000,2,6.1088,193.1458,47.5098,-4.7941,-12.0544
1252.000000,3,6.1088,193.2254,47.6479,-4.7355,-11.9909
1252.000000,4,6.1088,193.3109,47.7054,-4.7635,-11.5134
1252.000000,5,6.1088,192.7689,47.6866,-4.2403,-10.4668
1252.000000,6,6.1088,192.8351,47.6826,-4.3106,-11.4606
1252.000000,7,6.1088,192.9063,47.6608,-4.4036,-11.9313
1252.000000,8,6.1088,192.9826,47.5441,-4.5965,-11.9720
1252.000000,9,6.1088,193.0644,47.6181,-4.6044,-11.2978
1252.000000,10,6.1088,192.5465,47.5782,-4.1263,-10.8805
1252.000000,11,6.1088,192.6108,47.6624,-4.1065,-11.6343
1252.000000,12,6.1088,192.6797,47.7125,-4.1253,-11.8655
1252.000000,13,6.1088,192.7534,47.6682,-4.2432,-11.6520
1252.000000,14,6.1088,192.8322,47.5783,-4.4119,-10.9632
1252.000000,15,6.1088,192.3343,47.6007,-3.8917,-11.1214
1252.000000,16,6.1088,192.3970,47.5413,-4.0138,-11.8717
1252.000000,17,6.1088,192.4641,47.6583,-3.9639,-11.8581
1252.000000,18,6.1088,192.5356,47.6804,-4.0133,-11.3859
1252.000000,19,6.1088,192.6119,47.6949,-4.0751,-10.3836
1252.000000,20,6.1088,192.1307,47.6988,-3.5900,-11.2433
1252.000000,21,6.1088,192.1922,47.6403,-3.7099,-11.8247
1252.000000,22,6.1088,192.2578,47.5084,-3.9074,-11.8920
1252.000000,23,6.1088,192.3276,47.5876,-3.8980,-11.1609
1252.000000,24,6.1088,192.4019,47.6870,-3.8729,-9.8563
1253.000000,0,6.1834,192.9469,47.7052,-4.3996,-10.0997
1253.000000,1,6.1834,193.0149,47.6101,-4.5629,-11.3278
1253.000000,2,6.1834,193.0882,47.5071,-4.7392,-12.0391
1253.000000,3,6.1834,193.1670,47.6483,-4.6767,-11.9735
1253.000000,4,6.1834,193.2517,47.7057,-4.7040,-11.4953
1253.000000,5,6.1834,192.7152,47.6867,-4.1866,-10.4436
1253.000000,6,6.1834,192.7810,47.6821,-4.2569,-11.4427
1253.000000,7,6.1834,192.8516,47.6601,-4.3496,-11.9157
1253.000000,8,6.1834,192.9274,47.5428,-4.5426,-11.9572
1253.000000,9,6.1834,193.0085,47.6181,-4.5484,-11.2795
1253.000000,10,6.1834,192.4952,47.5774,-4.0758,-10.8622
1253.000000,11,6.1834,192.5591,47.6621,-4.0550,-11.6185
1253.000000,12,6.1834,192.6276,47.7125,-4.0731,-11.8504
1253.000000,13,6.1834,192.7008,47.6680,-4.1908,-11.6359
1253.000000,14,6.1834,192.7790,47.5775,-4.3595,-10.9443
1253.000000,15,6.1834,192.2849,47.6006,-3.8423,-11.1053
1253.000000,16,6.1834,192.3474,47.5400,-3.9654,-11.8588
1253.000000,17,6.1834,192.4141,47.6575,-3.9146,-11.8440
1253.000000,18,6.1834,192.4852,47.6798,-3.9635,-11.3691
1253.000000,19,6.1834,192.5611,47.6950,-4.0241,-10.3611
1253.000000,20,6.1834,192.0830,47.6991,-3.5420,-11.2290
1253.000000,21,6.1834,192.1443,47.6408,-3.6615,-11.8106
1253.000000,22,6.1834,192.2096,47.5087,-3.8589,-11.8763
1253.000000,23,6.1834,192.2791,47.5863,-3.8508,-11.1429
1253.000000,24,6.1834,192.3530,47.6865,-3.8246,-9.8310
1254.000000,0,6.2582,192.8911,47.7051,-4.3441,-10.0722
1254.000000,1,6.2582,192.9587,47.6091,-4.5076,-11.3074
1254.000000,2,6.2582,193.0314,47.5044,-4.6850,-12.0240
1254.000000,3,6.2582,193.1095,47.6488,-4.6187,-11.9563
1254.000000,4,6.2582,193.1933,47.7059,-4.6454,-11.4774
1254.000000,5,6.2582,192.6621,47.6868,-4.1334,-10.4205
1254.000000,6,6.2582,192.7275,47.6817,-4.2039,-11.4249
1254.000000,7,6.2582,192.7976,47.6594,-4.2963,-11.9003
1254.000000,8,6.2582,192.8728,47.5415,-4.4893,-11.9426
1254.000000,9,6.2582,192.9532,47.6181,-4.4931,-11.2613
1254.000000,10,6.2582,192.4443,47.5765,-4.0259,-10.8441
1254.000000,11,6.2582,192.5079,47.6619,-4.0041,-11.6029
1254.000000,12,6.2582,192.5760,47.7125,-4.0215,-11.8353
1254.000000,13,6.2582,192.6487,47.6678,-4.1389,-11.6198
1254.000000,14,6.2582,192.7263,47.5767,-4.3077,-10.9255
1254.000000,15,6.2582,192.2360,47.6006,-3.7935,-11.0893
1254.000000,16,6.2582,192.2981,47.5386,-3.9176,-11.8459
1254.000000,17,6.2582,192.3645,47.6568,-3.8658,-11.8301
1254.000000,18,6.2582,192.4353,47.6792,-3.9141,-11.3524
1254.000000,19,6.2582,192.5107,47.6951,-3.9736,-10.3387
1254.000000,20,6.2582,192.0357,47.6995,-3.4943,-11.2149
1254.000000,21,6.2582,192.0967,47.6412,-3.6135,-11.7967
1254.000000,22,6.2582,192.1618,47.5090,-3.8108,-11.8607
1254.000000,23,6.2582,192.2310,47.5850,-3.8041,-11.1250
1254.000000,24,6.2582,192.3045,47.6859,-3.7767,-9.8058
1255.000000,0,6.3332,192.8361,47.7049,-4.2892,-10.0448
1255.000000,1,6.3332,192.9031,47.6081,-4.4531,-11.2872
1255.000000,2,6.3332,192.9752,47.5017,-4.6316,-12.0091
1255.000000,3,6.3332,193.0526,47.6492,-4.5615,-11.9392
1255.000000,4,6.3332,193.1356,47.7061,-4.5876,-11.4598
1255.000000,5,6.3332,192.6096,47.6869,-4.0807,-10.3975
1255.000000,6,6.3332,192.6746,47.6812,-4.1514,-11.4072
1255.000000,7,6.3332,192.7442,47.6587,-4.2436,-11.8851
1255.000000,8,6.3332,192.8188,47.5402,-4.4367,-11.9281
1255.000000,9,6.3332,192.8986,47.6181,-4.4385,-11.2433
1255.000000,10,6.3332,192.3939,47.5756,-3.9764,-10.8261
1255.000000,11,6.3332,192.4572,47.6616,-3.9536,-11.5873
1255.000000,12,6.3332,192.5249,47.7125,-3.9705,-11.8204
1255.000000,13,6.3332,192.5972,47.6676,-4.0876,-11.6039
1255.000000,14,6.3332,192.6743,47.5758,-4.2565,-10.9070
1255.000000,15,6.3332,192.1874,47.6005,-3.7450,-11.0735
1255.000000,16,6.3332,192.2494,47.5372,-3.8702,-11.8332
1255.000000,17,6.3332,192.3154,47.6561,-3.8174,-11.8162
1255.000000,18,6.3332,192.3858,47.6787,-3.8652,-11.3359
1255.000000,19,6.3332,192.4608,47.6952,-3.9236,-10.3165
1255.000000,20,6.3332,191.9888,47.6998,-3.4470,-11.2008
1255.000000,21,6.3332,192.0496,47.6417,-3.5659,-11.7827
1255.000000,22,6.3332,192.1144,47.5093,-3.7632,-11.8452
1255.000000,23,6.3332,192.1833,47.5836,-3.7577,-11.1072
1255.000000,24,6.3332,192.2565,47.6852,-3.7293,-9.7806
1256.000000,0,6.4084,192.7816,47.7047,-4.2349,-10.0177
1256.000000,1,6.4084,192.8482,47.6070,-4.3992,-11.2671
1256.000000,2,6.4084,192.9198,47.4989,-4.5789,-11.9943
1256.000000,3,6.4084,192.9965,47.6497,-4.5049,-11.9224
1256.000000,4,6.4084,193.0788,47.7064,-4.5305,-11.4424
1256.000000,5,6.4084,192.5576,47.6870,-4.0287,-10.3747
1256.000000,6,6.4084,192.6222,47.6807,-4.0996,-11.3897
1256.000000,7,6.4084,192.6914,47.6580,-4.1915,-11.8700
1256.000000,8,6.4084,192.7655,47.5388,-4.3847,-11.9138
1256.000000,9,6.4084,192.8446,47.6182,-4.3845,-11.2256
1256.000000,10,6.4084,192.3440,47.5747,-3.9273,-10.8082
1256.000000,11,6.4084,192.4070,47.6614,-3.9036,-11.5719
1256.000000,12,6.4084,192.4743,47.7125,-3.9199,-11.8056
1256.000000,13,6.4084,192.5462,47.6674,-4.0368,-11.5881
1256.000000,14,6.4084,192.6228,47.5750,-4.2058,-10.8886
1256.000000,15,6.4084,192.1393,47.6004,-3.6969,-11.0577
1256.000000,16,6.4084,192.2010,47.5358,-3.8232,-11.8206
1256.000000,17,6.4084,192.2668,47.6553,-3.7695,-11.8024
1256.000000,18,6.4084,192.3369,47.6781,-3.8168,-11.3194
1256.000000,19,6.4084,192.4114,47.6954,-3.8741,-10.2944
1256.000000,20,6.4084,191.9422,47.7001,-3.4001,-11.1868
1256.000000,21,6.4084,192.0028,47.6422,-3.5187,-11.7689
1256.000000,22,6.4084,192.0674,47.5096,-3.7159,-11.8296
1256.000000,23,6.4084,192.1360,47.5822,-3.7118,-11.0895
1256.000000,24,6.4084,192.2089,47.6846,-3.6823,-9.7556
1257.000000,0,6.4839,192.7278,47.7045,-4.1813,-9.9907
1257.000000,1,6.4839,192.7939,47.6060,-4.3460,-11.2472
1257.000000,2,6.4839,192.8650,47.4960,-4.5270,-11.9798
1257.000000,3,6.4839,192.9411,47.6501,-4.4490,-11.9056
1257.000000,4,6.4839,193.0226,47.7066,-4.4741,-11.4252
1257.000000,5,6.4839,192.5062,47.6871,-3.9771,-10.3521
1257.000000,6,6.4839,192.5704,47.6802,-4.0482,-11.3723
1257.000000,7,6.4839,192.6392,47.6573,-4.1399,-11.8550
1257.000000,8,6.4839,192.7127,47.5375,-4.3333,-11.8996
1257.000000,9,6.4839,192.7913,47.6182,-4.3311,-11.2080
1257.000000,10,6.4839,192.2946,47.5738,-3.8788,-10.7905
1257.000000,11,6.4839,192.3573,47.6612,-3.8541,-11.5566
1257.000000,12,6.4839,192.4242,47.7125,-3.8698,-11.7908
1257.000000,13,6.4839,192.4957,47.6673,-3.9865,-11.5725
1257.000000,14,6.4839,192.5718,47.5742,-4.1557,-10.8703
1257.000000,15,6.4839,192.0916,47.6004,-3.6492,-11.0421
1257.000000,16,6.4839,192.1530,47.5344,-3.7766,-11.8081
1257.000000,17,6.4839,192.2186,47.6545,-3.7221,-11.7887
1257.000000,18,6.4839,192.2883,47.6775,-3.7689,-11.3030
1257.000000,19,6.4839,192.3624,47.6955,-3.8250,-10.2724
1257.000000,20,6.4839,191.8959,47.7005,-3.3535,-11.1729
1257.000000,21,6.4839,191.9564,47.6427,-3.4718,-11.7550
1257.000000,22,6.4839,192.0208,47.5099,-3.6689,-11.8141
1257.000000,23,6.4839,192.0891,47.5809,-3.6663,-11.0718
1257.000000,24,6.4839,192.1617,47.6840,-3.6358,-9.7306
1258.000000,0,6.5596,192.6746,47.7043,-4.1283,-9.9638
1258.000000,1,6.5596,192.7403,47.6049,-4.2934,-11.2274
1258.000000,2,6.5596,192.8108,47.4940,-4.4749,-11.9645
1258.000000,3,6.5596,192.8863,47.6506,-4.3938,-11.8890
1258.000000,4,6.5596,192.9672,47.7068,-4.4184,-11.4082
1258.000000,5,6.5596,192.4552,47.6872,-3.9261,-10.3295
1258.000000,6,6.5596,192.5191,47.6797,-3.9975,-11.3550
1258.000000,7,6.5596,192.5875,47.6565,-4.0890,-11.8401
1258.000000,8,6.5596,192.6605,47.5361,-4.2825,-11.8856
1258.000000,9,6.5596,192.7385,47.6183,-4.2783,-11.1905
1258.000000,10,6.5596,192.2456,47.5729,-3.8307,-10.7729
1258.000000,11,6.5596,192.3080,47.6609,-3.8051,-11.5413
1258.000000,12,6.5596,192.3746,47.7125,-3.8202,-11.7761
1258.000000,13,6.5596,192.4457,47.6671,-3.9367,-11.5569
1258.000000,14,6.5596,192.5214,47.5733,-4.1061,-10.8522
1258.000000,15,6.5596,192.0442,47.6003,-3.6020,-11.0265
1258.000000,16,6.5596,192.1055,47.5330,-3.7305,-11.7956
1258.000000,17,6.5596,192.1707,47.6538,-3.6750,-11.7750
1258.000000,18,6.5596,192.2402,47.6768,-3.7214,-11.2866
1258.000000,19,6.5596,192.3140,47.6956,-3.7764,-10.2505
1258.000000,20,6.5596,191.8500,47.7008,-3.3072,-11.1590
1258.000000,21,6.5596,191.9103,47.6431,-3.4252,-11.7413
1258.000000,22,6.5596,191.9745,47.5101,-3.6224,-11.7987
1258.000000,23,6.5596,192.0426,47.5794,-3.6212,-11.0542
1258.000000,24,6.5596,192.1149,47.6833,-3.5896,-9.7058
1259.000000,0,6.6355,192.6219,47.7041,-4.0758,-9.9371
1259.000000,1,6.6355,192.6872,47.6038,-4.2415,-11.2078
1259.000000,2,6.6355,192.7572,47.4943,-4.4210,-11.9468
1259.000000,3,6.6355,192.8322,47.6510,-4.3393,-11.8726
1259.000000,4,6.6355,192.9124,47.7070,-4.3635,-11.3914
1259.000000,5,6.6355,192.4047,47.6873,-3.8755,-10.3071
1259.000000,6,6.6355,192.4683,47.6791,-3.9472,-11.3378
1259.000000,7,6.6355,192.5363,47.6558,-4.0385,-11.8253
1259.000000,8,6.6355,192.6089,47.5347,-4.2322,-11.8717
1259.000000,9,6.6355,192.6864,47.6183,-4.2261,-11.1733
1259.000000,10,6.6355,192.1970,47.5720,-3.7830,-10.7554
1259.000000,11,6.6355,192.2591,47.6607,-3.7565,-11.5261
1259.000000,12,6.6355,192.3255,47.7125,-3.7711,-11.7615
1259.000000,13,6.6355,192.3962,47.6669,-3.8874,-11.5414
1259.000000,14,6.6355,192.4714,47.5725,-4.0569,-10.8343
1259.000000,15,6.6355,191.9972,47.6003,-3.5550,-11.0110
1259.000000,16,6.6355,192.0583,47.5316,-3.6848,-11.7833
1259.000000,17,6.6355,192.1233,47.6530,-3.6284,-11.7615
1259.000000,18,6.6355,192.1925,47.6762,-3.6743,-11.2704
1259.000000,19,6.6355,192.2659,47.6957,-3.7282,-10.2287
1259.000000,20,6.6355,191.8044,47.7011,-3.2612,-11.1452
1259.000000,21,6.6355,191.8646,47.6436,-3.3790,-11.7275
1259.000000,22,6.6355,191.9286,47.5104,-3.5762,-11.7833
1259.000000,23,6.6355,191.9965,47.5780,-3.5765,-11.0366
1259.000000,24,6.6355,192.0684,47.6826,-3.5439,-9.6810
1260.000000,0,6.7116,192.5698,47.7039,-4.0239,-9.9106
1260.000000,1,6.7116,192.6347,47.6027,-4.1901,-11.1883
1260.000000,2,6.7116,192.7043,47.4946,-4.3677,-11.9293
1260.000000,3,6.7116,192.7787,47.6515,-4.2853,-11.8562
1260.000000,4,6.7116,192.8583,47.7072,-4.3091,-11.3747
1260.000000,5,6.7116,192.3547,47.6874,-3.8254,-10.2848
1260.000000,6,6.7116,192.4180,47.6786,-3.8975,-11.3208
1260.000000,7,6.7116,192.4856,47.6550,-3.9886,-11.8106
1260.000000,8,6.7116,192.5578,47.5333,-4.1825,-11.8579
1260.000000,9,6.7116,192.6348,47.6183,-4.1745,-11.1561
1260.000000,10,6.7116,192.1488,47.5711,-3.7357,-10.7380
1260.000000,11,6.7116,192.2107,47.6604,-3.7083,-11.5111
1260.000000,12,6.7116,192.2768,47.7125,-3.7223,-11.7470
1260.000000,13,6.7116,192.3471,47.6667,-3.8385,-11.5260
1260.000000,14,6.7116,192.4219,47.5716,-4.0083,-10.8165
1260.000000,15,6.7116,191.9506,47.6002,-3.5084,-10.9956
1260.000000,16,6.7116,192.0115,47.5301,-3.6394,-11.7710
1260.000000,17,6.7116,192.0763,47.6522,-3.5822,-11.7479
1260.000000,18,6.7116,192.1452,47.6756,-3.6276,-11.2543
1260.000000,19,6.7116,192.2182,47.6959,-3.6804,-10.2070
1260.000000,20,6.7116,191.7591,47.7015,-3.2156,-11.1315
1260.000000,21,6.7116,191.8191,47.6441,-3.3331,-11.7138
1260.000000,22,6.7116,191.8830,47.5107,-3.5303,-11.7679
1260.000000,23,6.7116,191.9507,47.5766,-3.5321,-11.0191
1260.000000,24,6.7116,192.0224,47.6819,-3.4985,-9.6562
1261.000000,0,6.7880,192.5182,47.7037,-3.9726,-9.8841
1261.000000,1,6.7880,192.5828,47.6015,-4.1393,-11.1689
1261.000000,2,6.7880,192.6519,47.4950,-4.3150,-11.9118
1261.000000,3,6.7880,192.7258,47.6519,-4.2320,-11.8400
1261.000000,4,6.7880,192.8048,47.7075,-4.2554,-11.3583
1261.000000,5,6.7880,192.3052,47.6875,-3.7758,-10.2626
1261.000000,6,6.7880,192.3682,47.6780,-3.8482,-11.3038
1261.000000,7,6.7880,192.4354,47.6542,-3.9392,-11.7961
1261.000000,8,6.7880,192.5072,47.5319,-4.1333,-11.8443
1261.000000,9,6.7880,192.5837,47.6184,-4.1233,-11.1392
1261.000000,10,6.7880,192.1010,47.5702,-3.6889,-10.7207
1261.000000,11,6.7880,192.1627,47.6602,-3.6606,-11.4960
1261.000000,12,6.7880,192.2285,47.7125,-3.6741,-11.7326
1261.000000,13,6.7880,192.2985,47.6665,-3.7901,-11.5107
1261.000000,14,6.7880,192.3729,47.5708,-3.9602,-10.7988
1261.000000,15,6.7880,191.9043,47.6002,-3.4622,-10.9803
1261.000000,16,6.7880,191.9650,47.5287,-3.5944,-11.7588
1261.000000,17,6.7880,192.0296,47.6513,-3.5363,-11.7345
1261.000000,18,6.7880,192.0982,47.6749,-3.5814,-11.2382
1261.000000,19,6.7880,192.1710,47.6960,-3.6330,-10.1854
1261.000000,20,6.7880,191.7141,47.7018,-3.1703,-11.1179
1261.000000,21,6.7880,191.7740,47.6446,-3.2875,-11.7001
1261.000000,22,6.7880,191.8377,47.5110,-3.4847,-11.7525
1261.000000,23,6.7880,191.9052,47.5751,-3.4882,-11.0017
1261.000000,24,6.7880,191.9767,47.6812,-3.4535,-9.6316
1262.000000,0,6.8646,192.4671,47.7034,-3.9217,-9.8578
1262.000000,1,6.8646,192.5313,47.6004,-4.0890,-11.1496
1262.000000,2,6.8646,192.6001,47.4953,-4.2628,-11.8944
1262.000000,3,6.8646,192.6735,47.6524,-4.1792,-11.8240
1262.000000,4,6.8646,192.7519,47.7077,-4.2023,-11.3420
1262.000000,5,6.8646,192.2561,47.6876,-3.7266,-10.2405
1262.000000,6,6.8646,192.3188,47.6775,-3.7994,-11.2869
1262.000000,7,6.8646,192.3858,47.6535,-3.8903,-11.7816
1262.000000,8,6.8646,192.4571,47.5305,-4.0847,-11.8307
1262.000000,9,6.8646,192.5331,47.6185,-4.0727,-11.1223
1262.000000,10,6.8646,192.0536,47.5693,-3.6424,-10.7035
1262.000000,11,6.8646,192.1151,47.6599,-3.6132,-11.4811
1262.000000,12,6.8646,192.1806,47.7125,-3.6262,-11.7182
1262.000000,13,6.8646,192.2503,47.6663,-3.7421,-11.4955
1262.000000,14,6.8646,192.3244,47.5699,-3.9125,-10.7812
1262.000000,15,6.8646,191.8584,47.6001,-3.4163,-10.9651
1262.000000,16,6.8646,191.9189,47.5272,-3.5498,-11.7466
1262.000000,17,6.8646,191.9833,47.6505,-3.4908,-11.7211
1262.000000,18,6.8646,192.0517,47.6742,-3.5355,-11.2222
1262.000000,19,6.8646,192.1242,47.6961,-3.5861,-10.1639
1262.000000,20,6.8646,191.6694,47.7022,-3.1252,-11.1043
1262.000000,21,6.8646,191.7292,47.6450,-3.2422,-11.6865
1262.000000,22,6.8646,191.7927,47.5113,-3.4395,-11.7371
1262.000000,23,6.8646,191.8600,47.5736,-3.4445,-10.9843
1262.000000,24,6.8646,191.9313,47.6805,-3.4089,-9.6070
1263.000000,0,6.9414,192.4166,47.7032,-3.8714,-9.8316
1263.000000,1,6.9414,192.4804,47.5992,-4.0393,-11.1304
1263.000000,2,6.9414,192.5488,47.4957,-4.2111,-11.8770
1263.000000,3,6.9414,192.6218,47.6528,-4.1270,-11.8080
1263.000000,4,6.9414,192.6996,47.7079,-4.1498,-11.3259
1263.000000,5,6.9414,192.2075,47.6877,-3.6778,-10.2185
1263.000000,6,6.9414,192.2699,47.6769,-3.7510,-11.2702
1263.000000,7,6.9414,192.3365,47.6527,-3.8419,-11.7672
1263.000000,8,6.9414,192.4075,47.5291,-4.0365,-11.8173
1263.000000,9,6.9414,192.4831,47.6185,-4.0226,-11.1057
1263.000000,10,6.9414,192.0066,47.5683,-3.5963,-10.6864
1263.000000,11,6.9414,192.0679,47.6597,-3.5662,-11.4662
1263.000000,12,6.9414,192.1331,47.7125,-3.5787,-11.7039
1263.000000,13,6.9414,192.2025,47.6660,-3.6945,-11.4804
1263.000000,14,6.9414,192.2762,47.5690,-3.8652,-10.7638
1263.000000,15,6.9414,191.8127,47.6001,-3.3707,-10.9499
1263.000000,16,6.9414,191.8732,47.5257,-3.5055,-11.7346
1263.000000,17,6.9414,191.9374,47.6497,-3.4457,-11.7078
1263.000000,18,6.9414,192.0055,47.6735,-3.4900,-11.2062
1263.000000,19,6.9414,192.0777,47.6963,-3.5395,-10.1425
1263.000000,20,6.9414,191.6249,47.7025,-3.0805,-11.0908
1263.000000,21,6.9414,191.6847,47.6455,-3.1972,-11.6729
1263.000000,22,6.9414,191.7481,47.5116,-3.3945,-11.7218
1263.000000,23,6.9414,191.8152,47.5720,-3.4012,-10.9670
1263.000000,24,6.9414,191.8862,47.6797,-3.3646,-9.5824
1264.000000,0,7.0184,192.3665,47.7029,-3.8216,-9.8056
1264.000000,1,7.0184,192.4300,47.5980,-3.9900,-11.1114
1264.000000,2,7.0184,192.4980,47.4961,-4.1600,-11.8598
1264.000000,3,7.0184,192.5705,47.6533,-4.0753,-11.7921
1264.000000,4,7.0184,192.6479,47.7081,-4.0979,-11.3100
1264.000000,5,7.0184,192.1592,47.6878,-3.6294,-10.1966
1264.000000,6,7.0184,192.2214,47.6763,-3.7031,-11.2535
1264.000000,7,7.0184,192.2877,47.6519,-3.7939,-11.7529
1264.000000,8,7.0184,192.3584,47.5276,-3.9888,-11.8040
1264.000000,9,7.0184,192.4335,47.6186,-3.9730,-11.0891
1264.000000,10,7.0184,191.9599,47.5674,-3.5506,-10.6694
1264.000000,11,7.0184,192.0210,47.6594,-3.5196,-11.4514
1264.000000,12,7.0184,192.0861,47.7125,-3.5316,-11.6896
1264.000000,13,7.0184,192.1552,47.6658,-3.6474,-11.4653
1264.000000,14,7.0184,192.2285,47.5682,-3.8184,-10.7465
1264.000000,15,7.0184,191.7674,47.6001,-3.3254,-10.9348
1264.000000,16,7.0184,191.8277,47.5242,-3.4616,-11.7226
1264.000000,17,7.0184,191.8917,47.6488,-3.4010,-11.6945
1264.000000,18,7.0184,191.9597,47.6728,-3.4448,-11.1904
1264.000000,19,7.0184,192.0316,47.6964,-3.4932,-10.1211
1264.000000,20,7.0184,191.5808,47.7028,-3.0360,-11.0773
1264.000000,21,7.0184,191.6405,47.6460,-3.1525,-11.6593
1264.000000,22,7.0184,191.7037,47.5122,-3.3496,-11.7062
1264.000000,23,7.0184,191.7707,47.5705,-3.3583,-10.9497
1264.000000,24,7.0184,191.8415,47.6789,-3.3206,-9.5579
1265.000000,0,7.0957,192.3168,47.7027,-3.7722,-9.7796
1265.000000,1,7.0957,192.3801,47.5968,-3.9413,-11.0924
1265.000000,2,7.0957,192.4477,47.4965,-4.1093,-11.8425
1265.000000,3,7.0957,192.5198,47.6537,-4.0241,-11.7763
1265.000000,4,7.0957,192.5967,47.7083,-4.0464,-11.2942
1265.000000,5,7.0957,192.1113,47.6879,-3.5815,-10.1747
1265.000000,6,7.0957,192.1733,47.6757,-3.6557,-11.2368
1265.000000,7,7.0957,192.2394,47.6510,-3.7464,-11.7386
1265.000000,8,7.0957,192.3097,47.5261,-3.9416,-11.7908
1265.000000,9,7.0957,192.3844,47.6187,-3.9238,-11.0726
1265.000000,10,7.0957,191.9136,47.5664,-3.5052,-10.6525
1265.000000,11,7.0957,191.9745,47.6592,-3.4734,-11.4367
1265.000000,12,7.0957,192.0394,47.7125,-3.4849,-11.6754
1265.000000,13,7.0957,192.1082,47.6656,-3.6006,-11.4503
1265.000000,14,7.0957,192.1812,47.5673,-3.7720,-10.7293
1265.000000,15,7.0957,191.7224,47.6001,-3.2804,-10.9198
1265.000000,16,7.0957,191.7826,47.5226,-3.4180,-11.7106
1265.000000,17,7.0957,191.8465,47.6479,-3.3565,-11.6813
1265.000000,18,7.0957,191.9142,47.6721,-3.4001,-11.1746
1265.000000,19,7.0957,191.9858,47.6965,-3.4474,-10.0998
1265.000000,20,7.0957,191.5369,47.7031,-2.9918,-11.0639
1265.000000,21,7.0957,191.5965,47.6465,-3.1081,-11.6457
1265.000000,22,7.0957,191.6597,47.5128,-3.3049,-11.6905
1265.000000,23,7.0957,191.7265,47.5689,-3.3156,-10.9324
1265.000000,24,7.0957,191.7971,47.6781,-3.2770,-9.5335
1266.000000,0,7.1732,192.2676,47.7024,-3.7233,-9.7537
1266.000000,1,7.1732,192.3306,47.5956,-3.8931,-11.0735
1266.000000,2,7.1732,192.3979,47.4969,-4.0591,-11.8254
1266.000000,3,7.1732,192.4696,47.6542,-3.9735,-11.7606
1266.000000,4,7.1732,192.5460,47.7085,-3.9956,-11.2785
1266.000000,5,7.1732,192.0639,47.6880,-3.5339,-10.1530
1266.000000,6,7.1732,192.1256,47.6751,-3.6086,-11.2203
1266.000000,7,7.1732,192.1914,47.6502,-3.6993,-11.7245
1266.000000,8,7.1732,192.2614,47.5246,-3.8948,-11.7776
1266.000000,9,7.1732,192.3358,47.6187,-3.8751,-11.0563
1266.000000,10,7.1732,191.8676,47.5654,-3.4602,-10.6357
1266.000000,11,7.1732,191.9284,47.6589,-3.4275,-11.4220
1266.000000,12,7.1732,191.9930,47.7125,-3.4386,-11.6612
1266.000000,13,7.1732,192.0616,47.6654,-3.5542,-11.4353
1266.000000,14,7.1732,192.1343,47.5664,-3.7260,-10.7122
1266.000000,15,7.1732,191.6777,47.6000,-3.2357,-10.9048
1266.000000,16,7.1732,191.7378,47.5211,-3.3747,-11.6987
1266.000000,17,7.1732,191.8015,47.6471,-3.3125,-11.6681
1266.000000,18,7.1732,191.8690,47.6714,-3.3556,-11.1588
1266.000000,19,7.1732,191.9404,47.6967,-3.4018,-10.0786
1266.000000,20,7.1732,191.4933,47.7035,-2.9478,-11.0506
1266.000000,21,7.1732,191.5528,47.6470,-3.0639,-11.6321
1266.000000,22,7.1732,191.6159,47.5134,-3.2605,-11.6748
1266.000000,23,7.1732,191.6826,47.5673,-3.2733,-10.9152
1266.000000,24,7.1732,191.7530,47.6773,-3.2337,-9.5091
1267.000000,0,7.2510,192.2189,47.7021,-3.6748,-9.7279
1267.000000,1,7.2510,192.2816,47.5943,-3.8453,-11.0547
1267.000000,2,7.2510,192.3486,47.4973,-4.0093,-11.8083
1267.000000,3,7.2510,192.4199,47.6546,-3.9233,-11.7450
1267.000000,4,7.2510,192.4958,47.7086,-3.9452,-11.2630
1267.000000,5,7.2510,192.0168,47.6881,-3.4867,-10.1313
1267.000000,6,7.2510,192.0783,47.6745,-3.5619,-11.2038
1267.000000,7,7.2510,192.1439,47.6494,-3.6526,-11.7104
1267.000000,8,7.2510,192.2136,47.5231,-3.8485,-11.7646
1267.000000,9,7.2510,192.2876,47.6188,-3.8268,-11.0401
1267.000000,10,7.2510,191.8219,47.5645,-3.4155,-10.6190
1267.000000,11,7.2510,191.8826,47.6587,-3.3819,-11.4073
1267.000000,12,7.2510,191.9470,47.7125,-3.3926,-11.6471
1267.000000,13,7.2510,192.0154,47.6652,-3.5082,-11.4205
1267.000000,14,7.2510,192.0878,47.5655,-3.6804,-10.6952
1267.000000,15,7.2510,191.6333,47.6000,-3.1913,-10.8899
1267.000000,16,7.2510,191.6932,47.5195,-3.3317,-11.6869
1267.000000,17,7.2510,191.7568,47.6462,-3.2687,-11.6549
1267.000000,18,7.2510,191.8241,47.6707,-3.3115,-11.1431
1267.000000,19,7.2510,191.8954,47.6968,-3.3566,-10.0574
1267.000000,20,7.2510,191.4499,47.7038,-2.9041,-11.0373
1267.000000,21,7.2510,191.5094,47.6474,-3.0200,-11.6186
1267.000000,22,7.2510,191.5723,47.5140,-3.2163,-11.6591
1267.000000,23,7.2510,191.6389,47.5657,-3.2313,-10.8980
1267.000000,24,7.2510,191.7092,47.6765,-3.1908,-9.4847
1268.000000,0,7.3290,192.1705,47.7018,-3.6268,-9.7022
1268.000000,1,7.3290,192.2330,47.5931,-3.7980,-11.0360
1268.000000,2,7.3290,192.2997,47.4977,-3.9600,-11.7912
1268.000000,3,7.3290,192.3706,47.6551,-3.8736,-11.7294
1268.000000,4,7.3290,192.4461,47.7088,-3.8953,-11.2475
1268.000000,5,7.3290,191.9701,47.6883,-3.4398,-10.1097
1268.000000,6,7.3290,192.0314,47.6738,-3.5156,-11.1874
1268.000000,7,7.3290,192.0967,47.6485,-3.6063,-11.6964
1268.000000,8,7.3290,192.1661,47.5216,-3.8026,-11.7517
1268.000000,9,7.3290,192.2398,47.6189,-3.7789,-11.0240
1268.000000,10,7.3290,191.7766,47.5635,-3.3711,-10.6023
1268.000000,11,7.3290,191.8371,47.6584,-3.3367,-11.3928
1268.000000,12,7.3290,191.9013,47.7125,-3.3469,-11.6330
1268.000000,13,7.3290,191.9695,47.6650,-3.4625,-11.4057
1268.000000,14,7.3290,192.0417,47.5646,-3.6351,-10.6783
1268.000000,15,7.3290,191.5891,47.6000,-3.1471,-10.8750
1268.000000,16,7.3290,191.6490,47.5179,-3.2891,-11.6751
1268.000000,17,7.3290,191.7124,47.6452,-3.2252,-11.6418
1268.000000,18,7.3290,191.7796,47.6699,-3.2677,-11.1275
1268.000000,19,7.3290,191.8506,47.6970,-3.3117,-10.0363
1268.000000,20,7.3290,191.4067,47.7041,-2.8607,-11.0240
1268.000000,21,7.3290,191.4662,47.6479,-2.9763,-11.6051
1268.000000,22,7.3290,191.5291,47.5147,-3.1724,-11.6434
1268.000000,23,7.3290,191.5955,47.5640,-3.1895,-10.8809
1268.000000,24,7.3290,191.6657,47.6756,-3.1481,-9.4604
1269.000000,0,7.4072,192.1226,47.7015,-3.5791,-9.6766
1269.000000,1,7.4072,192.1848,47.5918,-3.7511,-11.0174
1269.000000,2,7.4072,192.2512,47.4982,-3.9111,-11.7742
1269.000000,3,7.4072,192.3218,47.6555,-3.8243,-11.7140
1269.000000,4,7.4072,192.3969,47.7090,-3.8460,-11.2323
1269.000000,5,7.4072,191.9237,47.6884,-3.3933,-10.0881
1269.000000,6,7.4072,191.9849,47.6732,-3.4697,-11.1711
1269.000000,7,7.4072,192.0499,47.6476,-3.5604,-11.6824
1269.000000,8,7.4072,192.1191,47.5201,-3.7570,-11.7388
1269.000000,9,7.4072,192.1924,47.6190,-3.7315,-11.0079
1269.000000,10,7.4072,191.7315,47.5625,-3.3271,-10.5858
1269.000000,11,7.4072,191.7919,47.6581,-3.2918,-11.3782
1269.000000,12,7.4072,191.8560,47.7125,-3.3016,-11.6189
1269.000000,13,7.4072,191.9240,47.6648,-3.4172,-11.3909
1269.000000,14,7.4072,191.9959,47.5637,-3.5903,-10.6615
1269.000000,15,7.4072,191.5452,47.6000,-3.1032,-10.8602
1269.000000,16,7.4072,191.6050,47.5163,-3.2467,-11.6634
1269.000000,17,7.4072,191.6683,47.6443,-3.1821,-11.6288
1269.000000,18,7.4072,191.7354,47.6691,-3.2243,-11.1119
1269.000000,19,7.4072,191.8062,47.6971,-3.2671,-10.0153
1269.000000,20,7.4072,191.3638,47.7045,-2.8174,-11.0108
1269.000000,21,7.4072,191.4232,47.6484,-2.9329,-11.5915
1269.000000,22,7.4072,191.4861,47.5154,-3.1287,-11.6277
1269.000000,23,7.4072,191.5524,47.5623,-3.1481,-10.8638
1269.000000,24,7.4072,191.6224,47.6747,-3.1057,-9.4362
1270.000000,0,7.4857,192.0750,47.7012,-3.5319,-9.6510
1270.000000,1,7.4857,192.1371,47.5905,-3.7046,-10.9988
1270.000000,2,7.4857,192.2032,47.4986,-3.8626,-11.7572
1270.000000,3,7.4857,192.2735,47.6560,-3.7755,-11.6986
1270.000000,4,7.4857,192.3482,47.7092,-3.7970,-11.2171
1270.000000,5,7.4857,191.8776,47.6885,-3.3472,-10.0666
1270.000000,6,7.4857,191.9387,47.6725,-3.4242,-11.1548
1270.000000,7,7.4857,192.0035,47.6467,-3.5148,-11.6685
1270.000000,8,7.4857,192.0724,47.5185,-3.7119,-11.7260
1270.000000,9,7.4857,192.1454,47.6191,-3.6844,-10.9920
1270.000000,10,7.4857,191.6868,47.5615,-3.2833,-10.5693
1270.000000,11,7.4857,191.7470,47.6579,-3.2472,-11.3637
1270.000000,12,7.4857,191.8110,47.7125,-3.2566,-11.6049
1270.000000,13,7.4857,191.8787,47.6646,-3.3722,-11.3762
1270.000000,14,7.4857,191.9504,47.5627,-3.5457,-10.6448
1270.000000,15,7.4857,191.5016,47.6000,-3.0596,-10.8455
1270.000000,16,7.4857,191.5613,47.5147,-3.2046,-11.6517
1270.000000,17,7.4857,191.6245,47.6434,-3.1392,-11.6157
1270.000000,18,7.4857,191.6914,47.6683,-3.1811,-11.0963
1270.000000,19,7.4857,191.7621,47.6972,-3.2229,-9.9943
1270.000000,20,7.4857,191.3212,47.7048,-2.7744,-10.9976
1270.000000,21,7.4857,191.3805,47.6489,-2.8897,-11.5780
1270.000000,22,7.4857,191.4433,47.5161,-3.0853,-11.6119
1270.000000,23,7.4857,191.5095,47.5606,-3.1070,-10.8467
1270.000000,24,7.4857,191.5794,47.6738,-3.0637,-9.4119
1271.000000,0,7.5644,192.0279,47.7008,-3.4851,-9.6255
1271.000000,1,7.5644,192.0897,47.5891,-3.6586,-10.9803
1271.000000,2,7.5644,192.1555,47.4991,-3.8144,-11.7402
1271.000000,3,7.5644,192.2255,47.6564,-3.7271,-11.6832
1271.000000,4,7.5644,192.2999,47.7094,-3.7486,-11.2020
1271.000000,5,7.5644,191.8319,47.6886,-3.3013,-10.0452
1271.000000,6,7.5644,191.8928,47.6718,-3.3790,-11.1386
1271.000000,7,7.5644,191.9575,47.6458,-3.4697,-11.6546
1271.000000,8,7.5644,192.0261,47.5169,-3.6672,-11.7133
1271.000000,9,7.5644,192.0989,47.6192,-3.6377,-10.9762
1271.000000,10,7.5644,191.6423,47.5605,-3.2399,-10.5528
1271.000000,11,7.5644,191.7025,47.6576,-3.2029,-11.3492
1271.000000,12,7.5644,191.7663,47.7125,-3.2119,-11.5909
1271.000000,13,7.5644,191.8339,47.6644,-3.3275,-11.3615
1271.000000,14,7.5644,191.9053,47.5618,-3.5016,-10.6282
1271.000000,15,7.5644,191.4582,47.6000,-3.0162,-10.8307
1271.000000,16,7.5644,191.5178,47.5131,-3.1628,-11.6401
1271.000000,17,7.5644,191.5810,47.6424,-3.0966,-11.6027
1271.000000,18,7.5644,191.6478,47.6675,-3.1383,-11.0808
1271.000000,19,7.5644,191.7182,47.6974,-3.1789,-9.9733
1271.000000,20,7.5644,191.2787,47.7051,-2.7316,-10.9845
1271.000000,21,7.5644,191.3380,47.6494,-2.8467,-11.5645
1271.000000,22,7.5644,191.4008,47.5168,-3.0420,-11.5962
1271.000000,23,7.5644,191.4669,47.5589,-3.0661,-10.8296
1271.000000,24,7.5644,191.5367,47.6729,-3.0219,-9.3877
1272.000000,0,7.6434,191.9810,47.7005,-3.4386,-9.6001
1272.000000,1,7.6434,192.0427,47.5878,-3.6129,-10.9619
1272.000000,2,7.6434,192.1083,47.4996,-3.7667,-11.7233
1272.000000,3,7.6434,192.1780,47.6569,-3.6791,-11.6679
1272.000000,4,7.6434,192.2520,47.7095,-3.7005,-11.1871
1272.000000,5,7.6434,191.7865,47.6887,-3.2558,-10.0238
1272.000000,6,7.6434,191.8472,47.6711,-3.3342,-11.1224
1272.000000,7,7.6434,191.9118,47.6449,-3.4249,-11.6408
1272.000000,8,7.6434,191.9802,47.5153,-3.6229,-11.7007
1272.000000,9,7.6434,192.0526,47.6193,-3.5914,-10.9604
1272.000000,10,7.6434,191.5981,47.5594,-3.1967,-10.5365
1272.000000,11,7.6434,191.6582,47.6573,-3.1589,-11.3348
1272.000000,12,7.6434,191.7219,47.7125,-3.1675,-11.5770
1272.000000,13,7.6434,191.7893,47.6641,-3.2832,-11.3469
1272.000000,14,7.6434,191.8605,47.5609,-3.4577,-10.6117
1272.000000,15,7.6434,191.4150,47.6000,-2.9730,-10.8161
1272.000000,16,7.6434,191.4746,47.5114,-3.1213,-11.6285
1272.000000,17,7.6434,191.5377,47.6415,-3.0543,-11.5897
1272.000000,18,7.6434,191.6044,47.6667,-3.0957,-11.0653
1272.000000,19,7.6434,191.6747,47.6975,-3.1352,-9.9524
1272.000000,20,7.6434,191.2364,47.7054,-2.6891,-10.9714
1272.000000,21,7.6434,191.2958,47.6498,-2.8040,-11.5510
1272.000000,22,7.6434,191.3584,47.5175,-2.9990,-11.5804
1272.000000,23,7.6434,191.4246,47.5571,-3.0255,-10.8126
1272.000000,24,7.6434,191.4942,47.6719,-2.9803,-9.3635
1273.000000,0,7.7226,191.9346,47.7001,-3.3925,-9.5747
1273.000000,1,7.7226,191.9960,47.5864,-3.5677,-10.9435
1273.000000,2,7.7226,192.0614,47.5001,-3.7194,-11.7064
1273.000000,3,7.7226,192.1309,47.6573,-3.6315,-11.6527
1273.000000,4,7.7226,192.2045,47.7097,-3.6529,-11.1722
1273.000000,5,7.7226,191.7414,47.6889,-3.2106,-10.0025
1273.000000,6,7.7226,191.8020,47.6704,-3.2896,-11.1063
1273.000000,7,7.7226,191.8664,47.6440,-3.3804,-11.6271
1273.000000,8,7.7226,191.9346,47.5137,-3.5789,-11.6881
1273.000000,9,7.7226,192.0068,47.6194,-3.5454,-10.9448
1273.000000,10,7.7226,191.5542,47.5584,-3.1538,-10.5201
1273.000000,11,7.7226,191.6142,47.6571,-3.1152,-11.3204
1273.000000,12,7.7226,191.6778,47.7125,-3.1233,-11.5630
1273.000000,13,7.7226,191.7450,47.6639,-3.2391,-11.3323
1273.000000,14,7.7226,191.8161,47.5599,-3.4142,-10.5952
1273.000000,15,7.7226,191.3721,47.6000,-2.9301,-10.8014
1273.000000,16,7.7226,191.4317,47.5097,-3.0800,-11.6169
1273.000000,17,7.7226,191.4947,47.6405,-3.0123,-11.5768
1273.000000,18,7.7226,191.5612,47.6659,-3.0534,-11.0499
1273.000000,19,7.7226,191.6314,47.6977,-3.0918,-9.9315
1273.000000,20,7.7226,191.1944,47.7057,-2.6467,-10.9583
1273.000000,21,7.7226,191.2537,47.6503,-2.7614,-11.5375
1273.000000,22,7.7226,191.3164,47.5182,-2.9562,-11.5645
1273.000000,23,7.7226,191.3824,47.5553,-2.9851,-10.7956
1273.000000,24,7.7226,191.4520,47.6709,-2.9391,-9.3394
1274.000000,0,7.8021,191.8885,47.6998,-3.3467,-9.5494
1274.000000,1,7.8021,191.9498,47.5850,-3.5228,-10.9252
1274.000000,2,7.8021,192.0149,47.5006,-3.6723,-11.6894
1274.000000,3,7.8021,192.0841,47.6578,-3.5843,-11.6375
1274.000000,4,7.8021,192.1574,47.7098,-3.6057,-11.1574
1274.000000,5,7.8021,191.6966,47.6890,-3.1656,-9.9812
1274.000000,6,7.8021,191.7571,47.6697,-3.2454,-11.0902
1274.000000,7,7.8021,191.8213,47.6430,-3.3363,-11.6134
1274.000000,8,7.8021,191.8893,47.5121,-3.5352,-11.6756
1274.000000,9,7.8021,191.9613,47.6195,-3.4998,-10.9292
1274.000000,10,7.8021,191.5105,47.5574,-3.1112,-10.5039
1274.000000,11,7.8021,191.5704,47.6568,-3.0717,-11.3060
1274.000000,12,7.8021,191.6339,47.7125,-3.0795,-11.5491
1274.000000,13,7.8021,191.7010,47.6637,-3.1954,-11.3177
1274.000000,14,7.8021,191.7719,47.5590,-3.3710,-10.5788
1274.000000,15,7.8021,191.3294,47.6000,-2.8874,-10.7868
1274.000000,16,7.8021,191.3889,47.5080,-3.0390,-11.6054
1274.000000,17,7.8021,191.4519,47.6395,-2.9705,-11.5639
1274.000000,18,7.8021,191.5184,47.6650,-3.0114,-11.0345
1274.000000,19,7.8021,191.5884,47.6978,-3.0486,-9.9107
1274.000000,20,7.8021,191.1525,47.7060,-2.6045,-10.9453
1274.000000,21,7.8021,191.2119,47.6508,-2.7191,-11.5240
1274.000000,22,7.8021,191.2745,47.5190,-2.9135,-11.5487
1274.000000,23,7.8021,191.3405,47.5535,-2.9450,-10.7786
1274.000000,24,7.8021,191.4100,47.6699,-2.8981,-9.3153
1275.000000,0,7.8818,191.8427,47.6994,-3.3013,-9.5241
1275.000000,1,7.8818,191.9038,47.5836,-3.4782,-10.9069
1275.000000,2,7.8818,191.9688,47.5012,-3.6257,-11.6725
1275.000000,3,7.8818,192.0377,47.6582,-3.5375,-11.6224
1275.000000,4,7.8818,192.1108,47.7100,-3.5588,-11.1428
1275.000000,5,7.8818,191.6521,47.6891,-3.1210,-9.9600
1275.000000,6,7.8818,191.7125,47.6690,-3.2016,-11.0742
1275.000000,7,7.8818,191.7765,47.6421,-3.2925,-11.5997
1275.000000,8,7.8818,191.8444,47.5105,-3.4919,-11.6631
1275.000000,9,7.8818,191.9161,47.6196,-3.4545,-10.9137
1275.000000,10,7.8818,191.4671,47.5563,-3.0688,-10.4877
1275.000000,11,7.8818,191.5270,47.6565,-3.0285,-11.2916
1275.000000,12,7.8818,191.5903,47.7125,-3.0359,-11.5352
1275.000000,13,7.8818,191.6573,47.6635,-3.1519,-11.3032
1275.000000,14,7.8818,191.7280,47.5580,-3.3281,-10.5625
1275.000000,15,7.8818,191.2869,47.6001,-2.8449,-10.7723
1275.000000,16,7.8818,191.3465,47.5063,-2.9982,-11.5939
1275.000000,17,7.8818,191.4094,47.6384,-2.9290,-11.5510
1275.000000,18,7.8818,191.4757,47.6641,-2.9696,-11.0191
1275.000000,19,7.8818,191.5457,47.6980,-3.0057,-9.8899
1275.000000,20,7.8818,191.1109,47.7063,-2.5626,-10.9323
1275.000000,21,7.8818,191.1702,47.6513,-2.6770,-11.5105
1275.000000,22,7.8818,191.2328,47.5198,-2.8711,-11.5328
1275.000000,23,7.8818,191.2988,47.5516,-2.9052,-10.7616
1275.000000,24,7.8818,191.3682,47.6689,-2.8574,-9.2912
1276.000000,0,7.9617,191.7972,47.6990,-3.2563,-9.4989
1276.000000,1,7.9617,191.8582,47.5822,-3.4341,-10.8887
1276.000000,2,7.9617,191.9230,47.5017,-3.5793,-11.6556
1276.000000,3,7.9617,191.9917,47.6587,-3.4910,-11.6073
1276.000000,4,7.9617,192.0645,47.7101,-3.5124,-11.1282
1276.000000,5,7.9617,191.6078,47.6893,-3.0766,-9.9388
1276.000000,6,7.9617,191.6681,47.6682,-3.1580,-11.0582
1276.000000,7,7.9617,191.7321,47.6411,-3.2490,-11.5860
1276.000000,8,7.9617,191.7997,47.5088,-3.4490,-11.6507
1276.000000,9,7.9617,191.8713,47.6198,-3.4095,-10.8982
1276.000000,10,7.9617,191.4239,47.5553,-3.0267,-10.4716
1276.000000,11,7.9617,191.4837,47.6562,-2.9856,-11.2773
1276.000000,12,7.9617,191.5470,47.7125,-2.9926,-11.5213
1276.000000,13,7.9617,191.6139,47.6633,-3.1087,-11.2887
1276.000000,14,7.9617,191.6845,47.5571,-3.2854,-10.5463
1276.000000,15,7.9617,191.2447,47.6001,-2.8026,-10.7578
1276.000000,16,7.9617,191.3042,47.5046,-2.9576,-11.5824
1276.000000,17,7.9617,191.3670,47.6374,-2.8877,-11.5381
1276.000000,18,7.9617,191.4333,47.6633,-2.9281,-11.0038
1276.000000,19,7.9617,191.5032,47.6981,-2.9631,-9.8692
1276.000000,20,7.9617,191.0694,47.7066,-2.5208,-10.9193
1276.000000,21,7.9617,191.1288,47.6517,-2.6351,-11.4970
1276.000000,22,7.9617,191.1914,47.5205,-2.8289,-11.5168
1276.000000,23,7.9617,191.2573,47.5498,-2.8656,-10.7447
1276.000000,24,7.9617,191.3267,47.6678,-2.8169,-9.2671
1277.000000,0,8.0420,191.7520,47.6986,-3.2115,-9.4737
1277.000000,1,8.0420,191.8129,47.5807,-3.3902,-10.8705
1277.000000,2,8.0420,191.8775,47.5023,-3.5333,-11.6387
1277.000000,3,8.0420,191.9460,47.6591,-3.4449,-11.5922
1277.000000,4,8.0420,192.0185,47.7102,-3.4663,-11.1137
1277.000000,5,8.0420,191.5639,47.6894,-3.0325,-9.9176
1277.000000,6,8.0420,191.6241,47.6674,-3.1147,-11.0423
1277.000000,7,8.0420,191.6879,47.6401,-3.2058,-11.5724
1277.000000,8,8.0420,191.7554,47.5071,-3.4063,-11.6384
1277.000000,9,8.0420,191.8267,47.6199,-3.3649,-10.8828
1277.000000,10,8.0420,191.3810,47.5542,-2.9848,-10.4555
1277.000000,11,8.0420,191.4408,47.6560,-2.9428,-11.2630
1277.000000,12,8.0420,191.5040,47.7125,-2.9496,-11.5074
1277.000000,13,8.0420,191.5707,47.6630,-3.0657,-11.2743
1277.000000,14,8.0420,191.6412,47.5561,-3.2431,-10.5301
1277.000000,15,8.0420,191.2026,47.6001,-2.7605,-10.7433
1277.000000,16,8.0420,191.2621,47.5028,-2.9173,-11.5710
1277.000000,17,8.0420,191.3250,47.6364,-2.8466,-11.5252
1277.000000,18,8.0420,191.3912,47.6623,-2.8869,-10.9885
1277.000000,19,8.0420,191.4609,47.6983,-2.9207,-9.8485
1277.000000,20,8.0420,191.0281,47.7069,-2.4792,-10.9064
1277.000000,21,8.0420,191.0875,47.6522,-2.5933,-11.4835
1277.000000,22,8.0420,191.1501,47.5213,-2.7868,-11.5008
1277.000000,23,8.0420,191.2160,47.5478,-2.8262,-10.7278
1277.000000,24,8.0420,191.2853,47.6668,-2.7766,-9.2430
1278.000000,0,8.1224,191.7072,47.6981,-3.1671,-9.4486
1278.000000,1,8.1224,191.7679,47.5792,-3.3468,-10.8524
1278.000000,2,8.1224,191.8324,47.5028,-3.4876,-11.6218
1278.000000,3,8.1224,191.9007,47.6596,-3.3991,-11.5772
1278.000000,4,8.1224,191.9729,47.7104,-3.4206,-11.0992
1278.000000,5,8.1224,191.5202,47.6895,-2.9887,-9.8965
1278.000000,6,8.1224,191.5803,47.6666,-3.0717,-11.0264
1278.000000,7,8.1224,191.6440,47.6391,-3.1629,-11.5589
1278.000000,8,8.1224,191.7114,47.5054,-3.3640,-11.6261
1278.000000,9,8.1224,191.7825,47.6200,-3.3205,-10.8675
1278.000000,10,8.1224,191.3383,47.5531,-2.9432,-10.4395
1278.000000,11,8.1224,191.3980,47.6557,-2.9004,-11.2487
1278.000000,12,8.1224,191.4612,47.7125,-2.9067,-11.4936
1278.000000,13,8.1224,191.5278,47.6628,-3.0231,-11.2598
1278.000000,14,8.1224,191.5981,47.5551,-3.2011,-10.5140
1278.000000,15,8.1224,191.1608,47.6002,-2.7186,-10.7288
1278.000000,16,8.1224,191.2203,47.5010,-2.8773,-11.5596
1278.000000,17,8.1224,191.2831,47.6353,-2.8058,-11.5124
1278.000000,18,8.1224,191.3493,47.6614,-2.8459,-10.9732
1278.000000,19,8.1224,191.4189,47.6984,-2.8786,-9.8278
1278.000000,20,8.1224,190.9870,47.7072,-2.4378,-10.8934
1278.000000,21,8.1224,191.0464,47.6527,-2.5518,-11.4699
1278.000000,22,8.1224,191.1091,47.5222,-2.7449,-11.4848
1278.000000,23,8.1224,191.1750,47.5459,-2.7871,-10.7108
1278.000000,24,8.1224,191.2442,47.6656,-2.7366,-9.2190
1279.000000,0,8.2031,191.6626,47.6977,-3.1229,-9.4235
1279.000000,1,8.2031,191.7232,47.5777,-3.3036,-10.8343
1279.000000,2,8.2031,191.7875,47.5034,-3.4422,-11.6049
1279.000000,3,8.2031,191.8556,47.6600,-3.3537,-11.5622
1279.000000,4,8.2031,191.9277,47.7105,-3.3752,-11.0849
1279.000000,5,8.2031,191.4767,47.6897,-2.9451,-9.8754
1279.000000,6,8.2031,191.5368,47.6658,-3.0290,-11.0105
1279.000000,7,8.2031,191.6004,47.6381,-3.1204,-11.5453
1279.000000,8,8.2031,191.6676,47.5037,-3.3220,-11.6138
1279.000000,9,8.2031,191.7386,47.6202,-3.2765,-10.8522
1279.000000,10,8.2031,191.2958,47.5520,-2.9018,-10.4235
1279.000000,11,8.2031,191.3555,47.6554,-2.8582,-11.2345
1279.000000,12,8.2031,191.4186,47.7125,-2.8642,-11.4797
1279.000000,13,8.2031,191.4852,47.6626,-2.9806,-11.2454
1279.000000,14,8.2031,191.5553,47.5541,-3.1593,-10.4980
1279.000000,15,8.2031,191.1191,47.6002,-2.6769,-10.7144
1279.000000,16,8.2031,191.1786,47.4992,-2.8374,-11.5482
1279.000000,17,8.2031,191.2414,47.6342,-2.7653,-11.4995
1279.000000,18,8.2031,191.3076,47.6605,-2.8051,-10.9580
1279.000000,19,8.2031,191.3772,47.6986,-2.8366,-9.8071
1279.000000,20,8.2031,190.9460,47.7075,-2.3966,-10.8805
1279.000000,21,8.2031,191.0055,47.6531,-2.5104,-11.4564
1279.000000,22,8.2031,191.0682,47.5230,-2.7032,-11.4687
1279.000000,23,8.2031,191.1341,47.5439,-2.7482,-10.6939
1279.000000,24,8.2031,191.2033,47.6645,-2.6968,-9.1950
1280.000000,0,8.2841,191.6183,47.6972,-3.0791,-9.3984
1280.000000,1,8.2841,191.6788,47.5761,-3.2607,-10.8162
1280.000000,2,8.2841,191.7430,47.5040,-3.3970,-11.5880
1280.000000,3,8.2841,191.8109,47.6604,-3.3086,-11.5472
1280.000000,4,8.2841,191.8828,47.7106,-3.3302,-11.0706
1280.000000,5,8.2841,191.4335,47.6898,-2.9017,-9.8543
1280.000000,6,8.2841,191.4935,47.6650,-2.9865,-10.9947
1280.000000,7,8.2841,191.5570,47.6370,-3.0780,-11.5318
1280.000000,8,8.2841,191.6241,47.5020,-3.2802,-11.6016
1280.000000,9,8.2841,191.6950,47.6203,-3.2327,-10.8370
1280.000000,10,8.2841,191.2535,47.5509,-2.8606,-10.4076
1280.000000,11,8.2841,191.3132,47.6551,-2.8162,-11.2202
1280.000000,12,8.2841,191.3763,47.7125,-2.8218,-11.4659
1280.000000,13,8.2841,191.4428,47.6623,-2.9385,-11.2310
1280.000000,14,8.2841,191.5128,47.5531,-3.1178,-10.4820
1280.000000,15,8.2841,191.0776,47.6003,-2.6354,-10.7000
1280.000000,16,8.2841,191.1372,47.4974,-2.7978,-11.5369
1280.000000,17,8.2841,191.2000,47.6331,-2.7249,-11.4867
1280.000000,18,8.2841,191.2661,47.6595,-2.7646,-10.9428
1280.000000,19,8.2841,191.3356,47.6987,-2.7949,-9.7865
1280.000000,20,8.2841,190.9053,47.7078,-2.3555,-10.8677
1280.000000,21,8.2841,190.9648,47.6536,-2.4692,-11.4429
1280.000000,22,8.2841,191.0275,47.5239,-2.6617,-11.4526
1280.000000,23,8.2841,191.0934,47.5419,-2.7095,-10.6770
1280.000000,24,8.2841,191.1626,47.6633,-2.6573,-9.1710
1281.000000,0,8.3654,191.5743,47.6967,-3.0355,-9.3734
1281.000000,1,8.3654,191.6347,47.5746,-3.2182,-10.7982
1281.000000,2,8.3654,191.6988,47.5047,-3.3522,-11.5711
1281.000000,3,8.3654,191.7666,47.6609,-3.2637,-11.5322
1281.000000,4,8.3654,191.8382,47.7107,-3.2855,-11.0564
1281.000000,5,8.3654,191.3905,47.6900,-2.8586,-9.8333
1281.000000,6,8.3654,191.4505,47.6642,-2.9444,-10.9789
1281.000000,7,8.3654,191.5140,47.6360,-3.0360,-11.5183
1281.000000,8,8.3654,191.5809,47.5002,-3.2388,-11.5895
1281.000000,9,8.3654,191.6516,47.6205,-3.1892,-10.8219
1281.000000,10,8.3654,191.2114,47.5498,-2.8196,-10.3917
1281.000000,11,8.3654,191.2711,47.6548,-2.7744,-11.2060
1281.000000,12,8.3654,191.3342,47.7125,-2.7797,-11.4520
1281.000000,13,8.3654,191.4006,47.6621,-2.8965,-11.2167
1281.000000,14,8.3654,191.4706,47.5521,-3.0765,-10.4661
1281.000000,15,8.3654,191.0363,47.6003,-2.5940,-10.6856
1281.000000,16,8.3654,191.0959,47.4956,-2.7584,-11.5256
1281.000000,17,8.3654,191.1587,47.6320,-2.6848,-11.4739
1281.000000,18,8.3654,191.2248,47.6585,-2.7243,-10.9276
1281.000000,19,8.3654,191.2943,47.6989,-2.7534,-9.7659
1281.000000,20,8.3654,190.8646,47.7081,-2.3146,-10.8548
1281.000000,21,8.3654,190.9242,47.6541,-2.4282,-11.4293
1281.000000,22,8.3654,190.9870,47.5247,-2.6203,-11.4365
1281.000000,23,8.3654,191.0529,47.5398,-2.6711,-10.6601
1281.000000,24,8.3654,191.1221,47.6621,-2.6180,-9.1470
1282.000000,0,8.4469,191.5305,47.6963,-2.9923,-9.3484
1282.000000,1,8.4469,191.5909,47.5730,-3.1760,-10.7802
1282.000000,2,8.4469,191.6548,47.5053,-3.3076,-11.5541
1282.000000,3,8.4469,191.7225,47.6613,-3.2192,-11.5173
1282.000000,4,8.4469,191.7939,47.7108,-3.2411,-11.0423
1282.000000,5,8.4469,191.3478,47.6901,-2.8157,-9.8122
1282.000000,6,8.4469,191.4077,47.6633,-2.9024,-10.9631
1282.000000,7,8.4469,191.4711,47.6349,-2.9942,-11.5048
1282.000000,8,8.4469,191.5380,47.4984,-3.1976,-11.5774
1282.000000,9,8.4469,191.6085,47.6206,-3.1459,-10.8068
1282.000000,10,8.4469,191.1696,47.5487,-2.7789,-10.3759
1282.000000,11,8.4469,191.2293,47.6545,-2.7328,-11.1917
1282.000000,12,8.4469,191.2923,47.7125,-2.7378,-11.4381
1282.000000,13,8.4469,191.3587,47.6619,-2.8548,-11.2023
1282.000000,14,8.4469,191.4285,47.5511,-3.0355,-10.4503
1282.000000,15,8.4469,190.9952,47.6004,-2.5529,-10.6712
1282.000000,16,8.4469,191.0548,47.4937,-2.7191,-11.5143
1282.000000,17,8.4469,191.1176,47.6308,-2.6448,-11.4611
1282.000000,18,8.4469,191.1837,47.6575,-2.6842,-10.9124
1282.000000,19,8.4469,191.2531,47.6990,-2.7121,-9.7453
1282.000000,20,8.4469,190.8242,47.7084,-2.2739,-10.8420
1282.000000,21,8.4469,190.8838,47.6545,-2.3874,-11.4157
1282.000000,22,8.4469,190.9466,47.5256,-2.5790,-11.4202
1282.000000,23,8.4469,191.0125,47.5378,-2.6328,-10.6433
1282.000000,24,8.4469,191.0817,47.6609,-2.5789,-9.1230
1283.000000,0,8.5286,191.4870,47.6957,-2.9493,-9.3234
1283.000000,1,8.5286,191.5473,47.5713,-3.1340,-10.7623
1283.000000,2,8.5286,191.6112,47.5059,-3.2632,-11.5371
1283.000000,3,8.5286,191.6786,47.6617,-3.1750,-11.5024
1283.000000,4,8.5286,191.7499,47.7109,-3.1971,-11.0282
1283.000000,5,8.5286,191.3052,47.6903,-2.7730,-9.7912
1283.000000,6,8.5286,191.3652,47.6625,-2.8608,-10.9473
1283.000000,7,8.5286,191.4285,47.6338,-2.9527,-11.4914
1283.000000,8,8.5286,191.4953,47.4966,-3.1567,-11.5653
1283.000000,9,8.5286,191.5657,47.6208,-3.1030,-10.7917
1283.000000,10,8.5286,191.1279,47.5476,-2.7383,-10.3601
1283.000000,11,8.5286,191.1876,47.6542,-2.6914,-11.1775
1283.000000,12,8.5286,191.2506,47.7125,-2.6962,-11.4243
1283.000000,13,8.5286,191.3169,47.6616,-2.8133,-11.1880
1283.000000,14,8.5286,191.3867,47.5501,-2.9947,-10.4345
1283.000000,15,8.5286,190.9543,47.6005,-2.5118,-10.6569
1283.000000,16,8.5286,191.0139,47.4918,-2.6801,-11.5030
1283.000000,17,8.5286,191.0767,47.6297,-2.6051,-11.4483
1283.000000,18,8.5286,191.1428,47.6565,-2.6444,-10.8972
1283.000000,19,8.5286,191.2122,47.6992,-2.6711,-9.7247
1283.000000,20,8.5286,190.7839,47.7086,-2.2333,-10.8292
1283.000000,21,8.5286,190.8436,47.6550,-2.3467,-11.4021
1283.000000,22,8.5286,190.9064,47.5265,-2.5379,-11.4040
1283.000000,23,8.5286,190.9724,47.5357,-2.5948,-10.6264
1283.000000,24,8.5286,191.0416,47.6597,-2.5400,-9.0990
1284.000000,0,8.6106,191.4437,47.6952,-2.9065,-9.2984
1284.000000,1,8.6106,191.5040,47.5697,-3.0923,-10.7443
1284.000000,2,8.6106,191.5677,47.5066,-3.2192,-11.5201
1284.000000,3,8.6106,191.6351,47.6621,-3.1310,-11.4875
1284.000000,4,8.6106,191.7062,47.7109,-3.1533,-11.0142
1284.000000,5,8.6106,191.2629,47.6904,-2.7306,-9.7702
1284.000000,6,8.6106,191.3229,47.6616,-2.8193,-10.9316
1284.000000,7,8.6106,191.3861,47.6327,-2.9115,-11.4779
1284.000000,8,8.6106,191.4529,47.4948,-3.1161,-11.5532
1284.000000,9,8.6106,191.5232,47.6210,-3.0602,-10.7767
1284.000000,10,8.6106,191.0864,47.5465,-2.6980,-10.3443
1284.000000,11,8.6106,191.1461,47.6539,-2.6502,-11.1633
1284.000000,12,8.6106,191.2091,47.7125,-2.6547,-11.4104
1284.000000,13,8.6106,191.2754,47.6614,-2.7721,-11.1736
1284.000000,14,8.6106,191.3452,47.5490,-2.9542,-10.4187
1284.000000,15,8.6106,190.9135,47.6005,-2.4710,-10.6425
1284.000000,16,8.6106,190.9732,47.4899,-2.6413,-11.4917
1284.000000,17,8.6106,191.0360,47.6285,-2.5656,-11.4355
1284.000000,18,8.6106,191.1021,47.6554,-2.6047,-10.8821
1284.000000,19,8.6106,191.1715,47.6994,-2.6302,-9.7041
1284.000000,20,8.6106,190.7437,47.7089,-2.1928,-10.8164
1284.000000,21,8.6106,190.8035,47.6554,-2.3061,-11.3885
1284.000000,22,8.6106,190.8664,47.5274,-2.4970,-11.3877
1284.000000,23,8.6106,190.9324,47.5335,-2.5569,-10.6095
1284.000000,24,8.6106,191.0016,47.6584,-2.5013,-9.0750
1285.000000,0,8.6929,191.4007,47.6947,-2.8641,-9.2735
1285.000000,1,8.6929,191.4609,47.5680,-3.0509,-10.7264
1285.000000,2,8.6929,191.5246,47.5073,-3.1753,-11.5031
1285.000000,3,8.6929,191.5918,47.6625,-3.0873,-11.4726
1285.000000,4,8.6929,191.6628,47.7110,-3.1098,-11.0002
1285.000000,5,8.6929,191.2208,47.6906,-2.6883,-9.7493
1285.000000,6,8.6929,191.2807,47.6607,-2.7781,-10.9159
1285.000000,7,8.6929,191.3440,47.6316,-2.8704,-11.4645
1285.000000,8,8.6929,191.4106,47.4930,-3.0757,-11.5412
1285.000000,9,8.6929,191.4808,47.6211,-3.0177,-10.7618
1285.000000,10,8.6929,191.0451,47.5453,-2.6578,-10.3286
1285.000000,11,8.6929,191.1048,47.6536,-2.6093,-11.1491
1285.000000,12,8.6929,191.1678,47.7125,-2.6134,-11.3966
1285.000000,13,8.6929,191.2341,47.6612,-2.7310,-11.1593
1285.000000,14,8.6929,191.3038,47.5480,-2.9138,-10.4030
1285.000000,15,8.6929,190.8729,47.6006,-2.4303,-10.6282
1285.000000,16,8.6929,190.9326,47.4880,-2.6026,-11.4805
1285.000000,17,8.6929,190.9955,47.6273,-2.5263,-11.4227
1285.000000,18,8.6929,191.0616,47.6543,-2.5653,-10.8670
1285.000000,19,8.6929,191.1310,47.6995,-2.5895,-9.6836
1285.000000,20,8.6929,190.7036,47.7091,-2.1525,-10.8036
1285.000000,21,8.6929,190.7635,47.6558,-2.2657,-11.3748
1285.000000,22,8.6929,190.8265,47.5284,-2.4561,-11.3713
1285.000000,23,8.6929,190.8925,47.5313,-2.5193,-10.5927
1285.000000,24,8.6929,190.9618,47.6571,-2.4628,-9.0510
1286.000000,0,8.7755,191.3579,47.6941,-2.8218,-9.2485
1286.000000,1,8.7755,191.4181,47.5663,-3.0098,-10.7085
1286.000000,2,8.7755,191.4817,47.5080,-3.1317,-11.4860
1286.000000,3,8.7755,191.5488,47.6630,-3.0439,-11.4577
1286.000000,4,8.7755,191.6196,47.7110,-3.0666,-10.9863
1286.000000,5,8.7755,191.1789,47.6907,-2.6463,-9.7283
1286.000000,6,8.7755,191.2388,47.6597,-2.7372,-10.9002
1286.000000,7,8.7755,191.3021,47.6304,-2.8297,-11.4511
1286.000000,8,8.7755,191.3687,47.4911,-3.0356,-11.5293
1286.000000,9,8.7755,191.4388,47.6213,-2.9755,-10.7468
1286.000000,10,8.7755,191.0040,47.5441,-2.6179,-10.3129
1286.000000,11,8.7755,191.0637,47.6533,-2.5685,-11.1348
1286.000000,12,8.7755,191.1267,47.7125,-2.5723,-11.3827
1286.000000,13,8.7755,191.1930,47.6609,-2.6901,-11.1450
1286.000000,14,8.7755,191.2626,47.5469,-2.8737,-10.3873
1286.000000,15,8.7755,190.8324,47.6007,-2.3897,-10.6139
1286.000000,16,8.7755,190.8922,47.4861,-2.5642,-11.4693
1286.000000,17,8.7755,190.9551,47.6261,-2.4871,-11.4099
1286.000000,18,8.7755,191.0213,47.6532,-2.5261,-10.8519
1286.000000,19,8.7755,191.0906,47.6997,-2.5490,-9.6631
1286.000000,20,8.7755,190.6637,47.7094,-2.1124,-10.7908
1286.000000,21,8.7755,190.7237,47.6563,-2.2255,-11.3612
1286.000000,22,8.7755,190.7868,47.5293,-2.4154,-11.3548
1286.000000,23,8.7755,190.8529,47.5291,-2.4818,-10.5758
1286.000000,24,8.7755,190.9221,47.6557,-2.4245,-9.0271
1287.000000,0,8.8583,191.3153,47.6935,-2.7798,-9.2236
1287.000000,1,8.8583,191.3755,47.5646,-2.9689,-10.6906
1287.000000,2,8.8583,191.4390,47.5087,-3.0884,-11.4689
1287.000000,3,8.8583,191.5061,47.6634,-3.0008,-11.4428
1287.000000,4,8.8583,191.5768,47.7111,-3.0237,-10.9724
1287.000000,5,8.8583,191.1372,47.6909,-2.6044,-9.7073
1287.000000,6,8.8583,191.1971,47.6588,-2.6964,-10.8845
1287.000000,7,8.8583,191.2603,47.6293,-2.7891,-11.4377
1287.000000,8,8.8583,191.3269,47.4892,-2.9957,-11.5173
1287.000000,9,8.8583,191.3969,47.6215,-2.9335,-10.7319
1287.000000,10,8.8583,190.9630,47.5430,-2.5781,-10.2973
1287.000000,11,8.8583,191.0228,47.6530,-2.5279,-11.1206
1287.000000,12,8.8583,191.0858,47.7125,-2.5314,-11.3688
1287.000000,13,8.8583,191.1521,47.6607,-2.6495,-11.1307
1287.000000,14,8.8583,191.2217,47.5459,-2.8339,-10.3717
1287.000000,15,8.8583,190.7921,47.6008,-2.3493,-10.5996
1287.000000,16,8.8583,190.8520,47.4841,-2.5259,-11.4580
1287.000000,17,8.8583,190.9150,47.6248,-2.4482,-11.3972
1287.000000,18,8.8583,190.9811,47.6521,-2.4870,-10.8368
1287.000000,19,8.8583,191.0505,47.6998,-2.5087,-9.6425
1287.000000,20,8.8583,190.6240,47.7096,-2.0724,-10.7780
1287.000000,21,8.8583,190.6841,47.6567,-2.1854,-11.3475
1287.000000,22,8.8583,190.7472,47.5303,-2.3749,-11.3383
1287.000000,23,8.8583,190.8133,47.5268,-2.4446,-10.5590
1287.000000,24,8.8583,190.8827,47.6543,-2.3864,-9.0031
1288.000000,0,8.9414,191.2730,47.6929,-2.7381,-9.1987
1288.000000,1,8.9414,191.3331,47.5628,-2.9283,-10.6728
1288.000000,2,8.9414,191.3966,47.5095,-3.0452,-11.4518
1288.000000,3,8.9414,191.4636,47.6638,-2.9579,-11.4279
1288.000000,4,8.9414,191.5341,47.7111,-2.9811,-10.9586
1288.000000,5,8.9414,191.0957,47.6910,-2.5627,-9.6864
1288.000000,6,8.9414,191.1557,47.6578,-2.6559,-10.8688
1288.000000,7,8.9414,191.2188,47.6281,-2.7488,-11.4243
1288.000000,8,8.9414,191.2854,47.4873,-2.9561,-11.5054
1288.000000,9,8.9414,191.3553,47.6217,-2.8917,-10.7171
1288.000000,10,8.9414,190.9222,47.5418,-2.5385,-10.2817
1288.000000,11,8.9414,190.9821,47.6527,-2.4874,-11.1064
1288.000000,12,8.9414,191.0451,47.7125,-2.4907,-11.3549
1288.000000,13,8.9414,191.1114,47.6604,-2.6090,-11.1164
1288.000000,14,8.9414,191.1810,47.5448,-2.7942,-10.3562
1288.000000,15,8.9414,190.7519,47.6009,-2.3090,-10.5854
1288.000000,16,8.9414,190.8119,47.4821,-2.4878,-11.4468
1288.000000,17,8.9414,190.8749,47.6236,-2.4094,-11.3844
1288.000000,18,8.9414,190.9411,47.6510,-2.4482,-10.8217
1288.000000,19,8.9414,191.0105,47.7000,-2.4685,-9.6220
1288.000000,20,8.9414,190.5843,47.7099,-2.0325,-10.7653
1288.000000,21,8.9414,190.6445,47.6571,-2.1455,-11.3338
1288.000000,22,8.9414,190.7077,47.5313,-2.3344,-11.3217
1288.000000,23,8.9414,190.7740,47.5245,-2.4075,-10.5421
1288.000000,24,8.9414,190.8433,47.6529,-2.3485,-8.9791
1289.000000,0,9.0247,191.2308,47.6923,-2.6965,-9.1738
1289.000000,1,9.0247,191.2910,47.5610,-2.8880,-10.6549
1289.000000,2,9.0247,191.3544,47.5102,-3.0022,-11.4346
1289.000000,3,9.0247,191.4213,47.6641,-2.9152,-11.4130
1289.000000,4,9.0247,191.4918,47.7111,-2.9387,-10.9448
1289.000000,5,9.0247,191.0544,47.6912,-2.5212,-9.6655
1289.000000,6,9.0247,191.1143,47.6568,-2.6156,-10.8532
1289.000000,7,9.0247,191.1775,47.6269,-2.7087,-11.4109
1289.000000,8,9.0247,191.2440,47.4854,-2.9167,-11.4935
1289.000000,9,9.0247,191.3139,47.6219,-2.8501,-10.7023
1289.000000,10,9.0247,190.8816,47.5406,-2.4990,-10.2661
1289.000000,11,9.0247,190.9415,47.6524,-2.4472,-11.0922
1289.000000,12,9.0247,191.0046,47.7125,-2.4502,-11.3410
1289.000000,13,9.0247,191.0709,47.6602,-2.5687,-11.1021
1289.000000,14,9.0247,191.1404,47.5438,-2.7547,-10.3406
1289.000000,15,9.0247,190.7119,47.6010,-2.2689,-10.5711
1289.000000,16,9.0247,190.7719,47.4801,-2.4499,-11.4357
1289.000000,17,9.0247,190.8350,47.6223,-2.3708,-11.3716
1289.000000,18,9.0247,190.9013,47.6498,-2.4095,-10.8066
1289.000000,19,9.0247,190.9707,47.7002,-2.4286,-9.6015
1289.000000,20,9.0247,190.5448,47.7101,-1.9928,-10.7525
1289.000000,21,9.0247,190.6051,47.6575,-2.1056,-11.3200
1289.000000,22,9.0247,190.6684,47.5323,-2.2941,-11.3051
1289.000000,23,9.0247,190.7347,47.5222,-2.3706,-10.5253
1289.000000,24,9.0247,190.8041,47.6514,-2.3108,-8.9552
1290.000000,0,9.1084,191.1889,47.6917,-2.6552,-9.1489
1290.000000,1,9.1084,191.2490,47.5592,-2.8479,-10.6371
1290.000000,2,9.1084,191.3125,47.5110,-2.9595,-11.4174
1290.000000,3,9.1084,191.3793,47.6645,-2.8728,-11.3981
1290.000000,4,9.1084,191.4497,47.7112,-2.8965,-10.9311
1290.000000,5,9.1084,191.0132,47.6914,-2.4799,-9.6445
1290.000000,6,9.1084,191.0732,47.6558,-2.5755,-10.8375
1290.000000,7,9.1084,191.1364,47.6257,-2.6688,-11.3975
1290.000000,8,9.1084,191.2029,47.4841,-2.8768,-11.4809
1290.000000,9,9.1084,191.2728,47.6221,-2.8087,-10.6875
1290.000000,10,9.1084,190.8411,47.5394,-2.4597,-10.2505
1290.000000,11,9.1084,190.9011,47.6521,-2.4071,-11.0780
1290.000000,12,9.1084,190.9642,47.7125,-2.4098,-11.3270
1290.000000,13,9.1084,191.0305,47.6599,-2.5286,-11.0878
1290.000000,14,9.1084,191.1001,47.5427,-2.7154,-10.3252
1290.000000,15,9.1084,190.6720,47.6012,-2.2289,-10.5568
1290.000000,16,9.1084,190.7321,47.4780,-2.4121,-11.4245
1290.000000,17,9.1084,190.7953,47.6210,-2.3323,-11.3588
1290.000000,18,9.1084,190.8616,47.6486,-2.3710,-10.7916
1290.000000,19,9.1084,190.9310,47.7003,-2.3887,-9.5810
1290.000000,20,9.1084,190.5054,47.7103,-1.9531,-10.7398
1290.000000,21,9.1084,190.5658,47.6579,-2.0660,-11.3063
1290.000000,22,9.1084,190.6292,47.5334,-2.2539,-11.2884
1290.000000,23,9.1084,190.6956,47.5198,-2.3339,-10.5084
1290.000000,24,9.1084,190.7651,47.6499,-2.2732,-8.9312
1291.000000,0,9.1923,191.1471,47.6910,-2.6142,-9.1240
1291.000000,1,9.1923,191.2073,47.5573,-2.8080,-10.6193
1291.000000,2,9.1923,191.2707,47.5118,-2.9170,-11.4001
1291.000000,3,9.1923,191.3375,47.6649,-2.8306,-11.3833
1291.000000,4,9.1923,191.4078,47.7111,-2.8547,-10.9174
1291.000000,5,9.1923,190.9723,47.6915,-2.4388,-9.6236
1291.000000,6,9.1923,191.0323,47.6548,-2.5356,-10.8219
1291.000000,7,9.1923,191.0955,47.6244,-2.6291,-11.3842
1291.000000,8,9.1923,191.1620,47.4842,-2.8358,-11.4669
1291.000000,9,9.1923,191.2318,47.6223,-2.7675,-10.6727
1291.000000,10,9.1923,190.8008,47.5382,-2.4206,-10.2350
1291.000000,11,9.1923,190.8608,47.6518,-2.3671,-11.0637
1291.000000,12,9.1923,190.9240,47.7125,-2.3696,-11.3131
1291.000000,13,9.1923,190.9903,47.6597,-2.4887,-11.0735
1291.000000,14,9.1923,191.0599,47.5416,-2.6763,-10.3097
1291.000000,15,9.1923,190.6322,47.6013,-2.1890,-10.5426
1291.000000,16,9.1923,190.6925,47.4760,-2.3745,-11.4133
1291.000000,17,9.1923,190.7557,47.6197,-2.2941,-11.3460
1291.000000,18,9.1923,190.8221,47.6474,-2.3327,-10.7766
1291.000000,19,9.1923,190.8915,47.7005,-2.3491,-9.5605
1291.000000,20,9.1923,190.4661,47.7105,-1.9136,-10.7270
1291.000000,21,9.1923,190.5267,47.6583,-2.0264,-11.2925
1291.000000,22,9.1923,190.5902,47.5344,-2.2138,-11.2716
1291.000000,23,9.1923,190.6567,47.5174,-2.2973,-10.4916
1291.000000,24,9.1923,190.7262,47.6484,-2.2359,-8.9073
1292.000000,0,9.2765,191.1056,47.6903,-2.5733,-9.0991
1292.000000,1,9.2765,191.1657,47.5555,-2.7683,-10.6014
1292.000000,2,9.2765,191.2292,47.5126,-2.8746,-11.3828
1292.000000,3,9.2765,191.2959,47.6653,-2.7887,-11.3684
1292.000000,4,9.2765,191.3661,47.7111,-2.8130,-10.9037
1292.000000,5,9.2765,190.9314,47.6917,-2.3978,-9.6027
1292.000000,6,9.2765,190.9915,47.6537,-2.4958,-10.8063
1292.000000,7,9.2765,191.0548,47.6232,-2.5896,-11.3708
1292.000000,8,9.2765,191.1212,47.4842,-2.7950,-11.4529
1292.000000,9,9.2765,191.1910,47.6225,-2.7265,-10.6579
1292.000000,10,9.2765,190.7606,47.5370,-2.3817,-10.2195
1292.000000,11,9.2765,190.8207,47.6514,-2.3273,-11.0495
1292.000000,12,9.2765,190.8840,47.7125,-2.3295,-11.2991
1292.000000,13,9.2765,190.9503,47.6594,-2.4489,-11.0592
1292.000000,14,9.2765,191.0199,47.5405,-2.6374,-10.2943
1292.000000,15,9.2765,190.5926,47.6014,-2.1492,-10.5283
1292.000000,16,9.2765,190.6529,47.4739,-2.3371,-11.4021
1292.000000,17,9.2765,190.7163,47.6183,-2.2560,-11.3332
1292.000000,18,9.2765,190.7827,47.6462,-2.2946,-10.7615
1292.000000,19,9.2765,190.8522,47.7006,-2.3096,-9.5400
1292.000000,20,9.2765,190.4270,47.7107,-1.8743,-10.7143
1292.000000,21,9.2765,190.4876,47.6587,-1.9870,-11.2787
1292.000000,22,9.2765,190.5513,47.5355,-2.1738,-11.2548
1292.000000,23,9.2765,190.6179,47.5149,-2.2610,-10.4747
1292.000000,24,9.2765,190.6875,47.6468,-2.1987,-8.8833
1293.000000,0,9.3609,191.0642,47.6896,-2.5326,-9.0742
1293.000000,1,9.3609,191.1244,47.5535,-2.7289,-10.5836
1293.000000,2,9.3609,191.1878,47.5134,-2.8324,-11.3655
1293.000000,3,9.3609,191.2545,47.6656,-2.7469,-11.3535
1293.000000,4,9.3609,191.3247,47.7111,-2.7716,-10.8901
1293.000000,5,9.3609,190.8908,47.6919,-2.3570,-9.5817
1293.000000,6,9.3609,190.9509,47.6526,-2.4563,-10.7907
1293.000000,7,9.3609,191.0142,47.6219,-2.5503,-11.3574
1293.000000,8,9.3609,191.0807,47.4843,-2.7544,-11.4388
1293.000000,9,9.3609,191.1504,47.6228,-2.6857,-10.6432
1293.000000,10,9.3609,190.7206,47.5357,-2.3429,-10.2040
1293.000000,11,9.3609,190.7808,47.6511,-2.2877,-11.0352
1293.000000,12,9.3609,190.8441,47.7125,-2.2897,-11.2851
1293.000000,13,9.3609,190.9105,47.6592,-2.4094,-11.0448
1293.000000,14,9.3609,190.9801,47.5394,-2.5987,-10.2789
1293.000000,15,9.3609,190.5531,47.6016,-2.1096,-10.5141
1293.000000,16,9.3609,190.6135,47.4717,-2.2998,-11.3910
1293.000000,17,9.3609,190.6770,47.6170,-2.2180,-11.3204
1293.000000,18,9.3609,190.7435,47.6450,-2.2565,-10.7464
1293.000000,19,9.3609,190.8130,47.7008,-2.2703,-9.5195
1293.000000,20,9.3609,190.3879,47.7109,-1.8350,-10.7016
1293.000000,21,9.3609,190.4487,47.6591,-1.9477,-11.2648
1293.000000,22,9.3609,190.5125,47.5366,-2.1339,-11.2379
1293.000000,23,9.3609,190.5792,47.5124,-2.2248,-10.4579
1293.000000,24,9.3609,190.6489,47.6452,-2.1617,-8.8593
1294.000000,0,9.4457,191.0230,47.6889,-2.4922,-9.0493
1294.000000,1,9.4457,191.0832,47.5516,-2.6897,-10.5658
1294.000000,2,9.4457,191.1467,47.5143,-2.7904,-11.3480
1294.000000,3,9.4457,191.2134,47.6660,-2.7054,-11.3385
1294.000000,4,9.4457,191.2835,47.7111,-2.7304,-10.8765
1294.000000,5,9.4457,190.8503,47.6921,-2.3163,-9.5608
1294.000000,6,9.4457,190.9105,47.6515,-2.4170,-10.7751
1294.000000,7,9.4457,190.9738,47.6206,-2.5113,-11.3441
1294.000000,8,9.4457,191.0403,47.4844,-2.7140,-11.4247
1294.000000,9,9.4457,191.1101,47.6230,-2.6451,-10.6285
1294.000000,10,9.4457,190.6807,47.5345,-2.3042,-10.1886
1294.000000,11,9.4457,190.7410,47.6508,-2.2482,-11.0210
1294.000000,12,9.4457,190.8043,47.7125,-2.2499,-11.2711
1294.000000,13,9.4457,190.8708,47.6589,-2.3699,-11.0305
1294.000000,14,9.4457,190.9404,47.5383,-2.5602,-10.2636
1294.000000,15,9.4457,190.5137,47.6017,-2.0700,-10.4998
1294.000000,16,9.4457,190.5743,47.4696,-2.2627,-11.3798
1294.000000,17,9.4457,190.6378,47.6156,-2.1803,-11.3076
1294.000000,18,9.4457,190.7044,47.6445,-2.2179,-10.7306
1294.000000,19,9.4457,190.7740,47.7010,-2.2311,-9.4991
1294.000000,20,9.4457,190.3489,47.7111,-1.7959,-10.6889
1294.000000,21,9.4457,190.4099,47.6594,-1.9085,-11.2509
1294.000000,22,9.4457,190.4738,47.5377,-2.0941,-11.2209
1294.000000,23,9.4457,190.5406,47.5099,-2.1888,-10.4410
1294.000000,24,9.4457,190.6104,47.6436,-2.1249,-8.8354
1295.000000,0,9.5307,190.9820,47.6882,-2.4519,-9.0244
1295.000000,1,9.5307,191.0423,47.5496,-2.6507,-10.5481
1295.000000,2,9.5307,191.1057,47.5151,-2.7486,-11.3306
1295.000000,3,9.5307,191.1724,47.6663,-2.6641,-11.3236
1295.000000,4,9.5307,191.2424,47.7110,-2.6895,-10.8630
1295.000000,5,9.5307,190.8100,47.6922,-2.2758,-9.5399
1295.000000,6,9.5307,190.8702,47.6504,-2.3779,-10.7595
1295.000000,7,9.5307,190.9336,47.6193,-2.4724,-11.3307
1295.000000,8,9.5307,191.0001,47.4845,-2.6737,-11.4106
1295.000000,9,9.5307,191.0699,47.6233,-2.6046,-10.6138
1295.000000,10,9.5307,190.6409,47.5332,-2.2657,-10.1732
1295.000000,11,9.5307,190.7013,47.6505,-2.2089,-11.0067
1295.000000,12,9.5307,190.7648,47.7125,-2.2103,-11.2570
1295.000000,13,9.5307,190.8313,47.6586,-2.3307,-11.0162
1295.000000,14,9.5307,190.9009,47.5372,-2.5218,-10.2483
1295.000000,15,9.5307,190.4744,47.6019,-2.0306,-10.4856
1295.000000,16,9.5307,190.5351,47.4674,-2.2257,-11.3687
1295.000000,17,9.5307,190.5988,47.6142,-2.1426,-11.2948
1295.000000,18,9.5307,190.6654,47.6440,-2.1795,-10.7146
1295.000000,19,9.5307,190.7351,47.7011,-2.1920,-9.4786
1295.000000,20,9.5307,190.3101,47.7113,-1.7569,-10.6761
1295.000000,21,9.5307,190.3712,47.6598,-1.8694,-11.2370
1295.000000,22,9.5307,190.4352,47.5388,-2.0544,-11.2038
1295.000000,23,9.5307,190.5021,47.5073,-2.1529,-10.4242
1295.000000,24,9.5307,190.5721,47.6419,-2.0882,-8.8114
1296.000000,0,9.6160,190.9412,47.6874,-2.4118,-8.9995
1296.000000,1,9.6160,191.0015,47.5476,-2.6119,-10.5303
1296.000000,2,9.6160,191.0649,47.5160,-2.7070,-11.3130
1296.000000,3,9.6160,191.1316,47.6667,-2.6230,-11.3087
1296.000000,4,9.6160,191.2016,47.7109,-2.6487,-10.8494
1296.000000,5,9.6160,190.7698,47.6924,-2.2354,-9.5189
1296.000000,6,9.6160,190.8301,47.6493,-2.3389,-10.7440
1296.000000,7,9.6160,190.8935,47.6179,-2.4336,-11.3173
1296.000000,8,9.6160,190.9601,47.4846,-2.6335,-11.3965
1296.000000,9,9.6160,191.0298,47.6235,-2.5644,-10.5992
1296.000000,10,9.6160,190.6013,47.5320,-2.2273,-10.1578
1296.000000,11,9.6160,190.6618,47.6501,-2.1697,-10.9924
1296.000000,12,9.6160,190.7253,47.7125,-2.1709,-11.2430
1296.000000,13,9.6160,190.7919,47.6584,-2.2916,-11.0018
1296.000000,14,9.6160,190.8616,47.5360,-2.4836,-10.2330
1296.000000,15,9.6160,190.4352,47.6020,-1.9913,-10.4713
1296.000000,16,9.6160,190.4961,47.4670,-2.1871,-11.3556
1296.000000,17,9.6160,190.5599,47.6127,-2.1052,-11.2819
1296.000000,18,9.6160,190.6266,47.6435,-2.1411,-10.6987
1296.000000,19,9.6160,190.6964,47.7013,-2.1531,-9.4581
1296.000000,20,9.6160,190.2713,47.7114,-1.7179,-10.6634
1296.000000,21,9.6160,190.3326,47.6601,-1.8305,-11.2230
1296.000000,22,9.6160,190.3967,47.5400,-2.0148,-11.1867
1296.000000,23,9.6160,190.4638,47.5047,-2.1172,-10.4073
1296.000000,24,9.6160,190.5338,47.6402,-2.0517,-8.7874
1297.000000,0,9.7016,190.9005,47.6866,-2.3719,-8.9746
1297.000000,1,9.7016,190.9608,47.5455,-2.5734,-10.5125
1297.000000,2,9.7016,191.0243,47.5169,-2.6655,-11.2955
1297.000000,3,9.7016,191.0910,47.6670,-2.5821,-11.2937
1297.000000,4,9.7016,191.1610,47.7109,-2.6082,-10.8359
1297.000000,5,9.7016,190.7297,47.6926,-2.1952,-9.4980
1297.000000,6,9.7016,190.7901,47.6483,-2.2999,-10.7282
1297.000000,7,9.7016,190.8536,47.6165,-2.3951,-11.3039
1297.000000,8,9.7016,190.9202,47.4847,-2.5936,-11.3824
1297.000000,9,9.7016,190.9900,47.6238,-2.5243,-10.5845
1297.000000,10,9.7016,190.5618,47.5307,-2.1891,-10.1424
1297.000000,11,9.7016,190.6224,47.6498,-2.1306,-10.9781
1297.000000,12,9.7016,190.6860,47.7125,-2.1316,-11.2289
1297.000000,13,9.7016,190.7527,47.6581,-2.2526,-10.9875
1297.000000,14,9.7016,190.8224,47.5349,-2.4456,-10.2178
1297.000000,15,9.7016,190.3962,47.6022,-1.9520,-10.4570
1297.000000,16,9.7016,190.4572,47.4671,-2.1481,-11.3420
1297.000000,17,9.7016,190.5211,47.6113,-2.0678,-11.2691
1297.000000,18,9.7016,190.5879,47.6430,-2.1029,-10.6828
1297.000000,19,9.7016,190.6578,47.7015,-2.1144,-9.4376
1297.000000,20,9.7016,190.2327,47.7116,-1.6791,-10.6507
1297.000000,21,9.7016,190.2941,47.6605,-1.7917,-11.2090
1297.000000,22,9.7016,190.3584,47.5411,-1.9753,-11.1694
1297.000000,23,9.7016,190.4256,47.5020,-2.0816,-10.3905
1297.000000,24,9.7016,190.4957,47.6384,-2.0154,-8.7634
1298.000000,0,9.7875,190.8600,47.6858,-2.3322,-8.9496
1298.000000,1,9.7875,190.9204,47.5434,-2.5350,-10.4947
1298.000000,2,9.7875,190.9839,47.5178,-2.6241,-11.2778
1298.000000,3,9.7875,191.0506,47.6673,-2.5414,-11.2788
1298.000000,4,9.7875,191.1206,47.7108,-2.5679,-10.8225
1298.000000,5,9.7875,190.6898,47.6928,-2.1551,-9.4770
1298.000000,6,9.7875,190.7503,47.6478,-2.2605,-10.7118
1298.000000,7,9.7875,190.8139,47.6151,-2.3568,-11.2905
1298.000000,8,9.7875,190.8805,47.4848,-2.5537,-11.3682
1298.000000,9,9.7875,190.9503,47.6240,-2.4843,-10.5699
1298.000000,10,9.7875,190.5224,47.5294,-2.1510,-10.1271
1298.000000,11,9.7875,190.5831,47.6495,-2.0917,-10.9638
1298.000000,12,9.7875,190.6468,47.7125,-2.0924,-11.2147
1298.000000,13,9.7875,190.7136,47.6578,-2.2138,-10.9731
1298.000000,14,9.7875,190.7834,47.5337,-2.4077,-10.2026
1298.000000,15,9.7875,190.3572,47.6024,-1.9129,-10.4428
1298.000000,16,9.7875,190.4184,47.4671,-2.1093,-11.3284
1298.000000,17,9.7875,190.4824,47.6098,-2.0306,-11.2562
1298.000000,18,9.7875,190.5494,47.6425,-2.0649,-10.6668
1298.000000,19,9.7875,190.6193,47.7016,-2.0757,-9.4171
1298.000000,20,9.7875,190.1941,47.7117,-1.6404,-10.6380
1298.000000,21,9.7875,190.2557,47.6608,-1.7529,-11.1950
1298.000000,22,9.7875,190.3202,47.5423,-1.9359,-11.1521
1298.000000,23,9.7875,190.3875,47.4993,-2.0463,-10.3736
1298.000000,24,9.7875,190.4578,47.6366,-1.9792,-8.7394
1299.000000,0,9.8736,190.8196,47.6849,-2.2927,-8.9247
1299.000000,1,9.8736,190.8801,47.5413,-2.4968,-10.4769
1299.000000,2,9.8736,190.9436,47.5188,-2.5829,-11.2601
1299.000000,3,9.8736,191.0104,47.6676,-2.5008,-11.2638
1299.000000,4,9.8736,191.0804,47.7107,-2.5278,-10.8090
1299.000000,5,9.8736,190.6500,47.6930,-2.1151,-9.4560
1299.000000,6,9.8736,190.7106,47.6474,-2.2213,-10.6954
1299.000000,7,9.8736,190.7743,47.6137,-2.3186,-11.2771
1299.000000,8,9.8736,190.8410,47.4849,-2.5141,-11.3540
1299.000000,9,9.8736,190.9108,47.6243,-2.4446,-10.5552
1299.000000,10,9.8736,190.4831,47.5281,-2.1130,-10.1117
1299.000000,11,9.8736,190.5440,47.6491,-2.0529,-10.9494
1299.000000,12,9.8736,190.6078,47.7125,-2.0534,-11.2006
1299.000000,13,9.8736,190.6746,47.6576,-2.1751,-10.9588
1299.000000,14,9.8736,190.7445,47.5326,-2.3700,-10.1874
1299.000000,15,9.8736,190.3184,47.6026,-1.8739,-10.4285
1299.000000,16,9.8736,190.3797,47.4672,-2.0705,-11.3147
1299.000000,17,9.8736,190.4438,47.6083,-1.9936,-11.2434
1299.000000,18,9.8736,190.5109,47.6420,-2.0270,-10.6509
1299.000000,19,9.8736,190.5810,47.7018,-2.0372,-9.3965
1299.000000,20,9.8736,190.1556,47.7118,-1.6018,-10.6252
1299.000000,21,9.8736,190.2174,47.6611,-1.7143,-11.1809
1299.000000,22,9.8736,190.2820,47.5435,-1.8965,-11.1347
1299.000000,23,9.8736,190.3495,47.4965,-2.0110,-10.3568
1299.000000,24,9.8736,190.4199,47.6347,-1.9432,-8.7154
1300.000000,0,9.9601,190.7794,47.6841,-2.2534,-8.8997
1300.000000,1,9.9601,190.8399,47.5391,-2.4588,-10.4592
1300.000000,2,9.9601,190.9036,47.5197,-2.5419,-11.2423
1300.000000,3,9.9601,190.9703,47.6679,-2.4605,-11.2488
1300.000000,4,9.9601,191.0403,47.7105,-2.4878,-10.7956
1300.000000,5,9.9601,190.6104,47.6932,-2.0753,-9.4351
1300.000000,6,9.9601,190.6711,47.6469,-2.1822,-10.6790
1300.000000,7,9.9601,190.7348,47.6123,-2.2805,-11.2637
1300.000000,8,9.9601,190.8016,47.4851,-2.4745,-11.3398
1300.000000,9,9.9601,190.8715,47.6246,-2.4049,-10.5406
1300.000000,10,9.9601,190.4439,47.5268,-2.0752,-10.0964
1300.000000,11,9.9601,190.5049,47.6488,-2.0142,-10.9350
1300.000000,12,9.9601,190.5689,47.7125,-2.0144,-11.1864
1300.000000,13,9.9601,190.6358,47.6573,-2.1365,-10.9444
1300.000000,14,9.9601,190.7058,47.5314,-2.3324,-10.1723
1300.000000,15,9.9601,190.2797,47.6027,-1.8349,-10.4142
1300.000000,16,9.9601,190.3411,47.4673,-2.0318,-11.3010
1300.000000,17,9.9601,190.4054,47.6068,-1.9567,-11.2305
1300.000000,18,9.9601,190.4726,47.6415,-1.9892,-10.6349
1300.000000,19,9.9601,190.5428,47.7020,-1.9988,-9.3760
1300.000000,20,9.9601,190.1172,47.7119,-1.5633,-10.6125
1300.000000,21,9.9601,190.1792,47.6614,-1.6758,-11.1668
1300.000000,22,9.9601,190.2440,47.5448,-1.8572,-11.1172
1300.000000,23,9.9601,190.3116,47.4937,-1.9760,-10.3399
1300.000000,24,9.9601,190.3821,47.6328,-1.9073,-8.6914
1301.000000,0,10.0468,190.7393,47.6832,-2.2142,-8.8748
1301.000000,1,10.0468,190.7999,47.5369,-2.4210,-10.4414
1301.000000,2,10.0468,190.8636,47.5207,-2.5010,-11.2244
1301.000000,3,10.0468,190.9304,47.6682,-2.4203,-11.2337
1301.000000,4,10.0468,191.0004,47.7104,-2.4481,-10.7822
1301.000000,5,10.0468,190.5709,47.6933,-2.0356,-9.4141
1301.000000,6,10.0468,190.6317,47.6464,-2.1433,-10.6626
1301.000000,7,10.0468,190.6955,47.6108,-2.2427,-11.2503
1301.000000,8,10.0468,190.7623,47.4852,-2.4351,-11.3255
1301.000000,9,10.0468,190.8323,47.6249,-2.3654,-10.5260
1301.000000,10,10.0468,190.4049,47.5254,-2.0375,-10.0811
1301.000000,11,10.0468,190.4660,47.6485,-1.9756,-10.9207
1301.000000,12,10.0468,190.5301,47.7125,-1.9756,-11.1721
1301.000000,13,10.0468,190.5971,47.6570,-2.0981,-10.9299
1301.000000,14,10.0468,190.6671,47.5302,-2.2950,-10.1571
1301.000000,15,10.0468,190.2410,47.6030,-1.7961,-10.3999
1301.000000,16,10.0468,190.3026,47.4674,-1.9932,-11.2872
1301.000000,17,10.0468,190.3670,47.6052,-1.9199,-11.2176
1301.000000,18,10.0468,190.4344,47.6410,-1.9515,-10.6188
1301.000000,19,10.0468,190.5047,47.7022,-1.9606,-9.3555
1301.000000,20,10.0468,190.0789,47.7120,-1.5249,-10.5998
1301.000000,21,10.0468,190.1411,47.6617,-1.6374,-11.1527
1301.000000,22,10.0468,190.2060,47.5460,-1.8180,-11.0997
1301.000000,23,10.0468,190.2738,47.4908,-1.9410,-10.3230
1301.000000,24,10.0468,190.3445,47.6309,-1.8716,-8.6674
1302.000000,0,10.1339,190.6994,47.6822,-2.1752,-8.8498
1302.000000,1,10.1339,190.7601,47.5347,-2.3834,-10.4236
1302.000000,2,10.1339,190.8238,47.5217,-2.4602,-11.2065
1302.000000,3,10.1339,190.8907,47.6684,-2.3803,-11.2187
1302.000000,4,10.1339,190.9607,47.7102,-2.4086,-10.7688
1302.000000,5,10.1339,190.5315,47.6935,-1.9960,-9.3930
1302.000000,6,10.1339,190.5924,47.6459,-2.1045,-10.6461
1302.000000,7,10.1339,190.6563,47.6093,-2.2050,-11.2368
1302.000000,8,10.1339,190.7232,47.4854,-2.3958,-11.3112
1302.000000,9,10.1339,190.7932,47.6251,-2.3261,-10.5114
1302.000000,10,10.1339,190.3659,47.5241,-1.9999,-10.0659
1302.000000,11,10.1339,190.4272,47.6481,-1.9371,-10.9062
1302.000000,12,10.1339,190.4914,47.7125,-1.9370,-11.1579
1302.000000,13,10.1339,190.5585,47.6568,-2.0598,-10.9155
1302.000000,14,10.1339,190.6287,47.5290,-2.2577,-10.1420
1302.000000,15,10.1339,190.2025,47.6032,-1.7573,-10.3856
1302.000000,16,10.1339,190.2642,47.4675,-1.9547,-11.2734
1302.000000,17,10.1339,190.3288,47.6036,-1.8832,-11.2047
1302.000000,18,10.1339,190.3963,47.6404,-1.9139,-10.6028
1302.000000,19,10.1339,190.4667,47.7023,-1.9224,-9.3350
1302.000000,20,10.1339,190.0407,47.7121,-1.4866,-10.5870
1302.000000,21,10.1339,190.1030,47.6619,-1.5991,-11.1385
1302.000000,22,10.1339,190.1681,47.5473,-1.7789,-11.0820
1302.000000,23,10.1339,190.2361,47.4879,-1.9063,-10.3062
1302.000000,24,10.1339,190.3069,47.6289,-1.8361,-8.6433
1303.000000,0,10.2212,190.6596,47.6813,-2.1363,-8.8248
1303.000000,1,10.2212,190.7204,47.5324,-2.3460,-10.4058
1303.000000,2,10.2212,190.7842,47.5227,-2.4196,-11.1885
1303.000000,3,10.2212,190.8511,47.6687,-2.3405,-11.2036
1303.000000,4,10.2212,190.9212,47.7100,-2.3692,-10.7554
1303.000000,5,10.2212,190.4922,47.6937,-1.9565,-9.3720
1303.000000,6,10.2212,190.5532,47.6455,-2.0658,-10.6296
1303.000000,7,10.2212,190.6172,47.6078,-2.1674,-11.2234
1303.000000,8,10.2212,190.6842,47.4856,-2.3567,-11.2968
1303.000000,9,10.2212,190.7543,47.6255,-2.2869,-10.4968
1303.000000,10,10.2212,190.3271,47.5227,-1.9624,-10.0506
1303.000000,11,10.2212,190.3885,47.6478,-1.8988,-10.8918
1303.000000,12,10.2212,190.4528,47.7125,-1.8984,-11.1436
1303.000000,13,10.2212,190.5201,47.6565,-2.0217,-10.9011
1303.000000,14,10.2212,190.5903,47.5279,-2.2205,-10.1269
1303.000000,15,10.2212,190.1640,47.6034,-1.7186,-10.3713
1303.000000,16,10.2212,190.2259,47.4676,-1.9163,-11.2596
1303.000000,17,10.2212,190.2907,47.6020,-1.8467,-11.1918
1303.000000,18,10.2212,190.3583,47.6399,-1.8764,-10.5867
1303.000000,19,10.2212,190.4288,47.7025,-1.8844,-9.3144
1303.000000,20,10.2212,190.0025,47.7122,-1.4484,-10.5743
1303.000000,21,10.2212,190.0651,47.6622,-1.5609,-11.1243
1303.000000,22,10.2212,190.1304,47.5486,-1.7398,-11.0643
1303.000000,23,10.2212,190.1985,47.4849,-1.8716,-10.2893
1303.000000,24,10.2212,190.2695,47.6268,-1.8007,-8.6193
1304.000000,0,10.3088,190.6199,47.6803,-2.0977,-8.7998
1304.000000,1,10.3088,190.6808,47.5301,-2.3088,-10.3880
1304.000000,2,10.3088,190.7447,47.5237,-2.3790,-11.1704
1304.000000,3,10.3088,190.8117,47.6689,-2.3008,-11.1885
1304.000000,4,10.3088,190.8818,47.7098,-2.3300,-10.7421
1304.000000,5,10.3088,190.4530,47.6939,-1.9171,-9.3510
1304.000000,6,10.3088,190.5142,47.6450,-2.0273,-10.6131
1304.000000,7,10.3088,190.5783,47.6063,-2.1301,-11.2099
1304.000000,8,10.3088,190.6454,47.4858,-2.3177,-11.2824
1304.000000,9,10.3088,190.7156,47.6258,-2.2478,-10.4822
1304.000000,10,10.3088,190.2884,47.5214,-1.9250,-10.0354
1304.000000,11,10.3088,190.3499,47.6474,-1.8606,-10.8774
1304.000000,12,10.3088,190.4144,47.7125,-1.8600,-11.1292
1304.000000,13,10.3088,190.4818,47.6562,-1.9836,-10.8866
1304.000000,14,10.3088,190.5521,47.5266,-2.1835,-10.1119
1304.000000,15,10.3088,190.1256,47.6036,-1.6800,-10.3570
1304.000000,16,10.3088,190.1877,47.4677,-1.8780,-11.2457
1304.000000,17,10.3088,190.2526,47.6004,-1.8103,-11.1788
1304.000000,18,10.3088,190.3204,47.6393,-1.8391,-10.5706
1304.000000,19,10.3088,190.3911,47.7027,-1.8465,-9.2939
1304.000000,20,10.3088,189.9645,47.7122,-1.4103,-10.5615
1304.000000,21,10.3088,190.0272,47.6624,-1.5228,-11.1100
1304.000000,22,10.3088,190.0927,47.5499,-1.7008,-11.0465
1304.000000,23,10.3088,190.1610,47.4819,-1.8371,-10.2724
1304.000000,24,10.3088,190.2322,47.6247,-1.7655,-8.5952
1305.000000,0,10.3967,190.5804,47.6793,-2.0591,-8.7748
1305.000000,1,10.3967,190.6414,47.5277,-2.2717,-10.3702
1305.000000,2,10.3967,190.7054,47.5248,-2.3386,-11.1523
1305.000000,3,10.3967,190.7724,47.6691,-2.2614,-11.1733
1305.000000,4,10.3967,190.8426,47.7096,-2.2910,-10.7287
1305.000000,5,10.3967,190.4139,47.6941,-1.8779,-9.3299
1305.000000,6,10.3967,190.4753,47.6445,-1.9888,-10.5966
1305.000000,7,10.3967,190.5395,47.6047,-2.0928,-11.1965
1305.000000,8,10.3967,190.6067,47.4860,-2.2788,-11.2680
1305.000000,9,10.3967,190.6769,47.6261,-2.2089,-10.4676
1305.000000,10,10.3967,190.2497,47.5200,-1.8877,-10.0201
1305.000000,11,10.3967,190.3114,47.6470,-1.8224,-10.8629
1305.000000,12,10.3967,190.3761,47.7125,-1.8216,-11.1148
1305.000000,13,10.3967,190.4436,47.6559,-1.9457,-10.8721
1305.000000,14,10.3967,190.5140,47.5254,-2.1466,-10.0968
1305.000000,15,10.3967,190.0873,47.6039,-1.6415,-10.3427
1305.000000,16,10.3967,190.1496,47.4679,-1.8397,-11.2317
1305.000000,17,10.3967,190.2147,47.5987,-1.7740,-11.1659
1305.000000,18,10.3967,190.2826,47.6388,-1.8019,-10.5545
1305.000000,19,10.3967,190.3535,47.7028,-1.8087,-9.2733
1305.000000,20,10.3967,189.9265,47.7123,-1.3722,-10.5487
1305.000000,21,10.3967,189.9894,47.6626,-1.4848,-11.0957
1305.000000,22,10.3967,190.0551,47.5512,-1.6619,-11.0285
1305.000000,23,10.3967,190.1236,47.4788,-1.8028,-10.2555
1305.000000,24,10.3967,190.1949,47.6226,-1.7304,-8.5712
1306.000000,0,10.4850,190.5410,47.6783,-2.0207,-8.7497
1306.000000,1,10.4850,190.6021,47.5253,-2.2348,-10.3524
1306.000000,2,10.4850,190.6662,47.5259,-2.2983,-11.1340
1306.000000,3,10.4850,190.7333,47.6693,-2.2220,-11.1582
1306.000000,4,10.4850,190.8035,47.7094,-2.2522,-10.7154
1306.000000,5,10.4850,190.3750,47.6943,-1.8387,-9.3088
1306.000000,6,10.4850,190.4364,47.6440,-1.9505,-10.5800
1306.000000,7,10.4850,190.5008,47.6031,-2.0557,-11.1830
1306.000000,8,10.4850,190.5681,47.4862,-2.2400,-11.2535
1306.000000,9,10.4850,190.6384,47.6264,-2.1701,-10.4530
1306.000000,10,10.4850,190.2112,47.5186,-1.8506,-10.0049
1306.000000,11,10.4850,190.2731,47.6467,-1.7844,-10.8483
1306.000000,12,10.4850,190.3378,47.7125,-1.7834,-11.1004
1306.000000,13,10.4850,190.4055,47.6556,-1.9079,-10.8576
1306.000000,14,10.4850,190.4760,47.5242,-2.1099,-10.0818
1306.000000,15,10.4850,190.0491,47.6041,-1.6030,-10.3283
1306.000000,16,10.4850,190.1116,47.4680,-1.8016,-11.2177
1306.000000,17,10.4850,190.1768,47.5970,-1.7379,-11.1529
1306.000000,18,10.4850,190.2450,47.6382,-1.7648,-10.5384
1306.000000,19,10.4850,190.3159,47.7030,-1.7710,-9.2527
1306.000000,20,10.4850,189.8885,47.7123,-1.3343,-10.5360
1306.000000,21,10.4850,189.9517,47.6628,-1.4469,-11.0814
1306.000000,22,10.4850,190.0176,47.5526,-1.6230,-11.0105
1306.000000,23,10.4850,190.0863,47.4757,-1.7686,-10.2387
1306.000000,24,10.4850,190.1578,47.6204,-1.6954,-8.5471
1307.000000,0,10.5735,190.5017,47.6772,-1.9825,-8.7247
1307.000000,1,10.5735,190.5629,47.5229,-2.1980,-10.3346
1307.000000,2,10.5735,190.6271,47.5270,-2.2582,-11.1157
1307.000000,3,10.5735,190.6943,47.6695,-2.1828,-11.1430
1307.000000,4,10.5735,190.7646,47.7091,-2.2135,-10.7021
1307.000000,5,10.5735,190.3362,47.6945,-1.7997,-9.2877
1307.000000,6,10.5735,190.3977,47.6434,-1.9123,-10.5634
1307.000000,7,10.5735,190.4622,47.6015,-2.0188,-11.1695
1307.000000,8,10.5735,190.5297,47.4864,-2.2013,-11.2390
1307.000000,9,10.5735,190.6001,47.6267,-2.1314,-10.4384
1307.000000,10,10.5735,190.1727,47.5172,-1.8135,-9.9897
1307.000000,11,10.5735,190.2348,47.6463,-1.7465,-10.8338
1307.000000,12,10.5735,190.2997,47.7125,-1.7453,-11.0859
1307.000000,13,10.5735,190.3675,47.6553,-1.8702,-10.8431
1307.000000,14,10.5735,190.4382,47.5230,-2.0732,-10.0668
1307.000000,15,10.5735,190.0110,47.6044,-1.5646,-10.3140
1307.000000,16,10.5735,190.0736,47.4682,-1.7635,-11.2036
1307.000000,17,10.5735,190.1391,47.5953,-1.7019,-11.1399
1307.000000,18,10.5735,190.2074,47.6377,-1.7277,-10.5222
1307.000000,19,10.5735,190.2785,47.7032,-1.7334,-9.2321
1307.000000,20,10.5735,189.8507,47.7123,-1.2964,-10.5232
1307.000000,21,10.5735,189.9140,47.6630,-1.4091,-11.0670
1307.000000,22,10.5735,189.9801,47.5539,-1.5842,-10.9924
1307.000000,23,10.5735,190.0490,47.4725,-1.7345,-10.2218
1307.000000,24,10.5735,190.1207,47.6181,-1.6606,-8.5230
1308.000000,0,10.6623,190.4625,47.6761,-1.9444,-8.6996
1308.000000,1,10.6623,190.5238,47.5204,-2.1615,-10.3168
1308.000000,2,10.6623,190.5882,47.5281,-2.2181,-11.0973
1308.000000,3,10.6623,190.6555,47.6697,-2.1438,-11.1277
1308.000000,4,10.6623,190.7258,47.7088,-2.1750,-10.6888
1308.000000,5,10.6623,190.2974,47.6947,-1.7607,-9.2666
1308.000000,6,10.6623,190.3592,47.6429,-1.8743,-10.5468
1308.000000,7,10.6623,190.4238,47.5999,-1.9820,-11.1559
1308.000000,8,10.6623,190.4913,47.4866,-2.1627,-11.2244
1308.000000,9,10.6623,190.5619,47.6271,-2.0928,-10.4238
1308.000000,10,10.6623,190.1343,47.5158,-1.7766,-9.9745
1308.000000,11,10.6623,190.1966,47.6460,-1.7087,-10.8192
1308.000000,12,10.6623,190.2617,47.7125,-1.7072,-11.0714
1308.000000,13,10.6623,190.3296,47.6550,-1.8326,-10.8285
1308.000000,14,10.6623,190.4004,47.5217,-2.0367,-10.0519
1308.000000,15,10.6623,189.9729,47.6046,-1.5263,-10.2996
1308.000000,16,10.6623,190.0358,47.4684,-1.7254,-11.1895
1308.000000,17,10.6623,190.1014,47.5935,-1.6659,-11.1269
1308.000000,18,10.6623,190.1699,47.6371,-1.6908,-10.5060
1308.000000,19,10.6623,190.2412,47.7033,-1.6959,-9.2115
1308.000000,20,10.6623,189.8129,47.7123,-1.2586,-10.5104
1308.000000,21,10.6623,189.8764,47.6631,-1.3714,-11.0525
1308.000000,22,10.6623,189.9428,47.5553,-1.5455,-10.9742
1308.000000,23,10.6623,190.0119,47.4693,-1.7006,-10.2049
1308.000000,24,10.6623,190.0837,47.6158,-1.6259,-8.4989
1309.000000,0,10.7514,190.4234,47.6749,-1.9065,-8.6745
1309.000000,1,10.7514,190.4849,47.5179,-2.1251,-10.2990
1309.000000,2,10.7514,190.5493,47.5292,-2.1781,-11.0788
1309.000000,3,10.7514,190.6167,47.6698,-2.1050,-11.1125
1309.000000,4,10.7514,190.6872,47.7085,-2.1367,-10.6755
1309.000000,5,10.7514,190.2588,47.6950,-1.7218,-9.2454
1309.000000,6,10.7514,190.3207,47.6424,-1.8363,-10.5302
1309.000000,7,10.7514,190.3854,47.5982,-1.9453,-11.1424
1309.000000,8,10.7514,190.4531,47.4869,-2.1243,-11.2098
1309.000000,9,10.7514,190.5238,47.6274,-2.0544,-10.4092
1309.000000,10,10.7514,190.0960,47.5144,-1.7397,-9.9593
1309.000000,11,10.7514,190.1585,47.6456,-1.6709,-10.8046
1309.000000,12,10.7514,190.2237,47.7125,-1.6693,-11.0569
1309.000000,13,10.7514,190.2918,47.6547,-1.7951,-10.8139
1309.000000,14,10.7514,190.3628,47.5205,-2.0003,-10.0369
1309.000000,15,10.7514,189.9349,47.6049,-1.4881,-10.2852
1309.000000,16,10.7514,189.9980,47.4686,-1.6874,-11.1753
1309.000000,17,10.7514,190.0638,47.5917,-1.6301,-11.1139
1309.000000,18,10.7514,190.1325,47.6365,-1.6540,-10.4898
1309.000000,19,10.7514,190.2039,47.7035,-1.6585,-9.1909
1309.000000,20,10.7514,189.7751,47.7122,-1.2209,-10.4976
1309.000000,21,10.7514,189.8389,47.6633,-1.3337,-11.0380
1309.000000,22,10.7514,189.9055,47.5568,-1.5068,-10.9559
1309.000000,23,10.7514,189.9748,47.4660,-1.6668,-10.1880
1309.000000,24,10.7514,190.0469,47.6135,-1.5914,-8.4748
1310.000000,0,10.8409,190.3844,47.6738,-1.8687,-8.6494
1310.000000,1,10.8409,190.4461,47.5153,-2.0888,-10.2812
1310.000000,2,10.8409,190.5106,47.5304,-2.1383,-11.0603
1310.000000,3,10.8409,190.5781,47.6699,-2.0662,-11.0972
1310.000000,4,10.8409,190.6487,47.7082,-2.0985,-10.6622
1310.000000,5,10.8409,190.2202,47.6952,-1.6831,-9.2243
1310.000000,6,10.8409,190.2823,47.6419,-1.7984,-10.5135
1310.000000,7,10.8409,190.3472,47.5965,-1.9087,-11.1288
1310.000000,8,10.8409,190.4150,47.4872,-2.0859,-11.1952
1310.000000,9,10.8409,190.4858,47.6278,-2.0160,-10.3945
1310.000000,10,10.8409,190.0578,47.5129,-1.7029,-9.9442
1310.000000,11,10.8409,190.1204,47.6452,-1.6333,-10.7900
1310.000000,12,10.8409,190.1859,47.7125,-1.6315,-11.0423
1310.000000,13,10.8409,190.2541,47.6544,-1.7577,-10.7993
1310.000000,14,10.8409,190.3253,47.5192,-1.9641,-10.0220
1310.000000,15,10.8409,189.8970,47.6052,-1.4499,-10.2707
1310.000000,16,10.8409,189.9603,47.4688,-1.6495,-11.1611
1310.000000,17,10.8409,190.0263,47.5899,-1.5945,-11.1008
1310.000000,18,10.8409,190.0952,47.6359,-1.6173,-10.4735
1310.000000,19,10.8409,190.1668,47.7037,-1.6212,-9.1702
1310.000000,20,10.8409,189.7375,47.7122,-1.1833,-10.4847
1310.000000,21,10.8409,189.8015,47.6634,-1.2962,-11.0235
1310.000000,22,10.8409,189.8683,47.5582,-1.4681,-10.9375
1310.000000,23,10.8409,189.9378,47.4652,-1.6306,-10.1683
1310.000000,24,10.8409,190.0101,47.6111,-1.5570,-8.4507
1311.000000,0,10.9306,190.3456,47.6726,-1.8311,-8.6242
1311.000000,1,10.9306,190.4074,47.5127,-2.0527,-10.2634
1311.000000,2,10.9306,190.4720,47.5316,-2.0985,-11.0416
1311.000000,3,10.9306,190.5397,47.6701,-2.0277,-11.0818
1311.000000,4,10.9306,190.6103,47.7078,-2.0605,-10.6489
1311.000000,5,10.9306,190.1817,47.6954,-1.6444,-9.2031
1311.000000,6,10.9306,190.2440,47.6413,-1.7607,-10.4968
1311.000000,7,10.9306,190.3091,47.5948,-1.8723,-11.1152
1311.000000,8,10.9306,190.3770,47.4874,-2.0477,-11.1804
1311.000000,9,10.9306,190.4479,47.6281,-1.9778,-10.3799
1311.000000,10,10.9306,190.0197,47.5115,-1.6663,-9.9290
1311.000000,11,10.9306,190.0825,47.6448,-1.5957,-10.7753
1311.000000,12,10.9306,190.1481,47.7125,-1.5937,-11.0276
1311.000000,13,10.9306,190.2166,47.6541,-1.7205,-10.7847
1311.000000,14,10.9306,190.2878,47.5180,-1.9279,-10.0070
1311.000000,15,10.9306,189.8592,47.6055,-1.4117,-10.2563
1311.000000,16,10.9306,189.9227,47.4690,-1.6117,-11.1468
1311.000000,17,10.9306,189.9889,47.5881,-1.5589,-11.0877
1311.000000,18,10.9306,190.0579,47.6353,-1.5806,-10.4572
1311.000000,19,10.9306,190.1298,47.7038,-1.5840,-9.1495
1311.000000,20,10.9306,189.6998,47.7121,-1.1458,-10.4719
1311.000000,21,10.9306,189.7641,47.6634,-1.2587,-11.0089
1311.000000,22,10.9306,189.8311,47.5596,-1.4295,-10.9190
1311.000000,23,10.9306,189.9009,47.4672,-1.5917,-10.1455
1311.000000,24,10.9306,189.9733,47.6086,-1.5228,-8.4265
1312.000000,0,11.0207,190.3068,47.6713,-1.7936,-8.5990
1312.000000,1,11.0207,190.3688,47.5100,-2.0168,-10.2455
1312.000000,2,11.0207,190.4336,47.5328,-2.0588,-11.0228
1312.000000,3,11.0207,190.5013,47.6701,-1.9892,-11.0665
1312.000000,4,11.0207,190.5720,47.7075,-2.0226,-10.6356
1312.000000,5,11.0207,190.1434,47.6956,-1.6058,-9.1818
1312.000000,6,11.0207,190.2058,47.6408,-1.7230,-10.4800
1312.000000,7,11.0207,190.2710,47.5930,-1.8361,-11.1016
1312.000000,8,11.0207,190.3392,47.4877,-2.0095,-11.1657
1312.000000,9,11.0207,190.4102,47.6285,-1.9397,-10.3653
1312.000000,10,11.0207,189.9816,47.5100,-1.6297,-9.9139
1312.000000,11,11.0207,190.0447,47.6444,-1.5583,-10.7606
1312.000000,12,11.0207,190.1105,47.7125,-1.5560,-11.0129
1312.000000,13,11.0207,190.1791,47.6538,-1.6833,-10.7700
1312.000000,14,11.0207,190.2505,47.5167,-1.8919,-9.9921
1312.000000,15,11.0207,189.8214,47.6058,-1.3736,-10.2418
1312.000000,16,11.0207,189.8851,47.4692,-1.5739,-11.1324
1312.000000,17,11.0207,189.9516,47.5862,-1.5234,-11.0746
1312.000000,18,11.0207,190.0208,47.6347,-1.5441,-10.4409
1312.000000,19,11.0207,190.0928,47.7040,-1.5468,-9.1289
1312.000000,20,11.0207,189.6623,47.7120,-1.1083,-10.4590
1312.000000,21,11.0207,189.7268,47.6635,-1.2214,-10.9943
1312.000000,22,11.0207,189.7941,47.5611,-1.3910,-10.9004
1312.000000,23,11.0207,189.8640,47.4692,-1.5529,-10.1226
1312.000000,24,11.0207,189.9367,47.6060,-1.4887,-8.4024
1313.000000,0,11.1110,190.2682,47.6700,-1.7562,-8.5738
1313.000000,1,11.1110,190.3303,47.5073,-1.9810,-10.2277
1313.000000,2,11.1110,190.3952,47.5340,-2.0193,-11.0040
1313.000000,3,11.1110,190.4631,47.6702,-1.9509,-11.0511
1313.000000,4,11.1110,190.5339,47.7071,-1.9849,-10.6223
1313.000000,5,11.1110,190.1051,47.6958,-1.5673,-9.1606
1313.000000,6,11.1110,190.1677,47.6402,-1.6855,-10.4632
1313.000000,7,11.1110,190.2331,47.5912,-1.7999,-11.0880
1313.000000,8,11.1110,190.3014,47.4880,-1.9714,-11.1509
1313.000000,9,11.1110,190.3725,47.6289,-1.9017,-10.3506
1313.000000,10,11.1110,189.9437,47.5085,-1.5932,-9.8987
1313.000000,11,11.1110,190.0069,47.6441,-1.5209,-10.7459
1313.000000,12,11.1110,190.0729,47.7125,-1.5185,-10.9981
1313.000000,13,11.1110,190.1417,47.6535,-1.6462,-10.7553
1313.000000,14,11.1110,190.2133,47.5154,-1.8559,-9.9772
1313.000000,15,11.1110,189.7837,47.6061,-1.3356,-10.2273
1313.000000,16,11.1110,189.8476,47.4695,-1.5362,-11.1180
1313.000000,17,11.1110,189.9143,47.5843,-1.4880,-11.0615
1313.000000,18,11.1110,189.9837,47.6341,-1.5077,-10.4246
1313.000000,19,11.1110,190.0559,47.7042,-1.5098,-9.1082
1313.000000,20,11.1110,189.6248,47.7119,-1.0709,-10.4462
1313.000000,21,11.1110,189.6896,47.6635,-1.1841,-10.9797
1313.000000,22,11.1110,189.7571,47.5626,-1.3525,-10.8816
1313.000000,23,11.1110,189.8272,47.4712,-1.5141,-10.0996
1313.000000,24,11.1110,189.9002,47.6034,-1.4547,-8.3782
1314.000000,0,11.2017,190.2296,47.6687,-1.7189,-8.5486
1314.000000,1,11.2017,190.2919,47.5045,-1.9454,-10.2098
1314.000000,2,11.2017,190.3570,47.5352,-1.9798,-10.9850
1314.000000,3,11.2017,190.4250,47.6702,-1.9128,-11.0356
1314.000000,4,11.2017,190.4959,47.7066,-1.9473,-10.6090
1314.000000,5,11.2017,190.0669,47.6960,-1.5289,-9.1393
1314.000000,6,11.2017,190.1297,47.6397,-1.6480,-10.4464
1314.000000,7,11.2017,190.1953,47.5894,-1.7639,-11.0744
1314.000000,8,11.2017,190.2637,47.4883,-1.9334,-11.1360
1314.000000,9,11.2017,190.3350,47.6293,-1.8637,-10.3360
1314.000000,10,11.2017,189.9058,47.5070,-1.5568,-9.8836
1314.000000,11,11.2017,189.9692,47.6437,-1.4836,-10.7311
1314.000000,12,11.2017,190.0354,47.7125,-1.4810,-10.9833
1314.000000,13,11.2017,190.1044,47.6532,-1.6092,-10.7406
1314.000000,14,11.2017,190.1762,47.5141,-1.8201,-9.9623
1314.000000,15,11.2017,189.7460,47.6064,-1.2976,-10.2128
1314.000000,16,11.2017,189.8102,47.4697,-1.4985,-11.1035
1314.000000,17,11.2017,189.8771,47.5823,-1.4528,-11.0484
1314.000000,18,11.2017,189.9468,47.6335,-1.4713,-10.4082
1314.000000,19,11.2017,190.0192,47.7043,-1.4729,-9.0874
1314.000000,20,11.2017,189.5873,47.7117,-1.0336,-10.4333
1314.000000,21,11.2017,189.6524,47.6635,-1.1469,-10.9649
1314.000000,22,11.2017,189.7201,47.5641,-1.3140,-10.8628
1314.000000,23,11.2017,189.7905,47.4733,-1.4753,-10.0765
1314.000000,24,11.2017,189.8637,47.6008,-1.4209,-8.3541
1315.000000,0,11.2927,190.1911,47.6673,-1.6818,-8.5233
1315.000000,1,11.2927,190.2535,47.5017,-1.9099,-10.1920
1315.000000,2,11.2927,190.3188,47.5365,-1.9404,-10.9660
1315.000000,3,11.2927,190.3870,47.6703,-1.8747,-11.0201
1315.000000,4,11.2927,190.4580,47.7062,-1.9099,-10.5958
1315.000000,5,11.2927,190.0287,47.6963,-1.4905,-9.1180
1315.000000,6,11.2927,190.0917,47.6391,-1.6107,-10.4296
1315.000000,7,11.2927,190.1575,47.5876,-1.7280,-11.0607
1315.000000,8,11.2927,190.2261,47.4886,-1.8955,-11.1210
1315.000000,9,11.2927,190.2976,47.6297,-1.8259,-10.3213
1315.000000,10,11.2927,189.8679,47.5055,-1.5205,-9.8685
1315.000000,11,11.2927,189.9316,47.6433,-1.4463,-10.7163
1315.000000,12,11.2927,189.9980,47.7125,-1.4436,-10.9685
1315.000000,13,11.2927,190.0672,47.6529,-1.5723,-10.7258
1315.000000,14,11.2927,190.1391,47.5128,-1.7844,-9.9475
1315.000000,15,11.2927,189.7084,47.6068,-1.2597,-10.1982
1315.000000,16,11.2927,189.7728,47.4700,-1.4609,-11.0889
1315.000000,17,11.2927,189.8400,47.5804,-1.4176,-11.0352
1315.000000,18,11.2927,189.9098,47.6329,-1.4350,-10.3918
1315.000000,19,11.2927,189.9825,47.7045,-1.4360,-9.0667
1315.000000,20,11.2927,189.5500,47.7116,-0.9964,-10.4204
1315.000000,21,11.2927,189.6153,47.6635,-1.1098,-10.9502
1315.000000,22,11.2927,189.6832,47.5657,-1.2756,-10.8439
1315.000000,23,11.2927,189.7539,47.4754,-1.4366,-10.0532
1315.000000,24,11.2927,189.8273,47.5981,-1.3872,-8.3299
1316.000000,0,11.3840,190.1527,47.6659,-1.6448,-8.4980
1316.000000,1,11.3840,190.2153,47.4989,-1.8745,-10.1741
1316.000000,2,11.3840,190.2808,47.5378,-1.9010,-10.9468
1316.000000,3,11.3840,190.3491,47.6703,-1.8368,-11.0046
1316.000000,4,11.3840,190.4203,47.7057,-1.8726,-10.5825
1316.000000,5,11.3840,189.9907,47.6965,-1.4522,-9.0966
1316.000000,6,11.3840,190.0539,47.6385,-1.5734,-10.4127
1316.000000,7,11.3840,190.1198,47.5857,-1.6922,-11.0470
1316.000000,8,11.3840,190.1886,47.4890,-1.8577,-11.1060
1316.000000,9,11.3840,190.2602,47.6301,-1.7882,-10.3066
1316.000000,10,11.3840,189.8302,47.5040,-1.4842,-9.8533
1316.000000,11,11.3840,189.8940,47.6429,-1.4092,-10.7014
1316.000000,12,11.3840,189.9607,47.7125,-1.4062,-10.9535
1316.000000,13,11.3840,190.0300,47.6526,-1.5355,-10.7110
1316.000000,14,11.3840,190.1022,47.5115,-1.7487,-9.9326
1316.000000,15,11.3840,189.6709,47.6071,-1.2218,-10.1836
1316.000000,16,11.3840,189.7355,47.4703,-1.4233,-11.0743
1316.000000,17,11.3840,189.8029,47.5784,-1.3826,-11.0220
1316.000000,18,11.3840,189.8730,47.6322,-1.3988,-10.3753
1316.000000,19,11.3840,189.9458,47.7047,-1.3992,-9.0459
1316.000000,20,11.3840,189.5126,47.7114,-0.9593,-10.4075
1316.000000,21,11.3840,189.5782,47.6635,-1.0727,-10.9354
1316.000000,22,11.3840,189.6464,47.5672,-1.2372,-10.8249
1316.000000,23,11.3840,189.7173,47.4775,-1.3979,-10.0299
1316.000000,24,11.3840,189.7909,47.5953,-1.3537,-8.3057
1317.000000,0,11.4757,190.1144,47.6645,-1.6080,-8.4727
1317.000000,1,11.4757,190.1772,47.4959,-1.8393,-10.1562
1317.000000,2,11.4757,190.2428,47.5391,-1.8618,-10.9276
1317.000000,3,11.4757,190.3113,47.6702,-1.7991,-10.9891
1317.000000,4,11.4757,190.3826,47.7052,-1.8354,-10.5692
1317.000000,5,11.4757,189.9527,47.6967,-1.4140,-9.0753
1317.000000,6,11.4757,190.0161,47.6379,-1.5362,-10.3957
1317.000000,7,11.4757,190.0823,47.5838,-1.6566,-11.0333
1317.000000,8,11.4757,190.1512,47.4893,-1.8199,-11.0910
1317.000000,9,11.4757,190.2230,47.6305,-1.7505,-10.2919
1317.000000,10,11.4757,189.7925,47.5024,-1.4481,-9.8382
1317.000000,11,11.4757,189.8566,47.6425,-1.3721,-10.6865
1317.000000,12,11.4757,189.9234,47.7125,-1.3690,-10.9386
1317.000000,13,11.4757,189.9930,47.6523,-1.4987,-10.6962
1317.000000,14,11.4757,190.0653,47.5101,-1.7132,-9.9178
1317.000000,15,11.4757,189.6334,47.6075,-1.1840,-10.1690
1317.000000,16,11.4757,189.6983,47.4706,-1.3858,-11.0596
1317.000000,17,11.4757,189.7659,47.5763,-1.3477,-11.0088
1317.000000,18,11.4757,189.8363,47.6316,-1.3627,-10.3589
1317.000000,19,11.4757,189.9093,47.7048,-1.3625,-9.0251
1317.000000,20,11.4757,189.4753,47.7112,-0.9222,-10.3945
1317.000000,21,11.4757,189.5411,47.6634,-1.0358,-10.9205
1317.000000,22,11.4757,189.6097,47.5688,-1.1989,-10.8057
1317.000000,23,11.4757,189.6808,47.4796,-1.3593,-10.0065
1317.000000,24,11.4757,189.7547,47.5924,-1.3203,-8.2815
1318.000000,0,11.5676,190.0762,47.6630,-1.5712,-8.4473
1318.000000,1,11.5676,190.1392,47.4930,-1.8043,-10.1384
1318.000000,2,11.5676,190.2050,47.5404,-1.8226,-10.9082
1318.000000,3,11.5676,190.2736,47.6702,-1.7615,-10.9735
1318.000000,4,11.5676,190.3451,47.7047,-1.7984,-10.5559
1318.000000,5,11.5676,189.9148,47.6970,-1.3759,-9.0539
1318.000000,6,11.5676,189.9784,47.6374,-1.4991,-10.3788
1318.000000,7,11.5676,190.0448,47.5818,-1.6210,-11.0195
1318.000000,8,11.5676,190.1139,47.4897,-1.7823,-11.0758
1318.000000,9,11.5676,190.1859,47.6309,-1.7130,-10.2772
1318.000000,10,11.5676,189.7548,47.5009,-1.4120,-9.8231
1318.000000,11,11.5676,189.8192,47.6421,-1.3351,-10.6716
1318.000000,12,11.5676,189.8862,47.7125,-1.3318,-10.9235
1318.000000,13,11.5676,189.9560,47.6520,-1.4621,-10.6813
1318.000000,14,11.5676,190.0286,47.5088,-1.6778,-9.9029
1318.000000,15,11.5676,189.5960,47.6078,-1.1462,-10.1544
1318.000000,16,11.5676,189.6611,47.4709,-1.3483,-11.0448
1318.000000,17,11.5676,189.7290,47.5742,-1.3128,-10.9956
1318.000000,18,11.5676,189.7996,47.6309,-1.3267,-10.3423
1318.000000,19,11.5676,189.8728,47.7050,-1.3259,-9.0043
1318.000000,20,11.5676,189.4381,47.7109,-0.8852,-10.3816
1318.000000,21,11.5676,189.5042,47.6633,-0.9989,-10.9056
1318.000000,22,11.5676,189.5729,47.5704,-1.1606,-10.7865
1318.000000,23,11.5676,189.6444,47.4817,-1.3207,-9.9830
1318.000000,24,11.5676,189.7185,47.5895,-1.2870,-8.2573
1319.000000,0,11.6599,190.0381,47.6615,-1.5346,-8.4220
1319.000000,1,11.6599,190.1013,47.4899,-1.7694,-10.1205
1319.000000,2,11.6599,190.1672,47.5418,-1.7835,-10.8888
1319.000000,3,11.6599,190.2360,47.6701,-1.7239,-10.9578
1319.000000,4,11.6599,190.3076,47.7041,-1.7616,-10.5427
1319.000000,5,11.6599,189.8770,47.6972,-1.3378,-9.0324
1319.000000,6,11.6599,189.9408,47.6368,-1.4621,-10.3617
1319.000000,7,11.6599,190.0074,47.5798,-1.5856,-11.0058
1319.000000,8,11.6599,190.0767,47.4901,-1.7447,-11.0606
1319.000000,9,11.6599,190.1488,47.6314,-1.6755,-10.2624
1319.000000,10,11.6599,189.7172,47.4993,-1.3760,-9.8080
1319.000000,11,11.6599,189.7818,47.6417,-1.2982,-10.6566
1319.000000,12,11.6599,189.8491,47.7125,-1.2947,-10.9085
1319.000000,13,11.6599,189.9191,47.6516,-1.4255,-10.6664
1319.000000,14,11.6599,189.9919,47.5075,-1.6424,-9.8881
1319.000000,15,11.6599,189.5586,47.6082,-1.1084,-10.1397
1319.000000,16,11.6599,189.6240,47.4712,-1.3108,-11.0300
1319.000000,17,11.6599,189.6922,47.5721,-1.2781,-10.9823
1319.000000,18,11.6599,189.7630,47.6303,-1.2907,-10.3258
1319.000000,19,11.6599,189.8364,47.7051,-1.2894,-8.9835
1319.000000,20,11.6599,189.4009,47.7107,-0.8482,-10.3686
1319.000000,21,11.6599,189.4673,47.6631,-0.9622,-10.8907
1319.000000,22,11.6599,189.5363,47.5720,-1.1223,-10.7672
1319.000000,23,11.6599,189.6080,47.4839,-1.2821,-9.9593
1319.000000,24,11.6599,189.6824,47.5865,-1.2539,-8.2330
1320.000000,0,11.7525,190.0000,47.6599,-1.4981,-8.3966
1320.000000,1,11.7525,190.0634,47.4869,-1.7346,-10.1026
1320.000000,2,11.7525,190.1295,47.5432,-1.7444,-10.8692
1320.000000,3,11.7525,190.1985,47.6700,-1.6866,-10.9421
1320.000000,4,11.7525,190.2703,47.7035,-1.7248,-10.5294
1320.000000,5,11.7525,189.8392,47.6974,-1.2999,-9.0110
1320.000000,6,11.7525,189.9033,47.6362,-1.4251,-10.3447
1320.000000,7,11.7525,189.9700,47.5778,-1.5503,-10.9920
1320.000000,8,11.7525,190.0396,47.4904,-1.7072,-11.0454
1320.000000,9,11.7525,190.1119,47.6318,-1.6381,-10.2476
1320.000000,10,11.7525,189.6797,47.4977,-1.3400,-9.7929
1320.000000,11,11.7525,189.7445,47.6413,-1.2613,-10.6416
1320.000000,12,11.7525,189.8121,47.7125,-1.2576,-10.8933
1320.000000,13,11.7525,189.8823,47.6513,-1.3890,-10.6515
1320.000000,14,11.7525,189.9553,47.5061,-1.6072,-9.8733
1320.000000,15,11.7525,189.5213,47.6086,-1.0707,-10.1250
1320.000000,16,11.7525,189.5870,47.4716,-1.2735,-11.0151
1320.000000,17,11.7525,189.6554,47.5700,-1.2434,-10.9691
1320.000000,18,11.7525,189.7264,47.6296,-1.2548,-10.3092
1320.000000,19,11.7525,189.8001,47.7053,-1.2529,-8.9626
1320.000000,20,11.7525,189.3637,47.7104,-0.8114,-10.3556
1320.000000,21,11.7525,189.4304,47.6629,-0.9255,-10.8757
1320.000000,22,11.7525,189.4997,47.5737,-1.0841,-10.7477
1320.000000,23,11.7525,189.5717,47.4861,-1.2436,-9.9355
1320.000000,24,11.7525,189.6463,47.5834,-1.2209,-8.2088
1321.000000,0,11.8454,189.9621,47.6583,-1.4618,-8.3711
1321.000000,1,11.8454,190.0256,47.4837,-1.6999,-10.0846
1321.000000,2,11.8454,190.0920,47.5446,-1.7054,-10.8496
1321.000000,3,11.8454,190.1611,47.6698,-1.6493,-10.9264
1321.000000,4,11.8454,190.2331,47.7029,-1.6882,-10.5161
1321.000000,5,11.8454,189.8015,47.6977,-1.2619,-8.9894
1321.000000,6,11.8454,189.8658,47.6355,-1.3883,-10.3276
1321.000000,7,11.8454,189.9328,47.5758,-1.5151,-10.9781
1321.000000,8,11.8454,190.0025,47.4909,-1.6697,-11.0301
1321.000000,9,11.8454,190.0750,47.6323,-1.6008,-10.2329
1321.000000,10,11.8454,189.6423,47.4962,-1.3041,-9.7778
1321.000000,11,11.8454,189.7073,47.6408,-1.2245,-10.6266
1321.000000,12,11.8454,189.7751,47.7125,-1.2207,-10.8781
1321.000000,13,11.8454,189.8455,47.6510,-1.3526,-10.6365
1321.000000,14,11.8454,189.9187,47.5047,-1.5720,-9.8585
1321.000000,15,11.8454,189.4840,47.6090,-1.0331,-10.1102
1321.000000,16,11.8454,189.5500,47.4719,-1.2361,-11.0001
1321.000000,17,11.8454,189.6186,47.5678,-1.2089,-10.9558
1321.000000,18,11.8454,189.6899,47.6289,-1.2190,-10.2926
1321.000000,19,11.8454,189.7639,47.7054,-1.2165,-8.9417
1321.000000,20,11.8454,189.3266,47.7100,-0.7746,-10.3426
1321.000000,21,11.8454,189.3936,47.6627,-0.8889,-10.8607
1321.000000,22,11.8454,189.4632,47.5753,-1.0459,-10.7281
1321.000000,23,11.8454,189.5354,47.4884,-1.2051,-9.9117
1321.000000,24,11.8454,189.6103,47.5803,-1.1880,-8.1845
1322.000000,0,11.9386,189.9242,47.6567,-1.4255,-8.3456
1322.000000,1,11.9386,189.9879,47.4805,-1.6654,-10.0667
1322.000000,2,11.9386,190.0545,47.5460,-1.6665,-10.8298
1322.000000,3,11.9386,190.1238,47.6696,-1.6122,-10.9106
1322.000000,4,11.9386,190.1959,47.7022,-1.6517,-10.5028
1322.000000,5,11.9386,189.7639,47.6979,-1.2240,-8.9679
1322.000000,6,11.9386,189.8284,47.6349,-1.3515,-10.3105
1322.000000,7,11.9386,189.8956,47.5737,-1.4800,-10.9643
1322.000000,8,11.9386,189.9656,47.4913,-1.6323,-11.0147
1322.000000,9,11.9386,190.0383,47.6327,-1.5636,-10.2180
1322.000000,10,11.9386,189.6048,47.4945,-1.2683,-9.7627
1322.000000,11,11.9386,189.6702,47.6404,-1.1878,-10.6115
1322.000000,12,11.9386,189.7382,47.7125,-1.1837,-10.8628
1322.000000,13,11.9386,189.8089,47.6506,-1.3163,-10.6215
1322.000000,14,11.9386,189.8823,47.5034,-1.5370,-9.8437
1322.000000,15,11.9386,189.4468,47.6094,-0.9954,-10.0955
1322.000000,16,11.9386,189.5130,47.4723,-1.1988,-10.9850
1322.000000,17,11.9386,189.5819,47.5656,-1.1744,-10.9424
1322.000000,18,11.9386,189.6535,47.6282,-1.1833,-10.2759
1322.000000,19,11.9386,189.7277,47.7056,-1.1802,-8.9208
1322.000000,20,11.9386,189.2895,47.7097,-0.7379,-10.3295
1322.000000,21,11.9386,189.3568,47.6625,-0.8523,-10.8456
1322.000000,22,11.9386,189.4267,47.5770,-1.0077,-10.7084
1322.000000,23,11.9386,189.4992,47.4906,-1.1666,-9.8877
1322.000000,24,11.9386,189.5744,47.5771,-1.1553,-8.1602
1323.000000,0,12.0322,189.8863,47.6550,-1.3894,-8.3201
1323.000000,1,12.0322,189.9503,47.4773,-1.6311,-10.0488
1323.000000,2,12.0322,190.0170,47.5475,-1.6276,-10.8099
1323.000000,3,12.0322,190.0866,47.6694,-1.5752,-10.8948
1323.000000,4,12.0322,190.1589,47.7015,-1.6154,-10.4895
1323.000000,5,12.0322,189.7263,47.6981,-1.1862,-8.9463
1323.000000,6,12.0322,189.7910,47.6343,-1.3148,-10.2933
1323.000000,7,12.0322,189.8585,47.5716,-1.4450,-10.9504
1323.000000,8,12.0322,189.9287,47.4917,-1.5950,-10.9992
1323.000000,9,12.0322,190.0016,47.6332,-1.5264,-10.2032
1323.000000,10,12.0322,189.5675,47.4929,-1.2326,-9.7477
1323.000000,11,12.0322,189.6331,47.6400,-1.1511,-10.5963
1323.000000,12,12.0322,189.7013,47.7125,-1.1469,-10.8475
1323.000000,13,12.0322,189.7723,47.6503,-1.2800,-10.6064
1323.000000,14,12.0322,189.8459,47.5020,-1.5020,-9.8289
1323.000000,15,12.0322,189.4096,47.6098,-0.9578,-10.0807
1323.000000,16,12.0322,189.4761,47.4727,-1.1615,-10.9699
1323.000000,17,12.0322,189.5453,47.5633,-1.1400,-10.9291
1323.000000,18,12.0322,189.6171,47.6275,-1.1476,-10.2592
1323.000000,19,12.0322,189.6916,47.7057,-1.1439,-8.8999
1323.000000,20,12.0322,189.2525,47.7093,-0.7012,-10.3165
1323.000000,21,12.0322,189.3200,47.6622,-0.8159,-10.8304
1323.000000,22,12.0322,189.3902,47.5787,-0.9695,-10.6886
1323.000000,23,12.0322,189.4630,47.4929,-1.1282,-9.8636
1323.000000,24,12.0322,189.5385,47.5738,-1.1227,-8.1360
1324.000000,0,12.1261,189.8486,47.6532,-1.3534,-8.2946
1324.000000,1,12.1261,189.9128,47.4740,-1.5968,-10.0309
1324.000000,2,12.1261,189.9797,47.5489,-1.5888,-10.7900
1324.000000,3,12.1261,190.0494,47.6692,-1.5383,-10.8790
1324.000000,4,12.1261,190.1219,47.7008,-1.5792,-10.4762
1324.000000,5,12.1261,189.6888,47.6984,-1.1485,-8.9247
1324.000000,6,12.1261,189.7538,47.6336,-1.2782,-10.2761
1324.000000,7,12.1261,189.8215,47.5694,-1.4101,-10.9365
1324.000000,8,12.1261,189.8918,47.4921,-1.5577,-10.9837
1324.000000,9,12.1261,189.9650,47.6337,-1.4893,-10.1883
1324.000000,10,12.1261,189.5302,47.4913,-1.1969,-9.7326
1324.000000,11,12.1261,189.5960,47.6396,-1.1145,-10.5811
1324.000000,12,12.1261,189.6645,47.7125,-1.1101,-10.8321
1324.000000,13,12.1261,189.7357,47.6500,-1.2438,-10.5913
1324.000000,14,12.1261,189.8096,47.5006,-1.4671,-9.8141
1324.000000,15,12.1261,189.3725,47.6103,-0.9202,-10.0658
1324.000000,16,12.1261,189.4393,47.4731,-1.1242,-10.9546
1324.000000,17,12.1261,189.5087,47.5610,-1.1058,-10.9157
1324.000000,18,12.1261,189.5808,47.6268,-1.1120,-10.2425
1324.000000,19,12.1261,189.6556,47.7059,-1.1077,-8.8789
1324.000000,20,12.1261,189.2155,47.7088,-0.6647,-10.3034
1324.000000,21,12.1261,189.2833,47.6618,-0.7795,-10.8153
1324.000000,22,12.1261,189.3538,47.5805,-0.9314,-10.6687
1324.000000,23,12.1261,189.4269,47.4952,-1.0898,-9.8394
1324.000000,24,12.1261,189.5027,47.5704,-1.0903,-8.1117
1325.000000,0,12.2203,189.8109,47.6514,-1.3175,-8.2690
1325.000000,1,12.2203,189.8753,47.4706,-1.5627,-10.0129
1325.000000,2,12.2203,189.9425,47.5504,-1.5501,-10.7699
1325.000000,3,12.2203,190.0124,47.6689,-1.5015,-10.8631
1325.000000,4,12.2203,190.0850,47.7000,-1.5431,-10.4629
1325.000000,5,12.2203,189.6514,47.6986,-1.1108,-8.9030
1325.000000,6,12.2203,189.7166,47.6330,-1.2416,-10.2588
1325.000000,7,12.2203,189.7845,47.5672,-1.3753,-10.9226
1325.000000,8,12.2203,189.8551,47.4926,-1.5205,-10.9681
1325.000000,9,12.2203,189.9284,47.6342,-1.4523,-10.1734
1325.000000,10,12.2203,189.4929,47.4896,-1.1613,-9.7175
1325.000000,11,12.2203,189.5590,47.6391,-1.0779,-10.5659
1325.000000,12,12.2203,189.6278,47.7125,-1.0734,-10.8167
1325.000000,13,12.2203,189.6993,47.6496,-1.2077,-10.5762
1325.000000,14,12.2203,189.7734,47.4992,-1.4322,-9.7994
1325.000000,15,12.2203,189.3354,47.6107,-0.8827,-10.0509
1325.000000,16,12.2203,189.4025,47.4735,-1.0870,-10.9393
1325.000000,17,12.2203,189.4722,47.5586,-1.0716,-10.9023
1325.000000,18,12.2203,189.5446,47.6261,-1.0765,-10.2257
1325.000000,19,12.2203,189.6196,47.7060,-1.0716,-8.8579
1325.000000,20,12.2203,189.1785,47.7084,-0.6281,-10.2903
1325.000000,21,12.2203,189.2467,47.6615,-0.7433,-10.8000
1325.000000,22,12.2203,189.3175,47.5822,-0.8933,-10.6487
1325.000000,23,12.2203,189.3909,47.4975,-1.0514,-9.8151
1325.000000,24,12.2203,189.4669,47.5670,-1.0580,-8.0874
1326.000000,0,12.3149,189.7732,47.6495,-1.2817,-8.2434
1326.000000,1,12.3149,189.8379,47.4672,-1.5287,-9.9950
1326.000000,2,12.3149,189.9053,47.5519,-1.5114,-10.7496
1326.000000,3,12.3149,189.9754,47.6686,-1.4648,-10.8472
1326.000000,4,12.3149,190.0483,47.6992,-1.5071,-10.4496
1326.000000,5,12.3149,189.6140,47.6989,-1.0731,-8.8813
1326.000000,6,12.3149,189.6794,47.6323,-1.2051,-10.2415
1326.000000,7,12.3149,189.7476,47.5650,-1.3406,-10.9086
1326.000000,8,12.3149,189.8184,47.4931,-1.4834,-10.9524
1326.000000,9,12.3149,189.8920,47.6347,-1.4153,-10.1585
1326.000000,10,12.3149,189.4557,47.4880,-1.1258,-9.7024
1326.000000,11,12.3149,189.5221,47.6387,-1.0414,-10.5506
1326.000000,12,12.3149,189.5911,47.7125,-1.0367,-10.8012
1326.000000,13,12.3149,189.6628,47.6493,-1.1716,-10.5610
1326.000000,14,12.3149,189.7372,47.4978,-1.3975,-9.7846
1326.000000,15,12.3149,189.2983,47.6112,-0.8452,-10.0360
1326.000000,16,12.3149,189.3657,47.4739,-1.0498,-10.9239
1326.000000,17,12.3149,189.4357,47.5563,-1.0375,-10.8889
1326.000000,18,12.3149,189.5084,47.6254,-1.0411,-10.2089
1326.000000,19,12.3149,189.5837,47.7062,-1.0355,-8.8369
1326.000000,20,12.3149,189.1416,47.7079,-0.5917,-10.2772
1326.000000,21,12.3149,189.2101,47.6610,-0.7071,-10.7848
1326.000000,22,12.3149,189.2812,47.5840,-0.8552,-10.6285
1326.000000,23,12.3149,189.3549,47.4999,-1.0131,-9.7906
1326.000000,24,12.3149,189.4312,47.5634,-1.0258,-8.0630
1327.000000,0,12.4098,189.7357,47.6476,-1.2461,-8.2178
1327.000000,1,12.4098,189.8006,47.4637,-1.4949,-9.9770
1327.000000,2,12.4098,189.8682,47.5535,-1.4727,-10.7293
1327.000000,3,12.4098,189.9385,47.6682,-1.4283,-10.8312
1327.000000,4,12.4098,190.0116,47.6984,-1.4713,-10.4363
1327.000000,5,12.4098,189.5766,47.6991,-1.0355,-8.8596
1327.000000,6,12.4098,189.6423,47.6317,-1.1687,-10.2241
1327.000000,7,12.4098,189.7107,47.5627,-1.3061,-10.8946
1327.000000,8,12.4098,189.7818,47.4935,-1.4463,-10.9366
1327.000000,9,12.4098,189.8556,47.6352,-1.3785,-10.1436
1327.000000,10,12.4098,189.4185,47.4863,-1.0903,-9.6873
1327.000000,11,12.4098,189.4852,47.6382,-1.0050,-10.5353
1327.000000,12,12.4098,189.5545,47.7125,-1.0001,-10.7856
1327.000000,13,12.4098,189.6265,47.6489,-1.1356,-10.5458
1327.000000,14,12.4098,189.7011,47.4963,-1.3628,-9.7698
1327.000000,15,12.4098,189.2613,47.6116,-0.8077,-10.0210
1327.000000,16,12.4098,189.3290,47.4743,-1.0127,-10.9085
1327.000000,17,12.4098,189.3993,47.5538,-1.0035,-10.8754
1327.000000,18,12.4098,189.4723,47.6247,-1.0057,-10.1920
1327.000000,19,12.4098,189.5478,47.7063,-0.9995,-8.8159
1327.000000,20,12.4098,189.1047,47.7073,-0.5553,-10.2640
1327.000000,21,12.4098,189.1735,47.6606,-0.6710,-10.7695
1327.000000,22,12.4098,189.2449,47.5858,-0.8172,-10.6083
1327.000000,23,12.4098,189.3190,47.5022,-0.9747,-9.7661
1327.000000,24,12.4098,189.3956,47.5598,-0.9938,-8.0387
1328.000000,0,12.5050,189.6981,47.6457,-1.2105,-8.1921
1328.000000,1,12.5050,189.7633,47.4601,-1.4612,-9.9591
1328.000000,2,12.5050,189.8311,47.5550,-1.4341,-10.7089
1328.000000,3,12.5050,189.9017,47.6678,-1.3919,-10.8152
1328.000000,4,12.5050,189.9750,47.6975,-1.4355,-10.4230
1328.000000,5,12.5050,189.5393,47.6994,-0.9980,-8.8378
1328.000000,6,12.5050,189.6053,47.6310,-1.1323,-10.2067
1328.000000,7,12.5050,189.6740,47.5604,-1.2716,-10.8806
1328.000000,8,12.5050,189.7453,47.4940,-1.4093,-10.9208
1328.000000,9,12.5050,189.8193,47.6357,-1.3416,-10.1286
1328.000000,10,12.5050,189.3814,47.4846,-1.0549,-9.6723
1328.000000,11,12.5050,189.4484,47.6378,-0.9686,-10.5199
1328.000000,12,12.5050,189.5180,47.7125,-0.9636,-10.7699
1328.000000,13,12.5050,189.5902,47.6486,-1.0997,-10.5305
1328.000000,14,12.5050,189.6651,47.4949,-1.3282,-9.7551
1328.000000,15,12.5050,189.2243,47.6121,-0.7702,-10.0060
1328.000000,16,12.5050,189.2923,47.4748,-0.9756,-10.8929
1328.000000,17,12.5050,189.3630,47.5514,-0.9696,-10.8620
1328.000000,18,12.5050,189.4362,47.6239,-0.9703,-10.1751
1328.000000,19,12.5050,189.5120,47.7065,-0.9636,-8.7948
1328.000000,20,12.5050,189.0678,47.7068,-0.5190,-10.2509
1328.000000,21,12.5050,189.1369,47.6601,-0.6349,-10.7541
1328.000000,22,12.5050,189.2087,47.5876,-0.7792,-10.5879
1328.000000,23,12.5050,189.2831,47.5046,-0.9365,-9.7414
1328.000000,24,12.5050,189.3600,47.5561,-0.9619,-8.0144
1329.000000,0,12.6005,189.6607,47.6436,-1.1751,-8.1664
1329.000000,1,12.6005,189.7261,47.4565,-1.4276,-9.9411
1329.000000,2,12.6005,189.7942,47.5566,-1.3956,-10.6883
1329.000000,3,12.6005,189.8649,47.6674,-1.3556,-10.7991
1329.000000,4,12.6005,189.9384,47.6965,-1.3999,-10.4096
1329.000000,5,12.6005,189.5021,47.6996,-0.9605,-8.8160
1329.000000,6,12.6005,189.5683,47.6303,-1.0960,-10.1893
1329.000000,7,12.6005,189.6372,47.5580,-1.2372,-10.8666
1329.000000,8,12.6005,189.7088,47.4946,-1.3723,-10.9049
1329.000000,9,12.6005,189.7831,47.6363,-1.3049,-10.1136
1329.000000,10,12.6005,189.3444,47.4829,-1.0195,-9.6572
1329.000000,11,12.6005,189.4116,47.6373,-0.9323,-10.5045
1329.000000,12,12.6005,189.4815,47.7125,-0.9271,-10.7542
1329.000000,13,12.6005,189.5540,47.6482,-1.0638,-10.5152
1329.000000,14,12.6005,189.6291,47.4934,-1.2937,-9.7403
1329.000000,15,12.6005,189.1874,47.6126,-0.7328,-9.9909
1329.000000,16,12.6005,189.2557,47.4753,-0.9385,-10.8773
1329.000000,17,12.6005,189.3266,47.5488,-0.9358,-10.8485
1329.000000,18,12.6005,189.4002,47.6231,-0.9351,-10.1582
1329.000000,19,12.6005,189.4763,47.7066,-0.9277,-8.7737
1329.000000,20,12.6005,189.0309,47.7062,-0.4828,-10.2377
1329.000000,21,12.6005,189.1004,47.6595,-0.5990,-10.7387
1329.000000,22,12.6005,189.1725,47.5894,-0.7412,-10.5674
1329.000000,23,12.6005,189.2472,47.5071,-0.8982,-9.7167
1329.000000,24,12.6005,189.3244,47.5523,-0.9301,-7.9900
1330.000000,0,12.6965,189.6233,47.6416,-1.1398,-8.1407
1330.000000,1,12.6965,189.6889,47.4528,-1.3942,-9.9231
1330.000000,2,12.6965,189.7572,47.5582,-1.3571,-10.6676
1330.000000,3,12.6965,189.8283,47.6669,-1.3194,-10.7830
1330.000000,4,12.6965,189.9020,47.6956,-1.3645,-10.3963
1330.000000,5,12.6965,189.4649,47.6999,-0.9230,-8.7942
1330.000000,6,12.6965,189.5314,47.6296,-1.0598,-10.1718
1330.000000,7,12.6965,189.6006,47.5557,-1.2030,-10.8525
1330.000000,8,12.6965,189.6724,47.4951,-1.3354,-10.8889
1330.000000,9,12.6965,189.7470,47.6368,-1.2682,-10.0985
1330.000000,10,12.6965,189.3073,47.4811,-0.9842,-9.6421
1330.000000,11,12.6965,189.3749,47.6369,-0.8960,-10.4890
1330.000000,12,12.6965,189.4450,47.7125,-0.8906,-10.7384
1330.000000,13,12.6965,189.5178,47.6478,-1.0280,-10.4999
1330.000000,14,12.6965,189.5932,47.4920,-1.2593,-9.7256
1330.000000,15,12.6965,189.1505,47.6131,-0.6954,-9.9758
1330.000000,16,12.6965,189.2191,47.4758,-0.9014,-10.8615
1330.000000,17,12.6965,189.2904,47.5463,-0.9021,-10.8349
1330.000000,18,12.6965,189.3642,47.6224,-0.8999,-10.1412
1330.000000,19,12.6965,189.4406,47.7067,-0.8919,-8.7526
1330.000000,20,12.6965,188.9941,47.7055,-0.4467,-10.2244
1330.000000,21,12.6965,189.0640,47.6589,-0.5631,-10.7232
1330.000000,22,12.6965,189.1364,47.5912,-0.7032,-10.5468
1330.000000,23,12.6965,189.2114,47.5095,-0.8599,-9.6918
1330.000000,24,12.6965,189.2889,47.5484,-0.8985,-7.9657
1331.000000,0,12.7927,189.5859,47.6394,-1.1046,-8.1149
1331.000000,1,12.7927,189.6518,47.4491,-1.3608,-9.9051
1331.000000,2,12.7927,189.7204,47.5599,-1.3186,-10.6468
1331.000000,3,12.7927,189.7917,47.6664,-1.2833,-10.7668
1331.000000,4,12.7927,189.8656,47.6946,-1.3291,-10.3829
1331.000000,5,12.7927,189.4277,47.7001,-0.8856,-8.7723
1331.000000,6,12.7927,189.4945,47.6289,-1.0236,-10.1542
1331.000000,7,12.7927,189.5640,47.5532,-1.1688,-10.8384
1331.000000,8,12.7927,189.6361,47.4956,-1.2985,-10.8729
1331.000000,9,12.7927,189.7109,47.6374,-1.2316,-10.0834
1331.000000,10,12.7927,189.2703,47.4794,-0.9490,-9.6270
1331.000000,11,12.7927,189.3382,47.6364,-0.8598,-10.4734
1331.000000,12,12.7927,189.4086,47.7125,-0.8542,-10.7226
1331.000000,13,12.7927,189.4817,47.6475,-0.9923,-10.4845
1331.000000,14,12.7927,189.5574,47.4905,-1.2249,-9.7108
1331.000000,15,12.7927,189.1136,47.6136,-0.6580,-9.9606
1331.000000,16,12.7927,189.1826,47.4763,-0.8643,-10.8457
1331.000000,17,12.7927,189.2541,47.5437,-0.8685,-10.8214
1331.000000,18,12.7927,189.3283,47.6216,-0.8647,-10.1242
1331.000000,19,12.7927,189.4050,47.7068,-0.8562,-8.7314
1331.000000,20,12.7927,188.9574,47.7048,-0.4106,-10.2112
1331.000000,21,12.7927,189.0275,47.6582,-0.5274,-10.7078
1331.000000,22,12.7927,189.1003,47.5931,-0.6652,-10.5261
1331.000000,23,12.7927,189.1756,47.5119,-0.8217,-9.6668
1331.000000,24,12.7927,189.2535,47.5445,-0.8671,-7.9413
1332.000000,0,12.8893,189.5487,47.6372,-1.0695,-8.0891
1332.000000,1,12.8893,189.6148,47.4452,-1.3276,-9.8872
1332.000000,2,12.8893,189.6836,47.5615,-1.2802,-10.6259
1332.000000,3,12.8893,189.7551,47.6658,-1.2474,-10.7506
1332.000000,4,12.8893,189.8293,47.6935,-1.2939,-10.3695
1332.000000,5,12.8893,189.3906,47.7004,-0.8483,-8.7503
1332.000000,6,12.8893,189.4577,47.6282,-0.9875,-10.1366
1332.000000,7,12.8893,189.5274,47.5507,-1.1347,-10.8242
1332.000000,8,12.8893,189.5998,47.4962,-1.2617,-10.8567
1332.000000,9,12.8893,189.6749,47.6379,-1.1950,-10.0683
1332.000000,10,12.8893,189.2334,47.4776,-0.9138,-9.6120
1332.000000,11,12.8893,189.3015,47.6360,-0.8236,-10.4579
1332.000000,12,12.8893,189.3723,47.7125,-0.8178,-10.7066
1332.000000,13,12.8893,189.4456,47.6471,-0.9566,-10.4690
1332.000000,14,12.8893,189.5216,47.4890,-1.1906,-9.6961
1332.000000,15,12.8893,189.0768,47.6142,-0.6206,-9.9454
1332.000000,16,12.8893,189.1460,47.4768,-0.8273,-10.8298
1332.000000,17,12.8893,189.2179,47.5410,-0.8349,-10.8078
1332.000000,18,12.8893,189.2924,47.6208,-0.8296,-10.1072
1332.000000,19,12.8893,189.3694,47.7070,-0.8205,-8.7102
1332.000000,20,12.8893,188.9206,47.7041,-0.3746,-10.1979
1332.000000,21,12.8893,188.9911,47.6575,-0.4917,-10.6922
1332.000000,22,12.8893,189.0643,47.5950,-0.6273,-10.5052
1332.000000,23,12.8893,189.1399,47.5144,-0.7835,-9.6416
1332.000000,24,12.8893,189.2181,47.5404,-0.8357,-7.9169
1333.000000,0,12.9862,189.5114,47.6350,-1.0345,-8.0632
1333.000000,1,12.9862,189.5778,47.4413,-1.2945,-9.8692
1333.000000,2,12.9862,189.6469,47.5632,-1.2418,-10.6049
1333.000000,3,12.9862,189.7187,47.6652,-1.2115,-10.7344
1333.000000,4,12.9862,189.7931,47.6924,-1.2587,-10.3562
1333.000000,5,12.9862,189.3535,47.7006,-0.8109,-8.7283
1333.000000,6,12.9862,189.4209,47.6275,-0.9515,-10.1190
1333.000000,7,12.9862,189.4910,47.5482,-1.1008,-10.8101
1333.000000,8,12.9862,189.5636,47.4967,-1.2249,-10.8405
1333.000000,9,12.9862,189.6389,47.6385,-1.1585,-10.0532
1333.000000,10,12.9862,189.1964,47.4758,-0.8786,-9.5969
1333.000000,11,12.9862,189.2649,47.6355,-0.7874,-10.4422
1333.000000,12,12.9862,189.3360,47.7125,-0.7815,-10.6906
1333.000000,13,12.9862,189.4096,47.6467,-0.9209,-10.4536
1333.000000,14,12.9862,189.4859,47.4876,-1.1564,-9.6813
1333.000000,15,12.9862,189.0399,47.6147,-0.5833,-9.9302
1333.000000,16,12.9862,189.1096,47.4773,-0.7903,-10.8138
1333.000000,17,12.9862,189.1818,47.5383,-0.8015,-10.7942
1333.000000,18,12.9862,189.2566,47.6200,-0.7946,-10.0901
1333.000000,19,12.9862,189.3339,47.7071,-0.7849,-8.6890
1333.000000,20,12.9862,188.8839,47.7033,-0.3386,-10.1846
1333.000000,21,12.9862,188.9548,47.6567,-0.4561,-10.6766
1333.000000,22,12.9862,189.0282,47.5969,-0.5894,-10.4842
1333.000000,23,12.9862,189.1042,47.5169,-0.7454,-9.6164
1333.000000,24,12.9862,189.1828,47.5362,-0.8046,-7.8925
1334.000000,0,13.0835,189.4742,47.6326,-0.9996,-8.0374
1334.000000,1,13.0835,189.5409,47.4373,-1.2616,-9.8512
1334.000000,2,13.0835,189.6103,47.5649,-1.2034,-10.5837
1334.000000,3,13.0835,189.6823,47.6645,-1.1758,-10.7181
1334.000000,4,13.0835,189.7570,47.6913,-1.2237,-10.3428
1334.000000,5,13.0835,189.3165,47.7009,-0.7737,-8.7063
1334.000000,6,13.0835,189.3842,47.6268,-0.9155,-10.1013
1334.000000,7,13.0835,189.4545,47.5457,-1.0669,-10.7959
1334.000000,8,13.0835,189.5275,47.4973,-1.1882,-10.8242
1334.000000,9,13.0835,189.6030,47.6391,-1.1220,-10.0380
1334.000000,10,13.0835,189.1595,47.4741,-0.8435,-9.5818
1334.000000,11,13.0835,189.2283,47.6350,-0.7514,-10.4265
1334.000000,12,13.0835,189.2997,47.7125,-0.7453,-10.6746
1334.000000,13,13.0835,189.3737,47.6464,-0.8854,-10.4380
1334.000000,14,13.0835,189.4502,47.4861,-1.1222,-9.6666
1334.000000,15,13.0835,189.0032,47.6153,-0.5459,-9.9149
1334.000000,16,13.0835,189.0731,47.4779,-0.7533,-10.7977
1334.000000,17,13.0835,189.1457,47.5356,-0.7681,-10.7806
1334.000000,18,13.0835,189.2208,47.6192,-0.7596,-10.0729
1334.000000,19,13.0835,189.2984,47.7072,-0.7493,-8.6677
1334.000000,20,13.0835,188.8472,47.7025,-0.3028,-10.1713
1334.000000,21,13.0835,188.9184,47.6559,-0.4206,-10.6610
1334.000000,22,13.0835,188.9922,47.5988,-0.5515,-10.4631
1334.000000,23,13.0835,189.0686,47.5194,-0.7072,-9.5910
1334.000000,24,13.0835,189.1475,47.5320,-0.7735,-7.8681
1335.000000,0,13.1811,189.4371,47.6302,-0.9649,-8.0114
1335.000000,1,13.1811,189.5040,47.4333,-1.2288,-9.8332
1335.000000,2,13.1811,189.5737,47.5666,-1.1651,-10.5624
1335.000000,3,13.1811,189.6459,47.6638,-1.1402,-10.7018
1335.000000,4,13.1811,189.7209,47.6901,-1.1889,-10.3294
1335.000000,5,13.1811,189.2795,47.7011,-0.7364,-8.6842
1335.000000,6,13.1811,189.3475,47.6260,-0.8795,-10.0836
1335.000000,7,13.1811,189.4181,47.5431,-1.0331,-10.7817
1335.000000,8,13.1811,189.4913,47.4979,-1.1515,-10.8078
1335.000000,9,13.1811,189.5672,47.6397,-1.0856,-10.0227
1335.000000,10,13.1811,189.1227,47.4722,-0.8085,-9.5667
1335.000000,11,13.1811,189.1918,47.6345,-0.7153,-10.4108
1335.000000,12,13.1811,189.2635,47.7125,-0.7091,-10.6584
1335.000000,13,13.1811,189.3378,47.6460,-0.8498,-10.4225
1335.000000,14,13.1811,189.4146,47.4845,-1.0881,-9.6519
1335.000000,15,13.1811,188.9664,47.6158,-0.5086,-9.8995
1335.000000,16,13.1811,189.0367,47.4784,-0.7163,-10.7816
1335.000000,17,13.1811,189.1096,47.5328,-0.7348,-10.7670
1335.000000,18,13.1811,189.1850,47.6184,-0.7247,-10.0558
1335.000000,19,13.1811,189.2630,47.7073,-0.7138,-8.6464
1335.000000,20,13.1811,188.8105,47.7016,-0.2670,-10.1580
1335.000000,21,13.1811,188.8821,47.6550,-0.3852,-10.6454
1335.000000,22,13.1811,188.9563,47.6008,-0.5136,-10.4419
1335.000000,23,13.1811,189.0330,47.5220,-0.6691,-9.5655
1335.000000,24,13.1811,189.1122,47.5276,-0.7427,-7.8437
1336.000000,0,13.2791,189.4000,47.6278,-0.9302,-7.9855
1336.000000,1,13.2791,189.4672,47.4292,-1.1961,-9.8152
1336.000000,2,13.2791,189.5371,47.5684,-1.1268,-10.5410
1336.000000,3,13.2791,189.6097,47.6630,-1.1047,-10.6855
1336.000000,4,13.2791,189.6849,47.6888,-1.1541,-10.3160
1336.000000,5,13.2791,189.2426,47.7014,-0.6992,-8.6621
1336.000000,6,13.2791,189.3109,47.6253,-0.8437,-10.0658
1336.000000,7,13.2791,189.3818,47.5404,-0.9994,-10.7674
1336.000000,8,13.2791,189.4553,47.4985,-1.1148,-10.7913
1336.000000,9,13.2791,189.5314,47.6403,-1.0492,-10.0075
1336.000000,10,13.2791,189.0859,47.4704,-0.7735,-9.5516
1336.000000,11,13.2791,189.1553,47.6340,-0.6793,-10.3950
1336.000000,12,13.2791,189.2273,47.7125,-0.6729,-10.6422
1336.000000,13,13.2791,189.3019,47.6456,-0.8144,-10.4068
1336.000000,14,13.2791,189.3791,47.4830,-1.0541,-9.6371
1336.000000,15,13.2791,188.9297,47.6164,-0.4713,-9.8841
1336.000000,16,13.2791,189.0003,47.4790,-0.6794,-10.7653
1336.000000,17,13.2791,189.0736,47.5300,-0.7016,-10.7533
1336.000000,18,13.2791,189.1494,47.6176,-0.6898,-10.0385
1336.000000,19,13.2791,189.2277,47.7074,-0.6783,-8.6251
1336.000000,20,13.2791,188.7739,47.7006,-0.2313,-10.1446
1336.000000,21,13.2791,188.8458,47.6540,-0.3499,-10.6297
1336.000000,22,13.2791,188.9204,47.6027,-0.4757,-10.4206
1336.000000,23,13.2791,188.9975,47.5245,-0.6310,-9.5399
1336.000000,24,13.2791,189.0770,47.5231,-0.7119,-7.8193
1337.000000,0,13.3774,189.3629,47.6253,-0.8957,-7.9595
1337.000000,1,13.3774,189.4305,47.4250,-1.1635,-9.7972
1337.000000,2,13.3774,189.5006,47.5701,-1.0885,-10.5195
1337.000000,3,13.3774,189.5735,47.6622,-1.0693,-10.6691
1337.000000,4,13.3774,189.6489,47.6875,-1.1194,-10.3025
1337.000000,5,13.3774,189.2057,47.7017,-0.6621,-8.6399
1337.000000,6,13.3774,189.2743,47.6245,-0.8078,-10.0479
1337.000000,7,13.3774,189.3455,47.5377,-0.9658,-10.7531
1337.000000,8,13.3774,189.4193,47.4992,-1.0782,-10.7747
1337.000000,9,13.3774,189.4957,47.6409,-1.0129,-9.9921
1337.000000,10,13.3774,189.0491,47.4686,-0.7385,-9.5365
1337.000000,11,13.3774,189.1189,47.6335,-0.6433,-10.3791
1337.000000,12,13.3774,189.1912,47.7125,-0.6368,-10.6259
1337.000000,13,13.3774,189.2661,47.6452,-0.7790,-10.3911
1337.000000,14,13.3774,189.3436,47.4815,-1.0201,-9.6224
1337.000000,15,13.3774,188.8930,47.6170,-0.4340,-9.8686
1337.000000,16,13.3774,188.9640,47.4796,-0.6425,-10.7489
1337.000000,17,13.3774,189.0376,47.5271,-0.6685,-10.7396
1337.000000,18,13.3774,189.1137,47.6167,-0.6550,-10.0213
1337.000000,19,13.3774,189.1924,47.7075,-0.6429,-8.6038
1337.000000,20,13.3774,188.7372,47.6997,-0.1956,-10.1312
1337.000000,21,13.3774,188.8096,47.6530,-0.3147,-10.6140
1337.000000,22,13.3774,188.8845,47.6047,-0.4379,-10.3991
1337.000000,23,13.3774,188.9619,47.5271,-0.5929,-9.5142
1337.000000,24,13.3774,189.0419,47.5186,-0.6813,-7.7949
1338.000000,0,13.4761,189.3259,47.6227,-0.8613,-7.9335
1338.000000,1,13.4761,189.3937,47.4207,-1.1311,-9.7792
1338.000000,2,13.4761,189.4642,47.5719,-1.0503,-10.4978
1338.000000,3,13.4761,189.5373,47.6613,-1.0340,-10.6526
1338.000000,4,13.4761,189.6130,47.6861,-1.0849,-10.2891
1338.000000,5,13.4761,189.1688,47.7019,-0.6249,-8.6177
1338.000000,6,13.4761,189.2377,47.6237,-0.7720,-10.0301
1338.000000,7,13.4761,189.3092,47.5350,-0.9323,-10.7388
1338.000000,8,13.4761,189.3834,47.4998,-1.0416,-10.7580
1338.000000,9,13.4761,189.4601,47.6415,-0.9766,-9.9768
1338.000000,10,13.4761,189.0123,47.4667,-0.7037,-9.5214
1338.000000,11,13.4761,189.0824,47.6330,-0.6074,-10.3632
1338.000000,12,13.4761,189.1551,47.7125,-0.6007,-10.6095
1338.000000,13,13.4761,189.2304,47.6448,-0.7436,-10.3754
1338.000000,14,13.4761,189.3081,47.4800,-0.9862,-9.6077
1338.000000,15,13.4761,188.8563,47.6176,-0.3967,-9.8531
1338.000000,16,13.4761,188.9277,47.4802,-0.6055,-10.7325
1338.000000,17,13.4761,189.0016,47.5241,-0.6355,-10.7259
1338.000000,18,13.4761,189.0781,47.6159,-0.6203,-10.0040
1338.000000,19,13.4761,189.1571,47.7076,-0.6075,-8.5824
1338.000000,20,13.4761,188.7006,47.6986,-0.1601,-10.1178
1338.000000,21,13.4761,188.7734,47.6519,-0.2795,-10.5982
1338.000000,22,13.4761,188.8487,47.6067,-0.4000,-10.3775
1338.000000,23,13.4761,188.9265,47.5297,-0.5548,-9.4884
1338.000000,24,13.4761,189.0068,47.5139,-0.6509,-7.7705
1339.000000,0,13.5751,189.2889,47.6200,-0.8270,-7.9074
1339.000000,1,13.5751,189.3571,47.4163,-1.0988,-9.7612
1339.000000,2,13.5751,189.4278,47.5737,-1.0121,-10.4760
1339.000000,3,13.5751,189.5012,47.6604,-0.9989,-10.6362
1339.000000,4,13.5751,189.5772,47.6847,-1.0505,-10.2757
1339.000000,5,13.5751,189.1320,47.7022,-0.5878,-8.5954
1339.000000,6,13.5751,189.2012,47.6229,-0.7363,-10.0121
1339.000000,7,13.5751,189.2731,47.5322,-0.8989,-10.7245
1339.000000,8,13.5751,189.3475,47.5005,-1.0051,-10.7413
1339.000000,9,13.5751,189.4245,47.6421,-0.9404,-9.9614
1339.000000,10,13.5751,188.9756,47.4648,-0.6688,-9.5063
1339.000000,11,13.5751,189.0460,47.6325,-0.5715,-10.3473
1339.000000,12,13.5751,189.1191,47.7125,-0.5646,-10.5931
1339.000000,13,13.5751,189.1946,47.6444,-0.7083,-10.3596
1339.000000,14,13.5751,189.2727,47.4784,-0.9524,-9.5929
1339.000000,15,13.5751,188.8197,47.6182,-0.3595,-9.8375
1339.000000,16,13.5751,188.8914,47.4808,-0.5686,-10.7159
1339.000000,17,13.5751,188.9657,47.5211,-0.6026,-10.7122
1339.000000,18,13.5751,189.0425,47.6150,-0.5856,-9.9866
1339.000000,19,13.5751,189.1219,47.7077,-0.5722,-8.5610
1339.000000,20,13.5751,188.6640,47.6975,-0.1246,-10.1043
1339.000000,21,13.5751,188.7372,47.6507,-0.2445,-10.5824
1339.000000,22,13.5751,188.8128,47.6087,-0.3622,-10.3558
1339.000000,23,13.5751,188.8910,47.5323,-0.5168,-9.4624
1339.000000,24,13.5751,188.9717,47.5091,-0.6206,-7.7460
1340.000000,0,13.6745,189.2520,47.6172,-0.7928,-7.8813
1340.000000,1,13.6745,189.3204,47.4119,-1.0666,-9.7432
1340.000000,2,13.6745,189.3915,47.5756,-0.9740,-10.4541
1340.000000,3,13.6745,189.4652,47.6594,-0.9638,-10.6197
1340.000000,4,13.6745,189.5414,47.6833,-1.0162,-10.2622
1340.000000,5,13.6745,189.0952,47.7024,-0.5508,-8.5731
1340.000000,6,13.6745,189.1647,47.6221,-0.7006,-9.9941
1340.000000,7,13.6745,189.2369,47.5293,-0.8656,-10.7101
1340.000000,8,13.6745,189.3116,47.5011,-0.9685,-10.7244
1340.000000,9,13.6745,189.3889,47.6428,-0.9042,-9.9459
1340.000000,10,13.6745,188.9389,47.4630,-0.6340,-9.4912
1340.000000,11,13.6745,189.0097,47.6320,-0.5357,-10.3312
1340.000000,12,13.6745,189.0831,47.7125,-0.5286,-10.5766
1340.000000,13,13.6745,189.1590,47.6440,-0.6730,-10.3438
1340.000000,14,13.6745,189.2374,47.4768,-0.9186,-9.5782
1340.000000,15,13.6745,188.7831,47.6189,-0.3222,-9.8218
1340.000000,16,13.6745,188.8552,47.4815,-0.5318,-10.6993
1340.000000,17,13.6745,188.9298,47.5181,-0.5698,-10.6984
1340.000000,18,13.6745,189.0070,47.6141,-0.5509,-9.9692
1340.000000,19,13.6745,189.0867,47.7078,-0.5369,-8.5395
1340.000000,20,13.6745,188.6275,47.6964,-0.0892,-10.0909
1340.000000,21,13.6745,188.7010,47.6495,-0.2096,-10.5666
1340.000000,22,13.6745,188.7771,47.6107,-0.3244,-10.3340
1340.000000,23,13.6745,188.8556,47.5349,-0.4788,-9.4363
1340.000000,24,13.6745,188.9367,47.5042,-0.5905,-7.7216
1341.000000,0,13.7742,189.2151,47.6144,-0.7587,-7.8552
1341.000000,1,13.7742,189.2838,47.4074,-1.0345,-9.7252
1341.000000,2,13.7742,189.3552,47.5774,-0.9358,-10.4320
1341.000000,3,13.7742,189.4292,47.6583,-0.9289,-10.6031
1341.000000,4,13.7742,189.5057,47.6817,-0.9820,-10.2487
1341.000000,5,13.7742,189.0584,47.7027,-0.5137,-8.5507
1341.000000,6,13.7742,189.1283,47.6213,-0.6650,-9.9761
1341.000000,7,13.7742,189.2008,47.5264,-0.8324,-10.6957
1341.000000,8,13.7742,189.2758,47.5018,-0.9321,-10.7075
1341.000000,9,13.7742,189.3534,47.6434,-0.8681,-9.9304
1341.000000,10,13.7742,188.9022,47.4610,-0.5992,-9.4761
1341.000000,11,13.7742,188.9734,47.6315,-0.4999,-10.3152
1341.000000,12,13.7742,189.0471,47.7125,-0.4927,-10.5600
1341.000000,13,13.7742,189.1233,47.6436,-0.6378,-10.3279
1341.000000,14,13.7742,189.2021,47.4753,-0.8849,-9.5634
1341.000000,15,13.7742,188.7465,47.6195,-0.2850,-9.8061
1341.000000,16,13.7742,188.8189,47.4821,-0.4949,-10.6825
1341.000000,17,13.7742,188.8940,47.5150,-0.5370,-10.6847
1341.000000,18,13.7742,188.9715,47.6132,-0.5163,-9.9518
1341.000000,19,13.7742,189.0516,47.7079,-0.5017,-8.5180
1341.000000,20,13.7742,187.9909,47.6952,0.5462,-10.0213
1341.000000,21,13.7742,188.6649,47.6481,-0.1748,-10.5507
1341.000000,22,13.7742,188.7413,47.6127,-0.2866,-10.3120
1341.000000,23,13.7742,188.8203,47.5375,-0.4408,-9.4101
1341.000000,24,13.7742,188.9017,47.4992,-0.5605,-7.6972
1342.000000,0,13.8743,189.1782,47.6115,-0.7247,-7.8290
1342.000000,1,13.8743,189.2473,47.4028,-1.0026,-9.7072
1342.000000,2,13.8743,189.3190,47.5793,-0.8977,-10.4098
1342.000000,3,13.8743,189.3932,47.6572,-0.8941,-10.5865
1342.000000,4,13.8743,189.4701,47.6802,-0.9480,-10.2352
1342.000000,5,13.8743,189.0217,47.7030,-0.4767,-8.5283
1342.000000,6,13.8743,189.0919,47.6205,-0.6294,-9.9580
1342.000000,7,13.8743,189.1647,47.5235,-0.7993,-10.6813
1342.000000,8,13.8743,189.2401,47.5025,-0.8956,-10.6905
1342.000000,9,13.8743,189.3180,47.6441,-0.8320,-9.9149
1342.000000,10,13.8743,188.8656,47.4591,-0.5645,-9.4610
1342.000000,11,13.8743,188.9371,47.6310,-0.4641,-10.2990
1342.000000,12,13.8743,189.0112,47.7125,-0.4567,-10.5433
1342.000000,13,13.8743,189.0878,47.6432,-0.6026,-10.3120
1342.000000,14,13.8743,189.1669,47.4737,-0.8512,-9.5487
1342.000000,15,13.8743,188.7099,47.6202,-0.2477,-9.7904
1342.000000,16,13.8743,188.7828,47.4828,-0.4580,-10.6657
1342.000000,17,13.8743,188.8582,47.5118,-0.5044,-10.6709
1342.000000,18,13.8743,188.9361,47.6123,-0.4818,-9.9343
1342.000000,19,13.8743,189.0165,47.7080,-0.4666,-8.4965
1342.000000,20,13.8743,187.9544,47.6939,0.5814,-10.0080
1342.000000,21,13.8743,188.6287,47.6468,-0.1400,-10.5348
1342.000000,22,13.8743,188.7056,47.6148,-0.2489,-10.2899
1342.000000,23,13.8743,188.7849,47.5401,-0.4028,-9.3838
1342.000000,24,13.8743,188.8667,47.4940,-0.5307,-7.6727
1343.000000,0,13.9747,189.1414,47.6085,-0.6909,-7.8028
1343.000000,1,13.9747,189.2108,47.3981,-0.9708,-9.6892
1343.000000,2,13.9747,189.2828,47.5812,-0.8596,-10.3875
1343.000000,3,13.9747,189.3574,47.6560,-0.8594,-10.5699
1343.000000,4,13.9747,189.4345,47.6785,-0.9140,-10.2217
1343.000000,5,13.9747,188.9849,47.7032,-0.4398,-8.5058
1343.000000,6,13.9747,189.0555,47.6197,-0.5939,-9.9398
1343.000000,7,13.9747,189.1287,47.5205,-0.7662,-10.6669
1343.000000,8,13.9747,189.2044,47.5032,-0.8592,-10.6733
1343.000000,9,13.9747,189.2826,47.6448,-0.7959,-9.8993
1343.000000,10,13.9747,188.8290,47.4572,-0.5298,-9.4459
1343.000000,11,13.9747,188.9008,47.6305,-0.4284,-10.2828
1343.000000,12,13.9747,188.9753,47.7125,-0.4208,-10.5265
1343.000000,13,13.9747,189.0522,47.6428,-0.5675,-10.2960
1343.000000,14,13.9747,189.1317,47.4721,-0.8176,-9.5339
1343.000000,15,13.9747,188.6733,47.6209,-0.2105,-9.7745
1343.000000,16,13.9747,188.7466,47.4835,-0.4212,-10.6487
1343.000000,17,13.9747,188.8224,47.5086,-0.4718,-10.6571
1343.000000,18,13.9747,188.9007,47.6114,-0.4473,-9.9168
1343.000000,19,13.9747,188.9814,47.7080,-0.4315,-8.4749
1343.000000,20,13.9747,187.9179,47.6925,0.6166,-9.9948
1343.000000,21,13.9747,187.9926,47.6453,0.4946,-10.4677
1343.000000,22,13.9747,188.6699,47.6168,-0.2111,-10.2677
1343.000000,23,13.9747,188.7496,47.5428,-0.3649,-9.3574
1343.000000,24,13.9747,188.8318,47.4888,-0.5011,-7.6483
1344.000000,0,14.0755,189.1046,47.6055,-0.6572,-7.7766
1344.000000,1,14.0755,189.1743,47.3989,-0.9335,-9.6650
1344.000000,2,14.0755,189.2466,47.5832,-0.8215,-10.3651
1344.000000,3,14.0755,189.3215,47.6547,-0.8249,-10.5533
1344.000000,4,14.0755,189.3990,47.6768,-0.8802,-10.2082
1344.000000,5,14.0755,188.9483,47.7035,-0.4028,-8.4833
1344.000000,6,14.0755,189.0192,47.6188,-0.5584,-9.9216
1344.000000,7,14.0755,189.0927,47.5174,-0.7333,-10.6524
1344.000000,8,14.0755,189.1687,47.5039,-0.8228,-10.6561
1344.000000,9,14.0755,189.2473,47.6454,-0.7599,-9.8836
1344.000000,10,14.0755,188.7924,47.4552,-0.4952,-9.4307
1344.000000,11,14.0755,188.8646,47.6299,-0.3927,-10.2666
1344.000000,12,14.0755,188.9394,47.7125,-0.3850,-10.5097
1344.000000,13,14.0755,189.0167,47.6423,-0.5324,-10.2800
1344.000000,14,14.0755,189.0965,47.4705,-0.7840,-9.5192
1344.000000,15,14.0755,188.6368,47.6216,-0.1733,-9.7586
1344.000000,16,14.0755,188.7105,47.4842,-0.3843,-10.6317
1344.000000,17,14.0755,188.7866,47.5054,-0.4393,-10.6432
1344.000000,18,14.0755,188.8653,47.6105,-0.4129,-9.8993
1344.000000,19,14.0755,188.9464,47.7081,-0.3964,-8.4533
1344.000000,20,14.0755,187.8814,47.6911,0.6517,-9.9815
1344.000000,21,14.0755,187.9566,47.6437,0.5291,-10.4519
1344.000000,22,14.0755,188.6342,47.6189,-0.1734,-10.2454
1344.000000,23,14.0755,188.7144,47.5454,-0.3270,-9.3308
1344.000000,24,14.0755,188.7969,47.4834,-0.4716,-7.6239
1345.000000,0,14.1767,189.0678,47.6023,-0.6235,-7.7503
1345.000000,1,14.1767,189.1379,47.4013,-0.8946,-9.6389
1345.000000,2,14.1767,189.2105,47.5851,-0.7835,-10.3425
1345.000000,3,14.1767,189.2857,47.6533,-0.7904,-10.5366
1345.000000,4,14.1767,189.3635,47.6750,-0.8465,-10.1947
1345.000000,5,14.1767,188.9116,47.7038,-0.3659,-8.4607
1345.000000,6,14.1767,188.9829,47.6180,-0.5230,-9.9034
1345.000000,7,14.1767,189.0567,47.5143,-0.7005,-10.6379
1345.000000,8,14.1767,189.1331,47.5047,-0.7865,-10.6388
1345.000000,9,14.1767,189.2120,47.6461,-0.7239,-9.8679
1345.000000,10,14.1767,188.7558,47.4532,-0.4606,-9.4156
1345.000000,11,14.1767,188.8284,47.6294,-0.3571,-10.2502
1345.000000,12,14.1767,188.9036,47.7125,-0.3492,-10.4928
1345.000000,13,14.1767,188.9812,47.6419,-0.4974,-10.2639
1345.000000,14,14.1767,189.0614,47.4689,-0.7505,-9.5044
1345.000000,15,14.1767,188.0003,47.6223,0.4639,-9.6809
1345.000000,16,14.1767,188.6743,47.4849,-0.3475,-10.6145
1345.000000,17,14.1767,188.7509,47.5020,-0.4069,-10.6294
1345.000000,18,14.1767,188.8300,47.6095,-0.3785,-9.8817
1345.000000,19,14.1767,188.9115,47.7081,-0.3614,-8.4317
1345.000000,20,14.1767,187.8450,47.6897,0.6867,-9.9681
1345.000000,21,14.1767,187.9205,47.6421,0.5635,-10.4362
1345.000000,22,14.1767,187.9986,47.6210,0.4644,-10.1677
1345.000000,23,14.1767,188.6791,47.5481,-0.2891,-9.3041
1345.000000,24,14.1767,188.7621,47.4779,-0.4423,-7.5994
1346.000000,0,14.2782,189.0311,47.5991,-0.5901,-7.7240
1346.000000,1,14.2782,189.1015,47.4038,-0.8557,-9.6127
1346.000000,2,14.2782,189.1745,47.5871,-0.7454,-10.3198
1346.000000,3,14.2782,189.2500,47.6519,-0.7561,-10.5199
1346.000000,4,14.2782,189.3281,47.6732,-0.8129,-10.1812
1346.000000,5,14.2782,188.8750,47.7040,-0.3290,-8.4381
1346.000000,6,14.2782,188.9466,47.6171,-0.4876,-9.8850
1346.000000,7,14.2782,189.0208,47.5112,-0.6677,-10.6233
1346.000000,8,14.2782,189.0976,47.5054,-0.7502,-10.6214
1346.000000,9,14.2782,189.1768,47.6468,-0.6880,-9.8522
1346.000000,10,14.2782,188.7193,47.4513,-0.4260,-9.4005
1346.000000,11,14.2782,188.7923,47.6288,-0.3214,-10.2339
1346.000000,12,14.2782,188.8678,47.7125,-0.3134,-10.4758
1346.000000,13,14.2782,188.9458,47.6415,-0.4624,-10.2478
1346.000000,14,14.2782,189.0263,47.4673,-0.7171,-9.4897
1346.000000,15,14.2782,187.9638,47.6230,0.5012,-9.6652
1346.000000,16,14.2782,188.6382,47.4856,-0.3107,-10.5972
1346.000000,17,14.2782,188.7152,47.4987,-0.3746,-10.6155
1346.000000,18,14.2782,188.7947,47.6086,-0.3441,-9.8640
1346.000000,19,14.2782,188.8766,47.7082,-0.3264,-8.4100
1346.000000,20,14.2782,187.8085,47.6881,0.7216,-9.9548
1346.000000,21,14.2782,187.8845,47.6403,0.5978,-10.4204
1346.000000,22,14.2782,187.9630,47.6231,0.5021,-10.1453
1346.000000,23,14.2782,188.6439,47.5508,-0.2512,-9.2773
1346.000000,24,14.2782,188.7273,47.4723,-0.4131,-7.5750
1347.000000,0,14.3801,188.9944,47.5958,-0.5567,-7.6976
1347.000000,1,14.3801,189.0652,47.4063,-0.8169,-9.5864
1347.000000,2,14.3801,189.1385,47.5891,-0.7074,-10.2969
1347.000000,3,14.3801,189.2143,47.6504,-0.7219,-10.5031
1347.000000,4,14.3801,189.2927,47.6713,-0.7795,-10.1676
1347.000000,5,14.3801,188.8384,47.7043,-0.2922,-8.4154
1347.000000,6,14.3801,188.9104,47.6162,-0.4522,-9.8667
1347.000000,7,14.3801,188.9850,47.5079,-0.6351,-10.6088
1347.000000,8,14.3801,189.0620,47.5062,-0.7139,-10.6039
1347.000000,9,14.3801,189.1416,47.6476,-0.6521,-9.8364
1347.000000,10,14.3801,188.6827,47.4492,-0.3915,-9.3853
1347.000000,11,14.3801,188.7561,47.6283,-0.2859,-10.2174
1347.000000,12,14.3801,188.8320,47.7125,-0.2776,-10.4587
1347.000000,13,14.3801,188.9104,47.6410,-0.4274,-10.2316
1347.000000,14,14.3801,188.9913,47.4656,-0.6837,-9.4749
1347.000000,15,14.3801,187.9273,47.6237,0.5384,-9.6494
1347.000000,16,14.3801,188.0022,47.4863,0.3261,-10.5273
1347.000000,17,14.3801,188.6795,47.4952,-0.3424,-10.6016
1347.000000,18,14.3801,188.7594,47.6076,-0.3098,-9.8463
1347.000000,19,14.3801,188.8417,47.7082,-0.2915,-8.3883
1347.000000,20,14.3801,187.7721,47.6865,0.7564,-9.9414
1347.000000,21,14.3801,187.8485,47.6385,0.6320,-10.4046
1347.000000,22,14.3801,187.9274,47.6252,0.5398,-10.1228
1347.000000,23,14.3801,188.0088,47.5534,0.3866,-9.1799
1347.000000,24,14.3801,188.6926,47.4665,-0.3841,-7.5505
1348.000000,0,14.4823,188.9578,47.5924,-0.5234,-7.6713
1348.000000,1,14.4823,189.0288,47.4089,-0.7780,-9.5598
1348.000000,2,14.4823,189.1025,47.5911,-0.6694,-10.2739
1348.000000,3,14.4823,189.1787,47.6488,-0.6879,-10.4864
1348.000000,4,14.4823,189.2574,47.6693,-0.7462,-10.1541
1348.000000,5,14.4823,188.8018,47.7045,-0.2553,-8.3927
1348.000000,6,14.4823,188.8742,47.6153,-0.4169,-9.8483
1348.000000,7,14.4823,188.9491,47.5047,-0.6025,-10.5942
1348.000000,8,14.4823,189.0265,47.5070,-0.6776,-10.5863
1348.000000,9,14.4823,189.1065,47.6483,-0.6162,-9.8205
1348.000000,10,14.4823,188.6462,47.4472,-0.3570,-9.3701
1348.000000,11,14.4823,188.7200,47.6277,-0.2503,-10.2009
1348.000000,12,14.4823,188.7963,47.7125,-0.2419,-10.4415
1348.000000,13,14.4823,188.8751,47.6406,-0.3925,-10.2154
1348.000000,14,14.4823,188.9563,47.4640,-0.6504,-9.4601
1348.000000,15,14.4823,187.8909,47.6245,0.5756,-9.6335
1348.000000,16,14.4823,187.9661,47.4871,0.3629,-10.5101
1348.000000,17,14.4823,188.6439,47.4917,-0.3103,-10.5877
1348.000000,18,14.4823,188.7242,47.6066,-0.2756,-9.8286
1348.000000,19,14.4823,188.8068,47.7082,-0.2566,-8.3666
1348.000000,20,14.4823,187.7356,47.6848,0.7911,-9.9280
1348.000000,21,14.4823,187.8125,47.6366,0.6660,-10.3888
1348.000000,22,14.4823,187.8918,47.6273,0.5775,-10.1001
1348.000000,23,14.4823,187.9737,47.5561,0.4244,-9.1530
1348.000000,24,14.4823,188.6579,47.4606,-0.3553,-7.5261
1349.000000,0,14.5849,188.9211,47.5888,-0.4903,-7.6448
1349.000000,1,14.5849,188.9925,47.4114,-0.7392,-9.5332
1349.000000,2,14.5849,189.0665,47.5931,-0.6315,-10.2508
1349.000000,3,14.5849,189.1431,47.6472,-0.6539,-10.4696
1349.000000,4,14.5849,189.2221,47.6672,-0.7129,-10.1405
1349.000000,5,14.5849,188.7653,47.7048,-0.2185,-8.3699
1349.000000,6,14.5849,188.8380,47.6144,-0.3816,-9.8298
1349.000000,7,14.5849,188.9133,47.5013,-0.5700,-10.5796
1349.000000,8,14.5849,188.9911,47.5078,-0.6414,-10.5686
1349.000000,9,14.5849,189.0714,47.6490,-0.5804,-9.8046
1349.000000,10,14.5849,188.0097,47.4452,0.2774,-9.2844
1349.000000,11,14.5849,188.6839,47.6272,-0.2148,-10.1844
1349.000000,12,14.5849,188.7606,47.7125,-0.2062,-10.4243
1349.000000,13,14.5849,188.8398,47.6401,-0.3577,-10.1991
1349.000000,14,14.5849,188.9214,47.4624,-0.6171,-9.4453
1349.000000,15,14.5849,187.8544,47.6253,0.6128,-9.6175
1349.000000,16,14.5849,187.9301,47.4879,0.3997,-10.4927
1349.000000,17,14.5849,188.0083,47.4881,0.3218,-10.5212
1349.000000,18,14.5849,188.6890,47.6056,-0.2414,-9.8108
1349.000000,19,14.5849,188.7721,47.7083,-0.2218,-8.3448
1349.000000,20,14.5849,187.6992,47.6830,0.8258,-9.9146
1349.000000,21,14.5849,187.7765,47.6345,0.6999,-10.3730
1349.000000,22,14.5849,187.8563,47.6295,0.6151,-10.0774
1349.000000,23,14.5849,187.9386,47.5588,0.4622,-9.1261
1349.000000,24,14.5849,188.6232,47.4546,-0.3267,-7.5017
1350.000000,0,14.6879,188.8845,47.5852,-0.4573,-7.6184
1350.000000,1,14.6879,188.9563,47.4140,-0.7003,-9.5064
1350.000000,2,14.6879,189.0306,47.5952,-0.5935,-10.2275
1350.000000,3,14.6879,189.1075,47.6454,-0.6201,-10.4528
1350.000000,4,14.6879,189.1869,47.6651,-0.6799,-10.1270
1350.000000,5,14.6879,188.7287,47.7050,-0.1817,-8.3470
1350.000000,6,14.6879,188.8019,47.6135,-0.3464,-9.8113
1350.000000,7,14.6879,188.8775,47.4979,-0.5376,-10.5650
1350.000000,8,14.6879,188.9557,47.5086,-0.6052,-10.5508
1350.000000,9,14.6879,189.0363,47.6498,-0.5446,-9.7886
1350.000000,10,14.6879,187.9733,47.4431,0.3118,-9.2695
1350.000000,11,14.6879,188.6479,47.6266,-0.1793,-10.1677
1350.000000,12,14.6879,188.7249,47.7125,-0.1705,-10.4069
1350.000000,13,14.6879,188.8045,47.6397,-0.3229,-10.1827
1350.000000,14,14.6879,188.8865,47.4607,-0.5839,-9.4305
1350.000000,15,14.6879,187.8180,47.6260,0.6500,-9.6015
1350.000000,16,14.6879,187.8941,47.4886,0.4365,-10.4753
1350.000000,17,14.6879,187.9727,47.4845,0.3537,-10.5074
1350.000000,18,14.6879,188.6538,47.6046,-0.2073,-9.7930
1350.000000,19,14.6879,188.7373,47.7083,-0.1871,-8.3230
1350.000000,20,14.6879,187.6629,47.6812,0.8603,-9.9011
1350.000000,21,14.6879,187.7406,47.6324,0.7338,-10.3572
1350.000000,22,14.6879,187.8208,47.6316,0.6528,-10.0545
1350.000000,23,14.6879,187.9035,47.5615,0.4999,-9.0990
1350.000000,24,14.6879,187.9886,47.4484,0.3018,-7.3686
1351.000000,0,14.7912,188.8479,47.5815,-0.4244,-7.5919
1351.000000,1,14.7912,188.9201,47.4167,-0.6615,-9.4795
1351.000000,2,14.7912,188.9948,47.5972,-0.5556,-10.2042
1351.000000,3,14.7912,189.0720,47.6436,-0.5864,-10.4359
1351.000000,4,14.7912,189.1517,47.6629,-0.6469,-10.1134
1351.000000,5,14.7912,188.6922,47.7053,-0.1450,-8.3241
1351.000000,6,14.7912,188.7657,47.6126,-0.3112,-9.7927
1351.000000,7,14.7912,188.8418,47.4945,-0.5053,-10.5503
1351.000000,8,14.7912,188.9203,47.5094,-0.5690,-10.5329
1351.000000,9,14.7912,189.0013,47.6505,-0.5089,-9.7726
1351.000000,10,14.7912,187.9368,47.4410,0.3462,-9.2546
1351.000000,11,14.7912,188.0118,47.6260,0.4562,-10.0947
1351.000000,12,14.7912,188.6893,47.7125,-0.1349,-10.3895
1351.000000,13,14.7912,188.7693,47.6392,-0.2881,-10.1663
1351.000000,14,14.7912,188.8517,47.4590,-0.5507,-9.4157
1351.000000,15,14.7912,187.7816,47.6268,0.6872,-9.5854
1351.000000,16,14.7912,187.8582,47.4894,0.4732,-10.4577
1351.000000,17,14.7912,187.9372,47.4808,0.3856,-10.4937
1351.000000,18,14.7912,188.6187,47.6036,-0.1732,-9.7752
1351.000000,19,14.7912,188.7026,47.7083,-0.1523,-8.3011
1351.000000,20,14.7912,187.6265,47.6792,0.8947,-9.8877
1351.000000,21,14.7912,187.7047,47.6301,0.7674,-10.3413
1351.000000,22,14.7912,187.7853,47.6338,0.6904,-10.0315
1351.000000,23,14.7912,187.8685,47.5641,0.5377,-9.0717
1351.000000,24,14.7912,187.9540,47.4420,0.3300,-7.3443
1352.000000,0,14.8949,188.8114,47.5777,-0.3917,-7.5654
1352.000000,1,14.8949,188.8839,47.4193,-0.6226,-9.4524
1352.000000,2,14.8949,188.9589,47.5993,-0.5177,-10.1806
1352.000000,3,14.8949,189.0365,47.6417,-0.5529,-10.4191
1352.000000,4,14.8949,189.1166,47.6606,-0.6141,-10.0998
1352.000000,5,14.8949,188.6557,47.7056,-0.1082,-8.3011
1352.000000,6,14.8949,188.7297,47.6116,-0.2760,-9.7740
1352.000000,7,14.8949,188.8061,47.4910,-0.4732,-10.5356
1352.000000,8,14.8949,188.8850,47.5102,-0.5328,-10.5149
1352.000000,9,14.8949,188.9664,47.6513,-0.4731,-9.7565
1352.000000,10,14.8949,187.9004,47.4389,0.3805,-9.2397
1352.000000,11,14.8949,187.9758,47.6254,0.4916,-10.0782
1352.000000,12,14.8949,188.6537,47.7125,-0.0993,-10.3720
1352.000000,13,14.8949,188.7341,47.6388,-0.2533,-10.1498
1352.000000,14,14.8949,188.8169,47.4573,-0.5176,-9.4009
1352.000000,15,14.8949,187.7452,47.6276,0.7244,-9.5693
1352.000000,16,14.8949,187.8222,47.4903,0.5100,-10.4400
1352.000000,17,14.8949,187.9017,47.4770,0.4173,-10.4800
1352.000000,18,14.8949,187.9836,47.6025,0.4609,-9.6956
1352.000000,19,14.8949,188.6679,47.7083,-0.1177,-8.2792
1352.000000,20,14.8949,187.5901,47.6772,0.9291,-9.8742
1352.000000,21,14.8949,187.6688,47.6278,0.8010,-10.3255
1352.000000,22,14.8949,187.7499,47.6359,0.7280,-10.0083
1352.000000,23,14.8949,187.8334,47.5668,0.5753,-9.0444
1352.000000,24,14.8949,187.9194,47.4356,0.3581,-7.3200
1353.000000,0,14.9990,188.7748,47.5738,-0.3591,-7.5388
1353.000000,1,14.9990,188.8477,47.4220,-0.5837,-9.4252
1353.000000,2,14.9990,188.9232,47.6014,-0.4798,-10.1570
1353.000000,3,14.9990,189.0011,47.6396,-0.5195,-10.4022
1353.000000,4,14.9990,189.0815,47.6582,-0.5814,-10.0862
1353.000000,5,14.9990,188.6193,47.7058,-0.0715,-8.2781
1353.000000,6,14.9990,188.6936,47.6107,-0.2409,-9.7553
1353.000000,7,14.9990,188.7704,47.4874,-0.4411,-10.5209
1353.000000,8,14.9990,188.8497,47.5110,-0.4967,-10.4968
1353.000000,9,14.9990,188.9315,47.6521,-0.4375,-9.7403
1353.000000,10,14.9990,187.8640,47.4368,0.4148,-9.2248
1353.000000,11,14.9990,187.9398,47.6248,0.5270,-10.0616
1353.000000,12,14.9990,188.6181,47.7125,-0.0637,-10.3544
1353.000000,13,14.9990,188.6989,47.6383,-0.2186,-10.1333
1353.000000,14,14.9990,188.7821,47.4557,-0.4845,-9.3861
1353.000000,15,14.9990,187.7089,47.6285,0.7615,-9.5530
1353.000000,16,14.9990,187.7863,47.4911,0.5468,-10.4222
1353.000000,17,14.9990,187.8662,47.4732,0.4490,-10.4662
1353.000000,18,14.9990,187.9485,47.6015,0.4949,-9.6779
1353.000000,19,14.9990,188.6333,47.7083,-0.0830,-8.2573
1353.000000,20,14.9990,187.5538,47.6751,0.9633,-9.8607
1353.000000,21,14.9990,187.6329,47.6253,0.8344,-10.3096
1353.000000,22,14.9990,187.7145,47.6381,0.7656,-9.9851
1353.000000,23,14.9990,187.7985,47.5695,0.6130,-9.0169
1353.000000,24,14.9990,187.8849,47.4289,0.3860,-7.2957
1354.000000,0,15.1035,188.7383,47.5698,-0.3266,-7.5123
1354.000000,1,15.1035,188.8116,47.4247,-0.5449,-9.3978
1354.000000,2,15.1035,188.8874,47.6036,-0.4419,-10.1332
1354.000000,3,15.1035,188.9657,47.6375,-0.4862,-10.3853
1354.000000,4,15.1035,189.0465,47.6557,-0.5488,-10.0726
1354.000000,5,15.1035,187.9828,47.7061,0.5652,-8.1697
1354.000000,6,15.1035,188.6576,47.6097,-0.2059,-9.7366
1354.000000,7,15.1035,188.7348,47.4838,-0.4091,-10.5062
1354.000000,8,15.1035,188.8145,47.5119,-0.4606,-10.4786
1354.000000,9,15.1035,188.8966,47.6528,-0.4018,-9.7241
1354.000000,10,15.1035,187.8276,47.4347,0.4490,-9.2099
1354.000000,11,15.1035,187.9038,47.6242,0.5624,-10.0450
1354.000000,12,15.1035,187.9826,47.7125,0.5719,-10.2842
1354.000000,13,15.1035,188.6638,47.6378,-0.1840,-10.1167
1354.000000,14,15.1035,188.7474,47.4540,-0.4514,-9.3713
1354.000000,15,15.1035,187.6725,47.6293,0.7987,-9.5367
1354.000000,16,15.1035,187.7504,47.4919,0.5835,-10.4043
1354.000000,17,15.1035,187.8307,47.4693,0.4805,-10.4525
1354.000000,18,15.1035,187.9135,47.6004,0.5289,-9.6601
1354.000000,19,15.1035,187.9986,47.7082,0.5515,-8.1494
1354.000000,20,15.1035,187.5174,47.6729,0.9974,-9.8471
1354.000000,21,15.1035,187.5970,47.6227,0.8677,-10.2937
1354.000000,22,15.1035,187.6791,47.6402,0.8031,-9.9617
1354.000000,23,15.1035,187.7635,47.5722,0.6506,-8.9893
1354.000000,24,15.1035,187.8504,47.4222,0.4137,-7.2713
1355.000000,0,15.2083,188.7018,47.5656,-0.2942,-7.4857
1355.000000,1,15.2083,188.7755,47.4275,-0.5060,-9.3703
1355.000000,2,15.2083,188.8517,47.6057,-0.4040,-10.1092
1355.000000,3,15.2083,188.9304,47.6353,-0.4531,-10.3684
1355.000000,4,15.2083,189.0115,47.6532,-0.5164,-10.0590
1355.000000,5,15.2083,187.9464,47.7063,0.6018,-8.1469
1355.000000,6,15.2083,188.6215,47.6087,-0.1708,-9.7178
1355.000000,7,15.2083,188.6992,47.4800,-0.3771,-10.4915
1355.000000,8,15.2083,188.7792,47.5128,-0.4245,-10.4603
1355.000000,9,15.2083,188.8618,47.6536,-0.3662,-9.7078
1355.000000,10,15.2083,187.7912,47.4325,0.4833,-9.1950
1355.000000,11,15.2083,187.8679,47.6236,0.5977,-10.0283
1355.000000,12,15.2083,187.9471,47.7125,0.6074,-10.2667
1355.000000,13,15.2083,188.6287,47.6373,-0.1494,-10.1001
1355.000000,14,15.2083,188.7127,47.4522,-0.4185,-9.3565
1355.000000,15,15.2083,187.6362,47.6301,0.8359,-9.5202
1355.000000,16,15.2083,187.7145,47.4928,0.6203,-10.3863
1355.000000,17,15.2083,187.7953,47.4653,0.5120,-10.4387
1355.000000,18,15.2083,187.8785,47.5993,0.5628,-9.6423
1355.000000,19,15.2083,187.9641,47.7082,0.5861,-8.1276
1355.000000,20,15.2083,187.4811,47.6706,1.0315,-9.8336
1355.000000,21,15.2083,187.5612,47.6200,0.9008,-10.2779
1355.000000,22,15.2083,187.6437,47.6424,0.8407,-9.9382
1355.000000,23,15.2083,187.7286,47.5748,0.6882,-8.9616
1355.000000,24,15.2083,187.8159,47.4152,0.4413,-7.2470
1356.000000,0,15.3135,188.6654,47.5614,-0.2620,-7.4590
1356.000000,1,15.3135,188.7394,47.4303,-0.4672,-9.3426
1356.000000,2,15.3135,188.8160,47.6079,-0.3662,-10.0852
1356.000000,3,15.3135,188.8950,47.6330,-0.4201,-10.3515
1356.000000,4,15.3135,188.9766,47.6505,-0.4841,-10.0454
1356.000000,5,15.3135,187.9100,47.7066,0.6385,-8.1239
1356.000000,6,15.3135,187.9855,47.6077,0.4641,-9.6365
1356.000000,7,15.3135,188.6636,47.4763,-0.3453,-10.4767
1356.000000,8,15.3135,188.7441,47.5136,-0.3885,-10.4419
1356.000000,9,15.3135,188.8270,47.6545,-0.3306,-9.6915
1356.000000,10,15.3135,187.7549,47.4304,0.5174,-9.1800
1356.000000,11,15.3135,187.8320,47.6230,0.6330,-10.0115
1356.000000,12,15.3135,187.9116,47.7125,0.6429,-10.2490
1356.000000,13,15.3135,187.9936,47.6368,0.4852,-10.0266
1356.000000,14,15.3135,188.6780,47.4505,-0.3855,-9.3416
1356.000000,15,15.3135,187.5999,47.6310,0.8731,-9.5037
1356.000000,16,15.3135,187.6786,47.4936,0.6570,-10.3682
1356.000000,17,15.3135,187.7598,47.4613,0.5434,-10.4249
1356.000000,18,15.3135,187.8435,47.5982,0.5966,-9.6245
1356.000000,19,15.3135,187.9296,47.7081,0.6206,-8.1058
1356.000000,20,15.3135,187.4448,47.6682,1.0654,-9.8200
1356.000000,21,15.3135,187.5253,47.6172,0.9338,-10.2620
1356.000000,22,15.3135,187.6083,47.6446,0.8782,-9.9145
1356.000000,23,15.3135,187.6937,47.5775,0.7257,-8.9338
1356.000000,24,15.3135,187.7815,47.4081,0.4686,-7.2228
1357.000000,0,15.4190,188.6289,47.5570,-0.2299,-7.4323
1357.000000,1,15.4190,188.7034,47.4331,-0.4283,-9.3148
1357.000000,2,15.4190,188.7803,47.6100,-0.3283,-10.0609
1357.000000,3,15.4190,188.8598,47.6306,-0.3872,-10.3346
1357.000000,4,15.4190,188.9417,47.6478,-0.4519,-10.0317
1357.000000,5,15.4190,187.8736,47.7068,0.6751,-8.1009
1357.000000,6,15.4190,187.9496,47.6067,0.4991,-9.6178
1357.000000,7,15.4190,188.6280,47.4724,-0.3136,-10.4619
1357.000000,8,15.4190,188.7089,47.5145,-0.3524,-10.4233
1357.000000,9,15.4190,188.7922,47.6553,-0.2950,-9.6751
1357.000000,10,15.4190,187.7186,47.4282,0.5516,-9.1651
1357.000000,11,15.4190,187.7961,47.6224,0.6683,-9.9946
1357.000000,12,15.4190,187.8761,47.7125,0.6783,-10.2313
1357.000000,13,15.4190,187.9585,47.6363,0.5198,-10.0101
1357.000000,14,15.4190,188.6434,47.4488,-0.3526,-9.3268
1357.000000,15,15.4190,187.5635,47.6319,0.9103,-9.4871
1357.000000,16,15.4190,187.6428,47.4945,0.6937,-10.3500
1357.000000,17,15.4190,187.7245,47.4571,0.5747,-10.4111
1357.000000,18,15.4190,187.8086,47.5971,0.6305,-9.6066
1357.000000,19,15.4190,187.8951,47.7081,0.6550,-8.0839
1357.000000,20,15.4190,187.4085,47.6657,1.0992,-9.8064
1357.000000,21,15.4190,187.4895,47.6142,0.9667,-10.2462
1357.000000,22,15.4190,187.5730,47.6468,0.9157,-9.8908
1357.000000,23,15.4190,187.6589,47.5801,0.7632,-8.9059
1357.000000,24,15.4190,187.7471,47.4008,0.4957,-7.1985
1358.000000,0,15.5250,187.9925,47.5526,0.4020,-7.2977
1358.000000,1,15.5250,188.6673,47.4359,-0.3894,-9.2868
1358.000000,2,15.5250,188.7447,47.6122,-0.2905,-10.0366
1358.000000,3,15.5250,188.8245,47.6280,-0.3546,-10.3177
1358.000000,4,15.5250,188.9068,47.6450,-0.4199,-10.0181
1358.000000,5,15.5250,187.8373,47.7070,0.7117,-8.0779
1358.000000,6,15.5250,187.9136,47.6057,0.5340,-9.5991
1358.000000,7,15.5250,187.9925,47.4685,0.3180,-10.3928
1358.000000,8,15.5250,188.6738,47.5154,-0.3164,-10.4047
1358.000000,9,15.5250,188.7575,47.6561,-0.2595,-9.6586
1358.000000,10,15.5250,187.6822,47.4260,0.5857,-9.1501
1358.000000,11,15.5250,187.7602,47.6218,0.7035,-9.9777
1358.000000,12,15.5250,187.8407,47.7125,0.7138,-10.2135
1358.000000,13,15.5250,187.9235,47.6358,0.5543,-9.9935
1358.000000,14,15.5250,188.0088,47.4471,0.2802,-9.2406
1358.000000,15,15.5250,187.5273,47.6328,0.9475,-9.4705
1358.000000,16,15.5250,187.6069,47.4954,0.7304,-10.3316
1358.000000,17,15.5250,187.6891,47.4530,0.6058,-10.3973
1358.000000,18,15.5250,187.7737,47.5959,0.6642,-9.5886
1358.000000,19,15.5250,187.8606,47.7080,0.6894,-8.0621
1358.000000,20,15.5250,187.3723,47.6631,1.1329,-9.7928
1358.000000,21,15.5250,187.4538,47.6111,0.9993,-10.2304
1358.000000,22,15.5250,187.5377,47.6489,0.9532,-9.8669
1358.000000,23,15.5250,187.6241,47.5827,0.8006,-8.8778
1358.000000,24,15.5250,187.7128,47.3934,0.5226,-7.1742
1359.000000,0,15.6313,187.9561,47.5480,0.4338,-7.2711
1359.000000,1,15.6313,188.6313,47.4388,-0.3506,-9.2587
1359.000000,2,15.6313,188.7091,47.6144,-0.2527,-10.0121
1359.000000,3,15.6313,188.7893,47.6254,-0.3220,-10.3008
1359.000000,4,15.6313,188.8720,47.6421,-0.3880,-10.0045
1359.000000,5,15.6313,187.8009,47.7073,0.7483,-8.0547
1359.000000,6,15.6313,187.8777,47.6046,0.5689,-9.5803
1359.000000,7,15.6313,187.9570,47.4645,0.3495,-10.3782
1359.000000,8,15.6313,188.6387,47.5163,-0.2804,-10.3860
1359.000000,9,15.6313,188.7229,47.6569,-0.2240,-9.6420
1359.000000,10,15.6313,187.6459,47.4238,0.6198,-9.1351
1359.000000,11,15.6313,187.7243,47.6211,0.7387,-9.9607
1359.000000,12,15.6313,187.8052,47.7125,0.7492,-10.1956
1359.000000,13,15.6313,187.8886,47.6353,0.5887,-9.9769
1359.000000,14,15.6313,187.9743,47.4453,0.3130,-9.2261
1359.000000,15,15.6313,187.4910,47.6337,0.9847,-9.4537
1359.000000,16,15.6313,187.5711,47.4963,0.7671,-10.3131
1359.000000,17,15.6313,187.6538,47.4487,0.6369,-10.3835
1359.000000,18,15.6313,187.7388,47.5948,0.6979,-9.5707
1359.000000,19,15.6313,187.8262,47.7079,0.7237,-8.0401
1359.000000,20,15.6313,187.3360,47.6604,1.1664,-9.7792
1359.000000,21,15.6313,187.4180,47.6079,1.0319,-10.2146
1359.000000,22,15.6313,187.5024,47.6511,0.9906,-9.8429
1359.000000,23,15.6313,187.5893,47.5854,0.8380,-8.8496
1359.000000,24,15.6313,187.6785,47.3858,0.5493,-7.1500
1360.000000,0,15.7380,187.9197,47.5432,0.4655,-7.2445
1360.000000,1,15.7380,187.9954,47.4417,0.2883,-9.1580
1360.000000,2,15.7380,188.6735,47.6167,-0.2149,-9.9875
1360.000000,3,15.7380,188.7542,47.6226,-0.2896,-10.2839
1360.000000,4,15.7380,188.8372,47.6390,-0.3562,-9.9909
1360.000000,5,15.7380,187.7646,47.7075,0.7849,-8.0315
1360.000000,6,15.7380,187.8418,47.6036,0.6037,-9.5614
1360.000000,7,15.7380,187.9215,47.4605,0.3809,-10.3636
1360.000000,8,15.7380,188.0037,47.5173,0.3555,-10.3123
1360.000000,9,15.7380,188.6882,47.6578,-0.1885,-9.6254
1360.000000,10,15.7380,187.6096,47.4215,0.6538,-9.1201
1360.000000,11,15.7380,187.6885,47.6205,0.7739,-9.9437
1360.000000,12,15.7380,187.7699,47.7125,0.7846,-10.1776
1360.000000,13,15.7380,187.8536,47.6348,0.6231,-9.9602
1360.000000,14,15.7380,187.9398,47.4436,0.3457,-9.2115
1360.000000,15,15.7380,187.4547,47.6346,1.0219,-9.4368
1360.000000,16,15.7380,187.5353,47.4972,0.8038,-10.2946
1360.000000,17,15.7380,187.6184,47.4443,0.6679,-10.3697
1360.000000,18,15.7380,187.7039,47.5936,0.7316,-9.5526
1360.000000,19,15.7380,187.7918,47.7078,0.7580,-8.0181
1360.000000,20,15.7380,187.2997,47.6576,1.1999,-9.7655
1360.000000,21,15.7380,187.3822,47.6045,1.0642,-10.1988
1360.000000,22,15.7380,187.4672,47.6533,1.0281,-9.8188
1360.000000,23,15.7380,187.5545,47.5879,0.8754,-8.8213
1360.000000,24,15.7380,187.6442,47.3780,0.5758,-7.1257
1361.000000,0,15.8450,187.8833,47.5384,0.4970,-7.2178
1361.000000,1,15.8450,187.9594,47.4446,0.3271,-9.1297
1361.000000,2,15.8450,188.6380,47.6189,-0.1771,-9.9627
1361.000000,3,15.8450,188.7190,47.6197,-0.2574,-10.2670
1361.000000,4,15.8450,188.8025,47.6359,-0.3246,-9.9773
1361.000000,5,15.8450,187.7283,47.7077,0.8214,-8.0083
1361.000000,6,15.8450,187.8060,47.6025,0.6385,-9.5425
1361.000000,7,15.8450,187.8861,47.4564,0.4123,-10.3490
1361.000000,8,15.8450,187.9687,47.5182,0.3915,-10.2936
1361.000000,9,15.8450,188.6536,47.6586,-0.1530,-9.6087
1361.000000,10,15.8450,187.5734,47.4193,0.6879,-9.1050
1361.000000,11,15.8450,187.6527,47.6198,0.8091,-9.9266
1361.000000,12,15.8450,187.7345,47.7125,0.8199,-10.1595
1361.000000,13,15.8450,187.8187,47.6343,0.6575,-9.9434
1361.000000,14,15.8450,187.9053,47.4418,0.3784,-9.1968
1361.000000,15,15.8450,187.4185,47.6356,1.0591,-9.4199
1361.000000,16,15.8450,187.4996,47.4981,0.8405,-10.2759
1361.000000,17,15.8450,187.5832,47.4399,0.6987,-10.3559
1361.000000,18,15.8450,187.6691,47.5924,0.7652,-9.5345
1361.000000,19,15.8450,187.7574,47.7077,0.7922,-7.9961
1361.000000,20,15.8450,187.2635,47.6547,1.2332,-9.7519
1361.000000,21,15.8450,187.3465,47.6010,1.0964,-10.1830
1361.000000,22,15.8450,187.4320,47.6554,1.0654,-9.7946
1361.000000,23,15.8450,187.5198,47.5905,0.9127,-8.7929
1361.000000,24,15.8450,187.6099,47.3700,0.6021,-7.1015
1362.000000,0,15.9525,187.8470,47.5334,0.5283,-7.1911
1362.000000,1,15.9525,187.9235,47.4475,0.3660,-9.1014
1362.000000,2,15.9525,188.0025,47.6212,0.4606,-9.8788
1362.000000,3,15.9525,188.6839,47.6167,-0.2253,-10.2501
1362.000000,4,15.9525,188.7678,47.6327,-0.2931,-9.9637
1362.000000,5,15.9525,187.6920,47.7080,0.8579,-7.9849
1362.000000,6,15.9525,187.7701,47.6014,0.6733,-9.5235
1362.000000,7,15.9525,187.8507,47.4522,0.4435,-10.3343
1362.000000,8,15.9525,187.9337,47.5191,0.4274,-10.2748
1362.000000,9,15.9525,188.6191,47.6595,-0.1176,-9.5920
1362.000000,10,15.9525,187.5371,47.4170,0.7219,-9.0900
1362.000000,11,15.9525,187.6169,47.6192,0.8442,-9.9094
1362.000000,12,15.9525,187.6992,47.7125,0.8553,-10.1413
1362.000000,13,15.9525,187.7838,47.6338,0.6919,-9.9266
1362.000000,14,15.9525,187.8709,47.4400,0.4111,-9.1822
1362.000000,15,15.9525,187.3822,47.6365,1.0963,-9.4028
1362.000000,16,15.9525,187.4638,47.4991,0.8772,-10.2570
1362.000000,17,15.9525,187.5479,47.4354,0.7295,-10.3421
1362.000000,18,15.9525,187.6343,47.5912,0.7988,-9.5164
1362.000000,19,15.9525,187.7231,47.7076,0.8264,-7.9740
1362.000000,20,15.9525,187.2273,47.6517,1.2663,-9.7382
1362.000000,21,15.9525,187.3108,47.5973,1.1285,-10.1673
1362.000000,22,15.9525,187.3968,47.6576,1.1028,-9.7703
1362.000000,23,15.9525,187.4851,47.5931,0.9499,-8.7644
1362.000000,24,15.9525,187.5757,47.3619,0.6281,-7.0773
1363.000000,0,16.0603,187.8107,47.5282,0.5595,-7.1644
1363.000000,1,16.0603,187.8876,47.4505,0.4049,-9.0728
1363.000000,2,16.0603,187.9670,47.6234,0.4984,-9.8539
1363.000000,3,16.0603,188.6489,47.6135,-0.1934,-10.2332
1363.000000,4,16.0603,188.7331,47.6293,-0.2618,-9.9500
1363.000000,5,16.0603,187.6557,47.7082,0.8944,-7.9615
1363.000000,6,16.0603,187.7343,47.6003,0.7080,-9.5045
1363.000000,7,16.0603,187.8153,47.4479,0.4746,-10.3197
1363.000000,8,16.0603,187.8987,47.5201,0.4633,-10.2559
1363.000000,9,16.0603,187.9846,47.6604,0.5178,-9.5117
1363.000000,10,16.0603,187.5008,47.4147,0.7558,-9.0749
1363.000000,11,16.0603,187.5811,47.6185,0.8793,-9.8921
1363.000000,12,16.0603,187.6639,47.7125,0.8906,-10.1230
1363.000000,13,16.0603,187.7490,47.6332,0.7262,-9.9097
1363.000000,14,16.0603,187.8365,47.4382,0.4437,-9.1676
1363.000000,15,16.0603,187.3460,47.6375,1.1335,-9.3857
1363.000000,16,16.0603,187.4281,47.5000,0.9139,-10.2381
1363.000000,17,16.0603,187.5126,47.4308,0.7602,-10.3283
1363.000000,18,16.0603,187.5996,47.5900,0.8324,-9.4983
1363.000000,19,16.0603,187.6888,47.7074,0.8605,-7.9519
1363.000000,20,16.0603,187.1911,47.6485,1.2994,-9.7246
1363.000000,21,16.0603,187.2751,47.5935,1.1603,-10.1516
1363.000000,22,16.0603,187.3616,47.6598,1.1401,-9.7458
1363.000000,23,16.0603,187.4504,47.5956,0.9871,-8.7358
1363.000000,24,16.0603,187.5416,47.3535,0.6540,-7.0532
1364.000000,0,16.1685,187.7744,47.5230,0.5906,-7.1376
1364.000000,1,16.1685,187.8517,47.4535,0.4437,-9.0441
1364.000000,2,16.1685,187.9316,47.6257,0.5361,-9.8289
1364.000000,3,16.1685,188.0138,47.6102,0.4383,-10.1606
1364.000000,4,16.1685,188.6985,47.6259,-0.2307,-9.9364
1364.000000,5,16.1685,187.6195,47.7084,0.9309,-7.9381
1364.000000,6,16.1685,187.6985,47.5992,0.7427,-9.4854
1364.000000,7,16.1685,187.7799,47.4436,0.5056,-10.3050
1364.000000,8,16.1685,187.8638,47.5210,0.4992,-10.2368
1364.000000,9,16.1685,187.9501,47.6613,0.5531,-9.4951
1364.000000,10,16.1685,187.4646,47.4124,0.7897,-9.0598
1364.000000,11,16.1685,187.5454,47.6178,0.9144,-9.8748
1364.000000,12,16.1685,187.6286,47.7125,0.9258,-10.1047
1364.000000,13,16.1685,187.7142,47.6327,0.7605,-9.8928
1364.000000,14,16.1685,187.8021,47.4364,0.4763,-9.1529
1364.000000,15,16.1685,187.3098,47.6385,1.1707,-9.3685
1364.000000,16,16.1685,187.3924,47.5009,0.9505,-10.2191
1364.000000,17,16.1685,187.4774,47.4262,0.7907,-10.3145
1364.000000,18,16.1685,187.5649,47.5887,0.8658,-9.4801
1364.000000,19,16.1685,187.6546,47.7073,0.8946,-7.9298
1364.000000,20,16.1685,187.1549,47.6452,1.3323,-9.7109
1364.000000,21,16.1685,187.2394,47.5894,1.1920,-10.1360
1364.000000,22,16.1685,187.3264,47.6619,1.1774,-9.7212
1364.000000,23,16.1685,187.4158,47.5981,1.0243,-8.7070
1364.000000,24,16.1685,187.5074,47.3450,0.6796,-7.0290
1365.000000,0,16.2770,187.7381,47.5176,0.6215,-7.1108
1365.000000,1,16.2770,187.8159,47.4565,0.4826,-9.0153
1365.000000,2,16.2770,187.8961,47.6280,0.5738,-9.8038
1365.000000,3,16.2770,187.9789,47.6068,0.4699,-10.1440
1365.000000,4,16.2770,188.6640,47.6223,-0.1997,-9.9229
1365.000000,5,16.2770,187.5832,47.7086,0.9674,-7.9145
1365.000000,6,16.2770,187.6627,47.5980,0.7773,-9.4663
1365.000000,7,16.2770,187.7446,47.4391,0.5365,-10.2903
1365.000000,8,16.2770,187.8289,47.5220,0.5350,-10.2177
1365.000000,9,16.2770,187.9156,47.6622,0.5885,-9.4784
1365.000000,10,16.2770,187.4284,47.4100,0.8236,-9.0447
1365.000000,11,16.2770,187.5096,47.6171,0.9494,-9.8574
1365.000000,12,16.2770,187.5933,47.7125,0.9611,-10.0862
1365.000000,13,16.2770,187.6794,47.6321,0.7947,-9.8758
1365.000000,14,16.2770,187.7678,47.4346,0.5088,-9.1382
1365.000000,15,16.2770,187.2736,47.6395,1.2079,-9.3512
1365.000000,16,16.2770,187.3567,47.5019,0.9872,-10.1999
1365.000000,17,16.2770,187.4422,47.4214,0.8211,-10.3007
1365.000000,18,16.2770,187.5302,47.5875,0.8993,-9.4618
1365.000000,19,16.2770,187.6204,47.7071,0.9287,-7.9076
1365.000000,20,16.2770,187.1187,47.6418,1.3650,-9.6973
1365.000000,21,16.2770,187.2038,47.5853,1.2235,-10.1204
1365.000000,22,16.2770,187.2913,47.6640,1.2147,-9.6966
1365.000000,23,16.2770,187.3812,47.6005,1.0613,-8.6782
1365.000000,24,16.2770,187.4733,47.3363,0.7049,-7.0049
1366.000000,0,16.3860,187.7018,47.5120,0.6522,-7.0840
1366.000000,1,16.3860,187.7800,47.4595,0.5214,-8.9863
1366.000000,2,16.3860,187.8608,47.6303,0.6115,-9.7785
1366.000000,3,16.3860,187.9439,47.6032,0.5013,-10.1274
1366.000000,4,16.3860,188.6294,47.6186,-0.1688,-9.9093
1366.000000,5,16.3860,187.5470,47.7088,1.0038,-7.8909
1366.000000,6,16.3860,187.6269,47.5969,0.8119,-9.4471
1366.000000,7,16.3860,187.7093,47.4346,0.5673,-10.2756
1366.000000,8,16.3860,187.7941,47.5230,0.5708,-10.1984
1366.000000,9,16.3860,187.8812,47.6631,0.6238,-9.4616
1366.000000,10,16.3860,187.3922,47.4077,0.8575,-9.0296
1366.000000,11,16.3860,187.4739,47.6164,0.9844,-9.8399
1366.000000,12,16.3860,187.5581,47.7125,0.9963,-10.0677
1366.000000,13,16.3860,187.6446,47.6316,0.8289,-9.8588
1366.000000,14,16.3860,187.7335,47.4328,0.5413,-9.1235
1366.000000,15,16.3860,187.2374,47.6405,1.2451,-9.3337
1366.000000,16,16.3860,187.3210,47.5029,1.0238,-10.1806
1366.000000,17,16.3860,187.4071,47.4166,0.8515,-10.2869
1366.000000,18,16.3860,187.4955,47.5862,0.9327,-9.4435
1366.000000,19,16.3860,187.5862,47.7069,0.9626,-7.8853
1366.000000,20,16.3860,187.0825,47.6382,1.3977,-9.6836
1366.000000,21,16.3860,187.1681,47.5809,1.2547,-10.1048
1366.000000,22,16.3860,187.2562,47.6661,1.2519,-9.6718
1366.000000,23,16.3860,187.3466,47.6030,1.0983,-8.6492
1366.000000,24,16.3860,187.4393,47.3274,0.7301,-6.9808
1367.000000,0,16.4953,187.6655,47.5063,0.6827,-7.0571
1367.000000,1,16.4953,187.7442,47.4625,0.5603,-8.9571
1367.000000,2,16.4953,187.8254,47.6326,0.6491,-9.7531
1367.000000,3,16.4953,187.9090,47.5995,0.5325,-10.1108
1367.000000,4,16.4953,187.9949,47.6148,0.4619,-9.8360
1367.000000,5,16.4953,187.5107,47.7090,1.0402,-7.8672
1367.000000,6,16.4953,187.5912,47.5957,0.8465,-9.4278
1367.000000,7,16.4953,187.6740,47.4300,0.5980,-10.2609
1367.000000,8,16.4953,187.7593,47.5240,0.6066,-10.1790
1367.000000,9,16.4953,187.8469,47.6640,0.6590,-9.4448
1367.000000,10,16.4953,187.3560,47.4053,0.8913,-9.0144
1367.000000,11,16.4953,187.4382,47.6157,1.0194,-9.8223
1367.000000,12,16.4953,187.5229,47.7125,1.0315,-10.0490
1367.000000,13,16.4953,187.6099,47.6310,0.8631,-9.8417
1367.000000,14,16.4953,187.6993,47.4310,0.5737,-9.1088
1367.000000,15,16.4953,187.2012,47.6415,1.2823,-9.3162
1367.000000,16,16.4953,187.2854,47.5038,1.0604,-10.1612
1367.000000,17,16.4953,187.3719,47.4117,0.8817,-10.2731
1367.000000,18,16.4953,187.4609,47.5849,0.9660,-9.4252
1367.000000,19,16.4953,187.5521,47.7067,0.9966,-7.8631
1367.000000,20,16.4953,187.0464,47.6345,1.4301,-9.6699
1367.000000,21,16.4953,187.1325,47.5795,1.2890,-10.0859
1367.000000,22,16.4953,187.2211,47.6682,1.2891,-9.6469
1367.000000,23,16.4953,187.3120,47.6053,1.1353,-8.6201
1367.000000,24,16.4953,187.4052,47.3182,0.7549,-6.9567
1368.000000,0,16.6050,187.6293,47.5004,0.7131,-7.0303
1368.000000,1,16.6050,187.7084,47.4656,0.5991,-8.9278
1368.000000,2,16.6050,187.7901,47.6349,0.6868,-9.7276
1368.000000,3,16.6050,187.8741,47.5956,0.5635,-10.0942
1368.000000,4,16.6050,187.9605,47.6109,0.4924,-9.8227
1368.000000,5,16.6050,187.4745,47.7092,1.0766,-7.8435
1368.000000,6,16.6050,187.5554,47.5945,0.8810,-9.4085
1368.000000,7,16.6050,187.6388,47.4254,0.6286,-10.2462
1368.000000,8,16.6050,187.7245,47.5249,0.6424,-10.1595
1368.000000,9,16.6050,187.8125,47.6649,0.6943,-9.4278
1368.000000,10,16.6050,187.3198,47.4029,0.9251,-8.9993
1368.000000,11,16.6050,187.4025,47.6150,1.0544,-9.8047
1368.000000,12,16.6050,187.4877,47.7125,1.0667,-10.0303
1368.000000,13,16.6050,187.5752,47.6304,0.8972,-9.8245
1368.000000,14,16.6050,187.6651,47.4292,0.6061,-9.0941
1368.000000,15,16.6050,187.1651,47.6426,1.3195,-9.2986
1368.000000,16,16.6050,187.2497,47.5048,1.0971,-10.1417
1368.000000,17,16.6050,187.3368,47.4067,0.9118,-10.2594
1368.000000,18,16.6050,187.4263,47.5836,0.9993,-9.4068
1368.000000,19,16.6050,187.5180,47.7065,1.0304,-7.8407
1368.000000,20,16.6050,187.0102,47.6307,1.4624,-9.6563
1368.000000,21,16.6050,187.0969,47.5800,1.3250,-10.0648
1368.000000,22,16.6050,187.1861,47.6703,1.3262,-9.6219
1368.000000,23,16.6050,187.2775,47.6077,1.1721,-8.5910
1368.000000,24,16.6050,187.3712,47.3089,0.7796,-6.9327
1369.000000,0,16.7151,187.5931,47.4944,0.7433,-7.0034
1369.000000,1,16.7151,187.6727,47.4686,0.6379,-8.8984
1369.000000,2,16.7151,187.7547,47.6372,0.7244,-9.7020
1369.000000,3,16.7151,187.8392,47.5916,0.5944,-10.0777
1369.000000,4,16.7151,187.9260,47.6068,0.5228,-9.8094
1369.000000,5,16.7151,187.4384,47.7094,1.1130,-7.8197
1369.000000,6,16.7151,187.5197,47.5933,0.9155,-9.3891
1369.000000,7,16.7151,187.6035,47.4206,0.6591,-10.2315
1369.000000,8,16.7151,187.6897,47.5259,0.6782,-10.1400
1369.000000,9,16.7151,187.7783,47.6658,0.7295,-9.4108
1369.000000,10,16.7151,187.2837,47.4005,0.9588,-8.9841
1369.000000,11,16.7151,187.3669,47.6143,1.0893,-9.7870
1369.000000,12,16.7151,187.4525,47.7125,1.1019,-10.0115
1369.000000,13,16.7151,187.5406,47.6299,0.9313,-9.8073
1369.000000,14,16.7151,187.6309,47.4274,0.6384,-9.0793
1369.000000,15,16.7151,187.1289,47.6436,1.3567,-9.2808
1369.000000,16,16.7151,187.2141,47.5058,1.1337,-10.1221
1369.000000,17,16.7151,187.3017,47.4016,0.9418,-10.2456
1369.000000,18,16.7151,187.3917,47.5822,1.0325,-9.3884
1369.000000,19,16.7151,187.4839,47.7062,1.0643,-7.8183
1369.000000,20,16.7151,186.9741,47.6267,1.4946,-9.6427
1369.000000,21,16.7151,187.0614,47.5804,1.3610,-10.0436
1369.000000,22,16.7151,187.1510,47.6724,1.3633,-9.5968
1369.000000,23,16.7151,187.2430,47.6100,1.2089,-8.5617
1369.000000,24,16.7151,187.3373,47.2993,0.8040,-6.9087
1370.000000,0,16.8255,187.5569,47.4882,0.7733,-6.9765
1370.000000,1,16.8255,187.6369,47.4717,0.6767,-8.8688
1370.000000,2,16.8255,187.7195,47.6395,0.7620,-9.6762
1370.000000,3,16.8255,187.8044,47.5874,0.6250,-10.0612
1370.000000,4,16.8255,187.8917,47.6027,0.5530,-9.7961
1370.000000,5,16.8255,187.4022,47.7095,1.1493,-7.7958
1370.000000,6,16.8255,187.4840,47.5920,0.9500,-9.3697
1370.000000,7,16.8255,187.5683,47.4158,0.6894,-10.2168
1370.000000,8,16.8255,187.6550,47.5269,0.7139,-10.1203
1370.000000,9,16.8255,187.7440,47.6667,0.7647,-9.3937
1370.000000,10,16.8255,187.2475,47.3981,0.9926,-8.9688
1370.000000,11,16.8255,187.3313,47.6135,1.1242,-9.7693
1370.000000,12,16.8255,187.4174,47.7125,1.1370,-9.9925
1370.000000,13,16.8255,187.5059,47.6293,0.9653,-9.7900
1370.000000,14,16.8255,187.5968,47.4255,0.6707,-9.0645
1370.000000,15,16.8255,187.0928,47.6447,1.3938,-9.2630
1370.000000,16,16.8255,187.1785,47.5068,1.1702,-10.1024
1370.000000,17,16.8255,187.2667,47.3964,0.9717,-10.2319
1370.000000,18,16.8255,187.3572,47.5809,1.0657,-9.3699
1370.000000,19,16.8255,187.4499,47.7060,1.0980,-7.7959
1370.000000,20,16.8255,186.9380,47.6226,1.5266,-9.6290
1370.000000,21,16.8255,187.0258,47.5808,1.3969,-10.0223
1370.000000,22,16.8255,187.1160,47.6745,1.4004,-9.5715
1370.000000,23,16.8255,187.2086,47.6123,1.2456,-8.5323
1370.000000,24,16.8255,187.3034,47.2895,0.8281,-6.8848
1371.000000,0,16.9364,187.5207,47.4819,0.8032,-6.9496
1371.000000,1,16.9364,187.6012,47.4748,0.7155,-8.8390
1371.000000,2,16.9364,187.6842,47.6418,0.7996,-9.6502
1371.000000,3,16.9364,187.7696,47.5866,0.6590,-10.0409
1371.000000,4,16.9364,187.8573,47.5983,0.5830,-9.7829
1371.000000,5,16.9364,187.3660,47.7097,1.1857,-7.7718
1371.000000,6,16.9364,187.4484,47.5908,0.9844,-9.3502
1371.000000,7,16.9364,187.5331,47.4109,0.7197,-10.2021
1371.000000,8,16.9364,187.6203,47.5279,0.7496,-10.1005
1371.000000,9,16.9364,187.7098,47.6677,0.7999,-9.3765
1371.000000,10,16.9364,187.2114,47.3957,1.0263,-8.9536
1371.000000,11,16.9364,187.2956,47.6128,1.1591,-9.7514
1371.000000,12,16.9364,187.3823,47.7125,1.1721,-9.9735
1371.000000,13,16.9364,187.4713,47.6287,0.9993,-9.7726
1371.000000,14,16.9364,187.5627,47.4237,0.7030,-9.0497
1371.000000,15,16.9364,187.0567,47.6458,1.4310,-9.2451
1371.000000,16,16.9364,187.1430,47.5078,1.2068,-10.0825
1371.000000,17,16.9364,187.2316,47.3911,1.0014,-10.2181
1371.000000,18,16.9364,187.3226,47.5795,1.0988,-9.3514
1371.000000,19,16.9364,187.4159,47.7057,1.1317,-7.7735
1371.000000,20,16.9364,186.9019,47.6183,1.5584,-9.6154
1371.000000,21,16.9364,186.9903,47.5812,1.4329,-10.0009
1371.000000,22,16.9364,187.0811,47.6765,1.4374,-9.5462
1371.000000,23,16.9364,187.1742,47.6145,1.2823,-8.5028
1371.000000,24,16.9364,187.2695,47.2795,0.8520,-6.8609
1372.000000,0,17.0476,187.4845,47.4754,0.8328,-6.9226
1372.000000,1,17.0476,187.5655,47.4779,0.7543,-8.8091
1372.000000,2,17.0476,187.6490,47.6442,0.8372,-9.6242
1372.000000,3,17.0476,187.7348,47.5868,0.6940,-10.0193
1372.000000,4,17.0476,187.8230,47.5939,0.6128,-9.7696
1372.000000,5,17.0476,187.3299,47.7099,1.2220,-7.7478
1372.000000,6,17.0476,187.4127,47.5895,1.0187,-9.3307
1372.000000,7,17.0476,187.4980,47.4058,0.7498,-10.1873
1372.000000,8,17.0476,187.5856,47.5289,0.7853,-10.0806
1372.000000,9,17.0476,187.6756,47.6686,0.8350,-9.3593
1372.000000,10,17.0476,187.1753,47.3932,1.0599,-8.9383
1372.000000,11,17.0476,187.2600,47.6120,1.1939,-9.7335
1372.000000,12,17.0476,187.3472,47.7125,1.2072,-9.9544
1372.000000,13,17.0476,187.4368,47.6281,1.0333,-9.7552
1372.000000,14,17.0476,187.5286,47.4218,0.7352,-9.0349
1372.000000,15,17.0476,187.0206,47.6469,1.4682,-9.2270
1372.000000,16,17.0476,187.1074,47.5088,1.2434,-10.0625
1372.000000,17,17.0476,187.1966,47.3857,1.0310,-10.2044
1372.000000,18,17.0476,187.2882,47.5781,1.1319,-9.3328
1372.000000,19,17.0476,187.3820,47.7054,1.1654,-7.7510
1372.000000,20,17.0476,186.8658,47.6138,1.5900,-9.6018
1372.000000,21,17.0476,186.9548,47.5815,1.4687,-9.9793
1372.000000,22,17.0476,187.0461,47.6785,1.4743,-9.5208
1372.000000,23,17.0476,187.1398,47.6166,1.3188,-8.4733
1372.000000,24,17.0476,187.2357,47.2693,0.8755,-6.8370
1373.000000,0,17.1592,187.4483,47.4687,0.8623,-6.8957
1373.000000,1,17.1592,187.5298,47.4810,0.7931,-8.7790
1373.000000,2,17.1592,187.6138,47.6465,0.8747,-9.5980
1373.000000,3,17.1592,187.7001,47.5870,0.7289,-9.9976
1373.000000,4,17.1592,187.7887,47.5893,0.6425,-9.7564
1373.000000,5,17.1592,187.2937,47.7100,1.2582,-7.7237
1373.000000,6,17.1592,187.3771,47.5882,1.0531,-9.3111
1373.000000,7,17.1592,187.4629,47.4007,0.7798,-10.1726
1373.000000,8,17.1592,187.5510,47.5299,0.8209,-10.0605
1373.000000,9,17.1592,187.6414,47.6696,0.8701,-9.3420
1373.000000,10,17.1592,187.1391,47.3908,1.0936,-8.9230
1373.000000,11,17.1592,187.2245,47.6112,1.2287,-9.7155
1373.000000,12,17.1592,187.3122,47.7125,1.2422,-9.9352
1373.000000,13,17.1592,187.4022,47.6275,1.0672,-9.7377
1373.000000,14,17.1592,187.4946,47.4200,0.7674,-9.0200
1373.000000,15,17.1592,186.9845,47.6480,1.5054,-9.2089
1373.000000,16,17.1592,187.0719,47.5098,1.2799,-10.0425
1373.000000,17,17.1592,187.1616,47.3802,1.0605,-10.1907
1373.000000,18,17.1592,187.2537,47.5767,1.1649,-9.3143
1373.000000,19,17.1592,187.3481,47.7051,1.1989,-7.7284
1373.000000,20,17.1592,186.8297,47.6092,1.6215,-9.5883
1373.000000,21,17.1592,186.9193,47.5819,1.5046,-9.9576
1373.000000,22,17.1592,187.0112,47.6804,1.5112,-9.4953
1373.000000,23,17.1592,187.1054,47.6187,1.3552,-8.4436
1373.000000,24,17.1592,187.2019,47.2588,0.8989,-6.8132
1374.000000,0,17.2711,187.4122,47.4618,0.8916,-6.8687
1374.000000,1,17.2711,187.4942,47.4841,0.8319,-8.7488
1374.000000,2,17.2711,187.5786,47.6488,0.9122,-9.5717
1374.000000,3,17.2711,187.6654,47.5872,0.7638,-9.9758
1374.000000,4,17.2711,187.7545,47.5845,0.6720,-9.7432
1374.000000,5,17.2711,187.2576,47.7102,1.2945,-7.6995
1374.000000,6,17.2711,187.3415,47.5869,1.0874,-9.2914
1374.000000,7,17.2711,187.4278,47.3955,0.8097,-10.1579
1374.000000,8,17.2711,187.5164,47.5309,0.8565,-10.0404
1374.000000,9,17.2711,187.6073,47.6705,0.9052,-9.3245
1374.000000,10,17.2711,187.1031,47.3883,1.1272,-8.9077
1374.000000,11,17.2711,187.1889,47.6105,1.2635,-9.6975
1374.000000,12,17.2711,187.2771,47.7125,1.2773,-9.9159
1374.000000,13,17.2711,187.3677,47.6268,1.1011,-9.7202
1374.000000,14,17.2711,187.4606,47.4181,0.7995,-9.0052
1374.000000,15,17.2711,186.9484,47.6491,1.5426,-9.1906
1374.000000,16,17.2711,187.0364,47.5108,1.3164,-10.0223
1374.000000,17,17.2711,187.1267,47.3746,1.0899,-10.1771
1374.000000,18,17.2711,187.2193,47.5752,1.1979,-9.2956
1374.000000,19,17.2711,187.3142,47.7047,1.2325,-7.7058
1374.000000,20,17.2711,186.7937,47.6044,1.6527,-9.5747
1374.000000,21,17.2711,186.8838,47.5822,1.5403,-9.9358
1374.000000,22,17.2711,186.9763,47.6824,1.5480,-9.4697
1374.000000,23,17.2711,187.0711,47.6207,1.3916,-8.4138
1374.000000,24,17.2711,187.1681,47.2481,0.9219,-6.7894
1375.000000,0,17.3835,187.3760,47.4547,0.9207,-6.8417
1375.000000,1,17.3835,187.4585,47.4872,0.8706,-8.7185
1375.000000,2,17.3835,187.5434,47.6511,0.9497,-9.5453
1375.000000,3,17.3835,187.6307,47.5874,0.7986,-9.9539
1375.000000,4,17.3835,187.7203,47.5796,0.7013,-9.7301
1375.000000,5,17.3835,187.2215,47.7103,1.3307,-7.6752
1375.000000,6,17.3835,187.3059,47.5856,1.1216,-9.2717
1375.000000,7,17.3835,187.3927,47.3902,0.8395,-10.1432
1375.000000,8,17.3835,187.4818,47.5320,0.8921,-10.0202
1375.000000,9,17.3835,187.5733,47.6715,0.9402,-9.3070
1375.000000,10,17.3835,187.0670,47.3858,1.1607,-8.8924
1375.000000,11,17.3835,187.1534,47.6097,1.2983,-9.6794
1375.000000,12,17.3835,187.2421,47.7125,1.3123,-9.8965
1375.000000,13,17.3835,187.3333,47.6262,1.1349,-9.7026
1375.000000,14,17.3835,187.4266,47.4162,0.8316,-8.9903
1375.000000,15,17.3835,186.9124,47.6502,1.5798,-9.1722
1375.000000,16,17.3835,187.0009,47.5118,1.3529,-10.0020
1375.000000,17,17.3835,187.0917,47.3690,1.1192,-10.1634
1375.000000,18,17.3835,187.1849,47.5738,1.2308,-9.2770
1375.000000,19,17.3835,187.2804,47.7043,1.2659,-7.6832
1375.000000,20,17.3835,186.7576,47.5995,1.6838,-9.5612
1375.000000,21,17.3835,186.8484,47.5825,1.5761,-9.9139
1375.000000,22,17.3835,186.9414,47.6843,1.5848,-9.4440
1375.000000,23,17.3835,187.0368,47.6227,1.4278,-8.3840
1375.000000,24,17.3835,187.1344,47.2371,0.9447,-6.7657
1376.000000,0,17.4962,187.3399,47.4475,0.9495,-6.8147
1376.000000,1,17.4962,187.4229,47.4903,0.9093,-8.6879
1376.000000,2,17.4962,187.5083,47.6534,0.9871,-9.5187
1376.000000,3,17.4962,187.5961,47.5875,0.8334,-9.9318
1376.000000,4,17.4962,187.6861,47.5745,0.7304,-9.7170
1376.000000,5,17.4962,187.1854,47.7104,1.3669,-7.6509
1376.000000,6,17.4962,187.2703,47.5842,1.1558,-9.2519
1376.000000,7,17.4962,187.3576,47.3849,0.8692,-10.1286
1376.000000,8,17.4962,187.4473,47.5330,0.9276,-9.9999
1376.000000,9,17.4962,187.5392,47.6725,0.9752,-9.2894
1376.000000,10,17.4962,187.0309,47.3832,1.1943,-8.8770
1376.000000,11,17.4962,187.1178,47.6089,1.3330,-9.6612
1376.000000,12,17.4962,187.2072,47.7125,1.3473,-9.8771
1376.000000,13,17.4962,187.2988,47.6256,1.1687,-9.6850
1376.000000,14,17.4962,187.3927,47.4144,0.8636,-8.9753
1376.000000,15,17.4962,186.8763,47.6514,1.6170,-9.1537
1376.000000,16,17.4962,186.9654,47.5128,1.3894,-9.9816
1376.000000,17,17.4962,187.0568,47.3632,1.1483,-10.1498
1376.000000,18,17.4962,187.1506,47.5723,1.2637,-9.2583
1376.000000,19,17.4962,187.2466,47.7039,1.2993,-7.6605
1376.000000,20,17.4962,186.7216,47.5944,1.7147,-9.5478
1376.000000,21,17.4962,186.8129,47.5827,1.6118,-9.8919
1376.000000,22,17.4962,186.9066,47.6862,1.6215,-9.4183
1376.000000,23,17.4962,187.0026,47.6246,1.4640,-8.3540
1376.000000,24,17.4962,187.1007,47.2259,0.9671,-6.7421
1377.000000,0,17.6093,187.3038,47.4400,0.9782,-6.7877
1377.000000,1,17.6093,187.3873,47.4934,0.9480,-8.6573
1377.000000,2,17.6093,187.4732,47.6558,1.0245,-9.4920
1377.000000,3,17.6093,187.5615,47.5876,0.8681,-9.9097
1377.000000,4,17.6093,187.6520,47.5693,0.7593,-9.7039
1377.000000,5,17.6093,187.1494,47.7105,1.4031,-7.6265
1377.000000,6,17.6093,187.2348,47.5828,1.1900,-9.2321
1377.000000,7,17.6093,187.3226,47.3794,0.8987,-10.1139
1377.000000,8,17.6093,187.4128,47.5340,0.9632,-9.9795
1377.000000,9,17.6093,187.5052,47.6735,1.0102,-9.2718
1377.000000,10,17.6093,186.9949,47.3807,1.2278,-8.8616
1377.000000,11,17.6093,187.0824,47.6081,1.3677,-9.6429
1377.000000,12,17.6093,187.1722,47.7125,1.3822,-9.8575
1377.000000,13,17.6093,187.2644,47.6249,1.2025,-9.6673
1377.000000,14,17.6093,187.3588,47.4125,0.8956,-8.9604
1377.000000,15,17.6093,186.8403,47.6525,1.6542,-9.1351
1377.000000,16,17.6093,186.9300,47.5138,1.4258,-9.9610
1377.000000,17,17.6093,187.0220,47.3573,1.1773,-10.1363
1377.000000,18,17.6093,187.1163,47.5708,1.2965,-9.2395
1377.000000,19,17.6093,187.2128,47.7035,1.3327,-7.6377
1377.000000,20,17.6093,186.6856,47.5890,1.7454,-9.5343
1377.000000,21,17.6093,186.7775,47.5830,1.6474,-9.8697
1377.000000,22,17.6093,186.8718,47.6880,1.6582,-9.3924
1377.000000,23,17.6093,186.9684,47.6264,1.5000,-8.3240
1377.000000,24,17.6093,187.0671,47.2144,0.9893,-6.7185
1378.000000,0,17.7228,187.2677,47.4324,1.0066,-6.7607
1378.000000,1,17.7228,187.3517,47.4965,0.9867,-8.6265
1378.000000,2,17.7228,187.4381,47.6581,1.0619,-9.4652
1378.000000,3,17.7228,187.5269,47.5877,0.9028,-9.8874
1378.000000,4,17.7228,187.6179,47.5639,0.7880,-9.6908
1378.000000,5,17.7228,187.1133,47.7106,1.4393,-7.6020
1378.000000,6,17.7228,187.1993,47.5814,1.2241,-9.2122
1378.000000,7,17.7228,187.2876,47.3738,0.9281,-10.0992
1378.000000,8,17.7228,187.3783,47.5350,0.9986,-9.9589
1378.000000,9,17.7228,187.4713,47.6744,1.0451,-9.2540
1378.000000,10,17.7228,186.9588,47.3781,1.2612,-8.8461
1378.000000,11,17.7228,187.0469,47.6072,1.4023,-9.6246
1378.000000,12,17.7228,187.1373,47.7125,1.4171,-9.8379
1378.000000,13,17.7228,187.2300,47.6243,1.2362,-9.6495
1378.000000,14,17.7228,187.3250,47.4106,0.9275,-8.9454
1378.000000,15,17.7228,186.8043,47.6537,1.6914,-9.1164
1378.000000,16,17.7228,186.8945,47.5148,1.4623,-9.9404
1378.000000,17,17.7228,186.9871,47.3513,1.2061,-10.1227
1378.000000,18,17.7228,187.0820,47.5692,1.3292,-9.2207
1378.000000,19,17.7228,187.1791,47.7031,1.3659,-7.6150
1378.000000,20,17.7228,186.6496,47.5835,1.7758,-9.5209
1378.000000,21,17.7228,186.7422,47.5832,1.6830,-9.8475
1378.000000,22,17.7228,186.8370,47.6898,1.6947,-9.3665
1378.000000,23,17.7228,186.9342,47.6281,1.5359,-8.2939
1378.000000,24,17.7228,187.0335,47.2027,1.0112,-6.6950
1379.000000,0,17.8366,187.2317,47.4245,1.0348,-6.7337
1379.000000,1,17.8366,187.3162,47.4995,1.0253,-8.5955
1379.000000,2,17.8366,187.4031,47.6603,1.0992,-9.4383
1379.000000,3,17.8366,187.4923,47.5878,0.9374,-9.8650
1379.000000,4,17.8366,187.5839,47.5584,0.8165,-9.6779
1379.000000,5,17.8366,187.0773,47.7107,1.4754,-7.5775
1379.000000,6,17.8366,187.1638,47.5800,1.2582,-9.1923
1379.000000,7,17.8366,187.2526,47.3681,0.9574,-10.0846
1379.000000,8,17.8366,187.3439,47.5360,1.0341,-9.9383
1379.000000,9,17.8366,187.4373,47.6754,1.0800,-9.2362
1379.000000,10,17.8366,186.9228,47.3755,1.2947,-8.8307
1379.000000,11,17.8366,187.0114,47.6064,1.4369,-9.6062
1379.000000,12,17.8366,187.1024,47.7125,1.4520,-9.8181
1379.000000,13,17.8366,187.1957,47.6236,1.2699,-9.6317
1379.000000,14,17.8366,187.2912,47.4087,0.9594,-8.9304
1379.000000,15,17.8366,186.7683,47.6549,1.7285,-9.0976
1379.000000,16,17.8366,186.8591,47.5158,1.4987,-9.9197
1379.000000,17,17.8366,186.9523,47.3452,1.2349,-10.1092
1379.000000,18,17.8366,187.0478,47.5677,1.3619,-9.2019
1379.000000,19,17.8366,187.1454,47.7026,1.3992,-7.5922
1379.000000,20,17.8366,186.6137,47.5778,1.8061,-9.5076
1379.000000,21,17.8366,186.7068,47.5834,1.7185,-9.8251
1379.000000,22,17.8366,186.8023,47.6915,1.7312,-9.3404
1379.000000,23,17.8366,186.9000,47.6298,1.5717,-8.2637
1379.000000,24,17.8366,186.9999,47.1907,1.0327,-6.6716
1380.000000,0,17.9509,187.1956,47.4165,1.0628,-6.7067
1380.000000,1,17.9509,187.2806,47.5026,1.0640,-8.5644
1380.000000,2,17.9509,187.3680,47.6626,1.1365,-9.4113
1380.000000,3,17.9509,187.4578,47.5878,0.9720,-9.8425
1380.000000,4,17.9509,187.5499,47.5527,0.8448,-9.6649
1380.000000,5,17.9509,187.0412,47.7107,1.5115,-7.5528
1380.000000,6,17.9509,187.1283,47.5786,1.2923,-9.1723
1380.000000,7,17.9509,187.2177,47.3623,0.9866,-10.0700
1380.000000,8,17.9509,187.3095,47.5370,1.0695,-9.9176
1380.000000,9,17.9509,187.4035,47.6764,1.1149,-9.2183
1380.000000,10,17.9509,186.8868,47.3729,1.3281,-8.8152
1380.000000,11,17.9509,186.9760,47.6056,1.4715,-9.5877
1380.000000,12,17.9509,187.0675,47.7125,1.4869,-9.7983
1380.000000,13,17.9509,187.1614,47.6229,1.3035,-9.6138
1380.000000,14,17.9509,187.2574,47.4068,0.9913,-8.9154
1380.000000,15,17.9509,186.7323,47.6561,1.7657,-9.0786
1380.000000,16,17.9509,186.8237,47.5168,1.5350,-9.8988
1380.000000,17,17.9509,186.9175,47.3390,1.2634,-10.0958
1380.000000,18,17.9509,187.0135,47.5661,1.3945,-9.1830
1380.000000,19,17.9509,187.1118,47.7021,1.4323,-7.5693
1380.000000,20,17.9509,186.5777,47.5719,1.8361,-9.4944
1380.000000,21,17.9509,186.6715,47.5835,1.7540,-9.8027
1380.000000,22,17.9509,186.7676,47.6932,1.7676,-9.3143
1380.000000,23,17.9509,186.8659,47.6314,1.6074,-8.2334
1380.000000,24,17.9509,186.9664,47.1784,1.0540,-6.6482
1381.000000,0,18.0655,187.1595,47.4082,1.0906,-6.6796
1381.000000,1,18.0655,187.2451,47.5057,1.1025,-8.5332
1381.000000,2,18.0655,187.3331,47.6649,1.1738,-9.3841
1381.000000,3,18.0655,187.4233,47.5878,1.0065,-9.8199
1381.000000,4,18.0655,187.5159,47.5468,0.8728,-9.6521
1381.000000,5,18.0655,187.0052,47.7108,1.5476,-7.5281
1381.000000,6,18.0655,187.0928,47.5771,1.3263,-9.1523
1381.000000,7,18.0655,187.1828,47.3564,1.0156,-10.0554
1381.000000,8,18.0655,187.2751,47.5380,1.1049,-9.8967
1381.000000,9,18.0655,187.3696,47.6774,1.1498,-9.2002
1381.000000,10,18.0655,186.8508,47.3703,1.3615,-8.7996
1381.000000,11,18.0655,186.9406,47.6047,1.5061,-9.5692
1381.000000,12,18.0655,187.0327,47.7125,1.5217,-9.7783
1381.000000,13,18.0655,187.1271,47.6222,1.3371,-9.5959
1381.000000,14,18.0655,187.2237,47.4049,1.0231,-8.9003
1381.000000,15,18.0655,186.6964,47.6573,1.8028,-9.0596
1381.000000,16,18.0655,186.7884,47.5178,1.5714,-9.8779
1381.000000,17,18.0655,186.8828,47.3327,1.2919,-10.0823
1381.000000,18,18.0655,186.9794,47.5645,1.4271,-9.1641
1381.000000,19,18.0655,187.0782,47.7016,1.4654,-7.5464
1381.000000,20,18.0655,186.5418,47.5658,1.8659,-9.4812
1381.000000,21,18.0655,186.6362,47.5836,1.7894,-9.7801
1381.000000,22,18.0655,186.7329,47.6949,1.8039,-9.2882
1381.000000,23,18.0655,186.8319,47.6328,1.6429,-8.2031
1381.000000,24,18.0655,186.9330,47.1659,1.0749,-6.6249
1382.000000,0,18.1804,187.1235,47.3997,1.1181,-6.6526
1382.000000,1,18.1804,187.2096,47.5087,1.1411,-8.5018
1382.000000,2,18.1804,187.2981,47.6671,1.2110,-9.3569
1382.000000,3,18.1804,187.3889,47.5878,1.0409,-9.7972
1382.000000,4,18.1804,187.4820,47.5407,0.9007,-9.6393
1382.000000,5,18.1804,186.9692,47.7108,1.5836,-7.5033
1382.000000,6,18.1804,187.0574,47.5756,1.3602,-9.1322
1382.000000,7,18.1804,187.1479,47.3505,1.0445,-10.0408
1382.000000,8,18.1804,187.2407,47.5390,1.1402,-9.8758
1382.000000,9,18.1804,187.3358,47.6784,1.1846,-9.1821
1382.000000,10,18.1804,186.8149,47.3677,1.3948,-8.7841
1382.000000,11,18.1804,186.9052,47.6038,1.5406,-9.5506
1382.000000,12,18.1804,186.9979,47.7125,1.5565,-9.7583
1382.000000,13,18.1804,187.0929,47.6215,1.3706,-9.5779
1382.000000,14,18.1804,187.1900,47.4030,1.0549,-8.8852
1382.000000,15,18.1804,186.6605,47.6585,1.8400,-9.0404
1382.000000,16,18.1804,186.7531,47.5188,1.6077,-9.8568
1382.000000,17,18.1804,186.8480,47.3262,1.3202,-10.0690
1382.000000,18,18.1804,186.9452,47.5629,1.4596,-9.1452
1382.000000,19,18.1804,187.0446,47.7010,1.4984,-7.5235
1382.000000,20,18.1804,186.5059,47.5594,1.8955,-9.4680
1382.000000,21,18.1804,186.6009,47.5837,1.8247,-9.7575
1382.000000,22,18.1804,186.6983,47.6965,1.8402,-9.2619
1382.000000,23,18.1804,186.7978,47.6342,1.6783,-8.1727
1382.000000,24,18.1804,186.8995,47.1531,1.0955,-6.6017
1383.000000,0,18.2958,187.0875,47.3910,1.1454,-6.6256
1383.000000,1,18.2958,187.1741,47.5117,1.1795,-8.4703
1383.000000,2,18.2958,187.2631,47.6694,1.2482,-9.3295
1383.000000,3,18.2958,187.3545,47.5878,1.0753,-9.7744
1383.000000,4,18.2958,187.4481,47.5344,0.9283,-9.6265
1383.000000,5,18.2958,186.9332,47.7109,1.6196,-7.4784
1383.000000,6,18.2958,187.0219,47.5741,1.3941,-9.1120
1383.000000,7,18.2958,187.1130,47.3444,1.0733,-10.0263
1383.000000,8,18.2958,187.2064,47.5400,1.1755,-9.8548
1383.000000,9,18.2958,187.3020,47.6794,1.2193,-9.1640
1383.000000,10,18.2958,186.7789,47.3651,1.4281,-8.7684
1383.000000,11,18.2958,186.8698,47.6029,1.5751,-9.5319
1383.000000,12,18.2958,186.9631,47.7125,1.5913,-9.7382
1383.000000,13,18.2958,187.0587,47.6208,1.4041,-9.5599
1383.000000,14,18.2958,187.1564,47.4010,1.0866,-8.8701
1383.000000,15,18.2958,186.6245,47.6597,1.8771,-9.0211
1383.000000,16,18.2958,186.7178,47.5198,1.6440,-9.8357
1383.000000,17,18.2958,186.8133,47.3197,1.3483,-10.0556
1383.000000,18,18.2958,186.9111,47.5612,1.4920,-9.1262
1383.000000,19,18.2958,187.0111,47.7004,1.5313,-7.5005
1383.000000,20,18.2958,186.4700,47.5529,1.9248,-9.4550
1383.000000,21,18.2958,186.5657,47.5837,1.8599,-9.7347
1383.000000,22,18.2958,186.6637,47.6980,1.8763,-9.2356
1383.000000,23,18.2958,186.7638,47.6355,1.7136,-8.1422
1383.000000,24,18.2958,186.8662,47.1399,1.1157,-6.5786
1384.000000,0,18.4115,187.0515,47.3820,1.1725,-6.5986
1384.000000,1,18.4115,187.1387,47.5147,1.2180,-8.4386
1384.000000,2,18.4115,187.2282,47.6716,1.2853,-9.3020
1384.000000,3,18.4115,187.3201,47.5877,1.1096,-9.7515
1384.000000,4,18.4115,187.4142,47.5280,0.9557,-9.6139
1384.000000,5,18.4115,186.8973,47.7109,1.6556,-7.4535
1384.000000,6,18.4115,186.9866,47.5726,1.4280,-9.0918
1384.000000,7,18.4115,187.0782,47.3381,1.1019,-10.0118
1384.000000,8,18.4115,187.1721,47.5409,1.2108,-9.8337
1384.000000,9,18.4115,187.2683,47.6804,1.2541,-9.1457
1384.000000,10,18.4115,186.7430,47.3624,1.4614,-8.7528
1384.000000,11,18.4115,186.8345,47.6021,1.6095,-9.5132
1384.000000,12,18.4115,186.9284,47.7125,1.6261,-9.7180
1384.000000,13,18.4115,187.0245,47.6201,1.4376,-9.5418
1384.000000,14,18.4115,187.1228,47.3991,1.1183,-8.8550
1384.000000,15,18.4115,186.5886,47.6609,1.9142,-9.0017
1384.000000,16,18.4115,186.6825,47.5207,1.6802,-9.8144
1384.000000,17,18.4115,186.7787,47.3130,1.3763,-10.0424
1384.000000,18,18.4115,186.8771,47.5595,1.5244,-9.1072
1384.000000,19,18.4115,186.9776,47.6998,1.5641,-7.4774
1384.000000,20,18.4115,186.4342,47.5461,1.9538,-9.4420
1384.000000,21,18.4115,186.5305,47.5837,1.8951,-9.7119
1384.000000,22,18.4115,186.6291,47.6995,1.9124,-9.2093
1384.000000,23,18.4115,186.7299,47.6366,1.7487,-8.1116
1384.000000,24,18.4115,186.8328,47.1265,1.1356,-6.5556
1385.000000,0,18.5276,187.0155,47.3728,1.1992,-6.5717
1385.000000,1,18.5276,187.1032,47.5177,1.2564,-8.4068
1385.000000,2,18.5276,187.1933,47.6738,1.3224,-9.2745
1385.000000,3,18.5276,187.2857,47.5876,1.1438,-9.7285
1385.000000,4,18.5276,187.3804,47.5213,0.9829,-9.6013
1385.000000,5,18.5276,186.8613,47.7109,1.6915,-7.4285
1385.000000,6,18.5276,186.9512,47.5710,1.4618,-9.0716
1385.000000,7,18.5276,187.0434,47.3318,1.1304,-9.9973
1385.000000,8,18.5276,187.1379,47.5419,1.2460,-9.8125
1385.000000,9,18.5276,187.2346,47.6814,1.2888,-9.1273
1385.000000,10,18.5276,186.7071,47.3597,1.4946,-8.7371
1385.000000,11,18.5276,186.7992,47.6011,1.6439,-9.4944
1385.000000,12,18.5276,186.8936,47.7125,1.6608,-9.6978
1385.000000,13,18.5276,186.9903,47.6194,1.4710,-9.5236
1385.000000,14,18.5276,187.0892,47.3972,1.1499,-8.8398
1385.000000,15,18.5276,186.5528,47.6622,1.9514,-8.9822
1385.000000,16,18.5276,186.6472,47.5217,1.7164,-9.7931
1385.000000,17,18.5276,186.7440,47.3062,1.4042,-10.0292
1385.000000,18,18.5276,186.8431,47.5578,1.5567,-9.0882
1385.000000,19,18.5276,186.9442,47.6992,1.5969,-7.4544
1385.000000,20,18.5276,186.3984,47.5390,1.9826,-9.4291
1385.000000,21,18.5276,186.4953,47.5836,1.9303,-9.6890
1385.000000,22,18.5276,186.5946,47.7009,1.9483,-9.1829
1385.000000,23,18.5276,186.6960,47.6377,1.7836,-8.0810
1385.000000,24,18.5276,186.7996,47.1128,1.1552,-6.5327
1386.000000,0,18.6440,186.9795,47.3633,1.2258,-6.5447
1386.000000,1,18.6440,187.0678,47.5206,1.2947,-8.3749
1386.000000,2,18.6440,187.1585,47.6759,1.3594,-9.2468
1386.000000,3,18.6440,187.2514,47.5874,1.1780,-9.7054
1386.000000,4,18.6440,187.3466,47.5145,1.0098,-9.5888
1386.000000,5,18.6440,186.8254,47.7108,1.7274,-7.4034
1386.000000,6,18.6440,186.9158,47.5694,1.4956,-9.0513
1386.000000,7,18.6440,187.0086,47.3254,1.1587,-9.9829
1386.000000,8,18.6440,187.1037,47.5429,1.2811,-9.7912
1386.000000,9,18.6440,187.2010,47.6824,1.3234,-9.1089
1386.000000,10,18.6440,186.6712,47.3570,1.5278,-8.7214
1386.000000,11,18.6440,186.7639,47.6002,1.6783,-9.4755
1386.000000,12,18.6440,186.8590,47.7125,1.6955,-9.6774
1386.000000,13,18.6440,186.9562,47.6186,1.5043,-9.5054
1386.000000,14,18.6440,187.0557,47.3953,1.1815,-8.8246
1386.000000,15,18.6440,186.5169,47.6634,1.9885,-8.9625
1386.000000,16,18.6440,186.6120,47.5226,1.7526,-9.7716
1386.000000,17,18.6440,186.7094,47.2993,1.4319,-10.0160
1386.000000,18,18.6440,186.8091,47.5561,1.5890,-9.0691
1386.000000,19,18.6440,186.9108,47.6985,1.6296,-7.4313
1386.000000,20,18.6440,186.3626,47.5318,2.0112,-9.4163
1386.000000,21,18.6440,186.4602,47.5835,1.9653,-9.6660
1386.000000,22,18.6440,186.5601,47.7023,1.9842,-9.1564
1386.000000,23,18.6440,186.6621,47.6386,1.8184,-8.0504
1386.000000,24,18.6440,186.7663,47.0988,1.1744,-6.5099
1387.000000,0,18.7608,186.9436,47.3536,1.2520,-6.5178
1387.000000,1,18.7608,187.0324,47.5235,1.3330,-8.3428
1387.000000,2,18.7608,187.1236,47.6781,1.3964,-9.2190
1387.000000,3,18.7608,187.2171,47.5872,1.2121,-9.6822
1387.000000,4,18.7608,187.3128,47.5074,1.0365,-9.5764
1387.000000,5,18.7608,186.7895,47.7108,1.7633,-7.3782
1387.000000,6,18.7608,186.8805,47.5678,1.5293,-9.0309
1387.000000,7,18.7608,186.9739,47.3188,1.1869,-9.9685
1387.000000,8,18.7608,187.0695,47.5438,1.3162,-9.7698
1387.000000,9,18.7608,187.1673,47.6834,1.3580,-9.0904
1387.000000,10,18.7608,186.6353,47.3543,1.5610,-8.7057
1387.000000,11,18.7608,186.7286,47.5993,1.7126,-9.4565
1387.000000,12,18.7608,186.8243,47.7125,1.7301,-9.6570
1387.000000,13,18.7608,186.9222,47.6179,1.5376,-9.4872
1387.000000,14,18.7608,187.0222,47.3933,1.2131,-8.8093
1387.000000,15,18.7608,186.4811,47.6647,2.0255,-8.9428
1387.000000,16,18.7608,186.5768,47.5235,1.7887,-9.7501
1387.000000,17,18.7608,186.6749,47.2923,1.4594,-10.0029
1387.000000,18,18.7608,186.7751,47.5543,1.6212,-9.0500
1387.000000,19,18.7608,186.8775,47.6978,1.6622,-7.4081
1387.000000,20,18.7608,186.3268,47.5243,2.0394,-9.4037
1387.000000,21,18.7608,186.4250,47.5833,2.0003,-9.6429
1387.000000,22,18.7608,186.5256,47.7035,2.0199,-9.1299
1387.000000,23,18.7608,186.6283,47.6394,1.8530,-8.0196
1387.000000,24,18.7608,186.7331,47.0844,1.1932,-6.4871
1388.000000,0,18.8780,186.9077,47.3437,1.2780,-6.4909
1388.000000,1,18.8780,186.9971,47.5263,1.3712,-8.3106
1388.000000,2,18.8780,187.0888,47.6802,1.4333,-9.1911
1388.000000,3,18.8780,187.1829,47.5870,1.2461,-9.6590
1388.000000,4,18.8780,187.2791,47.5002,1.0630,-9.5641
1388.000000,5,18.8780,186.7536,47.7107,1.7991,-7.3529
1388.000000,6,18.8780,186.8452,47.5662,1.5630,-9.0105
1388.000000,7,18.8780,186.9392,47.3122,1.2150,-9.9541
1388.000000,8,18.8780,187.0354,47.5447,1.3513,-9.7484
1388.000000,9,18.8780,187.1338,47.6844,1.3926,-9.0718
1388.000000,10,18.8780,186.5995,47.3516,1.5941,-8.6899
1388.000000,11,18.8780,186.6934,47.5983,1.7469,-9.4375
1388.000000,12,18.8780,186.7897,47.7125,1.7648,-9.6364
1388.000000,13,18.8780,186.8882,47.6171,1.5709,-9.4689
1388.000000,14,18.8780,186.9888,47.3914,1.2446,-8.7941
1388.000000,15,18.8780,186.4453,47.6659,2.0626,-8.9229
1388.000000,16,18.8780,186.5417,47.5244,1.8247,-9.7285
1388.000000,17,18.8780,186.6403,47.2851,1.4868,-9.9899
1388.000000,18,18.8780,186.7412,47.5525,1.6533,-9.0309
1388.000000,19,18.8780,186.8442,47.6970,1.6948,-7.3849
1388.000000,20,18.8780,186.2910,47.5165,2.0674,-9.3911
1388.000000,21,18.8780,186.3900,47.5831,2.0351,-9.6197
1388.000000,22,18.8780,186.4912,47.7047,2.0555,-9.1033
1388.000000,23,18.8780,186.5945,47.6400,1.8875,-7.9889
1388.000000,24,18.8780,186.7000,47.0697,1.2117,-6.4646
1389.000000,0,18.9955,186.8717,47.3335,1.3037,-6.4640
1389.000000,1,18.9955,186.9617,47.5291,1.4094,-8.2783
1389.000000,2,18.9955,187.0541,47.6823,1.4702,-9.1632
1389.000000,3,18.9955,187.1487,47.5867,1.2800,-9.6356
1389.000000,4,18.9955,187.2455,47.4927,1.0891,-9.5519
1389.000000,5,18.9955,186.7177,47.7106,1.8349,-7.3275
1389.000000,6,18.9955,186.8099,47.5645,1.5966,-8.9901
1389.000000,7,18.9955,186.9045,47.3054,1.2429,-9.9398
1389.000000,8,18.9955,187.0013,47.5456,1.3863,-9.7269
1389.000000,9,18.9955,187.1003,47.6854,1.4271,-9.0531
1389.000000,10,18.9955,186.5636,47.3488,1.6272,-8.6741
1389.000000,11,18.9955,186.6582,47.5974,1.7811,-9.4184
1389.000000,12,18.9955,186.7551,47.7125,1.7993,-9.6158
1389.000000,13,18.9955,186.8542,47.6163,1.6041,-9.4505
1389.000000,14,18.9955,186.9554,47.3895,1.2760,-8.7788
1389.000000,15,18.9955,186.4095,47.6672,2.0997,-8.9029
1389.000000,16,18.9955,186.5065,47.5253,1.8608,-9.7068
1389.000000,17,18.9955,186.6058,47.2779,1.5140,-9.9770
1389.000000,18,18.9955,186.7074,47.5507,1.6853,-9.0117
1389.000000,19,18.9955,186.8110,47.6962,1.7272,-7.3617
1389.000000,20,18.9955,186.2553,47.5084,2.0951,-9.3787
1389.000000,21,18.9955,186.3549,47.5829,2.0699,-9.5965
1389.000000,22,18.9955,186.4568,47.7058,2.0910,-9.0767
1389.000000,23,18.9955,186.5608,47.6406,1.9217,-7.9581
1389.000000,24,18.9955,186.6669,47.0547,1.2298,-6.4421
1390.000000,0,19.1134,186.8358,47.3230,1.3291,-6.4372
1390.000000,1,19.1134,186.9264,47.5319,1.4475,-8.2458
1390.000000,2,19.1134,187.0193,47.6843,1.5069,-9.1351
1390.000000,3,19.1134,187.1145,47.5864,1.3139,-9.6122
1390.000000,4,19.1134,187.2119,47.4850,1.1151,-9.5398
1390.000000,5,19.1134,186.6818,47.7105,1.8706,-7.3021
1390.000000,6,19.1134,186.7747,47.5629,1.6302,-8.9696
1390.000000,7,19.1134,186.8698,47.2985,1.2706,-9.9256
1390.000000,8,19.1134,186.9672,47.5465,1.4213,-9.7053
1390.000000,9,19.1134,187.0668,47.6864,1.4616,-9.0343
1390.000000,10,19.1134,186.5278,47.3461,1.6602,-8.6582
1390.000000,11,19.1134,186.6230,47.5964,1.8153,-9.3993
1390.000000,12,19.1134,186.7205,47.7125,1.8339,-9.5951
1390.000000,13,19.1134,186.8202,47.6155,1.6373,-9.4321
1390.000000,14,19.1134,186.9221,47.3875,1.3074,-8.7634
1390.000000,15,19.1134,186.3737,47.6685,2.1367,-8.8827
1390.000000,16,19.1134,186.4714,47.5262,1.8967,-9.6850
1390.000000,17,19.1134,186.5714,47.2704,1.5410,-9.9641
1390.000000,18,19.1134,186.6735,47.5489,1.7173,-8.9925
1390.000000,19,19.1134,186.7778,47.6954,1.7596,-7.3384
1390.000000,20,19.1134,186.2196,47.5001,2.1225,-9.3664
1390.000000,21,19.1134,186.3199,47.5825,2.1046,-9.5732
1390.000000,22,19.1134,186.4224,47.7068,2.1264,-9.0501
1390.000000,23,19.1134,186.5271,47.6409,1.9558,-7.9272
1390.000000,24,19.1134,186.6339,47.0394,1.2475,-6.4198
1391.000000,0,19.2317,186.8000,47.3122,1.3542,-6.4104
1391.000000,1,19.2317,186.8911,47.5346,1.4855,-8.2133
1391.000000,2,19.2317,186.9846,47.6863,1.5436,-9.1070
1391.000000,3,19.2317,187.0803,47.5861,1.3477,-9.5887
1391.000000,4,19.2317,187.1783,47.4770,1.1407,-9.5278
1391.000000,5,19.2317,186.6460,47.7104,1.9064,-7.2766
1391.000000,6,19.2317,186.7394,47.5611,1.6637,-8.9491
1391.000000,7,19.2317,186.8352,47.2914,1.2982,-9.9114
1391.000000,8,19.2317,186.9332,47.5474,1.4562,-9.6836
1391.000000,9,19.2317,187.0333,47.6874,1.4961,-9.0155
1391.000000,10,19.2317,186.4920,47.3433,1.6932,-8.6423
1391.000000,11,19.2317,186.5879,47.5954,1.8495,-9.3801
1391.000000,12,19.2317,186.6860,47.7125,1.8684,-9.5743
1391.000000,13,19.2317,186.7863,47.6147,1.6704,-9.4137
1391.000000,14,19.2317,186.8888,47.3856,1.3388,-8.7480
1391.000000,15,19.2317,186.3380,47.6697,2.1737,-8.8625
1391.000000,16,19.2317,186.4364,47.5271,1.9327,-9.6631
1391.000000,17,19.2317,186.5370,47.2629,1.5679,-9.9513
1391.000000,18,19.2317,186.6398,47.5470,1.7492,-8.9733
1391.000000,19,19.2317,186.7446,47.6945,1.7919,-7.3151
1391.000000,20,19.2317,186.1839,47.4916,2.1496,-9.3542
1391.000000,21,19.2317,186.2849,47.5821,2.1392,-9.5499
1391.000000,22,19.2317,186.3881,47.7078,2.1616,-9.0234
1391.000000,23,19.2317,186.4935,47.6412,1.9896,-7.8963
1391.000000,24,19.2317,186.6009,47.0237,1.2648,-6.3975
1392.000000,0,19.3503,186.7641,47.3011,1.3790,-6.3836
1392.000000,1,19.3503,186.8558,47.5373,1.5234,-8.1806
1392.000000,2,19.3503,186.9499,47.6882,1.5803,-9.0788
1392.000000,3,19.3503,187.0462,47.5856,1.3814,-9.5651
1392.000000,4,19.3503,187.1447,47.4689,1.1661,-9.5159
1392.000000,5,19.3503,186.6102,47.7102,1.9420,-7.2510
1392.000000,6,19.3503,186.7042,47.5594,1.6971,-8.9285
1392.000000,7,19.3503,186.8006,47.2843,1.3256,-9.8972
1392.000000,8,19.3503,186.8992,47.5483,1.4910,-9.6618
1392.000000,9,19.3503,186.9999,47.6884,1.5305,-8.9965
1392.000000,10,19.3503,186.4563,47.3405,1.7262,-8.6264
1392.000000,11,19.3503,186.5527,47.5944,1.8836,-9.3608
1392.000000,12,19.3503,186.6515,47.7125,1.9029,-9.5535
1392.000000,13,19.3503,186.7525,47.6139,1.7034,-9.3952
1392.000000,14,19.3503,186.8555,47.3837,1.3701,-8.7326
1392.000000,15,19.3503,186.3023,47.6710,2.2107,-8.8421
1392.000000,16,19.3503,186.4013,47.5279,1.9685,-9.6412
1392.000000,17,19.3503,186.5026,47.2552,1.5946,-9.9386
1392.000000,18,19.3503,186.6060,47.5451,1.7810,-8.9540
1392.000000,19,19.3503,186.7116,47.6936,1.8240,-7.2918
1392.000000,20,19.3503,186.1483,47.4827,2.1763,-9.3422
1392.000000,21,19.3503,186.2500,47.5817,2.1737,-9.5264
1392.000000,22,19.3503,186.3539,47.7086,2.1967,-8.9967
1392.000000,23,19.3503,186.4599,47.6412,2.0233,-7.8654
1392.000000,24,19.3503,186.5680,47.0099,1.2839,-6.3728
1393.000000,0,19.4693,186.7283,47.2898,1.4035,-6.3569
1393.000000,1,19.4693,186.8206,47.5398,1.5612,-8.1477
1393.000000,2,19.4693,186.9153,47.6901,1.6168,-9.0505
1393.000000,3,19.4693,187.0122,47.5852,1.4150,-9.5414
1393.000000,4,19.4693,187.1112,47.4604,1.1912,-9.5042
1393.000000,5,19.4693,186.5744,47.7101,1.9776,-7.2253
1393.000000,6,19.4693,186.6691,47.5576,1.7305,-8.9078
1393.000000,7,19.4693,186.7661,47.2770,1.3529,-9.8832
1393.000000,8,19.4693,186.8652,47.5491,1.5258,-9.6400
1393.000000,9,19.4693,186.9666,47.6894,1.5648,-8.9775
1393.000000,10,19.4693,186.4205,47.3377,1.7592,-8.6104
1393.000000,11,19.4693,186.5177,47.5934,1.9177,-9.3415
1393.000000,12,19.4693,186.6171,47.7125,1.9374,-9.5326
1393.000000,13,19.4693,186.7186,47.6131,1.7364,-9.3766
1393.000000,14,19.4693,186.8223,47.3817,1.4013,-8.7172
1393.000000,15,19.4693,186.2666,47.6723,2.2476,-8.8216
1393.000000,16,19.4693,186.3663,47.5287,2.0043,-9.6191
1393.000000,17,19.4693,186.4683,47.2474,1.6211,-9.9259
1393.000000,18,19.4693,186.5724,47.5432,1.8128,-8.9347
1393.000000,19,19.4693,186.6785,47.6927,1.8561,-7.2684
1393.000000,20,19.4693,186.1127,47.4735,2.2028,-9.3303
1393.000000,21,19.4693,186.2151,47.5812,2.2081,-9.5030
1393.000000,22,19.4693,186.3197,47.7094,2.2317,-8.9700
1393.000000,23,19.4693,186.4264,47.6411,2.0567,-7.8345
1393.000000,24,19.4693,186.5351,47.0017,1.3086,-6.3407
1394.000000,0,19.5886,186.6924,47.2781,1.4277,-6.3303
1394.000000,1,19.5886,186.7854,47.5424,1.5990,-8.1148
1394.000000,2,19.5886,186.8806,47.6920,1.6533,-9.0221
1394.000000,3,19.5886,186.9781,47.5847,1.4485,-9.5177
1394.000000,4,19.5886,187.0778,47.4518,1.2160,-9.4927
1394.000000,5,19.5886,186.5386,47.7099,2.0132,-7.1996
1394.000000,6,19.5886,186.6339,47.5558,1.7639,-8.8871
1394.000000,7,19.5886,186.7315,47.2696,1.3800,-9.8692
1394.000000,8,19.5886,186.8313,47.5499,1.5605,-9.6181
1394.000000,9,19.5886,186.9333,47.6904,1.5991,-8.9584
1394.000000,10,19.5886,186.3848,47.3349,1.7921,-8.5943
1394.000000,11,19.5886,186.4826,47.5923,1.9517,-9.3221
1394.000000,12,19.5886,186.5826,47.7125,1.9718,-9.5116
1394.000000,13,19.5886,186.6849,47.6123,1.7693,-9.3581
1394.000000,14,19.5886,186.7892,47.3798,1.4326,-8.7017
1394.000000,15,19.5886,186.2310,47.6736,2.2846,-8.8010
1394.000000,16,19.5886,186.3313,47.5294,2.0401,-9.5971
1394.000000,17,19.5886,186.4340,47.2394,1.6474,-9.9134
1394.000000,18,19.5886,186.5387,47.5412,1.8444,-8.9154
1394.000000,19,19.5886,186.6455,47.6917,1.8881,-7.2450
1394.000000,20,19.5886,186.0771,47.4640,2.2289,-9.3187
1394.000000,21,19.5886,186.1802,47.5806,2.2423,-9.4795
1394.000000,22,19.5886,186.2855,47.7100,2.2665,-8.9433
1394.000000,23,19.5886,186.3929,47.6408,2.0899,-7.8035
1394.000000,24,19.5886,186.5023,46.9935,1.3331,-6.3084
1395.000000,0,19.7083,186.6566,47.2662,1.4515,-6.3037
1395.000000,1,19.7083,186.7502,47.5448,1.6366,-8.0818
1395.000000,2,19.7083,186.8460,47.6938,1.6897,-8.9937
1395.000000,3,19.7083,186.9441,47.5841,1.4819,-9.4940
1395.000000,4,19.7083,187.0444,47.4429,1.2405,-9.4812
1395.000000,5,19.7083,186.5029,47.7096,2.0487,-7.1738
1395.000000,6,19.7083,186.5988,47.5540,1.7972,-8.8664
1395.000000,7,19.7083,186.6970,47.2621,1.4070,-9.8552
1395.000000,8,19.7083,186.7975,47.5507,1.5952,-9.5961
1395.000000,9,19.7083,186.9000,47.6914,1.6333,-8.9393
1395.000000,10,19.7083,186.3491,47.3321,1.8249,-8.5782
1395.000000,11,19.7083,186.4476,47.5913,1.9857,-9.3026
1395.000000,12,19.7083,186.5483,47.7125,2.0062,-9.4905
1395.000000,13,19.7083,186.6511,47.6114,1.8022,-9.3394
1395.000000,14,19.7083,186.7561,47.3778,1.4637,-8.6862
1395.000000,15,19.7083,186.1954,47.6749,2.3215,-8.7803
1395.000000,16,19.7083,186.2964,47.5302,2.0757,-9.5749
1395.000000,17,19.7083,186.3997,47.2314,1.6736,-9.9010
1395.000000,18,19.7083,186.5051,47.5392,1.8760,-8.8960
1395.000000,19,19.7083,186.6126,47.6907,1.9201,-7.2215
1395.000000,20,19.7083,186.0416,47.4542,2.2546,-9.3072
1395.000000,21,19.7083,186.1454,47.5799,2.2765,-9.4559
1395.000000,22,19.7083,186.2514,47.7105,2.3011,-8.9165
1395.000000,23,19.7083,186.3595,47.6404,2.1229,-7.7726
1395.000000,24,19.7083,186.4696,46.9851,1.3575,-6.2760
1396.000000,0,19.8283,186.6208,47.2539,1.4750,-6.2771
1396.000000,1,19.8283,186.7150,47.5472,1.6741,-8.0486
1396.000000,2,19.8283,186.8115,47.6955,1.7260,-8.9652
1396.000000,3,19.8283,186.9102,47.5835,1.5153,-9.4701
1396.000000,4,19.8283,187.0110,47.4337,1.2647,-9.4700
1396.000000,5,19.8283,186.4672,47.7094,2.0842,-7.1478
1396.000000,6,19.8283,186.5637,47.5522,1.8304,-8.8456
1396.000000,7,19.8283,186.6626,47.2544,1.4337,-9.8413
1396.000000,8,19.8283,186.7636,47.5514,1.6297,-9.5741
1396.000000,9,19.8283,186.8668,47.6924,1.6675,-8.9200
1396.000000,10,19.8283,186.3135,47.3293,1.8577,-8.5621
1396.000000,11,19.8283,186.4126,47.5902,2.0196,-9.2831
1396.000000,12,19.8283,186.5139,47.7125,2.0405,-9.4693
1396.000000,13,19.8283,186.6174,47.6105,1.8351,-9.3208
1396.000000,14,19.8283,186.7230,47.3759,1.4948,-8.6707
1396.000000,15,19.8283,186.1598,47.6761,2.3583,-8.7594
1396.000000,16,19.8283,186.2615,47.5309,2.1113,-9.5527
1396.000000,17,19.8283,186.3655,47.2231,1.6996,-9.8886
1396.000000,18,19.8283,186.4716,47.5372,1.9076,-8.8767
1396.000000,19,19.8283,186.5797,47.6896,1.9519,-7.1981
1396.000000,20,19.8283,186.0061,47.4441,2.2800,-9.2959
1396.000000,21,19.8283,186.1106,47.5792,2.3105,-9.4324
1396.000000,22,19.8283,186.2173,47.7109,2.3356,-8.8898
1396.000000,23,19.8283,186.3261,47.6397,2.1556,-7.7416
1396.000000,24,19.8283,186.4369,46.9766,1.3817,-6.2434
1397.000000,0,19.9487,186.5851,47.2413,1.4982,-6.2507
1397.000000,1,19.9487,186.6799,47.5495,1.7116,-8.0153
1397.000000,2,19.9487,186.7770,47.6972,1.7622,-8.9367
1397.000000,3,19.9487,186.8763,47.5828,1.5485,-9.4462
1397.000000,4,19.9487,186.9777,47.4243,1.2886,-9.4589
1397.000000,5,19.9487,186.4315,47.7091,2.1196,-7.1218
1397.000000,6,19.9487,186.5287,47.5503,1.8636,-8.8248
1397.000000,7,19.9487,186.6282,47.2466,1.4603,-9.8276
1397.000000,8,19.9487,186.7299,47.5521,1.6642,-9.5521
1397.000000,9,19.9487,186.8336,47.6933,1.7017,-8.9007
1397.000000,10,19.9487,186.2778,47.3264,1.8905,-8.5459
1397.000000,11,19.9487,186.3776,47.5891,2.0535,-9.2636
1397.000000,12,19.9487,186.4796,47.7125,2.0748,-9.4481
1397.000000,13,19.9487,186.5838,47.6097,1.8678,-9.3021
1397.000000,14,19.9487,186.6900,47.3740,1.5259,-8.6551
1397.000000,15,19.9487,186.1242,47.6774,2.3952,-8.7384
1397.000000,16,19.9487,186.2267,47.5315,2.1468,-9.5304
1397.000000,17,19.9487,186.3313,47.2147,1.7254,-9.8764
1397.000000,18,19.9487,186.4381,47.5351,1.9390,-8.8573
1397.000000,19,19.9487,186.5469,47.6885,1.9836,-7.1746
1397.000000,20,19.9487,185.9706,47.4337,2.3050,-9.2848
1397.000000,21,19.9487,186.0759,47.5784,2.3445,-9.4087
1397.000000,22,19.9487,186.1833,47.7112,2.3699,-8.8630
1397.000000,23,19.9487,186.2928,47.6389,2.1881,-7.7106
1397.000000,24,19.9487,186.4042,46.9679,1.4057,-6.2107
1398.000000,0,20.0694,186.5493,47.2284,1.5210,-6.2243
1398.000000,1,20.0694,186.6448,47.5517,1.7489,-7.9820
1398.000000,2,20.0694,186.7425,47.6988,1.7983,-8.9081
1398.000000,3,20.0694,186.8424,47.5820,1.5816,-9.4223
1398.000000,4,20.0694,186.9444,47.4146,1.3121,-9.4479
1398.000000,5,20.0694,186.3958,47.7088,2.1550,-7.0958
1398.000000,6,20.0694,186.4937,47.5484,1.8967,-8.8040
1398.000000,7,20.0694,186.5938,47.2386,1.4868,-9.8139
1398.000000,8,20.0694,186.6961,47.5528,1.6987,-9.5299
1398.000000,9,20.0694,186.8005,47.6943,1.7357,-8.8813
1398.000000,10,20.0694,186.2422,47.3235,1.9233,-8.5297
1398.000000,11,20.0694,186.3427,47.5880,2.0873,-9.2440
1398.000000,12,20.0694,186.4454,47.7125,2.1090,-9.4268
1398.000000,13,20.0694,186.5502,47.6088,1.9005,-9.2833
1398.000000,14,20.0694,186.6571,47.3720,1.5569,-8.6394
1398.000000,15,20.0694,186.0887,47.6787,2.4320,-8.7173
1398.000000,16,20.0694,186.1919,47.5322,2.1823,-9.5081
1398.000000,17,20.0694,186.2972,47.2093,1.7541,-9.8609
1398.000000,18,20.0694,186.4047,47.5330,1.9703,-8.8378
1398.000000,19,20.0694,186.5141,47.6873,2.0152,-7.1510
1398.000000,20,20.0694,185.9352,47.4229,2.3297,-9.2739
1398.000000,21,20.0694,186.0412,47.5775,2.3782,-9.3851
1398.000000,22,20.0694,186.1493,47.7113,2.4040,-8.8363
1398.000000,23,20.0694,186.2595,47.6378,2.2203,-7.6797
1398.000000,24,20.0694,186.3717,46.9592,1.4295,-6.1778
1399.000000,0,20.1904,186.5136,47.2151,1.5434,-6.1980
1399.000000,1,20.1904,186.6097,47.5537,1.7860,-7.9485
1399.000000,2,20.1904,186.7080,47.7004,1.8343,-8.8794
1399.000000,3,20.1904,186.8085,47.5812,1.6147,-9.3984
1399.000000,4,20.1904,186.9112,47.4046,1.3354,-9.4372
1399.000000,5,20.1904,186.3601,47.7084,2.1903,-7.0696
1399.000000,6,20.1904,186.4587,47.5464,1.9297,-8.7831
1399.000000,7,20.1904,186.5595,47.2305,1.5130,-9.8002
1399.000000,8,20.1904,186.6624,47.5535,1.7330,-9.5078
1399.000000,9,20.1904,186.7674,47.6952,1.7698,-8.8618
1399.000000,10,20.1904,186.2067,47.3207,1.9560,-8.5134
1399.000000,11,20.1904,186.3078,47.5869,2.1211,-9.2243
1399.000000,12,20.1904,186.4112,47.7125,2.1433,-9.4055
1399.000000,13,20.1904,186.5167,47.6079,1.9332,-9.2646
1399.000000,14,20.1904,186.6242,47.3701,1.5879,-8.6238
1399.000000,15,20.1904,186.0532,47.6800,2.4687,-8.6961
1399.000000,16,20.1904,186.1571,47.5328,2.2177,-9.4858
1399.000000,17,20.1904,186.2631,47.2074,1.7862,-9.8414
1399.000000,18,20.1904,186.3713,47.5309,2.0016,-8.8184
1399.000000,19,20.1904,186.4814,47.6861,2.0466,-7.1275
1399.000000,20,20.1904,185.8998,47.4118,2.3539,-9.2633
1399.000000,21,20.1904,186.0065,47.5765,2.4119,-9.3615
1399.000000,22,20.1904,186.1154,47.7114,2.4379,-8.8096
1399.000000,23,20.1904,186.2263,47.6365,2.2522,-7.6487
1399.000000,24,20.1904,186.3392,46.9502,1.4531,-6.1447
1400.000000,0,20.3118,186.4779,47.2015,1.5655,-6.1718
1400.000000,1,20.3118,186.5746,47.5557,1.8231,-7.9150
1400.000000,2,20.3118,186.6736,47.7018,1.8702,-8.8507
1400.000000,3,20.3118,186.7747,47.5803,1.6476,-9.3744
1400.000000,4,20.3118,186.8780,47.3943,1.3583,-9.4267
1400.000000,5,20.3118,186.3245,47.7080,2.2255,-7.0434
1400.000000,6,20.3118,186.4237,47.5444,1.9627,-8.7621
1400.000000,7,20.3118,186.5252,47.2223,1.5391,-9.7867
1400.000000,8,20.3118,186.6288,47.5541,1.7673,-9.4856
1400.000000,9,20.3118,186.7344,47.6962,1.8037,-8.8423
1400.000000,10,20.3118,186.1711,47.3178,1.9886,-8.4971
1400.000000,11,20.3118,186.2729,47.5858,2.1548,-9.2046
1400.000000,12,20.3118,186.3770,47.7125,2.1774,-9.3840
1400.000000,13,20.3118,186.4832,47.6069,1.9657,-9.2458
1400.000000,14,20.3118,186.5914,47.3682,1.6188,-8.6081
1400.000000,15,20.3118,186.0178,47.6813,2.5054,-8.6748
1400.000000,16,20.3118,186.1223,47.5333,2.2529,-9.4633
1400.000000,17,20.3118,186.2291,47.2054,1.8182,-9.8220
1400.000000,18,20.3118,186.3380,47.5288,2.0328,-8.7989
1400.000000,19,20.3118,186.4488,47.6848,2.0780,-7.1039
1400.000000,20,20.3118,185.8645,47.4003,2.3778,-9.2529
1400.000000,21,20.3118,185.9719,47.5754,2.4454,-9.3378
1400.000000,22,20.3118,186.0815,47.7112,2.4717,-8.7829
1400.000000,23,20.3118,186.1931,47.6350,2.2838,-7.6178
1400.000000,24,20.3118,186.3067,46.9412,1.4764,-6.1115
1401.000000,0,20.4335,186.4423,47.1875,1.5872,-6.1457
1401.000000,1,20.4335,186.5396,47.5576,1.8600,-7.8814
1401.000000,2,20.4335,186.6392,47.7032,1.9060,-8.8220
1401.000000,3,20.4335,186.7410,47.5794,1.6804,-9.3503
1401.000000,4,20.4335,186.8449,47.3838,1.3809,-9.4163
1401.000000,5,20.4335,186.2889,47.7076,2.2607,-7.0170
1401.000000,6,20.4335,186.3888,47.5424,1.9956,-8.7412
1401.000000,7,20.4335,186.4909,47.2139,1.5650,-9.7733
1401.000000,8,20.4335,186.5952,47.5547,1.8015,-9.4634
1401.000000,9,20.4335,186.7015,47.6971,1.8376,-8.8227
1401.000000,10,20.4335,186.1356,47.3149,2.0212,-8.4807
1401.000000,11,20.4335,186.2381,47.5846,2.1884,-9.1848
1401.000000,12,20.4335,186.3429,47.7125,2.2115,-9.3625
1401.000000,13,20.4335,186.4497,47.6060,1.9982,-9.2269
1401.000000,14,20.4335,186.5586,47.3663,1.6497,-8.5924
1401.000000,15,20.4335,185.9824,47.6825,2.5421,-8.6534
1401.000000,16,20.4335,186.0877,47.5338,2.2881,-9.4409
1401.000000,17,20.4335,186.1951,47.2032,1.8501,-9.8026
1401.000000,18,20.4335,186.3047,47.5266,2.0639,-8.7794
1401.000000,19,20.4335,186.4162,47.6835,2.1093,-7.0802
1401.000000,20,20.4335,185.8292,47.3884,2.4012,-9.2428
1401.000000,21,20.4335,185.9374,47.5742,2.4788,-9.3142
1401.000000,22,20.4335,186.0477,47.7110,2.5052,-8.7562
1401.000000,23,20.4335,186.1601,47.6333,2.3152,-7.5869
1401.000000,24,20.4335,186.2743,46.9320,1.4996,-6.0781
1402.000000,0,20.5555,186.4066,47.1732,1.6085,-6.1197
1402.000000,1,20.5555,186.5046,47.5594,1.8967,-7.8477
1402.000000,2,20.5555,186.6049,47.7045,1.9416,-8.7932
1402.000000,3,20.5555,186.7073,47.5784,1.7130,-9.3263
1402.000000,4,20.5555,186.8118,47.3729,1.4031,-9.4062
1402.000000,5,20.5555,186.2534,47.7072,2.2958,-6.9906
1402.000000,6,20.5555,186.3539,47.5404,2.0284,-8.7201
1402.000000,7,20.5555,186.4567,47.2054,1.5907,-9.7600
1402.000000,8,20.5555,186.5616,47.5552,1.8356,-9.4411
1402.000000,9,20.5555,186.6686,47.6980,1.8714,-8.8030
1402.000000,10,20.5555,186.1001,47.3120,2.0538,-8.4643
1402.000000,11,20.5555,186.2034,47.5834,2.2220,-9.1650
1402.000000,12,20.5555,186.3088,47.7125,2.2456,-9.3410
1402.000000,13,20.5555,186.4163,47.6051,2.0307,-9.2080
1402.000000,14,20.5555,186.5258,47.3643,1.6805,-8.5766
1402.000000,15,20.5555,185.9470,47.6838,2.5787,-8.6319
1402.000000,16,20.5555,186.0530,47.5343,2.3232,-9.4184
1402.000000,17,20.5555,186.1612,47.2010,1.8817,-9.7834
1402.000000,18,20.5555,186.2715,47.5243,2.0948,-8.7599
1402.000000,19,20.5555,186.3837,47.6821,2.1404,-7.0566
1402.000000,20,20.5555,185.7939,47.3762,2.4242,-9.2330
1402.000000,21,20.5555,185.9029,47.5729,2.5120,-9.2905
1402.000000,22,20.5555,186.0140,47.7106,2.5386,-8.7296
1402.000000,23,20.5555,186.1270,47.6313,2.3462,-7.5560
1402.000000,24,20.5555,186.2420,46.9226,1.5226,-6.0445
1403.000000,0,20.6779,186.3710,47.1584,1.6294,-6.0938
1403.000000,1,20.6779,186.4697,47.5610,1.9333,-7.8139
1403.000000,2,20.6779,186.5706,47.7058,1.9772,-8.7644
1403.000000,3,20.6779,186.6736,47.5772,1.7456,-9.3022
1403.000000,4,20.6779,186.7787,47.3618,1.4250,-9.3963
1403.000000,5,20.6779,186.2178,47.7067,2.3308,-6.9642
1403.000000,6,20.6779,186.3191,47.5383,2.0612,-8.6991
1403.000000,7,20.6779,186.4225,47.1967,1.6162,-9.7467
1403.000000,8,20.6779,186.5281,47.5557,1.8695,-9.4188
1403.000000,9,20.6779,186.6357,47.6989,1.9052,-8.7833
1403.000000,10,20.6779,186.0647,47.3091,2.0863,-8.4478
1403.000000,11,20.6779,186.1686,47.5822,2.2556,-9.1451
1403.000000,12,20.6779,186.2748,47.7125,2.2797,-9.3194
1403.000000,13,20.6779,186.3830,47.6041,2.0631,-9.1891
1403.000000,14,20.6779,186.4932,47.3624,1.7112,-8.5608
1403.000000,15,20.6779,185.9117,47.6850,2.6153,-8.6102
1403.000000,16,20.6779,186.0184,47.5347,2.3582,-9.3960
1403.000000,17,20.6779,186.1273,47.1986,1.9132,-9.7642
1403.000000,18,20.6779,186.2383,47.5221,2.1257,-8.7404
1403.000000,19,20.6779,186.3512,47.6807,2.1715,-7.0329
1403.000000,20,20.6779,185.7587,47.3636,2.4468,-9.2234
1403.000000,21,20.6779,185.8684,47.5715,2.5451,-9.2669
1403.000000,22,20.6779,185.9803,47.7100,2.5717,-8.7030
1403.000000,23,20.6779,186.0941,47.6291,2.3770,-7.5252
1403.000000,24,20.6779,186.2098,46.9132,1.5453,-6.0108
1404.000000,0,20.8005,186.3354,47.1433,1.6499,-6.0680
1404.000000,1,20.8005,186.4347,47.5625,1.9697,-7.7800
1404.000000,2,20.8005,186.5363,47.7069,2.0126,-8.7356
1404.000000,3,20.8005,186.6400,47.5761,1.7780,-9.2781
1404.000000,4,20.8005,186.7457,47.3503,1.4465,-9.3867
1404.000000,5,20.8005,186.1823,47.7062,2.3658,-6.9376
1404.000000,6,20.8005,186.2843,47.5362,2.0939,-8.6780
1404.000000,7,20.8005,186.3884,47.1879,1.6415,-9.7336
1404.000000,8,20.8005,186.4946,47.5561,1.9034,-9.3965
1404.000000,9,20.8005,186.6029,47.6998,1.9389,-8.7635
1404.000000,10,20.8005,186.0293,47.3062,2.1188,-8.4313
1404.000000,11,20.8005,186.1340,47.5810,2.2890,-9.1252
1404.000000,12,20.8005,186.2408,47.7125,2.3136,-9.2977
1404.000000,13,20.8005,186.3497,47.6031,2.0954,-9.1702
1404.000000,14,20.8005,186.4606,47.3605,1.7419,-8.5449
1404.000000,15,20.8005,185.8764,47.6863,2.6519,-8.5885
1404.000000,16,20.8005,185.9839,47.5350,2.3931,-9.3735
1404.000000,17,20.8005,186.0935,47.1960,1.9445,-9.7452
1404.000000,18,20.8005,186.2052,47.5198,2.1565,-8.7209
1404.000000,19,20.8005,186.3188,47.6792,2.2024,-7.0092
1404.000000,20,20.8005,185.7236,47.3505,2.4689,-9.2142
1404.000000,21,20.8005,185.8341,47.5700,2.5780,-9.2433
1404.000000,22,20.8005,185.9466,47.7092,2.6046,-8.6764
1404.000000,23,20.8005,186.0612,47.6266,2.4074,-7.4944
1404.000000,24,20.8005,186.1776,46.9035,1.5679,-5.9769
1405.000000,0,20.9235,186.2999,47.1278,1.6699,-6.0424
1405.000000,1,20.9235,186.3999,47.5639,2.0060,-7.7461
1405.000000,2,20.9235,186.5021,47.7079,2.0478,-8.7068
1405.000000,3,20.9235,186.6064,47.5748,1.8103,-9.2540
1405.000000,4,20.9235,186.7128,47.3385,1.4676,-9.3773
1405.000000,5,20.9235,186.1469,47.7056,2.4007,-6.9110
1405.000000,6,20.9235,186.2495,47.5340,2.1265,-8.6569
1405.000000,7,20.9235,186.3543,47.1789,1.6666,-9.7206
1405.000000,8,20.9235,186.4612,47.5565,1.9372,-9.3742
1405.000000,9,20.9235,186.5701,47.7007,1.9725,-8.7436
1405.000000,10,20.9235,185.9939,47.3032,2.1512,-8.4147
1405.000000,11,20.9235,186.0993,47.5798,2.3225,-9.1052
1405.000000,12,20.9235,186.2069,47.7125,2.3476,-9.2760
1405.000000,13,20.9235,186.3165,47.6021,2.1276,-9.1513
1405.000000,14,20.9235,186.4280,47.3586,1.7726,-8.5290
1405.000000,15,20.9235,185.8411,47.6875,2.6883,-8.5666
1405.000000,16,20.9235,185.9494,47.5353,2.4279,-9.3509
1405.000000,17,20.9235,186.0598,47.1933,1.9755,-9.7263
1405.000000,18,20.9235,186.1722,47.5175,2.1873,-8.7013
1405.000000,19,20.9235,186.2865,47.6777,2.2332,-6.9855
1405.000000,20,20.9235,185.6885,47.3371,2.4906,-9.2053
1405.000000,21,20.9235,185.7997,47.5684,2.6107,-9.2198
1405.000000,22,20.9235,185.9131,47.7083,2.6372,-8.6499
1405.000000,23,20.9235,186.0284,47.6238,2.4374,-7.4637
1405.000000,24,20.9235,186.1455,46.8937,1.5902,-5.9428
1406.000000,0,21.0468,186.2644,47.1119,1.6895,-6.0169
1406.000000,1,21.0468,186.3650,47.5651,2.0421,-7.7121
1406.000000,2,21.0468,186.4679,47.7088,2.0829,-8.6779
1406.000000,3,21.0468,186.5729,47.5734,1.8425,-9.2299
1406.000000,4,21.0468,186.6799,47.3263,1.4884,-9.3681
1406.000000,5,21.0468,186.1114,47.7050,2.4355,-6.8843
1406.000000,6,21.0468,186.2147,47.5318,2.1591,-8.6357
1406.000000,7,21.0468,186.3203,47.1698,1.6915,-9.7078
1406.000000,8,21.0468,186.4279,47.5568,1.9709,-9.3519
1406.000000,9,21.0468,186.5375,47.7015,2.0060,-8.7237
1406.000000,10,21.0468,185.9586,47.3003,2.1836,-8.3981
1406.000000,11,21.0468,186.0647,47.5786,2.3558,-9.0852
1406.000000,12,21.0468,186.1730,47.7125,2.3814,-9.2543
1406.000000,13,21.0468,186.2833,47.6011,2.1598,-9.1323
1406.000000,14,21.0468,186.3955,47.3567,1.8031,-8.5131
1406.000000,15,21.0468,185.8059,47.6887,2.7247,-8.5447
1406.000000,16,21.0468,185.9149,47.5355,2.4625,-9.3284
1406.000000,17,21.0468,186.0261,47.1933,2.0092,-9.7044
1406.000000,18,21.0468,186.1392,47.5151,2.2179,-8.6817
1406.000000,19,21.0468,186.2542,47.6761,2.2638,-6.9618
1406.000000,20,21.0468,185.6534,47.3232,2.5118,-9.1967
1406.000000,21,21.0468,185.7654,47.5667,2.6432,-9.1962
1406.000000,22,21.0468,185.8796,47.7072,2.6696,-8.6235
1406.000000,23,21.0468,185.9956,47.6208,2.4671,-7.4331
1406.000000,24,21.0468,186.1135,46.8838,1.6122,-5.9086
1407.000000,0,21.1704,186.2289,47.0956,1.7087,-5.9915
1407.000000,1,21.1704,186.3302,47.5662,2.0779,-7.6781
1407.000000,2,21.1704,186.4338,47.7097,2.1179,-8.6491
1407.000000,3,21.1704,186.5394,47.5720,1.8745,-9.2059
1407.000000,4,21.1704,186.6471,47.3139,1.5087,-9.3593
1407.000000,5,21.1704,186.0760,47.7043,2.4703,-6.8575
1407.000000,6,21.1704,186.1801,47.5296,2.1915,-8.6145
1407.000000,7,21.1704,186.2863,47.1605,1.7162,-9.6950
1407.000000,8,21.1704,186.3946,47.5571,2.0045,-9.3295
1407.000000,9,21.1704,186.5048,47.7023,2.0395,-8.7038
1407.000000,10,21.1704,185.9233,47.2973,2.2160,-8.3814
1407.000000,11,21.1704,186.0302,47.5773,2.3891,-9.0652
1407.000000,12,21.1704,186.1392,47.7125,2.4153,-9.2325
1407.000000,13,21.1704,186.2502,47.6001,2.1918,-9.1133
1407.000000,14,21.1704,186.3631,47.3548,1.8337,-8.4971
1407.000000,15,21.1704,185.7708,47.6899,2.7611,-8.5226
1407.000000,16,21.1704,185.8805,47.5357,2.4971,-9.3059
1407.000000,17,21.1704,185.9924,47.1972,2.0468,-9.6781
1407.000000,18,21.1704,186.1063,47.5127,2.2484,-8.6621
1407.000000,19,21.1704,186.2220,47.6744,2.2944,-6.9381
1407.000000,20,21.1704,185.6184,47.3089,2.5325,-9.1885
1407.000000,21,21.1704,185.7312,47.5649,2.6756,-9.1728
1407.000000,22,21.1704,185.8461,47.7059,2.7018,-8.5971
1407.000000,23,21.1704,185.9629,47.6174,2.4965,-7.4025
1407.000000,24,21.1704,186.0816,46.8737,1.6341,-5.8742
1408.000000,0,21.2943,186.1934,47.0789,1.7274,-5.9663
1408.000000,1,21.2943,186.2954,47.5671,2.1136,-7.6440
1408.000000,2,21.2943,186.3997,47.7104,2.1527,-8.6202
1408.000000,3,21.2943,186.5060,47.5704,1.9064,-9.1818
1408.000000,4,21.2943,186.6143,47.3011,1.5287,-9.3507
1408.000000,5,21.2943,186.0407,47.7036,2.5049,-6.8306
1408.000000,6,21.2943,186.1454,47.5274,2.2239,-8.5933
1408.000000,7,21.2943,186.2523,47.1510,1.7406,-9.6824
1408.000000,8,21.2943,186.3613,47.5573,2.0380,-9.3072
1408.000000,9,21.2943,186.4723,47.7031,2.0728,-8.6838
1408.000000,10,21.2943,185.8881,47.2944,2.2483,-8.3646
1408.000000,11,21.2943,185.9957,47.5760,2.4223,-9.0451
1408.000000,12,21.2943,186.1054,47.7125,2.4490,-9.2106
1408.000000,13,21.2943,186.2171,47.5990,2.2239,-9.0943
1408.000000,14,21.2943,186.3308,47.3530,1.8642,-8.4811
1408.000000,15,21.2943,185.7357,47.6911,2.7974,-8.5005
1408.000000,16,21.2943,185.8462,47.5358,2.5315,-9.2834
1408.000000,17,21.2943,185.9588,47.2012,2.0844,-9.6516
1408.000000,18,21.2943,186.0734,47.5102,2.2788,-8.6425
1408.000000,19,21.2943,186.1899,47.6727,2.3248,-6.9143
1408.000000,20,21.2943,185.5835,47.2942,2.5527,-9.1807
1408.000000,21,21.2943,185.6971,47.5629,2.7078,-9.1493
1408.000000,22,21.2943,185.8127,47.7044,2.7337,-8.5708
1408.000000,23,21.2943,185.9303,47.6138,2.5254,-7.3721
1408.000000,24,21.2943,186.0497,46.8634,1.6557,-5.8397
1409.000000,0,21.4185,186.1580,47.0617,1.7457,-5.9413
1409.000000,1,21.4185,186.2607,47.5678,2.1491,-7.6099
1409.000000,2,21.4185,186.3656,47.7109,2.1873,-8.5914
1409.000000,3,21.4185,186.4726,47.5688,1.9381,-9.1578
1409.000000,4,21.4185,186.5816,47.2879,1.5482,-9.3424
1409.000000,5,21.4185,186.0053,47.7029,2.5395,-6.8037
1409.000000,6,21.4185,186.1108,47.5251,2.2562,-8.5720
1409.000000,7,21.4185,186.2184,47.1414,1.7649,-9.6699
1409.000000,8,21.4185,186.3281,47.5575,2.0713,-9.2849
1409.000000,9,21.4185,186.4397,47.7039,2.1061,-8.6638
1409.000000,10,21.4185,185.8529,47.2914,2.2805,-8.3478
1409.000000,11,21.4185,185.9612,47.5747,2.4554,-9.0250
1409.000000,12,21.4185,186.0717,47.7125,2.4828,-9.1887
1409.000000,13,21.4185,186.1841,47.5979,2.2558,-9.0753
1409.000000,14,21.4185,186.2985,47.3511,1.8946,-8.4651
1409.000000,15,21.4185,185.7006,47.6923,2.8336,-8.4782
1409.000000,16,21.4185,185.8119,47.5358,2.5658,-9.2609
1409.000000,17,21.4185,185.9253,47.2054,2.1220,-9.6250
1409.000000,18,21.4185,186.0407,47.5078,2.3091,-8.6229
1409.000000,19,21.4185,186.1579,47.6709,2.3550,-6.8906
1409.000000,20,21.4185,185.5486,47.2790,2.5724,-9.1732
1409.000000,21,21.4185,185.6630,47.5608,2.7397,-9.1260
1409.000000,22,21.4185,185.7794,47.7028,2.7653,-8.5446
1409.000000,23,21.4185,185.8978,47.6098,2.5540,-7.3417
1409.000000,24,21.4185,186.0179,46.8530,1.6771,-5.8050
1410.000000,0,21.5429,186.1226,47.0441,1.7635,-5.9165
1410.000000,1,21.5429,186.2260,47.5684,2.1843,-7.5757
1410.000000,2,21.5429,186.3316,47.7114,2.2217,-8.5626
1410.000000,3,21.5429,186.4393,47.5670,1.9697,-9.1337
1410.000000,4,21.5429,186.5490,47.2744,1.5674,-9.3345
1410.000000,5,21.5429,185.9701,47.7021,2.5740,-6.7767
1410.000000,6,21.5429,186.0763,47.5227,2.2884,-8.5507
1410.000000,7,21.5429,186.1846,47.1351,1.7925,-9.6537
1410.000000,8,21.5429,186.2950,47.5576,2.1045,-9.2626
1410.000000,9,21.5429,186.4073,47.7047,2.1393,-8.6437
1410.000000,10,21.5429,185.8177,47.2885,2.3127,-8.3310
1410.000000,11,21.5429,185.9268,47.5734,2.4885,-9.0049
1410.000000,12,21.5429,186.0380,47.7125,2.5164,-9.1668
1410.000000,13,21.5429,186.1512,47.5969,2.2876,-9.0563
1410.000000,14,21.5429,186.2663,47.3492,1.9249,-8.4490
1410.000000,15,21.5429,185.6656,47.6934,2.8697,-8.4559
1410.000000,16,21.5429,185.7777,47.5357,2.6000,-9.2385
1410.000000,17,21.5429,185.8918,47.2096,2.1597,-9.5983
1410.000000,18,21.5429,186.0079,47.5052,2.3392,-8.6033
1410.000000,19,21.5429,186.1259,47.6690,2.3851,-6.8668
1410.000000,20,21.5429,185.5138,47.2633,2.5915,-9.1662
1410.000000,21,21.5429,185.6290,47.5585,2.7715,-9.1027
1410.000000,22,21.5429,185.7462,47.7009,2.7966,-8.5185
1410.000000,23,21.5429,185.8653,47.6055,2.5822,-7.3114
1410.000000,24,21.5429,185.9862,46.8424,1.6982,-5.7701
1411.000000,0,21.6677,186.0872,47.0260,1.7807,-5.8918
1411.000000,1,21.6677,186.1913,47.5687,2.2193,-7.5416
1411.000000,2,21.6677,186.2976,47.7117,2.2560,-8.5338
1411.000000,3,21.6677,186.4060,47.5652,2.0011,-9.1098
1411.000000,4,21.6677,186.5164,47.2605,1.5860,-9.3269
1411.000000,5,21.6677,185.9348,47.7013,2.6084,-6.7496
1411.000000,6,21.6677,186.0418,47.5204,2.3206,-8.5294
1411.000000,7,21.6677,186.1508,47.1386,1.8297,-9.6266
1411.000000,8,21.6677,186.2619,47.5576,2.1376,-9.2404
1411.000000,9,21.6677,186.3749,47.7054,2.1724,-8.6236
1411.000000,10,21.6677,185.7826,47.2855,2.3448,-8.3140
1411.000000,11,21.6677,185.8925,47.5720,2.5215,-8.9847
1411.000000,12,21.6677,186.0044,47.7125,2.5500,-9.1449
1411.000000,13,21.6677,186.1183,47.5958,2.3194,-9.0373
1411.000000,14,21.6677,186.2341,47.3474,1.9552,-8.4329
1411.000000,15,21.6677,185.6307,47.6945,2.9058,-8.4335
1411.000000,16,21.6677,185.7435,47.5356,2.6340,-9.2161
1411.000000,17,21.6677,185.8585,47.2139,2.1974,-9.5713
1411.000000,18,21.6677,185.9753,47.5027,2.3693,-8.5837
1411.000000,19,21.6677,186.0940,47.6671,2.4151,-6.8430
1411.000000,20,21.6677,185.4790,47.2472,2.6101,-9.1597
1411.000000,21,21.6677,185.5950,47.5561,2.8031,-9.0795
1411.000000,22,21.6677,185.7130,47.6987,2.8277,-8.4925
1411.000000,23,21.6677,185.8329,47.6009,2.6099,-7.2813
1411.000000,24,21.6677,185.9546,46.8317,1.7191,-5.7352
1412.000000,0,21.7927,186.0519,47.0074,1.7975,-5.8673
1412.000000,1,21.7927,186.1567,47.5689,2.2541,-7.5074
1412.000000,2,21.7927,186.2637,47.7119,2.2901,-8.5051
1412.000000,3,21.7927,186.3728,47.5632,2.0324,-9.0859
1412.000000,4,21.7927,186.4838,47.2462,1.6043,-9.3196
1412.000000,5,21.7927,185.8996,47.7004,2.6427,-6.7224
1412.000000,6,21.7927,186.0073,47.5179,2.3526,-8.5081
1412.000000,7,21.7927,186.1171,47.1422,1.8670,-9.5994
1412.000000,8,21.7927,186.2289,47.5575,2.1706,-9.2181
1412.000000,9,21.7927,186.3426,47.7061,2.2055,-8.6034
1412.000000,10,21.7927,185.7476,47.2825,2.3769,-8.2971
1412.000000,11,21.7927,185.8582,47.5706,2.5544,-8.9645
1412.000000,12,21.7927,185.9709,47.7125,2.5836,-9.1229
1412.000000,13,21.7927,186.0855,47.5946,2.3511,-9.0183
1412.000000,14,21.7927,186.2020,47.3455,1.9855,-8.4167
1412.000000,15,21.7927,185.5958,47.6956,2.9418,-8.4111
1412.000000,16,21.7927,185.7094,47.5354,2.6679,-9.1937
1412.000000,17,21.7927,185.8251,47.2184,2.2352,-9.5443
1412.000000,18,21.7927,185.9427,47.5001,2.3993,-8.5640
1412.000000,19,21.7927,186.0622,47.6651,2.4449,-6.8192
1412.000000,20,21.7927,185.4443,47.2305,2.6282,-9.1535
1412.000000,21,21.7927,185.5611,47.5536,2.8344,-9.0565
1412.000000,22,21.7927,185.6800,47.6964,2.8584,-8.4666
1412.000000,23,21.7927,185.8006,47.5960,2.6373,-7.2513
1412.000000,24,21.7927,185.9231,46.8208,1.7397,-5.7000
1413.000000,0,21.9180,186.0166,46.9884,1.8138,-5.8431
1413.000000,1,21.9180,186.1222,47.5688,2.2886,-7.4732
1413.000000,2,21.9180,186.2299,47.7119,2.3240,-8.4763
1413.000000,3,21.9180,186.3396,47.5611,2.0634,-9.0620
1413.000000,4,21.9180,186.4514,47.2315,1.6221,-9.3127
1413.000000,5,21.9180,185.8645,47.6994,2.6769,-6.6952
1413.000000,6,21.9180,185.9729,47.5155,2.3846,-8.4867
1413.000000,7,21.9180,186.0834,47.1459,1.9044,-9.5720
1413.000000,8,21.9180,186.1959,47.5574,2.2034,-9.1960
1413.000000,9,21.9180,186.3104,47.7068,2.2384,-8.5833
1413.000000,10,21.9180,185.7126,47.2796,2.4090,-8.2800
1413.000000,11,21.9180,185.8239,47.5692,2.5873,-8.9443
1413.000000,12,21.9180,185.9374,47.7125,2.6170,-9.1009
1413.000000,13,21.9180,186.0528,47.5935,2.3827,-8.9992
1413.000000,14,21.9180,186.1700,47.3437,2.0157,-8.4006
1413.000000,15,21.9180,185.5609,47.6967,2.9777,-8.3885
1413.000000,16,21.9180,185.6754,47.5350,2.7016,-9.1714
1413.000000,17,21.9180,185.7919,47.2229,2.2730,-9.5170
1413.000000,18,21.9180,185.9103,47.4974,2.4291,-8.5444
1413.000000,19,21.9180,186.0304,47.6630,2.4746,-6.7955
1413.000000,20,21.9180,185.4097,47.2134,2.6457,-9.1479
1413.000000,21,21.9180,185.5273,47.5509,2.8655,-9.0335
1413.000000,22,21.9180,185.6469,47.6938,2.8888,-8.4409
1413.000000,23,21.9180,185.7684,47.5906,2.6642,-7.2214
1413.000000,24,21.9180,185.8916,46.8097,1.7600,-5.6647
1414.000000,0,22.0436,185.9814,46.9689,1.8295,-5.8191
1414.000000,1,22.0436,186.0876,47.5685,2.3228,-7.4390
1414.000000,2,22.0436,186.1961,47.7118,2.3577,-8.4477
1414.000000,3,22.0436,186.3065,47.5589,2.0944,-9.0382
1414.000000,4,22.0436,186.4189,47.2164,1.6394,-9.3061
1414.000000,5,22.0436,185.8294,47.6984,2.7110,-6.6679
1414.000000,6,22.0436,185.9385,47.5130,2.4164,-8.4653
1414.000000,7,22.0436,186.0498,47.1497,1.9419,-9.5444
1414.000000,8,22.0436,186.1630,47.5572,2.2361,-9.1738
1414.000000,9,22.0436,186.2782,47.7074,2.2712,-8.5631
1414.000000,10,22.0436,185.6776,47.2766,2.4409,-8.2629
1414.000000,11,22.0436,185.7898,47.5678,2.6200,-8.9241
1414.000000,12,22.0436,185.9040,47.7125,2.6505,-9.0788
1414.000000,13,22.0436,186.0201,47.5923,2.4142,-8.9802
1414.000000,14,22.0436,186.1381,47.3419,2.0458,-8.3843
1414.000000,15,22.0436,185.5262,47.6977,3.0135,-8.3659
1414.000000,16,22.0436,185.6414,47.5346,2.7352,-9.1491
1414.000000,17,22.0436,185.7587,47.2276,2.3109,-9.4897
1414.000000,18,22.0436,185.8778,47.4947,2.4588,-8.5248
1414.000000,19,22.0436,185.9988,47.6609,2.5041,-6.7717
1414.000000,20,22.0436,185.3751,47.1957,2.6625,-9.1428
1414.000000,21,22.0436,185.4936,47.5480,2.8964,-9.0106
1414.000000,22,22.0436,185.6140,47.6910,2.9189,-8.4152
1414.000000,23,22.0436,185.7363,47.5849,2.6906,-7.1917
1414.000000,24,22.0436,185.8603,46.7984,1.7801,-5.6293
1415.000000,0,22.1694,185.9462,46.9489,1.8447,-5.7953
1415.000000,1,22.1694,186.0532,47.5680,2.3568,-7.4049
1415.000000,2,22.1694,186.1623,47.7115,2.3911,-8.4191
1415.000000,3,22.1694,186.2735,47.5566,2.1251,-9.0145
1415.000000,4,22.1694,186.3866,47.2009,1.6563,-9.3000
1415.000000,5,22.1694,185.7943,47.6973,2.7450,-6.6405
1415.000000,6,22.1694,185.9042,47.5105,2.4482,-8.4439
1415.000000,7,22.1694,186.0162,47.1536,1.9794,-9.5166
1415.000000,8,22.1694,186.1302,47.5569,2.2686,-9.1518
1415.000000,9,22.1694,186.2461,47.7080,2.3039,-8.5429
1415.000000,10,22.1694,185.6427,47.2736,2.4729,-8.2457
1415.000000,11,22.1694,185.7556,47.5664,2.6527,-8.9038
1415.000000,12,22.1694,185.8706,47.7125,2.6838,-9.0568
1415.000000,13,22.1694,185.9875,47.5912,2.4456,-8.9612
1415.000000,14,22.1694,186.1062,47.3401,2.0758,-8.3681
1415.000000,15,22.1694,185.4915,47.6988,3.0493,-8.3432
1415.000000,16,22.1694,185.6075,47.5341,2.7686,-9.1270
1415.000000,17,22.1694,185.7256,47.2324,2.3487,-9.4622
1415.000000,18,22.1694,185.8455,47.4920,2.4884,-8.5051
1415.000000,19,22.1694,185.9672,47.6587,2.5334,-6.7479
1415.000000,20,22.1694,185.3406,47.1775,2.6788,-9.1382
1415.000000,21,22.1694,185.4599,47.5450,2.9270,-8.9879
1415.000000,22,22.1694,185.5812,47.6879,2.9487,-8.3897
1415.000000,23,22.1694,185.7042,47.5788,2.7165,-7.1622
1415.000000,24,22.1694,185.8290,46.7870,1.8000,-5.5937
1416.000000,0,22.2955,185.9110,46.9283,1.8593,-5.7717
1416.000000,1,22.2955,186.0188,47.5672,2.3904,-7.3707
1416.000000,2,22.2955,186.1286,47.7110,2.4244,-8.3905
1416.000000,3,22.2955,186.2405,47.5542,2.1556,-8.9908
1416.000000,4,22.2955,186.3543,47.1851,1.6727,-9.2942
1416.000000,5,22.2955,185.7593,47.6962,2.7789,-6.6131
1416.000000,6,22.2955,185.8700,47.5079,2.4799,-8.4225
1416.000000,7,22.2955,185.9827,47.1577,2.0169,-9.4887
1416.000000,8,22.2955,186.0975,47.5565,2.3010,-9.1298
1416.000000,9,22.2955,186.2140,47.7086,2.3366,-8.5227
1416.000000,10,22.2955,185.6079,47.2707,2.5048,-8.2285
1416.000000,11,22.2955,185.7216,47.5649,2.6853,-8.8836
1416.000000,12,22.2955,185.8373,47.7125,2.7171,-9.0347
1416.000000,13,22.2955,185.9550,47.5900,2.4769,-8.9422
1416.000000,14,22.2955,186.0745,47.3383,2.1058,-8.3518
1416.000000,15,22.2955,185.4568,47.6997,3.0849,-8.3205
1416.000000,16,22.2955,185.5737,47.5335,2.8018,-9.1049
1416.000000,17,22.2955,185.6926,47.2372,2.3866,-9.4345
1416.000000,18,22.2955,185.8133,47.4892,2.5179,-8.4855
1416.000000,19,22.2955,185.9357,47.6564,2.5626,-6.7242
1416.000000,20,22.2955,185.3062,47.1587,2.6945,-9.1341
1416.000000,21,22.2955,185.4263,47.5418,2.9574,-8.9653
1416.000000,22,22.2955,185.5484,47.6845,2.9781,-8.3644
1416.000000,23,22.2955,185.6723,47.5723,2.7420,-7.1328
1416.000000,24,22.2955,185.7978,46.7754,1.8195,-5.5580
1417.000000,0,22.4218,185.8759,46.9154,1.8815,-5.7381
1417.000000,1,22.4218,185.9844,47.5662,2.4238,-7.3366
1417.000000,2,22.4218,186.0950,47.7104,2.4574,-8.3621
1417.000000,3,22.4218,186.2076,47.5516,2.1859,-8.9672
1417.000000,4,22.4218,186.3221,47.1687,1.6886,-9.2889
1417.000000,5,22.4218,185.7243,47.6950,2.8127,-6.5856
1417.000000,6,22.4218,185.8358,47.5053,2.5115,-8.4010
1417.000000,7,22.4218,185.9493,47.1618,2.0545,-9.4606
1417.000000,8,22.4218,186.0648,47.5560,2.3332,-9.1079
1417.000000,9,22.4218,186.1821,47.7092,2.3691,-8.5025
1417.000000,10,22.4218,185.5731,47.2677,2.5366,-8.2112
1417.000000,11,22.4218,185.6876,47.5634,2.7178,-8.8633
1417.000000,12,22.4218,185.8041,47.7125,2.7503,-9.0126
1417.000000,13,22.4218,185.9226,47.5887,2.5081,-8.9232
1417.000000,14,22.4218,186.0428,47.3366,2.1357,-8.3354
1417.000000,15,22.4218,185.4222,47.7007,3.1204,-8.2977
1417.000000,16,22.4218,185.5399,47.5328,2.8348,-9.0829
1417.000000,17,22.4218,185.6596,47.2422,2.4246,-9.4067
1417.000000,18,22.4218,185.7811,47.4864,2.5473,-8.4658
1417.000000,19,22.4218,185.9043,47.6540,2.5916,-6.7004
1417.000000,20,22.4218,185.2718,47.1394,2.7095,-9.1306
1417.000000,21,22.4218,185.3928,47.5384,2.9875,-8.9428
1417.000000,22,22.4218,185.5157,47.6809,3.0071,-8.3392
1417.000000,23,22.4218,185.6404,47.5654,2.7669,-7.1036
1417.000000,24,22.4218,185.7667,46.7636,1.8388,-5.5221
1418.000000,0,22.5483,185.8408,46.9051,1.9062,-5.7008
1418.000000,1,22.5483,185.9501,47.5649,2.4568,-7.3025
1418.000000,2,22.5483,186.0614,47.7096,2.4902,-8.3337
1418.000000,3,22.5483,186.1747,47.5489,2.2161,-8.9438
1418.000000,4,22.5483,186.2899,47.1616,1.7136,-9.2733
1418.000000,5,22.5483,185.6894,47.6938,2.8463,-6.5581
1418.000000,6,22.5483,185.8016,47.5026,2.5429,-8.3796
1418.000000,7,22.5483,185.9159,47.1661,2.0922,-9.4323
1418.000000,8,22.5483,186.0321,47.5554,2.3652,-9.0860
1418.000000,9,22.5483,186.1502,47.7097,2.4015,-8.4823
1418.000000,10,22.5483,185.5384,47.2647,2.5683,-8.1939
1418.000000,11,22.5483,185.6537,47.5619,2.7502,-8.8431
1418.000000,12,22.5483,185.7710,47.7125,2.7834,-8.9905
1418.000000,13,22.5483,185.8902,47.5875,2.5393,-8.9042
1418.000000,14,22.5483,186.0112,47.3348,2.1656,-8.3191
1418.000000,15,22.5483,185.3877,47.7016,3.1558,-8.2749
1418.000000,16,22.5483,185.5062,47.5320,2.8677,-9.0610
1418.000000,17,22.5483,185.6267,47.2473,2.4626,-9.3788
1418.000000,18,22.5483,185.7490,47.4835,2.5765,-8.4462
1418.000000,19,22.5483,185.8730,47.6515,2.6205,-6.6767
1418.000000,20,22.5483,185.2376,47.1195,2.7239,-9.1277
1418.000000,21,22.5483,185.3594,47.5348,3.0174,-8.9205
1418.000000,22,22.5483,185.4831,47.6770,3.0358,-8.3141
1418.000000,23,22.5483,185.6086,47.5581,2.7914,-7.0746
1418.000000,24,22.5483,185.7358,46.7516,1.8578,-5.4861
1419.000000,0,22.6751,185.8058,46.8946,1.9307,-5.6633
1419.000000,1,22.6751,185.9158,47.5633,2.4895,-7.2685
1419.000000,2,22.6751,186.0279,47.7086,2.5227,-8.3054
1419.000000,3,22.6751,186.1419,47.5460,2.2460,-8.9204
1419.000000,4,22.6751,186.2579,47.1553,1.7394,-9.2567
1419.000000,5,22.6751,185.6546,47.6925,2.8799,-6.5304
1419.000000,6,22.6751,185.7676,47.4999,2.5743,-8.3581
1419.000000,7,22.6751,185.8826,47.1705,2.1299,-9.4039
1419.000000,8,22.6751,185.9996,47.5547,2.3971,-9.0643
1419.000000,9,22.6751,186.1183,47.7101,2.4338,-8.4621
1419.000000,10,22.6751,185.5037,47.2618,2.6000,-8.1765
1419.000000,11,22.6751,185.6198,47.5604,2.7825,-8.8228
1419.000000,12,22.6751,185.7379,47.7125,2.8165,-8.9685
1419.000000,13,22.6751,185.8579,47.5862,2.5703,-8.8853
1419.000000,14,22.6751,185.9796,47.3331,2.1954,-8.3027
1419.000000,15,22.6751,185.3533,47.7025,3.1911,-8.2521
1419.000000,16,22.6751,185.4726,47.5310,2.9004,-9.0393
1419.000000,17,22.6751,185.5939,47.2525,2.5006,-9.3508
1419.000000,18,22.6751,185.7170,47.4806,2.6056,-8.4265
1419.000000,19,22.6751,185.8418,47.6490,2.6492,-6.6529
1419.000000,20,22.6751,185.2034,47.0990,2.7376,-9.1255
1419.000000,21,22.6751,185.3261,47.5310,3.0469,-8.8984
1419.000000,22,22.6751,185.4506,47.6727,3.0641,-8.2893
1419.000000,23,22.6751,185.5770,47.5503,2.8153,-7.0459
1419.000000,24,22.6751,185.7049,46.7395,1.8765,-5.4500
1420.000000,0,22.8021,185.7708,46.8838,1.9550,-5.6256
1420.000000,1,22.8021,185.8816,47.5615,2.5218,-7.2346
1420.000000,2,22.8021,185.9944,47.7074,2.5549,-8.2772
1420.000000,3,22.8021,186.1092,47.5430,2.2757,-8.8972
1420.000000,4,22.8021,186.2259,47.1488,1.7649,-9.2402
1420.000000,5,22.8021,185.6198,47.6911,2.9133,-6.5028
1420.000000,6,22.8021,185.7336,47.4971,2.6055,-8.3366
1420.000000,7,22.8021,185.8494,47.1751,2.1676,-9.3753
1420.000000,8,22.8021,185.9671,47.5539,2.4288,-9.0427
1420.000000,9,22.8021,186.0866,47.7106,2.4659,-8.4420
1420.000000,10,22.8021,185.4691,47.2588,2.6317,-8.1590
1420.000000,11,22.8021,185.5860,47.5588,2.8147,-8.8025
1420.000000,12,22.8021,185.7050,47.7125,2.8495,-8.9464
1420.000000,13,22.8021,185.8257,47.5850,2.6012,-8.8663
1420.000000,14,22.8021,185.9482,47.3314,2.2251,-8.2862
1420.000000,15,22.8021,185.3189,47.7033,3.2263,-8.2292
1420.000000,16,22.8021,185.4391,47.5300,2.9328,-9.0176
1420.000000,17,22.8021,185.5612,47.2578,2.5386,-9.3226
1420.000000,18,22.8021,185.6851,47.4777,2.6345,-8.4069
1420.000000,19,22.8021,185.8107,47.6464,2.6777,-6.6293
1420.000000,20,22.8021,185.1692,47.1103,2.7830,-9.0874
1420.000000,21,22.8021,185.2928,47.5270,3.0762,-8.8765
1420.000000,22,22.8021,185.4182,47.6682,3.0919,-8.2646
1420.000000,23,22.8021,185.5454,47.5420,2.8386,-7.0174
1420.000000,24,22.8021,185.6741,46.7271,1.8950,-5.4138
1421.000000,0,22.9293,185.7359,46.8729,1.9790,-5.5876
1421.000000,1,22.9293,185.8474,47.5593,2.5538,-7.2007
1421.000000,2,22.9293,185.9610,47.7060,2.5869,-8.2492
1421.000000,3,22.9293,186.0766,47.5398,2.3052,-8.8741
1421.000000,4,22.9293,186.1939,47.1567,1.8047,-9.2077
1421.000000,5,22.9293,185.5850,47.6896,2.9466,-6.4751
1421.000000,6,22.9293,185.6996,47.4943,2.6367,-8.3151
1421.000000,7,22.9293,185.8162,47.1797,2.2055,-9.3466
1421.000000,8,22.9293,185.9347,47.5530,2.4603,-9.0212
1421.000000,9,22.9293,186.0549,47.7109,2.4979,-8.4218
1421.000000,10,22.9293,185.4346,47.2559,2.6633,-8.1415
1421.000000,11,22.9293,185.5523,47.5572,2.8469,-8.7823
1421.000000,12,22.9293,185.6720,47.7125,2.8824,-8.9243
1421.000000,13,22.9293,185.7936,47.5837,2.6321,-8.8474
1421.000000,14,22.9293,185.9168,47.3297,2.2548,-8.2698
1421.000000,15,22.9293,185.2846,47.7041,3.2614,-8.2063
1421.000000,16,22.9293,185.4056,47.5288,2.9651,-8.9962
1421.000000,17,22.9293,185.5286,47.2632,2.5766,-9.2943
1421.000000,18,22.9293,185.6533,47.4747,2.6634,-8.3873
1421.000000,19,22.9293,185.7796,47.6436,2.7060,-6.6056
1421.000000,20,22.9293,184.9552,47.1255,3.0122,-9.0336
1421.000000,21,22.9293,185.2597,47.5229,3.1052,-8.8548
1421.000000,22,22.9293,185.3859,47.6634,3.1194,-8.2401
1421.000000,23,22.9293,185.5139,47.5333,2.8614,-6.9891
1421.000000,24,22.9293,185.6434,46.7146,1.9131,-5.3774
1422.000000,0,23.0567,185.7010,46.8619,2.0028,-5.5494
1422.000000,1,23.0567,185.8133,47.5568,2.5854,-7.1669
1422.000000,2,23.0567,185.9277,47.7043,2.6186,-8.2212
1422.000000,3,23.0567,186.0440,47.5365,2.3345,-8.8511
1422.000000,4,23.0567,186.1621,47.1690,1.8489,-9.1701
1422.000000,5,23.0567,185.5503,47.6881,2.9797,-6.4473
1422.000000,6,23.0567,185.6657,47.4915,2.6677,-8.2936
1422.000000,7,23.0567,185.7831,47.1845,2.2433,-9.3177
1422.000000,8,23.0567,185.9024,47.5520,2.4916,-8.9998
1422.000000,9,23.0567,186.0234,47.7113,2.5298,-8.4017
1422.000000,10,23.0567,185.4001,47.2529,2.6948,-8.1239
1422.000000,11,23.0567,185.5187,47.5556,2.8789,-8.7621
1422.000000,12,23.0567,185.6392,47.7125,2.9152,-8.9023
1422.000000,13,23.0567,185.7615,47.5823,2.6628,-8.8286
1422.000000,14,23.0567,185.8856,47.3280,2.2844,-8.2533
1422.000000,15,23.0567,185.2504,47.7048,3.2964,-8.1834
1422.000000,16,23.0567,185.3723,47.5275,2.9971,-8.9748
1422.000000,17,23.0567,185.4960,47.2688,2.6147,-9.2659
1422.000000,18,23.0567,185.6216,47.4716,2.6920,-8.3677
1422.000000,19,23.0567,185.7487,47.6408,2.7341,-6.5819
1422.000000,20,23.0567,184.9213,47.1407,3.0614,-8.9911
1422.000000,21,23.0567,185.2266,47.5185,3.1338,-8.8333
1422.000000,22,23.0567,185.3537,47.6582,3.1464,-8.2159
1422.000000,23,23.0567,185.4825,47.5241,2.8836,-6.9611
1422.000000,24,23.0567,185.6129,46.7018,1.9309,-5.3409
1423.000000,0,23.1843,185.6662,46.8506,2.0263,-5.5110
1423.000000,1,23.1843,185.7793,47.5540,2.6166,-7.1333
1423.000000,2,23.1843,185.8944,47.7025,2.6500,-8.1934
1423.000000,3,23.1843,186.0115,47.5330,2.3635,-8.8283
1423.000000,4,23.1843,186.1303,47.1815,1.8931,-9.1323
1423.000000,5,23.1843,185.5157,47.6865,3.0127,-6.4195
1423.000000,6,23.1843,185.6319,47.4886,2.6986,-8.2721
1423.000000,7,23.1843,185.7501,47.1894,2.2812,-9.2887
1423.000000,8,23.1843,185.8701,47.5509,2.5227,-8.9786
1423.000000,9,23.1843,185.9919,47.7115,2.5616,-8.3817
1423.000000,10,23.1843,185.3657,47.2500,2.7263,-8.1062
1423.000000,11,23.1843,185.4851,47.5540,2.9108,-8.7418
1423.000000,12,23.1843,185.6065,47.7125,2.9480,-8.8802
1423.000000,13,23.1843,185.7296,47.5810,2.6934,-8.8098
1423.000000,14,23.1843,185.8544,47.3263,2.3139,-8.2368
1423.000000,15,23.1843,185.2163,47.7055,3.3312,-8.1605
1423.000000,16,23.1843,185.3390,47.5260,3.0290,-8.9537
1423.000000,17,23.1843,185.4636,47.2744,2.6527,-9.2374
1423.000000,18,23.1843,185.5899,47.4685,2.7206,-8.3480
1423.000000,19,23.1843,185.7179,47.6379,2.7620,-6.5583
1423.000000,20,23.1843,184.8874,47.1560,3.1105,-8.9484
1423.000000,21,23.1843,185.1936,47.5138,3.1622,-8.8120
1423.000000,22,23.1843,185.3216,47.6527,3.1730,-8.1918
1423.000000,23,23.1843,185.4513,47.5144,2.9051,-6.9334
1423.000000,24,23.1843,185.5824,46.6889,1.9484,-5.3043
1424.000000,0,23.3121,185.6315,46.8391,2.0496,-5.4724
1424.000000,1,23.3121,185.7453,47.5508,2.6474,-7.0997
1424.000000,2,23.3121,185.8612,47.7004,2.6811,-8.1657
1424.000000,3,23.3121,185.9790,47.5293,2.3923,-8.8057
1424.000000,4,23.3121,186.0986,47.1940,1.9374,-9.0943
1424.000000,5,23.3121,185.4812,47.6848,3.0456,-6.3916
1424.000000,6,23.3121,185.5982,47.4857,2.7294,-8.2506
1424.000000,7,23.3121,185.7171,47.1944,2.3192,-9.2595
1424.000000,8,23.3121,185.8380,47.5497,2.5537,-8.9575
1424.000000,9,23.3121,185.9605,47.7118,2.5932,-8.3616
1424.000000,10,23.3121,185.3314,47.2471,2.7577,-8.0885
1424.000000,11,23.3121,185.4516,47.5523,2.9427,-8.7216
1424.000000,12,23.3121,185.5738,47.7125,2.9806,-8.8582
1424.000000,13,23.3121,185.6977,47.5796,2.7239,-8.7910
1424.000000,14,23.3121,185.8233,47.3247,2.3434,-8.2203
1424.000000,15,23.3121,185.1822,47.7061,3.3659,-8.1377
1424.000000,16,23.3121,185.3058,47.5244,3.0606,-8.9327
1424.000000,17,23.3121,185.4312,47.2801,2.6908,-9.2087
1424.000000,18,23.3121,185.5584,47.4654,2.7490,-8.3285
1424.000000,19,23.3121,185.6871,47.6349,2.7897,-6.5348
1424.000000,20,23.3121,184.8537,47.1714,3.1597,-8.9056
1424.000000,21,23.3121,185.1608,47.5090,3.1902,-8.7909
1424.000000,22,23.3121,185.2896,47.6468,3.1992,-8.1680
1424.000000,23,23.3121,185.4201,47.5042,2.9261,-6.9060
1424.000000,24,23.3121,185.5521,46.6758,1.9656,-5.2677
1425.000000,0,23.4401,185.5968,46.8274,2.0726,-5.4336
1425.000000,1,23.4401,185.7114,47.5473,2.6778,-7.0663
1425.000000,2,23.4401,185.8281,47.6980,2.7119,-8.1382
1425.000000,3,23.4401,185.9466,47.5255,2.4208,-8.7832
1425.000000,4,23.4401,186.0670,47.2067,1.9817,-9.0562
1425.000000,5,23.4401,185.4467,47.6830,3.0783,-6.3637
1425.000000,6,23.4401,185.5645,47.4827,2.7601,-8.2291
1425.000000,7,23.4401,185.6843,47.1995,2.3572,-9.2302
1425.000000,8,23.4401,185.8059,47.5483,2.5844,-8.9366
1425.000000,9,23.4401,185.9292,47.7119,2.6247,-8.3417
1425.000000,10,23.4401,185.2971,47.2442,2.7890,-8.0707
1425.000000,11,23.4401,185.4182,47.5506,2.9744,-8.7015
1425.000000,12,23.4401,185.5412,47.7125,3.0132,-8.8362
1425.000000,13,23.4401,185.6659,47.5782,2.7543,-8.7723
1425.000000,14,23.4401,185.7923,47.3231,2.3727,-8.2037
1425.000000,15,23.4401,184.9682,47.7067,3.5804,-8.1024
1425.000000,16,23.4401,185.2727,47.5226,3.0919,-8.9119
1425.000000,17,23.4401,185.3990,47.2859,2.7289,-9.1800
1425.000000,18,23.4401,185.5270,47.4622,2.7772,-8.3089
1425.000000,19,23.4401,185.6565,47.6318,2.8173,-6.5112
1425.000000,20,23.4401,184.8200,47.1869,3.2089,-8.8626
1425.000000,21,23.4401,184.9480,47.5039,3.3979,-8.7589
1425.000000,22,23.4401,185.2577,47.6406,3.2248,-8.1444
1425.000000,23,23.4401,185.3890,47.4935,2.9464,-6.8789
1425.000000,24,23.4401,185.5219,46.6624,1.9825,-5.2309
1426.000000,0,23.5682,185.5621,46.8155,2.0954,-5.3945
1426.000000,1,23.5682,185.6776,47.5434,2.7077,-7.0331
1426.000000,2,23.5682,185.7950,47.6954,2.7423,-8.1109
1426.000000,3,23.5682,185.9144,47.5215,2.4491,-8.7609
1426.000000,4,23.5682,186.0354,47.2194,2.0259,-9.0180
1426.000000,5,23.5682,185.4123,47.6812,3.1109,-6.3357
1426.000000,6,23.5682,185.5309,47.4796,2.7907,-8.2075
1426.000000,7,23.5682,185.6515,47.2048,2.3953,-9.2007
1426.000000,8,23.5682,185.7739,47.5467,2.6148,-8.9159
1426.000000,9,23.5682,185.8979,47.7121,2.6561,-8.3218
1426.000000,10,23.5682,185.2630,47.2413,2.8203,-8.0529
1426.000000,11,23.5682,185.3849,47.5489,3.0060,-8.6813
1426.000000,12,23.5682,185.5087,47.7125,3.0457,-8.8143
1426.000000,13,23.5682,185.6343,47.5768,2.7845,-8.7536
1426.000000,14,23.5682,185.7614,47.3215,2.4020,-8.1871
1426.000000,15,23.5682,184.9343,47.7072,3.6148,-8.0796
1426.000000,16,23.5682,185.2397,47.5207,3.1230,-8.8914
1426.000000,17,23.5682,185.3668,47.2919,2.7670,-9.1512
1426.000000,18,23.5682,185.4956,47.4590,2.8053,-8.2893
1426.000000,19,23.5682,185.6260,47.6286,2.8446,-6.4878
1426.000000,20,23.5682,184.7865,47.2025,3.2580,-8.8195
1426.000000,21,23.5682,184.9153,47.4985,3.4252,-8.7383
1426.000000,22,23.5682,185.2259,47.6340,3.2500,-8.1211
1426.000000,23,23.5682,185.3581,47.4822,2.9660,-6.8521
1426.000000,24,23.5682,185.4917,46.6489,1.9991,-5.1940
1427.000000,0,23.6965,185.5275,46.8035,2.1179,-5.3552
1427.000000,1,23.6965,185.6438,47.5391,2.7372,-7.0000
1427.000000,2,23.6965,185.7621,47.6925,2.7724,-8.0837
1427.000000,3,23.6965,185.8821,47.5173,2.4771,-8.7388
1427.000000,4,23.6965,186.0040,47.2322,2.0702,-8.9796
1427.000000,5,23.6965,185.3779,47.6792,3.1433,-6.3077
1427.000000,6,23.6965,185.4974,47.4765,2.8211,-8.1860
1427.000000,7,23.6965,185.6188,47.2102,2.4333,-9.1711
1427.000000,8,23.6965,185.7420,47.5451,2.6451,-8.8953
1427.000000,9,23.6965,185.8668,47.7121,2.6873,-8.3020
1427.000000,10,23.6965,185.2289,47.2384,2.8515,-8.0350
1427.000000,11,23.6965,185.3517,47.5472,3.0375,-8.6612
1427.000000,12,23.6965,185.4763,47.7125,3.0781,-8.7924
1427.000000,13,23.6965,185.6027,47.5754,2.8147,-8.7350
1427.000000,14,23.6965,185.7306,47.3199,2.4313,-8.1705
1427.000000,15,23.6965,184.9005,47.7076,3.6490,-8.0568
1427.000000,16,23.6965,185.2068,47.5187,3.1539,-8.8710
1427.000000,17,23.6965,185.3348,47.2979,2.8051,-9.1222
1427.000000,18,23.6965,185.4644,47.4557,2.8332,-8.2698
1427.000000,19,23.6965,185.5956,47.6253,2.8717,-6.4643
1427.000000,20,23.6965,184.7530,47.2181,3.3071,-8.7764
1427.000000,21,23.6965,184.8828,47.4929,3.4521,-8.7181
1427.000000,22,23.6965,185.1942,47.6270,3.2747,-8.0981
1427.000000,23,23.6965,185.3273,47.4703,2.9850,-6.8256
1427.000000,24,23.6965,185.4617,46.6351,2.0154,-5.1570
1428.000000,0,23.8250,185.4930,46.7912,2.1401,-5.3157
1428.000000,1,23.8250,185.6101,47.5343,2.7662,-6.9671
1428.000000,2,23.8250,185.7291,47.6894,2.8022,-8.0567
1428.000000,3,23.8250,185.8500,47.5129,2.5048,-8.7169
1428.000000,4,23.8250,185.9726,47.2451,2.1145,-8.9412
1428.000000,5,23.8250,185.3436,47.6772,3.1755,-6.2797
1428.000000,6,23.8250,185.4640,47.4734,2.8514,-8.1645
1428.000000,7,23.8250,185.5862,47.2157,2.4715,-9.1414
1428.000000,8,23.8250,185.7101,47.5433,2.6751,-8.8750
1428.000000,9,23.8250,185.8357,47.7121,2.7183,-8.2823
1428.000000,10,23.8250,185.1949,47.2355,2.8826,-8.0170
1428.000000,11,23.8250,185.3185,47.5454,3.0688,-8.6412
1428.000000,12,23.8250,185.4440,47.7125,3.1104,-8.7706
1428.000000,13,23.8250,185.5712,47.5739,2.8447,-8.7164
1428.000000,14,23.8250,185.6999,47.3184,2.4604,-8.1539
1428.000000,15,23.8250,184.8668,47.7080,3.6831,-8.0341
1428.000000,16,23.8250,185.1739,47.5164,3.1844,-8.8509
1428.000000,17,23.8250,185.3028,47.3041,2.8432,-9.0932
1428.000000,18,23.8250,185.4333,47.4523,2.8610,-8.2503
1428.000000,19,23.8250,185.5653,47.6219,2.8986,-6.4409
1428.000000,20,23.8250,184.7196,47.2338,3.3561,-8.7332
1428.000000,21,23.8250,184.8503,47.4870,3.4787,-8.6981
1428.000000,22,23.8250,185.1627,47.6196,3.2989,-8.0753
1428.000000,23,23.8250,185.2966,47.4579,3.0033,-6.7996
1428.000000,24,23.8250,185.4319,46.6212,2.0313,-5.1200
1429.000000,0,23.9535,185.4586,46.7786,2.1620,-5.2761
1429.000000,1,23.9535,185.5765,47.5292,2.7947,-6.9344
1429.000000,2,23.9535,185.6963,47.6859,2.8316,-8.0299
1429.000000,3,23.9535,185.8180,47.5083,2.5323,-8.6952
1429.000000,4,23.9535,185.9413,47.2581,2.1587,-8.9026
1429.000000,5,23.9535,185.3094,47.6751,3.2076,-6.2516
1429.000000,6,23.9535,185.4306,47.4702,2.8816,-8.1430
1429.000000,7,23.9535,185.5536,47.2213,2.5096,-9.1115
1429.000000,8,23.9535,185.6784,47.5413,2.7049,-8.8549
1429.000000,9,23.9535,185.8048,47.7120,2.7492,-8.2626
1429.000000,10,23.9535,185.1610,47.2327,2.9137,-7.9990
1429.000000,11,23.9535,185.2855,47.5436,3.1001,-8.6212
1429.000000,12,23.9535,185.4118,47.7125,3.1426,-8.7488
1429.000000,13,23.9535,185.5398,47.5725,2.8746,-8.6980
1429.000000,14,23.9535,185.6694,47.3169,2.4895,-8.1373
1429.000000,15,23.9535,184.8332,47.7083,3.7170,-8.0115
1429.000000,16,23.9535,184.9612,47.5140,3.3947,-8.8200
1429.000000,17,23.9535,185.2710,47.3103,2.8813,-9.0641
1429.000000,18,23.9535,185.4023,47.4489,2.8886,-8.2308
1429.000000,19,23.9535,185.5351,47.6184,2.9253,-6.4176
1429.000000,20,23.9535,184.6864,47.2495,3.4051,-8.6899
1429.000000,21,23.9535,184.8180,47.4809,3.5049,-8.6784
1429.000000,22,23.9535,184.9512,47.6118,3.5026,-8.0399
1429.000000,23,23.9535,185.2660,47.4448,3.0208,-6.7739
1429.000000,24,23.9535,185.4021,46.6070,2.0469,-5.0829
1430.000000,0,24.0822,185.4242,46.7659,2.1837,-5.2361
1430.000000,1,24.0822,185.5429,47.5236,2.8227,-6.9019
1430.000000,2,24.0822,185.6636,47.6822,2.8606,-8.0034
1430.000000,3,24.0822,185.7860,47.5035,2.5595,-8.6737
1430.000000,4,24.0822,185.9101,47.2711,2.2029,-8.8640
1430.000000,5,24.0822,185.2753,47.6729,3.2395,-6.2236
1430.000000,6,24.0822,185.3973,47.4669,2.9116,-8.1215
1430.000000,7,24.0822,185.5212,47.2271,2.5478,-9.0815
1430.000000,8,24.0822,185.6468,47.5392,2.7344,-8.8350
1430.000000,9,24.0822,185.7739,47.7119,2.7799,-8.2431
1430.000000,10,24.0822,184.9471,47.2298,3.1247,-7.9667
1430.000000,11,24.0822,185.2525,47.5418,3.1312,-8.6013
1430.000000,12,24.0822,185.3797,47.7125,3.1747,-8.7270
1430.000000,13,24.0822,185.5085,47.5709,2.9044,-8.6796
1430.000000,14,24.0822,185.6389,47.3154,2.5185,-8.1206
1430.000000,15,24.0822,184.7997,47.7085,3.7507,-7.9890
1430.000000,16,24.0822,184.9286,47.5114,3.4248,-8.8005
1430.000000,17,24.0822,185.2392,47.3166,2.9194,-9.0349
1430.000000,18,24.0822,185.3714,47.4455,2.9160,-8.2114
1430.000000,19,24.0822,185.5050,47.6148,2.9517,-6.3944
1430.000000,20,24.0822,184.6533,47.2653,3.4540,-8.6467
1430.000000,21,24.0822,184.7857,47.4745,3.5307,-8.6590
1430.000000,22,24.0822,184.9199,47.6036,3.5257,-8.0177
1430.000000,23,24.0822,185.2355,47.4312,3.0376,-6.7486
1430.000000,24,24.0822,185.3725,46.5926,2.0621,-5.0457
1431.000000,0,24.2110,185.3899,46.7529,2.2050,-5.1960
1431.000000,1,24.2110,185.5094,47.5176,2.8501,-6.8696
1431.000000,2,24.2110,185.6309,47.6782,2.8892,-7.9771
1431.000000,3,24.2110,185.7541,47.4985,2.5863,-8.6525
1431.000000,4,24.2110,185.8790,47.2841,2.2471,-8.8254
1431.000000,5,24.2110,185.2413,47.6705,3.2712,-6.1955
1431.000000,6,24.2110,185.3641,47.4636,2.9415,-8.1000
1431.000000,7,24.2110,185.4888,47.2329,2.5861,-9.0514
1431.000000,8,24.2110,185.6152,47.5369,2.7637,-8.8153
1431.000000,9,24.2110,185.7432,47.7117,2.8105,-8.2237
1431.000000,10,24.2110,184.9134,47.2270,3.1556,-7.9486
1431.000000,11,24.2110,185.2196,47.5399,3.1622,-8.5814
1431.000000,12,24.2110,185.3477,47.7125,3.2067,-8.7054
1431.000000,13,24.2110,185.4774,47.5694,2.9340,-8.6613
1431.000000,14,24.2110,185.6085,47.3140,2.5474,-8.1040
1431.000000,15,24.2110,184.7663,47.7087,3.7843,-7.9666
1431.000000,16,24.2110,184.8961,47.5086,3.4545,-8.7812
1431.000000,17,24.2110,185.2076,47.3231,2.9574,-9.0057
1431.000000,18,24.2110,185.3406,47.4420,2.9433,-8.1919
1431.000000,19,24.2110,185.4751,47.6111,2.9779,-6.3712
1431.000000,20,24.2110,184.6202,47.2810,3.5028,-8.6034
1431.000000,21,24.2110,184.7536,47.4678,3.5561,-8.6399
1431.000000,22,24.2110,184.8887,47.5949,3.5482,-7.9959
1431.000000,23,24.2110,185.2052,47.4169,3.0537,-6.7238
1431.000000,24,24.2110,185.3430,46.5780,2.0770,-5.0084
1432.000000,0,24.3399,185.3557,46.7398,2.2261,-5.1557
1432.000000,1,24.3399,185.4760,47.5110,2.8770,-6.8376
1432.000000,2,24.3399,185.5983,47.6738,2.9174,-7.9510
1432.000000,3,24.3399,185.7223,47.4932,2.6129,-8.6315
1432.000000,4,24.3399,185.8480,47.2972,2.2912,-8.7867
1432.000000,5,24.3399,185.2073,47.6681,3.3028,-6.1674
1432.000000,6,24.3399,185.3310,47.4603,2.9712,-8.0785
1432.000000,7,24.3399,185.4566,47.2389,2.6243,-9.0212
1432.000000,8,24.3399,185.5838,47.5345,2.7927,-8.7959
1432.000000,9,24.3399,185.7126,47.7114,2.8408,-8.2044
1432.000000,10,24.3399,184.8797,47.2242,3.1865,-7.9305
1432.000000,11,24.3399,185.1869,47.5380,3.1931,-8.5616
1432.000000,12,24.3399,185.3158,47.7125,3.2387,-8.6838
1432.000000,13,24.3399,185.4463,47.5678,2.9635,-8.6430
1432.000000,14,24.3399,185.5783,47.3126,2.5763,-8.0873
1432.000000,15,24.3399,184.7330,47.7087,3.8177,-7.9442
1432.000000,16,24.3399,184.8637,47.5056,3.4839,-8.7623
1432.000000,17,24.3399,185.1761,47.3296,2.9955,-8.9763
1432.000000,18,24.3399,185.3100,47.4384,2.9704,-8.1726
1432.000000,19,24.3399,185.4453,47.6072,3.0039,-6.3481
1432.000000,20,24.3399,184.5873,47.2968,3.5514,-8.5602
1432.000000,21,24.3399,184.7217,47.4607,3.5810,-8.6212
1432.000000,22,24.3399,184.8576,47.5858,3.5701,-7.9743
1432.000000,23,24.3399,185.1750,47.4020,3.0690,-6.6994
1432.000000,24,24.3399,185.3137,46.5632,2.0915,-4.9712
1433.000000,0,24.4689,185.3215,46.7263,2.2468,-5.1152
1433.000000,1,24.4689,185.4427,47.5040,2.9033,-6.8059
1433.000000,2,24.4689,185.5658,47.6691,2.9452,-7.9251
1433.000000,3,24.4689,185.6906,47.4878,2.6391,-8.6108
1433.000000,4,24.4689,185.8171,47.3104,2.3352,-8.7480
1433.000000,5,24.4689,185.1734,47.6656,3.3341,-6.1392
1433.000000,6,24.4689,185.2980,47.4568,3.0008,-8.0571
1433.000000,7,24.4689,185.4244,47.2450,2.6626,-8.9909
1433.000000,8,24.4689,185.5524,47.5319,2.8214,-8.7768
1433.000000,9,24.4689,185.6820,47.7111,2.8710,-8.1852
1433.000000,10,24.4689,184.8462,47.2215,3.2172,-7.9123
1433.000000,11,24.4689,185.1542,47.5361,3.2239,-8.5418
1433.000000,12,24.4689,185.2840,47.7125,3.2705,-8.6623
1433.000000,13,24.4689,185.4153,47.5663,2.9929,-8.6249
1433.000000,14,24.4689,185.5481,47.3112,2.6050,-8.0706
1433.000000,15,24.4689,184.6998,47.7087,3.8508,-7.9221
1433.000000,16,24.4689,184.8314,47.5025,3.5130,-8.7437
1433.000000,17,24.4689,184.9647,47.3362,3.2135,-8.9358
1433.000000,18,24.4689,185.2794,47.4348,2.9973,-8.1532
1433.000000,19,24.4689,185.4156,47.6033,3.0297,-6.3251
1433.000000,20,24.4689,184.5545,47.3125,3.6000,-8.5171
1433.000000,21,24.4689,184.6898,47.4534,3.6056,-8.6028
1433.000000,22,24.4689,184.8266,47.5762,3.5915,-7.9531
1433.000000,23,24.4689,184.9649,47.3902,3.2672,-6.6522
1433.000000,24,24.4689,185.2844,46.5482,2.1057,-4.9338
1434.000000,0,24.5980,185.2874,46.7127,2.2672,-5.0745
1434.000000,1,24.5980,185.4095,47.4965,2.9290,-6.7745
1434.000000,2,24.5980,185.5334,47.6640,2.9726,-7.8996
1434.000000,3,24.5980,185.6590,47.4821,2.6650,-8.5904
1434.000000,4,24.5980,185.7863,47.3235,2.3792,-8.7093
1434.000000,5,24.5980,184.9597,47.6630,3.5453,-6.0912
1434.000000,6,24.5980,185.2651,47.4534,3.0302,-8.0357
1434.000000,7,24.5980,185.3923,47.2513,2.7009,-8.9605
1434.000000,8,24.5980,185.5212,47.5291,2.8499,-8.7579
1434.000000,9,24.5980,185.6516,47.7106,2.9010,-8.1662
1434.000000,10,24.5980,184.8127,47.2187,3.2480,-7.8941
1434.000000,11,24.5980,184.9416,47.5341,3.4345,-8.5105
1434.000000,12,24.5980,185.2523,47.7125,3.3022,-8.6409
1434.000000,13,24.5980,185.3845,47.5646,3.0221,-8.6069
1434.000000,14,24.5980,185.5181,47.3098,2.6337,-8.0540
1434.000000,15,24.5980,184.6668,47.7086,3.8838,-7.9000
1434.000000,16,24.5980,184.7993,47.4991,3.5418,-8.7254
1434.000000,17,24.5980,184.9334,47.3429,3.2515,-8.9064
1434.000000,18,24.5980,185.2490,47.4311,3.0241,-8.1339
1434.000000,19,24.5980,185.3860,47.5992,3.0552,-6.3022
1434.000000,20,24.5980,184.5219,47.3282,3.6483,-8.4741
1434.000000,21,24.5980,184.6581,47.4457,3.6296,-8.5848
1434.000000,22,24.5980,184.7958,47.5661,3.6123,-7.9323
1434.000000,23,24.5980,184.9350,47.3939,3.3009,-6.6043
1434.000000,24,24.5980,185.2554,46.5329,2.1195,-4.8965
1435.000000,0,24.7271,185.2534,46.6988,2.2873,-5.0337
1435.000000,1,24.7271,185.3763,47.4884,2.9541,-6.7434
1435.000000,2,24.7271,185.5011,47.6586,2.9995,-7.8743
1435.000000,3,24.7271,185.6275,47.4761,2.6905,-8.5702
1435.000000,4,24.7271,185.7556,47.3367,2.4231,-8.6706
1435.000000,5,24.7271,184.9260,47.6602,3.5762,-6.0630
1435.000000,6,24.7271,185.2323,47.4498,3.0595,-8.0143
1435.000000,7,24.7271,185.3603,47.2576,2.7392,-8.9299
1435.000000,8,24.7271,185.4900,47.5261,2.8780,-8.7394
1435.000000,9,24.7271,185.6212,47.7101,2.9308,-8.1474
1435.000000,10,24.7271,184.7794,47.2160,3.2786,-7.8758
1435.000000,11,24.7271,184.9092,47.5322,3.4649,-8.4909
1435.000000,12,24.7271,185.2207,47.7125,3.3337,-8.6196
1435.000000,13,24.7271,185.3537,47.5630,3.0512,-8.5890
1435.000000,14,24.7271,185.4882,47.3085,2.6623,-8.0373
1435.000000,15,24.7271,184.6338,47.7084,3.9166,-7.8781
1435.000000,16,24.7271,184.7672,47.4955,3.5702,-8.7074
1435.000000,17,24.7271,184.9022,47.3497,3.2895,-8.8769
1435.000000,18,24.7271,185.2187,47.4274,3.0506,-8.1146
1435.000000,19,24.7271,185.3565,47.5950,3.0804,-6.2794
1435.000000,20,24.7271,184.4893,47.3439,3.6965,-8.4312
1435.000000,21,24.7271,184.6265,47.4377,3.6532,-8.5671
1435.000000,22,24.7271,184.7651,47.5555,3.6324,-7.9118
1435.000000,23,24.7271,184.9052,47.3975,3.3343,-6.5562
1435.000000,24,24.7271,185.2264,46.5174,2.1330,-4.8591
1436.000000,0,24.8563,185.2195,46.6847,2.3071,-4.9926
1436.000000,1,24.8563,185.3433,47.4798,2.9785,-6.7126
1436.000000,2,24.8563,185.4689,47.6528,3.0259,-7.8493
1436.000000,3,24.8563,185.5961,47.4699,2.7158,-8.5504
1436.000000,4,24.8563,185.7249,47.3499,2.4669,-8.6319
1436.000000,5,24.8563,184.8924,47.6573,3.6070,-6.0349
1436.000000,6,24.8563,185.1995,47.4462,3.0886,-7.9929
1436.000000,7,24.8563,185.3285,47.2641,2.7776,-8.8993
1436.000000,8,24.8563,185.4590,47.5229,2.9059,-8.7212
1436.000000,9,24.8563,185.5910,47.7095,2.9604,-8.1287
1436.000000,10,24.8563,184.7461,47.2133,3.3092,-7.8575
1436.000000,11,24.8563,184.8768,47.5301,3.4953,-8.4715
1436.000000,12,24.8563,185.1892,47.7125,3.3652,-8.5984
1436.000000,13,24.8563,185.3231,47.5613,3.0802,-8.5711
1436.000000,14,24.8563,185.4584,47.3073,2.6908,-8.0206
1436.000000,15,24.8563,184.6009,47.7081,3.9491,-7.8564
1436.000000,16,24.8563,184.7353,47.4916,3.5983,-8.6899
1436.000000,17,24.8563,184.8712,47.3566,3.3274,-8.8474
1436.000000,18,24.8563,185.1886,47.4236,3.0770,-8.0954
1436.000000,19,24.8563,185.3272,47.5907,3.1054,-6.2566
1436.000000,20,24.8563,184.4569,47.3595,3.7445,-8.3884
1436.000000,21,24.8563,184.5950,47.4294,3.6764,-8.5498
1436.000000,22,24.8563,184.7346,47.5445,3.6518,-7.8917
1436.000000,23,24.8563,184.8755,47.4010,3.3675,-6.5077
1436.000000,24,24.8563,185.1976,46.5017,2.1460,-4.8217
1437.000000,0,24.9855,185.1857,46.6703,2.3266,-4.9514
1437.000000,1,24.9855,185.3103,47.4706,3.0023,-6.6822
1437.000000,2,24.9855,185.4367,47.6466,3.0519,-7.8247
1437.000000,3,24.9855,185.5648,47.4635,2.7406,-8.5309
1437.000000,4,24.9855,185.6944,47.3631,2.5106,-8.5933
1437.000000,5,24.9855,184.8588,47.6544,3.6375,-6.0068
1437.000000,6,24.9855,185.1669,47.4426,3.1176,-7.9716
1437.000000,7,24.9855,185.2967,47.2707,2.8159,-8.8686
1437.000000,8,24.9855,185.4281,47.5195,2.9334,-8.7033
1437.000000,9,24.9855,185.5609,47.7088,2.9899,-8.1103
1437.000000,10,24.9855,184.7130,47.2107,3.3396,-7.8391
1437.000000,11,24.9855,184.8446,47.5281,3.5255,-8.4522
1437.000000,12,24.9855,185.1579,47.7125,3.3966,-8.5773
1437.000000,13,24.9855,185.2926,47.5596,3.1090,-8.5535
1437.000000,14,24.9855,185.4288,47.3060,2.7192,-8.0040
1437.000000,15,24.9855,184.5682,47.7077,3.9814,-7.8349
1437.000000,16,24.9855,184.7035,47.4876,3.6261,-8.6727
1437.000000,17,24.9855,184.8403,47.3636,3.3652,-8.8179
1437.000000,18,24.9855,185.1585,47.4198,3.1032,-8.0762
1437.000000,19,24.9855,185.2981,47.5862,3.1301,-6.2340
1437.000000,20,24.9855,184.4247,47.3750,3.7923,-8.3458
1437.000000,21,24.9855,184.5637,47.4207,3.6990,-8.5330
1437.000000,22,24.9855,184.7042,47.5329,3.6707,-7.8719
1437.000000,23,24.9855,184.8460,47.4044,3.4004,-6.4590
1437.000000,24,24.9855,185.1690,46.4857,2.1587,-4.7843
1438.000000,0,25.1147,185.1519,46.6556,2.3457,-4.9100
1438.000000,1,25.1147,185.2774,47.4608,3.0254,-6.6522
1438.000000,2,25.1147,185.4047,47.6401,3.0773,-7.8003
1438.000000,3,25.1147,185.5336,47.4567,2.7651,-8.5117
1438.000000,4,25.1147,185.6640,47.3762,2.5542,-8.5548
1438.000000,5,25.1147,184.8254,47.6513,3.6678,-5.9787
1438.000000,6,25.1147,184.9544,47.4389,3.3264,-7.9365
1438.000000,7,25.1147,185.2651,47.2774,2.8543,-8.8379
1438.000000,8,25.1147,185.3973,47.5160,2.9606,-8.6857
1438.000000,9,25.1147,185.5309,47.7080,3.0191,-8.0920
1438.000000,10,25.1147,184.6799,47.2080,3.3701,-7.8207
1438.000000,11,25.1147,184.8125,47.5260,3.5555,-8.4330
1438.000000,12,25.1147,184.9466,47.7125,3.6078,-8.5451
1438.000000,13,25.1147,185.2623,47.5579,3.1376,-8.5359
1438.000000,14,25.1147,185.3992,47.3048,2.7475,-7.9873
1438.000000,15,25.1147,184.5356,47.7071,4.0135,-7.8135
1438.000000,16,25.1147,184.6718,47.4833,3.6535,-8.6560
1438.000000,17,25.1147,184.8095,47.3706,3.4031,-8.7883
1438.000000,18,25.1147,184.9487,47.4159,3.3092,-8.0436
1438.000000,19,25.1147,185.2690,47.5817,3.1546,-6.2115
1438.000000,20,25.1147,184.3925,47.3904,3.8399,-8.3035
1438.000000,21,25.1147,184.5325,47.4117,3.7212,-8.5165
1438.000000,22,25.1147,184.6739,47.5207,3.6888,-7.8526
1438.000000,23,25.1147,184.8166,47.4077,3.4330,-6.4100
1438.000000,24,25.1147,184.9605,46.4695,2.3510,-4.7109
1439.000000,0,25.2440,184.9383,46.6407,2.5444,-4.8349
1439.000000,1,25.2440,185.2446,47.4504,3.0478,-6.6226
1439.000000,2,25.2440,185.3728,47.6331,3.1023,-7.7763
1439.000000,3,25.2440,185.5025,47.4497,2.7892,-8.4928
1439.000000,4,25.2440,185.6337,47.3894,2.5976,-8.5164
1439.000000,5,25.2440,184.7921,47.6480,3.6979,-5.9507
1439.000000,6,25.2440,184.9220,47.4351,3.3551,-7.9153
1439.000000,7,25.2440,185.2335,47.2842,2.8926,-8.8070
1439.000000,8,25.2440,185.3666,47.5122,2.9875,-8.6685
1439.000000,9,25.2440,185.5011,47.7072,3.0481,-8.0739
1439.000000,10,25.2440,184.6470,47.2055,3.4004,-7.8023
1439.000000,11,25.2440,184.7805,47.5239,3.5854,-8.4139
1439.000000,12,25.2440,184.9155,47.7125,3.6389,-8.5243
1439.000000,13,25.2440,185.2320,47.5562,3.1661,-8.5185
1439.000000,14,25.2440,185.3698,47.3037,2.7758,-7.9707
1439.000000,15,25.2440,184.5031,47.7065,4.0454,-7.7925
1439.000000,16,25.2440,184.6402,47.4787,3.6805,-8.6396
1439.000000,17,25.2440,184.7789,47.3777,3.4408,-8.7587
1439.000000,18,25.2440,184.9189,47.4119,3.3350,-8.0246
1439.000000,19,25.2440,185.2401,47.5770,3.1788,-6.1891
1439.000000,20,25.2440,184.3605,47.4058,3.8872,-8.2614
1439.000000,21,25.2440,184.5014,47.4023,3.7428,-8.5005
1439.000000,22,25.2440,184.6438,47.5080,3.7062,-7.8337
1439.000000,23,25.2440,184.7874,47.4108,3.4654,-6.3607
1439.000000,24,25.2440,184.9321,46.4531,2.3629,-4.6733
1440.000000,0,25.3732,184.9047,46.6256,2.5628,-4.7930
1440.000000,1,25.3732,185.2119,47.4394,3.0694,-6.5934
1440.000000,2,25.3732,185.3409,47.6257,3.1267,-7.7527
1440.000000,3,25.3732,185.4715,47.4425,2.8129,-8.4743
1440.000000,4,25.3732,185.6036,47.4025,2.6409,-8.4780
1440.000000,5,25.3732,184.7589,47.6447,3.7277,-5.9226
1440.000000,6,25.3732,184.8897,47.4312,3.3835,-7.8941
1440.000000,7,25.3732,185.2021,47.2911,2.9310,-8.7761
1440.000000,8,25.3732,185.3360,47.5081,3.0141,-8.6517
1440.000000,9,25.3732,185.4713,47.7062,3.0768,-8.0561
1440.000000,10,25.3732,184.6142,47.2029,3.4306,-7.7838
1440.000000,11,25.3732,184.7486,47.5218,3.6151,-8.3949
1440.000000,12,25.3732,184.8845,47.7125,3.6699,-8.5036
1440.000000,13,25.3732,185.2019,47.5544,3.1945,-8.5012
1440.000000,14,25.3732,185.3406,47.3025,2.8039,-7.9541
1440.000000,15,25.3732,184.4707,47.7058,4.0770,-7.7716
1440.000000,16,25.3732,184.6088,47.4739,3.7071,-8.6238
1440.000000,17,25.3732,184.7484,47.3849,3.4785,-8.7292
1440.000000,18,25.3732,184.8893,47.4079,3.3606,-8.0056
1440.000000,19,25.3732,185.2114,47.5721,3.2027,-6.1669
1440.000000,20,25.3732,184.3287,47.4209,3.9342,-8.2195
1440.000000,21,25.3732,184.4705,47.3924,3.7639,-8.4849
1440.000000,22,25.3732,184.6138,47.4947,3.7229,-7.8153
1440.000000,23,25.3732,184.7583,47.4138,3.4974,-6.3112
1440.000000,24,25.3732,184.9039,46.4364,2.3745,-4.6357
1441.000000,0,25.5024,184.8712,46.6101,2.5809,-4.7510
1441.000000,1,25.5024,185.1794,47.4277,3.0903,-6.5647
1441.000000,2,25.5024,185.3092,47.6178,3.1506,-7.7295
1441.000000,3,25.5024,185.4406,47.4349,2.8362,-8.4562
1441.000000,4,25.5024,185.5735,47.4155,2.6840,-8.4399
1441.000000,5,25.5024,184.7258,47.6412,3.7573,-5.8946
1441.000000,6,25.5024,184.8575,47.4273,3.4118,-7.8729
1441.000000,7,25.5024,185.1708,47.2982,2.9693,-8.7452
1441.000000,8,25.5024,185.3056,47.5039,3.0403,-8.6353
1441.000000,9,25.5024,185.4417,47.7051,3.1054,-8.0385
1441.000000,10,25.5024,184.5815,47.2004,3.4608,-7.7653
1441.000000,11,25.5024,184.7168,47.5196,3.6447,-8.3761
1441.000000,12,25.5024,184.8537,47.7125,3.7008,-8.4831
1441.000000,13,25.5024,185.1719,47.5526,3.2226,-8.4841
1441.000000,14,25.5024,185.3114,47.3015,2.8320,-7.9375
1441.000000,15,25.5024,184.4385,47.7049,4.1083,-7.7510
1441.000000,16,25.5024,184.5775,47.4689,3.7333,-8.6084
1441.000000,17,25.5024,184.7180,47.3922,3.5161,-8.6996
1441.000000,18,25.5024,184.8598,47.4038,3.3860,-7.9866
1441.000000,19,25.5024,185.1828,47.5671,3.2263,-6.1448
1441.000000,20,25.5024,184.2970,47.4360,3.9810,-8.1780
1441.000000,21,25.5024,184.4398,47.3822,3.7844,-8.4698
1441.000000,22,25.5024,184.5840,47.4809,3.7389,-7.7973
1441.000000,23,25.5024,184.7294,47.4166,3.5291,-6.2614
1441.000000,24,25.5024,184.8759,46.4195,2.3856,-4.5982
1442.000000,0,25.6316,184.8379,46.5945,2.5986,-4.7088
1442.000000,1,25.6316,184.9669,47.4153,3.2904,-6.5173
1442.000000,2,25.6316,185.2776,47.6095,3.1739,-7.7066
1442.000000,3,25.6316,185.4099,47.4270,2.8591,-8.4384
1442.000000,4,25.6316,185.5435,47.4285,2.7269,-8.4018
1442.000000,5,25.6316,184.6928,47.6376,3.7867,-5.8666
1442.000000,6,25.6316,184.8254,47.4234,3.4399,-7.8518
1442.000000,7,25.6316,184.9596,47.3053,3.1877,-8.7023
1442.000000,8,25.6316,185.2752,47.4994,3.0661,-8.6193
1442.000000,9,25.6316,185.4122,47.7039,3.1337,-8.0211
1442.000000,10,25.6316,184.5490,47.1979,3.4909,-7.7467
1442.000000,11,25.6316,184.6852,47.5174,3.6741,-8.3574
1442.000000,12,25.6316,184.8229,47.7125,3.7315,-8.4627
1442.000000,13,25.6316,184.9621,47.5508,3.4307,-8.4552
1442.000000,14,25.6316,185.2824,47.3004,2.8600,-7.9210
1442.000000,15,25.6316,184.4064,47.7039,4.1394,-7.7308
1442.000000,16,25.6316,184.5464,47.4635,3.7591,-8.5935
1442.000000,17,25.6316,184.6878,47.3995,3.5537,-8.6700
1442.000000,18,25.6316,184.8305,47.3997,3.4112,-7.9678
1442.000000,19,25.6316,185.1543,47.5620,3.2497,-6.1228
1442.000000,20,25.6316,184.2654,47.4508,4.0274,-8.1368
1442.000000,21,25.6316,184.4092,47.3716,3.8044,-8.4551
1442.000000,22,25.6316,184.5543,47.4664,3.7540,-7.7798
1442.000000,23,25.6316,184.7007,47.4192,3.5605,-6.2114
1442.000000,24,25.6316,184.8480,46.4024,2.3963,-4.5607
1443.000000,0,25.7607,184.8046,46.5785,2.6159,-4.6664
1443.000000,1,25.7607,184.9345,47.4022,3.3097,-6.4896
1443.000000,2,25.7607,185.2461,47.6007,3.1966,-7.6842
1443.000000,3,25.7607,185.3792,47.4188,2.8816,-8.4210
1443.000000,4,25.7607,185.5137,47.4414,2.7697,-8.3640
1443.000000,5,25.7607,184.6600,47.6338,3.8158,-5.8387
1443.000000,6,25.7607,184.7934,47.4193,3.4678,-7.8308
1443.000000,7,25.7607,184.9285,47.3126,3.2260,-8.6713
1443.000000,8,25.7607,185.2450,47.4947,3.0916,-8.6038
1443.000000,9,25.7607,185.3829,47.7027,3.1618,-8.0040
1443.000000,10,25.7607,184.5165,47.1955,3.5209,-7.7282
1443.000000,11,25.7607,184.6537,47.5151,3.7034,-8.3389
1443.000000,12,25.7607,184.7923,47.7125,3.7621,-8.4425
1443.000000,13,25.7607,184.9324,47.5489,3.4585,-8.4385
1443.000000,14,25.7607,185.2536,47.2994,2.8878,-7.9045
1443.000000,15,25.7607,184.3745,47.7028,4.1702,-7.7108
1443.000000,16,25.7607,184.5154,47.4579,3.7845,-8.5791
1443.000000,17,25.7607,184.6577,47.4069,3.5912,-8.6405
1443.000000,18,25.7607,184.8013,47.3955,3.4362,-7.9490
1443.000000,19,25.7607,184.9460,47.5568,3.4527,-6.0806
1443.000000,20,25.7607,184.2340,47.4655,4.0735,-8.0960
1443.000000,21,25.7607,184.3788,47.3606,3.8238,-8.4409
1443.000000,22,25.7607,184.5248,47.4514,3.7685,-7.7627
1443.000000,23,25.7607,184.6721,47.4217,3.5916,-6.1612
1443.000000,24,25.7607,184.8203,46.3849,2.4066,-4.5233
1444.000000,0,25.8898,184.7714,46.5622,2.6328,-4.6240
1444.000000,1,25.8898,184.9022,47.3884,3.3281,-6.4624
1444.000000,2,25.8898,185.2147,47.5914,3.2187,-7.6622
1444.000000,3,25.8898,185.3487,47.4104,2.9037,-8.4041
1444.000000,4,25.8898,185.4840,47.4542,2.8122,-8.3264
1444.000000,5,25.8898,184.6272,47.6299,3.8446,-5.8109
1444.000000,6,25.8898,184.7616,47.4152,3.4956,-7.8098
1444.000000,7,25.8898,184.8976,47.3199,3.2643,-8.6402
1444.000000,8,25.8898,185.2150,47.4897,3.1167,-8.5887
1444.000000,9,25.8898,185.3536,47.7013,3.1896,-7.9872
1444.000000,10,25.8898,184.4842,47.1931,3.5508,-7.7096
1444.000000,11,25.8898,184.6223,47.5128,3.7325,-8.3205
1444.000000,12,25.8898,184.7619,47.7125,3.7925,-8.4224
1444.000000,13,25.8898,184.9028,47.5470,3.4862,-8.4219
1444.000000,14,25.8898,185.2249,47.2985,2.9156,-7.8880
1444.000000,15,25.8898,184.3427,47.7015,4.2008,-7.6912
1444.000000,16,25.8898,184.4846,47.4520,3.8094,-8.5652
1444.000000,17,25.8898,184.6278,47.4144,3.6285,-8.6109
1444.000000,18,25.8898,184.7723,47.3924,3.4621,-7.9289
1444.000000,19,25.8898,184.9178,47.5514,3.4755,-6.0589
1444.000000,20,25.8898,184.2028,47.4800,4.1192,-8.0556
1444.000000,21,25.8898,184.3485,47.3635,3.8570,-8.4108
1444.000000,22,25.8898,184.4955,47.4356,3.7821,-7.7462
1444.000000,23,25.8898,184.6437,47.4240,3.6223,-6.1107
1444.000000,24,25.8898,184.7928,46.3673,2.4165,-4.4860
1445.000000,0,26.0187,184.7384,46.5457,2.6493,-4.5814
1445.000000,1,26.0187,184.8701,47.3738,3.3457,-6.4358
1445.000000,2,26.0187,185.1834,47.5817,3.2402,-7.6406
1445.000000,3,26.0187,185.3182,47.4015,2.9253,-8.3875
1445.000000,4,26.0187,185.4544,47.4670,2.8545,-8.2890
1445.000000,5,26.0187,184.5946,47.6258,3.8732,-5.7831
1445.000000,6,26.0187,184.7299,47.4111,3.5231,-7.7889
1445.000000,7,26.0187,184.8667,47.3274,3.3026,-8.6091
1445.000000,8,26.0187,185.1850,47.4845,3.1414,-8.5740
1445.000000,9,26.0187,185.3245,47.6997,3.2172,-7.9707
1445.000000,10,26.0187,184.4521,47.1907,3.5806,-7.6910
1445.000000,11,26.0187,184.5911,47.5105,3.7614,-8.3024
1445.000000,12,26.0187,184.7316,47.7125,3.8229,-8.4025
1445.000000,13,26.0187,184.8734,47.5451,3.5137,-8.4055
1445.000000,14,26.0187,185.1963,47.2976,2.9433,-7.8716
1445.000000,15,26.0187,184.3110,47.7001,4.2310,-7.6719
1445.000000,16,26.0187,184.4539,47.4458,3.8339,-8.5519
1445.000000,17,26.0187,184.5981,47.4219,3.6658,-8.5814
1445.000000,18,26.0187,184.7434,47.3995,3.4980,-7.8969
1445.000000,19,26.0187,184.8899,47.5458,3.4979,-6.0374
1445.000000,20,26.0187,184.1717,47.4942,4.1645,-8.0157
1445.000000,21,26.0187,184.3184,47.3730,3.8966,-8.3730
1445.000000,22,26.0187,184.4664,47.4193,3.7949,-7.7301
1445.000000,23,26.0187,184.6154,47.4260,3.6526,-6.0600
1445.000000,24,26.0187,184.7654,46.3494,2.4260,-4.4487
1446.000000,0,26.1476,184.7054,46.5289,2.6654,-4.5387
1446.000000,1,26.1476,184.8380,47.3585,3.3624,-6.4098
1446.000000,2,26.1476,184.9723,47.5714,3.4411,-7.6051
1446.000000,3,26.1476,185.2880,47.3924,2.9464,-8.3714
1446.000000,4,26.1476,185.4250,47.4796,2.8966,-8.2519
1446.000000,5,26.1476,184.5620,47.6216,3.9015,-5.7554
1446.000000,6,26.1476,184.6983,47.4068,3.5505,-7.7680
1446.000000,7,26.1476,184.8361,47.3349,3.3408,-8.5780
1446.000000,8,26.1476,185.1552,47.4790,3.1657,-8.5598
1446.000000,9,26.1476,185.2956,47.6981,3.2445,-7.9545
1446.000000,10,26.1476,184.4200,47.1884,3.6104,-7.6724
1446.000000,11,26.1476,184.5600,47.5082,3.7901,-8.2844
1446.000000,12,26.1476,184.7014,47.7125,3.8530,-8.3829
1446.000000,13,26.1476,184.8441,47.5431,3.5410,-8.3892
1446.000000,14,26.1476,185.1679,47.2967,2.9708,-7.8552
1446.000000,15,26.1476,184.2795,47.6985,4.2609,-7.6530
1446.000000,16,26.1476,184.4233,47.4393,3.8579,-8.5391
1446.000000,17,26.1476,184.5684,47.4295,3.7030,-8.5520
1446.000000,18,26.1476,184.7147,47.4065,3.5337,-7.8651
1446.000000,19,26.1476,184.8620,47.5401,3.5201,-6.0161
1446.000000,20,26.1476,184.1408,47.5082,4.2094,-7.9762
1446.000000,21,26.1476,184.2884,47.3820,3.9355,-8.3358
1446.000000,22,26.1476,184.4374,47.4023,3.8068,-7.7146
1446.000000,23,26.1476,184.5873,47.4279,3.6825,-6.0092
1446.000000,24,26.1476,184.7382,46.3312,2.4350,-4.4116
1447.000000,0,26.2763,184.6726,46.5117,2.6811,-4.4959
1447.000000,1,26.2763,184.8061,47.3423,3.3782,-6.3844
1447.000000,2,26.2763,184.9412,47.5605,3.4613,-7.5845
1447.000000,3,26.2763,185.2578,47.3829,2.9671,-8.3558
1447.000000,4,26.2763,185.3956,47.4920,2.9384,-8.2150
1447.000000,5,26.2763,184.5297,47.6172,3.9296,-5.7277
1447.000000,6,26.2763,184.6668,47.4025,3.5776,-7.7472
1447.000000,7,26.2763,184.8055,47.3426,3.3790,-8.5469
1447.000000,8,26.2763,184.9455,47.4732,3.3697,-8.5343
1447.000000,9,26.2763,185.2667,47.6963,3.2715,-7.9387
1447.000000,10,26.2763,184.3881,47.1862,3.6400,-7.6539
1447.000000,11,26.2763,184.5291,47.5058,3.8187,-8.2666
1447.000000,12,26.2763,184.6714,47.7125,3.8831,-8.3634
1447.000000,13,26.2763,184.8149,47.5411,3.5681,-8.3732
1447.000000,14,26.2763,184.9596,47.2959,3.1783,-7.8243
1447.000000,15,26.2763,184.2482,47.6968,4.2906,-7.6344
1447.000000,16,26.2763,184.3929,47.4325,3.8815,-8.5270
1447.000000,17,26.2763,184.5390,47.4371,3.7400,-8.5226
1447.000000,18,26.2763,184.6862,47.4134,3.5692,-7.8334
1447.000000,19,26.2763,184.8344,47.5343,3.5419,-5.9950
1447.000000,20,26.2763,184.1100,47.5219,4.2538,-7.9373
1447.000000,21,26.2763,184.2587,47.3905,3.9737,-8.2992
1447.000000,22,26.2763,184.4085,47.3845,3.8180,-7.6996
1447.000000,23,26.2763,184.5594,47.4296,3.7121,-5.9581
1447.000000,24,26.2763,184.7112,46.3128,2.4436,-4.3745
1448.000000,0,26.4049,184.6399,46.4943,2.6964,-4.4530
1448.000000,1,26.4049,184.7743,47.3286,3.3963,-6.3556
1448.000000,2,26.4049,184.9103,47.5492,3.4808,-7.5644
1448.000000,3,26.4049,185.2277,47.3730,2.9873,-8.3406
1448.000000,4,26.4049,185.3664,47.5044,2.9799,-8.1785
1448.000000,5,26.4049,184.4974,47.6127,3.9573,-5.7002
1448.000000,6,26.4049,184.6355,47.3981,3.6046,-7.7265
1448.000000,7,26.4049,184.7751,47.3503,3.4172,-8.5158
1448.000000,8,26.4049,184.9160,47.4672,3.3931,-8.5212
1448.000000,9,26.4049,185.2381,47.6944,3.2983,-7.9232
1448.000000,10,26.4049,184.3564,47.1840,3.6696,-7.6353
1448.000000,11,26.4049,184.4983,47.5033,3.8470,-8.2490
1448.000000,12,26.4049,184.6415,47.7125,3.9129,-8.3441
1448.000000,13,26.4049,184.7860,47.5391,3.5951,-8.3574
1448.000000,14,26.4049,184.9315,47.2952,3.2057,-7.8081
1448.000000,15,26.4049,184.2170,47.6949,4.3199,-7.6164
1448.000000,16,26.4049,184.3627,47.4253,3.9046,-8.5154
1448.000000,17,26.4049,184.5097,47.4447,3.7770,-8.4933
1448.000000,18,26.4049,184.6578,47.4202,3.6044,-7.8017
1448.000000,19,26.4049,184.8069,47.5283,3.5634,-5.9741
1448.000000,20,26.4049,184.0794,47.5353,4.2978,-7.8989
1448.000000,21,26.4049,184.2291,47.3983,4.0111,-8.2633
1448.000000,22,26.4049,184.3799,47.3661,3.8282,-7.6852
1448.000000,23,26.4049,184.5317,47.4310,3.7412,-5.9069
1448.000000,24,26.4049,184.6843,46.2942,2.4518,-4.3376
1449.000000,0,26.5334,184.6073,46.4766,2.7113,-4.4101
1449.000000,1,26.5334,184.7426,47.3344,3.4337,-6.3026
1449.000000,2,26.5334,184.8795,47.5372,3.4996,-7.5448
1449.000000,3,26.5334,185.1978,47.3628,3.0070,-8.3259
1449.000000,4,26.5334,185.3374,47.5165,3.0211,-8.1423
1449.000000,5,26.5334,184.4653,47.6080,3.9847,-5.6728
1449.000000,6,26.5334,184.6043,47.3937,3.6313,-7.7059
1449.000000,7,26.5334,184.7448,47.3581,3.4553,-8.4848
1449.000000,8,26.5334,184.8866,47.4608,3.4162,-8.5087
1449.000000,9,26.5334,185.2095,47.6924,3.3248,-7.9080
1449.000000,10,26.5334,184.3248,47.1819,3.6991,-7.6167
1449.000000,11,26.5334,184.4676,47.5009,3.8752,-8.2316
1449.000000,12,26.5334,184.6118,47.7125,3.9426,-8.3250
1449.000000,13,26.5334,184.7571,47.5371,3.6219,-8.3418
1449.000000,14,26.5334,184.9035,47.2945,3.2329,-7.7920
1449.000000,15,26.5334,184.1860,47.6929,4.3489,-7.5987
1449.000000,16,26.5334,184.3327,47.4178,3.9271,-8.5045
1449.000000,17,26.5334,184.4806,47.4524,3.8138,-8.4640
1449.000000,18,26.5334,184.6296,47.4269,3.6393,-7.7701
1449.000000,19,26.5334,184.7795,47.5221,3.5846,-5.9534
1449.000000,20,26.5334,184.0491,47.5484,4.3413,-7.8611
1449.000000,21,26.5334,184.1997,47.4055,4.0478,-8.2280
1449.000000,22,26.5334,184.3515,47.3470,3.8375,-7.6714
1449.000000,23,26.5334,184.5042,47.4321,3.7699,-5.8555
1449.000000,24,26.5334,184.6577,46.2753,2.4595,-4.3009
1450.000000,0,26.6616,184.5748,46.4586,2.7258,-4.3671
1450.000000,1,26.6616,184.7111,47.3401,3.4709,-6.2491
1450.000000,2,26.6616,184.8489,47.5247,3.5178,-7.5257
1450.000000,3,26.6616,185.1681,47.3522,3.0261,-8.3116
1450.000000,4,26.6616,185.3084,47.5285,3.0620,-8.1064
1450.000000,5,26.6616,184.4333,47.6032,4.0119,-5.6454
1450.000000,6,26.6616,184.5733,47.3892,3.6579,-7.6853
1450.000000,7,26.6616,184.7147,47.3660,3.4933,-8.4537
1450.000000,8,26.6616,184.8574,47.4542,3.4388,-8.4966
1450.000000,9,26.6616,185.1812,47.6902,3.3511,-7.8932
1450.000000,10,26.6616,184.2933,47.1798,3.7284,-7.5981
1450.000000,11,26.6616,184.4371,47.4984,3.9032,-8.2145
1450.000000,12,26.6616,184.5822,47.7125,3.9722,-8.3062
1450.000000,13,26.6616,184.7285,47.5350,3.6485,-8.3264
1450.000000,14,26.6616,184.8758,47.2939,3.2601,-7.7759
1450.000000,15,26.6616,184.1551,47.6907,4.3775,-7.5815
1450.000000,16,26.6616,184.3028,47.4100,3.9492,-8.4943
1450.000000,17,26.6616,184.4517,47.4601,3.8504,-8.4349
1450.000000,18,26.6616,184.6016,47.4335,3.6739,-7.7387
1450.000000,19,26.6616,184.7524,47.5158,3.6054,-5.9329
1450.000000,20,26.6616,184.0188,47.5611,4.3842,-7.8240
1450.000000,21,26.6616,184.1705,47.4120,4.0835,-8.1934
1450.000000,22,26.6616,184.3232,47.3271,3.8459,-7.6582
1450.000000,23,26.6616,184.4768,47.4331,3.7982,-5.8039
1450.000000,24,26.6616,184.6312,46.2561,2.4668,-4.2643
1451.000000,0,26.7897,184.5424,46.4402,2.7398,-4.3240
1451.000000,1,26.7897,184.6797,47.3457,3.5080,-6.1953
1451.000000,2,26.7897,184.8184,47.5115,3.5351,-7.5072
1451.000000,3,26.7897,184.9584,47.3492,3.2328,-8.2758
1451.000000,4,26.7897,185.2797,47.5403,3.1026,-8.0710
1451.000000,5,26.7897,184.4014,47.5981,4.0387,-5.6182
1451.000000,6,26.7897,184.5424,47.3846,3.6842,-7.6649
1451.000000,7,26.7897,184.6847,47.3740,3.5313,-8.4227
1451.000000,8,26.7897,184.8283,47.4473,3.4610,-8.4852
1451.000000,9,26.7897,185.1529,47.6879,3.3770,-7.8788
1451.000000,10,26.7897,184.2620,47.1778,3.7577,-7.5796
1451.000000,11,26.7897,184.4068,47.4958,3.9310,-8.1976
1451.000000,12,26.7897,184.5528,47.7125,4.0016,-8.2876
1451.000000,13,26.7897,184.7000,47.5329,3.6748,-8.3112
1451.000000,14,26.7897,184.8481,47.2933,3.2871,-7.7599
1451.000000,15,26.7897,184.1244,47.6883,4.4058,-7.5649
1451.000000,16,26.7897,184.2731,47.4018,3.9707,-8.4847
1451.000000,17,26.7897,184.4229,47.4679,3.8869,-8.4058
1451.000000,18,26.7897,184.5737,47.4400,3.7083,-7.7075
1451.000000,19,26.7897,184.7254,47.5094,3.6259,-5.9126
1451.000000,20,26.7897,183.9888,47.5734,4.4266,-7.7875
1451.000000,21,26.7897,184.1414,47.4179,4.1184,-8.1596
1451.000000,22,26.7897,184.2951,47.3065,3.8533,-7.6455
1451.000000,23,26.7897,184.4497,47.4337,3.8260,-5.7523
1451.000000,24,26.7897,184.6050,46.2367,2.4737,-4.2279
1452.000000,0,26.9176,184.5102,46.4216,2.7533,-4.2809
1452.000000,1,26.9176,184.6484,47.3512,3.5448,-6.1411
1452.000000,2,26.9176,184.7880,47.4978,3.5518,-7.4893
1452.000000,3,26.9176,184.9289,47.3609,3.2739,-8.2361
1452.000000,4,26.9176,185.2510,47.5518,3.1428,-8.0359
1452.000000,5,26.9176,184.3697,47.5929,4.0652,-5.5911
1452.000000,6,26.9176,184.5116,47.3799,3.7103,-7.6446
1452.000000,7,26.9176,184.6549,47.3821,3.5692,-8.3917
1452.000000,8,26.9176,184.7993,47.4400,3.4827,-8.4744
1452.000000,9,26.9176,184.9449,47.6855,3.5826,-7.8517
1452.000000,10,26.9176,184.2309,47.1758,3.7869,-7.5611
1452.000000,11,26.9176,184.3766,47.4933,3.9586,-8.1809
1452.000000,12,26.9176,184.5236,47.7125,4.0309,-8.2693
1452.000000,13,26.9176,184.6716,47.5307,3.7010,-8.2963
1452.000000,14,26.9176,184.8207,47.2927,3.3140,-7.7440
1452.000000,15,26.9176,184.0939,47.6857,4.4338,-7.5487
1452.000000,16,26.9176,184.2435,47.3933,3.9918,-8.4758
1452.000000,17,26.9176,184.3943,47.4756,3.9233,-8.3769
1452.000000,18,26.9176,184.5460,47.4464,3.7423,-7.6763
1452.000000,19,26.9176,184.6986,47.5027,3.6461,-5.8926
1452.000000,20,26.9176,183.9590,47.5854,4.4684,-7.7517
1452.000000,21,26.9176,184.1126,47.4230,4.1524,-8.1265
1452.000000,22,26.9176,184.2672,47.2851,3.8598,-7.6335
1452.000000,23,26.9176,184.4227,47.4341,3.8533,-5.7005
1452.000000,24,26.9176,184.5789,46.2170,2.4801,-4.1916
1453.000000,0,27.0452,184.4781,46.4026,2.7664,-4.2378
1453.000000,1,27.0452,184.6172,47.3566,3.5814,-6.0866
1453.000000,2,27.0452,184.7578,47.4834,3.5676,-7.4720
1453.000000,3,27.0452,184.8996,47.3721,3.3145,-8.1970
1453.000000,4,27.0452,185.2225,47.5632,3.1826,-8.0013
1453.000000,5,27.0452,184.3382,47.5875,4.0913,-5.5642
1453.000000,6,27.0452,184.4810,47.3752,3.7361,-7.6243
1453.000000,7,27.0452,184.6252,47.3902,3.6070,-8.3608
1453.000000,8,27.0452,184.7705,47.4325,3.5039,-8.4641
1453.000000,9,27.0452,184.9169,47.6829,3.6079,-7.8382
1453.000000,10,27.0452,184.1999,47.1739,3.8160,-7.5426
1453.000000,11,27.0452,184.3466,47.4906,3.9860,-8.1645
1453.000000,12,27.0452,184.4945,47.7125,4.0599,-8.2512
1453.000000,13,27.0452,184.6435,47.5285,3.7270,-8.2817
1453.000000,14,27.0452,184.7934,47.2923,3.3409,-7.7282
1453.000000,15,27.0452,184.0636,47.6829,4.4613,-7.5331
1453.000000,16,27.0452,184.2142,47.3844,4.0122,-8.4677
1453.000000,17,27.0452,184.3659,47.4834,3.9595,-8.3480
1453.000000,18,27.0452,184.5185,47.4526,3.7760,-7.6454
1453.000000,19,27.0452,184.6720,47.4959,3.6659,-5.8728
1453.000000,20,27.0452,183.9294,47.5969,4.5095,-7.7166
1453.000000,21,27.0452,184.0840,47.4274,4.1854,-8.0942
1453.000000,22,27.0452,184.2395,47.2629,3.8653,-7.6221
1453.000000,23,27.0452,184.3959,47.4341,3.8802,-5.6486
1453.000000,24,27.0452,184.5530,46.1970,2.4860,-4.1556
1454.000000,0,27.1725,184.4462,46.3833,2.7791,-4.1946
1454.000000,1,27.1725,184.5862,47.3619,3.6177,-6.0317
1454.000000,2,27.1725,184.7277,47.4683,3.5826,-7.4554
1454.000000,3,27.1725,184.8704,47.3828,3.3544,-8.1584
1454.000000,4,27.1725,185.1942,47.5743,3.2221,-7.9672
1454.000000,5,27.1725,184.3067,47.5820,4.1172,-5.5374
1454.000000,6,27.1725,184.4505,47.3703,3.7618,-7.6042
1454.000000,7,27.1725,184.5957,47.3984,3.6447,-8.3300
1454.000000,8,27.1725,184.7419,47.4246,3.5246,-8.4545
1454.000000,9,27.1725,184.8892,47.6802,3.6329,-7.8251
1454.000000,10,27.1725,184.1691,47.1721,3.8450,-7.5242
1454.000000,11,27.1725,184.3167,47.4880,4.0132,-8.1484
1454.000000,12,27.1725,184.4656,47.7125,4.0888,-8.2334
1454.000000,13,27.1725,184.6155,47.5263,3.7528,-8.2673
1454.000000,14,27.1725,184.7663,47.2919,3.3676,-7.7125
1454.000000,15,27.1725,184.0334,47.6800,4.4885,-7.5181
1454.000000,16,27.1725,184.1850,47.3751,4.0321,-8.4603
1454.000000,17,27.1725,184.3377,47.4912,3.9955,-8.3193
1454.000000,18,27.1725,184.4912,47.4586,3.8093,-7.6146
1454.000000,19,27.1725,184.6456,47.4889,3.6853,-5.8532
1454.000000,20,27.1725,183.8999,47.6080,4.5500,-7.6823
1454.000000,21,27.1725,184.0555,47.4310,4.2175,-8.0628
1454.000000,22,27.1725,184.2121,47.2399,3.8698,-7.6114
1454.000000,23,27.1725,184.3694,47.4339,3.9065,-5.5967
1454.000000,24,27.1725,184.5273,46.1768,2.4914,-4.1198
1455.000000,0,27.2996,184.4144,46.3637,2.7913,-4.1515
1455.000000,1,27.2996,184.5554,47.3672,3.6538,-5.9765
1455.000000,2,27.2996,184.6977,47.4526,3.5969,-7.4393
1455.000000,3,27.2996,184.8413,47.3931,3.3937,-8.1205
1455.000000,4,27.2996,185.1660,47.5851,3.2611,-7.9336
1455.000000,5,27.2996,184.2755,47.5762,4.1427,-5.5108
1455.000000,6,27.2996,184.4202,47.3654,3.7872,-7.5842
1455.000000,7,27.2996,184.5663,47.4067,3.6823,-8.2993
1455.000000,8,27.2996,184.7135,47.4163,3.5448,-8.4456
1455.000000,9,27.2996,184.8616,47.6773,3.6576,-7.8125
1455.000000,10,27.2996,184.1384,47.1703,3.8739,-7.5058
1455.000000,11,27.2996,184.2871,47.4853,4.0402,-8.1326
1455.000000,12,27.2996,184.4369,47.7125,4.1176,-8.2159
1455.000000,13,27.2996,184.5877,47.5241,3.7784,-8.2532
1455.000000,14,27.2996,184.7393,47.2915,3.3941,-7.6969
1455.000000,15,27.2996,184.0034,47.6768,4.5153,-7.5037
1455.000000,16,27.2996,184.1560,47.3654,4.0514,-8.4536
1455.000000,17,27.2996,184.3096,47.4989,4.0313,-8.2908
1455.000000,18,27.2996,184.4641,47.4645,3.8423,-7.5841
1455.000000,19,27.2996,184.6194,47.4818,3.7044,-5.8339
1455.000000,20,27.2996,183.8707,47.6186,4.5898,-7.6489
1455.000000,21,27.2996,184.0273,47.4338,4.2485,-8.0323
1455.000000,22,27.2996,184.1848,47.2161,3.8733,-7.6014
1455.000000,23,27.2996,184.3430,47.4334,3.9323,-5.5446
1455.000000,24,27.2996,184.5019,46.1563,2.4964,-4.0843
1456.000000,0,27.4264,184.3827,46.3437,2.8030,-4.1084
1456.000000,1,27.4264,184.5246,47.3722,3.6896,-5.9210
1456.000000,2,27.4264,184.6679,47.4362,3.6102,-7.4240
1456.000000,3,27.4264,184.8124,47.4028,3.4324,-8.0832
1456.000000,4,27.4264,184.9579,47.5956,3.4797,-7.8871
1456.000000,5,27.4264,184.2444,47.5702,4.1678,-5.4844
1456.000000,6,27.4264,184.3901,47.3605,3.8123,-7.5643
1456.000000,7,27.4264,184.5371,47.4150,3.7199,-8.2686
1456.000000,8,27.4264,184.6852,47.4078,3.5646,-8.4373
1456.000000,9,27.4264,184.8342,47.6742,3.6820,-7.8003
1456.000000,10,27.4264,184.1080,47.1687,3.9027,-7.4875
1456.000000,11,27.4264,184.2576,47.4826,4.0670,-8.1170
1456.000000,12,27.4264,184.4083,47.7125,4.1461,-8.1986
1456.000000,13,27.4264,184.5600,47.5218,3.8037,-8.2393
1456.000000,14,27.4264,184.7126,47.2912,3.4206,-7.6814
1456.000000,15,27.4264,183.9736,47.6734,4.5417,-7.4898
1456.000000,16,27.4264,184.1272,47.3554,4.0701,-8.4477
1456.000000,17,27.4264,184.2818,47.5067,4.0669,-8.2624
1456.000000,18,27.4264,184.4372,47.4702,3.8750,-7.5538
1456.000000,19,27.4264,184.5933,47.4745,3.7231,-5.8149
1456.000000,20,27.4264,183.8417,47.6286,4.6289,-7.6162
1456.000000,21,27.4264,183.9992,47.4357,4.2784,-8.0026
1456.000000,22,27.4264,184.1577,47.1915,3.8757,-7.5920
1456.000000,23,27.4264,184.3169,47.4325,3.9576,-5.4926
1456.000000,24,27.4264,184.4766,46.1356,2.5010,-4.0490
1457.000000,0,27.5529,184.3512,46.3234,2.8142,-4.0653
1457.000000,1,27.5529,184.4941,47.3772,3.7251,-5.8652
1457.000000,2,27.5529,184.6383,47.4190,3.6227,-7.4093
1457.000000,3,27.5529,184.7836,47.4120,3.4703,-8.0465
1457.000000,4,27.5529,184.9300,47.6059,3.5178,-7.8546
1457.000000,5,27.5529,184.2134,47.5641,4.1926,-5.4582
1457.000000,6,27.5529,184.3601,47.3554,3.8373,-7.5445
1457.000000,7,27.5529,184.5081,47.4234,3.7573,-8.2381
1457.000000,8,27.5529,184.6570,47.3988,3.5838,-8.4298
1457.000000,9,27.5529,184.8069,47.6710,3.7060,-7.7887
1457.000000,10,27.5529,184.0777,47.1670,3.9313,-7.4693
1457.000000,11,27.5529,184.2283,47.4798,4.0935,-8.1018
1457.000000,12,27.5529,184.3799,47.7125,4.1745,-8.1817
1457.000000,13,27.5529,184.5326,47.5195,3.8289,-8.2257
1457.000000,14,27.5529,184.6860,47.2910,3.4470,-7.6661
1457.000000,15,27.5529,183.9441,47.6698,4.5677,-7.4767
1457.000000,16,27.5529,184.0986,47.3449,4.0882,-8.4427
1457.000000,17,27.5529,184.2541,47.5145,4.1023,-8.2341
1457.000000,18,27.5529,184.4105,47.4757,3.9072,-7.5237
1457.000000,19,27.5529,184.5675,47.4670,3.7415,-5.7962
1457.000000,20,27.5529,183.8129,47.6382,4.6672,-7.5845
1457.000000,21,27.5529,183.9714,47.4367,4.3072,-7.9740
1457.000000,22,27.5529,184.1308,47.1660,3.8771,-7.5834
1457.000000,23,27.5529,184.2909,47.4312,3.9823,-5.4405
1457.000000,24,27.5529,184.4516,46.1146,2.5050,-4.0140
1458.000000,0,27.6790,184.3198,46.3027,2.8249,-4.0223
1458.000000,1,27.6790,184.4636,47.3819,3.7603,-5.8091
1458.000000,2,27.6790,184.6088,47.4012,3.6343,-7.3953
1458.000000,3,27.6790,184.7551,47.4206,3.5075,-8.0106
1458.000000,4,27.6790,184.9023,47.6158,3.5554,-7.8226
1458.000000,5,27.6790,184.1827,47.5577,4.2170,-5.4322
1458.000000,6,27.6790,184.3303,47.3503,3.8619,-7.5249
1458.000000,7,27.6790,184.4792,47.4318,3.7945,-8.2077
1458.000000,8,27.6790,184.6291,47.3895,3.6024,-8.4229
1458.000000,9,27.6790,184.7798,47.6676,3.7297,-7.7776
1458.000000,10,27.6790,184.0476,47.1655,3.9599,-7.4511
1458.000000,11,27.6790,184.1991,47.4770,4.1198,-8.0869
1458.000000,12,27.6790,184.3518,47.7125,4.2027,-8.1651
1458.000000,13,27.6790,184.5053,47.5172,3.8538,-8.2125
1458.000000,14,27.6790,184.6596,47.2908,3.4732,-7.6509
1458.000000,15,27.6790,183.9147,47.6660,4.5933,-7.4642
1458.000000,16,27.6790,184.0702,47.3340,4.1057,-8.4385
1458.000000,17,27.6790,184.2267,47.5222,4.1375,-8.2061
1458.000000,18,27.6790,184.3840,47.4811,3.9391,-7.4939
1458.000000,19,27.6790,184.5418,47.4594,3.7595,-5.7778
1458.000000,20,27.6790,183.7843,47.6471,4.7048,-7.5537
1458.000000,21,27.6790,183.9438,47.4368,4.3349,-7.9462
1458.000000,22,27.6790,184.1042,47.1396,3.8773,-7.5755
1458.000000,23,27.6790,184.2652,47.4297,4.0064,-5.3884
1458.000000,24,27.6790,184.4267,46.0933,2.5086,-3.9793
1459.000000,0,27.8047,184.2886,46.2817,2.8351,-3.9794
1459.000000,1,27.8047,184.4334,47.3865,3.7951,-5.7527
1459.000000,2,27.8047,184.5794,47.3825,3.6451,-7.3821
1459.000000,3,27.8047,184.7266,47.4285,3.5439,-7.9754
1459.000000,4,27.8047,184.8748,47.6253,3.5925,-7.7913
1459.000000,5,27.8047,184.1521,47.5511,4.2410,-5.4063
1459.000000,6,27.8047,184.3007,47.3451,3.8864,-7.5054
1459.000000,7,27.8047,184.4505,47.4402,3.8317,-8.1774
1459.000000,8,27.8047,184.6013,47.3799,3.6206,-8.4168
1459.000000,9,27.8047,184.7529,47.6640,3.7530,-7.7670
1459.000000,10,27.8047,184.0176,47.1641,3.9884,-7.4331
1459.000000,11,27.8047,184.1702,47.4742,4.1459,-8.0723
1459.000000,12,27.8047,184.3238,47.7125,4.2307,-8.1488
1459.000000,13,27.8047,184.4782,47.5148,3.8785,-8.1995
1459.000000,14,27.8047,184.6334,47.2907,3.4993,-7.6358
1459.000000,15,27.8047,183.8855,47.6620,4.6185,-7.4525
1459.000000,16,27.8047,184.0420,47.3227,4.1226,-8.4351
1459.000000,17,27.8047,184.1995,47.5299,4.1724,-8.1782
1459.000000,18,27.8047,184.3576,47.4862,3.9705,-7.4643
1459.000000,19,27.8047,184.5164,47.4515,3.7771,-5.7597
1459.000000,20,27.8047,183.7559,47.6555,4.7415,-7.5239
1459.000000,21,27.8047,183.9165,47.4359,4.3614,-7.9196
1459.000000,22,27.8047,184.0778,47.1311,3.8952,-7.5462
1459.000000,23,27.8047,184.2397,47.4277,4.0299,-5.3363
1459.000000,24,27.8047,184.4021,46.0718,2.5117,-3.9449
1460.000000,0,27.9301,184.2575,46.2603,2.8448,-3.9365
1460.000000,1,27.9301,184.4033,47.3910,3.8297,-5.6961
1460.000000,2,27.9301,184.5503,47.3631,3.6548,-7.3696
1460.000000,3,27.9301,184.6984,47.4359,3.5795,-7.9410
1460.000000,4,27.9301,184.8474,47.6345,3.6291,-7.7607
1460.000000,5,27.9301,184.1216,47.5444,4.2647,-5.3808
1460.000000,6,27.9301,184.2713,47.3398,3.9105,-7.4860
1460.000000,7,27.9301,184.4220,47.4487,3.8687,-8.1473
1460.000000,8,27.9301,184.5737,47.3698,3.6381,-8.4114
1460.000000,9,27.9301,184.7262,47.6602,3.7760,-7.7569
1460.000000,10,27.9301,183.9879,47.1627,4.0168,-7.4151
1460.000000,11,27.9301,184.1414,47.4713,4.1718,-8.0580
1460.000000,12,27.9301,184.2960,47.7125,4.2585,-8.1328
1460.000000,13,27.9301,184.4513,47.5124,3.9030,-8.1869
1460.000000,14,27.9301,184.6074,47.2907,3.5253,-7.6209
1460.000000,15,27.9301,183.8565,47.6577,4.6432,-7.4415
1460.000000,16,27.9301,184.0140,47.3109,4.1388,-8.4325
1460.000000,17,27.9301,184.1724,47.5376,4.2072,-8.1506
1460.000000,18,27.9301,184.3315,47.4911,4.0016,-7.4351
1460.000000,19,27.9301,184.4912,47.4435,3.7943,-5.7419
1460.000000,20,27.9301,183.7278,47.6632,4.7774,-7.4950
1460.000000,21,27.9301,183.8893,47.4341,4.3867,-7.8939
1460.000000,22,27.9301,184.0516,47.1600,3.9503,-7.4725
1460.000000,23,27.9301,184.2144,47.4253,4.0529,-5.2843
1460.000000,24,27.9301,184.3777,46.0500,2.5143,-3.9108
1461.000000,0,28.0550,184.2266,46.2386,2.8540,-3.8938
1461.000000,1,28.0550,184.3733,47.3952,3.8638,-5.6392
1461.000000,2,28.0550,184.5213,47.3429,3.6636,-7.3579
1461.000000,3,28.0550,184.6703,47.4425,3.6142,-7.9074
1461.000000,4,28.0550,184.8201,47.6433,3.6651,-7.7307
1461.000000,5,28.0550,184.0914,47.5374,4.2879,-5.3554
1461.000000,6,28.0550,184.2420,47.3345,3.9344,-7.4669
1461.000000,7,28.0550,184.3937,47.4572,3.9055,-8.1174
1461.000000,8,28.0550,184.5463,47.3594,3.6551,-8.4068
1461.000000,9,28.0550,184.6997,47.6563,3.7986,-7.7474
1461.000000,10,28.0550,183.9584,47.1614,4.0450,-7.3973
1461.000000,11,28.0550,184.1129,47.4683,4.1974,-8.0442
1461.000000,12,28.0550,184.2684,47.7125,4.2861,-8.1171
1461.000000,13,28.0550,184.4247,47.5099,3.9272,-8.1746
1461.000000,14,28.0550,184.5816,47.2908,3.5511,-7.6061
1461.000000,15,28.0550,183.8278,47.6532,4.6674,-7.4312
1461.000000,16,28.0550,183.9863,47.2987,4.1544,-8.4309
1461.000000,17,28.0550,184.1456,47.5453,4.2416,-8.1232
1461.000000,18,28.0550,184.3056,47.4958,4.0321,-7.4062
1461.000000,19,28.0550,184.4662,47.4353,3.8111,-5.7244
1461.000000,20,28.0550,183.6999,47.6702,4.8123,-7.4672
1461.000000,21,28.0550,183.8624,47.4312,4.4107,-7.8694
1461.000000,22,28.0550,184.0256,47.1885,4.0049,-7.3987
1461.000000,23,28.0550,184.1894,47.4226,4.0752,-5.2323
1461.000000,24,28.0550,184.3535,46.0280,2.5164,-3.8771
1462.000000,0,28.1795,184.1959,46.2165,2.8626,-3.8512
1462.000000,1,28.1795,184.3436,47.3992,3.8976,-5.5821
1462.000000,2,28.1795,184.4925,47.3219,3.6714,-7.3470
1462.000000,3,28.1795,184.6423,47.4485,3.6481,-7.8747
1462.000000,4,28.1795,184.7931,47.6517,3.7006,-7.7015
1462.000000,5,28.1795,184.0613,47.5302,4.3108,-5.3304
1462.000000,6,28.1795,184.2129,47.3290,3.9581,-7.4478
1462.000000,7,28.1795,184.3655,47.4657,3.9422,-8.0876
1462.000000,8,28.1795,184.5190,47.3486,3.6715,-8.4030
1462.000000,9,28.1795,184.6733,47.6522,3.8208,-7.7385
1462.000000,10,28.1795,183.9290,47.1602,4.0732,-7.3796
1462.000000,11,28.1795,184.0845,47.4654,4.2228,-8.0307
1462.000000,12,28.1795,184.2410,47.7125,4.3135,-8.1019
1462.000000,13,28.1795,184.3982,47.5075,3.9512,-8.1626
1462.000000,14,28.1795,184.5560,47.2909,3.5768,-7.5915
1462.000000,15,28.1795,183.7992,47.6485,4.6912,-7.4217
1462.000000,16,28.1795,183.9587,47.2860,4.1693,-8.4302
1462.000000,17,28.1795,184.1190,47.5529,4.2758,-8.0960
1462.000000,18,28.1795,184.2799,47.5002,4.0622,-7.3776
1462.000000,19,28.1795,184.4414,47.4269,3.8275,-5.7073
1462.000000,20,28.1795,183.6722,47.6766,4.8464,-7.4404
1462.000000,21,28.1795,183.8357,47.4272,4.4334,-7.8460
1462.000000,22,28.1795,183.9999,47.2168,4.0588,-7.3248
1462.000000,23,28.1795,184.1646,47.4194,4.0968,-5.1804
1462.000000,24,28.1795,184.3296,46.0056,2.5180,-3.8438
1463.000000,0,28.3036,184.1653,46.1941,2.8707,-3.8087
1463.000000,1,28.3036,184.3140,47.4030,3.9310,-5.5248
1463.000000,2,28.3036,184.4638,47.3001,3.6783,-7.3369
1463.000000,3,28.3036,184.6146,47.4537,3.6811,-7.8428
1463.000000,4,28.3036,184.7662,47.6597,3.7354,-7.6730
1463.000000,5,28.3036,184.0314,47.5227,4.3333,-5.3056
1463.000000,6,28.3036,184.1840,47.3235,3.9815,-7.4290
1463.000000,7,28.3036,184.3376,47.4743,3.9787,-8.0581
1463.000000,8,28.3036,184.4920,47.3374,3.6873,-8.4000
1463.000000,9,28.3036,184.6471,47.6479,3.8427,-7.7302
1463.000000,10,28.3036,183.8999,47.1591,4.1012,-7.3620
1463.000000,11,28.3036,184.0564,47.4624,4.2480,-8.0176
1463.000000,12,28.3036,184.2138,47.7125,4.3407,-8.0869
1463.000000,13,28.3036,184.3719,47.5049,3.9750,-8.1510
1463.000000,14,28.3036,184.5306,47.2910,3.6024,-7.5771
1463.000000,15,28.3036,183.7709,47.6435,4.7145,-7.4131
1463.000000,16,28.3036,183.9314,47.2729,4.1835,-8.4304
1463.000000,17,28.3036,184.0926,47.5604,4.3097,-8.0691
1463.000000,18,28.3036,184.2545,47.5044,4.0919,-7.3494
1463.000000,19,28.3036,184.4168,47.4183,3.8435,-5.6906
1463.000000,20,28.3036,183.6447,47.6822,4.8794,-7.4148
1463.000000,21,28.3036,183.8093,47.4221,4.4548,-7.8237
1463.000000,22,28.3036,183.9744,47.2446,4.1121,-7.2509
1463.000000,23,28.3036,184.1400,47.4158,4.1178,-5.1287
1463.000000,24,28.3036,184.3059,45.9831,2.5191,-3.8109
1464.000000,0,28.4271,184.1349,46.1713,2.8783,-3.7664
1464.000000,1,28.4271,184.2846,47.4066,3.9640,-5.4672
1464.000000,2,28.4271,184.4353,47.2774,3.6841,-7.3277
1464.000000,3,28.4271,184.5870,47.4581,3.7131,-7.8120
1464.000000,4,28.4271,184.7395,47.6671,3.7696,-7.6453
1464.000000,5,28.4271,184.0017,47.5151,4.3553,-5.2811
1464.000000,6,28.4271,184.1553,47.3179,4.0046,-7.4103
1464.000000,7,28.4271,184.3098,47.4828,4.0150,-8.0288
1464.000000,8,28.4271,184.4651,47.3257,3.7025,-8.3978
1464.000000,9,28.4271,184.6212,47.6433,3.8641,-7.7225
1464.000000,10,28.4271,183.8709,47.1581,4.1291,-7.3445
1464.000000,11,28.4271,184.0284,47.4593,4.2729,-8.0048
1464.000000,12,28.4271,184.1868,47.7125,4.3677,-8.0724
1464.000000,13,28.4271,184.3458,47.5024,3.9985,-8.1397
1464.000000,14,28.4271,184.5054,47.2913,3.6278,-7.5629
1464.000000,15,28.4271,183.7428,47.6382,4.7374,-7.4053
1464.000000,16,28.4271,183.9043,47.2593,4.1970,-8.4315
1464.000000,17,28.4271,184.0665,47.5679,4.3433,-8.0424
1464.000000,18,28.4271,184.2293,47.5083,4.1210,-7.3215
1464.000000,19,28.4271,184.3924,47.4096,3.8591,-5.6742
1464.000000,20,28.4271,183.6175,47.6871,4.9115,-7.3903
1464.000000,21,28.4271,183.7831,47.4158,4.4748,-7.8026
1464.000000,22,28.4271,183.9492,47.2720,4.1648,-7.1769
1464.000000,23,28.4271,184.1157,47.4118,4.1381,-5.0770
1464.000000,24,28.4271,184.2824,45.9602,2.5197,-3.7784
1465.000000,0,28.5502,184.1047,46.1481,2.8853,-3.7244
1465.000000,1,28.5502,184.2553,47.4099,3.9965,-5.4095
1465.000000,2,28.5502,184.4070,47.2538,3.6888,-7.3193
1465.000000,3,28.5502,184.5596,47.4618,3.7441,-7.7821
1465.000000,4,28.5502,184.7130,47.6742,3.8031,-7.6184
1465.000000,5,28.5502,183.9722,47.5072,4.3769,-5.2569
1465.000000,6,28.5502,184.1267,47.3122,4.0274,-7.3918
1465.000000,7,28.5502,184.2822,47.4913,4.0511,-7.9997
1465.000000,8,28.5502,184.4385,47.3137,3.7171,-8.3965
1465.000000,9,28.5502,184.5954,47.6386,3.8852,-7.7155
1465.000000,10,28.5502,183.8422,47.1572,4.1569,-7.3273
1465.000000,11,28.5502,184.0007,47.4563,4.2975,-7.9925
1465.000000,12,28.5502,184.1600,47.7125,4.3944,-8.0583
1465.000000,13,28.5502,184.3200,47.4998,4.0218,-8.1288
1465.000000,14,28.5502,184.4804,47.2916,3.6531,-7.5488
1465.000000,15,28.5502,183.7149,47.6326,4.7597,-7.3984
1465.000000,16,28.5502,183.8774,47.2452,4.2098,-8.4337
1465.000000,17,28.5502,184.0406,47.5752,4.3767,-8.0160
1465.000000,18,28.5502,184.2042,47.5120,4.1497,-7.2941
1465.000000,19,28.5502,184.3683,47.4007,3.8743,-5.6582
1465.000000,20,28.5502,183.5906,47.6911,4.9425,-7.3669
1465.000000,21,28.5502,183.7571,47.4084,4.4933,-7.7828
1465.000000,22,28.5502,183.9241,47.2989,4.2167,-7.1029
1465.000000,23,28.5502,184.0916,47.4073,4.1577,-5.0255
1465.000000,24,28.5502,184.2592,45.9371,2.5199,-3.7463
1466.000000,0,28.6727,184.0747,46.1245,2.8918,-3.6825
1466.000000,1,28.6727,184.2263,47.4129,4.0286,-5.3517
1466.000000,2,28.6727,184.3789,47.2294,3.6924,-7.3118
1466.000000,3,28.6727,184.5324,47.4645,3.7741,-7.7532
1466.000000,4,28.6727,184.6867,47.6807,3.8359,-7.5923
1466.000000,5,28.6727,183.9429,47.4990,4.3980,-5.2330
1466.000000,6,28.6727,184.0984,47.3064,4.0499,-7.3735
1466.000000,7,28.6727,184.2549,47.4999,4.0870,-7.9708
1466.000000,8,28.6727,184.4120,47.3012,3.7311,-8.3961
1466.000000,9,28.6727,184.5698,47.6337,3.9058,-7.7091
1466.000000,10,28.6727,183.8137,47.1564,4.1846,-7.3101
1466.000000,11,28.6727,183.9732,47.4531,4.3219,-7.9807
1466.000000,12,28.6727,184.1334,47.7125,4.4210,-8.0445
1466.000000,13,28.6727,184.2943,47.4972,4.0449,-8.1182
1466.000000,14,28.6727,184.4557,47.2920,3.6783,-7.5350
1466.000000,15,28.6727,183.6873,47.6268,4.7815,-7.3923
1466.000000,16,28.6727,183.8507,47.2306,4.2218,-8.4368
1466.000000,17,28.6727,184.0149,47.5825,4.4096,-7.9899
1466.000000,18,28.6727,184.1795,47.5153,4.1778,-7.2670
1466.000000,19,28.6727,184.3444,47.3915,3.8891,-5.6426
1466.000000,20,28.6727,183.5639,47.6944,4.9724,-7.3448
1466.000000,21,28.6727,183.7314,47.3998,4.5103,-7.7642
1466.000000,22,28.6727,183.8994,47.3253,4.2679,-7.0290
1466.000000,23,28.6727,184.0677,47.4023,4.1766,-4.9743
1466.000000,24,28.6727,184.2362,45.9138,2.5195,-3.7148
1467.000000,0,28.7946,184.0448,46.1005,2.8977,-3.6409
1467.000000,1,28.7946,184.1974,47.4156,4.0602,-5.2937
1467.000000,2,28.7946,184.3510,47.2040,3.6950,-7.3053
1467.000000,3,28.7946,184.5054,47.4664,3.8030,-7.7254
1467.000000,4,28.7946,184.6605,47.6866,3.8681,-7.5672
1467.000000,5,28.7946,183.9138,47.4906,4.4188,-5.2095
1467.000000,6,28.7946,184.0703,47.3059,4.0776,-7.3491
1467.000000,7,28.7946,184.2277,47.5084,4.1227,-7.9423
1467.000000,8,28.7946,184.3858,47.2882,3.7444,-8.3965
1467.000000,9,28.7946,184.5445,47.6286,3.9261,-7.7033
1467.000000,10,28.7946,183.7854,47.1556,4.2122,-7.2932
1467.000000,11,28.7946,183.9459,47.4500,4.3461,-7.9692
1467.000000,12,28.7946,184.1071,47.7125,4.4473,-8.0312
1467.000000,13,28.7946,184.2689,47.4946,4.0676,-8.1081
1467.000000,14,28.7946,184.4311,47.2925,3.7033,-7.5214
1467.000000,15,28.7946,183.6599,47.6207,4.8028,-7.3872
1467.000000,16,28.7946,183.8243,47.2155,4.2332,-8.4409
1467.000000,17,28.7946,183.9894,47.5898,4.4423,-7.9641
1467.000000,18,28.7946,184.1549,47.5184,4.2054,-7.2405
1467.000000,19,28.7946,184.3207,47.3822,3.9034,-5.6274
1467.000000,20,28.7946,183.5375,47.6968,5.0012,-7.3238
1467.000000,21,28.7946,183.7060,47.3898,4.5259,-7.7470
1467.000000,22,28.7946,183.8749,47.3512,4.3183,-6.9551
1467.000000,23,28.7946,184.0441,47.3969,4.1947,-4.9232
1467.000000,24,28.7946,184.2135,45.8902,2.5186,-3.6836
1468.000000,0,28.9160,184.0152,46.0762,2.9030,-3.5996
1468.000000,1,28.9160,184.1687,47.4181,4.0913,-5.2356
1468.000000,2,28.9160,184.3232,47.1777,3.6964,-7.2996
1468.000000,3,28.9160,184.4786,47.4674,3.8308,-7.6987
1468.000000,4,28.9160,184.6346,47.6921,3.8994,-7.5429
1468.000000,5,28.9160,183.8849,47.4820,4.4390,-5.1863
1468.000000,6,28.9160,184.0424,47.3131,4.1127,-7.3156
1468.000000,7,28.9160,184.2007,47.5169,4.1581,-7.9140
1468.000000,8,28.9160,184.3597,47.2749,3.7571,-8.3978
1468.000000,9,28.9160,184.5193,47.6232,3.9459,-7.6983
1468.000000,10,28.9160,183.7574,47.1550,4.2396,-7.2765
1468.000000,11,28.9160,183.9188,47.4468,4.3699,-7.9582
1468.000000,12,28.9160,184.0810,47.7125,4.4735,-8.0182
1468.000000,13,28.9160,184.2437,47.4919,4.0902,-8.0983
1468.000000,14,28.9160,184.4068,47.2930,3.7282,-7.5080
1468.000000,15,28.9160,183.6327,47.6144,4.8236,-7.3831
1468.000000,16,28.9160,183.7982,47.2053,4.2491,-8.4399
1468.000000,17,28.9160,183.9642,47.5969,4.4746,-7.9387
1468.000000,18,28.9160,184.1306,47.5211,4.2324,-7.2143
1468.000000,19,28.9160,184.2973,47.3727,3.9173,-5.6127
1468.000000,20,28.9160,183.5113,47.6982,5.0289,-7.3042
1468.000000,21,28.9160,183.6808,47.3786,4.5398,-7.7310
1468.000000,22,28.9160,183.8506,47.3765,4.3678,-6.8814
1468.000000,23,28.9160,184.0208,47.3909,4.2121,-4.8723
1468.000000,24,28.9160,184.1910,45.8663,2.5172,-3.6530
1469.000000,0,29.0367,183.9857,46.0514,2.9077,-3.5585
1469.000000,1,29.0367,184.1402,47.4202,4.1219,-5.1773
1469.000000,2,29.0367,184.2957,47.1504,3.6966,-7.2949
1469.000000,3,29.0367,184.4520,47.4674,3.8574,-7.6731
1469.000000,4,29.0367,184.6089,47.6969,3.9300,-7.5196
1469.000000,5,29.0367,183.8563,47.4731,4.4589,-5.1635
1469.000000,6,29.0367,184.0147,47.3201,4.1473,-7.2825
1469.000000,7,29.0367,184.1740,47.5253,4.1933,-7.8860
1469.000000,8,29.0367,184.3339,47.2610,3.7691,-8.4001
1469.000000,9,29.0367,184.4943,47.6177,3.9653,-7.6940
1469.000000,10,29.0367,183.7295,47.1545,4.2669,-7.2600
1469.000000,11,29.0367,183.8920,47.4435,4.3935,-7.9477
1469.000000,12,29.0367,184.0551,47.7125,4.4993,-8.0057
1469.000000,13,29.0367,184.2187,47.4892,4.1124,-8.0890
1469.000000,14,29.0367,184.3827,47.2937,3.7529,-7.4949
1469.000000,15,29.0367,183.6058,47.6077,4.8438,-7.3799
1469.000000,16,29.0367,183.7723,47.2109,4.2806,-8.4212
1469.000000,17,29.0367,183.9392,47.6039,4.5066,-7.9136
1469.000000,18,29.0367,184.1066,47.5235,4.2589,-7.1887
1469.000000,19,29.0367,184.2741,47.3630,3.9308,-5.5984
1469.000000,20,29.0367,183.4854,47.6988,5.0553,-7.2858
1469.000000,21,29.0367,183.6559,47.3661,4.5522,-7.7165
1469.000000,22,29.0367,183.8267,47.4012,4.4165,-6.8078
1469.000000,23,29.0367,183.9977,47.3844,4.2287,-4.8218
1469.000000,24,29.0367,184.1688,45.8422,2.5153,-3.6229
1470.000000,0,29.1568,183.9564,46.0263,2.9118,-3.5178
1470.000000,1,29.1568,184.1119,47.4219,4.1519,-5.1191
1470.000000,2,29.1568,184.2684,47.1221,3.6957,-7.2912
1470.000000,3,29.1568,184.4255,47.4665,3.8829,-7.6488
1470.000000,4,29.1568,184.5833,47.7011,3.9598,-7.4972
1470.000000,5,29.1568,183.8278,47.4640,4.4782,-5.1411
1470.000000,6,29.1568,183.9872,47.3268,4.1815,-7.2498
1470.000000,7,29.1568,184.1475,47.5337,4.2282,-7.8583
1470.000000,8,29.1568,184.3083,47.2467,3.7804,-8.4033
1470.000000,9,29.1568,184.4696,47.6119,3.9843,-7.6904
1470.000000,10,29.1568,183.7019,47.1541,4.2941,-7.2437
1470.000000,11,29.1568,183.8654,47.4403,4.4169,-7.9377
1470.000000,12,29.1568,184.0294,47.7125,4.5250,-7.9937
1470.000000,13,29.1568,184.1940,47.4864,4.1344,-8.0800
1470.000000,14,29.1568,184.3588,47.2944,3.7775,-7.4819
1470.000000,15,29.1568,183.5792,47.6007,4.8635,-7.3778
1470.000000,16,29.1568,183.7466,47.2166,4.3119,-8.4028
1470.000000,17,29.1568,183.9145,47.6107,4.5382,-7.8888
1470.000000,18,29.1568,184.0827,47.5255,4.2848,-7.1636
1470.000000,19,29.1568,184.2512,47.3531,3.9439,-5.5845
1470.000000,20,29.1568,183.4598,47.6983,5.0805,-7.2687
1470.000000,21,29.1568,183.6312,47.3521,4.5629,-7.7033
1470.000000,22,29.1568,183.8030,47.4253,4.4643,-6.7344
1470.000000,23,29.1568,183.9749,47.3774,4.2445,-4.7715
1470.000000,24,29.1568,184.1469,45.8178,2.5129,-3.5934
1471.000000,0,29.2762,183.9274,46.0008,2.9154,-3.4774
1471.000000,1,29.2762,184.0839,47.4233,4.1814,-5.0607
1471.000000,2,29.2762,184.2412,47.0929,3.6936,-7.2885
1471.000000,3,29.2762,184.3993,47.4645,3.9071,-7.6257
1471.000000,4,29.2762,184.5580,47.7047,3.9887,-7.4758
1471.000000,5,29.2762,183.7995,47.4546,4.4971,-5.1191
1471.000000,6,29.2762,183.9600,47.3332,4.2152,-7.2176
1471.000000,7,29.2762,184.1211,47.5420,4.2629,-7.8310
1471.000000,8,29.2762,184.2829,47.2320,3.7910,-8.4075
1471.000000,9,29.2762,184.4451,47.6059,4.0028,-7.6875
1471.000000,10,29.2762,183.6746,47.1538,4.3212,-7.2277
1471.000000,11,29.2762,183.8390,47.4370,4.4399,-7.9282
1471.000000,12,29.2762,184.0040,47.7125,4.5504,-7.9821
1471.000000,13,29.2762,184.1694,47.4836,4.1561,-8.0715
1471.000000,14,29.2762,184.3352,47.2952,3.8019,-7.4693
1471.000000,15,29.2762,183.5528,47.5934,4.8826,-7.3766
1471.000000,16,29.2762,183.7212,47.2223,4.3431,-8.3849
1471.000000,17,29.2762,183.8900,47.6175,4.5694,-7.8644
1471.000000,18,29.2762,184.0592,47.5272,4.3100,-7.1390
1471.000000,19,29.2762,184.2285,47.3430,3.9565,-5.5711
1471.000000,20,29.2762,183.4345,47.6969,5.1044,-7.2530
1471.000000,21,29.2762,183.6068,47.3367,4.5719,-7.6916
1471.000000,22,29.2762,183.7795,47.4487,4.5111,-6.6612
1471.000000,23,29.2762,183.9523,47.3699,4.2595,-4.7216
1471.000000,24,29.2762,184.1252,45.7932,2.5100,-3.5645
1472.000000,0,29.3949,183.8985,45.9749,2.9183,-3.4374
1472.000000,1,29.3949,184.0560,47.4243,4.2103,-5.0024
1472.000000,2,29.3949,184.2143,47.0626,3.6902,-7.2868
1472.000000,3,29.3949,184.3733,47.4614,3.9301,-7.6038
1472.000000,4,29.3949,184.5328,47.7077,4.0168,-7.4555
1472.000000,5,29.3949,183.7715,47.4450,4.5154,-5.0976
1472.000000,6,29.3949,183.9329,47.3394,4.2484,-7.1857
1472.000000,7,29.3949,184.0951,47.5503,4.2972,-7.8041
1472.000000,8,29.3949,184.2577,47.2167,3.8010,-8.4127
1472.000000,9,29.3949,184.4208,47.5997,4.0208,-7.6854
1472.000000,10,29.3949,183.6475,47.1536,4.3481,-7.2119
1472.000000,11,29.3949,183.8129,47.4336,4.4627,-7.9191
1472.000000,12,29.3949,183.9788,47.7125,4.5756,-7.9709
1472.000000,13,29.3949,184.1452,47.4808,4.1776,-8.0635
1472.000000,14,29.3949,184.3118,47.2960,3.8262,-7.4569
1472.000000,15,29.3949,183.5267,47.5858,4.9011,-7.3766
1472.000000,16,29.3949,183.6960,47.2281,4.3740,-8.3674
1472.000000,17,29.3949,183.8658,47.6241,4.6002,-7.8404
1472.000000,18,29.3949,184.0359,47.5286,4.3347,-7.1150
1472.000000,19,29.3949,184.2060,47.3327,3.9686,-5.5582
1472.000000,20,29.3949,183.4094,47.6944,5.1270,-7.2386
1472.000000,21,29.3949,183.5827,47.3199,4.5791,-7.6813
1472.000000,22,29.3949,183.7564,47.4713,4.5569,-6.5883
1472.000000,23,29.3949,183.9301,47.3618,4.2737,-4.6720
1472.000000,24,29.3949,184.1037,45.7683,2.5066,-3.5361
1473.000000,0,29.5129,183.8699,45.9485,2.9206,-3.3978
1473.000000,1,29.5129,184.0283,47.4250,4.2386,-4.9441
1473.000000,2,29.5129,184.1876,47.0313,3.6856,-7.2861
1473.000000,3,29.5129,184.3475,47.4573,3.9517,-7.5833
1473.000000,4,29.5129,184.5079,47.7099,4.0440,-7.4362
1473.000000,5,29.5129,183.7437,47.4351,4.5333,-5.0765
1473.000000,6,29.5129,183.9061,47.3453,4.2811,-7.1544
1473.000000,7,29.5129,184.0692,47.5585,4.3313,-7.7776
1473.000000,8,29.5129,184.2328,47.2191,3.8283,-8.3980
1473.000000,9,29.5129,184.3967,47.5932,4.0384,-7.6841
1473.000000,10,29.5129,183.6206,47.1536,4.3749,-7.1964
1473.000000,11,29.5129,183.7870,47.4302,4.4852,-7.9106
1473.000000,12,29.5129,183.9539,47.7125,4.6005,-7.9603
1473.000000,13,29.5129,184.1211,47.4780,4.1988,-8.0558
1473.000000,14,29.5129,184.2886,47.2970,3.8503,-7.4448
1473.000000,15,29.5129,183.5008,47.5779,4.9191,-7.3776
1473.000000,16,29.5129,183.6712,47.2339,4.4047,-8.3502
1473.000000,17,29.5129,183.8419,47.6306,4.6306,-7.8168
1473.000000,18,29.5129,184.0128,47.5295,4.3586,-7.0915
1473.000000,19,29.5129,184.1838,47.3222,3.9803,-5.5458
1473.000000,20,29.5129,183.3846,47.6908,5.1482,-7.2256
1473.000000,21,29.5129,183.5589,47.3016,4.5846,-7.6725
1473.000000,22,29.5129,183.7335,47.4932,4.6017,-6.5156
1473.000000,23,29.5129,183.9081,47.3531,4.2870,-4.6229
1473.000000,24,29.5129,184.0826,45.7432,2.5026,-3.5083
1474.000000,0,29.6301,183.8414,45.9218,2.9223,-3.3586
1474.000000,1,29.6301,184.0009,47.4252,4.2662,-4.8858
1474.000000,2,29.6301,184.1611,46.9989,3.6797,-7.2865
1474.000000,3,29.6301,184.3219,47.4520,3.9720,-7.5641
1474.000000,4,29.6301,184.4832,47.7115,4.0703,-7.4181
1474.000000,5,29.6301,183.7162,47.4249,4.5507,-5.0558
1474.000000,6,29.6301,183.8796,47.3508,4.3132,-7.1236
1474.000000,7,29.6301,184.0436,47.5666,4.3650,-7.7514
1474.000000,8,29.6301,184.2081,47.2238,3.8577,-8.3813
1474.000000,9,29.6301,184.3729,47.5865,4.0556,-7.6835
1474.000000,10,29.6301,183.5940,47.1536,4.4016,-7.1812
1474.000000,11,29.6301,183.7614,47.4268,4.5074,-7.9027
1474.000000,12,29.6301,183.9292,47.7125,4.6252,-7.9501
1474.000000,13,29.6301,184.0974,47.4751,4.2197,-8.0486
1474.000000,14,29.6301,184.2657,47.2980,3.8743,-7.4330
1474.000000,15,29.6301,183.4752,47.5697,4.9364,-7.3797
1474.000000,16,29.6301,183.6466,47.2398,4.4352,-8.3335
1474.000000,17,29.6301,183.8182,47.6368,4.6606,-7.7936
1474.000000,18,29.6301,183.9900,47.5301,4.3820,-7.0687
1474.000000,19,29.6301,184.1619,47.3115,3.9916,-5.5339
1474.000000,20,29.6301,183.3601,47.6862,5.1680,-7.2140
1474.000000,21,29.6301,183.5354,47.2817,4.5882,-7.6653
1474.000000,22,29.6301,183.7109,47.5143,4.6454,-6.4434
1474.000000,23,29.6301,183.8863,47.3438,4.2994,-4.5741
1474.000000,24,29.6301,184.0617,45.7179,2.4982,-3.4812
1475.000000,0,29.7465,183.8132,45.8947,2.9234,-3.3199
1475.000000,1,29.7465,183.9736,47.4249,4.2932,-4.8275
1475.000000,2,29.7465,184.1348,46.9796,3.6867,-7.2711
1475.000000,3,29.7465,184.2965,47.4455,3.9909,-7.5463
1475.000000,4,29.7465,184.4587,47.7123,4.0956,-7.4010
1475.000000,5,29.7465,183.6888,47.4145,4.5676,-5.0357
1475.000000,6,29.7465,183.8532,47.3560,4.3448,-7.0933
1475.000000,7,29.7465,184.0182,47.5747,4.3984,-7.7257
1475.000000,8,29.7465,184.1836,47.2284,3.8868,-8.3650
1475.000000,9,29.7465,184.3493,47.5795,4.0722,-7.6838
1475.000000,10,29.7465,183.5677,47.1538,4.4281,-7.1662
1475.000000,11,29.7465,183.7360,47.4233,4.5293,-7.8952
1475.000000,12,29.7465,183.9048,47.7125,4.6497,-7.9404
1475.000000,13,29.7465,184.0738,47.4722,4.2403,-8.0419
1475.000000,14,29.7465,184.2430,47.2991,3.8981,-7.4215
1475.000000,15,29.7465,183.4499,47.5611,4.9531,-7.3829
1475.000000,16,29.7465,183.6222,47.2456,4.4654,-8.3172
1475.000000,17,29.7465,183.7948,47.6430,4.6901,-7.7709
1475.000000,18,29.7465,183.9675,47.5302,4.4047,-7.0465
1475.000000,19,29.7465,184.1402,47.3006,4.0024,-5.5225
1475.000000,20,29.7465,183.3360,47.6803,5.1863,-7.2038
1475.000000,21,29.7465,183.5122,47.2602,4.5900,-7.6595
1475.000000,22,29.7465,183.6886,47.5346,4.6880,-6.3715
1475.000000,23,29.7465,183.8649,47.3339,4.3110,-4.5259
1475.000000,24,29.7465,184.0411,45.6924,2.4932,-3.4548
1476.000000,0,29.8621,183.7852,45.8671,2.9239,-3.2817
1476.000000,1,29.8621,183.9466,47.4242,4.3195,-4.7694
1476.000000,2,29.8621,184.1087,47.0153,3.7486,-7.1900
1476.000000,3,29.8621,184.2714,47.4377,4.0083,-7.5299
1476.000000,4,29.8621,184.4344,47.7123,4.1199,-7.3851
1476.000000,5,29.8621,183.6618,47.4038,4.5840,-5.0160
1476.000000,6,29.8621,183.8271,47.3609,4.3757,-7.0636
1476.000000,7,29.8621,183.9930,47.5826,4.4315,-7.7004
1476.000000,8,29.8621,184.1593,47.2332,3.9158,-8.3491
1476.000000,9,29.8621,184.3259,47.5723,4.0884,-7.6849
1476.000000,10,29.8621,183.5416,47.1541,4.4545,-7.1517
1476.000000,11,29.8621,183.7109,47.4198,4.5509,-7.8884
1476.000000,12,29.8621,183.8806,47.7125,4.6738,-7.9312
1476.000000,13,29.8621,184.0505,47.4692,4.2606,-8.0357
1476.000000,14,29.8621,184.2206,47.3003,3.9217,-7.4103
1476.000000,15,29.8621,183.4249,47.5522,4.9692,-7.3873
1476.000000,16,29.8621,183.5982,47.2515,4.4954,-8.3014
1476.000000,17,29.8621,183.7717,47.6489,4.7192,-7.7486
1476.000000,18,29.8621,183.9453,47.5299,4.4266,-7.0249
1476.000000,19,29.8621,184.1188,47.2895,4.0127,-5.5117
1476.000000,20,29.8621,183.3121,47.6733,5.2032,-7.1951
1476.000000,21,29.8621,183.4893,47.2371,4.5898,-7.6554
1476.000000,22,29.8621,183.6665,47.5540,4.7294,-6.3001
1476.000000,23,29.8621,183.8437,47.3234,4.3216,-4.4781
1476.000000,24,29.8621,184.0207,45.6666,2.4878,-3.4290
1477.000000,0,29.9768,183.7575,45.8392,2.9237,-3.2440
1477.000000,1,29.9768,183.9199,47.4230,4.3451,-4.7114
1477.000000,2,29.9768,184.0829,47.0508,3.8098,-7.1088
1477.000000,3,29.9768,184.2465,47.4288,4.0243,-7.5151
1477.000000,4,29.9768,184.4104,47.7116,4.1432,-7.3704
1477.000000,5,29.9768,183.6349,47.3928,4.5998,-4.9969
1477.000000,6,29.9768,183.8013,47.3654,4.4061,-7.0345
1477.000000,7,29.9768,183.9681,47.5904,4.4642,-7.6756
1477.000000,8,29.9768,184.1353,47.2379,3.9446,-8.3337
1477.000000,9,29.9768,184.3027,47.5648,4.1041,-7.6868
1477.000000,10,29.9768,183.5157,47.1545,4.4807,-7.1374
1477.000000,11,29.9768,183.6860,47.4163,4.5722,-7.8821
1477.000000,12,29.9768,183.8567,47.7125,4.6978,-7.9226
1477.000000,13,29.9768,184.0275,47.4662,4.2807,-8.0299
1477.000000,14,29.9768,184.1984,47.3016,3.9451,-7.3994
1477.000000,15,29.9768,183.4002,47.5429,4.9847,-7.3928
1477.000000,16,29.9768,183.5744,47.2575,4.5251,-8.2860
1477.000000,17,29.9768,183.7488,47.6546,4.7478,-7.7267
1477.000000,18,29.9768,183.9233,47.5292,4.4479,-7.0041
1477.000000,19,29.9768,184.0977,47.2783,4.0226,-5.5014
1477.000000,20,29.9768,183.2885,47.6650,5.2185,-7.1878
1477.000000,21,29.9768,183.4666,47.2124,4.5877,-7.6529
1477.000000,22,29.9768,183.6448,47.5724,4.7696,-6.2292
1477.000000,23,29.9768,183.8229,47.3122,4.3313,-4.4309
1477.000000,24,29.9768,184.0007,45.6406,2.4818,-3.4040
1478.000000,0,30.0907,183.7299,45.8108,2.9228,-3.2068
1478.000000,1,30.0907,183.8933,47.4214,4.3700,-4.6535
1478.000000,2,30.0907,184.0573,47.0858,3.8705,-7.0276
1478.000000,3,30.0907,184.2218,47.4185,4.0387,-7.5017
1478.000000,4,30.0907,184.3865,47.7100,4.1654,-7.3569
1478.000000,5,30.0907,183.6084,47.3815,4.6151,-4.9783
1478.000000,6,30.0907,183.7757,47.3695,4.4358,-7.0060
1478.000000,7,30.0907,183.9435,47.5980,4.4965,-7.6513
1478.000000,8,30.0907,184.1116,47.2427,3.9731,-8.3186
1478.000000,9,30.0907,184.2798,47.5571,4.1193,-7.6896
1478.000000,10,30.0907,183.4902,47.1551,4.5068,-7.1235
1478.000000,11,30.0907,183.6614,47.4127,4.5932,-7.8765
1478.000000,12,30.0907,183.8330,47.7125,4.7214,-7.9145
1478.000000,13,30.0907,184.0048,47.4632,4.3004,-8.0247
1478.000000,14,30.0907,184.1765,47.3029,3.9684,-7.3888
1478.000000,15,30.0907,183.3757,47.5333,4.9996,-7.3995
1478.000000,16,30.0907,183.5509,47.2634,4.5545,-8.2711
1478.000000,17,30.0907,183.7262,47.6602,4.7759,-7.7054
1478.000000,18,30.0907,183.9016,47.5281,4.4684,-6.9839
1478.000000,19,30.0907,184.0768,47.2668,4.0319,-5.4917
1478.000000,20,30.0907,183.2653,47.6555,5.2322,-7.1819
1478.000000,21,30.0907,183.4443,47.1860,4.5836,-7.6520
1478.000000,22,30.0907,183.6234,47.5899,4.8085,-6.1588
1478.000000,23,30.0907,183.8023,47.3004,4.3401,-4.3842
1478.000000,24,30.0907,183.9810,45.6143,2.4754,-3.3797
1479.000000,0,30.2037,183.7026,45.7820,2.9213,-3.1703
1479.000000,1,30.2037,183.8670,47.4192,4.3941,-4.5958
1479.000000,2,30.2037,184.0319,47.1205,3.9305,-6.9464
1479.000000,3,30.2037,184.1973,47.4068,4.0515,-7.4899
1479.000000,4,30.2037,184.3630,47.7076,4.1866,-7.3445
1479.000000,5,30.2037,183.5820,47.3699,4.6299,-4.9604
1479.000000,6,30.2037,183.7503,47.3732,4.4648,-6.9783
1479.000000,7,30.2037,183.9191,47.6056,4.5285,-7.6275
1479.000000,8,30.2037,184.0881,47.2475,4.0014,-8.3040
1479.000000,9,30.2037,184.2572,47.5492,4.1339,-7.6933
1479.000000,10,30.2037,183.4649,47.1557,4.5328,-7.1100
1479.000000,11,30.2037,183.6371,47.4091,4.6139,-7.8714
1479.000000,12,30.2037,183.8096,47.7125,4.7448,-7.9069
1479.000000,13,30.2037,183.9823,47.4602,4.3199,-8.0199
1479.000000,14,30.2037,184.1549,47.3044,3.9915,-7.3786
1479.000000,15,30.2037,183.3516,47.5234,5.0138,-7.4074
1479.000000,16,30.2037,183.5277,47.2694,4.5836,-8.2567
1479.000000,17,30.2037,183.7040,47.6655,4.8035,-7.6845
1479.000000,18,30.2037,183.8802,47.5264,4.4882,-6.9645
1479.000000,19,30.2037,184.0562,47.2551,4.0409,-5.4826
1479.000000,20,30.2037,183.2423,47.6447,5.2444,-7.1776
1479.000000,21,30.2037,183.4223,47.1578,4.5774,-7.6528
1479.000000,22,30.2037,183.6023,47.6064,4.8461,-6.0889
1479.000000,23,30.2037,183.7821,47.2880,4.3479,-4.3382
1479.000000,24,30.2037,183.9615,45.5879,2.4684,-3.3561
1480.000000,0,30.3157,183.6756,45.7528,2.9192,-3.1343
1480.000000,1,30.3157,183.8409,47.4164,4.4174,-4.5384
1480.000000,2,30.3157,184.0068,47.1546,3.9897,-6.8653
1480.000000,3,30.3157,184.1731,47.3938,4.0627,-7.4797
1480.000000,4,30.3157,184.3396,47.7043,4.2067,-7.3335
1480.000000,5,30.3157,183.5560,47.3581,4.6441,-4.9429
1480.000000,6,30.3157,183.7252,47.3765,4.4932,-6.9512
1480.000000,7,30.3157,183.8949,47.6130,4.5600,-7.6042
1480.000000,8,30.3157,184.0648,47.2524,4.0296,-8.2899
1480.000000,9,30.3157,184.2348,47.5409,4.1481,-7.6979
1480.000000,10,30.3157,183.4399,47.1565,4.5586,-7.0969
1480.000000,11,30.3157,183.6131,47.4055,4.6343,-7.8670
1480.000000,12,30.3157,183.7865,47.7125,4.7679,-7.8998
1480.000000,13,30.3157,183.9600,47.4571,4.3390,-8.0157
1480.000000,14,30.3157,184.1335,47.3059,4.0144,-7.3688
1480.000000,15,30.3157,183.3277,47.5130,5.0273,-7.4166
1480.000000,16,30.3157,183.5048,47.2753,4.6125,-8.2427
1480.000000,17,30.3157,183.6820,47.6706,4.8306,-7.6642
1480.000000,18,30.3157,183.8590,47.5243,4.5073,-6.9458
1480.000000,19,30.3157,184.0359,47.2433,4.0493,-5.4740
1480.000000,20,30.3157,183.2197,47.6326,5.2548,-7.1747
1480.000000,21,30.3157,183.4006,47.1598,4.6011,-7.6178
1480.000000,22,30.3157,183.5815,47.6219,4.8824,-6.0197
1480.000000,23,30.3157,183.7621,47.2748,4.3547,-4.2928
1480.000000,24,30.3157,183.9423,45.5613,2.4609,-3.3334
1481.000000,0,30.4268,183.6488,45.7232,2.9164,-3.0991
1481.000000,1,30.4268,183.8151,47.4131,4.4399,-4.4812
1481.000000,2,30.4268,183.9819,47.1882,4.0483,-6.7843
1481.000000,3,30.4268,184.1491,47.3794,4.0722,-7.4711
1481.000000,4,30.4268,184.3165,47.7001,4.2256,-7.3237
1481.000000,5,30.4268,183.5302,47.3459,4.6577,-4.9261
1481.000000,6,30.4268,183.7004,47.3793,4.5209,-6.9249
1481.000000,7,30.4268,183.8710,47.6202,4.5911,-7.5815
1481.000000,8,30.4268,184.0418,47.2573,4.0574,-8.2762
1481.000000,9,30.4268,184.2126,47.5324,4.1618,-7.7033
1481.000000,10,30.4268,183.4152,47.1575,4.5842,-7.0843
1481.000000,11,30.4268,183.5893,47.4018,4.6544,-7.8632
1481.000000,12,30.4268,183.7637,47.7125,4.7907,-7.8933
1481.000000,13,30.4268,183.9381,47.4540,4.3579,-8.0119
1481.000000,14,30.4268,184.1124,47.3075,4.0371,-7.3593
1481.000000,15,30.4268,183.3042,47.5023,5.0401,-7.4269
1481.000000,16,30.4268,183.4822,47.2812,4.6410,-8.2293
1481.000000,17,30.4268,183.6603,47.6755,4.8572,-7.6444
1481.000000,18,30.4268,183.8382,47.5218,4.5255,-6.9279
1481.000000,19,30.4268,184.0159,47.2312,4.0573,-5.4661
1481.000000,20,30.4268,183.1974,47.6190,5.2636,-7.1733
1481.000000,21,30.4268,183.3792,47.1835,4.6462,-7.5568
1481.000000,22,30.4268,183.5610,47.6363,4.9173,-5.9512
1481.000000,23,30.4268,183.7424,47.2610,4.3605,-4.2481
1481.000000,24,30.4268,183.9235,45.5344,2.4529,-3.3114
1482.000000,0,30.5368,183.6222,45.6932,2.9129,-3.0645
1482.000000,1,30.5368,183.7895,47.4092,4.4616,-4.4244
1482.000000,2,30.5368,183.9573,47.2213,4.1059,-6.7035
1482.000000,3,30.5368,184.1254,47.3634,4.0800,-7.4642
1482.000000,4,30.5368,184.2936,47.6949,4.2433,-7.3152
1482.000000,5,30.5368,183.5046,47.3335,4.6708,-4.9100
1482.000000,6,30.5368,183.6759,47.3817,4.5478,-6.8993
1482.000000,7,30.5368,183.8474,47.6272,4.6218,-7.5594
1482.000000,8,30.5368,184.0191,47.2622,4.0851,-8.2631
1482.000000,9,30.5368,184.1907,47.5237,4.1749,-7.7097
1482.000000,10,30.5368,183.3908,47.1585,4.6097,-7.0720
1482.000000,11,30.5368,183.5659,47.3981,4.6742,-7.8600
1482.000000,12,30.5368,183.7411,47.7125,4.8133,-7.8874
1482.000000,13,30.5368,183.9164,47.4509,4.3764,-8.0087
1482.000000,14,30.5368,184.0915,47.3092,4.0597,-7.3502
1482.000000,15,30.5368,183.2809,47.4913,5.0523,-7.4385
1482.000000,16,30.5368,183.4599,47.2872,4.6692,-8.2163
1482.000000,17,30.5368,183.6389,47.6801,4.8832,-7.6252
1482.000000,18,30.5368,183.8177,47.5187,4.5430,-6.9108
1482.000000,19,30.5368,183.9962,47.2190,4.0648,-5.4588
1482.000000,20,30.5368,183.1754,47.6041,5.2706,-7.1733
1482.000000,21,30.5368,183.3582,47.2065,4.6902,-7.4960
1482.000000,22,30.5368,183.5408,47.6496,4.9507,-5.8834
1482.000000,23,30.5368,183.7231,47.2465,4.3654,-4.2041
1482.000000,24,30.5368,183.9049,45.5074,2.4444,-3.2903
1483.000000,0,30.6458,183.5959,45.6627,2.9088,-3.0306
1483.000000,1,30.6458,183.7642,47.4047,4.4824,-4.3678
1483.000000,2,30.6458,183.9329,47.2537,4.1628,-6.6228
1483.000000,3,30.6458,184.1019,47.3460,4.0861,-7.4590
1483.000000,4,30.6458,184.2710,47.6888,4.2598,-7.3080
1483.000000,5,30.6458,183.4794,47.3208,4.6834,-4.8945
1483.000000,6,30.6458,183.6516,47.3836,4.5740,-6.8746
1483.000000,7,30.6458,183.8240,47.6341,4.6520,-7.5378
1483.000000,8,30.6458,183.9966,47.2671,4.1124,-8.2504
1483.000000,9,30.6458,184.1691,47.5146,4.1875,-7.7170
1483.000000,10,30.6458,183.3667,47.1598,4.6351,-7.0602
1483.000000,11,30.6458,183.5427,47.3943,4.6936,-7.8575
1483.000000,12,30.6458,183.7189,47.7125,4.8355,-7.8821
1483.000000,13,30.6458,183.8950,47.4477,4.3947,-8.0061
1483.000000,14,30.6458,184.0710,47.3110,4.0820,-7.3416
1483.000000,15,30.6458,183.2580,47.4798,5.0638,-7.4514
1483.000000,16,30.6458,183.4379,47.2931,4.6971,-8.2039
1483.000000,17,30.6458,183.6178,47.6844,4.9086,-7.6065
1483.000000,18,30.6458,183.7974,47.5151,4.5596,-6.8945
1483.000000,19,30.6458,183.9767,47.2065,4.0718,-5.4521
1483.000000,20,30.6458,183.1538,47.5877,5.2759,-7.1749
1483.000000,21,30.6458,183.3375,47.2288,4.7333,-7.4355
1483.000000,22,30.6458,183.5210,47.6617,4.9827,-5.8164
1483.000000,23,30.6458,183.7041,47.2312,4.3691,-4.1608
1483.000000,24,30.6458,183.8867,45.4802,2.4355,-3.2700
1484.000000,0,30.7537,183.5699,45.6319,2.9039,-2.9975
1484.000000,1,30.7537,183.7392,47.3995,4.5023,-4.3117
1484.000000,2,30.7537,183.9088,47.2855,4.2187,-6.5424
1484.000000,3,30.7537,184.0786,47.3270,4.0903,-7.4556
1484.000000,4,30.7537,184.2486,47.6817,4.2750,-7.3021
1484.000000,5,30.7537,183.4544,47.3078,4.6953,-4.8796
1484.000000,6,30.7537,183.6276,47.3850,4.5993,-6.8507
1484.000000,7,30.7537,183.8009,47.6407,4.6818,-7.5169
1484.000000,8,30.7537,183.9744,47.2720,4.1396,-8.2382
1484.000000,9,30.7537,184.1478,47.5053,4.1995,-7.7252
1484.000000,10,30.7537,183.3428,47.1611,4.6602,-7.0489
1484.000000,11,30.7537,183.5198,47.3906,4.7127,-7.8557
1484.000000,12,30.7537,183.6969,47.7125,4.8575,-7.8773
1484.000000,13,30.7537,183.8739,47.4445,4.4126,-8.0040
1484.000000,14,30.7537,184.0507,47.3129,4.1042,-7.3333
1484.000000,15,30.7537,183.2354,47.4680,5.0745,-7.4655
1484.000000,16,30.7537,183.4163,47.2989,4.7246,-8.1920
1484.000000,17,30.7537,183.5970,47.6885,4.9335,-7.5883
1484.000000,18,30.7537,183.7775,47.5110,4.5754,-6.8791
1484.000000,19,30.7537,183.9576,47.1939,4.0783,-5.4461
1484.000000,20,30.7537,183.1325,47.5698,5.2793,-7.1779
1484.000000,21,30.7537,183.3171,47.2504,4.7752,-7.3752
1484.000000,22,30.7537,183.5014,47.6726,5.0131,-5.7503
1484.000000,23,30.7537,183.6853,47.2153,4.3719,-4.1184
1484.000000,24,30.7537,183.8687,45.4528,2.4260,-3.2506
1485.000000,0,30.8606,183.5441,45.6006,2.8984,-2.9652
1485.000000,1,30.8606,183.7144,47.3937,4.5213,-4.2559
1485.000000,2,30.8606,183.8849,47.3166,4.2736,-6.4624
1485.000000,3,30.8606,184.0557,47.3064,4.0927,-7.4539
1485.000000,4,30.8606,184.2265,47.6735,4.2890,-7.2976
1485.000000,5,30.8606,183.4298,47.2945,4.7067,-4.8655
1485.000000,6,30.8606,183.6038,47.3858,4.6239,-6.8277
1485.000000,7,30.8606,183.7781,47.6472,4.7110,-7.4966
1485.000000,8,30.8606,183.9524,47.2769,4.1664,-8.2266
1485.000000,9,30.8606,184.1267,47.4957,4.2110,-7.7345
1485.000000,10,30.8606,183.3193,47.1626,4.6852,-7.0381
1485.000000,11,30.8606,183.4973,47.3868,4.7314,-7.8546
1485.000000,12,30.8606,183.6752,47.7125,4.8792,-7.8732
1485.000000,13,30.8606,183.8531,47.4413,4.4302,-8.0024
1485.000000,14,30.8606,184.0307,47.3149,4.1261,-7.3254
1485.000000,15,30.8606,183.2132,47.4558,5.0846,-7.4809
1485.000000,16,30.8606,183.3949,47.3047,4.7518,-8.1806
1485.000000,17,30.8606,183.5765,47.6923,4.9578,-7.5708
1485.000000,18,30.8606,183.7578,47.5063,4.5904,-6.8645
1485.000000,19,30.8606,183.9387,47.1811,4.0843,-5.4408
1485.000000,20,30.8606,183.1116,47.5505,5.2808,-7.1824
1485.000000,21,30.8606,183.2971,47.2712,4.8161,-7.3152
1485.000000,22,30.8606,183.4822,47.6823,5.0420,-5.6850
1485.000000,23,30.8606,183.6670,47.1985,4.3735,-4.0769
1485.000000,24,30.8606,183.8511,45.4252,2.4161,-3.2321
1486.000000,0,30.9663,183.5186,45.5689,2.8923,-2.9337
1486.000000,1,30.9663,183.6898,47.3872,4.5393,-4.2006
1486.000000,2,30.9663,183.8613,47.3469,4.3275,-6.3826
1486.000000,3,30.9663,184.0329,47.2842,4.0932,-7.4539
1486.000000,4,30.9663,184.2046,47.6643,4.3017,-7.2944
1486.000000,5,30.9663,183.4054,47.2809,4.7175,-4.8521
1486.000000,6,30.9663,183.5804,47.3861,4.6477,-6.8057
1486.000000,7,30.9663,183.7556,47.6534,4.7398,-7.4770
1486.000000,8,30.9663,183.9308,47.2818,4.1930,-8.2155
1486.000000,9,30.9663,184.1058,47.4858,4.2220,-7.7446
1486.000000,10,30.9663,183.2961,47.1642,4.7100,-7.0279
1486.000000,11,30.9663,183.4750,47.3829,4.7499,-7.8541
1486.000000,12,30.9663,183.6539,47.7125,4.9006,-7.8696
1486.000000,13,30.9663,183.8326,47.4381,4.4475,-8.0015
1486.000000,14,30.9663,184.0110,47.3169,4.1479,-7.3180
1486.000000,15,30.9663,183.1912,47.4432,5.0939,-7.4976
1486.000000,16,30.9663,183.3739,47.3105,4.7786,-8.1697
1486.000000,17,30.9663,183.5564,47.6958,4.9814,-7.5539
1486.000000,18,30.9663,183.7385,47.5011,4.6046,-6.8509
1486.000000,19,30.9663,183.9202,47.1681,4.0898,-5.4361
1486.000000,20,30.9663,183.0910,47.5295,5.2805,-7.1884
1486.000000,21,30.9663,183.2774,47.2911,4.8557,-7.2554
1486.000000,22,30.9663,183.4634,47.6907,5.0693,-5.6206
1486.000000,23,30.9663,183.6489,47.1811,4.3741,-4.0362
1486.000000,24,30.9663,183.8338,45.3975,2.4057,-3.2145
1487.000000,0,31.0708,183.4934,45.5369,2.8854,-2.9031
1487.000000,1,31.0708,183.6656,47.3800,4.5564,-4.1459
1487.000000,2,31.0708,183.8380,47.3763,4.3803,-6.3033
1487.000000,3,31.0708,184.0105,47.2603,4.0918,-7.4559
1487.000000,4,31.0708,184.1830,47.6540,4.3130,-7.2926
1487.000000,5,31.0708,183.3813,47.2670,4.7277,-4.8394
1487.000000,6,31.0708,183.5573,47.3859,4.6706,-6.7846
1487.000000,7,31.0708,183.7334,47.6594,4.7680,-7.4580
1487.000000,8,31.0708,183.9094,47.2867,4.2192,-8.2050
1487.000000,9,31.0708,184.0853,47.4757,4.2324,-7.7558
1487.000000,10,31.0708,183.2732,47.1660,4.7347,-7.0182
1487.000000,11,31.0708,183.4530,47.3791,4.7680,-7.8544
1487.000000,12,31.0708,183.6328,47.7125,4.9216,-7.8667
1487.000000,13,31.0708,183.8123,47.4348,4.4644,-8.0011
1487.000000,14,31.0708,183.9915,47.3190,4.1695,-7.3111
1487.000000,15,31.0708,183.1696,47.4302,5.1025,-7.5156
1487.000000,16,31.0708,183.3532,47.3163,4.8050,-8.1594
1487.000000,17,31.0708,183.5365,47.6990,5.0045,-7.5376
1487.000000,18,31.0708,183.7195,47.4953,4.6178,-6.8381
1487.000000,19,31.0708,183.9020,47.1549,4.0949,-5.4321
1487.000000,20,31.0708,183.0708,47.5070,5.2781,-7.1958
1487.000000,21,31.0708,183.2580,47.3102,4.8942,-7.1960
1487.000000,22,31.0708,183.4448,47.6978,5.0949,-5.5573
1487.000000,23,31.0708,183.6312,47.1628,4.3736,-3.9964
1487.000000,24,31.0708,183.8168,45.3696,2.3948,-3.1979
1488.000000,0,31.1742,183.4685,45.5044,2.8779,-2.8735
1488.000000,1,31.1742,183.6416,47.3721,4.5725,-4.0916
1488.000000,2,31.1742,183.8149,47.4049,4.4320,-6.2245
1488.000000,3,31.1742,183.9883,47.2346,4.0883,-7.4596
1488.000000,4,31.1742,184.1616,47.6427,4.3230,-7.2921
1488.000000,5,31.1742,183.3575,47.2528,4.7373,-4.8274
1488.000000,6,31.1742,183.5344,47.3851,4.6926,-6.7644
1488.000000,7,31.1742,183.7114,47.6651,4.7957,-7.4398
1488.000000,8,31.1742,183.8883,47.2916,4.2452,-8.1950
1488.000000,9,31.1742,184.0650,47.4653,4.2422,-7.7679
1488.000000,10,31.1742,183.2507,47.1679,4.7592,-7.0090
1488.000000,11,31.1742,183.4314,47.3752,4.7857,-7.8554
1488.000000,12,31.1742,183.6120,47.7125,4.9424,-7.8643
1488.000000,13,31.1742,183.7924,47.4315,4.4810,-8.0013
1488.000000,14,31.1742,183.9724,47.3213,4.1908,-7.3046
1488.000000,15,31.1742,183.1484,47.4168,5.1104,-7.5348
1488.000000,16,31.1742,183.3328,47.3219,4.8311,-8.1497
1488.000000,17,31.1742,183.5170,47.7019,5.0269,-7.5220
1488.000000,18,31.1742,183.7008,47.4890,4.6302,-6.8264
1488.000000,19,31.1742,183.8840,47.1415,4.0994,-5.4289
1488.000000,20,31.1742,183.0509,47.4828,5.2739,-7.2047
1488.000000,21,31.1742,183.2390,47.3284,4.9314,-7.1369
1488.000000,22,31.1742,183.4267,47.7035,5.1188,-5.4950
1488.000000,23,31.1742,183.6138,47.1438,4.3720,-3.9577
1488.000000,24,31.1742,183.8001,45.3416,2.3834,-3.1823
1489.000000,0,31.2763,183.4438,45.4715,2.8696,-2.8447
1489.000000,1,31.2763,183.6179,47.3634,4.5875,-4.0380
1489.000000,2,31.2763,183.7921,47.4326,4.4825,-6.1461
1489.000000,3,31.2763,183.9664,47.2072,4.0828,-7.4653
1489.000000,4,31.2763,184.1405,47.6301,4.3315,-7.2931
1489.000000,5,31.2763,183.3340,47.2383,4.7463,-4.8163
1489.000000,6,31.2763,183.5119,47.3837,4.7138,-6.7454
1489.000000,7,31.2763,183.6898,47.6706,4.8228,-7.4223
1489.000000,8,31.2763,183.8675,47.2964,4.2709,-8.1856
1489.000000,9,31.2763,184.0450,47.4545,4.2515,-7.7810
1489.000000,10,31.2763,183.2284,47.1699,4.7835,-7.0005
1489.000000,11,31.2763,183.4101,47.3713,4.8031,-7.8572
1489.000000,12,31.2763,183.5916,47.7125,4.9629,-7.8627
1489.000000,13,31.2763,183.7728,47.4282,4.4973,-8.0021
1489.000000,14,31.2763,183.9536,47.3236,4.2119,-7.2986
1489.000000,15,31.2763,183.1275,47.4031,5.1175,-7.5554
1489.000000,16,31.2763,183.3128,47.3275,4.8567,-8.1405
1489.000000,17,31.2763,183.4978,47.7045,5.0486,-7.5070
1489.000000,18,31.2763,183.6824,47.4821,4.6416,-6.8156
1489.000000,19,31.2763,183.8664,47.1279,4.1035,-5.4263
1489.000000,20,31.2763,183.0314,47.4570,5.2675,-7.2150
1489.000000,21,31.2763,183.2204,47.3457,4.9673,-7.0781
1489.000000,22,31.2763,183.4088,47.7078,5.1410,-5.4338
1489.000000,23,31.2763,183.5967,47.1240,4.3693,-3.9199
1489.000000,24,31.2763,183.7838,45.3134,2.3716,-3.1676
1490.000000,0,31.3771,183.4194,45.4382,2.8607,-2.8170
1490.000000,1,31.3771,183.5945,47.3540,4.6015,-3.9850
1490.000000,2,31.3771,183.7696,47.4594,4.5317,-6.0684
1490.000000,3,31.3771,183.9447,47.1780,4.0752,-7.4729
1490.000000,4,31.3771,184.1197,47.6164,4.3386,-7.2954
1490.000000,5,31.3771,183.3108,47.2235,4.7546,-4.8059
1490.000000,6,31.3771,183.4896,47.3816,4.7340,-6.7274
1490.000000,7,31.3771,183.6684,47.6758,4.8494,-7.4056
1490.000000,8,31.3771,183.8470,47.3013,4.2962,-8.1767
1490.000000,9,31.3771,184.0253,47.4435,4.2601,-7.7951
1490.000000,10,31.3771,183.2065,47.1721,4.8076,-6.9925
1490.000000,11,31.3771,183.3891,47.3673,4.8202,-7.8597
1490.000000,12,31.3771,183.5714,47.7125,4.9830,-7.8616
1490.000000,13,31.3771,183.7535,47.4248,4.5133,-8.0035
1490.000000,14,31.3771,183.9351,47.3260,4.2329,-7.2930
1490.000000,15,31.3771,183.1069,47.3889,5.1239,-7.5772
1490.000000,16,31.3771,183.2931,47.3330,4.8819,-8.1318
1490.000000,17,31.3771,183.4790,47.7067,5.0697,-7.4926
1490.000000,18,31.3771,183.6644,47.4745,4.6521,-6.8058
1490.000000,19,31.3771,183.8491,47.1142,4.1070,-5.4245
1490.000000,20,31.3771,183.0123,47.4295,5.2592,-7.2267
1490.000000,21,31.3771,183.2021,47.3620,5.0019,-7.0198
1490.000000,22,31.3771,183.3914,47.7107,5.1613,-5.3738
1490.000000,23,31.3771,183.5800,47.1034,4.3654,-3.8832
1490.000000,24,31.3771,183.7678,45.2852,2.3593,-3.1540
1491.000000,0,31.4767,183.3954,45.4045,2.8511,-2.7903
1491.000000,1,31.4767,183.5713,47.3438,4.6144,-3.9327
1491.000000,2,31.4767,183.7474,47.4851,4.5796,-5.9913
1491.000000,3,31.4767,183.9234,47.1470,4.0655,-7.4824
1491.000000,4,31.4767,184.0992,47.6015,4.3443,-7.2991
1491.000000,5,31.4767,183.2879,47.2084,4.7624,-4.7964
1491.000000,6,31.4767,183.4677,47.3790,4.7533,-6.7105
1491.000000,7,31.4767,183.6473,47.6807,4.8754,-7.3896
1491.000000,8,31.4767,183.8268,47.3061,4.3212,-8.1685
1491.000000,9,31.4767,184.0059,47.4322,4.2682,-7.8103
1491.000000,10,31.4767,183.1849,47.1745,4.8315,-6.9853
1491.000000,11,31.4767,183.3684,47.3633,4.8369,-7.8630
1491.000000,12,31.4767,183.5516,47.7125,5.0028,-7.8612
1491.000000,13,31.4767,183.7345,47.4215,4.5289,-8.0055
1491.000000,14,31.4767,183.9168,47.3284,4.2536,-7.2880
1491.000000,15,31.4767,183.0867,47.3743,5.1295,-7.6003
1491.000000,16,31.4767,183.2738,47.3385,4.9066,-8.1237
1491.000000,17,31.4767,183.4605,47.7086,5.0901,-7.4790
1491.000000,18,31.4767,183.6467,47.4664,4.6617,-6.7970
1491.000000,19,31.4767,183.8322,47.1003,4.1101,-5.4234
1491.000000,20,31.4767,182.9936,47.4003,5.2487,-7.2398
1491.000000,21,31.4767,183.1842,47.3772,5.0350,-6.9618
1491.000000,22,31.4767,183.3742,47.7121,5.1799,-5.3149
1491.000000,23,31.4767,183.5636,47.0820,4.3604,-3.8477
1491.000000,24,31.4767,183.7521,45.2568,2.3466,-3.1414
1492.000000,0,31.5749,183.3716,45.3704,2.8408,-2.7646
1492.000000,1,31.5749,183.5485,47.3327,4.6262,-3.8812
1492.000000,2,31.5749,183.7255,47.5097,4.6262,-5.9149
1492.000000,3,31.5749,183.9023,47.1140,4.0536,-7.4938
1492.000000,4,31.5749,184.0789,47.5854,4.3484,-7.3041
1492.000000,5,31.5749,183.2654,47.1930,4.7696,-4.7877
1492.000000,6,31.5749,183.4460,47.3756,4.7716,-6.6947
1492.000000,7,31.5749,183.6266,47.6854,4.9007,-7.3744
1492.000000,8,31.5749,183.8069,47.3108,4.3459,-8.1608
1492.000000,9,31.5749,183.9868,47.4206,4.2758,-7.8264
1492.000000,10,31.5749,183.1637,47.1770,4.8552,-6.9786
1492.000000,11,31.5749,183.3480,47.3594,4.8533,-7.8670
1492.000000,12,31.5749,183.5321,47.7125,5.0223,-7.8615
1492.000000,13,31.5749,183.7158,47.4181,4.5442,-8.0081
1492.000000,14,31.5749,183.8989,47.3310,4.2740,-7.2836
1492.000000,15,31.5749,183.0669,47.3593,5.1344,-7.6247
1492.000000,16,31.5749,183.2548,47.3438,4.9310,-8.1162
1492.000000,17,31.5749,183.4423,47.7101,5.1098,-7.4660
1492.000000,18,31.5749,183.6293,47.4577,4.6704,-6.7893
1492.000000,19,31.5749,183.8155,47.0862,4.1127,-5.4231
1492.000000,20,31.5749,182.9752,47.3693,5.2361,-7.2542
1492.000000,21,31.5749,183.1666,47.3915,5.0668,-6.9042
1492.000000,22,31.5749,183.3575,47.7121,5.1966,-5.2574
1492.000000,23,31.5749,183.5476,47.0598,4.3542,-3.8132
1492.000000,24,31.5749,183.7368,45.2283,2.3334,-3.1299
1493.000000,0,31.6718,183.3481,45.3359,2.8298,-2.7401
1493.000000,1,31.6718,183.5260,47.3208,4.6368,-3.8304
1493.000000,2,31.6718,183.7038,47.5332,4.6713,-5.8392
1493.000000,3,31.6718,183.8815,47.0791,4.0395,-7.5073
1493.000000,4,31.6718,184.0590,47.5680,4.3510,-7.3106
1493.000000,5,31.6718,183.2432,47.1773,4.7761,-4.7798
1493.000000,6,31.6718,183.4247,47.3716,4.7889,-6.6801
1493.000000,7,31.6718,183.6062,47.6896,4.9255,-7.3600
1493.000000,8,31.6718,183.7873,47.3155,4.3702,-8.1538
1493.000000,9,31.6718,183.9680,47.4087,4.2827,-7.8436
1493.000000,10,31.6718,183.1428,47.1796,4.8788,-6.9727
1493.000000,11,31.6718,183.3280,47.3554,4.8693,-7.8718
1493.000000,12,31.6718,183.5130,47.7125,5.0415,-7.8624
1493.000000,13,31.6718,183.6974,47.4146,4.5592,-8.0114
1493.000000,14,31.6718,183.8813,47.3336,4.2943,-7.2796
1493.000000,15,31.6718,183.0474,47.3439,5.1384,-7.6503
1493.000000,16,31.6718,183.2362,47.3490,4.9548,-8.1092
1493.000000,17,31.6718,183.4245,47.7113,5.1287,-7.4538
1493.000000,18,31.6718,183.6122,47.4483,4.6780,-6.7826
1493.000000,19,31.6718,183.7992,47.0720,4.1148,-5.4235
1493.000000,20,31.6718,182.9572,47.3365,5.2213,-7.2700
1493.000000,21,31.6718,183.1494,47.4046,5.0971,-6.8470
1493.000000,22,31.6718,183.3410,47.7104,5.2113,-5.2012
1493.000000,23,31.6718,183.5319,47.0368,4.3468,-3.7800
1493.000000,24,31.6718,183.7218,45.1997,2.3198,-3.1195
1494.000000,0,31.7672,183.3249,45.3011,2.8181,-2.7167
1494.000000,1,31.7672,183.5037,47.3080,4.6463,-3.7805
1494.000000,2,31.7672,183.6825,47.5555,4.7149,-5.7644
1494.000000,3,31.7672,183.8610,47.0973,4.0782,-7.4578
1494.000000,4,31.7672,184.0393,47.5493,4.3520,-7.3184
1494.000000,5,31.7672,183.2213,47.1613,4.7820,-4.7729
1494.000000,6,31.7672,183.4037,47.3669,4.8051,-6.6668
1494.000000,7,31.7672,183.5860,47.6936,4.9495,-7.3465
1494.000000,8,31.7672,183.7680,47.3202,4.3942,-8.1474
1494.000000,9,31.7672,183.9495,47.3965,4.2890,-7.8617
1494.000000,10,31.7672,183.1223,47.1824,4.9021,-6.9675
1494.000000,11,31.7672,183.3084,47.3513,4.8849,-7.8775
1494.000000,12,31.7672,183.4941,47.7125,5.0603,-7.8640
1494.000000,13,31.7672,183.6794,47.4112,4.5738,-8.0153
1494.000000,14,31.7672,183.8640,47.3364,4.3143,-7.2763
1494.000000,15,31.7672,183.0283,47.3280,5.1417,-7.6772
1494.000000,16,31.7672,183.2179,47.3542,4.9782,-8.1028
1494.000000,17,31.7672,183.4070,47.7120,5.1470,-7.4422
1494.000000,18,31.7672,183.5955,47.4383,4.6847,-6.7770
1494.000000,19,31.7672,183.7832,47.0576,4.1164,-5.4248
1494.000000,20,31.7672,182.9396,47.3019,5.2043,-7.2871
1494.000000,21,31.7672,183.1326,47.4166,5.1259,-6.7903
1494.000000,22,31.7672,183.3250,47.7072,5.2242,-5.1464
1494.000000,23,31.7672,183.5166,47.0129,4.3383,-3.7480
1494.000000,24,31.7672,183.7072,45.1710,2.3058,-3.1101
1495.000000,0,31.8612,183.3021,45.2659,2.8057,-2.6944
1495.000000,1,31.8612,183.4818,47.2944,4.6545,-3.7315
1495.000000,2,31.8612,183.6614,47.5765,4.7570,-5.6904
1495.000000,3,31.8612,183.8408,47.1195,4.1206,-7.4032
1495.000000,4,31.8612,184.0199,47.5293,4.3514,-7.3276
1495.000000,5,31.8612,183.1997,47.1450,4.7873,-4.7668
1495.000000,6,31.8612,183.3831,47.3615,4.8204,-6.6547
1495.000000,7,31.8612,183.5662,47.6972,4.9730,-7.3338
1495.000000,8,31.8612,183.7490,47.3248,4.4177,-8.1416
1495.000000,9,31.8612,183.9313,47.3840,4.2948,-7.8809
1495.000000,10,31.8612,183.1021,47.1853,4.9252,-6.9631
1495.000000,11,31.8612,183.2890,47.3473,4.9002,-7.8839
1495.000000,12,31.8612,183.4756,47.7125,5.0788,-7.8662
1495.000000,13,31.8612,183.6617,47.4078,4.5881,-8.0199
1495.000000,14,31.8612,183.8471,47.3392,4.3341,-7.2735
1495.000000,15,31.8612,183.0095,47.3118,5.1442,-7.7053
1495.000000,16,31.8612,183.2000,47.3592,5.0011,-8.0969
1495.000000,17,31.8612,183.3899,47.7124,5.1645,-7.4314
1495.000000,18,31.8612,183.5791,47.4276,4.6904,-6.7726
1495.000000,19,31.8612,183.7675,47.0430,4.1175,-5.4268
1495.000000,20,31.8612,182.9224,47.2655,5.1851,-7.3055
1495.000000,21,31.8612,183.1162,47.4274,5.1531,-6.7341
1495.000000,22,31.8612,183.3093,47.7024,5.2350,-5.0931
1495.000000,23,31.8612,183.5016,46.9882,4.3285,-3.7174
1495.000000,24,31.8612,183.6929,45.1422,2.2913,-3.1019
1496.000000,0,31.9538,183.2796,45.2303,2.7927,-2.6734
1496.000000,1,31.9538,183.4602,47.2798,4.6616,-3.6835
1496.000000,2,31.9538,183.6407,47.5963,4.7975,-5.6174
1496.000000,3,31.9538,183.8209,47.1410,4.1621,-7.3489
1496.000000,4,31.9538,184.0008,47.5080,4.3491,-7.3382
1496.000000,5,31.9538,183.1785,47.1284,4.7919,-4.7617
1496.000000,6,31.9538,183.3627,47.3554,4.8346,-6.6439
1496.000000,7,31.9538,183.5467,47.7005,4.9957,-7.3219
1496.000000,8,31.9538,183.7303,47.3293,4.4409,-8.1364
1496.000000,9,31.9538,183.9133,47.3713,4.2999,-7.9011
1496.000000,10,31.9538,183.0822,47.1884,4.9481,-6.9594
1496.000000,11,31.9538,183.2701,47.3432,4.9151,-7.8911
1496.000000,12,31.9538,183.4575,47.7125,5.0970,-7.8691
1496.000000,13,31.9538,183.6443,47.4043,4.6020,-8.0251
1496.000000,14,31.9538,183.8304,47.3421,4.3536,-7.2713
1496.000000,15,31.9538,182.9912,47.2952,5.1460,-7.7346
1496.000000,16,31.9538,183.1825,47.3640,5.0235,-8.0917
1496.000000,17,31.9538,183.3731,47.7124,5.1812,-7.4213
1496.000000,18,31.9538,183.5631,47.4163,4.6951,-6.7692
1496.000000,19,31.9538,183.7522,47.0283,4.1181,-5.4296
1496.000000,20,31.9538,182.9056,47.2272,5.1636,-7.3251
1496.000000,21,31.9538,183.1002,47.4370,5.1788,-6.6783
1496.000000,22,31.9538,183.2940,47.6959,5.2438,-5.0412
1496.000000,23,31.9538,183.4870,46.9626,4.3176,-3.6880
1496.000000,24,31.9538,183.6789,45.1134,2.2765,-3.0949
1497.000000,0,32.0449,183.2574,45.1943,2.7789,-2.6537
1497.000000,1,32.0449,183.4389,47.2643,4.6674,-3.6364
1497.000000,2,32.0449,183.6203,47.6147,4.8364,-5.5455
1497.000000,3,32.0449,183.8013,47.1618,4.2025,-7.2949
1497.000000,4,32.0449,183.9820,47.4853,4.3453,-7.3500
1497.000000,5,32.0449,183.1576,47.1115,4.7959,-4.7575
1497.000000,6,32.0449,183.3428,47.3485,4.8477,-6.6344
1497.000000,7,32.0449,183.5276,47.7034,5.0178,-7.3110
1497.000000,8,32.0449,183.7120,47.3337,4.4637,-8.1319
1497.000000,9,32.0449,183.8957,47.3582,4.3044,-7.9223
1497.000000,10,32.0449,183.0628,47.1916,4.9708,-6.9566
1497.000000,11,32.0449,183.2515,47.3391,4.9296,-7.8992
1497.000000,12,32.0449,183.4397,47.7125,5.1148,-7.8728
1497.000000,13,32.0449,183.6272,47.4008,4.6155,-8.0309
1497.000000,14,32.0449,183.8141,47.3451,4.3729,-7.2697
1497.000000,15,32.0449,182.9732,47.2781,5.1469,-7.7652
1497.000000,16,32.0449,183.1653,47.3687,5.0454,-8.0869
1497.000000,17,32.0449,183.3567,47.7119,5.1972,-7.4120
1497.000000,18,32.0449,183.5474,47.4043,4.6988,-6.7670
1497.000000,19,32.0449,183.7372,47.0134,4.1182,-5.4332
1497.000000,20,32.0449,182.8892,47.1892,5.1419,-7.3433
1497.000000,21,32.0449,183.0845,47.4453,5.2028,-6.6231
1497.000000,22,32.0449,183.2791,47.6877,5.2506,-4.9910
1497.000000,23,32.0449,183.4728,46.9362,4.3054,-3.6600
1497.000000,24,32.0449,183.6654,45.0846,2.2612,-3.0890
1498.000000,0,32.1344,183.2355,45.1580,2.7645,-2.6353
1498.000000,1,32.1344,183.4179,47.2479,4.6719,-3.5905
1498.000000,2,32.1344,183.6001,47.6317,4.8735,-5.4746
1498.000000,3,32.1344,183.7820,47.1819,4.2418,-7.2412
1498.000000,4,32.1344,183.9634,47.4612,4.3397,-7.3633
1498.000000,5,32.1344,183.1371,47.0944,4.7993,-4.7542
1498.000000,6,32.1344,183.3231,47.3408,4.8597,-6.6262
1498.000000,7,32.1344,183.5088,47.7059,5.0391,-7.3009
1498.000000,8,32.1344,183.6939,47.3381,4.4861,-8.1280
1498.000000,9,32.1344,183.8785,47.3448,4.3083,-7.9446
1498.000000,10,32.1344,183.0437,47.1950,4.9933,-6.9546
1498.000000,11,32.1344,183.2332,47.3350,4.9438,-7.9080
1498.000000,12,32.1344,183.4222,47.7125,5.1322,-7.8771
1498.000000,13,32.1344,183.6105,47.3973,4.6287,-8.0375
1498.000000,14,32.1344,183.7981,47.3481,4.3920,-7.2688
1498.000000,15,32.1344,182.9556,47.2606,5.1470,-7.7968
1498.000000,16,32.1344,183.1485,47.3733,5.0668,-8.0827
1498.000000,17,32.1344,183.3407,47.7111,5.2123,-7.4035
1498.000000,18,32.1344,183.5321,47.3916,4.7015,-6.7660
1498.000000,19,32.1344,183.7226,46.9984,4.1178,-5.4376
1498.000000,20,32.1344,182.7932,47.2400,5.2888,-7.2506
1498.000000,21,32.1344,183.0693,47.4524,5.2251,-6.5683
1498.000000,22,32.1344,183.2646,47.6778,5.2552,-4.9424
1498.000000,23,32.1344,183.4589,46.9089,4.2920,-3.6335
1498.000000,24,32.1344,183.6521,45.0557,2.2456,-3.0844
1499.000000,0,32.2224,183.2139,45.1214,2.7494,-2.6182
1499.000000,1,32.2224,183.3973,47.2305,4.6752,-3.5456
1499.000000,2,32.2224,183.5804,47.6472,4.9088,-5.4049
1499.000000,3,32.2224,183.7631,47.2011,4.2800,-7.1880
1499.000000,4,32.2224,183.9452,47.4356,4.3324,-7.3778
1499.000000,5,32.2224,183.1169,47.0769,4.8020,-4.7519
1499.000000,6,32.2224,183.3038,47.3324,4.8705,-6.6195
1499.000000,7,32.2224,183.4903,47.7081,5.0598,-7.2918
1499.000000,8,32.2224,183.6762,47.3423,4.5081,-8.1247
1499.000000,9,32.2224,183.8615,47.3312,4.3116,-7.9678
1499.000000,10,32.2224,183.0249,47.1985,5.0155,-6.9534
1499.000000,11,32.2224,183.2153,47.3309,4.9576,-7.9178
1499.000000,12,32.2224,183.4051,47.7125,5.1493,-7.8821
1499.000000,13,32.2224,183.5942,47.3938,4.6416,-8.0447
1499.000000,14,32.2224,183.7824,47.3513,4.4108,-7.2685
1499.000000,15,32.2224,182.9384,47.2428,5.1463,-7.8297
1499.000000,16,32.2224,183.1321,47.3777,5.0876,-8.0791
1499.000000,17,32.2224,183.3250,47.7098,5.2267,-7.3957
1499.000000,18,32.2224,183.5171,47.3783,4.7031,-6.7662
1499.000000,19,32.2224,183.7083,46.9832,4.1169,-5.4429
1499.000000,20,32.2224,182.7776,47.2885,5.3529,-7.1637
1499.000000,21,32.2224,183.0544,47.4582,5.2457,-6.5141
1499.000000,22,32.2224,183.2504,47.6662,5.2577,-4.8955
1499.000000,23,32.2224,183.4454,46.8808,4.2774,-3.6084
1499.000000,24,32.2224,183.6392,45.0268,2.2295,-3.0809
1500.000000,0,32.3088,183.1927,45.0844,2.7337,-2.6025
1500.000000,1,32.3088,183.3769,47.2120,4.6771,-3.5020
1500.000000,2,32.3088,183.5609,47.6612,4.9423,-5.3364
1500.000000,3,32.3088,183.7444,47.2195,4.3171,-7.1351
1500.000000,4,32.3088,183.9273,47.4087,4.3233,-7.3936
1500.000000,5,32.3088,183.0971,47.0592,4.8041,-4.7507
1500.000000,6,32.3088,183.2848,47.3231,4.8803,-6.6142
1500.000000,7,32.3088,183.4721,47.7098,5.0796,-7.2836
1500.000000,8,32.3088,183.6589,47.3465,4.5296,-8.1220
1500.000000,9,32.3088,183.8449,47.3172,4.3143,-7.9920
1500.000000,10,32.3088,183.0066,47.2022,5.0376,-6.9531
1500.000000,11,32.3088,183.1978,47.3268,4.9710,-7.9283
1500.000000,12,32.3088,183.3883,47.7125,5.1661,-7.8878
1500.000000,13,32.3088,183.5782,47.3903,4.6541,-8.0526
1500.000000,14,32.3088,183.7671,47.3545,4.4293,-7.2689
1500.000000,15,32.3088,182.9216,47.2245,5.1448,-7.8636
1500.000000,16,32.3088,183.1161,47.3820,5.1079,-8.0760
1500.000000,17,32.3088,183.3098,47.7081,5.2403,-7.3887
1500.000000,18,32.3088,183.5025,47.3642,4.7037,-6.7676
1500.000000,19,32.3088,183.6943,46.9679,4.1156,-5.4490
1500.000000,20,32.3088,182.7624,47.3345,5.4141,-7.0783
1500.000000,21,32.3088,183.0400,47.4627,5.2646,-6.4605
1500.000000,22,32.3088,183.2367,47.6528,5.2581,-4.8503
1500.000000,23,32.3088,183.4323,46.8518,4.2615,-3.5849
1500.000000,24,32.3088,183.6267,44.9979,2.2131,-3.0787
1501.000000,0,32.3936,183.1718,45.0471,2.7172,-2.5882
1501.000000,1,32.3936,183.3570,47.1926,4.6776,-3.4596
1501.000000,2,32.3936,183.5417,47.6737,4.9739,-5.2692
1501.000000,3,32.3936,183.7260,47.2370,4.3530,-7.0827
1501.000000,4,32.3936,183.9097,47.3802,4.3125,-7.4107
1501.000000,5,32.3936,183.0776,47.0412,4.8056,-4.7504
1501.000000,6,32.3936,183.2662,47.3131,4.8888,-6.6103
1501.000000,7,32.3936,183.4543,47.7111,5.0987,-7.2764
1501.000000,8,32.3936,183.6418,47.3506,4.5507,-8.1201
1501.000000,9,32.3936,183.8285,47.3030,4.3164,-8.0172
1501.000000,10,32.3936,182.9886,47.2060,5.0593,-6.9538
1501.000000,11,32.3936,183.1806,47.3227,4.9840,-7.9397
1501.000000,12,32.3936,183.3719,47.7125,5.1825,-7.8941
1501.000000,13,32.3936,183.5625,47.3867,4.6662,-8.0613
1501.000000,14,32.3936,183.7521,47.3578,4.4476,-7.2699
1501.000000,15,32.3936,182.9052,47.2058,5.1426,-7.8986
1501.000000,16,32.3936,183.1004,47.3861,5.1276,-8.0734
1501.000000,17,32.3936,183.2948,47.7059,5.2530,-7.3825
1501.000000,18,32.3936,183.4883,47.3495,4.7032,-6.7703
1501.000000,19,32.3936,183.6807,46.9525,4.1137,-5.4560
1501.000000,20,32.3936,182.7476,47.3780,5.4723,-6.9944
1501.000000,21,32.3936,183.0259,47.4657,5.2817,-6.4075
1501.000000,22,32.3936,183.2233,47.6375,5.2562,-4.8070
1501.000000,23,32.3936,183.4195,46.8220,4.2444,-3.5629
1501.000000,24,32.3936,183.6146,44.9690,2.1964,-3.0777
1502.000000,0,32.4767,183.1513,45.0095,2.7002,-2.5753
1502.000000,1,32.4767,183.3373,47.1721,4.6768,-3.4185
1502.000000,2,32.4767,183.5229,47.6845,5.0035,-5.2033
1502.000000,3,32.4767,183.7080,47.2536,4.3876,-7.0306
1502.000000,4,32.4767,183.8925,47.3503,4.2998,-7.4290
1502.000000,5,32.4767,183.0585,47.0229,4.8064,-4.7512
1502.000000,6,32.4767,183.2479,47.3022,4.8962,-6.6080
1502.000000,7,32.4767,183.4369,47.7120,5.1171,-7.2701
1502.000000,8,32.4767,183.6251,47.3545,4.5714,-8.1187
1502.000000,9,32.4767,183.8126,47.2884,4.3178,-8.0433
1502.000000,10,32.4767,182.9710,47.2099,5.0809,-6.9554
1502.000000,11,32.4767,183.1638,47.3185,4.9967,-7.9520
1502.000000,12,32.4767,183.3559,47.7125,5.1985,-7.9012
1502.000000,13,32.4767,183.5472,47.3832,4.6780,-8.0706
1502.000000,14,32.4767,183.7375,47.3611,4.4656,-7.2717
1502.000000,15,32.4767,182.8892,47.1867,5.1395,-7.9346
1502.000000,16,32.4767,183.0852,47.3900,5.1468,-8.0714
1502.000000,17,32.4767,183.2803,47.7033,5.2650,-7.3771
1502.000000,18,32.4767,183.4744,47.3341,4.7016,-6.7741
1502.000000,19,32.4767,183.6675,46.9370,4.1114,-5.4638
1502.000000,20,32.4767,182.7333,47.4188,5.5275,-6.9119
1502.000000,21,32.4767,183.0123,47.4674,5.2970,-6.3551
1502.000000,22,32.4767,183.2103,47.6205,5.2521,-4.7656
1502.000000,23,32.4767,183.4072,46.7913,4.2261,-3.5425
1502.000000,24,32.4767,183.6028,44.9401,2.1793,-3.0779
1503.000000,0,32.5581,183.1311,44.9716,2.6824,-2.5639
1503.000000,1,32.5581,183.3180,47.1506,4.6745,-3.3787
1503.000000,2,32.5581,183.5044,47.6936,5.0311,-5.1390
1503.000000,3,32.5581,183.6903,47.2692,4.4209,-6.9790
1503.000000,4,32.5581,183.8755,47.3189,4.2853,-7.4486
1503.000000,5,32.5581,183.0398,47.0044,4.8066,-4.7530
1503.000000,6,32.5581,183.2301,47.2904,4.9023,-6.6072
1503.000000,7,32.5581,183.4198,47.7124,5.1346,-7.2648
1503.000000,8,32.5581,183.6087,47.3583,4.5915,-8.1180
1503.000000,9,32.5581,183.7969,47.2736,4.3187,-8.0704
1503.000000,10,32.5581,182.9538,47.2140,5.1022,-6.9579
1503.000000,11,32.5581,183.1474,47.3144,5.0090,-7.9651
1503.000000,12,32.5581,183.3402,47.7125,5.2142,-7.9090
1503.000000,13,32.5581,183.5322,47.3796,4.6894,-8.0806
1503.000000,14,32.5581,183.7232,47.3646,4.4833,-7.2742
1503.000000,15,32.5581,182.7936,47.1735,5.2218,-7.9604
1503.000000,16,32.5581,183.0703,47.3937,5.1653,-8.0698
1503.000000,17,32.5581,183.2661,47.7002,5.2760,-7.3725
1503.000000,18,32.5581,183.4609,47.3179,4.6990,-6.7793
1503.000000,19,32.5581,183.6546,46.9213,4.1086,-5.4725
1503.000000,20,32.5581,182.7194,47.4570,5.5796,-6.8310
1503.000000,21,32.5581,182.9991,47.4676,5.3104,-6.3033
1503.000000,22,32.5581,183.1977,47.6015,5.2458,-4.7262
1503.000000,23,32.5581,183.3952,46.7597,4.2065,-3.5238
1503.000000,24,32.5581,183.5914,44.9113,2.1618,-3.0795
1504.000000,0,32.6378,183.1113,44.9334,2.6641,-2.5540
1504.000000,1,32.6378,183.2990,47.1280,4.6709,-3.3404
1504.000000,2,32.6378,183.4863,47.7010,5.0567,-5.0761
1504.000000,3,32.6378,183.6729,47.2839,4.4529,-6.9279
1504.000000,4,32.6378,183.8589,47.2859,4.2690,-7.4693
1504.000000,5,32.6378,183.0214,46.9856,4.8061,-4.7559
1504.000000,6,32.6378,183.2125,47.2778,4.9072,-6.6079
1504.000000,7,32.6378,183.4030,47.7124,5.1514,-7.2605
1504.000000,8,32.6378,183.5927,47.3620,4.6113,-8.1179
1504.000000,9,32.6378,183.7816,47.2585,4.3189,-8.0985
1504.000000,10,32.6378,182.9370,47.2183,5.1232,-6.9615
1504.000000,11,32.6378,183.1314,47.3103,5.0208,-7.9791
1504.000000,12,32.6378,183.3249,47.7125,5.2295,-7.9175
1504.000000,13,32.6378,183.5176,47.3760,4.7004,-8.0913
1504.000000,14,32.6378,183.7093,47.3681,4.5008,-7.2774
1504.000000,15,32.6378,182.7784,47.2057,5.2693,-7.9380
1504.000000,16,32.6378,183.0559,47.3972,5.1833,-8.0688
1504.000000,17,32.6378,183.2524,47.6966,5.2862,-7.3687
1504.000000,18,32.6378,183.4478,47.3011,4.6952,-6.7857
1504.000000,19,32.6378,183.6421,46.9055,4.1054,-5.4820
1504.000000,20,32.6378,182.7059,47.4925,5.6285,-6.7517
1504.000000,21,32.6378,182.9863,47.4663,5.3220,-6.2521
1504.000000,22,32.6378,183.1855,47.5807,5.2371,-4.6887
1504.000000,23,32.6378,183.3836,46.7272,4.1856,-3.5068
1504.000000,24,32.6378,183.5804,44.8825,2.1441,-3.0823
1505.000000,0,32.7157,183.0919,44.8950,2.6451,-2.5457
1505.000000,1,32.7157,183.2804,47.1043,4.6658,-3.3037
1505.000000,2,32.7157,183.4685,47.7066,5.0801,-5.0149
1505.000000,3,32.7157,183.6559,47.2974,4.4835,-6.8772
1505.000000,4,32.7157,183.8426,47.2513,4.2507,-7.4912
1505.000000,5,32.7157,183.0035,46.9666,4.8050,-4.7598
1505.000000,6,32.7157,183.1954,47.2643,4.9109,-6.6103
1505.000000,7,32.7157,183.3866,47.7119,5.1673,-7.2572
1505.000000,8,32.7157,183.5771,47.3656,4.6305,-8.1184
1505.000000,9,32.7157,183.7666,47.2431,4.3184,-8.1274
1505.000000,10,32.7157,182.9206,47.2226,5.1440,-6.9661
1505.000000,11,32.7157,183.1157,47.3061,5.0323,-7.9939
1505.000000,12,32.7157,183.3100,47.7125,5.2444,-7.9268
1505.000000,13,32.7157,183.5034,47.3725,4.7110,-8.1028
1505.000000,14,32.7157,183.6957,47.3717,4.5180,-7.2815
1505.000000,15,32.7157,182.7637,47.2372,5.3155,-7.9168
1505.000000,16,32.7157,183.0418,47.4005,5.2007,-8.0683
1505.000000,17,32.7157,183.2390,47.6926,5.2956,-7.3658
1505.000000,18,32.7157,183.4351,47.2835,4.6904,-6.7935
1505.000000,19,32.7157,183.6300,46.8896,4.1016,-5.4925
1505.000000,20,32.7157,182.6929,47.5251,5.6742,-6.6740
1505.000000,21,32.7157,182.9739,47.4635,5.3316,-6.2016
1505.000000,22,32.7157,183.1737,47.5579,5.2261,-4.6534
1505.000000,23,32.7157,183.3724,46.6939,4.1635,-3.4915
1505.000000,24,32.7157,183.5697,44.8538,2.1260,-3.0864
1506.000000,0,32.7919,183.0728,44.8563,2.6254,-2.5389
1506.000000,1,32.7919,183.2622,47.0795,4.6592,-3.2684
1506.000000,2,32.7919,183.4510,47.7104,5.1013,-4.9553
1506.000000,3,32.7919,183.6392,47.3099,4.5127,-6.8270
1506.000000,4,32.7919,183.8266,47.2152,4.2306,-7.5142
1506.000000,5,32.7919,182.9859,46.9472,4.8033,-4.7649
1506.000000,6,32.7919,183.1786,47.2499,4.9133,-6.6142
1506.000000,7,32.7919,183.3706,47.7109,5.1823,-7.2549
1506.000000,8,32.7919,183.5617,47.3690,4.6492,-8.1196
1506.000000,9,32.7919,183.7520,47.2274,4.3174,-8.1573
1506.000000,10,32.7919,182.9046,47.2271,5.1645,-6.9717
1506.000000,11,32.7919,183.1005,47.3020,5.0434,-8.0096
1506.000000,12,32.7919,183.2955,47.7125,5.2589,-7.9367
1506.000000,13,32.7919,183.4895,47.3689,4.7213,-8.1149
1506.000000,14,32.7919,183.6824,47.3753,4.5349,-7.2862
1506.000000,15,32.7919,182.7493,47.2680,5.3606,-7.8971
1506.000000,16,32.7919,183.0282,47.4036,5.2174,-8.0682
1506.000000,17,32.7919,183.2260,47.6881,5.3040,-7.3636
1506.000000,18,32.7919,183.4227,47.2652,4.6845,-6.8026
1506.000000,19,32.7919,183.6182,46.8736,4.0974,-5.5038
1506.000000,20,32.7919,182.6803,47.5549,5.7165,-6.5980
1506.000000,21,32.7919,182.9619,47.4592,5.3393,-6.1518
1506.000000,22,32.7919,183.1624,47.5332,5.2128,-4.6202
1506.000000,23,32.7919,183.3616,46.6598,4.1401,-3.4781
1506.000000,24,32.7919,183.5594,44.8252,2.1077,-3.0919
1507.000000,0,32.8662,183.0541,44.8173,2.6052,-2.5338
1507.000000,1,32.8662,183.2443,47.0535,4.6512,-3.2348
1507.000000,2,32.8662,183.4339,47.7122,5.1203,-4.8976
1507.000000,3,32.8662,183.6228,47.3213,4.5404,-6.7774
1507.000000,4,32.8662,183.8109,47.1775,4.2085,-7.5382
1507.000000,5,32.8662,182.9687,46.9277,4.8010,-4.7711
1507.000000,6,32.8662,183.1622,47.2346,4.9144,-6.6198
1507.000000,7,32.8662,183.3549,47.7095,5.1965,-7.2536
1507.000000,8,32.8662,183.5468,47.3723,4.6675,-8.1214
1507.000000,9,32.8662,183.7377,47.2114,4.3157,-8.1880
1507.000000,10,32.8662,182.8890,47.2318,5.1847,-6.9785
1507.000000,11,32.8662,183.0856,47.2978,5.0542,-8.0262
1507.000000,12,32.8662,183.2813,47.7125,5.2731,-7.9473
1507.000000,13,32.8662,183.4760,47.3653,4.7313,-8.1278
1507.000000,14,32.8662,183.6695,47.3791,4.5515,-7.2918
1507.000000,15,32.8662,182.7354,47.2979,5.4044,-7.8786
1507.000000,16,32.8662,183.0149,47.4064,5.2335,-8.0686
1507.000000,17,32.8662,183.2134,47.6830,5.3116,-7.3623
1507.000000,18,32.8662,183.4107,47.2462,4.6774,-6.8130
1507.000000,19,32.8662,183.6068,46.8576,4.0928,-5.5160
1507.000000,20,32.8662,182.6681,47.5817,5.7555,-6.5236
1507.000000,21,32.8662,182.9503,47.4533,5.3450,-6.1027
1507.000000,22,32.8662,183.1514,47.5065,5.1970,-4.5892
1507.000000,23,32.8662,183.3512,46.6247,4.1155,-3.4664
1507.000000,24,32.8662,183.5495,44.7966,2.0891,-3.0986
1508.000000,0,32.9387,183.0357,44.7781,2.5844,-2.5302
1508.000000,1,32.9387,183.2268,47.0264,4.6416,-3.2029
1508.000000,2,32.9387,183.4172,47.7122,5.1370,-4.8416
1508.000000,3,32.9387,183.6068,47.3315,4.5667,-6.7282
1508.000000,4,32.9387,183.7956,47.1604,4.2068,-7.5372
1508.000000,5,32.9387,182.9519,46.9079,4.7980,-4.7785
1508.000000,6,32.9387,183.1461,47.2184,4.9142,-6.6271
1508.000000,7,32.9387,183.3396,47.7075,5.2099,-7.2534
1508.000000,8,32.9387,183.5322,47.3754,4.6852,-8.1238
1508.000000,9,32.9387,183.7237,47.2362,4.3544,-8.1724
1508.000000,10,32.9387,182.7939,47.2366,5.2847,-6.9815
1508.000000,11,32.9387,183.0712,47.2937,5.0645,-8.0436
1508.000000,12,32.9387,183.2675,47.7125,5.2869,-7.9586
1508.000000,13,32.9387,183.4629,47.3617,4.7408,-8.1414
1508.000000,14,32.9387,183.6570,47.3829,4.5678,-7.2983
1508.000000,15,32.9387,182.7219,47.3270,5.4470,-7.8615
1508.000000,16,32.9387,183.0021,47.4091,5.2489,-8.0695
1508.000000,17,32.9387,183.2012,47.6775,5.3183,-7.3619
1508.000000,18,32.9387,183.3991,47.2264,4.6693,-6.8247
1508.000000,19,32.9387,183.5957,46.8414,4.0876,-5.5292
1508.000000,20,32.9387,182.6564,47.6055,5.7911,-6.4509
1508.000000,21,32.9387,182.9392,47.4459,5.3486,-6.0544
1508.000000,22,32.9387,183.1408,47.4778,5.1789,-4.5604
1508.000000,23,32.9387,183.3411,46.5888,4.0896,-3.4566
1508.000000,24,32.9387,183.5400,44.7682,2.0702,-3.1067
1509.000000,0,33.0093,183.0178,44.7387,2.5630,-2.5283
1509.000000,1,33.0093,183.2096,46.9982,4.6306,-3.1728
1509.000000,2,33.0093,183.4008,47.7101,5.1513,-4.7876
1509.000000,3,33.0093,183.5911,47.3405,4.5914,-6.6796
1509.000000,4,33.0093,183.7806,47.2116,4.2729,-7.4548
1509.000000,5,33.0093,182.9355,46.8879,4.7944,-4.7870
1509.000000,6,33.0093,183.1305,47.2013,4.9128,-6.6361
1509.000000,7,33.0093,183.3247,47.7051,5.2223,-7.2542
1509.000000,8,33.0093,183.5179,47.3784,4.7024,-8.1268
1509.000000,9,33.0093,183.7101,47.2640,4.3959,-8.1536
1509.000000,10,33.0093,182.7791,47.2415,5.3043,-6.9905
1509.000000,11,33.0093,183.0571,47.2895,5.0744,-8.0619
1509.000000,12,33.0093,183.2542,47.7125,5.3003,-7.9706
1509.000000,13,33.0093,183.4501,47.3581,4.7500,-8.1558
1509.000000,14,33.0093,183.6449,47.3867,4.5838,-7.3055
1509.000000,15,33.0093,182.7089,47.3552,5.4883,-7.8457
1509.000000,16,33.0093,182.9897,47.4115,5.2637,-8.0707
1509.000000,17,33.0093,183.1894,47.6715,5.3240,-7.3622
1509.000000,18,33.0093,183.3879,47.2059,4.6600,-6.8378
1509.000000,19,33.0093,183.5850,46.8251,4.0821,-5.5432
1509.000000,20,33.0093,182.6451,47.6263,5.8232,-6.3799
1509.000000,21,33.0093,182.9285,47.4369,5.3503,-6.0068
1509.000000,22,33.0093,183.1307,47.4471,5.1584,-4.5341
1509.000000,23,33.0093,183.3315,46.5521,4.0625,-3.4487
1509.000000,24,33.0093,183.5309,44.7399,2.0510,-3.1161
1510.000000,0,33.0780,183.0002,44.6992,2.5410,-2.5280
1510.000000,1,33.0780,183.1928,46.9688,4.6179,-3.1445
1510.000000,2,33.0780,183.3847,47.7060,5.1632,-4.7357
1510.000000,3,33.0780,183.5758,47.3483,4.6145,-6.6315
1510.000000,4,33.0780,183.7660,47.2607,4.3367,-7.3737
1510.000000,5,33.0780,182.9195,46.8677,4.7902,-4.7967
1510.000000,6,33.0780,183.1152,47.1832,4.9099,-6.6469
1510.000000,7,33.0780,183.3101,47.7021,5.2339,-7.2561
1510.000000,8,33.0780,183.5040,47.3811,4.7191,-8.1304
1510.000000,9,33.0780,183.6969,47.2913,4.4364,-8.1361
1510.000000,10,33.0780,182.7647,47.2465,5.3237,-7.0006
1510.000000,11,33.0780,183.0435,47.2854,5.0839,-8.0810
1510.000000,12,33.0780,183.2412,47.7125,5.3133,-7.9833
1510.000000,13,33.0780,183.4377,47.3545,4.7588,-8.1709
1510.000000,14,33.0780,183.6331,47.3906,4.5995,-7.3136
1510.000000,15,33.0780,182.6963,47.3825,5.5282,-7.8312
1510.000000,16,33.0780,182.9777,47.4136,5.2778,-8.0725
1510.000000,17,33.0780,183.1780,47.6649,5.3289,-7.3635
1510.000000,18,33.0780,183.3771,47.1847,4.6496,-6.8523
1510.000000,19,33.0780,183.5748,46.8088,4.0760,-5.5582
1510.000000,20,33.0780,182.6343,47.6440,5.8517,-6.3107
1510.000000,21,33.0780,182.9183,47.4262,5.3499,-5.9600
1510.000000,22,33.0780,183.1210,47.4144,5.1354,-4.5101
1510.000000,23,33.0780,183.3223,46.5145,4.0341,-3.4428
1510.000000,24,33.0780,183.5222,44.7118,2.0316,-3.1269
1511.000000,0,33.1448,182.9830,44.6594,2.5184,-2.5294
1511.000000,1,33.1448,183.1764,46.9382,4.6038,-3.1181
1511.000000,2,33.1448,183.3691,47.6997,5.1726,-4.6858
1511.000000,3,33.1448,183.5608,47.3548,4.6359,-6.5840
1511.000000,4,33.1448,183.7516,47.3076,4.3979,-7.2939
1511.000000,5,33.1448,182.9039,46.8472,4.7853,-4.8076
1511.000000,6,33.1448,183.1004,47.1642,4.9058,-6.6594
1511.000000,7,33.1448,183.2960,47.6986,5.2445,-7.2590
1511.000000,8,33.1448,183.4905,47.3837,4.7352,-8.1345
1511.000000,9,33.1448,183.6840,47.3180,4.4760,-8.1197
1511.000000,10,33.1448,182.7508,47.2517,5.3428,-7.0119
1511.000000,11,33.1448,183.0302,47.2813,5.0931,-8.1010
1511.000000,12,33.1448,183.2286,47.7125,5.3259,-7.9968
1511.000000,13,33.1448,183.4257,47.3510,4.7672,-8.1867
1511.000000,14,33.1448,183.6216,47.3946,4.6149,-7.3226
1511.000000,15,33.1448,182.6841,47.4089,5.5668,-7.8180
1511.000000,16,33.1448,182.9662,47.4155,5.2913,-8.0746
1511.000000,17,33.1448,183.1671,47.6579,5.3328,-7.3655
1511.000000,18,33.1448,183.3666,47.1627,4.6380,-6.8682
1511.000000,19,33.1448,183.5648,46.7925,4.0696,-5.5742
1511.000000,20,33.1448,182.6239,47.6586,5.8766,-6.2433
1511.000000,21,33.1448,182.9085,47.4139,5.3474,-5.9140
1511.000000,22,33.1448,183.1117,47.3796,5.1099,-4.4886
1511.000000,23,33.1448,183.3135,46.4761,4.0045,-3.4388
1511.000000,24,33.1448,183.5138,44.6838,2.0120,-3.1390
1512.000000,0,33.2096,182.9662,44.6195,2.4953,-2.5325
1512.000000,1,33.2096,183.1604,46.9064,4.5880,-3.0936
1512.000000,2,33.2096,183.3538,47.6914,5.1796,-4.6381
1512.000000,3,33.2096,183.5462,47.3600,4.6558,-6.5371
1512.000000,4,33.2096,183.7377,47.3522,4.4565,-7.2155
1512.000000,5,33.2096,182.8887,46.8266,4.7799,-4.8197
1512.000000,6,33.2096,183.0859,47.1442,4.9002,-6.6737
1512.000000,7,33.2096,183.2822,47.6945,5.2543,-7.2629
1512.000000,8,33.2096,183.4774,47.3862,4.7507,-8.1392
1512.000000,9,33.2096,183.6714,47.3440,4.5145,-8.1045
1512.000000,10,33.2096,182.7373,47.2570,5.3616,-7.0244
1512.000000,11,33.2096,183.0174,47.2772,5.1018,-8.1218
1512.000000,12,33.2096,183.2164,47.7125,5.3381,-8.0108
1512.000000,13,33.2096,183.4141,47.3474,4.7752,-8.2032
1512.000000,14,33.2096,183.6106,47.3986,4.6300,-7.3325
1512.000000,15,33.2096,182.6723,47.4343,5.6039,-7.8061
1512.000000,16,33.2096,182.9550,47.4171,5.3040,-8.0771
1512.000000,17,33.2096,183.1565,47.6503,5.3358,-7.3685
1512.000000,18,33.2096,183.3566,47.1400,4.6254,-6.8855
1512.000000,19,33.2096,183.5553,46.7760,4.0627,-5.5911
1512.000000,20,33.2096,182.6140,47.6699,5.8979,-6.1777
1512.000000,21,33.2096,182.8991,47.3999,5.3427,-5.8688
1512.000000,22,33.2096,183.1028,47.3428,5.0820,-4.4696
1512.000000,23,33.2096,183.3051,46.4368,3.9737,-3.4368
1512.000000,24,33.2096,183.5058,44.6560,1.9922,-3.1524
1513.000000,0,33.2725,182.9498,44.5795,2.4717,-2.5372
1513.000000,1,33.2725,183.1447,46.8734,4.5706,-3.0712
1513.000000,2,33.2725,183.3388,47.6808,5.1839,-4.5927
1513.000000,3,33.2725,183.5320,47.3639,4.6739,-6.4907
1513.000000,4,33.2725,183.7241,47.3946,4.5125,-7.1385
1513.000000,5,33.2725,182.7939,46.8058,4.8538,-4.8244
1513.000000,6,33.2725,183.0719,47.1232,4.8933,-6.6898
1513.000000,7,33.2725,183.2688,47.6899,5.2631,-7.2680
1513.000000,8,33.2725,183.4646,47.3884,4.7657,-8.1445
1513.000000,9,33.2725,183.6593,47.3694,4.5521,-8.0905
1513.000000,10,33.2725,182.7243,47.2624,5.3801,-7.0381
1513.000000,11,33.2725,183.0050,47.2731,5.1101,-8.1435
1513.000000,12,33.2725,183.2045,47.7125,5.3499,-8.0256
1513.000000,13,33.2725,183.4029,47.3438,4.7829,-8.2205
1513.000000,14,33.2725,183.5999,47.4027,4.6448,-7.3433
1513.000000,15,33.2725,182.6610,47.4586,5.6396,-7.7955
1513.000000,16,33.2725,182.9443,47.4185,5.3161,-8.0799
1513.000000,17,33.2725,183.1463,47.6422,5.3378,-7.3722
1513.000000,18,33.2725,183.3470,47.1166,4.6116,-6.9043
1513.000000,19,33.2725,183.5462,46.7596,4.0553,-5.6089
1513.000000,20,33.2725,182.6045,47.6780,5.9154,-6.1139
1513.000000,21,33.2725,182.8901,47.3842,5.3360,-5.8246
1513.000000,22,33.2725,183.0944,47.3039,5.0515,-4.4533
1513.000000,23,33.2725,183.2971,46.3967,3.9416,-3.4369
1513.000000,24,33.2725,183.4983,44.6285,1.9721,-3.1672
1514.000000,0,33.3333,182.9338,44.5393,2.4475,-2.5437
1514.000000,1,33.3333,183.1295,46.8392,4.5517,-3.0508
1514.000000,2,33.3333,183.3243,47.6680,5.1857,-4.5497
1514.000000,3,33.3333,183.5181,47.3664,4.6903,-6.4450
1514.000000,4,33.3333,183.7108,47.4345,4.5657,-7.0629
1514.000000,5,33.3333,182.7796,46.7848,4.8471,-4.8390
1514.000000,6,33.3333,183.0582,47.1013,4.8851,-6.7078
1514.000000,7,33.3333,183.2558,47.6847,5.2709,-7.2740
1514.000000,8,33.3333,183.4522,47.3904,4.7801,-8.1503
1514.000000,9,33.3333,183.6475,47.3940,4.5885,-8.0777
1514.000000,10,33.3333,182.7116,47.2679,5.3982,-7.0530
1514.000000,11,33.3333,182.9930,47.2691,5.1180,-8.1660
1514.000000,12,33.3333,183.1931,47.7125,5.3613,-8.0411
1514.000000,13,33.3333,183.3920,47.3403,4.7902,-8.2385
1514.000000,14,33.3333,183.5896,47.4069,4.6592,-7.3550
1514.000000,15,33.3333,182.6502,47.4820,5.6737,-7.7861
1514.000000,16,33.3333,182.9340,47.4195,5.3275,-8.0831
1514.000000,17,33.3333,183.1366,47.6336,5.3390,-7.3769
1514.000000,18,33.3333,183.3377,47.0924,4.5967,-6.9244
1514.000000,19,33.3333,183.5374,46.7430,4.0476,-5.6277
1514.000000,20,33.3333,182.5955,47.6828,5.9292,-6.0521
1514.000000,21,33.3333,182.8816,47.3668,5.3271,-5.7812
1514.000000,22,33.3333,183.0863,47.2629,5.0185,-4.4396
1514.000000,23,33.3333,183.2895,46.3558,3.9083,-3.4391
1514.000000,24,33.3333,183.4911,44.6011,1.9519,-3.1833
1515.000000,0,33.3921,182.9182,44.4990,2.4229,-2.5518
1515.000000,1,33.3921,183.1146,46.8038,4.5311,-3.0326
1515.000000,2,33.3921,183.3101,47.6529,5.1848,-4.5091
1515.000000,3,33.3921,183.5046,47.3675,4.7049,-6.4000
1515.000000,4,33.3921,183.6979,47.4720,4.6161,-6.9887
1515.000000,5,33.3921,182.7656,46.7636,4.8399,-4.8550
1515.000000,6,33.3921,183.0449,47.0784,4.8754,-6.7276
1515.000000,7,33.3921,183.2432,47.6790,5.2778,-7.2812
1515.000000,8,33.3921,183.4402,47.3922,4.7940,-8.1566
1515.000000,9,33.3921,183.6360,47.4179,4.6239,-8.0660
1515.000000,10,33.3921,182.6994,47.2735,5.4161,-7.0691
1515.000000,11,33.3921,182.9814,47.2650,5.1256,-8.1893
1515.000000,12,33.3921,183.1822,47.7125,5.3723,-8.0572
1515.000000,13,33.3921,183.3816,47.3367,4.7971,-8.2573
1515.000000,14,33.3921,183.5797,47.4111,4.6734,-7.3677
1515.000000,15,33.3921,182.6398,47.5043,5.7064,-7.7780
1515.000000,16,33.3921,182.9242,47.4203,5.3381,-8.0866
1515.000000,17,33.3921,183.1273,47.6244,5.3391,-7.3824
1515.000000,18,33.3921,183.3289,47.0676,4.5806,-6.9460
1515.000000,19,33.3921,183.5290,46.7265,4.0394,-5.6475
1515.000000,20,33.3921,182.5870,47.6842,5.9392,-5.9921
1515.000000,21,33.3921,182.7936,47.3477,5.3960,-5.7326
1515.000000,22,33.3921,183.0787,47.2198,4.9831,-4.4286
1515.000000,23,33.3921,183.2823,46.3141,3.8738,-3.4434
1515.000000,24,33.3921,183.4843,44.5740,1.9316,-3.2007
1516.000000,0,33.4488,182.9030,44.4587,2.3977,-2.5616
1516.000000,1,33.4488,183.1001,46.7671,4.5089,-3.0166
1516.000000,2,33.4488,183.2963,47.6355,5.1812,-4.4710
1516.000000,3,33.4488,183.4914,47.3671,4.7177,-6.3556
1516.000000,4,33.4488,183.6854,47.5070,4.6636,-6.9161
1516.000000,5,33.4488,182.7521,46.7422,4.8321,-4.8723
1516.000000,6,33.4488,183.0321,47.0545,4.8643,-6.7493
1516.000000,7,33.4488,183.2310,47.6727,5.2837,-7.2894
1516.000000,8,33.4488,183.4286,47.3938,4.8072,-8.1634
1516.000000,9,33.4488,183.6249,47.4411,4.6581,-8.0556
1516.000000,10,33.4488,182.6877,47.2793,5.4336,-7.0865
1516.000000,11,33.4488,182.9702,47.2610,5.1327,-8.2134
1516.000000,12,33.4488,183.1716,47.7125,5.3829,-8.0740
1516.000000,13,33.4488,183.3716,47.3332,4.8036,-8.2768
1516.000000,14,33.4488,183.5701,47.4153,4.6872,-7.3813
1516.000000,15,33.4488,182.6299,47.5254,5.7375,-7.7710
1516.000000,16,33.4488,182.9148,47.4209,5.3480,-8.0904
1516.000000,17,33.4488,183.1184,47.6148,5.3383,-7.3887
1516.000000,18,33.4488,183.3205,47.0419,4.5634,-6.9691
1516.000000,19,33.4488,183.5211,46.7099,4.0309,-5.6683
1516.000000,20,33.4488,182.5789,47.6823,5.9453,-5.9341
1516.000000,21,33.4488,182.7860,47.3268,5.3828,-5.6910
1516.000000,22,33.4488,183.0716,47.1746,4.9450,-4.4203
1516.000000,23,33.4488,183.2756,46.2717,3.8381,-3.4498
1516.000000,24,33.4488,183.4779,44.5471,1.9111,-3.2195
1517.000000,0,33.5034,182.8882,44.4184,2.3721,-2.5731
1517.000000,1,33.5034,183.0860,46.7292,4.4851,-3.0029
1517.000000,2,33.5034,183.2829,47.6157,5.1748,-4.4356
1517.000000,3,33.5034,183.4786,47.3653,4.7286,-6.3118
1517.000000,4,33.5034,183.6732,47.5394,4.7082,-6.8449
1517.000000,5,33.5034,182.7391,46.7207,4.8236,-4.8909
1517.000000,6,33.5034,183.0197,47.0296,4.8519,-6.7729
1517.000000,7,33.5034,183.2191,47.6658,5.2887,-7.2987
1517.000000,8,33.5034,183.4174,47.3952,4.8198,-8.1707
1517.000000,9,33.5034,183.6142,47.4634,4.6911,-8.0463
1517.000000,10,33.5034,182.6764,47.2851,5.4507,-7.1051
1517.000000,11,33.5034,182.9595,47.2570,5.1394,-8.2383
1517.000000,12,33.5034,183.1614,47.7125,5.3930,-8.0914
1517.000000,13,33.5034,183.3619,47.3296,4.8097,-8.2970
1517.000000,14,33.5034,183.5609,47.4196,4.7006,-7.3959
1517.000000,15,33.5034,182.6204,47.5455,5.7670,-7.7653
1517.000000,16,33.5034,182.9058,47.4211,5.3572,-8.0945
1517.000000,17,33.5034,183.1099,47.6045,5.3366,-7.3959
1517.000000,18,33.5034,183.3125,47.0508,4.5803,-6.9513
1517.000000,19,33.5034,183.5135,46.6934,4.0219,-5.6901
1517.000000,20,33.5034,182.5713,47.6770,5.9476,-5.8782
1517.000000,21,33.5034,182.7788,47.3043,5.3674,-5.6505
1517.000000,22,33.5034,183.0648,47.1273,4.9044,-4.4150
1517.000000,23,33.5034,183.2692,46.2284,3.8012,-3.4584
1517.000000,24,33.5034,183.4720,44.5205,1.8904,-3.2395
1518.000000,0,33.5559,182.7938,44.3780,2.4261,-2.5607
1518.000000,1,33.5559,183.0724,46.6901,4.4597,-2.9915
1518.000000,2,33.5559,183.2699,47.5935,5.1656,-4.4030
1518.000000,3,33.5559,183.4662,47.3677,4.7434,-6.2617
1518.000000,4,33.5559,183.6614,47.5692,4.7498,-6.7753
1518.000000,5,33.5559,182.7264,46.6991,4.8147,-4.9110
1518.000000,6,33.5559,183.0077,47.0037,4.8380,-6.7985
1518.000000,7,33.5559,183.2077,47.6584,5.2926,-7.3091
1518.000000,8,33.5559,183.4065,47.3964,4.8319,-8.1784
1518.000000,9,33.5559,183.6039,47.4850,4.7230,-8.0383
1518.000000,10,33.5559,182.6655,47.2911,5.4675,-7.1249
1518.000000,11,33.5559,182.9492,47.2530,5.1457,-8.2640
1518.000000,12,33.5559,183.1516,47.7125,5.4028,-8.1094
1518.000000,13,33.5559,183.3526,47.3261,4.8155,-8.3179
1518.000000,14,33.5559,183.5522,47.4239,4.7137,-7.4115
1518.000000,15,33.5559,182.6114,47.5644,5.7950,-7.7607
1518.000000,16,33.5559,182.8973,47.4210,5.3656,-8.0989
1518.000000,17,33.5559,183.1018,47.5938,5.3339,-7.4040
1518.000000,18,33.5559,183.3049,47.0666,4.6037,-6.9258
1518.000000,19,33.5559,183.5063,46.6768,4.0125,-5.7129
1518.000000,20,33.5559,182.5642,47.6681,5.9459,-5.8242
1518.000000,21,33.5559,182.7721,47.2799,5.3497,-5.6110
1518.000000,22,33.5559,183.0585,47.0779,4.8613,-4.4125
1518.000000,23,33.5559,183.2633,46.1844,3.7631,-3.4691
1518.000000,24,33.5559,183.4664,44.4941,1.8697,-3.2609
1519.000000,0,33.6063,182.7799,44.3376,2.3997,-2.5755
1519.000000,1,33.6063,183.0591,46.6497,4.4325,-2.9825
1519.000000,2,33.6063,183.2573,47.5689,5.1536,-4.3731
1519.000000,3,33.6063,183.4542,47.3728,4.7606,-6.2070
1519.000000,4,33.6063,183.6499,47.5963,4.7883,-6.7072
1519.000000,5,33.6063,182.7142,46.6774,4.8051,-4.9324
1519.000000,6,33.6063,182.9961,46.9768,4.8227,-6.8259
1519.000000,7,33.6063,183.1967,47.6503,5.2956,-7.3205
1519.000000,8,33.6063,183.3960,47.3974,4.8433,-8.1866
1519.000000,9,33.6063,183.5940,47.5057,4.7537,-8.0313
1519.000000,10,33.6063,182.6551,47.2971,5.4840,-7.1460
1519.000000,11,33.6063,182.9394,47.2491,5.1516,-8.2905
1519.000000,12,33.6063,183.1423,47.7125,5.4121,-8.1281
1519.000000,13,33.6063,183.3438,47.3226,4.8208,-8.3395
1519.000000,14,33.6063,183.5438,47.4283,4.7265,-7.4280
1519.000000,15,33.6063,182.6028,47.5821,5.8212,-7.7572
1519.000000,16,33.6063,182.8893,47.4206,5.3733,-8.1035
1519.000000,17,33.6063,183.0942,47.5825,5.3302,-7.4129
1519.000000,18,33.6063,183.2977,47.0821,4.6264,-6.9014
1519.000000,19,33.6063,183.4995,46.6602,4.0027,-5.7368
1519.000000,20,33.6063,182.5576,47.6558,5.9402,-5.7723
1519.000000,21,33.6063,182.7659,47.2538,5.3299,-5.5726
1519.000000,22,33.6063,183.0527,47.0263,4.8156,-4.4130
1519.000000,23,33.6063,183.2578,46.1397,3.7239,-3.4821
1519.000000,24,33.6063,183.4612,44.4681,1.8489,-3.2835
1520.000000,0,33.6545,182.7664,44.2972,2.3728,-2.5918
1520.000000,1,33.6545,183.0462,46.6081,4.4038,-2.9759
1520.000000,2,33.6545,183.2450,47.5418,5.1387,-4.3461
1520.000000,3,33.6545,183.4426,47.3741,4.7735,-6.1559
1520.000000,4,33.6545,183.6388,47.6206,4.8237,-6.6408
1520.000000,5,33.6545,182.7024,46.6555,4.7950,-4.9553
1520.000000,6,33.6545,182.9849,46.9489,4.8059,-6.8554
1520.000000,7,33.6545,183.1861,47.6417,5.2976,-7.3330
1520.000000,8,33.6545,183.3860,47.3981,4.8541,-8.1952
1520.000000,9,33.6545,183.5844,47.5255,4.7831,-8.0255
1520.000000,10,33.6545,182.6451,47.3033,5.5001,-7.1683
1520.000000,11,33.6545,182.9299,47.2451,5.1571,-8.3176
1520.000000,12,33.6545,183.1334,47.7125,5.4210,-8.1474
1520.000000,13,33.6545,183.3353,47.3192,4.8258,-8.3618
1520.000000,14,33.6545,183.5358,47.4327,4.7389,-7.4455
1520.000000,15,33.6545,182.5947,47.5986,5.8458,-7.7549
1520.000000,16,33.6545,182.8016,47.4200,5.4603,-8.1048
1520.000000,17,33.6545,183.0870,47.5707,5.3256,-7.4227
1520.000000,18,33.6545,183.2909,47.0972,4.6483,-6.8780
1520.000000,19,33.6545,183.4931,46.6437,3.9926,-5.7617
1520.000000,20,33.6545,182.5514,47.6400,5.9306,-5.7226
1520.000000,21,33.6545,182.7601,47.2260,5.3078,-5.5354
1520.000000,22,33.6545,183.0473,46.9727,4.7674,-4.4165
1520.000000,23,33.6545,183.2527,46.0943,3.6835,-3.4972
1520.000000,24,33.6545,183.4565,44.4424,1.8279,-3.3074
1521.000000,0,33.7005,182.7533,44.2569,2.3456,-2.6098
1521.000000,1,33.7005,183.0338,46.5652,4.3734,-2.9719
1521.000000,2,33.7005,183.2332,47.5121,5.1209,-4.3222
1521.000000,3,33.7005,183.4313,47.3714,4.7820,-6.1084
1521.000000,4,33.7005,183.6281,47.6421,4.8559,-6.5759
1521.000000,5,33.7005,182.6911,46.6336,4.7844,-4.9797
1521.000000,6,33.7005,182.9741,46.9199,4.7878,-6.8868
1521.000000,7,33.7005,183.1759,47.6325,5.2985,-7.3465
1521.000000,8,33.7005,183.3763,47.3986,4.8642,-8.2041
1521.000000,9,33.7005,183.5752,47.5445,4.8112,-8.0209
1521.000000,10,33.7005,182.6356,47.3095,5.5158,-7.1919
1521.000000,11,33.7005,182.9210,47.2413,5.1623,-8.3455
1521.000000,12,33.7005,183.1249,47.7125,5.4295,-8.1672
1521.000000,13,33.7005,183.3273,47.3157,4.8304,-8.3849
1521.000000,14,33.7005,183.5282,47.4372,4.7510,-7.4641
1521.000000,15,33.7005,182.5871,47.6139,5.8687,-7.7536
1521.000000,16,33.7005,182.7944,47.4190,5.4665,-8.1098
1521.000000,17,33.7005,183.0803,47.5584,5.3200,-7.4334
1521.000000,18,33.7005,183.2845,47.1119,4.6694,-6.8559
1521.000000,19,33.7005,183.4871,46.6272,3.9821,-5.7877
1521.000000,20,33.7005,182.5457,47.6207,5.9169,-5.6750
1521.000000,21,33.7005,182.7548,47.1963,5.2835,-5.4993
1521.000000,22,33.7005,183.0423,46.9169,4.7165,-4.4230
1521.000000,23,33.7005,183.2481,46.0481,3.6420,-3.5147
1521.000000,24,33.7005,183.4521,44.4171,1.8069,-3.3325
1522.000000,0,33.7443,182.7406,44.2167,2.3180,-2.6293
1522.000000,1,33.7443,183.0218,46.5211,4.3413,-2.9704
1522.000000,2,33.7443,183.2218,47.4799,5.1001,-4.3013
1522.000000,3,33.7443,183.4205,47.3647,4.7862,-6.0646
1522.000000,4,33.7443,183.6178,47.6607,4.8849,-6.5128
1522.000000,5,33.7443,182.6802,46.6115,4.7733,-5.0056
1522.000000,6,33.7443,182.9638,46.8900,4.7682,-6.9203
1522.000000,7,33.7443,183.1661,47.6226,5.2985,-7.3612
1522.000000,8,33.7443,183.3670,47.3988,4.8737,-8.2135
1522.000000,9,33.7443,183.5664,47.5626,4.8381,-8.0173
1522.000000,10,33.7443,182.6266,47.3158,5.5312,-7.2166
1522.000000,11,33.7443,182.9124,47.2374,5.1669,-8.3741
1522.000000,12,33.7443,183.1168,47.7125,5.4376,-8.1877
1522.000000,13,33.7443,183.3197,47.3123,4.8346,-8.4086
1522.000000,14,33.7443,183.5209,47.4416,4.7627,-7.4836
1522.000000,15,33.7443,182.5800,47.6279,5.8899,-7.7533
1522.000000,16,33.7443,182.7877,47.4177,5.4719,-8.1150
1522.000000,17,33.7443,183.0739,47.5455,5.3135,-7.4449
1522.000000,18,33.7443,183.2785,47.1262,4.6896,-6.8349
1522.000000,19,33.7443,183.4815,46.6107,3.9712,-5.8148
1522.000000,20,33.7443,182.5405,47.5977,5.8992,-5.6296
1522.000000,21,33.7443,182.7499,47.1649,5.2570,-5.4644
1522.000000,22,33.7443,183.0377,46.8589,4.6632,-4.4327
1522.000000,23,33.7443,183.2438,46.0013,3.5994,-3.5343
1522.000000,24,33.7443,183.4481,44.3921,1.7859,-3.3589
1523.000000,0,33.7859,182.7284,44.1765,2.2901,-2.6504
1523.000000,1,33.7859,183.0102,46.4758,4.3076,-2.9715
1523.000000,2,33.7859,183.2107,47.4451,5.0764,-4.2837
1523.000000,3,33.7859,183.4100,47.3540,4.7860,-6.0247
1523.000000,4,33.7859,183.6078,47.6765,4.9106,-6.4513
1523.000000,5,33.7859,182.6698,46.5894,4.7616,-5.0331
1523.000000,6,33.7859,182.9540,46.8635,4.7515,-6.9505
1523.000000,7,33.7859,183.1568,47.6122,5.2974,-7.3768
1523.000000,8,33.7859,183.3582,47.3988,4.8826,-8.2232
1523.000000,9,33.7859,183.5580,47.5797,4.8636,-8.0148
1523.000000,10,33.7859,182.6180,47.3222,5.5461,-7.2426
1523.000000,11,33.7859,182.9043,47.2336,5.1712,-8.4034
1523.000000,12,33.7859,183.1092,47.7125,5.4453,-8.2087
1523.000000,13,33.7859,183.3124,47.3089,4.8384,-8.4330
1523.000000,14,33.7859,183.5141,47.4462,4.7740,-7.5042
1523.000000,15,33.7859,182.5733,47.6407,5.9094,-7.7540
1523.000000,16,33.7859,182.7814,47.4161,5.4766,-8.1204
1523.000000,17,33.7859,183.0681,47.5321,5.3060,-7.4573
1523.000000,18,33.7859,183.2730,47.1400,4.7090,-6.8152
1523.000000,19,33.7859,183.4763,46.5942,3.9600,-5.8430
1523.000000,20,33.7859,182.5358,47.5712,5.8774,-5.5865
1523.000000,21,33.7859,182.7455,47.1318,5.2282,-5.4308
1523.000000,22,33.7859,183.0336,46.7989,4.6072,-4.4456
1523.000000,23,33.7859,183.2400,45.9538,3.5557,-3.5562
1523.000000,24,33.7859,183.4446,44.3674,1.7648,-3.3865
1524.000000,0,33.8252,182.7166,44.1365,2.2619,-2.6729
1524.000000,1,33.8252,182.9990,46.4292,4.2722,-2.9753
1524.000000,2,33.8252,183.2001,47.4077,5.0496,-4.2693
1524.000000,3,33.8252,183.3999,47.3391,4.7812,-5.9887
1524.000000,4,33.8252,183.5982,47.6892,4.9330,-6.3915
1524.000000,5,33.8252,182.6598,46.5672,4.7494,-5.0621
1524.000000,6,33.8252,182.9445,46.8551,4.7526,-6.9597
1524.000000,7,33.8252,183.1478,47.6011,5.2953,-7.3935
1524.000000,8,33.8252,183.3497,47.3985,4.8908,-8.2331
1524.000000,9,33.8252,183.5500,47.5958,4.8878,-8.0134
1524.000000,10,33.8252,182.6099,47.3287,5.5607,-7.2697
1524.000000,11,33.8252,182.8967,47.2298,5.1751,-8.4333
1524.000000,12,33.8252,183.1019,47.7125,5.4525,-8.2303
1524.000000,13,33.8252,183.3056,47.3055,4.8419,-8.4580
1524.000000,14,33.8252,183.5077,47.4507,4.7850,-7.5257
1524.000000,15,33.8252,182.5671,47.6522,5.9271,-7.7556
1524.000000,16,33.8252,182.7756,47.4141,5.4805,-8.1259
1524.000000,17,33.8252,183.0626,47.5182,5.2975,-7.4705
1524.000000,18,33.8252,183.2679,47.1534,4.7275,-6.7968
1524.000000,19,33.8252,183.4715,46.5779,3.9484,-5.8723
1524.000000,20,33.8252,182.5315,47.5410,5.8515,-5.5457
1524.000000,21,33.8252,182.7416,47.0968,5.1972,-5.3986
1524.000000,22,33.8252,183.0300,46.7367,4.5487,-4.4617
1524.000000,23,33.8252,183.2366,45.9056,3.5109,-3.5804
1524.000000,24,33.8252,183.4415,44.3432,1.7437,-3.4153
1525.000000,0,33.8623,182.7052,44.0967,2.2334,-2.6969
1525.000000,1,33.8623,182.9882,46.3815,4.2352,-2.9818
1525.000000,2,33.8623,183.1899,47.3677,5.0198,-4.2582
1525.000000,3,33.8623,183.3902,47.3201,4.7719,-5.9568
1525.000000,4,33.8623,183.5890,47.6990,4.9519,-6.3334
1525.000000,5,33.8623,182.6503,46.5450,4.7367,-5.0928
1525.000000,6,33.8623,182.9355,46.8682,4.7747,-6.9440
1525.000000,7,33.8623,183.1393,47.5895,5.2922,-7.4113
1525.000000,8,33.8623,183.3416,47.3980,4.8983,-8.2434
1525.000000,9,33.8623,183.5423,47.6110,4.9107,-8.0130
1525.000000,10,33.8623,182.6023,47.3352,5.5749,-7.2981
1525.000000,11,33.8623,182.8895,47.2326,5.1851,-8.4564
1525.000000,12,33.8623,183.0951,47.7125,5.4593,-8.2524
1525.000000,13,33.8623,183.2992,47.3022,4.8449,-8.4837
1525.000000,14,33.8623,183.5016,47.4553,4.7956,-7.5483
1525.000000,15,33.8623,182.5613,47.6624,5.9430,-7.7581
1525.000000,16,33.8623,182.7703,47.4119,5.4836,-8.1315
1525.000000,17,33.8623,183.0576,47.5037,5.2881,-7.4846
1525.000000,18,33.8623,183.2632,47.1664,4.7452,-6.7797
1525.000000,19,33.8623,183.4671,46.5616,3.9365,-5.9028
1525.000000,20,33.8623,182.5277,47.5072,5.8214,-5.5072
1525.000000,21,33.8623,182.7381,47.0601,5.1640,-5.3677
1525.000000,22,33.8623,183.0268,46.6725,4.4877,-4.4810
1525.000000,23,33.8623,183.2337,45.8568,3.4651,-3.6069
1525.000000,24,33.8623,183.4387,44.3194,1.7226,-3.4452
1526.000000,0,33.8971,182.6943,44.0571,2.2047,-2.7224
1526.000000,1,33.8971,182.9779,46.3325,4.1966,-2.9910
1526.000000,2,33.8971,183.1801,47.3250,4.9869,-4.2507
1526.000000,3,33.8971,183.3809,47.2968,4.7579,-5.9290
1526.000000,4,33.8971,183.5802,47.7056,4.9674,-6.2771
1526.000000,5,33.8971,182.6412,46.5228,4.7236,-5.1252
1526.000000,6,33.8971,182.9269,46.8915,4.8065,-6.9171
1526.000000,7,33.8971,183.1312,47.5772,5.2880,-7.4300
1526.000000,8,33.8971,183.3340,47.3972,4.9052,-8.2539
1526.000000,9,33.8971,183.5351,47.6252,4.9321,-8.0136
1526.000000,10,33.8971,182.5951,47.3418,5.5887,-7.3275
1526.000000,11,33.8971,182.8027,47.2388,5.2781,-8.4728
1526.000000,12,33.8971,183.0888,47.7125,5.4656,-8.2750
1526.000000,13,33.8971,183.2932,47.2989,4.8476,-8.5101
1526.000000,14,33.8971,183.4960,47.4598,4.8058,-7.5718
1526.000000,15,33.8971,182.5561,47.6712,5.9571,-7.7616
1526.000000,16,33.8971,182.7654,47.4093,5.4859,-8.1372
1526.000000,17,33.8971,183.0530,47.4887,5.2777,-7.4995
1526.000000,18,33.8971,183.2589,47.1789,4.7619,-6.7640
1526.000000,19,33.8971,183.4631,46.5453,3.9242,-5.9344
1526.000000,20,33.8971,182.5245,47.4698,5.7873,-5.4712
1526.000000,21,33.8971,182.7351,47.0217,5.1286,-5.3382
1526.000000,22,33.8971,183.0240,46.6062,4.4241,-4.5037
1526.000000,23,33.8971,183.2311,45.8075,3.4183,-3.6356
1526.000000,24,33.8971,183.4364,44.2960,1.7015,-3.4763
1527.000000,0,33.9296,182.6839,44.0176,2.1757,-2.7492
1527.000000,1,33.9296,182.9680,46.2823,4.1563,-3.0030
1527.000000,2,33.9296,183.1707,47.2796,4.9509,-4.2466
1527.000000,3,33.9296,183.3720,47.2693,4.7392,-5.9054
1527.000000,4,33.9296,183.5718,47.7092,4.9794,-6.2226
1527.000000,5,33.9296,182.6326,46.5006,4.7099,-5.1593
1527.000000,6,33.9296,182.9188,46.9142,4.8374,-6.8917
1527.000000,7,33.9296,183.1235,47.5644,5.2828,-7.4498
1527.000000,8,33.9296,183.3267,47.3962,4.9114,-8.2647
1527.000000,9,33.9296,183.5282,47.6384,4.9521,-8.0152
1527.000000,10,33.9296,182.5884,47.3485,5.6021,-7.3580
1527.000000,11,33.9296,182.7964,47.2448,5.2904,-8.4936
1527.000000,12,33.9296,183.0829,47.7125,5.4716,-8.2981
1527.000000,13,33.9296,183.2877,47.2978,4.8520,-8.5345
1527.000000,14,33.9296,183.4908,47.4644,4.8156,-7.5963
1527.000000,15,33.9296,182.5513,47.6787,5.9694,-7.7658
1527.000000,16,33.9296,182.7609,47.4064,5.4875,-8.1430
1527.000000,17,33.9296,183.0489,47.4733,5.2664,-7.5153
1527.000000,18,33.9296,183.2551,47.1909,4.7778,-6.7497
1527.000000,19,33.9296,183.4595,46.5292,3.9116,-5.9673
1527.000000,20,33.9296,182.5217,47.4287,5.7490,-5.4376
1527.000000,21,33.9296,182.7325,46.9815,5.0909,-5.3102
1527.000000,22,33.9296,183.0217,46.5377,4.3580,-4.5297
1527.000000,23,33.9296,183.2290,45.7576,3.3705,-3.6667
1527.000000,24,33.9296,183.4345,44.2730,1.6805,-3.5084
1528.000000,0,33.9598,182.6739,43.9785,2.1466,-2.7773
1528.000000,1,33.9598,182.9585,46.2309,4.1144,-3.0178
1528.000000,2,33.9598,183.1617,47.2315,4.9117,-4.2462
1528.000000,3,33.9598,183.3635,47.2403,4.7188,-5.8824
1528.000000,4,33.9598,183.5637,47.7096,4.9879,-6.1700
1528.000000,5,33.9598,182.6245,46.4784,4.6959,-5.1951
1528.000000,6,33.9598,182.9111,46.9365,4.8673,-6.8678
1528.000000,7,33.9598,183.1163,47.5509,5.2766,-7.4706
1528.000000,8,33.9598,183.3199,47.3948,4.9169,-8.2757
1528.000000,9,33.9598,183.5218,47.6506,4.9707,-8.0177
1528.000000,10,33.9598,182.5821,47.3552,5.6150,-7.3897
1528.000000,11,33.9598,182.7905,47.2506,5.3020,-8.5152
1528.000000,12,33.9598,183.0774,47.7125,5.4771,-8.3216
1528.000000,13,33.9598,183.2825,47.3031,4.8625,-8.5522
1528.000000,14,33.9598,183.4859,47.4690,4.8251,-7.6218
1528.000000,15,33.9598,182.5470,47.6849,5.9798,-7.7709
1528.000000,16,33.9598,182.7569,47.4032,5.4882,-8.1488
1528.000000,17,33.9598,183.0452,47.4573,5.2541,-7.5320
1528.000000,18,33.9598,183.2516,47.2025,4.7928,-6.7369
1528.000000,19,33.9598,183.4563,46.5131,3.8988,-6.0013
1528.000000,20,33.9598,182.5194,47.3839,5.7065,-5.4065
1528.000000,21,33.9598,182.7305,46.9395,5.0510,-5.2838
1528.000000,22,33.9598,183.0198,46.4672,4.2894,-4.5591
1528.000000,23,33.9598,183.2273,45.7071,3.3217,-3.7000
1528.000000,24,33.9598,183.4330,44.2505,1.6595,-3.5417
1529.000000,0,33.9877,182.6643,43.9396,2.1172,-2.8067
1529.000000,1,33.9877,182.9495,46.1784,4.0709,-3.0354
1529.000000,2,33.9877,183.1532,47.1807,4.8694,-4.2495
1529.000000,3,33.9877,183.3554,47.2189,4.7054,-5.8488
1529.000000,4,33.9877,183.5560,47.7068,4.9927,-6.1192
1529.000000,5,33.9877,182.6168,46.4562,4.6813,-5.2327
1529.000000,6,33.9877,182.9039,46.9582,4.8963,-6.8455
1529.000000,7,33.9877,183.1095,47.5368,5.2693,-7.4924
1529.000000,8,33.9877,183.3134,47.3933,4.9218,-8.2868
1529.000000,9,33.9877,183.5157,47.6617,4.9879,-8.0211
1529.000000,10,33.9877,182.5764,47.3619,5.6275,-7.4223
1529.000000,11,33.9877,182.7851,47.2561,5.3130,-8.5376
1529.000000,12,33.9877,183.0723,47.7125,5.4821,-8.3456
1529.000000,13,33.9877,183.2778,47.3083,4.8724,-8.5708
1529.000000,14,33.9877,183.4815,47.4737,4.8341,-7.6483
1529.000000,15,33.9877,182.5432,47.6897,5.9885,-7.7766
1529.000000,16,33.9877,182.7534,47.3997,5.4882,-8.1547
1529.000000,17,33.9877,183.0419,47.4465,5.2466,-7.5428
1529.000000,18,33.9877,183.2486,47.2135,4.8068,-6.7256
1529.000000,19,33.9877,183.4535,46.4972,3.8856,-6.0366
1529.000000,20,33.9877,182.5175,47.3354,5.6599,-5.3781
1529.000000,21,33.9877,182.7288,46.8959,5.0090,-5.2590
1529.000000,22,33.9877,183.0184,46.3947,4.2183,-4.5919
1529.000000,23,33.9877,183.2261,45.6561,3.2720,-3.7355
1529.000000,24,33.9877,183.4319,44.2285,1.6386,-3.5760
1530.000000,0,34.0132,182.6552,43.9010,2.0877,-2.8373
1530.000000,1,34.0132,182.9409,46.1247,4.0258,-3.0560
1530.000000,2,34.0132,183.1451,47.1271,4.8240,-4.2566
1530.000000,3,34.0132,183.3477,47.1956,4.6899,-5.8163
1530.000000,4,34.0132,183.5488,47.7008,4.9940,-6.0703
1530.000000,5,34.0132,182.6096,46.4340,4.6664,-5.2722
1530.000000,6,34.0132,182.8971,46.9794,4.9243,-6.8250
1530.000000,7,34.0132,183.1031,47.5222,5.2611,-7.5152
1530.000000,8,34.0132,183.3074,47.3914,4.9260,-8.2981
1530.000000,9,34.0132,183.5101,47.6717,5.0036,-8.0254
1530.000000,10,34.0132,182.5711,47.3687,5.6396,-7.4559
1530.000000,11,34.0132,182.7802,47.2615,5.3233,-8.5608
1530.000000,12,34.0132,183.0677,47.7125,5.4867,-8.3700
1530.000000,13,34.0132,183.2735,47.3132,4.8817,-8.5903
1530.000000,14,34.0132,183.4775,47.4783,4.8428,-7.6757
1530.000000,15,34.0132,182.5399,47.6932,5.9952,-7.7832
1530.000000,16,34.0132,182.7504,47.3958,5.4874,-8.1606
1530.000000,17,34.0132,183.0391,47.4756,5.2785,-7.5070
1530.000000,18,34.0132,183.2461,47.2241,4.8200,-6.7158
1530.000000,19,34.0132,183.4512,46.4813,3.8721,-6.0732
1530.000000,20,34.0132,182.5162,47.2833,5.6091,-5.3523
1530.000000,21,34.0132,182.7277,46.8505,4.9648,-5.2359
1530.000000,22,34.0132,183.0174,46.3201,4.1447,-4.6282
1530.000000,23,34.0132,183.2253,45.6046,3.2213,-3.7734
1530.000000,24,34.0132,183.4312,44.2070,1.6177,-3.6114
1531.000000,0,34.0364,182.6466,43.8627,2.0581,-2.8691
1531.000000,1,34.0364,182.9327,46.0699,3.9792,-3.0794
1531.000000,2,34.0364,183.1373,47.0707,4.7753,-4.2675
1531.000000,3,34.0364,183.3404,47.1707,4.6722,-5.7850
1531.000000,4,34.0364,183.5419,47.6915,4.9916,-6.0234
1531.000000,5,34.0364,182.6028,46.4119,4.6510,-5.3136
1531.000000,6,34.0364,182.8907,47.0001,4.9513,-6.8061
1531.000000,7,34.0364,183.0971,47.5069,5.2518,-7.5390
1531.000000,8,34.0364,183.3018,47.3893,4.9294,-8.3096
1531.000000,9,34.0364,183.5048,47.6807,5.0178,-8.0304
1531.000000,10,34.0364,182.5663,47.3756,5.6513,-7.4905
1531.000000,11,34.0364,182.7757,47.2666,5.3329,-8.5847
1531.000000,12,34.0364,183.0635,47.7125,5.4909,-8.3949
1531.000000,13,34.0364,183.2696,47.3179,4.8903,-8.6105
1531.000000,14,34.0364,183.4739,47.4830,4.8511,-7.7040
1531.000000,15,34.0364,182.5371,47.6952,6.0001,-7.7903
1531.000000,16,34.0364,182.7478,47.3916,5.4858,-8.1664
1531.000000,17,34.0364,183.0367,47.5031,5.3083,-7.4733
1531.000000,18,34.0364,183.2439,47.2341,4.8322,-6.7076
1531.000000,19,34.0364,183.4492,46.4656,3.8584,-6.1111
1531.000000,20,34.0364,182.5154,47.2275,5.5541,-5.3293
1531.000000,21,34.0364,182.7270,46.8034,4.9184,-5.2146
1531.000000,22,34.0364,183.0169,46.2436,4.0687,-4.6681
1531.000000,23,34.0364,183.2249,45.5527,3.1698,-3.8135
1531.000000,24,34.0364,183.4310,44.1860,1.5970,-3.6477
1532.000000,0,34.0572,182.6384,43.8248,2.0284,-2.9020
1532.000000,1,34.0572,182.9250,46.0140,3.9310,-3.1058
1532.000000,2,34.0572,183.1301,47.0116,4.7235,-4.2824
1532.000000,3,34.0572,183.3336,47.1439,4.6523,-5.7548
1532.000000,4,34.0572,183.5354,47.6790,4.9855,-5.9785
1532.000000,5,34.0572,182.5965,46.3898,4.6353,-5.3570
1532.000000,6,34.0572,182.8049,47.0202,5.0573,-6.7837
1532.000000,7,34.0572,183.0916,47.4910,5.2414,-7.5638
1532.000000,8,34.0572,183.2966,47.3869,4.9322,-8.3211
1532.000000,9,34.0572,183.4999,47.6885,5.0306,-8.0363
1532.000000,10,34.0572,182.5619,47.3824,5.6625,-7.5260
1532.000000,11,34.0572,182.7717,47.2715,5.3418,-8.6094
1532.000000,12,34.0572,183.0598,47.7125,5.4946,-8.4201
1532.000000,13,34.0572,183.2661,47.3225,4.8983,-8.6316
1532.000000,14,34.0572,183.4706,47.4876,4.8589,-7.7332
1532.000000,15,34.0572,182.5347,47.6959,6.0031,-7.7981
1532.000000,16,34.0572,182.7456,47.3871,5.4834,-8.1723
1532.000000,17,34.0572,183.0348,47.5289,5.3361,-7.4418
1532.000000,18,34.0572,183.2422,47.2436,4.8434,-6.7010
1532.000000,19,34.0572,183.4477,46.4500,3.8443,-6.1503
1532.000000,20,34.0572,182.5150,47.1680,5.4950,-5.3090
1532.000000,21,34.0572,182.7268,46.7547,4.8699,-5.1951
1532.000000,22,34.0572,183.0168,46.1650,3.9902,-4.7114
1532.000000,23,34.0572,183.2249,45.5003,3.1174,-3.8558
1532.000000,24,34.0572,183.4311,44.1655,1.5763,-3.6851
1533.000000,0,34.0756,182.6307,43.7874,1.9986,-2.9359
1533.000000,1,34.0756,182.9177,45.9570,3.8812,-3.1352
1533.000000,2,34.0756,183.1232,46.9497,4.6685,-4.3013
1533.000000,3,34.0756,183.3271,47.1154,4.6302,-5.7258
1533.000000,4,34.0756,183.5293,47.6631,4.9757,-5.9356
1533.000000,5,34.0756,182.5907,46.3679,4.6191,-5.4023
1533.000000,6,34.0756,182.7994,47.0396,5.0822,-6.7685
1533.000000,7,34.0756,183.0865,47.4746,5.2301,-7.5895
1533.000000,8,34.0756,183.2919,47.3842,4.9343,-8.3327
1533.000000,9,34.0756,183.4955,47.6953,5.0418,-8.0429
1533.000000,10,34.0756,182.5581,47.3893,5.6732,-7.5623
1533.000000,11,34.0756,182.7681,47.2762,5.3500,-8.6348
1533.000000,12,34.0756,183.0565,47.7125,5.4979,-8.4456
1533.000000,13,34.0756,183.2631,47.3268,4.9056,-8.6534
1533.000000,14,34.0756,183.4678,47.4923,4.8664,-7.7633
1533.000000,15,34.0756,182.5328,47.6952,6.0043,-7.8065
1533.000000,16,34.0756,182.7440,47.3823,5.4803,-8.1782
1533.000000,17,34.0756,183.0334,47.5531,5.3617,-7.4127
1533.000000,18,34.0756,183.2409,47.2527,4.8537,-6.6961
1533.000000,19,34.0756,183.4465,46.4346,3.8300,-6.1908
1533.000000,20,34.0756,182.5151,47.1048,5.4317,-5.2917
1533.000000,21,34.0756,182.7270,46.7043,4.8192,-5.1774
1533.000000,22,34.0756,183.0171,46.0845,3.9093,-4.7583
1533.000000,23,34.0756,183.2254,45.4476,3.0642,-3.9004
1533.000000,24,34.0756,183.4317,44.1455,1.5558,-3.7234
1534.000000,0,34.0917,182.6234,43.7503,1.9688,-2.9709
1534.000000,1,34.0917,182.9109,45.8989,3.8299,-3.1675
1534.000000,2,34.0917,183.1168,46.8851,4.6103,-4.3243
1534.000000,3,34.0917,183.3210,47.0851,4.6060,-5.6981
1534.000000,4,34.0917,183.5236,47.6438,4.9622,-5.8948
1534.000000,5,34.0917,182.5854,46.3461,4.6026,-5.4496
1534.000000,6,34.0917,182.7944,47.0585,5.1060,-6.7552
1534.000000,7,34.0917,183.0818,47.4576,5.2177,-7.6162
1534.000000,8,34.0917,183.2875,47.3813,4.9357,-8.3443
1534.000000,9,34.0917,183.4914,47.7009,5.0515,-8.0502
1534.000000,10,34.0917,182.5547,47.3963,5.6835,-7.5993
1534.000000,11,34.0917,182.7650,47.2806,5.3576,-8.6609
1534.000000,12,34.0917,183.0536,47.7125,5.5008,-8.4715
1534.000000,13,34.0917,183.2605,47.3309,4.9123,-8.6761
1534.000000,14,34.0917,183.4654,47.4969,4.8734,-7.7942
1534.000000,15,34.0917,182.5314,47.6930,6.0036,-7.8155
1534.000000,16,34.0917,182.7428,47.3771,5.4763,-8.1840
1534.000000,17,34.0917,183.0323,47.5755,5.3852,-7.3858
1534.000000,18,34.0917,183.2400,47.2611,4.8631,-6.6928
1534.000000,19,34.0917,183.4458,46.4194,3.8155,-6.2327
1534.000000,20,34.0917,182.5157,47.0380,5.3642,-5.2773
1534.000000,21,34.0917,182.7278,46.6523,4.7665,-5.1618
1534.000000,22,34.0917,183.0180,46.0020,3.8260,-4.8087
1534.000000,23,34.0917,183.2263,45.3945,3.0102,-3.9473
1534.000000,24,34.0917,183.4326,44.1261,1.5354,-3.7627
1535.000000,0,34.1054,182.6166,43.7137,1.9391,-3.0069
1535.000000,1,34.1054,182.9045,45.8397,3.7772,-3.2029
1535.000000,2,34.1054,183.1108,46.8176,4.5488,-4.3515
1535.000000,3,34.1054,183.3154,47.0530,4.5795,-5.6718
1535.000000,4,34.1054,183.5183,47.6212,4.9449,-5.8562
1535.000000,5,34.1054,182.5806,46.3243,4.5857,-5.4990
1535.000000,6,34.1054,182.7899,47.0767,5.1287,-6.7438
1535.000000,7,34.1054,183.0776,47.4400,5.2043,-7.6438
1535.000000,8,34.1054,183.2836,47.3780,4.9364,-8.3560
1535.000000,9,34.1054,183.4877,47.7055,5.0597,-8.0581
1535.000000,10,34.1054,182.5518,47.4032,5.6934,-7.6371
1535.000000,11,34.1054,182.7624,47.2848,5.3644,-8.6875
1535.000000,12,34.1054,183.0512,47.7125,5.5032,-8.4977
1535.000000,13,34.1054,183.2583,47.3347,4.9184,-8.6994
1535.000000,14,34.1054,183.4634,47.5015,4.8801,-7.8260
1535.000000,15,34.1054,182.5305,47.6895,6.0009,-7.8249
1535.000000,16,34.1054,182.7420,47.3717,5.4716,-8.1898
1535.000000,17,34.1054,183.0317,47.5963,5.4065,-7.3612
1535.000000,18,34.1054,183.2396,47.2691,4.8714,-6.6913
1535.000000,19,34.1054,183.4455,46.4043,3.8007,-6.2760
1535.000000,20,34.1054,182.5169,46.9675,5.2926,-5.2659
1535.000000,21,34.1054,182.7289,46.5986,4.7117,-5.1482
1535.000000,22,34.1054,183.0192,45.9177,3.7404,-4.8628
1535.000000,23,34.1054,183.2276,45.3410,2.9554,-3.9963
1535.000000,24,34.1054,183.4340,44.1073,1.5152,-3.8029
1536.000000,0,34.1167,182.6103,43.6777,1.9093,-3.0438
1536.000000,1,34.1167,182.8986,45.7796,3.7230,-3.2413
1536.000000,2,34.1167,183.1052,46.7474,4.4841,-4.3829
1536.000000,3,34.1167,183.3102,47.0191,4.5509,-5.6469
1536.000000,4,34.1167,183.5134,47.5952,4.9237,-5.8197
1536.000000,5,34.1167,182.5762,46.3028,4.5685,-5.5505
1536.000000,6,34.1167,182.7859,47.0943,5.1504,-6.7344
1536.000000,7,34.1167,183.0739,47.4218,5.1899,-7.6724
1536.000000,8,34.1167,183.2801,47.3745,4.9364,-8.3676
1536.000000,9,34.1167,183.4845,47.7088,5.0663,-8.0666
1536.000000,10,34.1167,182.5494,47.4102,5.7027,-7.6756
1536.000000,11,34.1167,182.7602,47.2888,5.3705,-8.7148
1536.000000,12,34.1167,183.0493,47.7125,5.5051,-8.5241
1536.000000,13,34.1167,183.2565,47.3384,4.9238,-8.7235
1536.000000,14,34.1167,183.4619,47.5062,4.8863,-7.8585
1536.000000,15,34.1167,182.5301,47.6846,5.9964,-7.8349
1536.000000,16,34.1167,182.7418,47.3659,5.4661,-8.1955
1536.000000,17,34.1167,183.0316,47.6153,5.4257,-7.3390
1536.000000,18,34.1167,183.2396,47.2765,4.8788,-6.6916
1536.000000,19,34.1167,183.4456,46.3893,3.7857,-6.3208
1536.000000,20,34.1167,182.5184,46.8934,5.2169,-5.2577
1536.000000,21,34.1167,182.7306,46.5434,4.6548,-5.1367
1536.000000,22,34.1167,183.0209,45.8315,3.6525,-4.9204
1536.000000,23,34.1167,183.2293,45.2873,2.8999,-4.0475
1536.000000,24,34.1167,183.4358,44.0890,1.4951,-3.8440
1537.000000,0,34.1256,182.6045,43.6421,1.8796,-3.0816
1537.000000,1,34.1256,182.8931,45.7185,3.6673,-3.2826
1537.000000,2,34.1256,183.1001,46.6744,4.4163,-4.4186
1537.000000,3,34.1256,183.3054,46.9835,4.5200,-5.6234
1537.000000,4,34.1256,183.5089,47.5657,4.8988,-5.7854
1537.000000,5,34.1256,182.5723,46.2813,4.5510,-5.6041
1537.000000,6,34.1256,182.7823,47.1111,5.1708,-6.7271
1537.000000,7,34.1256,183.0705,47.4031,5.1745,-7.7018
1537.000000,8,34.1256,183.2770,47.3708,4.9357,-8.3792
1537.000000,9,34.1256,183.4816,47.7111,5.0714,-8.0758
1537.000000,10,34.1256,182.5475,47.4171,5.7116,-7.7146
1537.000000,11,34.1256,182.7585,47.2925,5.3760,-8.7427
1537.000000,12,34.1256,183.0478,47.7125,5.5067,-8.5508
1537.000000,13,34.1256,183.2552,47.3418,4.9286,-8.7483
1537.000000,14,34.1256,183.4607,47.5108,4.8921,-7.8917
1537.000000,15,34.1256,182.5302,47.6783,5.9901,-7.8453
1537.000000,16,34.1256,182.7420,47.3598,5.4598,-8.2011
1537.000000,17,34.1256,183.0319,47.6327,5.4427,-7.3192
1537.000000,18,34.1256,183.2400,47.2833,4.8853,-6.6937
1537.000000,19,34.1256,183.4461,46.3746,3.7704,-6.3670
1537.000000,20,34.1256,182.5205,46.8156,5.1371,-5.2527
1537.000000,21,34.1256,182.7327,46.4867,4.5959,-5.1275
1537.000000,22,34.1256,183.0231,45.7434,3.5623,-4.9817
1537.000000,23,34.1256,183.2315,45.2332,2.8437,-4.1009
1537.000000,24,34.1256,183.4380,44.0713,1.4753,-3.8861
1538.000000,0,34.1321,182.5991,43.6071,1.8499,-3.1202
1538.000000,1,34.1321,182.8881,45.6564,3.6103,-3.3271
1538.000000,2,34.1321,183.0954,46.5986,4.3452,-4.4586
1538.000000,3,34.1321,183.3010,46.9460,4.4870,-5.6015
1538.000000,4,34.1321,183.5048,47.5328,4.8700,-5.7535
1538.000000,5,34.1321,182.5689,46.2601,4.5332,-5.6598
1538.000000,6,34.1321,182.7791,47.1273,5.1902,-6.7219
1538.000000,7,34.1321,183.0676,47.3838,5.1581,-7.7322
1538.000000,8,34.1321,183.2743,47.3667,4.9343,-8.3908
1538.000000,9,34.1321,183.4792,47.7122,5.0750,-8.0854
1538.000000,10,34.1321,182.5460,47.4241,5.7200,-7.7542
1538.000000,11,34.1321,182.7573,47.2960,5.3807,-8.7711
1538.000000,12,34.1321,183.0467,47.7125,5.5077,-8.5777
1538.000000,13,34.1321,183.2542,47.3449,4.9326,-8.7737
1538.000000,14,34.1321,183.4599,47.5154,4.8974,-7.9257
1538.000000,15,34.1321,182.5308,47.6706,5.9818,-7.8561
1538.000000,16,34.1321,182.7426,47.3534,5.4528,-8.2067
1538.000000,17,34.1321,183.0327,47.6483,5.4576,-7.3017
1538.000000,18,34.1321,183.2408,47.2896,4.8907,-6.6976
1538.000000,19,34.1321,183.4470,46.3601,3.7550,-6.4146
1538.000000,20,34.1321,182.5231,46.7343,5.0532,-5.2511
1538.000000,21,34.1321,182.7353,46.4284,4.5351,-5.1205
1538.000000,22,34.1321,183.0257,45.6535,3.4698,-5.0466
1538.000000,23,34.1321,183.2341,45.1790,2.7868,-4.1565
1538.000000,24,34.1321,183.4406,44.0542,1.4556,-3.9290
1539.000000,0,34.1362,182.5942,43.5727,1.8204,-3.1598
1539.000000,1,34.1362,182.8035,45.5934,3.6319,-3.3585
1539.000000,2,34.1362,183.0912,46.5201,4.2709,-4.5030
1539.000000,3,34.1362,183.2970,46.9068,4.4518,-5.5812
1539.000000,4,34.1362,183.5011,47.4965,4.8374,-5.7240
1539.000000,5,34.1362,182.5659,46.2390,4.5151,-5.7178
1539.000000,6,34.1362,182.7764,47.1428,5.2083,-6.7188
1539.000000,7,34.1362,183.0652,47.4006,5.1774,-7.7206
1539.000000,8,34.1362,183.2721,47.3624,4.9323,-8.4023
1539.000000,9,34.1362,183.4772,47.7121,5.0769,-8.0955
1539.000000,10,34.1362,182.5451,47.4310,5.7279,-7.7943
1539.000000,11,34.1362,182.7565,47.2992,5.3847,-8.7999
1539.000000,12,34.1362,183.0460,47.7125,5.5084,-8.6048
1539.000000,13,34.1362,183.2538,47.3479,4.9361,-8.7998
1539.000000,14,34.1362,183.4596,47.5200,4.9024,-7.9603
1539.000000,15,34.1362,182.5318,47.6615,5.9717,-7.8672
1539.000000,16,34.1362,182.7438,47.3468,5.4450,-8.2122
1539.000000,17,34.1362,183.0339,47.6622,5.4703,-7.2868
1539.000000,18,34.1362,183.2421,47.2954,4.8952,-6.7034
1539.000000,19,34.1362,183.4484,46.3457,3.7393,-6.4638
1539.000000,20,34.1362,182.5262,46.6494,4.9652,-5.2528
1539.000000,21,34.1362,182.7384,46.3687,4.4723,-5.1160
1539.000000,22,34.1362,183.0287,45.5619,3.3752,-5.1151
1539.000000,23,34.1362,183.2372,45.1245,2.7293,-4.2142
1539.000000,24,34.1362,183.4436,44.0378,1.4361,-3.9729
1540.000000,0,34.1378,182.5898,43.5389,1.7911,-3.2001
1540.000000,1,34.1378,182.7994,45.5296,3.5721,-3.4090
1540.000000,2,34.1378,183.0874,46.4388,4.1934,-4.5518
1540.000000,3,34.1378,183.2935,46.8659,4.4144,-5.5625
1540.000000,4,34.1378,183.4978,47.4567,4.8009,-5.6969
1540.000000,5,34.1378,182.5635,46.2182,4.4967,-5.7779
1540.000000,6,34.1378,182.7742,47.1575,5.2253,-6.7179
1540.000000,7,34.1378,183.0632,47.4367,5.2155,-7.6868
1540.000000,8,34.1378,183.2703,47.3578,4.9295,-8.4137
1540.000000,9,34.1378,183.4755,47.7109,5.0774,-8.1060
1540.000000,10,34.1378,182.5446,47.4379,5.7353,-7.8347
1540.000000,11,34.1378,182.7561,47.3021,5.3879,-8.8292
1540.000000,12,34.1378,183.0459,47.7125,5.5086,-8.6320
1540.000000,13,34.1378,183.2537,47.3506,4.9388,-8.8264
1540.000000,14,34.1378,183.4596,47.5246,4.9069,-7.9955
1540.000000,15,34.1378,182.5333,47.6510,5.9597,-7.8788
1540.000000,16,34.1378,182.7454,47.3398,5.4364,-8.2176
1540.000000,17,34.1378,183.0355,47.6743,5.4808,-7.2743
1540.000000,18,34.1378,183.2438,47.3005,4.8987,-6.7110
1540.000000,19,34.1378,183.4501,46.3316,3.7235,-6.5144
1540.000000,20,34.1378,182.5297,46.5609,4.8731,-5.2581
1540.000000,21,34.1378,182.7419,46.3075,4.4076,-5.1138
1540.000000,22,34.1378,183.0322,45.4686,3.2783,-5.1872
1540.000000,23,34.1378,183.2406,45.0699,2.6713,-4.2740
1540.000000,24,34.1378,183.4471,44.0220,1.4169,-4.0177
1541.000000,0,34.1371,182.5859,43.5058,1.7619,-3.2413
1541.000000,1,34.1371,182.7958,45.4649,3.5111,-3.4625
1541.000000,2,34.1371,183.0840,46.3548,4.1128,-4.6052
1541.000000,3,34.1371,183.2904,46.8232,4.3748,-5.5457
1541.000000,4,34.1371,183.4949,47.4135,4.7605,-5.6723
1541.000000,5,34.1371,182.5615,46.1976,4.4780,-5.8402
1541.000000,6,34.1371,182.7724,47.1715,5.2410,-6.7192
1541.000000,7,34.1371,183.0616,47.4706,5.2510,-7.6558
1541.000000,8,34.1371,183.2689,47.3529,4.9260,-8.4249
1541.000000,9,34.1371,183.4743,47.7086,5.0762,-8.1170
1541.000000,10,34.1371,182.5446,47.4448,5.7422,-7.8754
1541.000000,11,34.1371,182.7563,47.3048,5.3905,-8.8590
1541.000000,12,34.1371,183.0461,47.7125,5.5083,-8.6594
1541.000000,13,34.1371,183.2541,47.3530,4.9409,-8.8536
1541.000000,14,34.1371,183.4601,47.5291,4.9110,-8.0312
1541.000000,15,34.1371,182.5354,47.6392,5.9458,-7.8906
1541.000000,16,34.1371,182.7474,47.3325,5.4271,-8.2230
1541.000000,17,34.1371,183.0376,47.6848,5.4891,-7.2642
1541.000000,18,34.1371,183.2459,47.3052,4.9012,-6.7206
1541.000000,19,34.1371,183.4523,46.3177,3.7074,-6.5666
1541.000000,20,34.1371,182.5337,46.4689,4.7771,-5.2670
1541.000000,21,34.1371,182.7459,46.2449,4.3410,-5.1142
1541.000000,22,34.1371,183.0361,45.3736,3.1794,-5.2629
1541.000000,23,34.1371,183.2445,45.0152,2.6127,-4.3360
1541.000000,24,34.1371,183.4509,44.0068,1.3978,-4.0634
1542.000000,0,34.1340,182.5824,43.4733,1.7329,-3.2834
1542.000000,1,34.1340,182.7926,45.3994,3.4488,-3.5192
1542.000000,2,34.1340,183.0810,46.2681,4.0290,-4.6630
1542.000000,3,34.1340,183.2877,46.7788,4.3331,-5.5306
1542.000000,4,34.1340,183.4924,47.3667,4.7162,-5.6503
1542.000000,5,34.1340,182.5600,46.1772,4.4591,-5.9048
1542.000000,6,34.1340,182.7711,47.1848,5.2556,-6.7228
1542.000000,7,34.1340,183.0605,47.5024,5.2839,-7.6275
1542.000000,8,34.1340,183.2679,47.3478,4.9218,-8.4361
1542.000000,9,34.1340,183.4735,47.7050,5.0735,-8.1283
1542.000000,10,34.1340,182.5452,47.4517,5.7485,-7.9164
1542.000000,11,34.1340,182.7569,47.3073,5.3923,-8.8891
1542.000000,12,34.1340,183.0468,47.7125,5.5076,-8.6869
1542.000000,13,34.1340,183.2549,47.3553,4.9424,-8.8814
1542.000000,14,34.1340,183.4609,47.5336,4.9147,-8.0674
1542.000000,15,34.1340,182.5379,47.6260,5.9301,-7.9028
1542.000000,16,34.1340,182.7499,47.3250,5.4170,-8.2282
1542.000000,17,34.1340,183.0402,47.6935,5.4953,-7.2567
1542.000000,18,34.1340,183.2485,47.3093,4.9028,-6.7322
1542.000000,19,34.1340,183.4548,46.3041,3.6912,-6.6204
1542.000000,20,34.1340,182.5382,46.3734,4.6771,-5.2796
1542.000000,21,34.1340,182.7503,46.1810,4.2726,-5.1172
1542.000000,22,34.1340,183.0405,45.2769,3.0783,-5.3422
1542.000000,23,34.1340,183.2488,44.9604,2.5535,-4.4000
1542.000000,24,34.1340,183.4552,43.9922,1.3791,-4.1101
1543.000000,0,34.1284,182.5794,43.4416,1.7041,-3.3263
1543.000000,1,34.1284,182.7899,45.3332,3.3853,-3.5789
1543.000000,2,34.1284,183.0785,46.1786,3.9421,-4.7254
1543.000000,3,34.1284,183.2854,46.7326,4.2892,-5.5175
1543.000000,4,34.1284,183.4904,47.3165,4.6681,-5.6310
1543.000000,5,34.1284,182.5590,46.1571,4.4400,-5.9716
1543.000000,6,34.1284,182.7703,47.1973,5.2689,-6.7286
1543.000000,7,34.1284,183.0598,47.5319,5.3141,-7.6022
1543.000000,8,34.1284,183.2674,47.3424,4.9170,-8.4470
1543.000000,9,34.1284,183.4731,47.7003,5.0692,-8.1398
1543.000000,10,34.1284,182.5461,47.4586,5.7544,-7.9576
1543.000000,11,34.1284,182.7580,47.3095,5.3935,-8.9195
1543.000000,12,34.1284,183.0480,47.7125,5.5065,-8.7145
1543.000000,13,34.1284,183.2561,47.3572,4.9431,-8.9096
1543.000000,14,34.1284,183.4622,47.5381,4.9179,-8.1041
1543.000000,15,34.1284,182.5409,47.6114,5.9125,-7.9152
1543.000000,16,34.1284,182.7529,47.3374,5.4264,-8.2101
1543.000000,17,34.1284,183.0431,47.7004,5.4993,-7.2516
1543.000000,18,34.1284,183.2514,47.3128,4.9033,-6.7456
1543.000000,19,34.1284,183.4578,46.2906,3.6748,-6.6757
1543.000000,20,34.1284,182.5432,46.2744,4.5731,-5.2961
1543.000000,21,34.1284,182.7552,46.1157,4.2025,-5.1229
1543.000000,22,34.1284,183.0453,45.1787,2.9753,-5.4252
1543.000000,23,34.1284,183.2535,44.9055,2.4939,-4.4661
1543.000000,24,34.1284,183.4598,43.9784,1.3605,-4.1577
1544.000000,0,34.1205,182.5769,43.4106,1.6756,-3.3701
1544.000000,1,34.1205,182.7876,45.2662,3.3206,-3.6418
1544.000000,2,34.1205,183.0765,46.0865,3.8520,-4.7924
1544.000000,3,34.1205,183.2835,46.6848,4.2432,-5.5064
1544.000000,4,34.1205,183.4887,47.2628,4.6161,-5.6144
1544.000000,5,34.1205,182.5585,46.1373,4.4207,-6.0406
1544.000000,6,34.1205,182.7699,47.2090,5.2810,-6.7367
1544.000000,7,34.1205,183.0596,47.5592,5.3416,-7.5797
1544.000000,8,34.1205,183.2673,47.3368,4.9114,-8.4579
1544.000000,9,34.1205,183.4731,47.6945,5.0634,-8.1517
1544.000000,10,34.1205,182.5476,47.4654,5.7598,-7.9988
1544.000000,11,34.1205,182.7595,47.3114,5.3938,-8.9502
1544.000000,12,34.1205,183.0496,47.7125,5.5049,-8.7420
1544.000000,13,34.1205,183.2577,47.3590,4.9432,-8.9383
1544.000000,14,34.1205,183.4639,47.5426,4.9206,-8.1411
1544.000000,15,34.1205,182.5443,47.5955,5.8932,-7.9278
1544.000000,16,34.1205,182.7564,47.3467,5.4323,-8.1952
1544.000000,17,34.1205,183.0466,47.7057,5.5011,-7.2491
1544.000000,18,34.1205,183.2548,47.3158,4.9029,-6.7611
1544.000000,19,34.1205,183.4611,46.2775,3.6583,-6.7325
1544.000000,20,34.1205,182.5487,46.1720,4.4653,-5.3164
1544.000000,21,34.1205,182.7606,46.0491,4.1305,-5.1314
1544.000000,22,34.1205,183.0506,45.0803,2.8716,-5.5098
1544.000000,23,34.1205,183.2587,44.8506,2.4339,-4.5343
1544.000000,24,34.1205,183.4649,43.9652,1.3423,-4.2064
1545.000000,0,34.1101,182.5749,43.3803,1.6474,-3.4148
1545.000000,1,34.1101,182.7858,45.1986,3.2547,-3.7077
1545.000000,2,34.1101,183.0749,45.9918,3.7589,-4.8640
1545.000000,3,34.1101,183.2821,46.6353,4.1952,-5.4974
1545.000000,4,34.1101,183.4874,47.2057,4.5602,-5.6007
1545.000000,5,34.1101,182.5585,46.1177,4.4012,-6.1118
1545.000000,6,34.1101,182.7700,47.2199,5.2918,-6.7472
1545.000000,7,34.1101,183.0598,47.5843,5.3665,-7.5601
1545.000000,8,34.1101,183.2676,47.3309,4.9052,-8.4685
1545.000000,9,34.1101,183.4735,47.6875,5.0560,-8.1638
1545.000000,10,34.1101,182.5496,47.4722,5.7646,-8.0401
1545.000000,11,34.1101,182.7615,47.3131,5.3935,-8.9811
1545.000000,12,34.1101,183.0516,47.7125,5.5028,-8.7696
1545.000000,13,34.1101,183.2598,47.3605,4.9427,-8.9674
1545.000000,14,34.1101,183.4660,47.5470,4.9230,-8.1785
1545.000000,15,34.1101,182.5483,47.5783,5.8720,-7.9407
1545.000000,16,34.1101,182.7603,47.3526,5.4342,-8.1838
1545.000000,17,34.1101,183.0504,47.7093,5.5008,-7.2492
1545.000000,18,34.1101,183.2587,47.3182,4.9015,-6.7785
1545.000000,19,34.1101,183.4649,46.2743,3.6513,-6.7791
1545.000000,20,34.1101,182.5546,46.0662,4.3535,-5.3408
1545.000000,21,34.1101,182.7664,45.9813,4.0569,-5.1427
1545.000000,22,34.1101,183.0563,45.0472,2.8329,-5.5127
1545.000000,23,34.1101,183.2643,44.7958,2.3735,-4.6046
1545.000000,24,34.1101,183.4703,43.9526,1.3243,-4.2561
1546.000000,0,34.0974,182.5734,43.3509,1.6195,-3.4605
1546.000000,1,34.0974,182.7844,45.1303,3.1878,-3.7767
1546.000000,2,34.0974,183.0737,45.8945,3.6627,-4.9402
1546.000000,3,34.0974,183.2811,46.5841,4.1450,-5.4906
1546.000000,4,34.0974,183.4866,47.1451,4.5004,-5.5900
1546.000000,5,34.0974,182.5589,46.0985,4.3815,-6.1851
1546.000000,6,34.0974,182.7706,47.2300,5.3014,-6.7599
1546.000000,7,34.0974,183.0604,47.6072,5.3887,-7.5435
1546.000000,8,34.0974,183.2683,47.3247,4.8983,-8.4789
1546.000000,9,34.0974,183.4743,47.6794,5.0470,-8.1761
1546.000000,10,34.0974,182.5520,47.4790,5.7689,-8.0813
1546.000000,11,34.0974,182.7640,47.3145,5.3925,-9.0123
1546.000000,12,34.0974,183.0541,47.7125,5.5003,-8.7972
1546.000000,13,34.0974,183.2623,47.3617,4.9414,-8.9969
1546.000000,14,34.0974,183.4685,47.5514,4.9249,-8.2161
1546.000000,15,34.0974,182.5527,47.5598,5.8490,-7.9538
1546.000000,16,34.0974,182.7647,47.3550,5.4323,-8.1760
1546.000000,17,34.0974,183.0548,47.7111,5.4983,-7.2518
1546.000000,18,34.0974,183.2629,47.3201,4.8991,-6.7979
1546.000000,19,34.0974,183.4691,46.2768,3.6496,-6.8209
1546.000000,20,34.0974,182.5611,45.9571,4.2380,-5.3694
1546.000000,21,34.0974,182.7726,45.9123,3.9816,-5.1569
1546.000000,22,34.0974,183.0624,45.0142,2.7938,-5.5175
1546.000000,23,34.0974,183.2703,44.7410,2.3127,-4.6768
1546.000000,24,34.0974,183.4762,43.9408,1.3066,-4.3070
1547.000000,0,34.0822,182.5723,43.3223,1.5919,-3.5073
1547.000000,1,34.0822,182.7835,45.0615,3.1199,-3.8488
1547.000000,2,34.0822,183.0730,45.7946,3.5636,-5.0210
1547.000000,3,34.0822,183.2805,46.5313,4.0928,-5.4861
1547.000000,4,34.0822,183.4861,47.0810,4.4368,-5.5823
1547.000000,5,34.0822,182.5598,46.0796,4.3617,-6.2606
1547.000000,6,34.0822,182.7716,47.2394,5.3098,-6.7750
1547.000000,7,34.0822,183.0615,47.6277,5.4082,-7.5298
1547.000000,8,34.0822,183.2695,47.3183,4.8907,-8.4892
1547.000000,9,34.0822,183.4755,47.6701,5.0365,-8.1885
1547.000000,10,34.0822,182.5549,47.4857,5.7727,-8.1224
1547.000000,11,34.0822,182.7669,47.3156,5.3907,-9.0436
1547.000000,12,34.0822,183.0570,47.7125,5.4974,-8.8248
1547.000000,13,34.0822,183.2652,47.3628,4.9395,-9.0267
1547.000000,14,34.0822,183.4714,47.5558,4.9263,-8.2539
1547.000000,15,34.0822,182.5577,47.5400,5.8243,-7.9671
1547.000000,16,34.0822,182.7695,47.3541,5.4265,-8.1718
1547.000000,17,34.0822,183.0595,47.7112,5.4937,-7.2569
1547.000000,18,34.0822,183.2676,47.3214,4.8958,-6.8194
1547.000000,19,34.0822,183.4737,46.2793,3.6476,-6.8645
1547.000000,20,34.0822,182.5680,45.8750,4.1490,-5.3631
1547.000000,21,34.0822,182.7794,45.8422,3.9048,-5.1741
1547.000000,22,34.0822,183.0690,44.9814,2.7544,-5.5244
1547.000000,23,34.0822,183.2767,44.6863,2.2516,-4.7512
1547.000000,24,34.0822,183.4824,43.9296,1.2891,-4.3590
1548.000000,0,34.0647,182.5717,43.2945,1.5647,-3.5552
1548.000000,1,34.0647,182.7831,44.9921,3.0510,-3.9239
1548.000000,2,34.0647,183.0727,45.6921,3.4614,-5.1065
1548.000000,3,34.0647,183.2803,46.4769,4.0386,-5.4839
1548.000000,4,34.0647,183.4861,47.0135,4.3694,-5.5778
1548.000000,5,34.0647,182.5613,46.0610,4.3417,-6.3382
1548.000000,6,34.0647,182.7731,47.2479,5.3168,-6.7925
1548.000000,7,34.0647,183.0630,47.6461,5.4250,-7.5191
1548.000000,8,34.0647,183.2711,47.3116,4.8825,-8.4992
1548.000000,9,34.0647,183.4772,47.6596,5.0244,-8.2011
1548.000000,10,34.0647,182.5584,47.4948,5.7784,-8.1605
1548.000000,11,34.0647,182.7703,47.3165,5.3882,-9.0751
1548.000000,12,34.0647,183.0604,47.7125,5.4941,-8.8522
1548.000000,13,34.0647,183.2685,47.3635,4.9370,-9.0568
1548.000000,14,34.0647,183.4747,47.5601,4.9273,-8.2919
1548.000000,15,34.0647,182.5631,47.5688,5.8477,-7.9227
1548.000000,16,34.0647,182.7748,47.3498,5.4169,-8.1711
1548.000000,17,34.0647,183.0647,47.7097,5.4870,-7.2646
1548.000000,18,34.0647,183.2727,47.3222,4.8914,-6.8428
1548.000000,19,34.0647,183.4787,46.2820,3.6452,-6.9099
1548.000000,20,34.0647,182.5753,45.8323,4.0989,-5.3061
1548.000000,21,34.0647,182.7866,45.7710,3.8264,-5.1943
1548.000000,22,34.0647,183.0760,44.9487,2.7147,-5.5334
1548.000000,23,34.0647,183.2835,44.6318,2.1902,-4.8275
1548.000000,24,34.0647,183.4891,43.9192,1.2720,-4.4122
1549.000000,0,34.0449,182.5717,43.2676,1.5379,-3.6044
1549.000000,1,34.0449,182.7832,44.9223,2.9811,-4.0022
1549.000000,2,34.0449,183.0728,45.5872,3.3563,-5.1966
1549.000000,3,34.0449,183.2806,46.4210,3.9823,-5.4842
1549.000000,4,34.0449,183.4864,46.9425,4.2981,-5.5765
1549.000000,5,34.0449,182.5632,46.0428,4.3216,-6.4179
1549.000000,6,34.0449,182.7750,47.2557,5.3226,-6.8122
1549.000000,7,34.0449,183.0650,47.6621,5.4391,-7.5113
1549.000000,8,34.0449,183.2731,47.3228,4.8916,-8.4884
1549.000000,9,34.0449,183.4792,47.6481,5.0108,-8.2137
1549.000000,10,34.0449,182.5622,47.5044,5.7841,-8.1977
1549.000000,11,34.0449,182.7741,47.3171,5.3850,-9.1066
1549.000000,12,34.0449,183.0642,47.7125,5.4902,-8.8796
1549.000000,13,34.0449,183.2723,47.3688,4.9385,-9.0819
1549.000000,14,34.0449,183.4784,47.5643,4.9279,-8.3298
1549.000000,15,34.0449,182.5689,47.5965,5.8696,-7.8781
1549.000000,16,34.0449,182.7805,47.3421,5.4035,-8.1740
1549.000000,17,34.0449,183.0703,47.7065,5.4782,-7.2748
1549.000000,18,34.0449,183.2782,47.3224,4.8862,-6.8682
1549.000000,19,34.0449,183.4841,46.2847,3.6426,-6.9572
1549.000000,20,34.0449,182.5832,45.7886,4.0474,-5.2506
1549.000000,21,34.0449,182.7942,45.6987,3.7465,-5.2176
1549.000000,22,34.0449,183.0834,44.9162,2.6747,-5.5445
1549.000000,23,34.0449,183.2907,44.5774,2.1286,-4.9058
1549.000000,24,34.0449,183.4962,43.9094,1.2552,-4.4668
1550.000000,0,34.0226,182.5720,43.2417,1.5116,-3.6549
1550.000000,1,34.0226,182.7837,44.8520,2.9103,-4.0836
1550.000000,2,34.0226,183.0734,45.4798,3.2483,-5.2913
1550.000000,3,34.0226,183.2813,46.3635,3.9241,-5.4870
1550.000000,4,34.0226,183.4872,46.8682,4.2230,-5.5786
1550.000000,5,34.0226,182.5655,46.0249,4.3013,-6.4995
1550.000000,6,34.0226,182.7774,47.2626,5.3272,-6.8343
1550.000000,7,34.0226,183.0674,47.6760,5.4505,-7.5066
1550.000000,8,34.0226,183.2755,47.3458,4.9122,-8.4636
1550.000000,9,34.0226,183.4817,47.6354,4.9957,-8.2264
1550.000000,10,34.0226,182.5666,47.5138,5.7891,-8.2347
1550.000000,11,34.0226,182.7785,47.3175,5.3810,-9.1382
1550.000000,12,34.0226,183.0684,47.7125,5.4860,-8.9068
1550.000000,13,34.0226,183.2765,47.3816,4.9470,-9.0985
1550.000000,14,34.0226,183.4826,47.5686,4.9280,-8.3678
1550.000000,15,34.0226,182.5753,47.6208,5.8875,-7.8363
1550.000000,16,34.0226,182.7868,47.3311,5.3864,-8.1804
1550.000000,17,34.0226,183.0764,47.7016,5.4672,-7.2875
1550.000000,18,34.0226,183.2841,47.3221,4.8799,-6.8956
1550.000000,19,34.0226,183.4899,46.2876,3.6396,-7.0062
1550.000000,20,34.0226,182.5915,45.7440,3.9945,-5.1967
1550.000000,21,34.0226,182.8023,45.6255,3.6651,-5.2440
1550.000000,22,34.0226,183.0913,44.8838,2.6345,-5.5578
1550.000000,23,34.0226,183.2984,44.5233,2.0668,-4.9861
1550.000000,24,34.0226,183.5036,43.9004,1.2387,-4.5228
1551.000000,0,33.9980,182.5729,43.2166,1.4856,-3.7069
1551.000000,1,33.9980,182.7846,44.7814,2.8388,-4.1680
1551.000000,2,33.9980,183.0745,45.3700,3.1375,-5.3906
1551.000000,3,33.9980,183.2824,46.3045,3.8640,-5.4924
1551.000000,4,33.9980,183.4884,46.7905,4.1441,-5.5841
1551.000000,5,33.9980,182.5684,46.0074,4.2810,-6.5831
1551.000000,6,33.9980,182.7803,47.2687,5.3304,-6.8587
1551.000000,7,33.9980,183.0703,47.6875,5.4592,-7.5048
1551.000000,8,33.9980,183.2784,47.3647,4.9283,-8.4430
1551.000000,9,33.9980,183.4845,47.6216,4.9790,-8.2392
1551.000000,10,33.9980,182.5715,47.5230,5.7935,-8.2714
1551.000000,11,33.9980,182.7832,47.3176,5.3764,-9.1697
1551.000000,12,33.9980,183.0731,47.7125,5.4813,-8.9339
1551.000000,13,33.9980,183.2811,47.3938,4.9546,-9.1156
1551.000000,14,33.9980,183.4871,47.5727,4.9276,-8.4057
1551.000000,15,33.9980,182.5821,47.6416,5.9015,-7.7972
1551.000000,16,33.9980,182.7934,47.3245,5.3730,-8.1816
1551.000000,17,33.9980,183.0829,47.6951,5.4542,-7.3028
1551.000000,18,33.9980,183.2904,47.3212,4.8728,-6.9250
1551.000000,19,33.9980,183.4961,46.2905,3.6364,-7.0571
1551.000000,20,33.9980,182.6003,45.6986,3.9403,-5.1446
1551.000000,21,33.9980,182.8908,45.5513,3.5024,-5.2841
1551.000000,22,33.9980,183.0996,44.8517,2.5941,-5.5733
1551.000000,23,33.9980,183.3065,44.4694,2.0049,-5.0684
1551.000000,24,33.9980,183.5114,43.8920,1.2225,-4.5802
1552.000000,0,33.9711,182.5743,43.1925,1.4602,-3.7605
1552.000000,1,33.9711,182.7860,44.7105,2.7664,-4.2555
1552.000000,2,33.9711,183.0760,45.2578,3.0239,-5.4945
1552.000000,3,33.9711,183.2839,46.2440,3.8020,-5.5006
1552.000000,4,33.9711,183.4900,46.7094,4.0614,-5.5933
1552.000000,5,33.9711,182.5717,45.9904,4.2606,-6.6685
1552.000000,6,33.9711,182.7836,47.2741,5.3324,-6.8854
1552.000000,7,33.9711,183.0736,47.6968,5.4651,-7.5060
1552.000000,8,33.9711,183.2817,47.3795,4.9397,-8.4266
1552.000000,9,33.9711,183.4878,47.6067,4.9609,-8.2520
1552.000000,10,33.9711,182.5768,47.5320,5.7972,-8.3078
1552.000000,11,33.9711,182.7884,47.3175,5.3710,-9.2013
1552.000000,12,33.9711,183.0782,47.7125,5.4762,-8.9608
1552.000000,13,33.9711,183.2861,47.4054,4.9612,-9.1333
1552.000000,14,33.9711,183.4920,47.5769,4.9268,-8.4435
1552.000000,15,33.9711,182.5894,47.6590,5.9116,-7.7608
1552.000000,16,33.9711,182.8005,47.3418,5.3832,-8.1550
1552.000000,17,33.9711,183.0898,47.6870,5.4392,-7.3207
1552.000000,18,33.9711,183.2972,47.3199,4.8646,-6.9563
1552.000000,19,33.9711,183.5027,46.2936,3.6328,-7.1096
1552.000000,20,33.9711,182.6095,45.6524,3.8849,-5.0945
1552.000000,21,33.9711,182.8998,45.4762,3.4184,-5.3171
1552.000000,22,33.9711,183.1083,44.8198,2.5535,-5.5910
1552.000000,23,33.9711,183.3149,44.4158,1.9428,-5.1527
1552.000000,24,33.9711,183.5197,43.8844,1.2067,-4.6393
1553.000000,0,33.9418,182.5761,43.1694,1.4352,-3.8159
1553.000000,1,33.9418,182.7879,44.6393,2.6933,-4.3462
1553.000000,2,33.9418,183.0779,45.1434,2.9075,-5.6030
1553.000000,3,33.9418,183.2859,46.1821,3.7381,-5.5115
1553.000000,4,33.9418,183.4919,46.6250,3.9750,-5.6061
1553.000000,5,33.9418,182.5756,45.9737,4.2401,-6.7556
1553.000000,6,33.9418,182.7874,47.2786,5.3331,-6.9143
1553.000000,7,33.9418,183.0774,47.7039,5.4685,-7.5102
1553.000000,8,33.9418,183.2854,47.3901,4.9467,-8.4144
1553.000000,9,33.9418,183.4914,47.5907,4.9413,-8.2648
1553.000000,10,33.9418,182.5826,47.5408,5.8001,-8.3439
1553.000000,11,33.9418,182.7941,47.3171,5.3650,-9.2327
1553.000000,12,33.9418,183.0838,47.7125,5.4706,-8.9875
1553.000000,13,33.9418,183.2916,47.4164,4.9668,-9.1515
1553.000000,14,33.9418,183.4974,47.5810,4.9256,-8.4810
1553.000000,15,33.9418,182.5972,47.6731,5.9179,-7.7271
1553.000000,16,33.9418,182.8081,47.3574,5.3913,-8.1299
1553.000000,17,33.9418,183.0972,47.6773,5.4221,-7.3410
1553.000000,18,33.9418,183.3044,47.3180,4.8556,-6.9896
1553.000000,19,33.9418,183.5097,46.2967,3.6290,-7.1639
1553.000000,20,33.9418,182.6192,45.6054,3.8282,-5.0465
1553.000000,21,33.9418,182.9092,45.4003,3.3331,-5.3533
1553.000000,22,33.9418,183.1174,44.7882,2.5128,-5.6111
1553.000000,23,33.9418,183.3238,44.3625,1.8807,-5.2390
1553.000000,24,33.9418,183.5283,43.8775,1.1912,-4.7000
1554.000000,0,33.9103,182.5784,43.1472,1.4108,-3.8732
1554.000000,1,33.9103,182.7903,44.5679,2.6196,-4.4399
1554.000000,2,33.9103,183.0802,45.0267,2.7885,-5.7159
1554.000000,3,33.9103,183.2883,46.1188,3.6724,-5.5253
1554.000000,4,33.9103,183.4943,46.5373,3.8850,-5.6228
1554.000000,5,33.9103,182.5799,45.9575,4.2195,-6.8444
1554.000000,6,33.9103,182.7916,47.2823,5.3326,-6.9455
1554.000000,7,33.9103,183.0815,47.7087,5.4691,-7.5174
1554.000000,8,33.9103,183.2895,47.3967,4.9491,-8.4065
1554.000000,9,33.9103,183.4955,47.5737,4.9202,-8.2776
1554.000000,10,33.9103,182.5889,47.5494,5.8025,-8.3795
1554.000000,11,33.9103,182.8003,47.3165,5.3582,-9.2641
1554.000000,12,33.9103,183.0898,47.7125,5.4646,-9.0140
1554.000000,13,33.9103,183.2974,47.4269,4.9715,-9.1701
1554.000000,14,33.9103,183.5031,47.5850,4.9239,-8.5183
1554.000000,15,33.9103,182.6054,47.6838,5.9203,-7.6961
1554.000000,16,33.9103,182.8961,47.3715,5.3174,-8.1101
1554.000000,17,33.9103,183.1050,47.6660,5.4030,-7.3638
1554.000000,18,33.9103,183.3120,47.3156,4.8456,-7.0247
1554.000000,19,33.9103,183.5170,46.2999,3.6249,-7.2198
1554.000000,20,33.9103,182.6294,45.5577,3.7704,-5.0007
1554.000000,21,33.9103,182.9190,45.3237,3.2466,-5.3928
1554.000000,22,33.9103,183.1270,44.7569,2.4719,-5.6334
1554.000000,23,33.9103,183.3331,44.3096,1.8185,-5.3273
1554.000000,24,33.9103,183.5373,43.8714,1.1760,-4.7625
1555.000000,0,33.8764,182.5812,43.1261,1.3868,-3.9326
1555.000000,1,33.8764,182.7931,44.4963,2.5452,-4.5366
1555.000000,2,33.8764,183.0831,44.9219,2.6808,-5.8157
1555.000000,3,33.8764,183.2911,46.0541,3.6050,-5.5421
1555.000000,4,33.8764,183.4971,46.4464,3.7912,-5.6433
1555.000000,5,33.8764,182.5847,45.9416,4.1990,-6.9348
1555.000000,6,33.8764,182.7963,47.2852,5.3308,-6.9789
1555.000000,7,33.8764,183.0862,47.7113,5.4670,-7.5276
1555.000000,8,33.8764,183.2941,47.3991,4.9470,-8.4028
1555.000000,9,33.8764,183.5000,47.5556,4.8976,-8.2904
1555.000000,10,33.8764,182.5956,47.5577,5.8041,-8.4146
1555.000000,11,33.8764,182.8068,47.3156,5.3507,-9.2953
1555.000000,12,33.8764,183.0962,47.7125,5.4582,-9.0402
1555.000000,13,33.8764,183.3037,47.4368,4.9751,-9.1891
1555.000000,14,33.8764,183.5092,47.5889,4.9217,-8.5552
1555.000000,15,33.8764,182.6141,47.6911,5.9190,-7.6679
1555.000000,16,33.8764,182.9045,47.3841,5.3215,-8.0884
1555.000000,17,33.8764,183.1132,47.6531,5.3819,-7.3891
1555.000000,18,33.8764,183.3199,47.3127,4.8347,-7.0618
1555.000000,19,33.8764,183.5248,46.3033,3.6204,-7.2773
1555.000000,20,33.8764,182.6400,45.5094,3.7114,-4.9573
1555.000000,21,33.8764,182.9293,45.2463,3.1589,-5.4355
1555.000000,22,33.8764,183.1369,44.7259,2.4309,-5.6581
1555.000000,23,33.8764,183.3428,44.2572,1.7564,-5.4175
1555.000000,24,33.8764,183.5467,43.8659,1.1611,-4.8269
1556.000000,0,33.8403,182.5845,43.1060,1.3635,-3.9944
1556.000000,1,33.8403,182.7963,44.4247,2.4703,-4.6364
1556.000000,2,33.8403,183.0863,44.8861,2.6418,-5.8306
1556.000000,3,33.8403,183.2943,45.9881,3.5358,-5.5619
1556.000000,4,33.8403,183.5003,46.3522,3.6938,-5.6679
1556.000000,5,33.8403,182.5899,45.9263,4.1783,-7.0266
1556.000000,6,33.8403,182.8015,47.2873,5.3278,-7.0144
1556.000000,7,33.8403,183.0912,47.7116,5.4624,-7.5407
1556.000000,8,33.8403,183.2990,47.3976,4.9405,-8.4033
1556.000000,9,33.8403,183.5048,47.5365,4.8736,-8.3031
1556.000000,10,33.8403,182.6028,47.5659,5.8050,-8.4491
1556.000000,11,33.8403,182.8939,47.3145,5.2626,-9.3291
1556.000000,12,33.8403,183.1031,47.7125,5.4513,-9.0661
1556.000000,13,33.8403,183.3104,47.4461,4.9777,-9.2085
1556.000000,14,33.8403,183.5157,47.5929,4.9191,-8.5918
1556.000000,15,33.8403,182.6232,47.6953,5.9140,-7.6423
1556.000000,16,33.8403,182.9134,47.3951,5.3236,-8.0683
1556.000000,17,33.8403,183.1218,47.6388,5.3589,-7.4169
1556.000000,18,33.8403,183.3283,47.3093,4.8230,-7.1007
1556.000000,19,33.8403,183.5330,46.3067,3.6157,-7.3364
1556.000000,20,33.8403,182.6510,45.4604,3.6513,-4.9166
1556.000000,21,33.8403,182.9400,45.1683,3.0702,-5.4816
1556.000000,22,33.8403,183.1473,44.6952,2.3899,-5.6851
1556.000000,23,33.8403,183.3528,44.2051,1.6942,-5.5098
1556.000000,24,33.8403,183.5565,43.8612,1.1466,-4.8933
1557.000000,0,33.8019,182.5883,43.0870,1.3407,-4.0586
1557.000000,1,33.8019,182.8001,44.3530,2.3949,-4.7393
1557.000000,2,33.8019,183.0900,44.8503,2.6023,-5.8480
1557.000000,3,33.8019,183.2980,45.9209,3.4649,-5.5847
1557.000000,4,33.8019,183.5039,46.2549,3.5929,-5.6967
1557.000000,5,33.8019,182.5956,45.9230,4.1693,-7.1059
1557.000000,6,33.8019,182.8071,47.2886,5.3235,-7.0521
1557.000000,7,33.8019,183.0967,47.7098,5.4551,-7.5567
1557.000000,8,33.8019,183.3044,47.3920,4.9295,-8.4080
1557.000000,9,33.8019,183.5101,47.5570,4.8888,-8.2691
1557.000000,10,33.8019,182.6105,47.5738,5.8052,-8.4830
1557.000000,11,33.8019,182.9014,47.3131,5.2537,-9.3599
1557.000000,12,33.8019,183.1104,47.7125,5.4441,-9.0917
1557.000000,13,33.8019,183.3175,47.4549,4.9794,-9.2282
1557.000000,14,33.8019,183.5227,47.5967,4.9160,-8.6278
1557.000000,15,33.8019,182.6329,47.6961,5.9052,-7.6195
1557.000000,16,33.8019,182.9228,47.4045,5.3237,-8.0499
1557.000000,17,33.8019,183.1309,47.6229,5.3339,-7.4471
1557.000000,18,33.8019,183.3371,47.3055,4.8103,-7.1413
1557.000000,19,33.8019,183.5415,46.3103,3.6107,-7.3969
1557.000000,20,33.8019,182.6625,45.4109,3.5903,-4.8785
1557.000000,21,33.8019,182.9512,45.0897,2.9805,-5.5310
1557.000000,22,33.8019,183.1581,44.6650,2.3488,-5.7145
1557.000000,23,33.8019,183.3633,44.1536,1.6322,-5.6040
1557.000000,24,33.8019,183.5667,43.8572,1.1325,-4.9618
1558.000000,0,33.7612,182.5925,43.0690,1.3184,-4.1255
1558.000000,1,33.7612,182.8043,44.2814,2.3191,-4.8452
1558.000000,2,33.7612,183.0941,44.8147,2.5626,-5.8678
1558.000000,3,33.7612,183.3020,45.8525,3.3924,-5.6107
1558.000000,4,33.7612,183.5080,46.1544,3.4884,-5.7296
1558.000000,5,33.7612,182.6019,45.9273,4.1674,-7.1779
1558.000000,6,33.7612,182.8932,47.2892,5.2379,-7.0964
1558.000000,7,33.7612,183.1026,47.7058,5.4451,-7.5757
1558.000000,8,33.7612,183.3102,47.3824,4.9142,-8.4169
1558.000000,9,33.7612,183.5158,47.5862,4.9124,-8.2238
1558.000000,10,33.7612,182.6187,47.5815,5.8048,-8.5162
1558.000000,11,33.7612,182.9093,47.3115,5.2442,-9.3904
1558.000000,12,33.7612,183.1181,47.7125,5.4363,-9.1170
1558.000000,13,33.7612,183.3250,47.4630,4.9800,-9.2483
1558.000000,14,33.7612,183.5300,47.6005,4.9125,-8.6633
1558.000000,15,33.7612,182.6429,47.6939,5.8929,-7.5993
1558.000000,16,33.7612,182.9325,47.4124,5.3219,-8.0332
1558.000000,17,33.7612,183.1404,47.6055,5.3071,-7.4796
1558.000000,18,33.7612,183.3464,47.3011,4.7967,-7.1838
1558.000000,19,33.7612,183.5505,46.3139,3.6054,-7.4588
1558.000000,20,33.7612,182.6745,45.3608,3.5282,-4.8434
1558.000000,21,33.7612,182.9628,45.0106,2.8898,-5.5837
1558.000000,22,33.7612,183.1694,44.6351,2.3077,-5.7462
1558.000000,23,33.7612,183.3742,44.1025,1.5703,-5.7001
1558.000000,24,33.7612,183.5772,43.8539,1.1187,-5.0325
1559.000000,0,33.7183,182.5972,43.0521,1.2968,-4.1953
1559.000000,1,33.7183,182.8889,44.2099,2.1629,-4.9695
1559.000000,2,33.7183,183.0987,44.7792,2.5225,-5.8901
1559.000000,3,33.7183,183.3065,45.7829,3.3183,-5.6400
1559.000000,4,33.7183,183.5124,46.0508,3.3804,-5.7669
1559.000000,5,33.7183,182.6085,45.9317,4.1651,-7.2516
1559.000000,6,33.7183,182.8997,47.2889,5.2312,-7.1381
1559.000000,7,33.7183,183.1090,47.6997,5.4326,-7.5975
1559.000000,8,33.7183,183.3164,47.3689,4.8944,-8.4299
1559.000000,9,33.7183,183.5218,47.6122,4.9323,-8.1811
1559.000000,10,33.7183,182.6273,47.5890,5.8036,-8.5487
1559.000000,11,33.7183,182.9177,47.3097,5.2340,-9.4207
1559.000000,12,33.7183,183.1262,47.7125,5.4282,-9.1419
1559.000000,13,33.7183,183.3329,47.4706,4.9797,-9.2686
1559.000000,14,33.7183,183.5377,47.6042,4.9085,-8.6983
1559.000000,15,33.7183,182.6535,47.6884,5.8769,-7.5820
1559.000000,16,33.7183,182.9427,47.4188,5.3181,-8.0182
1559.000000,17,33.7183,183.1503,47.5866,5.2783,-7.5145
1559.000000,18,33.7183,183.3560,47.2963,4.7823,-7.2279
1559.000000,19,33.7183,183.5598,46.3176,3.5997,-7.5220
1559.000000,20,33.7183,182.6869,45.3102,3.4653,-4.8112
1559.000000,21,33.7183,182.9748,44.9310,2.7982,-5.6396
1559.000000,22,33.7183,183.1810,44.6056,2.2666,-5.7804
1559.000000,23,33.7183,183.3855,44.0520,1.5085,-5.7982
1559.000000,24,33.7183,183.5881,43.8514,1.1052,-5.1055
1560.000000,0,33.6733,182.6024,43.0363,1.2759,-4.2681
1560.000000,1,33.6733,182.8940,44.1385,2.0865,-5.0813
1560.000000,2,33.6733,183.1037,44.7440,2.4823,-5.9150
1560.000000,3,33.6733,183.3114,45.7122,3.2427,-5.6724
1560.000000,4,33.6733,183.5172,45.9442,3.2690,-5.8086
1560.000000,5,33.6733,182.6157,45.9363,4.1626,-7.3267
1560.000000,6,33.6733,182.9067,47.2879,5.2232,-7.1817
1560.000000,7,33.6733,183.1158,47.6914,5.4176,-7.6222
1560.000000,8,33.6733,183.3230,47.3514,4.8704,-8.4471
1560.000000,9,33.6733,183.5283,47.6349,4.9485,-8.1409
1560.000000,10,33.6733,182.6364,47.5962,5.8018,-8.5805
1560.000000,11,33.6733,182.9265,47.3076,5.2231,-9.4507
1560.000000,12,33.6733,183.1348,47.7125,5.4196,-9.1665
1560.000000,13,33.6733,183.3412,47.4777,4.9784,-9.2891
1560.000000,14,33.6733,183.5458,47.6079,4.9041,-8.7326
1560.000000,15,33.6733,182.6644,47.6799,5.8574,-7.5673
1560.000000,16,33.6733,182.9534,47.4238,5.3124,-8.0049
1560.000000,17,33.6733,183.1606,47.5664,5.2478,-7.5518
1560.000000,18,33.6733,183.3660,47.2910,4.7670,-7.2737
1560.000000,19,33.6733,183.5695,46.3214,3.5938,-7.5865
1560.000000,20,33.6733,182.6997,45.2593,3.4015,-4.7823
1560.000000,21,33.6733,182.9872,44.8511,2.7058,-5.6988
1560.000000,22,33.6733,183.1930,44.5766,2.2255,-5.8169
1560.000000,23,33.6733,183.3971,44.0021,1.4470,-5.8983
1560.000000,24,33.6733,183.5994,43.8496,1.0921,-5.1809
1561.000000,0,33.6260,182.6081,43.0216,1.2555,-4.3442
1561.000000,1,33.6260,182.8995,44.0673,2.0097,-5.1960
1561.000000,2,33.6260,183.1091,44.7089,2.4417,-5.9425
1561.000000,3,33.6260,183.3167,45.6404,3.1656,-5.7082
1561.000000,4,33.6260,183.5224,45.8346,3.1542,-5.8549
1561.000000,5,33.6260,182.6233,45.9411,4.1598,-7.4031
1561.000000,6,33.6260,182.9141,47.2862,5.2140,-7.2271
1561.000000,7,33.6260,183.1230,47.6811,5.4000,-7.6496
1561.000000,8,33.6260,183.3301,47.3301,4.8420,-8.4684
1561.000000,9,33.6260,183.5352,47.6543,4.9611,-8.1034
1561.000000,10,33.6260,182.6459,47.6032,5.7992,-8.6114
1561.000000,11,33.6260,182.9357,47.3115,5.2177,-9.4735
1561.000000,12,33.6260,183.1438,47.7125,5.4106,-9.1906
1561.000000,13,33.6260,183.3500,47.4841,4.9761,-9.3097
1561.000000,14,33.6260,183.5543,47.6115,4.8992,-8.7661
1561.000000,15,33.6260,182.6759,47.6684,5.8345,-7.5553
1561.000000,16,33.6260,182.9644,47.4272,5.3048,-7.9934
1561.000000,17,33.6260,183.1713,47.5447,5.2154,-7.5913
1561.000000,18,33.6260,183.3764,47.2853,4.7509,-7.3211
1561.000000,19,33.6260,183.5796,46.3253,3.5877,-7.6521
1561.000000,20,33.6260,182.7130,45.2079,3.3369,-4.7566
1561.000000,21,33.6260,183.0000,44.7707,2.6127,-5.7611
1561.000000,22,33.6260,183.2054,44.5480,2.1845,-5.8558
1561.000000,23,33.6260,183.4091,43.9529,1.3857,-6.0003
1561.000000,24,33.6260,183.6111,43.8485,1.0794,-5.2587
1562.000000,0,33.5766,182.6142,43.0081,1.2358,-4.4238
1562.000000,1,33.5766,182.9055,43.9964,1.9328,-5.3137
1562.000000,2,33.5766,183.1150,44.6740,2.4010,-5.9725
1562.000000,3,33.5766,183.3225,45.5676,3.0871,-5.7472
1562.000000,4,33.5766,183.5280,45.7245,3.0385,-5.9026
1562.000000,5,33.5766,182.6314,45.9460,4.1566,-7.4807
1562.000000,6,33.5766,182.9219,47.2836,5.2037,-7.2744
1562.000000,7,33.5766,183.1307,47.6686,5.3799,-7.6799
1562.000000,8,33.5766,183.3375,47.3049,4.8094,-8.4937
1562.000000,9,33.5766,183.5424,47.6704,4.9700,-8.0685
1562.000000,10,33.5766,182.6559,47.6099,5.7960,-8.6415
1562.000000,11,33.5766,182.9454,47.3210,5.2175,-9.4895
1562.000000,12,33.5766,183.1532,47.7125,5.4012,-9.2144
1562.000000,13,33.5766,183.3591,47.4900,4.9729,-9.3306
1562.000000,14,33.5766,183.5631,47.6150,4.8939,-8.7990
1562.000000,15,33.5766,182.6877,47.6538,5.8081,-7.5461
1562.000000,16,33.5766,182.9759,47.4293,5.2953,-7.9836
1562.000000,17,33.5766,183.1824,47.5217,5.1812,-7.6330
1562.000000,18,33.5766,183.3872,47.2792,4.7340,-7.3700
1562.000000,19,33.5766,183.5901,46.3293,3.5812,-7.7187
1562.000000,20,33.5766,182.7267,45.1563,3.2715,-4.7343
1562.000000,21,33.5766,183.0133,44.6902,2.5188,-5.8267
1562.000000,22,33.5766,183.2183,44.5199,2.1436,-5.8971
1562.000000,23,33.5766,183.4216,43.9042,1.3246,-6.1042
1562.000000,24,33.5766,183.6231,43.8481,1.0670,-5.3392
1563.000000,0,33.5250,182.6208,42.9956,1.2168,-4.5069
1563.000000,1,33.5250,182.9120,43.9258,1.8558,-5.4342
1563.000000,2,33.5250,183.1212,44.6394,2.3601,-6.0053
1563.000000,3,33.5250,183.3286,45.4938,3.0072,-5.7897
1563.000000,4,33.5250,183.5340,45.6896,2.9975,-5.8570
1563.000000,5,33.5250,182.6399,45.9511,4.1531,-7.5594
1563.000000,6,33.5250,182.9302,47.2804,5.1921,-7.3234
1563.000000,7,33.5250,183.1387,47.6541,5.3574,-7.7129
1563.000000,8,33.5250,183.3454,47.2760,4.7726,-8.5231
1563.000000,9,33.5250,183.5501,47.6834,4.9753,-8.0362
1563.000000,10,33.5250,182.6664,47.6165,5.7921,-8.6707
1563.000000,11,33.5250,182.9556,47.3297,5.2161,-9.5057
1563.000000,12,33.5250,183.1630,47.7125,5.3914,-9.2378
1563.000000,13,33.5250,183.3686,47.4954,4.9687,-9.3515
1563.000000,14,33.5250,183.5724,47.6185,4.8881,-8.8310
1563.000000,15,33.5250,182.7000,47.6364,5.7783,-7.5396
1563.000000,16,33.5250,182.9878,47.4299,5.2840,-7.9755
1563.000000,17,33.5250,183.1940,47.4973,5.1453,-7.6769
1563.000000,18,33.5250,183.3983,47.2726,4.7162,-7.4203
1563.000000,19,33.5250,183.6009,46.3334,3.5744,-7.7862
1563.000000,20,33.5250,182.7408,45.1043,3.2054,-4.7154
1563.000000,21,33.5250,183.0270,44.6094,2.4244,-5.8953
1563.000000,22,33.5250,183.2315,44.4923,2.1028,-5.9407
1563.000000,23,33.5250,183.4344,43.8563,1.2639,-6.2100
1563.000000,24,33.5250,183.6355,43.8485,1.0549,-5.4222
1564.000000,0,33.4713,182.6279,42.9843,1.1984,-4.5937
1564.000000,1,33.4713,182.9189,43.8556,1.7787,-5.5575
1564.000000,2,33.4713,183.1280,44.6051,2.3191,-6.0406
1564.000000,3,33.4713,183.3352,45.4192,2.9260,-5.8354
1564.000000,4,33.4713,183.5404,45.6540,2.9556,-5.8134
1564.000000,5,33.4713,182.6489,45.9563,4.1493,-7.6389
1564.000000,6,33.4713,182.9390,47.2765,5.1794,-7.3740
1564.000000,7,33.4713,183.1472,47.6377,5.3324,-7.7486
1564.000000,8,33.4713,183.3536,47.2527,4.7411,-8.5457
1564.000000,9,33.4713,183.5581,47.6932,4.9771,-8.0065
1564.000000,10,33.4713,182.6772,47.6228,5.7875,-8.6990
1564.000000,11,33.4713,182.9661,47.3377,5.2135,-9.5221
1564.000000,12,33.4713,183.1732,47.7125,5.3812,-9.2607
1564.000000,13,33.4713,183.3786,47.5002,4.9636,-9.3726
1564.000000,14,33.4713,183.5820,47.6219,4.8818,-8.8621
1564.000000,15,33.4713,182.7128,47.6160,5.7452,-7.5358
1564.000000,16,33.4713,183.0002,47.4291,5.2709,-7.9692
1564.000000,17,33.4713,183.2059,47.4717,5.1077,-7.7230
1564.000000,18,33.4713,183.4099,47.2656,4.6977,-7.4720
1564.000000,19,33.4713,183.6121,46.3375,3.5673,-7.8545
1564.000000,20,33.4713,182.7554,45.0522,3.1387,-4.7002
1564.000000,21,33.4713,183.0410,44.5284,2.3294,-5.9670
1564.000000,22,33.4713,183.2451,44.4652,2.0621,-5.9867
1564.000000,23,33.4713,183.4475,43.8091,1.2035,-6.3176
1564.000000,24,33.4713,183.6483,43.8495,1.0432,-5.5079
1565.000000,0,33.4155,182.6354,42.9742,1.1807,-4.6844
1565.000000,1,33.4155,182.9262,43.7859,1.7016,-5.6837
1565.000000,2,33.4155,183.1351,44.5712,2.2780,-6.0786
1565.000000,3,33.4155,183.3421,45.3437,2.8436,-5.8845
1565.000000,4,33.4155,183.5472,45.6179,2.9127,-5.7719
1565.000000,5,33.4155,182.6584,45.9616,4.1452,-7.7193
1565.000000,6,33.4155,182.9481,47.2718,5.1656,-7.4263
1565.000000,7,33.4155,183.1561,47.6192,5.3050,-7.7869
1565.000000,8,33.4155,183.3623,47.2657,4.7454,-8.5267
1565.000000,9,33.4155,183.5665,47.6999,4.9753,-7.9794
1565.000000,10,33.4155,182.6886,47.6288,5.7822,-8.7263
1565.000000,11,33.4155,182.9771,47.3449,5.2097,-9.5388
1565.000000,12,33.4155,183.1839,47.7125,5.3705,-9.2832
1565.000000,13,33.4155,183.3889,47.5044,4.9575,-9.3937
1565.000000,14,33.4155,183.5921,47.6252,4.8751,-8.8924
1565.000000,15,33.4155,182.7260,47.5929,5.7089,-7.5348
1565.000000,16,33.4155,183.0129,47.4270,5.2560,-7.9647
1565.000000,17,33.4155,183.2183,47.4447,5.0684,-7.7711
1565.000000,18,33.4155,183.4219,47.2582,4.6783,-7.5251
1565.000000,19,33.4155,183.6237,46.3418,3.5600,-7.9235
1565.000000,20,33.4155,182.7704,44.9998,3.0714,-4.6886
1565.000000,21,33.4155,183.0555,44.4474,2.2339,-6.0417
1565.000000,22,33.4155,183.2591,44.4387,2.0215,-6.0350
1565.000000,23,33.4155,183.4611,43.7626,1.1435,-6.4271
1565.000000,24,33.4155,183.6614,43.8513,1.0318,-5.5962
1566.000000,0,33.3577,182.6434,42.9652,1.1637,-4.7791
1566.000000,1,33.3577,182.9340,43.7166,1.6246,-5.8125
1566.000000,2,33.3577,183.1427,44.5376,2.2368,-6.1193
1566.000000,3,33.3577,183.3495,45.2675,2.7599,-5.9370
1566.000000,4,33.3577,183.5544,45.5813,2.8689,-5.7328
1566.000000,5,33.3577,182.6683,45.9671,4.1408,-7.8002
1566.000000,6,33.3577,182.9578,47.2664,5.1506,-7.4799
1566.000000,7,33.3577,183.1655,47.5988,5.2753,-7.8278
1566.000000,8,33.3577,183.3713,47.2772,4.7478,-8.5094
1566.000000,9,33.3577,183.5753,47.7035,4.9701,-7.9550
1566.000000,10,33.3577,182.7004,47.6346,5.7762,-8.7526
1566.000000,11,33.3577,182.9885,47.3513,5.2047,-9.5556
1566.000000,12,33.3577,183.1949,47.7125,5.3595,-9.3052
1566.000000,13,33.3577,183.3996,47.5081,4.9505,-9.4148
1566.000000,14,33.3577,183.6024,47.6298,4.8693,-8.9203
1566.000000,15,33.3577,182.7396,47.5670,5.6693,-7.5365
1566.000000,16,33.3577,183.0261,47.4235,5.2394,-7.9619
1566.000000,17,33.3577,183.2310,47.4166,5.0275,-7.8213
1566.000000,18,33.3577,183.4342,47.2505,4.6582,-7.5793
1566.000000,19,33.3577,183.6357,46.3461,3.5524,-7.9931
1566.000000,20,33.3577,182.7858,44.9474,3.0036,-4.6806
1566.000000,21,33.3577,183.0704,44.3664,2.1379,-6.1193
1566.000000,22,33.3577,183.2735,44.4127,1.9812,-6.0856
1566.000000,23,33.3577,183.4750,43.7169,1.0839,-6.5384
1566.000000,24,33.3577,183.6749,43.8538,1.0208,-5.6873
1567.000000,0,33.2978,182.6519,42.9574,1.1474,-4.8778
1567.000000,1,33.2978,182.9422,43.6479,1.5477,-5.9439
1567.000000,2,33.2978,183.1507,44.5043,2.1956,-6.1626
1567.000000,3,33.2978,183.3573,45.1905,2.6752,-5.9928
1567.000000,4,33.2978,183.5620,45.5441,2.8242,-5.6961
1567.000000,5,33.2978,182.6786,45.9727,4.1360,-7.8816
1567.000000,6,33.2978,182.9678,47.2604,5.1346,-7.5350
1567.000000,7,33.2978,183.1752,47.5765,5.2433,-7.8712
1567.000000,8,33.2978,183.3808,47.2871,4.7482,-8.4937
1567.000000,9,33.2978,183.5845,47.7040,4.9615,-7.9333
1567.000000,10,33.2978,182.7126,47.6402,5.7696,-8.7780
1567.000000,11,33.2978,183.0003,47.3570,5.1986,-9.5726
1567.000000,12,33.2978,183.2064,47.7125,5.3480,-9.3267
1567.000000,13,33.2978,183.4107,47.5113,4.9425,-9.4359
1567.000000,14,33.2978,183.6132,47.6348,4.8636,-8.9466
1567.000000,15,33.2978,182.7536,47.5384,5.6267,-7.5409
1567.000000,16,33.2978,183.0397,47.4187,5.2210,-7.9609
1567.000000,17,33.2978,183.2441,47.3872,4.9851,-7.8734
1567.000000,18,33.2978,183.4469,47.2423,4.6374,-7.6348
1567.000000,19,33.2978,183.6480,46.3505,3.5445,-8.0632
1567.000000,20,33.2978,182.8016,44.8949,2.9353,-4.6765
1567.000000,21,33.2978,183.0857,44.2854,2.0417,-6.1997
1567.000000,22,33.2978,183.2883,44.3873,1.9410,-6.1385
1567.000000,23,33.2978,183.4893,43.6720,1.0247,-6.6515
1567.000000,24,33.2978,183.6887,43.8569,1.0102,-5.7810
1568.000000,0,33.2359,182.6608,42.9507,1.1318,-4.9806
1568.000000,1,33.2359,182.9509,43.5799,1.4710,-6.0780
1568.000000,2,33.2359,183.1591,44.4715,2.1544,-6.2085
1568.000000,3,33.2359,183.3655,45.1129,2.5894,-6.0519
1568.000000,4,33.2359,183.5699,45.5065,2.7786,-5.6619
1568.000000,5,33.2359,182.6895,45.9785,4.1310,-7.9633
1568.000000,6,33.2359,182.9783,47.2537,5.1174,-7.5914
1568.000000,7,33.2359,183.1854,47.5524,5.2089,-7.9171
1568.000000,8,33.2359,183.3907,47.2954,4.7467,-8.4797
1568.000000,9,33.2359,183.5941,47.7015,4.9494,-7.9143
1568.000000,10,33.2359,182.7253,47.6456,5.7623,-8.8023
1568.000000,11,33.2359,183.0126,47.3619,5.1913,-9.5898
1568.000000,12,33.2359,183.2183,47.7125,5.3362,-9.3478
1568.000000,13,33.2359,183.4222,47.5139,4.9336,-9.4570
1568.000000,14,33.2359,183.6244,47.6398,4.8574,-8.9719
1568.000000,15,33.2359,182.7681,47.5071,5.5810,-7.5480
1568.000000,16,33.2359,183.0537,47.4127,5.2010,-7.9617
1568.000000,17,33.2359,183.2577,47.3567,4.9410,-7.9274
1568.000000,18,33.2359,183.4600,47.2338,4.6158,-7.6913
1568.000000,19,33.2359,183.6607,46.3550,3.5363,-8.1336
1568.000000,20,33.2359,182.8978,44.8423,2.7865,-4.6903
1568.000000,21,33.2359,183.1013,44.2045,1.9451,-6.2829
1568.000000,22,33.2359,183.3034,44.3625,1.9010,-6.1936
1568.000000,23,33.2359,183.5040,43.6280,0.9660,-6.7663
1568.000000,24,33.2359,183.7029,43.8608,0.9998,-5.8774
1569.000000,0,33.1720,182.6702,42.9452,1.1169,-5.0874
1569.000000,1,33.1720,182.9600,43.5125,1.3945,-6.2144
1569.000000,2,33.1720,183.1680,44.4391,2.1131,-6.2570
1569.000000,3,33.1720,183.3741,45.0346,2.5025,-6.1142
1569.000000,4,33.1720,183.5783,45.4685,2.7321,-5.6304
1569.000000,5,33.1720,182.7007,45.9844,4.1256,-8.0452
1569.000000,6,33.1720,182.9892,47.2464,5.0992,-7.6491
1569.000000,7,33.1720,183.1959,47.5264,5.1724,-7.9654
1569.000000,8,33.1720,183.4009,47.3022,4.7433,-8.4673
1569.000000,9,33.1720,183.6040,47.6961,4.9340,-7.8979
1569.000000,10,33.1720,182.7384,47.6507,5.7543,-8.8256
1569.000000,11,33.1720,183.0253,47.3661,5.1828,-9.6070
1569.000000,12,33.1720,183.2305,47.7125,5.3239,-9.3683
1569.000000,13,33.1720,183.4341,47.5160,4.9239,-9.4780
1569.000000,14,33.1720,183.6359,47.6445,4.8506,-8.9963
1569.000000,15,33.1720,182.7830,47.4733,5.5323,-7.5578
1569.000000,16,33.1720,183.0681,47.4054,5.1793,-7.9642
1569.000000,17,33.1720,183.2716,47.3251,4.8955,-7.9833
1569.000000,18,33.1720,183.4735,47.2250,4.5935,-7.7488
1569.000000,19,33.1720,183.6737,46.3596,3.5278,-8.2042
1569.000000,20,33.1720,182.9144,44.7898,2.7174,-4.6938
1569.000000,21,33.1720,183.1174,44.1238,1.8484,-6.3686
1569.000000,22,33.1720,183.3189,44.3383,1.8613,-6.2508
1569.000000,23,33.1720,183.5190,43.5848,0.9078,-6.8827
1569.000000,24,33.1720,183.7174,43.8653,0.9898,-5.9763
1570.000000,0,33.1061,182.6800,42.9408,1.1027,-5.1983
1570.000000,1,33.1061,182.9695,43.4459,1.3183,-6.3533
1570.000000,2,33.1061,183.1772,44.4072,2.0720,-6.3080
1570.000000,3,33.1061,183.3831,44.9559,2.4148,-6.1798
1570.000000,4,33.1061,183.5870,45.4300,2.6849,-5.6016
1570.000000,5,33.1061,182.7124,45.9904,4.1199,-8.1271
1570.000000,6,33.1061,183.0005,47.2385,5.0799,-7.7079
1570.000000,7,33.1061,183.2069,47.4987,5.1337,-8.0160
1570.000000,8,33.1061,183.4115,47.3075,4.7379,-8.4565
1570.000000,9,33.1061,183.6143,47.6877,4.9154,-7.8842
1570.000000,10,33.1061,182.7519,47.6556,5.7456,-8.8479
1570.000000,11,33.1061,183.0383,47.3696,5.1733,-9.6244
1570.000000,12,33.1061,183.2432,47.7125,5.3112,-9.3884
1570.000000,13,33.1061,183.4463,47.5176,4.9132,-9.4989
1570.000000,14,33.1061,183.6477,47.6491,4.8433,-9.0198
1570.000000,15,33.1061,182.7983,47.4370,5.4807,-7.5703
1570.000000,16,33.1061,183.0828,47.3969,5.1560,-7.9685
1570.000000,17,33.1061,183.2859,47.2924,4.8485,-8.0409
1570.000000,18,33.1061,183.4873,47.2158,4.5705,-7.8072
1570.000000,19,33.1061,183.6871,46.3642,3.5191,-8.2750
1570.000000,20,33.1061,182.9314,44.7374,2.6480,-4.7012
1570.000000,21,33.1061,183.1338,44.0433,1.7515,-6.4570
1570.000000,22,33.1061,183.3348,44.3147,1.8218,-6.3102
1570.000000,23,33.1061,183.5343,43.5425,0.8501,-7.0007
1570.000000,24,33.1061,183.7323,43.8705,0.9802,-6.0778
1571.000000,0,33.0383,182.6903,42.9376,1.0893,-5.3132
1571.000000,1,33.0383,182.9795,43.3801,1.2425,-6.4943
1571.000000,2,33.0383,183.1869,44.3758,2.0309,-6.3616
1571.000000,3,33.0383,183.3924,44.8766,2.3262,-6.2486
1571.000000,4,33.0383,183.5961,45.3911,2.6370,-5.5757
1571.000000,5,33.0383,182.7246,45.9965,4.1139,-8.2088
1571.000000,6,33.0383,183.0123,47.2299,5.0596,-7.7677
1571.000000,7,33.0383,183.2183,47.4692,5.0928,-8.0689
1571.000000,8,33.0383,183.4226,47.3113,4.7307,-8.4475
1571.000000,9,33.0383,183.6250,47.6765,4.8934,-7.8732
1571.000000,10,33.0383,182.7658,47.6602,5.7363,-8.8691
1571.000000,11,33.0383,183.0518,47.3724,5.1626,-9.6419
1571.000000,12,33.0383,183.2562,47.7125,5.2982,-9.4079
1571.000000,13,33.0383,183.4590,47.5187,4.9017,-9.5198
1571.000000,14,33.0383,183.6600,47.6535,4.8355,-9.0424
1571.000000,15,33.0383,182.8940,47.3983,5.3463,-7.5896
1571.000000,16,33.0383,183.0980,47.3872,5.1311,-7.9745
1571.000000,17,33.0383,183.3006,47.2587,4.8001,-8.1003
1571.000000,18,33.0383,183.5015,47.2063,4.5468,-7.8664
1571.000000,19,33.0383,183.7009,46.3690,3.5100,-8.3457
1571.000000,20,33.0383,182.9488,44.6851,2.5783,-4.7123
1571.000000,21,33.0383,183.1506,43.9631,1.6545,-6.5477
1571.000000,22,33.0383,183.3511,44.2918,1.7826,-6.3717
1571.000000,23,33.0383,183.5501,43.5011,0.7930,-7.1202
1571.000000,24,33.0383,183.7475,43.8764,0.9708,-6.1818
1572.000000,0,32.9686,182.7011,42.9356,1.0765,-5.4321
1572.000000,1,32.9686,182.9899,43.3151,1.1671,-6.6376
1572.000000,2,32.9686,183.1970,44.3449,1.9899,-6.4176
1572.000000,3,32.9686,183.4022,44.7970,2.2367,-6.3205
1572.000000,4,32.9686,183.6056,45.3520,2.5883,-5.5527
1572.000000,5,32.9686,182.7371,46.0028,4.1077,-8.2904
1572.000000,6,32.9686,183.0245,47.2208,5.0383,-7.8284
1572.000000,7,32.9686,183.2301,47.4380,5.0499,-8.1240
1572.000000,8,32.9686,183.4340,47.3137,4.7217,-8.4401
1572.000000,9,32.9686,183.6361,47.6625,4.8683,-7.8649
1572.000000,10,32.9686,182.7802,47.6646,5.7264,-8.8893
1572.000000,11,32.9686,183.0657,47.3745,5.1508,-9.6594
1572.000000,12,32.9686,183.2697,47.7125,5.2847,-9.4270
1572.000000,13,32.9686,183.4720,47.5193,4.8892,-9.5405
1572.000000,14,32.9686,183.6726,47.6577,4.8271,-9.0639
1572.000000,15,32.9686,182.9101,47.3572,5.2890,-7.6075
1572.000000,16,32.9686,183.1136,47.3763,5.1047,-7.9822
1572.000000,17,32.9686,183.3156,47.2239,4.7502,-8.1612
1572.000000,18,32.9686,183.5161,47.1965,4.5224,-7.9264
1572.000000,19,32.9686,183.7150,46.3738,3.5008,-8.4164
1572.000000,20,32.9686,182.9666,44.6330,2.5083,-4.7271
1572.000000,21,32.9686,183.1678,43.8833,1.5574,-6.6407
1572.000000,22,32.9686,183.3677,44.2695,1.7437,-6.4351
1572.000000,23,32.9686,183.5662,43.5077,0.7835,-7.1850
1572.000000,24,32.9686,183.7631,43.8830,0.9618,-6.2881
1573.000000,0,32.8970,182.7122,42.9347,1.0645,-5.5547
1573.000000,1,32.8970,183.0007,43.2510,1.0922,-6.7828
1573.000000,2,32.8970,183.2075,44.3145,1.9490,-6.4760
1573.000000,3,32.8970,183.4124,44.7170,2.1466,-6.3954
1573.000000,4,32.8970,183.6155,45.3125,2.5390,-5.5328
1573.000000,5,32.8970,182.7501,46.0092,4.1011,-8.3715
1573.000000,6,32.8970,183.0370,47.2111,5.0160,-7.8901
1573.000000,7,32.8970,183.2423,47.4053,5.0049,-8.1812
1573.000000,8,32.8970,183.4458,47.3147,4.7108,-8.4344
1573.000000,9,32.8970,183.6475,47.6457,4.8401,-7.8594
1573.000000,10,32.8970,182.7950,47.6688,5.7157,-8.9084
1573.000000,11,32.8970,183.0800,47.3760,5.1379,-9.6770
1573.000000,12,32.8970,183.2835,47.7125,5.2709,-9.4455
1573.000000,13,32.8970,183.4854,47.5194,4.8759,-9.5611
1573.000000,14,32.8970,183.6856,47.6618,4.8182,-9.0845
1573.000000,15,32.8970,182.9266,47.3137,5.2291,-7.6281
1573.000000,16,32.8970,183.1296,47.3644,5.0768,-7.9917
1573.000000,17,32.8970,183.3311,47.1882,4.6991,-8.2238
1573.000000,18,32.8970,183.5310,47.1865,4.4974,-7.9870
1573.000000,19,32.8970,183.7294,46.3787,3.4912,-8.4867
1573.000000,20,32.8970,182.9848,44.5811,2.4382,-4.7455
1573.000000,21,32.8970,183.1854,43.8039,1.4605,-6.7360
1573.000000,22,32.8970,183.3847,44.2479,1.7051,-6.5005
1573.000000,23,32.8970,183.5826,43.5246,0.7840,-7.2405
1573.000000,24,32.8970,183.7790,43.8902,0.9531,-6.3966
1574.000000,0,32.8236,182.7239,42.9350,1.0531,-5.6809
1574.000000,1,32.8236,183.0120,43.1879,1.0178,-6.9299
1574.000000,2,32.8236,183.2184,44.2847,1.9083,-6.5368
1574.000000,3,32.8236,183.4230,44.6367,2.0557,-6.4732
1574.000000,4,32.8236,183.6257,45.2728,2.4890,-5.5159
1574.000000,5,32.8236,182.7636,46.0158,4.0942,-8.4521
1574.000000,6,32.8236,183.0500,47.2009,4.9928,-7.9525
1574.000000,7,32.8236,183.2549,47.3709,4.9580,-8.2405
1574.000000,8,32.8236,183.4580,47.3142,4.6982,-8.4304
1574.000000,9,32.8236,183.6593,47.6262,4.8088,-7.8565
1574.000000,10,32.8236,182.8902,47.6727,5.6245,-8.9292
1574.000000,11,32.8236,183.0947,47.3805,5.1277,-9.6904
1574.000000,12,32.8236,183.2977,47.7125,5.2567,-9.4635
1574.000000,13,32.8236,183.4991,47.5190,4.8618,-9.5815
1574.000000,14,32.8236,183.6989,47.6657,4.8087,-9.1041
1574.000000,15,32.8236,182.9435,47.2681,5.1665,-7.6513
1574.000000,16,32.8236,183.1459,47.3513,5.0474,-8.0028
1574.000000,17,32.8236,183.3469,47.1516,4.6467,-8.2878
1574.000000,18,32.8236,183.5463,47.1761,4.4718,-8.0481
1574.000000,19,32.8236,183.7442,46.3836,3.4814,-8.5568
1574.000000,20,32.8236,183.0034,44.5294,2.3680,-4.7675
1574.000000,21,32.8236,183.2033,43.7250,1.3636,-6.8333
1574.000000,22,32.8236,183.4020,44.2269,1.6669,-6.5678
1574.000000,23,32.8236,183.5993,43.5420,0.7846,-7.2982
1574.000000,24,32.8236,183.7952,43.8980,0.9447,-6.5072
1575.000000,0,32.7483,182.7359,42.9365,1.0425,-5.8106
1575.000000,1,32.7483,183.0237,43.1257,0.9440,-7.0787
1575.000000,2,32.7483,183.2297,44.2555,1.8677,-6.5998
1575.000000,3,32.7483,183.4339,44.5563,1.9643,-6.5540
1575.000000,4,32.7483,183.6364,45.2328,2.4384,-5.5021
1575.000000,5,32.7483,182.7774,46.0225,4.0870,-8.5321
1575.000000,6,32.7483,183.0634,47.1901,4.9686,-8.0156
1575.000000,7,32.7483,183.2678,47.3350,4.9091,-8.3017
1575.000000,8,32.7483,183.4705,47.3124,4.6838,-8.4281
1575.000000,9,32.7483,183.6715,47.6040,4.7745,-7.8563
1575.000000,10,32.7483,182.9058,47.6764,5.6126,-8.9462
1575.000000,11,32.7483,183.1098,47.3883,5.1205,-9.6995
1575.000000,12,32.7483,183.3123,47.7125,5.2421,-9.4809
1575.000000,13,32.7483,183.5133,47.5181,4.8468,-9.6017
1575.000000,14,32.7483,183.7126,47.6694,4.7988,-9.1227
1575.000000,15,32.7483,182.9608,47.2203,5.1014,-7.6772
1575.000000,16,32.7483,183.1626,47.3373,5.0166,-8.0156
1575.000000,17,32.7483,183.3630,47.1140,4.5930,-8.3532
1575.000000,18,32.7483,183.5620,47.1655,4.4455,-8.1098
1575.000000,19,32.7483,183.7594,46.3887,3.4713,-8.6264
1575.000000,20,32.7483,183.0223,44.4781,2.2978,-4.7931
1575.000000,21,32.7483,183.2216,43.7071,1.3275,-6.8597
1575.000000,22,32.7483,183.4197,44.2067,1.6289,-6.6369
1575.000000,23,32.7483,183.6164,43.5600,0.7855,-7.3580
1575.000000,24,32.7483,183.8118,43.9065,0.9367,-6.6196
1576.000000,0,32.6713,182.7484,42.9390,1.0326,-5.9435
1576.000000,1,32.6713,183.0358,43.0646,0.8708,-7.2290
1576.000000,2,32.6713,183.2414,44.2269,1.8274,-6.6650
1576.000000,3,32.6713,183.4453,44.4756,1.8723,-6.6375
1576.000000,4,32.6713,183.6474,45.1926,2.3872,-5.4914
1576.000000,5,32.6713,182.7917,46.0292,4.0795,-8.6113
1576.000000,6,32.6713,183.0773,47.1789,4.9436,-8.0792
1576.000000,7,32.6713,183.2812,47.2977,4.8584,-8.3648
1576.000000,8,32.6713,183.4835,47.3092,4.6677,-8.4275
1576.000000,9,32.6713,183.6840,47.5793,4.7372,-7.8589
1576.000000,10,32.6713,182.9218,47.6799,5.6001,-8.9622
1576.000000,11,32.6713,183.1253,47.3948,5.1115,-9.7094
1576.000000,12,32.6713,183.3273,47.7125,5.2271,-9.4979
1576.000000,13,32.6713,183.5278,47.5168,4.8310,-9.6218
1576.000000,14,32.6713,183.7266,47.6729,4.7883,-9.1402
1576.000000,15,32.6713,182.9785,47.1704,5.0338,-7.7056
1576.000000,16,32.6713,183.1797,47.3222,4.9844,-8.0301
1576.000000,17,32.6713,183.3796,47.0757,4.5381,-8.4200
1576.000000,18,32.6713,183.5779,47.1546,4.4186,-8.1718
1576.000000,19,32.6713,183.7748,46.3938,3.4609,-8.6954
1576.000000,20,32.6713,183.0416,44.4271,2.2275,-4.8220
1576.000000,21,32.6713,183.2403,43.7056,1.3073,-6.8693
1576.000000,22,32.6713,183.4378,44.1871,1.5914,-6.7077
1576.000000,23,32.6713,183.6339,43.5785,0.7866,-7.4198
1576.000000,24,32.6713,183.8287,43.9156,0.9289,-6.7339
1577.000000,0,32.5925,182.7613,42.9427,1.0233,-6.0794
1577.000000,1,32.5925,183.0483,43.0047,0.7984,-7.3808
1577.000000,2,32.5925,183.2535,44.1989,1.7873,-6.7323
1577.000000,3,32.5925,183.4570,44.3949,1.7798,-6.7237
1577.000000,4,32.5925,183.6587,45.1523,2.3356,-5.4839
1577.000000,5,32.5925,182.8064,46.0362,4.0717,-8.6896
1577.000000,6,32.5925,183.0915,47.1671,4.9176,-8.1434
1577.000000,7,32.5925,183.2950,47.2589,4.8059,-8.4298
1577.000000,8,32.5925,183.4968,47.3047,4.6499,-8.4285
1577.000000,9,32.5925,183.6969,47.5520,4.6971,-7.8642
1577.000000,10,32.5925,182.9383,47.6832,5.5869,-8.9771
1577.000000,11,32.5925,183.1412,47.4000,5.1008,-9.7201
1577.000000,12,32.5925,183.3427,47.7125,5.2118,-9.5143
1577.000000,13,32.5925,183.5426,47.5150,4.8144,-9.6416
1577.000000,14,32.5925,183.7409,47.6763,4.7773,-9.1568
1577.000000,15,32.5925,182.9966,47.1185,4.9638,-7.7366
1577.000000,16,32.5925,183.1972,47.3061,4.9509,-8.0462
1577.000000,17,32.5925,183.3964,47.0365,4.4820,-8.4880
1577.000000,18,32.5925,183.5943,47.1435,4.3912,-8.2342
1577.000000,19,32.5925,183.7906,46.3990,3.4503,-8.7638
1577.000000,20,32.5925,183.0613,44.3766,2.1572,-4.8542
1577.000000,21,32.5925,183.2593,43.7047,1.2873,-6.8811
1577.000000,22,32.5925,183.4561,44.1683,1.5541,-6.7802
1577.000000,23,32.5925,183.6517,43.5975,0.7878,-7.4834
1577.000000,24,32.5925,183.8459,43.9253,0.9214,-6.8496
1578.000000,0,32.5120,182.7747,42.9475,1.0148,-6.2179
1578.000000,1,32.5120,183.0612,42.9458,0.7266,-7.5338
1578.000000,2,32.5120,183.2660,44.1715,1.7475,-6.8017
1578.000000,3,32.5120,183.4691,44.3142,1.6870,-6.8124
1578.000000,4,32.5120,183.6705,45.1119,2.2834,-5.4795
1578.000000,5,32.5120,182.9015,46.0432,3.9836,-8.7712
1578.000000,6,32.5120,183.1061,47.1549,4.8908,-8.2080
1578.000000,7,32.5120,183.3091,47.2187,4.7516,-8.4964
1578.000000,8,32.5120,183.5105,47.2990,4.6305,-8.4313
1578.000000,9,32.5120,183.7102,47.5223,4.6541,-7.8722
1578.000000,10,32.5120,182.9551,47.6863,5.5732,-8.9911
1578.000000,11,32.5120,183.1574,47.4039,5.0884,-9.7315
1578.000000,12,32.5120,183.3584,47.7125,5.1961,-9.5302
1578.000000,13,32.5120,183.5578,47.5128,4.7970,-9.6612
1578.000000,14,32.5120,183.7557,47.6795,4.7658,-9.1723
1578.000000,15,32.5120,183.0151,47.0646,4.8915,-7.7702
1578.000000,16,32.5120,183.2150,47.2891,4.9160,-8.0639
1578.000000,17,32.5120,183.4137,46.9966,4.4249,-8.5573
1578.000000,18,32.5120,183.6110,47.1322,4.3632,-8.2968
1578.000000,19,32.5120,183.8068,46.4042,3.4394,-8.8315
1578.000000,20,32.5120,183.0813,44.3265,2.0871,-4.8896
1578.000000,21,32.5120,183.2787,43.7043,1.2676,-6.8951
1578.000000,22,32.5120,183.4749,44.1502,1.5173,-6.8542
1578.000000,23,32.5120,183.6698,43.6171,0.7892,-7.5489
1578.000000,24,32.5120,183.8634,43.9356,0.9142,-6.9667
1579.000000,0,32.4298,182.7885,42.9534,1.0069,-6.3589
1579.000000,1,32.4298,183.0745,42.9281,0.6955,-7.6412
1579.000000,2,32.4298,183.2789,44.1449,1.7079,-6.8729
1579.000000,3,32.4298,183.4816,44.2335,1.5938,-6.9036
1579.000000,4,32.4298,183.6826,45.0714,2.2308,-5.4783
1579.000000,5,32.4298,182.9171,46.0503,3.9752,-8.8474
1579.000000,6,32.4298,183.1211,47.1423,4.8632,-8.2730
1579.000000,7,32.4298,183.3236,47.1772,4.6956,-8.5648
1579.000000,8,32.4298,183.5245,47.2920,4.6094,-8.4356
1579.000000,9,32.4298,183.7238,47.4902,4.6083,-7.8828
1579.000000,10,32.4298,182.9723,47.6891,5.5588,-9.0040
1579.000000,11,32.4298,183.1741,47.4064,5.0743,-9.7437
1579.000000,12,32.4298,183.3745,47.7125,5.1800,-9.5456
1579.000000,13,32.4298,183.5734,47.5102,4.7788,-9.6807
1579.000000,14,32.4298,183.7707,47.6825,4.7538,-9.1868
1579.000000,15,32.4298,183.0339,47.0089,4.8170,-7.8063
1579.000000,16,32.4298,183.2332,47.2712,4.8799,-8.0832
1579.000000,17,32.4298,183.4313,46.9560,4.3667,-8.6276
1579.000000,18,32.4298,183.6280,47.1207,4.3347,-8.3595
1579.000000,19,32.4298,183.8233,46.4095,3.4282,-8.8983
1579.000000,20,32.4298,183.1017,44.2768,2.0170,-4.9281
1579.000000,21,32.4298,183.2984,43.7045,1.2481,-6.9112
1579.000000,22,32.4298,183.4939,44.1328,1.4809,-6.9297
1579.000000,23,32.4298,183.6882,43.6371,0.7909,-7.6160
1579.000000,24,32.4298,183.8812,43.9465,0.9072,-7.0850
1580.000000,0,32.3459,182.8027,42.9604,0.9997,-6.5020
1580.000000,1,32.3459,183.0882,42.9469,0.7007,-7.7085
1580.000000,2,32.3459,183.2922,44.1189,1.6687,-6.9460
1580.000000,3,32.3459,183.4945,44.1529,1.5003,-6.9971
1580.000000,4,32.3459,183.6950,45.0309,2.1778,-5.4802
1580.000000,5,32.3459,182.9330,46.0576,3.9665,-8.9225
1580.000000,6,32.3459,183.1365,47.1293,4.8347,-8.3382
1580.000000,7,32.3459,183.3385,47.1344,4.6379,-8.6346
1580.000000,8,32.3459,183.5389,47.2837,4.5868,-8.4417
1580.000000,9,32.3459,183.7377,47.4557,4.5599,-7.8962
1580.000000,10,32.3459,182.9899,47.6918,5.5438,-9.0159
1580.000000,11,32.3459,183.1911,47.4078,5.0586,-9.7566
1580.000000,12,32.3459,183.3909,47.7125,5.1635,-9.5605
1580.000000,13,32.3459,183.5893,47.5071,4.7598,-9.6998
1580.000000,14,32.3459,183.7861,47.6854,4.7413,-9.2004
1580.000000,15,32.3459,183.0532,46.9514,4.7402,-7.8448
1580.000000,16,32.3459,183.2518,47.2525,4.8426,-8.1041
1580.000000,17,32.3459,183.4492,46.9147,4.3074,-8.6989
1580.000000,18,32.3459,183.6453,47.1090,4.3056,-8.4223
1580.000000,19,32.3459,183.8400,46.4149,3.4168,-8.9641
1580.000000,20,32.3459,183.1225,44.2277,1.9472,-4.9695
1580.000000,21,32.3459,183.3184,43.7053,1.2288,-6.9293
1580.000000,22,32.3459,183.5133,44.1161,1.4448,-7.0065
1580.000000,23,32.3459,183.7070,43.6576,0.7926,-7.6847
1580.000000,24,32.3459,183.8994,43.9579,0.9006,-7.2042
1581.000000,0,32.2604,182.8973,42.9685,0.9132,-6.6607
1581.000000,1,32.2604,183.1024,42.9666,0.7062,-7.7776
1581.000000,2,32.2604,183.3059,44.0937,1.6298,-7.0208
1581.000000,3,32.2604,183.5077,44.0724,1.4067,-7.0928
1581.000000,4,32.2604,183.7078,44.9903,2.1244,-5.4852
1581.000000,5,32.2604,182.9493,46.0650,3.9576,-8.9963
1581.000000,6,32.2604,183.1523,47.1159,4.8055,-8.4036
1581.000000,7,32.2604,183.3538,47.0905,4.5787,-8.7060
1581.000000,8,32.2604,183.5537,47.2744,4.5626,-8.4493
1581.000000,9,32.2604,183.7520,47.4189,4.5088,-7.9122
1581.000000,10,32.2604,183.0079,47.6942,5.5282,-9.0269
1581.000000,11,32.2604,183.2085,47.4079,5.0414,-9.7702
1581.000000,12,32.2604,183.4077,47.7125,5.1467,-9.5749
1581.000000,13,32.2604,183.6055,47.5036,4.7401,-9.7188
1581.000000,14,32.2604,183.8018,47.6881,4.7283,-9.2129
1581.000000,15,32.2604,183.0727,46.8922,4.6614,-7.8858
1581.000000,16,32.2604,183.2707,47.2329,4.8041,-8.1264
1581.000000,17,32.2604,183.4675,46.8728,4.2472,-8.7713
1581.000000,18,32.2604,183.6630,47.0971,4.2760,-8.4851
1581.000000,19,32.2604,183.8572,46.4204,3.4052,-9.0290
1581.000000,20,32.2604,183.1436,44.1792,1.8775,-5.0137
1581.000000,21,32.2604,183.3388,43.7067,1.2098,-6.9493
1581.000000,22,32.2604,183.5330,44.1002,1.4092,-7.0846
1581.000000,23,32.2604,183.7260,43.6786,0.7945,-7.7549
1581.000000,24,32.2604,183.9178,43.9700,0.8941,-7.3240
1582.000000,0,32.1733,182.9123,42.9777,0.9073,-6.8066
1582.000000,1,32.1733,183.1169,42.9871,0.7121,-7.8486
1582.000000,2,32.1733,183.3199,44.0691,1.5912,-7.0972
1582.000000,3,32.1733,183.5213,43.9922,1.3129,-7.1906
1582.000000,4,32.1733,183.7210,44.9497,2.0707,-5.4932
1582.000000,5,32.1733,182.9661,46.0724,3.9483,-9.0687
1582.000000,6,32.1733,183.1684,47.1021,4.7756,-8.4690
1582.000000,7,32.1733,183.3694,47.0454,4.5180,-8.7788
1582.000000,8,32.1733,183.5688,47.2638,4.5370,-8.4586
1582.000000,9,32.1733,183.7666,47.3799,4.4552,-7.9309
1582.000000,10,32.1733,183.0263,47.6964,5.5121,-9.0370
1582.000000,11,32.1733,183.2262,47.4193,5.0350,-9.7707
1582.000000,12,32.1733,183.4249,47.7125,5.1296,-9.5888
1582.000000,13,32.1733,183.6221,47.4998,4.7196,-9.7375
1582.000000,14,32.1733,183.8179,47.6907,4.7148,-9.2245
1582.000000,15,32.1733,183.0927,46.8313,4.5806,-7.9291
1582.000000,16,32.1733,183.2900,47.2125,4.7644,-8.1502
1582.000000,17,32.1733,183.4862,46.8302,4.1860,-8.8444
1582.000000,18,32.1733,183.6810,47.0850,4.2460,-8.5478
1582.000000,19,32.1733,183.8746,46.4259,3.3933,-9.0928
1582.000000,20,32.1733,183.1651,44.1312,1.8081,-5.0606
1582.000000,21,32.1733,183.3596,43.7086,1.1910,-6.9713
1582.000000,22,32.1733,183.5530,44.0851,1.3740,-7.1639
1582.000000,23,32.1733,183.7454,43.7000,0.7966,-7.8263
1582.000000,24,32.1733,183.9366,43.9826,0.8880,-7.4444
1583.000000,0,32.0847,182.9278,42.9879,0.9021,-6.9536
1583.000000,1,32.0847,183.1318,43.0083,0.7184,-7.9211
1583.000000,2,32.0847,183.3343,44.0453,1.5530,-7.1752
1583.000000,3,32.0847,183.5353,43.9600,1.2667,-7.2338
1583.000000,4,32.0847,183.7345,44.9093,2.0167,-5.5043
1583.000000,5,32.0847,182.9832,46.0800,3.9388,-9.1398
1583.000000,6,32.0847,183.1850,47.0879,4.7449,-8.5345
1583.000000,7,32.0847,183.3854,46.9992,4.4558,-8.8529
1583.000000,8,32.0847,183.5843,47.2522,4.5099,-8.4694
1583.000000,9,32.0847,183.7816,47.3388,4.3991,-7.9522
1583.000000,10,32.0847,183.0450,47.6984,5.4954,-9.0461
1583.000000,11,32.0847,183.2443,47.4351,5.0327,-9.7657
1583.000000,12,32.0847,183.4424,47.7125,5.1121,-9.6021
1583.000000,13,32.0847,183.6390,47.4955,4.6984,-9.7560
1583.000000,14,32.0847,183.8343,47.6931,4.7008,-9.2352
1583.000000,15,32.0847,183.1130,46.7689,4.4979,-7.9748
1583.000000,16,32.0847,183.3096,47.1913,4.7237,-8.1755
1583.000000,17,32.0847,183.5051,46.7872,4.1240,-8.9184
1583.000000,18,32.0847,183.6994,47.0729,4.2154,-8.6104
1583.000000,19,32.0847,183.8923,46.4315,3.3811,-9.1555
1583.000000,20,32.0847,183.1868,44.0839,1.7390,-5.1100
1583.000000,21,32.0847,183.3806,43.7112,1.1725,-6.9951
1583.000000,22,32.0847,183.5734,44.0706,1.3392,-7.2443
1583.000000,23,32.0847,183.7651,43.7219,0.7988,-7.8989
1583.000000,24,32.0847,183.9556,43.9957,0.8821,-7.5651
1584.000000,0,31.9945,182.9436,42.9991,0.8975,-7.1015
1584.000000,1,31.9945,183.1471,43.0303,0.7251,-7.9950
1584.000000,2,31.9945,183.3492,44.0223,1.5151,-7.2545
1584.000000,3,31.9945,183.5496,43.9588,1.2512,-7.2425
1584.000000,4,31.9945,183.7484,44.8689,1.9624,-5.5183
1584.000000,5,31.9945,183.0007,46.0877,3.9290,-9.2094
1584.000000,6,31.9945,183.2019,47.0735,4.7135,-8.5999
1584.000000,7,31.9945,183.4017,46.9519,4.3922,-8.9282
1584.000000,8,31.9945,183.6001,47.2394,4.4813,-8.4819
1584.000000,9,31.9945,183.7969,47.2956,4.3406,-7.9761
1584.000000,10,31.9945,183.0641,47.7002,5.4781,-9.0544
1584.000000,11,31.9945,183.2628,47.4479,5.0271,-9.7634
1584.000000,12,31.9945,183.4602,47.7125,5.0942,-9.6150
1584.000000,13,31.9945,183.6563,47.4909,4.6765,-9.7742
1584.000000,14,31.9945,183.8510,47.6953,4.6863,-9.2449
1584.000000,15,31.9945,183.1336,46.7050,4.4133,-8.0228
1584.000000,16,31.9945,183.3296,47.1695,4.6819,-8.2022
1584.000000,17,31.9945,183.5244,46.7436,4.0611,-8.9931
1584.000000,18,31.9945,183.7180,47.0605,4.1845,-8.6727
1584.000000,19,31.9945,183.9104,46.4372,3.3687,-9.2169
1584.000000,20,31.9945,183.2090,44.0373,1.6703,-5.1617
1584.000000,21,31.9945,183.4020,43.7143,1.1542,-7.0206
1584.000000,22,31.9945,183.5941,44.0570,1.3048,-7.3256
1584.000000,23,31.9945,183.7851,43.7442,0.8011,-7.9725
1584.000000,24,31.9945,183.9750,44.0094,0.8764,-7.6858
1585.000000,0,31.9028,182.9599,43.0114,0.8935,-7.2498
1585.000000,1,31.9028,183.1628,43.0530,0.7321,-8.0703
1585.000000,2,31.9028,183.3643,44.0001,1.4777,-7.3350
1585.000000,3,31.9028,183.5643,43.9581,1.2358,-7.2533
1585.000000,4,31.9028,183.7626,44.8286,1.9080,-5.5351
1585.000000,5,31.9028,183.0186,46.0955,3.9189,-9.2774
1585.000000,6,31.9028,183.2192,47.0587,4.6815,-8.6653
1585.000000,7,31.9028,183.4185,46.9037,4.3272,-9.0047
1585.000000,8,31.9028,183.6163,47.2257,4.4514,-8.4959
1585.000000,9,31.9028,183.8126,47.2504,4.2798,-8.0025
1585.000000,10,31.9028,183.0836,47.7019,5.4602,-9.0618
1585.000000,11,31.9028,183.2816,47.4578,5.0182,-9.7636
1585.000000,12,31.9028,183.4784,47.7125,5.0760,-9.6274
1585.000000,13,31.9028,183.6739,47.4859,4.6539,-9.7921
1585.000000,14,31.9028,183.8680,47.6974,4.6714,-9.2537
1585.000000,15,31.9028,183.1546,46.6396,4.3270,-8.0731
1585.000000,16,31.9028,183.3499,47.1469,4.6390,-8.2302
1585.000000,17,31.9028,183.5440,46.6995,3.9975,-9.0685
1585.000000,18,31.9028,183.7370,47.0481,4.1530,-8.7348
1585.000000,19,31.9028,183.9288,46.4429,3.3561,-9.2771
1585.000000,20,31.9028,183.2314,43.9914,1.6019,-5.2157
1585.000000,21,31.9028,183.4237,43.7179,1.1362,-7.0478
1585.000000,22,31.9028,183.6151,44.0440,1.2709,-7.4078
1585.000000,23,31.9028,183.8054,43.7669,0.8035,-8.0470
1585.000000,24,31.9028,183.9946,44.0236,0.8709,-7.8064
1586.000000,0,31.8097,182.9765,43.0247,0.8901,-7.3983
1586.000000,1,31.8097,183.1789,43.0763,0.7394,-8.1467
1586.000000,2,31.8097,183.3799,43.9786,1.4407,-7.4168
1586.000000,3,31.8097,183.5793,43.9580,1.2206,-7.2659
1586.000000,4,31.8097,183.7772,44.7885,1.8533,-5.5548
1586.000000,5,31.8097,183.0369,46.1034,3.9085,-9.3439
1586.000000,6,31.8097,183.2369,47.0437,4.6488,-8.7304
1586.000000,7,31.8097,183.4355,46.8546,4.2610,-9.0822
1586.000000,8,31.8097,183.6328,47.2109,4.4201,-8.5114
1586.000000,9,31.8097,183.8286,47.2032,4.2166,-8.0316
1586.000000,10,31.8097,183.1035,47.7033,5.4418,-9.0684
1586.000000,11,31.8097,183.3008,47.4649,5.0061,-9.7665
1586.000000,12,31.8097,183.4970,47.7125,5.0575,-9.6394
1586.000000,13,31.8097,183.6918,47.4806,4.6307,-9.8099
1586.000000,14,31.8097,183.8854,47.6994,4.6559,-9.2617
1586.000000,15,31.8097,183.1760,46.6228,4.2888,-8.0679
1586.000000,16,31.8097,183.3705,47.1238,4.5952,-8.2596
1586.000000,17,31.8097,183.5640,46.6551,3.9331,-9.1444
1586.000000,18,31.8097,183.7563,47.0355,4.1212,-8.7965
1586.000000,19,31.8097,183.9474,46.4486,3.3432,-9.3359
1586.000000,20,31.8097,183.2542,43.9462,1.5340,-5.2717
1586.000000,21,31.8097,183.4457,43.7222,1.1184,-7.0767
1586.000000,22,31.8097,183.6363,44.0319,1.2375,-7.4907
1586.000000,23,31.8097,183.8260,43.7900,0.8060,-8.1223
1586.000000,24,31.8097,184.0146,44.0383,0.8657,-7.9266
1587.000000,0,31.7151,182.9936,43.0389,0.8873,-7.5466
1587.000000,1,31.7151,183.1954,43.1004,0.7470,-8.2240
1587.000000,2,31.7151,183.3958,43.9579,1.4041,-7.4995
1587.000000,3,31.7151,183.5947,43.9584,1.2056,-7.2803
1587.000000,4,31.7151,183.7921,44.7486,1.7985,-5.5771
1587.000000,5,31.7151,183.0556,46.1114,3.8978,-9.4087
1587.000000,6,31.7151,183.2549,47.0284,4.6155,-8.7952
1587.000000,7,31.7151,183.4530,46.8046,4.1936,-9.1607
1587.000000,8,31.7151,183.6496,47.1952,4.3876,-8.5284
1587.000000,9,31.7151,183.8449,47.1542,4.1513,-8.0631
1587.000000,10,31.7151,183.1237,47.7046,5.4229,-9.0741
1587.000000,11,31.7151,183.3203,47.4693,4.9909,-9.7718
1587.000000,12,31.7151,183.5158,47.7125,5.0386,-9.6509
1587.000000,13,31.7151,183.7101,47.4749,4.6067,-9.8273
1587.000000,14,31.7151,183.9030,47.7011,4.6401,-9.2687
1587.000000,15,31.7151,183.1977,46.6225,4.2668,-8.0444
1587.000000,16,31.7151,183.3915,47.1000,4.5505,-8.2902
1587.000000,17,31.7151,183.5842,46.6102,3.8679,-9.2208
1587.000000,18,31.7151,183.7759,47.0229,4.0890,-8.8578
1587.000000,19,31.7151,183.9664,46.4545,3.3300,-9.3934
1587.000000,20,31.7151,183.2773,43.9018,1.4665,-5.3296
1587.000000,21,31.7151,183.4680,43.7270,1.1009,-7.1070
1587.000000,22,31.7151,183.6579,44.0205,1.2045,-7.5743
1587.000000,23,31.7151,183.8469,43.8135,0.8086,-8.1981
1587.000000,24,31.7151,184.0348,44.0535,0.8606,-8.0463
1588.000000,0,31.6191,183.0110,43.0541,0.8851,-7.6945
1588.000000,1,31.6191,183.2122,43.1252,0.7549,-8.3022
1588.000000,2,31.6191,183.4121,43.9380,1.3679,-7.5832
1588.000000,3,31.6191,183.6105,43.9593,1.1908,-7.2965
1588.000000,4,31.6191,183.8073,44.7090,1.7436,-5.6020
1588.000000,5,31.6191,183.0746,46.1195,3.8869,-9.4719
1588.000000,6,31.6191,183.2733,47.0129,4.5816,-8.8598
1588.000000,7,31.6191,183.4707,46.7538,4.1250,-9.2401
1588.000000,8,31.6191,183.6668,47.1786,4.3537,-8.5469
1588.000000,9,31.6191,183.8615,47.1034,4.0839,-8.0971
1588.000000,10,31.6191,183.1442,47.7057,5.4034,-9.0792
1588.000000,11,31.6191,183.3402,47.4710,4.9727,-9.7795
1588.000000,12,31.6191,183.5350,47.7125,5.0194,-9.6619
1588.000000,13,31.6191,183.7287,47.4866,4.5998,-9.8251
1588.000000,14,31.6191,183.9210,47.7028,4.6237,-9.2750
1588.000000,15,31.6191,183.2197,46.6214,4.2437,-8.0225
1588.000000,16,31.6191,183.4127,47.0756,4.5048,-8.3220
1588.000000,17,31.6191,183.6048,46.5650,3.8022,-9.2976
1588.000000,18,31.6191,183.7958,47.0102,4.0563,-8.9187
1588.000000,19,31.6191,183.9857,46.4604,3.3166,-9.4495
1588.000000,20,31.6191,183.3007,43.8582,1.3994,-5.3893
1588.000000,21,31.6191,183.4907,43.7323,1.0836,-7.1388
1588.000000,22,31.6191,183.6798,44.0098,1.1719,-7.6584
1588.000000,23,31.6191,183.8681,43.8374,0.8113,-8.2745
1588.000000,24,31.6191,184.0553,44.0691,0.8558,-8.1652
1589.000000,0,31.5218,183.0288,43.0703,0.8834,-7.8417
1589.000000,1,31.5218,183.2294,43.1506,0.7631,-8.3810
1589.000000,2,31.5218,183.4287,43.9190,1.3322,-7.6677
1589.000000,3,31.5218,183.6266,43.9608,1.1762,-7.3144
1589.000000,4,31.5218,183.8229,44.6696,1.6886,-5.6294
1589.000000,5,31.5218,183.0940,46.1277,3.8757,-9.5334
1589.000000,6,31.5218,183.2920,46.9972,4.5471,-8.9240
1589.000000,7,31.5218,183.4888,46.7022,4.0553,-9.3203
1589.000000,8,31.5218,183.6843,47.1611,4.3187,-8.5668
1589.000000,9,31.5218,183.8785,47.0509,4.0144,-8.1335
1589.000000,10,31.5218,183.1651,47.7066,5.3834,-9.0834
1589.000000,11,31.5218,183.3604,47.4700,4.9516,-9.7896
1589.000000,12,31.5218,183.5546,47.7125,4.9999,-9.6725
1589.000000,13,31.5218,183.7476,47.4959,4.5903,-9.8248
1589.000000,14,31.5218,183.9393,47.7043,4.6070,-9.2804
1589.000000,15,31.5218,183.2420,46.6196,4.2195,-8.0024
1589.000000,16,31.5218,183.4343,47.0507,4.4583,-8.3551
1589.000000,17,31.5218,183.6257,46.5195,3.7358,-9.3748
1589.000000,18,31.5218,183.8160,46.9974,4.0234,-8.9790
1589.000000,19,31.5218,184.0052,46.4665,3.3032,-9.5040
1589.000000,20,31.5218,183.3244,43.8154,1.3329,-5.4506
1589.000000,21,31.5218,183.5136,43.7383,1.0666,-7.1719
1589.000000,22,31.5218,183.7020,43.9999,1.1399,-7.7430
1589.000000,23,31.5218,183.8895,43.8616,0.8140,-8.3511
1589.000000,24,31.5218,184.0761,44.0853,0.8511,-8.2831
1590.000000,0,31.4231,183.0470,43.0873,0.8823,-7.9878
1590.000000,1,31.4231,183.2470,43.1766,0.7715,-8.4603
1590.000000,2,31.4231,183.4457,43.9008,1.2970,-7.7528
1590.000000,3,31.4231,183.6430,43.9627,1.1617,-7.3339
1590.000000,4,31.4231,183.8388,44.6304,1.6336,-5.6592
1590.000000,5,31.4231,183.1137,46.1360,3.8642,-9.5931
1590.000000,6,31.4231,183.3111,46.9812,4.5121,-8.9877
1590.000000,7,31.4231,183.5073,46.6500,3.9847,-9.4012
1590.000000,8,31.4231,183.7022,47.1427,4.2825,-8.5881
1590.000000,9,31.4231,183.8957,46.9967,3.9429,-8.1722
1590.000000,10,31.4231,183.1864,47.7073,5.3629,-9.0870
1590.000000,11,31.4231,183.3809,47.4665,4.9276,-9.8020
1590.000000,12,31.4231,183.5744,47.7125,4.9800,-9.6826
1590.000000,13,31.4231,183.7668,47.5019,4.5771,-9.8276
1590.000000,14,31.4231,183.9579,47.7057,4.5897,-9.2851
1590.000000,15,31.4231,183.2647,46.6170,4.1943,-7.9839
1590.000000,16,31.4231,183.4563,47.0253,4.4110,-8.3892
1590.000000,17,31.4231,183.6469,46.4976,3.6926,-9.4258
1590.000000,18,31.4231,183.8365,46.9846,3.9900,-9.0388
1590.000000,19,31.4231,184.0251,46.4804,3.2973,-9.5484
1590.000000,20,31.4231,183.3484,43.7734,1.2670,-5.5134
1590.000000,21,31.4231,183.5368,43.7448,1.0499,-7.2063
1590.000000,22,31.4231,183.7245,43.9908,1.1083,-7.8279
1590.000000,23,31.4231,183.9113,43.8861,0.8168,-8.4280
1590.000000,24,31.4231,184.0971,44.1018,0.8467,-8.4000
1591.000000,0,31.3231,183.0656,43.1053,0.8817,-8.1327
1591.000000,1,31.3231,183.2650,43.2032,0.7802,-8.5399
1591.000000,2,31.3231,183.4631,43.8834,1.2623,-7.8386
1591.000000,3,31.3231,183.6598,43.9652,1.1474,-7.3549
1591.000000,4,31.3231,183.8550,44.5917,1.5786,-5.6913
1591.000000,5,31.3231,183.1338,46.1444,3.8525,-9.6511
1591.000000,6,31.3231,183.3305,46.9652,4.4766,-9.0510
1591.000000,7,31.3231,183.5261,46.5971,3.9130,-9.4827
1591.000000,8,31.3231,183.7204,47.1235,4.2451,-8.6107
1591.000000,9,31.3231,183.9133,46.9409,3.8696,-8.2133
1591.000000,10,31.3231,183.2080,47.7079,5.3419,-9.0899
1591.000000,11,31.3231,183.4018,47.4606,4.9007,-9.8166
1591.000000,12,31.3231,183.5946,47.7125,4.9598,-9.6924
1591.000000,13,31.3231,183.7863,47.5048,4.5604,-9.8334
1591.000000,14,31.3231,183.9768,47.7069,4.5721,-9.2891
1591.000000,15,31.3231,183.2877,46.6137,4.1680,-7.9672
1591.000000,16,31.3231,183.4785,46.9995,4.3629,-8.4245
1591.000000,17,31.3231,183.6684,46.5006,3.6742,-9.4489
1591.000000,18,31.3231,183.8573,46.9717,3.9564,-9.0980
1591.000000,19,31.3231,184.0452,46.4942,3.2909,-9.5916
1591.000000,20,31.3231,183.3727,43.7324,1.2016,-5.5776
1591.000000,21,31.3231,183.5603,43.7518,1.0334,-7.2419
1591.000000,22,31.3231,183.7472,43.9824,1.0771,-7.9130
1591.000000,23,31.3231,183.9333,43.9110,0.8197,-8.5049
1591.000000,24,31.3231,184.1185,44.1189,0.8424,-8.5155
1592.000000,0,31.2218,183.0845,43.1241,0.8816,-8.2760
1592.000000,1,31.2218,183.2833,43.2304,0.7891,-8.6197
1592.000000,2,31.2218,183.4807,43.8668,1.2280,-7.9247
1592.000000,3,31.2218,183.6769,43.9682,1.1333,-7.3774
1592.000000,4,31.2218,183.8716,44.5532,1.5236,-5.7256
1592.000000,5,31.2218,183.1543,46.1528,3.8405,-9.7073
1592.000000,6,31.2218,183.3503,46.9490,4.4406,-9.1137
1592.000000,7,31.2218,183.5452,46.5437,3.8404,-9.5649
1592.000000,8,31.2218,183.7388,47.1036,4.2067,-8.6347
1592.000000,9,31.2218,183.9312,46.8836,3.7944,-8.2567
1592.000000,10,31.2218,183.2299,47.7083,5.3203,-9.0922
1592.000000,11,31.2218,183.4230,47.4522,4.8712,-9.8333
1592.000000,12,31.2218,183.6151,47.7125,4.9393,-9.7017
1592.000000,13,31.2218,183.8061,47.5045,4.5403,-9.8421
1592.000000,14,31.2218,183.9960,47.7080,4.5540,-9.2923
1592.000000,15,31.2218,183.3110,46.6098,4.1407,-7.9521
1592.000000,16,31.2218,183.5010,46.9732,4.3141,-8.4607
1592.000000,17,31.2218,183.6902,46.5035,3.6553,-9.4723
1592.000000,18,31.2218,183.8784,46.9588,3.9224,-9.1565
1592.000000,19,31.2218,184.0656,46.5078,3.2841,-9.6334
1592.000000,20,31.2218,183.3974,43.6922,1.1368,-5.6429
1592.000000,21,31.2218,183.5842,43.7594,1.0172,-7.2787
1592.000000,22,31.2218,183.7703,43.9747,1.0464,-7.9983
1592.000000,23,31.2218,183.9556,43.9362,0.8226,-8.5817
1592.000000,24,31.2218,184.1401,44.1363,0.8382,-8.6296
1593.000000,0,31.1194,183.1038,43.1438,0.8820,-8.4176
1593.000000,1,31.1194,183.3019,43.2582,0.7983,-8.6996
1593.000000,2,31.1194,183.4988,43.8511,1.1943,-8.0112
1593.000000,3,31.1194,183.6943,43.9718,1.1194,-7.4014
1593.000000,4,31.1194,183.8885,44.5152,1.4687,-5.7620
1593.000000,5,31.1194,183.1751,46.1614,3.8282,-9.7617
1593.000000,6,31.1194,183.3704,46.9326,4.4041,-9.1759
1593.000000,7,31.1194,183.5646,46.4897,3.7670,-9.6475
1593.000000,8,31.1194,183.7577,47.0829,4.1672,-8.6600
1593.000000,9,31.1194,183.9494,46.8249,3.7175,-8.3023
1593.000000,10,31.1194,183.2522,47.7085,5.2983,-9.0939
1593.000000,11,31.1194,183.4445,47.4415,4.8390,-9.8522
1593.000000,12,31.1194,183.6359,47.7125,4.9185,-9.7107
1593.000000,13,31.1194,183.8262,47.5011,4.5169,-9.8537
1593.000000,14,31.1194,184.0154,47.7089,4.5355,-9.2949
1593.000000,15,31.1194,183.3346,46.6052,4.1125,-7.9387
1593.000000,16,31.1194,183.5239,46.9465,4.2646,-8.4980
1593.000000,17,31.1194,183.7123,46.5062,3.6359,-9.4959
1593.000000,18,31.1194,183.8998,46.9459,3.8881,-9.2143
1593.000000,19,31.1194,184.0863,46.5213,3.2769,-9.6740
1593.000000,20,31.1194,183.4223,43.6530,1.0727,-5.7093
1593.000000,21,31.1194,183.6082,43.7675,1.0012,-7.3165
1593.000000,22,31.1194,183.7936,43.9678,1.0162,-8.0836
1593.000000,23,31.1194,183.9782,43.9617,0.8255,-8.6583
1593.000000,24,31.1194,184.1619,44.1542,0.8342,-8.7421
1594.000000,0,31.0157,183.1235,43.1643,0.8828,-8.5572
1594.000000,1,31.0157,183.3209,43.2865,0.8076,-8.7793
1594.000000,2,31.0157,183.5171,43.8363,1.1611,-8.0980
1594.000000,3,31.0157,183.7121,43.9758,1.1057,-7.4266
1594.000000,4,31.0157,183.9056,44.4775,1.4138,-5.8003
1594.000000,5,31.0157,183.1963,46.1795,3.8252,-9.8038
1594.000000,6,31.0157,183.3909,46.9162,4.3673,-9.2374
1594.000000,7,31.0157,183.5844,46.4938,3.7514,-9.6657
1594.000000,8,31.0157,183.7768,47.0615,4.1267,-8.6865
1594.000000,9,31.0157,183.9679,46.7648,3.6389,-8.3500
1594.000000,10,31.0157,183.2747,47.7086,5.2759,-9.0951
1594.000000,11,31.0157,183.4663,47.4286,4.8042,-9.8732
1594.000000,12,31.0157,183.6570,47.7125,4.8974,-9.7193
1594.000000,13,31.0157,183.8466,47.4948,4.4901,-9.8680
1594.000000,14,31.0157,184.0352,47.7098,4.5165,-9.2969
1594.000000,15,31.0157,183.3586,46.5999,4.0833,-7.9269
1594.000000,16,31.0157,183.5470,46.9195,4.2144,-8.5362
1594.000000,17,31.0157,183.7347,46.5088,3.6161,-9.5198
1594.000000,18,31.0157,183.9215,46.9330,3.8535,-9.2714
1594.000000,19,31.0157,184.1073,46.5347,3.2693,-9.7133
1594.000000,20,31.0157,183.4475,43.6147,1.0092,-5.7767
1594.000000,21,31.0157,183.6326,43.7761,0.9855,-7.3552
1594.000000,22,31.0157,183.8172,43.9617,0.9865,-8.1688
1594.000000,23,31.0157,184.0010,43.9874,0.8284,-8.7346
1594.000000,24,31.0157,184.1841,44.1724,0.8303,-8.8529
1595.000000,0,30.9108,183.1435,43.1856,0.8841,-8.6947
1595.000000,1,30.9108,183.3403,43.3154,0.8171,-8.8587
1595.000000,2,30.9108,183.5358,43.8223,1.1284,-8.1848
1595.000000,3,30.9108,183.7302,43.9804,1.0922,-7.4532
1595.000000,4,30.9108,183.9232,44.4403,1.3591,-5.8405
1595.000000,5,30.9108,183.2178,46.1977,3.8219,-9.8442
1595.000000,6,30.9108,183.4117,46.8997,4.3300,-9.2983
1595.000000,7,30.9108,183.6045,46.5160,3.7534,-9.6640
1595.000000,8,30.9108,183.7962,47.0395,4.0852,-8.7142
1595.000000,9,30.9108,183.9867,46.7530,3.6083,-8.3430
1595.000000,10,30.9108,183.2976,47.7086,5.2529,-9.0957
1595.000000,11,30.9108,183.4885,47.4135,4.7670,-9.8961
1595.000000,12,30.9108,183.6784,47.7125,4.8760,-9.7275
1595.000000,13,30.9108,183.8674,47.4857,4.4603,-9.8850
1595.000000,14,30.9108,184.0553,47.7105,4.4972,-9.2982
1595.000000,15,30.9108,183.3828,46.5941,4.0533,-7.9167
1595.000000,16,30.9108,183.5704,46.8921,4.1637,-8.5753
1595.000000,17,30.9108,183.7573,46.5113,3.5959,-9.5437
1595.000000,18,30.9108,183.9434,46.9201,3.8187,-9.3278
1595.000000,19,30.9108,184.1286,46.5478,3.2612,-9.7513
1595.000000,20,30.9108,183.3133,43.5773,1.1060,-5.8119
1595.000000,21,30.9108,183.4910,43.7853,1.1363,-7.3710
1595.000000,22,30.9108,183.6676,43.9563,1.1306,-8.2334
1595.000000,23,30.9108,183.8431,44.0135,1.0123,-8.7911
1595.000000,24,30.9108,184.0173,44.1910,1.0157,-8.9424
1596.000000,0,30.8048,183.1639,43.2077,0.8858,-8.8298
1596.000000,1,30.8048,183.3599,43.3447,0.8267,-8.9378
1596.000000,2,30.8048,183.5549,43.8091,1.0962,-8.2716
1596.000000,3,30.8048,183.7486,43.9855,1.0789,-7.4809
1596.000000,4,30.8048,183.9410,44.4035,1.3045,-5.8823
1596.000000,5,30.8048,183.2396,46.2157,3.8180,-9.8831
1596.000000,6,30.8048,183.4328,46.8831,4.2923,-9.3585
1596.000000,7,30.8048,183.6249,46.5422,3.7592,-9.6578
1596.000000,8,30.8048,183.8159,47.0168,4.0429,-8.7430
1596.000000,9,30.8048,184.0058,46.7639,3.6000,-8.3108
1596.000000,10,30.8048,183.3208,47.7084,5.2295,-9.0958
1596.000000,11,30.8048,183.5109,47.3962,4.7273,-9.9209
1596.000000,12,30.8048,183.7001,47.7125,4.8543,-9.7354
1596.000000,13,30.8048,183.8884,47.4737,4.4274,-9.9047
1596.000000,14,30.8048,184.0756,47.7110,4.4774,-9.2990
1596.000000,15,30.8048,183.4073,46.5878,4.0224,-7.9082
1596.000000,16,30.8048,183.5941,46.8644,4.1123,-8.6152
1596.000000,17,30.8048,183.7803,46.5136,3.5753,-9.5678
1596.000000,18,30.8048,183.9656,46.9072,3.7836,-9.3834
1596.000000,19,30.8048,184.1501,46.5737,3.2656,-9.7738
1596.000000,20,30.8048,183.3381,43.5410,1.0448,-5.8806
1596.000000,21,30.8048,183.5150,43.7950,1.1220,-7.4115
1596.000000,22,30.8048,183.6908,43.9516,1.1028,-8.3184
1596.000000,23,30.8048,183.8655,44.0398,1.0162,-8.8667
1596.000000,24,30.8048,184.0389,44.2100,1.0131,-9.0497
1597.000000,0,30.6977,183.1846,43.2306,0.8880,-8.9624
1597.000000,1,30.6977,183.3800,43.3745,0.8365,-9.0164
1597.000000,2,30.6977,183.5742,43.7968,1.0645,-8.3584
1597.000000,3,30.6977,183.7673,43.9911,1.0657,-7.5097
1597.000000,4,30.6977,183.9591,44.3673,1.2501,-5.9258
1597.000000,5,30.6977,183.2618,46.2588,3.8390,-9.8926
1597.000000,6,30.6977,183.4542,46.8665,4.2543,-9.4179
1597.000000,7,30.6977,183.6456,46.5815,3.7779,-9.6370
1597.000000,8,30.6977,183.8360,46.9936,3.9996,-8.7730
1597.000000,9,30.6977,184.0252,46.7746,3.5914,-8.2793
1597.000000,10,30.6977,183.3444,47.7081,5.2057,-9.0955
1597.000000,11,30.6977,183.5336,47.3769,4.6853,-9.9477
1597.000000,12,30.6977,183.7221,47.7125,4.8323,-9.7429
1597.000000,13,30.6977,183.9096,47.4591,4.3915,-9.9268
1597.000000,14,30.6977,184.0962,47.7115,4.4573,-9.2993
1597.000000,15,30.6977,183.4321,46.5809,3.9908,-7.9012
1597.000000,16,30.6977,183.6181,46.8365,4.0604,-8.6559
1597.000000,17,30.6977,183.8035,46.5157,3.5542,-9.5920
1597.000000,18,30.6977,183.9881,46.8944,3.7483,-9.4382
1597.000000,19,30.6977,184.1718,46.5990,3.2691,-9.7955
1597.000000,20,30.6977,183.3632,43.5056,0.9844,-5.9500
1597.000000,21,30.6977,183.5392,43.8051,1.1079,-7.4527
1597.000000,22,30.6977,183.7142,43.9476,1.0754,-8.4030
1597.000000,23,30.6977,183.8881,44.0663,1.0202,-8.9415
1597.000000,24,30.6977,184.0607,44.2294,1.0106,-9.1550
1598.000000,0,30.5896,183.2057,43.2542,0.8905,-9.0924
1598.000000,1,30.5896,183.4003,43.4048,0.8464,-9.0944
1598.000000,2,30.5896,183.5939,43.7854,1.0334,-8.4450
1598.000000,3,30.5896,183.7863,43.9971,1.0528,-7.5395
1598.000000,4,30.5896,183.9775,44.3315,1.1960,-5.9709
1598.000000,5,30.5896,183.2843,46.3286,3.8863,-9.8711
1598.000000,6,30.5896,183.4759,46.8498,4.2159,-9.4766
1598.000000,7,30.5896,183.6666,46.6191,3.7944,-9.6183
1598.000000,8,30.5896,183.8563,46.9698,3.9555,-8.8040
1598.000000,9,30.5896,184.0449,46.7853,3.5824,-8.2487
1598.000000,10,30.5896,183.3682,47.7091,5.1829,-9.0930
1598.000000,11,30.5896,183.5567,47.3557,4.6409,-9.9762
1598.000000,12,30.5896,183.7444,47.7125,4.8100,-9.7501
1598.000000,13,30.5896,183.9312,47.4419,4.3527,-9.9514
1598.000000,14,30.5896,184.1171,47.7119,4.4367,-9.2990
1598.000000,15,30.5896,183.4572,46.5735,3.9583,-7.8958
1598.000000,16,30.5896,183.6424,46.8084,4.0079,-8.6973
1598.000000,17,30.5896,183.8270,46.5178,3.5328,-9.6162
1598.000000,18,30.5896,184.0108,46.8816,3.7127,-9.4921
1598.000000,19,30.5896,184.1939,46.6232,3.2713,-9.8169
1598.000000,20,30.5896,183.3885,43.4713,0.9247,-6.0199
1598.000000,21,30.5896,183.5636,43.8158,1.0941,-7.4945
1598.000000,22,30.5896,183.7378,43.9444,1.0486,-8.4871
1598.000000,23,30.5896,183.9109,44.0930,1.0241,-9.0157
1598.000000,24,30.5896,184.0828,44.2491,1.0083,-9.2581
1599.000000,0,30.4804,183.2271,43.2785,0.8934,-9.2196
1599.000000,1,30.4804,183.4210,43.4355,0.8564,-9.1716
1599.000000,2,30.4804,183.6139,43.7748,1.0029,-8.5312
1599.000000,3,30.4804,183.8057,44.0037,1.0400,-7.5704
1599.000000,4,30.4804,183.9962,44.2963,1.1420,-6.0173
1599.000000,5,30.4804,183.3071,46.3930,3.9279,-9.8538
1599.000000,6,30.4804,183.4979,46.8332,4.1772,-9.5345
1599.000000,7,30.4804,183.6879,46.6549,3.8089,-9.6014
1599.000000,8,30.4804,183.8769,46.9455,3.9106,-8.8360
1599.000000,9,30.4804,184.0649,46.7959,3.5730,-8.2188
1599.000000,10,30.4804,183.3923,47.7097,5.1593,-9.0906
1599.000000,11,30.4804,183.5800,47.3325,4.5944,-10.0065
1599.000000,12,30.4804,183.7670,47.7125,4.7875,-9.7570
1599.000000,13,30.4804,183.9531,47.4222,4.3111,-9.9783
1599.000000,14,30.4804,184.1382,47.7121,4.4158,-9.2983
1599.000000,15,30.4804,183.3226,46.5657,4.0850,-7.8816
1599.000000,16,30.4804,183.5004,46.7800,4.1216,-8.7306
1599.000000,17,30.4804,183.6770,46.5243,3.6892,-9.6272
1599.000000,18,30.4804,183.8525,46.8689,3.8583,-9.5367
1599.000000,19,30.4804,184.0267,46.6623,3.4775,-9.8114
1599.000000,20,30.4804,183.4141,43.4379,0.8658,-6.0901
1599.000000,21,30.4804,183.5883,43.8270,1.0806,-7.5370
1599.000000,22,30.4804,183.7617,43.9419,1.0222,-8.5707
1599.000000,23,30.4804,183.9339,44.1200,1.0280,-9.0889
1599.000000,24,30.4804,184.1051,44.2691,1.0060,-9.3590
1600.000000,0,30.3702,183.2488,43.3034,0.8966,-9.3439
1600.000000,1,30.3702,183.4420,43.4666,0.8665,-9.2479
1600.000000,2,30.3702,183.6342,43.7651,0.9728,-8.6171
1600.000000,3,30.3702,183.8253,44.0374,1.0540,-7.5708
1600.000000,4,30.3702,184.0153,44.2616,1.0883,-6.0650
1600.000000,5,30.3702,183.3302,46.4521,3.9639,-9.8408
1600.000000,6,30.3702,183.5203,46.8166,4.1382,-9.5916
1600.000000,7,30.3702,183.7096,46.6889,3.8213,-9.5865
1600.000000,8,30.3702,183.8979,46.9208,3.8649,-8.8690
1600.000000,9,30.3702,184.0851,46.8064,3.5633,-8.1899
1600.000000,10,30.3702,183.4167,47.7108,5.1360,-9.0871
1600.000000,11,30.3702,183.6036,47.3075,4.5458,-10.0384
1600.000000,12,30.3702,183.7898,47.7125,4.7646,-9.7637
1600.000000,13,30.3702,183.9752,47.4001,4.2669,-10.0076
1600.000000,14,30.3702,184.1597,47.7122,4.3945,-9.2972
1600.000000,15,30.3702,183.3474,46.5575,4.0520,-7.8790
1600.000000,16,30.3702,183.5243,46.7515,4.0692,-8.7732
1600.000000,17,30.3702,183.7001,46.5337,3.6756,-9.6431
1600.000000,18,30.3702,183.8748,46.8562,3.8233,-9.5889
1600.000000,19,30.3702,184.0482,46.6995,3.4933,-9.8156
1600.000000,20,30.3702,183.4399,43.4056,0.8076,-6.1607
1600.000000,21,30.3702,183.6133,43.8386,1.0673,-7.5800
1600.000000,22,30.3702,183.7858,43.9400,0.9963,-8.6538
1600.000000,23,30.3702,183.9572,44.1471,1.0318,-9.1613
1600.000000,24,30.3702,184.1276,44.2895,1.0039,-9.4576
1601.000000,0,30.2590,183.2709,43.3291,0.9001,-9.4652
1601.000000,1,30.2590,183.4634,43.5885,0.9671,-9.2223
1601.000000,2,30.2590,183.6549,43.7563,0.9434,-8.7025
1601.000000,3,30.2590,183.8453,44.0989,1.0956,-7.5400
1601.000000,4,30.2590,184.0346,44.2276,1.0349,-6.1139
1601.000000,5,30.2590,183.3536,46.5061,3.9945,-9.8317
1601.000000,6,30.2590,183.5429,46.8000,4.0990,-9.6479
1601.000000,7,30.2590,183.7315,46.7213,3.8318,-9.5733
1601.000000,8,30.2590,183.9191,46.8956,3.8185,-8.9029
1601.000000,9,30.2590,184.1057,46.8169,3.5532,-8.1618
1601.000000,10,30.2590,183.4414,47.7097,5.1102,-9.0856
1601.000000,11,30.2590,183.6275,47.2807,4.4951,-10.0720
1601.000000,12,30.2590,183.8129,47.7125,4.7415,-9.7700
1601.000000,13,30.2590,183.9976,47.3757,4.2201,-10.0390
1601.000000,14,30.2590,184.1814,47.7122,4.3728,-9.2957
1601.000000,15,30.2590,183.3724,46.5488,4.0184,-7.8779
1601.000000,16,30.2590,183.5484,46.7229,4.0164,-8.8164
1601.000000,17,30.2590,183.7234,46.5485,3.6671,-9.6529
1601.000000,18,30.2590,183.8973,46.8436,3.7882,-9.6402
1601.000000,19,30.2590,184.0699,46.7499,3.5220,-9.8037
1601.000000,20,30.2590,183.4660,43.4190,0.7950,-6.1761
1601.000000,21,30.2590,183.6384,43.8508,1.0543,-7.6235
1601.000000,22,30.2590,183.8101,43.9389,0.9708,-8.7361
1601.000000,23,30.2590,183.9807,44.1969,1.0582,-9.2074
1601.000000,24,30.2590,184.1503,44.3101,1.0018,-9.5538
1602.000000,0,30.1468,183.2933,43.3553,0.9040,-9.5836
1602.000000,1,30.1468,183.4850,43.7332,1.0901,-9.1706
1602.000000,2,30.1468,183.6758,43.7483,0.9144,-8.7874
1602.000000,3,30.1468,183.8656,44.1716,1.1480,-7.4973
1602.000000,4,30.1468,184.0542,44.1941,0.9819,-6.1639
1602.000000,5,30.1468,183.3773,46.5551,4.0197,-9.8266
1602.000000,6,30.1468,183.5659,46.7834,4.0595,-9.7033
1602.000000,7,30.1468,183.7537,46.7521,3.8404,-9.5620
1602.000000,8,30.1468,183.9405,46.8700,3.7714,-8.9377
1602.000000,9,30.1468,184.1265,46.8272,3.5427,-8.1345
1602.000000,10,30.1468,183.3071,47.7064,5.2413,-9.0801
1602.000000,11,30.1468,183.4857,47.2522,4.6084,-10.1015
1602.000000,12,30.1468,183.6633,47.7125,4.8912,-9.7701
1602.000000,13,30.1468,183.8395,47.3573,4.3598,-10.0567
1602.000000,14,30.1468,184.0145,47.7122,4.5397,-9.2858
1602.000000,15,30.1468,183.3976,46.5398,3.9841,-7.8782
1602.000000,16,30.1468,183.5728,46.7146,3.9838,-8.8370
1602.000000,17,30.1468,183.7469,46.5668,3.6618,-9.6588
1602.000000,18,30.1468,183.9200,46.8429,3.7648,-9.6776
1602.000000,19,30.1468,184.0919,46.7991,3.5491,-9.7919
1602.000000,20,30.1468,183.4923,43.4846,0.8343,-6.1284
1602.000000,21,30.1468,183.6638,43.8634,1.0415,-7.6673
1602.000000,22,30.1468,183.8346,43.9806,0.9880,-8.7701
1602.000000,23,30.1468,184.0044,44.2679,1.1054,-9.2291
1602.000000,24,30.1468,184.1732,44.3431,1.0119,-9.6342
1603.000000,0,30.0338,183.3160,43.3822,0.9082,-9.6987
1603.000000,1,30.0338,183.5070,43.8728,1.2078,-9.1240
1603.000000,2,30.0338,183.6970,43.7411,0.8860,-8.8716
1603.000000,3,30.0338,183.8861,44.2432,1.1990,-7.4573
1603.000000,4,30.0338,184.0741,44.1612,0.9291,-6.2149
1603.000000,5,30.0338,183.4014,46.5993,4.0399,-9.8252
1603.000000,6,30.0338,183.5891,46.7670,4.0198,-9.7579
1603.000000,7,30.0338,183.7762,46.7812,3.8470,-9.5523
1603.000000,8,30.0338,183.9623,46.8440,3.7237,-8.9734
1603.000000,9,30.0338,184.1475,46.8375,3.5319,-8.1082
1603.000000,10,30.0338,183.3315,47.7036,5.2140,-9.0797
1603.000000,11,30.0338,183.5093,47.2220,4.5547,-10.1381
1603.000000,12,30.0338,183.6860,47.7125,4.8684,-9.7759
1603.000000,13,30.0338,183.8615,47.3479,4.3284,-10.0710
1603.000000,14,30.0338,184.0357,47.7120,4.5183,-9.2836
1603.000000,15,30.0338,183.4231,46.5304,3.9492,-7.8798
1603.000000,16,30.0338,183.5974,46.7289,3.9735,-8.8325
1603.000000,17,30.0338,183.7707,46.5932,3.6645,-9.6554
1603.000000,18,30.0338,183.9430,46.8533,3.7523,-9.7017
1603.000000,19,30.0338,184.1141,46.8429,3.5708,-9.7845
1603.000000,20,30.0338,183.5188,43.5589,0.8821,-6.0711
1603.000000,21,30.0338,183.6894,43.9006,1.0531,-7.6832
1603.000000,22,30.0338,183.8593,44.0672,1.0498,-8.7532
1603.000000,23,30.0338,184.0283,44.3610,1.1746,-9.2251
1603.000000,24,30.0338,184.1963,44.4070,1.0527,-9.6783
1604.000000,0,29.9199,183.3390,43.5403,1.0433,-9.6662
1604.000000,1,29.9199,183.5292,44.0075,1.3202,-9.0822
1604.000000,2,29.9199,183.7186,43.7348,0.8582,-8.9551
1604.000000,3,29.9199,183.9069,44.3135,1.2485,-7.4198
1604.000000,4,29.9199,184.0943,44.1290,0.8767,-6.2667
1604.000000,5,29.9199,183.4257,46.6387,4.0550,-9.8274
1604.000000,6,29.9199,183.6127,46.8103,4.0396,-9.7455
1604.000000,7,29.9199,183.7989,46.8087,3.8518,-9.5444
1604.000000,8,29.9199,183.9843,46.8177,3.6753,-9.0098
1604.000000,9,29.9199,184.1689,46.8477,3.5208,-8.0827
1604.000000,10,29.9199,183.3562,47.7033,5.1891,-9.0760
1604.000000,11,29.9199,183.5331,47.2011,4.5100,-10.1643
1604.000000,12,29.9199,183.7090,47.7125,4.8455,-9.7814
1604.000000,13,29.9199,183.8837,47.3383,4.2966,-10.0851
1604.000000,14,29.9199,184.0571,47.7117,4.4966,-9.2810
1604.000000,15,29.9199,183.4488,46.5207,3.9138,-7.8828
1604.000000,16,29.9199,183.6222,46.7676,3.9874,-8.8007
1604.000000,17,29.9199,183.7947,46.6187,3.6660,-9.6529
1604.000000,18,29.9199,183.9662,46.8784,3.7542,-9.7090
1604.000000,19,29.9199,184.1365,46.8817,3.5872,-9.7814
1604.000000,20,29.9199,183.5455,43.6324,0.9289,-6.0164
1604.000000,21,29.9199,183.7153,43.9544,1.0812,-7.6804
1604.000000,22,29.9199,183.8843,44.2009,1.1586,-8.6829
1604.000000,23,29.9199,184.0525,44.4721,1.2616,-9.2000
1604.000000,24,29.9199,184.2196,44.5073,1.1297,-9.6800
1605.000000,0,29.8051,183.3624,43.7598,1.2394,-9.5632
1605.000000,1,29.8051,183.5518,44.1372,1.4274,-9.0450
1605.000000,2,29.8051,183.7404,43.7293,0.8309,-9.0378
1605.000000,3,29.8051,183.9281,44.3826,1.2965,-7.3849
1605.000000,4,29.8051,184.1147,44.0975,0.8247,-6.3194
1605.000000,5,29.8051,183.4503,46.6736,4.0653,-9.8331
1605.000000,6,29.8051,183.6365,46.8777,4.0831,-9.7058
1605.000000,7,29.8051,183.8220,46.8347,3.8547,-9.5381
1605.000000,8,29.8051,184.0067,46.7957,3.6310,-9.0417
1605.000000,9,29.8051,184.1905,46.8578,3.5093,-8.0582
1605.000000,10,29.8051,183.3811,47.7041,5.1650,-9.0708
1605.000000,11,29.8051,183.5571,47.2247,4.5096,-10.1415
1605.000000,12,29.8051,183.7322,47.7125,4.8223,-9.7868
1605.000000,13,29.8051,183.9061,47.3286,4.2645,-10.0991
1605.000000,14,29.8051,184.0787,47.7113,4.4746,-9.2781
1605.000000,15,29.8051,183.4748,46.5224,3.8895,-7.8736
1605.000000,16,29.8051,183.6473,46.8064,4.0011,-8.7694
1605.000000,17,29.8051,183.8189,46.6424,3.6654,-9.6523
1605.000000,18,29.8051,183.9896,46.9244,3.7768,-9.6923
1605.000000,19,29.8051,184.1591,46.9156,3.5984,-9.7823
1605.000000,20,29.8051,183.5724,43.7049,0.9745,-5.9642
1605.000000,21,29.8051,183.7413,44.0299,1.1306,-7.6531
1605.000000,22,29.8051,183.9095,44.3321,1.2646,-8.6154
1605.000000,23,29.8051,184.0768,44.5785,1.3437,-9.1791
1605.000000,24,29.8051,184.2431,44.6483,1.2471,-9.6346
1606.000000,0,29.6895,183.3860,43.9694,1.4253,-9.4685
1606.000000,1,29.6895,183.5747,44.2623,1.5296,-9.0122
1606.000000,2,29.6895,183.7625,43.8542,0.9336,-8.9740
1606.000000,3,29.6895,183.9495,44.4506,1.3431,-7.3524
1606.000000,4,29.6895,184.1354,44.0666,0.7731,-6.3729
1606.000000,5,29.6895,183.3156,46.7040,4.2304,-9.8358
1606.000000,6,29.6895,183.4943,46.9413,4.2890,-9.6627
1606.000000,7,29.6895,183.6718,46.8592,4.0293,-9.5256
1606.000000,8,29.6895,183.8481,46.8303,3.8241,-9.0008
1606.000000,9,29.6895,184.0231,46.8678,3.6867,-8.0215
1606.000000,10,29.6895,183.4062,47.7049,5.1406,-9.0654
1606.000000,11,29.6895,183.5814,47.2469,4.5074,-10.1201
1606.000000,12,29.6895,183.7556,47.7125,4.7988,-9.7919
1606.000000,13,29.6895,183.9287,47.3188,4.2320,-10.1129
1606.000000,14,29.6895,184.1006,47.7109,4.4522,-9.2751
1606.000000,15,29.6895,183.5010,46.5261,3.8671,-7.8628
1606.000000,16,29.6895,183.6726,46.8438,4.0132,-8.7398
1606.000000,17,29.6895,183.8434,46.6644,3.6630,-9.6533
1606.000000,18,29.6895,184.0132,46.9878,3.8166,-9.6556
1606.000000,19,29.6895,184.1820,46.9447,3.6047,-9.7872
1606.000000,20,29.6895,183.5996,43.7765,1.0189,-5.9143
1606.000000,21,29.6895,183.7675,44.1039,1.1783,-7.6283
1606.000000,22,29.6895,183.9348,44.4589,1.3660,-8.5525
1606.000000,23,29.6895,184.1013,44.6804,1.4210,-9.1622
1606.000000,24,29.6895,184.2669,44.8278,1.4029,-9.5442
1607.000000,0,29.5731,183.4099,44.1695,1.6015,-9.3817
1607.000000,1,29.5731,183.5978,44.3827,1.6268,-8.9837
1607.000000,2,29.5731,183.7849,43.9877,1.0447,-8.9006
1607.000000,3,29.5731,183.9711,44.5173,1.3881,-7.3222
1607.000000,4,29.5731,184.1564,44.0657,0.7512,-6.3910
1607.000000,5,29.5731,183.3399,46.7302,4.2323,-9.8482
1607.000000,6,29.5731,183.5177,47.0014,4.3256,-9.6295
1607.000000,7,29.5731,183.6945,46.8822,4.0297,-9.5224
1607.000000,8,29.5731,183.8700,46.8639,3.8359,-8.9709
1607.000000,9,29.5731,184.0442,46.8777,3.6755,-7.9986
1607.000000,10,29.5731,183.4316,47.7055,5.1159,-9.0599
1607.000000,11,29.5731,183.6059,47.2677,4.5037,-10.1000
1607.000000,12,29.5731,183.7793,47.7125,4.7751,-9.7969
1607.000000,13,29.5731,183.9516,47.3089,4.1992,-10.1267
1607.000000,14,29.5731,184.1227,47.7103,4.4296,-9.2718
1607.000000,15,29.5731,183.5274,46.5347,3.8493,-7.8473
1607.000000,16,29.5731,183.6981,46.8801,4.0239,-8.7120
1607.000000,17,29.5731,183.8680,46.6848,3.6588,-9.6560
1607.000000,18,29.5731,184.0370,47.0508,3.8557,-9.6185
1607.000000,19,29.5731,184.2050,46.9691,3.6061,-9.7959
1607.000000,20,29.5731,183.6269,43.8472,1.0622,-5.8669
1607.000000,21,29.5731,183.7940,44.1764,1.2244,-7.6058
1607.000000,22,29.5731,183.9604,44.5815,1.4630,-8.4942
1607.000000,23,29.5731,184.1260,44.7778,1.4937,-9.1492
1607.000000,24,29.5731,184.2908,45.0023,1.5535,-9.4571
1608.000000,0,29.4559,183.4342,44.3604,1.7682,-9.3023
1608.000000,1,29.4559,183.6213,44.4986,1.7193,-8.9591
1608.000000,2,29.4559,183.8076,44.1173,1.1517,-8.8315
1608.000000,3,29.4559,183.9931,44.5829,1.4318,-7.2944
1608.000000,4,29.4559,184.1777,44.1208,0.7851,-6.3416
1608.000000,5,29.4559,183.3644,46.7521,4.2296,-9.8637
1608.000000,6,29.4559,183.5414,47.0579,4.3585,-9.5995
1608.000000,7,29.4559,183.7174,46.9037,4.0283,-9.5207
1608.000000,8,29.4559,183.8921,46.8966,3.8464,-8.9424
1608.000000,9,29.4559,184.0656,46.8875,3.6639,-7.9766
1608.000000,10,29.4559,183.4572,47.7061,5.0909,-9.0542
1608.000000,11,29.4559,183.6307,47.2871,4.4984,-10.0812
1608.000000,12,29.4559,183.8032,47.7125,4.7512,-9.8017
1608.000000,13,29.4559,183.9747,47.2989,4.1661,-10.1403
1608.000000,14,29.4559,184.1451,47.7097,4.4066,-9.2683
1608.000000,15,29.4559,183.5540,46.5495,3.8374,-7.8256
1608.000000,16,29.4559,183.7238,46.9151,4.0332,-8.6859
1608.000000,17,29.4559,183.8929,46.7036,3.6527,-9.6602
1608.000000,18,29.4559,184.0611,47.1097,3.8906,-9.5852
1608.000000,19,29.4559,184.2282,46.9891,3.6029,-9.8082
1608.000000,20,29.4559,183.6545,43.9169,1.1044,-5.8219
1608.000000,21,29.4559,183.8206,44.2473,1.2687,-7.5856
1608.000000,22,29.4559,183.9861,44.6999,1.5557,-8.4403
1608.000000,23,29.4559,184.1509,44.8709,1.5620,-9.1397
1608.000000,24,29.4559,184.3149,45.1680,1.6951,-9.3774
1609.000000,0,29.3380,183.2996,44.5426,2.0850,-9.2180
1609.000000,1,29.3380,183.4792,44.6100,1.9728,-8.9247
1609.000000,2,29.3380,183.6576,44.2432,1.4275,-8.7496
1609.000000,3,29.3380,183.8348,44.6473,1.6545,-7.2452
1609.000000,4,29.3380,184.0105,44.1756,1.0070,-6.2581
1609.000000,5,29.3380,183.3893,46.7700,4.2227,-9.8822
1609.000000,6,29.3380,183.5654,47.1111,4.3877,-9.5725
1609.000000,7,29.3380,183.7405,46.9238,4.0253,-9.5205
1609.000000,8,29.3380,183.9144,46.9283,3.8558,-8.9154
1609.000000,9,29.3380,184.0871,46.8972,3.6521,-7.9555
1609.000000,10,29.3380,183.4831,47.7066,5.0655,-9.0484
1609.000000,11,29.3380,183.6556,47.3053,4.4916,-10.0636
1609.000000,12,29.3380,183.8273,47.7125,4.7271,-9.8063
1609.000000,13,29.3380,183.9980,47.2888,4.1327,-10.1539
1609.000000,14,29.3380,184.1676,47.7090,4.3834,-9.2647
1609.000000,15,29.3380,183.5808,46.5641,3.8252,-7.8049
1609.000000,16,29.3380,183.7497,46.9489,4.0411,-8.6615
1609.000000,17,29.3380,183.9180,46.7208,3.6448,-9.6660
1609.000000,18,29.3380,184.0853,47.1648,3.9214,-9.5555
1609.000000,19,29.3380,184.2517,47.0048,3.5951,-9.8241
1609.000000,20,29.3380,183.6822,43.9856,1.1454,-5.7791
1609.000000,21,29.3380,183.8474,44.3168,1.3114,-7.5677
1609.000000,22,29.3380,184.0121,44.8144,1.6443,-8.3905
1609.000000,23,29.3380,184.1760,44.9599,1.6258,-9.1337
1609.000000,24,29.3380,184.3392,45.3253,1.8281,-9.3048
1610.000000,0,29.2194,183.3236,44.7163,2.2347,-9.1525
1610.000000,1,29.2194,183.5023,44.7172,2.0568,-8.9078
1610.000000,2,29.2194,183.6799,44.3654,1.5274,-8.6887
1610.000000,3,29.2194,183.8563,44.7105,1.6962,-7.2218
1610.000000,4,29.2194,184.0313,44.2298,1.0405,-6.2122
1610.000000,5,29.2194,183.4143,46.7840,4.2116,-9.9036
1610.000000,6,29.2194,183.5896,47.1609,4.4133,-9.5485
1610.000000,7,29.2194,183.7638,46.9426,4.0207,-9.5216
1610.000000,8,29.2194,183.9370,46.9591,3.8641,-8.8898
1610.000000,9,29.2194,184.1089,46.9069,3.6399,-7.9353
1610.000000,10,29.2194,183.5092,47.7071,5.0399,-9.0426
1610.000000,11,29.2194,183.6808,47.3221,4.4833,-10.0473
1610.000000,12,29.2194,183.8517,47.7125,4.7027,-9.8108
1610.000000,13,29.2194,184.0216,47.2786,4.0990,-10.1674
1610.000000,14,29.2194,184.1904,47.7082,4.3598,-9.2610
1610.000000,15,29.2194,183.6079,46.5786,3.8126,-7.7852
1610.000000,16,29.2194,183.7759,46.9815,4.0476,-8.6388
1610.000000,17,29.2194,183.9432,46.7366,3.6353,-9.6732
1610.000000,18,29.2194,184.1097,47.2160,3.9482,-9.5292
1610.000000,19,29.2194,184.2753,47.0163,3.5829,-9.8434
1610.000000,20,29.2194,183.7101,44.0534,1.1853,-5.7386
1610.000000,21,29.2194,183.8744,44.3849,1.3524,-7.5519
1610.000000,22,29.2194,184.0382,44.9249,1.7287,-8.3448
1610.000000,23,29.2194,184.2013,45.0447,1.6854,-9.1310
1610.000000,24,29.2194,184.3636,45.4743,1.9527,-9.2390
1611.000000,0,29.1001,183.3478,44.8819,2.3760,-9.0933
1611.000000,1,29.1001,183.5257,44.8201,2.1364,-8.8944
1611.000000,2,29.1001,183.7025,44.4840,1.6235,-8.6316
1611.000000,3,29.1001,183.8781,44.7726,1.7365,-7.2005
1611.000000,4,29.1001,184.0523,44.2836,1.0732,-6.1683
1611.000000,5,29.1001,183.4396,46.7941,4.1965,-9.9279
1611.000000,6,29.1001,183.6140,47.2076,4.4356,-9.5273
1611.000000,7,29.1001,183.7874,46.9600,4.0145,-9.5242
1611.000000,8,29.1001,183.9598,46.9890,3.8712,-8.8655
1611.000000,9,29.1001,184.1310,46.9164,3.6274,-7.9160
1611.000000,10,29.1001,183.5355,47.7075,5.0140,-9.0367
1611.000000,11,29.1001,183.7063,47.3378,4.4735,-10.0322
1611.000000,12,29.1001,183.8763,47.7125,4.6782,-9.8151
1611.000000,13,29.1001,184.0453,47.2684,4.0651,-10.1807
1611.000000,14,29.1001,184.2133,47.7074,4.3360,-9.2572
1611.000000,15,29.1001,183.6351,46.5928,3.7997,-7.7666
1611.000000,16,29.1001,183.8022,47.0130,4.0527,-8.6176
1611.000000,17,29.1001,183.9687,46.7508,3.6241,-9.6818
1611.000000,18,29.1001,184.1344,47.2636,3.9712,-9.5063
1611.000000,19,29.1001,184.2991,47.0237,3.5665,-9.8660
1611.000000,20,29.1001,183.7382,44.1203,1.2240,-5.7003
1611.000000,21,29.1001,183.9016,44.4515,1.3918,-7.5382
1611.000000,22,29.1001,184.0645,45.0317,1.8091,-8.3029
1611.000000,23,29.1001,184.2268,45.1256,1.7408,-9.1315
1611.000000,24,29.1001,184.3883,45.6156,2.0693,-9.1796
1612.000000,0,28.9801,183.3722,45.0395,2.5092,-9.0402
1612.000000,1,28.9801,183.5493,44.9189,2.2115,-8.8843
1612.000000,2,28.9801,183.7253,44.5991,1.7158,-8.5783
1612.000000,3,28.9801,183.9001,44.8335,1.7753,-7.1813
1612.000000,4,28.9801,184.0736,44.3369,1.1052,-6.1263
1612.000000,5,28.9801,183.4651,46.8006,4.1774,-9.9548
1612.000000,6,28.9801,183.6387,47.2511,4.4544,-9.5089
1612.000000,7,28.9801,183.8113,46.9761,4.0068,-9.5280
1612.000000,8,28.9801,183.9828,47.0180,3.8772,-8.8426
1612.000000,9,28.9801,184.1532,46.9258,3.6146,-7.8976
1612.000000,10,28.9801,183.5620,47.7078,4.9878,-9.0307
1612.000000,11,28.9801,183.7319,47.3523,4.4624,-10.0183
1612.000000,12,28.9801,183.9010,47.7125,4.6534,-9.8193
1612.000000,13,28.9801,184.0693,47.2582,4.0309,-10.1940
1612.000000,14,28.9801,184.2365,47.7064,4.3119,-9.2533
1612.000000,15,28.9801,183.6626,46.6070,3.7864,-7.7490
1612.000000,16,28.9801,183.8288,47.0433,4.0565,-8.5980
1612.000000,17,28.9801,183.9944,46.7637,3.6113,-9.6918
1612.000000,18,28.9801,184.1592,47.3076,3.9904,-9.4866
1612.000000,19,28.9801,184.3232,47.0272,3.5460,-9.8917
1612.000000,20,28.9801,183.7665,44.1862,1.2616,-5.6642
1612.000000,21,28.9801,183.9290,44.5166,1.4296,-7.5265
1612.000000,22,28.9801,184.0910,45.1348,1.8857,-8.2646
1612.000000,23,28.9801,184.2524,45.2026,1.7922,-9.1348
1612.000000,24,28.9801,184.4131,45.7493,2.1782,-9.1264
1613.000000,0,28.8596,183.3970,45.1896,2.6346,-8.9928
1613.000000,1,28.8596,183.5732,45.0137,2.2825,-8.8774
1613.000000,2,28.8596,183.7483,44.7108,1.8044,-8.5286
1613.000000,3,28.8596,183.9224,44.8932,1.8128,-7.1641
1613.000000,4,28.8596,184.0951,44.3897,1.1365,-6.0860
1613.000000,5,28.8596,183.4909,46.8035,4.1546,-9.9844
1613.000000,6,28.8596,183.6636,47.2916,4.4700,-9.4932
1613.000000,7,28.8596,183.8353,46.9909,3.9976,-9.5332
1613.000000,8,28.8596,184.0061,47.0462,3.8821,-8.8210
1613.000000,9,28.8596,184.1757,46.9351,3.6014,-7.8801
1613.000000,10,28.8596,183.5888,47.7081,4.9613,-9.0247
1613.000000,11,28.8596,183.7578,47.3656,4.4499,-10.0056
1613.000000,12,28.8596,183.9260,47.7125,4.6284,-9.8235
1613.000000,13,28.8596,184.0934,47.2479,3.9964,-10.2073
1613.000000,14,28.8596,184.2598,47.7054,4.2876,-9.2494
1613.000000,15,28.8596,183.6902,46.6209,3.7727,-7.7324
1613.000000,16,28.8596,183.8555,47.0726,4.0590,-8.5799
1613.000000,17,28.8596,184.0202,46.7752,3.5969,-9.7030
1613.000000,18,28.8596,184.1842,47.3482,4.0060,-9.4700
1613.000000,19,28.8596,184.3474,47.0269,3.5215,-9.9205
1613.000000,20,28.8596,183.7950,44.2512,1.2981,-5.6302
1613.000000,21,28.8596,183.9565,44.5804,1.4658,-7.5168
1613.000000,22,28.8596,184.1177,45.2343,1.9586,-8.2300
1613.000000,23,28.8596,184.2782,45.2759,1.8396,-9.1410
1613.000000,24,28.8596,184.4380,45.8757,2.2796,-9.0790
1614.000000,0,28.7384,183.4219,45.3323,2.7523,-8.9508
1614.000000,1,28.7384,183.5973,45.1045,2.3492,-8.8735
1614.000000,2,28.7384,183.7716,44.8191,1.8895,-8.4823
1614.000000,3,28.7384,183.9448,44.9518,1.8489,-7.1489
1614.000000,4,28.7384,184.1168,44.4420,1.1671,-6.0476
1614.000000,5,28.7384,183.5169,46.8500,4.1750,-9.9648
1614.000000,6,28.7384,183.6887,47.3292,4.4825,-9.4800
1614.000000,7,28.7384,183.8596,47.0045,3.9869,-9.5395
1614.000000,8,28.7384,184.0295,47.0735,3.8859,-8.8007
1614.000000,9,28.7384,184.1983,46.9444,3.5880,-7.8634
1614.000000,10,28.7384,183.6157,47.7083,4.9346,-9.0188
1614.000000,11,28.7384,183.7838,47.3779,4.4360,-9.9940
1614.000000,12,28.7384,183.9512,47.7125,4.6032,-9.8275
1614.000000,13,28.7384,184.1178,47.2466,3.9708,-10.2105
1614.000000,14,28.7384,184.2834,47.7044,4.2630,-9.2454
1614.000000,15,28.7384,183.7180,46.6347,3.7587,-7.7169
1614.000000,16,28.7384,183.8824,47.1007,4.0603,-8.5633
1614.000000,17,28.7384,184.0463,46.7853,3.5810,-9.7155
1614.000000,18,28.7384,184.2094,47.3855,4.0181,-9.4564
1614.000000,19,28.7384,184.3717,47.0230,3.4932,-9.9521
1614.000000,20,28.7384,183.8236,44.3152,1.3335,-5.5983
1614.000000,21,28.7384,183.9843,44.6427,1.5004,-7.5088
1614.000000,22,28.7384,184.1445,45.3303,2.0277,-8.1987
1614.000000,23,28.7384,184.3042,45.3455,1.8832,-9.1499
1614.000000,24,28.7384,184.4632,45.9951,2.3739,-9.0371
1615.000000,0,28.6167,183.4471,45.4679,2.8627,-8.9139
1615.000000,1,28.6167,183.6216,45.1916,2.4119,-8.8725
1615.000000,2,28.6167,183.7951,44.9242,1.9710,-8.4394
1615.000000,3,28.6167,183.9676,45.0093,1.8837,-7.1355
1615.000000,4,28.6167,184.1388,44.4937,1.1969,-6.0110
1615.000000,5,28.6167,183.5431,46.9173,4.2161,-9.9210
1615.000000,6,28.6167,183.7140,47.3639,4.4919,-9.4693
1615.000000,7,28.6167,183.8841,47.0169,3.9748,-9.5471
1615.000000,8,28.6167,184.0532,47.0999,3.8887,-8.7817
1615.000000,9,28.6167,184.2212,46.9535,3.5742,-7.8476
1615.000000,10,28.6167,183.6429,47.7085,4.9076,-9.0128
1615.000000,11,28.6167,183.8101,47.3890,4.4209,-9.9835
1615.000000,12,28.6167,183.9766,47.7125,4.5778,-9.8314
1615.000000,13,28.6167,184.1423,47.2486,3.9483,-10.2101
1615.000000,14,28.6167,184.3071,47.7042,4.2390,-9.2404
1615.000000,15,28.6167,183.7461,46.6484,3.7443,-7.7023
1615.000000,16,28.6167,183.9095,47.1278,4.0603,-8.5482
1615.000000,17,28.6167,184.0725,46.7942,3.5637,-9.7291
1615.000000,18,28.6167,184.2348,47.4196,4.0267,-9.4458
1615.000000,19,28.6167,184.3963,47.0156,3.4613,-9.9866
1615.000000,20,28.6167,183.8524,44.3782,1.3678,-5.5685
1615.000000,21,28.6167,184.0121,44.7037,1.5335,-7.5027
1615.000000,22,28.6167,184.1715,45.4229,2.0933,-8.1706
1615.000000,23,28.6167,184.3303,45.4115,1.9232,-9.1613
1615.000000,24,28.6167,184.4885,46.1077,2.4612,-9.0006
1616.000000,0,28.4944,183.4726,45.5967,2.9660,-8.8820
1616.000000,1,28.4944,183.6462,45.2749,2.4706,-8.8743
1616.000000,2,28.4944,183.8189,45.0261,2.0492,-8.3996
1616.000000,3,28.4944,183.9905,45.0656,1.9170,-7.1240
1616.000000,4,28.4944,184.1609,44.5450,1.2260,-5.9761
1616.000000,5,28.4944,183.5696,46.9810,4.2534,-9.8799
1616.000000,6,28.4944,183.7396,47.3959,4.4983,-9.4611
1616.000000,7,28.4944,183.9088,47.0281,3.9613,-9.5558
1616.000000,8,28.4944,184.0770,47.1255,3.8904,-8.7639
1616.000000,9,28.4944,184.2443,46.9625,3.5602,-7.8327
1616.000000,10,28.4944,183.6702,47.7086,4.8803,-9.0070
1616.000000,11,28.4944,183.8365,47.3992,4.4046,-9.9741
1616.000000,12,28.4944,184.0022,47.7125,4.5523,-9.8353
1616.000000,13,28.4944,184.1671,47.2509,3.9258,-10.2092
1616.000000,14,28.4944,184.3310,47.7043,4.2152,-9.2349
1616.000000,15,28.4944,183.7743,46.6618,3.7295,-7.6886
1616.000000,16,28.4944,183.9368,47.1539,4.0591,-8.5344
1616.000000,17,28.4944,184.0989,46.8019,3.5449,-9.7439
1616.000000,18,28.4944,184.2603,47.4505,4.0322,-9.4379
1616.000000,19,28.4944,184.4210,47.0048,3.4257,-10.0238
1616.000000,20,28.4944,183.8814,44.4404,1.4009,-5.5406
1616.000000,21,28.4944,184.0402,44.7633,1.5651,-7.4983
1616.000000,22,28.4944,184.1986,45.5121,2.1555,-8.1456
1616.000000,23,28.4944,184.3566,45.4741,1.9595,-9.1752
1616.000000,24,28.4944,184.5140,46.2139,2.5419,-8.9692
1617.000000,0,28.3716,183.4983,45.7188,3.0625,-8.8548
1617.000000,1,28.3716,183.6710,45.3545,2.5255,-8.8786
1617.000000,2,28.3716,183.8428,45.1248,2.1239,-8.3630
1617.000000,3,28.3716,184.0137,45.1208,1.9491,-7.1142
1617.000000,4,28.3716,184.1833,44.5957,1.2543,-5.9429
1617.000000,5,28.3716,183.5962,47.0413,4.2870,-9.8414
1617.000000,6,28.3716,183.7653,47.4252,4.5018,-9.4552
1617.000000,7,28.3716,183.9337,47.0382,3.9465,-9.5656
1617.000000,8,28.3716,184.1011,47.1502,3.8911,-8.7473
1617.000000,9,28.3716,184.2676,46.9714,3.5458,-7.8186
1617.000000,10,28.3716,183.6978,47.7086,4.8528,-9.0012
1617.000000,11,28.3716,183.8632,47.4083,4.3871,-9.9658
1617.000000,12,28.3716,184.0279,47.7125,4.5265,-9.8391
1617.000000,13,28.3716,184.1920,47.2623,3.9123,-10.1984
1617.000000,14,28.3716,184.3552,47.7045,4.1913,-9.2295
1617.000000,15,28.3716,183.8026,46.6751,3.7145,-7.6759
1617.000000,16,28.3716,183.9643,47.1790,4.0567,-8.5220
1617.000000,17,28.3716,184.1254,46.8083,3.5248,-9.7598
1617.000000,18,28.3716,184.2860,47.4785,4.0344,-9.4327
1617.000000,19,28.3716,184.4459,46.9907,3.3867,-10.0635
1617.000000,20,28.3716,183.9105,44.5015,1.4330,-5.5147
1617.000000,21,28.3716,184.0684,44.8216,1.5952,-7.4955
1617.000000,22,28.3716,184.2260,45.5982,2.2142,-8.1236
1617.000000,23,28.3716,184.3831,45.5333,1.9922,-9.1913
1617.000000,24,28.3716,184.5396,46.3137,2.6161,-8.9426
1618.000000,0,28.2484,183.5242,45.8346,3.1523,-8.8320
1618.000000,1,28.2484,183.6960,45.4307,2.5766,-8.8854
1618.000000,2,28.2484,183.8670,45.2205,2.1954,-8.3293
1618.000000,3,28.2484,184.0370,45.1749,1.9798,-7.1061
1618.000000,4,28.2484,184.2059,44.6459,1.2819,-5.9114
1618.000000,5,28.2484,183.6231,47.0983,4.3171,-9.8055
1618.000000,6,28.2484,183.7913,47.4519,4.5026,-9.4515
1618.000000,7,28.2484,183.9588,47.0472,3.9304,-9.5765
1618.000000,8,28.2484,184.1254,47.1742,3.8908,-8.7319
1618.000000,9,28.2484,184.2910,46.9802,3.5312,-7.8054
1618.000000,10,28.2484,183.7255,47.7087,4.8251,-8.9954
1618.000000,11,28.2484,183.8900,47.4164,4.3684,-9.9585
1618.000000,12,28.2484,184.0539,47.7125,4.5005,-9.8429
1618.000000,13,28.2484,184.2171,47.2734,3.8982,-10.1879
1618.000000,14,28.2484,184.3795,47.7046,4.1671,-9.2241
1618.000000,15,28.2484,183.8312,46.6883,3.6990,-7.6641
1618.000000,16,28.2484,183.9919,47.2031,4.0532,-8.5109
1618.000000,17,28.2484,184.1522,46.8136,3.5034,-9.7767
1618.000000,18,28.2484,184.3119,47.5035,4.0336,-9.4302
1618.000000,19,28.2484,184.4710,46.9734,3.3444,-10.1058
1618.000000,20,28.2484,183.9398,44.5618,1.4639,-5.4908
1618.000000,21,28.2484,184.0967,44.8786,1.6238,-7.4942
1618.000000,22,28.2484,184.2534,45.6812,2.2697,-8.1045
1618.000000,23,28.2484,184.4097,45.5893,2.0216,-9.2096
1618.000000,24,28.2484,184.5653,46.4076,2.6842,-8.9207
1619.000000,0,28.1246,183.5503,45.9441,3.2357,-8.8135
1619.000000,1,28.1246,183.7213,45.5033,2.6240,-8.8947
1619.000000,2,28.1246,183.8914,45.3132,2.2638,-8.2984
1619.000000,3,28.1246,184.0606,45.2278,2.0092,-7.0996
1619.000000,4,28.1246,184.2287,44.6955,1.3088,-5.8815
1619.000000,5,28.1246,183.6502,47.1520,4.3438,-9.7720
1619.000000,6,28.1246,183.8175,47.4761,4.5006,-9.4500
1619.000000,7,28.1246,183.9841,47.0551,3.9130,-9.5884
1619.000000,8,28.1246,184.1499,47.1974,3.8895,-8.7177
1619.000000,9,28.1246,184.3147,46.9889,3.5162,-7.7929
1619.000000,10,28.1246,183.7535,47.7086,4.7971,-8.9898
1619.000000,11,28.1246,183.9170,47.4237,4.3486,-9.9522
1619.000000,12,28.1246,184.0800,47.7125,4.4744,-9.8466
1619.000000,13,28.1246,184.2424,47.2841,3.8837,-10.1778
1619.000000,14,28.1246,184.4039,47.7046,4.1426,-9.2187
1619.000000,15,28.1246,183.8599,46.7012,3.6833,-7.6532
1619.000000,16,28.1246,184.0197,47.2263,4.0485,-8.5010
1619.000000,17,28.1246,184.1791,46.8178,3.4806,-9.7945
1619.000000,18,28.1246,184.3380,47.5258,4.0298,-9.4301
1619.000000,19,28.1246,184.4962,46.9621,3.3079,-10.1406
1619.000000,20,28.1246,183.9692,44.6211,1.4938,-5.4686
1619.000000,21,28.1246,184.1253,44.9342,1.6509,-7.4945
1619.000000,22,28.1246,184.2810,45.7611,2.3220,-8.0881
1619.000000,23,28.1246,184.4364,45.6421,2.0477,-9.2299
1619.000000,24,28.1246,184.6713,46.4955,2.6662,-8.9087
1620.000000,0,28.0004,183.5767,46.0477,3.3130,-8.7991
1620.000000,1,28.0004,183.7468,45.5726,2.6677,-8.9061
1620.000000,2,28.0004,183.9161,45.4030,2.3289,-8.2704
1620.000000,3,28.0004,184.0844,45.2797,2.0373,-7.0948
1620.000000,4,28.0004,184.2517,44.7446,1.3349,-5.8533
1620.000000,5,28.0004,183.6775,47.2026,4.3671,-9.7410
1620.000000,6,28.0004,183.8438,47.4979,4.4960,-9.4507
1620.000000,7,28.0004,184.0096,47.0620,3.8944,-9.6013
1620.000000,8,28.0004,184.1745,47.2198,3.8872,-8.7047
1620.000000,9,28.0004,184.3386,46.9975,3.5009,-7.7813
1620.000000,10,28.0004,183.7816,47.7085,4.7689,-8.9843
1620.000000,11,28.0004,183.9442,47.4300,4.3278,-9.9469
1620.000000,12,28.0004,184.1063,47.7125,4.4481,-9.8503
1620.000000,13,28.0004,184.2678,47.2944,3.8685,-10.1680
1620.000000,14,28.0004,184.4286,47.7046,4.1180,-9.2134
1620.000000,15,28.0004,183.8888,46.7140,3.6672,-7.6432
1620.000000,16,28.0004,184.0477,47.2485,4.0428,-8.4924
1620.000000,17,28.0004,184.2062,46.8499,3.4857,-9.7813
1620.000000,18,28.0004,184.3642,47.5454,4.0232,-9.4325
1620.000000,19,28.0004,184.5216,46.9642,3.2846,-10.1598
1620.000000,20,28.0004,183.9988,44.6794,1.5226,-5.4483
1620.000000,21,28.0004,184.1539,44.9886,1.6767,-7.4962
1620.000000,22,28.0004,184.3088,45.8380,2.3712,-8.0742
1620.000000,23,28.0004,184.4633,45.6919,2.0705,-9.2522
1620.000000,24,28.0004,184.6973,46.5778,2.7225,-8.8954
1621.000000,0,27.8758,183.6033,46.1455,3.3842,-8.7885
1621.000000,1,27.8758,183.7724,45.6385,2.7080,-8.9198
1621.000000,2,27.8758,183.9409,45.4900,2.3911,-8.2449
1621.000000,3,27.8758,184.1084,45.3305,2.0640,-7.0914
1621.000000,4,27.8758,184.2749,44.7932,1.3602,-5.8266
1621.000000,5,27.8758,183.7049,47.2502,4.3872,-9.7122
1621.000000,6,27.8758,183.8704,47.5173,4.4889,-9.4534
1621.000000,7,27.8758,184.0352,47.0678,3.8745,-9.6151
1621.000000,8,27.8758,184.1994,47.2414,3.8840,-8.6927
1621.000000,9,27.8758,184.3626,47.0060,3.4854,-7.7705
1621.000000,10,27.8758,183.8099,47.7084,4.7405,-8.9789
1621.000000,11,27.8758,183.9716,47.4355,4.3059,-9.9426
1621.000000,12,27.8758,184.1328,47.7125,4.4216,-9.8540
1621.000000,13,27.8758,184.2935,47.3045,3.8529,-10.1586
1621.000000,14,27.8758,184.4534,47.7046,4.0932,-9.2081
1621.000000,15,27.8758,183.9178,46.7267,3.6508,-7.6341
1621.000000,16,27.8758,184.0758,47.2698,4.0360,-8.4851
1621.000000,17,27.8758,184.2334,46.9044,3.5129,-9.7431
1621.000000,18,27.8758,184.3905,47.5624,4.0138,-9.4372
1621.000000,19,27.8758,184.5471,47.0214,3.3163,-10.1177
1621.000000,20,27.8758,184.0285,44.7369,1.5503,-5.4298
1621.000000,21,27.8758,184.1827,45.0417,1.7010,-7.4993
1621.000000,22,27.8758,184.3367,45.9120,2.4173,-8.0629
1621.000000,23,27.8758,184.4903,45.7386,2.0902,-9.2763
1621.000000,24,27.8758,184.7235,46.6547,2.7732,-8.8861
1622.000000,0,27.7508,183.6300,46.2376,3.4495,-8.7816
1622.000000,1,27.7508,183.7983,45.7013,2.7449,-8.9354
1622.000000,2,27.7508,183.9659,45.5741,2.4502,-8.2220
1622.000000,3,27.7508,184.1326,45.3802,2.0896,-7.0895
1622.000000,4,27.7508,184.2983,44.8412,1.3848,-5.8015
1622.000000,5,27.7508,183.7326,47.2948,4.4042,-9.6857
1622.000000,6,27.7508,183.8971,47.5345,4.4793,-9.4580
1622.000000,7,27.7508,184.0611,47.0727,3.8536,-9.6298
1622.000000,8,27.7508,184.2244,47.2623,3.8799,-8.6818
1622.000000,9,27.7508,184.3868,47.0144,3.4696,-7.7604
1622.000000,10,27.7508,183.8383,47.7083,4.7119,-8.9737
1622.000000,11,27.7508,183.9991,47.4401,4.2829,-9.9392
1622.000000,12,27.7508,184.1595,47.7125,4.3949,-9.8577
1622.000000,13,27.7508,184.3193,47.3142,3.8368,-10.1495
1622.000000,14,27.7508,184.4784,47.7046,4.0682,-9.2030
1622.000000,15,27.7508,183.9470,46.7391,3.6341,-7.6258
1622.000000,16,27.7508,184.1040,47.2902,4.0281,-8.4788
1622.000000,17,27.7508,184.2608,46.9563,3.5375,-9.7074
1622.000000,18,27.7508,184.4171,47.5768,4.0017,-9.4441
1622.000000,19,27.7508,184.5728,47.0755,3.3447,-10.0781
1622.000000,20,27.7508,184.0584,44.7934,1.5770,-5.4130
1622.000000,21,27.7508,184.2116,45.0936,1.7239,-7.5038
1622.000000,22,27.7508,184.3647,45.9833,2.4605,-8.0539
1622.000000,23,27.7508,184.5175,45.7825,2.1069,-9.3022
1622.000000,24,27.7508,184.7499,46.7264,2.8185,-8.8807
1623.000000,0,27.6254,183.6570,46.3244,3.5093,-8.7783
1623.000000,1,27.6254,183.8244,45.7609,2.7785,-8.9531
1623.000000,2,27.6254,183.9911,45.6556,2.5064,-8.2015
1623.000000,3,27.6254,184.1570,45.4289,2.1138,-7.0891
1623.000000,4,27.6254,184.3219,44.8886,1.4087,-5.7780
1623.000000,5,27.6254,183.7604,47.3366,4.4182,-9.6614
1623.000000,6,27.6254,183.9241,47.5495,4.4674,-9.4645
1623.000000,7,27.6254,184.0872,47.0767,3.8315,-9.6455
1623.000000,8,27.6254,184.2496,47.2824,3.8748,-8.6720
1623.000000,9,27.6254,184.4112,47.0227,3.4535,-7.7511
1623.000000,10,27.6254,183.8669,47.7081,4.6831,-8.9686
1623.000000,11,27.6254,184.0268,47.4439,4.2591,-9.9367
1623.000000,12,27.6254,184.1863,47.7125,4.3681,-9.8614
1623.000000,13,27.6254,184.3453,47.3236,3.8203,-10.1408
1623.000000,14,27.6254,184.5035,47.7046,4.0430,-9.1980
1623.000000,15,27.6254,183.9764,46.7514,3.6170,-7.6183
1623.000000,16,27.6254,184.1325,47.3097,4.0192,-8.4737
1623.000000,17,27.6254,184.2883,47.0058,3.5595,-9.6742
1623.000000,18,27.6254,184.4437,47.5889,3.9871,-9.4532
1623.000000,19,27.6254,184.6786,47.1266,3.2899,-10.0448
1623.000000,20,27.6254,184.0884,44.8490,1.6026,-5.3979
1623.000000,21,27.6254,184.2407,45.1442,1.7455,-7.5094
1623.000000,22,27.6254,184.3929,46.0518,2.5009,-8.0472
1623.000000,23,27.6254,184.5448,45.8778,2.1750,-9.2690
1623.000000,24,27.6254,184.7763,46.7930,2.8586,-8.8789
1624.000000,0,27.4997,183.6842,46.4059,3.5637,-8.7784
1624.000000,1,27.4997,183.8507,45.8175,2.8088,-8.9725
1624.000000,2,27.4997,184.0165,45.7344,2.5598,-8.1834
1624.000000,3,27.4997,184.1816,45.4765,2.1368,-7.0900
1624.000000,4,27.4997,184.3457,44.9355,1.4318,-5.7559
1624.000000,5,27.4997,183.7884,47.3757,4.4292,-9.6393
1624.000000,6,27.4997,183.9512,47.5623,4.4531,-9.4729
1624.000000,7,27.4997,184.1134,47.0797,3.8083,-9.6619
1624.000000,8,27.4997,184.2750,47.3019,3.8689,-8.6631
1624.000000,9,27.4997,184.4358,47.0309,3.4371,-7.7425
1624.000000,10,27.4997,183.8957,47.7078,4.6541,-8.9637
1624.000000,11,27.4997,184.0547,47.4470,4.2343,-9.9351
1624.000000,12,27.4997,184.2133,47.7125,4.3411,-9.8651
1624.000000,13,27.4997,184.3714,47.3327,3.8032,-10.1325
1624.000000,14,27.4997,184.5288,47.7045,4.0176,-9.1931
1624.000000,15,27.4997,184.0058,46.7635,3.5996,-7.6115
1624.000000,16,27.4997,184.1610,47.3284,4.0094,-8.4697
1624.000000,17,27.4997,184.3160,47.0530,3.5790,-9.6433
1624.000000,18,27.4997,184.4705,47.5986,3.9700,-9.4643
1624.000000,19,27.4997,184.7046,47.1748,3.3121,-10.0102
1624.000000,20,27.4997,184.1185,44.9037,1.6271,-5.3845
1624.000000,21,27.4997,184.2699,45.1936,1.7657,-7.5163
1624.000000,22,27.4997,184.4212,46.1177,2.5385,-8.0426
1624.000000,23,27.4997,184.5723,45.9899,2.2596,-9.2157
1624.000000,24,27.4997,184.8029,46.8547,2.8937,-8.8808
1625.000000,0,27.3737,183.7116,46.4824,3.6127,-8.7816
1625.000000,1,27.3737,183.8772,45.8712,2.8359,-8.9938
1625.000000,2,27.3737,184.0421,45.8106,2.6104,-8.1676
1625.000000,3,27.3737,184.2063,45.5230,2.1586,-7.0922
1625.000000,4,27.3737,184.3697,44.9818,1.4541,-5.7353
1625.000000,5,27.3737,183.8166,47.4121,4.4374,-9.6192
1625.000000,6,27.3737,183.9785,47.5732,4.4366,-9.4830
1625.000000,7,27.3737,184.1398,47.0819,3.7840,-9.6792
1625.000000,8,27.3737,184.3005,47.3206,3.8620,-8.6553
1625.000000,9,27.3737,184.4605,47.0390,3.4204,-7.7346
1625.000000,10,27.3737,183.9247,47.7076,4.6248,-8.9590
1625.000000,11,27.3737,184.0827,47.4493,4.2085,-9.9344
1625.000000,12,27.3737,184.2404,47.7125,4.3140,-9.8689
1625.000000,13,27.3737,184.3977,47.3414,3.7857,-10.1246
1625.000000,14,27.3737,184.5543,47.7044,3.9920,-9.1883
1625.000000,15,27.3737,184.0355,46.7755,3.5820,-7.6056
1625.000000,16,27.3737,184.1897,47.3463,3.9985,-8.4667
1625.000000,17,27.3737,184.3438,47.0979,3.5960,-9.6147
1625.000000,18,27.3737,184.4975,47.6061,3.9506,-9.4774
1625.000000,19,27.3737,184.7307,47.2201,3.3313,-9.9781
1625.000000,20,27.3737,184.1487,44.9574,1.6507,-5.3726
1625.000000,21,27.3737,184.2992,45.2418,1.7846,-7.5243
1625.000000,22,27.3737,184.4496,46.1810,2.5734,-8.0401
1625.000000,23,27.3737,184.6798,46.0968,2.2589,-9.1724
1625.000000,24,27.3737,184.8297,46.9117,2.9240,-8.8860
1626.000000,0,27.2473,183.7392,46.5539,3.6567,-8.7880
1626.000000,1,27.2473,183.9039,45.9219,2.8600,-9.0167
1626.000000,2,27.2473,184.0679,45.8842,2.6582,-8.1539
1626.000000,3,27.2473,184.2313,45.5686,2.1792,-7.0956
1626.000000,4,27.2473,184.3938,45.0276,1.4757,-5.7161
1626.000000,5,27.2473,183.8450,47.4460,4.4429,-9.6011
1626.000000,6,27.2473,184.0059,47.5820,4.4180,-9.4948
1626.000000,7,27.2473,184.1664,47.0832,3.7588,-9.6972
1626.000000,8,27.2473,184.3263,47.3387,3.8544,-8.6485
1626.000000,9,27.2473,184.4854,47.0469,3.4035,-7.7275
1626.000000,10,27.2473,183.9538,47.7073,4.5954,-8.9545
1626.000000,11,27.2473,184.1109,47.4509,4.1820,-9.9345
1626.000000,12,27.2473,184.2677,47.7125,4.2867,-9.8726
1626.000000,13,27.2473,184.4241,47.3499,3.7678,-10.1170
1626.000000,14,27.2473,184.5799,47.7042,3.9663,-9.1836
1626.000000,15,27.2473,184.0652,46.7873,3.5640,-7.6004
1626.000000,16,27.2473,184.2186,47.3634,3.9868,-8.4648
1626.000000,17,27.2473,184.3717,47.1405,3.6107,-9.5883
1626.000000,18,27.2473,184.5246,47.6115,3.9289,-9.4924
1626.000000,19,27.2473,184.7570,47.2627,3.3477,-9.9482
1626.000000,20,27.2473,184.1791,45.0103,1.6732,-5.3623
1626.000000,21,27.2473,184.3287,45.2889,1.8022,-7.5334
1626.000000,22,27.2473,184.4782,46.2419,2.6056,-8.0396
1626.000000,23,27.2473,184.7075,46.1987,2.3331,-9.1274
1626.000000,24,27.2473,184.8565,46.9642,2.9496,-8.8944
1627.000000,0,27.1207,183.7669,46.6207,3.6957,-8.7973
1627.000000,1,27.1207,183.9307,45.9699,2.8811,-9.0412
1627.000000,2,27.1207,184.0939,45.9554,2.7034,-8.1423
1627.000000,3,27.1207,184.2564,45.6131,2.1986,-7.1003
1627.000000,4,27.1207,184.4181,45.0728,1.4966,-5.6984
1627.000000,5,27.1207,183.8736,47.4774,4.4458,-9.5849
1627.000000,6,27.1207,184.0336,47.5889,4.3973,-9.5083
1627.000000,7,27.1207,184.1931,47.1047,3.7535,-9.6928
1627.000000,8,27.1207,184.3522,47.3561,3.8459,-8.6426
1627.000000,9,27.1207,184.5105,47.0548,3.3862,-7.7210
1627.000000,10,27.1207,183.9831,47.7069,4.5658,-8.9501
1627.000000,11,27.1207,184.1393,47.4519,4.1546,-9.9354
1627.000000,12,27.1207,184.2952,47.7125,4.2592,-9.8764
1627.000000,13,27.1207,184.4507,47.3581,3.7494,-10.1098
1627.000000,14,27.1207,184.6857,47.7041,3.8604,-9.1831
1627.000000,15,27.1207,184.0951,46.7989,3.5457,-7.5960
1627.000000,16,27.1207,184.2476,47.3797,3.9741,-8.4638
1627.000000,17,27.1207,184.3998,47.1810,3.6232,-9.5641
1627.000000,18,27.1207,184.5518,47.6148,3.9050,-9.5092
1627.000000,19,27.1207,184.7834,47.3027,3.3612,-9.9206
1627.000000,20,27.1207,184.2096,45.0623,1.6947,-5.3536
1627.000000,21,27.1207,184.3582,45.3348,1.8186,-7.5435
1627.000000,22,27.1207,184.5069,46.3002,2.6354,-8.0409
1627.000000,23,27.1207,184.7353,46.2958,2.4024,-9.0864
1627.000000,24,27.1207,184.8835,47.0123,2.9708,-8.9059
1628.000000,0,26.9938,183.7949,46.6830,3.7300,-8.8094
1628.000000,1,26.9938,183.9577,46.0151,2.8993,-9.0672
1628.000000,2,26.9938,184.1201,46.0242,2.7461,-8.1326
1628.000000,3,26.9938,184.2817,45.6566,2.2168,-7.1061
1628.000000,4,26.9938,184.4426,45.1174,1.5167,-5.6820
1628.000000,5,26.9938,183.9023,47.5064,4.4461,-9.5706
1628.000000,6,26.9938,184.0614,47.5940,4.3747,-9.5233
1628.000000,7,26.9938,184.2200,47.1427,3.7646,-9.6699
1628.000000,8,26.9938,184.3782,47.3728,3.8365,-8.6376
1628.000000,9,26.9938,184.5357,47.0625,3.3688,-7.7152
1628.000000,10,26.9938,184.0125,47.7066,4.5361,-8.9459
1628.000000,11,26.9938,184.1677,47.4522,4.1264,-9.9371
1628.000000,12,26.9938,184.3228,47.7125,4.2316,-9.8803
1628.000000,13,26.9938,184.4774,47.3660,3.7306,-10.1030
1628.000000,14,26.9938,184.7116,47.7039,3.8343,-9.1788
1628.000000,15,26.9938,184.1252,46.8103,3.5271,-7.5922
1628.000000,16,26.9938,184.2767,47.3952,3.9605,-8.4637
1628.000000,17,26.9938,184.4281,47.2194,3.6334,-9.5419
1628.000000,18,26.9938,184.5792,47.6161,3.8789,-9.5278
1628.000000,19,26.9938,184.8099,47.3401,3.3721,-9.8951
1628.000000,20,26.9938,184.2402,45.1134,1.7152,-5.3463
1628.000000,21,26.9938,184.3879,45.3796,1.8337,-7.5546
1628.000000,22,26.9938,184.5356,46.3563,2.6626,-8.0441
1628.000000,23,26.9938,184.7633,46.3882,2.4670,-9.0491
1628.000000,24,26.9938,184.9106,47.0562,2.9876,-8.9203
1629.000000,0,26.8667,183.8230,46.7408,3.7597,-8.8242
1629.000000,1,26.8667,183.9850,46.0577,2.9147,-9.0947
1629.000000,2,26.8667,184.1464,46.0906,2.7861,-8.1249
1629.000000,3,26.8667,184.3072,45.6991,2.2339,-7.1130
1629.000000,4,26.8667,184.4673,45.1614,1.5361,-5.6670
1629.000000,5,26.8667,183.9311,47.5331,4.4440,-9.5582
1629.000000,6,26.8667,184.0893,47.5974,4.3501,-9.5398
1629.000000,7,26.8667,184.2471,47.1790,3.7738,-9.6487
1629.000000,8,26.8667,184.4044,47.3889,3.8264,-8.6335
1629.000000,9,26.8667,184.5611,47.0702,3.3510,-7.7101
1629.000000,10,26.8667,184.0420,47.7062,4.5062,-8.9420
1629.000000,11,26.8667,184.1964,47.4518,4.0974,-9.9395
1629.000000,12,26.8667,184.3505,47.7125,4.2039,-9.8842
1629.000000,13,26.8667,184.5043,47.3737,3.7114,-10.0965
1629.000000,14,26.8667,184.7376,47.7037,3.8080,-9.1747
1629.000000,15,26.8667,184.1553,46.8216,3.5083,-7.5892
1629.000000,16,26.8667,184.3059,47.4101,3.9461,-8.4646
1629.000000,17,26.8667,184.4564,47.2559,3.6414,-9.5217
1629.000000,18,26.8667,184.6867,47.6156,3.7709,-9.5517
1629.000000,19,26.8667,184.8366,47.3750,3.3804,-9.8718
1629.000000,20,26.8667,184.2709,45.1637,1.7348,-5.3404
1629.000000,21,26.8667,184.4177,45.4233,1.8476,-7.5666
1629.000000,22,26.8667,184.5645,46.4100,2.6874,-8.0489
1629.000000,23,26.8667,184.7913,46.4762,2.5269,-9.0155
1629.000000,24,26.8667,184.9378,47.0961,3.0002,-8.9376
1630.000000,0,26.7393,183.8513,46.7943,3.7849,-8.8415
1630.000000,1,26.7393,184.0123,46.1146,2.9442,-9.1045
1630.000000,2,26.7393,184.1729,46.1547,2.8238,-8.1191
1630.000000,3,26.7393,184.3329,45.7407,2.2498,-7.1210
1630.000000,4,26.7393,184.4921,45.2049,1.5547,-5.6533
1630.000000,5,26.7393,183.9602,47.5577,4.4394,-9.5475
1630.000000,6,26.7393,184.1174,47.5990,4.3236,-9.5578
1630.000000,7,26.7393,184.2743,47.2136,3.7812,-9.6292
1630.000000,8,26.7393,184.4308,47.4043,3.8155,-8.6302
1630.000000,9,26.7393,184.5866,47.0777,3.3331,-7.7057
1630.000000,10,26.7393,184.0717,47.7058,4.4761,-8.9383
1630.000000,11,26.7393,184.2251,47.4509,4.0677,-9.9427
1630.000000,12,26.7393,184.3784,47.7125,4.1760,-9.8881
1630.000000,13,26.7393,184.5313,47.3811,3.6917,-10.0904
1630.000000,14,26.7393,184.7638,47.7034,3.7816,-9.1707
1630.000000,15,26.7393,184.1856,46.8327,3.4891,-7.5868
1630.000000,16,26.7393,184.3353,47.4242,3.9309,-8.4664
1630.000000,17,26.7393,184.4849,47.2903,3.6474,-9.5035
1630.000000,18,26.7393,184.7143,47.6132,3.7409,-9.5735
1630.000000,19,26.7393,184.8633,47.4075,3.3862,-9.8505
1630.000000,20,26.7393,184.3017,45.2130,1.7533,-5.3359
1630.000000,21,26.7393,184.4476,45.4659,1.8603,-7.5795
1630.000000,22,26.7393,184.5936,46.4615,2.7099,-8.0553
1630.000000,23,26.7393,184.8194,46.5599,2.5824,-8.9853
1630.000000,24,26.7393,184.9651,47.1320,3.0088,-8.9576
1631.000000,0,26.6118,183.8798,46.8437,3.8058,-8.8613
1631.000000,1,26.6118,184.0399,46.2085,3.0106,-9.0713
1631.000000,2,26.6118,184.1996,46.2166,2.8590,-8.1150
1631.000000,3,26.6118,184.3587,45.7813,2.2645,-7.1301
1631.000000,4,26.6118,184.5171,45.2478,1.5726,-5.6409
1631.000000,5,26.6118,183.9893,47.5800,4.4326,-9.5385
1631.000000,6,26.6118,184.1457,47.5991,4.2954,-9.5771
1631.000000,7,26.6118,184.3017,47.2466,3.7868,-9.6114
1631.000000,8,26.6118,184.4573,47.4192,3.8039,-8.6278
1631.000000,9,26.6118,184.6923,47.0852,3.2348,-7.7082
1631.000000,10,26.6118,184.1015,47.7053,4.4458,-8.9347
1631.000000,11,26.6118,184.2540,47.4494,4.0373,-9.9466
1631.000000,12,26.6118,184.4064,47.7125,4.1480,-9.8921
1631.000000,13,26.6118,184.5585,47.3882,3.6717,-10.0847
1631.000000,14,26.6118,184.7901,47.7032,3.7550,-9.1670
1631.000000,15,26.6118,184.2160,46.8437,3.4697,-7.5851
1631.000000,16,26.6118,184.3647,47.4376,3.9148,-8.4690
1631.000000,17,26.6118,184.5135,47.3229,3.6514,-9.4871
1631.000000,18,26.6118,184.7420,47.6091,3.7090,-9.5969
1631.000000,19,26.6118,184.8902,47.4378,3.3895,-9.8312
1631.000000,20,26.6118,184.3326,45.2616,1.7709,-5.3328
1631.000000,21,26.6118,184.4776,45.5074,1.8718,-7.5932
1631.000000,22,26.6118,184.7027,46.5109,2.6501,-8.0701
1631.000000,23,26.6118,184.8477,46.6394,2.6337,-8.9585
1631.000000,24,26.6118,184.9926,47.1642,3.0136,-8.9801
1632.000000,0,26.4840,183.9084,46.8890,3.8226,-8.8835
1632.000000,1,26.4840,184.0676,46.2984,3.0727,-9.0411
1632.000000,2,26.4840,184.2264,46.2763,2.8918,-8.1126
1632.000000,3,26.4840,184.3847,45.8209,2.2782,-7.1401
1632.000000,4,26.4840,184.5423,45.2901,1.5898,-5.6298
1632.000000,5,26.4840,184.0187,47.6003,4.4236,-9.5312
1632.000000,6,26.4840,184.1741,47.5975,4.2654,-9.5978
1632.000000,7,26.4840,184.3292,47.2780,3.7907,-9.5952
1632.000000,8,26.4840,184.4840,47.4334,3.7914,-8.6263
1632.000000,9,26.4840,184.7182,47.0925,3.2163,-7.7050
1632.000000,10,26.4840,184.1314,47.7049,4.4154,-8.9314
1632.000000,11,26.4840,184.2831,47.4474,4.0063,-9.9512
1632.000000,12,26.4840,184.4345,47.7125,4.1199,-9.8962
1632.000000,13,26.4840,184.5858,47.3951,3.6513,-10.0794
1632.000000,14,26.4840,184.8166,47.7029,3.7283,-9.1634
1632.000000,15,26.4840,184.2465,46.8545,3.4500,-7.5840
1632.000000,16,26.4840,184.3943,47.4504,3.8980,-8.4724
1632.000000,17,26.4840,184.5422,47.3537,3.6535,-9.4726
1632.000000,18,26.4840,184.7699,47.6033,3.6754,-9.6217
1632.000000,19,26.4840,184.9173,47.4658,3.3905,-9.8138
1632.000000,20,26.4840,184.3636,45.3092,1.7876,-5.3309
1632.000000,21,26.4840,184.5077,45.5479,1.8822,-7.6077
1632.000000,22,26.4840,184.7319,46.5581,2.6682,-8.0795
1632.000000,23,26.4840,184.8761,46.7149,2.6808,-8.9348
1632.000000,24,26.4840,185.0201,47.1927,3.0146,-9.0050
1633.000000,0,26.3561,183.9372,46.9306,3.8353,-8.9079
1633.000000,1,26.3561,184.0955,46.3843,3.1307,-9.0140
1633.000000,2,26.3561,184.2534,46.3338,2.9224,-8.1118
1633.000000,3,26.3561,184.4108,45.8596,2.2908,-7.1510
1633.000000,4,26.3561,184.5676,45.3318,1.6062,-5.6199
1633.000000,5,26.3561,184.0481,47.6187,4.4125,-9.5255
1633.000000,6,26.3561,184.2026,47.5944,4.2338,-9.6198
1633.000000,7,26.3561,184.3569,47.3078,3.7929,-9.5805
1633.000000,8,26.3561,184.5108,47.4471,3.7783,-8.6255
1633.000000,9,26.3561,184.7441,47.0998,3.1976,-7.7024
1633.000000,10,26.3561,184.1615,47.7044,4.3848,-8.9284
1633.000000,11,26.3561,184.3122,47.4509,3.9807,-9.9497
1633.000000,12,26.3561,184.4628,47.7125,4.0916,-9.9004
1633.000000,13,26.3561,184.6932,47.4017,3.5505,-10.0778
1633.000000,14,26.3561,184.8431,47.7026,3.7015,-9.1600
1633.000000,15,26.3561,184.2771,46.8652,3.4300,-7.5835
1633.000000,16,26.3561,184.4240,47.4625,3.8804,-8.4766
1633.000000,17,26.3561,184.5710,47.3827,3.6537,-9.4598
1633.000000,18,26.3561,184.7978,47.5959,3.6400,-9.6478
1633.000000,19,26.3561,184.9444,47.4917,3.3893,-9.7984
1633.000000,20,26.3561,184.3947,45.3560,1.8033,-5.3303
1633.000000,21,26.3561,184.5379,45.5874,1.8915,-7.6230
1633.000000,22,26.3561,184.7612,46.6033,2.6841,-8.0903
1633.000000,23,26.3561,184.9045,46.7865,2.7239,-8.9142
1633.000000,24,26.3561,185.0477,47.2177,3.0120,-9.0323
1634.000000,0,26.2281,183.9661,46.9684,3.8442,-8.9344
1634.000000,1,26.2281,184.1235,46.4663,3.1847,-8.9898
1634.000000,2,26.2281,184.2805,46.3893,2.9507,-8.1126
1634.000000,3,26.2281,184.4371,45.8974,2.3023,-7.1628
1634.000000,4,26.2281,184.6730,45.3730,1.5419,-5.6264
1634.000000,5,26.2281,184.0777,47.6351,4.3993,-9.5214
1634.000000,6,26.2281,184.2313,47.5899,4.2006,-9.6429
1634.000000,7,26.2281,184.3847,47.3362,3.7935,-9.5673
1634.000000,8,26.2281,184.5377,47.4602,3.7645,-8.6255
1634.000000,9,26.2281,184.7702,47.1069,3.1786,-7.7003
1634.000000,10,26.2281,184.1917,47.7039,4.3541,-8.9255
1634.000000,11,26.2281,184.3415,47.4558,3.9563,-9.9470
1634.000000,12,26.2281,184.4912,47.7125,4.0632,-9.9046
1634.000000,13,26.2281,184.7207,47.4081,3.5293,-10.0732
1634.000000,14,26.2281,184.8698,47.7023,3.6744,-9.1568
1634.000000,15,26.2281,184.3078,46.8756,3.4098,-7.5836
1634.000000,16,26.2281,184.4539,47.4739,3.8620,-8.4815
1634.000000,17,26.2281,184.6799,47.4100,3.5721,-9.4527
1634.000000,18,26.2281,184.8259,47.5870,3.6031,-9.6753
1634.000000,19,26.2281,184.9716,47.5155,3.3858,-9.7847
1634.000000,20,26.2281,184.4259,45.4020,1.8181,-5.3310
1634.000000,21,26.2281,184.5682,45.6258,1.8996,-7.6389
1634.000000,22,26.2281,184.7906,46.6466,2.6979,-8.1025
1634.000000,23,26.2281,184.9331,46.8544,2.7633,-8.8966
1634.000000,24,26.2281,185.0755,47.2394,3.0059,-9.0618
1635.000000,0,26.0999,183.9952,47.0026,3.8493,-8.9630
1635.000000,1,26.0999,184.1517,46.5445,3.2348,-8.9683
1635.000000,2,26.0999,184.3078,46.4427,2.9768,-8.1149
1635.000000,3,26.0999,184.4635,45.9343,2.3127,-7.1755
1635.000000,4,26.0999,184.6987,45.4136,1.5569,-5.6188
1635.000000,5,26.0999,184.1075,47.6496,4.3841,-9.5187
1635.000000,6,26.0999,184.2601,47.5840,4.1659,-9.6673
1635.000000,7,26.0999,184.4126,47.3631,3.7925,-9.5555
1635.000000,8,26.0999,184.5648,47.4727,3.7499,-8.6262
1635.000000,9,26.0999,184.7965,47.1139,3.1594,-7.6989
1635.000000,10,26.0999,184.2220,47.7034,4.3233,-8.9229
1635.000000,11,26.0999,184.3709,47.4604,3.9315,-9.9445
1635.000000,12,26.0999,184.5197,47.7125,4.0347,-9.9090
1635.000000,13,26.0999,184.7484,47.4142,3.5078,-10.0690
1635.000000,14,26.0999,184.8967,47.7020,3.6473,-9.1538
1635.000000,15,26.0999,184.3387,46.8860,3.3893,-7.5843
1635.000000,16,26.0999,184.4838,47.4848,3.8430,-8.4872
1635.000000,17,26.0999,184.7090,47.4357,3.5687,-9.4432
1635.000000,18,26.0999,184.8541,47.5872,3.5750,-9.6924
1635.000000,19,26.0999,184.9990,47.5373,3.3803,-9.7728
1635.000000,20,26.0999,184.4572,45.4472,1.8320,-5.3328
1635.000000,21,26.0999,184.6786,45.6633,1.8267,-7.6645
1635.000000,22,26.0999,184.8201,46.6879,2.7097,-8.1159
1635.000000,23,26.0999,184.9618,46.9187,2.7989,-8.8817
1635.000000,24,26.0999,185.1033,47.2579,2.9965,-9.0934
1636.000000,0,25.9716,184.0245,47.0333,3.8508,-8.9936
1636.000000,1,25.9716,184.1800,46.6192,3.2812,-8.9495
1636.000000,2,25.9716,184.3353,46.4942,3.0009,-8.1186
1636.000000,3,25.9716,184.4901,45.9703,2.3221,-7.1889
1636.000000,4,25.9716,184.7244,45.4537,1.5712,-5.6124
1636.000000,5,25.9716,184.1373,47.6625,4.3671,-9.5176
1636.000000,6,25.9716,184.2891,47.5768,4.1297,-9.6927
1636.000000,7,25.9716,184.4407,47.3887,3.7900,-9.5452
1636.000000,8,25.9716,184.5920,47.4847,3.7347,-8.6276
1636.000000,9,25.9716,184.8229,47.1208,3.1399,-7.6979
1636.000000,10,25.9716,184.2525,47.7028,4.2923,-8.9205
1636.000000,11,25.9716,184.4004,47.4649,3.9064,-9.9424
1636.000000,12,25.9716,184.5484,47.7125,4.0061,-9.9134
1636.000000,13,25.9716,184.7761,47.4202,3.4860,-10.0651
1636.000000,14,25.9716,184.9236,47.7017,3.6200,-9.1510
1636.000000,15,25.9716,184.3696,46.8961,3.3685,-7.5855
1636.000000,16,25.9716,184.5138,47.4951,3.8232,-8.4936
1636.000000,17,25.9716,184.7381,47.4598,3.5636,-9.4353
1636.000000,18,25.9716,184.8824,47.5918,3.5514,-9.7043
1636.000000,19,25.9716,185.0265,47.5572,3.3727,-9.7626
1636.000000,20,25.9716,184.4885,45.4915,1.8450,-5.3358
1636.000000,21,25.9716,184.7090,45.7175,1.8504,-7.6610
1636.000000,22,25.9716,184.8497,46.7274,2.7196,-8.1306
1636.000000,23,25.9716,184.9905,46.9795,2.8310,-8.8696
1636.000000,24,25.9716,185.1312,47.2732,2.9840,-9.1271
1637.000000,0,25.8432,184.0539,47.0607,3.8488,-9.0259
1637.000000,1,25.8432,184.2085,46.6904,3.3239,-8.9333
1637.000000,2,25.8432,184.3629,46.5437,3.0228,-8.1236
1637.000000,3,25.8432,184.5168,46.0054,2.3305,-7.2032
1637.000000,4,25.8432,184.7503,45.4932,1.5848,-5.6071
1637.000000,5,25.8432,184.1673,47.6735,4.3482,-9.5178
1637.000000,6,25.8432,184.3182,47.5683,4.0921,-9.7193
1637.000000,7,25.8432,184.4689,47.4129,3.7860,-9.5362
1637.000000,8,25.8432,184.6993,47.4962,3.6389,-8.6344
1637.000000,9,25.8432,184.8494,47.1277,3.1203,-7.6975
1637.000000,10,25.8432,184.2830,47.7023,4.2612,-8.9184
1637.000000,11,25.8432,184.4300,47.4691,3.8810,-9.9407
1637.000000,12,25.8432,184.5771,47.7125,3.9773,-9.9179
1637.000000,13,25.8432,184.8040,47.4259,3.4638,-10.0616
1637.000000,14,25.8432,184.9507,47.7013,3.5926,-9.1485
1637.000000,15,25.8432,184.4006,46.9061,3.3475,-7.5873
1637.000000,16,25.8432,184.5439,47.5047,3.8028,-8.5006
1637.000000,17,25.8432,184.7674,47.4824,3.5570,-9.4290
1637.000000,18,25.8432,184.9108,47.5957,3.5269,-9.7166
1637.000000,19,25.8432,185.0540,47.5753,3.3632,-9.7541
1637.000000,20,25.8432,184.5200,45.5351,1.8571,-5.3398
1637.000000,21,25.8432,184.7396,45.7842,1.8865,-7.6423
1637.000000,22,25.8432,184.8794,46.7650,2.7276,-8.1464
1637.000000,23,25.8432,185.0193,47.0370,2.8596,-8.8600
1637.000000,24,25.8432,185.1592,47.2856,2.9683,-9.1626
1638.000000,0,25.7148,184.0834,47.0848,3.8434,-9.0601
1638.000000,1,25.7148,184.2371,46.7582,3.3631,-8.9195
1638.000000,2,25.7148,184.3906,46.5914,3.0427,-8.1300
1638.000000,3,25.7148,184.5437,46.0396,2.3379,-7.2182
1638.000000,4,25.7148,184.7764,45.5321,1.5977,-5.6029
1638.000000,5,25.7148,184.1975,47.6830,4.3275,-9.5194
1638.000000,6,25.7148,184.3474,47.5732,4.0678,-9.7306
1638.000000,7,25.7148,184.4972,47.4358,3.7805,-9.5286
1638.000000,8,25.7148,184.7268,47.5072,3.6224,-8.6372
1638.000000,9,25.7148,184.8760,47.1344,3.1004,-7.6976
1638.000000,10,25.7148,184.3136,47.7017,4.2300,-8.9165
1638.000000,11,25.7148,184.4598,47.4731,3.8553,-9.9392
1638.000000,12,25.7148,184.6860,47.7125,3.8685,-9.9258
1638.000000,13,25.7148,184.8320,47.4313,3.4413,-10.0584
1638.000000,14,25.7148,184.9778,47.7010,3.5651,-9.1461
1638.000000,15,25.7148,184.4317,46.9160,3.3262,-7.5895
1638.000000,16,25.7148,184.5741,47.5139,3.7817,-8.5083
1638.000000,17,25.7148,184.7967,47.5035,3.5487,-9.4241
1638.000000,18,25.7148,184.9392,47.5988,3.5015,-9.7295
1638.000000,19,25.7148,185.0817,47.5916,3.3518,-9.7471
1638.000000,20,25.7148,184.5515,45.5778,1.8683,-5.3449
1638.000000,21,25.7148,184.7702,45.8489,1.9206,-7.6254
1638.000000,22,25.7148,184.9092,46.8009,2.7337,-8.1632
1638.000000,23,25.7148,185.0483,47.0912,2.8849,-8.8529
1638.000000,24,25.7148,185.1873,47.2951,2.9497,-9.2000
1639.000000,0,25.5863,184.1131,47.1059,3.8347,-9.0960
1639.000000,1,25.5863,184.2659,46.8227,3.3988,-8.9081
1639.000000,2,25.5863,184.4185,46.6372,3.0607,-8.1377
1639.000000,3,25.5863,184.5707,46.0730,2.3442,-7.2339
1639.000000,4,25.5863,184.8025,45.5704,1.6098,-5.5997
1639.000000,5,25.5863,184.2277,47.6909,4.3052,-9.5222
1639.000000,6,25.5863,184.3767,47.5774,4.0427,-9.7425
1639.000000,7,25.5863,184.5256,47.4574,3.7737,-9.5222
1639.000000,8,25.5863,184.7544,47.5176,3.6052,-8.6407
1639.000000,9,25.5863,184.9028,47.1410,3.0802,-7.6983
1639.000000,10,25.5863,184.3444,47.7011,4.1987,-8.9148
1639.000000,11,25.5863,184.4896,47.4770,3.8293,-9.9381
1639.000000,12,25.5863,184.7149,47.7125,3.8395,-9.9305
1639.000000,13,25.5863,184.8601,47.4366,3.4185,-10.0556
1639.000000,14,25.5863,185.0051,47.7006,3.5374,-9.1440
1639.000000,15,25.5863,184.4629,46.9257,3.3047,-7.5923
1639.000000,16,25.5863,184.6844,47.5225,3.6800,-8.5214
1639.000000,17,25.5863,184.8261,47.5231,3.5390,-9.4206
1639.000000,18,25.5863,184.9678,47.6012,3.4754,-9.7429
1639.000000,19,25.5863,185.1094,47.6061,3.3386,-9.7417
1639.000000,20,25.5863,184.5831,45.6198,1.8786,-5.3511
1639.000000,21,25.5863,184.8009,45.9117,1.9527,-7.6103
1639.000000,22,25.5863,184.9390,46.8352,2.7381,-8.1811
1639.000000,23,25.5863,185.0773,47.1424,2.9070,-8.8482
1639.000000,24,25.5863,185.2155,47.3018,2.9283,-9.2391
1640.000000,0,25.4577,184.1429,47.1239,3.8230,-9.1334
1640.000000,1,25.4577,184.2947,46.8841,3.4313,-8.8990
1640.000000,2,25.4577,184.4464,46.6812,3.0768,-8.1465
1640.000000,3,25.4577,184.6779,46.1056,2.2697,-7.2591
1640.000000,4,25.4577,184.8288,45.6082,1.6213,-5.5976
1640.000000,5,25.4577,184.2581,47.6973,4.2812,-9.5264
1640.000000,6,25.4577,184.4061,47.5809,4.0167,-9.7549
1640.000000,7,25.4577,184.5542,47.4777,3.7655,-9.5170
1640.000000,8,25.4577,184.7821,47.5276,3.5875,-8.6448
1640.000000,9,25.4577,184.9296,47.1476,3.0599,-7.6994
1640.000000,10,25.4577,184.3752,47.7005,4.1672,-8.9134
1640.000000,11,25.4577,184.5196,47.4807,3.8031,-9.9373
1640.000000,12,25.4577,184.7440,47.7125,3.8104,-9.9354
1640.000000,13,25.4577,184.8883,47.4417,3.3953,-10.0532
1640.000000,14,25.4577,185.0325,47.7002,3.5096,-9.1420
1640.000000,15,25.4577,184.4942,46.9353,3.2830,-7.5956
1640.000000,16,25.4577,184.7148,47.5306,3.6577,-8.5303
1640.000000,17,25.4577,184.8556,47.5414,3.5278,-9.4185
1640.000000,18,25.4577,184.9965,47.6030,3.4485,-9.7568
1640.000000,19,25.4577,185.1373,47.6190,3.3237,-9.7378
1640.000000,20,25.4577,184.6948,45.6610,1.8081,-5.3734
1640.000000,21,25.4577,184.8317,45.9726,1.9829,-7.5967
1640.000000,22,25.4577,184.9690,46.8678,2.7408,-8.2000
1640.000000,23,25.4577,185.1064,47.1905,2.9261,-8.8458
1640.000000,24,25.4577,185.2438,47.3060,2.9041,-9.2798
1641.000000,0,25.3292,184.1728,47.1390,3.8082,-9.1724
1641.000000,1,25.3292,184.3237,46.9424,3.4606,-8.8920
1641.000000,2,25.3292,184.4746,46.7236,3.0910,-8.1565
1641.000000,3,25.3292,184.7051,46.1373,2.2741,-7.2760
1641.000000,4,25.3292,184.8553,45.6454,1.6321,-5.5965
1641.000000,5,25.3292,184.2885,47.7022,4.2557,-9.5317
1641.000000,6,25.3292,184.4357,47.5837,3.9899,-9.7677
1641.000000,7,25.3292,184.5829,47.4969,3.7560,-9.5131
1641.000000,8,25.3292,184.8099,47.5371,3.5692,-8.6495
1641.000000,9,25.3292,184.9566,47.1540,3.0393,-7.7009
1641.000000,10,25.3292,184.4062,47.6999,4.1357,-8.9122
1641.000000,11,25.3292,184.5496,47.4842,3.7766,-9.9369
1641.000000,12,25.3292,184.7732,47.7125,3.7813,-9.9403
1641.000000,13,25.3292,184.9167,47.4466,3.3719,-10.0510
1641.000000,14,25.3292,185.0600,47.6998,3.4818,-9.1403
1641.000000,15,25.3292,184.5256,46.9447,3.2611,-7.5993
1641.000000,16,25.3292,184.7453,47.5382,3.6348,-8.5398
1641.000000,17,25.3292,184.8853,47.5584,3.5151,-9.4177
1641.000000,18,25.3292,185.0253,47.6041,3.4208,-9.7711
1641.000000,19,25.3292,185.1652,47.6303,3.3071,-9.7353
1641.000000,20,25.3292,184.7265,45.7014,1.8168,-5.3814
1641.000000,21,25.3292,184.8626,46.0318,2.0112,-7.5847
1641.000000,22,25.3292,184.9990,46.8988,2.7418,-8.2198
1641.000000,23,25.3292,185.1355,47.2357,2.9422,-8.8455
1641.000000,24,25.3292,185.2722,47.3075,2.8773,-9.3221
1642.000000,0,25.2006,184.2028,47.1514,3.7905,-9.2128
1642.000000,1,25.2006,184.3529,46.9978,3.4869,-8.8872
1642.000000,2,25.2006,184.5028,46.7642,3.1033,-8.1676
1642.000000,3,25.2006,184.7325,46.1682,2.2777,-7.2935
1642.000000,4,25.2006,184.8818,45.6821,1.6422,-5.5963
1642.000000,5,25.2006,184.3191,47.7058,4.2286,-9.5383
1642.000000,6,25.2006,184.4654,47.5858,3.9624,-9.7811
1642.000000,7,25.2006,184.6916,47.5149,3.6652,-9.5141
1642.000000,8,25.2006,184.8378,47.5461,3.5503,-8.6548
1642.000000,9,25.2006,184.9837,47.1603,3.0186,-7.7030
1642.000000,10,25.2006,184.4372,47.6993,4.1040,-8.9112
1642.000000,11,25.2006,184.5798,47.4876,3.7498,-9.9367
1642.000000,12,25.2006,184.8024,47.7125,3.7520,-9.9454
1642.000000,13,25.2006,184.9451,47.4513,3.3482,-10.0492
1642.000000,14,25.2006,185.0876,47.6994,3.4538,-9.1388
1642.000000,15,25.2006,184.5571,46.9540,3.2389,-7.6035
1642.000000,16,25.2006,184.7759,47.5453,3.6114,-8.5498
1642.000000,17,25.2006,184.9150,47.5741,3.5011,-9.4182
1642.000000,18,25.2006,185.0541,47.6046,3.3925,-9.7858
1642.000000,19,25.2006,185.1933,47.6401,3.2888,-9.7343
1642.000000,20,25.2006,184.7583,45.7411,1.8247,-5.3903
1642.000000,21,25.2006,184.8935,46.0892,2.0376,-7.5742
1642.000000,22,25.2006,185.0290,46.9282,2.7412,-8.2405
1642.000000,23,25.2006,185.1648,47.2782,2.9554,-8.8473
1642.000000,24,25.2006,185.3006,47.3067,2.8481,-9.3659
1643.000000,0,25.0720,184.2330,47.1611,3.7701,-9.2547
1643.000000,1,25.0720,184.3821,47.0503,3.5101,-8.8843
1643.000000,2,25.0720,184.5312,46.8032,3.1139,-8.1798
1643.000000,3,25.0720,184.7600,46.1984,2.2803,-7.3116
1643.000000,4,25.0720,184.9085,45.7182,1.6516,-5.5971
1643.000000,5,25.0720,184.3498,47.7080,4.2002,-9.5459
1643.000000,6,25.0720,184.4951,47.5872,3.9341,-9.7949
1643.000000,7,25.0720,184.7205,47.5318,3.6532,-9.5125
1643.000000,8,25.0720,184.8658,47.5547,3.5309,-8.6606
1643.000000,9,25.0720,185.0109,47.1666,2.9976,-7.7055
1643.000000,10,25.0720,184.4684,47.6987,4.0723,-8.9105
1643.000000,11,25.0720,184.6900,47.4908,3.6427,-9.9403
1643.000000,12,25.0720,184.8318,47.7125,3.7226,-9.9505
1643.000000,13,25.0720,184.9736,47.4558,3.3242,-10.0478
1643.000000,14,25.0720,185.1153,47.6990,3.4256,-9.1375
1643.000000,15,25.0720,184.5886,46.9631,3.2165,-7.6081
1643.000000,16,25.0720,184.8065,47.5519,3.5873,-8.5603
1643.000000,17,25.0720,184.9447,47.5886,3.4859,-9.4198
1643.000000,18,25.0720,185.0831,47.6045,3.3634,-9.8010
1643.000000,19,25.0720,185.2214,47.6485,3.2690,-9.7345
1643.000000,20,25.0720,184.7902,45.7800,1.8317,-5.4001
1643.000000,21,25.0720,184.9245,46.1449,2.0623,-7.5651
1643.000000,22,25.0720,185.0592,46.9562,2.7390,-8.2620
1643.000000,23,25.0720,185.1941,47.3179,2.9658,-8.8512
1643.000000,24,25.0720,185.3291,47.3035,2.8164,-9.4111
1644.000000,0,24.9434,184.2633,47.1682,3.7469,-9.2978
1644.000000,1,24.9434,184.4115,47.1000,3.5305,-8.8834
1644.000000,2,24.9434,184.5597,46.8405,3.1228,-8.1930
1644.000000,3,24.9434,184.7877,46.2278,2.2820,-7.3303
1644.000000,4,24.9434,184.9353,45.7538,1.6604,-5.5988
1644.000000,5,24.9434,184.3805,47.7089,4.1703,-9.5547
1644.000000,6,24.9434,184.5250,47.5881,3.9051,-9.8091
1644.000000,7,24.9434,184.7495,47.5476,3.6401,-9.5119
1644.000000,8,24.9434,184.8940,47.5629,3.5109,-8.6670
1644.000000,9,24.9434,185.0383,47.1727,2.9765,-7.7084
1644.000000,10,24.9434,184.4996,47.6980,4.0404,-8.9100
1644.000000,11,24.9434,184.7203,47.4938,3.6154,-9.9408
1644.000000,12,24.9434,184.8612,47.7125,3.6932,-9.9558
1644.000000,13,24.9434,185.0022,47.4601,3.2999,-10.0466
1644.000000,14,24.9434,185.1431,47.6985,3.3974,-9.1364
1644.000000,15,24.9434,184.7002,46.9721,3.1138,-7.6198
1644.000000,16,24.9434,184.8372,47.5581,3.5628,-8.5714
1644.000000,17,24.9434,184.9746,47.6019,3.4693,-9.4227
1644.000000,18,24.9434,185.1121,47.6039,3.3338,-9.8166
1644.000000,19,24.9434,185.2496,47.6554,3.2478,-9.7361
1644.000000,20,24.9434,184.8221,45.8182,1.8380,-5.4108
1644.000000,21,24.9434,184.9556,46.1989,2.0853,-7.5575
1644.000000,22,24.9434,185.0894,46.9828,2.7353,-8.2843
1644.000000,23,24.9434,185.2235,47.3551,2.9736,-8.8569
1644.000000,24,24.9434,185.3577,47.2981,2.7824,-9.4575
1645.000000,0,24.8149,184.2937,47.1729,3.7211,-9.3422
1645.000000,1,24.8149,184.4410,47.1470,3.5480,-8.8844
1645.000000,2,24.8149,184.5883,46.8764,3.1301,-8.2071
1645.000000,3,24.8149,184.8154,46.2564,2.2829,-7.3495
1645.000000,4,24.8149,184.9623,45.7888,1.6685,-5.6013
1645.000000,5,24.8149,184.4114,47.7086,4.1392,-9.5645
1645.000000,6,24.8149,184.5550,47.5884,3.8754,-9.8237
1645.000000,7,24.8149,184.7786,47.5624,3.6257,-9.5124
1645.000000,8,24.8149,184.9222,47.5706,3.4904,-8.6739
1645.000000,9,24.8149,185.0657,47.1788,2.9551,-7.7117
1645.000000,10,24.8149,184.5309,47.6974,4.0085,-8.9098
1645.000000,11,24.8149,184.7507,47.4967,3.5879,-9.9416
1645.000000,12,24.8149,184.8908,47.7125,3.6637,-9.9612
1645.000000,13,24.8149,185.0309,47.4643,3.2754,-10.0458
1645.000000,14,24.8149,185.1709,47.6981,3.3691,-9.1355
1645.000000,15,24.8149,184.7319,46.9809,3.0910,-7.6253
1645.000000,16,24.8149,184.8680,47.5638,3.5378,-8.5829
1645.000000,17,24.8149,185.0045,47.6141,3.4516,-9.4266
1645.000000,18,24.8149,185.1412,47.6027,3.3035,-9.8325
1645.000000,19,24.8149,185.2779,47.6610,3.2251,-9.7389
1645.000000,20,24.8149,184.8541,45.8556,1.8435,-5.4222
1645.000000,21,24.8149,184.9867,46.2513,2.1066,-7.5512
1645.000000,22,24.8149,185.1197,47.0079,2.7302,-8.3073
1645.000000,23,24.8149,185.2529,47.3898,2.9789,-8.8644
1645.000000,24,24.8149,185.3863,47.2906,2.7462,-9.5052
1646.000000,0,24.6864,184.3242,47.1751,3.6929,-9.3877
1646.000000,1,24.6864,184.4706,47.1915,3.5629,-8.8871
1646.000000,2,24.6864,184.6970,46.9107,3.0557,-8.2281
1646.000000,3,24.6864,184.8433,46.2842,2.2829,-7.3691
1646.000000,4,24.6864,184.9893,45.8233,1.6759,-5.6048
1646.000000,5,24.6864,184.4424,47.7072,4.1068,-9.5753
1646.000000,6,24.6864,184.5850,47.5881,3.8450,-9.8387
1646.000000,7,24.6864,184.8078,47.5762,3.6103,-9.5139
1646.000000,8,24.6864,184.9506,47.5780,3.4693,-8.6813
1646.000000,9,24.6864,185.0932,47.1848,2.9335,-7.7154
1646.000000,10,24.6864,184.5623,47.6968,3.9765,-8.9098
1646.000000,11,24.6864,184.7812,47.4994,3.5602,-9.9426
1646.000000,12,24.6864,184.9204,47.7125,3.6340,-9.9667
1646.000000,13,24.6864,185.0597,47.4683,3.2506,-10.0453
1646.000000,14,24.6864,185.1989,47.6977,3.3407,-9.1349
1646.000000,15,24.6864,184.7636,46.9896,3.0680,-7.6311
1646.000000,16,24.6864,184.8989,47.5692,3.5122,-8.5948
1646.000000,17,24.6864,185.0345,47.6252,3.4327,-9.4317
1646.000000,18,24.6864,185.1703,47.6009,3.2726,-9.8489
1646.000000,19,24.6864,185.3062,47.6653,3.2010,-9.7429
1646.000000,20,24.6864,184.8862,45.8924,1.8482,-5.4344
1646.000000,21,24.6864,185.0179,46.3021,2.1262,-7.5461
1646.000000,22,24.6864,185.1500,47.0317,2.7237,-8.3310
1646.000000,23,24.6864,185.2824,47.4221,2.9816,-8.8737
1646.000000,24,24.6864,185.4150,47.2810,2.7080,-9.5541
1647.000000,0,24.5579,184.3548,47.1751,3.6623,-9.4344
1647.000000,1,24.5579,184.5003,47.2335,3.5751,-8.8915
1647.000000,2,24.5579,184.7258,46.9435,3.0597,-8.2440
1647.000000,3,24.5579,184.8712,46.3113,2.2821,-7.3892
1647.000000,4,24.5579,185.0164,45.8572,1.6827,-5.6091
1647.000000,5,24.5579,184.4734,47.7046,4.0732,-9.5870
1647.000000,6,24.5579,184.6952,47.5873,3.7340,-9.8576
1647.000000,7,24.5579,184.8371,47.5890,3.5938,-9.5164
1647.000000,8,24.5579,184.9790,47.5849,3.4478,-8.6893
1647.000000,9,24.5579,185.1208,47.1906,2.9118,-7.7195
1647.000000,10,24.5579,184.5937,47.6961,3.9443,-8.9100
1647.000000,11,24.5579,184.8118,47.5020,3.5322,-9.9440
1647.000000,12,24.5579,184.9501,47.7125,3.6043,-9.9723
1647.000000,13,24.5579,185.0885,47.4721,3.2255,-10.0452
1647.000000,14,24.5579,185.2270,47.6972,3.3122,-9.1344
1647.000000,15,24.5579,184.7954,46.9981,3.0447,-7.6374
1647.000000,16,24.5579,184.9298,47.5741,3.4862,-8.6072
1647.000000,17,24.5579,185.0646,47.6353,3.4126,-9.4377
1647.000000,18,24.5579,185.1996,47.5987,3.2411,-9.8656
1647.000000,19,24.5579,185.3347,47.6683,3.1756,-9.7481
1647.000000,20,24.5579,184.9183,45.9284,1.8521,-5.4474
1647.000000,21,24.5579,185.0491,46.3514,2.1442,-7.5423
1647.000000,22,24.5579,185.1804,47.0542,2.7158,-8.3555
1647.000000,23,24.5579,185.3120,47.4521,2.9821,-8.8847
1647.000000,24,24.5579,185.4438,47.2695,2.6677,-9.6041
1648.000000,0,24.4296,184.3855,47.1729,3.6294,-9.4821
1648.000000,1,24.4296,184.5301,47.2730,3.5849,-8.8976
1648.000000,2,24.4296,184.7547,46.9750,3.0622,-8.2607
1648.000000,3,24.4296,184.8993,46.3378,2.2804,-7.4098
1648.000000,4,24.4296,185.0437,45.8906,1.6889,-5.6142
1648.000000,5,24.4296,184.5046,47.7010,4.0384,-9.5997
1648.000000,6,24.4296,184.7255,47.5860,3.7025,-9.8733
1648.000000,7,24.4296,184.8665,47.6008,3.5763,-9.5198
1648.000000,8,24.4296,185.0076,47.5914,3.4258,-8.6976
1648.000000,9,24.4296,185.1485,47.1964,2.8898,-7.7240
1648.000000,10,24.4296,184.7052,47.6954,3.8322,-8.9146
1648.000000,11,24.4296,184.8424,47.5045,3.5041,-9.9456
1648.000000,12,24.4296,184.9799,47.7125,3.5745,-9.9781
1648.000000,13,24.4296,185.1175,47.4758,3.2003,-10.0453
1648.000000,14,24.4296,185.2551,47.6968,3.2836,-9.1342
1648.000000,15,24.4296,184.8272,47.0066,3.0213,-7.6439
1648.000000,16,24.4296,184.9608,47.5786,3.4598,-8.6200
1648.000000,17,24.4296,185.0947,47.6443,3.3915,-9.4448
1648.000000,18,24.4296,185.2289,47.5960,3.2091,-9.8826
1648.000000,19,24.4296,185.3632,47.6702,3.1490,-9.7544
1648.000000,20,24.4296,184.9504,45.9638,1.8553,-5.4610
1648.000000,21,24.4296,185.0804,46.3991,2.1607,-7.5397
1648.000000,22,24.4296,185.2108,47.0755,2.7066,-8.3805
1648.000000,23,24.4296,185.3416,47.4799,2.9802,-8.8973
1648.000000,24,24.4296,185.4726,47.2730,2.6423,-9.6364
1649.000000,0,24.3013,184.4163,47.1686,3.5943,-9.5308
1649.000000,1,24.3013,184.5600,47.3102,3.5922,-8.9053
1649.000000,2,24.3013,184.7838,47.0050,3.0632,-8.2783
1649.000000,3,24.3013,184.9275,46.3635,2.2779,-7.4307
1649.000000,4,24.3013,185.0711,45.9235,1.6944,-5.6200
1649.000000,5,24.3013,184.5358,47.6964,4.0025,-9.6133
1649.000000,6,24.3013,184.7558,47.5841,3.6703,-9.8895
1649.000000,7,24.3013,184.8960,47.6118,3.5578,-9.5241
1649.000000,8,24.3013,185.0362,47.5976,3.4033,-8.7065
1649.000000,9,24.3013,185.1764,47.2021,2.8677,-7.7289
1649.000000,10,24.3013,184.7368,47.6948,3.7999,-8.9153
1649.000000,11,24.3013,184.8731,47.5069,3.4757,-9.9475
1649.000000,12,24.3013,185.0097,47.7125,3.5447,-9.9839
1649.000000,13,24.3013,185.1465,47.4793,3.1748,-10.0457
1649.000000,14,24.3013,185.2833,47.6963,3.2549,-9.1342
1649.000000,15,24.3013,184.8592,47.0149,2.9977,-7.6509
1649.000000,16,24.3013,184.9918,47.5828,3.4329,-8.6333
1649.000000,17,24.3013,185.1249,47.6524,3.3694,-9.4528
1649.000000,18,24.3013,185.2583,47.5929,3.1766,-9.8999
1649.000000,19,24.3013,185.3917,47.6709,3.1211,-9.7618
1649.000000,20,24.3013,184.9826,45.9984,1.8578,-5.4754
1649.000000,21,24.3013,185.1117,46.4455,2.1757,-7.5382
1649.000000,22,24.3013,185.2413,47.0955,2.6961,-8.4061
1649.000000,23,24.3013,185.3713,47.5055,2.9761,-8.9114
1649.000000,24,24.3013,185.5015,47.2832,2.6237,-9.6604
1650.000000,0,24.1731,184.4472,47.1623,3.5571,-9.5804
1650.000000,1,24.1731,184.5900,47.3452,3.5971,-8.9144
1650.000000,2,24.1731,184.8129,47.0337,3.0627,-8.2966
1650.000000,3,24.1731,184.9558,46.3885,2.2746,-7.4520
1650.000000,4,24.1731,185.0985,45.9558,1.6993,-5.6267
1650.000000,5,24.1731,184.5671,47.6908,3.9656,-9.6277
1650.000000,6,24.1731,184.7862,47.5818,3.6376,-9.9059
1650.000000,7,24.1731,184.9255,47.6218,3.5383,-9.5294
1650.000000,8,24.1731,185.0649,47.6034,3.3804,-8.7158
1650.000000,9,24.1731,185.2042,47.2077,2.8454,-7.7341
1650.000000,10,24.1731,184.7685,47.6941,3.7676,-8.9162
1650.000000,11,24.1731,184.9039,47.5091,3.4471,-9.9497
1650.000000,12,24.1731,185.0397,47.7125,3.5147,-9.9899
1650.000000,13,24.1731,185.1756,47.4827,3.1490,-10.0464
1650.000000,14,24.1731,185.3116,47.6958,3.2262,-9.1344
1650.000000,15,24.1731,184.8911,47.0230,2.9738,-7.6582
1650.000000,16,24.1731,185.0229,47.5866,3.4056,-8.6468
1650.000000,17,24.1731,185.1552,47.6595,3.3463,-9.4618
1650.000000,18,24.1731,185.2877,47.5893,3.1436,-9.9176
1650.000000,19,24.1731,185.4204,47.6706,3.0921,-9.7702
1650.000000,20,24.1731,185.0148,46.0324,1.8596,-5.4904
1650.000000,21,24.1731,185.1431,46.4903,2.1892,-7.5378
1650.000000,22,24.1731,185.2719,47.1144,2.6844,-8.4323
1650.000000,23,24.1731,185.4011,47.5291,2.9700,-8.9269
1650.000000,24,24.1731,185.5305,47.2921,2.6036,-9.6848
1651.000000,0,24.0450,184.4782,47.1541,3.5179,-9.6309
1651.000000,1,24.0450,184.7001,47.3780,3.5198,-8.9296
1651.000000,2,24.0450,184.8421,47.0610,3.0609,-8.3156
1651.000000,3,24.0450,184.9842,46.4128,2.2706,-7.4737
1651.000000,4,24.0450,185.1261,45.9877,1.7036,-5.6341
1651.000000,5,24.0450,184.6785,47.6843,3.8477,-9.6464
1651.000000,6,24.0450,184.8167,47.5791,3.6044,-9.9227
1651.000000,7,24.0450,184.9552,47.6310,3.5178,-9.5354
1651.000000,8,24.0450,185.0937,47.6088,3.3571,-8.7255
1651.000000,9,24.0450,185.2322,47.2132,2.8230,-7.7397
1651.000000,10,24.0450,184.8002,47.6935,3.7352,-8.9174
1651.000000,11,24.0450,184.9348,47.5112,3.4184,-9.9521
1651.000000,12,24.0450,185.0697,47.7125,3.4847,-9.9960
1651.000000,13,24.0450,185.2048,47.4859,3.1231,-10.0474
1651.000000,14,24.0450,185.3400,47.6954,3.1973,-9.1347
1651.000000,15,24.0450,184.9231,47.0310,2.9499,-7.6657
1651.000000,16,24.0450,185.0541,47.5900,3.3779,-8.6608
1651.000000,17,24.0450,185.1855,47.6658,3.3222,-9.4716
1651.000000,18,24.0450,185.3172,47.5854,3.1101,-9.9356
1651.000000,19,24.0450,185.4491,47.6692,3.0620,-9.7795
1651.000000,20,24.0450,185.0471,46.0657,1.8606,-5.5060
1651.000000,21,24.0450,185.1745,46.5339,2.2013,-7.5385
1651.000000,22,24.0450,185.3025,47.1321,2.6716,-8.4589
1651.000000,23,24.0450,185.4309,47.5507,2.9618,-8.9439
1651.000000,24,24.0450,185.5595,47.2998,2.5823,-9.7098
1652.000000,0,23.9171,184.5093,47.1440,3.4767,-9.6823
1652.000000,1,23.9171,184.7303,47.4086,3.5203,-8.9416
1652.000000,2,23.9171,184.8714,47.0871,3.0577,-8.3353
1652.000000,3,23.9171,185.0126,46.4365,2.2658,-7.4958
1652.000000,4,23.9171,185.1537,46.0190,1.7072,-5.6421
1652.000000,5,23.9171,184.7100,47.6769,3.8088,-9.6625
1652.000000,6,23.9171,184.8473,47.5759,3.5706,-9.9398
1652.000000,7,23.9171,184.9849,47.6394,3.4965,-9.5423
1652.000000,8,23.9171,185.1226,47.6139,3.3333,-8.7356
1652.000000,9,23.9171,185.2603,47.2187,2.8003,-7.7456
1652.000000,10,23.9171,184.8320,47.6928,3.7027,-8.9188
1652.000000,11,23.9171,184.9657,47.5132,3.3895,-9.9548
1652.000000,12,23.9171,185.0998,47.7125,3.4547,-10.0022
1652.000000,13,23.9171,185.2340,47.4890,3.0969,-10.0487
1652.000000,14,23.9171,185.3684,47.6949,3.1684,-9.1353
1652.000000,15,23.9171,184.9552,47.0389,2.9257,-7.6737
1652.000000,16,23.9171,185.0853,47.5932,3.3498,-8.6751
1652.000000,17,23.9171,185.2159,47.6712,3.2973,-9.4822
1652.000000,18,23.9171,185.3468,47.5810,3.0762,-9.9538
1652.000000,19,23.9171,185.4779,47.6668,3.0309,-9.7899
1652.000000,20,23.9171,185.0794,46.0984,1.8610,-5.5222
1652.000000,21,23.9171,185.2060,46.5760,2.2120,-7.5402
1652.000000,22,23.9171,185.3331,47.1488,2.6576,-8.4861
1652.000000,23,23.9171,185.4607,47.5703,2.9516,-8.9621
1652.000000,24,23.9171,185.5885,47.3063,2.5597,-9.7352
1653.000000,0,23.7893,184.5404,47.1544,3.4559,-9.7098
1653.000000,1,23.7893,184.7605,47.4373,3.5187,-8.9549
1653.000000,2,23.7893,184.9009,47.1120,3.0531,-8.3557
1653.000000,3,23.7893,185.0412,46.4595,2.2603,-7.5181
1653.000000,4,23.7893,185.1815,46.0498,1.7103,-5.6509
1653.000000,5,23.7893,184.7415,47.6686,3.7691,-9.6792
1653.000000,6,23.7893,184.8779,47.5724,3.5364,-9.9572
1653.000000,7,23.7893,185.0147,47.6470,3.4743,-9.5499
1653.000000,8,23.7893,185.1516,47.6187,3.3091,-8.7461
1653.000000,9,23.7893,185.2885,47.2240,2.7775,-7.7518
1653.000000,10,23.7893,184.8639,47.6921,3.6702,-8.9203
1653.000000,11,23.7893,184.9967,47.5151,3.3604,-9.9578
1653.000000,12,23.7893,185.1299,47.7125,3.4245,-10.0086
1653.000000,13,23.7893,185.2633,47.4920,3.0706,-10.0503
1653.000000,14,23.7893,185.3969,47.6944,3.1394,-9.1361
1653.000000,15,23.7893,184.9873,47.0467,2.9013,-7.6819
1653.000000,16,23.7893,185.1166,47.5960,3.3213,-8.6897
1653.000000,17,23.7893,185.2463,47.6758,3.2714,-9.4937
1653.000000,18,23.7893,185.3764,47.5763,3.0419,-9.9723
1653.000000,19,23.7893,185.5067,47.6635,2.9987,-9.8011
1653.000000,20,23.7893,185.1117,46.1304,1.8607,-5.5389
1653.000000,21,23.7893,185.2375,46.6169,2.2213,-7.5428
1653.000000,22,23.7893,185.3638,47.1643,2.6425,-8.5138
1653.000000,23,23.7893,185.4906,47.5882,2.9396,-8.9817
1653.000000,24,23.7893,185.6176,47.3116,2.5359,-9.7610
1654.000000,0,23.6616,184.5717,47.1651,3.4354,-9.7359
1654.000000,1,23.6616,184.7909,47.4640,3.5150,-8.9695
1654.000000,2,23.6616,184.9303,47.1357,3.0473,-8.3768
1654.000000,3,23.6616,185.0699,46.4819,2.2540,-7.5408
1654.000000,4,23.6616,185.2093,46.0801,1.7128,-5.6603
1654.000000,5,23.6616,184.7731,47.6633,3.7322,-9.6925
1654.000000,6,23.6616,184.9087,47.5684,3.5017,-9.9748
1654.000000,7,23.6616,185.0445,47.6539,3.4513,-9.5583
1654.000000,8,23.6616,185.1806,47.6232,3.2845,-8.7569
1654.000000,9,23.6616,185.3167,47.2293,2.7546,-7.7583
1654.000000,10,23.6616,184.8958,47.6915,3.6376,-8.9221
1654.000000,11,23.6616,185.0277,47.5169,3.3311,-9.9610
1654.000000,12,23.6616,185.1601,47.7125,3.3943,-10.0150
1654.000000,13,23.6616,185.2927,47.4948,3.0440,-10.0522
1654.000000,14,23.6616,185.4255,47.6939,3.1104,-9.1371
1654.000000,15,23.6616,185.0195,47.0543,2.8768,-7.6904
1654.000000,16,23.6616,185.1479,47.5985,3.2925,-8.7046
1654.000000,17,23.6616,185.2768,47.6796,3.2448,-9.5059
1654.000000,18,23.6616,185.4061,47.5712,3.0071,-9.9911
1654.000000,19,23.6616,185.5356,47.6592,2.9656,-9.8132
1654.000000,20,23.6616,185.1441,46.1618,1.8597,-5.5562
1654.000000,21,23.6616,185.2690,46.6565,2.2294,-7.5464
1654.000000,22,23.6616,185.3946,47.1789,2.6263,-8.5418
1654.000000,23,23.6616,185.5205,47.6043,2.9258,-9.0024
1654.000000,24,23.6616,185.6468,47.3158,2.5110,-9.7873
1655.000000,0,23.5340,184.6830,47.1744,3.3334,-9.7662
1655.000000,1,23.5340,184.8213,47.4888,3.5094,-8.9853
1655.000000,2,23.5340,184.9599,47.1582,3.0402,-8.3984
1655.000000,3,23.5340,185.0986,46.5037,2.2471,-7.5637
1655.000000,4,23.5340,185.2372,46.1099,1.7146,-5.6704
1655.000000,5,23.5340,184.8048,47.6699,3.7071,-9.6925
1655.000000,6,23.5340,184.9395,47.5641,3.4666,-9.9927
1655.000000,7,23.5340,185.0745,47.6600,3.4275,-9.5674
1655.000000,8,23.5340,185.2097,47.6273,3.2596,-8.7681
1655.000000,9,23.5340,185.3450,47.2345,2.7314,-7.7652
1655.000000,10,23.5340,184.9277,47.6908,3.6050,-8.9241
1655.000000,11,23.5340,185.0588,47.5185,3.3017,-9.9644
1655.000000,12,23.5340,185.1903,47.7125,3.3641,-10.0216
1655.000000,13,23.5340,185.3222,47.4975,3.0173,-10.0543
1655.000000,14,23.5340,185.4541,47.6934,3.0813,-9.1383
1655.000000,15,23.5340,185.0517,47.0619,2.8521,-7.6991
1655.000000,16,23.5340,185.1793,47.6007,3.2634,-8.7198
1655.000000,17,23.5340,185.3073,47.6827,3.2173,-9.5189
1655.000000,18,23.5340,185.4358,47.5658,2.9720,-10.0101
1655.000000,19,23.5340,185.5645,47.6541,2.9316,-9.8261
1655.000000,20,23.5340,185.1765,46.1926,1.8581,-5.5740
1655.000000,21,23.5340,185.3006,46.6948,2.2362,-7.5508
1655.000000,22,23.5340,185.4253,47.1925,2.6091,-8.5703
1655.000000,23,23.5340,185.5505,47.6187,2.9102,-9.0243
1655.000000,24,23.5340,185.6760,47.3190,2.4849,-9.8140
1656.000000,0,23.4067,184.7144,47.1825,3.3101,-9.7931
1656.000000,1,23.4067,184.8518,47.5117,3.5018,-9.0022
1656.000000,2,23.4067,184.9896,47.1796,3.0320,-8.4206
1656.000000,3,23.4067,185.1274,46.5249,2.2394,-7.5868
1656.000000,4,23.4067,185.2652,46.1392,1.7159,-5.6811
1656.000000,5,23.4067,184.8365,47.6760,3.6814,-9.6930
1656.000000,6,23.4067,184.9703,47.5594,3.4311,-10.0109
1656.000000,7,23.4067,185.1045,47.6654,3.4029,-9.5772
1656.000000,8,23.4067,185.2389,47.6312,3.2342,-8.7797
1656.000000,9,23.4067,185.3734,47.2396,2.7082,-7.7723
1656.000000,10,23.4067,184.9597,47.6901,3.5724,-8.9264
1656.000000,11,23.4067,185.0900,47.5201,3.2721,-9.9681
1656.000000,12,23.4067,185.2207,47.7125,3.3338,-10.0283
1656.000000,13,23.4067,185.3517,47.5001,2.9904,-10.0567
1656.000000,14,23.4067,185.4828,47.6929,3.0521,-9.1397
1656.000000,15,23.4067,185.0839,47.0693,2.8273,-7.7082
1656.000000,16,23.4067,185.2107,47.6026,3.2339,-8.7353
1656.000000,17,23.4067,185.3379,47.6850,3.1891,-9.5325
1656.000000,18,23.4067,185.4656,47.5601,2.9365,-10.0293
1656.000000,19,23.4067,185.5935,47.6482,2.8967,-9.8398
1656.000000,20,23.4067,185.2089,46.2228,1.8558,-5.5923
1656.000000,21,23.4067,185.3322,46.7320,2.2417,-7.5562
1656.000000,22,23.4067,185.4561,47.2051,2.5910,-8.5991
1656.000000,23,23.4067,185.5805,47.6316,2.8930,-9.0472
1656.000000,24,23.4067,185.7052,47.3211,2.4579,-9.8410
1657.000000,0,23.2795,184.7458,47.1893,3.2854,-9.8204
1657.000000,1,23.2795,184.8824,47.5329,3.4925,-9.0203
1657.000000,2,23.2795,185.0193,47.1999,3.0225,-8.4433
1657.000000,3,23.2795,185.1563,46.5455,2.2311,-7.6103
1657.000000,4,23.2795,185.2933,46.1680,1.7167,-5.6923
1657.000000,5,23.2795,184.8683,47.6814,3.6551,-9.6940
1657.000000,6,23.2795,185.0012,47.5544,3.3952,-10.0293
1657.000000,7,23.2795,185.1346,47.6702,3.3776,-9.5877
1657.000000,8,23.2795,185.2681,47.6347,3.2086,-8.7916
1657.000000,9,23.2795,185.4018,47.2446,2.6847,-7.7797
1657.000000,10,23.2795,184.9918,47.6895,3.5396,-8.9288
1657.000000,11,23.2795,185.1212,47.5216,3.2424,-9.9721
1657.000000,12,23.2795,185.2510,47.7125,3.3034,-10.0351
1657.000000,13,23.2795,185.3812,47.5026,2.9633,-10.0593
1657.000000,14,23.2795,185.5116,47.6925,3.0228,-9.1413
1657.000000,15,23.2795,185.1162,47.0765,2.8023,-7.7175
1657.000000,16,23.2795,185.2421,47.6042,3.2041,-8.7511
1657.000000,17,23.2795,185.3685,47.6867,3.1601,-9.5468
1657.000000,18,23.2795,185.4954,47.5595,2.9060,-10.0428
1657.000000,19,23.2795,185.6226,47.6415,2.8609,-9.8543
1657.000000,20,23.2795,185.2414,46.2524,1.8529,-5.6111
1657.000000,21,23.2795,185.3639,46.7679,2.2460,-7.5623
1657.000000,22,23.2795,185.4870,47.2169,2.5719,-8.6283
1657.000000,23,23.2795,185.6106,47.6428,2.8742,-9.0712
1657.000000,24,23.2795,185.7345,47.3223,2.4298,-9.8684
1658.000000,0,23.1524,184.7774,47.1949,3.2595,-9.8481
1658.000000,1,23.1524,184.9131,47.5525,3.4813,-9.0395
1658.000000,2,23.1524,185.0491,47.2191,3.0120,-8.4665
1658.000000,3,23.1524,185.1853,46.5655,2.2222,-7.6339
1658.000000,4,23.1524,185.3215,46.1963,1.7168,-5.7042
1658.000000,5,23.1524,184.9001,47.6863,3.6282,-9.6954
1658.000000,6,23.1524,185.0322,47.5491,3.3589,-10.0479
1658.000000,7,23.1524,185.1647,47.6743,3.3515,-9.5988
1658.000000,8,23.1524,185.2974,47.6380,3.1825,-8.8038
1658.000000,9,23.1524,185.4303,47.2495,2.6612,-7.7874
1658.000000,10,23.1524,185.0239,47.6888,3.5069,-8.9314
1658.000000,11,23.1524,185.1524,47.5230,3.2125,-9.9762
1658.000000,12,23.1524,185.2814,47.7125,3.2730,-10.0421
1658.000000,13,23.1524,185.4108,47.5049,2.9361,-10.0622
1658.000000,14,23.1524,185.5404,47.6920,2.9935,-9.1431
1658.000000,15,23.1524,185.1485,47.0837,2.7772,-7.7270
1658.000000,16,23.1524,185.2736,47.6056,3.1740,-8.7671
1658.000000,17,23.1524,185.3992,47.6877,3.1305,-9.5618
1658.000000,18,23.1524,185.5253,47.5639,2.8805,-10.0507
1658.000000,19,23.1524,185.6516,47.6380,2.8283,-9.8651
1658.000000,20,23.1524,185.2739,46.2813,1.8494,-5.6303
1658.000000,21,23.1524,185.3955,46.8028,2.2492,-7.5692
1658.000000,22,23.1524,185.5178,47.2277,2.5519,-8.6578
1658.000000,23,23.1524,185.6406,47.6526,2.8539,-9.0962
1658.000000,24,23.1524,185.7638,47.3226,2.4007,-9.8961
1659.000000,0,23.0256,184.8090,47.2283,3.2613,-9.8441
1659.000000,1,23.0256,184.9438,47.5703,3.4685,-9.0596
1659.000000,2,23.0256,185.0790,47.2373,3.0003,-8.4903
1659.000000,3,23.0256,185.2143,46.5849,2.2126,-7.6578
1659.000000,4,23.0256,185.3497,46.2242,1.7164,-5.7166
1659.000000,5,23.0256,184.9320,47.6907,3.6006,-9.6974
1659.000000,6,23.0256,185.0632,47.5456,3.3243,-10.0645
1659.000000,7,23.0256,185.1949,47.6777,3.3248,-9.6106
1659.000000,8,23.0256,185.3268,47.6410,3.1562,-8.8164
1659.000000,9,23.0256,185.4589,47.2544,2.6374,-7.7953
1659.000000,10,23.0256,185.0560,47.6881,3.4741,-8.9342
1659.000000,11,23.0256,185.1837,47.5243,3.1826,-9.9806
1659.000000,12,23.0256,185.3119,47.7125,3.2425,-10.0491
1659.000000,13,23.0256,185.4405,47.5072,2.9087,-10.0653
1659.000000,14,23.0256,185.5693,47.6915,2.9641,-9.1450
1659.000000,15,23.0256,185.1809,47.0908,2.7519,-7.7368
1659.000000,16,23.0256,185.3051,47.6067,3.1436,-8.7834
1659.000000,17,23.0256,185.4299,47.6881,3.1001,-9.5774
1659.000000,18,23.0256,185.5552,47.5680,2.8548,-10.0588
1659.000000,19,23.0256,185.6808,47.6449,2.8061,-9.8644
1659.000000,20,23.0256,185.3064,46.3097,1.8453,-5.6499
1659.000000,21,23.0256,185.4272,46.8365,2.2512,-7.5769
1659.000000,22,23.0256,185.5487,47.2378,2.5310,-8.6876
1659.000000,23,23.0256,185.6708,47.6609,2.8321,-9.1221
1659.000000,24,23.0256,185.7932,47.3219,2.3707,-9.9241
1660.000000,0,22.8990,184.8406,47.2647,3.2661,-9.8359
1660.000000,1,22.8990,184.9746,47.5867,3.4540,-9.0808
1660.000000,2,22.8990,185.1089,47.2545,2.9876,-8.5145
1660.000000,3,22.8990,185.2435,46.6038,2.2023,-7.6818
1660.000000,4,22.8990,185.3780,46.2516,1.7155,-5.7295
1660.000000,5,22.8990,184.9639,47.6945,3.5726,-9.6998
1660.000000,6,22.8990,185.0943,47.5502,3.2979,-10.0719
1660.000000,7,22.8990,185.2251,47.6806,3.2974,-9.6229
1660.000000,8,22.8990,185.3563,47.6438,3.1295,-8.8292
1660.000000,9,22.8990,185.4876,47.2592,2.6136,-7.8035
1660.000000,10,22.8990,185.0882,47.6875,3.4413,-8.9372
1660.000000,11,22.8990,185.2150,47.5255,3.1525,-9.9852
1660.000000,12,22.8990,185.3424,47.7125,3.2120,-10.0563
1660.000000,13,22.8990,185.4702,47.5093,2.8811,-10.0687
1660.000000,14,22.8990,185.5982,47.6910,2.9347,-9.1472
1660.000000,15,22.8990,185.2132,47.0977,2.7264,-7.7468
1660.000000,16,22.8990,185.3366,47.6076,3.1130,-8.7998
1660.000000,17,22.8990,185.4606,47.6879,3.0692,-9.5935
1660.000000,18,22.8990,185.5851,47.5720,2.8289,-10.0669
1660.000000,19,22.8990,185.7100,47.6512,2.7832,-9.8643
1660.000000,20,22.8990,185.3389,46.3376,1.8406,-5.6699
1660.000000,21,22.8990,185.4589,46.8691,2.2522,-7.5852
1660.000000,22,22.8990,185.5796,47.2470,2.5093,-8.7177
1660.000000,23,22.8990,185.7009,47.6679,2.8089,-9.1489
1660.000000,24,22.8990,185.8226,47.3205,2.3398,-9.9524
1661.000000,0,22.7725,184.8724,47.2992,3.2688,-9.8291
1661.000000,1,22.7725,185.0055,47.6015,3.4379,-9.1028
1661.000000,2,22.7725,185.1389,47.2708,2.9738,-8.5391
1661.000000,3,22.7725,185.2726,46.6222,2.1915,-7.7060
1661.000000,4,22.7725,185.4064,46.2785,1.7140,-5.7430
1661.000000,5,22.7725,184.9959,47.6979,3.5440,-9.7026
1661.000000,6,22.7725,185.1255,47.5547,3.2712,-10.0795
1661.000000,7,22.7725,185.2554,47.6829,3.2694,-9.6358
1661.000000,8,22.7725,185.3858,47.6463,3.1025,-8.8423
1661.000000,9,22.7725,185.5163,47.2639,2.5896,-7.8119
1661.000000,10,22.7725,185.1204,47.6868,3.4084,-8.9405
1661.000000,11,22.7725,185.2464,47.5267,3.1222,-9.9900
1661.000000,12,22.7725,185.3730,47.7125,3.1814,-10.0636
1661.000000,13,22.7725,185.5000,47.5114,2.8534,-10.0723
1661.000000,14,22.7725,185.6272,47.6905,2.9052,-9.1495
1661.000000,15,22.7725,185.2456,47.1045,2.7009,-7.7570
1661.000000,16,22.7725,185.3682,47.6083,3.0821,-8.8165
1661.000000,17,22.7725,185.4914,47.6871,3.0377,-9.6102
1661.000000,18,22.7725,185.6151,47.5759,2.8027,-10.0752
1661.000000,19,22.7725,185.7392,47.6571,2.7598,-9.8646
1661.000000,20,22.7725,185.3714,46.3648,1.8354,-5.6902
1661.000000,21,22.7725,185.4907,46.9007,2.2520,-7.5943
1661.000000,22,22.7725,185.6106,47.2554,2.4868,-8.7480
1661.000000,23,22.7725,185.7311,47.6736,2.7844,-9.1765
1661.000000,24,22.7725,185.8520,47.3182,2.3081,-9.9810
1662.000000,0,22.6463,184.9041,47.3317,3.2696,-9.8236
1662.000000,1,22.6463,185.0364,47.6148,3.4204,-9.1258
1662.000000,2,22.6463,185.1690,47.2861,2.9591,-8.5641
1662.000000,3,22.6463,185.3019,46.6400,2.1800,-7.7304
1662.000000,4,22.6463,185.4349,46.3049,1.7120,-5.7569
1662.000000,5,22.6463,185.0280,47.7008,3.5148,-9.7059
1662.000000,6,22.6463,185.1566,47.5590,3.2443,-10.0872
1662.000000,7,22.6463,185.2858,47.6846,3.2408,-9.6493
1662.000000,8,22.6463,185.4153,47.6485,3.0752,-8.8556
1662.000000,9,22.6463,185.5450,47.2685,2.5654,-7.8206
1662.000000,10,22.6463,185.1526,47.6862,3.3755,-8.9439
1662.000000,11,22.6463,185.2778,47.5278,3.0919,-9.9951
1662.000000,12,22.6463,185.4036,47.7125,3.1508,-10.0710
1662.000000,13,22.6463,185.5298,47.5133,2.8255,-10.0761
1662.000000,14,22.6463,185.6563,47.6900,2.8757,-9.1520
1662.000000,15,22.6463,185.2780,47.1112,2.6752,-7.7674
1662.000000,16,22.6463,185.3998,47.6088,3.0509,-8.8334
1662.000000,17,22.6463,185.5222,47.6858,3.0055,-9.6274
1662.000000,18,22.6463,185.6451,47.5795,2.7763,-10.0836
1662.000000,19,22.6463,185.7684,47.6624,2.7359,-9.8654
1662.000000,20,22.6463,185.4040,46.3915,1.8295,-5.7109
1662.000000,21,22.6463,185.5224,46.9313,2.2509,-7.6041
1662.000000,22,22.6463,185.6416,47.2631,2.4635,-8.7786
1662.000000,23,22.6463,185.7613,47.6780,2.7586,-9.2049
1662.000000,24,22.6463,185.8815,47.3151,2.2756,-10.0098
1663.000000,0,22.5203,184.9360,47.3624,3.2684,-9.8193
1663.000000,1,22.5203,185.0674,47.6267,3.4013,-9.1495
1663.000000,2,22.5203,185.1992,47.3006,2.9434,-8.5895
1663.000000,3,22.5203,185.3312,46.6573,2.1680,-7.7549
1663.000000,4,22.5203,185.4634,46.3309,1.7094,-5.7713
1663.000000,5,22.5203,185.0600,47.7033,3.4852,-9.7096
1663.000000,6,22.5203,185.1879,47.5630,3.2171,-10.0950
1663.000000,7,22.5203,185.3162,47.6858,3.2116,-9.6632
1663.000000,8,22.5203,185.4449,47.6505,3.0476,-8.8692
1663.000000,9,22.5203,185.5738,47.2731,2.5412,-7.8295
1663.000000,10,22.5203,185.1849,47.6855,3.3426,-8.9474
1663.000000,11,22.5203,185.3093,47.5288,3.0615,-10.0003
1663.000000,12,22.5203,185.4342,47.7125,3.1202,-10.0785
1663.000000,13,22.5203,185.5596,47.5152,2.7975,-10.0802
1663.000000,14,22.5203,185.6853,47.6895,2.8461,-9.1547
1663.000000,15,22.5203,185.3105,47.1178,2.6493,-7.7781
1663.000000,16,22.5203,185.4314,47.6090,3.0195,-8.8505
1663.000000,17,22.5203,185.5531,47.6840,2.9729,-9.6451
1663.000000,18,22.5203,185.6752,47.5830,2.7498,-10.0921
1663.000000,19,22.5203,185.7977,47.6673,2.7115,-9.8666
1663.000000,20,22.5203,185.4365,46.4177,1.8231,-5.7320
1663.000000,21,22.5203,185.5542,46.9609,2.2487,-7.6144
1663.000000,22,22.5203,185.6726,47.2700,2.4394,-8.8094
1663.000000,23,22.5203,185.7915,47.6812,2.7316,-9.2340
1663.000000,24,22.5203,185.9110,47.3113,2.2423,-10.0389
1664.000000,0,22.3946,184.9679,47.3913,3.2654,-9.8163
1664.000000,1,22.3946,185.0984,47.6373,3.3809,-9.1741
1664.000000,2,22.3946,185.2293,47.3141,2.9267,-8.6153
1664.000000,3,22.3946,185.3606,46.6741,2.1555,-7.7796
1664.000000,4,22.3946,185.4920,46.3564,1.7064,-5.7861
1664.000000,5,22.3946,185.0921,47.7054,3.4552,-9.7137
1664.000000,6,22.3946,185.2192,47.5669,3.1897,-10.1030
1664.000000,7,22.3946,185.3467,47.6865,3.1818,-9.6777
1664.000000,8,22.3946,185.4746,47.6523,3.0197,-8.8831
1664.000000,9,22.3946,185.6027,47.2775,2.5168,-7.8387
1664.000000,10,22.3946,185.2172,47.6849,3.3096,-8.9512
1664.000000,11,22.3946,185.3408,47.5297,3.0309,-10.0057
1664.000000,12,22.3946,185.4649,47.7125,3.0895,-10.0861
1664.000000,13,22.3946,185.5895,47.5170,2.7694,-10.0845
1664.000000,14,22.3946,185.7145,47.6890,2.8165,-9.1575
1664.000000,15,22.3946,185.3429,47.1298,2.6289,-7.7824
1664.000000,16,22.3946,185.4631,47.6091,2.9879,-8.8677
1664.000000,17,22.3946,185.5839,47.6817,2.9397,-9.6633
1664.000000,18,22.3946,185.7053,47.5863,2.7230,-10.1007
1664.000000,19,22.3946,185.8271,47.6718,2.6867,-9.8683
1664.000000,20,22.3946,185.4691,46.4433,1.8162,-5.7533
1664.000000,21,22.3946,185.5860,46.9895,2.2455,-7.6254
1664.000000,22,22.3946,185.7036,47.2763,2.4147,-8.8403
1664.000000,23,22.3946,185.8218,47.6832,2.7034,-9.2639
1664.000000,24,22.3946,185.9405,47.3130,2.2144,-10.0614
1665.000000,0,22.2691,184.9998,47.4184,3.2606,-9.8144
1665.000000,1,22.2691,185.1295,47.6466,3.3591,-9.1994
1665.000000,2,22.2691,185.2596,47.3268,2.9092,-8.6414
1665.000000,3,22.2691,185.3900,46.6904,2.1423,-7.8044
1665.000000,4,22.2691,185.5206,46.3815,1.7028,-5.8014
1665.000000,5,22.2691,185.1243,47.7070,3.4247,-9.7182
1665.000000,6,22.2691,185.2505,47.5706,3.1621,-10.1110
1665.000000,7,22.2691,185.3772,47.6868,3.1516,-9.6926
1665.000000,8,22.2691,185.5043,47.6539,2.9916,-8.8972
1665.000000,9,22.2691,185.6316,47.2820,2.4923,-7.8480
1665.000000,10,22.2691,185.2495,47.6843,3.2767,-8.9552
1665.000000,11,22.2691,185.3723,47.5306,3.0003,-10.0113
1665.000000,12,22.2691,185.4956,47.7125,3.0588,-10.0938
1665.000000,13,22.2691,185.6194,47.5187,2.7412,-10.0889
1665.000000,14,22.2691,185.7436,47.6885,2.7869,-9.1606
1665.000000,15,22.2691,185.3754,47.1437,2.6103,-7.7848
1665.000000,16,22.2691,185.4948,47.6089,2.9561,-8.8851
1665.000000,17,22.2691,185.6148,47.6789,2.9060,-9.6819
1665.000000,18,22.2691,185.7354,47.5895,2.6960,-10.1094
1665.000000,19,22.2691,185.8564,47.6758,2.6613,-9.8704
1665.000000,20,22.2691,185.5017,46.4684,1.8087,-5.7750
1665.000000,21,22.2691,185.6178,47.0172,2.2414,-7.6370
1665.000000,22,22.2691,185.7346,47.2819,2.3893,-8.8715
1665.000000,23,22.2691,185.8521,47.6842,2.6741,-9.2944
1665.000000,24,22.2691,185.9700,47.3409,2.2129,-10.0545
1666.000000,0,22.1438,185.0318,47.4439,3.2541,-9.8137
1666.000000,1,22.1438,185.1606,47.6546,3.3360,-9.2255
1666.000000,2,22.1438,185.2899,47.3387,2.8908,-8.6679
1666.000000,3,22.1438,185.4195,46.7122,2.1347,-7.8223
1666.000000,4,22.1438,185.5494,46.4062,1.6988,-5.8171
1666.000000,5,22.1438,185.1565,47.7082,3.3937,-9.7230
1666.000000,6,22.1438,185.2818,47.5742,3.1343,-10.1192
1666.000000,7,22.1438,185.4077,47.6865,3.1208,-9.7080
1666.000000,8,22.1438,185.5340,47.6553,2.9632,-8.9115
1666.000000,9,22.1438,185.6606,47.2863,2.4677,-7.8576
1666.000000,10,22.1438,185.2819,47.6836,3.2437,-8.9593
1666.000000,11,22.1438,185.4038,47.5314,2.9696,-10.0171
1666.000000,12,22.1438,185.5264,47.7125,3.0281,-10.1016
1666.000000,13,22.1438,185.6494,47.5203,2.7128,-10.0936
1666.000000,14,22.1438,185.7728,47.6881,2.7572,-9.1638
1666.000000,15,22.1438,185.4079,47.1572,2.5913,-7.7875
1666.000000,16,22.1438,185.5265,47.6086,2.9241,-8.9027
1666.000000,17,22.1438,185.6457,47.6757,2.8719,-9.7009
1666.000000,18,22.1438,185.7656,47.5925,2.6689,-10.1182
1666.000000,19,22.1438,185.8858,47.6794,2.6355,-9.8729
1666.000000,20,22.1438,185.5343,46.4930,1.8007,-5.7969
1666.000000,21,22.1438,185.6496,47.0440,2.2364,-7.6491
1666.000000,22,22.1438,185.7656,47.2869,2.3632,-8.9028
1666.000000,23,22.1438,185.8824,47.6841,2.6437,-9.3255
1666.000000,24,22.1438,185.9996,47.3673,2.2097,-10.0488
1667.000000,0,22.0188,185.0638,47.4678,3.2460,-9.8141
1667.000000,1,22.0188,185.1918,47.6615,3.3117,-9.2522
1667.000000,2,22.0188,185.3202,47.3499,2.8716,-8.6946
1667.000000,3,22.0188,185.4491,46.7452,2.1380,-7.8268
1667.000000,4,22.0188,185.5781,46.4304,1.6942,-5.8332
1667.000000,5,22.0188,185.1887,47.7091,3.3624,-9.7283
1667.000000,6,22.0188,185.3132,47.5775,3.1063,-10.1275
1667.000000,7,22.0188,185.4383,47.6858,3.0895,-9.7238
1667.000000,8,22.0188,185.5638,47.6565,2.9346,-8.9260
1667.000000,9,22.0188,185.6896,47.2906,2.4429,-7.8673
1667.000000,10,22.0188,185.3143,47.6830,3.2107,-8.9636
1667.000000,11,22.0188,185.4354,47.5322,2.9387,-10.0231
1667.000000,12,22.0188,185.5571,47.7125,2.9973,-10.1096
1667.000000,13,22.0188,185.6794,47.5218,2.6843,-10.0985
1667.000000,14,22.0188,185.8021,47.6876,2.7275,-9.1671
1667.000000,15,22.0188,185.4404,47.1704,2.5720,-7.7907
1667.000000,16,22.0188,185.5582,47.6081,2.8919,-8.9204
1667.000000,17,22.0188,185.6767,47.6720,2.8373,-9.7204
1667.000000,18,22.0188,185.7957,47.5954,2.6416,-10.1271
1667.000000,19,22.0188,185.9153,47.6826,2.6093,-9.8758
1667.000000,20,22.0188,185.5669,46.5171,1.7923,-5.8191
1667.000000,21,22.0188,185.6814,47.0699,2.2305,-7.6617
1667.000000,22,22.0188,185.7967,47.2912,2.3365,-8.9342
1667.000000,23,22.0188,185.9127,47.6830,2.6123,-9.3572
1667.000000,24,22.0188,186.0292,47.3921,2.2050,-10.0443
1668.000000,0,21.8940,185.0958,47.4901,3.2363,-9.8155
1668.000000,1,21.8940,185.2230,47.6672,3.2861,-9.2796
1668.000000,2,21.8940,185.3506,47.3602,2.8515,-8.7217
1668.000000,3,21.8940,185.4787,46.7772,2.1405,-7.8320
1668.000000,4,21.8940,185.6069,46.4541,1.6892,-5.8497
1668.000000,5,21.8940,185.2209,47.7096,3.3306,-9.7339
1668.000000,6,21.8940,185.3446,47.5807,3.0781,-10.1359
1668.000000,7,21.8940,185.4689,47.6847,3.0577,-9.7400
1668.000000,8,21.8940,185.5936,47.6574,2.9058,-8.9407
1668.000000,9,21.8940,185.7187,47.2948,2.4181,-7.8772
1668.000000,10,21.8940,185.3467,47.6824,3.1777,-8.9681
1668.000000,11,21.8940,185.4670,47.5329,2.9078,-10.0293
1668.000000,12,21.8940,185.5879,47.7125,2.9665,-10.1176
1668.000000,13,21.8940,185.7094,47.5232,2.6558,-10.1036
1668.000000,14,21.8940,185.8313,47.6871,2.6977,-9.1706
1668.000000,15,21.8940,185.4729,47.1833,2.5524,-7.7943
1668.000000,16,21.8940,185.5899,47.6075,2.8595,-8.9383
1668.000000,17,21.8940,185.7076,47.6680,2.8023,-9.7402
1668.000000,18,21.8940,185.8259,47.5981,2.6141,-10.1361
1668.000000,19,21.8940,185.9447,47.6855,2.5827,-9.8791
1668.000000,20,21.8940,185.5994,46.5407,1.7833,-5.8415
1668.000000,21,21.8940,185.7132,47.0949,2.2237,-7.6749
1668.000000,22,21.8940,185.8278,47.2950,2.3092,-8.9658
1668.000000,23,21.8940,185.9430,47.6810,2.5800,-9.3894
1668.000000,24,21.8940,186.0588,47.4155,2.1987,-10.0409
1669.000000,0,21.7695,185.1279,47.5110,3.2250,-9.8179
1669.000000,1,21.7695,185.2542,47.6717,3.2595,-9.3076
1669.000000,2,21.7695,185.3811,47.3698,2.8307,-8.7490
1669.000000,3,21.7695,185.5083,46.8083,2.1419,-7.8379
1669.000000,4,21.7695,185.6358,46.4775,1.6837,-5.8665
1669.000000,5,21.7695,185.2532,47.7098,3.2985,-9.7398
1669.000000,6,21.7695,185.3761,47.5838,3.0497,-10.1444
1669.000000,7,21.7695,185.4996,47.6832,3.0256,-9.7566
1669.000000,8,21.7695,185.6235,47.6582,2.8767,-8.9556
1669.000000,9,21.7695,185.7478,47.2989,2.3931,-7.8874
1669.000000,10,21.7695,185.3791,47.6818,3.1447,-8.9727
1669.000000,11,21.7695,185.4986,47.5335,2.8769,-10.0356
1669.000000,12,21.7695,185.6188,47.7125,2.9356,-10.1257
1669.000000,13,21.7695,185.7395,47.5246,2.6271,-10.1089
1669.000000,14,21.7695,185.8606,47.6866,2.6679,-9.1743
1669.000000,15,21.7695,185.5054,47.1959,2.5325,-7.7983
1669.000000,16,21.7695,185.6216,47.6067,2.8270,-8.9563
1669.000000,17,21.7695,185.7386,47.6636,2.7670,-9.7603
1669.000000,18,21.7695,185.8561,47.6007,2.5865,-10.1452
1669.000000,19,21.7695,185.9742,47.6880,2.5557,-9.8827
1669.000000,20,21.7695,185.6320,46.5639,1.7738,-5.8642
1669.000000,21,21.7695,185.7450,47.1192,2.2161,-7.6885
1669.000000,22,21.7695,185.8589,47.2982,2.2813,-8.9975
1669.000000,23,21.7695,185.9733,47.6780,2.5467,-9.4222
1669.000000,24,21.7695,186.0884,47.4374,2.1910,-10.0387
1670.000000,0,21.6453,185.1600,47.5304,3.2123,-9.8213
1670.000000,1,21.6453,185.2855,47.6753,3.2317,-9.3361
1670.000000,2,21.6453,185.4116,47.3788,2.8092,-8.7765
1670.000000,3,21.6453,185.5380,46.8385,2.1425,-7.8443
1670.000000,4,21.6453,185.6647,46.5004,1.6777,-5.8837
1670.000000,5,21.6453,185.2855,47.7096,3.2661,-9.7460
1670.000000,6,21.6453,185.4076,47.5867,3.0211,-10.1530
1670.000000,7,21.6453,185.5303,47.6813,2.9930,-9.7736
1670.000000,8,21.6453,185.6534,47.6588,2.8474,-8.9707
1670.000000,9,21.6453,185.7769,47.3030,2.3680,-7.8977
1670.000000,10,21.6453,185.4115,47.6812,3.1116,-8.9775
1670.000000,11,21.6453,185.5302,47.5341,2.8458,-10.0421
1670.000000,12,21.6453,185.6496,47.7125,2.9048,-10.1340
1670.000000,13,21.6453,185.7696,47.5259,2.5983,-10.1144
1670.000000,14,21.6453,185.8900,47.6861,2.6381,-9.1782
1670.000000,15,21.6453,185.5379,47.2082,2.5123,-7.8026
1670.000000,16,21.6453,185.6534,47.6057,2.7943,-8.9744
1670.000000,17,21.6453,185.7696,47.6588,2.7312,-9.7808
1670.000000,18,21.6453,185.8864,47.6032,2.5587,-10.1544
1670.000000,19,21.6453,186.0037,47.6901,2.5283,-9.8868
1670.000000,20,21.6453,185.6646,46.5865,1.7639,-5.8870
1670.000000,21,21.6453,185.7769,47.1426,2.2076,-7.7026
1670.000000,22,21.6453,185.8899,47.3009,2.2529,-9.0292
1670.000000,23,21.6453,186.0037,47.6742,2.5125,-9.4554
1670.000000,24,21.6453,186.1180,47.4580,2.1819,-10.0375
1671.000000,0,21.5213,185.1922,47.5484,3.1982,-9.8256
1671.000000,1,21.5213,185.3169,47.6778,3.2028,-9.3652
1671.000000,2,21.5213,185.4421,47.3870,2.7869,-8.8043
1671.000000,3,21.5213,185.5677,46.8679,2.1421,-7.8513
1671.000000,4,21.5213,185.6937,46.5230,1.6712,-5.9013
1671.000000,5,21.5213,185.3178,47.7091,3.2333,-9.7526
1671.000000,6,21.5213,185.4391,47.5894,2.9923,-10.1618
1671.000000,7,21.5213,185.5610,47.6790,2.9599,-9.7910
1671.000000,8,21.5213,185.6834,47.6593,2.8179,-8.9860
1671.000000,9,21.5213,185.8061,47.3070,2.3428,-7.9082
1671.000000,10,21.5213,185.4440,47.6806,3.0786,-8.9825
1671.000000,11,21.5213,185.5619,47.5346,2.8147,-10.0488
1671.000000,12,21.5213,185.6805,47.7125,2.8739,-10.1423
1671.000000,13,21.5213,185.7997,47.5271,2.5694,-10.1200
1671.000000,14,21.5213,185.9194,47.6857,2.6083,-9.1822
1671.000000,15,21.5213,185.5705,47.2202,2.4917,-7.8074
1671.000000,16,21.5213,185.6851,47.6046,2.7614,-8.9926
1671.000000,17,21.5213,185.8006,47.6537,2.6951,-9.8016
1671.000000,18,21.5213,185.9166,47.6055,2.5308,-10.1637
1671.000000,19,21.5213,186.0332,47.6919,2.5006,-9.8912
1671.000000,20,21.5213,185.6972,46.6087,1.7534,-5.9101
1671.000000,21,21.5213,185.8087,47.1652,2.1984,-7.7171
1671.000000,22,21.5213,185.9210,47.3031,2.2240,-9.0611
1671.000000,23,21.5213,186.0341,47.6696,2.4775,-9.4890
1671.000000,24,21.5213,186.1477,47.4772,2.1715,-10.0374
1672.000000,0,21.3977,185.2244,47.5651,3.1827,-9.8308
1672.000000,1,21.3977,185.3482,47.6793,3.1730,-9.3949
1672.000000,2,21.3977,185.4727,47.3946,2.7639,-8.8323
1672.000000,3,21.3977,185.5975,46.8964,2.1409,-7.8589
1672.000000,4,21.3977,185.7227,46.5451,1.6644,-5.9191
1672.000000,5,21.3977,185.3502,47.7084,3.2001,-9.7595
1672.000000,6,21.3977,185.4706,47.5920,2.9634,-10.1706
1672.000000,7,21.3977,185.5917,47.6763,2.9266,-9.8086
1672.000000,8,21.3977,185.7133,47.6596,2.7882,-9.0014
1672.000000,9,21.3977,185.8354,47.3109,2.3176,-7.9188
1672.000000,10,21.3977,185.4764,47.6800,3.0456,-8.9876
1672.000000,11,21.3977,185.5936,47.5351,2.7835,-10.0557
1672.000000,12,21.3977,185.7114,47.7125,2.8430,-10.1507
1672.000000,13,21.3977,185.8298,47.5283,2.5404,-10.1258
1672.000000,14,21.3977,185.9488,47.6852,2.5784,-9.1863
1672.000000,15,21.3977,185.6030,47.2320,2.4709,-7.8125
1672.000000,16,21.3977,185.7169,47.6034,2.7285,-9.0109
1672.000000,17,21.3977,185.8316,47.6483,2.6587,-9.8227
1672.000000,18,21.3977,185.9469,47.6077,2.5028,-10.1731
1672.000000,19,21.3977,186.0628,47.6933,2.4725,-9.8959
1672.000000,20,21.3977,185.7298,46.6304,1.7426,-5.9333
1672.000000,21,21.3977,185.8405,47.1870,2.1884,-7.7321
1672.000000,22,21.3977,185.9521,47.3047,2.1946,-9.0930
1672.000000,23,21.3977,186.0644,47.6642,2.4417,-9.5231
1672.000000,24,21.3977,186.1773,47.4951,2.1597,-10.0383
1673.000000,0,21.2743,185.2566,47.5806,3.1659,-9.8369
1673.000000,1,21.2743,185.3796,47.6799,3.1422,-9.4249
1673.000000,2,21.2743,185.5033,47.4015,2.7402,-8.8605
1673.000000,3,21.2743,185.6273,46.9242,2.1388,-7.8671
1673.000000,4,21.2743,185.7517,46.5668,1.6570,-5.9373
1673.000000,5,21.2743,185.3825,47.7073,3.1667,-9.7667
1673.000000,6,21.2743,185.5022,47.5945,2.9343,-10.1795
1673.000000,7,21.2743,185.6225,47.6733,2.8928,-9.8266
1673.000000,8,21.2743,185.7434,47.6597,2.7583,-9.0170
1673.000000,9,21.2743,185.8646,47.3148,2.2922,-7.9296
1673.000000,10,21.2743,185.5089,47.6794,3.0125,-8.9929
1673.000000,11,21.2743,185.6252,47.5356,2.7523,-10.0626
1673.000000,12,21.2743,185.7423,47.7125,2.8121,-10.1593
1673.000000,13,21.2743,185.8600,47.5294,2.5114,-10.1318
1673.000000,14,21.2743,185.9782,47.6847,2.5485,-9.1906
1673.000000,15,21.2743,185.6355,47.2434,2.4499,-7.8180
1673.000000,16,21.2743,185.7487,47.6020,2.6953,-9.0293
1673.000000,17,21.2743,185.8626,47.6426,2.6220,-9.8440
1673.000000,18,21.2743,185.9772,47.6098,2.4746,-10.1826
1673.000000,19,21.2743,186.0923,47.6945,2.4441,-9.9010
1673.000000,20,21.2743,185.7624,46.6517,1.7313,-5.9567
1673.000000,21,21.2743,185.8724,47.2081,2.1777,-7.7475
1673.000000,22,21.2743,185.9832,47.3059,2.1647,-9.1249
1673.000000,23,21.2743,186.0948,47.6580,2.4052,-9.5575
1673.000000,24,21.2743,186.2070,47.5118,2.1468,-10.0402
1674.000000,0,21.1512,185.2889,47.5948,3.1479,-9.8438
1674.000000,1,21.1512,185.4111,47.6796,3.1105,-9.4555
1674.000000,2,21.1512,185.5339,47.4078,2.7159,-8.8888
1674.000000,3,21.1512,185.6572,46.9511,2.1359,-7.8757
1674.000000,4,21.1512,185.7808,46.5881,1.6493,-5.9557
1674.000000,5,21.1512,185.4149,47.7060,3.1330,-9.7741
1674.000000,6,21.1512,185.5338,47.5968,2.9050,-10.1886
1674.000000,7,21.1512,185.6533,47.6701,2.8587,-9.8449
1674.000000,8,21.1512,185.7734,47.6596,2.7282,-9.0328
1674.000000,9,21.1512,185.8939,47.3187,2.2667,-7.9406
1674.000000,10,21.1512,185.5414,47.6789,2.9795,-8.9983
1674.000000,11,21.1512,185.6569,47.5360,2.7210,-10.0698
1674.000000,12,21.1512,185.7733,47.7125,2.7812,-10.1679
1674.000000,13,21.1512,185.8902,47.5305,2.4822,-10.1380
1674.000000,14,21.1512,186.0076,47.6843,2.5186,-9.1951
1674.000000,15,21.1512,185.6681,47.2546,2.4285,-7.8238
1674.000000,16,21.1512,185.7804,47.6006,2.6621,-9.0478
1674.000000,17,21.1512,185.8936,47.6366,2.5849,-9.8656
1674.000000,18,21.1512,186.0075,47.6118,2.4462,-10.1921
1674.000000,19,21.1512,186.1219,47.6953,2.4154,-9.9063
1674.000000,20,21.1512,185.7949,46.6725,1.7195,-5.9803
1674.000000,21,21.1512,185.9042,47.2285,2.1663,-7.7633
1674.000000,22,21.1512,186.0143,47.3111,2.1388,-9.1520
1674.000000,23,21.1512,186.1252,47.6511,2.3679,-9.5923
1674.000000,24,21.1512,186.2367,47.5273,2.1326,-10.0429
1675.000000,0,21.0285,185.3211,47.6078,3.1286,-9.8515
1675.000000,1,21.0285,185.4425,47.6784,3.0778,-9.4865
1675.000000,2,21.0285,185.5646,47.4136,2.6910,-8.9174
1675.000000,3,21.0285,185.6871,46.9773,2.1321,-7.8849
1675.000000,4,21.0285,185.8100,46.6091,1.6411,-5.9744
1675.000000,5,21.0285,185.4473,47.7044,3.0991,-9.7819
1675.000000,6,21.0285,185.5654,47.5990,2.8756,-10.1977
1675.000000,7,21.0285,185.6841,47.6665,2.8243,-9.8635
1675.000000,8,21.0285,185.8034,47.6595,2.6980,-9.0487
1675.000000,9,21.0285,185.9232,47.3224,2.2412,-7.9517
1675.000000,10,21.0285,185.5738,47.6783,2.9464,-9.0039
1675.000000,11,21.0285,185.6886,47.5364,2.6897,-10.0771
1675.000000,12,21.0285,185.8042,47.7125,2.7502,-10.1766
1675.000000,13,21.0285,185.9204,47.5315,2.4530,-10.1443
1675.000000,14,21.0285,186.0371,47.6838,2.4887,-9.1997
1675.000000,15,21.0285,185.7006,47.2656,2.4069,-7.8299
1675.000000,16,21.0285,185.8122,47.5990,2.6287,-9.0663
1675.000000,17,21.0285,185.9247,47.6304,2.5477,-9.8875
1675.000000,18,21.0285,186.0378,47.6136,2.4178,-10.2018
1675.000000,19,21.0285,186.1515,47.6959,2.3864,-9.9120
1675.000000,20,21.0285,185.8275,46.6929,1.7074,-6.0040
1675.000000,21,21.0285,185.9360,47.2482,2.1541,-7.7794
1675.000000,22,21.0285,186.0454,47.3341,2.1307,-9.1586
1675.000000,23,21.0285,186.1556,47.6436,2.3299,-9.6274
1675.000000,24,21.0285,186.2664,47.5417,2.1173,-10.0465
1676.000000,0,20.9060,185.3534,47.6197,3.1082,-9.8599
1676.000000,1,20.9060,185.4740,47.6764,3.0444,-9.5178
1676.000000,2,20.9060,185.5953,47.4188,2.6654,-8.9460
1676.000000,3,20.9060,185.7170,47.0026,2.1276,-7.8945
1676.000000,4,20.9060,185.8391,46.6296,1.6325,-5.9934
1676.000000,5,20.9060,185.4797,47.7026,3.0648,-9.7899
1676.000000,6,20.9060,185.5970,47.6011,2.8461,-10.2069
1676.000000,7,20.9060,185.7150,47.6626,2.7896,-9.8823
1676.000000,8,20.9060,185.8335,47.6592,2.6676,-9.0647
1676.000000,9,20.9060,185.9526,47.3261,2.2155,-7.9630
1676.000000,10,20.9060,185.6063,47.6778,2.9134,-9.0097
1676.000000,11,20.9060,185.7203,47.5367,2.6583,-10.0845
1676.000000,12,20.9060,185.8352,47.7125,2.7193,-10.1854
1676.000000,13,20.9060,185.9506,47.5324,2.4237,-10.1508
1676.000000,14,20.9060,186.0666,47.6834,2.4587,-9.2044
1676.000000,15,20.9060,185.7331,47.2762,2.3851,-7.8364
1676.000000,16,20.9060,185.8440,47.5973,2.5953,-9.0850
1676.000000,17,20.9060,185.9557,47.6239,2.5101,-9.9095
1676.000000,18,20.9060,186.0681,47.6154,2.3892,-10.2115
1676.000000,19,20.9060,186.1811,47.6962,2.3570,-9.9180
1676.000000,20,20.9060,185.8600,46.7129,1.6948,-6.0279
1676.000000,21,20.9060,185.9678,47.2672,2.1413,-7.7959
1676.000000,22,20.9060,186.0765,47.3561,2.1215,-9.1660
1676.000000,23,20.9060,186.1860,47.6354,2.2914,-9.6628
1676.000000,24,20.9060,186.2961,47.5550,2.1009,-10.0510
1677.000000,0,20.7838,185.3857,47.6305,3.0867,-9.8691
1677.000000,1,20.7838,185.5055,47.6737,3.0101,-9.5495
1677.000000,2,20.7838,185.6260,47.4234,2.6393,-8.9749
1677.000000,3,20.7838,185.7470,47.0273,2.1223,-7.9047
1677.000000,4,20.7838,185.8683,46.6498,1.6234,-6.0127
1677.000000,5,20.7838,185.5121,47.7005,3.0304,-9.7981
1677.000000,6,20.7838,185.6286,47.6031,2.8164,-10.2163
1677.000000,7,20.7838,185.7458,47.6584,2.7545,-9.9014
1677.000000,8,20.7838,185.8636,47.6587,2.6370,-9.0808
1677.000000,9,20.7838,185.9819,47.3298,2.1898,-7.9744
1677.000000,10,20.7838,185.6388,47.6772,2.8804,-9.0155
1677.000000,11,20.7838,185.7521,47.5370,2.6269,-10.0920
1677.000000,12,20.7838,185.8661,47.7125,2.6883,-10.1942
1677.000000,13,20.7838,185.9808,47.5333,2.3944,-10.1574
1677.000000,14,20.7838,186.0961,47.6829,2.4288,-9.2093
1677.000000,15,20.7838,185.7656,47.2866,2.3630,-7.8432
1677.000000,16,20.7838,185.8758,47.5956,2.5617,-9.1037
1677.000000,17,20.7838,185.9868,47.6172,2.4724,-9.9318
1677.000000,18,20.7838,186.0985,47.6170,2.3605,-10.2214
1677.000000,19,20.7838,186.2107,47.6962,2.3275,-9.9243
1677.000000,20,20.7838,185.8926,46.7324,1.6818,-6.0519
1677.000000,21,20.7838,185.9996,47.2856,2.1279,-7.8127
1677.000000,22,20.7838,186.1076,47.3770,2.1113,-9.1741
1677.000000,23,20.7838,186.2164,47.6266,2.2522,-9.6984
1677.000000,24,20.7838,186.3258,47.5672,2.0834,-10.0563
1678.000000,0,20.6620,185.4180,47.6402,3.0642,-9.8790
1678.000000,1,20.6620,185.5371,47.6702,2.9751,-9.5816
1678.000000,2,20.6620,185.6567,47.4275,2.6127,-9.0038
1678.000000,3,20.6620,185.7770,47.0512,2.1163,-7.9152
1678.000000,4,20.6620,185.8976,46.6696,1.6140,-6.0321
1678.000000,5,20.6620,185.5445,47.6982,2.9957,-9.8066
1678.000000,6,20.6620,185.6603,47.6049,2.7866,-10.2257
1678.000000,7,20.6620,185.7767,47.6540,2.7192,-9.9208
1678.000000,8,20.6620,185.8938,47.6581,2.6063,-9.0971
1678.000000,9,20.6620,186.0113,47.3333,2.1640,-7.9859
1678.000000,10,20.6620,185.6713,47.6767,2.8474,-9.0215
1678.000000,11,20.6620,185.7838,47.5372,2.5954,-10.0997
1678.000000,12,20.6620,185.8971,47.7125,2.6573,-10.2032
1678.000000,13,20.6620,186.0111,47.5341,2.3650,-10.1642
1678.000000,14,20.6620,186.1256,47.6825,2.3988,-9.2143
1678.000000,15,20.6620,185.7982,47.2968,2.3406,-7.8503
1678.000000,16,20.6620,185.9076,47.5937,2.5281,-9.1224
1678.000000,17,20.6620,186.0178,47.6220,2.4462,-9.9412
1678.000000,18,20.6620,186.1288,47.6186,2.3318,-10.2313
1678.000000,19,20.6620,186.2404,47.6960,2.2976,-9.9308
1678.000000,20,20.6620,185.9251,46.7516,1.6684,-6.0760
1678.000000,21,20.6620,186.0314,47.3033,2.1138,-7.8298
1678.000000,22,20.6620,186.1387,47.3968,2.1001,-9.1830
1678.000000,23,20.6620,186.2468,47.6172,2.2124,-9.7343
1678.000000,24,20.6620,186.3555,47.5784,2.0649,-10.0624
1679.000000,0,20.5404,185.4504,47.6490,3.0406,-9.8895
1679.000000,1,20.5404,185.5686,47.6660,2.9393,-9.6140
1679.000000,2,20.5404,185.6875,47.4311,2.5855,-9.0329
1679.000000,3,20.5404,185.8070,47.0745,2.1095,-7.9262
1679.000000,4,20.5404,185.9268,46.6891,1.6042,-6.0518
1679.000000,5,20.5404,185.5770,47.6958,2.9608,-9.8153
1679.000000,6,20.5404,185.6919,47.6066,2.7567,-10.2352
1679.000000,7,20.5404,185.8076,47.6493,2.6837,-9.9403
1679.000000,8,20.5404,185.9239,47.6575,2.5755,-9.1134
1679.000000,9,20.5404,186.0407,47.3369,2.1381,-7.9976
1679.000000,10,20.5404,185.7037,47.6761,2.8144,-9.0277
1679.000000,11,20.5404,185.8155,47.5375,2.5639,-10.1076
1679.000000,12,20.5404,185.9281,47.7125,2.6263,-10.2122
1679.000000,13,20.5404,186.0413,47.5349,2.3355,-10.1711
1679.000000,14,20.5404,186.1552,47.6820,2.3688,-9.2194
1679.000000,15,20.5404,185.8307,47.3067,2.3180,-7.8576
1679.000000,16,20.5404,185.9393,47.5917,2.4944,-9.1412
1679.000000,17,20.5404,186.0489,47.6271,2.4202,-9.9504
1679.000000,18,20.5404,186.1591,47.6200,2.3029,-10.2412
1679.000000,19,20.5404,186.2700,47.6956,2.2675,-9.9376
1679.000000,20,20.5404,185.9576,46.7703,1.6547,-6.1002
1679.000000,21,20.5404,186.0632,47.3204,2.0991,-7.8473
1679.000000,22,20.5404,186.1698,47.4157,2.0879,-9.1926
1679.000000,23,20.5404,186.2771,47.6073,2.1721,-9.7704
1679.000000,24,20.5404,186.3852,47.5887,2.0455,-10.0692
1680.000000,0,20.4192,185.4827,47.6568,3.0160,-9.9007
1680.000000,1,20.4192,185.6002,47.6611,2.9029,-9.6467
1680.000000,2,20.4192,185.7183,47.4342,2.5578,-9.0620
1680.000000,3,20.4192,185.8370,47.0970,2.1020,-7.9377
1680.000000,4,20.4192,185.9561,46.7082,1.5940,-6.0717
1680.000000,5,20.4192,185.6094,47.6931,2.9257,-9.8243
1680.000000,6,20.4192,185.7236,47.6083,2.7267,-10.2448
1680.000000,7,20.4192,185.8385,47.6444,2.6479,-9.9601
1680.000000,8,20.4192,185.9541,47.6566,2.5445,-9.1299
1680.000000,9,20.4192,186.0702,47.3403,2.1121,-8.0094
1680.000000,10,20.4192,185.7362,47.6756,2.7814,-9.0340
1680.000000,11,20.4192,185.8472,47.5377,2.5324,-10.1155
1680.000000,12,20.4192,185.9591,47.7125,2.5953,-10.2213
1680.000000,13,20.4192,186.0716,47.5356,2.3060,-10.1782
1680.000000,14,20.4192,186.1847,47.6816,2.3388,-9.2247
1680.000000,15,20.4192,185.8631,47.3164,2.2952,-7.8653
1680.000000,16,20.4192,185.9711,47.5897,2.4606,-9.1601
1680.000000,17,20.4192,186.0799,47.6320,2.3941,-9.9597
1680.000000,18,20.4192,186.1895,47.6214,2.2739,-10.2513
1680.000000,19,20.4192,186.2997,47.6949,2.2372,-9.9447
1680.000000,20,20.4192,185.9901,46.7887,1.6406,-6.1245
1680.000000,21,20.4192,186.0950,47.3368,2.0838,-7.8650
1680.000000,22,20.4192,186.2009,47.4336,2.0747,-9.2029
1680.000000,23,20.4192,186.3075,47.6096,2.1440,-9.7927
1680.000000,24,20.4192,186.4149,47.5980,2.0251,-10.0768
1681.000000,0,20.2983,185.5151,47.6636,2.9905,-9.9125
1681.000000,1,20.2983,185.6318,47.6555,2.8657,-9.6796
1681.000000,2,20.2983,185.7491,47.4368,2.5297,-9.0913
1681.000000,3,20.2983,185.8671,47.1189,2.0938,-7.9495
1681.000000,4,20.2983,185.9855,46.7269,1.5834,-6.0919
1681.000000,5,20.2983,185.6418,47.6902,2.8904,-9.8335
1681.000000,6,20.2983,185.7552,47.6098,2.6965,-10.2544
1681.000000,7,20.2983,185.8694,47.6393,2.6118,-9.9800
1681.000000,8,20.2983,185.9843,47.6557,2.5134,-9.1465
1681.000000,9,20.2983,186.0996,47.3437,2.0861,-8.0213
1681.000000,10,20.2983,185.7687,47.6751,2.7484,-9.0404
1681.000000,11,20.2983,185.8790,47.5378,2.5008,-10.1236
1681.000000,12,20.2983,185.9901,47.7125,2.5643,-10.2305
1681.000000,13,20.2983,186.1019,47.5363,2.2764,-10.1853
1681.000000,14,20.2983,186.2143,47.6812,2.3088,-9.2301
1681.000000,15,20.2983,185.8956,47.3259,2.2722,-7.8732
1681.000000,16,20.2983,186.0028,47.5876,2.4267,-9.1790
1681.000000,17,20.2983,186.1109,47.6366,2.3676,-9.9693
1681.000000,18,20.2983,186.2198,47.6227,2.2448,-10.2614
1681.000000,19,20.2983,186.3293,47.6940,2.2067,-9.9520
1681.000000,20,20.2983,186.0225,46.8066,1.6261,-6.1488
1681.000000,21,20.2983,186.1268,47.3528,2.0680,-7.8830
1681.000000,22,20.2983,186.2319,47.4507,2.0607,-9.2139
1681.000000,23,20.2983,186.3379,47.6176,2.1217,-9.8083
1681.000000,24,20.2983,186.4446,47.6064,2.0038,-10.0850
1682.000000,0,20.1778,185.5475,47.6696,2.9641,-9.9248
1682.000000,1,20.1778,185.6633,47.6494,2.8280,-9.7128
1682.000000,2,20.1778,185.7799,47.4390,2.5010,-9.1206
1682.000000,3,20.1778,185.8971,47.1401,2.0850,-7.9618
1682.000000,4,20.1778,186.0148,46.7453,1.5724,-6.1122
1682.000000,5,20.1778,185.6742,47.6872,2.8549,-9.8428
1682.000000,6,20.1778,185.7869,47.6112,2.6663,-10.2642
1682.000000,7,20.1778,185.9004,47.6340,2.5756,-10.0001
1682.000000,8,20.1778,186.0145,47.6547,2.4822,-9.1632
1682.000000,9,20.1778,186.1291,47.3471,2.0599,-8.0333
1682.000000,10,20.1778,185.8011,47.6746,2.7154,-9.0470
1682.000000,11,20.1778,185.9107,47.5380,2.4693,-10.1318
1682.000000,12,20.1778,186.0211,47.7125,2.5334,-10.2398
1682.000000,13,20.1778,186.1322,47.5370,2.2468,-10.1927
1682.000000,14,20.1778,186.2439,47.6807,2.2788,-9.2357
1682.000000,15,20.1778,185.9281,47.3351,2.2490,-7.8814
1682.000000,16,20.1778,186.0346,47.5854,2.3928,-9.1979
1682.000000,17,20.1778,186.1420,47.6410,2.3410,-9.9791
1682.000000,18,20.1778,186.2501,47.6238,2.2157,-10.2716
1682.000000,19,20.1778,186.3590,47.6929,2.1759,-9.9596
1682.000000,20,20.1778,186.0550,46.8242,1.6112,-6.1733
1682.000000,21,20.1778,186.1585,47.3681,2.0515,-7.9013
1682.000000,22,20.1778,186.2630,47.4668,2.0458,-9.2254
1682.000000,23,20.1778,186.3683,47.6251,2.0988,-9.8241
1682.000000,24,20.1778,186.4743,47.6139,1.9816,-10.0939
1683.000000,0,20.0576,185.5798,47.6747,2.9368,-9.9378
1683.000000,1,20.0576,185.6949,47.6426,2.7896,-9.7462
1683.000000,2,20.0576,185.8108,47.4408,2.4719,-9.1500
1683.000000,3,20.0576,185.9272,47.1607,2.0755,-7.9744
1683.000000,4,20.0576,186.0442,46.7633,1.5611,-6.1327
1683.000000,5,20.0576,185.7067,47.6840,2.8193,-9.8524
1683.000000,6,20.0576,185.8186,47.6125,2.6359,-10.2740
1683.000000,7,20.0576,185.9313,47.6285,2.5391,-10.0204
1683.000000,8,20.0576,186.0447,47.6536,2.4509,-9.1799
1683.000000,9,20.0576,186.1586,47.3504,2.0338,-8.0455
1683.000000,10,20.0576,185.8336,47.6741,2.6825,-9.0536
1683.000000,11,20.0576,185.9424,47.5381,2.4377,-10.1401
1683.000000,12,20.0576,186.0521,47.7125,2.5024,-10.2491
1683.000000,13,20.0576,186.1625,47.5376,2.2171,-10.2001
1683.000000,14,20.0576,186.2735,47.6803,2.2488,-9.2413
1683.000000,15,20.0576,185.9605,47.3441,2.2255,-7.8899
1683.000000,16,20.0576,186.0663,47.5832,2.3588,-9.2169
1683.000000,17,20.0576,186.1730,47.6452,2.3142,-9.9890
1683.000000,18,20.0576,186.2805,47.6249,2.1864,-10.2819
1683.000000,19,20.0576,186.3886,47.6916,2.1449,-9.9674
1683.000000,20,20.0576,186.0874,46.8414,1.5960,-6.1978
1683.000000,21,20.0576,186.1902,47.3829,2.0346,-7.9198
1683.000000,22,20.0576,186.2940,47.4821,2.0301,-9.2376
1683.000000,23,20.0576,186.3986,47.6321,2.0754,-9.8402
1683.000000,24,20.0576,186.5040,47.6206,1.9586,-10.1034
1684.000000,0,19.9377,185.6122,47.6790,2.9087,-9.9512
1684.000000,1,19.9377,185.7266,47.6353,2.7507,-9.7798
1684.000000,2,19.9377,185.8416,47.4421,2.4424,-9.1794
1684.000000,3,19.9377,185.9574,47.1807,2.0653,-7.9873
1684.000000,4,19.9377,186.0736,46.7810,1.5494,-6.1534
1684.000000,5,19.9377,185.7391,47.6806,2.7835,-9.8621
1684.000000,6,19.9377,185.8503,47.6138,2.6055,-10.2839
1684.000000,7,19.9377,185.9622,47.6280,2.5078,-10.0351
1684.000000,8,19.9377,186.0749,47.6524,2.4194,-9.1967
1684.000000,9,19.9377,186.1881,47.3537,2.0075,-8.0577
1684.000000,10,19.9377,185.8660,47.6736,2.6495,-9.0604
1684.000000,11,19.9377,185.9741,47.5382,2.4060,-10.1485
1684.000000,12,19.9377,186.0831,47.7125,2.4714,-10.2585
1684.000000,13,19.9377,186.1927,47.5382,2.1874,-10.2077
1684.000000,14,19.9377,186.3031,47.6799,2.2188,-9.2471
1684.000000,15,19.9377,185.9930,47.3529,2.2019,-7.8986
1684.000000,16,19.9377,186.0981,47.5809,2.3248,-9.2359
1684.000000,17,19.9377,186.2040,47.6492,2.2872,-9.9992
1684.000000,18,19.9377,186.3108,47.6260,2.1571,-10.2922
1684.000000,19,19.9377,186.4183,47.6901,2.1138,-9.9754
1684.000000,20,19.9377,186.1198,46.8583,1.5805,-6.2224
1684.000000,21,19.9377,186.2219,47.3971,2.0171,-7.9386
1684.000000,22,19.9377,186.3251,47.4966,2.0135,-9.2503
1684.000000,23,19.9377,186.4290,47.6385,2.0515,-9.8565
1684.000000,24,19.9377,186.5337,47.6266,1.9349,-10.1135
1685.000000,0,19.8181,185.6446,47.6825,2.8799,-9.9652
1685.000000,1,19.8181,185.7582,47.6275,2.7113,-9.8136
1685.000000,2,19.8181,185.8725,47.4431,2.4125,-9.2089
1685.000000,3,19.8181,185.9875,47.2001,2.0546,-8.0007
1685.000000,4,19.8181,186.1030,46.7984,1.5374,-6.1742
1685.000000,5,19.8181,185.7715,47.6771,2.7475,-9.8721
1685.000000,6,19.8181,185.8819,47.6149,2.5749,-10.2939
1685.000000,7,19.8181,185.9932,47.6326,2.4814,-10.0442
1685.000000,8,19.8181,186.1051,47.6511,2.3879,-9.2137
1685.000000,9,19.8181,186.2176,47.3569,1.9812,-8.0701
1685.000000,10,19.8181,185.8985,47.6731,2.6166,-9.0674
1685.000000,11,19.8181,186.0058,47.5383,2.3744,-10.1570
1685.000000,12,19.8181,186.1141,47.7125,2.4404,-10.2680
1685.000000,13,19.8181,186.2230,47.5387,2.1576,-10.2154
1685.000000,14,19.8181,186.3327,47.6795,2.1888,-9.2530
1685.000000,15,19.8181,186.0254,47.3615,2.1781,-7.9076
1685.000000,16,19.8181,186.1298,47.5785,2.2907,-9.2549
1685.000000,17,19.8181,186.2351,47.6530,2.2599,-10.0095
1685.000000,18,19.8181,186.3411,47.6269,2.1277,-10.3026
1685.000000,19,19.8181,186.4479,47.6884,2.0825,-9.9836
1685.000000,20,19.8181,186.1522,46.8748,1.5646,-6.2471
1685.000000,21,19.8181,186.2536,47.4109,1.9992,-7.9576
1685.000000,22,19.8181,186.3561,47.5103,1.9962,-9.2636
1685.000000,23,19.8181,186.4593,47.6445,2.0271,-9.8730
1685.000000,24,19.8181,186.5634,47.6317,1.9103,-10.1242
1686.000000,0,19.6989,185.6770,47.6853,2.8503,-9.9796
1686.000000,1,19.6989,185.7898,47.6191,2.6713,-9.8475
1686.000000,2,19.6989,185.9034,47.4436,2.3822,-9.2384
1686.000000,3,19.6989,186.0176,47.2189,2.0432,-8.0143
1686.000000,4,19.6989,186.1324,46.8154,1.5250,-6.1952
1686.000000,5,19.6989,185.8039,47.6735,2.7115,-9.8822
1686.000000,6,19.6989,185.9136,47.6160,2.5443,-10.3039
1686.000000,7,19.6989,186.0241,47.6370,2.4548,-10.0535
1686.000000,8,19.6989,186.1354,47.6497,2.3563,-9.2306
1686.000000,9,19.6989,186.2472,47.3600,1.9548,-8.0825
1686.000000,10,19.6989,185.9309,47.6727,2.5837,-9.0744
1686.000000,11,19.6989,186.0375,47.5383,2.3428,-10.1656
1686.000000,12,19.6989,186.1450,47.7125,2.4094,-10.2775
1686.000000,13,19.6989,186.2533,47.5392,2.1279,-10.2231
1686.000000,14,19.6989,186.3623,47.6791,2.1588,-9.2590
1686.000000,15,19.6989,186.0578,47.3699,2.1541,-7.9168
1686.000000,16,19.6989,186.1615,47.5761,2.2566,-9.2739
1686.000000,17,19.6989,186.2661,47.6566,2.2325,-10.0201
1686.000000,18,19.6989,186.3715,47.6278,2.0983,-10.3130
1686.000000,19,19.6989,186.4776,47.6866,2.0510,-9.9920
1686.000000,20,19.6989,186.1845,46.8910,1.5484,-6.2718
1686.000000,21,19.6989,186.2853,47.4241,1.9807,-7.9768
1686.000000,22,19.6989,186.3871,47.5233,1.9782,-9.2773
1686.000000,23,19.6989,186.4897,47.6500,2.0023,-9.8898
1686.000000,24,19.6989,186.5930,47.6361,1.8851,-10.1355
1687.000000,0,19.5801,185.7094,47.6873,2.8199,-9.9945
1687.000000,1,19.5801,185.8214,47.6103,2.6309,-9.8816
1687.000000,2,19.5801,185.9343,47.4439,2.3515,-9.2679
1687.000000,3,19.5801,186.0478,47.2371,2.0312,-8.0283
1687.000000,4,19.5801,186.1619,46.8321,1.5122,-6.2163
1687.000000,5,19.5801,185.8363,47.6697,2.6753,-9.8925
1687.000000,6,19.5801,185.9453,47.6170,2.5136,-10.3140
1687.000000,7,19.5801,186.0551,47.6412,2.4280,-10.0630
1687.000000,8,19.5801,186.1656,47.6482,2.3246,-9.2477
1687.000000,9,19.5801,186.2767,47.3632,1.9284,-8.0951
1687.000000,10,19.5801,185.9633,47.6722,2.5509,-9.0816
1687.000000,11,19.5801,186.0692,47.5384,2.3111,-10.1743
1687.000000,12,19.5801,186.1760,47.7125,2.3784,-10.2871
1687.000000,13,19.5801,186.2836,47.5397,2.0980,-10.2311
1687.000000,14,19.5801,186.3919,47.6787,2.1288,-9.2652
1687.000000,15,19.5801,186.0902,47.3781,2.1299,-7.9262
1687.000000,16,19.5801,186.1931,47.5737,2.2225,-9.2929
1687.000000,17,19.5801,186.2971,47.6600,2.2049,-10.0308
1687.000000,18,19.5801,186.4018,47.6286,2.0687,-10.3235
1687.000000,19,19.5801,186.5072,47.6846,2.0193,-10.0006
1687.000000,20,19.5801,186.2168,46.9068,1.5319,-6.2965
1687.000000,21,19.5801,186.3170,47.4368,1.9618,-7.9962
1687.000000,22,19.5801,186.4180,47.5355,1.9594,-9.2916
1687.000000,23,19.5801,186.5200,47.6551,1.9771,-9.9067
1687.000000,24,19.5801,186.6227,47.6399,1.8591,-10.1472
1688.000000,0,19.4615,185.7417,47.6887,2.7889,-10.0098
1688.000000,1,19.4615,185.8531,47.6179,2.6068,-9.8973
1688.000000,2,19.4615,185.9652,47.4437,2.3205,-9.2975
1688.000000,3,19.4615,186.0780,47.2547,2.0187,-8.0426
1688.000000,4,19.4615,186.1913,46.8486,1.4992,-6.2376
1688.000000,5,19.4615,185.8687,47.6658,2.6390,-9.9029
1688.000000,6,19.4615,185.9770,47.6178,2.4829,-10.3242
1688.000000,7,19.4615,186.0860,47.6451,2.4011,-10.0727
1688.000000,8,19.4615,186.1958,47.6467,2.2928,-9.2648
1688.000000,9,19.4615,186.3063,47.3662,1.9019,-8.1077
1688.000000,10,19.4615,185.9957,47.6718,2.5180,-9.0888
1688.000000,11,19.4615,186.1009,47.5384,2.2794,-10.1831
1688.000000,12,19.4615,186.2070,47.7125,2.3474,-10.2968
1688.000000,13,19.4615,186.3139,47.5401,2.0682,-10.2391
1688.000000,14,19.4615,186.4215,47.6783,2.0988,-9.2714
1688.000000,15,19.4615,186.1225,47.3861,2.1055,-7.9359
1688.000000,16,19.4615,186.2248,47.5712,2.1883,-9.3120
1688.000000,17,19.4615,186.3280,47.6633,2.1772,-10.0416
1688.000000,18,19.4615,186.4321,47.6293,2.0392,-10.3340
1688.000000,19,19.4615,186.5369,47.6824,1.9875,-10.0094
1688.000000,20,19.4615,186.2491,46.9223,1.5151,-6.3213
1688.000000,21,19.4615,186.3486,47.4491,1.9425,-8.0158
1688.000000,22,19.4615,186.4490,47.5470,1.9400,-9.3064
1688.000000,23,19.4615,186.5503,47.6598,1.9514,-9.9238
1688.000000,24,19.4615,186.6524,47.6429,1.8325,-10.1595
1689.000000,0,19.3434,185.7741,47.6894,2.7572,-10.0255
1689.000000,1,19.3434,185.8847,47.6251,2.5823,-9.9131
1689.000000,2,19.3434,185.9961,47.4432,2.2891,-9.3270
1689.000000,3,19.3434,186.1082,47.2719,2.0057,-8.0572
1689.000000,4,19.3434,186.2208,46.8646,1.4858,-6.2590
1689.000000,5,19.3434,185.9011,47.6618,2.6026,-9.9134
1689.000000,6,19.3434,186.0086,47.6187,2.4520,-10.3344
1689.000000,7,19.3434,186.1170,47.6489,2.3739,-10.0825
1689.000000,8,19.3434,186.2261,47.6451,2.2609,-9.2819
1689.000000,9,19.3434,186.3358,47.3692,1.8754,-8.1205
1689.000000,10,19.3434,186.0280,47.6713,2.4852,-9.0962
1689.000000,11,19.3434,186.1326,47.5384,2.2478,-10.1920
1689.000000,12,19.3434,186.2380,47.7125,2.3164,-10.3065
1689.000000,13,19.3434,186.3442,47.5405,2.0383,-10.2472
1689.000000,14,19.3434,186.4511,47.6779,2.0688,-9.2778
1689.000000,15,19.3434,186.1548,47.3939,2.0810,-7.9457
1689.000000,16,19.3434,186.2564,47.5686,2.1541,-9.3310
1689.000000,17,19.3434,186.3590,47.6663,2.1493,-10.0526
1689.000000,18,19.3434,186.4624,47.6299,2.0095,-10.3446
1689.000000,19,19.3434,186.5665,47.6801,1.9556,-10.0184
1689.000000,20,19.3434,186.2814,46.9374,1.4980,-6.3461
1689.000000,21,19.3434,186.3802,47.4609,1.9227,-8.0356
1689.000000,22,19.3434,186.4799,47.5578,1.9199,-9.3216
1689.000000,23,19.3434,186.5806,47.6640,1.9254,-9.9412
1689.000000,24,19.3434,186.6820,47.6453,1.8052,-10.1722
1690.000000,0,19.2256,185.8065,47.6895,2.7250,-10.0416
1690.000000,1,19.2256,185.9163,47.6317,2.5574,-9.9290
1690.000000,2,19.2256,186.0270,47.4425,2.2574,-9.3566
1690.000000,3,19.2256,186.1383,47.2884,1.9921,-8.0720
1690.000000,4,19.2256,186.2503,46.8804,1.4721,-6.2806
1690.000000,5,19.2256,185.9335,47.6577,2.5661,-9.9242
1690.000000,6,19.2256,186.0403,47.6194,2.4211,-10.3446
1690.000000,7,19.2256,186.1479,47.6525,2.3466,-10.0925
1690.000000,8,19.2256,186.2563,47.6434,2.2290,-9.2991
1690.000000,9,19.2256,186.3654,47.3722,1.8488,-8.1333
1690.000000,10,19.2256,186.0604,47.6709,2.4525,-9.1037
1690.000000,11,19.2256,186.1642,47.5384,2.2161,-10.2009
1690.000000,12,19.2256,186.2689,47.7125,2.2855,-10.3162
1690.000000,13,19.2256,186.3745,47.5409,2.0084,-10.2554
1690.000000,14,19.2256,186.4807,47.6775,2.0388,-9.2842
1690.000000,15,19.2256,186.1871,47.4015,2.0563,-7.9558
1690.000000,16,19.2256,186.2881,47.5661,2.1200,-9.3501
1690.000000,17,19.2256,186.3899,47.6692,2.1212,-10.0638
1690.000000,18,19.2256,186.4927,47.6305,1.9798,-10.3553
1690.000000,19,19.2256,186.5961,47.6777,1.9235,-10.0275
1690.000000,20,19.2256,186.3136,46.9523,1.4806,-6.3709
1690.000000,21,19.2256,186.4117,47.4723,1.9025,-8.0555
1690.000000,22,19.2256,186.5109,47.5680,1.8991,-9.3372
1690.000000,23,19.2256,186.6109,47.6679,1.8989,-9.9587
1690.000000,24,19.2256,186.7117,47.6471,1.7774,-10.1854
1691.000000,0,19.1081,185.8388,47.6890,2.6921,-10.0581
1691.000000,1,19.1081,185.9480,47.6379,2.5319,-9.9452
1691.000000,2,19.1081,186.0579,47.4490,2.2330,-9.3776
1691.000000,3,19.1081,186.1685,47.3045,1.9779,-8.0872
1691.000000,4,19.1081,186.2798,46.8959,1.4581,-6.3022
1691.000000,5,19.1081,185.9658,47.6534,2.5296,-9.9350
1691.000000,6,19.1081,186.0719,47.6201,2.3902,-10.3550
1691.000000,7,19.1081,186.1789,47.6560,2.3191,-10.1027
1691.000000,8,19.1081,186.2866,47.6416,2.1970,-9.3164
1691.000000,9,19.1081,186.3949,47.3751,1.8221,-8.1462
1691.000000,10,19.1081,186.0927,47.6705,2.4197,-9.1113
1691.000000,11,19.1081,186.1958,47.5383,2.1844,-10.2100
1691.000000,12,19.1081,186.2999,47.7125,2.2545,-10.3261
1691.000000,13,19.1081,186.4047,47.5413,1.9785,-10.2637
1691.000000,14,19.1081,186.5103,47.6772,2.0088,-9.2908
1691.000000,15,19.1081,186.2194,47.4089,2.0314,-7.9661
1691.000000,16,19.1081,186.3197,47.5635,2.0858,-9.3691
1691.000000,17,19.1081,186.4209,47.6719,2.0930,-10.0751
1691.000000,18,19.1081,186.5230,47.6311,1.9501,-10.3660
1691.000000,19,19.1081,186.6258,47.6751,1.8913,-10.0368
1691.000000,20,19.1081,186.3458,46.9668,1.4630,-6.3957
1691.000000,21,19.1081,186.4433,47.4832,1.8819,-8.0756
1691.000000,22,19.1081,186.5418,47.5776,1.8778,-9.3533
1691.000000,23,19.1081,186.6411,47.6713,1.8721,-9.9763
1691.000000,24,19.1081,186.7413,47.6483,1.7490,-10.1990
1692.000000,0,18.9910,185.8712,47.6879,2.6586,-10.0750
1692.000000,1,18.9910,185.9796,47.6437,2.5060,-9.9616
1692.000000,2,18.9910,186.0888,47.4635,2.2167,-9.3893
1692.000000,3,18.9910,186.1987,47.3201,1.9633,-8.1026
1692.000000,4,18.9910,186.3093,46.9111,1.4438,-6.3240
1692.000000,5,18.9910,185.9982,47.6491,2.4929,-9.9460
1692.000000,6,18.9910,186.1035,47.6207,2.3591,-10.3654
1692.000000,7,18.9910,186.2098,47.6592,2.2914,-10.1130
1692.000000,8,18.9910,186.3168,47.6398,2.1650,-9.3336
1692.000000,9,18.9910,186.4245,47.3780,1.7955,-8.1592
1692.000000,10,18.9910,186.1250,47.6700,2.3870,-9.1190
1692.000000,11,18.9910,186.2275,47.5383,2.1528,-10.2192
1692.000000,12,18.9910,186.3308,47.7125,2.2236,-10.3359
1692.000000,13,18.9910,186.4350,47.5416,1.9486,-10.2721
1692.000000,14,18.9910,186.5399,47.6768,1.9789,-9.2975
1692.000000,15,18.9910,186.2517,47.4161,2.0064,-7.9765
1692.000000,16,18.9910,186.3512,47.5608,2.0515,-9.3881
1692.000000,17,18.9910,186.4518,47.6745,2.0647,-10.0865
1692.000000,18,18.9910,186.5532,47.6316,1.9203,-10.3767
1692.000000,19,18.9910,186.6554,47.6724,1.8590,-10.0463
1692.000000,20,18.9910,186.3780,46.9810,1.4450,-6.4206
1692.000000,21,18.9910,186.4748,47.4938,1.8609,-8.0959
1692.000000,22,18.9910,186.5726,47.5865,1.8558,-9.3697
1692.000000,23,18.9910,186.6714,47.6744,1.8450,-9.9941
1692.000000,24,18.9910,186.7709,47.6489,1.7200,-10.2131
1693.000000,0,18.8743,185.9035,47.6862,2.6246,-10.0921
1693.000000,1,18.8743,186.0112,47.6489,2.4797,-9.9781
1693.000000,2,18.8743,186.1197,47.4774,2.1997,-9.4015
1693.000000,3,18.8743,186.2289,47.3352,1.9482,-8.1182
1693.000000,4,18.8743,186.3388,46.9260,1.4292,-6.3459
1693.000000,5,18.8743,186.0305,47.6448,2.4562,-9.9571
1693.000000,6,18.8743,186.1352,47.6213,2.3281,-10.3758
1693.000000,7,18.8743,186.2407,47.6623,2.2636,-10.1235
1693.000000,8,18.8743,186.3471,47.6380,2.1329,-9.3510
1693.000000,9,18.8743,186.4541,47.3808,1.7687,-8.1723
1693.000000,10,18.8743,186.1573,47.6696,2.3543,-9.1268
1693.000000,11,18.8743,186.2591,47.5382,2.1211,-10.2284
1693.000000,12,18.8743,186.3617,47.7125,2.1927,-10.3458
1693.000000,13,18.8743,186.4653,47.5419,1.9186,-10.2806
1693.000000,14,18.8743,186.5695,47.6764,1.9489,-9.3043
1693.000000,15,18.8743,186.2839,47.4232,1.9813,-7.9872
1693.000000,16,18.8743,186.3828,47.5582,2.0173,-9.4071
1693.000000,17,18.8743,186.4827,47.6769,2.0362,-10.0981
1693.000000,18,18.8743,186.5835,47.6320,1.8905,-10.3875
1693.000000,19,18.8743,186.6850,47.6696,1.8266,-10.0559
1693.000000,20,18.8743,186.4101,46.9950,1.4268,-6.4454
1693.000000,21,18.8743,186.5063,47.5039,1.8395,-8.1163
1693.000000,22,18.8743,186.6035,47.5949,1.8333,-9.3865
1693.000000,23,18.8743,186.7016,47.6771,1.8175,-10.0120
1693.000000,24,18.8743,186.8005,47.6490,1.6905,-10.2275
1694.000000,0,18.7579,185.9359,47.6841,2.5901,-10.1096
1694.000000,1,18.7579,186.0428,47.6538,2.4529,-9.9949
1694.000000,2,18.7579,186.1506,47.4906,2.1820,-9.4142
1694.000000,3,18.7579,186.2591,47.3498,1.9326,-8.1341
1694.000000,4,18.7579,186.3683,46.9406,1.4143,-6.3678
1694.000000,5,18.7579,186.0628,47.6403,2.4195,-9.9683
1694.000000,6,18.7579,186.1668,47.6217,2.2969,-10.3863
1694.000000,7,18.7579,186.2716,47.6652,2.2356,-10.1340
1694.000000,8,18.7579,186.3773,47.6360,2.1007,-9.3683
1694.000000,9,18.7579,186.4836,47.3836,1.7420,-8.1855
1694.000000,10,18.7579,186.1896,47.6692,2.3216,-9.1347
1694.000000,11,18.7579,186.2906,47.5381,2.0895,-10.2377
1694.000000,12,18.7579,186.3926,47.7125,2.1618,-10.3558
1694.000000,13,18.7579,186.4955,47.5422,1.8886,-10.2892
1694.000000,14,18.7579,186.5991,47.6761,1.9190,-9.3112
1694.000000,15,18.7579,186.3161,47.4301,1.9560,-7.9981
1694.000000,16,18.7579,186.4143,47.5555,1.9831,-9.4261
1694.000000,17,18.7579,186.5136,47.6792,2.0076,-10.1097
1694.000000,18,18.7579,186.6137,47.6323,1.8606,-10.3983
1694.000000,19,18.7579,186.7146,47.6667,1.7941,-10.0656
1694.000000,20,18.7579,186.4422,47.0086,1.4083,-6.4703
1694.000000,21,18.7579,186.5378,47.5136,1.8178,-8.1369
1694.000000,22,18.7579,186.6343,47.6027,1.8103,-9.4036
1694.000000,23,18.7579,186.7318,47.6795,1.7897,-10.0301
1694.000000,24,18.7579,186.8301,47.6486,1.6605,-10.2423
1695.000000,0,18.6419,185.9682,47.6814,2.5552,-10.1274
1695.000000,1,18.6419,186.0744,47.6582,2.4258,-10.0118
1695.000000,2,18.6419,186.1815,47.5032,2.1636,-9.4272
1695.000000,3,18.6419,186.2893,47.3639,1.9165,-8.1503
1695.000000,4,18.6419,186.3978,46.9550,1.3991,-6.3899
1695.000000,5,18.6419,186.0951,47.6358,2.3826,-9.9796
1695.000000,6,18.6419,186.1984,47.6222,2.2658,-10.3968
1695.000000,7,18.6419,186.3025,47.6680,2.2075,-10.1448
1695.000000,8,18.6419,186.4075,47.6341,2.0685,-9.3857
1695.000000,9,18.6419,186.5132,47.3864,1.7151,-8.1987
1695.000000,10,18.6419,186.2218,47.6688,2.2890,-9.1427
1695.000000,11,18.6419,186.3222,47.5381,2.0578,-10.2470
1695.000000,12,18.6419,186.4235,47.7125,2.1309,-10.3658
1695.000000,13,18.6419,186.5257,47.5424,1.8587,-10.2978
1695.000000,14,18.6419,186.6287,47.6757,1.8890,-9.3181
1695.000000,15,18.6419,186.3482,47.4368,1.9306,-8.0091
1695.000000,16,18.6419,186.4458,47.5528,1.9489,-9.4451
1695.000000,17,18.6419,186.5444,47.6813,1.9789,-10.1215
1695.000000,18,18.6419,186.6439,47.6327,1.8307,-10.4091
1695.000000,19,18.6419,186.7442,47.6637,1.7615,-10.0755
1695.000000,20,18.6419,186.4743,47.0219,1.3896,-6.4951
1695.000000,21,18.6419,186.5692,47.5230,1.7957,-8.1575
1695.000000,22,18.6419,186.6651,47.6099,1.7868,-9.4211
1695.000000,23,18.6419,186.7620,47.6816,1.7616,-10.0482
1695.000000,24,18.6419,186.8596,47.6476,1.6300,-10.2574
1696.000000,0,18.5262,186.0005,47.6783,2.5197,-10.1454
1696.000000,1,18.5262,186.1060,47.6623,2.3982,-10.0288
1696.000000,2,18.5262,186.2124,47.5151,2.1447,-9.4407
1696.000000,3,18.5262,186.3195,47.3776,1.9000,-8.1666
1696.000000,4,18.5262,186.4273,46.9690,1.3837,-6.4120
1696.000000,5,18.5262,186.1274,47.6312,2.3458,-9.9910
1696.000000,6,18.5262,186.2299,47.6225,2.2346,-10.4074
1696.000000,7,18.5262,186.3334,47.6707,2.1792,-10.1556
1696.000000,8,18.5262,186.4377,47.6321,2.0363,-9.4031
1696.000000,9,18.5262,186.5427,47.3891,1.6883,-8.2120
1696.000000,10,18.5262,186.2540,47.6685,2.2564,-9.1509
1696.000000,11,18.5262,186.3537,47.5380,2.0262,-10.2565
1696.000000,12,18.5262,186.4544,47.7125,2.1000,-10.3759
1696.000000,13,18.5262,186.5559,47.5427,1.8287,-10.3066
1696.000000,14,18.5262,186.6582,47.6754,1.8591,-9.3252
1696.000000,15,18.5262,186.3803,47.4434,1.9050,-8.0203
1696.000000,16,18.5262,186.4773,47.5501,1.9147,-9.4640
1696.000000,17,18.5262,186.5753,47.6833,1.9500,-10.1335
1696.000000,18,18.5262,186.6741,47.6329,1.8008,-10.4200
1696.000000,19,18.5262,186.7737,47.6606,1.7288,-10.0855
1696.000000,20,18.5262,186.5063,47.0350,1.3706,-6.5200
1696.000000,21,18.5262,186.6006,47.5319,1.7733,-8.1783
1696.000000,22,18.5262,186.6959,47.6167,1.7627,-9.4389
1696.000000,23,18.5262,186.7921,47.6834,1.7332,-10.0665
1696.000000,24,18.5262,186.8892,47.6462,1.5990,-10.2728
1697.000000,0,18.4109,186.0328,47.6747,2.4839,-10.1637
1697.000000,1,18.4109,186.1376,47.6659,2.3703,-10.0460
1697.000000,2,18.4109,186.2433,47.5264,2.1251,-9.4546
1697.000000,3,18.4109,186.3497,47.3908,1.8831,-8.1832
1697.000000,4,18.4109,186.4569,46.9828,1.3679,-6.4342
1697.000000,5,18.4109,186.1596,47.6265,2.3089,-10.0025
1697.000000,6,18.4109,186.2615,47.6229,2.2033,-10.4180
1697.000000,7,18.4109,186.3643,47.6731,2.1508,-10.1666
1697.000000,8,18.4109,186.4679,47.6300,2.0040,-9.4205
1697.000000,9,18.4109,186.5723,47.3917,1.6614,-8.2254
1697.000000,10,18.4109,186.2862,47.6681,2.2239,-9.1591
1697.000000,11,18.4109,186.3852,47.5379,1.9946,-10.2660
1697.000000,12,18.4109,186.4853,47.7125,2.0692,-10.3860
1697.000000,13,18.4109,186.5861,47.5429,1.7987,-10.3154
1697.000000,14,18.4109,186.6878,47.6750,1.8292,-9.3324
1697.000000,15,18.4109,186.4124,47.4498,1.8794,-8.0316
1697.000000,16,18.4109,186.5087,47.5474,1.8806,-9.4830
1697.000000,17,18.4109,186.6061,47.6852,1.9211,-10.1455
1697.000000,18,18.4109,186.7043,47.6331,1.7708,-10.4309
1697.000000,19,18.4109,186.8033,47.6573,1.6960,-10.0957
1697.000000,20,18.4109,186.5383,47.0478,1.3514,-6.5449
1697.000000,21,18.4109,186.6320,47.5406,1.7506,-8.1993
1697.000000,22,18.4109,186.7266,47.6229,1.7382,-9.4570
1697.000000,23,18.4109,186.8222,47.6848,1.7046,-10.0849
1697.000000,24,18.4109,186.9187,47.6444,1.5677,-10.2886
1698.000000,0,18.2960,186.0650,47.6707,2.4476,-10.1822
1698.000000,1,18.2960,186.1691,47.6692,2.3420,-10.0633
1698.000000,2,18.2960,186.2741,47.5371,2.1049,-9.4688
1698.000000,3,18.2960,186.3799,47.4037,1.8657,-8.2000
1698.000000,4,18.2960,186.4864,46.9964,1.3519,-6.4565
1698.000000,5,18.2960,186.1918,47.6218,2.2720,-10.0141
1698.000000,6,18.2960,186.2930,47.6231,2.1721,-10.4286
1698.000000,7,18.2960,186.3952,47.6755,2.1223,-10.1777
1698.000000,8,18.2960,186.4981,47.6279,1.9717,-9.4379
1698.000000,9,18.2960,186.6018,47.3944,1.6345,-8.2388
1698.000000,10,18.2960,186.3183,47.6677,2.1914,-9.1673
1698.000000,11,18.2960,186.4167,47.5378,1.9630,-10.2755
1698.000000,12,18.2960,186.5161,47.7125,2.0383,-10.3961
1698.000000,13,18.2960,186.6163,47.5431,1.7687,-10.3242
1698.000000,14,18.2960,186.7173,47.6747,1.7993,-9.3396
1698.000000,15,18.2960,186.4445,47.4561,1.8536,-8.0432
1698.000000,16,18.2960,186.5402,47.5474,1.8492,-9.4987
1698.000000,17,18.2960,186.6368,47.6869,1.8920,-10.1576
1698.000000,18,18.2960,186.7344,47.6333,1.7408,-10.4419
1698.000000,19,18.2960,186.8328,47.6541,1.6632,-10.1059
1698.000000,20,18.2960,186.5703,47.0603,1.3320,-6.5697
1698.000000,21,18.2960,186.6633,47.5488,1.7275,-8.2203
1698.000000,22,18.2960,186.7573,47.6287,1.7133,-9.4754
1698.000000,23,18.2960,186.8523,47.6860,1.6756,-10.1034
1698.000000,24,18.2960,186.9482,47.6421,1.5359,-10.3046
1699.000000,0,18.1815,186.0973,47.6663,2.4109,-10.2010
1699.000000,1,18.1815,186.2007,47.6722,2.3134,-10.0807
1699.000000,2,18.1815,186.3050,47.5472,2.0842,-9.4834
1699.000000,3,18.1815,186.4101,47.4161,1.8479,-8.2169
1699.000000,4,18.1815,186.5159,47.0096,1.3357,-6.4788
1699.000000,5,18.1815,186.2240,47.6214,2.2393,-10.0210
1699.000000,6,18.1815,186.3245,47.6233,2.1408,-10.4393
1699.000000,7,18.1815,186.4260,47.6777,2.0937,-10.1889
1699.000000,8,18.1815,186.5283,47.6258,1.9394,-9.4554
1699.000000,9,18.1815,186.6314,47.3969,1.6075,-8.2523
1699.000000,10,18.1815,186.3504,47.6674,2.1589,-9.1757
1699.000000,11,18.1815,186.4482,47.5377,1.9314,-10.2852
1699.000000,12,18.1815,186.5469,47.7125,2.0075,-10.4063
1699.000000,13,18.1815,186.6465,47.5433,1.7387,-10.3332
1699.000000,14,18.1815,186.7469,47.6744,1.7695,-9.3470
1699.000000,15,18.1815,186.4765,47.4622,1.8276,-8.0549
1699.000000,16,18.1815,186.5716,47.5505,1.8209,-9.5111
1699.000000,17,18.1815,186.6676,47.6885,1.8629,-10.1698
1699.000000,18,18.1815,186.7646,47.6334,1.7108,-10.4529
1699.000000,19,18.1815,186.8623,47.6507,1.6303,-10.1163
1699.000000,20,18.1815,186.6022,47.0725,1.3123,-6.5945
1699.000000,21,18.1815,186.6946,47.5568,1.7042,-8.2414
1699.000000,22,18.1815,186.7880,47.6340,1.6879,-9.4940
1699.000000,23,18.1815,186.8824,47.6869,1.6465,-10.1220
1699.000000,24,18.1815,186.9776,47.6394,1.5037,-10.3210
1700.000000,0,18.0673,186.1295,47.6614,2.3739,-10.2200
1700.000000,1,18.0673,186.2322,47.6747,2.2845,-10.0983
1700.000000,2,18.0673,186.3358,47.5568,2.0630,-9.4983
1700.000000,3,18.0673,186.4403,47.4281,1.8298,-8.2341
1700.000000,4,18.0673,186.5454,47.0226,1.3192,-6.5012
1700.000000,5,18.0673,186.2562,47.6250,2.2108,-10.0235
1700.000000,6,18.0673,186.3560,47.6235,2.1094,-10.4500
1700.000000,7,18.0673,186.4568,47.6798,2.0649,-10.2003
1700.000000,8,18.0673,186.5585,47.6236,1.9071,-9.4728
1700.000000,9,18.0673,186.6609,47.3995,1.5805,-8.2658
1700.000000,10,18.0673,186.3825,47.6670,2.1265,-9.1842
1700.000000,11,18.0673,186.4796,47.5375,1.8999,-10.2948
1700.000000,12,18.0673,186.5777,47.7125,1.9767,-10.4165
1700.000000,13,18.0673,186.6767,47.5434,1.7087,-10.3422
1700.000000,14,18.0673,186.7764,47.6741,1.7396,-9.3545
1700.000000,15,18.0673,186.5085,47.4682,1.8016,-8.0667
1700.000000,16,18.0673,186.6029,47.5536,1.7926,-9.5235
1700.000000,17,18.0673,186.6983,47.6900,1.8336,-10.1822
1700.000000,18,18.0673,186.7947,47.6335,1.6808,-10.4639
1700.000000,19,18.0673,186.8918,47.6472,1.5974,-10.1267
1700.000000,20,18.0673,186.6341,47.0845,1.2924,-6.6193
1700.000000,21,18.0673,186.7258,47.5644,1.6805,-8.2626
1700.000000,22,18.0673,186.8187,47.6388,1.6621,-9.5129
1700.000000,23,18.0673,186.9125,47.6876,1.6171,-10.1406
1700.000000,24,18.0673,187.0071,47.6364,1.4712,-10.3376
1701.000000,0,17.9535,186.1617,47.6563,2.3366,-10.2391
1701.000000,1,17.9535,186.2637,47.6770,2.2553,-10.1159
1701.000000,2,17.9535,186.3667,47.5659,2.0412,-9.5135
1701.000000,3,17.9535,186.4705,47.4397,1.8112,-8.2514
1701.000000,4,17.9535,186.5749,47.0354,1.3024,-6.5237
1701.000000,5,17.9535,186.2883,47.6285,2.1821,-10.0262
1701.000000,6,17.9535,186.3875,47.6236,2.0781,-10.4607
1701.000000,7,17.9535,186.4877,47.6818,2.0361,-10.2117
1701.000000,8,17.9535,186.5887,47.6214,1.8747,-9.4903
1701.000000,9,17.9535,186.6904,47.4055,1.5571,-8.2754
1701.000000,10,17.9535,186.4146,47.6667,2.0941,-9.1928
1701.000000,11,17.9535,186.5110,47.5374,1.8683,-10.3046
1701.000000,12,17.9535,186.6085,47.7125,1.9460,-10.4268
1701.000000,13,17.9535,186.7068,47.5436,1.6788,-10.3513
1701.000000,14,17.9535,186.8059,47.6737,1.7098,-9.3620
1701.000000,15,17.9535,186.5405,47.4740,1.7755,-8.0787
1701.000000,16,17.9535,186.6342,47.5565,1.7643,-9.5360
1701.000000,17,17.9535,186.7290,47.6914,1.8043,-10.1946
1701.000000,18,17.9535,186.8247,47.6336,1.6508,-10.4749
1701.000000,19,17.9535,186.9213,47.6437,1.5644,-10.1373
1701.000000,20,17.9535,186.6659,47.0963,1.2723,-6.6441
1701.000000,21,17.9535,186.7571,47.5717,1.6566,-8.2839
1701.000000,22,17.9535,186.8493,47.6432,1.6359,-9.5321
1701.000000,23,17.9535,186.9425,47.6880,1.5874,-10.1593
1701.000000,24,17.9535,187.0365,47.6329,1.4383,-10.3544
1702.000000,0,17.8400,186.1939,47.6508,2.2989,-10.2585
1702.000000,1,17.8400,186.2952,47.6790,2.2257,-10.1337
1702.000000,2,17.8400,186.3975,47.5744,2.0189,-9.5291
1702.000000,3,17.8400,186.5006,47.4509,1.7923,-8.2689
1702.000000,4,17.8400,186.6044,47.0479,1.2854,-6.5462
1702.000000,5,17.8400,186.3204,47.6318,2.1534,-10.0291
1702.000000,6,17.8400,186.4189,47.6237,2.0467,-10.4715
1702.000000,7,17.8400,186.5184,47.6836,2.0071,-10.2232
1702.000000,8,17.8400,186.6188,47.6192,1.8423,-9.5078
1702.000000,9,17.8400,186.7199,47.4119,1.5339,-8.2846
1702.000000,10,17.8400,186.4466,47.6664,2.0617,-9.2014
1702.000000,11,17.8400,186.5424,47.5373,1.8368,-10.3144
1702.000000,12,17.8400,186.6392,47.7125,1.9152,-10.4370
1702.000000,13,17.8400,186.7369,47.5437,1.6488,-10.3605
1702.000000,14,17.8400,186.8354,47.6734,1.6800,-9.3696
1702.000000,15,17.8400,186.5724,47.4797,1.7493,-8.0908
1702.000000,16,17.8400,186.6655,47.5594,1.7359,-9.5485
1702.000000,17,17.8400,186.7597,47.6927,1.7749,-10.2071
1702.000000,18,17.8400,186.8548,47.6336,1.6207,-10.4859
1702.000000,19,17.8400,186.9507,47.6401,1.5314,-10.1480
1702.000000,20,17.8400,186.6977,47.1078,1.2521,-6.6689
1702.000000,21,17.8400,186.7883,47.5787,1.6324,-8.3052
1702.000000,22,17.8400,186.8799,47.6472,1.6093,-9.5514
1702.000000,23,17.8400,186.9725,47.6881,1.5576,-10.1781
1702.000000,24,17.8400,187.0659,47.6291,1.4051,-10.3714
1703.000000,0,17.7270,186.2260,47.6449,2.2609,-10.2780
1703.000000,1,17.7270,186.3267,47.6806,2.1959,-10.1515
1703.000000,2,17.7270,186.4283,47.5825,1.9961,-9.5449
1703.000000,3,17.7270,186.5308,47.4618,1.7730,-8.2866
1703.000000,4,17.7270,186.6339,47.0602,1.2682,-6.5688
1703.000000,5,17.7270,186.3525,47.6351,2.1246,-10.0321
1703.000000,6,17.7270,186.4504,47.6237,2.0153,-10.4823
1703.000000,7,17.7270,186.5492,47.6853,1.9781,-10.2348
1703.000000,8,17.7270,186.6489,47.6169,1.8100,-9.5253
1703.000000,9,17.7270,186.7494,47.4182,1.5107,-8.2939
1703.000000,10,17.7270,186.4786,47.6660,2.0294,-9.2101
1703.000000,11,17.7270,186.5737,47.5371,1.8054,-10.3242
1703.000000,12,17.7270,186.6699,47.7125,1.8845,-10.4473
1703.000000,13,17.7270,186.7670,47.5438,1.6188,-10.3697
1703.000000,14,17.7270,186.8649,47.6731,1.6502,-9.3773
1703.000000,15,17.7270,186.6042,47.4852,1.7229,-8.1031
1703.000000,16,17.7270,186.6968,47.5623,1.7075,-9.5610
1703.000000,17,17.7270,186.7903,47.6938,1.7455,-10.2196
1703.000000,18,17.7270,186.8848,47.6335,1.5907,-10.4970
1703.000000,19,17.7270,186.9802,47.6365,1.4983,-10.1587
1703.000000,20,17.7270,186.7294,47.1190,1.2316,-6.6936
1703.000000,21,17.7270,186.8194,47.5854,1.6080,-8.3267
1703.000000,22,17.7270,186.9104,47.6509,1.5824,-9.5710
1703.000000,23,17.7270,187.0024,47.6880,1.5275,-10.1969
1703.000000,24,17.7270,187.0953,47.6250,1.3716,-10.3887
1704.000000,0,17.6143,186.2581,47.6388,2.2226,-10.2976
1704.000000,1,17.6143,186.3581,47.6820,2.1658,-10.1694
1704.000000,2,17.6143,186.4591,47.5901,1.9729,-9.5610
1704.000000,3,17.6143,186.5609,47.4723,1.7533,-8.3044
1704.000000,4,17.6143,186.6634,47.0722,1.2508,-6.5914
1704.000000,5,17.6143,186.3845,47.6383,2.0957,-10.0353
1704.000000,6,17.6143,186.4818,47.6237,1.9840,-10.4931
1704.000000,7,17.6143,186.5800,47.6869,1.9489,-10.2465
1704.000000,8,17.6143,186.6791,47.6147,1.7776,-9.5427
1704.000000,9,17.6143,186.7789,47.4243,1.4874,-8.3034
1704.000000,10,17.6143,186.5105,47.6657,1.9972,-9.2189
1704.000000,11,17.6143,186.6051,47.5370,1.7739,-10.3341
1704.000000,12,17.6143,186.7006,47.7125,1.8538,-10.4577
1704.000000,13,17.6143,186.7971,47.5439,1.5888,-10.3789
1704.000000,14,17.6143,186.8943,47.6728,1.6205,-9.3851
1704.000000,15,17.6143,186.6361,47.4906,1.6965,-8.1155
1704.000000,16,17.6143,186.7280,47.5651,1.6790,-9.5736
1704.000000,17,17.6143,186.8210,47.6949,1.7159,-10.2323
1704.000000,18,17.6143,186.9149,47.6335,1.5606,-10.5081
1704.000000,19,17.6143,187.0096,47.6328,1.4652,-10.1696
1704.000000,20,17.6143,186.7611,47.1300,1.2109,-6.7183
1704.000000,21,17.6143,186.8505,47.5919,1.5833,-8.3482
1704.000000,22,17.6143,186.9410,47.6541,1.5551,-9.5908
1704.000000,23,17.6143,187.0324,47.6877,1.4973,-10.2158
1704.000000,24,17.6143,187.1247,47.6205,1.3378,-10.4062
1705.000000,0,17.5019,186.2902,47.6323,2.1840,-10.3174
1705.000000,1,17.5019,186.3896,47.6831,2.1355,-10.1874
1705.000000,2,17.5019,186.4899,47.5972,1.9493,-9.5774
1705.000000,3,17.5019,186.5910,47.4824,1.7333,-8.3224
1705.000000,4,17.5019,186.6929,47.0840,1.2331,-6.6140
1705.000000,5,17.5019,186.4165,47.6413,2.0667,-10.0386
1705.000000,6,17.5019,186.5131,47.6237,1.9525,-10.5040
1705.000000,7,17.5019,186.6107,47.6884,1.9197,-10.2583
1705.000000,8,17.5019,186.7091,47.6124,1.7452,-9.5602
1705.000000,9,17.5019,186.8084,47.4303,1.4639,-8.3131
1705.000000,10,17.5019,186.5424,47.6654,1.9649,-9.2278
1705.000000,11,17.5019,186.6363,47.5369,1.7425,-10.3440
1705.000000,12,17.5019,186.7313,47.7125,1.8232,-10.4680
1705.000000,13,17.5019,186.8271,47.5440,1.5589,-10.3882
1705.000000,14,17.5019,186.9238,47.6725,1.5907,-9.3930
1705.000000,15,17.5019,186.6679,47.4959,1.6700,-8.1280
1705.000000,16,17.5019,186.7592,47.5678,1.6506,-9.5862
1705.000000,17,17.5019,186.8515,47.6959,1.6863,-10.2450
1705.000000,18,17.5019,186.9448,47.6334,1.5305,-10.5192
1705.000000,19,17.5019,187.0390,47.6291,1.4321,-10.1805
1705.000000,20,17.5019,186.7928,47.1408,1.1900,-6.7430
1705.000000,21,17.5019,186.8816,47.5980,1.5584,-8.3697
1705.000000,22,17.5019,186.9714,47.6570,1.5275,-9.6107
1705.000000,23,17.5019,187.0623,47.6872,1.4669,-10.2347
1705.000000,24,17.5019,187.1540,47.6158,1.3038,-10.4238
1706.000000,0,17.3900,186.3223,47.6256,2.1452,-10.3373
1706.000000,1,17.3900,186.4210,47.6839,2.1049,-10.2055
1706.000000,2,17.3900,186.5206,47.6038,1.9252,-9.5941
1706.000000,3,17.3900,186.6211,47.4922,1.7130,-8.3405
1706.000000,4,17.3900,186.7224,47.0956,1.2152,-6.6367
1706.000000,5,17.3900,186.4485,47.6442,2.0377,-10.0421
1706.000000,6,17.3900,186.5445,47.6236,1.9211,-10.5148
1706.000000,7,17.3900,186.6414,47.6898,1.8904,-10.2701
1706.000000,8,17.3900,186.7392,47.6100,1.7128,-9.5776
1706.000000,9,17.3900,186.8378,47.4362,1.4403,-8.3229
1706.000000,10,17.3900,186.5743,47.6651,1.9328,-9.2368
1706.000000,11,17.3900,186.6676,47.5367,1.7111,-10.3540
1706.000000,12,17.3900,186.7619,47.7125,1.7925,-10.4784
1706.000000,13,17.3900,186.8571,47.5441,1.5290,-10.3976
1706.000000,14,17.3900,186.9532,47.6723,1.5610,-9.4009
1706.000000,15,17.3900,186.6996,47.5010,1.6434,-8.1406
1706.000000,16,17.3900,186.7903,47.5705,1.6221,-9.5988
1706.000000,17,17.3900,186.8821,47.6968,1.6566,-10.2577
1706.000000,18,17.3900,186.9748,47.6333,1.5004,-10.5303
1706.000000,19,17.3900,187.0683,47.6253,1.3989,-10.1915
1706.000000,20,17.3900,186.8244,47.1514,1.1689,-6.7677
1706.000000,21,17.3900,186.9126,47.6039,1.5333,-8.3913
1706.000000,22,17.3900,187.0019,47.6595,1.4996,-9.6308
1706.000000,23,17.3900,187.0921,47.6865,1.4363,-10.2537
1706.000000,24,17.3900,187.1833,47.6108,1.2694,-10.4416
1707.000000,0,17.2784,186.3544,47.6186,2.1062,-10.3574
1707.000000,1,17.2784,186.4524,47.6845,2.0741,-10.2236
1707.000000,2,17.2784,186.5514,47.6101,1.9007,-9.6110
1707.000000,3,17.2784,186.6512,47.5017,1.6924,-8.3588
1707.000000,4,17.2784,186.7518,47.1069,1.1971,-6.6594
1707.000000,5,17.2784,186.4805,47.6471,2.0086,-10.0457
1707.000000,6,17.2784,186.5758,47.6235,1.8897,-10.5257
1707.000000,7,17.2784,186.6721,47.6911,1.8610,-10.2821
1707.000000,8,17.2784,186.7693,47.6077,1.6804,-9.5951
1707.000000,9,17.2784,186.8673,47.4420,1.4167,-8.3328
1707.000000,10,17.2784,186.6061,47.6648,1.9006,-9.2458
1707.000000,11,17.2784,186.6988,47.5366,1.6797,-10.3640
1707.000000,12,17.2784,186.7925,47.7125,1.7619,-10.4888
1707.000000,13,17.2784,186.8871,47.5442,1.4990,-10.4070
1707.000000,14,17.2784,186.9826,47.6720,1.5314,-9.4089
1707.000000,15,17.2784,186.7313,47.5061,1.6167,-8.1534
1707.000000,16,17.2784,186.8214,47.5731,1.5936,-9.6114
1707.000000,17,17.2784,186.9126,47.6976,1.6269,-10.2706
1707.000000,18,17.2784,187.0047,47.6331,1.4704,-10.5414
1707.000000,19,17.2784,187.0977,47.6215,1.3657,-10.2025
1707.000000,20,17.2784,186.8560,47.1617,1.1477,-6.7923
1707.000000,21,17.2784,186.9436,47.6095,1.5079,-8.4130
1707.000000,22,17.2784,187.0323,47.6617,1.4714,-9.6511
1707.000000,23,17.2784,187.1220,47.6855,1.4055,-10.2727
1707.000000,24,17.2784,187.2126,47.6055,1.2349,-10.4596
1708.000000,0,17.1672,186.3864,47.6114,2.0670,-10.3775
1708.000000,1,17.1672,186.4837,47.6848,2.0430,-10.2418
1708.000000,2,17.1672,186.5821,47.6159,1.8758,-9.6281
1708.000000,3,17.1672,186.6813,47.5108,1.6715,-8.3771
1708.000000,4,17.1672,186.7813,47.1181,1.1787,-6.6821
1708.000000,5,17.1672,186.5124,47.6498,1.9794,-10.0495
1708.000000,6,17.1672,186.6070,47.6234,1.8583,-10.5366
1708.000000,7,17.1672,186.7027,47.6923,1.8315,-10.2941
1708.000000,8,17.1672,186.7993,47.6054,1.6480,-9.6125
1708.000000,9,17.1672,186.8967,47.4476,1.3929,-8.3430
1708.000000,10,17.1672,186.6379,47.6645,1.8686,-9.2549
1708.000000,11,17.1672,186.7300,47.5364,1.6484,-10.3741
1708.000000,12,17.1672,186.8231,47.7125,1.7313,-10.4993
1708.000000,13,17.1672,186.9171,47.5443,1.4691,-10.4165
1708.000000,14,17.1672,187.0119,47.6717,1.5017,-9.4170
1708.000000,15,17.1672,186.7630,47.5110,1.5899,-8.1663
1708.000000,16,17.1672,186.8525,47.5756,1.5651,-9.6241
1708.000000,17,17.1672,186.9431,47.6983,1.5972,-10.2834
1708.000000,18,17.1672,187.0346,47.6329,1.4403,-10.5525
1708.000000,19,17.1672,187.1270,47.6199,1.3349,-10.2111
1708.000000,20,17.1672,186.8875,47.1718,1.1263,-6.8169
1708.000000,21,17.1672,186.9745,47.6149,1.4823,-8.4347
1708.000000,22,17.1672,187.0627,47.6636,1.4429,-9.6715
1708.000000,23,17.1672,187.1518,47.6844,1.3746,-10.2917
1708.000000,24,17.1672,187.2418,47.5999,1.2001,-10.4777
1709.000000,0,17.0564,186.4183,47.6039,2.0275,-10.3977
1709.000000,1,17.0564,186.5151,47.6849,2.0118,-10.2600
1709.000000,2,17.0564,186.6128,47.6213,1.8505,-9.6454
1709.000000,3,17.0564,186.7113,47.5196,1.6502,-8.3956
1709.000000,4,17.0564,186.8107,47.1290,1.1602,-6.7049
1709.000000,5,17.0564,186.5443,47.6524,1.9501,-10.0534
1709.000000,6,17.0564,186.6383,47.6232,1.8269,-10.5475
1709.000000,7,17.0564,186.7333,47.6934,1.8020,-10.3062
1709.000000,8,17.0564,186.8293,47.6030,1.6157,-9.6299
1709.000000,9,17.0564,186.9261,47.4531,1.3690,-8.3532
1709.000000,10,17.0564,186.6697,47.6643,1.8365,-9.2641
1709.000000,11,17.0564,186.7611,47.5363,1.6171,-10.3841
1709.000000,12,17.0564,186.8536,47.7125,1.7008,-10.5097
1709.000000,13,17.0564,186.9470,47.5443,1.4392,-10.4260
1709.000000,14,17.0564,187.0413,47.6714,1.4721,-9.4252
1709.000000,15,17.0564,186.7946,47.5158,1.5631,-8.1793
1709.000000,16,17.0564,186.8835,47.5781,1.5366,-9.6368
1709.000000,17,17.0564,186.9735,47.6989,1.5673,-10.2964
1709.000000,18,17.0564,187.0645,47.6327,1.4102,-10.5637
1709.000000,19,17.0564,187.1563,47.6231,1.3087,-10.2146
1709.000000,20,17.0564,186.9190,47.1817,1.1047,-6.8414
1709.000000,21,17.0564,187.0054,47.6201,1.4566,-8.4565
1709.000000,22,17.0564,187.0930,47.6652,1.4141,-9.6921
1709.000000,23,17.0564,187.1816,47.6832,1.3436,-10.3107
1709.000000,24,17.0564,187.2710,47.5941,1.1651,-10.4960
1710.000000,0,16.9459,186.4503,47.6070,1.9987,-10.4063
1710.000000,1,16.9459,186.5464,47.6848,1.9804,-10.2783
1710.000000,2,16.9459,186.6434,47.6263,1.8248,-9.6629
1710.000000,3,16.9459,186.7414,47.5281,1.6287,-8.4143
1710.000000,4,16.9459,186.8401,47.1397,1.1415,-6.7277
1710.000000,5,16.9459,186.5761,47.6550,1.9209,-10.0574
1710.000000,6,16.9459,186.6695,47.6230,1.7955,-10.5584
1710.000000,7,16.9459,186.7639,47.6944,1.7724,-10.3183
1710.000000,8,16.9459,186.8593,47.6006,1.5833,-9.6473
1710.000000,9,16.9459,186.9555,47.4585,1.3450,-8.3636
1710.000000,10,16.9459,186.7014,47.6640,1.8046,-9.2733
1710.000000,11,16.9459,186.7923,47.5383,1.5880,-10.3919
1710.000000,12,16.9459,186.8841,47.7125,1.6703,-10.5202
1710.000000,13,16.9459,186.9770,47.5444,1.4094,-10.4356
1710.000000,14,16.9459,187.0706,47.6712,1.4425,-9.4334
1710.000000,15,16.9459,186.8262,47.5204,1.5362,-8.1924
1710.000000,16,16.9459,186.9145,47.5806,1.5080,-9.6495
1710.000000,17,16.9459,187.0039,47.6994,1.5375,-10.3094
1710.000000,18,16.9459,187.0943,47.6325,1.3801,-10.5748
1710.000000,19,16.9459,187.1855,47.6261,1.2825,-10.2182
1710.000000,20,16.9459,186.9504,47.1914,1.0830,-6.8659
1710.000000,21,16.9459,187.0363,47.6250,1.4306,-8.4782
1710.000000,22,16.9459,187.1233,47.6664,1.3851,-9.7128
1710.000000,23,16.9459,187.2113,47.6817,1.3124,-10.3297
1710.000000,24,16.9459,187.3002,47.5881,1.1299,-10.5144
1711.000000,0,16.8359,186.4822,47.6137,1.9734,-10.4108
1711.000000,1,16.8359,186.5776,47.6844,1.9487,-10.2966
1711.000000,2,16.8359,186.6741,47.6310,1.7988,-9.6807
1711.000000,3,16.8359,186.7714,47.5363,1.6069,-8.4330
1711.000000,4,16.8359,186.8695,47.1501,1.1226,-6.7505
1711.000000,5,16.8359,186.6079,47.6574,1.8915,-10.0616
1711.000000,6,16.8359,186.7007,47.6228,1.7641,-10.5694
1711.000000,7,16.8359,186.7945,47.6953,1.7428,-10.3305
1711.000000,8,16.8359,186.8893,47.5983,1.5510,-9.6647
1711.000000,9,16.8359,186.9848,47.4638,1.3209,-8.3742
1711.000000,10,16.8359,186.7331,47.6637,1.7726,-9.2827
1711.000000,11,16.8359,186.8233,47.5403,1.5589,-10.3997
1711.000000,12,16.8359,186.9146,47.7125,1.6398,-10.5306
1711.000000,13,16.8359,187.0068,47.5454,1.3806,-10.4440
1711.000000,14,16.8359,187.0999,47.6709,1.4129,-9.4418
1711.000000,15,16.8359,186.8577,47.5250,1.5092,-8.2057
1711.000000,16,16.8359,186.9455,47.5830,1.4795,-9.6622
1711.000000,17,16.8359,187.0343,47.6999,1.5076,-10.3224
1711.000000,18,16.8359,187.1241,47.6322,1.3501,-10.5860
1711.000000,19,16.8359,187.2148,47.6291,1.2563,-10.2219
1711.000000,20,16.8359,186.9818,47.2009,1.0611,-6.8904
1711.000000,21,16.8359,187.0671,47.6296,1.4045,-8.5000
1711.000000,22,16.8359,187.1536,47.6674,1.3558,-9.7336
1711.000000,23,16.8359,187.2410,47.6801,1.2811,-10.3488
1711.000000,24,16.8359,187.3293,47.5818,1.0945,-10.5329
1712.000000,0,16.7262,186.5141,47.6200,1.9479,-10.4156
1712.000000,1,16.7262,186.6089,47.6839,1.9169,-10.3150
1712.000000,2,16.7262,186.7047,47.6352,1.7725,-9.6986
1712.000000,3,16.7262,186.8014,47.5443,1.5848,-8.4518
1712.000000,4,16.7262,186.8989,47.1604,1.1035,-6.7733
1712.000000,5,16.7262,186.6397,47.6598,1.8621,-10.0660
1712.000000,6,16.7262,186.7318,47.6225,1.7327,-10.5803
1712.000000,7,16.7262,186.8250,47.6962,1.7131,-10.3428
1712.000000,8,16.7262,186.9192,47.5959,1.5187,-9.6820
1712.000000,9,16.7262,187.0142,47.4690,1.2968,-8.3848
1712.000000,10,16.7262,186.7647,47.6635,1.7407,-9.2920
1712.000000,11,16.7262,186.8544,47.5422,1.5298,-10.4076
1712.000000,12,16.7262,186.9451,47.7125,1.6094,-10.5411
1712.000000,13,16.7262,187.0367,47.5473,1.3525,-10.4517
1712.000000,14,16.7262,187.1292,47.6707,1.3834,-9.4501
1712.000000,15,16.7262,186.8892,47.5294,1.4822,-8.2190
1712.000000,16,16.7262,186.9764,47.5854,1.4509,-9.6750
1712.000000,17,16.7262,187.0646,47.7003,1.4776,-10.3355
1712.000000,18,16.7262,187.1539,47.6319,1.3200,-10.5971
1712.000000,19,16.7262,187.2440,47.6320,1.2300,-10.2257
1712.000000,20,16.7262,187.0131,47.2102,1.0390,-6.9148
1712.000000,21,16.7262,187.0979,47.6341,1.3782,-8.5219
1712.000000,22,16.7262,187.1838,47.6682,1.3264,-9.7545
1712.000000,23,16.7262,187.2706,47.6784,1.2497,-10.3678
1712.000000,24,16.7262,187.3584,47.5754,1.0589,-10.5515
1713.000000,0,16.6168,186.5459,47.6259,1.9220,-10.4207
1713.000000,1,16.6168,186.6401,47.6831,1.8850,-10.3333
1713.000000,2,16.6168,186.7353,47.6392,1.7459,-9.7166
1713.000000,3,16.6168,186.8314,47.5519,1.5625,-8.4707
1713.000000,4,16.6168,186.9283,47.1705,1.0842,-6.7961
1713.000000,5,16.6168,186.6714,47.6621,1.8327,-10.0704
1713.000000,6,16.6168,186.7629,47.6223,1.7013,-10.5913
1713.000000,7,16.6168,186.8556,47.6969,1.6833,-10.3551
1713.000000,8,16.6168,186.9491,47.5935,1.4864,-9.6994
1713.000000,9,16.6168,187.0435,47.4740,1.2725,-8.3956
1713.000000,10,16.6168,186.7963,47.6633,1.7089,-9.3015
1713.000000,11,16.6168,186.8854,47.5442,1.5008,-10.4156
1713.000000,12,16.6168,186.9755,47.7125,1.5790,-10.5517
1713.000000,13,16.6168,187.0665,47.5491,1.3245,-10.4594
1713.000000,14,16.6168,187.1585,47.6704,1.3539,-9.4586
1713.000000,15,16.6168,186.9207,47.5338,1.4551,-8.2324
1713.000000,16,16.6168,187.0073,47.5877,1.4224,-9.6878
1713.000000,17,16.6168,187.0949,47.7006,1.4477,-10.3486
1713.000000,18,16.6168,187.1836,47.6316,1.2900,-10.6083
1713.000000,19,16.6168,187.2731,47.6348,1.2036,-10.2297
1713.000000,20,16.6168,187.0444,47.2192,1.0168,-6.9392
1713.000000,21,16.6168,187.1286,47.6383,1.3517,-8.5437
1713.000000,22,16.6168,187.2139,47.6686,1.2967,-9.7755
1713.000000,23,16.6168,187.3003,47.6765,1.2182,-10.3868
1713.000000,24,16.6168,187.3875,47.5792,1.0336,-10.5588
1714.000000,0,16.5079,186.5777,47.6315,1.8958,-10.4259
1714.000000,1,16.5079,186.6713,47.6822,1.8529,-10.3517
1714.000000,2,16.5079,186.7658,47.6428,1.7189,-9.7349
1714.000000,3,16.5079,186.8613,47.5593,1.5399,-8.4897
1714.000000,4,16.5079,186.9576,47.1804,1.0647,-6.8189
1714.000000,5,16.5079,186.7031,47.6643,1.8032,-10.0750
1714.000000,6,16.5079,186.7940,47.6220,1.6699,-10.6022
1714.000000,7,16.5079,186.8860,47.6976,1.6535,-10.3674
1714.000000,8,16.5079,186.9790,47.5911,1.4541,-9.7167
1714.000000,9,16.5079,187.0728,47.4790,1.2482,-8.4066
1714.000000,10,16.5079,186.8278,47.6630,1.6771,-9.3110
1714.000000,11,16.5079,186.9163,47.5461,1.4717,-10.4236
1714.000000,12,16.5079,187.0058,47.7125,1.5486,-10.5622
1714.000000,13,16.5079,187.0963,47.5508,1.2965,-10.4672
1714.000000,14,16.5079,187.1877,47.6702,1.3245,-9.4671
1714.000000,15,16.5079,186.9520,47.5380,1.4279,-8.2459
1714.000000,16,16.5079,187.0381,47.5899,1.3938,-9.7006
1714.000000,17,16.5079,187.1252,47.7009,1.4177,-10.3617
1714.000000,18,16.5079,187.2133,47.6313,1.2600,-10.6194
1714.000000,19,16.5079,187.3023,47.6375,1.1771,-10.2338
1714.000000,20,16.5079,187.0756,47.2281,0.9945,-6.9635
1714.000000,21,16.5079,187.1593,47.6424,1.3251,-8.5656
1714.000000,22,16.5079,187.2441,47.6689,1.2667,-9.7966
1714.000000,23,16.5079,187.3299,47.6745,1.1866,-10.4058
1714.000000,24,16.5079,187.4166,47.5858,1.0112,-10.5630
1715.000000,0,16.3993,186.6095,47.6368,1.8693,-10.4314
1715.000000,1,16.3993,186.7024,47.6811,1.8206,-10.3701
1715.000000,2,16.3993,186.7964,47.6461,1.6917,-9.7533
1715.000000,3,16.3993,186.8912,47.5664,1.5171,-8.5088
1715.000000,4,16.3993,186.9869,47.1901,1.0451,-6.8418
1715.000000,5,16.3993,186.7347,47.6664,1.7737,-10.0797
1715.000000,6,16.3993,186.8251,47.6217,1.6386,-10.6132
1715.000000,7,16.3993,186.9165,47.6982,1.6237,-10.3798
1715.000000,8,16.3993,187.0088,47.5887,1.4219,-9.7339
1715.000000,9,16.3993,187.1020,47.4838,1.2238,-8.4176
1715.000000,10,16.3993,186.8593,47.6628,1.6454,-9.3206
1715.000000,11,16.3993,186.9472,47.5479,1.4427,-10.4316
1715.000000,12,16.3993,187.0362,47.7125,1.5183,-10.5727
1715.000000,13,16.3993,187.1261,47.5526,1.2685,-10.4751
1715.000000,14,16.3993,187.2169,47.6699,1.2950,-9.4757
1715.000000,15,16.3993,186.9834,47.5421,1.4007,-8.2595
1715.000000,16,16.3993,187.0689,47.5922,1.3653,-9.7134
1715.000000,17,16.3993,187.1554,47.7011,1.3876,-10.3749
1715.000000,18,16.3993,187.2430,47.6310,1.2300,-10.6306
1715.000000,19,16.3993,187.3314,47.6401,1.1507,-10.2380
1715.000000,20,16.3993,187.1068,47.2369,0.9720,-6.9878
1715.000000,21,16.3993,187.1899,47.6462,1.2983,-8.5875
1715.000000,22,16.3993,187.2742,47.6688,1.2366,-9.8178
1715.000000,23,16.3993,187.3594,47.6723,1.1549,-10.4249
1715.000000,24,16.3993,187.4456,47.5921,0.9885,-10.5673
1716.000000,0,16.2911,186.6412,47.6418,1.8426,-10.4371
1716.000000,1,16.2911,186.7335,47.6798,1.7882,-10.3885
1716.000000,2,16.2911,186.8269,47.6491,1.6642,-9.7718
1716.000000,3,16.2911,186.9211,47.5733,1.4941,-8.5280
1716.000000,4,16.2911,187.0162,47.1996,1.0253,-6.8646
1716.000000,5,16.2911,186.7663,47.6685,1.7441,-10.0845
1716.000000,6,16.2911,186.8561,47.6213,1.6072,-10.6241
1716.000000,7,16.2911,186.9469,47.6988,1.5938,-10.3922
1716.000000,8,16.2911,187.0386,47.5885,1.3919,-9.7487
1716.000000,9,16.2911,187.1313,47.4886,1.1993,-8.4288
1716.000000,10,16.2911,186.8908,47.6626,1.6137,-9.3302
1716.000000,11,16.2911,186.9781,47.5498,1.4136,-10.4398
1716.000000,12,16.2911,187.0665,47.7125,1.4880,-10.5832
1716.000000,13,16.2911,187.1558,47.5543,1.2405,-10.4830
1716.000000,14,16.2911,187.2460,47.6697,1.2656,-9.4843
1716.000000,15,16.2911,187.0147,47.5462,1.3735,-8.2732
1716.000000,16,16.2911,187.0996,47.5943,1.3367,-9.7262
1716.000000,17,16.2911,187.1856,47.7012,1.3576,-10.3881
1716.000000,18,16.2911,187.2726,47.6306,1.2000,-10.6417
1716.000000,19,16.2911,187.3605,47.6426,1.1241,-10.2423
1716.000000,20,16.2911,187.1379,47.2454,0.9494,-7.0121
1716.000000,21,16.2911,187.2205,47.6499,1.2714,-8.6094
1716.000000,22,16.2911,187.3042,47.6686,1.2064,-9.8390
1716.000000,23,16.2911,187.3889,47.6700,1.1231,-10.4438
1716.000000,24,16.2911,187.4745,47.5982,0.9656,-10.5719
1717.000000,0,16.1833,186.6729,47.6465,1.8156,-10.4430
1717.000000,1,16.1833,186.7646,47.6783,1.7557,-10.4069
1717.000000,2,16.1833,186.8573,47.6517,1.6364,-9.7905
1717.000000,3,16.1833,186.9510,47.5799,1.4708,-8.5473
1717.000000,4,16.1833,187.0455,47.2089,1.0053,-6.8875
1717.000000,5,16.1833,186.7978,47.6704,1.7146,-10.0894
1717.000000,6,16.1833,186.8870,47.6210,1.5759,-10.6351
1717.000000,7,16.1833,186.9773,47.6992,1.5639,-10.4047
1717.000000,8,16.1833,187.0684,47.5908,1.3643,-9.7608
1717.000000,9,16.1833,187.1605,47.4932,1.1747,-8.4401
1717.000000,10,16.1833,186.9222,47.6624,1.5821,-9.3399
1717.000000,11,16.1833,187.0089,47.5516,1.3846,-10.4479
1717.000000,12,16.1833,187.0967,47.7125,1.4577,-10.5938
1717.000000,13,16.1833,187.1855,47.5560,1.2125,-10.4909
1717.000000,14,16.1833,187.2752,47.6695,1.2363,-9.4931
1717.000000,15,16.1833,187.0459,47.5501,1.3461,-8.2870
1717.000000,16,16.1833,187.1303,47.5965,1.3081,-9.7390
1717.000000,17,16.1833,187.2157,47.7013,1.3275,-10.4013
1717.000000,18,16.1833,187.3022,47.6302,1.1700,-10.6529
1717.000000,19,16.1833,187.3895,47.6451,1.0976,-10.2468
1717.000000,20,16.1833,187.1690,47.2537,0.9267,-7.0363
1717.000000,21,16.1833,187.2510,47.6534,1.2443,-8.6313
1717.000000,22,16.1833,187.3342,47.6682,1.1759,-9.8603
1717.000000,23,16.1833,187.4184,47.6676,1.0912,-10.4628
1717.000000,24,16.1833,187.5035,47.6039,0.9424,-10.5767
1718.000000,0,16.0758,186.7045,47.6510,1.7884,-10.4491
1718.000000,1,16.0758,186.7957,47.6767,1.7230,-10.4253
1718.000000,2,16.0758,186.8878,47.6541,1.6083,-9.8093
1718.000000,3,16.0758,186.9809,47.5862,1.4473,-8.5666
1718.000000,4,16.0758,187.0748,47.2180,0.9852,-6.9103
1718.000000,5,16.0758,186.8293,47.6723,1.6849,-10.0945
1718.000000,6,16.0758,186.9179,47.6206,1.5446,-10.6460
1718.000000,7,16.0758,187.0076,47.6996,1.5340,-10.4172
1718.000000,8,16.0758,187.0982,47.5930,1.3367,-9.7729
1718.000000,9,16.0758,187.1897,47.4978,1.1501,-8.4515
1718.000000,10,16.0758,186.9536,47.6622,1.5506,-9.3497
1718.000000,11,16.0758,187.0397,47.5534,1.3556,-10.4562
1718.000000,12,16.0758,187.1270,47.7125,1.4275,-10.6043
1718.000000,13,16.0758,187.2152,47.5577,1.1845,-10.4989
1718.000000,14,16.0758,187.3043,47.6693,1.2070,-9.5018
1718.000000,15,16.0758,187.0771,47.5539,1.3188,-8.3009
1718.000000,16,16.0758,187.1609,47.5985,1.2796,-9.7519
1718.000000,17,16.0758,187.2458,47.7013,1.2974,-10.4146
1718.000000,18,16.0758,187.3317,47.6298,1.1401,-10.6640
1718.000000,19,16.0758,187.4185,47.6475,1.0709,-10.2513
1718.000000,20,16.0758,187.2000,47.2619,0.9039,-7.0604
1718.000000,21,16.0758,187.2815,47.6567,1.2171,-8.6532
1718.000000,22,16.0758,187.3642,47.6675,1.1453,-9.8817
1718.000000,23,16.0758,187.4478,47.6651,1.0593,-10.4817
1718.000000,24,16.0758,187.5324,47.6094,0.9190,-10.5817
1719.000000,0,15.9688,186.7362,47.6551,1.7609,-10.4554
1719.000000,1,15.9688,186.8267,47.6750,1.6903,-10.4436
1719.000000,2,15.9688,186.9182,47.6563,1.5800,-9.8282
1719.000000,3,15.9688,187.0107,47.5923,1.4236,-8.5860
1719.000000,4,15.9688,187.1040,47.2270,0.9649,-6.9332
1719.000000,5,15.9688,186.8608,47.6742,1.6553,-10.0997
1719.000000,6,15.9688,186.9488,47.6202,1.5133,-10.6570
1719.000000,7,15.9688,187.0379,47.7000,1.5040,-10.4298
1719.000000,8,15.9688,187.1279,47.5951,1.3092,-9.7850
1719.000000,9,15.9688,187.2188,47.5023,1.1254,-8.4630
1719.000000,10,15.9688,186.9849,47.6620,1.5190,-9.3595
1719.000000,11,15.9688,187.0705,47.5552,1.3267,-10.4644
1719.000000,12,15.9688,187.1571,47.7125,1.3973,-10.6149
1719.000000,13,15.9688,187.2448,47.5593,1.1565,-10.5069
1719.000000,14,15.9688,187.3333,47.6691,1.1777,-9.5107
1719.000000,15,15.9688,187.1083,47.5577,1.2914,-8.3149
1719.000000,16,15.9688,187.1915,47.6006,1.2510,-9.7648
1719.000000,17,15.9688,187.2759,47.7013,1.2674,-10.4278
1719.000000,18,15.9688,187.3612,47.6294,1.1102,-10.6751
1719.000000,19,15.9688,187.4475,47.6498,1.0443,-10.2560
1719.000000,20,15.9688,187.2310,47.2699,0.8809,-7.0845
1719.000000,21,15.9688,187.3120,47.6598,1.1898,-8.6751
1719.000000,22,15.9688,187.3941,47.6666,1.1145,-9.9031
1719.000000,23,15.9688,187.4772,47.6625,1.0273,-10.5007
1719.000000,24,15.9688,187.5612,47.6146,0.8953,-10.5869
1720.000000,0,15.8620,186.7677,47.6590,1.7332,-10.4618
1720.000000,1,15.8620,186.8576,47.6731,1.6574,-10.4620
1720.000000,2,15.8620,186.9486,47.6581,1.5515,-9.8472
1720.000000,3,15.8620,187.0405,47.5982,1.3997,-8.6055
1720.000000,4,15.8620,187.1332,47.2357,0.9445,-6.9560
1720.000000,5,15.8620,186.8922,47.6759,1.6257,-10.1049
1720.000000,6,15.8620,186.9797,47.6198,1.4821,-10.6680
1720.000000,7,15.8620,187.0682,47.7002,1.4740,-10.4423
1720.000000,8,15.8620,187.1576,47.5973,1.2816,-9.7972
1720.000000,9,15.8620,187.2480,47.5066,1.1006,-8.4747
1720.000000,10,15.8620,187.0161,47.6618,1.4876,-9.3693
1720.000000,11,15.8620,187.1012,47.5569,1.2977,-10.4728
1720.000000,12,15.8620,187.1873,47.7125,1.3671,-10.6255
1720.000000,13,15.8620,187.2744,47.5610,1.1285,-10.5150
1720.000000,14,15.8620,187.3624,47.6688,1.1484,-9.5196
1720.000000,15,15.8620,187.1394,47.5613,1.2639,-8.3289
1720.000000,16,15.8620,187.2221,47.6026,1.2225,-9.7777
1720.000000,17,15.8620,187.3059,47.7012,1.2373,-10.4411
1720.000000,18,15.8620,187.3907,47.6290,1.0803,-10.6863
1720.000000,19,15.8620,187.4764,47.6521,1.0176,-10.2607
1720.000000,20,15.8620,187.2619,47.2778,0.8578,-7.1086
1720.000000,21,15.8620,187.3424,47.6628,1.1624,-8.6970
1720.000000,22,15.8620,187.4239,47.6656,1.0836,-9.9245
1720.000000,23,15.8620,187.5065,47.6598,0.9952,-10.5195
1720.000000,24,15.8620,187.5901,47.6195,0.8714,-10.5923
1721.000000,0,15.7557,186.7992,47.6626,1.7053,-10.4685
1721.000000,1,15.7557,186.8886,47.6711,1.6245,-10.4804
1721.000000,2,15.7557,186.9789,47.6597,1.5227,-9.8663
1721.000000,3,15.7557,187.0702,47.6039,1.3756,-8.6250
1721.000000,4,15.7557,187.1624,47.2443,0.9239,-6.9789
1721.000000,5,15.7557,186.9236,47.6776,1.5960,-10.1103
1721.000000,6,15.7557,187.0105,47.6193,1.4508,-10.6789
1721.000000,7,15.7557,187.0984,47.7004,1.4440,-10.4549
1721.000000,8,15.7557,187.1873,47.5993,1.2540,-9.8094
1721.000000,9,15.7557,187.2771,47.5109,1.0758,-8.4864
1721.000000,10,15.7557,187.0473,47.6616,1.4562,-9.3793
1721.000000,11,15.7557,187.1318,47.5586,1.2687,-10.4811
1721.000000,12,15.7557,187.2174,47.7125,1.3370,-10.6360
1721.000000,13,15.7557,187.3039,47.5626,1.1006,-10.5232
1721.000000,14,15.7557,187.3914,47.6686,1.1192,-9.5285
1721.000000,15,15.7557,187.1704,47.5649,1.2365,-8.3430
1721.000000,16,15.7557,187.2526,47.6045,1.1939,-9.7906
1721.000000,17,15.7557,187.3359,47.7010,1.2072,-10.4544
1721.000000,18,15.7557,187.4201,47.6286,1.0504,-10.6974
1721.000000,19,15.7557,187.5053,47.6542,0.9909,-10.2656
1721.000000,20,15.7557,187.2927,47.2854,0.8346,-7.1326
1721.000000,21,15.7557,187.3727,47.6656,1.1348,-8.7189
1721.000000,22,15.7557,187.4538,47.6644,1.0526,-9.9460
1721.000000,23,15.7557,187.5358,47.6570,0.9631,-10.5383
1721.000000,24,15.7557,187.6189,47.6242,0.8473,-10.5979
1722.000000,0,15.6498,186.8307,47.6660,1.6772,-10.4753
1722.000000,1,15.6498,186.9194,47.6689,1.5914,-10.4987
1722.000000,2,15.6498,187.0092,47.6610,1.4938,-9.8855
1722.000000,3,15.6498,187.1000,47.6093,1.3513,-8.6446
1722.000000,4,15.6498,187.1915,47.2528,0.9032,-7.0017
1722.000000,5,15.6498,186.9549,47.6792,1.5663,-10.1158
1722.000000,6,15.6498,187.0412,47.6189,1.4196,-10.6898
1722.000000,7,15.6498,187.1286,47.7006,1.4140,-10.4675
1722.000000,8,15.6498,187.2169,47.6014,1.2264,-9.8215
1722.000000,9,15.6498,187.3061,47.5151,1.0509,-8.4982
1722.000000,10,15.6498,187.0785,47.6614,1.4249,-9.3892
1722.000000,11,15.6498,187.1624,47.5603,1.2398,-10.4896
1722.000000,12,15.6498,187.2474,47.7125,1.3070,-10.6466
1722.000000,13,15.6498,187.3335,47.5641,1.0726,-10.5314
1722.000000,14,15.6498,187.4204,47.6684,1.0900,-9.5375
1722.000000,15,15.6498,187.2014,47.5684,1.2090,-8.3572
1722.000000,16,15.6498,187.2830,47.6064,1.1654,-9.8035
1722.000000,17,15.6498,187.3658,47.7009,1.1770,-10.4677
1722.000000,18,15.6498,187.4495,47.6281,1.0206,-10.7085
1722.000000,19,15.6498,187.5342,47.6564,0.9641,-10.2705
1722.000000,20,15.6498,187.3235,47.2929,0.8114,-7.1566
1722.000000,21,15.6498,187.4030,47.6682,1.1072,-8.7408
1722.000000,22,15.6498,187.4835,47.6630,1.0214,-9.9675
1722.000000,23,15.6498,187.5651,47.6541,0.9309,-10.5571
1722.000000,24,15.6498,187.6476,47.6287,0.8230,-10.6037
1723.000000,0,15.5442,186.8621,47.6691,1.6490,-10.4823
1723.000000,1,15.5442,186.9503,47.6667,1.5583,-10.5170
1723.000000,2,15.5442,187.0395,47.6622,1.4646,-9.9048
1723.000000,3,15.5442,187.1296,47.6146,1.3269,-8.6642
1723.000000,4,15.5442,187.2207,47.2610,0.8823,-7.0245
1723.000000,5,15.5442,186.9862,47.6808,1.5366,-10.1214
1723.000000,6,15.5442,187.0719,47.6185,1.3885,-10.7008
1723.000000,7,15.5442,187.1587,47.7007,1.3839,-10.4802
1723.000000,8,15.5442,187.2465,47.6033,1.1988,-9.8337
1723.000000,9,15.5442,187.3352,47.5192,1.0259,-8.5102
1723.000000,10,15.5442,187.1096,47.6612,1.3936,-9.3992
1723.000000,11,15.5442,187.1930,47.5619,1.2109,-10.4980
1723.000000,12,15.5442,187.2775,47.7125,1.2770,-10.6572
1723.000000,13,15.5442,187.3629,47.5657,1.0447,-10.5396
1723.000000,14,15.5442,187.4493,47.6683,1.0609,-9.5466
1723.000000,15,15.5442,187.2323,47.5718,1.1814,-8.3715
1723.000000,16,15.5442,187.3134,47.6083,1.1368,-9.8164
1723.000000,17,15.5442,187.3957,47.7006,1.1469,-10.4810
1723.000000,18,15.5442,187.4789,47.6277,0.9908,-10.7196
1723.000000,19,15.5442,187.5630,47.6584,0.9373,-10.2756
1723.000000,20,15.5442,187.3543,47.3003,0.7880,-7.1805
1723.000000,21,15.5442,187.4332,47.6707,1.0794,-8.7627
1723.000000,22,15.5442,187.5133,47.6614,0.9901,-9.9890
1723.000000,23,15.5442,187.5943,47.6511,0.8988,-10.5759
1723.000000,24,15.5442,187.6763,47.6329,0.7985,-10.6096
1724.000000,0,15.4389,186.8935,47.6721,1.6205,-10.4894
1724.000000,1,15.4389,186.9811,47.6643,1.5251,-10.5353
1724.000000,2,15.4389,187.0697,47.6630,1.4353,-9.9241
1724.000000,3,15.4389,187.1593,47.6196,1.3022,-8.6839
1724.000000,4,15.4389,187.2498,47.2691,0.8613,-7.0474
1724.000000,5,15.4389,187.0174,47.6823,1.5068,-10.1271
1724.000000,6,15.4389,187.1026,47.6180,1.3573,-10.7117
1724.000000,7,15.4389,187.1888,47.7008,1.3539,-10.4928
1724.000000,8,15.4389,187.2761,47.6053,1.1712,-9.8460
1724.000000,9,15.4389,187.3642,47.5232,1.0009,-8.5222
1724.000000,10,15.4389,187.1407,47.6611,1.3623,-9.4093
1724.000000,11,15.4389,187.2235,47.5636,1.1820,-10.5065
1724.000000,12,15.4389,187.3074,47.7125,1.2470,-10.6677
1724.000000,13,15.4389,187.3924,47.5672,1.0168,-10.5478
1724.000000,14,15.4389,187.4782,47.6681,1.0318,-9.5557
1724.000000,15,15.4389,187.2632,47.5751,1.1539,-8.3858
1724.000000,16,15.4389,187.3438,47.6101,1.1083,-9.8293
1724.000000,17,15.4389,187.4255,47.7004,1.1168,-10.4943
1724.000000,18,15.4389,187.5082,47.6272,0.9610,-10.7306
1724.000000,19,15.4389,187.5918,47.6604,0.9105,-10.2807
1724.000000,20,15.4389,187.3850,47.3075,0.7645,-7.2043
1724.000000,21,15.4389,187.4634,47.6731,1.0516,-8.7845
1724.000000,22,15.4389,187.5429,47.6597,0.9588,-10.0105
1724.000000,23,15.4389,187.6235,47.6480,0.8665,-10.5946
1724.000000,24,15.4389,187.7050,47.6368,0.7738,-10.6157
1725.000000,0,15.3341,186.9249,47.6748,1.5918,-10.4966
1725.000000,1,15.3341,187.0119,47.6618,1.4919,-10.5535
1725.000000,2,15.3341,187.0999,47.6637,1.4057,-9.9435
1725.000000,3,15.3341,187.1889,47.6244,1.2774,-8.7036
1725.000000,4,15.3341,187.2788,47.2771,0.8402,-7.0702
1725.000000,5,15.3341,187.0486,47.6838,1.4771,-10.1328
1725.000000,6,15.3341,187.1332,47.6175,1.3262,-10.7226
1725.000000,7,15.3341,187.2189,47.7008,1.3238,-10.5055
1725.000000,8,15.3341,187.3056,47.6072,1.1436,-9.8582
1725.000000,9,15.3341,187.3932,47.5271,0.9759,-8.5343
1725.000000,10,15.3341,187.1717,47.6609,1.3312,-9.4194
1725.000000,11,15.3341,187.2540,47.5652,1.1532,-10.5151
1725.000000,12,15.3341,187.3374,47.7125,1.2170,-10.6783
1725.000000,13,15.3341,187.4218,47.5687,0.9889,-10.5561
1725.000000,14,15.3341,187.5071,47.6679,1.0028,-9.5648
1725.000000,15,15.3341,187.2940,47.5783,1.1263,-8.4002
1725.000000,16,15.3341,187.3741,47.6119,1.0798,-9.8422
1725.000000,17,15.3341,187.4553,47.7000,1.0867,-10.5076
1725.000000,18,15.3341,187.5375,47.6267,0.9312,-10.7417
1725.000000,19,15.3341,187.6206,47.6623,0.8837,-10.2859
1725.000000,20,15.3341,187.4156,47.3146,0.7409,-7.2281
1725.000000,21,15.3341,187.4935,47.6753,1.0237,-8.8063
1725.000000,22,15.3341,187.5726,47.6579,0.9273,-10.0320
1725.000000,23,15.3341,187.6526,47.6449,0.8343,-10.6132
1725.000000,24,15.3341,187.7336,47.6406,0.7490,-10.6219
1726.000000,0,15.2296,186.9562,47.6773,1.5630,-10.5041
1726.000000,1,15.2296,187.0426,47.6592,1.4586,-10.5717
1726.000000,2,15.2296,187.1301,47.6642,1.3760,-9.9630
1726.000000,3,15.2296,187.2185,47.6291,1.2525,-8.7233
1726.000000,4,15.2296,187.3079,47.2849,0.8190,-7.0930
1726.000000,5,15.2296,187.0798,47.6852,1.4474,-10.1387
1726.000000,6,15.2296,187.1638,47.6170,1.2952,-10.7335
1726.000000,7,15.2296,187.2490,47.7007,1.2937,-10.5182
1726.000000,8,15.2296,187.3351,47.6091,1.1160,-9.8704
1726.000000,9,15.2296,187.4221,47.5309,0.9508,-8.5465
1726.000000,10,15.2296,187.2026,47.6607,1.3001,-9.4296
1726.000000,11,15.2296,187.2844,47.5668,1.1243,-10.5236
1726.000000,12,15.2296,187.3673,47.7125,1.1872,-10.6888
1726.000000,13,15.2296,187.4511,47.5702,0.9610,-10.5645
1726.000000,14,15.2296,187.5359,47.6677,0.9738,-9.5740
1726.000000,15,15.2296,187.3248,47.5815,1.0986,-8.4146
1726.000000,16,15.2296,187.4044,47.6137,1.0513,-9.8551
1726.000000,17,15.2296,187.4850,47.6997,1.0566,-10.5209
1726.000000,18,15.2296,187.5667,47.6262,0.9015,-10.7528
1726.000000,19,15.2296,187.6493,47.6641,0.8568,-10.2913
1726.000000,20,15.2296,187.4462,47.3215,0.7172,-7.2519
1726.000000,21,15.2296,187.5236,47.6773,0.9957,-8.8282
1726.000000,22,15.2296,187.6021,47.6559,0.8957,-10.0536
1726.000000,23,15.2296,187.6817,47.6417,0.8020,-10.6318
1726.000000,24,15.2296,187.7622,47.6441,0.7239,-10.6284
1727.000000,0,15.1255,186.9874,47.6795,1.5341,-10.5116
1727.000000,1,15.1255,187.0733,47.6565,1.4252,-10.5899
1727.000000,2,15.1255,187.1602,47.6644,1.3462,-9.9826
1727.000000,3,15.1255,187.2481,47.6335,1.2274,-8.7431
1727.000000,4,15.1255,187.3369,47.2925,0.7976,-7.1157
1727.000000,5,15.1255,187.1108,47.6865,1.4176,-10.1447
1727.000000,6,15.1255,187.1944,47.6165,1.2642,-10.7444
1727.000000,7,15.1255,187.2789,47.7006,1.2636,-10.5309
1727.000000,8,15.1255,187.3645,47.6109,1.0884,-9.8827
1727.000000,9,15.1255,187.4510,47.5347,0.9256,-8.5588
1727.000000,10,15.1255,187.2335,47.6606,1.2690,-9.4398
1727.000000,11,15.1255,187.3148,47.5683,1.0955,-10.5323
1727.000000,12,15.1255,187.3971,47.7125,1.1573,-10.6994
1727.000000,13,15.1255,187.4805,47.5717,0.9332,-10.5729
1727.000000,14,15.1255,187.5647,47.6675,0.9448,-9.5833
1727.000000,15,15.1255,187.3555,47.5846,1.0710,-8.4291
1727.000000,16,15.1255,187.4346,47.6154,1.0228,-9.8681
1727.000000,17,15.1255,187.5147,47.6993,1.0265,-10.5342
1727.000000,18,15.1255,187.5959,47.6257,0.8718,-10.7638
1727.000000,19,15.1255,187.6780,47.6659,0.8299,-10.2967
1727.000000,20,15.1255,187.4767,47.3282,0.6935,-7.2756
1727.000000,21,15.1255,187.5536,47.6793,0.9676,-8.8499
1727.000000,22,15.1255,187.6317,47.6538,0.8640,-10.0751
1727.000000,23,15.1255,187.7107,47.6385,0.7697,-10.6503
1727.000000,24,15.1255,187.7907,47.6475,0.6987,-10.6349
1728.000000,0,15.0217,187.0186,47.6816,1.5050,-10.5193
1728.000000,1,15.0217,187.1039,47.6537,1.3918,-10.6080
1728.000000,2,15.0217,187.1903,47.6645,1.3162,-10.0022
1728.000000,3,15.0217,187.2776,47.6378,1.2021,-8.7629
1728.000000,4,15.0217,187.3659,47.3000,0.7761,-7.1385
1728.000000,5,15.0217,187.1419,47.6878,1.3879,-10.1507
1728.000000,6,15.0217,187.2248,47.6160,1.2332,-10.7553
1728.000000,7,15.0217,187.3089,47.7005,1.2335,-10.5436
1728.000000,8,15.0217,187.3939,47.6127,1.0607,-9.8950
1728.000000,9,15.0217,187.4799,47.5383,0.9004,-8.5712
1728.000000,10,15.0217,187.2644,47.6605,1.2380,-9.4501
1728.000000,11,15.0217,187.3451,47.5699,1.0667,-10.5409
1728.000000,12,15.0217,187.4269,47.7125,1.1275,-10.7099
1728.000000,13,15.0217,187.5097,47.5731,0.9054,-10.5813
1728.000000,14,15.0217,187.5935,47.6674,0.9159,-9.5926
1728.000000,15,15.0217,187.3862,47.5876,1.0433,-8.4437
1728.000000,16,15.0217,187.4647,47.6171,0.9944,-9.8810
1728.000000,17,15.0217,187.5444,47.6989,0.9965,-10.5475
1728.000000,18,15.0217,187.6250,47.6252,0.8422,-10.7748
1728.000000,19,15.0217,187.7066,47.6677,0.8030,-10.3022
1728.000000,20,15.0217,187.5072,47.3348,0.6696,-7.2992
1728.000000,21,15.0217,187.5836,47.6811,0.9394,-8.8717
1728.000000,22,15.0217,187.6612,47.6515,0.8323,-10.0966
1728.000000,23,15.0217,187.7397,47.6352,0.7374,-10.6688
1728.000000,24,15.0217,187.8192,47.6506,0.6734,-10.6416
1729.000000,0,14.9184,187.0498,47.6835,1.4757,-10.5271
1729.000000,1,14.9184,187.1345,47.6509,1.3583,-10.6261
1729.000000,2,14.9184,187.2203,47.6644,1.2860,-10.0218
1729.000000,3,14.9184,187.3071,47.6419,1.1767,-8.7827
1729.000000,4,14.9184,187.3948,47.3073,0.7545,-7.1612
1729.000000,5,14.9184,187.1729,47.6890,1.3581,-10.1569
1729.000000,6,14.9184,187.2553,47.6155,1.2022,-10.7661
1729.000000,7,14.9184,187.3388,47.7003,1.2035,-10.5563
1729.000000,8,14.9184,187.4233,47.6145,1.0331,-9.9072
1729.000000,9,14.9184,187.5087,47.5419,0.8752,-8.5837
1729.000000,10,14.9184,187.2952,47.6603,1.2071,-9.4604
1729.000000,11,14.9184,187.3754,47.5714,1.0380,-10.5496
1729.000000,12,14.9184,187.4567,47.7125,1.0977,-10.7205
1729.000000,13,14.9184,187.5390,47.5746,0.8775,-10.5897
1729.000000,14,14.9184,187.6222,47.6672,0.8870,-9.6020
1729.000000,15,14.9184,187.4168,47.5905,1.0157,-8.4583
1729.000000,16,14.9184,187.4948,47.6188,0.9659,-9.8940
1729.000000,17,14.9184,187.5740,47.6984,0.9664,-10.5608
1729.000000,18,14.9184,187.6541,47.6247,0.8126,-10.7858
1729.000000,19,14.9184,187.7352,47.6694,0.7761,-10.3078
1729.000000,20,14.9184,187.5376,47.3413,0.6457,-7.3228
1729.000000,21,14.9184,187.6135,47.6828,0.9112,-8.8934
1729.000000,22,14.9184,187.6906,47.6491,0.8005,-10.1181
1729.000000,23,14.9184,187.7687,47.6318,0.7051,-10.6872
1729.000000,24,14.9184,187.8477,47.6536,0.6478,-10.6485
1730.000000,0,14.8153,187.0809,47.6852,1.4463,-10.5350
1730.000000,1,14.8153,187.1651,47.6479,1.3248,-10.6442
1730.000000,2,14.8153,187.2503,47.6641,1.2557,-10.0415
1730.000000,3,14.8153,187.3366,47.6458,1.1512,-8.8026
1730.000000,4,14.8153,187.4237,47.3145,0.7328,-7.1840
1730.000000,5,14.8153,187.2038,47.6902,1.3284,-10.1631
1730.000000,6,14.8153,187.2857,47.6150,1.1713,-10.7770
1730.000000,7,14.8153,187.3687,47.7001,1.1734,-10.5690
1730.000000,8,14.8153,187.4526,47.6162,1.0055,-9.9195
1730.000000,9,14.8153,187.5375,47.5454,0.8499,-8.5962
1730.000000,10,14.8153,187.3259,47.6602,1.1762,-9.4707
1730.000000,11,14.8153,187.4056,47.5729,1.0092,-10.5583
1730.000000,12,14.8153,187.4864,47.7125,1.0680,-10.7310
1730.000000,13,14.8153,187.5682,47.5760,0.8498,-10.5982
1730.000000,14,14.8153,187.6509,47.6671,0.8581,-9.6114
1730.000000,15,14.8153,187.4473,47.5934,0.9880,-8.4730
1730.000000,16,14.8153,187.5249,47.6204,0.9375,-9.9069
1730.000000,17,14.8153,187.6035,47.6979,0.9364,-10.5741
1730.000000,18,14.8153,187.6832,47.6242,0.7830,-10.7968
1730.000000,19,14.8153,187.7638,47.6710,0.7492,-10.3135
1730.000000,20,14.8153,187.5680,47.3477,0.6217,-7.3464
1730.000000,21,14.8153,187.6434,47.6844,0.8829,-8.9151
1730.000000,22,14.8153,187.7200,47.6467,0.7687,-10.1395
1730.000000,23,14.8153,187.7976,47.6284,0.6728,-10.7055
1730.000000,24,14.8153,187.8761,47.6564,0.6222,-10.6554
1731.000000,0,14.7127,187.1119,47.6868,1.4168,-10.5431
1731.000000,1,14.7127,187.1956,47.6449,1.2913,-10.6621
1731.000000,2,14.7127,187.2803,47.6636,1.2253,-10.0611
1731.000000,3,14.7127,187.3660,47.6496,1.1255,-8.8225
1731.000000,4,14.7127,187.4526,47.3216,0.7109,-7.2067
1731.000000,5,14.7127,187.2347,47.6913,1.2986,-10.1694
1731.000000,6,14.7127,187.3160,47.6145,1.1404,-10.7878
1731.000000,7,14.7127,187.3985,47.6998,1.1433,-10.5817
1731.000000,8,14.7127,187.4819,47.6179,0.9779,-9.9318
1731.000000,9,14.7127,187.5663,47.5489,0.8246,-8.6088
1731.000000,10,14.7127,187.3566,47.6601,1.1454,-9.4811
1731.000000,11,14.7127,187.4358,47.5743,0.9805,-10.5671
1731.000000,12,14.7127,187.5161,47.7125,1.0384,-10.7415
1731.000000,13,14.7127,187.5973,47.5774,0.8220,-10.6067
1731.000000,14,14.7127,187.6795,47.6669,0.8293,-9.6208
1731.000000,15,14.7127,187.4778,47.5961,0.9603,-8.4877
1731.000000,16,14.7127,187.5549,47.6220,0.9091,-9.9198
1731.000000,17,14.7127,187.6330,47.6974,0.9064,-10.5874
1731.000000,18,14.7127,187.7122,47.6237,0.7535,-10.8077
1731.000000,19,14.7127,187.7923,47.6726,0.7222,-10.3192
1731.000000,20,14.7127,187.5983,47.3539,0.5976,-7.3699
1731.000000,21,14.7127,187.6732,47.6859,0.8546,-8.9368
1731.000000,22,14.7127,187.7493,47.6441,0.7367,-10.1610
1731.000000,23,14.7127,187.8264,47.6249,0.6405,-10.7238
1731.000000,24,14.7127,187.9045,47.6589,0.5964,-10.6625
1732.000000,0,14.6104,187.1429,47.6882,1.3872,-10.5512
1732.000000,1,14.6104,187.2260,47.6418,1.2577,-10.6801
1732.000000,2,14.6104,187.3102,47.6630,1.1947,-10.0809
1732.000000,3,14.6104,187.3954,47.6532,1.0997,-8.8424
1732.000000,4,14.6104,187.4814,47.3285,0.6890,-7.2293
1732.000000,5,14.6104,187.2655,47.6924,1.2689,-10.1758
1732.000000,6,14.6104,187.3463,47.6140,1.1096,-10.7986
1732.000000,7,14.6104,187.4282,47.6995,1.1132,-10.5944
1732.000000,8,14.6104,187.5112,47.6196,0.9504,-9.9441
1732.000000,9,14.6104,187.5950,47.5523,0.7992,-8.6215
1732.000000,10,14.6104,187.3873,47.6599,1.1146,-9.4915
1732.000000,11,14.6104,187.4659,47.5758,0.9518,-10.5759
1732.000000,12,14.6104,187.5457,47.7125,1.0088,-10.7520
1732.000000,13,14.6104,187.6264,47.5787,0.7942,-10.6152
1732.000000,14,14.6104,187.7081,47.6668,0.8006,-9.6303
1732.000000,15,14.6104,187.5083,47.5989,0.9326,-8.5025
1732.000000,16,14.6104,187.5848,47.6236,0.8807,-9.9328
1732.000000,17,14.6104,187.6625,47.6968,0.8763,-10.6007
1732.000000,18,14.6104,187.7411,47.6232,0.7240,-10.8186
1732.000000,19,14.6104,187.8208,47.6741,0.6953,-10.3250
1732.000000,20,14.6104,187.6285,47.3600,0.5735,-7.3933
1732.000000,21,14.6104,187.7030,47.6872,0.8262,-8.9584
1732.000000,22,14.6104,187.7786,47.6414,0.7048,-10.1824
1732.000000,23,14.6104,187.8552,47.6214,0.6082,-10.7419
1732.000000,24,14.6104,187.9328,47.6613,0.5705,-10.6697
1733.000000,0,14.5085,187.1739,47.6894,1.3574,-10.5595
1733.000000,1,14.5085,187.2565,47.6387,1.2242,-10.6979
1733.000000,2,14.5085,187.3401,47.6622,1.1641,-10.1006
1733.000000,3,14.5085,187.4247,47.6566,1.0738,-8.8623
1733.000000,4,14.5085,187.5103,47.3353,0.6670,-7.2520
1733.000000,5,14.5085,187.2963,47.6934,1.2391,-10.1823
1733.000000,6,14.5085,187.3766,47.6134,1.0788,-10.8094
1733.000000,7,14.5085,187.4580,47.6992,1.0832,-10.6071
1733.000000,8,14.5085,187.5404,47.6212,0.9228,-9.9564
1733.000000,9,14.5085,187.6237,47.5556,0.7738,-8.6343
1733.000000,10,14.5085,187.4178,47.6598,1.0839,-9.5020
1733.000000,11,14.5085,187.4960,47.5772,0.9232,-10.5847
1733.000000,12,14.5085,187.5752,47.7125,0.9792,-10.7625
1733.000000,13,14.5085,187.6555,47.5801,0.7665,-10.6238
1733.000000,14,14.5085,187.7367,47.6666,0.7719,-9.6399
1733.000000,15,14.5085,187.5387,47.6015,0.9048,-8.5173
1733.000000,16,14.5085,187.6147,47.6251,0.8523,-9.9457
1733.000000,17,14.5085,187.6919,47.6963,0.8464,-10.6139
1733.000000,18,14.5085,187.7700,47.6226,0.6946,-10.8296
1733.000000,19,14.5085,187.8492,47.6755,0.6683,-10.3309
1733.000000,20,14.5085,187.6587,47.3660,0.5492,-7.4167
1733.000000,21,14.5085,187.7327,47.6885,0.7978,-8.9800
1733.000000,22,14.5085,187.8078,47.6386,0.6728,-10.2038
1733.000000,23,14.5085,187.8840,47.6179,0.5759,-10.7601
1733.000000,24,14.5085,187.9611,47.6636,0.5444,-10.6771
1734.000000,0,14.4069,187.2048,47.6904,1.3276,-10.5678
1734.000000,1,14.4069,187.2868,47.6355,1.1906,-10.7158
1734.000000,2,14.4069,187.3699,47.6613,1.1333,-10.1204
1734.000000,3,14.4069,187.4540,47.6599,1.0478,-8.8822
1734.000000,4,14.4069,187.5390,47.3419,0.6448,-7.2746
1734.000000,5,14.4069,187.3270,47.6944,1.2094,-10.1889
1734.000000,6,14.4069,187.4068,47.6129,1.0481,-10.8201
1734.000000,7,14.4069,187.4877,47.6988,1.0531,-10.6198
1734.000000,8,14.4069,187.5696,47.6228,0.8952,-9.9687
1734.000000,9,14.4069,187.6524,47.5588,0.7484,-8.6472
1734.000000,10,14.4069,187.4484,47.6597,1.0533,-9.5125
1734.000000,11,14.4069,187.5260,47.5786,0.8946,-10.5935
1734.000000,12,14.4069,187.6048,47.7125,0.9497,-10.7730
1734.000000,13,14.4069,187.6845,47.5814,0.7388,-10.6324
1734.000000,14,14.4069,187.7652,47.6665,0.7432,-9.6494
1734.000000,15,14.4069,187.5690,47.6041,0.8771,-8.5322
1734.000000,16,14.4069,187.6445,47.6266,0.8240,-9.9586
1734.000000,17,14.4069,187.7212,47.6957,0.8164,-10.6272
1734.000000,18,14.4069,187.7989,47.6221,0.6652,-10.8404
1734.000000,19,14.4069,187.8776,47.6770,0.6414,-10.3369
1734.000000,20,14.4069,187.6888,47.3718,0.5250,-7.4400
1734.000000,21,14.4069,187.7623,47.6897,0.7693,-9.0015
1734.000000,22,14.4069,187.8370,47.6358,0.6407,-10.2251
1734.000000,23,14.4069,187.9127,47.6143,0.5436,-10.7781
1734.000000,24,14.4069,187.9894,47.6657,0.5183,-10.6845
1735.000000,0,14.3057,187.2357,47.6914,1.2977,-10.5763
1735.000000,1,14.3057,187.3171,47.6322,1.1570,-10.7335
1735.000000,2,14.3057,187.3997,47.6602,1.1024,-10.1401
1735.000000,3,14.3057,187.4833,47.6630,1.0217,-8.9021
1735.000000,4,14.3057,187.5678,47.3484,0.6226,-7.2972
1735.000000,5,14.3057,187.3576,47.6954,1.1797,-10.1955
1735.000000,6,14.3057,187.4369,47.6124,1.0174,-10.8309
1735.000000,7,14.3057,187.5173,47.6984,1.0231,-10.6325
1735.000000,8,14.3057,187.5987,47.6244,0.8676,-9.9810
1735.000000,9,14.3057,187.6810,47.5619,0.7229,-8.6601
1735.000000,10,14.3057,187.4788,47.6596,1.0227,-9.5230
1735.000000,11,14.3057,187.5560,47.5800,0.8660,-10.6024
1735.000000,12,14.3057,187.6342,47.7125,0.9202,-10.7835
1735.000000,13,14.3057,187.7135,47.5827,0.7112,-10.6410
1735.000000,14,14.3057,187.7937,47.6664,0.7146,-9.6591
1735.000000,15,14.3057,187.5993,47.6067,0.8494,-8.5471
1735.000000,16,14.3057,187.6743,47.6280,0.7957,-9.9716
1735.000000,17,14.3057,187.7505,47.6950,0.7865,-10.6404
1735.000000,18,14.3057,187.8277,47.6216,0.6358,-10.8513
1735.000000,19,14.3057,187.9059,47.6783,0.6144,-10.3430
1735.000000,20,14.3057,187.7188,47.3775,0.5006,-7.4633
1735.000000,21,14.3057,187.7919,47.6907,0.7408,-9.0230
1735.000000,22,14.3057,187.8661,47.6328,0.6086,-10.2464
1735.000000,23,14.3057,187.9414,47.6107,0.5113,-10.7961
1735.000000,24,14.3057,188.0176,47.6676,0.4920,-10.6921
1736.000000,0,14.2048,187.2665,47.6921,1.2676,-10.5848
1736.000000,1,14.2048,187.3474,47.6289,1.1234,-10.7512
1736.000000,2,14.2048,187.4295,47.6590,1.0715,-10.1599
1736.000000,3,14.2048,187.5125,47.6660,0.9955,-8.9221
1736.000000,4,14.2048,187.5965,47.3548,0.6003,-7.3198
1736.000000,5,14.2048,187.3882,47.6963,1.1500,-10.2022
1736.000000,6,14.2048,187.4670,47.6118,0.9868,-10.8416
1736.000000,7,14.2048,187.5469,47.6980,0.9931,-10.6452
1736.000000,8,14.2048,187.6278,47.6259,0.8401,-9.9934
1736.000000,9,14.2048,187.7096,47.5650,0.6974,-8.6731
1736.000000,10,14.2048,187.5093,47.6595,0.9922,-9.5336
1736.000000,11,14.2048,187.5859,47.5814,0.8374,-10.6113
1736.000000,12,14.2048,187.6637,47.7125,0.8908,-10.7939
1736.000000,13,14.2048,187.7424,47.5840,0.6835,-10.6496
1736.000000,14,14.2048,187.8222,47.6662,0.6860,-9.6687
1736.000000,15,14.2048,187.6295,47.6091,0.8216,-8.5621
1736.000000,16,14.2048,187.7041,47.6295,0.7674,-9.9845
1736.000000,17,14.2048,187.7798,47.6944,0.7566,-10.6536
1736.000000,18,14.2048,187.8565,47.6210,0.6065,-10.8621
1736.000000,19,14.2048,187.9342,47.6797,0.5874,-10.3491
1736.000000,20,14.2048,187.7488,47.3831,0.4762,-7.4865
1736.000000,21,14.2048,187.8215,47.6917,0.7122,-9.0445
1736.000000,22,14.2048,187.8952,47.6298,0.5765,-10.2676
1736.000000,23,14.2048,187.9700,47.6071,0.4791,-10.8139
1736.000000,24,14.2048,188.0457,47.6694,0.4656,-10.6997
1737.000000,0,14.1044,187.2972,47.6928,1.2375,-10.5934
1737.000000,1,14.1044,187.3776,47.6255,1.0898,-10.7688
1737.000000,2,14.1044,187.4592,47.6576,1.0404,-10.1796
1737.000000,3,14.1044,187.5417,47.6689,0.9692,-8.9420
1737.000000,4,14.1044,187.6251,47.3611,0.5779,-7.3424
1737.000000,5,14.1044,187.4188,47.6971,1.1203,-10.2089
1737.000000,6,14.1044,187.4971,47.6113,0.9562,-10.8523
1737.000000,7,14.1044,187.5764,47.6976,0.9631,-10.6578
1737.000000,8,14.1044,187.6568,47.6274,0.8125,-10.0057
1737.000000,9,14.1044,187.7381,47.5681,0.6719,-8.6861
1737.000000,10,14.1044,187.5396,47.6594,0.9618,-9.5442
1737.000000,11,14.1044,187.6158,47.5827,0.8089,-10.6202
1737.000000,12,14.1044,187.6930,47.7125,0.8614,-10.8044
1737.000000,13,14.1044,187.7713,47.5853,0.6559,-10.6583
1737.000000,14,14.1044,187.8506,47.6661,0.6575,-9.6784
1737.000000,15,14.1044,187.6596,47.6115,0.7939,-8.5771
1737.000000,16,14.1044,187.7337,47.6309,0.7391,-9.9974
1737.000000,17,14.1044,187.8090,47.6937,0.7267,-10.6667
1737.000000,18,14.1044,187.8852,47.6205,0.5772,-10.8730
1737.000000,19,14.1044,187.9625,47.6810,0.5604,-10.3553
1737.000000,20,14.1044,187.7788,47.3886,0.4518,-7.5097
1737.000000,21,14.1044,187.8509,47.6926,0.6836,-9.0659
1737.000000,22,14.1044,187.9242,47.6267,0.5444,-10.2888
1737.000000,23,14.1044,187.9985,47.6034,0.4468,-10.8317
1737.000000,24,14.1044,188.0738,47.6710,0.4392,-10.7075
1738.000000,0,14.0042,187.3279,47.6932,1.2073,-10.6021
1738.000000,1,14.0042,187.4078,47.6221,1.0562,-10.7863
1738.000000,2,14.0042,187.4888,47.6562,1.0093,-10.1994
1738.000000,3,14.0042,187.5708,47.6716,0.9428,-8.9619
1738.000000,4,14.0042,187.6538,47.3672,0.5554,-7.3649
1738.000000,5,14.0042,187.4493,47.6980,1.0906,-10.2158
1738.000000,6,14.0042,187.5271,47.6107,0.9256,-10.8630
1738.000000,7,14.0042,187.6059,47.6971,0.9331,-10.6705
1738.000000,8,14.0042,187.6858,47.6289,0.7850,-10.0180
1738.000000,9,14.0042,187.7666,47.5710,0.6464,-8.6992
1738.000000,10,14.0042,187.5699,47.6594,0.9314,-9.5548
1738.000000,11,14.0042,187.6456,47.5840,0.7804,-10.6291
1738.000000,12,14.0042,187.7224,47.7125,0.8321,-10.8148
1738.000000,13,14.0042,187.8002,47.5865,0.6283,-10.6669
1738.000000,14,14.0042,187.8789,47.6660,0.6290,-9.6881
1738.000000,15,14.0042,187.6897,47.6139,0.7661,-8.5921
1738.000000,16,14.0042,187.7634,47.6323,0.7109,-10.0103
1738.000000,17,14.0042,187.8381,47.6930,0.6968,-10.6799
1738.000000,18,14.0042,187.9139,47.6200,0.5480,-10.8838
1738.000000,19,14.0042,187.9907,47.6822,0.5335,-10.3616
1738.000000,20,14.0042,187.8087,47.3940,0.4273,-7.5328
1738.000000,21,14.0042,187.8804,47.6934,0.6550,-9.0873
1738.000000,22,14.0042,187.9532,47.6235,0.5123,-10.3100
1738.000000,23,14.0042,188.0270,47.5997,0.4146,-10.8495
1738.000000,24,14.0042,188.1019,47.6725,0.4126,-10.7153
1739.000000,0,13.9044,187.3585,47.6936,1.1770,-10.6109
1739.000000,1,13.9044,187.4379,47.6186,1.0226,-10.8038
1739.000000,2,13.9044,187.5184,47.6546,0.9781,-10.2191
1739.000000,3,13.9044,187.5999,47.6742,0.9163,-8.9818
1739.000000,4,13.9044,187.6824,47.3732,0.5328,-7.3874
1739.000000,5,13.9044,187.4797,47.6988,1.0610,-10.2227
1739.000000,6,13.9044,187.5570,47.6102,0.8951,-10.8737
1739.000000,7,13.9044,187.6354,47.6966,0.9032,-10.6831
1739.000000,8,13.9044,187.7148,47.6303,0.7575,-10.0303
1739.000000,9,13.9044,187.7951,47.5739,0.6208,-8.7124
1739.000000,10,13.9044,187.6001,47.6593,0.9011,-9.5655
1739.000000,11,13.9044,187.6753,47.5854,0.7520,-10.6381
1739.000000,12,13.9044,187.7516,47.7125,0.8028,-10.8252
1739.000000,13,13.9044,187.8290,47.5878,0.6007,-10.6756
1739.000000,14,13.9044,187.9072,47.6659,0.6006,-9.6979
1739.000000,15,13.9044,187.7197,47.6162,0.7384,-8.6072
1739.000000,16,13.9044,187.7929,47.6336,0.6826,-10.0232
1739.000000,17,13.9044,187.8672,47.6923,0.6670,-10.6930
1739.000000,18,13.9044,187.9426,47.6194,0.5188,-10.8945
1739.000000,19,13.9044,188.0189,47.6834,0.5065,-10.3679
1739.000000,20,13.9044,187.8385,47.3993,0.4027,-7.5559
1739.000000,21,13.9044,187.9097,47.6941,0.6263,-9.1086
1739.000000,22,13.9044,187.9821,47.6203,0.4801,-10.3310
1739.000000,23,13.9044,188.0555,47.5960,0.3825,-10.8671
1739.000000,24,13.9044,188.1299,47.6739,0.3860,-10.7233
1740.000000,0,13.8050,187.3891,47.6939,1.1467,-10.6198
1740.000000,1,13.8050,187.4680,47.6151,0.9891,-10.8212
1740.000000,2,13.8050,187.5480,47.6529,0.9469,-10.2389
1740.000000,3,13.8050,187.6290,47.6767,0.8897,-9.0018
1740.000000,4,13.8050,187.7109,47.3791,0.5102,-7.4099
1740.000000,5,13.8050,187.5101,47.6995,1.0314,-10.2297
1740.000000,6,13.8050,187.5869,47.6096,0.8647,-10.8843
1740.000000,7,13.8050,187.6648,47.6960,0.8732,-10.6958
1740.000000,8,13.8050,187.7437,47.6317,0.7300,-10.0426
1740.000000,9,13.8050,187.8235,47.5768,0.5952,-8.7257
1740.000000,10,13.8050,187.6303,47.6592,0.8708,-9.5762
1740.000000,11,13.8050,187.7050,47.5866,0.7236,-10.6470
1740.000000,12,13.8050,187.7809,47.7125,0.7736,-10.8356
1740.000000,13,13.8050,187.8577,47.5890,0.5732,-10.6843
1740.000000,14,13.8050,187.9355,47.6658,0.5722,-9.7077
1740.000000,15,13.8050,187.7497,47.6184,0.7107,-8.6223
1740.000000,16,13.8050,187.8224,47.6349,0.6544,-10.0361
1740.000000,17,13.8050,187.8963,47.6916,0.6373,-10.7061
1740.000000,18,13.8050,187.9711,47.6189,0.4897,-10.9052
1740.000000,19,13.8050,188.0470,47.6845,0.4795,-10.3743
1740.000000,20,13.8050,187.8682,47.4044,0.3781,-7.5789
1740.000000,21,13.8050,187.9390,47.6947,0.5976,-9.1299
1740.000000,22,13.8050,188.0110,47.6170,0.4480,-10.3520
1740.000000,23,13.8050,188.0839,47.5975,0.3555,-10.8790
1740.000000,24,13.8050,188.1578,47.6751,0.3592,-10.7313
1741.000000,0,13.7059,187.4196,47.6940,1.1163,-10.6287
1741.000000,1,13.7059,187.4980,47.6116,0.9555,-10.8385
1741.000000,2,13.7059,187.5775,47.6511,0.9155,-10.2586
1741.000000,3,13.7059,187.6580,47.6791,0.8630,-9.0217
1741.000000,4,13.7059,187.7394,47.3849,0.4874,-7.4323
1741.000000,5,13.7059,187.5405,47.7002,1.0017,-10.2367
1741.000000,6,13.7059,187.6167,47.6091,0.8343,-10.8949
1741.000000,7,13.7059,187.6941,47.6955,0.8433,-10.7084
1741.000000,8,13.7059,187.7725,47.6331,0.7025,-10.0550
1741.000000,9,13.7059,187.8519,47.5795,0.5696,-8.7389
1741.000000,10,13.7059,187.6605,47.6591,0.8406,-9.5869
1741.000000,11,13.7059,187.7347,47.5879,0.6952,-10.6560
1741.000000,12,13.7059,187.8100,47.7125,0.7444,-10.8460
1741.000000,13,13.7059,187.8864,47.5902,0.5457,-10.6931
1741.000000,14,13.7059,187.9638,47.6657,0.5439,-9.7175
1741.000000,15,13.7059,187.7796,47.6206,0.6829,-8.6375
1741.000000,16,13.7059,187.8519,47.6362,0.6263,-10.0490
1741.000000,17,13.7059,187.9253,47.6908,0.6075,-10.7192
1741.000000,18,13.7059,187.9997,47.6183,0.4606,-10.9160
1741.000000,19,13.7059,188.0751,47.6857,0.4526,-10.3807
1741.000000,20,13.7059,187.8979,47.4095,0.3535,-7.6019
1741.000000,21,13.7059,187.9683,47.6953,0.5689,-9.1511
1741.000000,22,13.7059,188.0398,47.6136,0.4158,-10.3730
1741.000000,23,13.7059,188.1123,47.6012,0.3309,-10.8884
1741.000000,24,13.7059,188.1858,47.6762,0.3324,-10.7394
1742.000000,0,13.6072,187.4501,47.6940,1.0859,-10.6377
1742.000000,1,13.6072,187.5280,47.6080,0.9220,-10.8558
1742.000000,2,13.6072,187.6070,47.6492,0.8842,-10.2783
1742.000000,3,13.6072,187.6870,47.6813,0.8363,-9.0416
1742.000000,4,13.6072,187.7679,47.3906,0.4646,-7.4548
1742.000000,5,13.6072,187.5707,47.7009,0.9722,-10.2438
1742.000000,6,13.6072,187.6465,47.6085,0.8040,-10.9055
1742.000000,7,13.6072,187.7234,47.6949,0.8135,-10.7210
1742.000000,8,13.6072,187.8013,47.6345,0.6751,-10.0673
1742.000000,9,13.6072,187.8802,47.5823,0.5440,-8.7523
1742.000000,10,13.6072,187.6905,47.6591,0.8105,-9.5976
1742.000000,11,13.6072,187.7643,47.5892,0.6668,-10.6650
1742.000000,12,13.6072,187.8392,47.7125,0.7153,-10.8564
1742.000000,13,13.6072,187.9151,47.5914,0.5182,-10.7018
1742.000000,14,13.6072,187.9919,47.6656,0.5156,-9.7274
1742.000000,15,13.6072,187.8095,47.6227,0.6552,-8.6526
1742.000000,16,13.6072,187.8813,47.6375,0.5982,-10.0619
1742.000000,17,13.6072,187.9542,47.6901,0.5778,-10.7322
1742.000000,18,13.6072,188.0282,47.6178,0.4316,-10.9266
1742.000000,19,13.6072,188.1031,47.6867,0.4256,-10.3872
1742.000000,20,13.6072,187.9276,47.4144,0.3288,-7.6248
1742.000000,21,13.6072,187.9975,47.6957,0.5402,-9.1722
1742.000000,22,13.6072,188.0685,47.6102,0.3837,-10.3939
1742.000000,23,13.6072,188.1406,47.6049,0.3063,-10.8977
1742.000000,24,13.6072,188.2136,47.6772,0.3055,-10.7476
1743.000000,0,13.5088,187.4805,47.6939,1.0553,-10.6468
1743.000000,1,13.5088,187.5579,47.6044,0.8885,-10.8730
1743.000000,2,13.5088,187.6364,47.6472,0.8527,-10.2979
1743.000000,3,13.5088,187.7159,47.6834,0.8095,-9.0615
1743.000000,4,13.5088,187.7963,47.3961,0.4418,-7.4771
1743.000000,5,13.5088,187.6009,47.7016,0.9426,-10.2509
1743.000000,6,13.5088,187.6763,47.6080,0.7737,-10.9160
1743.000000,7,13.5088,187.7527,47.6943,0.7836,-10.7335
1743.000000,8,13.5088,187.8301,47.6358,0.6476,-10.0796
1743.000000,9,13.5088,187.9085,47.5849,0.5184,-8.7657
1743.000000,10,13.5088,187.7205,47.6590,0.7804,-9.6084
1743.000000,11,13.5088,187.7938,47.5904,0.6385,-10.6740
1743.000000,12,13.5088,187.8682,47.7125,0.6862,-10.8667
1743.000000,13,13.5088,187.9437,47.5925,0.4908,-10.7106
1743.000000,14,13.5088,188.0201,47.6655,0.4873,-9.7373
1743.000000,15,13.5088,187.8393,47.6248,0.6275,-8.6678
1743.000000,16,13.5088,187.9106,47.6387,0.5701,-10.0748
1743.000000,17,13.5088,187.9831,47.6893,0.5481,-10.7452
1743.000000,18,13.5088,188.0566,47.6172,0.4026,-10.9373
1743.000000,19,13.5088,188.1311,47.6878,0.3986,-10.3938
1743.000000,20,13.5088,187.9571,47.4193,0.3041,-7.6476
1743.000000,21,13.5088,188.0266,47.6962,0.5115,-9.1933
1743.000000,22,13.5088,188.0972,47.6068,0.3515,-10.4147
1743.000000,23,13.5088,188.1688,47.6085,0.2816,-10.9071
1743.000000,24,13.5088,188.2415,47.6780,0.2785,-10.7558
1744.000000,0,13.4108,187.5109,47.6937,1.0248,-10.6559
1744.000000,1,13.4108,187.5878,47.6008,0.8550,-10.8901
1744.000000,2,13.4108,187.6658,47.6451,0.8213,-10.3176
1744.000000,3,13.4108,187.7448,47.6854,0.7826,-9.0813
1744.000000,4,13.4108,187.8247,47.4016,0.4188,-7.4995
1744.000000,5,13.4108,187.6311,47.7022,0.9131,-10.2582
1744.000000,6,13.4108,187.7059,47.6074,0.7435,-10.9266
1744.000000,7,13.4108,187.7819,47.6937,0.7538,-10.7461
1744.000000,8,13.4108,187.8588,47.6371,0.6202,-10.0919
1744.000000,9,13.4108,187.9367,47.5875,0.4927,-8.7791
1744.000000,10,13.4108,187.7505,47.6589,0.7504,-9.6192
1744.000000,11,13.4108,187.8233,47.5916,0.6102,-10.6831
1744.000000,12,13.4108,187.8973,47.7125,0.6572,-10.8771
1744.000000,13,13.4108,187.9722,47.5937,0.4634,-10.7194
1744.000000,14,13.4108,188.0482,47.6654,0.4591,-9.7473
1744.000000,15,13.4108,187.8690,47.6268,0.5998,-8.6831
1744.000000,16,13.4108,187.9399,47.6399,0.5420,-10.0876
1744.000000,17,13.4108,188.0119,47.6885,0.5185,-10.7582
1744.000000,18,13.4108,188.0850,47.6167,0.3737,-10.9479
1744.000000,19,13.4108,188.1590,47.6888,0.3717,-10.4005
1744.000000,20,13.4108,187.9867,47.4240,0.2793,-7.6704
1744.000000,21,13.4108,188.0557,47.6965,0.4828,-9.2144
1744.000000,22,13.4108,188.1259,47.6033,0.3194,-10.4354
1744.000000,23,13.4108,188.1971,47.6119,0.2568,-10.9165
1744.000000,24,13.4108,188.2692,47.6788,0.2515,-10.7642
1745.000000,0,13.3131,187.5412,47.6934,0.9942,-10.6651
1745.000000,1,13.3131,187.6176,47.5990,0.8234,-10.9051
1745.000000,2,13.3131,187.6951,47.6429,0.7897,-10.3372
1745.000000,3,13.3131,187.7736,47.6873,0.7557,-9.1012
1745.000000,4,13.3131,187.8531,47.4069,0.3958,-7.5218
1745.000000,5,13.3131,187.6612,47.7028,0.8835,-10.2654
1745.000000,6,13.3131,187.7356,47.6069,0.7133,-10.9371
1745.000000,7,13.3131,187.8110,47.6931,0.7240,-10.7586
1745.000000,8,13.3131,187.8875,47.6384,0.5928,-10.1042
1745.000000,9,13.3131,187.9649,47.5901,0.4671,-8.7926
1745.000000,10,13.3131,187.7804,47.6589,0.7205,-9.6301
1745.000000,11,13.3131,187.8527,47.5928,0.5820,-10.6921
1745.000000,12,13.3131,187.9262,47.7125,0.6282,-10.8874
1745.000000,13,13.3131,188.0007,47.5948,0.4360,-10.7282
1745.000000,14,13.3131,188.0762,47.6653,0.4310,-9.7572
1745.000000,15,13.3131,187.8987,47.6288,0.5721,-8.6983
1745.000000,16,13.3131,187.9691,47.6411,0.5140,-10.1005
1745.000000,17,13.3131,188.0407,47.6877,0.4889,-10.7712
1745.000000,18,13.3131,188.1133,47.6161,0.3448,-10.9585
1745.000000,19,13.3131,188.1869,47.6897,0.3448,-10.4071
1745.000000,20,13.3131,188.0161,47.4287,0.2545,-7.6932
1745.000000,21,13.3131,188.0847,47.6968,0.4540,-9.2354
1745.000000,22,13.3131,188.1545,47.5997,0.2873,-10.4561
1745.000000,23,13.3131,188.2252,47.6153,0.2320,-10.9259
1745.000000,24,13.3131,188.2970,47.6794,0.2244,-10.7725
1746.000000,0,13.2158,187.5715,47.6931,0.9636,-10.6743
1746.000000,1,13.2158,187.6474,47.6029,0.7974,-10.9139
1746.000000,2,13.2158,187.7244,47.6406,0.7582,-10.3568
1746.000000,3,13.2158,187.8024,47.6891,0.7287,-9.1210
1746.000000,4,13.2158,187.8814,47.4122,0.3727,-7.5441
1746.000000,5,13.2158,187.6913,47.7034,0.8541,-10.2727
1746.000000,6,13.2158,187.7651,47.6063,0.6832,-10.9475
1746.000000,7,13.2158,187.8401,47.6924,0.6942,-10.7711
1746.000000,8,13.2158,187.9161,47.6396,0.5655,-10.1165
1746.000000,9,13.2158,187.9931,47.5926,0.4414,-8.8062
1746.000000,10,13.2158,187.8102,47.6588,0.6906,-9.6409
1746.000000,11,13.2158,187.8821,47.5940,0.5538,-10.7012
1746.000000,12,13.2158,187.9551,47.7125,0.5993,-10.8977
1746.000000,13,13.2158,188.0292,47.5959,0.4087,-10.7370
1746.000000,14,13.2158,188.1042,47.6652,0.4029,-9.7672
1746.000000,15,13.2158,187.9283,47.6308,0.5444,-8.7136
1746.000000,16,13.2158,187.9983,47.6423,0.4860,-10.1133
1746.000000,17,13.2158,188.0694,47.6869,0.4594,-10.7841
1746.000000,18,13.2158,188.1416,47.6156,0.3160,-10.9691
1746.000000,19,13.2158,188.2148,47.6907,0.3179,-10.4139
1746.000000,20,13.2158,188.0455,47.4332,0.2297,-7.7158
1746.000000,21,13.2158,188.1137,47.6970,0.4253,-9.2563
1746.000000,22,13.2158,188.1830,47.5962,0.2552,-10.4767
1746.000000,23,13.2158,188.2533,47.6185,0.2072,-10.9353
1746.000000,24,13.2158,188.3246,47.6800,0.1973,-10.7810
1747.000000,0,13.1188,187.6017,47.6926,0.9329,-10.6836
1747.000000,1,13.1188,187.6771,47.6066,0.7715,-10.9228
1747.000000,2,13.1188,187.7536,47.6383,0.7266,-10.3763
1747.000000,3,13.1188,187.8312,47.6908,0.7016,-9.1408
1747.000000,4,13.1188,187.9096,47.4173,0.3496,-7.5664
1747.000000,5,13.1188,187.7212,47.7039,0.8246,-10.2801
1747.000000,6,13.1188,187.7947,47.6058,0.6531,-10.9580
1747.000000,7,13.1188,187.8692,47.6917,0.6645,-10.7836
1747.000000,8,13.1188,187.9447,47.6409,0.5381,-10.1288
1747.000000,9,13.1188,188.0212,47.5950,0.4157,-8.8198
1747.000000,10,13.1188,187.8400,47.6588,0.6608,-9.6518
1747.000000,11,13.1188,187.9114,47.5951,0.5257,-10.7103
1747.000000,12,13.1188,187.9840,47.7125,0.5704,-10.9079
1747.000000,13,13.1188,188.0576,47.5970,0.3814,-10.7458
1747.000000,14,13.1188,188.1322,47.6651,0.3749,-9.7772
1747.000000,15,13.1188,187.9578,47.6326,0.5168,-8.7289
1747.000000,16,13.1188,188.0274,47.6434,0.4580,-10.1261
1747.000000,17,13.1188,188.0981,47.6860,0.4299,-10.7970
1747.000000,18,13.1188,188.1698,47.6151,0.2872,-10.9796
1747.000000,19,13.1188,188.2426,47.6916,0.2910,-10.4207
1747.000000,20,13.1188,188.0748,47.4377,0.2048,-7.7385
1747.000000,21,13.1188,188.1426,47.6971,0.3965,-9.2772
1747.000000,22,13.1188,188.2115,47.5926,0.2231,-10.4972
1747.000000,23,13.1188,188.2814,47.6217,0.1823,-10.9448
1747.000000,24,13.1188,188.3523,47.6804,0.1701,-10.7895
1748.000000,0,13.0222,187.6318,47.6920,0.9022,-10.6929
1748.000000,1,13.0222,187.7067,47.6102,0.7454,-10.9316
1748.000000,2,13.0222,187.7828,47.6359,0.6950,-10.3958
1748.000000,3,13.0222,187.8599,47.6924,0.6745,-9.1606
1748.000000,4,13.0222,187.9379,47.4223,0.3264,-7.5886
1748.000000,5,13.0222,187.7512,47.7044,0.7952,-10.2875
1748.000000,6,13.0222,187.8241,47.6053,0.6231,-10.9684
1748.000000,7,13.0222,187.8982,47.6910,0.6348,-10.7960
1748.000000,8,13.0222,187.9733,47.6421,0.5108,-10.1411
1748.000000,9,13.0222,188.0493,47.5974,0.3901,-8.8334
1748.000000,10,13.0222,187.8697,47.6588,0.6310,-9.6627
1748.000000,11,13.0222,187.9407,47.5963,0.4975,-10.7193
1748.000000,12,13.0222,188.0128,47.7125,0.5416,-10.9182
1748.000000,13,13.0222,188.0860,47.5981,0.3541,-10.7546
1748.000000,14,13.0222,188.1601,47.6650,0.3469,-9.7873
1748.000000,15,13.0222,187.9873,47.6345,0.4891,-8.7442
1748.000000,16,13.0222,188.0565,47.6446,0.4301,-10.1389
1748.000000,17,13.0222,188.1267,47.6852,0.4004,-10.8098
1748.000000,18,13.0222,188.1980,47.6145,0.2585,-10.9901
1748.000000,19,13.0222,188.2703,47.6924,0.2641,-10.4275
1748.000000,20,13.0222,188.1041,47.4421,0.1799,-7.7610
1748.000000,21,13.0222,188.1714,47.6972,0.3678,-9.2980
1748.000000,22,13.0222,188.2399,47.5889,0.1910,-10.5176
1748.000000,23,13.0222,188.3094,47.6248,0.1573,-10.9542
1748.000000,24,13.0222,188.3798,47.6808,0.1429,-10.7981
1749.000000,0,12.9259,187.6619,47.6914,0.8715,-10.7023
1749.000000,1,12.9259,187.7363,47.6137,0.7193,-10.9405
1749.000000,2,12.9259,187.8119,47.6334,0.6634,-10.4152
1749.000000,3,12.9259,187.8885,47.6939,0.6474,-9.1804
1749.000000,4,12.9259,187.9661,47.4273,0.3032,-7.6108
1749.000000,5,12.9259,187.7810,47.7049,0.7658,-10.2950
1749.000000,6,12.9259,187.8535,47.6047,0.5932,-10.9788
1749.000000,7,12.9259,187.9271,47.6903,0.6052,-10.8085
1749.000000,8,12.9259,188.0017,47.6432,0.4835,-10.1534
1749.000000,9,12.9259,188.0773,47.5997,0.3644,-8.8471
1749.000000,10,12.9259,187.8993,47.6587,0.6014,-9.6736
1749.000000,11,12.9259,187.9699,47.5974,0.4695,-10.7284
1749.000000,12,12.9259,188.0416,47.7125,0.5128,-10.9284
1749.000000,13,12.9259,188.1143,47.5992,0.3269,-10.7635
1749.000000,14,12.9259,188.1880,47.6650,0.3189,-9.7974
1749.000000,15,12.9259,188.0167,47.6363,0.4615,-8.7596
1749.000000,16,12.9259,188.0855,47.6457,0.4022,-10.1517
1749.000000,17,12.9259,188.1553,47.6843,0.3710,-10.8226
1749.000000,18,12.9259,188.2262,47.6140,0.2298,-11.0005
1749.000000,19,12.9259,188.2980,47.6932,0.2372,-10.4344
1749.000000,20,12.9259,188.1333,47.4464,0.1550,-7.7836
1749.000000,21,12.9259,188.2002,47.6973,0.3390,-9.3187
1749.000000,22,12.9259,188.2683,47.5853,0.1590,-10.5379
1749.000000,23,12.9259,188.3373,47.6277,0.1324,-10.9637
1749.000000,24,12.9259,188.4074,47.6810,0.1156,-10.8067
1750.000000,0,12.8299,187.6919,47.6907,0.8407,-10.7117
1750.000000,1,12.8299,187.7659,47.6171,0.6932,-10.9494
1750.000000,2,12.8299,187.8410,47.6308,0.6318,-10.4346
1750.000000,3,12.8299,187.9171,47.6954,0.6202,-9.2001
1750.000000,4,12.8299,187.9942,47.4321,0.2799,-7.6329
1750.000000,5,12.8299,187.8108,47.7053,0.7364,-10.3026
1750.000000,6,12.8299,187.8829,47.6042,0.5633,-10.9891
1750.000000,7,12.8299,187.9560,47.6896,0.5756,-10.8209
1750.000000,8,12.8299,188.0302,47.6444,0.4562,-10.1656
1750.000000,9,12.8299,188.1053,47.6020,0.3387,-8.8608
1750.000000,10,12.8299,187.9289,47.6587,0.5717,-9.6846
1750.000000,11,12.8299,187.9990,47.5985,0.4414,-10.7375
1750.000000,12,12.8299,188.0703,47.7125,0.4841,-10.9386
1750.000000,13,12.8299,188.1426,47.6003,0.2997,-10.7723
1750.000000,14,12.8299,188.2158,47.6649,0.2910,-9.8075
1750.000000,15,12.8299,188.0461,47.6380,0.4339,-8.7749
1750.000000,16,12.8299,188.1144,47.6467,0.3743,-10.1645
1750.000000,17,12.8299,188.1838,47.6835,0.3416,-10.8354
1750.000000,18,12.8299,188.2542,47.6135,0.2012,-11.0110
1750.000000,19,12.8299,188.3257,47.6940,0.2103,-10.4414
1750.000000,20,12.8299,188.1624,47.4506,0.1301,-7.8060
1750.000000,21,12.8299,188.2289,47.6973,0.3103,-9.3394
1750.000000,22,12.8299,188.2966,47.5816,0.1270,-10.5582
1750.000000,23,12.8299,188.3652,47.6306,0.1073,-10.9731
1750.000000,24,12.8299,188.4349,47.6812,0.0883,-10.8154
1751.000000,0,12.7343,187.7219,47.6899,0.8100,-10.7211
1751.000000,1,12.7343,187.7954,47.6204,0.6670,-10.9584
1751.000000,2,12.7343,187.8700,47.6282,0.6001,-10.4539
1751.000000,3,12.7343,187.9457,47.6967,0.5930,-9.2198
1751.000000,4,12.7343,188.0223,47.4368,0.2565,-7.6550
1751.000000,5,12.7343,187.8406,47.7057,0.7071,-10.3101
1751.000000,6,12.7343,187.9122,47.6036,0.5334,-10.9994
1751.000000,7,12.7343,187.9848,47.6889,0.5460,-10.8332
1751.000000,8,12.7343,188.0586,47.6455,0.4289,-10.1779
1751.000000,9,12.7343,188.1332,47.6043,0.3130,-8.8746
1751.000000,10,12.7343,187.9584,47.6587,0.5422,-9.6955
1751.000000,11,12.7343,188.0281,47.5996,0.4135,-10.7466
1751.000000,12,12.7343,188.0989,47.7125,0.4555,-10.9488
1751.000000,13,12.7343,188.1708,47.6013,0.2725,-10.7812
1751.000000,14,12.7343,188.2436,47.6648,0.2632,-9.8176
1751.000000,15,12.7343,188.0754,47.6397,0.4063,-8.7903
1751.000000,16,12.7343,188.1433,47.6478,0.3465,-10.1772
1751.000000,17,12.7343,188.2123,47.6826,0.3123,-10.8481
1751.000000,18,12.7343,188.2823,47.6129,0.1726,-11.0214
1751.000000,19,12.7343,188.3533,47.6948,0.1835,-10.4484
1751.000000,20,12.7343,188.1915,47.4547,0.1051,-7.8284
1751.000000,21,12.7343,188.2576,47.6972,0.2815,-9.3600
1751.000000,22,12.7343,188.3248,47.5779,0.0950,-10.5784
1751.000000,23,12.7343,188.3931,47.6334,0.0823,-10.9826
1751.000000,24,12.7343,188.4623,47.6813,0.0609,-10.8242
1752.000000,0,12.6390,187.7518,47.6890,0.7792,-10.7306
1752.000000,1,12.6390,187.8248,47.6236,0.6407,-10.9673
1752.000000,2,12.6390,187.8990,47.6255,0.5685,-10.4732
1752.000000,3,12.6390,187.9742,47.6979,0.5657,-9.2395
1752.000000,4,12.6390,188.0503,47.4415,0.2331,-7.6771
1752.000000,5,12.6390,187.8703,47.7061,0.6778,-10.3177
1752.000000,6,12.6390,187.9414,47.6031,0.5037,-11.0097
1752.000000,7,12.6390,188.0136,47.6881,0.5165,-10.8456
1752.000000,8,12.6390,188.0869,47.6467,0.4017,-10.1901
1752.000000,9,12.6390,188.1611,47.6064,0.2873,-8.8884
1752.000000,10,12.6390,187.9879,47.6586,0.5127,-9.7065
1752.000000,11,12.6390,188.0572,47.6007,0.3855,-10.7558
1752.000000,12,12.6390,188.1275,47.7125,0.4269,-10.9589
1752.000000,13,12.6390,188.1989,47.6023,0.2454,-10.7900
1752.000000,14,12.6390,188.2713,47.6648,0.2354,-9.8277
1752.000000,15,12.6390,188.1047,47.6414,0.3787,-8.8057
1752.000000,16,12.6390,188.1721,47.6488,0.3187,-10.1900
1752.000000,17,12.6390,188.2407,47.6817,0.2830,-10.8608
1752.000000,18,12.6390,188.3103,47.6124,0.1441,-11.0317
1752.000000,19,12.6390,188.3808,47.6955,0.1567,-10.4554
1752.000000,20,12.6390,188.2205,47.4587,0.0801,-7.8508
1752.000000,21,12.6390,188.2862,47.6971,0.2528,-9.3805
1752.000000,22,12.6390,188.3530,47.5748,0.0638,-10.5977
1752.000000,23,12.6390,188.4209,47.6361,0.0572,-10.9921
1752.000000,24,12.6390,188.4897,47.6812,0.0335,-10.8329
1753.000000,0,12.5440,187.7816,47.6881,0.7484,-10.7401
1753.000000,1,12.5440,187.8542,47.6267,0.6144,-10.9763
1753.000000,2,12.5440,187.9279,47.6228,0.5368,-10.4925
1753.000000,3,12.5440,188.0027,47.6991,0.5384,-9.2591
1753.000000,4,12.5440,188.0783,47.4461,0.2097,-7.6992
1753.000000,5,12.5440,187.8999,47.7065,0.6486,-10.3254
1753.000000,6,12.5440,187.9706,47.6026,0.4740,-11.0200
1753.000000,7,12.5440,188.0424,47.6874,0.4870,-10.8579
1753.000000,8,12.5440,188.1152,47.6477,0.3745,-10.2024
1753.000000,9,12.5440,188.1890,47.6086,0.2616,-8.9022
1753.000000,10,12.5440,188.0173,47.6586,0.4833,-9.7175
1753.000000,11,12.5440,188.0861,47.6018,0.3576,-10.7649
1753.000000,12,12.5440,188.1561,47.7125,0.3984,-10.9690
1753.000000,13,12.5440,188.2270,47.6034,0.2183,-10.7989
1753.000000,14,12.5440,188.2990,47.6647,0.2077,-9.8379
1753.000000,15,12.5440,188.1338,47.6430,0.3512,-8.8211
1753.000000,16,12.5440,188.2009,47.6499,0.2909,-10.2027
1753.000000,17,12.5440,188.2690,47.6809,0.2538,-10.8735
1753.000000,18,12.5440,188.3382,47.6119,0.1157,-11.0421
1753.000000,19,12.5440,188.4083,47.6963,0.1299,-10.4625
1753.000000,20,12.5440,188.2495,47.4627,0.0551,-7.8731
1753.000000,21,12.5440,188.3148,47.6969,0.2241,-9.4010
1753.000000,22,12.5440,188.3812,47.5790,0.0398,-10.6091
1753.000000,23,12.5440,188.4486,47.6387,0.0321,-11.0016
1753.000000,24,12.5440,188.5170,47.6812,0.0061,-10.8418
1754.000000,0,12.4494,187.8114,47.6871,0.7176,-10.7497
1754.000000,1,12.4494,187.8835,47.6297,0.5881,-10.9853
1754.000000,2,12.4494,187.9568,47.6200,0.5052,-10.5116
1754.000000,3,12.4494,188.0311,47.7002,0.5111,-9.2787
1754.000000,4,12.4494,188.1063,47.4505,0.1862,-7.7212
1754.000000,5,12.4494,187.9295,47.7069,0.6194,-10.3331
1754.000000,6,12.4494,187.9997,47.6021,0.4443,-11.0302
1754.000000,7,12.4494,188.0711,47.6866,0.4575,-10.8701
1754.000000,8,12.4494,188.1434,47.6488,0.3473,-10.2146
1754.000000,9,12.4494,188.2168,47.6107,0.2359,-8.9161
1754.000000,10,12.4494,188.0467,47.6586,0.4539,-9.7286
1754.000000,11,12.4494,188.1151,47.6028,0.3297,-10.7740
1754.000000,12,12.4494,188.1846,47.7125,0.3699,-10.9792
1754.000000,13,12.4494,188.2551,47.6044,0.1912,-10.8078
1754.000000,14,12.4494,188.3266,47.6646,0.1800,-9.8481
1754.000000,15,12.4494,188.1630,47.6446,0.3236,-8.8366
1754.000000,16,12.4494,188.2296,47.6508,0.2632,-10.2154
1754.000000,17,12.4494,188.2973,47.6800,0.2246,-10.8861
1754.000000,18,12.4494,188.3661,47.6114,0.0873,-11.0524
1754.000000,19,12.4494,188.4358,47.6969,0.1031,-10.4697
1754.000000,20,12.4494,188.2784,47.4665,0.0301,-7.8953
1754.000000,21,12.4494,188.3433,47.6967,0.1954,-9.4214
1754.000000,22,12.4494,188.4092,47.5830,0.0158,-10.6205
1754.000000,23,12.4494,188.4763,47.6413,0.0070,-11.0111
1754.000000,24,12.4494,188.5443,47.6810,-0.0213,-10.8506
1755.000000,0,12.3551,187.8411,47.6860,0.6868,-10.7592
1755.000000,1,12.3551,187.9128,47.6326,0.5617,-10.9943
1755.000000,2,12.3551,187.9856,47.6172,0.4735,-10.5308
1755.000000,3,12.3551,188.0594,47.7012,0.4837,-9.2983
1755.000000,4,12.3551,188.1342,47.4549,0.1627,-7.7431
1755.000000,5,12.3551,187.9590,47.7072,0.5902,-10.3409
1755.000000,6,12.3551,188.0288,47.6015,0.4147,-11.0404
1755.000000,7,12.3551,188.0997,47.6859,0.4281,-10.8824
1755.000000,8,12.3551,188.1716,47.6499,0.3202,-10.2268
1755.000000,9,12.3551,188.2445,47.6127,0.2102,-8.9300
1755.000000,10,12.3551,188.0759,47.6586,0.4246,-9.7396
1755.000000,11,12.3551,188.1439,47.6039,0.3019,-10.7831
1755.000000,12,12.3551,188.2130,47.7125,0.3414,-10.9892
1755.000000,13,12.3551,188.2831,47.6053,0.1642,-10.8167
1755.000000,14,12.3551,188.3542,47.6646,0.1524,-9.8583
1755.000000,15,12.3551,188.1920,47.6462,0.2961,-8.8520
1755.000000,16,12.3551,188.2582,47.6518,0.2356,-10.2281
1755.000000,17,12.3551,188.3255,47.6791,0.1955,-10.8987
1755.000000,18,12.3551,188.3939,47.6109,0.0590,-11.0627
1755.000000,19,12.3551,188.4632,47.6976,0.0764,-10.4768
1755.000000,20,12.3551,188.3072,47.4703,0.0051,-7.9175
1755.000000,21,12.3551,188.3717,47.6965,0.1667,-9.4418
1755.000000,22,12.3551,188.4373,47.5870,-0.0084,-10.6319
1755.000000,23,12.3551,188.5039,47.6437,-0.0182,-11.0205
1755.000000,24,12.3551,188.5715,47.6808,-0.0488,-10.8595
1756.000000,0,12.2611,187.8708,47.6849,0.6560,-10.7689
1756.000000,1,12.2611,187.9420,47.6354,0.5353,-11.0033
1756.000000,2,12.2611,188.0144,47.6143,0.4419,-10.5498
1756.000000,3,12.2611,188.0877,47.7021,0.4563,-9.3178
1756.000000,4,12.2611,188.1621,47.4592,0.1391,-7.7650
1756.000000,5,12.2611,187.9884,47.7075,0.5611,-10.3487
1756.000000,6,12.2611,188.0578,47.6010,0.3852,-11.0506
1756.000000,7,12.2611,188.1283,47.6851,0.3988,-10.8946
1756.000000,8,12.2611,188.1998,47.6509,0.2931,-10.2390
1756.000000,9,12.2611,188.2722,47.6148,0.1845,-8.9439
1756.000000,10,12.2611,188.1052,47.6586,0.3954,-9.7506
1756.000000,11,12.2611,188.1727,47.6049,0.2741,-10.7922
1756.000000,12,12.2611,188.2414,47.7125,0.3131,-10.9993
1756.000000,13,12.2611,188.3111,47.6063,0.1372,-10.8256
1756.000000,14,12.2611,188.3817,47.6645,0.1248,-9.8686
1756.000000,15,12.2611,188.2210,47.6477,0.2686,-8.8675
1756.000000,16,12.2611,188.2868,47.6528,0.2079,-10.2407
1756.000000,17,12.2611,188.3537,47.6782,0.1665,-10.9112
1756.000000,18,12.2611,188.4216,47.6104,0.0307,-11.0729
1756.000000,19,12.2611,188.4905,47.6982,0.0496,-10.4841
1756.000000,20,12.2611,188.3359,47.4740,-0.0199,-7.9397
1756.000000,21,12.2611,188.4000,47.6962,0.1381,-9.4620
1756.000000,22,12.2611,188.4652,47.5908,-0.0325,-10.6434
1756.000000,23,12.2611,188.5315,47.6461,-0.0434,-11.0300
1756.000000,24,12.2611,188.5987,47.6805,-0.0763,-10.8685
1757.000000,0,12.1675,187.9004,47.6837,0.6253,-10.7785
1757.000000,1,12.1675,187.9712,47.6381,0.5089,-11.0123
1757.000000,2,12.1675,188.0431,47.6114,0.4102,-10.5688
1757.000000,3,12.1675,188.1160,47.7030,0.4289,-9.3373
1757.000000,4,12.1675,188.1899,47.4634,0.1155,-7.7869
1757.000000,5,12.1675,188.0178,47.7078,0.5320,-10.3565
1757.000000,6,12.1675,188.0867,47.6005,0.3557,-11.0607
1757.000000,7,12.1675,188.1568,47.6843,0.3695,-10.9067
1757.000000,8,12.1675,188.2278,47.6519,0.2660,-10.2512
1757.000000,9,12.1675,188.2999,47.6167,0.1588,-8.9579
1757.000000,10,12.1675,188.1343,47.6586,0.3662,-9.7617
1757.000000,11,12.1675,188.2015,47.6059,0.2464,-10.8014
1757.000000,12,12.1675,188.2697,47.7125,0.2847,-11.0093
1757.000000,13,12.1675,188.3390,47.6073,0.1103,-10.8345
1757.000000,14,12.1675,188.4092,47.6645,0.0972,-9.8788
1757.000000,15,12.1675,188.2499,47.6492,0.2412,-8.8829
1757.000000,16,12.1675,188.3153,47.6537,0.1803,-10.2534
1757.000000,17,12.1675,188.3818,47.6773,0.1374,-10.9237
1757.000000,18,12.1675,188.4494,47.6098,0.0025,-11.0831
1757.000000,19,12.1675,188.5179,47.6988,0.0229,-10.4913
1757.000000,20,12.1675,188.3646,47.4777,-0.0450,-7.9617
1757.000000,21,12.1675,188.4284,47.6958,0.1094,-9.4822
1757.000000,22,12.1675,188.4932,47.5944,-0.0568,-10.6549
1757.000000,23,12.1675,188.5590,47.6485,-0.0686,-11.0395
1757.000000,24,12.1675,188.6258,47.6801,-0.1038,-10.8775
1758.000000,0,12.0742,187.9299,47.6825,0.5945,-10.7881
1758.000000,1,12.0742,188.0003,47.6407,0.4824,-11.0213
1758.000000,2,12.0742,188.0718,47.6084,0.3786,-10.5877
1758.000000,3,12.0742,188.1442,47.7037,0.4015,-9.3568
1758.000000,4,12.0742,188.2177,47.4676,0.0919,-7.8088
1758.000000,5,12.0742,188.0471,47.7081,0.5029,-10.3644
1758.000000,6,12.0742,188.1156,47.6000,0.3263,-11.0708
1758.000000,7,12.0742,188.1852,47.6835,0.3402,-10.9189
1758.000000,8,12.0742,188.2559,47.6529,0.2390,-10.2634
1758.000000,9,12.0742,188.3275,47.6186,0.1331,-8.9719
1758.000000,10,12.0742,188.1634,47.6586,0.3371,-9.7728
1758.000000,11,12.0742,188.2301,47.6069,0.2187,-10.8105
1758.000000,12,12.0742,188.2980,47.7125,0.2565,-11.0193
1758.000000,13,12.0742,188.3668,47.6082,0.0834,-10.8433
1758.000000,14,12.0742,188.4366,47.6644,0.0698,-9.8891
1758.000000,15,12.0742,188.2788,47.6506,0.2138,-8.8984
1758.000000,16,12.0742,188.3438,47.6546,0.1528,-10.2660
1758.000000,17,12.0742,188.4099,47.6764,0.1085,-10.9361
1758.000000,18,12.0742,188.4770,47.6093,-0.0257,-11.0932
1758.000000,19,12.0742,188.5451,47.6994,-0.0038,-10.4986
1758.000000,20,12.0742,188.3933,47.4813,-0.0700,-7.9838
1758.000000,21,12.0742,188.4566,47.6955,0.0808,-9.5024
1758.000000,22,12.0742,188.5210,47.5980,-0.0810,-10.6664
1758.000000,23,12.0742,188.5865,47.6507,-0.0938,-11.0490
1758.000000,24,12.0742,188.6529,47.6796,-0.1313,-10.8865
1759.000000,0,11.9812,187.9594,47.6812,0.5637,-10.7978
1759.000000,1,11.9812,188.0293,47.6433,0.4559,-11.0304
1759.000000,2,11.9812,188.1004,47.6054,0.3470,-10.6066
1759.000000,3,11.9812,188.1724,47.7045,0.3740,-9.3762
1759.000000,4,11.9812,188.2454,47.4716,0.0682,-7.8306
1759.000000,5,11.9812,188.0764,47.7083,0.4739,-10.3723
1759.000000,6,11.9812,188.1445,47.5995,0.2970,-11.0809
1759.000000,7,11.9812,188.2137,47.6827,0.3110,-10.9310
1759.000000,8,11.9812,188.2839,47.6539,0.2120,-10.2756
1759.000000,9,11.9812,188.3550,47.6205,0.1074,-8.9859
1759.000000,10,11.9812,188.1924,47.6586,0.3081,-9.7839
1759.000000,11,11.9812,188.2588,47.6079,0.1911,-10.8196
1759.000000,12,11.9812,188.3262,47.7125,0.2283,-11.0293
1759.000000,13,11.9812,188.3946,47.6092,0.0565,-10.8522
1759.000000,14,11.9812,188.4640,47.6644,0.0423,-9.8994
1759.000000,15,11.9812,188.3076,47.6520,0.1864,-8.9139
1759.000000,16,11.9812,188.3722,47.6555,0.1253,-10.2786
1759.000000,17,11.9812,188.4379,47.6755,0.0796,-10.9485
1759.000000,18,11.9812,188.5046,47.6088,-0.0538,-11.1034
1759.000000,19,11.9812,188.5723,47.7000,-0.0304,-10.5059
1759.000000,20,11.9812,188.4218,47.4848,-0.0951,-8.0057
1759.000000,21,11.9812,188.4848,47.6951,0.0522,-9.5224
1759.000000,22,11.9812,188.5488,47.6015,-0.1054,-10.6780
1759.000000,23,11.9812,188.6139,47.6529,-0.1191,-11.0585
1759.000000,24,11.9812,188.6799,47.6791,-0.1588,-10.8955
1760.000000,0,11.8886,187.9889,47.6798,0.5329,-10.8075
1760.000000,1,11.8886,188.0583,47.6457,0.4294,-11.0394
1760.000000,2,11.8886,188.1289,47.6024,0.3154,-10.6253
1760.000000,3,11.8886,188.2005,47.7051,0.3466,-9.3956
1760.000000,4,11.8886,188.2731,47.4756,0.0445,-7.8524
1760.000000,5,11.8886,188.1056,47.7085,0.4449,-10.3802
1760.000000,6,11.8886,188.1733,47.5990,0.2677,-11.0909
1760.000000,7,11.8886,188.2420,47.6819,0.2818,-10.9430
1760.000000,8,11.8886,188.3118,47.6548,0.1850,-10.2877
1760.000000,9,11.8886,188.3826,47.6224,0.0818,-8.9999
1760.000000,10,11.8886,188.2214,47.6586,0.2791,-9.7950
1760.000000,11,11.8886,188.2873,47.6088,0.1635,-10.8288
1760.000000,12,11.8886,188.3543,47.7125,0.2001,-11.0392
1760.000000,13,11.8886,188.4224,47.6101,0.0297,-10.8611
1760.000000,14,11.8886,188.4914,47.6644,0.0150,-9.9097
1760.000000,15,11.8886,188.3363,47.6534,0.1590,-8.9293
1760.000000,16,11.8886,188.4005,47.6564,0.0978,-10.2912
1760.000000,17,11.8886,188.4658,47.6746,0.0507,-10.9609
1760.000000,18,11.8886,188.5322,47.6084,-0.0819,-11.1135
1760.000000,19,11.8886,188.5995,47.7005,-0.0570,-10.5133
1760.000000,20,11.8886,188.4504,47.4882,-0.1202,-8.0277
1760.000000,21,11.8886,188.5129,47.6946,0.0237,-9.5424
1760.000000,22,11.8886,188.5766,47.6048,-0.1298,-10.6896
1760.000000,23,11.8886,188.6412,47.6550,-0.1443,-11.0680
1760.000000,24,11.8886,188.7069,47.6786,-0.1863,-10.9046
1761.000000,0,11.7962,188.0182,47.6785,0.5022,-10.8172
1761.000000,1,11.7962,188.0873,47.6481,0.4028,-11.0485
1761.000000,2,11.7962,188.1574,47.5993,0.2838,-10.6440
1761.000000,3,11.7962,188.2286,47.7057,0.3191,-9.4149
1761.000000,4,11.7962,188.3007,47.4795,0.0207,-7.8741
1761.000000,5,11.7962,188.1347,47.7088,0.4160,-10.3882
1761.000000,6,11.7962,188.2020,47.5985,0.2385,-11.1009
1761.000000,7,11.7962,188.2703,47.6810,0.2527,-10.9551
1761.000000,8,11.7962,188.3397,47.6557,0.1580,-10.2998
1761.000000,9,11.7962,188.4100,47.6242,0.0561,-9.0140
1761.000000,10,11.7962,188.2503,47.6586,0.2502,-9.8061
1761.000000,11,11.7962,188.3158,47.6098,0.1359,-10.8379
1761.000000,12,11.7962,188.3824,47.7125,0.1720,-11.0492
1761.000000,13,11.7962,188.4500,47.6110,0.0029,-10.8700
1761.000000,14,11.7962,188.5186,47.6643,-0.0123,-9.9201
1761.000000,15,11.7962,188.3650,47.6547,0.1316,-8.9448
1761.000000,16,11.7962,188.4288,47.6573,0.0704,-10.3037
1761.000000,17,11.7962,188.4937,47.6737,0.0219,-10.9732
1761.000000,18,11.7962,188.5597,47.6079,-0.1098,-11.1235
1761.000000,19,11.7962,188.6266,47.7010,-0.0836,-10.5207
1761.000000,20,11.7962,188.4788,47.4916,-0.1453,-8.0495
1761.000000,21,11.7962,188.5410,47.6941,-0.0049,-9.5623
1761.000000,22,11.7962,188.6042,47.6081,-0.1542,-10.7011
1761.000000,23,11.7962,188.6685,47.6570,-0.1696,-11.0775
1761.000000,24,11.7962,188.7338,47.6780,-0.2139,-10.9137
1762.000000,0,11.7042,188.0475,47.6770,0.4715,-10.8269
1762.000000,1,11.7042,188.1161,47.6504,0.3763,-11.0575
1762.000000,2,11.7042,188.1859,47.5962,0.2523,-10.6627
1762.000000,3,11.7042,188.2566,47.7062,0.2916,-9.4342
1762.000000,4,11.7042,188.3283,47.4833,-0.0030,-7.8958
1762.000000,5,11.7042,188.1638,47.7090,0.3871,-10.3962
1762.000000,6,11.7042,188.2306,47.5981,0.2094,-11.1108
1762.000000,7,11.7042,188.2986,47.6802,0.2236,-10.9670
1762.000000,8,11.7042,188.3675,47.6567,0.1311,-10.3119
1762.000000,9,11.7042,188.4374,47.6259,0.0305,-9.0281
1762.000000,10,11.7042,188.2792,47.6586,0.2214,-9.8173
1762.000000,11,11.7042,188.3443,47.6107,0.1084,-10.8470
1762.000000,12,11.7042,188.4105,47.7125,0.1440,-11.0590
1762.000000,13,11.7042,188.4777,47.6119,-0.0238,-10.8789
1762.000000,14,11.7042,188.5459,47.6643,-0.0396,-9.9304
1762.000000,15,11.7042,188.3936,47.6560,0.1043,-8.9603
1762.000000,16,11.7042,188.4571,47.6581,0.0430,-10.3162
1762.000000,17,11.7042,188.5216,47.6728,-0.0068,-10.9855
1762.000000,18,11.7042,188.5871,47.6074,-0.1378,-11.1336
1762.000000,19,11.7042,188.6536,47.7015,-0.1102,-10.5282
1762.000000,20,11.7042,188.5072,47.4949,-0.1704,-8.0713
1762.000000,21,11.7042,188.5690,47.6936,-0.0334,-9.5822
1762.000000,22,11.7042,188.6319,47.6112,-0.1787,-10.7127
1762.000000,23,11.7042,188.6958,47.6590,-0.1948,-11.0869
1762.000000,24,11.7042,188.7607,47.6773,-0.2414,-10.9228
1763.000000,0,11.6125,188.0768,47.6756,0.4408,-10.8366
1763.000000,1,11.6125,188.1450,47.6527,0.3497,-11.0666
1763.000000,2,11.6125,188.2143,47.5931,0.2208,-10.6812
1763.000000,3,11.6125,188.2846,47.7067,0.2641,-9.4534
1763.000000,4,11.6125,188.3558,47.4871,-0.0268,-7.9174
1763.000000,5,11.6125,188.1928,47.7091,0.3583,-10.4042
1763.000000,6,11.6125,188.2592,47.5976,0.1803,-11.1208
1763.000000,7,11.6125,188.3267,47.6794,0.1946,-10.9790
1763.000000,8,11.6125,188.3953,47.6575,0.1042,-10.3240
1763.000000,9,11.6125,188.4648,47.6277,0.0048,-9.0422
1763.000000,10,11.6125,188.3080,47.6586,0.1926,-9.8284
1763.000000,11,11.6125,188.3727,47.6117,0.0810,-10.8562
1763.000000,12,11.6125,188.4385,47.7125,0.1160,-11.0689
1763.000000,13,11.6125,188.5053,47.6128,-0.0505,-10.8878
1763.000000,14,11.6125,188.5731,47.6643,-0.0668,-9.9408
1763.000000,15,11.6125,188.4222,47.6573,0.0771,-8.9758
1763.000000,16,11.6125,188.4852,47.6590,0.0157,-10.3287
1763.000000,17,11.6125,188.5494,47.6719,-0.0355,-10.9977
1763.000000,18,11.6125,188.6145,47.6069,-0.1656,-11.1435
1763.000000,19,11.6125,188.6806,47.7019,-0.1367,-10.5356
1763.000000,20,11.6125,188.5355,47.4981,-0.1954,-8.0931
1763.000000,21,11.6125,188.5969,47.6931,-0.0619,-9.6019
1763.000000,22,11.6125,188.6594,47.6143,-0.2032,-10.7243
1763.000000,23,11.6125,188.7230,47.6609,-0.2201,-11.0964
1763.000000,24,11.6125,188.7875,47.6766,-0.2690,-10.9319
1764.000000,0,11.5211,188.1060,47.6741,0.4101,-10.8464
1764.000000,1,11.5211,188.1737,47.6548,0.3231,-11.0756
1764.000000,2,11.5211,188.2426,47.5899,0.1893,-10.6997
1764.000000,3,11.5211,188.3125,47.7071,0.2366,-9.4726
1764.000000,4,11.5211,188.3833,47.4907,-0.0506,-7.9390
1764.000000,5,11.5211,188.2218,47.7093,0.3295,-10.4123
1764.000000,6,11.5211,188.2878,47.5971,0.1513,-11.1307
1764.000000,7,11.5211,188.3549,47.6786,0.1656,-10.9909
1764.000000,8,11.5211,188.4230,47.6584,0.0774,-10.3361
1764.000000,9,11.5211,188.4921,47.6294,-0.0208,-9.0564
1764.000000,10,11.5211,188.3367,47.6586,0.1639,-9.8396
1764.000000,11,11.5211,188.4010,47.6126,0.0535,-10.8653
1764.000000,12,11.5211,188.4664,47.7125,0.0880,-11.0787
1764.000000,13,11.5211,188.5328,47.6137,-0.0772,-10.8967
1764.000000,14,11.5211,188.6002,47.6642,-0.0940,-9.9511
1764.000000,15,11.5211,188.4507,47.6585,0.0498,-8.9913
1764.000000,16,11.5211,188.5133,47.6598,-0.0116,-10.3412
1764.000000,17,11.5211,188.5771,47.6710,-0.0642,-11.0098
1764.000000,18,11.5211,188.6418,47.6064,-0.1934,-11.1535
1764.000000,19,11.5211,188.7076,47.7024,-0.1632,-10.5431
1764.000000,20,11.5211,188.5637,47.5013,-0.2205,-8.1148
1764.000000,21,11.5211,188.6248,47.6926,-0.0903,-9.6216
1764.000000,22,11.5211,188.6870,47.6173,-0.2277,-10.7359
1764.000000,23,11.5211,188.7501,47.6627,-0.2454,-11.1058
1764.000000,24,11.5211,188.8143,47.6758,-0.2965,-10.9411
1765.000000,0,11.4301,188.1351,47.6725,0.3794,-10.8561
1765.000000,1,11.4301,188.2024,47.6569,0.2965,-11.0847
1765.000000,2,11.4301,188.2709,47.5868,0.1579,-10.7181
1765.000000,3,11.4301,188.3403,47.7075,0.2091,-9.4917
1765.000000,4,11.4301,188.4108,47.4943,-0.0745,-7.9606
1765.000000,5,11.4301,188.2507,47.7094,0.3007,-10.4204
1765.000000,6,11.4301,188.3163,47.5966,0.1223,-11.1405
1765.000000,7,11.4301,188.3830,47.6777,0.1367,-11.0027
1765.000000,8,11.4301,188.4507,47.6593,0.0506,-10.3482
1765.000000,9,11.4301,188.5194,47.6310,-0.0464,-9.0705
1765.000000,10,11.4301,188.3653,47.6586,0.1353,-9.8507
1765.000000,11,11.4301,188.4293,47.6135,0.0262,-10.8744
1765.000000,12,11.4301,188.4943,47.7125,0.0602,-11.0886
1765.000000,13,11.4301,188.5603,47.6145,-0.1038,-10.9056
1765.000000,14,11.4301,188.6273,47.6642,-0.1211,-9.9615
1765.000000,15,11.4301,188.4791,47.6597,0.0226,-9.0068
1765.000000,16,11.4301,188.5414,47.6606,-0.0389,-10.3537
1765.000000,17,11.4301,188.6047,47.6700,-0.0927,-11.0220
1765.000000,18,11.4301,188.6691,47.6060,-0.2212,-11.1634
1765.000000,19,11.4301,188.7345,47.7028,-0.1897,-10.5507
1765.000000,20,11.4301,188.5919,47.5044,-0.2456,-8.1364
1765.000000,21,11.4301,188.6526,47.6920,-0.1187,-9.6412
1765.000000,22,11.4301,188.7144,47.6201,-0.2523,-10.7476
1765.000000,23,11.4301,188.7772,47.6645,-0.2707,-11.1153
1765.000000,24,11.4301,188.8410,47.6750,-0.3240,-10.9502
1766.000000,0,11.3393,188.1641,47.6710,0.3488,-10.8659
1766.000000,1,11.3393,188.2311,47.6590,0.2698,-11.0937
1766.000000,2,11.3393,188.2991,47.5865,0.1293,-10.7333
1766.000000,3,11.3393,188.3681,47.7078,0.1816,-9.5108
1766.000000,4,11.3393,188.4382,47.4979,-0.0983,-7.9821
1766.000000,5,11.3393,188.2795,47.7096,0.2720,-10.4285
1766.000000,6,11.3393,188.3447,47.5962,0.0934,-11.1503
1766.000000,7,11.3393,188.4110,47.6769,0.1079,-11.0146
1766.000000,8,11.3393,188.4783,47.6601,0.0238,-10.3602
1766.000000,9,11.3393,188.5466,47.6326,-0.0720,-9.0847
1766.000000,10,11.3393,188.3939,47.6587,0.1067,-9.8619
1766.000000,11,11.3393,188.4575,47.6144,-0.0011,-10.8835
1766.000000,12,11.3393,188.5221,47.7125,0.0324,-11.0983
1766.000000,13,11.3393,188.5877,47.6154,-0.1304,-10.9145
1766.000000,14,11.3393,188.6543,47.6642,-0.1481,-9.9719
1766.000000,15,11.3393,188.5075,47.6609,-0.0046,-9.0223
1766.000000,16,11.3393,188.5694,47.6613,-0.0661,-10.3661
1766.000000,17,11.3393,188.6323,47.6691,-0.1213,-11.0340
1766.000000,18,11.3393,188.6964,47.6055,-0.2489,-11.1733
1766.000000,19,11.3393,188.7613,47.7032,-0.2162,-10.5583
1766.000000,20,11.3393,188.6201,47.5074,-0.2707,-8.1580
1766.000000,21,11.3393,188.6804,47.6913,-0.1471,-9.6608
1766.000000,22,11.3393,188.7418,47.6229,-0.2770,-10.7592
1766.000000,23,11.3393,188.8042,47.6663,-0.2960,-11.1247
1766.000000,24,11.3393,188.8676,47.6741,-0.3515,-10.9594
1767.000000,0,11.2489,188.1931,47.6694,0.3182,-10.8756
1767.000000,1,11.2489,188.2597,47.6609,0.2432,-11.1028
1767.000000,2,11.2489,188.3273,47.5901,0.1048,-10.7442
1767.000000,3,11.2489,188.3959,47.7081,0.1541,-9.5298
1767.000000,4,11.2489,188.4655,47.5013,-0.1222,-8.0036
1767.000000,5,11.2489,188.3083,47.7097,0.2434,-10.4366
1767.000000,6,11.2489,188.3731,47.5957,0.0646,-11.1601
1767.000000,7,11.2489,188.4390,47.6761,0.0791,-11.0263
1767.000000,8,11.2489,188.5059,47.6610,-0.0030,-10.3722
1767.000000,9,11.2489,188.5738,47.6342,-0.0976,-9.0989
1767.000000,10,11.2489,188.4225,47.6587,0.0782,-9.8731
1767.000000,11,11.2489,188.4856,47.6152,-0.0284,-10.8926
1767.000000,12,11.2489,188.5498,47.7125,0.0046,-11.1081
1767.000000,13,11.2489,188.6151,47.6162,-0.1569,-10.9234
1767.000000,14,11.2489,188.6813,47.6642,-0.1751,-9.9824
1767.000000,15,11.2489,188.5358,47.6621,-0.0317,-9.0378
1767.000000,16,11.2489,188.5973,47.6621,-0.0932,-10.3785
1767.000000,17,11.2489,188.6599,47.6682,-0.1497,-11.0461
1767.000000,18,11.2489,188.7235,47.6051,-0.2765,-11.1831
1767.000000,19,11.2489,188.7881,47.7036,-0.2426,-10.5659
1767.000000,20,11.2489,188.6481,47.5104,-0.2957,-8.1795
1767.000000,21,11.2489,188.7081,47.6907,-0.1754,-9.6802
1767.000000,22,11.2489,188.7691,47.6256,-0.3016,-10.7708
1767.000000,23,11.2489,188.8312,47.6679,-0.3213,-11.1341
1767.000000,24,11.2489,188.8942,47.6732,-0.3791,-10.9686
1768.000000,0,11.1588,188.2221,47.6677,0.2876,-10.8854
1768.000000,1,11.1588,188.2882,47.6628,0.2166,-11.1118
1768.000000,2,11.1588,188.3554,47.5936,0.0802,-10.7550
1768.000000,3,11.1588,188.4236,47.7083,0.1266,-9.5488
1768.000000,4,11.1588,188.4928,47.5047,-0.1461,-8.0250
1768.000000,5,11.1588,188.3370,47.7098,0.2148,-10.4448
1768.000000,6,11.1588,188.4014,47.5953,0.0359,-11.1699
1768.000000,7,11.1588,188.4669,47.6752,0.0503,-11.0381
1768.000000,8,11.1588,188.5334,47.6618,-0.0297,-10.3842
1768.000000,9,11.1588,188.6009,47.6358,-0.1231,-9.1131
1768.000000,10,11.1588,188.4509,47.6587,0.0497,-9.8842
1768.000000,11,11.1588,188.5137,47.6161,-0.0556,-10.9018
1768.000000,12,11.1588,188.5775,47.7125,-0.0231,-11.1178
1768.000000,13,11.1588,188.6424,47.6171,-0.1834,-10.9323
1768.000000,14,11.1588,188.7082,47.6642,-0.2021,-9.9928
1768.000000,15,11.1588,188.5640,47.6632,-0.0588,-9.0533
1768.000000,16,11.1588,188.6252,47.6629,-0.1203,-10.3909
1768.000000,17,11.1588,188.6874,47.6673,-0.1781,-11.0580
1768.000000,18,11.1588,188.7507,47.6046,-0.3041,-11.1930
1768.000000,19,11.1588,188.8149,47.7040,-0.2690,-10.5735
1768.000000,20,11.1588,188.6761,47.5133,-0.3208,-8.2010
1768.000000,21,11.1588,188.7357,47.6900,-0.2037,-9.6996
1768.000000,22,11.1588,188.7964,47.6282,-0.3263,-10.7825
1768.000000,23,11.1588,188.8581,47.6695,-0.3466,-11.1435
1768.000000,24,11.1588,188.9208,47.6723,-0.4066,-10.9779
1769.000000,0,11.0690,188.2509,47.6661,0.2571,-10.8952
1769.000000,1,11.0690,188.3167,47.6646,0.1899,-11.1209
1769.000000,2,11.0690,188.3834,47.5970,0.0555,-10.7659
1769.000000,3,11.0690,188.4513,47.7084,0.0991,-9.5677
1769.000000,4,11.0690,188.5201,47.5081,-0.1700,-8.0464
1769.000000,5,11.0690,188.3656,47.7099,0.1862,-10.4530
1769.000000,6,11.0690,188.4296,47.5948,0.0072,-11.1796
1769.000000,7,11.0690,188.4947,47.6744,0.0216,-11.0498
1769.000000,8,11.0690,188.5608,47.6626,-0.0563,-10.3962
1769.000000,9,11.0690,188.6279,47.6373,-0.1487,-9.1273
1769.000000,10,11.0690,188.4793,47.6588,0.0214,-9.8954
1769.000000,11,11.0690,188.5417,47.6170,-0.0828,-10.9109
1769.000000,12,11.0690,188.6052,47.7125,-0.0508,-11.1275
1769.000000,13,11.0690,188.6697,47.6179,-0.2098,-10.9411
1769.000000,14,11.0690,188.7351,47.6642,-0.2290,-10.0032
1769.000000,15,11.0690,188.5922,47.6643,-0.0859,-9.0688
1769.000000,16,11.0690,188.6530,47.6636,-0.1474,-10.4033
1769.000000,17,11.0690,188.7148,47.6664,-0.2064,-11.0700
1769.000000,18,11.0690,188.7777,47.6042,-0.3316,-11.2027
1769.000000,19,11.0690,188.8416,47.7043,-0.2953,-10.5811
1769.000000,20,11.0690,188.7041,47.5162,-0.3459,-8.2224
1769.000000,21,11.0690,188.7633,47.6894,-0.2320,-9.7189
1769.000000,22,11.0690,188.8236,47.6307,-0.3510,-10.7941
1769.000000,23,11.0690,188.8850,47.6711,-0.3719,-11.1529
1769.000000,24,11.0690,188.9473,47.6713,-0.4341,-10.9871
1770.000000,0,10.9795,188.2798,47.6644,0.2266,-10.9049
1770.000000,1,10.9795,188.3451,47.6664,0.1633,-11.1299
1770.000000,2,10.9795,188.4115,47.6003,0.0308,-10.7768
1770.000000,3,10.9795,188.4789,47.7085,0.0716,-9.5866
1770.000000,4,10.9795,188.5472,47.5113,-0.1939,-8.0677
1770.000000,5,10.9795,188.3942,47.7100,0.1577,-10.4613
1770.000000,6,10.9795,188.4578,47.5944,-0.0215,-11.1893
1770.000000,7,10.9795,188.5225,47.6735,-0.0070,-11.0614
1770.000000,8,10.9795,188.5883,47.6633,-0.0829,-10.4082
1770.000000,9,10.9795,188.6549,47.6388,-0.1742,-9.1415
1770.000000,10,10.9795,188.5077,47.6588,-0.0069,-9.9066
1770.000000,11,10.9795,188.5697,47.6178,-0.1099,-10.9199
1770.000000,12,10.9795,188.6328,47.7125,-0.0783,-11.1372
1770.000000,13,10.9795,188.6969,47.6187,-0.2362,-10.9500
1770.000000,14,10.9795,188.7619,47.6642,-0.2558,-10.0137
1770.000000,15,10.9795,188.6203,47.6654,-0.1129,-9.0843
1770.000000,16,10.9795,188.6807,47.6643,-0.1744,-10.4156
1770.000000,17,10.9795,188.7422,47.6655,-0.2347,-11.0819
1770.000000,18,10.9795,188.8047,47.6037,-0.3590,-11.2125
1770.000000,19,10.9795,188.8682,47.7046,-0.3216,-10.5888
1770.000000,20,10.9795,188.7319,47.5190,-0.3709,-8.2437
1770.000000,21,10.9795,188.7908,47.6887,-0.2602,-9.7381
1770.000000,22,10.9795,188.8508,47.6331,-0.3757,-10.8057
1770.000000,23,10.9795,188.9118,47.6726,-0.3972,-11.1623
1770.000000,24,10.9795,188.9738,47.6703,-0.4615,-10.9963
1771.000000,0,10.8903,188.3085,47.6627,0.1961,-10.9147
1771.000000,1,10.8903,188.3734,47.6681,0.1366,-11.1389
1771.000000,2,10.8903,188.4394,47.6035,0.0061,-10.7877
1771.000000,3,10.8903,188.5064,47.7086,0.0442,-9.6054
1771.000000,4,10.8903,188.5744,47.5145,-0.2179,-8.0890
1771.000000,5,10.8903,188.4227,47.7100,0.1293,-10.4695
1771.000000,6,10.8903,188.4859,47.5940,-0.0500,-11.1989
1771.000000,7,10.8903,188.5503,47.6727,-0.0356,-11.0730
1771.000000,8,10.8903,188.6156,47.6641,-0.1095,-10.4201
1771.000000,9,10.8903,188.6819,47.6402,-0.1997,-9.1558
1771.000000,10,10.8903,188.5360,47.6588,-0.0352,-9.9178
1771.000000,11,10.8903,188.5976,47.6186,-0.1370,-10.9290
1771.000000,12,10.8903,188.6603,47.7125,-0.1059,-11.1468
1771.000000,13,10.8903,188.7240,47.6195,-0.2626,-10.9589
1771.000000,14,10.8903,188.7887,47.6641,-0.2826,-10.0241
1771.000000,15,10.8903,188.6483,47.6664,-0.1399,-9.0998
1771.000000,16,10.8903,188.7084,47.6650,-0.2014,-10.4279
1771.000000,17,10.8903,188.7695,47.6646,-0.2629,-11.0937
1771.000000,18,10.8903,188.8317,47.6033,-0.3864,-11.2222
1771.000000,19,10.8903,188.8948,47.7050,-0.3479,-10.5965
1771.000000,20,10.8903,188.7597,47.5218,-0.3960,-8.2650
1771.000000,21,10.8903,188.8183,47.6879,-0.2884,-9.7573
1771.000000,22,10.8903,188.8779,47.6355,-0.4005,-10.8174
1771.000000,23,10.8903,188.9385,47.6741,-0.4225,-11.1717
1771.000000,24,10.8903,189.0001,47.6692,-0.4890,-11.0056
1772.000000,0,10.8014,188.3372,47.6609,0.1657,-10.9245
1772.000000,1,10.8014,188.4017,47.6697,0.1100,-11.1480
1772.000000,2,10.8014,188.4673,47.6066,-0.0187,-10.7987
1772.000000,3,10.8014,188.5339,47.7086,0.0167,-9.6241
1772.000000,4,10.8014,188.6015,47.5177,-0.2418,-8.1103
1772.000000,5,10.8014,188.4512,47.7101,0.1009,-10.4778
1772.000000,6,10.8014,188.5140,47.5935,-0.0785,-11.2085
1772.000000,7,10.8014,188.5779,47.6718,-0.0642,-11.0846
1772.000000,8,10.8014,188.6429,47.6649,-0.1361,-10.4320
1772.000000,9,10.8014,188.7088,47.6417,-0.2252,-9.1700
1772.000000,10,10.8014,188.5642,47.6589,-0.0634,-9.9290
1772.000000,11,10.8014,188.6254,47.6194,-0.1640,-10.9381
1772.000000,12,10.8014,188.6878,47.7125,-0.1334,-11.1564
1772.000000,13,10.8014,188.7511,47.6203,-0.2889,-10.9677
1772.000000,14,10.8014,188.8154,47.6641,-0.3093,-10.0346
1772.000000,15,10.8014,188.6763,47.6674,-0.1669,-9.1152
1772.000000,16,10.8014,188.7360,47.6657,-0.2283,-10.4402
1772.000000,17,10.8014,188.7968,47.6637,-0.2911,-11.1055
1772.000000,18,10.8014,188.8586,47.6029,-0.4137,-11.2318
1772.000000,19,10.8014,188.9213,47.7053,-0.3741,-10.6042
1772.000000,20,10.8014,188.7875,47.5245,-0.4210,-8.2863
1772.000000,21,10.8014,188.8457,47.6872,-0.3165,-9.7763
1772.000000,22,10.8014,188.9050,47.6378,-0.4252,-10.8290
1772.000000,23,10.8014,188.9652,47.6755,-0.4478,-11.1811
1772.000000,24,10.8014,189.0265,47.6681,-0.5164,-11.0148
1773.000000,0,10.7128,188.3658,47.6592,0.1353,-10.9343
1773.000000,1,10.7128,188.4299,47.6713,0.0834,-11.1570
1773.000000,2,10.7128,188.4951,47.6096,-0.0435,-10.8096
1773.000000,3,10.7128,188.5614,47.7086,-0.0108,-9.6428
1773.000000,4,10.7128,188.6285,47.5208,-0.2658,-8.1315
1773.000000,5,10.7128,188.4795,47.7101,0.0725,-10.4861
1773.000000,6,10.7128,188.5420,47.5931,-0.1069,-11.2181
1773.000000,7,10.7128,188.6056,47.6710,-0.0926,-11.0961
1773.000000,8,10.7128,188.6701,47.6656,-0.1626,-10.4439
1773.000000,9,10.7128,188.7357,47.6431,-0.2507,-9.1843
1773.000000,10,10.7128,188.5923,47.6589,-0.0915,-9.9402
1773.000000,11,10.7128,188.6532,47.6203,-0.1910,-10.9472
1773.000000,12,10.7128,188.7152,47.7125,-0.1608,-11.1660
1773.000000,13,10.7128,188.7782,47.6211,-0.3152,-10.9766
1773.000000,14,10.7128,188.8421,47.6641,-0.3360,-10.0451
1773.000000,15,10.7128,188.7042,47.6684,-0.1938,-9.1307
1773.000000,16,10.7128,188.7636,47.6664,-0.2552,-10.4524
1773.000000,17,10.7128,188.8240,47.6628,-0.3192,-11.1172
1773.000000,18,10.7128,188.8854,47.6024,-0.4410,-11.2415
1773.000000,19,10.7128,188.9478,47.7055,-0.4003,-10.6120
1773.000000,20,10.7128,188.8152,47.5272,-0.4460,-8.3075
1773.000000,21,10.7128,188.8730,47.6864,-0.3446,-9.7953
1773.000000,22,10.7128,188.9319,47.6400,-0.4500,-10.8406
1773.000000,23,10.7128,188.9919,47.6769,-0.4731,-11.1904
1773.000000,24,10.7128,189.0528,47.6670,-0.5438,-11.0241
1774.000000,0,10.6245,188.3944,47.6574,0.1050,-10.9440
1774.000000,1,10.6245,188.4581,47.6729,0.0567,-11.1660
1774.000000,2,10.6245,188.5229,47.6126,-0.0684,-10.8205
1774.000000,3,10.6245,188.5887,47.7086,-0.0382,-9.6615
1774.000000,4,10.6245,188.6555,47.5238,-0.2898,-8.1526
1774.000000,5,10.6245,188.5079,47.7102,0.0442,-10.4944
1774.000000,6,10.6245,188.5700,47.5927,-0.1353,-11.2276
1774.000000,7,10.6245,188.6331,47.6701,-0.1210,-11.1076
1774.000000,8,10.6245,188.6973,47.6663,-0.1891,-10.4558
1774.000000,9,10.6245,188.7625,47.6444,-0.2761,-9.1986
1774.000000,10,10.6245,188.6204,47.6589,-0.1195,-9.9514
1774.000000,11,10.6245,188.6810,47.6211,-0.2179,-10.9562
1774.000000,12,10.6245,188.7426,47.7125,-0.1881,-11.1755
1774.000000,13,10.6245,188.8052,47.6218,-0.3414,-10.9854
1774.000000,14,10.6245,188.8687,47.6641,-0.3626,-10.0556
1774.000000,15,10.6245,188.7321,47.6694,-0.2207,-9.1462
1774.000000,16,10.6245,188.7911,47.6671,-0.2820,-10.4646
1774.000000,17,10.6245,188.8511,47.6619,-0.3472,-11.1289
1774.000000,18,10.6245,188.9122,47.6020,-0.4682,-11.2510
1774.000000,19,10.6245,188.9742,47.7058,-0.4265,-10.6198
1774.000000,20,10.6245,188.8428,47.5298,-0.4710,-8.3286
1774.000000,21,10.6245,188.9003,47.6857,-0.3727,-9.8142
1774.000000,22,10.6245,188.9589,47.6421,-0.4748,-10.8522
1774.000000,23,10.6245,189.0185,47.6782,-0.4983,-11.1997
1774.000000,24,10.6245,189.0790,47.6658,-0.5712,-11.0334
1775.000000,0,10.5365,188.4229,47.6556,0.0747,-10.9538
1775.000000,1,10.5365,188.4862,47.6743,0.0301,-11.1750
1775.000000,2,10.5365,188.5506,47.6154,-0.0933,-10.8315
1775.000000,3,10.5365,188.6161,47.7085,-0.0656,-9.6801
1775.000000,4,10.5365,188.6825,47.5268,-0.3137,-8.1737
1775.000000,5,10.5365,188.5361,47.7102,0.0160,-10.5027
1775.000000,6,10.5365,188.5979,47.5923,-0.1636,-11.2371
1775.000000,7,10.5365,188.6607,47.6693,-0.1494,-11.1190
1775.000000,8,10.5365,188.7245,47.6670,-0.2155,-10.4676
1775.000000,9,10.5365,188.7893,47.6457,-0.3015,-9.2129
1775.000000,10,10.5365,188.6485,47.6590,-0.1475,-9.9627
1775.000000,11,10.5365,188.7086,47.6218,-0.2448,-10.9653
1775.000000,12,10.5365,188.7699,47.7125,-0.2154,-11.1850
1775.000000,13,10.5365,188.8321,47.6226,-0.3676,-10.9943
1775.000000,14,10.5365,188.8953,47.6641,-0.3892,-10.0661
1775.000000,15,10.5365,188.7599,47.6703,-0.2475,-9.1616
1775.000000,16,10.5365,188.8185,47.6677,-0.3088,-10.4768
1775.000000,17,10.5365,188.8782,47.6610,-0.3752,-11.1405
1775.000000,18,10.5365,188.9389,47.6016,-0.4954,-11.2606
1775.000000,19,10.5365,189.0006,47.7061,-0.4526,-10.6276
1775.000000,20,10.5365,188.8703,47.5323,-0.4960,-8.3497
1775.000000,21,10.5365,188.9275,47.6849,-0.4007,-9.8331
1775.000000,22,10.5365,188.9857,47.6442,-0.4996,-10.8638
1775.000000,23,10.5365,189.0450,47.6794,-0.5236,-11.2090
1775.000000,24,10.5365,189.1052,47.6646,-0.5986,-11.0427
1776.000000,0,10.4488,188.4513,47.6538,0.0444,-10.9635
1776.000000,1,10.4488,188.5143,47.6758,0.0035,-11.1840
1776.000000,2,10.4488,188.5783,47.6182,-0.1182,-10.8425
1776.000000,3,10.4488,188.6434,47.7084,-0.0930,-9.6986
1776.000000,4,10.4488,188.7094,47.5297,-0.3377,-8.1948
1776.000000,5,10.4488,188.5643,47.7102,-0.0122,-10.5111
1776.000000,6,10.4488,188.6257,47.5919,-0.1918,-11.2466
1776.000000,7,10.4488,188.6881,47.6685,-0.1777,-11.1304
1776.000000,8,10.4488,188.7516,47.6677,-0.2419,-10.4794
1776.000000,9,10.4488,188.8160,47.6471,-0.3269,-9.2272
1776.000000,10,10.4488,188.6764,47.6590,-0.1754,-9.9739
1776.000000,11,10.4488,188.7362,47.6226,-0.2717,-10.9743
1776.000000,12,10.4488,188.7971,47.7125,-0.2427,-11.1945
1776.000000,13,10.4488,188.8590,47.6233,-0.3937,-11.0031
1776.000000,14,10.4488,188.9218,47.6642,-0.4157,-10.0765
1776.000000,15,10.4488,188.7876,47.6713,-0.2743,-9.1771
1776.000000,16,10.4488,188.8459,47.6684,-0.3355,-10.4890
1776.000000,17,10.4488,188.9052,47.6602,-0.4031,-11.1521
1776.000000,18,10.4488,188.9656,47.6012,-0.5224,-11.2701
1776.000000,19,10.4488,189.0269,47.7063,-0.4787,-10.6354
1776.000000,20,10.4488,188.8978,47.5348,-0.5210,-8.3707
1776.000000,21,10.4488,188.9547,47.6841,-0.4286,-9.8518
1776.000000,22,10.4488,189.0126,47.6461,-0.5245,-10.8754
1776.000000,23,10.4488,189.0715,47.6807,-0.5488,-11.2183
1776.000000,24,10.4488,189.1313,47.6634,-0.6260,-11.0519
1777.000000,0,10.3614,188.4797,47.6520,0.0142,-10.9733
1777.000000,1,10.3614,188.5423,47.6771,-0.0232,-11.1929
1777.000000,2,10.3614,188.6059,47.6208,-0.1431,-10.8534
1777.000000,3,10.3614,188.6706,47.7082,-0.1204,-9.7170
1777.000000,4,10.3614,188.7362,47.5325,-0.3617,-8.2158
1777.000000,5,10.3614,188.5925,47.7102,-0.0403,-10.5194
1777.000000,6,10.3614,188.6535,47.5915,-0.2200,-11.2560
1777.000000,7,10.3614,188.7155,47.6676,-0.2059,-11.1417
1777.000000,8,10.3614,188.7786,47.6684,-0.2682,-10.4912
1777.000000,9,10.3614,188.8426,47.6483,-0.3523,-9.2414
1777.000000,10,10.3614,188.7043,47.6591,-0.2033,-9.9851
1777.000000,11,10.3614,188.7638,47.6234,-0.2984,-10.9834
1777.000000,12,10.3614,188.8243,47.7125,-0.2699,-11.2039
1777.000000,13,10.3614,188.8858,47.6241,-0.4198,-11.0119
1777.000000,14,10.3614,188.9483,47.6642,-0.4422,-10.0871
1777.000000,15,10.3614,188.8152,47.6722,-0.3011,-9.1925
1777.000000,16,10.3614,188.8732,47.6690,-0.3622,-10.5011
1777.000000,17,10.3614,188.9322,47.6593,-0.4310,-11.1636
1777.000000,18,10.3614,188.9922,47.6008,-0.5495,-11.2796
1777.000000,19,10.3614,189.0532,47.7065,-0.5047,-10.6432
1777.000000,20,10.3614,188.9252,47.5373,-0.5460,-8.3916
1777.000000,21,10.3614,188.9817,47.6832,-0.4565,-9.8705
1777.000000,22,10.3614,189.0393,47.6481,-0.5493,-10.8870
1777.000000,23,10.3614,189.0979,47.6819,-0.5741,-11.2276
1777.000000,24,10.3614,189.1574,47.6622,-0.6533,-11.0612
1778.000000,0,10.2743,188.5080,47.6501,-0.0159,-10.9830
1778.000000,1,10.2743,188.5702,47.6785,-0.0498,-11.2019
1778.000000,2,10.2743,188.6335,47.6234,-0.1681,-10.8644
1778.000000,3,10.2743,188.6978,47.7080,-0.1478,-9.7354
1778.000000,4,10.2743,188.7630,47.5353,-0.3857,-8.2368
1778.000000,5,10.2743,188.6205,47.7102,-0.0684,-10.5278
1778.000000,6,10.2743,188.6812,47.5911,-0.2481,-11.2654
1778.000000,7,10.2743,188.7429,47.6668,-0.2341,-11.1530
1778.000000,8,10.2743,188.8056,47.6691,-0.2945,-10.5030
1778.000000,9,10.2743,188.8692,47.6496,-0.3777,-9.2557
1778.000000,10,10.2743,188.7322,47.6591,-0.2311,-9.9963
1778.000000,11,10.2743,188.7913,47.6241,-0.3252,-10.9924
1778.000000,12,10.2743,188.8514,47.7125,-0.2970,-11.2134
1778.000000,13,10.2743,188.9126,47.6248,-0.4458,-11.0207
1778.000000,14,10.2743,188.9747,47.6642,-0.4686,-10.0976
1778.000000,15,10.2743,188.8428,47.6731,-0.3278,-9.2079
1778.000000,16,10.2743,188.9005,47.6696,-0.3889,-10.5132
1778.000000,17,10.2743,188.9591,47.6584,-0.4588,-11.1751
1778.000000,18,10.2743,189.0188,47.6004,-0.5764,-11.2890
1778.000000,19,10.2743,189.0794,47.7067,-0.5308,-10.6511
1778.000000,20,10.2743,188.9526,47.5397,-0.5709,-8.4125
1778.000000,21,10.2743,189.0088,47.6824,-0.4844,-9.8891
1778.000000,22,10.2743,189.0660,47.6499,-0.5741,-10.8986
1778.000000,23,10.2743,189.1242,47.6830,-0.5993,-11.2368
1778.000000,24,10.2743,189.1834,47.6609,-0.6806,-11.0705
1779.000000,0,10.1875,188.5363,47.6483,-0.0460,-10.9927
1779.000000,1,10.1875,188.5981,47.6798,-0.0764,-11.2108
1779.000000,2,10.1875,188.6610,47.6259,-0.1931,-10.8754
1779.000000,3,10.1875,188.7249,47.7078,-0.1751,-9.7538
1779.000000,4,10.1875,188.7897,47.5381,-0.4097,-8.2577
1779.000000,5,10.1875,188.6486,47.7101,-0.0965,-10.5362
1779.000000,6,10.1875,188.7088,47.5913,-0.2755,-11.2742
1779.000000,7,10.1875,188.7701,47.6659,-0.2622,-11.1643
1779.000000,8,10.1875,188.8325,47.6697,-0.3208,-10.5148
1779.000000,9,10.1875,188.8958,47.6508,-0.4030,-9.2700
1779.000000,10,10.1875,188.7599,47.6592,-0.2588,-10.0075
1779.000000,11,10.1875,188.8187,47.6249,-0.3518,-11.0014
1779.000000,12,10.1875,188.8785,47.7125,-0.3241,-11.2227
1779.000000,13,10.1875,188.9393,47.6255,-0.4718,-11.0295
1779.000000,14,10.1875,189.0011,47.6642,-0.4949,-10.1081
1779.000000,15,10.1875,188.8704,47.6739,-0.3545,-9.2233
1779.000000,16,10.1875,188.9277,47.6702,-0.4155,-10.5252
1779.000000,17,10.1875,188.9860,47.6575,-0.4865,-11.1866
1779.000000,18,10.1875,189.0453,47.6001,-0.6033,-11.2984
1779.000000,19,10.1875,189.1056,47.7069,-0.5567,-10.6590
1779.000000,20,10.1875,188.9799,47.5421,-0.5959,-8.4334
1779.000000,21,10.1875,189.0357,47.6816,-0.5122,-9.9076
1779.000000,22,10.1875,189.0926,47.6517,-0.5990,-10.9101
1779.000000,23,10.1875,189.1505,47.6841,-0.6245,-11.2461
1779.000000,24,10.1875,189.2094,47.6596,-0.7078,-11.0798
1780.000000,0,10.1010,188.5644,47.6464,-0.0761,-11.0024
1780.000000,1,10.1010,188.6259,47.6810,-0.1029,-11.2198
1780.000000,2,10.1010,188.6884,47.6284,-0.2181,-10.8863
1780.000000,3,10.1010,188.7519,47.7075,-0.2025,-9.7721
1780.000000,4,10.1010,188.8164,47.5408,-0.4337,-8.2786
1780.000000,5,10.1010,188.6765,47.7101,-0.1244,-10.5447
1780.000000,6,10.1010,188.7364,47.5925,-0.3019,-11.2818
1780.000000,7,10.1010,188.7974,47.6651,-0.2903,-11.1755
1780.000000,8,10.1010,188.8593,47.6704,-0.3470,-10.5265
1780.000000,9,10.1010,188.9223,47.6520,-0.4283,-9.2844
1780.000000,10,10.1010,188.7876,47.6593,-0.2864,-10.0187
1780.000000,11,10.1010,188.8460,47.6256,-0.3785,-11.0104
1780.000000,12,10.1010,188.9055,47.7125,-0.3511,-11.2321
1780.000000,13,10.1010,188.9659,47.6262,-0.4978,-11.0383
1780.000000,14,10.1010,189.0274,47.6642,-0.5212,-10.1186
1780.000000,15,10.1010,188.8978,47.6747,-0.3811,-9.2387
1780.000000,16,10.1010,188.9548,47.6708,-0.4420,-10.5373
1780.000000,17,10.1010,189.0128,47.6567,-0.5141,-11.1979
1780.000000,18,10.1010,189.0718,47.5997,-0.6301,-11.3078
1780.000000,19,10.1010,189.1317,47.7071,-0.5827,-10.6669
1780.000000,20,10.1010,189.0071,47.5444,-0.6208,-8.4542
1780.000000,21,10.1010,189.0626,47.6807,-0.5400,-9.9260
1780.000000,22,10.1010,189.1192,47.6535,-0.6238,-10.9217
1780.000000,23,10.1010,189.1768,47.6852,-0.6497,-11.2553
1780.000000,24,10.1010,189.2353,47.6583,-0.7350,-11.0890
1781.000000,0,10.0147,188.5926,47.6445,-0.1061,-11.0121
1781.000000,1,10.0147,188.6536,47.6822,-0.1295,-11.2287
1781.000000,2,10.0147,188.7158,47.6307,-0.2431,-10.8973
1781.000000,3,10.0147,188.7790,47.7072,-0.2298,-9.7903
1781.000000,4,10.0147,188.8431,47.5434,-0.4577,-8.2994
1781.000000,5,10.0147,188.7044,47.7101,-0.1524,-10.5531
1781.000000,6,10.0147,188.7639,47.5937,-0.3283,-11.2895
1781.000000,7,10.0147,188.8245,47.6643,-0.3183,-11.1867
1781.000000,8,10.0147,188.8861,47.6710,-0.3732,-10.5382
1781.000000,9,10.0147,188.9487,47.6532,-0.4536,-9.2987
1781.000000,10,10.0147,188.8153,47.6593,-0.3140,-10.0299
1781.000000,11,10.0147,188.8733,47.6263,-0.4050,-11.0194
1781.000000,12,10.0147,188.9324,47.7125,-0.3780,-11.2414
1781.000000,13,10.0147,188.9926,47.6269,-0.5237,-11.0471
1781.000000,14,10.0147,189.0536,47.6642,-0.5474,-10.1291
1781.000000,15,10.0147,188.9253,47.6756,-0.4077,-9.2541
1781.000000,16,10.0147,188.9819,47.6714,-0.4685,-10.5493
1781.000000,17,10.0147,189.0395,47.6558,-0.5417,-11.2093
1781.000000,18,10.0147,189.0982,47.5993,-0.6569,-11.3172
1781.000000,19,10.0147,189.1578,47.7073,-0.6085,-10.6748
1781.000000,20,10.0147,189.0343,47.5466,-0.6457,-8.4749
1781.000000,21,10.0147,189.0895,47.6798,-0.5677,-9.9443
1781.000000,22,10.0147,189.1457,47.6551,-0.6487,-10.9332
1781.000000,23,10.0147,189.2030,47.6862,-0.6749,-11.2645
1781.000000,24,10.0147,189.2612,47.6570,-0.7622,-11.0983
1782.000000,0,9.9288,188.6206,47.6426,-0.1360,-11.0218
1782.000000,1,9.9288,188.6813,47.6833,-0.1561,-11.2376
1782.000000,2,9.9288,188.7431,47.6330,-0.2682,-10.9082
1782.000000,3,9.9288,188.8059,47.7069,-0.2570,-9.8084
1782.000000,4,9.9288,188.8697,47.5460,-0.4817,-8.3202
1782.000000,5,9.9288,188.7322,47.7100,-0.1802,-10.5615
1782.000000,6,9.9288,188.7914,47.5948,-0.3546,-11.2971
1782.000000,7,9.9288,188.8516,47.6634,-0.3463,-11.1978
1782.000000,8,9.9288,188.9129,47.6716,-0.3993,-10.5499
1782.000000,9,9.9288,188.9751,47.6543,-0.4788,-9.3130
1782.000000,10,9.9288,188.8429,47.6594,-0.3415,-10.0411
1782.000000,11,9.9288,188.9006,47.6271,-0.4316,-11.0284
1782.000000,12,9.9288,188.9593,47.7125,-0.4049,-11.2507
1782.000000,13,9.9288,189.0191,47.6276,-0.5495,-11.0559
1782.000000,14,9.9288,189.0798,47.6642,-0.5736,-10.1396
1782.000000,15,9.9288,188.9526,47.6764,-0.4343,-9.2695
1782.000000,16,9.9288,189.0089,47.6720,-0.4949,-10.5613
1782.000000,17,9.9288,189.0662,47.6550,-0.5693,-11.2205
1782.000000,18,9.9288,189.1245,47.5989,-0.6836,-11.3264
1782.000000,19,9.9288,189.1838,47.7074,-0.6344,-10.6827
1782.000000,20,9.9288,189.0614,47.5489,-0.6706,-8.4956
1782.000000,21,9.9288,189.1163,47.6790,-0.5953,-9.9626
1782.000000,22,9.9288,189.1722,47.6567,-0.6735,-10.9447
1782.000000,23,9.9288,189.2291,47.6872,-0.7000,-11.2737
1782.000000,24,9.9288,189.2870,47.6556,-0.7894,-11.1076
1783.000000,0,9.8431,188.6486,47.6407,-0.1659,-11.0315
1783.000000,1,9.8431,188.7090,47.6844,-0.1826,-11.2465
1783.000000,2,9.8431,188.7704,47.6352,-0.2932,-10.9192
1783.000000,3,9.8431,188.8328,47.7066,-0.2843,-9.8265
1783.000000,4,9.8431,188.8962,47.5486,-0.5057,-8.3409
1783.000000,5,9.8431,188.7600,47.7100,-0.2080,-10.5700
1783.000000,6,9.8431,188.8188,47.5959,-0.3810,-11.3048
1783.000000,7,9.8431,188.8787,47.6626,-0.3741,-11.2088
1783.000000,8,9.8431,188.9396,47.6722,-0.4254,-10.5615
1783.000000,9,9.8431,189.0015,47.6554,-0.5040,-9.3273
1783.000000,10,9.8431,188.8704,47.6594,-0.3690,-10.0523
1783.000000,11,9.8431,188.9278,47.6278,-0.4580,-11.0373
1783.000000,12,9.8431,188.9862,47.7125,-0.4317,-11.2600
1783.000000,13,9.8431,189.0456,47.6283,-0.5753,-11.0646
1783.000000,14,9.8431,189.1060,47.6643,-0.5997,-10.1502
1783.000000,15,9.8431,188.9799,47.6771,-0.4608,-9.2848
1783.000000,16,9.8431,189.0358,47.6726,-0.5213,-10.5732
1783.000000,17,9.8431,189.0928,47.6541,-0.5967,-11.2318
1783.000000,18,9.8431,189.1508,47.5986,-0.7103,-11.3357
1783.000000,19,9.8431,189.2097,47.7076,-0.6602,-10.6907
1783.000000,20,9.8431,189.0884,47.5511,-0.6954,-8.5162
1783.000000,21,9.8431,189.1430,47.6781,-0.6229,-9.9808
1783.000000,22,9.8431,189.1986,47.6583,-0.6983,-10.9562
1783.000000,23,9.8431,189.2552,47.6881,-0.7251,-11.2828
1783.000000,24,9.8431,189.3127,47.6543,-0.8165,-11.1168
1784.000000,0,9.7578,188.6766,47.6388,-0.1958,-11.0412
1784.000000,1,9.7578,188.7365,47.6855,-0.2091,-11.2554
1784.000000,2,9.7578,188.7976,47.6373,-0.3183,-10.9302
1784.000000,3,9.7578,188.8597,47.7062,-0.3115,-9.8445
1784.000000,4,9.7578,188.9227,47.5510,-0.5297,-8.3616
1784.000000,5,9.7578,188.7877,47.7099,-0.2358,-10.5785
1784.000000,6,9.7578,188.8462,47.5970,-0.4072,-11.3125
1784.000000,7,9.7578,188.9057,47.6618,-0.4020,-11.2198
1784.000000,8,9.7578,188.9662,47.6728,-0.4515,-10.5731
1784.000000,9,9.7578,189.0277,47.6565,-0.5292,-9.3416
1784.000000,10,9.7578,188.8978,47.6595,-0.3964,-10.0636
1784.000000,11,9.7578,188.9549,47.6285,-0.4845,-11.0463
1784.000000,12,9.7578,189.0130,47.7125,-0.4585,-11.2692
1784.000000,13,9.7578,189.0720,47.6290,-0.6011,-11.0734
1784.000000,14,9.7578,189.1321,47.6643,-0.6258,-10.1607
1784.000000,15,9.7578,189.0071,47.6779,-0.4872,-9.3001
1784.000000,16,9.7578,189.0627,47.6731,-0.5476,-10.5851
1784.000000,17,9.7578,189.1194,47.6533,-0.6242,-11.2430
1784.000000,18,9.7578,189.1770,47.5982,-0.7368,-11.3449
1784.000000,19,9.7578,189.2356,47.7077,-0.6860,-10.6986
1784.000000,20,9.7578,189.1154,47.5532,-0.7202,-8.5367
1784.000000,21,9.7578,189.1697,47.6772,-0.6505,-9.9989
1784.000000,22,9.7578,189.2249,47.6598,-0.7232,-10.9677
1784.000000,23,9.7578,189.2812,47.6890,-0.7502,-11.2920
1784.000000,24,9.7578,189.3384,47.6529,-0.8436,-11.1261
1785.000000,0,9.6727,188.7044,47.6369,-0.2255,-11.0508
1785.000000,1,9.6727,188.7641,47.6865,-0.2356,-11.2642
1785.000000,2,9.6727,188.8248,47.6394,-0.3434,-10.9411
1785.000000,3,9.6727,188.8865,47.7058,-0.3387,-9.8625
1785.000000,4,9.6727,188.9491,47.5535,-0.5537,-8.3823
1785.000000,5,9.6727,188.8153,47.7099,-0.2635,-10.5870
1785.000000,6,9.6727,188.8734,47.5980,-0.4335,-11.3201
1785.000000,7,9.6727,188.9326,47.6610,-0.4297,-11.2308
1785.000000,8,9.6727,188.9928,47.6734,-0.4775,-10.5847
1785.000000,9,9.6727,189.0540,47.6576,-0.5544,-9.3559
1785.000000,10,9.6727,188.9252,47.6596,-0.4237,-10.0747
1785.000000,11,9.6727,188.9819,47.6292,-0.5108,-11.0552
1785.000000,12,9.6727,189.0397,47.7125,-0.4852,-11.2784
1785.000000,13,9.6727,189.0984,47.6296,-0.6268,-11.0821
1785.000000,14,9.6727,189.1581,47.6643,-0.6518,-10.1712
1785.000000,15,9.6727,189.0343,47.6786,-0.5137,-9.3155
1785.000000,16,9.6727,189.0895,47.6736,-0.5739,-10.5970
1785.000000,17,9.6727,189.1459,47.6524,-0.6515,-11.2541
1785.000000,18,9.6727,189.2032,47.5979,-0.7634,-11.3541
1785.000000,19,9.6727,189.2615,47.7078,-0.7117,-10.7066
1785.000000,20,9.6727,189.1423,47.5553,-0.7450,-8.5572
1785.000000,21,9.6727,189.1963,47.6763,-0.6780,-10.0169
1785.000000,22,9.6727,189.2512,47.6613,-0.7480,-10.9791
1785.000000,23,9.6727,189.3072,47.6899,-0.7753,-11.3011
1785.000000,24,9.6727,189.3641,47.6515,-0.8706,-11.1353
1786.000000,0,9.5879,188.7322,47.6350,-0.2553,-11.0605
1786.000000,1,9.5879,188.7915,47.6875,-0.2621,-11.2731
1786.000000,2,9.5879,188.8518,47.6414,-0.3685,-10.9520
1786.000000,3,9.5879,188.9132,47.7054,-0.3658,-9.8804
1786.000000,4,9.5879,188.9755,47.5559,-0.5776,-8.4028
1786.000000,5,9.5879,188.8429,47.7098,-0.2911,-10.5955
1786.000000,6,9.5879,188.9007,47.5990,-0.4597,-11.3278
1786.000000,7,9.5879,188.9595,47.6601,-0.4574,-11.2417
1786.000000,8,9.5879,189.0194,47.6740,-0.5034,-10.5963
1786.000000,9,9.5879,189.0802,47.6587,-0.5795,-9.3702
1786.000000,10,9.5879,188.9526,47.6596,-0.4510,-10.0859
1786.000000,11,9.5879,189.0089,47.6298,-0.5371,-11.0641
1786.000000,12,9.5879,189.0663,47.7125,-0.5119,-11.2876
1786.000000,13,9.5879,189.1247,47.6303,-0.6525,-11.0908
1786.000000,14,9.5879,189.1841,47.6643,-0.6778,-10.1818
1786.000000,15,9.5879,189.0613,47.6794,-0.5400,-9.3308
1786.000000,16,9.5879,189.1163,47.6742,-0.6002,-10.6088
1786.000000,17,9.5879,189.1723,47.6516,-0.6788,-11.2652
1786.000000,18,9.5879,189.2293,47.5975,-0.7898,-11.3633
1786.000000,19,9.5879,189.2873,47.7080,-0.7373,-10.7146
1786.000000,20,9.5879,189.1692,47.5574,-0.7698,-8.5777
1786.000000,21,9.5879,189.2228,47.6754,-0.7055,-10.0349
1786.000000,22,9.5879,189.2775,47.6627,-0.7728,-10.9906
1786.000000,23,9.5879,189.3331,47.6907,-0.8004,-11.3101
1786.000000,24,9.5879,189.3897,47.6501,-0.8977,-11.1446
1787.000000,0,9.5033,188.7600,47.6331,-0.2849,-11.0701
1787.000000,1,9.5033,188.8189,47.6884,-0.2885,-11.2819
1787.000000,2,9.5033,188.8789,47.6434,-0.3936,-10.9630
1787.000000,3,9.5033,188.9399,47.7050,-0.3929,-9.8982
1787.000000,4,9.5033,189.0018,47.5583,-0.6016,-8.4234
1787.000000,5,9.5033,188.8704,47.7097,-0.3187,-10.6040
1787.000000,6,9.5033,188.9278,47.6000,-0.4859,-11.3354
1787.000000,7,9.5033,188.9863,47.6593,-0.4850,-11.2526
1787.000000,8,9.5033,189.0458,47.6745,-0.5293,-10.6078
1787.000000,9,9.5033,189.1063,47.6597,-0.6046,-9.3845
1787.000000,10,9.5033,188.9798,47.6597,-0.4782,-10.0971
1787.000000,11,9.5033,189.0359,47.6305,-0.5634,-11.0730
1787.000000,12,9.5033,189.0929,47.7125,-0.5385,-11.2967
1787.000000,13,9.5033,189.1510,47.6309,-0.6781,-11.0995
1787.000000,14,9.5033,189.2100,47.6644,-0.7037,-10.1923
1787.000000,15,9.5033,189.0884,47.6801,-0.5663,-9.3460
1787.000000,16,9.5033,189.1430,47.6747,-0.6264,-10.6206
1787.000000,17,9.5033,189.1987,47.6508,-0.7060,-11.2762
1787.000000,18,9.5033,189.2554,47.5972,-0.8162,-11.3724
1787.000000,19,9.5033,189.3130,47.7081,-0.7630,-10.7226
1787.000000,20,9.5033,189.1960,47.5594,-0.7946,-8.5981
1787.000000,21,9.5033,189.2493,47.6745,-0.7328,-10.0527
1787.000000,22,9.5033,189.3036,47.6640,-0.7977,-11.0020
1787.000000,23,9.5033,189.3590,47.6915,-0.8255,-11.3192
1787.000000,24,9.5033,189.4152,47.6486,-0.9246,-11.1538
1788.000000,0,9.4191,188.7877,47.6312,-0.3145,-11.0797
1788.000000,1,9.4191,188.8462,47.6893,-0.3150,-11.2907
1788.000000,2,9.4191,188.9059,47.6452,-0.4187,-10.9739
1788.000000,3,9.4191,188.9665,47.7045,-0.4200,-9.9160
1788.000000,4,9.4191,189.0281,47.5606,-0.6256,-8.4438
1788.000000,5,9.4191,188.8978,47.7096,-0.3462,-10.6125
1788.000000,6,9.4191,188.9549,47.6010,-0.5120,-11.3431
1788.000000,7,9.4191,189.0131,47.6585,-0.5126,-11.2635
1788.000000,8,9.4191,189.0723,47.6751,-0.5552,-10.6193
1788.000000,9,9.4191,189.1324,47.6607,-0.6297,-9.3988
1788.000000,10,9.4191,189.0070,47.6598,-0.5053,-10.1083
1788.000000,11,9.4191,189.0627,47.6312,-0.5896,-11.0819
1788.000000,12,9.4191,189.1195,47.7125,-0.5651,-11.3058
1788.000000,13,9.4191,189.1772,47.6316,-0.7037,-11.1082
1788.000000,14,9.4191,189.2359,47.6644,-0.7296,-10.2028
1788.000000,15,9.4191,189.1153,47.6807,-0.5926,-9.3613
1788.000000,16,9.4191,189.1697,47.6752,-0.6525,-10.6324
1788.000000,17,9.4191,189.2250,47.6499,-0.7331,-11.2872
1788.000000,18,9.4191,189.2814,47.5969,-0.8425,-11.3815
1788.000000,19,9.4191,189.3387,47.7082,-0.7886,-10.7306
1788.000000,20,9.4191,189.2227,47.5614,-0.8193,-8.6184
1788.000000,21,9.4191,189.2757,47.6736,-0.7602,-10.0705
1788.000000,22,9.4191,189.3297,47.6653,-0.8225,-11.0133
1788.000000,23,9.4191,189.3848,47.6923,-0.8505,-11.3283
1788.000000,24,9.4191,189.4407,47.6472,-0.9516,-11.1630
1789.000000,0,9.3351,188.8153,47.6292,-0.3441,-11.0893
1789.000000,1,9.3351,188.8735,47.6902,-0.3414,-11.2995
1789.000000,2,9.3351,188.9328,47.6471,-0.4438,-10.9848
1789.000000,3,9.3351,188.9931,47.7040,-0.4471,-9.9336
1789.000000,4,9.3351,189.0543,47.5628,-0.6495,-8.4643
1789.000000,5,9.3351,188.9252,47.7095,-0.3737,-10.6210
1789.000000,6,9.3351,188.9820,47.6019,-0.5381,-11.3508
1789.000000,7,9.3351,189.0398,47.6577,-0.5401,-11.2742
1789.000000,8,9.3351,189.0986,47.6756,-0.5810,-10.6308
1789.000000,9,9.3351,189.1584,47.6617,-0.6548,-9.4131
1789.000000,10,9.3351,189.0342,47.6599,-0.5324,-10.1195
1789.000000,11,9.3351,189.0896,47.6318,-0.6158,-11.0908
1789.000000,12,9.3351,189.1460,47.7125,-0.5916,-11.3149
1789.000000,13,9.3351,189.2034,47.6322,-0.7292,-11.1169
1789.000000,14,9.3351,189.2617,47.6644,-0.7554,-10.2133
1789.000000,15,9.3351,189.1422,47.6814,-0.6189,-9.3766
1789.000000,16,9.3351,189.1963,47.6757,-0.6786,-10.6442
1789.000000,17,9.3351,189.2513,47.6491,-0.7602,-11.2981
1789.000000,18,9.3351,189.3073,47.5966,-0.8688,-11.3905
1789.000000,19,9.3351,189.3643,47.7082,-0.8141,-10.7386
1789.000000,20,9.3351,189.2494,47.5634,-0.8440,-8.6386
1789.000000,21,9.3351,189.3021,47.6726,-0.7875,-10.0882
1789.000000,22,9.3351,189.3558,47.6665,-0.8473,-11.0247
1789.000000,23,9.3351,189.4105,47.6931,-0.8755,-11.3373
1789.000000,24,9.3351,189.4661,47.6458,-0.9784,-11.1722
1790.000000,0,9.2514,188.8428,47.6273,-0.3735,-11.0989
1790.000000,1,9.2514,188.9007,47.6910,-0.3677,-11.3082
1790.000000,2,9.2514,188.9597,47.6488,-0.4689,-10.9957
1790.000000,3,9.2514,189.0196,47.7035,-0.4741,-9.9513
1790.000000,4,9.2514,189.0805,47.5651,-0.6735,-8.4846
1790.000000,5,9.2514,188.9525,47.7094,-0.4011,-10.6296
1790.000000,6,9.2514,189.0090,47.6028,-0.5642,-11.3584
1790.000000,7,9.2514,189.0665,47.6569,-0.5676,-11.2850
1790.000000,8,9.2514,189.1249,47.6762,-0.6068,-10.6423
1790.000000,9,9.2514,189.1844,47.6627,-0.6798,-9.4273
1790.000000,10,9.2514,189.0613,47.6599,-0.5594,-10.1307
1790.000000,11,9.2514,189.1163,47.6325,-0.6419,-11.0997
1790.000000,12,9.2514,189.1724,47.7125,-0.6180,-11.3239
1790.000000,13,9.2514,189.2295,47.6328,-0.7547,-11.1256
1790.000000,14,9.2514,189.2875,47.6645,-0.7811,-10.2239
1790.000000,15,9.2514,189.1691,47.6821,-0.6450,-9.3918
1790.000000,16,9.2514,189.2228,47.6762,-0.7046,-10.6559
1790.000000,17,9.2514,189.2775,47.6483,-0.7872,-11.3090
1790.000000,18,9.2514,189.3332,47.5965,-0.8948,-11.3993
1790.000000,19,9.2514,189.3899,47.7083,-0.8396,-10.7467
1790.000000,20,9.2514,189.2760,47.5653,-0.8687,-8.6588
1790.000000,21,9.2514,189.3284,47.6717,-0.8147,-10.1058
1790.000000,22,9.2514,189.3818,47.6677,-0.8721,-11.0360
1790.000000,23,9.2514,189.4362,47.6938,-0.9004,-11.3463
1790.000000,24,9.2514,189.4915,47.6443,-1.0053,-11.1814
1791.000000,0,9.1680,188.8703,47.6254,-0.4030,-11.1084
1791.000000,1,9.1680,188.9279,47.6918,-0.3941,-11.3170
1791.000000,2,9.1680,188.9865,47.6505,-0.4940,-11.0065
1791.000000,3,9.1680,189.0461,47.7030,-0.5011,-9.9688
1791.000000,4,9.1680,189.1066,47.5672,-0.6974,-8.5050
1791.000000,5,9.1680,188.9798,47.7093,-0.4285,-10.6381
1791.000000,6,9.1680,189.0359,47.6037,-0.5902,-11.3661
1791.000000,7,9.1680,189.0930,47.6561,-0.5950,-11.2957
1791.000000,8,9.1680,189.1512,47.6767,-0.6326,-10.6537
1791.000000,9,9.1680,189.2103,47.6636,-0.7047,-9.4416
1791.000000,10,9.1680,189.0883,47.6600,-0.5863,-10.1418
1791.000000,11,9.1680,189.1430,47.6331,-0.6679,-11.1085
1791.000000,12,9.1680,189.1988,47.7125,-0.6444,-11.3329
1791.000000,13,9.1680,189.2555,47.6335,-0.7801,-11.1343
1791.000000,14,9.1680,189.3132,47.6645,-0.8068,-10.2344
1791.000000,15,9.1680,189.1958,47.6827,-0.6712,-9.4070
1791.000000,16,9.1680,189.2492,47.6767,-0.7306,-10.6675
1791.000000,17,9.1680,189.3037,47.6475,-0.8142,-11.3198
1791.000000,18,9.1680,189.3591,47.5976,-0.9195,-11.4067
1791.000000,19,9.1680,189.4154,47.7084,-0.8651,-10.7547
1791.000000,20,9.1680,189.3025,47.5672,-0.8934,-8.6790
1791.000000,21,9.1680,189.3546,47.6708,-0.8419,-10.1233
1791.000000,22,9.1680,189.4077,47.6689,-0.8969,-11.0474
1791.000000,23,9.1680,189.4618,47.6945,-0.9254,-11.3552
1791.000000,24,9.1680,189.5169,47.6428,-1.0321,-11.1906
1792.000000,0,9.0848,188.8978,47.6235,-0.4323,-11.1180
1792.000000,1,9.0848,188.9550,47.6926,-0.4204,-11.3257
1792.000000,2,9.0848,189.0132,47.6522,-0.5191,-11.0174
1792.000000,3,9.0848,189.0725,47.7025,-0.5281,-9.9863
1792.000000,4,9.0848,189.1327,47.5694,-0.7213,-8.5252
1792.000000,5,9.0848,189.0070,47.7092,-0.4558,-10.6466
1792.000000,6,9.0848,189.0627,47.6046,-0.6162,-11.3738
1792.000000,7,9.0848,189.1196,47.6553,-0.6223,-11.3063
1792.000000,8,9.0848,189.1774,47.6772,-0.6583,-10.6651
1792.000000,9,9.0848,189.2362,47.6645,-0.7297,-9.4559
1792.000000,10,9.0848,189.1152,47.6601,-0.6132,-10.1530
1792.000000,11,9.0848,189.1696,47.6337,-0.6939,-11.1173
1792.000000,12,9.0848,189.2251,47.7125,-0.6707,-11.3419
1792.000000,13,9.0848,189.2815,47.6341,-0.8055,-11.1429
1792.000000,14,9.0848,189.3389,47.6645,-0.8324,-10.2449
1792.000000,15,9.0848,189.2226,47.6833,-0.6973,-9.4222
1792.000000,16,9.0848,189.2756,47.6772,-0.7565,-10.6792
1792.000000,17,9.0848,189.3298,47.6467,-0.8411,-11.3305
1792.000000,18,9.0848,189.3849,47.5986,-0.9443,-11.4142
1792.000000,19,9.0848,189.4409,47.7084,-0.8905,-10.7628
1792.000000,20,9.0848,189.3290,47.5690,-0.9180,-8.6991
1792.000000,21,9.0848,189.3808,47.6698,-0.8690,-10.1408
1792.000000,22,9.0848,189.4336,47.6700,-0.9216,-11.0586
1792.000000,23,9.0848,189.4874,47.6951,-0.9503,-11.3642
1792.000000,24,9.0848,189.5421,47.6413,-1.0588,-11.1998
1793.000000,0,9.0019,188.9251,47.6216,-0.4616,-11.1275
1793.000000,1,9.0019,188.9820,47.6933,-0.4467,-11.3344
1793.000000,2,9.0019,189.0399,47.6538,-0.5442,-11.0282
1793.000000,3,9.0019,189.0988,47.7019,-0.5550,-10.0037
1793.000000,4,9.0019,189.1587,47.5715,-0.7452,-8.5455
1793.000000,5,9.0019,189.0341,47.7091,-0.4830,-10.6552
1793.000000,6,9.0019,189.0895,47.6054,-0.6422,-11.3814
1793.000000,7,9.0019,189.1461,47.6545,-0.6496,-11.3169
1793.000000,8,9.0019,189.2035,47.6777,-0.6839,-10.6764
1793.000000,9,9.0019,189.2620,47.6654,-0.7546,-9.4701
1793.000000,10,9.0019,189.1421,47.6602,-0.6400,-10.1641
1793.000000,11,9.0019,189.1962,47.6344,-0.7199,-11.1262
1793.000000,12,9.0019,189.2513,47.7125,-0.6969,-11.3508
1793.000000,13,9.0019,189.3075,47.6347,-0.8308,-11.1515
1793.000000,14,9.0019,189.3645,47.6646,-0.8580,-10.2554
1793.000000,15,9.0019,189.2492,47.6839,-0.7233,-9.4373
1793.000000,16,9.0019,189.3020,47.6776,-0.7824,-10.6908
1793.000000,17,9.0019,189.3558,47.6459,-0.8679,-11.3413
1793.000000,18,9.0019,189.4106,47.5997,-0.9690,-11.4217
1793.000000,19,9.0019,189.4663,47.7085,-0.9159,-10.7708
1793.000000,20,9.0019,189.3554,47.5708,-0.9426,-8.7191
1793.000000,21,9.0019,189.4069,47.6689,-0.8960,-10.1582
1793.000000,22,9.0019,189.4594,47.6711,-0.9464,-11.0699
1793.000000,23,9.0019,189.5129,47.6958,-0.9752,-11.3731
1793.000000,24,9.0019,189.5673,47.6398,-1.0855,-11.2090
1794.000000,0,8.9193,188.9524,47.6196,-0.4908,-11.1370
1794.000000,1,8.9193,189.0090,47.6940,-0.4730,-11.3431
1794.000000,2,8.9193,189.0665,47.6553,-0.5693,-11.0390
1794.000000,3,8.9193,189.1251,47.7013,-0.5818,-10.0211
1794.000000,4,8.9193,189.1846,47.5735,-0.7691,-8.5656
1794.000000,5,8.9193,189.0611,47.7090,-0.5102,-10.6638
1794.000000,6,8.9193,189.1163,47.6062,-0.6681,-11.3891
1794.000000,7,8.9193,189.1725,47.6538,-0.6767,-11.3275
1794.000000,8,8.9193,189.2296,47.6782,-0.7095,-10.6878
1794.000000,9,8.9193,189.2877,47.6663,-0.7795,-9.4844
1794.000000,10,8.9193,189.1689,47.6602,-0.6667,-10.1753
1794.000000,11,8.9193,189.2227,47.6350,-0.7458,-11.1350
1794.000000,12,8.9193,189.2775,47.7125,-0.7231,-11.3597
1794.000000,13,8.9193,189.3333,47.6353,-0.8561,-11.1601
1794.000000,14,8.9193,189.3901,47.6646,-0.8835,-10.2660
1794.000000,15,8.9193,189.2758,47.6845,-0.7493,-9.4525
1794.000000,16,8.9193,189.3283,47.6781,-0.8082,-10.7024
1794.000000,17,8.9193,189.3818,47.6451,-0.8947,-11.3519
1794.000000,18,8.9193,189.4363,47.6007,-0.9936,-11.4292
1794.000000,19,8.9193,189.4917,47.7085,-0.9412,-10.7789
1794.000000,20,8.9193,189.3817,47.5726,-0.9671,-8.7391
1794.000000,21,8.9193,189.4329,47.6680,-0.9230,-10.1754
1794.000000,22,8.9193,189.4852,47.6721,-0.9711,-11.0811
1794.000000,23,8.9193,189.5384,47.6964,-1.0000,-11.3820
1794.000000,24,8.9193,189.5925,47.6383,-1.1122,-11.2181
1795.000000,0,8.8370,188.9797,47.6177,-0.5200,-11.1464
1795.000000,1,8.8370,189.0359,47.6947,-0.4992,-11.3518
1795.000000,2,8.8370,189.0931,47.6568,-0.5944,-11.0499
1795.000000,3,8.8370,189.1514,47.7007,-0.6087,-10.0384
1795.000000,4,8.8370,189.2105,47.5756,-0.7930,-8.5857
1795.000000,5,8.8370,189.0881,47.7088,-0.5373,-10.6723
1795.000000,6,8.8370,189.1430,47.6070,-0.6940,-11.3967
1795.000000,7,8.8370,189.1988,47.6530,-0.7039,-11.3380
1795.000000,8,8.8370,189.2557,47.6787,-0.7350,-10.6991
1795.000000,9,8.8370,189.3134,47.6672,-0.8043,-9.4986
1795.000000,10,8.8370,189.1957,47.6603,-0.6934,-10.1864
1795.000000,11,8.8370,189.2492,47.6356,-0.7716,-11.1437
1795.000000,12,8.8370,189.3037,47.7125,-0.7493,-11.3686
1795.000000,13,8.8370,189.3592,47.6359,-0.8814,-11.1687
1795.000000,14,8.8370,189.4156,47.6647,-0.9090,-10.2765
1795.000000,15,8.8370,189.3023,47.6851,-0.7752,-9.4676
1795.000000,16,8.8370,189.3545,47.6785,-0.8340,-10.7139
1795.000000,17,8.8370,189.4077,47.6444,-0.9214,-11.3626
1795.000000,18,8.8370,189.4619,47.6017,-1.0183,-11.4366
1795.000000,19,8.8370,189.5170,47.7086,-0.9665,-10.7870
1795.000000,20,8.8370,189.4080,47.5744,-0.9917,-8.7590
1795.000000,21,8.8370,189.4589,47.6670,-0.9499,-10.1926
1795.000000,22,8.8370,189.5109,47.6731,-0.9958,-11.0923
1795.000000,23,8.8370,189.5638,47.6970,-1.0249,-11.3909
1795.000000,24,8.8370,189.6176,47.6368,-1.1388,-11.2273
1796.000000,0,8.7549,189.0068,47.6158,-0.5491,-11.1559
1796.000000,1,8.7549,189.0627,47.6953,-0.5254,-11.3604
1796.000000,2,8.7549,189.1196,47.6582,-0.6195,-11.0606
1796.000000,3,8.7549,189.1775,47.7001,-0.6355,-10.0556
1796.000000,4,8.7549,189.2364,47.5776,-0.8169,-8.6058
1796.000000,5,8.7549,189.1151,47.7087,-0.5644,-10.6809
1796.000000,6,8.7549,189.1696,47.6078,-0.7198,-11.4044
1796.000000,7,8.7549,189.2251,47.6522,-0.7310,-11.3484
1796.000000,8,8.7549,189.2816,47.6791,-0.7605,-10.7104
1796.000000,9,8.7549,189.3391,47.6680,-0.8291,-9.5129
1796.000000,10,8.7549,189.2224,47.6604,-0.7200,-10.1976
1796.000000,11,8.7549,189.2756,47.6362,-0.7974,-11.1525
1796.000000,12,8.7549,189.3298,47.7125,-0.7753,-11.3775
1796.000000,13,8.7549,189.3849,47.6364,-0.9066,-11.1773
1796.000000,14,8.7549,189.4411,47.6647,-0.9344,-10.2870
1796.000000,15,8.7549,189.3288,47.6857,-0.8011,-9.4827
1796.000000,16,8.7549,189.3807,47.6790,-0.8597,-10.7254
1796.000000,17,8.7549,189.4336,47.6436,-0.9480,-11.3731
1796.000000,18,8.7549,189.4874,47.6026,-1.0429,-11.4441
1796.000000,19,8.7549,189.5422,47.7086,-0.9917,-10.7951
1796.000000,20,8.7549,189.4342,47.5761,-1.0162,-8.7788
1796.000000,21,8.7549,189.4849,47.6661,-0.9768,-10.2098
1796.000000,22,8.7549,189.5365,47.6740,-1.0205,-11.1035
1796.000000,23,8.7549,189.5891,47.6975,-1.0497,-11.3997
1796.000000,24,8.7549,189.6427,47.6353,-1.1654,-11.2364
1797.000000,0,8.6731,189.0340,47.6139,-0.5781,-11.1653
1797.000000,1,8.6731,189.0895,47.6959,-0.5516,-11.3690
1797.000000,2,8.6731,189.1461,47.6596,-0.6446,-11.0714
1797.000000,3,8.6731,189.2037,47.6995,-0.6622,-10.0727
1797.000000,4,8.6731,189.2622,47.5795,-0.8407,-8.6258
1797.000000,5,8.6731,189.1420,47.7086,-0.5914,-10.6895
1797.000000,6,8.6731,189.1961,47.6085,-0.7456,-11.4120
1797.000000,7,8.6731,189.2514,47.6514,-0.7580,-11.3588
1797.000000,8,8.6731,189.3076,47.6796,-0.7860,-10.7216
1797.000000,9,8.6731,189.3647,47.6689,-0.8539,-9.5271
1797.000000,10,8.6731,189.2490,47.6605,-0.7466,-10.2087
1797.000000,11,8.6731,189.3019,47.6368,-0.8232,-11.1612
1797.000000,12,8.6731,189.3558,47.7125,-0.8014,-11.3863
1797.000000,13,8.6731,189.4107,47.6370,-0.9317,-11.1859
1797.000000,14,8.6731,189.4665,47.6647,-0.9598,-10.2975
1797.000000,15,8.6731,189.3552,47.6862,-0.8270,-9.4977
1797.000000,16,8.6731,189.4068,47.6794,-0.8854,-10.7369
1797.000000,17,8.6731,189.4594,47.6428,-0.9746,-11.3836
1797.000000,18,8.6731,189.5129,47.6035,-1.0674,-11.4516
1797.000000,19,8.6731,189.5674,47.7086,-1.0169,-10.8032
1797.000000,20,8.6731,189.4604,47.5778,-1.0407,-8.7986
1797.000000,21,8.6731,189.5107,47.6651,-1.0036,-10.2268
1797.000000,22,8.6731,189.5621,47.6750,-1.0452,-11.1146
1797.000000,23,8.6731,189.6144,47.6980,-1.0744,-11.4085
1797.000000,24,8.6731,189.6677,47.6338,-1.1919,-11.2455
1798.000000,0,8.5915,189.0610,47.6120,-0.6071,-11.1747
1798.000000,1,8.5915,189.1162,47.6965,-0.5777,-11.3776
1798.000000,2,8.5915,189.1725,47.6609,-0.6696,-11.0822
1798.000000,3,8.5915,189.2298,47.6989,-0.6889,-10.0898
1798.000000,4,8.5915,189.2879,47.5814,-0.8646,-8.6458
1798.000000,5,8.5915,189.1688,47.7084,-0.6184,-10.6981
1798.000000,6,8.5915,189.2226,47.6093,-0.7714,-11.4196
1798.000000,7,8.5915,189.2776,47.6507,-0.7849,-11.3692
1798.000000,8,8.5915,189.3334,47.6801,-0.8114,-10.7328
1798.000000,9,8.5915,189.3903,47.6697,-0.8786,-9.5413
1798.000000,10,8.5915,189.2756,47.6606,-0.7731,-10.2198
1798.000000,11,8.5915,189.3282,47.6373,-0.8489,-11.1700
1798.000000,12,8.5915,189.3818,47.7125,-0.8273,-11.3951
1798.000000,13,8.5915,189.4363,47.6376,-0.9568,-11.1944
1798.000000,14,8.5915,189.4918,47.6648,-0.9851,-10.3080
1798.000000,15,8.5915,189.3815,47.6867,-0.8528,-9.5128
1798.000000,16,8.5915,189.4328,47.6798,-0.9110,-10.7483
1798.000000,17,8.5915,189.4851,47.6421,-1.0011,-11.3941
1798.000000,18,8.5915,189.5384,47.6045,-1.0920,-11.4590
1798.000000,19,8.5915,189.5926,47.7086,-1.0420,-10.8113
1798.000000,20,8.5915,189.4865,47.5794,-1.0651,-8.8183
1798.000000,21,8.5915,189.5366,47.6642,-1.0304,-10.2438
1798.000000,22,8.5915,189.5876,47.6758,-1.0698,-11.1258
1798.000000,23,8.5915,189.6397,47.6986,-1.0992,-11.4173
1798.000000,24,8.5915,189.6926,47.6323,-1.2184,-11.2546
1799.000000,0,8.5102,189.0880,47.6101,-0.6360,-11.1841
1799.000000,1,8.5102,189.1429,47.6971,-0.6039,-11.3862
1799.000000,2,8.5102,189.1988,47.6622,-0.6947,-11.0929
1799.000000,3,8.5102,189.2558,47.6982,-0.7156,-10.1068
1799.000000,4,8.5102,189.3136,47.5833,-0.8884,-8.6657
1799.000000,5,8.5102,189.1955,47.7083,-0.6453,-10.7066
1799.000000,6,8.5102,189.2491,47.6100,-0.7971,-11.4273
1799.000000,7,8.5102,189.3037,47.6499,-0.8118,-11.3795
1799.000000,8,8.5102,189.3592,47.6805,-0.8368,-10.7440
1799.000000,9,8.5102,189.4157,47.6705,-0.9033,-9.5555
1799.000000,10,8.5102,189.3021,47.6607,-0.7995,-10.2309
1799.000000,11,8.5102,189.3544,47.6379,-0.8745,-11.1787
1799.000000,12,8.5102,189.4077,47.7125,-0.8532,-11.4038
1799.000000,13,8.5102,189.4619,47.6381,-0.9818,-11.2030
1799.000000,14,8.5102,189.5171,47.6648,-1.0103,-10.3185
1799.000000,15,8.5102,189.4078,47.6873,-0.8785,-9.5278
1799.000000,16,8.5102,189.4588,47.6802,-0.9366,-10.7597
1799.000000,17,8.5102,189.5108,47.6413,-1.0275,-11.4045
1799.000000,18,8.5102,189.5638,47.6053,-1.1165,-11.4665
1799.000000,19,8.5102,189.6177,47.7086,-1.0671,-10.8194
1799.000000,20,8.5102,189.5125,47.5810,-1.0895,-8.8380
1799.000000,21,8.5102,189.5623,47.6633,-1.0571,-10.2607
1799.000000,22,8.5102,189.6131,47.6767,-1.0945,-11.1368
1799.000000,23,8.5102,189.6649,47.6990,-1.1239,-11.4261
1799.000000,24,8.5102,189.7175,47.6308,-1.2448,-11.2637
1800.000000,0,8.4292,189.1149,47.6082,-0.6648,-11.1935
1800.000000,1,8.4292,189.1695,47.6976,-0.6299,-11.3947
1800.000000,2,8.4292,189.2251,47.6634,-0.7197,-11.1036
1800.000000,3,8.4292,189.2817,47.6976,-0.7422,-10.1237
1800.000000,4,8.4292,189.3393,47.5851,-0.9122,-8.6855
1800.000000,5,8.4292,189.2222,47.7081,-0.6721,-10.7152
1800.000000,6,8.4292,189.2755,47.6107,-0.8228,-11.4349
1800.000000,7,8.4292,189.3297,47.6492,-0.8386,-11.3898
1800.000000,8,8.4292,189.3850,47.6809,-0.8621,-10.7551
1800.000000,9,8.4292,189.4412,47.6712,-0.9280,-9.5697
1800.000000,10,8.4292,189.3286,47.6608,-0.8258,-10.2420
1800.000000,11,8.4292,189.3805,47.6385,-0.9001,-11.1874
1800.000000,12,8.4292,189.4335,47.7125,-0.8791,-11.4125
1800.000000,13,8.4292,189.4875,47.6387,-1.0068,-11.2115
1800.000000,14,8.4292,189.5423,47.6649,-1.0355,-10.3290
1800.000000,15,8.4292,189.4340,47.6878,-0.9042,-9.5428
1800.000000,16,8.4292,189.4847,47.6806,-0.9621,-10.7711
1800.000000,17,8.4292,189.5364,47.6406,-1.0539,-11.4149
1800.000000,18,8.4292,189.5891,47.6062,-1.1410,-11.4740
1800.000000,19,8.4292,189.6427,47.7086,-1.0921,-10.8275
1800.000000,20,8.4292,189.5385,47.5826,-1.1139,-8.8576
1800.000000,21,8.4292,189.5880,47.6623,-1.0837,-10.2775
1800.000000,22,8.4292,189.6385,47.6775,-1.1191,-11.1479
1800.000000,23,8.4292,189.6900,47.6995,-1.1485,-11.4348
1800.000000,24,8.4292,189.7424,47.6293,-1.2711,-11.2727
1801.000000,0,8.3484,189.1418,47.6063,-0.6935,-11.2028
1801.000000,1,8.3484,189.1961,47.6981,-0.6560,-11.4033
1801.000000,2,8.3484,189.2514,47.6646,-0.7448,-11.1143
1801.000000,3,8.3484,189.3076,47.6969,-0.7688,-10.1406
1801.000000,4,8.3484,189.3649,47.5869,-0.9360,-8.7053
1801.000000,5,8.3484,189.2488,47.7080,-0.6989,-10.7238
1801.000000,6,8.3484,189.3018,47.6113,-0.8485,-11.4425
1801.000000,7,8.3484,189.3558,47.6484,-0.8654,-11.4000
1801.000000,8,8.3484,189.4107,47.6814,-0.8874,-10.7663
1801.000000,9,8.3484,189.4666,47.6720,-0.9526,-9.5838
1801.000000,10,8.3484,189.3549,47.6608,-0.8521,-10.2530
1801.000000,11,8.3484,189.4066,47.6390,-0.9256,-11.1961
1801.000000,12,8.3484,189.4593,47.7125,-0.9049,-11.4212
1801.000000,13,8.3484,189.5130,47.6392,-1.0318,-11.2200
1801.000000,14,8.3484,189.5675,47.6649,-1.0606,-10.3394
1801.000000,15,8.3484,189.4601,47.6883,-0.9299,-9.5578
1801.000000,16,8.3484,189.5106,47.6810,-0.9876,-10.7824
1801.000000,17,8.3484,189.5620,47.6399,-1.0802,-11.4252
1801.000000,18,8.3484,189.6144,47.6070,-1.1654,-11.4814
1801.000000,19,8.3484,189.6677,47.7086,-1.1171,-10.8356
1801.000000,20,8.3484,189.5644,47.5842,-1.1382,-8.8771
1801.000000,21,8.3484,189.6136,47.6614,-1.1103,-10.2942
1801.000000,22,8.3484,189.6639,47.6782,-1.1437,-11.1589
1801.000000,23,8.3484,189.7150,47.6999,-1.1731,-11.4435
1801.000000,24,8.3484,189.7671,47.6277,-1.2974,-11.2818
1802.000000,0,8.2679,189.1686,47.6044,-0.7222,-11.2122
1802.000000,1,8.2679,189.2225,47.6986,-0.6820,-11.4118
1802.000000,2,8.2679,189.2775,47.6658,-0.7698,-11.1249
1802.000000,3,8.2679,189.3335,47.6962,-0.7953,-10.1574
1802.000000,4,8.2679,189.3904,47.5887,-0.9597,-8.7251
1802.000000,5,8.2679,189.2754,47.7078,-0.7256,-10.7324
1802.000000,6,8.2679,189.3280,47.6120,-0.8741,-11.4501
1802.000000,7,8.2679,189.3817,47.6477,-0.8920,-11.4102
1802.000000,8,8.2679,189.4363,47.6818,-0.9126,-10.7774
1802.000000,9,8.2679,189.4919,47.6727,-0.9772,-9.5980
1802.000000,10,8.2679,189.3813,47.6609,-0.8784,-10.2641
1802.000000,11,8.2679,189.4326,47.6396,-0.9511,-11.2047
1802.000000,12,8.2679,189.4850,47.7125,-0.9306,-11.4299
1802.000000,13,8.2679,189.5384,47.6398,-1.0567,-11.2285
1802.000000,14,8.2679,189.5927,47.6650,-1.0857,-10.3499
1802.000000,15,8.2679,189.4862,47.6887,-0.9555,-9.5727
1802.000000,16,8.2679,189.5364,47.6814,-1.0130,-10.7937
1802.000000,17,8.2679,189.5875,47.6391,-1.1064,-11.4355
1802.000000,18,8.2679,189.6396,47.6079,-1.1898,-11.4889
1802.000000,19,8.2679,189.6927,47.7086,-1.1421,-10.8438
1802.000000,20,8.2679,189.5902,47.5857,-1.1626,-8.8966
1802.000000,21,8.2679,189.6392,47.6604,-1.1368,-10.3108
1802.000000,22,8.2679,189.6892,47.6790,-1.1682,-11.1699
1802.000000,23,8.2679,189.7401,47.7004,-1.1977,-11.4522
1802.000000,24,8.2679,189.7919,47.6262,-1.3237,-11.2908
1803.000000,0,8.1876,189.1953,47.6027,-0.7507,-11.2213
1803.000000,1,8.1876,189.2490,47.6991,-0.7079,-11.4203
1803.000000,2,8.1876,189.3037,47.6669,-0.7948,-11.1356
1803.000000,3,8.1876,189.3593,47.6955,-0.8218,-10.1741
1803.000000,4,8.1876,189.4159,47.5905,-0.9835,-8.7447
1803.000000,5,8.1876,189.3019,47.7077,-0.7522,-10.7410
1803.000000,6,8.1876,189.3542,47.6126,-0.8996,-11.4577
1803.000000,7,8.1876,189.4076,47.6470,-0.9187,-11.4203
1803.000000,8,8.1876,189.4619,47.6822,-0.9378,-10.7884
1803.000000,9,8.1876,189.5172,47.6735,-1.0018,-9.6121
1803.000000,10,8.1876,189.4075,47.6610,-0.9045,-10.2751
1803.000000,11,8.1876,189.4586,47.6401,-0.9765,-11.2133
1803.000000,12,8.1876,189.5107,47.7125,-0.9563,-11.4385
1803.000000,13,8.1876,189.5638,47.6403,-1.0815,-11.2370
1803.000000,14,8.1876,189.6177,47.6650,-1.1107,-10.3604
1803.000000,15,8.1876,189.5122,47.6892,-0.9811,-9.5876
1803.000000,16,8.1876,189.5621,47.6818,-1.0383,-10.8050
1803.000000,17,8.1876,189.6130,47.6384,-1.1326,-11.4457
1803.000000,18,8.1876,189.6648,47.6087,-1.2142,-11.4963
1803.000000,19,8.1876,189.7175,47.7086,-1.1670,-10.8519
1803.000000,20,8.1876,189.6160,47.5872,-1.1868,-8.9160
1803.000000,21,8.1876,189.6647,47.6595,-1.1633,-10.3274
1803.000000,22,8.1876,189.7144,47.6797,-1.1928,-11.1809
1803.000000,23,8.1876,189.7650,47.7008,-1.2223,-11.4609
1803.000000,24,8.1876,189.8166,47.6247,-1.3499,-11.2998
1804.000000,0,8.1076,189.2220,47.6050,-0.7750,-11.2261
1804.000000,1,8.1076,189.2753,47.6995,-0.7339,-11.4287
1804.000000,2,8.1076,189.3297,47.6680,-0.8198,-11.1462
1804.000000,3,8.1076,189.3850,47.6948,-0.8483,-10.1908
1804.000000,4,8.1076,189.4413,47.5922,-1.0072,-8.7644
1804.000000,5,8.1076,189.3283,47.7075,-0.7788,-10.7496
1804.000000,6,8.1076,189.3804,47.6133,-0.9252,-11.4653
1804.000000,7,8.1076,189.4334,47.6462,-0.9452,-11.4304
1804.000000,8,8.1076,189.4875,47.6826,-0.9629,-10.7994
1804.000000,9,8.1076,189.5424,47.6742,-1.0263,-9.6262
1804.000000,10,8.1076,189.4337,47.6611,-0.9306,-10.2862
1804.000000,11,8.1076,189.4845,47.6407,-1.0019,-11.2220
1804.000000,12,8.1076,189.5363,47.7125,-0.9819,-11.4471
1804.000000,13,8.1076,189.5891,47.6408,-1.1063,-11.2454
1804.000000,14,8.1076,189.6428,47.6651,-1.1357,-10.3709
1804.000000,15,8.1076,189.5382,47.6897,-1.0066,-9.6025
1804.000000,16,8.1076,189.5878,47.6822,-1.0636,-10.8162
1804.000000,17,8.1076,189.6384,47.6377,-1.1587,-11.4559
1804.000000,18,8.1076,189.6899,47.6094,-1.2385,-11.5038
1804.000000,19,8.1076,189.7424,47.7086,-1.1918,-10.8600
1804.000000,20,8.1076,189.6418,47.5887,-1.2111,-8.9354
1804.000000,21,8.1076,189.6902,47.6585,-1.1897,-10.3438
1804.000000,22,8.1076,189.7396,47.6803,-1.2173,-11.1918
1804.000000,23,8.1076,189.7899,47.7011,-1.2468,-11.4695
1804.000000,24,8.1076,189.8412,47.6232,-1.3761,-11.3088
1805.000000,0,8.0278,189.2486,47.6073,-0.7993,-11.2309
1805.000000,1,8.0278,189.3016,47.6999,-0.7598,-11.4372
1805.000000,2,8.0278,189.3557,47.6690,-0.8447,-11.1568
1805.000000,3,8.0278,189.4107,47.6941,-0.8747,-10.2074
1805.000000,4,8.0278,189.4667,47.5938,-1.0309,-8.7839
1805.000000,5,8.0278,189.3547,47.7074,-0.8054,-10.7582
1805.000000,6,8.0278,189.4064,47.6139,-0.9506,-11.4729
1805.000000,7,8.0278,189.4592,47.6455,-0.9717,-11.4404
1805.000000,8,8.0278,189.5129,47.6830,-0.9880,-10.8104
1805.000000,9,8.0278,189.5676,47.6749,-1.0508,-9.6403
1805.000000,10,8.0278,189.4598,47.6612,-0.9567,-10.2972
1805.000000,11,8.0278,189.5104,47.6412,-1.0272,-11.2306
1805.000000,12,8.0278,189.5619,47.7125,-1.0075,-11.4557
1805.000000,13,8.0278,189.6144,47.6413,-1.1311,-11.2539
1805.000000,14,8.0278,189.6678,47.6652,-1.1606,-10.3813
1805.000000,15,8.0278,189.5641,47.6901,-1.0320,-9.6174
1805.000000,16,8.0278,189.6134,47.6826,-1.0889,-10.8274
1805.000000,17,8.0278,189.6637,47.6370,-1.1848,-11.4660
1805.000000,18,8.0278,189.7150,47.6102,-1.2628,-11.5112
1805.000000,19,8.0278,189.7671,47.7085,-1.2166,-10.8681
1805.000000,20,8.0278,189.6674,47.5902,-1.2353,-8.9547
1805.000000,21,8.0278,189.7156,47.6576,-1.2160,-10.3602
1805.000000,22,8.0278,189.7647,47.6810,-1.2418,-11.2027
1805.000000,23,8.0278,189.8148,47.7015,-1.2713,-11.4781
1805.000000,24,8.0278,189.8658,47.6216,-1.4022,-11.3178
1806.000000,0,7.9483,189.2752,47.6095,-0.8237,-11.2357
1806.000000,1,7.9483,189.3279,47.7003,-0.7856,-11.4456
1806.000000,2,7.9483,189.3816,47.6700,-0.8697,-11.1673
1806.000000,3,7.9483,189.4364,47.6934,-0.9010,-10.2239
1806.000000,4,7.9483,189.4920,47.5955,-1.0546,-8.8035
1806.000000,5,7.9483,189.3810,47.7072,-0.8318,-10.7668
1806.000000,6,7.9483,189.4325,47.6144,-0.9761,-11.4804
1806.000000,7,7.9483,189.4849,47.6448,-0.9982,-11.4504
1806.000000,8,7.9483,189.5384,47.6834,-1.0130,-10.8214
1806.000000,9,7.9483,189.5927,47.6756,-1.0752,-9.6544
1806.000000,10,7.9483,189.4859,47.6613,-0.9827,-10.3082
1806.000000,11,7.9483,189.5362,47.6417,-1.0525,-11.2392
1806.000000,12,7.9483,189.5874,47.7125,-1.0330,-11.4642
1806.000000,13,7.9483,189.6396,47.6418,-1.1558,-11.2623
1806.000000,14,7.9483,189.6927,47.6652,-1.1855,-10.3917
1806.000000,15,7.9483,189.5899,47.6906,-1.0574,-9.6322
1806.000000,16,7.9483,189.6390,47.6829,-1.1141,-10.8386
1806.000000,17,7.9483,189.6890,47.6363,-1.2107,-11.4761
1806.000000,18,7.9483,189.7400,47.6109,-1.2871,-11.5186
1806.000000,19,7.9483,189.7919,47.7085,-1.2414,-10.8763
1806.000000,20,7.9483,189.6930,47.5916,-1.2595,-8.9740
1806.000000,21,7.9483,189.7409,47.6567,-1.2423,-10.3766
1806.000000,22,7.9483,189.7898,47.6816,-1.2662,-11.2135
1806.000000,23,7.9483,189.8396,47.7018,-1.2958,-11.4867
1806.000000,24,7.9483,189.8903,47.6201,-1.4282,-11.3267
1807.000000,0,7.8690,189.3016,47.6117,-0.8480,-11.2406
1807.000000,1,7.8690,189.3541,47.7007,-0.8114,-11.4540
1807.000000,2,7.8690,189.4075,47.6710,-0.8946,-11.1778
1807.000000,3,7.8690,189.4619,47.6926,-0.9273,-10.2403
1807.000000,4,7.8690,189.5173,47.5971,-1.0782,-8.8229
1807.000000,5,7.8690,189.4073,47.7070,-0.8582,-10.7754
1807.000000,6,7.8690,189.4584,47.6150,-1.0015,-11.4880
1807.000000,7,7.8690,189.5106,47.6441,-1.0245,-11.4604
1807.000000,8,7.8690,189.5637,47.6838,-1.0380,-10.8323
1807.000000,9,7.8690,189.6178,47.6762,-1.0996,-9.6685
1807.000000,10,7.8690,189.5119,47.6614,-1.0086,-10.3192
1807.000000,11,7.8690,189.5619,47.6423,-1.0777,-11.2477
1807.000000,12,7.8690,189.6128,47.7125,-1.0584,-11.4727
1807.000000,13,7.8690,189.6647,47.6424,-1.1804,-11.2707
1807.000000,14,7.8690,189.7175,47.6653,-1.2103,-10.4022
1807.000000,15,7.8690,189.6157,47.6910,-1.0828,-9.6470
1807.000000,16,7.8690,189.6645,47.6833,-1.1392,-10.8497
1807.000000,17,7.8690,189.7142,47.6356,-1.2367,-11.4861
1807.000000,18,7.8690,189.7649,47.6116,-1.3113,-11.5260
1807.000000,19,7.8690,189.8165,47.7085,-1.2661,-10.8844
1807.000000,20,7.8690,189.7186,47.5930,-1.2836,-8.9931
1807.000000,21,7.8690,189.7662,47.6557,-1.2685,-10.3928
1807.000000,22,7.8690,189.8148,47.6822,-1.2907,-11.2243
1807.000000,23,7.8690,189.8643,47.7021,-1.3202,-11.4952
1807.000000,24,7.8690,189.9147,47.6186,-1.4542,-11.3357
1808.000000,0,7.7900,189.3281,47.6138,-0.8723,-11.2455
1808.000000,1,7.7900,189.3802,47.7010,-0.8372,-11.4623
1808.000000,2,7.7900,189.4334,47.6719,-0.9195,-11.1884
1808.000000,3,7.7900,189.4875,47.6919,-0.9536,-10.2567
1808.000000,4,7.7900,189.5425,47.5987,-1.1018,-8.8423
1808.000000,5,7.7900,189.4334,47.7069,-0.8846,-10.7839
1808.000000,6,7.7900,189.4843,47.6156,-1.0268,-11.4955
1808.000000,7,7.7900,189.5362,47.6434,-1.0508,-11.4703
1808.000000,8,7.7900,189.5890,47.6842,-1.0629,-10.8432
1808.000000,9,7.7900,189.6428,47.6769,-1.1240,-9.6825
1808.000000,10,7.7900,189.5379,47.6615,-1.0344,-10.3302
1808.000000,11,7.7900,189.5876,47.6428,-1.1028,-11.2563
1808.000000,12,7.7900,189.6382,47.7125,-1.0838,-11.4812
1808.000000,13,7.7900,189.6898,47.6429,-1.2050,-11.2791
1808.000000,14,7.7900,189.7424,47.6653,-1.2351,-10.4126
1808.000000,15,7.7900,189.6414,47.6914,-1.1081,-9.6618
1808.000000,16,7.7900,189.6899,47.6836,-1.1643,-10.8608
1808.000000,17,7.7900,189.7394,47.6349,-1.2625,-11.4961
1808.000000,18,7.7900,189.7898,47.6123,-1.3355,-11.5334
1808.000000,19,7.7900,189.8411,47.7084,-1.2908,-10.8926
1808.000000,20,7.7900,189.7440,47.5944,-1.3077,-9.0123
1808.000000,21,7.7900,189.7914,47.6548,-1.2946,-10.4089
1808.000000,22,7.7900,189.8397,47.6827,-1.3151,-11.2351
1808.000000,23,7.7900,189.8890,47.7024,-1.3446,-11.5038
1808.000000,24,7.7900,189.9392,47.6170,-1.4802,-11.3446
1809.000000,0,7.7112,189.3544,47.6159,-0.8966,-11.2505
1809.000000,1,7.7112,189.4063,47.7014,-0.8629,-11.4707
1809.000000,2,7.7112,189.4591,47.6728,-0.9444,-11.1988
1809.000000,3,7.7112,189.5129,47.6912,-0.9798,-10.2730
1809.000000,4,7.7112,189.5677,47.6002,-1.1255,-8.8617
1809.000000,5,7.7112,189.4596,47.7067,-0.9109,-10.7925
1809.000000,6,7.7112,189.5102,47.6161,-1.0521,-11.5031
1809.000000,7,7.7112,189.5618,47.6427,-1.0771,-11.4801
1809.000000,8,7.7112,189.6143,47.6845,-1.0878,-10.8541
1809.000000,9,7.7112,189.6678,47.6775,-1.1483,-9.6965
1809.000000,10,7.7112,189.5638,47.6616,-1.0602,-10.3412
1809.000000,11,7.7112,189.6132,47.6433,-1.1279,-11.2648
1809.000000,12,7.7112,189.6635,47.7125,-1.1091,-11.4896
1809.000000,13,7.7112,189.7149,47.6433,-1.2296,-11.2874
1809.000000,14,7.7112,189.7671,47.6654,-1.2598,-10.4230
1809.000000,15,7.7112,189.6671,47.6918,-1.1333,-9.6765
1809.000000,16,7.7112,189.7153,47.6840,-1.1893,-10.8718
1809.000000,17,7.7112,189.7645,47.6342,-1.2883,-11.5060
1809.000000,18,7.7112,189.8146,47.6130,-1.3597,-11.5408
1809.000000,19,7.7112,189.8657,47.7084,-1.3154,-10.9007
1809.000000,20,7.7112,189.7695,47.5957,-1.3318,-9.0313
1809.000000,21,7.7112,189.8166,47.6539,-1.3207,-10.4250
1809.000000,22,7.7112,189.8646,47.6832,-1.3394,-11.2459
1809.000000,23,7.7112,189.9136,47.7027,-1.3689,-11.5123
1809.000000,24,7.7112,189.9635,47.6155,-1.5060,-11.3535
1810.000000,0,7.6326,189.3807,47.6179,-0.9208,-11.2555
1810.000000,1,7.6326,189.4323,47.7017,-0.8886,-11.4790
1810.000000,2,7.6326,189.4848,47.6736,-0.9693,-11.2093
1810.000000,3,7.6326,189.5383,47.6904,-1.0060,-10.2892
1810.000000,4,7.6326,189.5928,47.6018,-1.1490,-8.8810
1810.000000,5,7.6326,189.4856,47.7065,-0.9371,-10.8011
1810.000000,6,7.6326,189.5359,47.6166,-1.0773,-11.5106
1810.000000,7,7.6326,189.5872,47.6420,-1.1033,-11.4899
1810.000000,8,7.6326,189.6395,47.6849,-1.1126,-10.8649
1810.000000,9,7.6326,189.6927,47.6781,-1.1726,-9.7106
1810.000000,10,7.6326,189.5896,47.6617,-1.0859,-10.3521
1810.000000,11,7.6326,189.6387,47.6438,-1.1530,-11.2733
1810.000000,12,7.6326,189.6888,47.7125,-1.1344,-11.4980
1810.000000,13,7.6326,189.7399,47.6438,-1.2541,-11.2958
1810.000000,14,7.6326,189.7918,47.6654,-1.2844,-10.4334
1810.000000,15,7.6326,189.6927,47.6922,-1.1585,-9.6912
1810.000000,16,7.6326,189.7406,47.6843,-1.2143,-10.8828
1810.000000,17,7.6326,189.7896,47.6336,-1.3140,-11.5159
1810.000000,18,7.6326,189.8394,47.6137,-1.3838,-11.5482
1810.000000,19,7.6326,189.8902,47.7083,-1.3399,-10.9088
1810.000000,20,7.6326,189.7948,47.5971,-1.3558,-9.0503
1810.000000,21,7.6326,189.8417,47.6529,-1.3468,-10.4410
1810.000000,22,7.6326,189.8895,47.6837,-1.3638,-11.2566
1810.000000,23,7.6326,189.9382,47.7030,-1.3932,-11.5207
1810.000000,24,7.6326,189.9878,47.6140,-1.5319,-11.3624
1811.000000,0,7.5543,189.4070,47.6199,-0.9451,-11.2605
1811.000000,1,7.5543,189.4582,47.7020,-0.9143,-11.4872
1811.000000,2,7.5543,189.5105,47.6744,-0.9941,-11.2197
1811.000000,3,7.5543,189.5637,47.6897,-1.0321,-10.3054
1811.000000,4,7.5543,189.6178,47.6033,-1.1726,-8.9002
1811.000000,5,7.5543,189.5116,47.7064,-0.9633,-10.8097
1811.000000,6,7.5543,189.5617,47.6171,-1.1026,-11.5181
1811.000000,7,7.5543,189.6127,47.6413,-1.1294,-11.4997
1811.000000,8,7.5543,189.6646,47.6853,-1.1374,-10.8758
1811.000000,9,7.5543,189.7175,47.6787,-1.1968,-9.7245
1811.000000,10,7.5543,189.6154,47.6618,-1.1116,-10.3631
1811.000000,11,7.5543,189.6642,47.6443,-1.1780,-11.2818
1811.000000,12,7.5543,189.7140,47.7125,-1.1596,-11.5064
1811.000000,13,7.5543,189.7648,47.6443,-1.2785,-11.3041
1811.000000,14,7.5543,189.8165,47.6655,-1.3090,-10.4438
1811.000000,15,7.5543,189.7182,47.6926,-1.1836,-9.7059
1811.000000,16,7.5543,189.7659,47.6847,-1.2393,-10.8938
1811.000000,17,7.5543,189.8146,47.6329,-1.3397,-11.5257
1811.000000,18,7.5543,189.8642,47.6143,-1.4079,-11.5556
1811.000000,19,7.5543,189.9147,47.7083,-1.3644,-10.9170
1811.000000,20,7.5543,189.8201,47.5984,-1.3798,-9.0693
1811.000000,21,7.5543,189.8667,47.6520,-1.3727,-10.4569
1811.000000,22,7.5543,189.9142,47.6842,-1.3881,-11.2673
1811.000000,23,7.5543,189.9627,47.7033,-1.4175,-11.5292
1811.000000,24,7.5543,190.0121,47.6125,-1.5576,-11.3712
1812.000000,0,7.4763,189.4331,47.6219,-0.9693,-11.2656
1812.000000,1,7.4763,189.4841,47.7023,-0.9399,-11.4955
1812.000000,2,7.4763,189.5361,47.6752,-1.0189,-11.2301
1812.000000,3,7.4763,189.5890,47.6889,-1.0581,-10.3215
1812.000000,4,7.4763,189.6428,47.6047,-1.1961,-8.9194
1812.000000,5,7.4763,189.5376,47.7062,-0.9894,-10.8183
1812.000000,6,7.4763,189.5873,47.6176,-1.1277,-11.5256
1812.000000,7,7.4763,189.6381,47.6407,-1.1554,-11.5094
1812.000000,8,7.4763,189.6897,47.6856,-1.1622,-10.8865
1812.000000,9,7.4763,189.7423,47.6793,-1.2210,-9.7385
1812.000000,10,7.4763,189.6411,47.6619,-1.1372,-10.3740
1812.000000,11,7.4763,189.6896,47.6448,-1.2029,-11.2902
1812.000000,12,7.4763,189.7392,47.7125,-1.1848,-11.5147
1812.000000,13,7.4763,189.7897,47.6448,-1.3029,-11.3124
1812.000000,14,7.4763,189.8411,47.6656,-1.3335,-10.4542
1812.000000,15,7.4763,189.7437,47.6930,-1.2087,-9.7205
1812.000000,16,7.4763,189.7911,47.6850,-1.2641,-10.9048
1812.000000,17,7.4763,189.8395,47.6323,-1.3653,-11.5355
1812.000000,18,7.4763,189.8888,47.6150,-1.4319,-11.5630
1812.000000,19,7.4763,189.9391,47.7082,-1.3889,-10.9251
1812.000000,20,7.4763,189.8453,47.5996,-1.4037,-9.0881
1812.000000,21,7.4763,189.8917,47.6511,-1.3986,-10.4728
1812.000000,22,7.4763,189.9390,47.6846,-1.4124,-11.2779
1812.000000,23,7.4763,189.9872,47.7035,-1.4417,-11.5376
1812.000000,24,7.4763,190.0363,47.6110,-1.5834,-11.3800
1813.000000,0,7.3985,189.4593,47.6238,-0.9935,-11.2707
1813.000000,1,7.3985,189.5099,47.7025,-0.9655,-11.5037
1813.000000,2,7.3985,189.5616,47.6760,-1.0437,-11.2405
1813.000000,3,7.3985,189.6142,47.6881,-1.0841,-10.3375
1813.000000,4,7.3985,189.6678,47.6062,-1.2196,-8.9385
1813.000000,5,7.3985,189.5634,47.7060,-1.0155,-10.8269
1813.000000,6,7.3985,189.6129,47.6181,-1.1528,-11.5331
1813.000000,7,7.3985,189.6634,47.6400,-1.1814,-11.5191
1813.000000,8,7.3985,189.7148,47.6860,-1.1868,-10.8973
1813.000000,9,7.3985,189.7671,47.6799,-1.2452,-9.7525
1813.000000,10,7.3985,189.6667,47.6620,-1.1627,-10.3849
1813.000000,11,7.3985,189.7150,47.6452,-1.2278,-11.2987
1813.000000,12,7.3985,189.7643,47.7125,-1.2099,-11.5231
1813.000000,13,7.3985,189.8145,47.6453,-1.3273,-11.3207
1813.000000,14,7.3985,189.8656,47.6656,-1.3580,-10.4646
1813.000000,15,7.3985,189.7691,47.6933,-1.2338,-9.7352
1813.000000,16,7.3985,189.8162,47.6853,-1.2890,-10.9157
1813.000000,17,7.3985,189.8644,47.6316,-1.3908,-11.5452
1813.000000,18,7.3985,189.9134,47.6156,-1.4559,-11.5704
1813.000000,19,7.3985,189.9634,47.7081,-1.4133,-10.9333
1813.000000,20,7.3985,189.8705,47.6009,-1.4276,-9.1069
1813.000000,21,7.3985,189.9166,47.6502,-1.4245,-10.4885
1813.000000,22,7.3985,189.9636,47.6851,-1.4366,-11.2885
1813.000000,23,7.3985,190.0116,47.7037,-1.4659,-11.5460
1813.000000,24,7.3985,190.0604,47.6095,-1.6090,-11.3889
1814.000000,0,7.3209,189.4853,47.6256,-1.0177,-11.2758
1814.000000,1,7.3209,189.5357,47.7027,-0.9910,-11.5120
1814.000000,2,7.3209,189.5871,47.6767,-1.0685,-11.2508
1814.000000,3,7.3209,189.6394,47.6874,-1.1101,-10.3534
1814.000000,4,7.3209,189.6927,47.6076,-1.2431,-8.9576
1814.000000,5,7.3209,189.5893,47.7058,-1.0415,-10.8354
1814.000000,6,7.3209,189.6385,47.6186,-1.1779,-11.5406
1814.000000,7,7.3209,189.6886,47.6393,-1.2073,-11.5287
1814.000000,8,7.3209,189.7398,47.6863,-1.2115,-10.9080
1814.000000,9,7.3209,189.7918,47.6805,-1.2693,-9.7664
1814.000000,10,7.3209,189.6923,47.6621,-1.1882,-10.3958
1814.000000,11,7.3209,189.7403,47.6457,-1.2526,-11.3071
1814.000000,12,7.3209,189.7893,47.7125,-1.2349,-11.5313
1814.000000,13,7.3209,189.8393,47.6457,-1.3516,-11.3290
1814.000000,14,7.3209,189.8901,47.6657,-1.3825,-10.4750
1814.000000,15,7.3209,189.7944,47.6937,-1.2588,-9.7498
1814.000000,16,7.3209,189.8413,47.6856,-1.3137,-10.9265
1814.000000,17,7.3209,189.8892,47.6310,-1.4163,-11.5549
1814.000000,18,7.3209,189.9380,47.6162,-1.4799,-11.5777
1814.000000,19,7.3209,189.9877,47.7081,-1.4377,-10.9414
1814.000000,20,7.3209,189.8956,47.6021,-1.4515,-9.1257
1814.000000,21,7.3209,189.9415,47.6493,-1.4502,-10.5042
1814.000000,22,7.3209,189.9882,47.6855,-1.4608,-11.2991
1814.000000,23,7.3209,190.0359,47.7039,-1.4901,-11.5543
1814.000000,24,7.3209,190.0845,47.6079,-1.6346,-11.3977
1815.000000,0,7.2435,189.5113,47.6274,-1.0419,-11.2809
1815.000000,1,7.2435,189.5614,47.7030,-1.0165,-11.5201
1815.000000,2,7.2435,189.6125,47.6774,-1.0932,-11.2611
1815.000000,3,7.2435,189.6646,47.6866,-1.1360,-10.3693
1815.000000,4,7.2435,189.7175,47.6090,-1.2666,-8.9766
1815.000000,5,7.2435,189.6150,47.7056,-1.0674,-10.8440
1815.000000,6,7.2435,189.6639,47.6190,-1.2029,-11.5481
1815.000000,7,7.2435,189.7138,47.6387,-1.2332,-11.5383
1815.000000,8,7.2435,189.7647,47.6866,-1.2361,-10.9186
1815.000000,9,7.2435,189.8164,47.6811,-1.2934,-9.7803
1815.000000,10,7.2435,189.7178,47.6622,-1.2136,-10.4067
1815.000000,11,7.2435,189.7656,47.6462,-1.2774,-11.3155
1815.000000,12,7.2435,189.8143,47.7125,-1.2599,-11.5396
1815.000000,13,7.2435,189.8640,47.6462,-1.3758,-11.3373
1815.000000,14,7.2435,189.9146,47.6658,-1.4068,-10.4853
1815.000000,15,7.2435,189.8197,47.6940,-1.2837,-9.7643
1815.000000,16,7.2435,189.8663,47.6859,-1.3384,-10.9374
1815.000000,17,7.2435,189.9140,47.6303,-1.4417,-11.5645
1815.000000,18,7.2435,189.9625,47.6168,-1.5038,-11.5851
1815.000000,19,7.2435,190.0119,47.7080,-1.4620,-10.9496
1815.000000,20,7.2435,189.9207,47.6034,-1.4754,-9.1444
1815.000000,21,7.2435,189.9663,47.6484,-1.4759,-10.5198
1815.000000,22,7.2435,190.0128,47.6858,-1.4850,-11.3096
1815.000000,23,7.2435,190.0602,47.7041,-1.5142,-11.5626
1815.000000,24,7.2435,190.1086,47.6064,-1.6602,-11.4064
1816.000000,0,7.1664,189.5372,47.6292,-1.0661,-11.2861
1816.000000,1,7.1664,189.5871,47.7032,-1.0419,-11.5283
1816.000000,2,7.1664,189.6379,47.6780,-1.1179,-11.2714
1816.000000,3,7.1664,189.6896,47.6858,-1.1619,-10.3851
1816.000000,4,7.1664,189.7423,47.6104,-1.2900,-8.9955
1816.000000,5,7.1664,189.6407,47.7055,-1.0933,-10.8526
1816.000000,6,7.1664,189.6894,47.6195,-1.2279,-11.5555
1816.000000,7,7.1664,189.7390,47.6380,-1.2590,-11.5478
1816.000000,8,7.1664,189.7895,47.6870,-1.2606,-10.9293
1816.000000,9,7.1664,189.8410,47.6816,-1.3174,-9.7942
1816.000000,10,7.1664,189.7433,47.6623,-1.2390,-10.4176
1816.000000,11,7.1664,189.7908,47.6467,-1.3021,-11.3239
1816.000000,12,7.1664,189.8392,47.7125,-1.2848,-11.5478
1816.000000,13,7.1664,189.8887,47.6466,-1.4000,-11.3455
1816.000000,14,7.1664,189.9390,47.6658,-1.4312,-10.4957
1816.000000,15,7.1664,189.8449,47.6944,-1.3086,-9.7788
1816.000000,16,7.1664,189.8913,47.6862,-1.3631,-10.9482
1816.000000,17,7.1664,189.9387,47.6297,-1.4670,-11.5741
1816.000000,18,7.1664,189.9870,47.6173,-1.5277,-11.5924
1816.000000,19,7.1664,190.0361,47.7079,-1.4863,-10.9577
1816.000000,20,7.1664,189.9457,47.6046,-1.4992,-9.1630
1816.000000,21,7.1664,189.9910,47.6475,-1.5016,-10.5354
1816.000000,22,7.1664,190.0373,47.6862,-1.5091,-11.3201
1816.000000,23,7.1664,190.0845,47.7043,-1.5382,-11.5709
1816.000000,24,7.1664,190.1326,47.6049,-1.6857,-11.4152
1817.000000,0,7.0896,189.5631,47.6310,-1.0902,-11.2914
1817.000000,1,7.0896,189.6127,47.7034,-1.0673,-11.5364
1817.000000,2,7.0896,189.6632,47.6786,-1.1426,-11.2816
1817.000000,3,7.0896,189.7147,47.6850,-1.1877,-10.4008
1817.000000,4,7.0896,189.7670,47.6117,-1.3134,-9.0144
1817.000000,5,7.0896,189.6663,47.7053,-1.1191,-10.8611
1817.000000,6,7.0896,189.7147,47.6199,-1.2528,-11.5630
1817.000000,7,7.0896,189.7641,47.6374,-1.2847,-11.5573
1817.000000,8,7.0896,189.8144,47.6873,-1.2851,-10.9399
1817.000000,9,7.0896,189.8656,47.6821,-1.3414,-9.8080
1817.000000,10,7.0896,189.7687,47.6624,-1.2643,-10.4284
1817.000000,11,7.0896,189.8159,47.6471,-1.3268,-11.3323
1817.000000,12,7.0896,189.8641,47.7125,-1.3097,-11.5560
1817.000000,13,7.0896,189.9133,47.6471,-1.4242,-11.3537
1817.000000,14,7.0896,189.9633,47.6659,-1.4554,-10.5060
1817.000000,15,7.0896,189.8701,47.6947,-1.3334,-9.7933
1817.000000,16,7.0896,189.9162,47.6865,-1.3877,-10.9589
1817.000000,17,7.0896,189.9633,47.6291,-1.4923,-11.5837
1817.000000,18,7.0896,190.0114,47.6179,-1.5515,-11.5997
1817.000000,19,7.0896,190.0603,47.7078,-1.5105,-10.9658
1817.000000,20,7.0896,189.9706,47.6057,-1.5229,-9.1816
1817.000000,21,7.0896,190.0157,47.6466,-1.5272,-10.5508
1817.000000,22,7.0896,190.0617,47.6865,-1.5332,-11.3306
1817.000000,23,7.0896,190.1087,47.7045,-1.5623,-11.5792
1817.000000,24,7.0896,190.1565,47.6053,-1.7092,-11.4219
1818.000000,0,7.0129,189.5889,47.6326,-1.1143,-11.2966
1818.000000,1,7.0129,189.6382,47.7035,-1.0927,-11.5445
1818.000000,2,7.0129,189.6884,47.6792,-1.1672,-11.2918
1818.000000,3,7.0129,189.7396,47.6842,-1.2134,-10.4165
1818.000000,4,7.0129,189.7917,47.6130,-1.3367,-9.0333
1818.000000,5,7.0129,189.6919,47.7051,-1.1448,-10.8697
1818.000000,6,7.0129,189.7400,47.6203,-1.2777,-11.5704
1818.000000,7,7.0129,189.7891,47.6368,-1.3104,-11.5668
1818.000000,8,7.0129,189.8391,47.6876,-1.3096,-10.9505
1818.000000,9,7.0129,189.8900,47.6827,-1.3654,-9.8219
1818.000000,10,7.0129,189.7940,47.6625,-1.2895,-10.4393
1818.000000,11,7.0129,189.8410,47.6476,-1.3514,-11.3406
1818.000000,12,7.0129,189.8889,47.7125,-1.3345,-11.5642
1818.000000,13,7.0129,189.9378,47.6475,-1.4483,-11.3619
1818.000000,14,7.0129,189.9876,47.6660,-1.4796,-10.5163
1818.000000,15,7.0129,189.8952,47.6950,-1.3582,-9.8078
1818.000000,16,7.0129,189.9411,47.6868,-1.4123,-10.9696
1818.000000,17,7.0129,189.9879,47.6285,-1.5175,-11.5932
1818.000000,18,7.0129,190.0357,47.6184,-1.5753,-11.6070
1818.000000,19,7.0129,190.0844,47.7077,-1.5347,-10.9740
1818.000000,20,7.0129,189.9955,47.6069,-1.5466,-9.2001
1818.000000,21,7.0129,190.0403,47.6457,-1.5527,-10.5662
1818.000000,22,7.0129,190.0861,47.6868,-1.5573,-11.3410
1818.000000,23,7.0129,190.1328,47.7046,-1.5862,-11.5875
1818.000000,24,7.0129,190.1804,47.6073,-1.7311,-11.4269
1819.000000,0,6.9365,189.6147,47.6343,-1.1384,-11.3019
1819.000000,1,6.9365,189.6637,47.7037,-1.1180,-11.5526
1819.000000,2,6.9365,189.7136,47.6798,-1.1918,-11.3020
1819.000000,3,6.9365,189.7645,47.6834,-1.2391,-10.4321
1819.000000,4,6.9365,189.8164,47.6143,-1.3601,-9.0520
1819.000000,5,6.9365,189.7174,47.7049,-1.1705,-10.8782
1819.000000,6,6.9365,189.7653,47.6207,-1.3026,-11.5778
1819.000000,7,6.9365,189.8141,47.6361,-1.3360,-11.5762
1819.000000,8,6.9365,189.8638,47.6879,-1.3339,-10.9610
1819.000000,9,6.9365,189.9145,47.6832,-1.3893,-9.8357
1819.000000,10,6.9365,189.8193,47.6626,-1.3147,-10.4501
1819.000000,11,6.9365,189.8660,47.6480,-1.3760,-11.3489
1819.000000,12,6.9365,189.9137,47.7125,-1.3593,-11.5723
1819.000000,13,6.9365,189.9623,47.6480,-1.4724,-11.3701
1819.000000,14,6.9365,190.0118,47.6661,-1.5038,-10.5266
1819.000000,15,6.9365,189.9202,47.6953,-1.3830,-9.8222
1819.000000,16,6.9365,189.9659,47.6871,-1.4368,-10.9803
1819.000000,17,6.9365,190.0125,47.6279,-1.5426,-11.6026
1819.000000,18,6.9365,190.0600,47.6190,-1.5991,-11.6143
1819.000000,19,6.9365,190.1084,47.7076,-1.5588,-10.9821
1819.000000,20,6.9365,190.0203,47.6080,-1.5703,-9.2185
1819.000000,21,6.9365,190.0649,47.6448,-1.5782,-10.5815
1819.000000,22,6.9365,190.1104,47.6871,-1.5814,-11.3514
1819.000000,23,6.9365,190.1569,47.7047,-1.6102,-11.5957
1819.000000,24,6.9365,190.2042,47.6093,-1.7530,-11.4319
1820.000000,0,6.8603,189.6403,47.6359,-1.1624,-11.3072
1820.000000,1,6.8603,189.6891,47.7039,-1.1432,-11.5607
1820.000000,2,6.8603,189.7388,47.6804,-1.2164,-11.3122
1820.000000,3,6.8603,189.7894,47.6826,-1.2648,-10.4476
1820.000000,4,6.8603,189.8409,47.6156,-1.3834,-9.0708
1820.000000,5,6.8603,189.7429,47.7047,-1.1962,-10.8868
1820.000000,6,6.8603,189.7904,47.6211,-1.3274,-11.5852
1820.000000,7,6.8603,189.8390,47.6355,-1.3615,-11.5855
1820.000000,8,6.8603,189.8885,47.6882,-1.3583,-10.9715
1820.000000,9,6.8603,189.9388,47.6837,-1.4132,-9.8495
1820.000000,10,6.8603,189.8445,47.6627,-1.3398,-10.4609
1820.000000,11,6.8603,189.8910,47.6485,-1.4005,-11.3572
1820.000000,12,6.8603,189.9384,47.7125,-1.3840,-11.5804
1820.000000,13,6.8603,189.9867,47.6484,-1.4964,-11.3783
1820.000000,14,6.8603,190.0360,47.6661,-1.5279,-10.5369
1820.000000,15,6.8603,189.9452,47.6956,-1.4076,-9.8366
1820.000000,16,6.8603,189.9906,47.6874,-1.4612,-10.9910
1820.000000,17,6.8603,190.0370,47.6273,-1.5677,-11.6121
1820.000000,18,6.8603,190.0842,47.6195,-1.6228,-11.6216
1820.000000,19,6.8603,190.1324,47.7075,-1.5829,-10.9902
1820.000000,20,6.8603,190.0451,47.6091,-1.5940,-9.2369
1820.000000,21,6.8603,190.0894,47.6439,-1.6035,-10.5967
1820.000000,22,6.8603,190.1347,47.6874,-1.6054,-11.3617
1820.000000,23,6.8603,190.1809,47.7049,-1.6341,-11.6039
1820.000000,24,6.8603,190.2280,47.6112,-1.7748,-11.4369
1821.000000,0,6.7844,189.6660,47.6375,-1.1865,-11.3125
1821.000000,1,6.7844,189.7144,47.7040,-1.1685,-11.5687
1821.000000,2,6.7844,189.7638,47.6809,-1.2410,-11.3223
1821.000000,3,6.7844,189.8142,47.6819,-1.2904,-10.4630
1821.000000,4,6.7844,189.8655,47.6169,-1.4067,-9.0894
1821.000000,5,6.7844,189.7683,47.7045,-1.2218,-10.8953
1821.000000,6,6.7844,189.8156,47.6215,-1.3521,-11.5926
1821.000000,7,6.7844,189.8639,47.6349,-1.3870,-11.5948
1821.000000,8,6.7844,189.9131,47.6885,-1.3826,-10.9820
1821.000000,9,6.7844,189.9632,47.6842,-1.4370,-9.8632
1821.000000,10,6.7844,189.8696,47.6628,-1.3648,-10.4717
1821.000000,11,6.7844,189.9159,47.6489,-1.4250,-11.3655
1821.000000,12,6.7844,189.9630,47.7125,-1.4086,-11.5885
1821.000000,13,6.7844,190.0111,47.6488,-1.5203,-11.3864
1821.000000,14,6.7844,190.0601,47.6662,-1.5519,-10.5472
1821.000000,15,6.7844,189.9701,47.6959,-1.4323,-9.8509
1821.000000,16,6.7844,190.0153,47.6877,-1.4856,-11.0016
1821.000000,17,6.7844,190.0614,47.6267,-1.5927,-11.6214
1821.000000,18,6.7844,190.1084,47.6200,-1.6465,-11.6289
1821.000000,19,6.7844,190.1563,47.7075,-1.6069,-10.9984
1821.000000,20,6.7844,190.0697,47.6102,-1.6176,-9.2552
1821.000000,21,6.7844,190.1139,47.6430,-1.6289,-10.6118
1821.000000,22,6.7844,190.1589,47.6876,-1.6293,-11.3720
1821.000000,23,6.7844,190.2049,47.7050,-1.6579,-11.6120
1821.000000,24,6.7844,190.2517,47.6131,-1.7967,-11.4419
1822.000000,0,6.7086,189.6915,47.6391,-1.2105,-11.3179
1822.000000,1,6.7086,189.7397,47.7041,-1.1936,-11.5767
1822.000000,2,6.7086,189.7889,47.6814,-1.2655,-11.3324
1822.000000,3,6.7086,189.8390,47.6811,-1.3159,-10.4784
1822.000000,4,6.7086,189.8899,47.6181,-1.4299,-9.1080
1822.000000,5,6.7086,189.7936,47.7043,-1.2473,-10.9039
1822.000000,6,6.7086,189.8406,47.6219,-1.3768,-11.6000
1822.000000,7,6.7086,189.8887,47.6343,-1.4124,-11.6041
1822.000000,8,6.7086,189.9376,47.6888,-1.4068,-10.9924
1822.000000,9,6.7086,189.9874,47.6847,-1.4608,-9.8769
1822.000000,10,6.7086,189.8947,47.6629,-1.3898,-10.4824
1822.000000,11,6.7086,189.9407,47.6493,-1.4494,-11.3738
1822.000000,12,6.7086,189.9876,47.7125,-1.4332,-11.5965
1822.000000,13,6.7086,190.0355,47.6493,-1.5442,-11.3945
1822.000000,14,6.7086,190.0842,47.6663,-1.5759,-10.5574
1822.000000,15,6.7086,189.9950,47.6962,-1.4568,-9.8653
1822.000000,16,6.7086,190.0399,47.6880,-1.5100,-11.0122
1822.000000,17,6.7086,190.0858,47.6261,-1.6177,-11.6307
1822.000000,18,6.7086,190.1325,47.6205,-1.6701,-11.6362
1822.000000,19,6.7086,190.1802,47.7074,-1.6308,-11.0065
1822.000000,20,6.7086,190.0944,47.6113,-1.6411,-9.2735
1822.000000,21,6.7086,190.1383,47.6422,-1.6542,-10.6269
1822.000000,22,6.7086,190.1831,47.6879,-1.6532,-11.3823
1822.000000,23,6.7086,190.2288,47.7051,-1.6818,-11.6202
1822.000000,24,6.7086,190.2754,47.6149,-1.8185,-11.4470
1823.000000,0,6.6331,189.7170,47.6406,-1.2345,-11.3233
1823.000000,1,6.6331,189.7649,47.7042,-1.2188,-11.5847
1823.000000,2,6.6331,189.8138,47.6819,-1.2900,-11.3424
1823.000000,3,6.6331,189.8636,47.6803,-1.3414,-10.4937
1823.000000,4,6.6331,189.9144,47.6193,-1.4531,-9.1266
1823.000000,5,6.6331,189.8188,47.7042,-1.2727,-10.9124
1823.000000,6,6.6331,189.8656,47.6222,-1.4015,-11.6074
1823.000000,7,6.6331,189.9134,47.6337,-1.4378,-11.6133
1823.000000,8,6.6331,189.9621,47.6891,-1.4310,-11.0028
1823.000000,9,6.6331,190.0117,47.6851,-1.4846,-9.8907
1823.000000,10,6.6331,189.9198,47.6630,-1.4148,-10.4932
1823.000000,11,6.6331,189.9655,47.6498,-1.4738,-11.3820
1823.000000,12,6.6331,190.0122,47.7125,-1.4577,-11.6045
1823.000000,13,6.6331,190.0597,47.6497,-1.5681,-11.4026
1823.000000,14,6.6331,190.1082,47.6663,-1.5999,-10.5677
1823.000000,15,6.6331,190.0198,47.6965,-1.4814,-9.8795
1823.000000,16,6.6331,190.0645,47.6882,-1.5343,-11.0227
1823.000000,17,6.6331,190.1101,47.6256,-1.6426,-11.6400
1823.000000,18,6.6331,190.1566,47.6209,-1.6937,-11.6434
1823.000000,19,6.6331,190.2040,47.7073,-1.6548,-11.0146
1823.000000,20,6.6331,190.1190,47.6124,-1.6646,-9.2917
1823.000000,21,6.6331,190.1626,47.6413,-1.6794,-10.6419
1823.000000,22,6.6331,190.2072,47.6881,-1.6771,-11.3926
1823.000000,23,6.6331,190.2527,47.7052,-1.7055,-11.6283
1823.000000,24,6.6331,190.2990,47.6167,-1.8403,-11.4521
1824.000000,0,6.5578,189.7425,47.6421,-1.2584,-11.3287
1824.000000,1,6.5578,189.7901,47.7043,-1.2438,-11.5926
1824.000000,2,6.5578,189.8387,47.6823,-1.3145,-11.3524
1824.000000,3,6.5578,189.8883,47.6795,-1.3669,-10.5090
1824.000000,4,6.5578,189.9387,47.6205,-1.4763,-9.1450
1824.000000,5,6.5578,189.8440,47.7040,-1.2981,-10.9209
1824.000000,6,6.5578,189.8906,47.6226,-1.4261,-11.6147
1824.000000,7,6.5578,189.9381,47.6331,-1.4630,-11.6225
1824.000000,8,6.5578,189.9865,47.6894,-1.4552,-11.0132
1824.000000,9,6.5578,190.0358,47.6856,-1.5083,-9.9043
1824.000000,10,6.5578,189.9447,47.6632,-1.4396,-10.5039
1824.000000,11,6.5578,189.9902,47.6502,-1.4981,-11.3902
1824.000000,12,6.5578,190.0366,47.7125,-1.4822,-11.6125
1824.000000,13,6.5578,190.0840,47.6501,-1.5919,-11.4107
1824.000000,14,6.5578,190.1322,47.6664,-1.6238,-10.5779
1824.000000,15,6.5578,190.0445,47.6968,-1.5058,-9.8938
1824.000000,16,6.5578,190.0890,47.6885,-1.5585,-11.0332
1824.000000,17,6.5578,190.1343,47.6250,-1.6674,-11.6492
1824.000000,18,6.5578,190.1806,47.6214,-1.7173,-11.6507
1824.000000,19,6.5578,190.2277,47.7072,-1.6786,-11.0227
1824.000000,20,6.5578,190.1435,47.6134,-1.6881,-9.3098
1824.000000,21,6.5578,190.1869,47.6404,-1.7045,-10.6568
1824.000000,22,6.5578,190.2312,47.6883,-1.7010,-11.4028
1824.000000,23,6.5578,190.2765,47.7053,-1.7293,-11.6363
1824.000000,24,6.5578,190.3226,47.6185,-1.8621,-11.4572
1825.000000,0,6.4828,189.7678,47.6435,-1.2824,-11.3341
1825.000000,1,6.4828,189.8152,47.7044,-1.2689,-11.6006
1825.000000,2,6.4828,189.8636,47.6827,-1.3389,-11.3624
1825.000000,3,6.4828,189.9129,47.6787,-1.3922,-10.5241
1825.000000,4,6.4828,189.9630,47.6216,-1.4995,-9.1635
1825.000000,5,6.4828,189.8692,47.7038,-1.3235,-10.9294
1825.000000,6,6.4828,189.9155,47.6229,-1.4506,-11.6220
1825.000000,7,6.4828,189.9627,47.6325,-1.4883,-11.6317
1825.000000,8,6.4828,190.0109,47.6897,-1.4793,-11.0236
1825.000000,9,6.4828,190.0599,47.6860,-1.5319,-9.9180
1825.000000,10,6.4828,189.9697,47.6633,-1.4644,-10.5146
1825.000000,11,6.4828,190.0149,47.6506,-1.5223,-11.3984
1825.000000,12,6.4828,190.0610,47.7125,-1.5066,-11.6204
1825.000000,13,6.4828,190.1081,47.6505,-1.6157,-11.4188
1825.000000,14,6.4828,190.1561,47.6665,-1.6476,-10.5881
1825.000000,15,6.4828,190.0692,47.6970,-1.5303,-9.9080
1825.000000,16,6.4828,190.1134,47.6888,-1.5827,-11.0437
1825.000000,17,6.4828,190.1585,47.6244,-1.6921,-11.6584
1825.000000,18,6.4828,190.2046,47.6218,-1.7408,-11.6579
1825.000000,19,6.4828,190.2515,47.7070,-1.7025,-11.0308
1825.000000,20,6.4828,190.1679,47.6144,-1.7115,-9.3279
1825.000000,21,6.4828,190.2111,47.6396,-1.7296,-10.6717
1825.000000,22,6.4828,190.2552,47.6885,-1.7248,-11.4129
1825.000000,23,6.4828,190.3002,47.7053,-1.7529,-11.6444
1825.000000,24,6.4828,190.3461,47.6203,-1.8839,-11.4623
1826.000000,0,6.4079,189.7932,47.6449,-1.3063,-11.3396
1826.000000,1,6.4079,189.8403,47.7045,-1.2939,-11.6085
1826.000000,2,6.4079,189.8884,47.6831,-1.3633,-11.3724
1826.000000,3,6.4079,189.9374,47.6779,-1.4176,-10.5392
1826.000000,4,6.4079,189.9873,47.6228,-1.5226,-9.1818
1826.000000,5,6.4079,189.8943,47.7036,-1.3487,-10.9379
1826.000000,6,6.4079,189.9403,47.6233,-1.4751,-11.6294
1826.000000,7,6.4079,189.9873,47.6319,-1.5134,-11.6408
1826.000000,8,6.4079,190.0352,47.6899,-1.5033,-11.0339
1826.000000,9,6.4079,190.0840,47.6865,-1.5556,-9.9316
1826.000000,10,6.4079,189.9945,47.6634,-1.4892,-10.5253
1826.000000,11,6.4079,190.0395,47.6510,-1.5465,-11.4066
1826.000000,12,6.4079,190.0854,47.7125,-1.5310,-11.6284
1826.000000,13,6.4079,190.1322,47.6509,-1.6394,-11.4268
1826.000000,14,6.4079,190.1799,47.6666,-1.6714,-10.5984
1826.000000,15,6.4079,190.0939,47.6973,-1.5546,-9.9222
1826.000000,16,6.4079,190.1378,47.6890,-1.6068,-11.0541
1826.000000,17,6.4079,190.1827,47.6239,-1.7168,-11.6676
1826.000000,18,6.4079,190.2285,47.6223,-1.7642,-11.6651
1826.000000,19,6.4079,190.2751,47.7069,-1.7262,-11.0389
1826.000000,20,6.4079,190.1923,47.6154,-1.7349,-9.3459
1826.000000,21,6.4079,190.2353,47.6387,-1.7546,-10.6864
1826.000000,22,6.4079,190.2792,47.6886,-1.7486,-11.4230
1826.000000,23,6.4079,190.3239,47.7054,-1.7766,-11.6524
1826.000000,24,6.4079,190.3696,47.6220,-1.9056,-11.4675
1827.000000,0,6.3333,189.8184,47.6463,-1.3301,-11.3450
1827.000000,1,6.3333,189.8653,47.7045,-1.3188,-11.6163
1827.000000,2,6.3333,189.9131,47.6835,-1.3876,-11.3823
1827.000000,3,6.3333,189.9619,47.6771,-1.4429,-10.5542
1827.000000,4,6.3333,190.0115,47.6239,-1.5457,-9.2001
1827.000000,5,6.3333,189.9193,47.7034,-1.3739,-10.9464
1827.000000,6,6.3333,189.9651,47.6236,-1.4996,-11.6367
1827.000000,7,6.3333,190.0118,47.6313,-1.5385,-11.6498
1827.000000,8,6.3333,190.0595,47.6902,-1.5273,-11.0441
1827.000000,9,6.3333,190.1080,47.6869,-1.5791,-9.9452
1827.000000,10,6.3333,190.0193,47.6635,-1.5139,-10.5360
1827.000000,11,6.3333,190.0640,47.6514,-1.5706,-11.4148
1827.000000,12,6.3333,190.1097,47.7125,-1.5553,-11.6363
1827.000000,13,6.3333,190.1563,47.6513,-1.6630,-11.4348
1827.000000,14,6.3333,190.2037,47.6666,-1.6951,-10.6085
1827.000000,15,6.3333,190.1184,47.6975,-1.5789,-9.9363
1827.000000,16,6.3333,190.1621,47.6893,-1.6309,-11.0645
1827.000000,17,6.3333,190.2068,47.6233,-1.7415,-11.6767
1827.000000,18,6.3333,190.2523,47.6227,-1.7877,-11.6723
1827.000000,19,6.3333,190.2987,47.7068,-1.7499,-11.0470
1827.000000,20,6.3333,190.2167,47.6164,-1.7583,-9.3638
1827.000000,21,6.3333,190.2594,47.6379,-1.7796,-10.7011
1827.000000,22,6.3333,190.3030,47.6888,-1.7723,-11.4331
1827.000000,23,6.3333,190.3476,47.7054,-1.8002,-11.6604
1827.000000,24,6.3333,190.3930,47.6236,-1.9274,-11.4727
1828.000000,0,6.2589,189.8436,47.6477,-1.3540,-11.3505
1828.000000,1,6.2589,189.8902,47.7046,-1.3437,-11.6242
1828.000000,2,6.2589,189.9378,47.6839,-1.4120,-11.3922
1828.000000,3,6.2589,189.9863,47.6763,-1.4681,-10.5692
1828.000000,4,6.2589,190.0357,47.6250,-1.5687,-9.2184
1828.000000,5,6.2589,189.9443,47.7032,-1.3991,-10.9549
1828.000000,6,6.2589,189.9898,47.6239,-1.5240,-11.6440
1828.000000,7,6.2589,190.0363,47.6308,-1.5636,-11.6588
1828.000000,8,6.2589,190.0837,47.6905,-1.5513,-11.0544
1828.000000,9,6.2589,190.1320,47.6873,-1.6027,-9.9588
1828.000000,10,6.2589,190.0440,47.6636,-1.5385,-10.5466
1828.000000,11,6.2589,190.0885,47.6518,-1.5947,-11.4229
1828.000000,12,6.2589,190.1340,47.7125,-1.5795,-11.6441
1828.000000,13,6.2589,190.1803,47.6517,-1.6866,-11.4429
1828.000000,14,6.2589,190.2275,47.6667,-1.7188,-10.6187
1828.000000,15,6.2589,190.1429,47.6978,-1.6032,-9.9504
1828.000000,16,6.2589,190.1864,47.6895,-1.6549,-11.0749
1828.000000,17,6.2589,190.2308,47.6228,-1.7661,-11.6857
1828.000000,18,6.2589,190.2761,47.6231,-1.8111,-11.6795
1828.000000,19,6.2589,190.3223,47.7067,-1.7736,-11.0551
1828.000000,20,6.2589,190.2409,47.6174,-1.7816,-9.3817
1828.000000,21,6.2589,190.2835,47.6370,-1.8045,-10.7157
1828.000000,22,6.2589,190.3269,47.6889,-1.7960,-11.4432
1828.000000,23,6.2589,190.3712,47.7055,-1.8237,-11.6683
1828.000000,24,6.2589,190.4163,47.6253,-1.9491,-11.4779
1829.000000,0,6.1847,189.8688,47.6490,-1.3778,-11.3560
1829.000000,1,6.1847,189.9151,47.7046,-1.3685,-11.6320
1829.000000,2,6.1847,189.9624,47.6842,-1.4363,-11.4020
1829.000000,3,6.1847,190.0107,47.6755,-1.4932,-10.5841
1829.000000,4,6.1847,190.0598,47.6261,-1.5917,-9.2366
1829.000000,5,6.1847,189.9692,47.7030,-1.4242,-10.9634
1829.000000,6,6.1847,190.0145,47.6242,-1.5483,-11.6512
1829.000000,7,6.1847,190.0607,47.6302,-1.5885,-11.6678
1829.000000,8,6.1847,190.1079,47.6907,-1.5752,-11.0646
1829.000000,9,6.1847,190.1559,47.6877,-1.6262,-9.9724
1829.000000,10,6.1847,190.0687,47.6637,-1.5630,-10.5573
1829.000000,11,6.1847,190.1130,47.6522,-1.6188,-11.4310
1829.000000,12,6.1847,190.1582,47.7125,-1.6037,-11.6520
1829.000000,13,6.1847,190.2043,47.6521,-1.7102,-11.4508
1829.000000,14,6.1847,190.2512,47.6668,-1.7424,-10.6289
1829.000000,15,6.1847,190.1674,47.6980,-1.6274,-9.9645
1829.000000,16,6.1847,190.2106,47.6898,-1.6789,-11.0852
1829.000000,17,6.1847,190.2548,47.6223,-1.7906,-11.6947
1829.000000,18,6.1847,190.2999,47.6235,-1.8344,-11.6867
1829.000000,19,6.1847,190.3458,47.7066,-1.7972,-11.0632
1829.000000,20,6.1847,190.2652,47.6184,-1.8049,-9.3995
1829.000000,21,6.1847,190.3074,47.6362,-1.8293,-10.7303
1829.000000,22,6.1847,190.3506,47.6890,-1.8196,-11.4532
1829.000000,23,6.1847,190.3947,47.7055,-1.8473,-11.6763
1829.000000,24,6.1847,190.4396,47.6269,-1.9708,-11.4831
1830.000000,0,6.1107,189.8938,47.6503,-1.4016,-11.3616
1830.000000,1,6.1107,189.9399,47.7047,-1.3933,-11.6398
1830.000000,2,6.1107,189.9870,47.6845,-1.4605,-11.4119
1830.000000,3,6.1107,190.0350,47.6747,-1.5184,-10.5989
1830.000000,4,6.1107,190.0838,47.6271,-1.6147,-9.2547
1830.000000,5,6.1107,189.9940,47.7028,-1.4492,-10.9719
1830.000000,6,6.1107,190.0391,47.6245,-1.5726,-11.6585
1830.000000,7,6.1107,190.0851,47.6297,-1.6134,-11.6767
1830.000000,8,6.1107,190.1320,47.6910,-1.5990,-11.0748
1830.000000,9,6.1107,190.1797,47.6881,-1.6496,-9.9859
1830.000000,10,6.1107,190.0933,47.6638,-1.5876,-10.5679
1830.000000,11,6.1107,190.1374,47.6526,-1.6428,-11.4391
1830.000000,12,6.1107,190.1823,47.7125,-1.6279,-11.6598
1830.000000,13,6.1107,190.2281,47.6525,-1.7337,-11.4588
1830.000000,14,6.1107,190.2749,47.6669,-1.7660,-10.6390
1830.000000,15,6.1107,190.1918,47.6982,-1.6516,-9.9786
1830.000000,16,6.1107,190.2348,47.6900,-1.7028,-11.0955
1830.000000,17,6.1107,190.2787,47.6217,-1.8150,-11.7037
1830.000000,18,6.1107,190.3236,47.6239,-1.8577,-11.6939
1830.000000,19,6.1107,190.3693,47.7065,-1.8208,-11.0713
1830.000000,20,6.1107,190.2893,47.6193,-1.8281,-9.4173
1830.000000,21,6.1107,190.3314,47.6354,-1.8540,-10.7447
1830.000000,22,6.1107,190.3744,47.6891,-1.8433,-11.4631
1830.000000,23,6.1107,190.4182,47.7055,-1.8707,-11.6842
1830.000000,24,6.1107,190.4629,47.6285,-1.9925,-11.4884
1831.000000,0,6.0370,189.9189,47.6515,-1.4253,-11.3671
1831.000000,1,6.0370,189.9647,47.7047,-1.4181,-11.6476
1831.000000,2,6.0370,190.0115,47.6848,-1.4847,-11.4216
1831.000000,3,6.0370,190.0592,47.6739,-1.5434,-10.6136
1831.000000,4,6.0370,190.1078,47.6282,-1.6377,-9.2728
1831.000000,5,6.0370,190.0188,47.7026,-1.4742,-10.9803
1831.000000,6,6.0370,190.0636,47.6248,-1.5969,-11.6657
1831.000000,7,6.0370,190.1094,47.6291,-1.6383,-11.6856
1831.000000,8,6.0370,190.1560,47.6912,-1.6228,-11.0849
1831.000000,9,6.0370,190.2035,47.6885,-1.6730,-9.9994
1831.000000,10,6.0370,190.1179,47.6639,-1.6120,-10.5785
1831.000000,11,6.0370,190.1617,47.6530,-1.6667,-11.4472
1831.000000,12,6.0370,190.2064,47.7125,-1.6520,-11.6675
1831.000000,13,6.0370,190.2520,47.6529,-1.7572,-11.4667
1831.000000,14,6.0370,190.2985,47.6670,-1.7895,-10.6492
1831.000000,15,6.0370,190.2161,47.6985,-1.6757,-9.9926
1831.000000,16,6.0370,190.2589,47.6902,-1.7267,-11.1058
1831.000000,17,6.0370,190.3026,47.6212,-1.8394,-11.7126
1831.000000,18,6.0370,190.3472,47.6243,-1.8810,-11.7010
1831.000000,19,6.0370,190.3927,47.7064,-1.8443,-11.0794
1831.000000,20,6.0370,190.3134,47.6202,-1.8513,-9.4350
1831.000000,21,6.0370,190.3553,47.6346,-1.8788,-10.7591
1831.000000,22,6.0370,190.3980,47.6892,-1.8668,-11.4731
1831.000000,23,6.0370,190.4416,47.7055,-1.8941,-11.6921
1831.000000,24,6.0370,190.4861,47.6300,-2.0142,-11.4937
1832.000000,0,5.9634,189.9438,47.6528,-1.4491,-11.3727
1832.000000,1,5.9634,189.9894,47.7047,-1.4428,-11.6553
1832.000000,2,5.9634,190.0360,47.6851,-1.5089,-11.4314
1832.000000,3,5.9634,190.0834,47.6731,-1.5684,-10.6283
1832.000000,4,5.9634,190.1318,47.6292,-1.6606,-9.2908
1832.000000,5,5.9634,190.0435,47.7024,-1.4991,-10.9888
1832.000000,6,5.9634,190.0881,47.6250,-1.6211,-11.6730
1832.000000,7,5.9634,190.1336,47.6286,-1.6631,-11.6945
1832.000000,8,5.9634,190.1800,47.6915,-1.6466,-11.0950
1832.000000,9,5.9634,190.2273,47.6889,-1.6964,-10.0128
1832.000000,10,5.9634,190.1424,47.6640,-1.6364,-10.5890
1832.000000,11,5.9634,190.1859,47.6534,-1.6906,-11.4552
1832.000000,12,5.9634,190.2304,47.7125,-1.6760,-11.6753
1832.000000,13,5.9634,190.2758,47.6532,-1.7806,-11.4747
1832.000000,14,5.9634,190.3220,47.6670,-1.8130,-10.6593
1832.000000,15,5.9634,190.2404,47.6987,-1.6997,-10.0065
1832.000000,16,5.9634,190.2829,47.6905,-1.7505,-11.1160
1832.000000,17,5.9634,190.3264,47.6207,-1.8637,-11.7215
1832.000000,18,5.9634,190.3708,47.6246,-1.9042,-11.7081
1832.000000,19,5.9634,190.4160,47.7062,-1.8678,-11.0875
1832.000000,20,5.9634,190.3375,47.6211,-1.8744,-9.4526
1832.000000,21,5.9634,190.3791,47.6337,-1.9034,-10.7735
1832.000000,22,5.9634,190.4216,47.6893,-1.8904,-11.4830
1832.000000,23,5.9634,190.4650,47.7055,-1.9175,-11.6999
1832.000000,24,5.9634,190.5093,47.6315,-2.0358,-11.4989
1833.000000,0,5.8901,189.9687,47.6540,-1.4728,-11.3783
1833.000000,1,5.8901,190.0141,47.7047,-1.4674,-11.6630
1833.000000,2,5.8901,190.0604,47.6854,-1.5330,-11.4411
1833.000000,3,5.8901,190.1076,47.6723,-1.5934,-10.6429
1833.000000,4,5.8901,190.1557,47.6302,-1.6835,-9.3087
1833.000000,5,5.8901,190.0682,47.7022,-1.5240,-10.9972
1833.000000,6,5.8901,190.1125,47.6253,-1.6453,-11.6802
1833.000000,7,5.8901,190.1578,47.6280,-1.6878,-11.7033
1833.000000,8,5.8901,190.2039,47.6917,-1.6703,-11.1051
1833.000000,9,5.8901,190.2510,47.6893,-1.7197,-10.0263
1833.000000,10,5.8901,190.1668,47.6641,-1.6607,-10.5996
1833.000000,11,5.8901,190.2101,47.6538,-1.7144,-11.4632
1833.000000,12,5.8901,190.2544,47.7125,-1.7000,-11.6830
1833.000000,13,5.8901,190.2995,47.6536,-1.8039,-11.4826
1833.000000,14,5.8901,190.3455,47.6671,-1.8364,-10.6694
1833.000000,15,5.8901,190.2646,47.6989,-1.7237,-10.0204
1833.000000,16,5.8901,190.3069,47.6907,-1.7743,-11.1262
1833.000000,17,5.8901,190.3502,47.6202,-1.8880,-11.7303
1833.000000,18,5.8901,190.3943,47.6250,-1.9273,-11.7153
1833.000000,19,5.8901,190.4393,47.7061,-1.8912,-11.0955
1833.000000,20,5.8901,190.3615,47.6220,-1.8975,-9.4702
1833.000000,21,5.8901,190.4029,47.6329,-1.9280,-10.7877
1833.000000,22,5.8901,190.4452,47.6894,-1.9139,-11.4928
1833.000000,23,5.8901,190.4883,47.7055,-1.9409,-11.7077
1833.000000,24,5.8901,190.5324,47.6330,-2.0574,-11.5043
1834.000000,0,5.8169,189.9935,47.6552,-1.4964,-11.3839
1834.000000,1,5.8169,190.0387,47.7047,-1.4920,-11.6707
1834.000000,2,5.8169,190.0847,47.6856,-1.5571,-11.4508
1834.000000,3,5.8169,190.1317,47.6715,-1.6182,-10.6575
1834.000000,4,5.8169,190.1795,47.6312,-1.7064,-9.3266
1834.000000,5,5.8169,190.0928,47.7021,-1.5488,-11.0057
1834.000000,6,5.8169,190.1369,47.6256,-1.6694,-11.6874
1834.000000,7,5.8169,190.1819,47.6275,-1.7125,-11.7120
1834.000000,8,5.8169,190.2278,47.6919,-1.6939,-11.1151
1834.000000,9,5.8169,190.2746,47.6897,-1.7430,-10.0397
1834.000000,10,5.8169,190.1912,47.6643,-1.6850,-10.6101
1834.000000,11,5.8169,190.2343,47.6542,-1.7382,-11.4712
1834.000000,12,5.8169,190.2783,47.7125,-1.7239,-11.6907
1834.000000,13,5.8169,190.3232,47.6540,-1.8273,-11.4905
1834.000000,14,5.8169,190.3690,47.6672,-1.8598,-10.6795
1834.000000,15,5.8169,190.2887,47.6991,-1.7477,-10.0343
1834.000000,16,5.8169,190.3309,47.6909,-1.7980,-11.1363
1834.000000,17,5.8169,190.3739,47.6197,-1.9122,-11.7391
1834.000000,18,5.8169,190.4178,47.6254,-1.9505,-11.7224
1834.000000,19,5.8169,190.4626,47.7060,-1.9146,-11.1036
1834.000000,20,5.8169,190.3854,47.6229,-1.9206,-9.4877
1834.000000,21,5.8169,190.4266,47.6321,-1.9525,-10.8019
1834.000000,22,5.8169,190.4687,47.6894,-1.9373,-11.5026
1834.000000,23,5.8169,190.5116,47.7055,-1.9641,-11.7155
1834.000000,24,5.8169,190.5554,47.6344,-2.0790,-11.5096
1835.000000,0,5.7440,190.0183,47.6563,-1.5200,-11.3896
1835.000000,1,5.7440,190.0632,47.7047,-1.5166,-11.6784
1835.000000,2,5.7440,190.1090,47.6859,-1.5812,-11.4604
1835.000000,3,5.7440,190.1557,47.6707,-1.6431,-10.6719
1835.000000,4,5.7440,190.2033,47.6322,-1.7292,-9.3445
1835.000000,5,5.7440,190.1174,47.7019,-1.5735,-11.0141
1835.000000,6,5.7440,190.1612,47.6258,-1.6934,-11.6945
1835.000000,7,5.7440,190.2060,47.6270,-1.7371,-11.7208
1835.000000,8,5.7440,190.2517,47.6922,-1.7175,-11.1251
1835.000000,9,5.7440,190.2982,47.6900,-1.7662,-10.0531
1835.000000,10,5.7440,190.2155,47.6644,-1.7092,-10.6206
1835.000000,11,5.7440,190.2584,47.6545,-1.7619,-11.4792
1835.000000,12,5.7440,190.3022,47.7125,-1.7477,-11.6984
1835.000000,13,5.7440,190.3468,47.6543,-1.8505,-11.4983
1835.000000,14,5.7440,190.3923,47.6673,-1.8831,-10.6895
1835.000000,15,5.7440,190.3128,47.6993,-1.7716,-10.0482
1835.000000,16,5.7440,190.3547,47.6911,-1.8216,-11.1464
1835.000000,17,5.7440,190.3975,47.6205,-1.9350,-11.7465
1835.000000,18,5.7440,190.4412,47.6257,-1.9736,-11.7295
1835.000000,19,5.7440,190.4857,47.7059,-1.9379,-11.1116
1835.000000,20,5.7440,190.4093,47.6238,-1.9436,-9.5052
1835.000000,21,5.7440,190.4503,47.6313,-1.9769,-10.8160
1835.000000,22,5.7440,190.4921,47.6894,-1.9607,-11.5124
1835.000000,23,5.7440,190.5348,47.7055,-1.9874,-11.7233
1835.000000,24,5.7440,190.5784,47.6359,-2.1006,-11.5149
1836.000000,0,5.6713,190.0430,47.6574,-1.5436,-11.3952
1836.000000,1,5.6713,190.0877,47.7046,-1.5411,-11.6860
1836.000000,2,5.6713,190.1332,47.6861,-1.6052,-11.4701
1836.000000,3,5.6713,190.1797,47.6699,-1.6679,-10.6863
1836.000000,4,5.6713,190.2270,47.6331,-1.7520,-9.3622
1836.000000,5,5.6713,190.1419,47.7017,-1.5982,-11.0225
1836.000000,6,5.6713,190.1855,47.6261,-1.7174,-11.7017
1836.000000,7,5.6713,190.2300,47.6265,-1.7616,-11.7294
1836.000000,8,5.6713,190.2754,47.6924,-1.7411,-11.1351
1836.000000,9,5.6713,190.3217,47.6904,-1.7894,-10.0664
1836.000000,10,5.6713,190.2398,47.6645,-1.7333,-10.6311
1836.000000,11,5.6713,190.2824,47.6549,-1.7856,-11.4872
1836.000000,12,5.6713,190.3260,47.7125,-1.7715,-11.7060
1836.000000,13,5.6713,190.3704,47.6547,-1.8737,-11.5062
1836.000000,14,5.6713,190.4157,47.6674,-1.9064,-10.6996
1836.000000,15,5.6713,190.3369,47.6995,-1.7954,-10.0620
1836.000000,16,5.6713,190.3786,47.6913,-1.8452,-11.1565
1836.000000,17,5.6713,190.4211,47.6215,-1.9577,-11.7536
1836.000000,18,5.6713,190.4646,47.6260,-1.9966,-11.7365
1836.000000,19,5.6713,190.5089,47.7057,-1.9612,-11.1197
1836.000000,20,5.6713,190.4331,47.6246,-1.9665,-9.5225
1836.000000,21,5.6713,190.4739,47.6306,-2.0013,-10.8300
1836.000000,22,5.6713,190.5155,47.6895,-1.9841,-11.5221
1836.000000,23,5.6713,190.5580,47.7055,-2.0106,-11.7310
1836.000000,24,5.6713,190.6014,47.6372,-2.1222,-11.5203
1837.000000,0,5.5988,190.0677,47.6585,-1.5672,-11.4009
1837.000000,1,5.5988,190.1121,47.7046,-1.5655,-11.6936
1837.000000,2,5.5988,190.1574,47.6863,-1.6292,-11.4796
1837.000000,3,5.5988,190.2036,47.6691,-1.6926,-10.7007
1837.000000,4,5.5988,190.2507,47.6341,-1.7747,-9.3799
1837.000000,5,5.5988,190.1663,47.7015,-1.6228,-11.0309
1837.000000,6,5.5988,190.2097,47.6263,-1.7414,-11.7089
1837.000000,7,5.5988,190.2540,47.6259,-1.7861,-11.7381
1837.000000,8,5.5988,190.2992,47.6926,-1.7646,-11.1451
1837.000000,9,5.5988,190.3452,47.6907,-1.8126,-10.0797
1837.000000,10,5.5988,190.2640,47.6646,-1.7574,-10.6416
1837.000000,11,5.5988,190.3064,47.6553,-1.8092,-11.4951
1837.000000,12,5.5988,190.3497,47.7125,-1.7953,-11.7136
1837.000000,13,5.5988,190.3939,47.6551,-1.8969,-11.5140
1837.000000,14,5.5988,190.4390,47.6674,-1.9296,-10.7096
1837.000000,15,5.5988,190.3609,47.6997,-1.8192,-10.0758
1837.000000,16,5.5988,190.4023,47.6916,-1.8688,-11.1665
1837.000000,17,5.5988,190.4447,47.6225,-1.9803,-11.7608
1837.000000,18,5.5988,190.4879,47.6264,-2.0196,-11.7436
1837.000000,19,5.5988,190.5320,47.7056,-1.9844,-11.1277
1837.000000,20,5.5988,190.4569,47.6254,-1.9895,-9.5399
1837.000000,21,5.5988,190.4974,47.6298,-2.0257,-10.8440
1837.000000,22,5.5988,190.5388,47.6895,-2.0074,-11.5318
1837.000000,23,5.5988,190.5811,47.7054,-2.0337,-11.7388
1837.000000,24,5.5988,190.6243,47.6386,-2.1437,-11.5257
1838.000000,0,5.5265,190.0923,47.6596,-1.5907,-11.4065
1838.000000,1,5.5265,190.1365,47.7046,-1.5899,-11.7012
1838.000000,2,5.5265,190.1815,47.6864,-1.6531,-11.4892
1838.000000,3,5.5265,190.2275,47.6683,-1.7173,-10.7149
1838.000000,4,5.5265,190.2744,47.6350,-1.7974,-9.3976
1838.000000,5,5.5265,190.1907,47.7013,-1.6474,-11.0393
1838.000000,6,5.5265,190.2338,47.6265,-1.7653,-11.7160
1838.000000,7,5.5265,190.2779,47.6254,-1.8105,-11.7467
1838.000000,8,5.5265,190.3228,47.6928,-1.7880,-11.1550
1838.000000,9,5.5265,190.3687,47.6910,-1.8357,-10.0930
1838.000000,10,5.5265,190.2881,47.6647,-1.7815,-10.6521
1838.000000,11,5.5265,190.3303,47.6556,-1.8328,-11.5031
1838.000000,12,5.5265,190.3734,47.7125,-1.8190,-11.7212
1838.000000,13,5.5265,190.4174,47.6554,-1.9200,-11.5218
1838.000000,14,5.5265,190.4622,47.6675,-1.9527,-10.7196
1838.000000,15,5.5265,190.3848,47.6999,-1.8429,-10.0895
1838.000000,16,5.5265,190.4260,47.6918,-1.8923,-11.1765
1838.000000,17,5.5265,190.4682,47.6234,-2.0028,-11.7679
1838.000000,18,5.5265,190.5112,47.6267,-2.0425,-11.7507
1838.000000,19,5.5265,190.5550,47.7055,-2.0076,-11.1357
1838.000000,20,5.5265,190.4806,47.6263,-2.0123,-9.5571
1838.000000,21,5.5265,190.5209,47.6290,-2.0499,-10.8579
1838.000000,22,5.5265,190.5621,47.6895,-2.0307,-11.5415
1838.000000,23,5.5265,190.6042,47.7054,-2.0568,-11.7464
1838.000000,24,5.5265,190.6471,47.6399,-2.1652,-11.5311
1839.000000,0,5.4544,190.1169,47.6607,-1.6142,-11.4122
1839.000000,1,5.4544,190.1608,47.7045,-1.6143,-11.7088
1839.000000,2,5.4544,190.2056,47.6866,-1.6770,-11.4987
1839.000000,3,5.4544,190.2513,47.6675,-1.7419,-10.7291
1839.000000,4,5.4544,190.2979,47.6359,-1.8201,-9.4152
1839.000000,5,5.4544,190.2150,47.7011,-1.6719,-11.0477
1839.000000,6,5.4544,190.2579,47.6268,-1.7892,-11.7231
1839.000000,7,5.4544,190.3017,47.6249,-1.8348,-11.7552
1839.000000,8,5.4544,190.3465,47.6931,-1.8114,-11.1648
1839.000000,9,5.4544,190.3920,47.6914,-1.8587,-10.1063
1839.000000,10,5.4544,190.3122,47.6648,-1.8055,-10.6625
1839.000000,11,5.4544,190.3542,47.6560,-1.8563,-11.5110
1839.000000,12,5.4544,190.3971,47.7125,-1.8426,-11.7287
1839.000000,13,5.4544,190.4408,47.6558,-1.9431,-11.5296
1839.000000,14,5.4544,190.4854,47.6676,-1.9758,-10.7296
1839.000000,15,5.4544,190.4087,47.7001,-1.8666,-10.1032
1839.000000,16,5.4544,190.4497,47.6920,-1.9157,-11.1865
1839.000000,17,5.4544,190.4916,47.6243,-2.0253,-11.7750
1839.000000,18,5.4544,190.5344,47.6270,-2.0655,-11.7577
1839.000000,19,5.4544,190.5780,47.7054,-2.0307,-11.1438
1839.000000,20,5.4544,190.5042,47.6271,-2.0352,-9.5743
1839.000000,21,5.4544,190.5443,47.6282,-2.0741,-10.8717
1839.000000,22,5.4544,190.5853,47.6895,-2.0539,-11.5511
1839.000000,23,5.4544,190.6272,47.7054,-2.0799,-11.7541
1839.000000,24,5.4544,190.6699,47.6413,-2.1867,-11.5365
1840.000000,0,5.3825,190.1413,47.6617,-1.6377,-11.4179
1840.000000,1,5.3825,190.1850,47.7045,-1.6386,-11.7163
1840.000000,2,5.3825,190.2296,47.6868,-1.7009,-11.5082
1840.000000,3,5.3825,190.2751,47.6667,-1.7664,-10.7433
1840.000000,4,5.3825,190.3215,47.6368,-1.8427,-9.4327
1840.000000,5,5.3825,190.2392,47.7009,-1.6964,-11.0561
1840.000000,6,5.3825,190.2819,47.6270,-1.8130,-11.7302
1840.000000,7,5.3825,190.3255,47.6245,-1.8591,-11.7638
1840.000000,8,5.3825,190.3700,47.6933,-1.8348,-11.1747
1840.000000,9,5.3825,190.4154,47.6917,-1.8817,-10.1195
1840.000000,10,5.3825,190.3363,47.6649,-1.8294,-10.6729
1840.000000,11,5.3825,190.3780,47.6563,-1.8797,-11.5188
1840.000000,12,5.3825,190.4207,47.7125,-1.8662,-11.7363
1840.000000,13,5.3825,190.4642,47.6561,-1.9661,-11.5374
1840.000000,14,5.3825,190.5085,47.6677,-1.9989,-10.7396
1840.000000,15,5.3825,190.4325,47.7002,-1.8903,-10.1169
1840.000000,16,5.3825,190.4733,47.6922,-1.9391,-11.1964
1840.000000,17,5.3825,190.5150,47.6252,-2.0478,-11.7821
1840.000000,18,5.3825,190.5576,47.6273,-2.0883,-11.7647
1840.000000,19,5.3825,190.6010,47.7052,-2.0538,-11.1518
1840.000000,20,5.3825,190.5278,47.6279,-2.0580,-9.5915
1840.000000,21,5.3825,190.5677,47.6275,-2.0983,-10.8855
1840.000000,22,5.3825,190.6085,47.6895,-2.0771,-11.5607
1840.000000,23,5.3825,190.6502,47.7053,-2.1029,-11.7617
1840.000000,24,5.3825,190.8727,47.6425,-2.3882,-11.5633
