time_s,cell_idx,elevation_deg,path_loss_dB,beam_gain_dB,snr_dB,sinr_dB
2330.000000,0,5.4943,193.3985,47.6464,-4.9102,-10.1388
2330.000000,1,5.4943,193.5104,47.5504,-5.1180,-11.4136
2330.000000,2,5.4943,193.6297,47.6471,-5.1407,-12.0125
2330.000000,3,5.4943,193.7573,47.7083,-5.2071,-12.1852
2330.000000,4,5.4943,193.8939,47.6922,-5.3597,-11.9933
2330.000000,5,5.4943,193.1565,47.7033,-4.6112,-10.5936
2330.000000,6,5.4943,193.2635,47.6588,-4.7627,-11.6236
2330.000000,7,5.4943,193.3773,47.6117,-4.9237,-12.1638
2330.000000,8,5.4943,193.4986,47.6047,-5.0518,-12.1846
2330.000000,9,5.4943,193.6279,47.6674,-5.1186,-11.6780
2330.000000,10,5.4943,192.9287,47.5760,-4.5107,-11.1847
2330.000000,11,5.4943,193.0317,47.6770,-4.5128,-11.8446
2330.000000,12,5.4943,193.1410,47.7125,-4.5866,-12.0694
2330.000000,13,5.4943,193.2570,47.6818,-4.7333,-11.8787
2330.000000,14,5.4943,193.3804,47.5984,-4.9401,-11.2855
2330.000000,15,5.4943,192.7129,47.6577,-4.2133,-11.4682
2330.000000,16,5.4943,192.8127,47.5975,-4.3733,-12.0699
2330.000000,17,5.4943,192.9183,47.6072,-4.4691,-12.0807
2330.000000,18,5.4943,193.0300,47.6549,-4.5331,-11.5575
2330.000000,19,5.4943,193.1484,47.7050,-4.6015,-10.5683
2330.000000,20,5.4943,192.5076,47.6977,-3.9679,-11.7000
2330.000000,21,5.4943,192.6047,47.7077,-4.0550,-11.9816
2330.000000,22,5.4943,192.7071,47.6618,-4.2034,-11.7970
2330.000000,23,5.4943,192.8153,47.6085,-4.3648,-11.1204
2330.000000,24,5.4943,192.9296,47.5994,-4.4883,-9.9367
2331.000000,0,5.5598,193.3424,47.6451,-4.8554,-10.1111
2331.000000,1,5.5598,193.4532,47.5517,-5.0595,-11.3896
2331.000000,2,5.5598,193.5713,47.6474,-5.0820,-11.9937
2331.000000,3,5.5598,193.6975,47.7082,-5.1474,-12.1688
2331.000000,4,5.5598,193.8325,47.6916,-5.2989,-11.9778
2331.000000,5,5.5598,193.1035,47.7034,-4.5581,-10.5714
2331.000000,6,5.5598,193.2096,47.6585,-4.7092,-11.6063
2331.000000,7,5.5598,193.3225,47.6105,-4.8701,-12.1497
2331.000000,8,5.5598,193.4426,47.6053,-4.9953,-12.1692
2331.000000,9,5.5598,193.5706,47.6677,-5.0610,-11.6614
2331.000000,10,5.5598,192.8784,47.5752,-4.4612,-11.1689
2331.000000,11,5.5598,192.9807,47.6769,-4.4619,-11.8305
2331.000000,12,5.5598,193.0892,47.7125,-4.5348,-12.0557
2331.000000,13,5.5598,193.2043,47.6817,-4.6806,-11.8638
2331.000000,14,5.5598,193.3266,47.5981,-4.8865,-11.2679
2331.000000,15,5.5598,192.6650,47.6580,-4.1650,-11.4551
2331.000000,16,5.5598,192.7642,47.5980,-4.3242,-12.0570
2331.000000,17,5.5598,192.8690,47.6059,-4.4212,-12.0684
2331.000000,18,5.5598,192.9800,47.6546,-4.4835,-11.5413
2331.000000,19,5.5598,193.0975,47.7050,-4.5505,-10.5468
2331.000000,20,5.5598,192.4615,47.6972,-3.9224,-11.6899
2331.000000,21,5.5598,192.5582,47.7077,-4.0086,-11.9696
2331.000000,22,5.5598,192.6601,47.6620,-4.1562,-11.7816
2331.000000,23,5.5598,192.7676,47.6099,-4.3158,-11.0988
2331.000000,24,5.5598,192.8812,47.5974,-4.4418,-9.9122
2332.000000,0,5.6255,193.2870,47.6437,-4.8013,-10.0836
2332.000000,1,5.6255,193.3968,47.5531,-5.0018,-11.3657
2332.000000,2,5.6255,193.5138,47.6477,-5.0242,-11.9751
2332.000000,3,5.6255,193.6386,47.7081,-5.0886,-12.1528
2332.000000,4,5.6255,193.7721,47.6910,-5.2392,-11.9627
2332.000000,5,5.6255,193.0512,47.7035,-4.5057,-10.5495
2332.000000,6,5.6255,193.1565,47.6581,-4.6564,-11.5893
2332.000000,7,5.6255,193.2684,47.6092,-4.8172,-12.1359
2332.000000,8,5.6255,193.3874,47.6058,-4.9396,-12.1540
2332.000000,9,5.6255,193.5142,47.6680,-5.0043,-11.6452
2332.000000,10,5.6255,192.8286,47.5744,-4.4122,-11.1534
2332.000000,11,5.6255,192.9303,47.6768,-4.4116,-11.8166
2332.000000,12,5.6255,193.0380,47.7125,-4.4836,-12.0422
2332.000000,13,5.6255,193.1522,47.6816,-4.6286,-11.8492
2332.000000,14,5.6255,193.2734,47.5978,-4.8336,-11.2505
2332.000000,15,5.6255,192.6175,47.6583,-4.1172,-11.4421
2332.000000,16,5.6255,192.7161,47.5986,-4.2756,-12.0442
2332.000000,17,5.6255,192.8204,47.6046,-4.3738,-12.0563
2332.000000,18,5.6255,192.9306,47.6542,-4.4344,-11.5253
2332.000000,19,5.6255,193.0472,47.7051,-4.5002,-10.5255
2332.000000,20,5.6255,192.4160,47.6967,-3.8773,-11.6800
2332.000000,21,5.6255,192.5122,47.7076,-3.9627,-11.9577
2332.000000,22,5.6255,192.6136,47.6621,-4.1096,-11.7663
2332.000000,23,5.6255,192.7205,47.6114,-4.2672,-11.0774
2332.000000,24,5.6255,192.8333,47.5954,-4.3960,-9.8878
2333.000000,0,5.6912,193.2324,47.6424,-4.7481,-10.0565
2333.000000,1,5.6912,193.3412,47.5544,-4.9449,-11.3421
2333.000000,2,5.6912,193.4571,47.6479,-4.9672,-11.9567
2333.000000,3,5.6912,193.5807,47.7080,-5.0307,-12.1370
2333.000000,4,5.6912,193.7127,47.6904,-5.1803,-11.9479
2333.000000,5,5.6912,192.9995,47.7036,-4.4539,-10.5277
2333.000000,6,5.6912,193.1040,47.6578,-4.6043,-11.5724
2333.000000,7,5.6912,193.2150,47.6080,-4.7651,-12.1223
2333.000000,8,5.6912,193.3330,47.6063,-4.8847,-12.1390
2333.000000,9,5.6912,193.4585,47.6683,-4.9483,-11.6293
2333.000000,10,5.6912,192.7795,47.5737,-4.3638,-11.1380
2333.000000,11,5.6912,192.8805,47.6767,-4.3619,-11.8028
2333.000000,12,5.6912,192.9875,47.7125,-4.4330,-12.0288
2333.000000,13,5.6912,193.1008,47.6815,-4.5773,-11.8347
2333.000000,14,5.6912,193.2210,47.5976,-4.7815,-11.2334
2333.000000,15,5.6912,192.5704,47.6586,-4.0699,-11.4293
2333.000000,16,5.6912,192.6686,47.5991,-4.2275,-12.0315
2333.000000,17,5.6912,192.7722,47.6033,-4.3270,-12.0443
2333.000000,18,5.6912,192.8817,47.6538,-4.3859,-11.5094
2333.000000,19,5.6912,192.9975,47.7051,-4.4505,-10.5044
2333.000000,20,5.6912,192.3708,47.6962,-3.8327,-11.6702
2333.000000,21,5.6912,192.4666,47.7074,-3.9172,-11.9459
2333.000000,22,5.6912,192.5675,47.6621,-4.0634,-11.7512
2333.000000,23,5.6912,192.6738,47.6128,-4.2191,-11.0560
2333.000000,24,5.6912,192.7860,47.5933,-4.3507,-9.8636
2334.000000,0,5.7571,193.1785,47.6410,-4.6956,-10.0296
2334.000000,1,5.7571,193.2864,47.5558,-4.8887,-11.3187
2334.000000,2,5.7571,193.4012,47.6482,-4.9111,-11.9386
2334.000000,3,5.7571,193.5236,47.7079,-4.9737,-12.1215
2334.000000,4,5.7571,193.6541,47.6897,-5.1225,-11.9334
2334.000000,5,5.7571,192.9484,47.7037,-4.4028,-10.5061
2334.000000,6,5.7571,193.0522,47.6574,-4.5529,-11.5557
2334.000000,7,5.7571,193.1623,47.6067,-4.7137,-12.1089
2334.000000,8,5.7571,193.2793,47.6069,-4.8304,-12.1243
2334.000000,9,5.7571,193.4037,47.6686,-4.8931,-11.6136
2334.000000,10,5.7571,192.7308,47.5729,-4.3160,-11.1228
2334.000000,11,5.7571,192.8313,47.6766,-4.3128,-11.7892
2334.000000,12,5.7571,192.9375,47.7125,-4.3831,-12.0155
2334.000000,13,5.7571,193.0500,47.6815,-4.5266,-11.8205
2334.000000,14,5.7571,193.1692,47.5973,-4.7300,-11.2165
2334.000000,15,5.7571,192.5239,47.6589,-4.0230,-11.4166
2334.000000,16,5.7571,192.6216,47.5997,-4.1799,-12.0190
2334.000000,17,5.7571,192.7246,47.6020,-4.2807,-12.0324
2334.000000,18,5.7571,192.8334,47.6534,-4.3380,-11.4936
2334.000000,19,5.7571,192.9484,47.7051,-4.4013,-10.4835
2334.000000,20,5.7571,192.3260,47.6956,-3.7885,-11.6605
2334.000000,21,5.7571,192.4215,47.7073,-3.8722,-11.9342
2334.000000,22,5.7571,192.5219,47.6622,-4.0177,-11.7361
2334.000000,23,5.7571,192.6276,47.6142,-4.1714,-11.0347
2334.000000,24,5.7571,192.7391,47.5912,-4.3060,-9.8395
2335.000000,0,5.8231,193.1253,47.6396,-4.6438,-10.0029
2335.000000,1,5.8231,193.2323,47.5572,-4.8332,-11.2954
2335.000000,2,5.8231,193.3461,47.6485,-4.8557,-11.9206
2335.000000,3,5.8231,193.4673,47.7077,-4.9176,-12.1062
2335.000000,4,5.8231,193.5965,47.6890,-5.0655,-11.9192
2335.000000,5,5.8231,192.8980,47.7038,-4.3522,-10.4848
2335.000000,6,5.8231,193.0011,47.6571,-4.5020,-11.5392
2335.000000,7,5.8231,193.1103,47.6054,-4.6629,-12.0956
2335.000000,8,5.8231,193.2263,47.6074,-4.7769,-12.1097
2335.000000,9,5.8231,193.3496,47.6689,-4.8387,-11.5982
2335.000000,10,5.8231,192.6827,47.5721,-4.2686,-11.1077
2335.000000,11,5.8231,192.7826,47.6765,-4.2642,-11.7757
2335.000000,12,5.8231,192.8881,47.7125,-4.3337,-12.0024
2335.000000,13,5.8231,192.9998,47.6814,-4.4765,-11.8064
2335.000000,14,5.8231,193.1181,47.5971,-4.6791,-11.1998
2335.000000,15,5.8231,192.4778,47.6592,-3.9766,-11.4041
2335.000000,16,5.8231,192.5750,47.6002,-4.1328,-12.0065
2335.000000,17,5.8231,192.6775,47.6006,-4.2349,-12.0207
2335.000000,18,5.8231,192.7856,47.6530,-4.2906,-11.4780
2335.000000,19,5.8231,192.8998,47.7051,-4.3527,-10.4628
2335.000000,20,5.8231,192.2817,47.6951,-3.7447,-11.6510
2335.000000,21,5.8231,192.3767,47.7071,-3.8276,-11.9226
2335.000000,22,5.8231,192.4767,47.6622,-3.9725,-11.7212
2335.000000,23,5.8231,192.5819,47.6157,-4.1243,-11.0135
2335.000000,24,5.8231,192.6928,47.5890,-4.2618,-9.8156
2336.000000,0,5.8892,193.0728,47.6381,-4.5927,-9.9764
2336.000000,1,5.8892,193.1789,47.5586,-4.7784,-11.2723
2336.000000,2,5.8892,193.2918,47.6487,-4.8011,-11.9029
2336.000000,3,5.8892,193.4118,47.7076,-4.8623,-12.0912
2336.000000,4,5.8892,193.5397,47.6883,-5.0094,-11.9053
2336.000000,5,5.8892,192.8481,47.7039,-4.3022,-10.4636
2336.000000,6,5.8892,192.9505,47.6567,-4.4518,-11.5228
2336.000000,7,5.8892,193.0590,47.6041,-4.6129,-12.0826
2336.000000,8,5.8892,193.1740,47.6080,-4.7240,-12.0953
2336.000000,9,5.8892,193.2962,47.6692,-4.7850,-11.5830
2336.000000,10,5.8892,192.6351,47.5713,-4.2218,-11.0929
2336.000000,11,5.8892,192.7344,47.6764,-4.2161,-11.7624
2336.000000,12,5.8892,192.8393,47.7125,-4.2849,-11.9895
2336.000000,13,5.8892,192.9502,47.6813,-4.4269,-11.7924
2336.000000,14,5.8892,193.0676,47.5968,-4.6289,-11.1833
2336.000000,15,5.8892,192.4321,47.6595,-3.9306,-11.3917
2336.000000,16,5.8892,192.5289,47.6008,-4.0861,-11.9942
2336.000000,17,5.8892,192.6308,47.5993,-4.1896,-12.0091
2336.000000,18,5.8892,192.7383,47.6527,-4.2437,-11.4625
2336.000000,19,5.8892,192.8518,47.7052,-4.3047,-10.4422
2336.000000,20,5.8892,192.2377,47.6945,-3.7013,-11.6416
2336.000000,21,5.8892,192.3324,47.7070,-3.7835,-11.9111
2336.000000,22,5.8892,192.4319,47.6622,-3.9277,-11.7063
2336.000000,23,5.8892,192.5366,47.6171,-4.0775,-10.9923
2336.000000,24,5.8892,192.6469,47.5868,-4.2181,-9.7919
2337.000000,0,5.9555,193.0209,47.6366,-4.5423,-9.9502
2337.000000,1,5.9555,193.1262,47.5600,-4.7243,-11.2493
2337.000000,2,5.9555,193.2381,47.6489,-4.7473,-11.8853
2337.000000,3,5.9555,193.3571,47.7074,-4.8077,-12.0763
2337.000000,4,5.9555,193.4837,47.6876,-4.9542,-11.8917
2337.000000,5,5.9555,192.7987,47.7040,-4.2528,-10.4425
2337.000000,6,5.9555,192.9005,47.6563,-4.4022,-11.5066
2337.000000,7,5.9555,193.0082,47.6028,-4.5634,-12.0697
2337.000000,8,5.9555,193.1224,47.6086,-4.6718,-12.0810
2337.000000,9,5.9555,193.2435,47.6695,-4.7321,-11.5680
2337.000000,10,5.9555,192.5880,47.5705,-4.1755,-11.0782
2337.000000,11,5.9555,192.6867,47.6763,-4.1685,-11.7491
2337.000000,12,5.9555,192.7910,47.7125,-4.2366,-11.9766
2337.000000,13,5.9555,192.9012,47.6812,-4.3780,-11.7786
2337.000000,14,5.9555,193.0178,47.5965,-4.5793,-11.1671
2337.000000,15,5.9555,192.3869,47.6599,-3.8850,-11.3795
2337.000000,16,5.9555,192.4832,47.6014,-4.0399,-11.9819
2337.000000,17,5.9555,192.5846,47.5979,-4.1448,-11.9976
2337.000000,18,5.9555,192.6916,47.6523,-4.1973,-11.4471
2337.000000,19,5.9555,192.8044,47.7052,-4.2572,-10.4218
2337.000000,20,5.9555,192.1941,47.6939,-3.6583,-11.6323
2337.000000,21,5.9555,192.2885,47.7068,-3.7398,-11.8997
2337.000000,22,5.9555,192.3876,47.6622,-3.8834,-11.6915
2337.000000,23,5.9555,192.4918,47.6186,-4.0312,-10.9712
2337.000000,24,5.9555,192.6015,47.5846,-4.1749,-9.7683
2338.000000,0,6.0218,192.9696,47.6351,-4.4925,-9.9242
2338.000000,1,6.0218,193.0742,47.5615,-4.6708,-11.2265
2338.000000,2,6.0218,193.1852,47.6491,-4.6942,-11.8680
2338.000000,3,6.0218,193.3031,47.7072,-4.7540,-12.0617
2338.000000,4,6.0218,193.4286,47.6869,-4.8998,-11.8784
2338.000000,5,6.0218,192.7500,47.7041,-4.2039,-10.4217
2338.000000,6,6.0218,192.8511,47.6560,-4.3532,-11.4905
2338.000000,7,6.0218,192.9581,47.6015,-4.5146,-12.0570
2338.000000,8,6.0218,193.0714,47.6091,-4.6203,-12.0670
2338.000000,9,6.0218,193.1915,47.6698,-4.6798,-11.5533
2338.000000,10,6.0218,192.5413,47.5697,-4.1296,-11.0636
2338.000000,11,6.0218,192.6396,47.6761,-4.1215,-11.7361
2338.000000,12,6.0218,192.7432,47.7125,-4.1888,-11.9639
2338.000000,13,6.0218,192.8527,47.6811,-4.3296,-11.7650
2338.000000,14,6.0218,192.9685,47.5962,-4.5303,-11.1510
2338.000000,15,6.0218,192.3420,47.6602,-3.8399,-11.3673
2338.000000,16,6.0218,192.4380,47.6020,-3.9940,-11.9698
2338.000000,17,6.0218,192.5389,47.5965,-4.1005,-11.9862
2338.000000,18,6.0218,192.6453,47.6519,-4.1514,-11.4319
2338.000000,19,6.0218,192.7574,47.7052,-4.2102,-10.4016
2338.000000,20,6.0218,192.1509,47.6932,-3.6157,-11.6232
2338.000000,21,6.0218,192.2449,47.7065,-3.6964,-11.8884
2338.000000,22,6.0218,192.3437,47.6622,-3.8395,-11.6768
2338.000000,23,6.0218,192.4474,47.6201,-3.9854,-10.9502
2338.000000,24,6.0218,192.5565,47.5823,-4.1322,-9.7449
2339.000000,0,6.0883,192.9189,47.6336,-4.4434,-9.8983
2339.000000,1,6.0883,193.0228,47.5629,-4.6179,-11.2038
2339.000000,2,6.0883,193.1329,47.6493,-4.6417,-11.8508
2339.000000,3,6.0883,193.2499,47.7070,-4.7009,-12.0473
2339.000000,4,6.0883,193.3742,47.6861,-4.8461,-11.8654
2339.000000,5,6.0883,192.7017,47.7042,-4.1556,-10.4010
2339.000000,6,6.0883,192.8022,47.6556,-4.3047,-11.4746
2339.000000,7,6.0883,192.9085,47.6002,-4.4664,-12.0444
2339.000000,8,6.0883,193.0210,47.6097,-4.5693,-12.0531
2339.000000,9,6.0883,193.1402,47.6701,-4.6281,-11.5388
2339.000000,10,6.0883,192.4951,47.5689,-4.0842,-11.0492
2339.000000,11,6.0883,192.5929,47.6760,-4.0749,-11.7231
2339.000000,12,6.0883,192.6960,47.7125,-4.1416,-11.9513
2339.000000,13,6.0883,192.8048,47.6811,-4.2818,-11.7515
2339.000000,14,6.0883,192.9198,47.5960,-4.4818,-11.1352
2339.000000,15,6.0883,192.2976,47.6605,-3.7951,-11.3553
2339.000000,16,6.0883,192.3932,47.6026,-3.9486,-11.9577
2339.000000,17,6.0883,192.4937,47.5951,-4.0566,-11.9750
2339.000000,18,6.0883,192.5995,47.6515,-4.1060,-11.4168
2339.000000,19,6.0883,192.7109,47.7052,-4.1638,-10.3815
2339.000000,20,6.0883,192.1080,47.6926,-3.5734,-11.6141
2339.000000,21,6.0883,192.2017,47.7063,-3.6535,-11.8772
2339.000000,22,6.0883,192.3001,47.6621,-3.7960,-11.6622
2339.000000,23,6.0883,192.4034,47.6216,-3.9399,-10.9292
2339.000000,24,6.0883,192.5120,47.5800,-4.0900,-9.7216
2340.000000,0,6.1549,192.8688,47.6320,-4.3949,-9.8727
2340.000000,1,6.1549,192.9720,47.5644,-4.5657,-11.1813
2340.000000,2,6.1549,193.0813,47.6494,-4.5900,-11.8338
2340.000000,3,6.1549,193.1973,47.7067,-4.6486,-12.0331
2340.000000,4,6.1549,193.3205,47.6853,-4.7932,-11.8526
2340.000000,5,6.1549,192.6539,47.7042,-4.1077,-10.3804
2340.000000,6,6.1549,192.7539,47.6552,-4.2567,-11.4588
2340.000000,7,6.1549,192.8595,47.5988,-4.4187,-12.0320
2340.000000,8,6.1549,192.9712,47.6103,-4.5189,-12.0393
2340.000000,9,6.1549,193.0895,47.6704,-4.5771,-11.5245
2340.000000,10,6.1549,192.4493,47.5681,-4.0392,-11.0349
2340.000000,11,6.1549,192.5467,47.6759,-4.0288,-11.7103
2340.000000,12,6.1549,192.6492,47.7125,-4.0948,-11.9389
2340.000000,13,6.1549,192.7574,47.6810,-4.2344,-11.7381
2340.000000,14,6.1549,192.8716,47.5957,-4.4339,-11.1195
2340.000000,15,6.1549,192.2536,47.6609,-3.7508,-11.3434
2340.000000,16,6.1549,192.3488,47.6032,-3.9036,-11.9457
2340.000000,17,6.1549,192.4488,47.5936,-4.0132,-11.9639
2340.000000,18,6.1549,192.5541,47.6510,-4.0611,-11.4017
2340.000000,19,6.1549,192.6650,47.7052,-4.1178,-10.3616
2340.000000,20,6.1549,192.0654,47.6919,-3.5316,-11.6052
2340.000000,21,6.1549,192.1589,47.7060,-3.6109,-11.8660
2340.000000,22,6.1549,192.2569,47.6620,-3.7530,-11.6477
2340.000000,23,6.1549,192.3598,47.6230,-3.8948,-10.9083
2340.000000,24,6.1549,192.4679,47.5777,-4.0483,-9.6984
2341.000000,0,6.2216,192.8193,47.6304,-4.3469,-9.8473
2341.000000,1,6.2216,192.9218,47.5658,-4.5140,-11.1588
2341.000000,2,6.2216,193.0304,47.6496,-4.5389,-11.8169
2341.000000,3,6.2216,193.1454,47.7065,-4.5970,-12.0191
2341.000000,4,6.2216,193.2676,47.6845,-4.7411,-11.8400
2341.000000,5,6.2216,192.6066,47.7043,-4.0603,-10.3600
2341.000000,6,6.2216,192.7061,47.6548,-4.2093,-11.4432
2341.000000,7,6.2216,192.8111,47.5974,-4.3717,-12.0198
2341.000000,8,6.2216,192.9220,47.6109,-4.4691,-12.0257
2341.000000,9,6.2216,193.0394,47.6708,-4.5267,-11.5104
2341.000000,10,6.2216,192.4040,47.5673,-3.9947,-11.0208
2341.000000,11,6.2216,192.5009,47.6758,-3.9831,-11.6975
2341.000000,12,6.2216,192.6029,47.7125,-4.0485,-11.9265
2341.000000,13,6.2216,192.7105,47.6809,-4.1876,-11.7249
2341.000000,14,6.2216,192.8240,47.5954,-4.3866,-11.1040
2341.000000,15,6.2216,192.2099,47.6612,-3.7068,-11.3316
2341.000000,16,6.2216,192.3048,47.6038,-3.8590,-11.9339
2341.000000,17,6.2216,192.4044,47.5922,-3.9703,-11.9528
2341.000000,18,6.2216,192.5092,47.6506,-4.0166,-11.3868
2341.000000,19,6.2216,192.6194,47.7052,-4.0723,-10.3418
2341.000000,20,6.2216,192.0232,47.6912,-3.4901,-11.5964
2341.000000,21,6.2216,192.1164,47.7057,-3.5688,-11.8550
2341.000000,22,6.2216,192.2141,47.6619,-3.7103,-11.6332
2341.000000,23,6.2216,192.3166,47.6245,-3.8501,-10.8874
2341.000000,24,6.2216,192.4242,47.5753,-4.0070,-9.6754
2342.000000,0,6.2885,192.7703,47.6288,-4.2996,-9.8220
2342.000000,1,6.2885,192.8722,47.5673,-4.4629,-11.1365
2342.000000,2,6.2885,192.9800,47.6497,-4.4884,-11.8002
2342.000000,3,6.2885,193.0942,47.7062,-4.5460,-12.0053
2342.000000,4,6.2885,193.2153,47.6837,-4.6897,-11.8277
2342.000000,5,6.2885,192.5598,47.7044,-4.0135,-10.3397
2342.000000,6,6.2885,192.6588,47.6545,-4.1623,-11.4277
2342.000000,7,6.2885,192.7631,47.5960,-4.3252,-12.0076
2342.000000,8,6.2885,192.8734,47.6115,-4.4199,-12.0122
2342.000000,9,6.2885,192.9899,47.6711,-4.4769,-11.4965
2342.000000,10,6.2885,192.3591,47.5665,-3.9506,-11.0069
2342.000000,11,6.2885,192.4556,47.6757,-3.9379,-11.6849
2342.000000,12,6.2885,192.5571,47.7125,-4.0027,-11.9143
2342.000000,13,6.2885,192.6641,47.6808,-4.1413,-11.7118
2342.000000,14,6.2885,192.7769,47.5952,-4.3398,-11.0886
2342.000000,15,6.2885,192.1666,47.6615,-3.6631,-11.3200
2342.000000,16,6.2885,192.2611,47.6044,-3.8148,-11.9220
2342.000000,17,6.2885,192.3604,47.5907,-3.9277,-11.9419
2342.000000,18,6.2885,192.4647,47.6502,-3.9725,-11.3720
2342.000000,19,6.2885,192.5744,47.7052,-4.0272,-10.3222
2342.000000,20,6.2885,191.9814,47.6905,-3.4489,-11.5877
2342.000000,21,6.2885,192.0743,47.7054,-3.5270,-11.8440
2342.000000,22,6.2885,192.1717,47.6617,-3.6680,-11.6189
2342.000000,23,6.2885,192.2738,47.6260,-3.8058,-10.8666
2342.000000,24,6.2885,192.3810,47.5729,-3.9661,-9.6525
2343.000000,0,6.3554,192.7219,47.6271,-4.2528,-9.7969
2343.000000,1,6.3554,192.8231,47.5688,-4.4124,-11.1143
2343.000000,2,6.3554,192.9302,47.6498,-4.4385,-11.7836
2343.000000,3,6.3554,193.0436,47.7059,-4.4957,-11.9916
2343.000000,4,6.3554,193.1637,47.6828,-4.6390,-11.8156
2343.000000,5,6.3554,192.5135,47.7045,-3.9670,-10.3196
2343.000000,6,6.3554,192.6119,47.6541,-4.1159,-11.4123
2343.000000,7,6.3554,192.7157,47.5946,-4.2792,-11.9957
2343.000000,8,6.3554,192.8253,47.6121,-4.3712,-11.9989
2343.000000,9,6.3554,192.9410,47.6714,-4.4277,-11.4828
2343.000000,10,6.3554,192.3146,47.5657,-3.9069,-10.9930
2343.000000,11,6.3554,192.4106,47.6756,-3.8931,-11.6724
2343.000000,12,6.3554,192.5117,47.7125,-3.9573,-11.9021
2343.000000,13,6.3554,192.6181,47.6808,-4.0954,-11.6988
2343.000000,14,6.3554,192.7303,47.5949,-4.2935,-11.0735
2343.000000,15,6.3554,192.1237,47.6619,-3.6198,-11.3084
2343.000000,16,6.3554,192.2179,47.6051,-3.7709,-11.9103
2343.000000,17,6.3554,192.3168,47.5892,-3.8856,-11.9311
2343.000000,18,6.3554,192.4206,47.6498,-3.9289,-11.3573
2343.000000,19,6.3554,192.5298,47.7052,-3.9826,-10.3027
2343.000000,20,6.3554,191.9398,47.6897,-3.4081,-11.5792
2343.000000,21,6.3554,192.0325,47.7050,-3.4855,-11.8332
2343.000000,22,6.3554,192.1296,47.6616,-3.6261,-11.6046
2343.000000,23,6.3554,192.2314,47.6275,-3.7619,-10.8458
2343.000000,24,6.3554,192.3381,47.5704,-3.9257,-9.6297
2344.000000,0,6.4225,192.6739,47.6254,-4.2066,-9.7719
2344.000000,1,6.4225,192.7746,47.5703,-4.3623,-11.0922
2344.000000,2,6.4225,192.8810,47.6498,-4.3892,-11.7672
2344.000000,3,6.4225,192.9936,47.7056,-4.4461,-11.9781
2344.000000,4,6.4225,193.1128,47.6819,-4.5889,-11.8037
2344.000000,5,6.4225,192.4676,47.7046,-3.9211,-10.2996
2344.000000,6,6.4225,192.5656,47.6537,-4.0699,-11.3970
2344.000000,7,6.4225,192.6688,47.5931,-4.2337,-11.9838
2344.000000,8,6.4225,192.7777,47.6127,-4.3230,-11.9856
2344.000000,9,6.4225,192.8927,47.6718,-4.3790,-11.4692
2344.000000,10,6.4225,192.2704,47.5649,-3.8636,-10.9793
2344.000000,11,6.4225,192.3661,47.6755,-3.8487,-11.6600
2344.000000,12,6.4225,192.4668,47.7125,-3.9124,-11.8901
2344.000000,13,6.4225,192.5727,47.6807,-4.0500,-11.6859
2344.000000,14,6.4225,192.6842,47.5946,-4.2476,-11.0585
2344.000000,15,6.4225,192.0811,47.6622,-3.5769,-11.2969
2344.000000,16,6.4225,192.1750,47.6057,-3.7274,-11.8987
2344.000000,17,6.4225,192.2735,47.5877,-3.8439,-11.9203
2344.000000,18,6.4225,192.3769,47.6494,-3.8856,-11.3427
2344.000000,19,6.4225,192.4856,47.7052,-3.9384,-10.2833
2344.000000,20,6.4225,191.8985,47.6890,-3.3676,-11.5707
2344.000000,21,6.4225,191.9910,47.7047,-3.4444,-11.8224
2344.000000,22,6.4225,192.0879,47.6613,-3.5846,-11.5903
2344.000000,23,6.4225,192.1893,47.6290,-3.7183,-10.8250
2344.000000,24,6.4225,192.2956,47.5679,-3.8857,-9.6071
2345.000000,0,6.4898,192.6265,47.6236,-4.1609,-9.7471
2345.000000,1,6.4898,192.7266,47.5719,-4.3128,-11.0701
2345.000000,2,6.4898,192.8324,47.6499,-4.3405,-11.7509
2345.000000,3,6.4898,192.9442,47.7052,-4.3970,-11.9648
2345.000000,4,6.4898,193.0625,47.6810,-4.5395,-11.7921
2345.000000,5,6.4898,192.4222,47.7047,-3.8755,-10.2797
2345.000000,6,6.4898,192.5197,47.6533,-4.0244,-11.3818
2345.000000,7,6.4898,192.6224,47.5917,-4.1887,-11.9721
2345.000000,8,6.4898,192.7306,47.6134,-4.2753,-11.9725
2345.000000,9,6.4898,192.8449,47.6721,-4.3308,-11.4558
2345.000000,10,6.4898,192.2267,47.5640,-3.8207,-10.9657
2345.000000,11,6.4898,192.3221,47.6754,-3.8047,-11.6477
2345.000000,12,6.4898,192.4223,47.7125,-3.8678,-11.8781
2345.000000,13,6.4898,192.5276,47.6806,-4.0051,-11.6732
2345.000000,14,6.4898,192.6386,47.5943,-4.2023,-11.0436
2345.000000,15,6.4898,192.0388,47.6626,-3.5343,-11.2856
2345.000000,16,6.4898,192.1325,47.6063,-3.6842,-11.8871
2345.000000,17,6.4898,192.2307,47.5861,-3.8026,-11.9097
2345.000000,18,6.4898,192.3337,47.6489,-3.8428,-11.3282
2345.000000,19,6.4898,192.4418,47.7052,-3.8947,-10.2641
2345.000000,20,6.4898,191.8576,47.6882,-3.3274,-11.5623
2345.000000,21,6.4898,191.9499,47.7043,-3.4037,-11.8116
2345.000000,22,6.4898,192.0464,47.6611,-3.5434,-11.5761
2345.000000,23,6.4898,192.1475,47.6305,-3.6750,-10.8043
2345.000000,24,6.4898,192.2535,47.5653,-3.8462,-9.5845
2346.000000,0,6.5571,192.5795,47.6219,-4.1157,-9.7225
2346.000000,1,6.5571,192.6791,47.5734,-4.2638,-11.0482
2346.000000,2,6.5571,192.7843,47.6499,-4.2924,-11.7348
2346.000000,3,6.5571,192.8953,47.7048,-4.3485,-11.9516
2346.000000,4,6.5571,193.0128,47.6801,-4.4908,-11.7806
2346.000000,5,6.5571,192.3771,47.7048,-3.8304,-10.2599
2346.000000,6,6.5571,192.4742,47.6529,-3.9794,-11.3667
2346.000000,7,6.5571,192.5764,47.5902,-4.1442,-11.9605
2346.000000,8,6.5571,192.6841,47.6140,-4.2281,-11.9596
2346.000000,9,6.5571,192.7976,47.6724,-4.2832,-11.4426
2346.000000,10,6.5571,192.1833,47.5632,-3.7781,-10.9522
2346.000000,11,6.5571,192.2783,47.6753,-3.7611,-11.6355
2346.000000,12,6.5571,192.3781,47.7125,-3.8237,-11.8663
2346.000000,13,6.5571,192.4830,47.6805,-3.9606,-11.6605
2346.000000,14,6.5571,192.5934,47.5940,-4.1574,-11.0290
2346.000000,15,6.5571,191.9969,47.6630,-3.4920,-11.2743
2346.000000,16,6.5571,192.0903,47.6070,-3.6413,-11.8755
2346.000000,17,6.5571,192.1882,47.5846,-3.7616,-11.8992
2346.000000,18,6.5571,192.2908,47.6485,-3.8003,-11.3137
2346.000000,19,6.5571,192.3985,47.7052,-3.8513,-10.2449
2346.000000,20,6.5571,191.8169,47.6873,-3.2876,-11.5541
2346.000000,21,6.5571,191.9090,47.7038,-3.3632,-11.8010
2346.000000,22,6.5571,192.0054,47.6608,-3.5026,-11.5620
2346.000000,23,6.5571,192.1061,47.6321,-3.6321,-10.7836
2346.000000,24,6.5571,192.2117,47.5627,-3.8070,-9.5621
2347.000000,0,6.6245,192.5330,47.6201,-4.0710,-9.6980
2347.000000,1,6.6245,192.6321,47.5749,-4.2152,-11.0263
2347.000000,2,6.6245,192.7367,47.6499,-4.2448,-11.7187
2347.000000,3,6.6245,192.8470,47.7044,-4.3006,-11.9386
2347.000000,4,6.6245,192.9637,47.6791,-4.4426,-11.7694
2347.000000,5,6.6245,192.3325,47.7048,-3.7857,-10.2403
2347.000000,6,6.6245,192.4292,47.6525,-3.9348,-11.3518
2347.000000,7,6.6245,192.5309,47.5887,-4.1002,-11.9490
2347.000000,8,6.6245,192.6380,47.6146,-4.1814,-11.9467
2347.000000,9,6.6245,192.7509,47.6728,-4.2361,-11.4296
2347.000000,10,6.6245,192.1403,47.5624,-3.7360,-10.9389
2347.000000,11,6.6245,192.2350,47.6752,-3.7179,-11.6234
2347.000000,12,6.6245,192.3344,47.7125,-3.7800,-11.8545
2347.000000,13,6.6245,192.4389,47.6804,-3.9165,-11.6480
2347.000000,14,6.6245,192.5487,47.5937,-4.1129,-11.0144
2347.000000,15,6.6245,191.9553,47.6633,-3.4500,-11.2632
2347.000000,16,6.6245,192.0484,47.6076,-3.5988,-11.8641
2347.000000,17,6.6245,192.1460,47.5830,-3.7210,-11.8887
2347.000000,18,6.6245,192.2483,47.6481,-3.7583,-11.2994
2347.000000,19,6.6245,192.3555,47.7052,-3.8083,-10.2259
2347.000000,20,6.6245,191.7765,47.6865,-3.2481,-11.5459
2347.000000,21,6.6245,191.8685,47.7034,-3.3231,-11.7904
2347.000000,22,6.6245,191.9646,47.6605,-3.4621,-11.5480
2347.000000,23,6.6245,192.0651,47.6336,-3.5895,-10.7629
2347.000000,24,6.6245,192.1703,47.5601,-3.7682,-9.5398
2348.000000,0,6.6921,192.4870,47.6182,-4.0268,-9.6737
2348.000000,1,6.6921,192.5856,47.5765,-4.1672,-11.0045
2348.000000,2,6.6921,192.6896,47.6499,-4.1977,-11.7028
2348.000000,3,6.6921,192.7993,47.7040,-4.2533,-11.9257
2348.000000,4,6.6921,192.9151,47.6781,-4.3950,-11.7583
2348.000000,5,6.6921,192.2883,47.7049,-3.7414,-10.2208
2348.000000,6,6.6921,192.3846,47.6520,-3.8906,-11.3369
2348.000000,7,6.6921,192.4858,47.5872,-4.0567,-11.9377
2348.000000,8,6.6921,192.5924,47.6153,-4.1351,-11.9339
2348.000000,9,6.6921,192.7046,47.6731,-4.1895,-11.4167
2348.000000,10,6.6921,192.0976,47.5615,-3.6941,-10.9257
2348.000000,11,6.6921,192.1921,47.6751,-3.6750,-11.6113
2348.000000,12,6.6921,192.2911,47.7125,-3.7367,-11.8428
2348.000000,13,6.6921,192.3951,47.6803,-3.8728,-11.6355
2348.000000,14,6.6921,192.5044,47.5935,-4.0689,-11.0000
2348.000000,15,6.6921,191.9140,47.6637,-3.4083,-11.2521
2348.000000,16,6.6921,192.0069,47.6083,-3.5566,-11.8527
2348.000000,17,6.6921,192.1042,47.5814,-3.6808,-11.8783
2348.000000,18,6.6921,192.2061,47.6476,-3.7165,-11.2851
2348.000000,19,6.6921,192.3129,47.7052,-3.7658,-10.2070
2348.000000,20,6.6921,191.7364,47.6856,-3.2088,-11.5379
2348.000000,21,6.6921,191.8282,47.7029,-3.2834,-11.7799
2348.000000,22,6.6921,191.9241,47.6602,-3.4219,-11.5340
2348.000000,23,6.6921,192.0243,47.6351,-3.5473,-10.7423
2348.000000,24,6.6921,192.1292,47.5574,-3.7298,-9.5176
2349.000000,0,6.7598,192.4414,47.6163,-3.9831,-9.6494
2349.000000,1,6.7598,192.5396,47.5781,-4.1195,-10.9827
2349.000000,2,6.7598,192.6430,47.6498,-4.1512,-11.6870
2349.000000,3,6.7598,192.7520,47.7035,-4.2065,-11.9130
2349.000000,4,6.7598,192.8671,47.6771,-4.3481,-11.7475
2349.000000,5,6.7598,192.2444,47.7050,-3.6975,-10.2013
2349.000000,6,6.7598,192.3404,47.6516,-3.8468,-11.3221
2349.000000,7,6.7598,192.4412,47.5857,-4.0135,-11.9264
2349.000000,8,6.7598,192.5472,47.6159,-4.0893,-11.9213
2349.000000,9,6.7598,192.6588,47.6735,-4.1434,-11.4039
2349.000000,10,6.7598,192.0553,47.5607,-3.6527,-10.9125
2349.000000,11,6.7598,192.1494,47.6750,-3.6325,-11.5994
2349.000000,12,6.7598,192.2482,47.7125,-3.6937,-11.8312
2349.000000,13,6.7598,192.3517,47.6803,-3.8295,-11.6232
2349.000000,14,6.7598,192.4605,47.5932,-4.0254,-10.9858
2349.000000,15,6.7598,191.8730,47.6641,-3.3669,-11.2411
2349.000000,16,6.7598,191.9657,47.6090,-3.5148,-11.8414
2349.000000,17,6.7598,192.0627,47.5798,-3.6410,-11.8681
2349.000000,18,6.7598,192.1643,47.6472,-3.6752,-11.2709
2349.000000,19,6.7598,192.2707,47.7052,-3.7236,-10.1882
2349.000000,20,6.7598,191.6965,47.6847,-3.1699,-11.5299
2349.000000,21,6.7598,191.7882,47.7024,-3.2439,-11.7695
2349.000000,22,6.7598,191.8839,47.6598,-3.3821,-11.5201
2349.000000,23,6.7598,191.9839,47.6366,-3.5053,-10.7217
2349.000000,24,6.7598,192.0884,47.5546,-3.6918,-9.4955
2350.000000,0,6.8276,192.3962,47.6144,-3.9398,-9.6253
2350.000000,1,6.8276,192.4940,47.5797,-4.0723,-10.9611
2350.000000,2,6.8276,192.5968,47.6497,-4.1051,-11.6713
2350.000000,3,6.8276,192.7053,47.7030,-4.1603,-11.9004
2350.000000,4,6.8276,192.8197,47.6761,-4.3016,-11.7368
2350.000000,5,6.8276,192.2009,47.7051,-3.6539,-10.1820
2350.000000,6,6.8276,192.2965,47.6512,-3.8034,-11.3074
2350.000000,7,6.8276,192.3969,47.5841,-3.9709,-11.9153
2350.000000,8,6.8276,192.5025,47.6166,-4.0439,-11.9087
2350.000000,9,6.8276,192.6135,47.6738,-4.0977,-11.3913
2350.000000,10,6.8276,192.0133,47.5598,-3.6115,-10.8995
2350.000000,11,6.8276,192.1072,47.6749,-3.5904,-11.5875
2350.000000,12,6.8276,192.2056,47.7125,-3.6511,-11.8197
2350.000000,13,6.8276,192.3087,47.6802,-3.7866,-11.6110
2350.000000,14,6.8276,192.4170,47.5929,-3.9822,-10.9716
2350.000000,15,6.8276,191.8323,47.6644,-3.3258,-11.2302
2350.000000,16,6.8276,191.9248,47.6097,-3.4732,-11.8301
2350.000000,17,6.8276,192.0216,47.5782,-3.6015,-11.8578
2350.000000,18,6.8276,192.1229,47.6467,-3.6342,-11.2567
2350.000000,19,6.8276,192.2289,47.7052,-3.6818,-10.1695
2350.000000,20,6.8276,191.6570,47.6837,-3.1313,-11.5221
2350.000000,21,6.8276,191.7485,47.7018,-3.2047,-11.7591
2350.000000,22,6.8276,191.8440,47.6594,-3.3427,-11.5062
2350.000000,23,6.8276,191.9438,47.6381,-3.4637,-10.7011
2350.000000,24,6.8276,192.0480,47.5518,-3.6542,-9.4735
2351.000000,0,6.8956,192.3515,47.6125,-3.8970,-9.6014
2351.000000,1,6.8956,192.4488,47.5813,-4.0256,-10.9394
2351.000000,2,6.8956,192.5512,47.6496,-4.0596,-11.6557
2351.000000,3,6.8956,192.6590,47.7025,-4.1145,-11.8879
2351.000000,4,6.8956,192.7727,47.6750,-4.2558,-11.7263
2351.000000,5,6.8956,192.1578,47.7051,-3.6107,-10.1627
2351.000000,6,6.8956,192.2531,47.6508,-3.7604,-11.2928
2351.000000,7,6.8956,192.3531,47.5825,-3.9286,-11.9042
2351.000000,8,6.8956,192.4582,47.6173,-3.9990,-11.8962
2351.000000,9,6.8956,192.5686,47.6742,-4.0525,-11.3789
2351.000000,10,6.8956,191.9716,47.5590,-3.5707,-10.8866
2351.000000,11,6.8956,192.0653,47.6747,-3.5486,-11.5757
2351.000000,12,6.8956,192.1633,47.7125,-3.6089,-11.8083
2351.000000,13,6.8956,192.2661,47.6801,-3.7441,-11.5988
2351.000000,14,6.8956,192.3740,47.5926,-3.9394,-10.9576
2351.000000,15,6.8956,191.7918,47.6648,-3.2850,-11.2194
2351.000000,16,6.8956,191.8842,47.6104,-3.4319,-11.8189
2351.000000,17,6.8956,191.9808,47.5765,-3.5623,-11.8477
2351.000000,18,6.8956,192.0817,47.6462,-3.5935,-11.2427
2351.000000,19,6.8956,192.1874,47.7051,-3.6403,-10.1509
2351.000000,20,6.8956,191.6176,47.6828,-3.0929,-11.5143
2351.000000,21,6.8956,191.7090,47.7012,-3.1659,-11.7488
2351.000000,22,6.8956,191.8044,47.6589,-3.3035,-11.4924
2351.000000,23,6.8956,191.9039,47.6397,-3.4223,-10.6805
2351.000000,24,6.8956,192.0079,47.5490,-3.6169,-9.4516
2352.000000,0,6.9637,192.3071,47.6105,-3.8547,-9.5775
2352.000000,1,6.9637,192.4040,47.5829,-3.9792,-10.9179
2352.000000,2,6.9637,192.5060,47.6495,-4.0145,-11.6403
2352.000000,3,6.9637,192.6132,47.7020,-4.0693,-11.8755
2352.000000,4,6.9637,192.7263,47.6739,-4.2104,-11.7159
2352.000000,5,6.9637,192.1151,47.7052,-3.5679,-10.1436
2352.000000,6,6.9637,192.2100,47.6503,-3.7177,-11.2783
2352.000000,7,6.9637,192.3097,47.5809,-3.8868,-11.8933
2352.000000,8,6.9637,192.4143,47.6179,-3.9544,-11.8838
2352.000000,9,6.9637,192.5242,47.6746,-4.0077,-11.3665
2352.000000,10,6.9637,191.9302,47.5581,-3.5302,-10.8738
2352.000000,11,6.9637,192.0237,47.6746,-3.5071,-11.5640
2352.000000,12,6.9637,192.1215,47.7125,-3.5670,-11.7969
2352.000000,13,6.9637,192.2239,47.6800,-3.7019,-11.5868
2352.000000,14,6.9637,192.3313,47.5923,-3.8971,-10.9438
2352.000000,15,6.9637,191.7517,47.6652,-3.2445,-11.2087
2352.000000,16,6.9637,191.8439,47.6111,-3.3909,-11.8077
2352.000000,17,6.9637,191.9402,47.5748,-3.5234,-11.8377
2352.000000,18,6.9637,192.0409,47.6458,-3.5532,-11.2287
2352.000000,19,6.9637,192.1463,47.7051,-3.5992,-10.1324
2352.000000,20,6.9637,191.5786,47.6818,-3.0548,-11.5067
2352.000000,21,6.9637,191.6699,47.7006,-3.1273,-11.7386
2352.000000,22,6.9637,191.7651,47.6585,-3.2647,-11.4787
2352.000000,23,6.9637,191.8644,47.6412,-3.3812,-10.6599
2352.000000,24,6.9637,191.9681,47.5461,-3.5800,-9.4298
2353.000000,0,7.0318,192.2631,47.6085,-3.8127,-9.5538
2353.000000,1,7.0318,192.3597,47.5845,-3.9332,-10.8964
2353.000000,2,7.0318,192.4612,47.6493,-3.9699,-11.6249
2353.000000,3,7.0318,192.5679,47.7014,-4.0245,-11.8633
2353.000000,4,7.0318,192.6803,47.6728,-4.1656,-11.7057
2353.000000,5,7.0318,192.0727,47.7053,-3.5254,-10.1246
2353.000000,6,7.0318,192.1673,47.6499,-3.6755,-11.2639
2353.000000,7,7.0318,192.2666,47.5793,-3.8453,-11.8824
2353.000000,8,7.0318,192.3708,47.6186,-3.9102,-11.8715
2353.000000,9,7.0318,192.4802,47.6749,-3.9633,-11.3543
2353.000000,10,7.0318,191.8892,47.5572,-3.4900,-10.8611
2353.000000,11,7.0318,191.9824,47.6745,-3.4659,-11.5524
2353.000000,12,7.0318,192.0799,47.7125,-3.5255,-11.7856
2353.000000,13,7.0318,192.1820,47.6799,-3.6601,-11.5748
2353.000000,14,7.0318,192.2890,47.5920,-3.8551,-10.9300
2353.000000,15,7.0318,191.7118,47.6656,-3.2042,-11.1980
2353.000000,16,7.0318,191.8039,47.6118,-3.3501,-11.7966
2353.000000,17,7.0318,191.9000,47.5731,-3.4849,-11.8277
2353.000000,18,7.0318,192.0004,47.6453,-3.5132,-11.2148
2353.000000,19,7.0318,192.1055,47.7051,-3.5584,-10.1140
2353.000000,20,7.0318,191.5397,47.6807,-3.0170,-11.4991
2353.000000,21,7.0318,191.6309,47.7000,-3.0890,-11.7284
2353.000000,22,7.0318,191.7260,47.6579,-3.2261,-11.4650
2353.000000,23,7.0318,191.8251,47.6427,-3.3404,-10.6393
2353.000000,24,7.0318,191.9286,47.5431,-3.5435,-9.4081
2354.000000,0,7.1001,192.2195,47.6064,-3.7712,-9.5302
2354.000000,1,7.1001,192.3157,47.5861,-3.8876,-10.8749
2354.000000,2,7.1001,192.4168,47.6491,-3.9257,-11.6096
2354.000000,3,7.1001,192.5230,47.7008,-3.9803,-11.8512
2354.000000,4,7.1001,192.6348,47.6716,-4.1213,-11.6957
2354.000000,5,7.1001,192.0306,47.7054,-3.4833,-10.1056
2354.000000,6,7.1001,192.1250,47.6495,-3.6336,-11.2495
2354.000000,7,7.1001,192.2239,47.5777,-3.8043,-11.8717
2354.000000,8,7.1001,192.3277,47.6193,-3.8665,-11.8593
2354.000000,9,7.1001,192.4366,47.6753,-3.9194,-11.3423
2354.000000,10,7.1001,191.8484,47.5564,-3.4501,-10.8485
2354.000000,11,7.1001,191.9414,47.6744,-3.4251,-11.5408
2354.000000,12,7.1001,192.0387,47.7125,-3.4843,-11.7743
2354.000000,13,7.1001,192.1405,47.6798,-3.6187,-11.5629
2354.000000,14,7.1001,192.2471,47.5917,-3.8134,-10.9164
2354.000000,15,7.1001,191.6722,47.6660,-3.1642,-11.1875
2354.000000,16,7.1001,191.7641,47.6125,-3.3097,-11.7855
2354.000000,17,7.1001,191.8601,47.5714,-3.4467,-11.8178
2354.000000,18,7.1001,191.9603,47.6448,-3.4735,-11.2009
2354.000000,19,7.1001,192.0650,47.7050,-3.5180,-10.0957
2354.000000,20,7.1001,191.5011,47.6797,-2.9795,-11.4916
2354.000000,21,7.1001,191.5923,47.6993,-3.0510,-11.7183
2354.000000,22,7.1001,191.6872,47.6574,-3.1879,-11.4513
2354.000000,23,7.1001,191.7862,47.6443,-3.2999,-10.6188
2354.000000,24,7.1001,191.8894,47.5401,-3.5073,-9.3864
2355.000000,0,7.1686,192.1763,47.6043,-3.7301,-9.5066
2355.000000,1,7.1686,192.2722,47.5878,-3.8424,-10.8534
2355.000000,2,7.1686,192.3728,47.6489,-3.8819,-11.5944
2355.000000,3,7.1686,192.4786,47.7002,-3.9364,-11.8392
2355.000000,4,7.1686,192.5898,47.6704,-4.0774,-11.6859
2355.000000,5,7.1686,191.9888,47.7054,-3.4414,-10.0867
2355.000000,6,7.1686,192.0830,47.6490,-3.5920,-11.2352
2355.000000,7,7.1686,192.1816,47.5760,-3.7636,-11.8610
2355.000000,8,7.1686,192.2850,47.6200,-3.8230,-11.8472
2355.000000,9,7.1686,192.3935,47.6757,-3.8758,-11.3303
2355.000000,10,7.1686,191.8079,47.5555,-3.4105,-10.8360
2355.000000,11,7.1686,191.9008,47.6743,-3.3845,-11.5294
2355.000000,12,7.1686,191.9978,47.7125,-3.4434,-11.7631
2355.000000,13,7.1686,192.0993,47.6797,-3.5776,-11.5511
2355.000000,14,7.1686,192.2055,47.5914,-3.7721,-10.9029
2355.000000,15,7.1686,191.6328,47.6664,-3.1245,-11.1770
2355.000000,16,7.1686,191.7246,47.6132,-3.2695,-11.7745
2355.000000,17,7.1686,191.8204,47.5696,-3.4088,-11.8079
2355.000000,18,7.1686,191.9204,47.6443,-3.4341,-11.1871
2355.000000,19,7.1686,192.0248,47.7050,-3.4778,-10.0774
2355.000000,20,7.1686,191.4627,47.6786,-2.9422,-11.4843
2355.000000,21,7.1686,191.5538,47.6985,-3.0133,-11.7082
2355.000000,22,7.1686,191.6487,47.6567,-3.1499,-11.4378
2355.000000,23,7.1686,191.7474,47.6458,-3.2597,-10.5982
2355.000000,24,7.1686,191.8504,47.5371,-3.4714,-9.3649
2356.000000,0,7.2371,192.1334,47.6021,-3.6894,-9.4832
2356.000000,1,7.2371,192.2290,47.5894,-3.7976,-10.8320
2356.000000,2,7.2371,192.3293,47.6487,-3.8386,-11.5793
2356.000000,3,7.2371,192.4345,47.6995,-3.8931,-11.8273
2356.000000,4,7.2371,192.5452,47.6692,-4.0341,-11.6762
2356.000000,5,7.2371,191.9474,47.7055,-3.3999,-10.0679
2356.000000,6,7.2371,192.0413,47.6486,-3.5508,-11.2210
2356.000000,7,7.2371,192.1396,47.5743,-3.7233,-11.8505
2356.000000,8,7.2371,192.2426,47.6207,-3.7800,-11.8351
2356.000000,9,7.2371,192.3507,47.6760,-3.8327,-11.3185
2356.000000,10,7.2371,191.7677,47.5546,-3.3712,-10.8236
2356.000000,11,7.2371,191.8604,47.6742,-3.3443,-11.5179
2356.000000,12,7.2371,191.9572,47.7125,-3.4028,-11.7520
2356.000000,13,7.2371,192.0584,47.6797,-3.5368,-11.5393
2356.000000,14,7.2371,192.1643,47.5911,-3.7312,-10.8895
2356.000000,15,7.2371,191.5937,47.6668,-3.0850,-11.1666
2356.000000,16,7.2371,191.6854,47.6139,-3.2295,-11.7635
2356.000000,17,7.2371,191.7810,47.5679,-3.3712,-11.7982
2356.000000,18,7.2371,191.8808,47.6438,-3.3950,-11.1734
2356.000000,19,7.2371,191.9849,47.7050,-3.4380,-10.0593
2356.000000,20,7.2371,191.4246,47.6774,-2.9052,-11.4770
2356.000000,21,7.2371,191.5156,47.6978,-2.9759,-11.6982
2356.000000,22,7.2371,191.6104,47.6567,-3.1117,-11.4236
2356.000000,23,7.2371,191.7090,47.6473,-3.2197,-10.5777
2356.000000,24,7.2371,191.8118,47.5340,-3.4358,-9.3435
2357.000000,0,7.3058,192.0909,47.5999,-3.6490,-9.4599
2357.000000,1,7.3058,192.1862,47.5911,-3.7531,-10.8107
2357.000000,2,7.3058,192.2861,47.6484,-3.7957,-11.5643
2357.000000,3,7.3058,192.3909,47.6988,-3.8502,-11.8155
2357.000000,4,7.3058,192.5010,47.6679,-3.9912,-11.6666
2357.000000,5,7.3058,191.9062,47.7055,-3.3587,-10.0492
2357.000000,6,7.3058,191.9999,47.6481,-3.5099,-11.2069
2357.000000,7,7.3058,192.0980,47.5726,-3.6834,-11.8400
2357.000000,8,7.3058,192.2007,47.6214,-3.7373,-11.8232
2357.000000,9,7.3058,192.3083,47.6764,-3.7899,-11.3068
2357.000000,10,7.3058,191.7278,47.5537,-3.3322,-10.8113
2357.000000,11,7.3058,191.8203,47.6741,-3.3043,-11.5066
2357.000000,12,7.3058,191.9169,47.7125,-3.3625,-11.7410
2357.000000,13,7.3058,192.0178,47.6796,-3.4963,-11.5277
2357.000000,14,7.3058,192.1234,47.5908,-3.6906,-10.8763
2357.000000,15,7.3058,191.5549,47.6672,-3.0457,-11.1562
2357.000000,16,7.3058,191.6465,47.6147,-3.1898,-11.7526
2357.000000,17,7.3058,191.7419,47.5661,-3.3339,-11.7885
2357.000000,18,7.3058,191.8415,47.6433,-3.3562,-11.1597
2357.000000,19,7.3058,191.9454,47.7049,-3.3985,-10.0412
2357.000000,20,7.3058,191.3867,47.6763,-2.8685,-11.4698
2357.000000,21,7.3058,191.4776,47.6970,-2.9387,-11.6883
2357.000000,22,7.3058,191.5723,47.6576,-3.0727,-11.4084
2357.000000,23,7.3058,191.6708,47.6489,-3.1800,-10.5572
2357.000000,24,7.3058,191.7734,47.5308,-3.4006,-9.3221
2358.000000,0,7.3746,192.0487,47.5977,-3.6091,-9.4367
2358.000000,1,7.3746,192.1437,47.5928,-3.7090,-10.7893
2358.000000,2,7.3746,192.2433,47.6480,-3.7533,-11.5493
2358.000000,3,7.3746,192.3477,47.6981,-3.8077,-11.8039
2358.000000,4,7.3746,192.4573,47.6666,-3.9487,-11.6572
2358.000000,5,7.3746,191.8654,47.7056,-3.3178,-10.0306
2358.000000,6,7.3746,191.9589,47.6476,-3.4693,-11.1928
2358.000000,7,7.3746,192.0567,47.5709,-3.6438,-11.8296
2358.000000,8,7.3746,192.1590,47.6221,-3.6950,-11.8112
2358.000000,9,7.3746,192.2662,47.6768,-3.7475,-11.2952
2358.000000,10,7.3746,191.6882,47.5528,-3.2934,-10.7991
2358.000000,11,7.3746,191.7805,47.6739,-3.2646,-11.4953
2358.000000,12,7.3746,191.8769,47.7125,-3.3225,-11.7300
2358.000000,13,7.3746,191.9776,47.6795,-3.4562,-11.5161
2358.000000,14,7.3746,192.0828,47.5905,-3.6504,-10.8631
2358.000000,15,7.3746,191.5162,47.6676,-3.0067,-11.1460
2358.000000,16,7.3746,191.6078,47.6154,-3.1504,-11.7417
2358.000000,17,7.3746,191.7031,47.5642,-3.2969,-11.7788
2358.000000,18,7.3746,191.8025,47.6428,-3.3177,-11.1461
2358.000000,19,7.3746,191.9061,47.7049,-3.3593,-10.0233
2358.000000,20,7.3746,191.3490,47.6751,-2.8320,-11.4627
2358.000000,21,7.3746,191.4399,47.6962,-2.9018,-11.6784
2358.000000,22,7.3746,191.5345,47.6585,-3.0340,-11.3932
2358.000000,23,7.3746,191.6329,47.6504,-3.1405,-10.5366
2358.000000,24,7.3746,191.7353,47.5276,-3.3657,-9.3008
2359.000000,0,7.4435,192.0069,47.5954,-3.5695,-9.4136
2359.000000,1,7.4435,192.1016,47.5945,-3.6652,-10.7680
2359.000000,2,7.4435,192.2008,47.6477,-3.7112,-11.5345
2359.000000,3,7.4435,192.3048,47.6973,-3.7656,-11.7923
2359.000000,4,7.4435,192.4140,47.6653,-3.9067,-11.6480
2359.000000,5,7.4435,191.8248,47.7057,-3.2772,-10.0120
2359.000000,6,7.4435,191.9182,47.6472,-3.4290,-11.1788
2359.000000,7,7.4435,192.0157,47.5691,-3.6046,-11.8193
2359.000000,8,7.4435,192.1177,47.6228,-3.6529,-11.7994
2359.000000,9,7.4435,192.2245,47.6772,-3.7054,-11.2837
2359.000000,10,7.4435,191.6488,47.5519,-3.2549,-10.7869
2359.000000,11,7.4435,191.7410,47.6738,-3.2252,-11.4840
2359.000000,12,7.4435,191.8372,47.7125,-3.2828,-11.7190
2359.000000,13,7.4435,191.9377,47.6794,-3.4163,-11.5046
2359.000000,14,7.4435,192.0426,47.5902,-3.6105,-10.8500
2359.000000,15,7.4435,191.4779,47.6680,-2.9678,-11.1358
2359.000000,16,7.4435,191.5693,47.6162,-3.1112,-11.7308
2359.000000,17,7.4435,191.6645,47.5624,-3.2602,-11.7693
2359.000000,18,7.4435,191.7637,47.6423,-3.2794,-11.1325
2359.000000,19,7.4435,191.8672,47.7048,-3.3204,-10.0054
2359.000000,20,7.4435,191.3115,47.6738,-2.7957,-11.4557
2359.000000,21,7.4435,191.4024,47.6953,-2.8651,-11.6686
2359.000000,22,7.4435,191.4969,47.6594,-2.9955,-11.3780
2359.000000,23,7.4435,191.5952,47.6519,-3.1013,-10.5161
2359.000000,24,7.4435,191.6974,47.5244,-3.3311,-9.2797
2360.000000,0,7.5126,191.9653,47.5931,-3.5303,-9.3905
2360.000000,1,7.5126,192.0598,47.5962,-3.6217,-10.7467
2360.000000,2,7.5126,192.1587,47.6482,-3.6686,-11.5187
2360.000000,3,7.5126,192.2624,47.6965,-3.7239,-11.7809
2360.000000,4,7.5126,192.3711,47.6640,-3.8652,-11.6389
2360.000000,5,7.5126,191.7846,47.7057,-3.2369,-9.9935
2360.000000,6,7.5126,191.8777,47.6467,-3.3891,-11.1648
2360.000000,7,7.5126,191.9750,47.5674,-3.5657,-11.8090
2360.000000,8,7.5126,192.0768,47.6235,-3.6113,-11.7876
2360.000000,9,7.5126,192.1832,47.6775,-3.6637,-11.2724
2360.000000,10,7.5126,191.6096,47.5510,-3.2167,-10.7749
2360.000000,11,7.5126,191.7017,47.6737,-3.1861,-11.4729
2360.000000,12,7.5126,191.7978,47.7125,-3.2434,-11.7081
2360.000000,13,7.5126,191.8980,47.6793,-3.3767,-11.4931
2360.000000,14,7.5126,192.0027,47.5898,-3.5709,-10.8371
2360.000000,15,7.5126,191.4397,47.6685,-2.9293,-11.1257
2360.000000,16,7.5126,191.5311,47.6169,-3.0722,-11.7200
2360.000000,17,7.5126,191.6262,47.5605,-3.2237,-11.7598
2360.000000,18,7.5126,191.7252,47.6418,-3.2415,-11.1190
2360.000000,19,7.5126,191.8285,47.7047,-3.2818,-9.9876
2360.000000,20,7.5126,191.2742,47.6725,-2.7597,-11.4487
2360.000000,21,7.5126,191.3651,47.6944,-2.8287,-11.6589
2360.000000,22,7.5126,191.4595,47.6603,-2.9573,-11.3628
2360.000000,23,7.5126,191.5577,47.6535,-3.0623,-10.4956
2360.000000,24,7.5126,191.6598,47.5210,-3.2968,-9.2586
2361.000000,0,7.5817,191.9241,47.5907,-3.4915,-9.3676
2361.000000,1,7.5817,192.0184,47.5979,-3.5785,-10.7255
2361.000000,2,7.5817,192.1170,47.6491,-3.6259,-11.5026
2361.000000,3,7.5817,192.2203,47.6956,-3.6827,-11.7695
2361.000000,4,7.5817,192.3285,47.6626,-3.8240,-11.6299
2361.000000,5,7.5817,191.7446,47.7058,-3.1969,-9.9751
2361.000000,6,7.5817,191.8376,47.6462,-3.3494,-11.1509
2361.000000,7,7.5817,191.9347,47.5656,-3.5271,-11.7989
2361.000000,8,7.5817,192.0361,47.6243,-3.5699,-11.7759
2361.000000,9,7.5817,192.1422,47.6779,-3.6223,-11.2611
2361.000000,10,7.5817,191.5707,47.5501,-3.1787,-10.7629
2361.000000,11,7.5817,191.6627,47.6736,-3.1472,-11.4618
2361.000000,12,7.5817,191.7586,47.7125,-3.2042,-11.6973
2361.000000,13,7.5817,191.8587,47.6792,-3.3375,-11.4817
2361.000000,14,7.5817,191.9630,47.5895,-3.5316,-10.8242
2361.000000,15,7.5817,191.4017,47.6689,-2.8909,-11.1156
2361.000000,16,7.5817,191.4931,47.6177,-3.0334,-11.7092
2361.000000,17,7.5817,191.5881,47.5586,-3.1875,-11.7503
2361.000000,18,7.5817,191.6870,47.6413,-3.2038,-11.1055
2361.000000,19,7.5817,191.7900,47.7047,-3.2434,-9.9698
2361.000000,20,7.5817,191.2371,47.6712,-2.7239,-11.4419
2361.000000,21,7.5817,191.3280,47.6934,-2.7926,-11.6492
2361.000000,22,7.5817,191.4224,47.6612,-2.9193,-11.3476
2361.000000,23,7.5817,191.5205,47.6550,-3.0235,-10.4751
2361.000000,24,7.5817,191.6225,47.5177,-3.2628,-9.2375
2362.000000,0,7.6510,191.8832,47.5883,-3.4530,-9.3448
2362.000000,1,7.6510,191.9772,47.5996,-3.5357,-10.7042
2362.000000,2,7.6510,192.0756,47.6501,-3.5835,-11.4865
2362.000000,3,7.6510,192.1785,47.6948,-3.6418,-11.7582
2362.000000,4,7.6510,192.2864,47.6611,-3.7833,-11.6211
2362.000000,5,7.6510,191.7049,47.7058,-3.1571,-9.9567
2362.000000,6,7.6510,191.7977,47.6457,-3.3100,-11.1371
2362.000000,7,7.6510,191.8946,47.5637,-3.4889,-11.7888
2362.000000,8,7.6510,191.9958,47.6250,-3.5288,-11.7642
2362.000000,9,7.6510,192.1016,47.6783,-3.5813,-11.2499
2362.000000,10,7.6510,191.5321,47.5492,-3.1409,-10.7511
2362.000000,11,7.6510,191.6240,47.6735,-3.1086,-11.4507
2362.000000,12,7.6510,191.7198,47.7125,-3.1653,-11.6865
2362.000000,13,7.6510,191.8196,47.6791,-3.2985,-11.4704
2362.000000,14,7.6510,191.9237,47.5892,-3.4925,-10.8115
2362.000000,15,7.6510,191.3640,47.6693,-2.8527,-11.1056
2362.000000,16,7.6510,191.4553,47.6184,-2.9949,-11.6985
2362.000000,17,7.6510,191.5503,47.5567,-3.1516,-11.7409
2362.000000,18,7.6510,191.6490,47.6408,-3.1663,-11.0921
2362.000000,19,7.6510,191.7519,47.7046,-3.2053,-9.9521
2362.000000,20,7.6510,191.2002,47.6699,-2.6883,-11.4351
2362.000000,21,7.6510,191.2911,47.6924,-2.7567,-11.6395
2362.000000,22,7.6510,191.3855,47.6620,-2.8814,-11.3324
2362.000000,23,7.6510,191.4835,47.6565,-2.9850,-10.4545
2362.000000,24,7.6510,191.5853,47.5142,-3.2291,-9.2166
2363.000000,0,7.7204,191.8426,47.5858,-3.4148,-9.3220
2363.000000,1,7.7204,191.9364,47.6013,-3.4931,-10.6830
2363.000000,2,7.7204,192.0345,47.6510,-3.5415,-11.4704
2363.000000,3,7.7204,192.1371,47.6938,-3.6013,-11.7471
2363.000000,4,7.7204,192.2446,47.6597,-3.7429,-11.6123
2363.000000,5,7.7204,191.6654,47.7059,-3.1176,-9.9384
2363.000000,6,7.7204,191.7581,47.6452,-3.2709,-11.1233
2363.000000,7,7.7204,191.8548,47.5619,-3.4510,-11.7788
2363.000000,8,7.7204,191.9558,47.6258,-3.4881,-11.7526
2363.000000,9,7.7204,192.0613,47.6787,-3.5406,-11.2388
2363.000000,10,7.7204,191.4936,47.5483,-3.1034,-10.7393
2363.000000,11,7.7204,191.5855,47.6733,-3.0702,-11.4397
2363.000000,12,7.7204,191.6811,47.7125,-3.1267,-11.6758
2363.000000,13,7.7204,191.7808,47.6790,-3.2598,-11.4591
2363.000000,14,7.7204,191.8847,47.5889,-3.4538,-10.7988
2363.000000,15,7.7204,191.3265,47.6697,-2.8148,-11.0957
2363.000000,16,7.7204,191.4178,47.6192,-2.9566,-11.6878
2363.000000,17,7.7204,191.5126,47.5548,-3.1159,-11.7316
2363.000000,18,7.7204,191.6113,47.6402,-3.1291,-11.0787
2363.000000,19,7.7204,191.7140,47.7045,-3.1675,-9.9345
2363.000000,20,7.7204,191.1635,47.6685,-2.6530,-11.4285
2363.000000,21,7.7204,191.2544,47.6914,-2.7211,-11.6300
2363.000000,22,7.7204,191.3487,47.6629,-2.8438,-11.3173
2363.000000,23,7.7204,191.4467,47.6580,-2.9467,-10.4340
2363.000000,24,7.7204,191.5485,47.5107,-3.1958,-9.1957
2364.000000,0,7.7899,191.8022,47.5833,-3.3770,-9.2993
2364.000000,1,7.7899,191.8959,47.6030,-3.4509,-10.6618
2364.000000,2,7.7899,191.9937,47.6519,-3.4998,-11.4543
2364.000000,3,7.7899,192.0960,47.6929,-3.5612,-11.7360
2364.000000,4,7.7899,192.2031,47.6582,-3.7030,-11.6038
2364.000000,5,7.7899,191.6262,47.7059,-3.0783,-9.9202
2364.000000,6,7.7899,191.7188,47.6447,-3.2321,-11.1096
2364.000000,7,7.7899,191.8153,47.5600,-3.4133,-11.7689
2364.000000,8,7.7899,191.9161,47.6265,-3.4476,-11.7411
2364.000000,9,7.7899,192.0212,47.6791,-3.5002,-11.2279
2364.000000,10,7.7899,191.4554,47.5473,-3.0661,-10.7275
2364.000000,11,7.7899,191.5472,47.6732,-3.0320,-11.4287
2364.000000,12,7.7899,191.6428,47.7125,-3.0883,-11.6651
2364.000000,13,7.7899,191.7422,47.6789,-3.2213,-11.4479
2364.000000,14,7.7899,191.8459,47.5886,-3.4154,-10.7862
2364.000000,15,7.7899,191.2892,47.6702,-2.7770,-11.0859
2364.000000,16,7.7899,191.3804,47.6200,-2.9185,-11.6771
2364.000000,17,7.7899,191.4753,47.5528,-3.0805,-11.7223
2364.000000,18,7.7899,191.5738,47.6397,-3.0922,-11.0654
2364.000000,19,7.7899,191.6763,47.7044,-3.1299,-9.9170
2364.000000,20,7.7899,191.1269,47.6671,-2.6179,-11.4219
2364.000000,21,7.7899,191.2179,47.6903,-2.6856,-11.6204
2364.000000,22,7.7899,191.3122,47.6638,-2.8065,-11.3021
2364.000000,23,7.7899,191.4101,47.6596,-2.9086,-10.4135
2364.000000,24,7.7899,191.5118,47.5072,-3.1627,-9.1749
2365.000000,0,7.8596,191.7621,47.5807,-3.3395,-9.2767
2365.000000,1,7.8596,191.8556,47.6048,-3.4089,-10.6405
2365.000000,2,7.8596,191.9533,47.6529,-3.4584,-11.4383
2365.000000,3,7.8596,192.0553,47.6919,-3.5214,-11.7250
2365.000000,4,7.8596,192.1620,47.6566,-3.6634,-11.5953
2365.000000,5,7.8596,191.5873,47.7060,-3.0393,-9.9020
2365.000000,6,7.8596,191.6797,47.6442,-3.1935,-11.0959
2365.000000,7,7.8596,191.7761,47.5581,-3.3760,-11.7590
2365.000000,8,7.8596,191.8766,47.6273,-3.4074,-11.7296
2365.000000,9,7.8596,191.9815,47.6795,-3.4601,-11.2170
2365.000000,10,7.8596,191.4175,47.5464,-3.0291,-10.7159
2365.000000,11,7.8596,191.5092,47.6731,-2.9941,-11.4178
2365.000000,12,7.8596,191.6046,47.7125,-3.0502,-11.6544
2365.000000,13,7.8596,191.7040,47.6788,-3.1832,-11.4368
2365.000000,14,7.8596,191.8075,47.5882,-3.3773,-10.7738
2365.000000,15,7.8596,191.2521,47.6706,-2.7395,-11.0761
2365.000000,16,7.8596,191.3433,47.6208,-2.8806,-11.6665
2365.000000,17,7.8596,191.4381,47.5508,-3.0453,-11.7131
2365.000000,18,7.8596,191.5366,47.6391,-3.0555,-11.0521
2365.000000,19,7.8596,191.6390,47.7044,-3.0926,-9.8996
2365.000000,20,7.8596,191.0906,47.6656,-2.5830,-11.4154
2365.000000,21,7.8596,191.1816,47.6891,-2.6505,-11.6110
2365.000000,22,7.8596,191.2759,47.6647,-2.7693,-11.2869
2365.000000,23,7.8596,191.3738,47.6611,-2.8708,-10.3929
2365.000000,24,7.8596,191.4754,47.5036,-3.1299,-9.1542
2366.000000,0,7.9293,191.7224,47.5781,-3.3023,-9.2542
2366.000000,1,7.9293,191.8157,47.6065,-3.3672,-10.6193
2366.000000,2,7.9293,191.9131,47.6538,-3.4174,-11.4223
2366.000000,3,7.9293,192.0149,47.6909,-3.4820,-11.7141
2366.000000,4,7.9293,192.1213,47.6551,-3.6242,-11.5870
2366.000000,5,7.9293,191.5486,47.7060,-3.0006,-9.8839
2366.000000,6,7.9293,191.6409,47.6437,-3.1553,-11.0822
2366.000000,7,7.9293,191.7372,47.5562,-3.3390,-11.7492
2366.000000,8,7.9293,191.8375,47.6280,-3.3675,-11.7182
2366.000000,9,7.9293,191.9421,47.6799,-3.4203,-11.2062
2366.000000,10,7.9293,191.3797,47.5455,-2.9923,-10.7043
2366.000000,11,7.9293,191.4714,47.6730,-2.9564,-11.4070
2366.000000,12,7.9293,191.5667,47.7125,-3.0123,-11.6438
2366.000000,13,7.9293,191.6659,47.6788,-3.1452,-11.4257
2366.000000,14,7.9293,191.7692,47.5879,-3.3394,-10.7614
2366.000000,15,7.9293,191.2152,47.6711,-2.7021,-11.0663
2366.000000,16,7.9293,191.3064,47.6216,-2.8429,-11.6558
2366.000000,17,7.9293,191.4012,47.5488,-3.0104,-11.7040
2366.000000,18,7.9293,191.4995,47.6386,-3.0190,-11.0388
2366.000000,19,7.9293,191.6018,47.7043,-3.0556,-9.8822
2366.000000,20,7.9293,191.0544,47.6641,-2.5484,-11.4089
2366.000000,21,7.9293,191.1455,47.6880,-2.6155,-11.6016
2366.000000,22,7.9293,191.2398,47.6655,-2.7323,-11.2716
2366.000000,23,7.9293,191.3377,47.6626,-2.8331,-10.3723
2366.000000,24,7.9293,191.4392,47.4999,-3.0973,-9.1336
2367.000000,0,7.9992,191.6828,47.5754,-3.2654,-9.2317
2367.000000,1,7.9992,191.7760,47.6083,-3.3258,-10.5981
2367.000000,2,7.9992,191.8732,47.6547,-3.3766,-11.4063
2367.000000,3,7.9992,191.9747,47.6898,-3.4430,-11.7033
2367.000000,4,7.9992,192.0808,47.6534,-3.5854,-11.5787
2367.000000,5,7.9992,191.5101,47.7060,-2.9621,-9.8658
2367.000000,6,7.9992,191.6024,47.6432,-3.1172,-11.0687
2367.000000,7,7.9992,191.6985,47.5543,-3.3022,-11.7395
2367.000000,8,7.9992,191.7986,47.6288,-3.3278,-11.7068
2367.000000,9,7.9992,191.9030,47.6803,-3.3808,-11.1955
2367.000000,10,7.9992,191.3422,47.5445,-2.9557,-10.6928
2367.000000,11,7.9992,191.4338,47.6729,-2.9190,-11.3962
2367.000000,12,7.9992,191.5291,47.7125,-2.9747,-11.6333
2367.000000,13,7.9992,191.6282,47.6787,-3.1076,-11.4147
2367.000000,14,7.9992,191.7313,47.5876,-3.3018,-10.7491
2367.000000,15,7.9992,191.1784,47.6715,-2.6650,-11.0566
2367.000000,16,7.9992,191.2697,47.6224,-2.8053,-11.6453
2367.000000,17,7.9992,191.3644,47.5467,-2.9757,-11.6949
2367.000000,18,7.9992,191.4628,47.6380,-2.9828,-11.0256
2367.000000,19,7.9992,191.5649,47.7042,-3.0188,-9.8648
2367.000000,20,7.9992,191.0184,47.6625,-2.5140,-11.4026
2367.000000,21,7.9992,191.1095,47.6867,-2.5808,-11.5922
2367.000000,22,7.9992,191.2039,47.6664,-2.6955,-11.2564
2367.000000,23,7.9992,191.3017,47.6641,-2.7957,-10.3518
2367.000000,24,7.9992,191.4032,47.4961,-3.0651,-9.1131
2368.000000,0,8.0692,191.6436,47.5727,-3.2289,-9.2093
2368.000000,1,8.0692,191.7366,47.6101,-3.2846,-10.5769
2368.000000,2,8.0692,191.8337,47.6556,-3.3361,-11.3903
2368.000000,3,8.0692,191.9349,47.6887,-3.4043,-11.6925
2368.000000,4,8.0692,192.0407,47.6518,-3.5470,-11.5707
2368.000000,5,8.0692,191.4718,47.7061,-2.9238,-9.8478
2368.000000,6,8.0692,191.5640,47.6427,-3.0794,-11.0551
2368.000000,7,8.0692,191.6600,47.5523,-3.2658,-11.7298
2368.000000,8,8.0692,191.7600,47.6296,-3.2885,-11.6954
2368.000000,9,8.0692,191.8642,47.6807,-3.3415,-11.1848
2368.000000,10,8.0692,191.3048,47.5436,-2.9193,-10.6814
2368.000000,11,8.0692,191.3964,47.6727,-2.8818,-11.3854
2368.000000,12,8.0692,191.4917,47.7125,-2.9372,-11.6228
2368.000000,13,8.0692,191.5906,47.6786,-3.0701,-11.4037
2368.000000,14,8.0692,191.6936,47.5872,-3.2644,-10.7369
2368.000000,15,8.0692,191.1419,47.6720,-2.6280,-11.0470
2368.000000,16,8.0692,191.2332,47.6232,-2.7680,-11.6347
2368.000000,17,8.0692,191.3279,47.5447,-2.9413,-11.6858
2368.000000,18,8.0692,191.4262,47.6375,-2.9467,-11.0124
2368.000000,19,8.0692,191.5282,47.7041,-2.9822,-9.8476
2368.000000,20,8.0692,190.9826,47.6609,-2.4797,-11.3964
2368.000000,21,8.0692,191.0738,47.6854,-2.5464,-11.5829
2368.000000,22,8.0692,191.1682,47.6673,-2.6589,-11.2412
2368.000000,23,8.0692,191.2660,47.6656,-2.7585,-10.3312
2368.000000,24,8.0692,191.3674,47.4923,-3.0331,-9.0926
2369.000000,0,8.1393,191.6045,47.5699,-3.1926,-9.1870
2369.000000,1,8.1393,191.6975,47.6118,-3.2437,-10.5557
2369.000000,2,8.1393,191.7944,47.6566,-3.2958,-11.3744
2369.000000,3,8.1393,191.8954,47.6875,-3.3660,-11.6819
2369.000000,4,8.1393,192.0009,47.6501,-3.5089,-11.5627
2369.000000,5,8.1393,191.4338,47.7061,-2.8858,-9.8299
2369.000000,6,8.1393,191.5260,47.6421,-3.0419,-11.0416
2369.000000,7,8.1393,191.6219,47.5503,-3.2296,-11.7202
2369.000000,8,8.1393,191.7217,47.6304,-3.2494,-11.6841
2369.000000,9,8.1393,191.8257,47.6811,-3.3026,-11.1743
2369.000000,10,8.1393,191.2677,47.5426,-2.8831,-10.6701
2369.000000,11,8.1393,191.3593,47.6726,-2.8447,-11.3747
2369.000000,12,8.1393,191.4545,47.7125,-2.9000,-11.6123
2369.000000,13,8.1393,191.5534,47.6785,-3.0329,-11.3928
2369.000000,14,8.1393,191.6562,47.5869,-3.2273,-10.7248
2369.000000,15,8.1393,191.1056,47.6724,-2.5912,-11.0375
2369.000000,16,8.1393,191.1969,47.6240,-2.7309,-11.6242
2369.000000,17,8.1393,191.2916,47.5426,-2.9071,-11.6768
2369.000000,18,8.1393,191.3898,47.6369,-2.9110,-10.9993
2369.000000,19,8.1393,191.4918,47.7039,-2.9459,-9.8304
2369.000000,20,8.1393,190.9470,47.6593,-2.4457,-11.3902
2369.000000,21,8.1393,191.0382,47.6841,-2.5121,-11.5736
2369.000000,22,8.1393,191.1326,47.6681,-2.6226,-11.2260
2369.000000,23,8.1393,191.2305,47.6671,-2.7214,-10.3106
2369.000000,24,8.1393,191.3318,47.4884,-3.0014,-9.0722
2370.000000,0,8.2095,191.5658,47.5671,-3.1567,-9.1648
2370.000000,1,8.2095,191.6586,47.6136,-3.2030,-10.5345
2370.000000,2,8.2095,191.7553,47.6575,-3.2559,-11.3585
2370.000000,3,8.2095,191.8562,47.6863,-3.3279,-11.6713
2370.000000,4,8.2095,191.9614,47.6483,-3.4711,-11.5548
2370.000000,5,8.2095,191.3960,47.7061,-2.8479,-9.8120
2370.000000,6,8.2095,191.4881,47.6416,-3.0046,-11.0282
2370.000000,7,8.2095,191.5839,47.5483,-3.1937,-11.7107
2370.000000,8,8.2095,191.6836,47.6311,-3.2105,-11.6729
2370.000000,9,8.2095,191.7874,47.6815,-3.2639,-11.1639
2370.000000,10,8.2095,191.2307,47.5417,-2.8471,-10.6588
2370.000000,11,8.2095,191.3224,47.6725,-2.8079,-11.3641
2370.000000,12,8.2095,191.4175,47.7125,-2.8631,-11.6018
2370.000000,13,8.2095,191.5163,47.6784,-2.9960,-11.3819
2370.000000,14,8.2095,191.6190,47.5865,-3.1905,-10.7128
2370.000000,15,8.2095,191.0694,47.6729,-2.5545,-11.0280
2370.000000,16,8.2095,191.1608,47.6249,-2.6939,-11.6137
2370.000000,17,8.2095,191.2555,47.5404,-2.8731,-11.6679
2370.000000,18,8.2095,191.3537,47.6363,-2.8754,-10.9862
2370.000000,19,8.2095,191.4555,47.7038,-2.9097,-9.8132
2370.000000,20,8.2095,190.9115,47.6576,-2.4119,-11.3841
2370.000000,21,8.2095,191.0028,47.6827,-2.4781,-11.5644
2370.000000,22,8.2095,191.0973,47.6690,-2.5864,-11.2107
2370.000000,23,8.2095,191.1951,47.6685,-2.6846,-10.2900
2370.000000,24,8.2095,191.2964,47.4845,-2.9700,-9.0519
2371.000000,0,8.2799,191.5272,47.5642,-3.1210,-9.1426
2371.000000,1,8.2799,191.6200,47.6154,-3.1626,-10.5133
2371.000000,2,8.2799,191.7166,47.6584,-3.2162,-11.3425
2371.000000,3,8.2799,191.8172,47.6850,-3.2903,-11.6608
2371.000000,4,8.2799,191.9222,47.6466,-3.4337,-11.5471
2371.000000,5,8.2799,191.3584,47.7062,-2.8103,-9.7942
2371.000000,6,8.2799,191.4505,47.6411,-2.9675,-11.0147
2371.000000,7,8.2799,191.5462,47.5462,-3.1580,-11.7012
2371.000000,8,8.2799,191.6458,47.6319,-3.1719,-11.6617
2371.000000,9,8.2799,191.7494,47.6819,-3.2255,-11.1535
2371.000000,10,8.2799,191.1940,47.5407,-2.8113,-10.6476
2371.000000,11,8.2799,191.2856,47.6723,-2.7713,-11.3534
2371.000000,12,8.2799,191.3807,47.7125,-2.8263,-11.5914
2371.000000,13,8.2799,191.4795,47.6783,-2.9592,-11.3711
2371.000000,14,8.2799,191.5820,47.5862,-3.1539,-10.7008
2371.000000,15,8.2799,191.0334,47.6734,-2.5181,-11.0185
2371.000000,16,8.2799,191.1248,47.6257,-2.6572,-11.6032
2371.000000,17,8.2799,191.2195,47.5383,-2.8393,-11.6590
2371.000000,18,8.2799,191.3177,47.6357,-2.8400,-10.9732
2371.000000,19,8.2799,191.4195,47.7037,-2.8739,-9.7961
2371.000000,20,8.2799,190.8761,47.6558,-2.3784,-11.3781
2371.000000,21,8.2799,190.9675,47.6813,-2.4443,-11.5553
2371.000000,22,8.2799,191.0621,47.6698,-2.5503,-11.1955
2371.000000,23,8.2799,191.1600,47.6700,-2.6480,-10.2694
2371.000000,24,8.2799,191.2613,47.4805,-2.9388,-9.0316
2372.000000,0,8.3504,191.4889,47.5613,-3.0856,-9.1205
2372.000000,1,8.3504,191.5816,47.6172,-3.1224,-10.4921
2372.000000,2,8.3504,191.6781,47.6593,-3.1768,-11.3266
2372.000000,3,8.3504,191.7785,47.6837,-3.2529,-11.6504
2372.000000,4,8.3504,191.8833,47.6447,-3.3966,-11.5394
2372.000000,5,8.3504,191.3211,47.7062,-2.7729,-9.7764
2372.000000,6,8.3504,191.4131,47.6405,-2.9306,-11.0014
2372.000000,7,8.3504,191.5087,47.5441,-3.1226,-11.6918
2372.000000,8,8.3504,191.6082,47.6327,-3.1335,-11.6505
2372.000000,9,8.3504,191.7116,47.6824,-3.1873,-11.1432
2372.000000,10,8.3504,191.1575,47.5397,-2.7758,-10.6365
2372.000000,11,8.3504,191.2491,47.6722,-2.7349,-11.3429
2372.000000,12,8.3504,191.3442,47.7125,-2.7898,-11.5811
2372.000000,13,8.3504,191.4428,47.6782,-2.9227,-11.3603
2372.000000,14,8.3504,191.5453,47.5858,-3.1175,-10.6890
2372.000000,15,8.3504,190.9976,47.6738,-2.4818,-11.0092
2372.000000,16,8.3504,191.0890,47.6265,-2.6206,-11.5927
2372.000000,17,8.3504,191.1838,47.5361,-2.8058,-11.6501
2372.000000,18,8.3504,191.2820,47.6351,-2.8049,-10.9601
2372.000000,19,8.3504,191.3837,47.7036,-2.8382,-9.7791
2372.000000,20,8.3504,190.8410,47.6540,-2.3450,-11.3722
2372.000000,21,8.3504,190.9325,47.6798,-2.4107,-11.5462
2372.000000,22,8.3504,191.0271,47.6706,-2.5145,-11.1802
2372.000000,23,8.3504,191.1250,47.6715,-2.6115,-10.2488
2372.000000,24,8.3504,191.2263,47.4764,-2.9079,-9.0114
2373.000000,0,8.4210,191.4508,47.5583,-3.0506,-9.0985
2373.000000,1,8.4210,191.5434,47.6190,-3.0825,-10.4709
2373.000000,2,8.4210,191.6398,47.6603,-3.1376,-11.3107
2373.000000,3,8.4210,191.7401,47.6823,-3.2158,-11.6401
2373.000000,4,8.4210,191.8447,47.6429,-3.3598,-11.5319
2373.000000,5,8.4210,191.2839,47.7062,-2.7357,-9.7586
2373.000000,6,8.4210,191.3759,47.6399,-2.8940,-10.9880
2373.000000,7,8.4210,191.4715,47.5420,-3.0875,-11.6825
2373.000000,8,8.4210,191.5708,47.6335,-3.0953,-11.6393
2373.000000,9,8.4210,191.6741,47.6828,-3.1494,-11.1330
2373.000000,10,8.4210,191.1211,47.5388,-2.7404,-10.6255
2373.000000,11,8.4210,191.2128,47.6721,-2.6987,-11.3323
2373.000000,12,8.4210,191.3078,47.7125,-2.7534,-11.5707
2373.000000,13,8.4210,191.4065,47.6781,-2.8864,-11.3496
2373.000000,14,8.4210,191.5088,47.5855,-3.0814,-10.6772
2373.000000,15,8.4210,190.9619,47.6743,-2.4457,-10.9998
2373.000000,16,8.4210,191.0535,47.6274,-2.5841,-11.5823
2373.000000,17,8.4210,191.1482,47.5339,-2.7724,-11.6414
2373.000000,18,8.4210,191.2464,47.6345,-2.7699,-10.9471
2373.000000,19,8.4210,191.3481,47.7034,-2.8027,-9.7622
2373.000000,20,8.4210,190.8060,47.6522,-2.3118,-11.3663
2373.000000,21,8.4210,190.8975,47.6783,-2.3773,-11.5372
2373.000000,22,8.4210,190.9922,47.6714,-2.4788,-11.1649
2373.000000,23,8.4210,191.0902,47.6729,-2.5753,-10.2282
2373.000000,24,8.4210,191.1915,47.4723,-2.8773,-8.9913
2374.000000,0,8.4917,191.4130,47.5553,-3.0158,-9.0765
2374.000000,1,8.4917,191.5055,47.6208,-3.0428,-10.4496
2374.000000,2,8.4917,191.6018,47.6612,-3.0987,-11.2948
2374.000000,3,8.4917,191.7020,47.6809,-3.1791,-11.6299
2374.000000,4,8.4917,191.8063,47.6409,-3.3234,-11.5245
2374.000000,5,8.4917,191.2469,47.7062,-2.6988,-9.7410
2374.000000,6,8.4917,191.3389,47.6394,-2.8576,-10.9747
2374.000000,7,8.4917,191.4345,47.5399,-3.0526,-11.6732
2374.000000,8,8.4917,191.5337,47.6343,-3.0574,-11.6283
2374.000000,9,8.4917,191.6369,47.6832,-3.1117,-11.1228
2374.000000,10,8.4917,191.0849,47.5378,-2.7051,-10.6145
2374.000000,11,8.4917,191.1766,47.6720,-2.6627,-11.3218
2374.000000,12,8.4917,191.2717,47.7125,-2.7173,-11.5604
2374.000000,13,8.4917,191.3703,47.6780,-2.8503,-11.3389
2374.000000,14,8.4917,191.4726,47.5851,-3.0455,-10.6655
2374.000000,15,8.4917,190.9264,47.6748,-2.4097,-10.9905
2374.000000,16,8.4917,191.0180,47.6282,-2.5479,-11.5719
2374.000000,17,8.4917,191.1129,47.5316,-2.7393,-11.6326
2374.000000,18,8.4917,191.2110,47.6339,-2.7352,-10.9342
2374.000000,19,8.4917,191.3127,47.7033,-2.7675,-9.7453
2374.000000,20,8.4917,190.7711,47.6503,-2.2788,-11.3606
2374.000000,21,8.4917,190.8628,47.6767,-2.3442,-11.5282
2374.000000,22,8.4917,190.9576,47.6723,-2.4434,-11.1496
2374.000000,23,8.4917,191.0556,47.6744,-2.5392,-10.2075
2374.000000,24,8.4917,191.1569,47.4681,-2.8469,-8.9713
2375.000000,0,8.5625,191.3754,47.5522,-2.9812,-9.0546
2375.000000,1,8.5625,191.4679,47.6226,-3.0033,-10.4284
2375.000000,2,8.5625,191.5640,47.6621,-3.0600,-11.2789
2375.000000,3,8.5625,191.6641,47.6795,-3.1426,-11.6197
2375.000000,4,8.5625,191.7682,47.6390,-3.2873,-11.5172
2375.000000,5,8.5625,191.2102,47.7062,-2.6620,-9.7233
2375.000000,6,8.5625,191.3022,47.6388,-2.8214,-10.9615
2375.000000,7,8.5625,191.3977,47.5377,-3.0180,-11.6640
2375.000000,8,8.5625,191.4968,47.6352,-3.0197,-11.6172
2375.000000,9,8.5625,191.5999,47.6836,-3.0743,-11.1128
2375.000000,10,8.5625,191.0489,47.5368,-2.6701,-10.6036
2375.000000,11,8.5625,191.1407,47.6718,-2.6269,-11.3114
2375.000000,12,8.5625,191.2357,47.7125,-2.6813,-11.5502
2375.000000,13,8.5625,191.3343,47.6779,-2.8145,-11.3283
2375.000000,14,8.5625,191.4365,47.5848,-3.0098,-10.6539
2375.000000,15,8.5625,190.8911,47.6753,-2.3739,-10.9813
2375.000000,16,8.5625,190.9828,47.6291,-2.5118,-11.5615
2375.000000,17,8.5625,191.0777,47.5293,-2.7064,-11.6239
2375.000000,18,8.5625,191.1759,47.6333,-2.7006,-10.9213
2375.000000,19,8.5625,191.2776,47.7031,-2.7324,-9.7284
2375.000000,20,8.5625,190.7364,47.6484,-2.2460,-11.3549
2375.000000,21,8.5625,190.8282,47.6750,-2.3112,-11.5193
2375.000000,22,8.5625,190.9231,47.6731,-2.4081,-11.1343
2375.000000,23,8.5625,191.0211,47.6758,-2.5034,-10.1869
2375.000000,24,8.5625,191.1225,47.4638,-2.8167,-8.9513
2376.000000,0,8.6334,191.3379,47.5490,-2.9470,-9.0328
2376.000000,1,8.6334,191.4304,47.6244,-2.9640,-10.4071
2376.000000,2,8.6334,191.5265,47.6630,-3.0215,-11.2630
2376.000000,3,8.6334,191.6264,47.6780,-3.1065,-11.6096
2376.000000,4,8.6334,191.7304,47.6370,-3.2514,-11.5100
2376.000000,5,8.6334,191.1736,47.7062,-2.6254,-9.7057
2376.000000,6,8.6334,191.2656,47.6382,-2.7854,-10.9482
2376.000000,7,8.6334,191.3611,47.5355,-2.9836,-11.6548
2376.000000,8,8.6334,191.4602,47.6360,-2.9823,-11.6062
2376.000000,9,8.6334,191.5631,47.6840,-3.0371,-11.1028
2376.000000,10,8.6334,191.0131,47.5358,-2.6353,-10.5927
2376.000000,11,8.6334,191.1049,47.6717,-2.5912,-11.3010
2376.000000,12,8.6334,191.2000,47.7125,-2.6456,-11.5399
2376.000000,13,8.6334,191.2985,47.6778,-2.7788,-11.3177
2376.000000,14,8.6334,191.4007,47.5844,-2.9743,-10.6423
2376.000000,15,8.6334,190.8559,47.6757,-2.3382,-10.9722
2376.000000,16,8.6334,190.9477,47.6299,-2.4758,-11.5511
2376.000000,17,8.6334,191.0427,47.5270,-2.6737,-11.6153
2376.000000,18,8.6334,191.1409,47.6327,-2.6662,-10.9084
2376.000000,19,8.6334,191.2426,47.7030,-2.6976,-9.7116
2376.000000,20,8.6334,190.7018,47.6464,-2.2134,-11.3493
2376.000000,21,8.6334,190.7938,47.6733,-2.2785,-11.5104
2376.000000,22,8.6334,190.8887,47.6739,-2.3729,-11.1190
2376.000000,23,8.6334,190.9868,47.6772,-2.4677,-10.1662
2376.000000,24,8.6334,191.0882,47.4594,-2.7869,-8.9314
2377.000000,0,8.7045,191.3007,47.5458,-2.9130,-9.0110
2377.000000,1,8.7045,191.3932,47.6262,-2.9250,-10.3858
2377.000000,2,8.7045,191.4892,47.6639,-2.9833,-11.2472
2377.000000,3,8.7045,191.5890,47.6764,-3.0706,-11.5996
2377.000000,4,8.7045,191.6928,47.6349,-3.2159,-11.5029
2377.000000,5,8.7045,191.1372,47.7062,-2.5890,-9.6882
2377.000000,6,8.7045,191.2292,47.6376,-2.7496,-10.9350
2377.000000,7,8.7045,191.3247,47.5333,-2.9494,-11.6457
2377.000000,8,8.7045,191.4237,47.6368,-2.9450,-11.5952
2377.000000,9,8.7045,191.5266,47.6845,-3.0001,-11.0929
2377.000000,10,8.7045,190.9774,47.5350,-2.6004,-10.5818
2377.000000,11,8.7045,191.0693,47.6716,-2.5558,-11.2906
2377.000000,12,8.7045,191.1644,47.7125,-2.6100,-11.5297
2377.000000,13,8.7045,191.2629,47.6777,-2.7433,-11.3071
2377.000000,14,8.7045,191.3651,47.5840,-2.9391,-10.6309
2377.000000,15,8.7045,190.8209,47.6762,-2.3027,-10.9630
2377.000000,16,8.7045,190.9128,47.6308,-2.4401,-11.5407
2377.000000,17,8.7045,191.0078,47.5264,-2.6394,-11.6048
2377.000000,18,8.7045,191.1061,47.6321,-2.6321,-10.8955
2377.000000,19,8.7045,191.2078,47.7028,-2.6630,-9.6949
2377.000000,20,8.7045,190.6674,47.6443,-2.1810,-11.3438
2377.000000,21,8.7045,190.7595,47.6715,-2.2460,-11.5016
2377.000000,22,8.7045,190.8545,47.6746,-2.3380,-11.1036
2377.000000,23,8.7045,190.9527,47.6786,-2.4322,-10.1455
2377.000000,24,8.7045,191.0542,47.4550,-2.7572,-8.9116
2378.000000,0,8.7757,191.2637,47.5425,-2.8793,-8.9893
2378.000000,1,8.7757,191.3561,47.6280,-2.8861,-10.3646
2378.000000,2,8.7757,191.4521,47.6648,-2.9454,-11.2313
2378.000000,3,8.7757,191.5518,47.6748,-3.0351,-11.5897
2378.000000,4,8.7757,191.6555,47.6328,-3.1807,-11.4959
2378.000000,5,8.7757,191.1010,47.7062,-2.5528,-9.6706
2378.000000,6,8.7757,191.1931,47.6371,-2.7140,-10.9219
2378.000000,7,8.7757,191.2885,47.5311,-2.9155,-11.6366
2378.000000,8,8.7757,191.3875,47.6376,-2.9079,-11.5842
2378.000000,9,8.7757,191.4902,47.6849,-2.9634,-11.0830
2378.000000,10,8.7757,190.9419,47.5344,-2.5655,-10.5706
2378.000000,11,8.7757,191.0338,47.6714,-2.5205,-11.2803
2378.000000,12,8.7757,191.1290,47.7125,-2.5746,-11.5195
2378.000000,13,8.7757,191.2276,47.6776,-2.7081,-11.2966
2378.000000,14,8.7757,191.3296,47.5837,-2.9040,-10.6195
2378.000000,15,8.7757,190.7861,47.6767,-2.2674,-10.9540
2378.000000,16,8.7757,190.8781,47.6317,-2.4044,-11.5304
2378.000000,17,8.7757,190.9732,47.5275,-2.6037,-11.5927
2378.000000,18,8.7757,191.0715,47.6314,-2.5981,-10.8827
2378.000000,19,8.7757,191.1731,47.7027,-2.6285,-9.6782
2378.000000,20,8.7757,190.6331,47.6422,-2.1489,-11.3384
2378.000000,21,8.7757,190.7253,47.6696,-2.2137,-11.4929
2378.000000,22,8.7757,190.8205,47.6754,-2.3032,-11.0883
2378.000000,23,8.7757,190.9188,47.6800,-2.3968,-10.1248
2378.000000,24,8.7757,191.0203,47.4505,-2.7278,-8.8919
2379.000000,0,8.8470,191.2269,47.5391,-2.8458,-8.9677
2379.000000,1,8.8470,191.3193,47.6299,-2.8475,-10.3433
2379.000000,2,8.8470,191.4153,47.6657,-2.9076,-11.2154
2379.000000,3,8.8470,191.5149,47.6731,-2.9998,-11.5798
2379.000000,4,8.8470,191.6184,47.6307,-3.1458,-11.4891
2379.000000,5,8.8470,191.0649,47.7062,-2.5168,-9.6532
2379.000000,6,8.8470,191.1571,47.6365,-2.6786,-10.9088
2379.000000,7,8.8470,191.2525,47.5288,-2.8818,-11.6276
2379.000000,8,8.8470,191.3515,47.6384,-2.8711,-11.5733
2379.000000,9,8.8470,191.4542,47.6853,-2.9269,-11.0732
2379.000000,10,8.8470,190.9066,47.5338,-2.5308,-10.5596
2379.000000,11,8.8470,190.9986,47.6713,-2.4854,-11.2700
2379.000000,12,8.8470,191.0938,47.7125,-2.5394,-11.5094
2379.000000,13,8.8470,191.1924,47.6774,-2.6730,-11.2862
2379.000000,14,8.8470,191.2944,47.5833,-2.8692,-10.6082
2379.000000,15,8.8470,190.7513,47.6772,-2.2322,-10.9450
2379.000000,16,8.8470,190.8435,47.6325,-2.3690,-11.5201
2379.000000,17,8.8470,190.9387,47.5285,-2.5682,-11.5805
2379.000000,18,8.8470,191.0370,47.6308,-2.5643,-10.8699
2379.000000,19,8.8470,191.1387,47.7025,-2.5943,-9.6616
2379.000000,20,8.8470,190.5989,47.6401,-2.1169,-11.3331
2379.000000,21,8.8470,190.6913,47.6677,-2.1816,-11.4842
2379.000000,22,8.8470,190.7866,47.6762,-2.2685,-11.0729
2379.000000,23,8.8470,190.8850,47.6814,-2.3617,-10.1041
2379.000000,24,8.8470,190.9866,47.4459,-2.6987,-8.8722
2380.000000,0,8.9184,191.1903,47.5357,-2.8126,-8.9461
2380.000000,1,8.9184,191.2827,47.6317,-2.8091,-10.3220
2380.000000,2,8.9184,191.3786,47.6666,-2.8701,-11.1995
2380.000000,3,8.9184,191.4782,47.6714,-2.9648,-11.5700
2380.000000,4,8.9184,191.5816,47.6284,-3.1112,-11.4823
2380.000000,5,8.9184,191.0291,47.7062,-2.4809,-9.6358
2380.000000,6,8.9184,191.1213,47.6359,-2.6434,-10.8957
2380.000000,7,8.9184,191.2167,47.5265,-2.8483,-11.6186
2380.000000,8,8.9184,191.3157,47.6393,-2.8344,-11.5624
2380.000000,9,8.9184,191.4183,47.6857,-2.8906,-11.0635
2380.000000,10,8.9184,190.8714,47.5331,-2.4963,-10.5486
2380.000000,11,8.9184,190.9635,47.6711,-2.4504,-11.2597
2380.000000,12,8.9184,191.0588,47.7125,-2.5044,-11.4993
2380.000000,13,8.9184,191.1574,47.6773,-2.6381,-11.2757
2380.000000,14,8.9184,191.2594,47.5829,-2.8346,-10.5970
2380.000000,15,8.9184,190.7168,47.6777,-2.1971,-10.9360
2380.000000,16,8.9184,190.8090,47.6334,-2.3336,-11.5098
2380.000000,17,8.9184,190.9043,47.5295,-2.5328,-11.5683
2380.000000,18,8.9184,191.0027,47.6301,-2.5306,-10.8571
2380.000000,19,8.9184,191.1045,47.7023,-2.5602,-9.6450
2380.000000,20,8.9184,190.5649,47.6379,-2.0850,-11.3278
2380.000000,21,8.9184,190.6574,47.6657,-2.1497,-11.4756
2380.000000,22,8.9184,190.7529,47.6769,-2.2340,-11.0575
2380.000000,23,8.9184,190.8514,47.6827,-2.3267,-10.0834
2380.000000,24,8.9184,190.9530,47.4412,-2.6698,-8.8526
2381.000000,0,8.9899,191.1538,47.5322,-2.7797,-8.9246
2381.000000,1,8.9899,191.2463,47.6335,-2.7708,-10.3006
2381.000000,2,8.9899,191.3422,47.6675,-2.8327,-11.1836
2381.000000,3,8.9899,191.4417,47.6696,-2.9301,-11.5603
2381.000000,4,8.9899,191.5450,47.6262,-3.0768,-11.4756
2381.000000,5,8.9899,190.9934,47.7062,-2.4453,-9.6184
2381.000000,6,8.9899,191.0856,47.6352,-2.6084,-10.8826
2381.000000,7,8.9899,191.1811,47.5241,-2.8150,-11.6098
2381.000000,8,8.9899,191.2801,47.6401,-2.7980,-11.5516
2381.000000,9,8.9899,191.3826,47.6862,-2.8545,-11.0539
2381.000000,10,8.9899,190.8364,47.5325,-2.4619,-10.5377
2381.000000,11,8.9899,190.9286,47.6710,-2.4156,-11.2495
2381.000000,12,8.9899,191.0239,47.7125,-2.4695,-11.4892
2381.000000,13,8.9899,191.1226,47.6772,-2.6034,-11.2654
2381.000000,14,8.9899,191.2246,47.5825,-2.8001,-10.5858
2381.000000,15,8.9899,190.6823,47.6782,-2.1622,-10.9271
2381.000000,16,8.9899,190.7747,47.6343,-2.2985,-11.4995
2381.000000,17,8.9899,190.8701,47.5305,-2.4976,-11.5562
2381.000000,18,8.9899,190.9686,47.6295,-2.4972,-10.8443
2381.000000,19,8.9899,191.0704,47.7021,-2.5263,-9.6284
2381.000000,20,8.9899,190.5310,47.6356,-2.0534,-11.3226
2381.000000,21,8.9899,190.6237,47.6637,-2.1181,-11.4670
2381.000000,22,8.9899,190.7193,47.6776,-2.1997,-11.0421
2381.000000,23,8.9899,190.8179,47.6841,-2.2919,-10.0626
2381.000000,24,8.9899,190.9196,47.4365,-2.6412,-8.8331
2382.000000,0,9.0615,191.1176,47.5287,-2.7470,-8.9032
2382.000000,1,9.0615,191.2101,47.6353,-2.7328,-10.2793
2382.000000,2,9.0615,191.3060,47.6684,-2.7956,-11.1678
2382.000000,3,9.0615,191.4054,47.6678,-2.8957,-11.5507
2382.000000,4,9.0615,191.5086,47.6239,-3.0428,-11.4690
2382.000000,5,9.0615,190.9579,47.7061,-2.4098,-9.6010
2382.000000,6,9.0615,191.0502,47.6346,-2.5736,-10.8696
2382.000000,7,9.0615,191.1457,47.5218,-2.7820,-11.6009
2382.000000,8,9.0615,191.2447,47.6410,-2.7617,-11.5407
2382.000000,9,9.0615,191.3472,47.6866,-2.8186,-11.0443
2382.000000,10,9.0615,190.8015,47.5319,-2.4277,-10.5268
2382.000000,11,9.0615,190.8938,47.6709,-2.3810,-11.2393
2382.000000,12,9.0615,190.9893,47.7125,-2.4348,-11.4791
2382.000000,13,9.0615,191.0879,47.6771,-2.5688,-11.2550
2382.000000,14,9.0615,191.1899,47.5821,-2.7659,-10.5747
2382.000000,15,9.0615,190.6481,47.6787,-2.1274,-10.9182
2382.000000,16,9.0615,190.7406,47.6352,-2.2634,-11.4892
2382.000000,17,9.0615,190.8361,47.5316,-2.4626,-11.5441
2382.000000,18,9.0615,190.9347,47.6288,-2.4639,-10.8316
2382.000000,19,9.0615,191.0365,47.7019,-2.4926,-9.6120
2382.000000,20,9.0615,190.4972,47.6333,-2.0220,-11.3176
2382.000000,21,9.0615,190.5901,47.6616,-2.0866,-11.4585
2382.000000,22,9.0615,190.6859,47.6784,-2.1656,-11.0267
2382.000000,23,9.0615,190.7846,47.6854,-2.2572,-10.0419
2382.000000,24,9.0615,190.8864,47.4317,-2.6128,-8.8137
2383.000000,0,9.1332,191.0815,47.5250,-2.7145,-8.8818
2383.000000,1,9.1332,191.1740,47.6372,-2.6949,-10.2579
2383.000000,2,9.1332,191.2699,47.6692,-2.7587,-11.1519
2383.000000,3,9.1332,191.3693,47.6658,-2.8615,-11.5411
2383.000000,4,9.1332,191.4725,47.6215,-3.0090,-11.4626
2383.000000,5,9.1332,190.9225,47.7061,-2.3744,-9.5837
2383.000000,6,9.1332,191.0149,47.6340,-2.5390,-10.8566
2383.000000,7,9.1332,191.1105,47.5194,-2.7492,-11.5921
2383.000000,8,9.1332,191.2094,47.6418,-2.7257,-11.5300
2383.000000,9,9.1332,191.3119,47.6870,-2.7829,-11.0348
2383.000000,10,9.1332,190.7668,47.5312,-2.3936,-10.5160
2383.000000,11,9.1332,190.8592,47.6707,-2.3465,-11.2291
2383.000000,12,9.1332,190.9547,47.7125,-2.4003,-11.4691
2383.000000,13,9.1332,191.0534,47.6770,-2.5345,-11.2447
2383.000000,14,9.1332,191.1555,47.5817,-2.7318,-10.5637
2383.000000,15,9.1332,190.6139,47.6792,-2.0927,-10.9094
2383.000000,16,9.1332,190.7066,47.6361,-2.2286,-11.4790
2383.000000,17,9.1332,190.8022,47.5326,-2.4276,-11.5319
2383.000000,18,9.1332,190.9009,47.6281,-2.4308,-10.8189
2383.000000,19,9.1332,191.0028,47.7017,-2.4591,-9.5955
2383.000000,20,9.1332,190.4636,47.6309,-1.9907,-11.3126
2383.000000,21,9.1332,190.5567,47.6594,-2.0553,-11.4501
2383.000000,22,9.1332,190.6526,47.6791,-2.1316,-11.0113
2383.000000,23,9.1332,190.7514,47.6867,-2.2228,-10.0211
2383.000000,24,9.1332,190.8533,47.4267,-2.5846,-8.7943
2384.000000,0,9.2051,191.0456,47.5214,-2.6823,-8.8604
2384.000000,1,9.2051,191.1382,47.6390,-2.6573,-10.2365
2384.000000,2,9.2051,191.2341,47.6701,-2.7220,-11.1360
2384.000000,3,9.2051,191.3335,47.6639,-2.8276,-11.5316
2384.000000,4,9.2051,191.4365,47.6191,-2.9755,-11.4562
2384.000000,5,9.2051,190.8873,47.7061,-2.3393,-9.5665
2384.000000,6,9.2051,190.9798,47.6334,-2.5045,-10.8436
2384.000000,7,9.2051,191.0754,47.5169,-2.7165,-11.5834
2384.000000,8,9.2051,191.1744,47.6427,-2.6898,-11.5192
2384.000000,9,9.2051,191.2768,47.6875,-2.7474,-11.0253
2384.000000,10,9.2051,190.7322,47.5306,-2.3597,-10.5053
2384.000000,11,9.2051,190.8248,47.6706,-2.3122,-11.2190
2384.000000,12,9.2051,190.9204,47.7125,-2.3660,-11.4591
2384.000000,13,9.2051,191.0192,47.6769,-2.5003,-11.2345
2384.000000,14,9.2051,191.1212,47.5813,-2.6980,-10.5528
2384.000000,15,9.2051,190.5799,47.6797,-2.0582,-10.9006
2384.000000,16,9.2051,190.6727,47.6370,-2.1938,-11.4688
2384.000000,17,9.2051,190.7685,47.5337,-2.3929,-11.5198
2384.000000,18,9.2051,190.8673,47.6274,-2.3979,-10.8062
2384.000000,19,9.2051,190.9692,47.7015,-2.4258,-9.5792
2384.000000,20,9.2051,190.4301,47.6284,-1.9597,-11.3076
2384.000000,21,9.2051,190.5234,47.6571,-2.0243,-11.4417
2384.000000,22,9.2051,190.6194,47.6797,-2.0977,-10.9958
2384.000000,23,9.2051,190.7184,47.6880,-2.1885,-10.0003
2384.000000,24,9.2051,190.8204,47.4218,-2.5567,-8.7750
2385.000000,0,9.2771,191.0099,47.5176,-2.6503,-8.8392
2385.000000,1,9.2771,191.1025,47.6408,-2.6198,-10.2151
2385.000000,2,9.2771,191.1985,47.6710,-2.6855,-11.1201
2385.000000,3,9.2771,191.2978,47.6618,-2.7940,-11.5222
2385.000000,4,9.2771,191.4008,47.6166,-2.9422,-11.4499
2385.000000,5,9.2771,190.8523,47.7060,-2.3043,-9.5493
2385.000000,6,9.2771,190.9449,47.6327,-2.4702,-10.8306
2385.000000,7,9.2771,191.0406,47.5145,-2.6841,-11.5747
2385.000000,8,9.2771,191.1396,47.6435,-2.6541,-11.5084
2385.000000,9,9.2771,191.2420,47.6879,-2.7121,-11.0159
2385.000000,10,9.2771,190.6978,47.5299,-2.3259,-10.4946
2385.000000,11,9.2771,190.7905,47.6704,-2.2781,-11.2089
2385.000000,12,9.2771,190.8862,47.7125,-2.3318,-11.4491
2385.000000,13,9.2771,190.9850,47.6768,-2.4663,-11.2242
2385.000000,14,9.2771,191.0871,47.5809,-2.6643,-10.5419
2385.000000,15,9.2771,190.5460,47.6802,-2.0238,-10.8919
2385.000000,16,9.2771,190.6390,47.6379,-2.1592,-11.4586
2385.000000,17,9.2771,190.7349,47.5347,-2.3583,-11.5077
2385.000000,18,9.2771,190.8338,47.6268,-2.3651,-10.7936
2385.000000,19,9.2771,190.9358,47.7012,-2.3926,-9.5628
2385.000000,20,9.2771,190.3967,47.6259,-1.9288,-11.3028
2385.000000,21,9.2771,190.4902,47.6548,-1.9934,-11.4334
2385.000000,22,9.2771,190.5864,47.6804,-2.0640,-10.9803
2385.000000,23,9.2771,190.6855,47.6892,-2.1543,-9.9795
2385.000000,24,9.2771,190.7876,47.4167,-2.5290,-8.7558
2386.000000,0,9.3491,190.9744,47.5138,-2.6186,-8.8180
2386.000000,1,9.3491,191.0671,47.6426,-2.5825,-10.1937
2386.000000,2,9.3491,191.1630,47.6718,-2.6492,-11.1042
2386.000000,3,9.3491,191.2624,47.6597,-2.7607,-11.5129
2386.000000,4,9.3491,191.3653,47.6141,-2.9093,-11.4438
2386.000000,5,9.3491,190.8174,47.7060,-2.2695,-9.5321
2386.000000,6,9.3491,190.9101,47.6321,-2.4361,-10.8177
2386.000000,7,9.3491,191.0059,47.5120,-2.6519,-11.5661
2386.000000,8,9.3491,191.1049,47.6444,-2.6186,-11.4977
2386.000000,9,9.3491,191.2073,47.6883,-2.6770,-11.0066
2386.000000,10,9.3491,190.6635,47.5292,-2.2923,-10.4840
2386.000000,11,9.3491,190.7563,47.6703,-2.2441,-11.1989
2386.000000,12,9.3491,190.8522,47.7125,-2.2977,-11.4391
2386.000000,13,9.3491,190.9511,47.6767,-2.4324,-11.2140
2386.000000,14,9.3491,191.0532,47.5805,-2.6308,-10.5311
2386.000000,15,9.3491,190.5123,47.6807,-1.9896,-10.8832
2386.000000,16,9.3491,190.6055,47.6388,-2.1247,-11.4484
2386.000000,17,9.3491,190.7015,47.5357,-2.3238,-11.4956
2386.000000,18,9.3491,190.8005,47.6261,-2.3325,-10.7810
2386.000000,19,9.3491,190.9026,47.7010,-2.3596,-9.5466
2386.000000,20,9.3491,190.3635,47.6234,-1.8981,-11.2981
2386.000000,21,9.3491,190.4571,47.6524,-1.9628,-11.4251
2386.000000,22,9.3491,190.5535,47.6811,-2.0305,-10.9648
2386.000000,23,9.3491,190.6528,47.6905,-2.1204,-9.9587
2386.000000,24,9.3491,190.7550,47.4115,-2.5015,-8.7367
2387.000000,0,9.4213,190.9390,47.5099,-2.5871,-8.7968
2387.000000,1,9.4213,191.0317,47.6444,-2.5453,-10.1722
2387.000000,2,9.4213,191.1277,47.6726,-2.6131,-11.0883
2387.000000,3,9.4213,191.2271,47.6576,-2.7276,-11.5036
2387.000000,4,9.4213,191.3300,47.6115,-2.8765,-11.4377
2387.000000,5,9.4213,190.7827,47.7059,-2.2348,-9.5149
2387.000000,6,9.4213,190.8755,47.6314,-2.4021,-10.8048
2387.000000,7,9.4213,190.9713,47.5095,-2.6199,-11.5575
2387.000000,8,9.4213,191.0704,47.6452,-2.5832,-11.4870
2387.000000,9,9.4213,191.1728,47.6888,-2.6421,-10.9973
2387.000000,10,9.4213,190.6294,47.5286,-2.2588,-10.4735
2387.000000,11,9.4213,190.7223,47.6701,-2.2102,-11.1889
2387.000000,12,9.4213,190.8183,47.7125,-2.2639,-11.4292
2387.000000,13,9.4213,190.9173,47.6766,-2.3988,-11.2039
2387.000000,14,9.4213,191.0195,47.5801,-2.5974,-10.5204
2387.000000,15,9.4213,190.4787,47.6813,-1.9554,-10.8746
2387.000000,16,9.4213,190.5720,47.6397,-2.0904,-11.4382
2387.000000,17,9.4213,190.6682,47.5368,-2.2895,-11.4835
2387.000000,18,9.4213,190.7673,47.6254,-2.3000,-10.7684
2387.000000,19,9.4213,190.8695,47.7007,-2.3268,-9.5303
2387.000000,20,9.4213,190.3303,47.6207,-1.8676,-11.2934
2387.000000,21,9.4213,190.4242,47.6499,-1.9323,-11.4169
2387.000000,22,9.4213,190.5208,47.6817,-1.9971,-10.9493
2387.000000,23,9.4213,190.6202,47.6917,-2.0865,-9.9378
2387.000000,24,9.4213,190.7225,47.4063,-2.4743,-8.7176
2388.000000,0,9.4936,190.9038,47.5059,-2.5559,-8.7757
2388.000000,1,9.4936,190.9966,47.6463,-2.5084,-10.1507
2388.000000,2,9.4936,191.0926,47.6735,-2.5772,-11.0724
2388.000000,3,9.4936,191.1920,47.6553,-2.6947,-11.4944
2388.000000,4,9.4936,191.2949,47.6088,-2.8441,-11.4317
2388.000000,5,9.4936,190.7481,47.7059,-2.2003,-9.4978
2388.000000,6,9.4936,190.8410,47.6307,-2.3683,-10.7919
2388.000000,7,9.4936,190.9370,47.5069,-2.5881,-11.5490
2388.000000,8,9.4936,191.0361,47.6461,-2.5480,-11.4764
2388.000000,9,9.4936,191.1385,47.6892,-2.6074,-10.9881
2388.000000,10,9.4936,190.5953,47.5279,-2.2255,-10.4630
2388.000000,11,9.4936,190.6885,47.6700,-2.1765,-11.1789
2388.000000,12,9.4936,190.7845,47.7125,-2.2301,-11.4193
2388.000000,13,9.4936,190.8836,47.6764,-2.3652,-11.1938
2388.000000,14,9.4936,190.9859,47.5797,-2.5643,-10.5097
2388.000000,15,9.4936,190.4452,47.6818,-1.9214,-10.8660
2388.000000,16,9.4936,190.5387,47.6406,-2.0561,-11.4280
2388.000000,17,9.4936,190.6351,47.5378,-2.2553,-11.4714
2388.000000,18,9.4936,190.7343,47.6246,-2.2677,-10.7558
2388.000000,19,9.4936,190.8366,47.7005,-2.2942,-9.5142
2388.000000,20,9.4936,190.2973,47.6180,-1.8373,-11.2888
2388.000000,21,9.4936,190.3914,47.6473,-1.9021,-11.4088
2388.000000,22,9.4936,190.4882,47.6823,-1.9639,-10.9338
2388.000000,23,9.4936,190.5877,47.6929,-2.0529,-9.9170
2388.000000,24,9.4936,190.6902,47.4010,-2.4473,-8.6986
2389.000000,0,9.5660,190.8687,47.5018,-2.5249,-8.7547
2389.000000,1,9.5660,190.9616,47.6481,-2.4716,-10.1292
2389.000000,2,9.5660,191.0577,47.6743,-2.5415,-11.0564
2389.000000,3,9.5660,191.1571,47.6530,-2.6622,-11.4853
2389.000000,4,9.5660,191.2600,47.6061,-2.8119,-11.4258
2389.000000,5,9.5660,190.7137,47.7058,-2.1659,-9.4808
2389.000000,6,9.5660,190.8067,47.6300,-2.3347,-10.7791
2389.000000,7,9.5660,190.9027,47.5075,-2.5533,-11.5371
2389.000000,8,9.5660,191.0019,47.6469,-2.5130,-11.4657
2389.000000,9,9.5660,191.1044,47.6897,-2.5728,-10.9790
2389.000000,10,9.5660,190.5615,47.5272,-2.1923,-10.4526
2389.000000,11,9.5660,190.6548,47.6698,-2.1430,-11.1689
2389.000000,12,9.5660,190.7510,47.7125,-2.1965,-11.4094
2389.000000,13,9.5660,190.8502,47.6763,-2.3319,-11.1837
2389.000000,14,9.5660,190.9525,47.5792,-2.5313,-10.4991
2389.000000,15,9.5660,190.4118,47.6823,-1.8876,-10.8575
2389.000000,16,9.5660,190.5055,47.6415,-2.0221,-11.4179
2389.000000,17,9.5660,190.6020,47.5388,-2.2212,-11.4593
2389.000000,18,9.5660,190.7014,47.6239,-2.2356,-10.7432
2389.000000,19,9.5660,190.8038,47.7002,-2.2617,-9.4981
2389.000000,20,9.5660,190.2644,47.6152,-1.8072,-11.2844
2389.000000,21,9.5660,190.3587,47.6447,-1.8720,-11.4007
2389.000000,22,9.5660,190.4557,47.6829,-1.9308,-10.9182
2389.000000,23,9.5660,190.5554,47.6941,-2.0194,-9.8961
2389.000000,24,9.5660,190.6580,47.3955,-2.4205,-8.6797
2390.000000,0,9.6385,190.8338,47.4977,-2.4941,-8.7337
2390.000000,1,9.6385,190.9268,47.6499,-2.4350,-10.1077
2390.000000,2,9.6385,191.0230,47.6751,-2.5059,-11.0405
2390.000000,3,9.6385,191.1224,47.6506,-2.6298,-11.4763
2390.000000,4,9.6385,191.2253,47.6034,-2.7800,-11.4201
2390.000000,5,9.6385,190.6794,47.7057,-2.1317,-9.4637
2390.000000,6,9.6385,190.7725,47.6294,-2.3012,-10.7663
2390.000000,7,9.6385,190.8687,47.5085,-2.5183,-11.5248
2390.000000,8,9.6385,190.9680,47.6478,-2.4782,-11.4551
2390.000000,9,9.6385,191.0705,47.6901,-2.5384,-10.9699
2390.000000,10,9.6385,190.5277,47.5265,-2.1593,-10.4423
2390.000000,11,9.6385,190.6212,47.6697,-2.1095,-11.1590
2390.000000,12,9.6385,190.7175,47.7125,-2.1631,-11.3995
2390.000000,13,9.6385,190.8168,47.6762,-2.2987,-11.1736
2390.000000,14,9.6385,190.9193,47.5788,-2.4985,-10.4886
2390.000000,15,9.6385,190.3786,47.6828,-1.8538,-10.8490
2390.000000,16,9.6385,190.4725,47.6424,-1.9881,-11.4078
2390.000000,17,9.6385,190.5692,47.5399,-2.1873,-11.4473
2390.000000,18,9.6385,190.6687,47.6232,-2.2036,-10.7307
2390.000000,19,9.6385,190.7712,47.6999,-2.2293,-9.4820
2390.000000,20,9.6385,190.2316,47.6124,-1.7773,-11.2800
2390.000000,21,9.6385,190.3261,47.6420,-1.8422,-11.3927
2390.000000,22,9.6385,190.4233,47.6835,-1.8978,-10.9027
2390.000000,23,9.6385,190.5232,47.6952,-1.9861,-9.8752
2390.000000,24,9.6385,190.6260,47.3900,-2.3940,-8.6609
2391.000000,0,9.7111,190.7990,47.4935,-2.4636,-8.7128
2391.000000,1,9.7111,190.8922,47.6517,-2.3986,-10.0861
2391.000000,2,9.7111,190.9884,47.6759,-2.4706,-11.0246
2391.000000,3,9.7111,191.0879,47.6482,-2.5978,-11.4673
2391.000000,4,9.7111,191.1908,47.6005,-2.7483,-11.4144
2391.000000,5,9.7111,190.6452,47.7057,-2.0976,-9.4467
2391.000000,6,9.7111,190.7385,47.6287,-2.2679,-10.7535
2391.000000,7,9.7111,190.8348,47.5095,-2.4833,-11.5125
2391.000000,8,9.7111,190.9342,47.6487,-2.4435,-11.4445
2391.000000,9,9.7111,191.0367,47.6905,-2.5042,-10.9608
2391.000000,10,9.7111,190.4941,47.5258,-2.1263,-10.4320
2391.000000,11,9.7111,190.5878,47.6695,-2.0763,-11.1491
2391.000000,12,9.7111,190.6842,47.7125,-2.1298,-11.3897
2391.000000,13,9.7111,190.7837,47.6761,-2.2656,-11.1636
2391.000000,14,9.7111,190.8862,47.5784,-2.4659,-10.4782
2391.000000,15,9.7111,190.3454,47.6833,-1.8201,-10.8406
2391.000000,16,9.7111,190.4396,47.6434,-1.9543,-11.3976
2391.000000,17,9.7111,190.5364,47.5409,-2.1536,-11.4352
2391.000000,18,9.7111,190.6361,47.6224,-2.1717,-10.7182
2391.000000,19,9.7111,190.7388,47.6996,-2.1972,-9.4660
2391.000000,20,9.7111,190.1989,47.6094,-1.7475,-11.2757
2391.000000,21,9.7111,190.2937,47.6391,-1.8126,-11.3848
2391.000000,22,9.7111,190.3911,47.6841,-1.8650,-10.8871
2391.000000,23,9.7111,190.4912,47.6963,-1.9529,-9.8544
2391.000000,24,9.7111,190.5941,47.3844,-2.3677,-8.6422
2392.000000,0,9.7839,190.7644,47.4892,-2.4333,-8.6920
2392.000000,1,9.7839,190.8577,47.6535,-2.3623,-10.0646
2392.000000,2,9.7839,190.9540,47.6767,-2.4354,-11.0086
2392.000000,3,9.7839,191.0536,47.6456,-2.5659,-11.4584
2392.000000,4,9.7839,191.1564,47.5976,-2.7168,-11.4088
2392.000000,5,9.7839,190.6112,47.7056,-2.0637,-9.4298
2392.000000,6,9.7839,190.7047,47.6280,-2.2347,-10.7407
2392.000000,7,9.7839,190.8011,47.5105,-2.4486,-11.5001
2392.000000,8,9.7839,190.9005,47.6495,-2.4090,-11.4340
2392.000000,9,9.7839,191.0031,47.6910,-2.4702,-10.9519
2392.000000,10,9.7839,190.4606,47.5251,-2.0936,-10.4218
2392.000000,11,9.7839,190.5545,47.6694,-2.0431,-11.1393
2392.000000,12,9.7839,190.6511,47.7125,-2.0967,-11.3799
2392.000000,13,9.7839,190.7507,47.6760,-2.2327,-11.1536
2392.000000,14,9.7839,190.8533,47.5779,-2.4334,-10.4678
2392.000000,15,9.7839,190.3124,47.6839,-1.7866,-10.8322
2392.000000,16,9.7839,190.4068,47.6443,-1.9205,-11.3875
2392.000000,17,9.7839,190.5038,47.5419,-2.1199,-11.4232
2392.000000,18,9.7839,190.6037,47.6217,-2.1400,-10.7057
2392.000000,19,9.7839,190.7064,47.6993,-2.1651,-9.4500
2392.000000,20,9.7839,190.1663,47.6064,-1.7179,-11.2714
2392.000000,21,9.7839,190.2613,47.6362,-1.7831,-11.3769
2392.000000,22,9.7839,190.3590,47.6846,-1.8324,-10.8715
2392.000000,23,9.7839,190.4593,47.6974,-1.9199,-9.8335
2392.000000,24,9.7839,190.5624,47.3787,-2.3417,-8.6235
2393.000000,0,9.8567,190.7300,47.4849,-2.4032,-8.6712
2393.000000,1,9.8567,190.8234,47.6553,-2.3262,-10.0430
2393.000000,2,9.8567,190.9198,47.6775,-2.4004,-10.9927
2393.000000,3,9.8567,191.0194,47.6430,-2.5344,-11.4496
2393.000000,4,9.8567,191.1223,47.5947,-2.6856,-11.4033
2393.000000,5,9.8567,190.5773,47.7055,-2.0299,-9.4129
2393.000000,6,9.8567,190.6709,47.6273,-2.2017,-10.7280
2393.000000,7,9.8567,190.7675,47.5115,-2.4140,-11.4878
2393.000000,8,9.8567,190.8670,47.6504,-2.3746,-11.4234
2393.000000,9,9.8567,190.9697,47.6914,-2.4363,-10.9430
2393.000000,10,9.8567,190.4273,47.5244,-2.0609,-10.4116
2393.000000,11,9.8567,190.5213,47.6692,-2.0101,-11.1294
2393.000000,12,9.8567,190.6181,47.7125,-2.0637,-11.3701
2393.000000,13,9.8567,190.7178,47.6758,-2.2000,-11.1437
2393.000000,14,9.8567,190.8205,47.5775,-2.4011,-10.4575
2393.000000,15,9.8567,190.2795,47.6844,-1.7532,-10.8239
2393.000000,16,9.8567,190.3741,47.6452,-1.8869,-11.3775
2393.000000,17,9.8567,190.4714,47.5430,-2.0864,-11.4111
2393.000000,18,9.8567,190.5714,47.6209,-2.1085,-10.6933
2393.000000,19,9.8567,190.6743,47.6990,-2.1333,-9.4341
2393.000000,20,9.8567,190.1339,47.6034,-1.6885,-11.2673
2393.000000,21,9.8567,190.2291,47.6332,-1.7539,-11.3691
2393.000000,22,9.8567,190.3270,47.6851,-1.7999,-10.8559
2393.000000,23,9.8567,190.4275,47.6984,-1.8871,-9.8126
2393.000000,24,9.8567,190.5307,47.3730,-2.3158,-8.6049
2394.000000,0,9.9296,190.6957,47.4804,-2.3733,-8.6505
2394.000000,1,9.9296,190.7892,47.6570,-2.2902,-10.0213
2394.000000,2,9.9296,190.8857,47.6782,-2.3655,-10.9767
2394.000000,3,9.9296,190.9854,47.6404,-2.5031,-11.4409
2394.000000,4,9.9296,191.0883,47.5916,-2.6547,-11.3979
2394.000000,5,9.9296,190.5436,47.7054,-1.9962,-9.3960
2394.000000,6,9.9296,190.6374,47.6265,-2.1689,-10.7152
2394.000000,7,9.9296,190.7340,47.5126,-2.3795,-11.4755
2394.000000,8,9.9296,190.8337,47.6513,-2.3404,-11.4129
2394.000000,9,9.9296,190.9364,47.6918,-2.4026,-10.9341
2394.000000,10,9.9296,190.3940,47.5237,-2.0284,-10.4015
2394.000000,11,9.9296,190.4882,47.6691,-1.9772,-11.1196
2394.000000,12,9.9296,190.5852,47.7125,-2.0308,-11.3603
2394.000000,13,9.9296,190.6851,47.6757,-2.1674,-11.1338
2394.000000,14,9.9296,190.7879,47.5770,-2.3689,-10.4472
2394.000000,15,9.9296,190.2468,47.6849,-1.7199,-10.8156
2394.000000,16,9.9296,190.3416,47.6461,-1.8535,-11.3674
2394.000000,17,9.9296,190.4390,47.5440,-2.0531,-11.3991
2394.000000,18,9.9296,190.5392,47.6202,-2.0771,-10.6809
2394.000000,19,9.9296,190.6422,47.6987,-2.1016,-9.4182
2394.000000,20,9.9296,190.1015,47.6002,-1.6593,-11.2633
2394.000000,21,9.9296,190.1970,47.6302,-1.7249,-11.3614
2394.000000,22,9.9296,190.2951,47.6856,-1.7675,-10.8402
2394.000000,23,9.9296,190.3958,47.6995,-1.8544,-9.7916
2394.000000,24,9.9296,190.4993,47.3671,-2.2902,-8.5864
2395.000000,0,10.0027,190.6615,47.4759,-2.3437,-8.6299
2395.000000,1,10.0027,190.7552,47.6588,-2.2544,-9.9997
2395.000000,2,10.0027,190.8518,47.6790,-2.3309,-10.9607
2395.000000,3,10.0027,190.9515,47.6376,-2.4720,-11.4323
2395.000000,4,10.0027,191.0545,47.5885,-2.6240,-11.3927
2395.000000,5,10.0027,190.5100,47.7053,-1.9627,-9.3792
2395.000000,6,10.0027,190.6039,47.6258,-2.1362,-10.7025
2395.000000,7,10.0027,190.7007,47.5136,-2.3452,-11.4633
2395.000000,8,10.0027,190.8005,47.6521,-2.3064,-11.4024
2395.000000,9,10.0027,190.9033,47.6923,-2.3691,-10.9253
2395.000000,10,10.0027,190.3609,47.5229,-1.9960,-10.3915
2395.000000,11,10.0027,190.4553,47.6689,-1.9445,-11.1099
2395.000000,12,10.0027,190.5525,47.7125,-1.9981,-11.3505
2395.000000,13,10.0027,190.6525,47.6756,-2.1349,-11.1239
2395.000000,14,10.0027,190.7554,47.5766,-2.3369,-10.4371
2395.000000,15,10.0027,190.2141,47.6855,-1.6867,-10.8073
2395.000000,16,10.0027,190.3091,47.6470,-1.8201,-11.3573
2395.000000,17,10.0027,190.4068,47.5450,-2.0198,-11.3871
2395.000000,18,10.0027,190.5072,47.6194,-2.0458,-10.6685
2395.000000,19,10.0027,190.6104,47.6984,-2.0700,-9.4023
2395.000000,20,10.0027,190.0693,47.5970,-1.6303,-11.2594
2395.000000,21,10.0027,190.1650,47.6270,-1.6961,-11.3538
2395.000000,22,10.0027,190.2633,47.6861,-1.7353,-10.8246
2395.000000,23,10.0027,190.3643,47.7005,-1.8219,-9.7707
2395.000000,24,10.0027,190.4679,47.3611,-2.2648,-8.5680
2396.000000,0,10.0758,190.6275,47.4713,-2.3143,-8.6093
2396.000000,1,10.0758,190.7213,47.6606,-2.2188,-9.9780
2396.000000,2,10.0758,190.8180,47.6797,-2.2964,-10.9447
2396.000000,3,10.0758,190.9178,47.6347,-2.4411,-11.4237
2396.000000,4,10.0758,191.0209,47.5854,-2.5935,-11.3875
2396.000000,5,10.0758,190.4765,47.7052,-1.9294,-9.3624
2396.000000,6,10.0758,190.5706,47.6251,-2.1036,-10.6899
2396.000000,7,10.0758,190.6676,47.5146,-2.3110,-11.4510
2396.000000,8,10.0758,190.7675,47.6530,-2.2725,-11.3920
2396.000000,9,10.0758,190.8704,47.6927,-2.3357,-10.9165
2396.000000,10,10.0758,190.3279,47.5222,-1.9638,-10.3815
2396.000000,11,10.0758,190.4225,47.6687,-1.9118,-11.1001
2396.000000,12,10.0758,190.5199,47.7125,-1.9655,-11.3408
2396.000000,13,10.0758,190.6200,47.6754,-2.1026,-11.1141
2396.000000,14,10.0758,190.7231,47.5761,-2.3051,-10.4270
2396.000000,15,10.0758,190.1815,47.6860,-1.6536,-10.7991
2396.000000,16,10.0758,190.2768,47.6480,-1.7869,-11.3473
2396.000000,17,10.0758,190.3747,47.5460,-1.9867,-11.3750
2396.000000,18,10.0758,190.4752,47.6186,-2.0147,-10.6561
2396.000000,19,10.0758,190.5786,47.6980,-2.0386,-9.3866
2396.000000,20,10.0758,190.0371,47.5937,-1.6015,-11.2555
2396.000000,21,10.0758,190.1332,47.6237,-1.6675,-11.3462
2396.000000,22,10.0758,190.2317,47.6865,-1.7032,-10.8089
2396.000000,23,10.0758,190.3328,47.7014,-1.7895,-9.7498
2396.000000,24,10.0758,190.4367,47.3550,-2.2397,-8.5497
2397.000000,0,10.1490,190.5936,47.4666,-2.2851,-8.5888
2397.000000,1,10.1490,190.6876,47.6623,-2.1833,-9.9563
2397.000000,2,10.1490,190.7844,47.6804,-2.2621,-10.9287
2397.000000,3,10.1490,190.8843,47.6318,-2.4106,-11.4152
2397.000000,4,10.1490,190.9874,47.5821,-2.5633,-11.3824
2397.000000,5,10.1490,190.4431,47.7050,-1.8961,-9.3456
2397.000000,6,10.1490,190.5374,47.6243,-2.0712,-10.6772
2397.000000,7,10.1490,190.6346,47.5156,-2.2770,-11.4387
2397.000000,8,10.1490,190.7346,47.6539,-2.2387,-11.3815
2397.000000,9,10.1490,190.8376,47.6932,-2.3025,-10.9078
2397.000000,10,10.1490,190.2950,47.5215,-1.9316,-10.3716
2397.000000,11,10.1490,190.3899,47.6686,-1.8793,-11.0904
2397.000000,12,10.1490,190.4874,47.7125,-1.9330,-11.3311
2397.000000,13,10.1490,190.5877,47.6753,-2.0704,-11.1043
2397.000000,14,10.1490,190.6909,47.5756,-2.2734,-10.4169
2397.000000,15,10.1490,190.1491,47.6865,-1.6206,-10.7909
2397.000000,16,10.1490,190.2446,47.6489,-1.7538,-11.3373
2397.000000,17,10.1490,190.3427,47.5470,-1.9537,-11.3630
2397.000000,18,10.1490,190.4435,47.6178,-1.9837,-10.6437
2397.000000,19,10.1490,190.5470,47.6977,-2.0074,-9.3708
2397.000000,20,10.1490,190.0051,47.5903,-1.5728,-11.2518
2397.000000,21,10.1490,190.1014,47.6203,-1.6391,-11.3387
2397.000000,22,10.1490,190.2002,47.6869,-1.6713,-10.7932
2397.000000,23,10.1490,190.3016,47.7023,-1.7573,-9.7288
2397.000000,24,10.1490,190.4056,47.3488,-2.2148,-8.5314
2398.000000,0,10.2224,190.5598,47.4618,-2.2561,-8.5683
2398.000000,1,10.2224,190.6540,47.6640,-2.1480,-9.9346
2398.000000,2,10.2224,190.7510,47.6811,-2.2279,-10.9127
2398.000000,3,10.2224,190.8510,47.6288,-2.3802,-11.4068
2398.000000,4,10.2224,190.9541,47.5788,-2.5333,-11.3774
2398.000000,5,10.2224,190.4099,47.7049,-1.8630,-9.3289
2398.000000,6,10.2224,190.5044,47.6236,-2.0389,-10.6646
2398.000000,7,10.2224,190.6017,47.5167,-2.2431,-11.4265
2398.000000,8,10.2224,190.7018,47.6548,-2.2051,-11.3711
2398.000000,9,10.2224,190.8050,47.6936,-2.2694,-10.8992
2398.000000,10,10.2224,190.2623,47.5207,-1.8996,-10.3618
2398.000000,11,10.2224,190.3573,47.6684,-1.8470,-11.0808
2398.000000,12,10.2224,190.4551,47.7125,-1.9006,-11.3214
2398.000000,13,10.2224,190.5556,47.6752,-2.0384,-11.0945
2398.000000,14,10.2224,190.6589,47.5751,-2.2418,-10.4070
2398.000000,15,10.2224,190.1168,47.6870,-1.5878,-10.7828
2398.000000,16,10.2224,190.2125,47.6498,-1.7208,-11.3273
2398.000000,17,10.2224,190.3109,47.5480,-1.9209,-11.3511
2398.000000,18,10.2224,190.4118,47.6170,-1.9529,-10.6314
2398.000000,19,10.2224,190.5155,47.6973,-1.9762,-9.3552
2398.000000,20,10.2224,189.9731,47.5868,-1.5443,-11.2481
2398.000000,21,10.2224,190.0697,47.6169,-1.6109,-11.3313
2398.000000,22,10.2224,190.1688,47.6873,-1.6395,-10.7775
2398.000000,23,10.2224,190.2704,47.7032,-1.7252,-9.7079
2398.000000,24,10.2224,190.3746,47.3425,-2.1901,-8.5133
2399.000000,0,10.2958,190.5262,47.4569,-2.2274,-8.5479
2399.000000,1,10.2958,190.6205,47.6658,-2.1128,-9.9129
2399.000000,2,10.2958,190.7176,47.6818,-2.1939,-10.8967
2399.000000,3,10.2958,190.8178,47.6257,-2.3501,-11.3985
2399.000000,4,10.2958,190.9210,47.5754,-2.5036,-11.3725
2399.000000,5,10.2958,190.3768,47.7048,-1.8300,-9.3122
2399.000000,6,10.2958,190.4715,47.6228,-2.0067,-10.6520
2399.000000,7,10.2958,190.5689,47.5177,-2.2093,-11.4143
2399.000000,8,10.2958,190.6692,47.6556,-2.1717,-11.3607
2399.000000,9,10.2958,190.7725,47.6940,-2.2365,-10.8906
2399.000000,10,10.2958,190.2296,47.5200,-1.8677,-10.3520
2399.000000,11,10.2958,190.3249,47.6682,-1.8147,-11.0711
2399.000000,12,10.2958,190.4229,47.7125,-1.8684,-11.3117
2399.000000,13,10.2958,190.5235,47.6750,-2.0065,-11.0848
2399.000000,14,10.2958,190.6270,47.5746,-2.2104,-10.3971
2399.000000,15,10.2958,190.0845,47.6876,-1.5550,-10.7748
2399.000000,16,10.2958,190.1806,47.6507,-1.6879,-11.3173
2399.000000,17,10.2958,190.2791,47.5490,-1.8881,-11.3391
2399.000000,18,10.2958,190.3803,47.6162,-1.9222,-10.6190
2399.000000,19,10.2958,190.4842,47.6969,-1.9453,-9.3395
2399.000000,20,10.2958,189.9413,47.5833,-1.5161,-11.2446
2399.000000,21,10.2958,190.0382,47.6133,-1.5829,-11.3240
2399.000000,22,10.2958,190.1375,47.6877,-1.6078,-10.7618
2399.000000,23,10.2958,190.2393,47.7040,-1.6933,-9.6869
2399.000000,24,10.2958,190.3438,47.3362,-2.1656,-8.4952
2400.000000,0,10.3693,190.4927,47.4519,-2.1989,-8.5276
2400.000000,1,10.3693,190.5872,47.6675,-2.0778,-9.8911
2400.000000,2,10.3693,190.6845,47.6824,-2.1601,-10.8806
2400.000000,3,10.3693,190.7847,47.6225,-2.3202,-11.3903
2400.000000,4,10.3693,190.8880,47.5720,-2.4741,-11.3677
2400.000000,5,10.3693,190.3438,47.7046,-1.7972,-9.2955
2400.000000,6,10.3693,190.4387,47.6220,-1.9747,-10.6394
2400.000000,7,10.3693,190.5363,47.5187,-2.1757,-11.4021
2400.000000,8,10.3693,190.6368,47.6565,-2.1383,-11.3503
2400.000000,9,10.3693,190.7402,47.6945,-2.2038,-10.8821
2400.000000,10,10.3693,190.1971,47.5192,-1.8359,-10.3423
2400.000000,11,10.3693,190.2926,47.6681,-1.7826,-11.0615
2400.000000,12,10.3693,190.3908,47.7125,-1.8363,-11.3021
2400.000000,13,10.3693,190.4916,47.6749,-1.9747,-11.0751
2400.000000,14,10.3693,190.5953,47.5741,-2.1792,-10.3873
2400.000000,15,10.3693,190.0524,47.6881,-1.5224,-10.7668
2400.000000,16,10.3693,190.1487,47.6517,-1.6551,-11.3073
2400.000000,17,10.3693,190.2475,47.5500,-1.8555,-11.3271
2400.000000,18,10.3693,190.3489,47.6153,-1.8916,-10.6067
2400.000000,19,10.3693,190.4530,47.6965,-1.9145,-9.3240
2400.000000,20,10.3693,189.9096,47.5796,-1.4880,-11.2411
2400.000000,21,10.3693,190.0067,47.6096,-1.5551,-11.3168
2400.000000,22,10.3693,190.1063,47.6880,-1.5763,-10.7460
2400.000000,23,10.3693,190.2084,47.7048,-1.6616,-9.6659
2400.000000,24,10.3693,190.3130,47.3297,-2.1414,-8.4773
2401.000000,0,10.4430,190.4594,47.4468,-2.1706,-8.5073
2401.000000,1,10.4430,190.5540,47.6691,-2.0429,-9.8693
2401.000000,2,10.4430,190.6514,47.6831,-2.1264,-10.8646
2401.000000,3,10.4430,190.7518,47.6192,-2.2906,-11.3821
2401.000000,4,10.4430,190.8552,47.5685,-2.4448,-11.3630
2401.000000,5,10.4430,190.3109,47.7045,-1.7645,-9.2789
2401.000000,6,10.4430,190.4060,47.6212,-1.9428,-10.6268
2401.000000,7,10.4430,190.5039,47.5197,-2.1422,-11.3898
2401.000000,8,10.4430,190.6045,47.6574,-2.1052,-11.3400
2401.000000,9,10.4430,190.7080,47.6949,-2.1712,-10.8736
2401.000000,10,10.4430,190.1647,47.5184,-1.8043,-10.3327
2401.000000,11,10.4430,190.2604,47.6679,-1.7506,-11.0520
2401.000000,12,10.4430,190.3588,47.7125,-1.8044,-11.2924
2401.000000,13,10.4430,190.4598,47.6748,-1.9431,-11.0654
2401.000000,14,10.4430,190.5637,47.5736,-2.1481,-10.3775
2401.000000,15,10.4430,190.0204,47.6887,-1.4898,-10.7588
2401.000000,16,10.4430,190.1170,47.6526,-1.6224,-11.2973
2401.000000,17,10.4430,190.2160,47.5510,-1.8231,-11.3151
2401.000000,18,10.4430,190.3176,47.6145,-1.8611,-10.5945
2401.000000,19,10.4430,190.4219,47.6961,-1.8838,-9.3084
2401.000000,20,10.4430,189.8779,47.5759,-1.4601,-11.2377
2401.000000,21,10.4430,189.9754,47.6059,-1.5276,-11.3096
2401.000000,22,10.4430,190.0752,47.6883,-1.5450,-10.7303
2401.000000,23,10.4430,190.1776,47.7056,-1.6300,-9.6449
2401.000000,24,10.4430,190.2825,47.3231,-2.1174,-8.4594
2402.000000,0,10.5167,190.4261,47.4417,-2.1425,-8.4872
2402.000000,1,10.5167,190.5209,47.6708,-2.0082,-9.8475
2402.000000,2,10.5167,190.6186,47.6837,-2.0929,-10.8485
2402.000000,3,10.5167,190.7191,47.6159,-2.2612,-11.3741
2402.000000,4,10.5167,190.8226,47.5649,-2.4158,-11.3585
2402.000000,5,10.5167,190.2782,47.7043,-1.7319,-9.2623
2402.000000,6,10.5167,190.3735,47.6204,-1.9111,-10.6143
2402.000000,7,10.5167,190.4715,47.5207,-2.1089,-11.3777
2402.000000,8,10.5167,190.5723,47.6582,-2.0721,-11.3296
2402.000000,9,10.5167,190.6760,47.6953,-2.1387,-10.8652
2402.000000,10,10.5167,190.1324,47.5176,-1.7727,-10.3231
2402.000000,11,10.5167,190.2284,47.6677,-1.7187,-11.0424
2402.000000,12,10.5167,190.3270,47.7125,-1.7725,-11.2828
2402.000000,13,10.5167,190.4282,47.6746,-1.9116,-11.0557
2402.000000,14,10.5167,190.5322,47.5731,-2.1171,-10.3678
2402.000000,15,10.5167,189.9885,47.6892,-1.4574,-10.7509
2402.000000,16,10.5167,190.0853,47.6535,-1.5899,-11.2874
2402.000000,17,10.5167,190.1846,47.5520,-1.7907,-11.3032
2402.000000,18,10.5167,190.2865,47.6137,-1.8308,-10.5822
2402.000000,19,10.5167,190.3909,47.6957,-1.8532,-9.2930
2402.000000,20,10.5167,189.8464,47.5721,-1.4323,-11.2345
2402.000000,21,10.5167,189.9441,47.6020,-1.5002,-11.3025
2402.000000,22,10.5167,190.0443,47.6886,-1.5137,-10.7145
2402.000000,23,10.5167,190.1469,47.7063,-1.5986,-9.6240
2402.000000,24,10.5167,190.2520,47.3164,-2.0936,-8.4416
2403.000000,0,10.5905,190.3930,47.4364,-2.1146,-8.4670
2403.000000,1,10.5905,190.4880,47.6725,-1.9736,-9.8256
2403.000000,2,10.5905,190.5858,47.6843,-2.0595,-10.8325
2403.000000,3,10.5905,190.6864,47.6124,-2.2321,-11.3661
2403.000000,4,10.5905,190.7901,47.5612,-2.3869,-11.3540
2403.000000,5,10.5905,190.2455,47.7041,-1.6994,-9.2458
2403.000000,6,10.5905,190.3411,47.6196,-1.8795,-10.6018
2403.000000,7,10.5905,190.4393,47.5217,-2.0757,-11.3655
2403.000000,8,10.5905,190.5403,47.6591,-2.0392,-11.3193
2403.000000,9,10.5905,190.6441,47.6957,-2.1064,-10.8568
2403.000000,10,10.5905,190.1001,47.5169,-1.7413,-10.3136
2403.000000,11,10.5905,190.1964,47.6676,-1.6869,-11.0329
2403.000000,12,10.5905,190.2952,47.7125,-1.7408,-11.2732
2403.000000,13,10.5905,190.3967,47.6745,-1.8802,-11.0461
2403.000000,14,10.5905,190.5008,47.5726,-2.0863,-10.3582
2403.000000,15,10.5905,189.9567,47.6897,-1.4250,-10.7430
2403.000000,16,10.5905,190.0538,47.6544,-1.5574,-11.2775
2403.000000,17,10.5905,190.1533,47.5529,-1.7585,-11.2913
2403.000000,18,10.5905,190.2554,47.6128,-1.8007,-10.5700
2403.000000,19,10.5905,190.3601,47.6953,-1.8228,-9.2775
2403.000000,20,10.5905,189.8150,47.5682,-1.4048,-11.2313
2403.000000,21,10.5905,189.9130,47.5980,-1.4731,-11.2955
2403.000000,22,10.5905,190.0134,47.6888,-1.4826,-10.6987
2403.000000,23,10.5905,190.1163,47.7070,-1.5673,-9.6030
2403.000000,24,10.5905,190.2216,47.3096,-2.0701,-8.4239
2404.000000,0,10.6644,190.3600,47.4310,-2.0870,-8.4470
2404.000000,1,10.6644,190.4552,47.6741,-1.9392,-9.8038
2404.000000,2,10.6644,190.5532,47.6849,-2.0263,-10.8164
2404.000000,3,10.6644,190.6540,47.6088,-2.2032,-11.3582
2404.000000,4,10.6644,190.7577,47.5574,-2.3584,-11.3496
2404.000000,5,10.6644,190.2130,47.7039,-1.6671,-9.2293
2404.000000,6,10.6644,190.3088,47.6188,-1.8480,-10.5893
2404.000000,7,10.6644,190.4072,47.5227,-2.0426,-11.3533
2404.000000,8,10.6644,190.5084,47.6599,-2.0065,-11.3090
2404.000000,9,10.6644,190.6123,47.6962,-2.0742,-10.8485
2404.000000,10,10.6644,190.0680,47.5161,-1.7100,-10.3041
2404.000000,11,10.6644,190.1646,47.6674,-1.6552,-11.0234
2404.000000,12,10.6644,190.2636,47.7125,-1.7092,-11.2637
2404.000000,13,10.6644,190.3653,47.6744,-1.8490,-11.0366
2404.000000,14,10.6644,190.4696,47.5721,-2.0556,-10.3487
2404.000000,15,10.6644,189.9250,47.6903,-1.3928,-10.7351
2404.000000,16,10.6644,190.0224,47.6553,-1.5251,-11.2676
2404.000000,17,10.6644,190.1222,47.5539,-1.7264,-11.2794
2404.000000,18,10.6644,190.2245,47.6119,-1.7706,-10.5578
2404.000000,19,10.6644,190.3294,47.6949,-1.7926,-9.2622
2404.000000,20,10.6644,189.7836,47.5642,-1.3775,-11.2283
2404.000000,21,10.6644,189.8820,47.5939,-1.4462,-11.2886
2404.000000,22,10.6644,189.9827,47.6890,-1.4517,-10.6830
2404.000000,23,10.6644,190.0858,47.7076,-1.5362,-9.5820
2404.000000,24,10.6644,190.1914,47.3026,-2.0468,-8.4063
2405.000000,0,10.7385,190.3271,47.4256,-2.0596,-8.4270
2405.000000,1,10.7385,190.4226,47.6757,-1.9049,-9.7819
2405.000000,2,10.7385,190.5207,47.6855,-1.9933,-10.8003
2405.000000,3,10.7385,190.6217,47.6052,-2.1745,-11.3504
2405.000000,4,10.7385,190.7255,47.5536,-2.3300,-11.3453
2405.000000,5,10.7385,190.1806,47.7037,-1.6349,-9.2128
2405.000000,6,10.7385,190.2766,47.6180,-1.8166,-10.5768
2405.000000,7,10.7385,190.3753,47.5237,-2.0096,-11.3412
2405.000000,8,10.7385,190.4766,47.6608,-1.9738,-11.2988
2405.000000,9,10.7385,190.5807,47.6966,-2.0422,-10.8402
2405.000000,10,10.7385,190.0361,47.5153,-1.6788,-10.2948
2405.000000,11,10.7385,190.1328,47.6672,-1.6237,-11.0140
2405.000000,12,10.7385,190.2321,47.7125,-1.6777,-11.2541
2405.000000,13,10.7385,190.3340,47.6742,-1.8178,-11.0270
2405.000000,14,10.7385,190.4386,47.5716,-2.0250,-10.3392
2405.000000,15,10.7385,189.8934,47.6908,-1.3606,-10.7274
2405.000000,16,10.7385,189.9910,47.6562,-1.4929,-11.2577
2405.000000,17,10.7385,190.0911,47.5548,-1.6944,-11.2675
2405.000000,18,10.7385,190.1937,47.6111,-1.7407,-10.5456
2405.000000,19,10.7385,190.2988,47.6944,-1.7625,-9.2468
2405.000000,20,10.7385,189.7524,47.5601,-1.3503,-11.2253
2405.000000,21,10.7385,189.8510,47.5899,-1.4192,-11.2815
2405.000000,22,10.7385,189.9520,47.6892,-1.4209,-10.6671
2405.000000,23,10.7385,190.0554,47.7082,-1.5053,-9.5610
2405.000000,24,10.7385,190.1613,47.2956,-2.0237,-8.3888
2406.000000,0,10.8125,190.2944,47.4200,-2.0324,-8.4071
2406.000000,1,10.8125,190.3900,47.6773,-1.8707,-9.7600
2406.000000,2,10.8125,190.4884,47.6860,-1.9604,-10.7842
2406.000000,3,10.8125,190.5895,47.6020,-2.1455,-11.3420
2406.000000,4,10.8125,190.6935,47.5496,-2.3019,-11.3411
2406.000000,5,10.8125,190.1483,47.7035,-1.6028,-9.1964
2406.000000,6,10.8125,190.2445,47.6172,-1.7854,-10.5644
2406.000000,7,10.8125,190.3434,47.5246,-1.9768,-11.3290
2406.000000,8,10.8125,190.4449,47.6616,-1.9413,-11.2885
2406.000000,9,10.8125,190.5492,47.6970,-2.0103,-10.8320
2406.000000,10,10.8125,190.0042,47.5144,-1.6478,-10.2854
2406.000000,11,10.8125,190.1012,47.6670,-1.5922,-11.0046
2406.000000,12,10.8125,190.2008,47.7125,-1.6463,-11.2446
2406.000000,13,10.8125,190.3029,47.6741,-1.7868,-11.0175
2406.000000,14,10.8125,190.4076,47.5710,-1.9946,-10.3298
2406.000000,15,10.8125,189.8619,47.6913,-1.3286,-10.7196
2406.000000,16,10.8125,189.9598,47.6571,-1.4607,-11.2478
2406.000000,17,10.8125,190.0602,47.5557,-1.6625,-11.2556
2406.000000,18,10.8125,190.1630,47.6102,-1.7109,-10.5334
2406.000000,19,10.8125,190.2684,47.6939,-1.7325,-9.2316
2406.000000,20,10.8125,189.7212,47.5559,-1.3233,-11.2225
2406.000000,21,10.8125,189.8202,47.5891,-1.3891,-11.2710
2406.000000,22,10.8125,189.9215,47.6893,-1.3902,-10.6513
2406.000000,23,10.8125,190.0252,47.7087,-1.4745,-9.5400
2406.000000,24,10.8125,190.1313,47.2885,-2.0009,-8.3714
2407.000000,0,10.8867,190.2617,47.4144,-2.0054,-8.3873
2407.000000,1,10.8867,190.3576,47.6789,-1.8367,-9.7380
2407.000000,2,10.8867,190.4561,47.6865,-1.9277,-10.7681
2407.000000,3,10.8867,190.5574,47.6014,-2.1141,-11.3310
2407.000000,4,10.8867,190.6616,47.5456,-2.2740,-11.3370
2407.000000,5,10.8867,190.1161,47.7033,-1.5708,-9.1800
2407.000000,6,10.8867,190.2126,47.6163,-1.7543,-10.5520
2407.000000,7,10.8867,190.3117,47.5256,-1.9441,-11.3169
2407.000000,8,10.8867,190.4134,47.6625,-1.9090,-11.2783
2407.000000,9,10.8867,190.5179,47.6974,-1.9785,-10.8238
2407.000000,10,10.8867,189.9724,47.5136,-1.6168,-10.2762
2407.000000,11,10.8867,190.0697,47.6668,-1.5609,-10.9952
2407.000000,12,10.8867,190.1695,47.7125,-1.6151,-11.2351
2407.000000,13,10.8867,190.2718,47.6739,-1.7560,-11.0080
2407.000000,14,10.8867,190.3768,47.5705,-1.9644,-10.3204
2407.000000,15,10.8867,189.8305,47.6919,-1.2966,-10.7119
2407.000000,16,10.8867,189.9287,47.6580,-1.4287,-11.2379
2407.000000,17,10.8867,190.0294,47.5566,-1.6308,-11.2437
2407.000000,18,10.8867,190.1324,47.6093,-1.6812,-10.5213
2407.000000,19,10.8867,190.2380,47.6934,-1.7026,-9.2163
2407.000000,20,10.8867,189.6901,47.5516,-1.2966,-11.2197
2407.000000,21,10.8867,189.7895,47.5883,-1.3592,-11.2605
2407.000000,22,10.8867,189.8911,47.6894,-1.3597,-10.6355
2407.000000,23,10.8867,189.9950,47.7092,-1.4439,-9.5191
2407.000000,24,10.8867,190.1014,47.2841,-1.9753,-8.3508
2408.000000,0,10.9610,190.2292,47.4086,-1.9786,-8.3676
2408.000000,1,10.9610,190.3253,47.6804,-1.8029,-9.7161
2408.000000,2,10.9610,190.4240,47.6870,-1.8951,-10.7520
2408.000000,3,10.9610,190.5255,47.6006,-2.0829,-11.3200
2408.000000,4,10.9610,190.6298,47.5415,-2.2463,-11.3331
2408.000000,5,10.9610,190.0840,47.7031,-1.5389,-9.1636
2408.000000,6,10.9610,190.1808,47.6155,-1.7233,-10.5396
2408.000000,7,10.9610,190.2801,47.5266,-1.9115,-11.3048
2408.000000,8,10.9610,190.3820,47.6633,-1.8767,-11.2682
2408.000000,9,10.9610,190.4867,47.6978,-1.9469,-10.8157
2408.000000,10,10.9610,189.9407,47.5128,-1.5859,-10.2670
2408.000000,11,10.9610,190.0383,47.6667,-1.5297,-10.9858
2408.000000,12,10.9610,190.1384,47.7125,-1.5839,-11.2256
2408.000000,13,10.9610,190.2409,47.6738,-1.7252,-10.9986
2408.000000,14,10.9610,190.3461,47.5699,-1.9342,-10.3112
2408.000000,15,10.9610,189.7991,47.6924,-1.2648,-10.7043
2408.000000,16,10.9610,189.8977,47.6589,-1.3968,-11.2281
2408.000000,17,10.9610,189.9986,47.5575,-1.5992,-11.2319
2408.000000,18,10.9610,190.1020,47.6084,-1.6517,-10.5092
2408.000000,19,10.9610,190.2078,47.6929,-1.6729,-9.2012
2408.000000,20,10.9610,189.6592,47.5472,-1.2700,-11.2171
2408.000000,21,10.9610,189.7588,47.5874,-1.3295,-11.2500
2408.000000,22,10.9610,189.8608,47.6895,-1.3293,-10.6197
2408.000000,23,10.9610,189.9650,47.7096,-1.4134,-9.4981
2408.000000,24,10.9610,190.0716,47.2804,-1.9493,-8.3294
2409.000000,0,11.0354,190.1968,47.4027,-1.9521,-8.3479
2409.000000,1,11.0354,190.2931,47.6820,-1.7692,-9.6941
2409.000000,2,11.0354,190.3921,47.6874,-1.8627,-10.7359
2409.000000,3,11.0354,190.4937,47.5999,-2.0519,-11.3090
2409.000000,4,11.0354,190.5982,47.5373,-2.2189,-11.3292
2409.000000,5,11.0354,190.0520,47.7029,-1.5072,-9.1473
2409.000000,6,11.0354,190.1490,47.6146,-1.6925,-10.5272
2409.000000,7,11.0354,190.2486,47.5275,-1.8791,-11.2927
2409.000000,8,11.0354,190.3508,47.6642,-1.8446,-11.2580
2409.000000,9,11.0354,190.4556,47.6983,-1.9154,-10.8077
2409.000000,10,11.0354,189.9091,47.5119,-1.5552,-10.2579
2409.000000,11,11.0354,190.0070,47.6665,-1.4986,-10.9765
2409.000000,12,11.0354,190.1073,47.7125,-1.5529,-11.2162
2409.000000,13,11.0354,190.2101,47.6736,-1.6946,-10.9892
2409.000000,14,11.0354,190.3155,47.5693,-1.9042,-10.3020
2409.000000,15,11.0354,189.7679,47.6929,-1.2330,-10.6967
2409.000000,16,11.0354,189.8668,47.6598,-1.3650,-11.2183
2409.000000,17,11.0354,189.9680,47.5584,-1.5677,-11.2200
2409.000000,18,11.0354,190.0716,47.6074,-1.6222,-10.4971
2409.000000,19,11.0354,190.1777,47.6924,-1.6433,-9.1861
2409.000000,20,11.0354,189.6283,47.5427,-1.2436,-11.2146
2409.000000,21,11.0354,189.7283,47.5865,-1.2999,-11.2395
2409.000000,22,11.0354,189.8305,47.6895,-1.2991,-10.6038
2409.000000,23,11.0354,189.9351,47.7100,-1.3831,-9.4771
2409.000000,24,11.0354,190.0420,47.2766,-1.9234,-8.3081
2410.000000,0,11.1098,190.1645,47.3967,-1.9258,-8.3283
2410.000000,1,11.1098,190.2611,47.6835,-1.7356,-9.6721
2410.000000,2,11.1098,190.3602,47.6879,-1.8304,-10.7197
2410.000000,3,11.1098,190.4621,47.5991,-2.0210,-11.2980
2410.000000,4,11.1098,190.5667,47.5331,-2.1916,-11.3254
2410.000000,5,11.1098,190.0201,47.7026,-1.4755,-9.1310
2410.000000,6,11.1098,190.1174,47.6137,-1.6618,-10.5148
2410.000000,7,11.1098,190.2172,47.5285,-1.8468,-11.2807
2410.000000,8,11.1098,190.3196,47.6650,-1.8127,-11.2479
2410.000000,9,11.1098,190.4247,47.6987,-1.8840,-10.7997
2410.000000,10,11.1098,189.8776,47.5111,-1.5246,-10.2489
2410.000000,11,11.1098,189.9758,47.6663,-1.4676,-10.9672
2410.000000,12,11.1098,190.0764,47.7125,-1.5220,-11.2067
2410.000000,13,11.1098,190.1795,47.6735,-1.6641,-10.9798
2410.000000,14,11.1098,190.2851,47.5688,-1.8744,-10.2929
2410.000000,15,11.1098,189.7368,47.6934,-1.2014,-10.6891
2410.000000,16,11.1098,189.8360,47.6607,-1.3333,-11.2085
2410.000000,17,11.1098,189.9375,47.5593,-1.5363,-11.2082
2410.000000,18,11.1098,190.0414,47.6065,-1.5929,-10.4850
2410.000000,19,11.1098,190.1477,47.6919,-1.6139,-9.1710
2410.000000,20,11.1098,189.5975,47.5381,-1.2174,-11.2121
2410.000000,21,11.1098,189.6978,47.5855,-1.2704,-11.2290
2410.000000,22,11.1098,189.8004,47.6894,-1.2690,-10.5879
2410.000000,23,11.1098,189.9052,47.7103,-1.3530,-9.4561
2410.000000,24,11.1098,190.0124,47.2727,-1.8978,-8.2868
2411.000000,0,11.1843,190.1323,47.3907,-1.8997,-8.3088
2411.000000,1,11.1843,190.2291,47.6849,-1.7022,-9.6501
2411.000000,2,11.1843,190.3285,47.6883,-1.7983,-10.7036
2411.000000,3,11.1843,190.4305,47.5983,-1.9903,-11.2870
2411.000000,4,11.1843,190.5353,47.5333,-2.1601,-11.3169
2411.000000,5,11.1843,189.9883,47.7023,-1.4440,-9.1148
2411.000000,6,11.1843,190.0859,47.6128,-1.6311,-10.5025
2411.000000,7,11.1843,190.1860,47.5294,-1.8146,-11.2686
2411.000000,8,11.1843,190.2886,47.6658,-1.7808,-11.2377
2411.000000,9,11.1843,190.3938,47.6991,-1.8528,-10.7917
2411.000000,10,11.1843,189.8462,47.5102,-1.4940,-10.2399
2411.000000,11,11.1843,189.9447,47.6661,-1.4367,-10.9580
2411.000000,12,11.1843,190.0456,47.7125,-1.4912,-11.1973
2411.000000,13,11.1843,190.1489,47.6733,-1.6337,-10.9705
2411.000000,14,11.1843,190.2548,47.5682,-1.8446,-10.2838
2411.000000,15,11.1843,189.7058,47.6940,-1.1698,-10.6817
2411.000000,16,11.1843,189.8053,47.6616,-1.3017,-11.1987
2411.000000,17,11.1843,189.9071,47.5601,-1.5050,-11.1965
2411.000000,18,11.1843,190.0113,47.6056,-1.5638,-10.4730
2411.000000,19,11.1843,190.1179,47.6913,-1.5846,-9.1560
2411.000000,20,11.1843,189.5668,47.5334,-1.1915,-11.2098
2411.000000,21,11.1843,189.6675,47.5845,-1.2410,-11.2185
2411.000000,22,11.1843,189.7704,47.6894,-1.2391,-10.5721
2411.000000,23,11.1843,189.8755,47.7106,-1.3230,-9.4352
2411.000000,24,11.1843,189.9830,47.2688,-1.8722,-8.2654
2412.000000,0,11.2590,190.1002,47.3844,-1.8738,-8.2894
2412.000000,1,11.2590,190.1973,47.6863,-1.6690,-9.6281
2412.000000,2,11.2590,190.2969,47.6886,-1.7663,-10.6874
2412.000000,3,11.2590,190.3991,47.5975,-1.9597,-11.2760
2412.000000,4,11.2590,190.5041,47.5365,-2.1257,-11.3051
2412.000000,5,11.2590,189.9567,47.7021,-1.4126,-9.0986
2412.000000,6,11.2590,190.0545,47.6119,-1.6006,-10.4902
2412.000000,7,11.2590,190.1549,47.5303,-1.7826,-11.2566
2412.000000,8,11.2590,190.2577,47.6667,-1.7491,-11.2277
2412.000000,9,11.2590,190.3632,47.6995,-1.8217,-10.7838
2412.000000,10,11.2590,189.8149,47.5093,-1.4636,-10.2310
2412.000000,11,11.2590,189.9137,47.6659,-1.4059,-10.9487
2412.000000,12,11.2590,190.0149,47.7125,-1.4605,-11.1879
2412.000000,13,11.2590,190.1185,47.6731,-1.6034,-10.9612
2412.000000,14,11.2590,190.2246,47.5676,-1.8150,-10.2748
2412.000000,15,11.2590,189.6748,47.6945,-1.1384,-10.6742
2412.000000,16,11.2590,189.7747,47.6625,-1.2703,-11.1890
2412.000000,17,11.2590,189.8768,47.5609,-1.4739,-11.1847
2412.000000,18,11.2590,189.9813,47.6046,-1.5347,-10.4609
2412.000000,19,11.2590,190.0881,47.6908,-1.5554,-9.1411
2412.000000,20,11.2590,189.5362,47.5286,-1.1657,-11.2077
2412.000000,21,11.2590,189.6372,47.5835,-1.2118,-11.2080
2412.000000,22,11.2590,189.7405,47.6892,-1.2093,-10.5562
2412.000000,23,11.2590,189.8459,47.7107,-1.2932,-9.4142
2412.000000,24,11.2590,189.9537,47.2649,-1.8468,-8.2442
2413.000000,0,11.3336,190.0682,47.3781,-1.8481,-8.2700
2413.000000,1,11.3336,190.1656,47.6877,-1.6358,-9.6060
2413.000000,2,11.3336,190.2654,47.6890,-1.7345,-10.6713
2413.000000,3,11.3336,190.3679,47.5966,-1.9293,-11.2651
2413.000000,4,11.3336,190.4730,47.5396,-2.0914,-11.2934
2413.000000,5,11.3336,189.9251,47.7018,-1.3814,-9.0825
2413.000000,6,11.3336,190.0233,47.6110,-1.5703,-10.4779
2413.000000,7,11.3336,190.1238,47.5312,-1.7507,-11.2446
2413.000000,8,11.3336,190.2269,47.6675,-1.7175,-11.2176
2413.000000,9,11.3336,190.3326,47.6999,-1.7908,-10.7760
2413.000000,10,11.3336,189.7837,47.5085,-1.4333,-10.2222
2413.000000,11,11.3336,189.8829,47.6657,-1.3752,-10.9396
2413.000000,12,11.3336,189.9843,47.7125,-1.4299,-11.1786
2413.000000,13,11.3336,190.0882,47.6730,-1.5732,-10.9519
2413.000000,14,11.3336,190.1945,47.5670,-1.7855,-10.2659
2413.000000,15,11.3336,189.6440,47.6950,-1.1070,-10.6668
2413.000000,16,11.3336,189.7442,47.6633,-1.2389,-11.1793
2413.000000,17,11.3336,189.8466,47.5618,-1.4429,-11.1730
2413.000000,18,11.3336,189.9514,47.6037,-1.5058,-10.4489
2413.000000,19,11.3336,190.0585,47.6902,-1.5264,-9.1262
2413.000000,20,11.3336,189.5057,47.5236,-1.1401,-11.2056
2413.000000,21,11.3336,189.6071,47.5824,-1.1827,-11.1974
2413.000000,22,11.3336,189.7107,47.6891,-1.1796,-10.5403
2413.000000,23,11.3336,189.8164,47.7109,-1.2636,-9.3933
2413.000000,24,11.3336,189.9245,47.2609,-1.8216,-8.2229
2414.000000,0,11.4084,190.0364,47.3717,-1.8227,-8.2508
2414.000000,1,11.4084,190.1340,47.6891,-1.6029,-9.5839
2414.000000,2,11.4084,190.2341,47.6893,-1.7028,-10.6551
2414.000000,3,11.4084,190.3367,47.5958,-1.8990,-11.2541
2414.000000,4,11.4084,190.4421,47.5428,-2.0573,-11.2817
2414.000000,5,11.4084,189.8936,47.7015,-1.3502,-9.0664
2414.000000,6,11.4084,189.9921,47.6101,-1.5400,-10.4657
2414.000000,7,11.4084,190.0929,47.5321,-1.7189,-11.2326
2414.000000,8,11.4084,190.1963,47.6683,-1.6860,-11.2076
2414.000000,9,11.4084,190.3021,47.7003,-1.7599,-10.7682
2414.000000,10,11.4084,189.7526,47.5076,-1.4031,-10.2134
2414.000000,11,11.4084,189.8521,47.6655,-1.3446,-10.9304
2414.000000,12,11.4084,189.9538,47.7125,-1.3994,-11.1692
2414.000000,13,11.4084,190.0579,47.6728,-1.5432,-10.9427
2414.000000,14,11.4084,190.1645,47.5664,-1.7562,-10.2571
2414.000000,15,11.4084,189.6132,47.6955,-1.0757,-10.6595
2414.000000,16,11.4084,189.7138,47.6642,-1.2076,-11.1696
2414.000000,17,11.4084,189.8165,47.5625,-1.4120,-11.1612
2414.000000,18,11.4084,189.9216,47.6027,-1.4770,-10.4370
2414.000000,19,11.4084,190.0290,47.6896,-1.4974,-9.1114
2414.000000,20,11.4084,189.4753,47.5186,-1.1147,-11.2036
2414.000000,21,11.4084,189.5770,47.5814,-1.1537,-11.1869
2414.000000,22,11.4084,189.6809,47.6889,-1.1501,-10.5244
2414.000000,23,11.4084,189.7870,47.7109,-1.2341,-9.3724
2414.000000,24,11.4084,189.8954,47.2569,-1.7965,-8.2016
2415.000000,0,11.4833,190.0046,47.3651,-1.7975,-8.2316
2415.000000,1,11.4833,190.1025,47.6905,-1.5700,-9.5619
2415.000000,2,11.4833,190.2028,47.6896,-1.6713,-10.6389
2415.000000,3,11.4833,190.3057,47.5948,-1.8689,-11.2432
2415.000000,4,11.4833,190.4113,47.5459,-2.0234,-11.2701
2415.000000,5,11.4833,189.8622,47.7012,-1.3191,-9.0503
2415.000000,6,11.4833,189.9610,47.6092,-1.5099,-10.4534
2415.000000,7,11.4833,190.0621,47.5330,-1.6872,-11.2207
2415.000000,8,11.4833,190.1657,47.6691,-1.6547,-11.1976
2415.000000,9,11.4833,190.2718,47.7006,-1.7292,-10.7605
2415.000000,10,11.4833,189.7216,47.5066,-1.3730,-10.2048
2415.000000,11,11.4833,189.8214,47.6653,-1.3141,-10.9213
2415.000000,12,11.4833,189.9234,47.7125,-1.3690,-11.1599
2415.000000,13,11.4833,190.0278,47.6726,-1.5132,-10.9335
2415.000000,14,11.4833,190.1347,47.5657,-1.7270,-10.2483
2415.000000,15,11.4833,189.5826,47.6960,-1.0446,-10.6522
2415.000000,16,11.4833,189.6835,47.6650,-1.1765,-11.1599
2415.000000,17,11.4833,189.7866,47.5633,-1.3813,-11.1496
2415.000000,18,11.4833,189.8919,47.6017,-1.4483,-10.4250
2415.000000,19,11.4833,189.9996,47.6890,-1.4686,-9.0966
2415.000000,20,11.4833,189.4449,47.5135,-1.0895,-11.2017
2415.000000,21,11.4833,189.5471,47.5802,-1.1249,-11.1764
2415.000000,22,11.4833,189.6513,47.6886,-1.1207,-10.5085
2415.000000,23,11.4833,189.7577,47.7109,-1.2048,-9.3515
2415.000000,24,11.4833,189.8664,47.2528,-1.7716,-8.1804
2416.000000,0,11.5582,189.9729,47.3585,-1.7725,-8.2125
2416.000000,1,11.5582,190.0711,47.6917,-1.5374,-9.5398
2416.000000,2,11.5582,190.1717,47.6898,-1.6399,-10.6228
2416.000000,3,11.5582,190.2748,47.5939,-1.8390,-11.2323
2416.000000,4,11.5582,190.3806,47.5489,-1.9897,-11.2585
2416.000000,5,11.5582,189.8310,47.7008,-1.2882,-9.0343
2416.000000,6,11.5582,189.9300,47.6082,-1.4798,-10.4412
2416.000000,7,11.5582,190.0314,47.5339,-1.6556,-11.2087
2416.000000,8,11.5582,190.1353,47.6699,-1.6235,-11.1876
2416.000000,9,11.5582,190.2416,47.7010,-1.6986,-10.7528
2416.000000,10,11.5582,189.6907,47.5057,-1.3430,-10.1962
2416.000000,11,11.5582,189.7908,47.6651,-1.2838,-10.9122
2416.000000,12,11.5582,189.8932,47.7125,-1.3387,-11.1506
2416.000000,13,11.5582,189.9978,47.6725,-1.4834,-10.9243
2416.000000,14,11.5582,190.1049,47.5651,-1.6979,-10.2397
2416.000000,15,11.5582,189.5520,47.6966,-1.0135,-10.6449
2416.000000,16,11.5582,189.6532,47.6659,-1.1454,-11.1502
2416.000000,17,11.5582,189.7567,47.5641,-1.3506,-11.1379
2416.000000,18,11.5582,189.8623,47.6007,-1.4197,-10.4131
2416.000000,19,11.5582,189.9703,47.6883,-1.4400,-9.0819
2416.000000,20,11.5582,189.4147,47.5170,-1.0557,-11.1906
2416.000000,21,11.5582,189.5172,47.5790,-1.0962,-11.1659
2416.000000,22,11.5582,189.6218,47.6883,-1.0915,-10.4926
2416.000000,23,11.5582,189.7286,47.7109,-1.1757,-9.3306
2416.000000,24,11.5582,189.8375,47.2487,-1.7469,-8.1591
2417.000000,0,11.6332,189.9414,47.3517,-1.7477,-8.1935
2417.000000,1,11.6332,190.0398,47.6930,-1.5048,-9.5177
2417.000000,2,11.6332,190.1407,47.6900,-1.6087,-10.6066
2417.000000,3,11.6332,190.2440,47.5929,-1.8092,-11.2213
2417.000000,4,11.6332,190.3500,47.5520,-1.9561,-11.2469
2417.000000,5,11.6332,189.7998,47.7005,-1.2573,-9.0183
2417.000000,6,11.6332,189.8992,47.6073,-1.4499,-10.4290
2417.000000,7,11.6332,190.0009,47.5347,-1.6242,-11.1968
2417.000000,8,11.6332,190.1050,47.6706,-1.5924,-11.1777
2417.000000,9,11.6332,190.2116,47.7014,-1.6682,-10.7452
2417.000000,10,11.6332,189.6599,47.5048,-1.3131,-10.1876
2417.000000,11,11.6332,189.7603,47.6649,-1.2535,-10.9032
2417.000000,12,11.6332,189.8630,47.7125,-1.3086,-11.1413
2417.000000,13,11.6332,189.9680,47.6723,-1.4537,-10.9152
2417.000000,14,11.6332,190.0753,47.5645,-1.6689,-10.2311
2417.000000,15,11.6332,189.5215,47.6971,-0.9825,-10.6377
2417.000000,16,11.6332,189.6231,47.6667,-1.1144,-11.1406
2417.000000,17,11.6332,189.7269,47.5648,-1.3201,-11.1263
2417.000000,18,11.6332,189.8328,47.5997,-1.3912,-10.4012
2417.000000,19,11.6332,189.9411,47.6877,-1.4115,-9.0672
2417.000000,20,11.6332,189.3845,47.5205,-1.0221,-11.1795
2417.000000,21,11.6332,189.4874,47.5778,-1.0676,-11.1554
2417.000000,22,11.6332,189.5924,47.6880,-1.0625,-10.4767
2417.000000,23,11.6332,189.6995,47.7107,-1.1468,-9.3097
2417.000000,24,11.6332,189.8087,47.2445,-1.7223,-8.1379
2418.000000,0,11.7082,189.9099,47.3447,-1.7232,-8.1746
2418.000000,1,11.7082,190.0086,47.6942,-1.4724,-9.4956
2418.000000,2,11.7082,190.1098,47.6902,-1.5776,-10.5904
2418.000000,3,11.7082,190.2134,47.5919,-1.7795,-11.2104
2418.000000,4,11.7082,190.3195,47.5549,-1.9226,-11.2354
2418.000000,5,11.7082,189.7687,47.7001,-1.2266,-9.0024
2418.000000,6,11.7082,189.8684,47.6063,-1.4201,-10.4169
2418.000000,7,11.7082,189.9704,47.5355,-1.5929,-11.1849
2418.000000,8,11.7082,190.0748,47.6714,-1.5614,-11.1677
2418.000000,9,11.7082,190.1816,47.7018,-1.6379,-10.7376
2418.000000,10,11.7082,189.6292,47.5039,-1.2834,-10.1792
2418.000000,11,11.7082,189.7299,47.6647,-1.2233,-10.8942
2418.000000,12,11.7082,189.8329,47.7125,-1.2785,-11.1320
2418.000000,13,11.7082,189.9382,47.6721,-1.4241,-10.9061
2418.000000,14,11.7082,190.0458,47.5638,-1.6400,-10.2225
2418.000000,15,11.7082,189.4911,47.6976,-0.9516,-10.6306
2418.000000,16,11.7082,189.5931,47.6675,-1.0836,-11.1310
2418.000000,17,11.7082,189.6972,47.5655,-1.2897,-11.1147
2418.000000,18,11.7082,189.8035,47.5987,-1.3629,-10.3893
2418.000000,19,11.7082,189.9120,47.6870,-1.3831,-9.0527
2418.000000,20,11.7082,189.3545,47.5239,-0.9886,-11.1684
2418.000000,21,11.7082,189.4577,47.5766,-1.0392,-11.1449
2418.000000,22,11.7082,189.5630,47.6875,-1.0335,-10.4608
2418.000000,23,11.7082,189.6705,47.7105,-1.1180,-9.2889
2418.000000,24,11.7082,189.7801,47.2403,-1.6978,-8.1167
2419.000000,0,11.7834,189.8785,47.3377,-1.6989,-8.1558
2419.000000,1,11.7834,189.9776,47.6954,-1.4402,-9.4734
2419.000000,2,11.7834,190.0790,47.6903,-1.5467,-10.5742
2419.000000,3,11.7834,190.1828,47.5908,-1.7500,-11.1995
2419.000000,4,11.7834,190.2892,47.5579,-1.8894,-11.2239
2419.000000,5,11.7834,189.7377,47.6998,-1.1960,-8.9865
2419.000000,6,11.7834,189.8377,47.6053,-1.3905,-10.4047
2419.000000,7,11.7834,189.9400,47.5363,-1.5617,-11.1731
2419.000000,8,11.7834,190.0447,47.6722,-1.5306,-11.1579
2419.000000,9,11.7834,190.1518,47.7021,-1.6077,-10.7301
2419.000000,10,11.7834,189.5986,47.5029,-1.2537,-10.1708
2419.000000,11,11.7834,189.6996,47.6645,-1.1932,-10.8852
2419.000000,12,11.7834,189.8030,47.7125,-1.2485,-11.1228
2419.000000,13,11.7834,189.9085,47.6719,-1.3946,-10.8971
2419.000000,14,11.7834,190.0164,47.5632,-1.6113,-10.2141
2419.000000,15,11.7834,189.4608,47.6981,-0.9208,-10.6235
2419.000000,16,11.7834,189.5632,47.6683,-1.0529,-11.1214
2419.000000,17,11.7834,189.6676,47.5662,-1.2595,-11.1031
2419.000000,18,11.7834,189.7742,47.5976,-1.3346,-10.3775
2419.000000,19,11.7834,189.8831,47.6863,-1.3548,-9.0381
2419.000000,20,11.7834,189.3245,47.5272,-0.9553,-11.1574
2419.000000,21,11.7834,189.4281,47.5753,-1.0109,-11.1344
2419.000000,22,11.7834,189.5338,47.6871,-1.0048,-10.4449
2419.000000,23,11.7834,189.6416,47.7102,-1.0894,-9.2681
2419.000000,24,11.7834,189.7515,47.2360,-1.6735,-8.0955
2420.000000,0,11.8586,189.8473,47.3305,-1.6748,-8.1371
2420.000000,1,11.8586,189.9466,47.6965,-1.4081,-9.4513
2420.000000,2,11.8586,190.0483,47.6904,-1.5159,-10.5580
2420.000000,3,11.8586,190.1524,47.5897,-1.7207,-11.1887
2420.000000,4,11.8586,190.2590,47.5608,-1.8563,-11.2125
2420.000000,5,11.8586,189.7068,47.6994,-1.1655,-8.9707
2420.000000,6,11.8586,189.8072,47.6043,-1.3609,-10.3926
2420.000000,7,11.8586,189.9098,47.5371,-1.5307,-11.1613
2420.000000,8,11.8586,190.0147,47.6729,-1.4998,-11.1480
2420.000000,9,11.8586,190.1220,47.7025,-1.5776,-10.7226
2420.000000,10,11.8586,189.5680,47.5019,-1.2241,-10.1625
2420.000000,11,11.8586,189.6695,47.6642,-1.1633,-10.8762
2420.000000,12,11.8586,189.7731,47.7125,-1.2187,-11.1136
2420.000000,13,11.8586,189.8790,47.6718,-1.3653,-10.8881
2420.000000,14,11.8586,189.9872,47.5625,-1.5827,-10.2057
2420.000000,15,11.8586,189.4306,47.6986,-0.8901,-10.6164
2420.000000,16,11.8586,189.5333,47.6691,-1.0222,-11.1119
2420.000000,17,11.8586,189.6381,47.5668,-1.2293,-11.0916
2420.000000,18,11.8586,189.7451,47.5966,-1.3065,-10.3656
2420.000000,19,11.8586,189.8542,47.6856,-1.3266,-9.0237
2420.000000,20,11.8586,189.2946,47.5305,-0.9221,-11.1464
2420.000000,21,11.8586,189.3986,47.5739,-0.9827,-11.1240
2420.000000,22,11.8586,189.5047,47.6865,-0.9762,-10.4290
2420.000000,23,11.8586,189.6128,47.7098,-1.0610,-9.2473
2420.000000,24,11.8586,189.7231,47.2317,-1.6494,-8.0744
2421.000000,0,11.9338,189.8161,47.3232,-1.6509,-8.1185
2421.000000,1,11.9338,189.9157,47.6976,-1.3762,-9.4292
2421.000000,2,11.9338,190.0177,47.6905,-1.4853,-10.5418
2421.000000,3,11.9338,190.1221,47.5886,-1.6915,-11.1778
2421.000000,4,11.9338,190.2290,47.5636,-1.8233,-11.2012
2421.000000,5,11.9338,189.6761,47.6990,-1.1351,-8.9549
2421.000000,6,11.9338,189.7767,47.6033,-1.3314,-10.3806
2421.000000,7,11.9338,189.8796,47.5379,-1.4998,-11.1495
2421.000000,8,11.9338,189.9848,47.6736,-1.4692,-11.1382
2421.000000,9,11.9338,190.0924,47.7028,-1.5476,-10.7152
2421.000000,10,11.9338,189.5376,47.5010,-1.1947,-10.1542
2421.000000,11,11.9338,189.6394,47.6640,-1.1334,-10.8673
2421.000000,12,11.9338,189.7433,47.7125,-1.1889,-11.1044
2421.000000,13,11.9338,189.8495,47.6716,-1.3360,-10.8791
2421.000000,14,11.9338,189.9580,47.5618,-1.5542,-10.1974
2421.000000,15,11.9338,189.4005,47.6990,-0.8595,-10.6094
2421.000000,16,11.9338,189.5036,47.6699,-0.9917,-11.1023
2421.000000,17,11.9338,189.6087,47.5674,-1.1993,-11.0801
2421.000000,18,11.9338,189.7160,47.5955,-1.2785,-10.3538
2421.000000,19,11.9338,189.8255,47.6849,-1.2986,-9.0093
2421.000000,20,11.9338,189.2648,47.5338,-0.8890,-11.1354
2421.000000,21,11.9338,189.3692,47.5725,-0.9547,-11.1135
2421.000000,22,11.9338,189.4756,47.6860,-0.9477,-10.4131
2421.000000,23,11.9338,189.5841,47.7094,-1.0328,-9.2265
2421.000000,24,11.9338,189.6947,47.2273,-1.6254,-8.0532
2422.000000,0,12.0091,189.7850,47.3158,-1.6273,-8.1000
2422.000000,1,12.0091,189.8850,47.6987,-1.3444,-9.4070
2422.000000,2,12.0091,189.9872,47.6905,-1.4548,-10.5256
2422.000000,3,12.0091,190.0919,47.5874,-1.6625,-11.1669
2422.000000,4,12.0091,190.1990,47.5665,-1.7906,-11.1899
2422.000000,5,12.0091,189.6454,47.6986,-1.1048,-8.9392
2422.000000,6,12.0091,189.7463,47.6023,-1.3021,-10.3685
2422.000000,7,12.0091,189.8496,47.5386,-1.4690,-11.1377
2422.000000,8,12.0091,189.9551,47.6744,-1.4388,-11.1284
2422.000000,9,12.0091,190.0629,47.7032,-1.5178,-10.7079
2422.000000,10,12.0091,189.5072,47.5000,-1.1653,-10.1461
2422.000000,11,12.0091,189.6094,47.6638,-1.1036,-10.8585
2422.000000,12,12.0091,189.7137,47.7125,-1.1592,-11.0953
2422.000000,13,12.0091,189.8202,47.6714,-1.3068,-10.8702
2422.000000,14,12.0091,189.9289,47.5611,-1.5259,-10.1892
2422.000000,15,12.0091,189.3705,47.6995,-0.8290,-10.6025
2422.000000,16,12.0091,189.4739,47.6707,-0.9613,-11.0929
2422.000000,17,12.0091,189.5794,47.5680,-1.1694,-11.0686
2422.000000,18,12.0091,189.6871,47.5944,-1.2506,-10.3421
2422.000000,19,12.0091,189.7968,47.6841,-1.2707,-8.9949
2422.000000,20,12.0091,189.2350,47.5370,-0.8561,-11.1245
2422.000000,21,12.0091,189.3399,47.5711,-0.9268,-11.1030
2422.000000,22,12.0091,189.4467,47.6853,-0.9194,-10.3972
2422.000000,23,12.0091,189.5556,47.7088,-1.0048,-9.2058
2422.000000,24,12.0091,189.6665,47.2229,-1.6016,-8.0321
2423.000000,0,12.0845,189.7541,47.3082,-1.6039,-8.0816
2423.000000,1,12.0845,189.8543,47.6996,-1.3127,-9.3849
2423.000000,2,12.0845,189.9569,47.6905,-1.4245,-10.5095
2423.000000,3,12.0845,190.0618,47.5862,-1.6336,-11.1561
2423.000000,4,12.0845,190.1692,47.5692,-1.7580,-11.1786
2423.000000,5,12.0845,189.6147,47.6981,-1.0746,-8.9235
2423.000000,6,12.0845,189.7161,47.6013,-1.2728,-10.3565
2423.000000,7,12.0845,189.8196,47.5393,-1.4383,-11.1260
2423.000000,8,12.0845,189.9254,47.6751,-1.4084,-11.1187
2423.000000,9,12.0845,190.0336,47.7035,-1.4881,-10.7006
2423.000000,10,12.0845,189.4769,47.4990,-1.1360,-10.1380
2423.000000,11,12.0845,189.5795,47.6636,-1.0739,-10.8497
2423.000000,12,12.0845,189.6841,47.7125,-1.1297,-11.0862
2423.000000,13,12.0845,189.7909,47.6712,-1.2778,-10.8613
2423.000000,14,12.0845,189.9000,47.5604,-1.4977,-10.1810
2423.000000,15,12.0845,189.3405,47.7000,-0.7986,-10.5956
2423.000000,16,12.0845,189.4444,47.6714,-0.9309,-11.0834
2423.000000,17,12.0845,189.5502,47.5686,-1.1397,-11.0572
2423.000000,18,12.0845,189.6582,47.5934,-1.2229,-10.3303
2423.000000,19,12.0845,189.7683,47.6834,-1.2430,-8.9806
2423.000000,20,12.0845,189.2054,47.5401,-0.8233,-11.1137
2423.000000,21,12.0845,189.3107,47.5696,-0.8991,-11.0925
2423.000000,22,12.0845,189.4179,47.6846,-0.8913,-10.3814
2423.000000,23,12.0845,189.5271,47.7082,-0.9769,-9.1850
2423.000000,24,12.0845,189.6384,47.2184,-1.5780,-8.0110
2424.000000,0,12.1600,189.7232,47.3005,-1.5807,-8.0633
2424.000000,1,12.1600,189.8238,47.7006,-1.2812,-9.3627
2424.000000,2,12.1600,189.9266,47.6904,-1.3943,-10.4933
2424.000000,3,12.1600,190.0318,47.5850,-1.6049,-11.1453
2424.000000,4,12.1600,190.1394,47.5719,-1.7256,-11.1674
2424.000000,5,12.1600,189.5842,47.6977,-1.0446,-8.9078
2424.000000,6,12.1600,189.6859,47.6002,-1.2437,-10.3445
2424.000000,7,12.1600,189.7898,47.5400,-1.4078,-11.1143
2424.000000,8,12.1600,189.8959,47.6758,-1.3782,-11.1089
2424.000000,9,12.1600,190.0043,47.7039,-1.4585,-10.6933
2424.000000,10,12.1600,189.4468,47.4979,-1.1069,-10.1300
2424.000000,11,12.1600,189.5496,47.6633,-1.0443,-10.8409
2424.000000,12,12.1600,189.6546,47.7125,-1.1002,-11.0771
2424.000000,13,12.1600,189.7618,47.6710,-1.2488,-10.8524
2424.000000,14,12.1600,189.8712,47.5597,-1.4695,-10.1729
2424.000000,15,12.1600,189.3107,47.7005,-0.7682,-10.5888
2424.000000,16,12.1600,189.4149,47.6722,-0.9007,-11.0740
2424.000000,17,12.1600,189.5211,47.5691,-1.1101,-11.0458
2424.000000,18,12.1600,189.6295,47.5923,-1.1952,-10.3186
2424.000000,19,12.1600,189.7399,47.6826,-1.2153,-8.9664
2424.000000,20,12.1600,189.1759,47.5432,-0.7907,-11.1029
2424.000000,21,12.1600,189.2815,47.5681,-0.8715,-11.0820
2424.000000,22,12.1600,189.3891,47.6839,-0.8633,-10.3655
2424.000000,23,12.1600,189.4987,47.7075,-0.9492,-9.1644
2424.000000,24,12.1600,189.6103,47.2139,-1.5545,-7.9899
2425.000000,0,12.2355,189.6924,47.2927,-1.5578,-8.0451
2425.000000,1,12.2355,189.7933,47.7015,-1.2499,-9.3406
2425.000000,2,12.2355,189.8965,47.6902,-1.3643,-10.4771
2425.000000,3,12.2355,190.0020,47.5837,-1.5763,-11.1344
2425.000000,4,12.2355,190.1098,47.5745,-1.6933,-11.1563
2425.000000,5,12.2355,189.5538,47.6972,-1.0146,-8.8922
2425.000000,6,12.2355,189.6558,47.5992,-1.2147,-10.3325
2425.000000,7,12.2355,189.7600,47.5407,-1.3774,-11.1027
2425.000000,8,12.2355,189.8664,47.6764,-1.3480,-11.0993
2425.000000,9,12.2355,189.9752,47.7042,-1.4290,-10.6862
2425.000000,10,12.2355,189.4167,47.4969,-1.0778,-10.1221
2425.000000,11,12.2355,189.5199,47.6631,-1.0149,-10.8322
2425.000000,12,12.2355,189.6253,47.7125,-1.0709,-11.0680
2425.000000,13,12.2355,189.7328,47.6708,-1.2200,-10.8436
2425.000000,14,12.2355,189.8425,47.5589,-1.4416,-10.1650
2425.000000,15,12.2355,189.2809,47.7009,-0.7380,-10.5821
2425.000000,16,12.2355,189.3855,47.6729,-0.8706,-11.0646
2425.000000,17,12.2355,189.4921,47.5696,-1.0806,-11.0344
2425.000000,18,12.2355,189.6008,47.5911,-1.1677,-10.3069
2425.000000,19,12.2355,189.7116,47.6818,-1.1878,-8.9523
2425.000000,20,12.2355,189.1464,47.5462,-0.7582,-11.0921
2425.000000,21,12.2355,189.2525,47.5665,-0.8440,-11.0716
2425.000000,22,12.2355,189.3605,47.6830,-0.8355,-10.3496
2425.000000,23,12.2355,189.4704,47.7067,-0.9218,-9.1437
2425.000000,24,12.2355,189.5824,47.2094,-1.5311,-7.9689
2426.000000,0,12.3110,189.6617,47.2847,-1.5351,-8.0270
2426.000000,1,12.3110,189.7630,47.7023,-1.2187,-9.3185
2426.000000,2,12.3110,189.8664,47.6901,-1.3344,-10.4609
2426.000000,3,12.3110,189.9722,47.5824,-1.5479,-11.1236
2426.000000,4,12.3110,190.0804,47.5771,-1.6613,-11.1452
2426.000000,5,12.3110,189.5235,47.6967,-0.9848,-8.8767
2426.000000,6,12.3110,189.6258,47.5981,-1.1858,-10.3206
2426.000000,7,12.3110,189.7304,47.5413,-1.3471,-11.0911
2426.000000,8,12.3110,189.8371,47.6771,-1.3180,-11.0896
2426.000000,9,12.3110,189.9461,47.7045,-1.3997,-10.6790
2426.000000,10,12.3110,189.3867,47.4959,-1.0489,-10.1143
2426.000000,11,12.3110,189.4903,47.6629,-0.9855,-10.8235
2426.000000,12,12.3110,189.5960,47.7125,-1.0416,-11.0589
2426.000000,13,12.3110,189.7038,47.6706,-1.1913,-10.8348
2426.000000,14,12.3110,189.8138,47.5582,-1.4137,-10.1570
2426.000000,15,12.3110,189.2512,47.7014,-0.7079,-10.5753
2426.000000,16,12.3110,189.3562,47.6736,-0.8406,-11.0552
2426.000000,17,12.3110,189.4632,47.5701,-1.0512,-11.0231
2426.000000,18,12.3110,189.5723,47.5900,-1.1403,-10.2953
2426.000000,19,12.3110,189.6834,47.6810,-1.1605,-8.9382
2426.000000,20,12.3110,189.1170,47.5491,-0.7259,-11.0815
2426.000000,21,12.3110,189.2235,47.5649,-0.8167,-11.0611
2426.000000,22,12.3110,189.3319,47.6821,-0.8078,-10.3337
2426.000000,23,12.3110,189.4423,47.7058,-0.8945,-9.1231
2426.000000,24,12.3110,189.5546,47.2047,-1.5079,-7.9478
2427.000000,0,12.3867,189.6312,47.2765,-1.5127,-8.0090
2427.000000,1,12.3867,189.7327,47.7030,-1.1877,-9.2963
2427.000000,2,12.3867,189.8365,47.6898,-1.3047,-10.4447
2427.000000,3,12.3867,189.9426,47.5810,-1.5196,-11.1129
2427.000000,4,12.3867,190.0510,47.5796,-1.6294,-11.1342
2427.000000,5,12.3867,189.4932,47.6962,-0.9550,-8.8612
2427.000000,6,12.3867,189.5960,47.5970,-1.1570,-10.3087
2427.000000,7,12.3867,189.7008,47.5420,-1.3169,-11.0795
2427.000000,8,12.3867,189.8079,47.6777,-1.2882,-11.0800
2427.000000,9,12.3867,189.9172,47.7048,-1.3704,-10.6720
2427.000000,10,12.3867,189.3568,47.4948,-1.0200,-10.1065
2427.000000,11,12.3867,189.4608,47.6626,-0.9562,-10.8148
2427.000000,12,12.3867,189.5668,47.7125,-1.0124,-11.0499
2427.000000,13,12.3867,189.6750,47.6704,-1.1626,-10.8261
2427.000000,14,12.3867,189.7853,47.5574,-1.3859,-10.1492
2427.000000,15,12.3867,189.2216,47.7018,-0.6778,-10.5687
2427.000000,16,12.3867,189.3270,47.6743,-0.8108,-11.0459
2427.000000,17,12.3867,189.4344,47.5705,-1.0220,-11.0119
2427.000000,18,12.3867,189.5438,47.5889,-1.1130,-10.2836
2427.000000,19,12.3867,189.6553,47.6801,-1.1332,-8.9242
2427.000000,20,12.3867,189.0877,47.5520,-0.6938,-11.0709
2427.000000,21,12.3867,189.1946,47.5632,-0.7895,-11.0507
2427.000000,22,12.3867,189.3035,47.6812,-0.7803,-10.3179
2427.000000,23,12.3867,189.4142,47.7048,-0.8674,-9.1026
2427.000000,24,12.3867,189.5269,47.2001,-1.4849,-7.9268
2428.000000,0,12.4623,189.6007,47.2683,-1.4904,-7.9911
2428.000000,1,12.4623,189.7026,47.7038,-1.1569,-9.2742
2428.000000,2,12.4623,189.8067,47.6896,-1.2751,-10.4286
2428.000000,3,12.4623,189.9130,47.5796,-1.4915,-11.1021
2428.000000,4,12.4623,190.0217,47.5821,-1.5977,-11.1233
2428.000000,5,12.4623,189.4631,47.6957,-0.9254,-8.8458
2428.000000,6,12.4623,189.5662,47.5959,-1.1283,-10.2968
2428.000000,7,12.4623,189.6714,47.5425,-1.2869,-11.0680
2428.000000,8,12.4623,189.7788,47.6784,-1.2584,-11.0705
2428.000000,9,12.4623,189.8884,47.7051,-1.3413,-10.6650
2428.000000,10,12.4623,189.3269,47.4937,-0.9913,-10.0989
2428.000000,11,12.4623,189.4313,47.6624,-0.9270,-10.8062
2428.000000,12,12.4623,189.5378,47.7125,-0.9834,-11.0409
2428.000000,13,12.4623,189.6463,47.6702,-1.1341,-10.8174
2428.000000,14,12.4623,189.7569,47.5567,-1.3583,-10.1415
2428.000000,15,12.4623,189.1921,47.7023,-0.6479,-10.5621
2428.000000,16,12.4623,189.2979,47.6750,-0.7810,-11.0367
2428.000000,17,12.4623,189.4057,47.5709,-0.9929,-11.0007
2428.000000,18,12.4623,189.5155,47.5877,-1.0858,-10.2721
2428.000000,19,12.4623,189.6273,47.6792,-1.1061,-8.9103
2428.000000,20,12.4623,189.0585,47.5548,-0.6618,-11.0603
2428.000000,21,12.4623,189.1659,47.5615,-0.7625,-11.0403
2428.000000,22,12.4623,189.2751,47.6801,-0.7530,-10.3020
2428.000000,23,12.4623,189.3862,47.7037,-0.8405,-9.0821
2428.000000,24,12.4623,189.4993,47.1953,-1.4620,-7.9058
2429.000000,0,12.5380,189.5703,47.2598,-1.4685,-7.9734
2429.000000,1,12.5380,189.6725,47.7044,-1.1262,-9.2521
2429.000000,2,12.5380,189.7769,47.6892,-1.2457,-10.4124
2429.000000,3,12.5380,189.8836,47.5781,-1.4635,-11.0913
2429.000000,4,12.5380,189.9926,47.5845,-1.5662,-11.1124
2429.000000,5,12.5380,189.4330,47.6952,-0.8959,-8.8304
2429.000000,6,12.5380,189.5365,47.5948,-1.0997,-10.2849
2429.000000,7,12.5380,189.6421,47.5431,-1.2570,-11.0565
2429.000000,8,12.5380,189.7498,47.6790,-1.2288,-11.0609
2429.000000,9,12.5380,189.8597,47.7054,-1.3123,-10.6580
2429.000000,10,12.5380,189.2972,47.4926,-0.9626,-10.0913
2429.000000,11,12.5380,189.4020,47.6621,-0.8979,-10.7976
2429.000000,12,12.5380,189.5088,47.7125,-0.9544,-11.0320
2429.000000,13,12.5380,189.6177,47.6700,-1.1057,-10.8087
2429.000000,14,12.5380,189.7286,47.5559,-1.3308,-10.1338
2429.000000,15,12.5380,189.1627,47.7027,-0.6180,-10.5556
2429.000000,16,12.5380,189.2689,47.6756,-0.7513,-11.0274
2429.000000,17,12.5380,189.3771,47.5712,-0.9639,-10.9895
2429.000000,18,12.5380,189.4872,47.5866,-1.0587,-10.2605
2429.000000,19,12.5380,189.5994,47.6783,-1.0791,-8.8964
2429.000000,20,12.5380,189.0294,47.5575,-0.6300,-11.0499
2429.000000,21,12.5380,189.1372,47.5597,-0.7356,-11.0298
2429.000000,22,12.5380,189.2468,47.6790,-0.7258,-10.2862
2429.000000,23,12.5380,189.3583,47.7026,-0.8138,-9.0616
2429.000000,24,12.5380,189.4718,47.1905,-1.4393,-7.8849
2430.000000,0,12.6138,189.5399,47.2523,-1.4457,-7.9546
2430.000000,1,12.6138,189.6425,47.7050,-1.0956,-9.2299
2430.000000,2,12.6138,189.7473,47.6889,-1.2165,-10.3962
2430.000000,3,12.6138,189.8543,47.5766,-1.4357,-11.0806
2430.000000,4,12.6138,189.9636,47.5868,-1.5348,-11.1016
2430.000000,5,12.6138,189.4030,47.6946,-0.8665,-8.8151
2430.000000,6,12.6138,189.5069,47.5937,-1.0712,-10.2731
2430.000000,7,12.6138,189.6128,47.5436,-1.2272,-11.0451
2430.000000,8,12.6138,189.7209,47.6796,-1.1993,-11.0515
2430.000000,9,12.6138,189.8311,47.7057,-1.2835,-10.6511
2430.000000,10,12.6138,189.2676,47.4915,-0.9341,-10.0838
2430.000000,11,12.6138,189.3727,47.6619,-0.8689,-10.7891
2430.000000,12,12.6138,189.4799,47.7125,-0.9255,-11.0231
2430.000000,13,12.6138,189.5892,47.6698,-1.0774,-10.8001
2430.000000,14,12.6138,189.7005,47.5551,-1.3034,-10.1263
2430.000000,15,12.6138,189.1334,47.7031,-0.5883,-10.5491
2430.000000,16,12.6138,189.2400,47.6763,-0.7218,-11.0182
2430.000000,17,12.6138,189.3486,47.5715,-0.9351,-10.9784
2430.000000,18,12.6138,189.4591,47.5854,-1.0317,-10.2490
2430.000000,19,12.6138,189.5716,47.6774,-1.0522,-8.8826
2430.000000,20,12.6138,189.0004,47.5601,-0.5983,-11.0395
2430.000000,21,12.6138,189.1086,47.5578,-0.7088,-11.0194
2430.000000,22,12.6138,189.2186,47.6778,-0.6989,-10.2704
2430.000000,23,12.6138,189.3306,47.7013,-0.7873,-9.0412
2430.000000,24,12.6138,189.4444,47.1857,-1.4167,-7.8639
2431.000000,0,12.6896,189.5097,47.2478,-1.4200,-7.9321
2431.000000,1,12.6896,189.6127,47.7055,-1.0652,-9.2078
2431.000000,2,12.6896,189.7178,47.6884,-1.1874,-10.3801
2431.000000,3,12.6896,189.8251,47.5751,-1.4080,-11.0699
2431.000000,4,12.6896,189.9346,47.5890,-1.5037,-11.0909
2431.000000,5,12.6896,189.3732,47.6941,-0.8371,-8.7999
2431.000000,6,12.6896,189.4774,47.5925,-1.0429,-10.2613
2431.000000,7,12.6896,189.5837,47.5441,-1.1976,-11.0337
2431.000000,8,12.6896,189.6920,47.6802,-1.1699,-11.0420
2431.000000,9,12.6896,189.8026,47.7059,-1.2547,-10.6443
2431.000000,10,12.6896,189.2380,47.4904,-0.9056,-10.0764
2431.000000,11,12.6896,189.3436,47.6616,-0.8400,-10.7806
2431.000000,12,12.6896,189.4512,47.7125,-0.8967,-11.0142
2431.000000,13,12.6896,189.5607,47.6696,-1.0492,-10.7916
2431.000000,14,12.6896,189.6724,47.5543,-1.2762,-10.1188
2431.000000,15,12.6896,189.1041,47.7035,-0.5586,-10.5427
2431.000000,16,12.6896,189.2112,47.6769,-0.6923,-11.0091
2431.000000,17,12.6896,189.3202,47.5718,-0.9064,-10.9673
2431.000000,18,12.6896,189.4311,47.5842,-1.0049,-10.2375
2431.000000,19,12.6896,189.5439,47.6765,-1.0255,-8.8689
2431.000000,20,12.6896,188.9715,47.5627,-0.5668,-11.0292
2431.000000,21,12.6896,189.0801,47.5559,-0.6822,-11.0090
2431.000000,22,12.6896,189.1906,47.6766,-0.6720,-10.2546
2431.000000,23,12.6896,189.3029,47.6999,-0.7610,-9.0208
2431.000000,24,12.6896,189.4171,47.1808,-1.3943,-7.8430
2432.000000,0,12.7654,189.4796,47.2433,-1.3943,-7.9096
2432.000000,1,12.7654,189.5829,47.7059,-1.0350,-9.1857
2432.000000,2,12.7654,189.6884,47.6879,-1.1585,-10.3640
2432.000000,3,12.7654,189.7960,47.5735,-1.3805,-11.0592
2432.000000,4,12.7654,189.9058,47.5912,-1.4727,-11.0802
2432.000000,5,12.7654,189.3434,47.6935,-0.8079,-8.7847
2432.000000,6,12.7654,189.4480,47.5914,-1.0146,-10.2496
2432.000000,7,12.7654,189.5546,47.5445,-1.1681,-11.0224
2432.000000,8,12.7654,189.6633,47.6807,-1.1407,-11.0326
2432.000000,9,12.7654,189.7742,47.7062,-1.2261,-10.6375
2432.000000,10,12.7654,189.2085,47.4893,-0.8773,-10.0691
2432.000000,11,12.7654,189.3145,47.6614,-0.8112,-10.7722
2432.000000,12,12.7654,189.4225,47.7125,-0.8681,-11.0053
2432.000000,13,12.7654,189.5324,47.6693,-1.0211,-10.7831
2432.000000,14,12.7654,189.6444,47.5534,-1.2490,-10.1114
2432.000000,15,12.7654,189.0750,47.7039,-0.5291,-10.5364
2432.000000,16,12.7654,189.1825,47.6775,-0.6630,-11.0000
2432.000000,17,12.7654,189.2918,47.5720,-0.8778,-10.9563
2432.000000,18,12.7654,189.4031,47.5830,-0.9782,-10.2260
2432.000000,19,12.7654,189.5164,47.6755,-0.9989,-8.8553
2432.000000,20,12.7654,188.9426,47.5651,-0.5355,-11.0189
2432.000000,21,12.7654,189.0517,47.5539,-0.6558,-10.9986
2432.000000,22,12.7654,189.1626,47.6752,-0.6454,-10.2388
2432.000000,23,12.7654,189.2753,47.6984,-0.7350,-9.0005
2432.000000,24,12.7654,189.3899,47.1759,-1.3721,-7.8221
2433.000000,0,12.8413,189.4495,47.2387,-1.3689,-7.8872
2433.000000,1,12.8413,189.5532,47.7063,-1.0050,-9.1637
2433.000000,2,12.8413,189.6590,47.6874,-1.1297,-10.3479
2433.000000,3,12.8413,189.7670,47.5718,-1.3532,-11.0485
2433.000000,4,12.8413,189.8771,47.5932,-1.4419,-11.0697
2433.000000,5,12.8413,189.3137,47.6928,-0.7789,-8.7695
2433.000000,6,12.8413,189.4187,47.5902,-0.9865,-10.2379
2433.000000,7,12.8413,189.5257,47.5449,-1.1388,-11.0111
2433.000000,8,12.8413,189.6348,47.6812,-1.1115,-11.0233
2433.000000,9,12.8413,189.7459,47.7064,-1.1976,-10.6308
2433.000000,10,12.8413,189.1791,47.4881,-0.8491,-10.0619
2433.000000,11,12.8413,189.2855,47.6611,-0.7825,-10.7638
2433.000000,12,12.8413,189.3939,47.7125,-0.8395,-10.9965
2433.000000,13,12.8413,189.5042,47.6691,-0.9931,-10.7746
2433.000000,14,12.8413,189.6166,47.5526,-1.2220,-10.1041
2433.000000,15,12.8413,189.0459,47.7043,-0.4996,-10.5301
2433.000000,16,12.8413,189.1538,47.6780,-0.6338,-10.9909
2433.000000,17,12.8413,189.2636,47.5722,-0.8494,-10.9454
2433.000000,18,12.8413,189.3753,47.5818,-0.9515,-10.2146
2433.000000,19,12.8413,189.4889,47.6745,-0.9724,-8.8417
2433.000000,20,12.8413,188.9138,47.5674,-0.5044,-11.0088
2433.000000,21,12.8413,189.0234,47.5519,-0.6295,-10.9883
2433.000000,22,12.8413,189.1347,47.6738,-0.6189,-10.2231
2433.000000,23,12.8413,189.2478,47.6968,-0.7091,-8.9803
2433.000000,24,12.8413,189.3628,47.1708,-1.3500,-7.8013
2434.000000,0,12.9172,189.4196,47.2341,-1.3436,-7.8647
2434.000000,1,12.9172,189.5237,47.7066,-0.9751,-9.1416
2434.000000,2,12.9172,189.6298,47.6868,-1.1011,-10.3318
2434.000000,3,12.9172,189.7381,47.5702,-1.3260,-11.0379
2434.000000,4,12.9172,189.8486,47.5952,-1.4114,-11.0592
2434.000000,5,12.9172,189.2840,47.6922,-0.7499,-8.7545
2434.000000,6,12.9172,189.3894,47.5890,-0.9584,-10.2262
2434.000000,7,12.9172,189.4968,47.5453,-1.1096,-10.9999
2434.000000,8,12.9172,189.6063,47.6818,-1.0825,-11.0140
2434.000000,9,12.9172,189.7178,47.7066,-1.1692,-10.6242
2434.000000,10,12.9172,189.1498,47.4869,-0.8209,-10.0548
2434.000000,11,12.9172,189.2567,47.6609,-0.7538,-10.7554
2434.000000,12,12.9172,189.3654,47.7125,-0.8110,-10.9877
2434.000000,13,12.9172,189.4761,47.6689,-0.9652,-10.7662
2434.000000,14,12.9172,189.5888,47.5517,-1.1951,-10.0968
2434.000000,15,12.9172,189.0169,47.7047,-0.4702,-10.5238
2434.000000,16,12.9172,189.1253,47.6786,-0.6047,-10.9819
2434.000000,17,12.9172,189.2355,47.5723,-0.8212,-10.9345
2434.000000,18,12.9172,189.3475,47.5805,-0.9250,-10.2032
2434.000000,19,12.9172,189.4615,47.6735,-0.9460,-8.8282
2434.000000,20,12.9172,188.8851,47.5697,-0.4735,-10.9987
2434.000000,21,12.9172,188.9951,47.5498,-0.6034,-10.9779
2434.000000,22,12.9172,189.1069,47.6723,-0.5926,-10.2073
2434.000000,23,12.9172,189.2205,47.6950,-0.6835,-8.9601
2434.000000,24,12.9172,189.3358,47.1658,-1.3281,-7.7804
2435.000000,0,12.9931,189.3897,47.2294,-1.3184,-7.8423
2435.000000,1,12.9931,189.4942,47.7068,-0.9454,-9.1196
2435.000000,2,12.9931,189.6007,47.6861,-1.0727,-10.3157
2435.000000,3,12.9931,189.7093,47.5684,-1.2989,-11.0273
2435.000000,4,12.9931,189.8201,47.5971,-1.3810,-11.0489
2435.000000,5,12.9931,189.2545,47.6916,-0.7210,-8.7394
2435.000000,6,12.9931,189.3603,47.5879,-0.9305,-10.2145
2435.000000,7,12.9931,189.4681,47.5456,-1.0805,-10.9887
2435.000000,8,12.9931,189.5779,47.6822,-1.0537,-11.0047
2435.000000,9,12.9931,189.6897,47.7069,-1.1409,-10.6176
2435.000000,10,12.9931,189.1206,47.4857,-0.7929,-10.0477
2435.000000,11,12.9931,189.2279,47.6606,-0.7253,-10.7471
2435.000000,12,12.9931,189.3370,47.7125,-0.7826,-10.9789
2435.000000,13,12.9931,189.4481,47.6687,-0.9375,-10.7578
2435.000000,14,12.9931,189.5611,47.5509,-1.1683,-10.0897
2435.000000,15,12.9931,188.9880,47.7051,-0.4410,-10.5177
2435.000000,16,12.9931,189.0968,47.6791,-0.5757,-10.9729
2435.000000,17,12.9931,189.2074,47.5724,-0.7930,-10.9237
2435.000000,18,12.9931,189.3199,47.5793,-0.8986,-10.1918
2435.000000,19,12.9931,189.4343,47.6725,-0.9198,-8.8148
2435.000000,20,12.9931,188.8566,47.5718,-0.4428,-10.9888
2435.000000,21,12.9931,188.9670,47.5477,-0.5774,-10.9676
2435.000000,22,12.9931,189.0792,47.6707,-0.5665,-10.1916
2435.000000,23,12.9931,189.1932,47.6932,-0.6580,-8.9400
2435.000000,24,12.9931,189.3090,47.1607,-1.3063,-7.7597
2436.000000,0,13.0691,189.3600,47.2246,-1.2934,-7.8198
2436.000000,1,13.0691,189.4648,47.7069,-0.9159,-9.0976
2436.000000,2,13.0691,189.5717,47.6853,-1.0444,-10.2996
2436.000000,3,13.0691,189.6806,47.5666,-1.2720,-11.0166
2436.000000,4,13.0691,189.7917,47.5989,-1.3508,-11.0386
2436.000000,5,13.0691,189.2251,47.6909,-0.6922,-8.7245
2436.000000,6,13.0691,189.3313,47.5866,-0.9027,-10.2029
2436.000000,7,13.0691,189.4394,47.5459,-1.0515,-10.9776
2436.000000,8,13.0691,189.5496,47.6827,-1.0249,-10.9955
2436.000000,9,13.0691,189.6618,47.7071,-1.1127,-10.6111
2436.000000,10,13.0691,189.0915,47.4845,-0.7650,-10.0408
2436.000000,11,13.0691,189.1992,47.6603,-0.6969,-10.7389
2436.000000,12,13.0691,189.3087,47.7125,-0.7543,-10.9702
2436.000000,13,13.0691,189.4202,47.6684,-0.9098,-10.7495
2436.000000,14,13.0691,189.5336,47.5500,-1.1417,-10.0827
2436.000000,15,13.0691,188.9592,47.7054,-0.4118,-10.5116
2436.000000,16,13.0691,189.0684,47.6796,-0.5469,-10.9640
2436.000000,17,13.0691,189.1795,47.5725,-0.7651,-10.9129
2436.000000,18,13.0691,189.2924,47.5780,-0.8724,-10.1805
2436.000000,19,13.0691,189.4071,47.6714,-0.8937,-8.8015
2436.000000,20,13.0691,188.8281,47.5738,-0.4123,-10.9789
2436.000000,21,13.0691,188.9390,47.5455,-0.5516,-10.9573
2436.000000,22,13.0691,189.0516,47.6690,-0.5406,-10.1759
2436.000000,23,13.0691,189.1660,47.6912,-0.6328,-8.9199
2436.000000,24,13.0691,189.2822,47.1555,-1.2847,-7.7389
2437.000000,0,13.1451,189.3303,47.2198,-1.2685,-7.7974
2437.000000,1,13.1451,189.4355,47.7070,-0.8866,-9.0756
2437.000000,2,13.1451,189.5427,47.6845,-1.0163,-10.2836
2437.000000,3,13.1451,189.6520,47.5648,-1.2453,-11.0061
2437.000000,4,13.1451,189.7635,47.6006,-1.3209,-11.0284
2437.000000,5,13.1451,189.1957,47.6902,-0.6636,-8.7096
2437.000000,6,13.1451,189.3023,47.5854,-0.8749,-10.1913
2437.000000,7,13.1451,189.4109,47.5462,-1.0227,-10.9666
2437.000000,8,13.1451,189.5214,47.6831,-0.9963,-10.9864
2437.000000,9,13.1451,189.6339,47.7073,-1.0847,-10.6047
2437.000000,10,13.1451,189.0625,47.4833,-0.7372,-10.0339
2437.000000,11,13.1451,189.1706,47.6600,-0.6686,-10.7307
2437.000000,12,13.1451,189.2805,47.7125,-0.7261,-10.9615
2437.000000,13,13.1451,189.3924,47.6682,-0.8822,-10.7412
2437.000000,14,13.1451,189.5062,47.5491,-1.1151,-10.0757
2437.000000,15,13.1451,188.9305,47.7058,-0.3828,-10.5056
2437.000000,16,13.1451,189.0402,47.6801,-0.5181,-10.9551
2437.000000,17,13.1451,189.1516,47.5724,-0.7372,-10.9022
2437.000000,18,13.1451,189.2649,47.5768,-0.8462,-10.1692
2437.000000,19,13.1451,189.3800,47.6703,-0.8678,-8.7882
2437.000000,20,13.1451,188.7996,47.5757,-0.3819,-10.9691
2437.000000,21,13.1451,188.9110,47.5432,-0.5259,-10.9469
2437.000000,22,13.1451,189.0241,47.6673,-0.5149,-10.1603
2437.000000,23,13.1451,189.1389,47.6891,-0.6079,-8.8999
2437.000000,24,13.1451,189.2555,47.1503,-1.2633,-7.7182
2438.000000,0,13.2211,189.3007,47.2150,-1.2438,-7.7750
2438.000000,1,13.2211,189.4063,47.7069,-0.8574,-9.0536
2438.000000,2,13.2211,189.5139,47.6836,-0.9883,-10.2676
2438.000000,3,13.2211,189.6236,47.5629,-1.2187,-10.9955
2438.000000,4,13.2211,189.7353,47.6022,-1.2911,-11.0183
2438.000000,5,13.2211,189.1665,47.6894,-0.6351,-8.6948
2438.000000,6,13.2211,189.2735,47.5842,-0.8473,-10.1798
2438.000000,7,13.2211,189.3824,47.5464,-0.9941,-10.9556
2438.000000,8,13.2211,189.4933,47.6836,-0.9678,-10.9773
2438.000000,9,13.2211,189.6062,47.7074,-1.0568,-10.5983
2438.000000,10,13.2211,189.0335,47.4821,-0.7095,-10.0272
2438.000000,11,13.2211,189.1421,47.6598,-0.6403,-10.7226
2438.000000,12,13.2211,189.2524,47.7125,-0.6980,-10.9529
2438.000000,13,13.2211,189.3647,47.6680,-0.8548,-10.7330
2438.000000,14,13.2211,189.4788,47.5481,-1.0887,-10.0688
2438.000000,15,13.2211,188.9018,47.7061,-0.3538,-10.4996
2438.000000,16,13.2211,189.0120,47.6805,-0.4895,-10.9463
2438.000000,17,13.2211,189.1239,47.5724,-0.7095,-10.8916
2438.000000,18,13.2211,189.2376,47.5755,-0.8201,-10.1579
2438.000000,19,13.2211,189.3531,47.6692,-0.8419,-8.7751
2438.000000,20,13.2211,188.7713,47.5775,-0.3518,-10.9595
2438.000000,21,13.2211,188.8832,47.5408,-0.5004,-10.9367
2438.000000,22,13.2211,188.9967,47.6654,-0.4893,-10.1446
2438.000000,23,13.2211,189.1120,47.6869,-0.5831,-8.8800
2438.000000,24,13.2211,189.2290,47.1450,-1.2420,-7.6975
2439.000000,0,13.2971,189.2712,47.2100,-1.2192,-7.7525
2439.000000,1,13.2971,189.3772,47.7068,-0.8284,-9.0317
2439.000000,2,13.2971,189.4852,47.6827,-0.9605,-10.2516
2439.000000,3,13.2971,189.5952,47.5609,-1.1923,-10.9850
2439.000000,4,13.2971,189.7073,47.6037,-1.2616,-11.0083
2439.000000,5,13.2971,189.1373,47.6887,-0.6066,-8.6801
2439.000000,6,13.2971,189.2447,47.5829,-0.8198,-10.1683
2439.000000,7,13.2971,189.3540,47.5465,-0.9656,-10.9447
2439.000000,8,13.2971,189.4653,47.6839,-0.9394,-10.9683
2439.000000,9,13.2971,189.5786,47.7076,-1.0290,-10.5920
2439.000000,10,13.2971,189.0047,47.4808,-0.6819,-10.0205
2439.000000,11,13.2971,189.1136,47.6595,-0.6122,-10.7145
2439.000000,12,13.2971,189.2244,47.7125,-0.6700,-10.9442
2439.000000,13,13.2971,189.3371,47.6677,-0.8274,-10.7248
2439.000000,14,13.2971,189.4516,47.5472,-1.0624,-10.0621
2439.000000,15,13.2971,188.8733,47.7064,-0.3249,-10.4938
2439.000000,16,13.2971,188.9839,47.6809,-0.4610,-10.9375
2439.000000,17,13.2971,189.0962,47.5723,-0.6820,-10.8811
2439.000000,18,13.2971,189.2103,47.5742,-0.7942,-10.1467
2439.000000,19,13.2971,189.3263,47.6680,-0.8163,-8.7620
2439.000000,20,13.2971,188.7431,47.5792,-0.3219,-10.9499
2439.000000,21,13.2971,188.8554,47.5384,-0.4750,-10.9264
2439.000000,22,13.2971,188.9694,47.6635,-0.4640,-10.1290
2439.000000,23,13.2971,189.0851,47.6845,-0.5586,-8.8602
2439.000000,24,13.2971,189.2025,47.1396,-1.2209,-7.6768
2440.000000,0,13.3732,189.2418,47.2050,-1.1948,-7.7301
2440.000000,1,13.3732,189.3482,47.7066,-0.7997,-9.0098
2440.000000,2,13.3732,189.4565,47.6817,-0.9329,-10.2356
2440.000000,3,13.3732,189.5669,47.5589,-1.1661,-10.9745
2440.000000,4,13.3732,189.6793,47.6051,-1.2323,-10.9985
2440.000000,5,13.3732,189.1082,47.6879,-0.5783,-8.6654
2440.000000,6,13.3732,189.2160,47.5817,-0.7924,-10.1568
2440.000000,7,13.3732,189.3258,47.5466,-0.9372,-10.9338
2440.000000,8,13.3732,189.4374,47.6843,-0.9112,-10.9593
2440.000000,9,13.3732,189.5510,47.7078,-1.0013,-10.5858
2440.000000,10,13.3732,188.9759,47.4795,-0.6544,-10.0140
2440.000000,11,13.3732,189.0853,47.6592,-0.5842,-10.7064
2440.000000,12,13.3732,189.1965,47.7125,-0.6421,-10.9357
2440.000000,13,13.3732,189.3096,47.6675,-0.8001,-10.7167
2440.000000,14,13.3732,189.4245,47.5463,-1.0362,-10.0554
2440.000000,15,13.3732,188.8448,47.7067,-0.2962,-10.4879
2440.000000,16,13.3732,188.9559,47.6813,-0.4327,-10.9288
2440.000000,17,13.3732,189.0687,47.5721,-0.6546,-10.8706
2440.000000,18,13.3732,189.1832,47.5729,-0.7684,-10.1355
2440.000000,19,13.3732,189.2995,47.6669,-0.7907,-8.7490
2440.000000,20,13.3732,188.7149,47.5807,-0.2922,-10.9405
2440.000000,21,13.3732,188.8277,47.5359,-0.4498,-10.9161
2440.000000,22,13.3732,188.9422,47.6614,-0.4388,-10.1135
2440.000000,23,13.3732,189.0583,47.6821,-0.5343,-8.8405
2440.000000,24,13.3732,189.1761,47.1342,-1.2000,-7.6562
2441.000000,0,13.4492,189.2125,47.2000,-1.1705,-7.7077
2441.000000,1,13.4492,189.3193,47.7063,-0.7710,-8.9880
2441.000000,2,13.4492,189.4280,47.6806,-0.9055,-10.2196
2441.000000,3,13.4492,189.5387,47.5568,-1.1400,-10.9640
2441.000000,4,13.4492,189.6515,47.6064,-1.2032,-10.9887
2441.000000,5,13.4492,189.0792,47.6871,-0.5501,-8.6508
2441.000000,6,13.4492,189.1875,47.5804,-0.7651,-10.1454
2441.000000,7,13.4492,189.2976,47.5467,-0.9090,-10.9231
2441.000000,8,13.4492,189.4096,47.6846,-0.8831,-10.9504
2441.000000,9,13.4492,189.5236,47.7079,-0.9738,-10.5796
2441.000000,10,13.4492,188.9472,47.4783,-0.6270,-10.0075
2441.000000,11,13.4492,189.0571,47.6589,-0.5562,-10.6985
2441.000000,12,13.4492,189.1687,47.7125,-0.6143,-10.9271
2441.000000,13,13.4492,189.2822,47.6672,-0.7730,-10.7086
2441.000000,14,13.4492,189.3974,47.5453,-1.0102,-10.0488
2441.000000,15,13.4492,188.8165,47.7070,-0.2675,-10.4822
2441.000000,16,13.4492,188.9280,47.6816,-0.4044,-10.9202
2441.000000,17,13.4492,189.0412,47.5718,-0.6274,-10.8602
2441.000000,18,13.4492,189.1562,47.5715,-0.7427,-10.1244
2441.000000,19,13.4492,189.2729,47.6657,-0.7653,-8.7361
2441.000000,20,13.4492,188.6869,47.5821,-0.2628,-10.9312
2441.000000,21,13.4492,188.8002,47.5334,-0.4248,-10.9059
2441.000000,22,13.4492,188.9151,47.6593,-0.4138,-10.0979
2441.000000,23,13.4492,189.0317,47.6794,-0.5102,-8.8208
2441.000000,24,13.4492,189.1499,47.1287,-1.1792,-7.6356
2442.000000,0,13.5253,189.1832,47.1948,-1.1464,-7.6853
2442.000000,1,13.5253,189.2904,47.7058,-0.7426,-8.9662
2442.000000,2,13.5253,189.3996,47.6794,-0.8782,-10.2037
2442.000000,3,13.5253,189.5107,47.5547,-1.1140,-10.9535
2442.000000,4,13.5253,189.6238,47.6076,-1.1743,-10.9791
2442.000000,5,13.5253,189.0503,47.6863,-0.5220,-8.6362
2442.000000,6,13.5253,189.1590,47.5791,-0.7380,-10.1340
2442.000000,7,13.5253,189.2695,47.5467,-0.8809,-10.9124
2442.000000,8,13.5253,189.3820,47.6849,-0.8551,-10.9415
2442.000000,9,13.5253,189.4963,47.7080,-0.9463,-10.5735
2442.000000,10,13.5253,188.9186,47.4769,-0.5997,-10.0012
2442.000000,11,13.5253,189.0289,47.6586,-0.5284,-10.6905
2442.000000,12,13.5253,189.1410,47.7125,-0.5866,-10.9186
2442.000000,13,13.5253,189.2548,47.6669,-0.7459,-10.7006
2442.000000,14,13.5253,189.3705,47.5443,-0.9843,-10.0424
2442.000000,15,13.5253,188.7882,47.7072,-0.2390,-10.4765
2442.000000,16,13.5253,188.9002,47.6819,-0.3763,-10.9116
2442.000000,17,13.5253,189.0139,47.5715,-0.6004,-10.8499
2442.000000,18,13.5253,189.1292,47.5702,-0.7171,-10.1133
2442.000000,19,13.5253,189.2464,47.6644,-0.7400,-8.7233
2442.000000,20,13.5253,188.6589,47.5834,-0.2336,-10.9220
2442.000000,21,13.5253,188.7727,47.5307,-0.4000,-10.8957
2442.000000,22,13.5253,188.8881,47.6570,-0.3891,-10.0824
2442.000000,23,13.5253,189.0051,47.6767,-0.4864,-8.8012
2442.000000,24,13.5253,189.1237,47.1232,-1.1586,-7.6151
2443.000000,0,13.6014,189.1541,47.1897,-1.1225,-7.6629
2443.000000,1,13.6014,189.2617,47.7053,-0.7144,-8.9444
2443.000000,2,13.6014,189.3712,47.6781,-0.8512,-10.1878
2443.000000,3,13.6014,189.4827,47.5525,-1.0883,-10.9431
2443.000000,4,13.6014,189.5962,47.6086,-1.1456,-10.9695
2443.000000,5,13.6014,189.0215,47.6855,-0.4940,-8.6218
2443.000000,6,13.6014,189.1306,47.5778,-0.7109,-10.1227
2443.000000,7,13.6014,189.2416,47.5466,-0.8530,-10.9018
2443.000000,8,13.6014,189.3544,47.6852,-0.8272,-10.9327
2443.000000,9,13.6014,189.4691,47.7081,-0.9190,-10.5675
2443.000000,10,13.6014,188.8901,47.4756,-0.5726,-9.9949
2443.000000,11,13.6014,189.0009,47.6583,-0.5006,-10.6827
2443.000000,12,13.6014,189.1134,47.7125,-0.5589,-10.9102
2443.000000,13,13.6014,189.2276,47.6667,-0.7190,-10.6926
2443.000000,14,13.6014,189.3437,47.5433,-0.9584,-10.0360
2443.000000,15,13.6014,188.7600,47.7075,-0.2105,-10.4709
2443.000000,16,13.6014,188.8725,47.6822,-0.3483,-10.9031
2443.000000,17,13.6014,188.9866,47.5712,-0.5735,-10.8397
2443.000000,18,13.6014,189.1024,47.5688,-0.6916,-10.1022
2443.000000,19,13.6014,189.2199,47.6632,-0.7148,-8.7105
2443.000000,20,13.6014,188.6310,47.5845,-0.2046,-10.9130
2443.000000,21,13.6014,188.7453,47.5280,-0.3753,-10.8855
2443.000000,22,13.6014,188.8612,47.6547,-0.3645,-10.0670
2443.000000,23,13.6014,188.9786,47.6738,-0.4629,-8.7817
2443.000000,24,13.6014,189.0977,47.1176,-1.1381,-7.5946
2444.000000,0,13.6775,189.1250,47.1844,-1.0986,-7.6405
2444.000000,1,13.6775,189.2331,47.7047,-0.6864,-8.9227
2444.000000,2,13.6775,189.3430,47.6768,-0.8242,-10.1720
2444.000000,3,13.6775,189.4548,47.5502,-1.0627,-10.9327
2444.000000,4,13.6775,189.5687,47.6095,-1.1172,-10.9601
2444.000000,5,13.6775,188.9927,47.6846,-0.4662,-8.6074
2444.000000,6,13.6775,189.1023,47.5764,-0.6839,-10.1114
2444.000000,7,13.6775,189.2137,47.5465,-0.8252,-10.8912
2444.000000,8,13.6775,189.3269,47.6854,-0.7995,-10.9240
2444.000000,9,13.6775,189.4420,47.7082,-0.8918,-10.5615
2444.000000,10,13.6775,188.8617,47.4742,-0.5455,-9.9888
2444.000000,11,13.6775,188.9729,47.6580,-0.4730,-10.6749
2444.000000,12,13.6775,189.0859,47.7125,-0.5314,-10.9018
2444.000000,13,13.6775,189.2005,47.6664,-0.6922,-10.6847
2444.000000,14,13.6775,189.3170,47.5423,-0.9328,-10.0297
2444.000000,15,13.6775,188.7319,47.7077,-0.1822,-10.4654
2444.000000,16,13.6775,188.8448,47.6824,-0.3204,-10.8946
2444.000000,17,13.6775,188.9594,47.5707,-0.5467,-10.8295
2444.000000,18,13.6775,189.0757,47.5674,-0.6663,-10.0912
2444.000000,19,13.6775,189.1936,47.6619,-0.6898,-8.6979
2444.000000,20,13.6775,188.0032,47.5855,0.4242,-10.8564
2444.000000,21,13.6775,188.7180,47.5252,-0.3508,-10.8754
2444.000000,22,13.6775,188.8343,47.6522,-0.3401,-10.0516
2444.000000,23,13.6775,188.9523,47.6707,-0.4396,-8.7624
2444.000000,24,13.6775,189.0718,47.1120,-1.1179,-7.5741
2445.000000,0,13.7536,189.0960,47.1791,-1.0750,-7.6182
2445.000000,1,13.7536,189.2045,47.7040,-0.6586,-8.9011
2445.000000,2,13.7536,189.3148,47.6754,-0.7975,-10.1562
2445.000000,3,13.7536,189.4271,47.5479,-1.0372,-10.9223
2445.000000,4,13.7536,189.5413,47.6103,-1.0890,-10.9509
2445.000000,5,13.7536,188.9641,47.6837,-0.4384,-8.5931
2445.000000,6,13.7536,189.0741,47.5751,-0.6571,-10.1001
2445.000000,7,13.7536,189.1859,47.5464,-0.7976,-10.8808
2445.000000,8,13.7536,189.2995,47.6856,-0.7719,-10.9153
2445.000000,9,13.7536,189.4150,47.7083,-0.8648,-10.5556
2445.000000,10,13.7536,188.8334,47.4729,-0.5185,-9.9827
2445.000000,11,13.7536,188.9450,47.6577,-0.4454,-10.6671
2445.000000,12,13.7536,189.0584,47.7125,-0.5040,-10.8934
2445.000000,13,13.7536,189.1735,47.6661,-0.6654,-10.6769
2445.000000,14,13.7536,189.2904,47.5412,-0.9072,-10.0235
2445.000000,15,13.7536,188.7039,47.7079,-0.1540,-10.4600
2445.000000,16,13.7536,188.8173,47.6826,-0.2927,-10.8862
2445.000000,17,13.7536,188.9323,47.5702,-0.5201,-10.8194
2445.000000,18,13.7536,189.0490,47.5660,-0.6411,-10.0802
2445.000000,19,13.7536,189.1674,47.6606,-0.6649,-8.6854
2445.000000,20,13.7536,187.9755,47.5863,0.4527,-10.8479
2445.000000,21,13.7536,188.6908,47.5224,-0.3265,-10.8653
2445.000000,22,13.7536,188.8076,47.6497,-0.3160,-10.0362
2445.000000,23,13.7536,188.9260,47.6675,-0.4165,-8.7431
2445.000000,24,13.7536,189.0460,47.1063,-1.0977,-7.5537
2446.000000,0,13.8297,189.0672,47.1737,-1.0515,-7.5958
2446.000000,1,13.8297,189.1761,47.7031,-0.6310,-8.8795
2446.000000,2,13.8297,189.2868,47.6739,-0.7710,-10.1404
2446.000000,3,13.8297,189.3994,47.5455,-1.0119,-10.9120
2446.000000,4,13.8297,189.5140,47.6110,-1.0610,-10.9417
2446.000000,5,13.8297,188.9355,47.6828,-0.4108,-8.5789
2446.000000,6,13.8297,189.0460,47.5737,-0.6303,-10.0889
2446.000000,7,13.8297,189.1582,47.5461,-0.7701,-10.8704
2446.000000,8,13.8297,189.2723,47.6858,-0.7445,-10.9067
2446.000000,9,13.8297,189.3881,47.7083,-0.8378,-10.5498
2446.000000,10,13.8297,188.8051,47.4715,-0.4917,-9.9768
2446.000000,11,13.8297,188.9173,47.6573,-0.4180,-10.6594
2446.000000,12,13.8297,189.0311,47.7125,-0.4767,-10.8851
2446.000000,13,13.8297,189.1466,47.6659,-0.6388,-10.6691
2446.000000,14,13.8297,189.2639,47.5402,-0.8818,-10.0175
2446.000000,15,13.8297,188.6760,47.7081,-0.1259,-10.4546
2446.000000,16,13.8297,188.7899,47.6828,-0.2651,-10.8779
2446.000000,17,13.8297,188.9054,47.5697,-0.4937,-10.8095
2446.000000,18,13.8297,189.0225,47.5646,-0.6159,-10.0693
2446.000000,19,13.8297,189.1413,47.6592,-0.6401,-8.6729
2446.000000,20,13.8297,187.9479,47.5869,0.4809,-10.8395
2446.000000,21,13.8297,188.6637,47.5194,-0.3023,-10.8552
2446.000000,22,13.8297,188.7810,47.6470,-0.2920,-10.0209
2446.000000,23,13.8297,188.8998,47.6642,-0.3937,-8.7239
2446.000000,24,13.8297,189.0202,47.1005,-1.0778,-7.5333
2447.000000,0,13.9057,189.0384,47.1682,-1.0282,-7.5735
2447.000000,1,13.9057,189.1477,47.7022,-0.6036,-8.8579
2447.000000,2,13.9057,189.2589,47.6723,-0.7446,-10.1246
2447.000000,3,13.9057,189.3719,47.5431,-0.9868,-10.9017
2447.000000,4,13.9057,189.4868,47.6115,-1.0333,-10.9327
2447.000000,5,13.9057,188.9071,47.6818,-0.3833,-8.5647
2447.000000,6,13.9057,189.0180,47.5723,-0.6037,-10.0777
2447.000000,7,13.9057,189.1306,47.5459,-0.7428,-10.8601
2447.000000,8,13.9057,189.2451,47.6859,-0.7172,-10.8982
2447.000000,9,13.9057,189.3613,47.7084,-0.8110,-10.5441
2447.000000,10,13.9057,188.7770,47.4701,-0.4650,-9.9710
2447.000000,11,13.9057,188.8896,47.6570,-0.3906,-10.6518
2447.000000,12,13.9057,189.0039,47.7125,-0.4494,-10.8768
2447.000000,13,13.9057,189.1198,47.6656,-0.6123,-10.6614
2447.000000,14,13.9057,189.2375,47.5391,-0.8565,-10.0115
2447.000000,15,13.9057,188.6481,47.7083,-0.0978,-10.4494
2447.000000,16,13.9057,188.7625,47.6829,-0.2376,-10.8696
2447.000000,17,13.9057,188.8785,47.5690,-0.4675,-10.7996
2447.000000,18,13.9057,188.9961,47.5632,-0.5909,-10.0584
2447.000000,19,13.9057,189.1153,47.6579,-0.6155,-8.6606
2447.000000,20,13.9057,187.9204,47.5874,0.5089,-10.8312
2447.000000,21,13.9057,188.6367,47.5164,-0.2783,-10.8451
2447.000000,22,13.9057,188.7545,47.6442,-0.2683,-10.0056
2447.000000,23,13.9057,188.8738,47.6607,-0.3712,-8.7048
2447.000000,24,13.9057,188.9946,47.0946,-1.0580,-7.5130
2448.000000,0,13.9818,189.0097,47.1627,-1.0050,-7.5512
2448.000000,1,13.9818,189.1194,47.7011,-0.5764,-8.8364
2448.000000,2,13.9818,189.2310,47.6706,-0.7185,-10.1089
2448.000000,3,13.9818,189.3444,47.5406,-0.9619,-10.8915
2448.000000,4,13.9818,189.4597,47.6119,-1.0059,-10.9239
2448.000000,5,13.9818,188.8787,47.6808,-0.3559,-8.5507
2448.000000,6,13.9818,188.9900,47.5709,-0.5771,-10.0666
2448.000000,7,13.9818,189.1031,47.5455,-0.7157,-10.8499
2448.000000,8,13.9818,189.2180,47.6860,-0.6900,-10.8898
2448.000000,9,13.9818,189.3346,47.7084,-0.7843,-10.5384
2448.000000,10,13.9818,188.7489,47.4686,-0.4384,-9.9653
2448.000000,11,13.9818,188.8620,47.6567,-0.3634,-10.6442
2448.000000,12,13.9818,188.9767,47.7125,-0.4223,-10.8686
2448.000000,13,13.9818,189.0931,47.6653,-0.5859,-10.6537
2448.000000,14,13.9818,189.2112,47.5380,-0.8313,-10.0056
2448.000000,15,13.9818,188.6204,47.7085,-0.0700,-10.4442
2448.000000,16,13.9818,188.7353,47.6830,-0.2103,-10.8614
2448.000000,17,13.9818,188.8517,47.5683,-0.4414,-10.7898
2448.000000,18,13.9818,188.9698,47.5617,-0.5661,-10.0476
2448.000000,19,13.9818,189.0894,47.6564,-0.5910,-8.6483
2448.000000,20,13.9818,187.8930,47.5877,0.5367,-10.8231
2448.000000,21,13.9818,188.0098,47.5133,0.3455,-10.7857
2448.000000,22,13.9818,188.7281,47.6413,-0.2448,-9.9904
2448.000000,23,13.9818,188.8478,47.6570,-0.3489,-8.6859
2448.000000,24,13.9818,188.9691,47.0887,-1.0384,-7.4927
2449.000000,0,14.0579,188.9810,47.1571,-0.9819,-7.5289
2449.000000,1,14.0579,189.0913,47.6999,-0.5494,-8.8150
2449.000000,2,14.0579,189.2032,47.6688,-0.6925,-10.0933
2449.000000,3,14.0579,189.3171,47.5380,-0.9371,-10.8812
2449.000000,4,14.0579,189.4327,47.6121,-0.9787,-10.9152
2449.000000,5,14.0579,188.8504,47.6798,-0.3286,-8.5367
2449.000000,6,14.0579,188.9622,47.5695,-0.5507,-10.0555
2449.000000,7,14.0579,189.0758,47.5451,-0.6887,-10.8398
2449.000000,8,14.0579,189.1910,47.6861,-0.6630,-10.8814
2449.000000,9,14.0579,189.3081,47.7084,-0.7577,-10.5329
2449.000000,10,14.0579,188.7210,47.4671,-0.4119,-9.9597
2449.000000,11,14.0579,188.8345,47.6564,-0.3362,-10.6367
2449.000000,12,14.0579,188.9497,47.7125,-0.3953,-10.8604
2449.000000,13,14.0579,189.0665,47.6650,-0.5596,-10.6461
2449.000000,14,14.0579,189.1851,47.5369,-0.8062,-9.9999
2449.000000,15,14.0579,187.9927,47.7086,0.5578,-10.3876
2449.000000,16,14.0579,188.7081,47.6831,-0.1831,-10.8533
2449.000000,17,14.0579,188.8251,47.5675,-0.4155,-10.7801
2449.000000,18,14.0579,188.9435,47.5603,-0.5413,-10.0368
2449.000000,19,14.0579,189.0636,47.6550,-0.5667,-8.6362
2449.000000,20,14.0579,187.8657,47.5878,0.5641,-10.8151
2449.000000,21,14.0579,187.9830,47.5101,0.3691,-10.7759
2449.000000,22,14.0579,188.7018,47.6383,-0.2215,-9.9752
2449.000000,23,14.0579,188.8220,47.6531,-0.3269,-8.6670
2449.000000,24,14.0579,188.9437,47.0828,-1.0190,-7.4725
2450.000000,0,14.1339,188.9525,47.1515,-0.9591,-7.5066
2450.000000,1,14.1339,189.0632,47.6985,-0.5227,-8.7936
2450.000000,2,14.1339,189.1756,47.6669,-0.6667,-10.0776
2450.000000,3,14.1339,189.2898,47.5353,-0.9125,-10.8711
2450.000000,4,14.1339,189.4059,47.6122,-0.9517,-10.9066
2450.000000,5,14.1339,188.8222,47.6788,-0.3015,-8.5228
2450.000000,6,14.1339,188.9345,47.5681,-0.5244,-10.0445
2450.000000,7,14.1339,189.0485,47.5446,-0.6619,-10.8298
2450.000000,8,14.1339,189.1642,47.6861,-0.6361,-10.8731
2450.000000,9,14.1339,189.2816,47.7083,-0.7313,-10.5274
2450.000000,10,14.1339,188.6931,47.4657,-0.3855,-9.9542
2450.000000,11,14.1339,188.8071,47.6560,-0.3092,-10.6293
2450.000000,12,14.1339,188.9228,47.7125,-0.3684,-10.8523
2450.000000,13,14.1339,189.0401,47.6647,-0.5334,-10.6386
2450.000000,14,14.1339,189.1590,47.5358,-0.7813,-9.9942
2450.000000,15,14.1339,187.9652,47.7087,0.5855,-10.3828
2450.000000,16,14.1339,188.6811,47.6831,-0.1561,-10.8453
2450.000000,17,14.1339,188.7985,47.5667,-0.3898,-10.7706
2450.000000,18,14.1339,188.9174,47.5588,-0.5167,-10.0260
2450.000000,19,14.1339,189.0379,47.6535,-0.5425,-8.6242
2450.000000,20,14.1339,187.8385,47.5878,0.5913,-10.8074
2450.000000,21,14.1339,187.9563,47.5068,0.3925,-10.7660
2450.000000,22,14.1339,188.6755,47.6352,-0.1984,-9.9601
2450.000000,23,14.1339,188.7963,47.6491,-0.3051,-8.6483
2450.000000,24,14.1339,188.9184,47.0768,-0.9997,-7.4523
2451.000000,0,14.2099,188.9241,47.1458,-0.9364,-7.4843
2451.000000,1,14.2099,189.0352,47.6971,-0.4961,-8.7724
2451.000000,2,14.2099,189.1480,47.6649,-0.6411,-10.0621
2451.000000,3,14.2099,189.2627,47.5326,-0.8881,-10.8609
2451.000000,4,14.2099,189.3791,47.6121,-0.9250,-10.8982
2451.000000,5,14.2099,188.7941,47.6777,-0.2744,-8.5090
2451.000000,6,14.2099,188.9068,47.5666,-0.4982,-10.0335
2451.000000,7,14.2099,189.0213,47.5441,-0.6353,-10.8199
2451.000000,8,14.2099,189.1374,47.6861,-0.6094,-10.8649
2451.000000,9,14.2099,189.2552,47.7083,-0.7050,-10.5219
2451.000000,10,14.2099,188.6653,47.4642,-0.3592,-9.9489
2451.000000,11,14.2099,188.7798,47.6557,-0.2822,-10.6219
2451.000000,12,14.2099,188.8959,47.7125,-0.3415,-10.8442
2451.000000,13,14.2099,189.0137,47.6644,-0.5073,-10.6311
2451.000000,14,14.2099,189.1330,47.5346,-0.7565,-9.9887
2451.000000,15,14.2099,187.9377,47.7088,0.6130,-10.3782
2451.000000,16,14.2099,188.6541,47.6830,-0.1291,-10.8374
2451.000000,17,14.2099,188.7720,47.5657,-0.3643,-10.7611
2451.000000,18,14.2099,188.8914,47.5573,-0.4921,-10.0153
2451.000000,19,14.2099,189.0124,47.6520,-0.5184,-8.6122
2451.000000,20,14.2099,187.8113,47.5876,0.6182,-10.7998
2451.000000,21,14.2099,187.9297,47.5035,0.4157,-10.7562
2451.000000,22,14.2099,188.6494,47.6319,-0.1756,-9.9451
2451.000000,23,14.2099,188.7706,47.6450,-0.2837,-8.6297
2451.000000,24,14.2099,188.8933,47.0707,-0.9807,-7.4322
2452.000000,0,14.2859,188.8957,47.1400,-0.9138,-7.4620
2452.000000,1,14.2859,189.0073,47.6955,-0.4698,-8.7511
2452.000000,2,14.2859,189.1206,47.6629,-0.6157,-10.0466
2452.000000,3,14.2859,189.2356,47.5298,-0.8638,-10.8508
2452.000000,4,14.2859,189.3524,47.6119,-0.8986,-10.8900
2452.000000,5,14.2859,188.7660,47.6766,-0.2475,-8.4953
2452.000000,6,14.2859,188.8793,47.5652,-0.4721,-10.0226
2452.000000,7,14.2859,188.9942,47.5434,-0.6088,-10.8102
2452.000000,8,14.2859,189.1107,47.6860,-0.5828,-10.8567
2452.000000,9,14.2859,189.2290,47.7082,-0.6788,-10.5166
2452.000000,10,14.2859,188.6376,47.4626,-0.3330,-9.9436
2452.000000,11,14.2859,188.7526,47.6553,-0.2553,-10.6146
2452.000000,12,14.2859,188.8692,47.7125,-0.3148,-10.8362
2452.000000,13,14.2859,188.9874,47.6641,-0.4813,-10.6237
2452.000000,14,14.2859,189.1072,47.5334,-0.7318,-9.9833
2452.000000,15,14.2859,187.9104,47.7089,0.6405,-10.3736
2452.000000,16,14.2859,188.6273,47.6829,-0.1024,-10.8295
2452.000000,17,14.2859,188.7456,47.5647,-0.3389,-10.7517
2452.000000,18,14.2859,188.8655,47.5558,-0.4677,-10.0046
2452.000000,19,14.2859,188.9869,47.6505,-0.4945,-8.6004
2452.000000,20,14.2859,187.7843,47.5871,0.6448,-10.7923
2452.000000,21,14.2859,187.9032,47.5000,0.4388,-10.7465
2452.000000,22,14.2859,188.6234,47.6285,-0.1530,-9.9301
2452.000000,23,14.2859,188.7451,47.6406,-0.2625,-8.6113
2452.000000,24,14.2859,188.8682,47.0645,-0.9617,-7.4122
2453.000000,0,14.3618,188.8675,47.1341,-0.8914,-7.4398
2453.000000,1,14.3618,188.9795,47.6938,-0.4438,-8.7300
2453.000000,2,14.3618,189.0932,47.6607,-0.5905,-10.0311
2453.000000,3,14.3618,189.2087,47.5269,-0.8398,-10.8407
2453.000000,4,14.3618,189.3259,47.6115,-0.8724,-10.8819
2453.000000,5,14.3618,188.7381,47.6754,-0.2207,-8.4817
2453.000000,6,14.3618,188.8518,47.5637,-0.4462,-10.0117
2453.000000,7,14.3618,188.9672,47.5427,-0.5825,-10.8005
2453.000000,8,14.3618,189.0842,47.6859,-0.5563,-10.8487
2453.000000,9,14.3618,189.2028,47.7081,-0.6527,-10.5114
2453.000000,10,14.3618,188.0100,47.4611,0.2930,-9.8771
2453.000000,11,14.3618,188.7255,47.6550,-0.2286,-10.6074
2453.000000,12,14.3618,188.8426,47.7125,-0.2881,-10.8282
2453.000000,13,14.3618,188.9612,47.6638,-0.4555,-10.6163
2453.000000,14,14.3618,189.0814,47.5322,-0.7072,-9.9780
2453.000000,15,14.3618,187.8831,47.7089,0.6678,-10.3691
2453.000000,16,14.3618,188.0005,47.6828,0.5242,-10.7743
2453.000000,17,14.3618,188.7194,47.5636,-0.3138,-10.7425
2453.000000,18,14.3618,188.8397,47.5543,-0.4435,-9.9940
2453.000000,19,14.3618,188.9616,47.6489,-0.4707,-8.5887
2453.000000,20,14.3618,187.7574,47.5865,0.6711,-10.7851
2453.000000,21,14.3618,187.8768,47.5031,0.4683,-10.7295
2453.000000,22,14.3618,187.9975,47.6250,0.4694,-9.8558
2453.000000,23,14.3618,188.7197,47.6361,-0.2416,-8.5929
2453.000000,24,14.3618,188.8433,47.0583,-0.9430,-7.3922
2454.000000,0,14.4378,188.8393,47.1281,-0.8692,-7.4176
2454.000000,1,14.4378,188.9518,47.6919,-0.4179,-8.7090
2454.000000,2,14.4378,189.0659,47.6584,-0.5656,-10.0157
2454.000000,3,14.4378,189.1818,47.5240,-0.8159,-10.8307
2454.000000,4,14.4378,189.2994,47.6109,-0.8466,-10.8740
2454.000000,5,14.4378,188.7103,47.6743,-0.1941,-8.4681
2454.000000,6,14.4378,188.8245,47.5622,-0.4203,-10.0009
2454.000000,7,14.4378,188.9403,47.5419,-0.5564,-10.7909
2454.000000,8,14.4378,189.0577,47.6857,-0.5300,-10.8407
2454.000000,9,14.4378,189.1768,47.7080,-0.6268,-10.5062
2454.000000,10,14.4378,187.9825,47.4595,0.3189,-9.8724
2454.000000,11,14.4378,188.6985,47.6546,-0.2019,-10.6002
2454.000000,12,14.4378,188.8160,47.7125,-0.2616,-10.8203
2454.000000,13,14.4378,188.9351,47.6635,-0.4297,-10.6090
2454.000000,14,14.4378,189.0558,47.5310,-0.6828,-9.9728
2454.000000,15,14.4378,187.8559,47.7090,0.6950,-10.3647
2454.000000,16,14.4378,187.9738,47.6826,0.5507,-10.7668
2454.000000,17,14.4378,188.6932,47.5624,-0.2888,-10.7333
2454.000000,18,14.4378,188.8140,47.5528,-0.4193,-9.9835
2454.000000,19,14.4378,188.9363,47.6473,-0.4471,-8.5771
2454.000000,20,14.4378,187.7305,47.5856,0.6971,-10.7780
2454.000000,21,14.4378,187.8504,47.5104,0.5019,-10.7080
2454.000000,22,14.4378,187.9717,47.6213,0.4916,-9.8411
2454.000000,23,14.4378,188.6944,47.6314,-0.2211,-8.5747
2454.000000,24,14.4378,188.8184,47.0520,-0.9244,-7.3722
2455.000000,0,14.5137,188.8112,47.1221,-0.8472,-7.3954
2455.000000,1,14.5137,188.9242,47.6899,-0.3923,-8.6880
2455.000000,2,14.5137,189.0388,47.6560,-0.5408,-10.0003
2455.000000,3,14.5137,189.1551,47.5209,-0.7922,-10.8207
2455.000000,4,14.5137,189.2731,47.6101,-0.8210,-10.8663
2455.000000,5,14.5137,188.6825,47.6731,-0.1675,-8.4547
2455.000000,6,14.5137,188.7972,47.5607,-0.3946,-9.9901
2455.000000,7,14.5137,188.9135,47.5411,-0.5304,-10.7814
2455.000000,8,14.5137,189.0313,47.6855,-0.5039,-10.8328
2455.000000,9,14.5137,189.1508,47.7079,-0.6010,-10.5011
2455.000000,10,14.5137,187.9551,47.4579,0.3447,-9.8678
2455.000000,11,14.5137,188.6716,47.6542,-0.1754,-10.5931
2455.000000,12,14.5137,188.7896,47.7125,-0.2352,-10.8124
2455.000000,13,14.5137,188.9091,47.6631,-0.4041,-10.6018
2455.000000,14,14.5137,189.0302,47.5298,-0.6585,-9.9677
2455.000000,15,14.5137,187.8288,47.7089,0.7221,-10.3603
2455.000000,16,14.5137,187.9473,47.6823,0.5770,-10.7594
2455.000000,17,14.5137,188.6671,47.5611,-0.2640,-10.7243
2455.000000,18,14.5137,188.7884,47.5512,-0.3953,-9.9730
2455.000000,19,14.5137,188.9112,47.6457,-0.4236,-8.5656
2455.000000,20,14.5137,187.7038,47.5846,0.7227,-10.7712
2455.000000,21,14.5137,187.8242,47.5176,0.5353,-10.6864
2455.000000,22,14.5137,187.9460,47.6175,0.5135,-9.8264
2455.000000,23,14.5137,188.6692,47.6265,-0.2008,-8.5567
2455.000000,24,14.5137,188.7937,47.0456,-0.9061,-7.3523
2456.000000,0,14.5895,188.7832,47.1160,-0.8253,-7.3733
2456.000000,1,14.5895,188.8967,47.6877,-0.3670,-8.6672
2456.000000,2,14.5895,189.0117,47.6535,-0.5162,-9.9850
2456.000000,3,14.5895,189.1284,47.5178,-0.7686,-10.8108
2456.000000,4,14.5895,189.2469,47.6092,-0.7957,-10.8588
2456.000000,5,14.5895,188.6549,47.6718,-0.1411,-8.4414
2456.000000,6,14.5895,188.7700,47.5592,-0.3689,-9.9794
2456.000000,7,14.5895,188.8868,47.5401,-0.5047,-10.7721
2456.000000,8,14.5895,189.0051,47.6853,-0.4779,-10.8250
2456.000000,9,14.5895,189.1250,47.7077,-0.5753,-10.4961
2456.000000,10,14.5895,187.9278,47.4562,0.3704,-9.8634
2456.000000,11,14.5895,188.6448,47.6539,-0.1490,-10.5861
2456.000000,12,14.5895,188.7633,47.7125,-0.2089,-10.8046
2456.000000,13,14.5895,188.8833,47.6628,-0.3785,-10.5947
2456.000000,14,14.5895,189.0048,47.5285,-0.6343,-9.9627
2456.000000,15,14.5895,187.8019,47.7089,0.7490,-10.3561
2456.000000,16,14.5895,187.9208,47.6821,0.6032,-10.7521
2456.000000,17,14.5895,188.6412,47.5598,-0.2394,-10.7154
2456.000000,18,14.5895,188.7629,47.5496,-0.3714,-9.9625
2456.000000,19,14.5895,188.8862,47.6440,-0.4002,-8.5542
2456.000000,20,14.5895,187.6772,47.5833,0.7481,-10.7645
2456.000000,21,14.5895,187.7981,47.5247,0.5685,-10.6649
2456.000000,22,14.5895,187.9204,47.6136,0.5351,-9.8117
2456.000000,23,14.5895,188.6441,47.6214,-0.1808,-8.5388
2456.000000,24,14.5895,188.7691,47.0392,-0.8879,-7.3325
2457.000000,0,14.6653,188.7554,47.1099,-0.8035,-7.3511
2457.000000,1,14.6653,188.8692,47.6854,-0.3419,-8.6464
2457.000000,2,14.6653,188.9847,47.6509,-0.4919,-9.9698
2457.000000,3,14.6653,189.1019,47.5146,-0.7453,-10.8009
2457.000000,4,14.6653,189.2207,47.6081,-0.7707,-10.8514
2457.000000,5,14.6653,188.6273,47.6706,-0.1148,-8.4282
2457.000000,6,14.6653,188.7430,47.5576,-0.3434,-9.9688
2457.000000,7,14.6653,188.8602,47.5391,-0.4791,-10.7629
2457.000000,8,14.6653,188.9789,47.6850,-0.4520,-10.8173
2457.000000,9,14.6653,189.0993,47.7075,-0.5498,-10.4912
2457.000000,10,14.6653,187.9005,47.4546,0.3960,-9.8590
2457.000000,11,14.6653,188.0181,47.6535,0.4774,-10.5284
2457.000000,12,14.6653,188.7370,47.7125,-0.1826,-10.7969
2457.000000,13,14.6653,188.8575,47.6625,-0.3531,-10.5876
2457.000000,14,14.6653,188.9795,47.5272,-0.6103,-9.9579
2457.000000,15,14.6653,187.7750,47.7089,0.7758,-10.3520
2457.000000,16,14.6653,187.8945,47.6817,0.6292,-10.7448
2457.000000,17,14.6653,188.0153,47.5583,0.3850,-10.6563
2457.000000,18,14.6653,188.7376,47.5480,-0.3476,-9.9521
2457.000000,19,14.6653,188.8612,47.6423,-0.3770,-8.5429
2457.000000,20,14.6653,187.6506,47.5818,0.7731,-10.7581
2457.000000,21,14.6653,187.7721,47.5318,0.6016,-10.6433
2457.000000,22,14.6653,187.8950,47.6095,0.5565,-9.7972
2457.000000,23,14.6653,188.6191,47.6161,-0.1611,-8.5211
2457.000000,24,14.6653,188.7445,47.0328,-0.8698,-7.3128
2458.000000,0,14.7411,188.7276,47.1036,-0.7820,-7.3290
2458.000000,1,14.7411,188.8419,47.6829,-0.3170,-8.6258
2458.000000,2,14.7411,188.9579,47.6482,-0.4677,-9.9546
2458.000000,3,14.7411,189.0755,47.5114,-0.7221,-10.7911
2458.000000,4,14.7411,189.1947,47.6068,-0.7460,-10.8443
2458.000000,5,14.7411,187.9999,47.6693,0.5114,-8.3319
2458.000000,6,14.7411,188.7160,47.5560,-0.3180,-9.9582
2458.000000,7,14.7411,188.8337,47.5380,-0.4537,-10.7538
2458.000000,8,14.7411,188.9529,47.6846,-0.4263,-10.8097
2458.000000,9,14.7411,189.0737,47.7073,-0.5244,-10.4864
2458.000000,10,14.7411,187.8734,47.4529,0.4214,-9.8548
2458.000000,11,14.7411,187.9914,47.6531,0.5036,-10.5218
2458.000000,12,14.7411,188.7109,47.7125,-0.1565,-10.7892
2458.000000,13,14.7411,188.8319,47.6621,-0.3278,-10.5806
2458.000000,14,14.7411,188.9543,47.5259,-0.5864,-9.9531
2458.000000,15,14.7411,187.7482,47.7088,0.8025,-10.3479
2458.000000,16,14.7411,187.8682,47.6813,0.6551,-10.7377
2458.000000,17,14.7411,187.9896,47.5567,0.4091,-10.6479
2458.000000,18,14.7411,188.7123,47.5464,-0.3239,-9.9418
2458.000000,19,14.7411,188.8364,47.6405,-0.3540,-8.5317
2458.000000,20,14.7411,187.6242,47.5800,0.7978,-10.7519
2458.000000,21,14.7411,187.7463,47.5389,0.6346,-10.6217
2458.000000,22,14.7411,187.8696,47.6053,0.5777,-9.7827
2458.000000,23,14.7411,187.9942,47.6106,0.4583,-8.4210
2458.000000,24,14.7411,188.7202,47.0262,-0.8520,-7.2931
2459.000000,0,14.8167,188.6998,47.0973,-0.7606,-7.3070
2459.000000,1,14.8167,188.8147,47.6803,-0.2924,-8.6052
2459.000000,2,14.8167,188.9311,47.6453,-0.4438,-9.9395
2459.000000,3,14.8167,189.0491,47.5080,-0.6991,-10.7813
2459.000000,4,14.8167,189.1688,47.6053,-0.7216,-10.8373
2459.000000,5,14.8167,187.9725,47.6679,0.5374,-8.3191
2459.000000,6,14.8167,188.6891,47.5544,-0.2927,-9.9476
2459.000000,7,14.8167,188.8073,47.5368,-0.4285,-10.7448
2459.000000,8,14.8167,188.9270,47.6842,-0.4008,-10.8022
2459.000000,9,14.8167,189.0482,47.7071,-0.4991,-10.4817
2459.000000,10,14.8167,187.8464,47.4512,0.4468,-9.8508
2459.000000,11,14.8167,187.9649,47.6527,0.5297,-10.5152
2459.000000,12,14.8167,188.6849,47.7125,-0.1305,-10.7816
2459.000000,13,14.8167,188.8063,47.6618,-0.3026,-10.5737
2459.000000,14,14.8167,188.9292,47.5246,-0.5627,-9.9485
2459.000000,15,14.8167,187.7215,47.7087,0.8291,-10.3440
2459.000000,16,14.8167,187.8420,47.6808,0.6808,-10.7307
2459.000000,17,14.8167,187.9639,47.5551,0.4331,-10.6396
2459.000000,18,14.8167,188.6871,47.5448,-0.3004,-9.9315
2459.000000,19,14.8167,188.8117,47.6387,-0.3311,-8.5207
2459.000000,20,14.8167,187.5979,47.5780,0.8221,-10.7459
2459.000000,21,14.8167,187.7205,47.5458,0.6673,-10.6001
2459.000000,22,14.8167,187.8443,47.6010,0.5986,-9.7682
2459.000000,23,14.8167,187.9695,47.6049,0.4774,-8.4036
2459.000000,24,14.8167,188.6959,47.0196,-0.8343,-7.2735
2460.000000,0,14.8924,188.6722,47.0909,-0.7394,-7.2849
2460.000000,1,14.8924,188.7875,47.6775,-0.2681,-8.5848
2460.000000,2,14.8924,188.9044,47.6424,-0.4201,-9.9245
2460.000000,3,14.8924,189.0229,47.5046,-0.6764,-10.7715
2460.000000,4,14.8924,189.1430,47.6036,-0.6975,-10.8305
2460.000000,5,14.8924,187.9452,47.6665,0.5633,-8.3064
2460.000000,6,14.8924,188.6624,47.5528,-0.2676,-9.9371
2460.000000,7,14.8924,188.7810,47.5355,-0.4035,-10.7360
2460.000000,8,14.8924,188.9011,47.6838,-0.3754,-10.7948
2460.000000,9,14.8924,189.0228,47.7068,-0.4740,-10.4771
2460.000000,10,14.8924,187.8194,47.4494,0.4720,-9.8469
2460.000000,11,14.8924,187.9385,47.6523,0.5557,-10.5088
2460.000000,12,14.8924,188.6590,47.7125,-0.1046,-10.7740
2460.000000,13,14.8924,188.7809,47.6614,-0.2775,-10.5669
2460.000000,14,14.8924,188.9042,47.5232,-0.5390,-9.9441
2460.000000,15,14.8924,187.6949,47.7085,0.8555,-10.3402
2460.000000,16,14.8924,187.8160,47.6803,0.7063,-10.7238
2460.000000,17,14.8924,187.9384,47.5533,0.4569,-10.6314
2460.000000,18,14.8924,188.6621,47.5432,-0.2770,-9.9213
2460.000000,19,14.8924,188.7872,47.6369,-0.3083,-8.5098
2460.000000,20,14.8924,187.5716,47.5758,0.8461,-10.7401
2460.000000,21,14.8924,187.6948,47.5528,0.6999,-10.5784
2460.000000,22,14.8924,187.8192,47.5964,0.6192,-9.7539
2460.000000,23,14.8924,187.9448,47.5990,0.4961,-8.3863
2460.000000,24,14.8924,188.6717,47.0129,-0.8168,-7.2540
2461.000000,0,14.9680,188.6447,47.0844,-0.7183,-7.2629
2461.000000,1,14.9680,188.7605,47.6745,-0.2440,-8.5645
2461.000000,2,14.9680,188.8779,47.6393,-0.3966,-9.9095
2461.000000,3,14.9680,188.9968,47.5011,-0.6538,-10.7618
2461.000000,4,14.9680,189.1173,47.6017,-0.6737,-10.8240
2461.000000,5,14.9680,187.9180,47.6651,0.5891,-8.2939
2461.000000,6,14.9680,188.6357,47.5512,-0.2425,-9.9267
2461.000000,7,14.9680,188.7548,47.5341,-0.3787,-10.7273
2461.000000,8,14.9680,188.8754,47.6833,-0.3502,-10.7874
2461.000000,9,14.9680,188.9975,47.7065,-0.4490,-10.4726
2461.000000,10,14.9680,187.7926,47.4477,0.4970,-9.8431
2461.000000,11,14.9680,187.9122,47.6519,0.5817,-10.5024
2461.000000,12,14.9680,188.6332,47.7125,-0.0787,-10.7665
2461.000000,13,14.9680,188.7555,47.6611,-0.2525,-10.5601
2461.000000,14,14.9680,188.8793,47.5218,-0.5155,-9.9397
2461.000000,15,14.9680,187.6684,47.7083,0.8819,-10.3364
2461.000000,16,14.9680,187.7900,47.6797,0.7317,-10.7169
2461.000000,17,14.9680,187.9129,47.5515,0.4805,-10.6233
2461.000000,18,14.9680,188.6372,47.5415,-0.2537,-9.9111
2461.000000,19,14.9680,188.7627,47.6350,-0.2857,-8.4990
2461.000000,20,14.9680,187.5455,47.5733,0.8698,-10.7346
2461.000000,21,14.9680,187.6692,47.5596,0.7324,-10.5568
2461.000000,22,14.9680,187.7941,47.5918,0.6396,-9.7396
2461.000000,23,14.9680,187.9203,47.5929,0.5145,-8.3693
2461.000000,24,14.9680,188.6477,47.0061,-0.7996,-7.2345
2462.000000,0,15.0435,188.6173,47.0779,-0.6974,-7.2409
2462.000000,1,15.0435,188.7336,47.6714,-0.2202,-8.5443
2462.000000,2,15.0435,188.8514,47.6361,-0.3734,-9.8946
2462.000000,3,15.0435,188.9708,47.5008,-0.6280,-10.7486
2462.000000,4,15.0435,189.0917,47.5995,-0.6502,-10.8177
2462.000000,5,15.0435,187.8909,47.6637,0.6147,-8.2815
2462.000000,6,15.0435,188.0091,47.5496,0.3824,-9.8558
2462.000000,7,15.0435,188.7287,47.5326,-0.3541,-10.7188
2462.000000,8,15.0435,188.8498,47.6827,-0.3251,-10.7802
2462.000000,9,15.0435,188.9723,47.7062,-0.4241,-10.4682
2462.000000,10,15.0435,187.7659,47.4459,0.5220,-9.8394
2462.000000,11,15.0435,187.8860,47.6515,0.6075,-10.4960
2462.000000,12,15.0435,188.0075,47.7125,0.5470,-10.7112
2462.000000,13,15.0435,188.7303,47.6607,-0.2276,-10.5534
2462.000000,14,15.0435,188.8545,47.5204,-0.4922,-9.9355
2462.000000,15,15.0435,187.6421,47.7081,0.9080,-10.3328
2462.000000,16,15.0435,187.7642,47.6791,0.7569,-10.7102
2462.000000,17,15.0435,187.8876,47.5495,0.5038,-10.6154
2462.000000,18,15.0435,188.0123,47.5445,0.3741,-9.8350
2462.000000,19,15.0435,188.7383,47.6331,-0.2633,-8.4884
2462.000000,20,15.0435,187.5195,47.5705,0.8930,-10.7293
2462.000000,21,15.0435,187.6438,47.5664,0.7646,-10.5352
2462.000000,22,15.0435,187.7692,47.5870,0.6597,-9.7255
2462.000000,23,15.0435,187.8959,47.5865,0.5326,-8.3524
2462.000000,24,15.0435,188.6237,46.9993,-0.7824,-7.2151
2463.000000,0,15.1189,187.9899,47.0713,-0.0767,-7.0930
2463.000000,1,15.1189,188.7067,47.6680,-0.1967,-8.5242
2463.000000,2,15.1189,188.8250,47.6327,-0.3504,-9.8798
2463.000000,3,15.1189,188.9449,47.5080,-0.5949,-10.7272
2463.000000,4,15.1189,189.0662,47.5972,-0.6271,-10.8116
2463.000000,5,15.1189,187.8639,47.6622,0.6402,-8.2691
2463.000000,6,15.1189,187.9826,47.5479,0.4072,-9.8457
2463.000000,7,15.1189,188.7027,47.5310,-0.3297,-10.7104
2463.000000,8,15.1189,188.8242,47.6821,-0.3002,-10.7731
2463.000000,9,15.1189,188.9472,47.7059,-0.3994,-10.4638
2463.000000,10,15.1189,187.7392,47.4441,0.5468,-9.8359
2463.000000,11,15.1189,187.8599,47.6511,0.6331,-10.4898
2463.000000,12,15.1189,187.9818,47.7125,0.5726,-10.7040
2463.000000,13,15.1189,188.7052,47.6603,-0.2029,-10.5468
2463.000000,14,15.1189,188.8299,47.5190,-0.4689,-9.9314
2463.000000,15,15.1189,187.6158,47.7079,0.9341,-10.3293
2463.000000,16,15.1189,187.7385,47.6784,0.7819,-10.7036
2463.000000,17,15.1189,187.8624,47.5474,0.5270,-10.6077
2463.000000,18,15.1189,187.9876,47.5483,0.4026,-9.8191
2463.000000,19,15.1189,188.7141,47.6312,-0.2410,-8.4779
2463.000000,20,15.1189,187.4936,47.5675,0.9159,-10.7242
2463.000000,21,15.1189,187.6184,47.5731,0.7966,-10.5135
2463.000000,22,15.1189,187.7444,47.5820,0.6795,-9.7114
2463.000000,23,15.1189,187.8716,47.5800,0.5504,-8.3357
2463.000000,24,15.1189,187.9999,46.9924,-0.1655,-7.0664
2464.000000,0,15.1942,187.9627,47.0646,-0.0562,-7.0710
2464.000000,1,15.1942,188.6800,47.6645,-0.1735,-8.5043
2464.000000,2,15.1942,188.7988,47.6292,-0.3276,-9.8651
2464.000000,3,15.1942,188.9190,47.5151,-0.5620,-10.7058
2464.000000,4,15.1942,189.0409,47.5946,-0.6043,-10.8057
2464.000000,5,15.1942,187.8371,47.6607,0.6656,-8.2569
2464.000000,6,15.1942,187.9562,47.5462,0.4319,-9.8357
2464.000000,7,15.1942,188.6768,47.5294,-0.3055,-10.7021
2464.000000,8,15.1942,188.7988,47.6814,-0.2755,-10.7662
2464.000000,9,15.1942,188.9223,47.7055,-0.3748,-10.4596
2464.000000,10,15.1942,187.7127,47.4422,0.5715,-9.8325
2464.000000,11,15.1942,187.8339,47.6506,0.6587,-10.4836
2464.000000,12,15.1942,187.9563,47.7125,0.5981,-10.6969
2464.000000,13,15.1942,188.6802,47.6599,-0.1783,-10.5403
2464.000000,14,15.1942,188.8053,47.5175,-0.4459,-9.9274
2464.000000,15,15.1942,187.5896,47.7076,0.9600,-10.3258
2464.000000,16,15.1942,187.7128,47.6776,0.8068,-10.6971
2464.000000,17,15.1942,187.8373,47.5452,0.5499,-10.6001
2464.000000,18,15.1942,187.9630,47.5521,0.4310,-9.8032
2464.000000,19,15.1942,188.6900,47.6292,-0.2188,-8.4675
2464.000000,20,15.1942,187.4678,47.5642,0.9384,-10.7195
2464.000000,21,15.1942,187.5932,47.5797,0.8285,-10.4919
2464.000000,22,15.1942,187.7197,47.5768,0.6991,-9.6974
2464.000000,23,15.1942,187.8474,47.5732,0.5678,-8.3192
2464.000000,24,15.1942,187.9762,46.9855,-0.1488,-7.0471
2465.000000,0,15.2695,187.9355,47.0578,-0.0358,-7.0491
2465.000000,1,15.2695,188.6533,47.6608,-0.1506,-8.4845
2465.000000,2,15.2695,188.7726,47.6256,-0.3050,-9.8504
2465.000000,3,15.2695,188.8933,47.5222,-0.5292,-10.6844
2465.000000,4,15.2695,189.0156,47.5918,-0.5819,-10.8001
2465.000000,5,15.2695,187.8103,47.6591,0.6908,-8.2448
2465.000000,6,15.2695,187.9300,47.5445,0.4565,-9.8257
2465.000000,7,15.2695,188.6511,47.5276,-0.2815,-10.6940
2465.000000,8,15.2695,188.7735,47.6806,-0.2509,-10.7593
2465.000000,9,15.2695,188.8974,47.7051,-0.3504,-10.4555
2465.000000,10,15.2695,187.6863,47.4403,0.5960,-9.8293
2465.000000,11,15.2695,187.8080,47.6502,0.6842,-10.4776
2465.000000,12,15.2695,187.9310,47.7125,0.6235,-10.6898
2465.000000,13,15.2695,188.6553,47.6596,-0.1538,-10.5339
2465.000000,14,15.2695,188.7809,47.5160,-0.4229,-9.9236
2465.000000,15,15.2695,187.5635,47.7073,0.9857,-10.3225
2465.000000,16,15.2695,187.6873,47.6768,0.8314,-10.6907
2465.000000,17,15.2695,187.8123,47.5429,0.5726,-10.5926
2465.000000,18,15.2695,187.9385,47.5559,0.4593,-9.7873
2465.000000,19,15.2695,188.6660,47.6272,-0.1968,-8.4572
2465.000000,20,15.2695,187.4421,47.5606,0.9605,-10.7149
2465.000000,21,15.2695,187.5680,47.5862,0.8601,-10.4703
2465.000000,22,15.2695,187.6951,47.5715,0.7184,-9.6835
2465.000000,23,15.2695,187.8233,47.5662,0.5848,-8.3029
2465.000000,24,15.2695,187.9526,46.9785,-0.1322,-7.0279
2466.000000,0,15.3447,187.9085,47.0509,-0.0156,-7.0273
2466.000000,1,15.3447,188.6268,47.6569,-0.1279,-8.4648
2466.000000,2,15.3447,188.7465,47.6218,-0.2828,-9.8358
2466.000000,3,15.3447,188.8678,47.5292,-0.4965,-10.6630
2466.000000,4,15.3447,188.9904,47.5887,-0.5598,-10.7947
2466.000000,5,15.3447,187.7836,47.6575,0.7159,-8.2329
2466.000000,6,15.3447,187.9038,47.5428,0.4810,-9.8158
2466.000000,7,15.3447,188.6254,47.5257,-0.2578,-10.6861
2466.000000,8,15.3447,188.7483,47.6798,-0.2265,-10.7525
2466.000000,9,15.3447,188.8727,47.7046,-0.3261,-10.4515
2466.000000,10,15.3447,187.6599,47.4384,0.6205,-9.8262
2466.000000,11,15.3447,187.7822,47.6498,0.7096,-10.4716
2466.000000,12,15.3447,187.9057,47.7125,0.6487,-10.6829
2466.000000,13,15.3447,188.6305,47.6592,-0.1294,-10.5275
2466.000000,14,15.3447,188.7566,47.5145,-0.4001,-9.9199
2466.000000,15,15.3447,187.5376,47.7069,1.0113,-10.3193
2466.000000,16,15.3447,187.6619,47.6759,0.8559,-10.6845
2466.000000,17,15.3447,187.7874,47.5405,0.5950,-10.5853
2466.000000,18,15.3447,187.9141,47.5597,0.4875,-9.7715
2466.000000,19,15.3447,188.6421,47.6251,-0.1750,-8.4471
2466.000000,20,15.3447,187.4165,47.5567,0.9822,-10.7107
2466.000000,21,15.3447,187.5430,47.5926,0.8916,-10.4487
2466.000000,22,15.3447,187.6706,47.5660,0.7374,-9.6696
2466.000000,23,15.3447,187.7993,47.5589,0.6016,-8.2868
2466.000000,24,15.3447,187.9292,46.9714,-0.1159,-7.0088
2467.000000,0,15.4198,187.8815,47.0439,0.0044,-7.0055
2467.000000,1,15.4198,188.0004,47.6528,0.4944,-8.3624
2467.000000,2,15.4198,188.7206,47.6179,-0.2607,-9.8214
2467.000000,3,15.4198,188.8423,47.5362,-0.4641,-10.6416
2467.000000,4,15.4198,188.9654,47.5854,-0.5380,-10.7895
2467.000000,5,15.4198,187.7570,47.6558,0.7408,-8.2210
2467.000000,6,15.4198,187.8777,47.5411,0.5053,-9.8060
2467.000000,7,15.4198,187.9998,47.5236,0.3658,-10.6274
2467.000000,8,15.4198,188.7233,47.6790,-0.2023,-10.7459
2467.000000,9,15.4198,188.8481,47.7042,-0.3019,-10.4476
2467.000000,10,15.4198,187.6337,47.4365,0.6447,-9.8233
2467.000000,11,15.4198,187.7565,47.6493,0.7348,-10.4657
2467.000000,12,15.4198,187.8805,47.7125,0.6739,-10.6760
2467.000000,13,15.4198,188.0058,47.6588,0.4949,-10.4700
2467.000000,14,15.4198,188.7324,47.5130,-0.3774,-9.9164
2467.000000,15,15.4198,187.5117,47.7066,1.0368,-10.3162
2467.000000,16,15.4198,187.6366,47.6749,0.8803,-10.6783
2467.000000,17,15.4198,187.7627,47.5380,0.6173,-10.5782
2467.000000,18,15.4198,187.8899,47.5635,0.5156,-9.7557
2467.000000,19,15.4198,188.0183,47.6230,0.4467,-8.3531
2467.000000,20,15.4198,187.3910,47.5525,1.0035,-10.7067
2467.000000,21,15.4198,187.5181,47.5989,0.9228,-10.4271
2467.000000,22,15.4198,187.6463,47.5697,0.7654,-9.6456
2467.000000,23,15.4198,187.7755,47.5515,0.6179,-8.2708
2467.000000,24,15.4198,187.9058,46.9642,-0.0997,-6.9898
2468.000000,0,15.4948,187.8547,47.0369,0.0242,-6.9837
2468.000000,1,15.4948,187.9740,47.6485,0.5165,-8.3431
2468.000000,2,15.4948,188.6947,47.6139,-0.2389,-9.8070
2468.000000,3,15.4948,188.8169,47.5432,-0.4317,-10.6202
2468.000000,4,15.4948,188.9405,47.5819,-0.5166,-10.7847
2468.000000,5,15.4948,187.7305,47.6541,0.7656,-8.2093
2468.000000,6,15.4948,187.8518,47.5393,0.5295,-9.7962
2468.000000,7,15.4948,187.9744,47.5215,0.3891,-10.6199
2468.000000,8,15.4948,188.6983,47.6780,-0.1783,-10.7394
2468.000000,9,15.4948,188.8236,47.7037,-0.2779,-10.4438
2468.000000,10,15.4948,187.6076,47.4348,0.6692,-9.8202
2468.000000,11,15.4948,187.7309,47.6488,0.7599,-10.4599
2468.000000,12,15.4948,187.8554,47.7125,0.6990,-10.6692
2468.000000,13,15.4948,187.9812,47.6584,0.5191,-10.4641
2468.000000,14,15.4948,188.7083,47.5114,-0.3549,-9.9129
2468.000000,15,15.4948,187.4859,47.7061,1.0621,-10.3133
2468.000000,16,15.4948,187.6114,47.6738,0.9044,-10.6723
2468.000000,17,15.4948,187.7380,47.5353,0.6393,-10.5712
2468.000000,18,15.4948,187.8657,47.5673,0.5435,-9.7400
2468.000000,19,15.4948,187.9947,47.6209,0.4682,-8.3435
2468.000000,20,15.4948,187.3657,47.5480,1.0243,-10.7030
2468.000000,21,15.4948,187.4933,47.6052,0.9538,-10.4055
2468.000000,22,15.4948,187.6220,47.5750,0.7950,-9.6196
2468.000000,23,15.4948,187.7518,47.5437,0.6339,-8.2551
2468.000000,24,15.4948,187.8826,46.9570,-0.0837,-6.9709
2469.000000,0,15.5696,187.8279,47.0298,0.0438,-6.9620
2469.000000,1,15.5696,187.9478,47.6440,0.5382,-8.3240
2469.000000,2,15.5696,188.6690,47.6097,-0.2174,-9.7927
2469.000000,3,15.5696,188.7916,47.5501,-0.3996,-10.5988
2469.000000,4,15.5696,188.9157,47.5781,-0.4956,-10.7800
2469.000000,5,15.5696,187.7041,47.6524,0.7903,-8.1977
2469.000000,6,15.5696,187.8259,47.5375,0.5536,-9.7865
2469.000000,7,15.5696,187.9490,47.5193,0.4122,-10.6127
2469.000000,8,15.5696,188.6734,47.6770,-0.1544,-10.7330
2469.000000,9,15.5696,188.7992,47.7031,-0.2541,-10.4401
2469.000000,10,15.5696,187.5815,47.4338,0.6943,-9.8164
2469.000000,11,15.5696,187.7054,47.6484,0.7849,-10.4542
2469.000000,12,15.5696,187.8305,47.7125,0.7239,-10.6624
2469.000000,13,15.5696,187.9568,47.6579,0.5431,-10.4582
2469.000000,14,15.5696,188.6843,47.5098,-0.3325,-9.9097
2469.000000,15,15.5696,187.4603,47.7057,1.0873,-10.3104
2469.000000,16,15.5696,187.5863,47.6727,0.9284,-10.6664
2469.000000,17,15.5696,187.7134,47.5325,0.6610,-10.5644
2469.000000,18,15.5696,187.8417,47.5711,0.5713,-9.7243
2469.000000,19,15.5696,187.9711,47.6187,0.4895,-8.3340
2469.000000,20,15.5696,187.3404,47.5432,1.0448,-10.6996
2469.000000,21,15.5696,187.4686,47.6113,0.9846,-10.3840
2469.000000,22,15.5696,187.5979,47.5802,0.8243,-9.5937
2469.000000,23,15.5696,187.7282,47.5358,0.6495,-8.2396
2469.000000,24,15.5696,187.8595,46.9497,-0.0679,-6.9520
2470.000000,0,15.6444,187.8013,47.0226,0.0633,-6.9403
2470.000000,1,15.6444,187.9216,47.6393,0.5596,-8.3050
2470.000000,2,15.6444,188.6434,47.6053,-0.1961,-9.7785
2470.000000,3,15.6444,188.7665,47.5569,-0.3676,-10.5774
2470.000000,4,15.6444,188.8909,47.5740,-0.4750,-10.7757
2470.000000,5,15.6444,187.6778,47.6506,0.8148,-8.1863
2470.000000,6,15.6444,187.8001,47.5357,0.5775,-9.7769
2470.000000,7,15.6444,187.9238,47.5169,0.4351,-10.6056
2470.000000,8,15.6444,188.6487,47.6760,-0.1308,-10.7267
2470.000000,9,15.6444,188.7749,47.7026,-0.2304,-10.4365
2470.000000,10,15.6444,187.5556,47.4329,0.7192,-9.8127
2470.000000,11,15.6444,187.6800,47.6479,0.8098,-10.4486
2470.000000,12,15.6444,187.8056,47.7125,0.7488,-10.6557
2470.000000,13,15.6444,187.9325,47.6575,0.5670,-10.4524
2470.000000,14,15.6444,188.6605,47.5082,-0.3103,-9.9065
2470.000000,15,15.6444,187.4348,47.7052,1.1124,-10.3077
2470.000000,16,15.6444,187.5613,47.6715,0.9521,-10.6606
2470.000000,17,15.6444,187.6890,47.5296,0.6825,-10.5578
2470.000000,18,15.6444,187.8178,47.5748,0.5990,-9.7087
2470.000000,19,15.6444,187.9477,47.6164,0.5107,-8.3247
2470.000000,20,15.6444,187.3153,47.5418,1.0684,-10.6926
2470.000000,21,15.6444,187.4441,47.6172,1.0151,-10.3625
2470.000000,22,15.6444,187.5739,47.5852,0.8533,-9.5678
2470.000000,23,15.6444,187.7047,47.5276,0.6648,-8.2244
2470.000000,24,15.6444,187.8366,46.9423,-0.0523,-6.9333
2471.000000,0,15.7191,187.7747,47.0153,0.0825,-6.9187
2471.000000,1,15.7191,187.8956,47.6344,0.5807,-8.2862
2471.000000,2,15.7191,188.0178,47.6008,0.4250,-9.7023
2471.000000,3,15.7191,188.7414,47.5636,-0.3358,-10.5561
2471.000000,4,15.7191,188.8664,47.5697,-0.4547,-10.7716
2471.000000,5,15.7191,187.6516,47.6488,0.8392,-8.1750
2471.000000,6,15.7191,187.7745,47.5339,0.6014,-9.7673
2471.000000,7,15.7191,187.8986,47.5144,0.4578,-10.5986
2471.000000,8,15.7191,188.6240,47.6748,-0.1073,-10.7206
2471.000000,9,15.7191,188.7507,47.7019,-0.2068,-10.4330
2471.000000,10,15.7191,187.5298,47.4319,0.7441,-9.8091
2471.000000,11,15.7191,187.6548,47.6474,0.8346,-10.4431
2471.000000,12,15.7191,187.7809,47.7125,0.7735,-10.6491
2471.000000,13,15.7191,187.9082,47.6571,0.5908,-10.4467
2471.000000,14,15.7191,188.6367,47.5066,-0.2882,-9.9036
2471.000000,15,15.7191,187.4094,47.7046,1.1372,-10.3051
2471.000000,16,15.7191,187.5365,47.6702,0.9757,-10.6550
2471.000000,17,15.7191,187.6647,47.5265,0.7038,-10.5513
2471.000000,18,15.7191,187.7940,47.5786,0.6266,-9.6931
2471.000000,19,15.7191,187.9244,47.6142,0.5317,-8.3155
2471.000000,20,15.7191,187.2903,47.5473,1.0991,-10.6778
2471.000000,21,15.7191,187.4196,47.6231,1.0454,-10.3410
2471.000000,22,15.7191,187.5500,47.5900,0.8819,-9.5421
2471.000000,23,15.7191,187.6814,47.5191,0.6797,-8.2093
2471.000000,24,15.7191,187.8137,46.9349,-0.0369,-6.9146
2472.000000,0,15.7936,187.7483,47.0079,0.1016,-6.8971
2472.000000,1,15.7936,187.8697,47.6292,0.6015,-8.2675
2472.000000,2,15.7936,187.9924,47.5962,0.4457,-9.6884
2472.000000,3,15.7936,188.7165,47.5703,-0.3042,-10.5347
2472.000000,4,15.7936,188.8419,47.5651,-0.4348,-10.7677
2472.000000,5,15.7936,187.6255,47.6469,0.8634,-8.1638
2472.000000,6,15.7936,187.7489,47.5321,0.6251,-9.7578
2472.000000,7,15.7936,187.8736,47.5118,0.4802,-10.5919
2472.000000,8,15.7936,187.9995,47.6736,0.5161,-10.6658
2472.000000,9,15.7936,188.7267,47.7013,-0.1834,-10.4297
2472.000000,10,15.7936,187.5041,47.4310,0.7689,-9.8057
2472.000000,11,15.7936,187.6296,47.6469,0.8593,-10.4377
2472.000000,12,15.7936,187.7563,47.7125,0.7981,-10.6426
2472.000000,13,15.7936,187.8841,47.6567,0.6145,-10.4411
2472.000000,14,15.7936,188.0131,47.5049,0.3337,-9.8393
2472.000000,15,15.7936,187.3840,47.7040,1.1620,-10.3026
2472.000000,16,15.7936,187.5117,47.6689,0.9991,-10.6495
2472.000000,17,15.7936,187.6405,47.5276,0.7291,-10.5404
2472.000000,18,15.7936,187.7703,47.5824,0.6540,-9.6776
2472.000000,19,15.7936,187.9012,47.6119,0.5526,-8.3065
2472.000000,20,15.7936,187.2654,47.5529,1.1295,-10.6630
2472.000000,21,15.7936,187.3953,47.6288,1.0755,-10.3196
2472.000000,22,15.7936,187.5262,47.5946,0.9103,-9.5165
2472.000000,23,15.7936,187.6581,47.5103,0.6942,-8.1945
2472.000000,24,15.7936,187.7910,46.9274,-0.0217,-6.8961
2473.000000,0,15.8680,187.7219,47.0005,0.1205,-6.8756
2473.000000,1,15.8680,187.8439,47.6238,0.6219,-8.2491
2473.000000,2,15.8680,187.9671,47.5913,0.4662,-9.6747
2473.000000,3,15.8680,188.6916,47.5769,-0.2728,-10.5134
2473.000000,4,15.8680,188.8175,47.5602,-0.4154,-10.7642
2473.000000,5,15.8680,187.5995,47.6450,0.8874,-8.1528
2473.000000,6,15.8680,187.7235,47.5302,0.6487,-9.7484
2473.000000,7,15.8680,187.8487,47.5091,0.5024,-10.5853
2473.000000,8,15.8680,187.9751,47.6723,0.5392,-10.6602
2473.000000,9,15.8680,188.7027,47.7006,-0.1601,-10.4265
2473.000000,10,15.8680,187.4785,47.4301,0.7936,-9.8023
2473.000000,11,15.8680,187.6046,47.6465,0.8838,-10.4324
2473.000000,12,15.8680,187.7318,47.7125,0.8226,-10.6362
2473.000000,13,15.8680,187.8601,47.6562,0.6380,-10.4356
2473.000000,14,15.8680,187.9896,47.5032,0.3555,-9.8369
2473.000000,15,15.8680,187.3588,47.7034,1.1865,-10.3002
2473.000000,16,15.8680,187.4871,47.6674,1.0222,-10.6441
2473.000000,17,15.8680,187.6164,47.5305,0.7561,-10.5276
2473.000000,18,15.8680,187.7468,47.5861,0.6813,-9.6622
2473.000000,19,15.8680,187.8782,47.6095,0.5733,-8.2976
2473.000000,20,15.8680,187.2406,47.5583,1.1597,-10.6482
2473.000000,21,15.8680,187.3711,47.6344,1.1053,-10.2983
2473.000000,22,15.8680,187.5026,47.5989,0.9383,-9.4911
2473.000000,23,15.8680,187.6350,47.5013,0.7083,-8.1800
2473.000000,24,15.8680,187.7684,46.9198,-0.0067,-6.8777
2474.000000,0,15.9423,187.6957,46.9929,0.1392,-6.8541
2474.000000,1,15.9423,187.8181,47.6182,0.6420,-8.2308
2474.000000,2,15.9423,187.9419,47.5864,0.4864,-9.6610
2474.000000,3,15.9423,188.6669,47.5834,-0.2415,-10.4922
2474.000000,4,15.9423,188.7933,47.5550,-0.3963,-10.7610
2474.000000,5,15.9423,187.5737,47.6430,0.9113,-8.1419
2474.000000,6,15.9423,187.6982,47.5283,0.6721,-9.7391
2474.000000,7,15.9423,187.8239,47.5062,0.5243,-10.5790
2474.000000,8,15.9423,187.9508,47.6709,0.5621,-10.6546
2474.000000,9,15.9423,188.6789,47.6999,-0.1370,-10.4234
2474.000000,10,15.9423,187.4530,47.4292,0.8181,-9.7991
2474.000000,11,15.9423,187.5797,47.6459,0.9082,-10.4272
2474.000000,12,15.9423,187.7074,47.7125,0.8470,-10.6298
2474.000000,13,15.9423,187.8363,47.6558,0.6614,-10.4302
2474.000000,14,15.9423,187.9662,47.5014,0.3772,-9.8347
2474.000000,15,15.9423,187.3338,47.7027,1.2109,-10.2980
2474.000000,16,15.9423,187.4626,47.6659,1.0452,-10.6389
2474.000000,17,15.9423,187.5925,47.5334,0.7829,-10.5147
2474.000000,18,15.9423,187.7234,47.5898,0.7084,-9.6468
2474.000000,19,15.9423,187.8553,47.6071,0.5938,-8.2889
2474.000000,20,15.9423,187.2159,47.5637,1.1898,-10.6335
2474.000000,21,15.9423,187.3470,47.6399,1.1348,-10.2770
2474.000000,22,15.9423,187.4791,47.6030,0.9659,-9.4658
2474.000000,23,15.9423,187.6120,47.4921,0.7220,-8.1656
2474.000000,24,15.9423,187.7460,46.9121,0.0082,-6.8593
2475.000000,0,16.0165,187.6695,46.9853,0.1578,-6.8327
2475.000000,1,16.0165,187.7925,47.6123,0.6617,-8.2128
2475.000000,2,16.0165,187.9168,47.5812,0.5064,-9.6474
2475.000000,3,16.0165,188.6423,47.5898,-0.2105,-10.4709
2475.000000,4,16.0165,188.7691,47.5566,-0.3705,-10.7503
2475.000000,5,16.0165,187.5479,47.6410,0.9351,-8.1312
2475.000000,6,16.0165,187.6730,47.5264,0.6954,-9.7298
2475.000000,7,16.0165,187.7992,47.5032,0.5460,-10.5728
2475.000000,8,16.0165,187.9266,47.6695,0.5848,-10.6492
2475.000000,9,16.0165,188.6552,47.6991,-0.1141,-10.4204
2475.000000,10,16.0165,187.4277,47.4283,0.8426,-9.7960
2475.000000,11,16.0165,187.5549,47.6454,0.9325,-10.4221
2475.000000,12,16.0165,187.6832,47.7125,0.8713,-10.6236
2475.000000,13,16.0165,187.8125,47.6553,0.6847,-10.4249
2475.000000,14,16.0165,187.9430,47.4997,0.3986,-9.8326
2475.000000,15,16.0165,187.3088,47.7020,1.2352,-10.2959
2475.000000,16,16.0165,187.4382,47.6642,1.0680,-10.6338
2475.000000,17,16.0165,187.5686,47.5364,0.8097,-10.5019
2475.000000,18,16.0165,187.7000,47.5935,0.7355,-9.6315
2475.000000,19,16.0165,187.8325,47.6046,0.6141,-8.2804
2475.000000,20,16.0165,187.1914,47.5690,1.2196,-10.6188
2475.000000,21,16.0165,187.3231,47.6452,1.1641,-10.2557
2475.000000,22,16.0165,187.4557,47.6069,0.9932,-9.4406
2475.000000,23,16.0165,187.5892,47.4825,0.7353,-8.1516
2475.000000,24,16.0165,187.7236,46.9044,0.0228,-6.8411
2476.000000,0,16.0905,187.6435,46.9776,0.1761,-6.8114
2476.000000,1,16.0905,187.7670,47.6062,0.6811,-8.1949
2476.000000,2,16.0905,187.8918,47.5759,0.5260,-9.6339
2476.000000,3,16.0905,188.0178,47.5962,0.4203,-10.3967
2476.000000,4,16.0905,188.7451,47.5612,-0.3419,-10.7364
2476.000000,5,16.0905,187.5222,47.6390,0.9587,-8.1206
2476.000000,6,16.0905,187.6479,47.5245,0.7186,-9.7207
2476.000000,7,16.0905,187.7746,47.5055,0.5729,-10.5609
2476.000000,8,16.0905,187.9025,47.6680,0.6074,-10.6440
2476.000000,9,16.0905,188.6316,47.6984,-0.0913,-10.4175
2476.000000,10,16.0905,187.4024,47.4275,0.8670,-9.7929
2476.000000,11,16.0905,187.5302,47.6449,0.9567,-10.4171
2476.000000,12,16.0905,187.6590,47.7125,0.8954,-10.6174
2476.000000,13,16.0905,187.7889,47.6548,0.7079,-10.4197
2476.000000,14,16.0905,187.9199,47.4979,0.4200,-9.8306
2476.000000,15,16.0905,187.2840,47.7013,1.2593,-10.2940
2476.000000,16,16.0905,187.4140,47.6625,1.0905,-10.6288
2476.000000,17,16.0905,187.5449,47.5393,0.8363,-10.4892
2476.000000,18,16.0905,187.6769,47.5972,0.7623,-9.6163
2476.000000,19,16.0905,187.8098,47.6021,0.6343,-8.2720
2476.000000,20,16.0905,187.1669,47.5742,1.2492,-10.6041
2476.000000,21,16.0905,187.2992,47.6503,1.1930,-10.2345
2476.000000,22,16.0905,187.4324,47.6106,1.0201,-9.4156
2476.000000,23,16.0905,187.5665,47.4727,0.7482,-8.1378
2476.000000,24,16.0905,187.7014,46.8966,0.0372,-6.8231
2477.000000,0,16.1643,187.6175,46.9698,0.1942,-6.7902
2477.000000,1,16.1643,187.7416,47.5998,0.7002,-8.1773
2477.000000,2,16.1643,187.8669,47.5704,0.5454,-9.6206
2477.000000,3,16.1643,187.9934,47.6024,0.4509,-10.3757
2477.000000,4,16.1643,188.7212,47.5658,-0.3134,-10.7226
2477.000000,5,16.1643,187.4967,47.6369,0.9821,-8.1102
2477.000000,6,16.1643,187.6229,47.5226,0.7417,-9.7116
2477.000000,7,16.1643,187.7502,47.5085,0.6003,-10.5483
2477.000000,8,16.1643,187.8786,47.6664,0.6297,-10.6389
2477.000000,9,16.1643,188.0082,47.6975,0.5313,-10.3627
2477.000000,10,16.1643,187.3772,47.4266,0.8913,-9.7901
2477.000000,11,16.1643,187.5056,47.6444,0.9808,-10.4122
2477.000000,12,16.1643,187.6350,47.7125,0.9195,-10.6113
2477.000000,13,16.1643,187.7654,47.6544,0.7309,-10.4146
2477.000000,14,16.1643,187.8968,47.4960,0.4412,-9.8288
2477.000000,15,16.1643,187.2592,47.7004,1.2832,-10.2921
2477.000000,16,16.1643,187.3898,47.6607,1.1129,-10.6241
2477.000000,17,16.1643,187.5213,47.5423,0.8629,-10.4764
2477.000000,18,16.1643,187.6538,47.6009,0.7891,-9.6011
2477.000000,19,16.1643,187.7872,47.5996,0.6543,-8.2638
2477.000000,20,16.1643,187.1426,47.5793,1.2786,-10.5894
2477.000000,21,16.1643,187.2755,47.6553,1.2217,-10.2134
2477.000000,22,16.1643,187.4093,47.6140,1.0466,-9.3908
2477.000000,23,16.1643,187.5439,47.4626,0.7607,-8.1242
2477.000000,24,16.1643,187.6793,46.8888,0.0514,-6.8051
2478.000000,0,16.2380,187.5917,46.9619,0.2122,-6.7690
2478.000000,1,16.2380,187.7163,47.5932,0.7188,-8.1598
2478.000000,2,16.2380,187.8421,47.5647,0.5645,-9.6074
2478.000000,3,16.2380,187.9692,47.6085,0.4813,-10.3547
2478.000000,4,16.2380,188.6974,47.5703,-0.2852,-10.7087
2478.000000,5,16.2380,187.4713,47.6347,1.0054,-8.0999
2478.000000,6,16.2380,187.5980,47.5206,0.7646,-9.7026
2478.000000,7,16.2380,187.7258,47.5115,0.6276,-10.5358
2478.000000,8,16.2380,187.8548,47.6647,0.6519,-10.6339
2478.000000,9,16.2380,187.9848,47.6966,0.5538,-10.3603
2478.000000,10,16.2380,187.3522,47.4258,0.9155,-9.7873
2478.000000,11,16.2380,187.4811,47.6438,1.0047,-10.4074
2478.000000,12,16.2380,187.6111,47.7125,0.9434,-10.6052
2478.000000,13,16.2380,187.7420,47.6539,0.7538,-10.4096
2478.000000,14,16.2380,187.8740,47.4942,0.4622,-9.8272
2478.000000,15,16.2380,187.2346,47.6996,1.3069,-10.2904
2478.000000,16,16.2380,187.3658,47.6588,1.1350,-10.6194
2478.000000,17,16.2380,187.4979,47.5452,0.8893,-10.4637
2478.000000,18,16.2380,187.6309,47.6045,0.8156,-9.5861
2478.000000,19,16.2380,187.7648,47.5970,0.6742,-8.2557
2478.000000,20,16.2380,187.1185,47.5844,1.3078,-10.5748
2478.000000,21,16.2380,187.2520,47.6601,1.2501,-10.1924
2478.000000,22,16.2380,187.3863,47.6171,1.0728,-9.3661
2478.000000,23,16.2380,187.5214,47.4522,0.7727,-8.1109
2478.000000,24,16.2380,187.6574,46.8809,0.0654,-6.7873
2479.000000,0,16.3116,187.5660,46.9539,0.2299,-6.7479
2479.000000,1,16.3116,187.6912,47.5863,0.7371,-8.1426
2479.000000,2,16.3116,187.8175,47.5588,0.5833,-9.5942
2479.000000,3,16.3116,187.9450,47.6145,0.5115,-10.3338
2479.000000,4,16.3116,188.6737,47.5747,-0.2571,-10.6950
2479.000000,5,16.3116,187.4459,47.6325,1.0285,-8.0898
2479.000000,6,16.3116,187.5732,47.5186,0.7874,-9.6936
2479.000000,7,16.3116,187.7016,47.5145,0.6548,-10.5232
2479.000000,8,16.3116,187.8310,47.6629,0.6738,-10.6291
2479.000000,9,16.3116,187.9616,47.6957,0.5761,-10.3581
2479.000000,10,16.3116,187.3273,47.4249,0.9396,-9.7846
2479.000000,11,16.3116,187.4568,47.6433,1.0285,-10.4028
2479.000000,12,16.3116,187.5873,47.7125,0.9672,-10.5993
2479.000000,13,16.3116,187.7187,47.6534,0.7766,-10.4047
2479.000000,14,16.3116,187.8512,47.4923,0.4831,-9.8257
2479.000000,15,16.3116,187.2101,47.6987,1.3305,-10.2889
2479.000000,16,16.3116,187.3419,47.6569,1.1569,-10.6149
2479.000000,17,16.3116,187.4745,47.5482,0.9156,-10.4510
2479.000000,18,16.3116,187.6081,47.6081,0.8421,-9.5711
2479.000000,19,16.3116,187.7425,47.5944,0.6938,-8.2479
2479.000000,20,16.3116,187.0944,47.5893,1.3368,-10.5602
2479.000000,21,16.3116,187.2285,47.6648,1.2782,-10.1715
2479.000000,22,16.3116,187.3634,47.6200,1.0985,-9.3417
2479.000000,23,16.3116,187.4991,47.4430,0.7859,-8.0962
2479.000000,24,16.3116,187.6356,46.8729,0.0793,-6.7696
2480.000000,0,16.3849,187.5404,46.9459,0.2474,-6.7268
2480.000000,1,16.3849,187.6661,47.5792,0.7550,-8.1256
2480.000000,2,16.3849,187.7930,47.5528,0.6018,-9.5813
2480.000000,3,16.3849,187.9210,47.6204,0.5414,-10.3129
2480.000000,4,16.3849,188.6502,47.5790,-0.2292,-10.6812
2480.000000,5,16.3849,187.4207,47.6303,1.0515,-8.0798
2480.000000,6,16.3849,187.5486,47.5168,0.8102,-9.6846
2480.000000,7,16.3849,187.6775,47.5175,0.6820,-10.5108
2480.000000,8,16.3849,187.8074,47.6610,0.6955,-10.6245
2480.000000,9,16.3849,187.9385,47.6948,0.5982,-10.3560
2480.000000,10,16.3849,187.3025,47.4241,0.9636,-9.7821
2480.000000,11,16.3849,187.4326,47.6427,1.0521,-10.3982
2480.000000,12,16.3849,187.5636,47.7125,0.9908,-10.5935
2480.000000,13,16.3849,187.6956,47.6529,0.7993,-10.3999
2480.000000,14,16.3849,187.8285,47.4904,0.5038,-9.8244
2480.000000,15,16.3849,187.1858,47.6977,1.3539,-10.2875
2480.000000,16,16.3849,187.3181,47.6548,1.1786,-10.6106
2480.000000,17,16.3849,187.4513,47.5511,0.9418,-10.4383
2480.000000,18,16.3849,187.5854,47.6117,0.8683,-9.5562
2480.000000,19,16.3849,187.7203,47.5917,0.7133,-8.2401
2480.000000,20,16.3849,187.0705,47.5941,1.3656,-10.5456
2480.000000,21,16.3849,187.2052,47.6692,1.3060,-10.1506
2480.000000,22,16.3849,187.3406,47.6226,1.1239,-9.3174
2480.000000,23,16.3849,187.4769,47.4423,0.8074,-8.0716
2480.000000,24,16.3849,187.6139,46.8648,0.0929,-6.7520
2481.000000,0,16.4581,187.5149,46.9377,0.2648,-6.7059
2481.000000,1,16.4581,187.6411,47.5717,0.7726,-8.1089
2481.000000,2,16.4581,187.7685,47.5465,0.6199,-9.5684
2481.000000,3,16.4581,187.8971,47.6262,0.5711,-10.2921
2481.000000,4,16.4581,188.6267,47.5833,-0.2015,-10.6675
2481.000000,5,16.4581,187.3956,47.6279,1.0743,-8.0701
2481.000000,6,16.4581,187.5240,47.5215,0.8394,-9.6684
2481.000000,7,16.4581,187.6535,47.5205,0.7090,-10.4983
2481.000000,8,16.4581,187.7840,47.6591,0.7171,-10.6200
2481.000000,9,16.4581,187.9155,47.6937,0.6202,-10.3540
2481.000000,10,16.4581,187.2778,47.4233,0.9875,-9.7797
2481.000000,11,16.4581,187.4085,47.6422,1.0757,-10.3938
2481.000000,12,16.4581,187.5400,47.7125,1.0144,-10.5878
2481.000000,13,16.4581,187.6726,47.6524,0.8218,-10.3952
2481.000000,14,16.4581,187.8060,47.4884,0.5244,-9.8232
2481.000000,15,16.4581,187.1615,47.6967,1.3772,-10.2862
2481.000000,16,16.4581,187.2944,47.6526,1.2001,-10.6064
2481.000000,17,16.4581,187.4282,47.5541,0.9679,-10.4257
2481.000000,18,16.4581,187.5628,47.6153,0.8944,-9.5414
2481.000000,19,16.4581,187.6983,47.5889,0.7326,-8.2326
2481.000000,20,16.4581,187.0467,47.5988,1.3941,-10.5311
2481.000000,21,16.4581,187.1820,47.6735,1.3335,-10.1298
2481.000000,22,16.4581,187.3180,47.6249,1.1488,-9.2933
2481.000000,23,16.4581,187.4548,47.4416,0.8288,-8.0470
2481.000000,24,16.4581,187.5923,46.8567,0.1063,-6.7346
2482.000000,0,16.5311,187.4895,46.9294,0.2819,-6.6850
2482.000000,1,16.5311,187.6163,47.5640,0.7897,-8.0924
2482.000000,2,16.5311,187.7442,47.5401,0.6378,-9.5557
2482.000000,3,16.5311,187.8733,47.6318,0.6005,-10.2714
2482.000000,4,16.5311,188.0034,47.5875,0.4260,-10.6034
2482.000000,5,16.5311,187.3706,47.6256,1.0969,-8.0605
2482.000000,6,16.5311,187.4996,47.5262,0.8685,-9.6523
2482.000000,7,16.5311,187.6296,47.5236,0.7359,-10.4859
2482.000000,8,16.5311,187.7606,47.6570,0.7384,-10.6157
2482.000000,9,16.5311,187.8927,47.6927,0.6420,-10.3521
2482.000000,10,16.5311,187.2533,47.4226,1.0113,-9.7774
2482.000000,11,16.5311,187.3845,47.6416,1.0991,-10.3894
2482.000000,12,16.5311,187.5166,47.7125,1.0378,-10.5821
2482.000000,13,16.5311,187.6497,47.6519,0.8442,-10.3907
2482.000000,14,16.5311,187.7836,47.4864,0.5448,-9.8223
2482.000000,15,16.5311,187.1374,47.6956,1.4002,-10.2851
2482.000000,16,16.5311,187.2709,47.6503,1.2214,-10.6024
2482.000000,17,16.5311,187.4052,47.5571,0.9938,-10.4131
2482.000000,18,16.5311,187.5404,47.6188,0.9204,-9.5267
2482.000000,19,16.5311,187.6764,47.5862,0.7517,-8.2253
2482.000000,20,16.5311,187.0231,47.6034,1.4223,-10.5166
2482.000000,21,16.5311,187.1589,47.6776,1.3606,-10.1092
2482.000000,22,16.5311,187.2955,47.6269,1.1733,-9.2694
2482.000000,23,16.5311,187.4329,47.4408,0.8499,-8.0224
2482.000000,24,16.5311,187.5709,46.8485,0.1195,-6.7173
2483.000000,0,16.6040,187.4642,46.9211,0.2989,-6.6643
2483.000000,1,16.6040,187.5916,47.5560,0.8064,-8.0762
2483.000000,2,16.6040,187.7200,47.5334,0.6554,-9.5431
2483.000000,3,16.6040,187.8496,47.6373,0.6297,-10.2508
2483.000000,4,16.6040,187.9802,47.5916,0.4533,-10.5900
2483.000000,5,16.6040,187.3458,47.6232,1.1194,-8.0511
2483.000000,6,16.6040,187.4753,47.5308,0.8975,-9.6363
2483.000000,7,16.6040,187.6059,47.5266,0.7627,-10.4735
2483.000000,8,16.6040,187.7374,47.6549,0.7595,-10.6115
2483.000000,9,16.6040,187.8699,47.6916,0.6636,-10.3504
2483.000000,10,16.6040,187.2288,47.4218,1.0350,-9.7753
2483.000000,11,16.6040,187.3606,47.6410,1.1224,-10.3852
2483.000000,12,16.6040,187.4933,47.7125,1.0611,-10.5766
2483.000000,13,16.6040,187.6269,47.6513,0.8664,-10.3862
2483.000000,14,16.6040,187.7614,47.4844,0.5650,-9.8215
2483.000000,15,16.6040,187.1134,47.6945,1.4231,-10.2841
2483.000000,16,16.6040,187.2475,47.6479,1.2424,-10.5986
2483.000000,17,16.6040,187.3824,47.5601,1.0196,-10.4006
2483.000000,18,16.6040,187.5181,47.6223,0.9461,-9.5121
2483.000000,19,16.6040,187.6546,47.5833,0.7707,-8.2181
2483.000000,20,16.6040,186.9995,47.6079,1.4503,-10.5022
2483.000000,21,16.6040,187.1360,47.6814,1.3874,-10.0886
2483.000000,22,16.6040,187.2732,47.6286,1.1974,-9.2458
2483.000000,23,16.6040,187.4111,47.4399,0.8708,-7.9978
2483.000000,24,16.6040,187.5497,46.8402,0.1325,-6.7001
2484.000000,0,16.6766,187.4390,46.9127,0.3156,-6.6436
2484.000000,1,16.6766,187.5670,47.5478,0.8228,-8.0602
2484.000000,2,16.6766,187.6960,47.5381,0.6841,-9.5179
2484.000000,3,16.6766,187.8260,47.6427,0.6586,-10.2302
2484.000000,4,16.6766,187.9572,47.5956,0.4804,-10.5767
2484.000000,5,16.6766,187.3210,47.6207,1.1416,-8.0418
2484.000000,6,16.6766,187.4511,47.5355,0.9263,-9.6203
2484.000000,7,16.6766,187.5822,47.5297,0.7894,-10.4612
2484.000000,8,16.6766,187.7143,47.6527,0.7803,-10.6075
2484.000000,9,16.6766,187.8473,47.6905,0.6851,-10.3489
2484.000000,10,16.6766,187.2045,47.4211,1.0585,-9.7733
2484.000000,11,16.6766,187.3369,47.6404,1.1455,-10.3812
2484.000000,12,16.6766,187.4701,47.7125,1.0843,-10.5711
2484.000000,13,16.6766,187.6043,47.6508,0.8885,-10.3819
2484.000000,14,16.6766,187.7393,47.4824,0.5851,-9.8208
2484.000000,15,16.6766,187.0895,47.6933,1.4458,-10.2833
2484.000000,16,16.6766,187.2242,47.6454,1.2631,-10.5950
2484.000000,17,16.6766,187.3597,47.5631,1.0453,-10.3881
2484.000000,18,16.6766,187.4960,47.6257,0.9717,-9.4977
2484.000000,19,16.6766,187.6330,47.5805,0.7894,-8.2111
2484.000000,20,16.6766,186.9761,47.6123,1.4781,-10.4878
2484.000000,21,16.6766,187.1132,47.6851,1.4138,-10.0682
2484.000000,22,16.6766,187.2510,47.6300,1.2210,-9.2224
2484.000000,23,16.6766,187.3894,47.4389,0.8914,-7.9733
2484.000000,24,16.6766,187.5285,46.8318,0.1453,-6.6831
2485.000000,0,16.7491,187.4139,46.9041,0.3322,-6.6230
2485.000000,1,16.7491,187.5425,47.5392,0.8387,-8.0445
2485.000000,2,16.7491,187.6720,47.5440,0.7139,-9.4912
2485.000000,3,16.7491,187.8026,47.6479,0.6873,-10.2097
2485.000000,4,16.7491,187.9342,47.5996,0.5073,-10.5634
2485.000000,5,16.7491,187.2964,47.6182,1.1638,-8.0328
2485.000000,6,16.7491,187.4271,47.5401,0.9550,-9.6044
2485.000000,7,16.7491,187.5587,47.5328,0.8160,-10.4489
2485.000000,8,16.7491,187.6913,47.6503,0.8010,-10.6037
2485.000000,9,16.7491,187.8248,47.6893,0.7064,-10.3474
2485.000000,10,16.7491,187.1803,47.4204,1.0820,-9.7714
2485.000000,11,16.7491,187.3133,47.6398,1.1685,-10.3772
2485.000000,12,16.7491,187.4471,47.7125,1.1073,-10.5658
2485.000000,13,16.7491,187.5817,47.6503,0.9105,-10.3777
2485.000000,14,16.7491,187.7173,47.4803,0.6050,-9.8204
2485.000000,15,16.7491,187.0658,47.6921,1.4682,-10.2827
2485.000000,16,16.7491,187.2011,47.6428,1.2837,-10.5915
2485.000000,17,16.7491,187.3371,47.5661,1.0709,-10.3756
2485.000000,18,16.7491,187.4739,47.6291,0.9972,-9.4833
2485.000000,19,16.7491,187.6115,47.5775,0.8080,-8.2044
2485.000000,20,16.7491,186.9529,47.6165,1.5056,-10.4735
2485.000000,21,16.7491,187.0906,47.6885,1.4399,-10.0478
2485.000000,22,16.7491,187.2289,47.6311,1.2442,-9.1992
2485.000000,23,16.7491,187.3679,47.4378,0.9118,-7.9489
2485.000000,24,16.7491,187.5075,46.8234,0.1579,-6.6663
2486.000000,0,16.8213,187.3890,46.8955,0.3485,-6.6025
2486.000000,1,16.8213,187.5181,47.5303,0.8542,-8.0290
2486.000000,2,16.8213,187.6482,47.5497,0.7435,-9.4647
2486.000000,3,16.8213,187.7793,47.6529,0.7156,-10.1893
2486.000000,4,16.8213,187.9114,47.6034,0.5340,-10.5501
2486.000000,5,16.8213,187.2719,47.6156,1.1857,-8.0239
2486.000000,6,16.8213,187.4031,47.5448,0.9836,-9.5886
2486.000000,7,16.8213,187.5353,47.5359,0.8425,-10.4366
2486.000000,8,16.8213,187.6684,47.6479,0.8214,-10.6000
2486.000000,9,16.8213,187.8025,47.6880,0.7275,-10.3461
2486.000000,10,16.8213,187.1562,47.4197,1.1054,-9.7696
2486.000000,11,16.8213,187.2898,47.6392,1.1914,-10.3734
2486.000000,12,16.8213,187.4242,47.7125,1.1303,-10.5605
2486.000000,13,16.8213,187.5594,47.6497,0.9323,-10.3736
2486.000000,14,16.8213,187.6954,47.4782,0.6247,-9.8201
2486.000000,15,16.8213,187.0422,47.6908,1.4906,-10.2821
2486.000000,16,16.8213,187.1781,47.6401,1.3040,-10.5882
2486.000000,17,16.8213,187.3147,47.5690,1.0963,-10.3632
2486.000000,18,16.8213,187.4520,47.6325,1.0224,-9.4690
2486.000000,19,16.8213,187.5901,47.5745,0.8264,-8.1978
2486.000000,20,16.8213,186.9298,47.6206,1.5328,-10.4592
2486.000000,21,16.8213,187.0680,47.6918,1.4657,-10.0276
2486.000000,22,16.8213,187.2070,47.6319,1.2669,-9.1763
2486.000000,23,16.8213,187.3465,47.4366,0.9320,-7.9245
2486.000000,24,16.8213,187.4867,46.8150,0.1702,-6.6496
2487.000000,0,16.8933,187.3642,46.8868,0.3646,-6.5822
2487.000000,1,16.8933,187.4938,47.5211,0.8692,-8.0139
2487.000000,2,16.8933,187.6244,47.5551,0.7726,-9.4383
2487.000000,3,16.8933,187.7561,47.6578,0.7437,-10.1690
2487.000000,4,16.8933,187.8887,47.6072,0.5604,-10.5369
2487.000000,5,16.8933,187.2475,47.6129,1.2074,-8.0152
2487.000000,6,16.8933,187.3793,47.5494,1.0120,-9.5729
2487.000000,7,16.8933,187.5121,47.5390,0.8689,-10.4244
2487.000000,8,16.8933,187.6457,47.6454,0.8416,-10.5965
2487.000000,9,16.8933,187.7803,47.6867,0.7484,-10.3450
2487.000000,10,16.8933,187.1323,47.4190,1.1286,-9.7680
2487.000000,11,16.8933,187.2664,47.6386,1.2141,-10.3697
2487.000000,12,16.8933,187.4014,47.7125,1.1531,-10.5554
2487.000000,13,16.8933,187.5371,47.6492,0.9540,-10.3696
2487.000000,14,16.8933,187.6737,47.4760,0.6443,-9.8200
2487.000000,15,16.8933,187.0187,47.6894,1.5127,-10.2818
2487.000000,16,16.8933,187.1552,47.6373,1.3240,-10.5850
2487.000000,17,16.8933,187.2924,47.5720,1.1216,-10.3508
2487.000000,18,16.8933,187.4303,47.6358,1.0475,-9.4549
2487.000000,19,16.8933,187.5689,47.5715,0.8446,-8.1914
2487.000000,20,16.8933,186.9068,47.6245,1.5597,-10.4450
2487.000000,21,16.8933,187.0457,47.6947,1.4910,-10.0076
2487.000000,22,16.8933,187.1852,47.6323,1.2891,-9.1536
2487.000000,23,16.8933,187.3253,47.4353,0.9520,-7.9001
2487.000000,24,16.8933,187.4660,46.8064,0.1824,-6.6331
2488.000000,0,16.9651,187.3395,46.8780,0.3805,-6.5619
2488.000000,1,16.9651,187.4697,47.5116,0.8839,-7.9990
2488.000000,2,16.9651,187.6008,47.5603,0.8014,-9.4120
2488.000000,3,16.9651,187.7330,47.6626,0.7715,-10.1488
2488.000000,4,16.9651,187.8661,47.6108,0.5867,-10.5238
2488.000000,5,16.9651,187.2232,47.6102,1.2290,-8.0067
2488.000000,6,16.9651,187.3556,47.5540,1.0403,-9.5573
2488.000000,7,16.9651,187.4889,47.5421,0.8952,-10.4123
2488.000000,8,16.9651,187.6231,47.6428,0.8616,-10.5933
2488.000000,9,16.9651,187.7582,47.6854,0.7692,-10.3440
2488.000000,10,16.9651,187.1085,47.4183,1.1518,-9.7665
2488.000000,11,16.9651,187.2432,47.6380,1.2367,-10.3661
2488.000000,12,16.9651,187.3787,47.7125,1.1757,-10.5503
2488.000000,13,16.9651,187.5150,47.6486,0.9755,-10.3658
2488.000000,14,16.9651,187.6521,47.4738,0.6637,-9.8201
2488.000000,15,16.9651,186.9954,47.6880,1.5346,-10.2816
2488.000000,16,16.9651,187.1325,47.6343,1.3438,-10.5821
2488.000000,17,16.9651,187.2702,47.5750,1.1468,-10.3385
2488.000000,18,16.9651,187.4087,47.6391,1.0724,-9.4409
2488.000000,19,16.9651,187.5478,47.5684,0.8626,-8.1852
2488.000000,20,16.9651,186.8839,47.6283,1.5863,-10.4309
2488.000000,21,16.9651,187.0234,47.6975,1.5160,-9.9876
2488.000000,22,16.9651,187.1635,47.6324,1.3108,-9.1312
2488.000000,23,16.9651,187.3042,47.4339,0.9717,-7.8758
2488.000000,24,16.9651,187.4454,46.7978,0.1944,-6.6168
2489.000000,0,17.0367,187.3149,46.8691,0.3962,-6.5418
2489.000000,1,17.0367,187.4457,47.5017,0.8980,-7.9845
2489.000000,2,17.0367,187.5774,47.5653,0.8299,-9.3860
2489.000000,3,17.0367,187.7100,47.6671,0.7990,-10.1288
2489.000000,4,17.0367,187.8437,47.6143,0.6126,-10.5108
2489.000000,5,17.0367,187.1990,47.6075,1.2504,-7.9984
2489.000000,6,17.0367,187.3321,47.5586,1.0685,-9.5418
2489.000000,7,17.0367,187.4659,47.5453,0.9213,-10.4002
2489.000000,8,17.0367,187.6006,47.6400,0.8813,-10.5901
2489.000000,9,17.0367,187.7362,47.6840,0.7898,-10.3431
2489.000000,10,17.0367,187.0848,47.4177,1.1748,-9.7652
2489.000000,11,17.0367,187.2201,47.6373,1.2592,-10.3627
2489.000000,12,17.0367,187.3562,47.7125,1.1982,-10.5454
2489.000000,13,17.0367,187.4930,47.6480,0.9970,-10.3621
2489.000000,14,17.0367,187.6306,47.4727,0.6840,-9.8192
2489.000000,15,17.0367,186.9722,47.6865,1.5563,-10.2816
2489.000000,16,17.0367,187.1099,47.6313,1.3634,-10.5793
2489.000000,17,17.0367,187.2482,47.5780,1.1718,-10.3263
2489.000000,18,17.0367,187.3872,47.6423,1.0971,-9.4270
2489.000000,19,17.0367,187.5268,47.5653,0.8804,-8.1792
2489.000000,20,17.0367,186.8612,47.6319,1.6127,-10.4168
2489.000000,21,17.0367,187.0013,47.7000,1.5406,-9.9678
2489.000000,22,17.0367,187.1420,47.6321,1.3321,-9.1091
2489.000000,23,17.0367,187.2832,47.4324,0.9912,-7.8515
2489.000000,24,17.0367,187.4250,46.7891,0.2061,-6.6006
2490.000000,0,17.1081,187.2904,46.8601,0.4117,-6.5217
2490.000000,1,17.1081,187.4218,47.4916,0.9118,-7.9702
2490.000000,2,17.1081,187.5540,47.5700,0.8579,-9.3602
2490.000000,3,17.1081,187.6872,47.6715,0.8262,-10.1088
2490.000000,4,17.1081,187.8213,47.6178,0.6384,-10.4978
2490.000000,5,17.1081,187.1750,47.6047,1.2716,-7.9904
2490.000000,6,17.1081,187.3086,47.5631,1.0965,-9.5263
2490.000000,7,17.1081,187.4430,47.5484,0.9473,-10.3881
2490.000000,8,17.1081,187.5783,47.6372,0.9009,-10.5872
2490.000000,9,17.1081,187.7144,47.6826,0.8101,-10.3424
2490.000000,10,17.1081,187.0612,47.4171,1.1978,-9.7640
2490.000000,11,17.1081,187.1972,47.6367,1.2815,-10.3594
2490.000000,12,17.1081,187.3338,47.7125,1.2206,-10.5406
2490.000000,13,17.1081,187.4712,47.6474,1.0182,-10.3585
2490.000000,14,17.1081,187.6093,47.4725,0.7052,-9.8174
2490.000000,15,17.1081,186.9491,47.6850,1.5778,-10.2817
2490.000000,16,17.1081,187.0874,47.6281,1.3827,-10.5767
2490.000000,17,17.1081,187.2263,47.5810,1.1966,-10.3141
2490.000000,18,17.1081,187.3658,47.6455,1.1216,-9.4133
2490.000000,19,17.1081,187.5060,47.5621,0.8980,-8.1734
2490.000000,20,17.1081,186.8387,47.6354,1.6387,-10.4029
2490.000000,21,17.1081,186.9794,47.7022,1.5648,-9.9482
2490.000000,22,17.1081,187.1206,47.6314,1.3528,-9.0872
2490.000000,23,17.1081,187.2624,47.4308,1.0104,-7.8274
2490.000000,24,17.1081,187.4047,46.7804,0.2176,-6.5846
2491.000000,0,17.1792,187.2661,46.8511,0.4270,-6.5018
2491.000000,1,17.1792,187.3980,47.4811,0.9251,-7.9563
2491.000000,2,17.1792,187.5308,47.5744,0.8855,-9.3345
2491.000000,3,17.1792,187.6645,47.6757,0.8531,-10.0890
2491.000000,4,17.1792,187.7992,47.6211,0.6639,-10.4850
2491.000000,5,17.1792,187.1511,47.6018,1.2926,-7.9825
2491.000000,6,17.1792,187.2853,47.5677,1.1243,-9.5110
2491.000000,7,17.1792,187.4203,47.5515,0.9732,-10.3761
2491.000000,8,17.1792,187.5561,47.6342,0.9201,-10.5845
2491.000000,9,17.1792,187.6927,47.6811,0.8303,-10.3419
2491.000000,10,17.1792,187.0378,47.4165,1.2206,-9.7629
2491.000000,11,17.1792,187.1743,47.6360,1.3036,-10.3562
2491.000000,12,17.1792,187.3115,47.7125,1.2429,-10.5358
2491.000000,13,17.1792,187.4494,47.6468,1.0393,-10.3550
2491.000000,14,17.1792,187.5881,47.4724,0.7263,-9.8156
2491.000000,15,17.1792,186.9262,47.6834,1.5992,-10.2820
2491.000000,16,17.1792,187.0651,47.6248,1.4017,-10.5743
2491.000000,17,17.1792,187.2046,47.5839,1.2213,-10.3019
2491.000000,18,17.1792,187.3446,47.6486,1.1459,-9.3997
2491.000000,19,17.1792,187.4854,47.5589,0.9155,-8.1679
2491.000000,20,17.1792,186.8162,47.6387,1.6645,-10.3889
2491.000000,21,17.1792,186.9576,47.7042,1.5886,-9.9287
2491.000000,22,17.1792,187.0994,47.6304,1.3730,-9.0657
2491.000000,23,17.1792,187.2417,47.4291,1.0293,-7.8033
2491.000000,24,17.1792,187.3846,46.7716,0.2289,-6.5688
2492.000000,0,17.2500,187.2418,46.8419,0.4420,-6.4821
2492.000000,1,17.2500,187.3743,47.4702,0.9379,-7.9427
2492.000000,2,17.2500,187.5077,47.5785,0.9127,-9.3091
2492.000000,3,17.2500,187.6420,47.6797,0.8797,-10.0693
2492.000000,4,17.2500,187.7771,47.6243,0.6891,-10.4722
2492.000000,5,17.2500,187.1274,47.5989,1.3135,-7.9749
2492.000000,6,17.2500,187.2621,47.5722,1.1520,-9.4958
2492.000000,7,17.2500,187.3977,47.5547,0.9990,-10.3642
2492.000000,8,17.2500,187.5340,47.6312,0.9391,-10.5819
2492.000000,9,17.2500,187.6711,47.6795,0.8504,-10.3415
2492.000000,10,17.2500,187.0145,47.4159,1.2433,-9.7620
2492.000000,11,17.2500,187.1516,47.6353,1.3257,-10.3532
2492.000000,12,17.2500,187.2894,47.7125,1.2650,-10.5312
2492.000000,13,17.2500,187.4279,47.6462,1.0603,-10.3517
2492.000000,14,17.2500,187.5670,47.4723,0.7472,-9.8140
2492.000000,15,17.2500,186.9034,47.6817,1.6203,-10.2824
2492.000000,16,17.2500,187.0429,47.6214,1.4205,-10.5721
2492.000000,17,17.2500,187.1829,47.5869,1.2459,-10.2899
2492.000000,18,17.2500,187.3236,47.6517,1.1700,-9.3862
2492.000000,19,17.2500,187.4648,47.5556,0.9327,-8.1625
2492.000000,20,17.2500,186.7940,47.6419,1.6899,-10.3751
2492.000000,21,17.2500,186.9359,47.7059,1.6119,-9.9094
2492.000000,22,17.2500,187.0783,47.6290,1.3926,-9.0445
2492.000000,23,17.2500,187.2212,47.4273,1.0480,-7.7792
2492.000000,24,17.2500,187.3646,46.7627,0.2400,-6.5532
2493.000000,0,17.3206,187.2177,46.8326,0.4569,-6.4624
2493.000000,1,17.3206,187.3508,47.4591,0.9502,-7.9294
2493.000000,2,17.3206,187.4847,47.5823,0.9395,-9.2839
2493.000000,3,17.3206,187.6195,47.6835,0.9059,-10.0497
2493.000000,4,17.3206,187.7552,47.6273,0.7141,-10.4594
2493.000000,5,17.3206,187.1037,47.5959,1.3341,-7.9674
2493.000000,6,17.3206,187.2391,47.5767,1.1796,-9.4807
2493.000000,7,17.3206,187.3752,47.5578,1.0246,-10.3523
2493.000000,8,17.3206,187.5121,47.6280,0.9579,-10.5796
2493.000000,9,17.3206,187.6497,47.6779,0.8702,-10.3412
2493.000000,10,17.3206,186.9914,47.4153,1.2659,-9.7612
2493.000000,11,17.3206,187.1291,47.6347,1.3475,-10.3503
2493.000000,12,17.3206,187.2674,47.7125,1.2870,-10.5267
2493.000000,13,17.3206,187.4064,47.6456,1.0811,-10.3485
2493.000000,14,17.3206,187.5461,47.4722,0.7680,-9.8126
2493.000000,15,17.3206,186.8807,47.6799,1.6412,-10.2831
2493.000000,16,17.3206,187.0208,47.6178,1.4390,-10.5702
2493.000000,17,17.3206,187.1615,47.5898,1.2703,-10.2778
2493.000000,18,17.3206,187.3027,47.6547,1.1940,-9.3729
2493.000000,19,17.3206,187.4445,47.5522,0.9497,-8.1574
2493.000000,20,17.3206,186.7719,47.6448,1.7149,-10.3614
2493.000000,21,17.3206,186.9144,47.7073,1.6349,-9.8902
2493.000000,22,17.3206,187.0574,47.6272,1.4118,-9.0236
2493.000000,23,17.3206,187.2009,47.4254,1.0665,-7.7553
2493.000000,24,17.3206,187.3448,46.7537,0.2509,-6.5378
2494.000000,0,17.3910,187.1937,46.8232,0.4715,-6.4429
2494.000000,1,17.3910,187.3274,47.4475,0.9621,-7.9165
2494.000000,2,17.3910,187.4619,47.5858,0.9659,-9.2590
2494.000000,3,17.3910,187.5972,47.6871,0.9318,-10.0303
2494.000000,4,17.3910,187.7334,47.6302,0.7388,-10.4468
2494.000000,5,17.3910,187.0802,47.5928,1.3546,-7.9602
2494.000000,6,17.3910,187.2162,47.5812,1.2070,-9.4657
2494.000000,7,17.3910,187.3528,47.5610,1.0501,-10.3405
2494.000000,8,17.3910,187.4902,47.6247,0.9764,-10.5774
2494.000000,9,17.3910,187.6284,47.6763,0.8898,-10.3412
2494.000000,10,17.3910,186.9683,47.4148,1.2884,-9.7606
2494.000000,11,17.3910,187.1066,47.6340,1.3693,-10.3475
2494.000000,12,17.3910,187.2456,47.7125,1.3088,-10.5224
2494.000000,13,17.3910,187.3851,47.6450,1.1018,-10.3454
2494.000000,14,17.3910,187.5253,47.4721,0.7887,-9.8113
2494.000000,15,17.3910,186.8582,47.6781,1.6619,-10.2839
2494.000000,16,17.3910,186.9989,47.6141,1.4572,-10.5684
2494.000000,17,17.3910,187.1402,47.5928,1.2946,-10.2659
2494.000000,18,17.3910,187.2819,47.6576,1.2177,-9.3598
2494.000000,19,17.3910,187.4242,47.5488,0.9666,-8.1525
2494.000000,20,17.3910,186.7499,47.6476,1.7397,-10.3477
2494.000000,21,17.3910,186.8930,47.7085,1.6574,-9.8712
2494.000000,22,17.3910,187.0366,47.6250,1.4303,-9.0030
2494.000000,23,17.3910,187.1806,47.4233,1.0847,-7.7314
2494.000000,24,17.3910,187.3251,46.7447,0.2616,-6.5225
2495.000000,0,17.4611,187.1699,46.8138,0.4859,-6.4236
2495.000000,1,17.4611,187.3041,47.4356,0.9734,-7.9040
2495.000000,2,17.4611,187.4392,47.5890,0.9918,-9.2343
2495.000000,3,17.4611,187.5750,47.6904,0.9573,-10.0110
2495.000000,4,17.4611,187.7117,47.6330,0.7633,-10.4343
2495.000000,5,17.4611,187.0568,47.5897,1.3748,-7.9532
2495.000000,6,17.4611,187.1934,47.5856,1.2342,-9.4509
2495.000000,7,17.4611,187.3306,47.5641,1.0755,-10.3288
2495.000000,8,17.4611,187.4686,47.6213,0.9947,-10.5755
2495.000000,9,17.4611,187.6072,47.6746,0.9093,-10.3412
2495.000000,10,17.4611,186.9455,47.4143,1.3108,-9.7601
2495.000000,11,17.4611,187.0844,47.6333,1.3909,-10.3449
2495.000000,12,17.4611,187.2239,47.7125,1.3306,-10.5181
2495.000000,13,17.4611,187.3640,47.6443,1.1223,-10.3425
2495.000000,14,17.4611,187.5047,47.4720,0.8093,-9.8101
2495.000000,15,17.4611,186.8358,47.6762,1.6823,-10.2849
2495.000000,16,17.4611,186.9772,47.6103,1.4751,-10.5668
2495.000000,17,17.4611,187.1190,47.5957,1.3187,-10.2540
2495.000000,18,17.4611,187.2613,47.6605,1.2411,-9.3468
2495.000000,19,17.4611,187.4041,47.5454,0.9832,-8.1478
2495.000000,20,17.4611,186.7281,47.6502,1.7641,-10.3341
2495.000000,21,17.4611,186.8718,47.7093,1.6794,-9.8524
2495.000000,22,17.4611,187.0160,47.6224,1.4483,-8.9828
2495.000000,23,17.4611,187.1606,47.4212,1.1026,-7.7077
2495.000000,24,17.4611,187.3055,46.7356,0.2721,-6.5075
2496.000000,0,17.5309,187.1462,46.8042,0.5000,-6.4044
2496.000000,1,17.5309,187.2810,47.4306,0.9916,-7.8833
2496.000000,2,17.5309,187.4166,47.5919,1.0172,-9.2099
2496.000000,3,17.5309,187.5530,47.6936,0.9825,-9.9918
2496.000000,4,17.5309,187.6902,47.6357,0.7875,-10.4218
2496.000000,5,17.5309,187.0336,47.5865,1.3949,-7.9465
2496.000000,6,17.5309,187.1707,47.5900,1.2612,-9.4361
2496.000000,7,17.5309,187.3085,47.5673,1.1007,-10.3171
2496.000000,8,17.5309,187.4470,47.6178,1.0127,-10.5737
2496.000000,9,17.5309,187.5862,47.6728,0.9285,-10.3415
2496.000000,10,17.5309,186.9227,47.4138,1.3331,-9.7598
2496.000000,11,17.5309,187.0622,47.6325,1.4123,-10.3425
2496.000000,12,17.5309,187.2023,47.7125,1.3521,-10.5139
2496.000000,13,17.5309,187.3430,47.6437,1.1427,-10.3397
2496.000000,14,17.5309,187.4842,47.4720,0.8298,-9.8090
2496.000000,15,17.5309,186.8136,47.6743,1.7026,-10.2860
2496.000000,16,17.5309,186.9556,47.6064,1.4928,-10.5654
2496.000000,17,17.5309,187.0980,47.5986,1.3426,-10.2422
2496.000000,18,17.5309,187.2408,47.6633,1.2644,-9.3339
2496.000000,19,17.5309,187.3842,47.5419,0.9997,-8.1433
2496.000000,20,17.5309,186.7064,47.6526,1.7881,-10.3207
2496.000000,21,17.5309,186.8508,47.7098,1.7010,-9.8338
2496.000000,22,17.5309,186.9955,47.6194,1.4658,-8.9630
2496.000000,23,17.5309,187.1407,47.4189,1.1202,-7.6840
2496.000000,24,17.5309,187.2862,46.7265,0.2823,-6.4927
2497.000000,0,17.6004,187.1226,46.7946,0.5140,-6.3853
2497.000000,1,17.6004,187.2580,47.4301,1.0141,-7.8574
2497.000000,2,17.6004,187.3941,47.5944,1.0422,-9.1857
2497.000000,3,17.6004,187.5311,47.6965,1.0074,-9.9728
2497.000000,4,17.6004,187.6688,47.6382,0.8114,-10.4095
2497.000000,5,17.6004,187.0105,47.5833,1.4147,-7.9399
2497.000000,6,17.6004,187.1482,47.5943,1.2881,-9.4216
2497.000000,7,17.6004,187.2866,47.5704,1.1258,-10.3055
2497.000000,8,17.6004,187.4256,47.6142,1.0305,-10.5722
2497.000000,9,17.6004,187.5653,47.6710,0.9476,-10.3419
2497.000000,10,17.6004,186.9001,47.4134,1.3552,-9.7596
2497.000000,11,17.6004,187.0402,47.6318,1.4336,-10.3402
2497.000000,12,17.6004,187.1809,47.7125,1.3735,-10.5099
2497.000000,13,17.6004,187.3221,47.6430,1.1629,-10.3370
2497.000000,14,17.6004,187.4639,47.4720,0.8501,-9.8081
2497.000000,15,17.6004,186.7916,47.6722,1.7227,-10.2873
2497.000000,16,17.6004,186.9341,47.6023,1.5102,-10.5642
2497.000000,17,17.6004,187.0771,47.6015,1.3664,-10.2305
2497.000000,18,17.6004,187.2205,47.6660,1.2875,-9.3213
2497.000000,19,17.6004,187.3644,47.5383,1.0159,-8.1391
2497.000000,20,17.6004,186.6849,47.6547,1.8118,-10.3073
2497.000000,21,17.6004,186.8299,47.7100,1.7221,-9.8154
2497.000000,22,17.6004,186.9752,47.6159,1.4826,-8.9435
2497.000000,23,17.6004,187.1209,47.4165,1.1376,-7.6605
2497.000000,24,17.6004,187.2669,46.7173,0.2923,-6.4781
2498.000000,0,17.6696,187.0991,46.7848,0.5277,-6.3665
2498.000000,1,17.6696,187.2351,47.4295,1.0363,-7.8315
2498.000000,2,17.6696,187.3718,47.5965,1.0667,-9.1618
2498.000000,3,17.6696,187.5093,47.6991,1.0318,-9.9540
2498.000000,4,17.6696,187.6475,47.6405,0.8350,-10.3972
2498.000000,5,17.6696,186.9875,47.5799,1.4344,-7.9337
2498.000000,6,17.6696,187.1258,47.5986,1.3148,-9.4071
2498.000000,7,17.6696,187.2648,47.5736,1.1508,-10.2940
2498.000000,8,17.6696,187.4044,47.6104,1.0480,-10.5708
2498.000000,9,17.6696,187.5446,47.6691,0.9664,-10.3424
2498.000000,10,17.6696,186.8776,47.4129,1.3772,-9.7596
2498.000000,11,17.6696,187.0184,47.6311,1.4547,-10.3380
2498.000000,12,17.6696,187.1596,47.7125,1.3948,-10.5060
2498.000000,13,17.6696,187.3014,47.6424,1.1830,-10.3345
2498.000000,14,17.6696,187.4437,47.4720,0.8703,-9.8074
2498.000000,15,17.6696,186.7696,47.6701,1.7425,-10.2888
2498.000000,16,17.6696,186.9128,47.5981,1.5273,-10.5632
2498.000000,17,17.6696,187.0563,47.6043,1.3900,-10.2188
2498.000000,18,17.6696,187.2003,47.6687,1.3103,-9.3088
2498.000000,19,17.6696,187.3447,47.5347,1.0319,-8.1351
2498.000000,20,17.6696,186.6635,47.6567,1.8351,-10.2940
2498.000000,21,17.6696,186.8091,47.7099,1.7428,-9.7971
2498.000000,22,17.6696,186.9551,47.6120,1.4989,-8.9243
2498.000000,23,17.6696,187.1013,47.4140,1.1546,-7.6371
2498.000000,24,17.6696,187.2479,46.7080,0.3021,-6.4637
2499.000000,0,17.7385,187.0757,46.7750,0.5412,-6.3477
2499.000000,1,17.7385,187.2124,47.4287,1.0583,-7.8057
2499.000000,2,17.7385,187.3496,47.5984,1.0907,-9.1383
2499.000000,3,17.7385,187.4877,47.7016,1.0559,-9.9354
2499.000000,4,17.7385,187.6264,47.6428,0.8583,-10.3851
2499.000000,5,17.7385,186.9647,47.5766,1.4539,-7.9276
2499.000000,6,17.7385,187.1036,47.6029,1.3413,-9.3928
2499.000000,7,17.7385,187.2431,47.5767,1.1756,-10.2825
2499.000000,8,17.7385,187.3832,47.6065,1.0652,-10.5697
2499.000000,9,17.7385,187.5240,47.6671,0.9851,-10.3432
2499.000000,10,17.7385,186.8553,47.4125,1.3992,-9.7598
2499.000000,11,17.7385,186.9967,47.6303,1.4756,-10.3360
2499.000000,12,17.7385,187.1385,47.7125,1.4160,-10.5022
2499.000000,13,17.7385,187.2808,47.6417,1.2029,-10.3321
2499.000000,14,17.7385,187.4236,47.4720,0.8904,-9.8068
2499.000000,15,17.7385,186.7479,47.6680,1.7621,-10.2905
2499.000000,16,17.7385,186.8916,47.5938,1.5441,-10.5624
2499.000000,17,17.7385,187.0358,47.6072,1.4134,-10.2073
2499.000000,18,17.7385,187.1803,47.6712,1.3329,-9.2965
2499.000000,19,17.7385,187.3252,47.5310,1.0478,-8.1314
2499.000000,20,17.7385,186.6423,47.6584,1.8581,-10.2808
2499.000000,21,17.7385,186.7885,47.7095,1.7629,-9.7791
2499.000000,22,17.7385,186.9351,47.6076,1.5145,-8.9056
2499.000000,23,17.7385,187.0819,47.4113,1.1714,-7.6137
2499.000000,24,17.7385,187.2290,46.6987,0.3117,-6.4496
2500.000000,0,17.8072,187.0525,46.7651,0.5545,-6.3292
2500.000000,1,17.8072,187.1897,47.4279,1.0801,-7.7799
2500.000000,2,17.8072,187.3276,47.5998,1.1142,-9.1150
2500.000000,3,17.8072,187.4661,47.7037,1.0796,-9.9169
2500.000000,4,17.8072,187.6054,47.6448,0.8814,-10.3730
2500.000000,5,17.8072,186.9420,47.5731,1.4731,-7.9219
2500.000000,6,17.8072,187.0815,47.6071,1.3676,-9.3787
2500.000000,7,17.8072,187.2216,47.5798,1.2002,-10.2712
2500.000000,8,17.8072,187.3623,47.6025,1.0822,-10.5688
2500.000000,9,17.8072,187.5035,47.6651,1.0035,-10.3441
2500.000000,10,17.8072,186.8332,47.4121,1.4209,-9.7601
2500.000000,11,17.8072,186.9751,47.6296,1.4964,-10.3341
2500.000000,12,17.8072,187.1175,47.7125,1.4369,-10.4985
2500.000000,13,17.8072,187.2603,47.6410,1.2226,-10.3299
2500.000000,14,17.8072,187.4037,47.4721,0.9103,-9.8063
2500.000000,15,17.8072,186.7262,47.6657,1.7814,-10.2924
2500.000000,16,17.8072,186.8706,47.5893,1.5606,-10.5619
2500.000000,17,17.8072,187.0153,47.6100,1.4366,-10.1958
2500.000000,18,17.8072,187.1604,47.6737,1.3553,-9.2844
2500.000000,19,17.8072,187.3059,47.5273,1.0634,-8.1279
2500.000000,20,17.8072,186.6213,47.6599,1.8806,-10.2677
2500.000000,21,17.8072,186.7681,47.7088,1.7826,-9.7613
2500.000000,22,17.8072,186.9152,47.6028,1.5295,-8.8873
2500.000000,23,17.8072,187.0626,47.4085,1.1879,-7.5906
2500.000000,24,17.8072,187.2102,46.6893,0.3211,-6.4356
2501.000000,0,17.8755,187.0295,46.7550,0.5675,-6.3108
2501.000000,1,17.8755,187.1673,47.4270,1.1017,-7.7542
2501.000000,2,17.8755,187.3057,47.6009,1.1371,-9.0921
2501.000000,3,17.8755,187.4448,47.7056,1.1028,-9.8987
2501.000000,4,17.8755,187.5845,47.6467,0.9041,-10.3611
2501.000000,5,17.8755,186.9194,47.5696,1.4922,-7.9163
2501.000000,6,17.8755,187.0595,47.6112,1.3937,-9.3647
2501.000000,7,17.8755,187.2002,47.5829,1.2247,-10.2599
2501.000000,8,17.8755,187.3414,47.5983,1.0989,-10.5681
2501.000000,9,17.8755,187.4832,47.6630,1.0218,-10.3451
2501.000000,10,17.8755,186.8111,47.4118,1.4426,-9.7606
2501.000000,11,17.8755,186.9537,47.6288,1.5171,-10.3324
2501.000000,12,17.8755,187.0966,47.7125,1.4578,-10.4950
2501.000000,13,17.8755,187.2401,47.6403,1.2422,-10.3278
2501.000000,14,17.8755,187.3839,47.4721,0.9302,-9.8060
2501.000000,15,17.8755,186.7048,47.6634,1.8005,-10.2944
2501.000000,16,17.8755,186.8498,47.5847,1.5769,-10.5616
2501.000000,17,17.8755,186.9951,47.6128,1.4597,-10.1844
2501.000000,18,17.8755,187.1407,47.6762,1.3774,-9.2725
2501.000000,19,17.8755,187.2867,47.5235,1.0788,-8.1247
2501.000000,20,17.8755,186.6004,47.6612,1.9028,-10.2548
2501.000000,21,17.8755,186.7479,47.7076,1.8017,-9.7437
2501.000000,22,17.8755,186.8955,47.5975,1.5439,-8.8694
2501.000000,23,17.8755,187.0435,47.4056,1.2041,-7.5675
2501.000000,24,17.8755,187.1916,46.6799,0.3302,-6.4219
2502.000000,0,17.9434,187.0065,46.7449,0.5803,-6.2926
2502.000000,1,17.9434,187.1449,47.4259,1.1230,-7.7285
2502.000000,2,17.9434,187.2839,47.6015,1.1596,-9.0695
2502.000000,3,17.9434,187.4235,47.7073,1.1257,-9.8806
2502.000000,4,17.9434,187.5638,47.6484,0.9265,-10.3492
2502.000000,5,17.9434,186.8970,47.5660,1.5110,-7.9111
2502.000000,6,17.9434,187.0377,47.6153,1.4196,-9.3509
2502.000000,7,17.9434,187.1790,47.5860,1.2490,-10.2487
2502.000000,8,17.9434,187.3207,47.5941,1.1153,-10.5676
2502.000000,9,17.9434,187.4631,47.6609,1.0398,-10.3463
2502.000000,10,17.9434,186.7893,47.4115,1.4642,-9.7612
2502.000000,11,17.9434,186.9324,47.6280,1.5376,-10.3308
2502.000000,12,17.9434,187.0760,47.7125,1.4785,-10.4916
2502.000000,13,17.9434,187.2199,47.6396,1.2616,-10.3259
2502.000000,14,17.9434,187.3643,47.4722,0.9498,-9.8059
2502.000000,15,17.9434,186.6835,47.6609,1.8194,-10.2966
2502.000000,16,17.9434,186.8291,47.5799,1.5928,-10.5614
2502.000000,17,17.9434,186.9749,47.6156,1.4826,-10.1731
2502.000000,18,17.9434,187.1211,47.6785,1.3993,-9.2607
2502.000000,19,17.9434,187.2677,47.5197,1.0940,-8.1217
2502.000000,20,17.9434,186.5797,47.6623,1.9246,-10.2419
2502.000000,21,17.9434,186.7277,47.7062,1.8204,-9.7264
2502.000000,22,17.9434,186.8760,47.5917,1.5576,-8.8519
2502.000000,23,17.9434,187.0245,47.4026,1.2200,-7.5446
2502.000000,24,17.9434,187.1732,46.6704,0.3391,-6.4085
2503.000000,0,18.0111,186.9838,46.7347,0.5929,-6.2747
2503.000000,1,18.0111,187.1227,47.4248,1.1440,-7.7029
2503.000000,2,18.0111,187.2623,47.6018,1.1814,-9.0472
2503.000000,3,18.0111,187.4025,47.7086,1.1481,-9.8627
2503.000000,4,18.0111,187.5433,47.6499,0.9486,-10.3375
2503.000000,5,18.0111,186.8747,47.5624,1.5296,-7.9061
2503.000000,6,18.0111,187.0160,47.6194,1.4453,-9.3372
2503.000000,7,18.0111,187.1579,47.5891,1.2732,-10.2376
2503.000000,8,18.0111,187.3002,47.5897,1.1314,-10.5673
2503.000000,9,18.0111,187.4430,47.6587,1.0576,-10.3477
2503.000000,10,18.0111,186.7675,47.4112,1.4856,-9.7620
2503.000000,11,18.0111,186.9113,47.6272,1.5579,-10.3295
2503.000000,12,18.0111,187.0554,47.7125,1.4990,-10.4883
2503.000000,13,18.0111,187.1999,47.6389,1.2809,-10.3241
2503.000000,14,18.0111,187.3449,47.4723,0.9694,-9.8059
2503.000000,15,18.0111,186.6623,47.6585,1.8381,-10.2990
2503.000000,16,18.0111,186.8085,47.5750,1.6084,-10.5615
2503.000000,17,18.0111,186.9550,47.6183,1.5053,-10.1619
2503.000000,18,18.0111,187.1017,47.6807,1.4209,-9.2492
2503.000000,19,18.0111,187.2488,47.5158,1.1090,-8.1190
2503.000000,20,18.0111,186.5591,47.6631,1.9459,-10.2291
2503.000000,21,18.0111,186.7078,47.7043,1.8385,-9.7093
2503.000000,22,18.0111,186.8567,47.5854,1.5707,-8.8348
2503.000000,23,18.0111,187.0057,47.3994,1.2356,-7.5218
2503.000000,24,18.0111,187.1549,46.6608,0.3479,-6.3953
2504.000000,0,18.0784,186.9611,46.7244,0.6053,-6.2569
2504.000000,1,18.0784,187.1007,47.4235,1.1648,-7.6774
2504.000000,2,18.0784,187.2408,47.6016,1.2028,-9.0253
2504.000000,3,18.0784,187.3815,47.7097,1.1702,-9.8450
2504.000000,4,18.0784,187.5228,47.6513,0.9704,-10.3259
2504.000000,5,18.0784,186.8526,47.5586,1.5480,-7.9013
2504.000000,6,18.0784,186.9945,47.6233,1.4708,-9.3238
2504.000000,7,18.0784,187.1369,47.5922,1.2973,-10.2265
2504.000000,8,18.0784,187.2798,47.5851,1.1473,-10.5673
2504.000000,9,18.0784,187.4232,47.6564,1.0752,-10.3493
2504.000000,10,18.0784,186.7460,47.4109,1.5069,-9.7630
2504.000000,11,18.0784,186.8903,47.6264,1.5781,-10.3282
2504.000000,12,18.0784,187.0350,47.7125,1.5194,-10.4851
2504.000000,13,18.0784,187.1801,47.6382,1.3000,-10.3225
2504.000000,14,18.0784,187.3256,47.4725,0.9889,-9.8061
2504.000000,15,18.0784,186.6413,47.6559,1.8565,-10.3016
2504.000000,16,18.0784,186.7881,47.5699,1.6237,-10.5619
2504.000000,17,18.0784,186.9352,47.6210,1.5278,-10.1508
2504.000000,18,18.0784,187.0825,47.6829,1.4423,-9.2379
2504.000000,19,18.0784,187.2301,47.5119,1.1237,-8.1165
2504.000000,20,18.0784,186.5387,47.6636,1.9668,-10.2165
2504.000000,21,18.0784,186.6880,47.7021,1.8561,-9.6924
2504.000000,22,18.0784,186.8375,47.5786,1.5831,-8.8182
2504.000000,23,18.0784,186.9871,47.3960,1.2509,-7.4992
2504.000000,24,18.0784,187.1368,46.6512,0.3563,-6.3824
2505.000000,0,18.1454,186.9386,46.7140,0.6174,-6.2393
2505.000000,1,18.1454,187.0787,47.4222,1.1854,-7.6519
2505.000000,2,18.1454,187.2195,47.6010,1.2235,-9.0038
2505.000000,3,18.1454,187.3607,47.7105,1.1917,-9.8276
2505.000000,4,18.1454,187.5025,47.6524,0.9918,-10.3144
2505.000000,5,18.1454,186.8306,47.5548,1.5662,-7.8969
2505.000000,6,18.1454,186.9731,47.6272,1.4960,-9.3105
2505.000000,7,18.1454,187.1161,47.5953,1.3211,-10.2156
2505.000000,8,18.1454,187.2595,47.5805,1.1629,-10.5675
2505.000000,9,18.1454,187.4034,47.6541,1.0926,-10.3511
2505.000000,10,18.1454,186.7245,47.4106,1.5281,-9.7641
2505.000000,11,18.1454,186.8695,47.6256,1.5981,-10.3272
2505.000000,12,18.1454,187.0148,47.7125,1.5396,-10.4821
2505.000000,13,18.1454,187.1604,47.6374,1.3190,-10.3210
2505.000000,14,18.1454,187.3064,47.4726,1.0082,-9.8064
2505.000000,15,18.1454,186.6205,47.6532,1.8747,-10.3044
2505.000000,16,18.1454,186.7679,47.5647,1.6387,-10.5624
2505.000000,17,18.1454,186.9155,47.6237,1.5501,-10.1397
2505.000000,18,18.1454,187.0634,47.6849,1.4635,-9.2268
2505.000000,19,18.1454,187.2115,47.5079,1.1383,-8.1143
2505.000000,20,18.1454,186.5185,47.6639,1.9873,-10.2040
2505.000000,21,18.1454,186.6684,47.6995,1.8731,-9.6758
2505.000000,22,18.1454,186.8184,47.5713,1.5948,-8.8021
2505.000000,23,18.1454,186.9686,47.3925,1.2659,-7.4768
2505.000000,24,18.1454,187.1189,46.6415,0.3646,-6.3697
2506.000000,0,18.2120,186.9162,46.7035,0.6293,-6.2219
2506.000000,1,18.2120,187.0570,47.4207,1.2056,-7.6265
2506.000000,2,18.2120,187.1982,47.6000,1.2437,-8.9827
2506.000000,3,18.2120,187.3401,47.7110,1.2129,-9.8103
2506.000000,4,18.2120,187.4824,47.6534,1.0130,-10.3031
2506.000000,5,18.2120,186.8088,47.5510,1.5842,-7.8927
2506.000000,6,18.2120,186.9519,47.6310,1.5211,-9.2974
2506.000000,7,18.2120,187.0955,47.5983,1.3448,-10.2048
2506.000000,8,18.2120,187.2394,47.5756,1.1782,-10.5679
2506.000000,9,18.2120,187.3839,47.6517,1.1098,-10.3530
2506.000000,10,18.2120,186.7033,47.4104,1.5491,-9.7654
2506.000000,11,18.2120,186.8488,47.6248,1.6179,-10.3262
2506.000000,12,18.2120,186.9947,47.7125,1.5597,-10.4792
2506.000000,13,18.2120,187.1409,47.6367,1.3377,-10.3197
2506.000000,14,18.2120,187.2874,47.4728,1.0273,-9.8069
2506.000000,15,18.2120,186.5998,47.6505,1.8926,-10.3074
2506.000000,16,18.2120,186.7478,47.5593,1.6534,-10.5632
2506.000000,17,18.2120,186.8961,47.6264,1.5723,-10.1288
2506.000000,18,18.2120,187.0445,47.6869,1.4844,-9.2160
2506.000000,19,18.2120,187.1932,47.5038,1.1526,-8.1124
2506.000000,20,18.2120,186.4985,47.6639,2.0074,-10.1916
2506.000000,21,18.2120,186.6490,47.6966,1.8895,-9.6594
2506.000000,22,18.2120,186.7996,47.5635,1.6059,-8.7864
2506.000000,23,18.2120,186.9503,47.3889,1.2806,-7.4545
2506.000000,24,18.2120,187.1011,46.6318,0.3726,-6.3573
2507.000000,0,18.2782,186.8940,46.6929,0.6409,-6.2047
2507.000000,1,18.2782,187.0353,47.4190,1.2257,-7.6012
2507.000000,2,18.2782,187.1772,47.5985,1.2633,-8.9620
2507.000000,3,18.2782,187.3195,47.7111,1.2336,-9.7933
2507.000000,4,18.2782,187.4624,47.6542,1.0337,-10.2918
2507.000000,5,18.2782,186.7871,47.5471,1.6019,-7.8889
2507.000000,6,18.2782,186.9308,47.6348,1.5459,-9.2845
2507.000000,7,18.2782,187.0750,47.6013,1.3683,-10.1941
2507.000000,8,18.2782,187.2195,47.5707,1.1932,-10.5685
2507.000000,9,18.2782,187.3644,47.6492,1.1268,-10.3551
2507.000000,10,18.2782,186.6822,47.4102,1.5700,-9.7669
2507.000000,11,18.2782,186.8284,47.6239,1.6375,-10.3255
2507.000000,12,18.2782,186.9748,47.7125,1.5796,-10.4765
2507.000000,13,18.2782,187.1215,47.6359,1.3563,-10.3186
2507.000000,14,18.2782,187.2686,47.4730,1.0464,-9.8075
2507.000000,15,18.2782,186.5793,47.6476,1.9103,-10.3105
2507.000000,16,18.2782,186.7280,47.5538,1.6678,-10.5642
2507.000000,17,18.2782,186.8768,47.6290,1.5942,-10.1180
2507.000000,18,18.2782,187.0257,47.6888,1.5050,-9.2053
2507.000000,19,18.2782,187.1749,47.4997,1.1668,-8.1107
2507.000000,20,18.2782,186.4786,47.6636,2.0270,-10.1793
2507.000000,21,18.2782,186.6297,47.6932,1.9054,-9.6433
2507.000000,22,18.2782,186.7809,47.5551,1.6162,-8.7713
2507.000000,23,18.2782,186.9322,47.3851,1.2949,-7.4324
2507.000000,24,18.2782,187.0835,46.6220,0.3805,-6.3452
2508.000000,0,18.3441,186.8719,46.6822,0.6523,-6.1878
2508.000000,1,18.3441,187.0139,47.4173,1.2454,-7.5761
2508.000000,2,18.3441,187.1563,47.5966,1.2822,-8.9416
2508.000000,3,18.3441,187.2992,47.7110,1.2538,-9.7765
2508.000000,4,18.3441,187.4426,47.6548,1.0541,-10.2807
2508.000000,5,18.3441,186.7656,47.5431,1.6195,-7.8853
2508.000000,6,18.3441,186.9099,47.6385,1.5705,-9.2719
2508.000000,7,18.3441,187.0546,47.6043,1.3917,-10.1835
2508.000000,8,18.3441,187.1997,47.5656,1.2079,-10.5694
2508.000000,9,18.3441,187.3452,47.6467,1.1435,-10.3573
2508.000000,10,18.3441,186.6612,47.4101,1.5908,-9.7686
2508.000000,11,18.3441,186.8080,47.6231,1.6570,-10.3249
2508.000000,12,18.3441,186.9550,47.7125,1.5994,-10.4738
2508.000000,13,18.3441,187.1023,47.6351,1.3748,-10.3176
2508.000000,14,18.3441,187.2499,47.4732,1.0653,-9.8083
2508.000000,15,18.3441,186.5590,47.6447,1.9277,-10.3138
2508.000000,16,18.3441,186.7082,47.5481,1.6818,-10.5654
2508.000000,17,18.3441,186.8576,47.6315,1.6159,-10.1073
2508.000000,18,18.3441,187.0071,47.6905,1.5253,-9.1949
2508.000000,19,18.3441,187.1569,47.4955,1.1807,-8.1094
2508.000000,20,18.3441,186.4589,47.6631,2.0462,-10.1672
2508.000000,21,18.3441,186.6106,47.6894,1.9208,-9.6274
2508.000000,22,18.3441,186.7624,47.5463,1.6258,-8.7566
2508.000000,23,18.3441,186.9142,47.3812,1.3090,-7.4105
2508.000000,24,18.3441,187.0661,46.6122,0.3881,-6.3333
2509.000000,0,18.4096,186.8500,46.6715,0.6635,-6.1711
2509.000000,1,18.4096,186.9925,47.4154,1.2649,-7.5510
2509.000000,2,18.4096,187.1355,47.5941,1.3006,-8.9218
2509.000000,3,18.4096,187.2790,47.7105,1.2735,-9.7599
2509.000000,4,18.4096,187.4229,47.6551,1.0742,-10.2697
2509.000000,5,18.4096,186.7442,47.5390,1.6368,-7.8820
2509.000000,6,18.4096,186.8891,47.6420,1.5949,-9.2594
2509.000000,7,18.4096,187.0344,47.6073,1.4148,-10.1729
2509.000000,8,18.4096,187.1801,47.5604,1.2223,-10.5705
2509.000000,9,18.4096,187.3260,47.6441,1.1600,-10.3598
2509.000000,10,18.4096,186.6404,47.4100,1.6115,-9.7705
2509.000000,11,18.4096,186.7878,47.6222,1.6763,-10.3245
2509.000000,12,18.4096,186.9354,47.7125,1.6190,-10.4713
2509.000000,13,18.4096,187.0833,47.6344,1.3930,-10.3167
2509.000000,14,18.4096,187.2314,47.4735,1.0840,-9.8093
2509.000000,15,18.4096,186.5388,47.6417,1.9449,-10.3174
2509.000000,16,18.4096,186.6887,47.5422,1.6955,-10.5669
2509.000000,17,18.4096,186.8386,47.6341,1.6374,-10.0967
2509.000000,18,18.4096,186.9887,47.6922,1.5454,-9.1848
2509.000000,19,18.4096,187.1390,47.4913,1.1943,-8.1083
2509.000000,20,18.4096,186.4394,47.6622,2.0648,-10.1551
2509.000000,21,18.4096,186.5917,47.6852,1.9355,-9.6119
2509.000000,22,18.4096,186.7440,47.5368,1.6347,-8.7424
2509.000000,23,18.4096,186.8964,47.3771,1.3227,-7.3888
2509.000000,24,18.4096,187.0488,46.6023,0.3954,-6.3217
2510.000000,0,18.4747,186.8282,46.6606,0.6744,-6.1547
2510.000000,1,18.4747,186.9713,47.4134,1.2841,-7.5260
2510.000000,2,18.4747,187.1149,47.5912,1.3183,-8.9023
2510.000000,3,18.4747,187.2589,47.7097,1.2928,-9.7436
2510.000000,4,18.4747,187.4033,47.6553,1.0939,-10.2588
2510.000000,5,18.4747,186.7230,47.5348,1.6538,-7.8790
2510.000000,6,18.4747,186.8685,47.6456,1.6190,-9.2472
2510.000000,7,18.4747,187.0144,47.6102,1.4378,-10.1625
2510.000000,8,18.4747,187.1606,47.5550,1.2364,-10.5718
2510.000000,9,18.4747,187.3071,47.6414,1.1763,-10.3624
2510.000000,10,18.4747,186.6198,47.4099,1.6320,-9.7725
2510.000000,11,18.4747,186.7678,47.6213,1.6955,-10.3243
2510.000000,12,18.4747,186.9160,47.7125,1.6384,-10.4690
2510.000000,13,18.4747,187.0644,47.6336,1.4111,-10.3161
2510.000000,14,18.4747,187.2130,47.4737,1.1027,-9.8105
2510.000000,15,18.4747,186.5188,47.6386,1.9618,-10.3211
2510.000000,16,18.4747,186.6693,47.5362,1.7089,-10.5686
2510.000000,17,18.4747,186.8198,47.6366,1.6587,-10.0862
2510.000000,18,18.4747,186.9704,47.6937,1.5652,-9.1748
2510.000000,19,18.4747,187.1212,47.4870,1.2078,-8.1075
2510.000000,20,18.4747,186.4200,47.6611,2.0831,-10.1432
2510.000000,21,18.4747,186.5730,47.6806,1.9496,-9.5966
2510.000000,22,18.4747,186.7259,47.5268,1.6429,-8.7288
2510.000000,23,18.4747,186.8788,47.3729,1.3360,-7.3672
2510.000000,24,18.4747,187.0317,46.5923,0.4026,-6.3105
2511.000000,0,18.5394,186.8065,46.6496,0.6851,-6.1385
2511.000000,1,18.5394,186.9503,47.4113,1.3030,-7.5011
2511.000000,2,18.5394,187.0944,47.5878,1.3353,-8.8833
2511.000000,3,18.5394,187.2390,47.7085,1.3115,-9.7276
2511.000000,4,18.5394,187.3839,47.6552,1.1132,-10.2481
2511.000000,5,18.5394,186.7019,47.5306,1.6707,-7.8763
2511.000000,6,18.5394,186.8481,47.6490,1.6429,-9.2351
2511.000000,7,18.5394,186.9945,47.6132,1.4606,-10.1523
2511.000000,8,18.5394,187.1412,47.5494,1.2502,-10.5734
2511.000000,9,18.5394,187.2883,47.6387,1.1924,-10.3652
2511.000000,10,18.5394,186.5994,47.4098,1.6524,-9.7747
2511.000000,11,18.5394,186.7480,47.6204,1.7144,-10.3242
2511.000000,12,18.5394,186.8967,47.7125,1.6577,-10.4668
2511.000000,13,18.5394,187.0457,47.6328,1.4291,-10.3156
2511.000000,14,18.5394,187.1948,47.4740,1.1212,-9.8118
2511.000000,15,18.5394,186.4990,47.6354,1.9784,-10.3250
2511.000000,16,18.5394,186.6500,47.5300,1.7219,-10.5706
2511.000000,17,18.5394,186.8012,47.6390,1.6798,-10.0759
2511.000000,18,18.5394,186.9524,47.6951,1.5847,-9.1652
2511.000000,19,18.5394,187.1036,47.4827,1.2210,-8.1070
2511.000000,20,18.5394,186.4008,47.6597,2.1008,-10.1315
2511.000000,21,18.5394,186.5544,47.6755,1.9631,-9.5816
2511.000000,22,18.5394,186.7079,47.5162,1.6503,-8.7157
2511.000000,23,18.5394,186.8614,47.3685,1.3491,-7.3459
2511.000000,24,18.5394,187.0148,46.5824,0.4095,-6.2995
2512.000000,0,18.6037,186.7850,46.6386,0.6955,-6.1225
2512.000000,1,18.6037,186.9294,47.4090,1.3216,-7.4764
2512.000000,2,18.6037,187.0741,47.5839,1.3517,-8.8648
2512.000000,3,18.6037,187.2192,47.7070,1.3298,-9.7118
2512.000000,4,18.6037,187.3647,47.6549,1.1322,-10.2375
2512.000000,5,18.6037,186.6810,47.5263,1.6873,-7.8740
2512.000000,6,18.6037,186.8278,47.6523,1.6665,-9.2234
2512.000000,7,18.6037,186.9748,47.6160,1.4832,-10.1421
2512.000000,8,18.6037,187.1221,47.5438,1.2637,-10.5752
2512.000000,9,18.6037,187.2696,47.6359,1.2082,-10.3682
2512.000000,10,18.6037,186.5791,47.4098,1.6727,-9.7771
2512.000000,11,18.6037,186.7283,47.6195,1.7332,-10.3243
2512.000000,12,18.6037,186.8776,47.7125,1.6768,-10.4647
2512.000000,13,18.6037,187.0271,47.6319,1.4468,-10.3152
2512.000000,14,18.6037,187.1768,47.4744,1.1395,-9.8133
2512.000000,15,18.6037,186.4793,47.6321,1.9948,-10.3290
2512.000000,16,18.6037,186.6310,47.5237,1.7346,-10.5727
2512.000000,17,18.6037,186.7827,47.6414,1.7007,-10.0656
2512.000000,18,18.6037,186.9344,47.6964,1.6040,-9.1558
2512.000000,19,18.6037,187.0862,47.4783,1.2340,-8.1068
2512.000000,20,18.6037,186.3819,47.6579,2.1180,-10.1198
2512.000000,21,18.6037,186.5360,47.6700,1.9760,-9.5669
2512.000000,22,18.6037,186.6901,47.5050,1.6569,-8.7031
2512.000000,23,18.6037,186.8441,47.3639,1.3618,-7.3248
2512.000000,24,18.6037,186.9981,46.5723,0.4162,-6.2888
2513.000000,0,18.6676,186.7637,46.6275,0.7057,-6.1068
2513.000000,1,18.6676,186.9087,47.4066,1.3399,-7.4518
2513.000000,2,18.6676,187.0540,47.5794,1.3674,-8.8468
2513.000000,3,18.6676,187.1996,47.7052,1.3475,-9.6963
2513.000000,4,18.6676,187.3456,47.6544,1.1507,-10.2270
2513.000000,5,18.6676,186.6603,47.5220,1.7037,-7.8719
2513.000000,6,18.6676,186.8076,47.6555,1.6898,-9.2118
2513.000000,7,18.6676,186.9552,47.6189,1.5056,-10.1320
2513.000000,8,18.6676,187.1030,47.5379,1.2768,-10.5773
2513.000000,9,18.6676,187.2511,47.6330,1.2238,-10.3713
2513.000000,10,18.6676,186.5589,47.4098,1.6928,-9.7797
2513.000000,11,18.6676,186.7087,47.6186,1.7518,-10.3246
2513.000000,12,18.6676,186.8587,47.7125,1.6958,-10.4627
2513.000000,13,18.6676,187.0087,47.6311,1.4644,-10.3151
2513.000000,14,18.6676,187.1589,47.4747,1.1577,-9.8150
2513.000000,15,18.6676,186.4598,47.6288,2.0109,-10.3333
2513.000000,16,18.6676,186.6121,47.5172,1.7470,-10.5751
2513.000000,17,18.6676,186.7644,47.6438,1.7214,-10.0555
2513.000000,18,18.6676,186.9167,47.6976,1.6229,-9.1466
2513.000000,19,18.6676,187.0690,47.4739,1.2468,-8.1069
2513.000000,20,18.6676,186.3630,47.6559,2.1348,-10.1083
2513.000000,21,18.6676,186.5178,47.6641,1.9883,-9.5525
2513.000000,22,18.6676,186.6725,47.4933,1.6628,-8.6911
2513.000000,23,18.6676,186.8270,47.3592,1.3742,-7.3040
2513.000000,24,18.6676,186.9815,46.5622,0.4227,-6.2785
2514.000000,0,18.7311,186.7425,46.6162,0.7157,-6.0914
2514.000000,1,18.7311,186.8881,47.4040,1.3579,-7.4274
2514.000000,2,18.7311,187.0340,47.5744,1.3824,-8.8293
2514.000000,3,18.7311,187.1801,47.7029,1.3647,-9.6810
2514.000000,4,18.7311,187.3267,47.6536,1.1689,-10.2167
2514.000000,5,18.7311,186.6397,47.5175,1.7198,-7.8702
2514.000000,6,18.7311,186.7877,47.6586,1.7129,-9.2005
2514.000000,7,18.7311,186.9358,47.6217,1.5278,-10.1221
2514.000000,8,18.7311,187.0842,47.5320,1.2897,-10.5796
2514.000000,9,18.7311,187.2328,47.6301,1.2392,-10.3747
2514.000000,10,18.7311,186.5390,47.4098,1.7128,-9.7825
2514.000000,11,18.7311,186.6894,47.6177,1.7703,-10.3250
2514.000000,12,18.7311,186.8399,47.7125,1.7145,-10.4609
2514.000000,13,18.7311,186.9905,47.6303,1.4818,-10.3151
2514.000000,14,18.7311,187.1412,47.4751,1.1758,-9.8168
2514.000000,15,18.7311,186.4405,47.6253,2.0267,-10.3378
2514.000000,16,18.7311,186.5934,47.5105,1.7590,-10.5778
2514.000000,17,18.7311,186.7463,47.6461,1.7418,-10.0455
2514.000000,18,18.7311,186.8991,47.6987,1.6415,-9.1378
2514.000000,19,18.7311,187.0520,47.4694,1.2594,-8.1073
2514.000000,20,18.7311,186.3444,47.6535,2.1510,-10.0969
2514.000000,21,18.7311,186.4998,47.6577,1.9999,-9.5384
2514.000000,22,18.7311,186.6550,47.4862,1.6732,-8.6737
2514.000000,23,18.7311,186.8101,47.3543,1.3862,-7.2833
2514.000000,24,18.7311,186.9651,46.5521,0.4290,-6.2685
2515.000000,0,18.7941,186.7215,46.6049,0.7254,-6.0763
2515.000000,1,18.7941,186.8677,47.4013,1.3756,-7.4031
2515.000000,2,18.7941,187.0141,47.5689,1.3967,-8.8123
2515.000000,3,18.7941,187.1608,47.7003,1.3814,-9.6661
2515.000000,4,18.7941,187.3079,47.6526,1.1867,-10.2065
2515.000000,5,18.7941,186.6193,47.5130,1.7357,-7.8689
2515.000000,6,18.7941,186.7678,47.6616,1.7357,-9.1895
2515.000000,7,18.7941,186.9166,47.6245,1.5499,-10.1123
2515.000000,8,18.7941,187.0655,47.5258,1.3023,-10.5821
2515.000000,9,18.7941,187.2146,47.6270,1.2544,-10.3782
2515.000000,10,18.7941,186.5192,47.4099,1.7326,-9.7855
2515.000000,11,18.7941,186.6702,47.6168,1.7885,-10.3257
2515.000000,12,18.7941,186.8213,47.7125,1.7331,-10.4593
2515.000000,13,18.7941,186.9724,47.6294,1.4990,-10.3152
2515.000000,14,18.7941,187.1237,47.4755,1.1937,-9.8189
2515.000000,15,18.7941,186.4214,47.6217,2.0423,-10.3424
2515.000000,16,18.7941,186.5749,47.5036,1.7707,-10.5807
2515.000000,17,18.7941,186.7283,47.6483,1.7620,-10.0356
2515.000000,18,18.7941,186.8817,47.6996,1.6599,-9.1292
2515.000000,19,18.7941,187.0351,47.4648,1.2717,-8.1080
2515.000000,20,18.7941,186.3260,47.6508,2.1667,-10.0857
2515.000000,21,18.7941,186.4819,47.6508,2.0108,-9.5247
2515.000000,22,18.7941,186.6377,47.4941,1.6983,-8.6392
2515.000000,23,18.7941,186.7934,47.3492,1.3978,-7.2630
2515.000000,24,18.7941,186.9489,46.5419,0.4350,-6.2588
2516.000000,0,18.8567,186.7006,46.5935,0.7349,-6.0614
2516.000000,1,18.8567,186.8474,47.3984,1.3930,-7.3790
2516.000000,2,18.8567,186.9944,47.5628,1.4103,-8.7958
2516.000000,3,18.8567,187.1417,47.6973,1.3975,-9.6514
2516.000000,4,18.8567,187.2893,47.6514,1.2041,-10.1964
2516.000000,5,18.8567,186.5990,47.5084,1.7514,-7.8678
2516.000000,6,18.8567,186.7482,47.6645,1.7583,-9.1787
2516.000000,7,18.8567,186.8975,47.6272,1.5717,-10.1026
2516.000000,8,18.8567,187.0470,47.5195,1.3145,-10.5849
2516.000000,9,18.8567,187.1966,47.6239,1.2693,-10.3819
2516.000000,10,18.8567,186.4996,47.4100,1.7523,-9.7887
2516.000000,11,18.8567,186.6512,47.6158,1.8066,-10.3265
2516.000000,12,18.8567,186.8028,47.7125,1.7516,-10.4577
2516.000000,13,18.8567,186.9545,47.6286,1.5160,-10.3156
2516.000000,14,18.8567,187.1063,47.4759,1.2115,-9.8211
2516.000000,15,18.8567,186.4025,47.6181,2.0576,-10.3472
2516.000000,16,18.8567,186.5565,47.4966,1.7820,-10.5838
2516.000000,17,18.8567,186.7105,47.6505,1.7820,-10.0259
2516.000000,18,18.8567,186.8645,47.7004,1.6779,-9.1209
2516.000000,19,18.8567,187.0184,47.4602,1.2838,-8.1091
2516.000000,20,18.8567,186.3077,47.6477,2.1819,-10.0746
2516.000000,21,18.8567,186.4643,47.6435,2.0211,-9.5112
2516.000000,22,18.8567,186.6207,47.5017,1.7230,-8.6049
2516.000000,23,18.8567,186.7768,47.3440,1.4091,-7.2428
2516.000000,24,18.8567,186.9329,46.5317,0.4408,-6.2494
2517.000000,0,18.9189,186.6799,46.5821,0.7441,-6.0469
2517.000000,1,18.9189,186.8273,47.3954,1.4101,-7.3550
2517.000000,2,18.9189,186.9749,47.5561,1.4232,-8.7799
2517.000000,3,18.9189,187.1227,47.6939,1.4131,-9.6370
2517.000000,4,18.9189,187.2708,47.6499,1.2210,-10.1865
2517.000000,5,18.9189,186.5789,47.5038,1.7668,-7.8672
2517.000000,6,18.9189,186.7287,47.6673,1.7806,-9.1682
2517.000000,7,18.9189,186.8786,47.6299,1.5933,-10.0931
2517.000000,8,18.9189,187.0286,47.5131,1.3264,-10.5879
2517.000000,9,18.9189,187.1788,47.6208,1.2839,-10.3857
2517.000000,10,18.9189,186.4801,47.4101,1.7719,-9.7920
2517.000000,11,18.9189,186.6324,47.6148,1.8244,-10.3275
2517.000000,12,18.9189,186.7846,47.7125,1.7698,-10.4563
2517.000000,13,18.9189,186.9368,47.6277,1.5328,-10.3161
2517.000000,14,18.9189,187.0891,47.4763,1.2292,-9.8235
2517.000000,15,18.9189,186.3837,47.6143,2.0726,-10.3522
2517.000000,16,18.9189,186.5384,47.4894,1.7930,-10.5872
2517.000000,17,18.9189,186.6929,47.6527,1.8017,-10.0163
2517.000000,18,18.9189,186.8474,47.7011,1.6957,-9.1129
2517.000000,19,18.9189,187.0018,47.4555,1.2957,-8.1104
2517.000000,20,18.9189,186.2897,47.6443,2.1966,-10.0636
2517.000000,21,18.9189,186.4468,47.6356,2.0308,-9.4981
2517.000000,22,18.9189,186.6038,47.5090,1.7472,-8.5707
2517.000000,23,18.9189,186.7605,47.3386,1.4201,-7.2230
2517.000000,24,18.9189,186.9170,46.5215,0.4464,-6.2404
2518.000000,0,18.9806,186.6594,46.5705,0.7530,-6.0326
2518.000000,1,18.9806,186.8074,47.3922,1.4268,-7.3313
2518.000000,2,18.9806,186.9555,47.5488,1.4353,-8.7645
2518.000000,3,18.9806,187.1039,47.6901,1.4281,-9.6229
2518.000000,4,18.9806,187.2525,47.6481,1.2376,-10.1767
2518.000000,5,18.9806,186.5590,47.4990,1.7820,-7.8668
2518.000000,6,18.9806,186.7094,47.6700,1.8025,-9.1580
2518.000000,7,18.9806,186.8599,47.6326,1.6147,-10.0837
2518.000000,8,18.9806,187.0104,47.5065,1.3380,-10.5912
2518.000000,9,18.9806,187.1611,47.6175,1.2983,-10.3898
2518.000000,10,18.9806,186.4609,47.4103,1.7913,-9.7956
2518.000000,11,18.9806,186.6137,47.6139,1.8421,-10.3286
2518.000000,12,18.9806,186.7665,47.7125,1.7879,-10.4551
2518.000000,13,18.9806,186.9193,47.6268,1.5495,-10.3168
2518.000000,14,18.9806,187.0721,47.4768,1.2467,-9.8261
2518.000000,15,18.9806,186.3651,47.6105,2.0873,-10.3574
2518.000000,16,18.9806,186.5204,47.4820,1.8036,-10.5908
2518.000000,17,18.9806,186.6755,47.6547,1.8212,-10.0069
2518.000000,18,18.9806,186.8305,47.7017,1.7131,-9.1052
2518.000000,19,18.9806,186.9855,47.4508,1.3073,-8.1121
2518.000000,20,18.9806,186.2718,47.6405,2.2107,-10.0528
2518.000000,21,18.9806,186.4296,47.6273,2.0397,-9.4853
2518.000000,22,18.9806,186.5870,47.5161,1.7710,-8.5367
2518.000000,23,18.9806,186.7443,47.3330,1.4307,-7.2034
2518.000000,24,18.9806,186.9014,46.5112,0.4518,-6.2317
2519.000000,0,19.0418,186.6390,46.5588,0.7618,-6.0187
2519.000000,1,19.0418,186.7876,47.3889,1.4432,-7.3077
2519.000000,2,19.0418,186.9363,47.5410,1.4466,-8.7497
2519.000000,3,19.0418,187.0852,47.6858,1.4426,-9.6091
2519.000000,4,19.0418,187.2344,47.6461,1.2537,-10.1671
2519.000000,5,19.0418,186.5393,47.4942,1.7969,-7.8669
2519.000000,6,19.0418,186.6902,47.6725,1.8242,-9.1481
2519.000000,7,19.0418,186.8413,47.6352,1.6359,-10.0744
2519.000000,8,19.0418,186.9924,47.4997,1.3493,-10.5947
2519.000000,9,19.0418,187.1436,47.6142,1.3125,-10.3940
2519.000000,10,19.0418,186.4418,47.4105,1.8106,-9.7993
2519.000000,11,19.0418,186.5952,47.6129,1.8596,-10.3300
2519.000000,12,19.0418,186.7486,47.7125,1.8058,-10.4540
2519.000000,13,19.0418,186.9019,47.6259,1.5660,-10.3176
2519.000000,14,19.0418,187.0552,47.4773,1.2640,-9.8288
2519.000000,15,19.0418,186.3467,47.6065,2.1018,-10.3628
2519.000000,16,19.0418,186.5026,47.4745,1.8139,-10.5946
2519.000000,17,19.0418,186.6583,47.6568,1.8404,-9.9975
2519.000000,18,19.0418,186.8138,47.7021,1.7302,-9.0978
2519.000000,19,19.0418,186.9693,47.4460,1.3187,-8.1141
2519.000000,20,19.0418,186.2542,47.6364,2.2242,-10.0421
2519.000000,21,19.0418,186.4125,47.6185,2.0480,-9.4729
2519.000000,22,19.0418,186.5705,47.5229,1.7944,-8.5028
2519.000000,23,19.0418,186.7283,47.3273,1.4409,-7.1841
2519.000000,24,19.0418,186.8859,46.5009,0.4570,-6.2234
2520.000000,0,19.1026,186.6188,46.5471,0.7702,-6.0051
2520.000000,1,19.1026,186.7680,47.3853,1.4593,-7.2843
2520.000000,2,19.1026,186.9173,47.5325,1.4572,-8.7355
2520.000000,3,19.1026,187.0667,47.6812,1.4564,-9.5957
2520.000000,4,19.1026,187.2164,47.6438,1.2694,-10.1576
2520.000000,5,19.1026,186.5197,47.4893,1.8116,-7.8672
2520.000000,6,19.1026,186.6713,47.6749,1.8456,-9.1385
2520.000000,7,19.1026,186.8229,47.6377,1.6568,-10.0653
2520.000000,8,19.1026,186.9745,47.4928,1.3602,-10.5985
2520.000000,9,19.1026,187.1263,47.6108,1.3265,-10.3984
2520.000000,10,19.1026,186.4229,47.4107,1.8298,-9.8033
2520.000000,11,19.1026,186.5769,47.6119,1.8769,-10.3315
2520.000000,12,19.1026,186.7308,47.7125,1.8236,-10.4531
2520.000000,13,19.1026,186.8847,47.6250,1.5823,-10.3187
2520.000000,14,19.1026,187.0385,47.4778,1.2812,-9.8318
2520.000000,15,19.1026,186.3285,47.6025,2.1159,-10.3683
2520.000000,16,19.1026,186.4850,47.4668,1.8237,-10.5987
2520.000000,17,19.1026,186.6412,47.6587,1.8594,-9.9884
2520.000000,18,19.1026,186.7973,47.7023,1.7470,-9.0907
2520.000000,19,19.1026,186.9533,47.4412,1.3299,-8.1165
2520.000000,20,19.1026,186.2367,47.6319,2.2372,-10.0316
2520.000000,21,19.1026,186.3956,47.6092,2.0555,-9.4608
2520.000000,22,19.1026,186.5542,47.5295,1.8172,-8.4692
2520.000000,23,19.1026,186.7125,47.3213,1.4508,-7.1650
2520.000000,24,19.1026,186.8706,46.4905,0.4619,-6.2154
2521.000000,0,19.1628,186.5988,46.5353,0.7785,-5.9918
2521.000000,1,19.1628,186.7485,47.3817,1.4751,-7.2611
2521.000000,2,19.1628,186.8984,47.5234,1.4669,-8.7220
2521.000000,3,19.1628,187.0484,47.6761,1.4697,-9.5825
2521.000000,4,19.1628,187.1986,47.6412,1.2846,-10.1482
2521.000000,5,19.1628,186.5003,47.4843,1.8260,-7.8680
2521.000000,6,19.1628,186.6525,47.6772,1.8667,-9.1292
2521.000000,7,19.1628,186.8046,47.6402,1.6776,-10.0563
2521.000000,8,19.1628,186.9568,47.4857,1.3708,-10.6025
2521.000000,9,19.1628,187.1091,47.6073,1.3402,-10.4029
2521.000000,10,19.1628,186.4042,47.4110,1.8488,-9.8075
2521.000000,11,19.1628,186.5588,47.6109,1.8940,-10.3332
2521.000000,12,19.1628,186.7133,47.7125,1.8411,-10.4523
2521.000000,13,19.1628,186.8677,47.6241,1.5984,-10.3199
2521.000000,14,19.1628,187.0220,47.4783,1.2982,-9.8350
2521.000000,15,19.1628,186.3105,47.5983,2.1298,-10.3741
2521.000000,16,19.1628,186.4676,47.4588,1.8332,-10.6031
2521.000000,17,19.1628,186.6244,47.6606,1.8782,-9.9794
2521.000000,18,19.1628,186.7810,47.7025,1.7634,-9.0839
2521.000000,19,19.1628,186.9375,47.4363,1.3408,-8.1192
2521.000000,20,19.1628,186.2194,47.6270,2.2496,-10.0211
2521.000000,21,19.1628,186.3789,47.5993,2.0624,-9.4491
2521.000000,22,19.1628,186.5381,47.5357,1.8396,-8.4358
2521.000000,23,19.1628,186.6969,47.3152,1.4603,-7.1463
2521.000000,24,19.1628,186.8555,46.4801,0.4666,-6.2078
2522.000000,0,19.2226,186.5789,46.5234,0.7865,-5.9789
2522.000000,1,19.2226,186.7292,47.3778,1.4905,-7.2382
2522.000000,2,19.2226,186.8797,47.5136,1.4759,-8.7090
2522.000000,3,19.2226,187.0302,47.6706,1.4823,-9.5697
2522.000000,4,19.2226,187.1809,47.6384,1.2994,-10.1390
2522.000000,5,19.2226,186.4811,47.4793,1.8402,-7.8692
2522.000000,6,19.2226,186.6338,47.6793,1.8875,-9.1202
2522.000000,7,19.2226,186.7866,47.6427,1.6981,-10.0475
2522.000000,8,19.2226,186.9393,47.4784,1.3811,-10.6068
2522.000000,9,19.2226,187.0921,47.6037,1.3536,-10.4077
2522.000000,10,19.2226,186.3856,47.4113,1.8676,-9.8119
2522.000000,11,19.2226,186.5408,47.6098,1.9110,-10.3351
2522.000000,12,19.2226,186.6959,47.7125,1.8585,-10.4516
2522.000000,13,19.2226,186.8508,47.6232,1.6143,-10.3213
2522.000000,14,19.2226,187.0057,47.4789,1.3151,-9.8383
2522.000000,15,19.2226,186.2927,47.5941,2.1434,-10.3800
2522.000000,16,19.2226,186.4503,47.4508,1.8424,-10.6077
2522.000000,17,19.2226,186.6077,47.6624,1.8967,-9.9705
2522.000000,18,19.2226,186.7649,47.7024,1.7795,-9.0775
2522.000000,19,19.2226,186.9218,47.4314,1.3515,-8.1222
2522.000000,20,19.2226,186.2023,47.6218,2.2614,-10.0109
2522.000000,21,19.2226,186.3624,47.5889,2.0685,-9.4378
2522.000000,22,19.2226,186.5221,47.5417,1.8615,-8.4026
2522.000000,23,19.2226,186.6815,47.3089,1.4694,-7.1279
2522.000000,24,19.2226,186.8406,46.4697,0.4711,-6.2006
2523.000000,0,19.2819,186.5592,46.5114,0.7942,-5.9663
2523.000000,1,19.2819,186.7101,47.3738,1.5056,-7.2155
2523.000000,2,19.2819,186.8611,47.5032,1.4840,-8.6967
2523.000000,3,19.2819,187.0122,47.6646,1.4944,-9.5573
2523.000000,4,19.2819,187.1634,47.6353,1.3138,-10.1299
2523.000000,5,19.2819,186.4620,47.4742,1.8541,-7.8707
2523.000000,6,19.2819,186.6154,47.6813,1.9079,-9.1115
2523.000000,7,19.2819,186.7687,47.6451,1.7183,-10.0388
2523.000000,8,19.2819,186.9220,47.4710,1.3910,-10.6113
2523.000000,9,19.2819,187.0753,47.6001,1.3668,-10.4126
2523.000000,10,19.2819,186.3673,47.4116,1.8863,-9.8164
2523.000000,11,19.2819,186.5231,47.6088,1.9277,-10.3372
2523.000000,12,19.2819,186.6787,47.7125,1.8757,-10.4511
2523.000000,13,19.2819,186.8342,47.6223,1.6300,-10.3228
2523.000000,14,19.2819,186.9896,47.4795,1.3319,-9.8419
2523.000000,15,19.2819,186.2751,47.5897,2.1566,-10.3861
2523.000000,16,19.2819,186.4333,47.4425,1.8512,-10.6125
2523.000000,17,19.2819,186.5912,47.6642,1.9149,-9.9618
2523.000000,18,19.2819,186.7489,47.7023,1.7953,-9.0714
2523.000000,19,19.2819,186.9064,47.4264,1.3620,-8.1256
2523.000000,20,19.2819,186.1854,47.6161,2.2727,-10.0007
2523.000000,21,19.2819,186.3461,47.5780,2.0739,-9.4268
2523.000000,22,19.2819,186.5064,47.5473,1.8829,-8.3696
2523.000000,23,19.2819,186.6663,47.3024,1.4781,-7.1099
2523.000000,24,19.2819,186.8258,46.4592,0.4754,-6.1938
2524.000000,0,19.3407,186.5396,46.4993,0.8017,-5.9541
2524.000000,1,19.3407,186.6912,47.3695,1.5203,-7.1930
2524.000000,2,19.3407,186.8428,47.4922,1.4914,-8.6850
2524.000000,3,19.3407,186.9944,47.6582,1.5058,-9.5451
2524.000000,4,19.3407,187.1461,47.6318,1.3277,-10.1210
2524.000000,5,19.3407,186.4432,47.4690,1.8678,-7.8726
2524.000000,6,19.3407,186.5971,47.6832,1.9280,-9.1031
2524.000000,7,19.3407,186.7510,47.6474,1.7384,-10.0303
2524.000000,8,19.3407,186.9048,47.4634,1.4006,-10.6160
2524.000000,9,19.3407,187.0586,47.5964,1.3797,-10.4177
2524.000000,10,19.3407,186.3491,47.4120,1.9048,-9.8212
2524.000000,11,19.3407,186.5055,47.6077,1.9442,-10.3394
2524.000000,12,19.3407,186.6617,47.7125,1.8927,-10.4507
2524.000000,13,19.3407,186.8177,47.6213,1.6456,-10.3246
2524.000000,14,19.3407,186.9736,47.4801,1.3484,-9.8456
2524.000000,15,19.3407,186.2576,47.5853,2.1696,-10.3923
2524.000000,16,19.3407,186.4164,47.4340,1.8595,-10.6175
2524.000000,17,19.3407,186.5749,47.6659,1.9329,-9.9533
2524.000000,18,19.3407,186.7332,47.7019,1.8107,-9.0656
2524.000000,19,19.3407,186.8911,47.4213,1.3722,-8.1293
2524.000000,20,19.3407,186.1688,47.6101,2.2833,-9.9907
2524.000000,21,19.3407,186.3300,47.5666,2.0785,-9.4162
2524.000000,22,19.3407,186.4908,47.5526,1.9038,-8.3369
2524.000000,23,19.3407,186.6512,47.2957,1.4864,-7.0921
2524.000000,24,19.3407,186.8113,46.4488,0.4794,-6.1874
2525.000000,0,19.3989,186.5203,46.4872,0.8089,-5.9422
2525.000000,1,19.3989,186.6724,47.3651,1.5347,-7.1708
2525.000000,2,19.3989,186.8246,47.4804,1.4978,-8.6740
2525.000000,3,19.3989,186.9768,47.6513,1.5166,-9.5334
2525.000000,4,19.3989,187.1290,47.6281,1.3411,-10.1122
2525.000000,5,19.3989,186.4245,47.4637,1.8812,-7.8749
2525.000000,6,19.3989,186.5790,47.6849,1.9478,-9.0951
2525.000000,7,19.3989,186.7335,47.6497,1.7582,-10.0219
2525.000000,8,19.3989,186.8878,47.4557,1.4098,-10.6210
2525.000000,9,19.3989,187.0421,47.5926,1.3924,-10.4229
2525.000000,10,19.3989,186.3311,47.4124,1.9232,-9.8262
2525.000000,11,19.3989,186.4881,47.6067,1.9605,-10.3419
2525.000000,12,19.3989,186.6449,47.7125,1.9096,-10.4505
2525.000000,13,19.3989,186.8014,47.6203,1.6609,-10.3265
2525.000000,14,19.3989,186.9578,47.4807,1.3649,-9.8496
2525.000000,15,19.3989,186.2404,47.5807,2.1823,-10.3987
2525.000000,16,19.3989,186.3998,47.4254,1.8676,-10.6229
2525.000000,17,19.3989,186.5588,47.6675,1.9506,-9.9449
2525.000000,18,19.3989,186.7176,47.7015,1.8258,-9.0602
2525.000000,19,19.3989,186.8760,47.4162,1.3822,-8.1334
2525.000000,20,19.3989,186.1523,47.6037,2.2933,-9.9809
2525.000000,21,19.3989,186.3141,47.5546,2.0824,-9.4060
2525.000000,22,19.3989,186.4755,47.5576,1.9241,-8.3044
2525.000000,23,19.3989,186.6364,47.2888,1.4944,-7.0747
2525.000000,24,19.3989,186.7970,46.4382,0.4832,-6.1814
2526.000000,0,19.4566,186.5011,46.4750,0.8159,-5.9307
2526.000000,1,19.4566,186.6538,47.3605,1.5487,-7.1488
2526.000000,2,19.4566,186.8066,47.4680,1.5034,-8.6637
2526.000000,3,19.4566,186.9593,47.6440,1.5267,-9.5220
2526.000000,4,19.4566,187.1120,47.6241,1.3540,-10.1036
2526.000000,5,19.4566,186.4060,47.4584,1.8943,-7.8777
2526.000000,6,19.4566,186.5611,47.6865,1.9673,-9.0874
2526.000000,7,19.4566,186.7161,47.6519,1.7778,-10.0137
2526.000000,8,19.4566,186.8710,47.4477,1.4187,-10.6263
2526.000000,9,19.4566,187.0258,47.5887,1.4048,-10.4283
2526.000000,10,19.4566,186.3134,47.4129,1.9415,-9.8314
2526.000000,11,19.4566,186.4709,47.6056,1.9767,-10.3445
2526.000000,12,19.4566,186.6282,47.7125,1.9262,-10.4504
2526.000000,13,19.4566,186.7853,47.6194,1.6760,-10.3286
2526.000000,14,19.4566,186.9422,47.4814,1.3811,-9.8537
2526.000000,15,19.4566,186.2233,47.5760,2.1947,-10.4053
2526.000000,16,19.4566,186.3833,47.4180,1.8767,-10.6268
2526.000000,17,19.4566,186.5429,47.6690,1.9680,-9.9367
2526.000000,18,19.4566,186.7022,47.7008,1.8406,-9.0552
2526.000000,19,19.4566,186.8612,47.4111,1.3919,-8.1379
2526.000000,20,19.4566,186.1360,47.6003,2.3062,-9.9673
2526.000000,21,19.4566,186.2984,47.5420,2.0855,-9.3962
2526.000000,22,19.4566,186.4603,47.5623,1.9439,-8.2722
2526.000000,23,19.4566,186.6218,47.2818,1.5020,-7.0577
2526.000000,24,19.4566,186.7828,46.4277,0.4869,-6.1758
2527.000000,0,19.5138,186.4821,46.4627,0.8226,-5.9197
2527.000000,1,19.5138,186.6354,47.3558,1.5623,-7.1272
2527.000000,2,19.5138,186.7887,47.4549,1.5082,-8.6541
2527.000000,3,19.5138,186.9420,47.6361,1.5362,-9.5109
2527.000000,4,19.5138,187.0952,47.6197,1.3665,-10.0951
2527.000000,5,19.5138,186.3877,47.4529,1.9072,-7.8808
2527.000000,6,19.5138,186.5434,47.6879,1.9864,-9.0801
2527.000000,7,19.5138,186.6990,47.6541,1.7971,-10.0057
2527.000000,8,19.5138,186.8544,47.4397,1.4272,-10.6318
2527.000000,9,19.5138,187.0097,47.5847,1.4170,-10.4339
2527.000000,10,19.5138,186.2958,47.4134,1.9595,-9.8368
2527.000000,11,19.5138,186.4539,47.6045,1.9926,-10.3473
2527.000000,12,19.5138,186.6118,47.7125,1.9427,-10.4505
2527.000000,13,19.5138,186.7694,47.6184,1.6910,-10.3309
2527.000000,14,19.5138,186.9268,47.4821,1.3973,-9.8581
2527.000000,15,19.5138,186.2065,47.5713,2.2067,-10.4120
2527.000000,16,19.5138,186.3671,47.4194,1.8943,-10.6213
2527.000000,17,19.5138,186.5272,47.6705,1.9852,-9.9286
2527.000000,18,19.5138,186.6870,47.7000,1.8550,-9.0505
2527.000000,19,19.5138,186.8465,47.4059,1.4014,-8.1428
2527.000000,20,19.5138,186.1200,47.6045,2.3265,-9.9451
2527.000000,21,19.5138,186.2829,47.5289,2.0879,-9.3867
2527.000000,22,19.5138,186.4454,47.5666,1.9632,-8.2403
2527.000000,23,19.5138,186.6073,47.2745,1.5091,-7.0410
2527.000000,24,19.5138,186.7689,46.4172,0.4903,-6.1706
2528.000000,0,19.5705,186.4633,46.4504,0.8291,-5.9090
2528.000000,1,19.5705,186.6172,47.3508,1.5756,-7.1058
2528.000000,2,19.5705,186.7710,47.4449,1.5158,-8.6409
2528.000000,3,19.5705,186.9248,47.6278,1.5450,-9.5002
2528.000000,4,19.5705,187.0786,47.6151,1.3785,-10.0867
2528.000000,5,19.5705,186.3695,47.4474,1.9199,-7.8843
2528.000000,6,19.5705,186.5259,47.6891,2.0052,-9.0731
2528.000000,7,19.5705,186.6820,47.6562,1.8162,-9.9978
2528.000000,8,19.5705,186.8379,47.4342,1.4383,-10.6345
2528.000000,9,19.5705,186.9938,47.5807,1.4289,-10.4397
2528.000000,10,19.5705,186.2784,47.4139,1.9775,-9.8424
2528.000000,11,19.5705,186.4371,47.6034,2.0083,-10.3503
2528.000000,12,19.5705,186.5955,47.7125,1.9589,-10.4507
2528.000000,13,19.5705,186.7536,47.6174,1.7057,-10.3334
2528.000000,14,19.5705,186.9115,47.4828,1.4132,-9.8626
2528.000000,15,19.5705,186.1899,47.5664,2.2185,-10.4189
2528.000000,16,19.5705,186.3510,47.4208,1.9117,-10.6158
2528.000000,17,19.5705,186.5117,47.6718,2.0021,-9.9207
2528.000000,18,19.5705,186.6720,47.6990,1.8690,-9.0461
2528.000000,19,19.5705,186.8319,47.4006,1.4106,-8.1480
2528.000000,20,19.5705,186.1041,47.6079,2.3457,-9.9234
2528.000000,21,19.5705,186.2677,47.5152,2.0895,-9.3777
2528.000000,22,19.5705,186.4306,47.5706,1.9820,-8.2087
2528.000000,23,19.5705,186.5931,47.2671,1.5159,-7.0247
2528.000000,24,19.5705,186.7551,46.4066,0.4935,-6.1658
2529.000000,0,19.6265,186.4446,46.4379,0.8353,-5.8987
2529.000000,1,19.6265,186.5991,47.3456,1.5884,-7.0847
2529.000000,2,19.6265,186.7535,47.4544,1.5428,-8.6054
2529.000000,3,19.6265,186.9079,47.6190,1.5531,-9.4899
2529.000000,4,19.6265,187.0621,47.6101,1.3900,-10.0785
2529.000000,5,19.6265,186.3516,47.4419,1.9322,-7.8883
2529.000000,6,19.6265,186.5085,47.6902,2.0237,-9.0665
2529.000000,7,19.6265,186.6652,47.6582,1.8350,-9.9901
2529.000000,8,19.6265,186.8217,47.4355,1.4558,-10.6300
2529.000000,9,19.6265,186.9780,47.5766,1.4406,-10.4456
2529.000000,10,19.6265,186.2612,47.4144,1.9952,-9.8483
2529.000000,11,19.6265,186.4205,47.6023,2.0238,-10.3535
2529.000000,12,19.6265,186.5794,47.7125,1.9750,-10.4511
2529.000000,13,19.6265,186.7381,47.6164,1.7203,-10.3360
2529.000000,14,19.6265,186.8965,47.4835,1.4290,-9.8674
2529.000000,15,19.6265,186.1734,47.5614,2.2299,-10.4260
2529.000000,16,19.6265,186.3351,47.4221,1.9290,-10.6104
2529.000000,17,19.6265,186.4964,47.6731,2.0187,-9.9130
2529.000000,18,19.6265,186.6572,47.6979,1.8827,-9.0422
2529.000000,19,19.6265,186.8176,47.3953,1.4197,-8.1536
2529.000000,20,19.6265,186.0885,47.6105,2.3640,-9.9023
2529.000000,21,19.6265,186.2526,47.5009,2.0903,-9.3691
2529.000000,22,19.6265,186.4161,47.5743,2.0001,-8.1774
2529.000000,23,19.6265,186.5791,47.2594,1.5223,-7.0088
2529.000000,24,19.6265,186.7415,46.3960,0.4964,-6.1615
2530.000000,0,19.6821,186.4261,46.4255,0.8413,-5.8888
2530.000000,1,19.6821,186.5812,47.3402,1.6009,-7.0639
2530.000000,2,19.6821,186.7362,47.4636,1.5693,-8.5702
2530.000000,3,19.6821,186.8911,47.6097,1.5605,-9.4800
2530.000000,4,19.6821,187.0458,47.6058,1.4019,-10.0694
2530.000000,5,19.6821,186.3338,47.4362,1.9443,-7.8927
2530.000000,6,19.6821,186.4913,47.6911,2.0417,-9.0603
2530.000000,7,19.6821,186.6486,47.6601,1.8535,-9.9826
2530.000000,8,19.6821,186.8056,47.4367,1.4731,-10.6255
2530.000000,9,19.6821,186.9624,47.5724,1.4519,-10.4516
2530.000000,10,19.6821,186.2442,47.4150,2.0128,-9.8543
2530.000000,11,19.6821,186.4040,47.6012,2.0391,-10.3569
2530.000000,12,19.6821,186.5636,47.7125,1.9909,-10.4516
2530.000000,13,19.6821,186.7227,47.6154,1.7346,-10.3389
2530.000000,14,19.6821,186.8816,47.4843,1.4446,-9.8723
2530.000000,15,19.6821,186.1572,47.5563,2.2411,-10.4332
2530.000000,16,19.6821,186.3195,47.4235,1.9460,-10.6050
2530.000000,17,19.6821,186.4812,47.6743,2.0350,-9.9055
2530.000000,18,19.6821,186.6426,47.6966,1.8960,-9.0386
2530.000000,19,19.6821,186.8035,47.3900,1.4284,-8.1595
2530.000000,20,19.6821,186.0731,47.6123,2.3812,-9.8817
2530.000000,21,19.6821,186.2377,47.4860,2.0902,-9.3609
2530.000000,22,19.6821,186.4018,47.5775,2.0177,-8.1465
2530.000000,23,19.6821,186.5652,47.2516,1.5283,-6.9933
2530.000000,24,19.6821,186.7282,46.3854,0.4992,-6.1576
2531.000000,0,19.7370,186.4079,46.4129,0.8470,-5.8794
2531.000000,1,19.7370,186.5635,47.3346,1.6131,-7.0435
2531.000000,2,19.7370,186.7191,47.4725,1.5954,-8.5351
2531.000000,3,19.7370,186.8745,47.5998,1.5673,-9.4705
2531.000000,4,19.7370,187.0297,47.6128,1.4250,-10.0476
2531.000000,5,19.7370,186.3163,47.4305,1.9562,-7.8976
2531.000000,6,19.7370,186.4744,47.6918,2.0594,-9.0545
2531.000000,7,19.7370,186.6321,47.6620,1.8718,-9.9753
2531.000000,8,19.7370,186.7897,47.4379,1.4902,-10.6212
2531.000000,9,19.7370,186.9470,47.5681,1.4631,-10.4578
2531.000000,10,19.7370,186.2274,47.4157,2.0303,-9.8606
2531.000000,11,19.7370,186.3878,47.6000,2.0542,-10.3604
2531.000000,12,19.7370,186.5479,47.7125,2.0066,-10.4523
2531.000000,13,19.7370,186.7076,47.6144,1.7488,-10.3419
2531.000000,14,19.7370,186.8669,47.4851,1.4601,-9.8775
2531.000000,15,19.7370,186.1412,47.5511,2.2519,-10.4406
2531.000000,16,19.7370,186.3040,47.4248,1.9628,-10.5996
2531.000000,17,19.7370,186.4663,47.6754,2.0511,-9.8982
2531.000000,18,19.7370,186.6282,47.6951,1.9089,-9.0354
2531.000000,19,19.7370,186.7896,47.3846,1.4370,-8.1659
2531.000000,20,19.7370,186.0579,47.6133,2.3973,-9.8617
2531.000000,21,19.7370,186.2231,47.4706,2.0894,-9.3532
2531.000000,22,19.7370,186.3876,47.5804,2.0347,-8.1158
2531.000000,23,19.7370,186.5516,47.2435,1.5339,-6.9782
2531.000000,24,19.7370,186.7150,46.3748,0.5017,-6.1541
2532.000000,0,19.7914,186.3898,46.4003,0.8525,-5.8704
2532.000000,1,19.7914,186.5460,47.3289,1.6248,-7.0234
2532.000000,2,19.7914,186.7021,47.4812,1.6210,-8.5002
2532.000000,3,19.7914,186.8580,47.5894,1.5734,-9.4614
2532.000000,4,19.7914,187.0138,47.6191,1.4473,-10.0263
2532.000000,5,19.7914,186.2989,47.4247,1.9677,-7.9028
2532.000000,6,19.7914,186.4576,47.6924,2.0768,-9.0491
2532.000000,7,19.7914,186.6159,47.6638,1.8898,-9.9681
2532.000000,8,19.7914,186.7740,47.4392,1.5071,-10.6169
2532.000000,9,19.7914,186.9318,47.5638,1.4739,-10.4642
2532.000000,10,19.7914,186.2108,47.4164,2.0476,-9.8671
2532.000000,11,19.7914,186.3718,47.5989,2.0691,-10.3642
2532.000000,12,19.7914,186.5324,47.7125,2.0220,-10.4531
2532.000000,13,19.7914,186.6926,47.6133,1.7627,-10.3451
2532.000000,14,19.7914,186.8524,47.4859,1.4754,-9.8829
2532.000000,15,19.7914,186.1254,47.5458,2.2624,-10.4480
2532.000000,16,19.7914,186.2888,47.4262,1.9793,-10.5943
2532.000000,17,19.7914,186.4516,47.6764,2.0668,-9.8910
2532.000000,18,19.7914,186.6140,47.6935,1.9215,-9.0326
2532.000000,19,19.7914,186.7758,47.3791,1.4452,-8.1727
2532.000000,20,19.7914,186.0429,47.6133,2.4124,-9.8423
2532.000000,21,19.7914,186.2087,47.4545,2.0878,-9.3458
2532.000000,22,19.7914,186.3737,47.5829,2.0512,-8.0856
2532.000000,23,19.7914,186.5382,47.2353,1.5390,-6.9635
2532.000000,24,19.7914,186.7021,46.3642,0.5041,-6.1511
2533.000000,0,19.8451,186.3719,46.3876,0.8577,-5.8619
2533.000000,1,19.8451,186.5287,47.3229,1.6361,-7.0036
2533.000000,2,19.8451,186.6853,47.4895,1.6461,-8.4656
2533.000000,3,19.8451,186.8418,47.5785,1.5787,-9.4527
2533.000000,4,19.8451,186.9981,47.6248,1.4687,-10.0055
2533.000000,5,19.8451,186.2818,47.4188,1.9790,-7.9086
2533.000000,6,19.8451,186.4410,47.6928,2.0937,-9.0440
2533.000000,7,19.8451,186.5999,47.6655,1.9076,-9.9612
2533.000000,8,19.8451,186.7584,47.4404,1.5239,-10.6126
2533.000000,9,19.8451,186.9168,47.5593,1.4845,-10.4707
2533.000000,10,19.8451,186.1944,47.4171,2.0647,-9.8738
2533.000000,11,19.8451,186.3559,47.5977,2.0837,-10.3681
2533.000000,12,19.8451,186.5171,47.7125,2.0373,-10.4540
2533.000000,13,19.8451,186.6778,47.6123,1.7764,-10.3485
2533.000000,14,19.8451,186.8381,47.4867,1.4905,-9.8884
2533.000000,15,19.8451,186.1098,47.5404,2.2726,-10.4557
2533.000000,16,19.8451,186.2737,47.4275,1.9957,-10.5891
2533.000000,17,19.8451,186.4371,47.6774,2.0822,-9.8841
2533.000000,18,19.8451,186.5999,47.6916,1.9337,-9.0302
2533.000000,19,19.8451,186.7623,47.3736,1.4533,-8.1798
2533.000000,20,19.8451,186.0282,47.6125,2.4263,-9.8234
2533.000000,21,19.8451,186.1944,47.4378,2.0854,-9.3390
2533.000000,22,19.8451,186.3600,47.5851,2.0670,-8.0557
2533.000000,23,19.8451,186.5250,47.2268,1.5438,-6.9493
2533.000000,24,19.8451,186.6893,46.3535,0.5062,-6.1486
2534.000000,0,19.8983,186.3541,46.3749,0.8627,-5.8538
2534.000000,1,19.8983,186.5116,47.3166,1.6470,-6.9842
2534.000000,2,19.8983,186.6688,47.4976,1.6708,-8.4312
2534.000000,3,19.8983,186.8257,47.5671,1.5833,-9.4444
2534.000000,4,19.8983,186.9825,47.6298,1.4893,-9.9852
2534.000000,5,19.8983,186.2648,47.4128,1.9900,-7.9148
2534.000000,6,19.8983,186.4246,47.6929,2.1103,-9.0394
2534.000000,7,19.8983,186.5840,47.6671,1.9251,-9.9544
2534.000000,8,19.8983,186.7431,47.4416,1.5404,-10.6084
2534.000000,9,19.8983,186.9019,47.5548,1.4948,-10.4774
2534.000000,10,19.8983,186.1782,47.4178,2.0816,-9.8807
2534.000000,11,19.8983,186.3403,47.5966,2.0982,-10.3722
2534.000000,12,19.8983,186.5020,47.7125,2.0524,-10.4551
2534.000000,13,19.8983,186.6632,47.6112,1.7900,-10.3520
2534.000000,14,19.8983,186.8240,47.4876,1.5055,-9.8942
2534.000000,15,19.8983,186.0944,47.5349,2.2824,-10.4634
2534.000000,16,19.8983,186.2589,47.4288,2.0118,-10.5839
2534.000000,17,19.8983,186.4228,47.6782,2.0974,-9.8773
2534.000000,18,19.8983,186.5861,47.6896,1.9454,-9.0282
2534.000000,19,19.8983,186.7490,47.3681,1.4611,-8.1874
2534.000000,20,19.8983,186.0136,47.6108,2.4392,-9.8052
2534.000000,21,19.8983,186.1804,47.4205,2.0821,-9.3325
2534.000000,22,19.8983,186.3465,47.5868,2.0822,-8.0262
2534.000000,23,19.8983,186.5120,47.2182,1.5481,-6.9355
2534.000000,24,19.8983,186.6768,46.3429,0.5081,-6.1466
2535.000000,0,19.9509,186.3366,46.3621,0.8674,-5.8462
2535.000000,1,19.9509,186.4946,47.3102,1.6575,-6.9652
2535.000000,2,19.9509,186.6524,47.5053,1.6949,-8.3971
2535.000000,3,19.9509,186.8099,47.5551,1.5872,-9.4365
2535.000000,4,19.9509,186.9671,47.6341,1.5089,-9.9654
2535.000000,5,19.9509,186.2480,47.4068,2.0008,-7.9214
2535.000000,6,19.9509,186.4084,47.6929,2.1265,-9.0352
2535.000000,7,19.9509,186.5684,47.6687,1.9423,-9.9478
2535.000000,8,19.9509,186.7280,47.4427,1.5567,-10.6043
2535.000000,9,19.9509,186.8873,47.5502,1.5049,-10.4842
2535.000000,10,19.9509,186.1622,47.4186,2.0984,-9.8878
2535.000000,11,19.9509,186.3249,47.5954,2.1124,-10.3765
2535.000000,12,19.9509,186.4871,47.7125,2.0673,-10.4564
2535.000000,13,19.9509,186.6488,47.6102,1.8033,-10.3558
2535.000000,14,19.9509,186.8101,47.4885,1.5203,-9.9002
2535.000000,15,19.9509,186.0792,47.5292,2.2920,-10.4713
2535.000000,16,19.9509,186.2443,47.4300,2.0277,-10.5787
2535.000000,17,19.9509,186.4087,47.6789,2.1122,-9.8707
2535.000000,18,19.9509,186.5725,47.6874,1.9569,-9.0266
2535.000000,19,19.9509,186.7358,47.3625,1.4686,-8.1954
2535.000000,20,19.9509,185.9993,47.6082,2.4509,-9.7876
2535.000000,21,19.9509,186.1666,47.4254,2.1008,-9.3010
2535.000000,22,19.9509,186.3333,47.5881,2.0968,-7.9971
2535.000000,23,19.9509,186.4992,47.2093,1.5521,-6.9221
2535.000000,24,19.9509,186.6644,46.3323,0.5098,-6.1450
2536.000000,0,20.0028,186.3193,46.3492,0.8719,-5.8391
2536.000000,1,20.0028,186.4779,47.3036,1.6677,-6.9466
2536.000000,2,20.0028,186.6362,47.5127,1.7185,-8.3632
2536.000000,3,20.0028,186.7942,47.5425,1.5903,-9.4290
2536.000000,4,20.0028,186.9519,47.6376,1.5277,-9.9461
2536.000000,5,20.0028,186.2314,47.4007,2.0112,-7.9286
2536.000000,6,20.0028,186.3924,47.6927,2.1423,-9.0315
2536.000000,7,20.0028,186.5529,47.6701,1.9592,-9.9414
2536.000000,8,20.0028,186.7130,47.4439,1.5729,-10.6003
2536.000000,9,20.0028,186.8728,47.5455,1.5146,-10.4911
2536.000000,10,20.0028,186.1464,47.4194,2.1150,-9.8952
2536.000000,11,20.0028,186.3097,47.5942,2.1265,-10.3810
2536.000000,12,20.0028,186.4724,47.7125,2.0820,-10.4578
2536.000000,13,20.0028,186.6346,47.6091,1.8164,-10.3597
2536.000000,14,20.0028,186.7964,47.4894,1.5349,-9.9064
2536.000000,15,20.0028,186.0643,47.5235,2.3012,-10.4794
2536.000000,16,20.0028,186.2299,47.4313,2.0434,-10.5736
2536.000000,17,20.0028,186.3948,47.6796,2.1267,-9.8644
2536.000000,18,20.0028,186.5591,47.6851,1.9679,-9.0255
2536.000000,19,20.0028,186.7229,47.3568,1.4759,-8.2037
2536.000000,20,20.0028,185.9852,47.6047,2.4615,-9.7706
2536.000000,21,20.0028,186.1531,47.4458,2.1347,-9.2520
2536.000000,22,20.0028,186.3202,47.5890,2.1108,-7.9684
2536.000000,23,20.0028,186.4866,47.2002,1.5556,-6.9093
2536.000000,24,20.0028,186.6523,46.3216,0.5113,-6.1439
2537.000000,0,20.0542,186.3021,46.3363,0.8761,-5.8325
2537.000000,1,20.0542,186.4613,47.2967,1.6773,-6.9283
2537.000000,2,20.0542,186.6201,47.5198,1.7416,-8.3296
2537.000000,3,20.0542,186.7787,47.5294,1.5927,-9.4220
2537.000000,4,20.0542,186.9369,47.6404,1.5455,-9.9274
2537.000000,5,20.0542,186.2151,47.3945,2.0214,-7.9362
2537.000000,6,20.0542,186.3766,47.6923,2.1577,-9.0282
2537.000000,7,20.0542,186.5376,47.6715,1.9758,-9.9352
2537.000000,8,20.0542,186.6983,47.4451,1.5888,-10.5963
2537.000000,9,20.0542,186.8585,47.5407,1.5241,-10.4982
2537.000000,10,20.0542,186.1308,47.4203,2.1314,-9.9027
2537.000000,11,20.0542,186.2947,47.5930,2.1403,-10.3857
2537.000000,12,20.0542,186.4579,47.7125,2.0965,-10.4593
2537.000000,13,20.0542,186.6207,47.6080,1.8293,-10.3638
2537.000000,14,20.0542,186.7829,47.4903,1.5494,-9.9128
2537.000000,15,20.0542,186.0496,47.5176,2.3100,-10.4875
2537.000000,16,20.0542,186.2157,47.4346,2.0609,-10.5662
2537.000000,17,20.0542,186.3811,47.6801,2.1410,-9.8582
2537.000000,18,20.0542,186.5459,47.6825,1.9785,-9.0248
2537.000000,19,20.0542,186.7102,47.3512,1.4829,-8.2125
2537.000000,20,20.0542,185.9713,47.6002,2.4709,-9.7543
2537.000000,21,20.0542,186.1397,47.4655,2.1678,-9.2034
2537.000000,22,20.0542,186.3074,47.5895,2.1241,-7.9402
2537.000000,23,20.0542,186.4742,47.1909,1.5587,-6.8969
2537.000000,24,20.0542,186.6404,46.3110,0.5126,-6.1434
2538.000000,0,20.1048,186.2852,46.3234,0.8801,-5.8264
2538.000000,1,20.1048,186.4449,47.2896,1.6866,-6.9105
2538.000000,2,20.1048,186.6043,47.5265,1.7642,-8.2963
2538.000000,3,20.1048,186.7634,47.5157,1.5943,-9.4154
2538.000000,4,20.1048,186.9221,47.6425,1.5624,-9.9093
2538.000000,5,20.1048,186.1989,47.3883,2.0313,-7.9442
2538.000000,6,20.1048,186.3610,47.6917,2.1727,-9.0253
2538.000000,7,20.1048,186.5226,47.6728,1.9922,-9.9292
2538.000000,8,20.1048,186.6837,47.4462,1.6045,-10.5924
2538.000000,9,20.1048,186.8444,47.5359,1.5334,-10.5054
2538.000000,10,20.1048,186.1155,47.4212,2.1477,-9.9105
2538.000000,11,20.1048,186.2799,47.5917,2.1538,-10.3905
2538.000000,12,20.1048,186.4436,47.7125,2.1108,-10.4610
2538.000000,13,20.1048,186.6069,47.6069,1.8420,-10.3681
2538.000000,14,20.1048,186.7696,47.4913,1.5637,-9.9194
2538.000000,15,20.1048,186.0350,47.5117,2.3186,-10.4957
2538.000000,16,20.1048,186.2017,47.4474,2.0876,-10.5486
2538.000000,17,20.1048,186.3677,47.6806,2.1549,-9.8522
2538.000000,18,20.1048,186.5330,47.6797,1.9887,-9.0245
2538.000000,19,20.1048,186.6977,47.3454,1.4897,-8.2218
2538.000000,20,20.1048,185.9577,47.5948,2.4791,-9.7386
2538.000000,21,20.1048,186.1266,47.4846,2.1999,-9.1553
2538.000000,22,20.1048,186.2947,47.5896,2.1368,-7.9124
2538.000000,23,20.1048,186.4621,47.1815,1.5613,-6.8850
2538.000000,24,20.1048,186.6287,46.3004,0.5137,-6.1433
2539.000000,0,20.1549,186.2685,46.3104,0.8839,-5.8208
2539.000000,1,20.1549,186.4288,47.2823,1.6955,-6.8932
2539.000000,2,20.1549,186.5887,47.5329,1.7862,-8.2634
2539.000000,3,20.1549,186.7482,47.5015,1.5952,-9.4093
2539.000000,4,20.1549,186.9075,47.6438,1.5783,-9.8917
2539.000000,5,20.1549,186.1830,47.3820,2.0410,-7.9528
2539.000000,6,20.1549,186.3456,47.6909,2.1873,-9.0229
2539.000000,7,20.1549,186.5077,47.6739,2.0082,-9.9234
2539.000000,8,20.1549,186.6693,47.4473,1.6200,-10.5885
2539.000000,9,20.1549,186.8306,47.5309,1.5423,-10.5127
2539.000000,10,20.1549,186.1003,47.4222,2.1638,-9.9185
2539.000000,11,20.1549,186.2653,47.5905,2.1672,-10.3955
2539.000000,12,20.1549,186.4296,47.7125,2.1249,-10.4628
2539.000000,13,20.1549,186.5933,47.6058,1.8544,-10.3726
2539.000000,14,20.1549,186.7565,47.4923,1.5778,-9.9263
2539.000000,15,20.1549,186.0208,47.5056,2.3268,-10.5041
2539.000000,16,20.1549,186.1880,47.4599,2.1140,-10.5311
2539.000000,17,20.1549,186.3544,47.6809,2.1684,-9.8465
2539.000000,18,20.1549,186.5202,47.6768,1.9985,-9.0246
2539.000000,19,20.1549,186.6853,47.3397,1.4963,-8.2314
2539.000000,20,20.1549,185.9443,47.5884,2.4861,-9.7235
2539.000000,21,20.1549,186.1137,47.5029,2.2311,-9.1076
2539.000000,22,20.1549,186.2823,47.5892,2.1489,-7.8851
2539.000000,23,20.1549,186.4501,47.1718,1.5636,-6.8736
2539.000000,24,20.1549,186.6172,46.2898,0.5145,-6.1437
2540.000000,0,20.2043,186.2519,46.2973,0.8873,-5.8157
2540.000000,1,20.2043,186.4128,47.2747,1.7039,-6.8762
2540.000000,2,20.2043,186.5732,47.5390,1.8077,-8.2308
2540.000000,3,20.2043,186.7333,47.4866,1.5953,-9.4036
2540.000000,4,20.2043,186.8930,47.6443,1.5932,-9.8747
2540.000000,5,20.2043,186.1672,47.3756,2.0503,-7.9619
2540.000000,6,20.2043,186.3304,47.6899,2.2015,-9.0209
2540.000000,7,20.2043,186.4930,47.6750,2.0240,-9.9178
2540.000000,8,20.2043,186.6552,47.4484,1.6352,-10.5847
2540.000000,9,20.2043,186.8169,47.5259,1.5510,-10.5202
2540.000000,10,20.2043,186.0854,47.4231,2.1797,-9.9267
2540.000000,11,20.2043,186.2509,47.5893,2.1803,-10.4007
2540.000000,12,20.2043,186.4157,47.7125,2.1387,-10.4648
2540.000000,13,20.2043,186.5799,47.6047,1.8667,-10.3772
2540.000000,14,20.2043,186.7436,47.4933,1.5917,-9.9333
2540.000000,15,20.2043,186.0067,47.4994,2.3347,-10.5125
2540.000000,16,20.2043,186.1744,47.4723,2.1398,-10.5139
2540.000000,17,20.2043,186.3414,47.6811,2.1817,-9.8409
2540.000000,18,20.2043,186.5076,47.6736,2.0079,-9.0252
2540.000000,19,20.2043,186.6732,47.3339,1.5026,-8.2415
2540.000000,20,20.2043,185.9311,47.5810,2.4919,-9.7091
2540.000000,21,20.2043,186.1011,47.5206,2.2614,-9.0604
2540.000000,22,20.2043,186.2702,47.5884,2.1603,-7.8583
2540.000000,23,20.2043,186.4384,47.1619,1.5654,-6.8627
2540.000000,24,20.2043,186.6059,46.2792,0.5152,-6.1447
2541.000000,0,20.2530,186.2356,46.2842,0.8906,-5.8111
2541.000000,1,20.2530,186.3970,47.2669,1.7118,-6.8598
2541.000000,2,20.2530,186.5580,47.5446,1.8286,-8.1985
2541.000000,3,20.2530,186.7186,47.4712,1.5946,-9.3984
2541.000000,4,20.2530,186.8788,47.6440,1.6072,-9.8582
2541.000000,5,20.2530,186.1517,47.3691,2.0594,-7.9714
2541.000000,6,20.2530,186.3154,47.6886,2.2152,-9.0194
2541.000000,7,20.2530,186.4786,47.6760,2.0394,-9.9125
2541.000000,8,20.2530,186.6412,47.4495,1.6503,-10.5810
2541.000000,9,20.2530,186.8034,47.5208,1.5594,-10.5277
2541.000000,10,20.2530,186.0707,47.4242,2.1954,-9.9351
2541.000000,11,20.2530,186.2367,47.5880,2.1933,-10.4061
2541.000000,12,20.2530,186.4021,47.7125,2.1524,-10.4669
2541.000000,13,20.2530,186.5667,47.6035,1.8787,-10.3821
2541.000000,14,20.2530,186.7309,47.4943,1.6054,-9.9406
2541.000000,15,20.2530,185.9928,47.4931,2.3423,-10.5211
2541.000000,16,20.2530,186.1611,47.4844,2.1653,-10.4970
2541.000000,17,20.2530,186.3286,47.6812,2.1946,-9.8356
2541.000000,18,20.2530,186.4953,47.6703,2.0170,-9.0263
2541.000000,19,20.2530,186.6613,47.3280,1.5087,-8.2520
2541.000000,20,20.2530,185.9182,47.5726,2.4964,-9.6954
2541.000000,21,20.2530,186.0886,47.5375,2.2908,-9.0138
2541.000000,22,20.2530,186.2582,47.5872,2.1710,-7.8319
2541.000000,23,20.2530,186.4269,47.1517,1.5668,-6.8524
2541.000000,24,20.2530,186.5948,46.2686,0.5157,-6.1462
2542.000000,0,20.3010,186.2195,46.2711,0.8936,-5.8072
2542.000000,1,20.3010,186.3814,47.2589,1.7194,-6.8438
2542.000000,2,20.3010,186.5430,47.5499,1.8489,-8.1666
2542.000000,3,20.3010,186.7040,47.4551,1.5931,-9.3936
2542.000000,4,20.3010,186.8647,47.6429,1.6201,-9.8424
2542.000000,5,20.3010,186.1363,47.3626,2.0682,-7.9815
2542.000000,6,20.3010,186.3006,47.6872,2.2285,-9.0184
2542.000000,7,20.3010,186.4643,47.6769,2.0545,-9.9073
2542.000000,8,20.3010,186.6274,47.4506,1.6651,-10.5773
2542.000000,9,20.3010,186.7901,47.5156,1.5675,-10.5354
2542.000000,10,20.3010,186.0562,47.4252,2.2110,-9.9437
2542.000000,11,20.3010,186.2228,47.5867,2.2059,-10.4117
2542.000000,12,20.3010,186.3886,47.7125,2.1658,-10.4691
2542.000000,13,20.3010,186.5538,47.6024,1.8906,-10.3871
2542.000000,14,20.3010,186.7184,47.4954,1.6190,-9.9480
2542.000000,15,20.3010,185.9792,47.4868,2.3495,-10.5297
2542.000000,16,20.3010,186.1480,47.4963,2.1903,-10.4803
2542.000000,17,20.3010,186.3160,47.6812,2.2072,-9.8305
2542.000000,18,20.3010,186.4831,47.6667,2.0255,-9.0278
2542.000000,19,20.3010,186.6496,47.3221,1.5145,-8.2629
2542.000000,20,20.3010,185.9055,47.5632,2.4997,-9.6824
2542.000000,21,20.3010,186.0764,47.5536,2.3192,-8.9677
2542.000000,22,20.3010,186.2465,47.5855,2.1810,-7.8061
2542.000000,23,20.3010,186.4156,47.1414,1.5678,-6.8426
2542.000000,24,20.3010,186.5840,46.2580,0.5160,-6.1482
2543.000000,0,20.3484,186.2035,46.2579,0.8964,-5.8037
2543.000000,1,20.3484,186.3661,47.2506,1.7265,-6.8283
2543.000000,2,20.3484,186.5281,47.5547,1.8686,-8.1351
2543.000000,3,20.3484,186.6897,47.4385,1.5908,-9.3894
2543.000000,4,20.3484,186.8508,47.6409,1.6321,-9.8272
2543.000000,5,20.3484,186.1212,47.3560,2.0767,-7.9921
2543.000000,6,20.3484,186.2861,47.6855,2.2414,-9.0179
2543.000000,7,20.3484,186.4503,47.6777,2.0694,-9.9024
2543.000000,8,20.3484,186.6139,47.4517,1.6797,-10.5736
2543.000000,9,20.3484,186.7770,47.5104,1.5753,-10.5432
2543.000000,10,20.3484,186.0420,47.4263,2.2263,-9.9525
2543.000000,11,20.3484,186.2090,47.5855,2.2184,-10.4174
2543.000000,12,20.3484,186.3754,47.7125,2.1790,-10.4715
2543.000000,13,20.3484,186.5410,47.6012,1.9022,-10.3923
2543.000000,14,20.3484,186.7060,47.4965,1.6324,-9.9557
2543.000000,15,20.3484,185.9658,47.4802,2.3564,-10.5384
2543.000000,16,20.3484,186.1351,47.5080,2.2148,-10.4639
2543.000000,17,20.3484,186.3036,47.6811,2.2195,-9.8256
2543.000000,18,20.3484,186.4712,47.6630,2.0337,-9.0297
2543.000000,19,20.3484,186.6381,47.3162,1.5200,-8.2743
2543.000000,20,20.3484,185.8930,47.5528,2.5018,-9.6701
2543.000000,21,20.3484,186.0644,47.5690,2.3465,-8.9221
2543.000000,22,20.3484,186.2350,47.5833,2.1904,-7.7808
2543.000000,23,20.3484,186.4046,47.1309,1.5683,-6.8334
2543.000000,24,20.3484,186.5733,46.2474,0.5161,-6.1508
2544.000000,0,20.3951,186.1878,46.2447,0.8989,-5.8009
2544.000000,1,20.3951,186.3509,47.2421,1.7331,-6.8133
2544.000000,2,20.3951,186.5135,47.5592,1.8877,-8.1040
2544.000000,3,20.3951,186.6755,47.4212,1.5877,-9.3856
2544.000000,4,20.3951,186.8372,47.6381,1.6429,-9.8126
2544.000000,5,20.3951,186.1063,47.3493,2.0850,-8.0032
2544.000000,6,20.3951,186.2717,47.6836,2.2538,-9.0179
2544.000000,7,20.3951,186.4364,47.6783,2.0839,-9.8977
2544.000000,8,20.3951,186.6005,47.4527,1.6941,-10.5701
2544.000000,9,20.3951,186.7641,47.5050,1.5829,-10.5511
2544.000000,10,20.3951,186.0279,47.4275,2.2415,-9.9616
2544.000000,11,20.3951,186.1955,47.5842,2.2306,-10.4233
2544.000000,12,20.3951,186.3624,47.7125,2.1921,-10.4741
2544.000000,13,20.3951,186.5285,47.6001,1.9136,-10.3976
2544.000000,14,20.3951,186.6939,47.4976,1.6456,-9.9635
2544.000000,15,20.3951,185.9527,47.4736,2.3629,-10.5472
2544.000000,16,20.3951,186.1225,47.5194,2.2389,-10.4478
2544.000000,17,20.3951,186.2914,47.6809,2.2315,-9.8209
2544.000000,18,20.3951,186.4595,47.6590,2.0415,-9.0322
2544.000000,19,20.3951,186.6269,47.3102,1.5253,-8.2861
2544.000000,20,20.3951,185.8807,47.5413,2.5025,-9.6584
2544.000000,21,20.3951,186.0527,47.5837,2.3729,-8.8772
2544.000000,22,20.3951,186.2237,47.5807,2.1990,-7.7561
2544.000000,23,20.3951,186.3937,47.1201,1.5684,-6.8247
2544.000000,24,20.3951,186.5629,46.2369,0.5160,-6.1540
2545.000000,0,20.4411,186.1723,46.2315,0.9012,-5.7986
2545.000000,1,20.4411,186.3359,47.2333,1.7393,-6.7988
2545.000000,2,20.4411,186.4990,47.5632,1.9062,-8.0734
2545.000000,3,20.4411,186.6616,47.4034,1.5837,-9.3822
2545.000000,4,20.4411,186.8237,47.6345,1.6528,-9.7986
2545.000000,5,20.4411,186.0917,47.3426,2.0929,-8.0148
2545.000000,6,20.4411,186.2576,47.6814,2.2658,-9.0184
2545.000000,7,20.4411,186.4228,47.6789,2.0981,-9.8932
2545.000000,8,20.4411,186.5874,47.4555,1.7101,-10.5646
2545.000000,9,20.4411,186.7514,47.4996,1.5902,-10.5590
2545.000000,10,20.4411,186.0141,47.4287,2.2565,-9.9708
2545.000000,11,20.4411,186.1822,47.5829,2.2426,-10.4294
2545.000000,12,20.4411,186.3496,47.7125,2.2049,-10.4767
2545.000000,13,20.4411,186.5162,47.5989,1.9247,-10.4032
2545.000000,14,20.4411,186.6821,47.4987,1.6586,-9.9716
2545.000000,15,20.4411,185.9398,47.4669,2.3691,-10.5560
2545.000000,16,20.4411,186.1101,47.5305,2.2624,-10.4319
2545.000000,17,20.4411,186.2795,47.6806,2.2431,-9.8165
2545.000000,18,20.4411,186.4480,47.6549,2.0488,-9.0351
2545.000000,19,20.4411,186.6158,47.3042,1.5304,-8.2984
2545.000000,20,20.4411,185.8688,47.5288,2.5020,-9.6475
2545.000000,21,20.4411,186.0412,47.5975,2.3983,-8.8328
2545.000000,22,20.4411,186.2126,47.5776,2.2070,-7.7319
2545.000000,23,20.4411,186.3831,47.1092,1.5681,-6.8166
2545.000000,24,20.4411,186.5527,46.2264,0.5157,-6.1577
2546.000000,0,20.4864,186.1570,46.2183,0.9032,-5.7970
2546.000000,1,20.4864,186.3212,47.2243,1.7451,-6.7849
2546.000000,2,20.4864,186.4848,47.5668,1.9240,-8.0432
2546.000000,3,20.4864,186.6478,47.3849,1.5790,-9.3794
2546.000000,4,20.4864,186.8104,47.6300,1.6615,-9.7853
2546.000000,5,20.4864,186.0772,47.3358,2.1006,-8.0270
2546.000000,6,20.4864,186.2436,47.6791,2.2774,-9.0193
2546.000000,7,20.4864,186.4094,47.6793,2.1119,-9.8889
2546.000000,8,20.4864,186.5744,47.4680,1.7356,-10.5486
2546.000000,9,20.4864,186.7389,47.4941,1.5971,-10.5671
2546.000000,10,20.4864,186.0005,47.4299,2.2713,-9.9803
2546.000000,11,20.4864,186.1692,47.5816,2.2544,-10.4356
2546.000000,12,20.4864,186.3370,47.7125,2.2174,-10.4795
2546.000000,13,20.4864,186.5040,47.5977,1.9357,-10.4089
2546.000000,14,20.4864,186.6704,47.4999,1.6715,-9.9799
2546.000000,15,20.4864,185.9271,47.4601,2.3750,-10.5649
2546.000000,16,20.4864,186.0979,47.5414,2.2855,-10.4163
2546.000000,17,20.4864,186.2678,47.6801,2.2543,-9.8123
2546.000000,18,20.4864,186.4368,47.6505,2.0557,-9.0385
2546.000000,19,20.4864,186.6049,47.2982,1.5352,-8.3111
2546.000000,20,20.4864,185.8570,47.5152,2.5001,-9.6373
2546.000000,21,20.4864,186.0299,47.6105,2.4226,-8.7891
2546.000000,22,20.4864,186.2018,47.5740,2.2142,-7.7083
2546.000000,23,20.4864,186.3727,47.0980,1.5673,-6.8091
2546.000000,24,20.4864,186.5427,46.2159,0.5152,-6.1620
2547.000000,0,20.5309,186.1419,46.2050,0.9050,-5.7959
2547.000000,1,20.5309,186.3066,47.2151,1.7504,-6.7715
2547.000000,2,20.5309,186.4708,47.5700,1.9412,-8.0134
2547.000000,3,20.5309,186.6343,47.3657,1.5734,-9.3771
2547.000000,4,20.5309,186.7973,47.6245,1.6692,-9.7726
2547.000000,5,20.5309,186.0630,47.3290,2.1080,-8.0397
2547.000000,6,20.5309,186.2299,47.6765,2.2885,-9.0208
2547.000000,7,20.5309,186.3961,47.6797,2.1255,-9.8849
2547.000000,8,20.5309,186.5617,47.4803,1.7606,-10.5328
2547.000000,9,20.5309,186.7266,47.4885,1.6038,-10.5752
2547.000000,10,20.5309,185.9872,47.4311,2.2859,-9.9899
2547.000000,11,20.5309,186.1563,47.5803,2.2659,-10.4421
2547.000000,12,20.5309,186.3246,47.7125,2.2298,-10.4824
2547.000000,13,20.5309,186.4921,47.5966,1.9464,-10.4147
2547.000000,14,20.5309,186.6589,47.5011,1.6841,-9.9884
2547.000000,15,20.5309,185.9146,47.4532,2.3805,-10.5739
2547.000000,16,20.5309,186.0859,47.5520,2.3080,-10.4010
2547.000000,17,20.5309,186.2563,47.6796,2.2652,-9.8083
2547.000000,18,20.5309,186.4257,47.6459,2.0622,-9.0424
2547.000000,19,20.5309,186.5943,47.2921,1.5398,-8.3243
2547.000000,20,20.5309,185.8455,47.5005,2.4969,-9.6279
2547.000000,21,20.5309,186.0189,47.6228,2.4458,-8.7460
2547.000000,22,20.5309,186.1912,47.5700,2.2207,-7.6853
2547.000000,23,20.5309,186.3625,47.0867,1.5661,-6.8022
2547.000000,24,20.5309,186.5329,46.2055,0.5145,-6.1669
2548.000000,0,20.5748,186.1270,46.1917,0.9066,-5.7955
2548.000000,1,20.5748,186.2923,47.2056,1.7552,-6.7587
2548.000000,2,20.5748,186.4569,47.5728,1.9578,-7.9841
2548.000000,3,20.5748,186.6210,47.3743,1.5953,-9.3436
2548.000000,4,20.5748,186.7844,47.6182,1.6757,-9.7606
2548.000000,5,20.5748,186.0489,47.3220,2.1151,-8.0529
2548.000000,6,20.5748,186.2164,47.6736,2.2991,-9.0229
2548.000000,7,20.5748,186.3831,47.6799,2.1387,-9.8811
2548.000000,8,20.5748,186.5492,47.4924,1.7852,-10.5173
2548.000000,9,20.5748,186.7145,47.4828,1.6103,-10.5835
2548.000000,10,20.5748,185.9740,47.4324,2.3003,-9.9998
2548.000000,11,20.5748,186.1437,47.5789,2.2772,-10.4486
2548.000000,12,20.5748,186.3125,47.7125,2.2420,-10.4855
2548.000000,13,20.5748,186.4804,47.5954,1.9569,-10.4208
2548.000000,14,20.5748,186.6476,47.5023,1.6966,-9.9971
2548.000000,15,20.5748,185.9024,47.4461,2.3857,-10.5829
2548.000000,16,20.5748,186.0742,47.5623,2.3301,-10.3860
2548.000000,17,20.5748,186.2450,47.6789,2.2758,-9.8046
2548.000000,18,20.5748,186.4149,47.6411,2.0682,-9.0467
2548.000000,19,20.5748,186.5839,47.2860,1.5441,-8.3379
2548.000000,20,20.5748,185.8342,47.4847,2.4924,-9.6191
2548.000000,21,20.5748,186.0081,47.6341,2.4680,-8.7035
2548.000000,22,20.5748,186.1808,47.5654,2.2265,-7.6629
2548.000000,23,20.5748,186.3526,47.0751,1.5644,-6.7959
2548.000000,24,20.5748,186.5234,46.1951,0.5136,-6.1723
2549.000000,0,20.6179,186.1124,46.1784,0.9080,-5.7957
2549.000000,1,20.6179,186.2782,47.1958,1.7596,-6.7465
2549.000000,2,20.6179,186.4433,47.5751,1.9737,-7.9553
2549.000000,3,20.6179,186.6078,47.3970,1.6311,-9.2942
2549.000000,4,20.6179,186.7718,47.6110,1.6812,-9.7492
2549.000000,5,20.6179,186.0352,47.3151,2.1219,-8.0667
2549.000000,6,20.6179,186.2031,47.6705,2.3093,-9.0254
2549.000000,7,20.6179,186.3704,47.6800,2.1516,-9.8775
2549.000000,8,20.6179,186.5368,47.5042,1.8093,-10.5021
2549.000000,9,20.6179,186.7026,47.4771,1.6164,-10.5918
2549.000000,10,20.6179,185.9611,47.4337,2.3146,-10.0098
2549.000000,11,20.6179,186.1313,47.5776,2.2883,-10.4554
2549.000000,12,20.6179,186.3005,47.7125,2.2539,-10.4887
2549.000000,13,20.6179,186.4690,47.5942,1.9672,-10.4270
2549.000000,14,20.6179,186.6366,47.5035,1.7089,-10.0060
2549.000000,15,20.6179,185.8904,47.4390,2.3905,-10.5919
2549.000000,16,20.6179,186.0627,47.5723,2.3516,-10.3713
2549.000000,17,20.6179,186.2340,47.6780,2.2860,-9.8011
2549.000000,18,20.6179,186.4043,47.6361,2.0738,-9.0516
2549.000000,19,20.6179,186.5737,47.2799,1.5482,-8.3520
2549.000000,20,20.6179,185.8232,47.4677,2.4865,-9.6112
2549.000000,21,20.6179,185.9975,47.6447,2.4891,-8.6618
2549.000000,22,20.6179,186.1707,47.5604,2.2316,-7.6412
2549.000000,23,20.6179,186.3429,47.0633,1.5624,-6.7903
2549.000000,24,20.6179,186.5141,46.1847,0.5126,-6.1784
2550.000000,0,20.6603,186.0979,46.1651,0.9091,-5.7965
2550.000000,1,20.6603,186.2643,47.1858,1.7635,-6.7349
2550.000000,2,20.6603,186.4299,47.5769,1.9889,-7.9271
2550.000000,3,20.6603,186.5949,47.4190,1.6661,-9.2452
2550.000000,4,20.6603,186.7593,47.6028,1.6855,-9.7385
2550.000000,5,20.6603,186.0216,47.3080,2.1284,-8.0810
2550.000000,6,20.6603,186.1901,47.6672,2.3190,-9.0285
2550.000000,7,20.6603,186.3578,47.6800,2.1641,-9.8742
2550.000000,8,20.6603,186.5247,47.5158,1.8330,-10.4872
2550.000000,9,20.6603,186.6910,47.4712,1.6222,-10.6001
2550.000000,10,20.6603,185.9485,47.4351,2.3286,-10.0201
2550.000000,11,20.6603,186.1191,47.5763,2.2991,-10.4623
2550.000000,12,20.6603,186.2888,47.7125,2.2656,-10.4920
2550.000000,13,20.6603,186.4577,47.5930,1.9772,-10.4334
2550.000000,14,20.6603,186.6258,47.5048,1.7210,-10.0151
2550.000000,15,20.6603,185.8787,47.4317,2.3950,-10.6009
2550.000000,16,20.6603,186.0514,47.5820,2.3725,-10.3569
2550.000000,17,20.6603,186.2232,47.6771,2.2959,-9.7979
2550.000000,18,20.6603,186.3939,47.6309,2.0790,-9.0570
2550.000000,19,20.6603,186.5637,47.2737,1.5520,-8.3666
2550.000000,20,20.6603,185.8124,47.4497,2.4792,-9.6040
2550.000000,21,20.6603,185.9872,47.6543,2.5091,-8.6208
2550.000000,22,20.6603,186.1608,47.5548,2.2359,-7.6201
2550.000000,23,20.6603,186.3334,47.0513,1.5598,-6.7853
2550.000000,24,20.6603,186.5050,46.1743,0.5114,-6.1851
2551.000000,0,20.7019,186.0837,46.1517,0.9100,-5.7981
2551.000000,1,20.7019,186.2506,47.1755,1.7669,-6.7238
2551.000000,2,20.7019,186.4167,47.5782,2.0035,-7.8993
2551.000000,3,20.7019,186.5822,47.4402,1.7000,-9.1968
2551.000000,4,20.7019,186.7470,47.5937,1.6887,-9.7285
2551.000000,5,20.7019,186.0082,47.3009,2.1346,-8.0959
2551.000000,6,20.7019,186.1773,47.6636,2.3283,-9.0322
2551.000000,7,20.7019,186.3454,47.6798,2.1763,-9.8711
2551.000000,8,20.7019,186.5128,47.5271,1.8562,-10.4725
2551.000000,9,20.7019,186.6795,47.4653,1.6278,-10.6085
2551.000000,10,20.7019,185.9360,47.4365,2.3425,-10.0305
2551.000000,11,20.7019,186.1072,47.5749,2.3097,-10.4694
2551.000000,12,20.7019,186.2774,47.7125,2.2771,-10.4955
2551.000000,13,20.7019,186.4467,47.5917,1.9870,-10.4399
2551.000000,14,20.7019,186.6151,47.5060,1.7329,-10.0243
2551.000000,15,20.7019,185.8672,47.4244,2.3991,-10.6100
2551.000000,16,20.7019,186.0404,47.5914,2.3930,-10.3428
2551.000000,17,20.7019,186.2126,47.6760,2.3054,-9.7949
2551.000000,18,20.7019,186.3837,47.6255,2.0837,-9.0629
2551.000000,19,20.7019,186.5540,47.2675,1.5555,-8.3816
2551.000000,20,20.7019,185.8019,47.4305,2.4706,-9.5975
2551.000000,21,20.7019,185.9771,47.6631,2.5280,-8.5805
2551.000000,22,20.7019,186.1512,47.5487,2.2395,-7.5996
2551.000000,23,20.7019,186.3241,47.0391,1.5569,-6.7809
2551.000000,24,20.7019,186.4961,46.1641,0.5099,-6.1924
2552.000000,0,20.7428,186.0697,46.1384,0.9106,-5.8002
2552.000000,1,20.7428,186.2371,47.1650,1.7699,-6.7135
2552.000000,2,20.7428,186.4037,47.5791,2.0173,-7.8722
2552.000000,3,20.7428,186.5697,47.4608,1.7331,-9.1490
2552.000000,4,20.7428,186.7349,47.5836,1.6907,-9.7192
2552.000000,5,20.7428,185.9951,47.2937,2.1406,-8.1113
2552.000000,6,20.7428,186.1647,47.6597,2.3370,-9.0364
2552.000000,7,20.7428,186.3333,47.6796,2.1882,-9.8683
2552.000000,8,20.7428,186.5012,47.5381,1.8789,-10.4582
2552.000000,9,20.7428,186.6683,47.4593,1.6330,-10.6170
2552.000000,10,20.7428,185.9238,47.4380,2.3561,-10.0411
2552.000000,11,20.7428,186.0955,47.5735,2.3200,-10.4766
2552.000000,12,20.7428,186.2661,47.7125,2.2883,-10.4990
2552.000000,13,20.7428,186.4358,47.5905,1.9966,-10.4466
2552.000000,14,20.7428,186.6047,47.5073,1.7446,-10.0338
2552.000000,15,20.7428,185.8560,47.4169,2.4029,-10.6191
2552.000000,16,20.7428,186.0296,47.6005,2.4129,-10.3290
2552.000000,17,20.7428,186.2022,47.6748,2.3146,-9.7921
2552.000000,18,20.7428,186.3738,47.6199,2.0880,-9.0692
2552.000000,19,20.7428,186.5444,47.2613,1.5589,-8.3971
2552.000000,20,20.7428,185.7916,47.4102,2.4606,-9.5918
2552.000000,21,20.7428,185.9673,47.6710,2.5457,-8.5409
2552.000000,22,20.7428,186.1418,47.5422,2.2424,-7.5799
2552.000000,23,20.7428,186.3151,47.0267,1.5535,-6.7772
2552.000000,24,20.7428,186.4874,46.1538,0.5083,-6.2003
2553.000000,0,20.7829,186.0560,46.1250,0.9110,-5.8031
2553.000000,1,20.7829,186.2239,47.1542,1.7723,-6.7037
2553.000000,2,20.7829,186.3910,47.5795,2.0305,-7.8456
2553.000000,3,20.7829,186.5573,47.4806,1.7652,-9.1017
2553.000000,4,20.7829,186.7231,47.5726,1.6915,-9.7105
2553.000000,5,20.7829,185.9823,47.2865,2.1462,-8.1273
2553.000000,6,20.7829,186.1523,47.6556,2.3453,-9.0412
2553.000000,7,20.7829,186.3214,47.6792,2.1997,-9.8657
2553.000000,8,20.7829,186.4897,47.5489,1.9011,-10.4441
2553.000000,9,20.7829,186.6572,47.4533,1.6380,-10.6255
2553.000000,10,20.7829,185.9119,47.4394,2.3695,-10.0519
2553.000000,11,20.7829,186.0840,47.5722,2.3301,-10.4839
2553.000000,12,20.7829,186.2551,47.7125,2.2993,-10.5027
2553.000000,13,20.7829,186.4253,47.5893,2.0060,-10.4535
2553.000000,14,20.7829,186.5945,47.5087,1.7561,-10.0435
2553.000000,15,20.7829,185.8450,47.4094,2.4064,-10.6282
2553.000000,16,20.7829,186.0191,47.6093,2.4322,-10.3156
2553.000000,17,20.7829,186.1921,47.6735,2.3234,-9.7896
2553.000000,18,20.7829,186.3641,47.6140,2.0919,-9.0761
2553.000000,19,20.7829,186.5351,47.2551,1.5619,-8.4131
2553.000000,20,20.7829,185.7816,47.3961,2.4564,-9.5788
2553.000000,21,20.7829,185.9577,47.6780,2.5623,-8.5021
2553.000000,22,20.7829,186.1326,47.5351,2.2445,-7.5608
2553.000000,23,20.7829,186.3063,47.0140,1.5497,-6.7742
2553.000000,24,20.7829,186.4790,46.1436,0.5066,-6.2089
2554.000000,0,20.8223,186.0424,46.1117,0.9112,-5.8066
2554.000000,1,20.8223,186.2108,47.1432,1.7743,-6.6947
2554.000000,2,20.8223,186.3784,47.5794,2.0429,-7.8196
2554.000000,3,20.8223,186.5453,47.4996,1.7963,-9.0550
2554.000000,4,20.8223,186.7114,47.5606,1.6911,-9.7026
2554.000000,5,20.8223,185.9696,47.2793,2.1516,-8.1439
2554.000000,6,20.8223,186.1401,47.6512,2.3531,-9.0465
2554.000000,7,20.8223,186.3097,47.6787,2.2109,-9.8634
2554.000000,8,20.8223,186.4785,47.5594,1.9229,-10.4304
2554.000000,9,20.8223,186.6464,47.4471,1.6427,-10.6340
2554.000000,10,20.8223,185.9002,47.4410,2.3828,-10.0629
2554.000000,11,20.8223,186.0727,47.5708,2.3400,-10.4915
2554.000000,12,20.8223,186.2443,47.7125,2.3101,-10.5065
2554.000000,13,20.8223,186.4149,47.5880,2.0151,-10.4605
2554.000000,14,20.8223,186.5846,47.5100,1.7674,-10.0533
2554.000000,15,20.8223,185.8342,47.4017,2.4095,-10.6372
2554.000000,16,20.8223,186.0088,47.6178,2.4509,-10.3025
2554.000000,17,20.8223,186.1822,47.6721,2.3318,-9.7873
2554.000000,18,20.8223,186.3546,47.6079,2.0953,-9.0836
2554.000000,19,20.8223,186.5260,47.2488,1.5648,-8.4295
2554.000000,20,20.8223,185.7718,47.4258,2.4959,-9.5166
2554.000000,21,20.8223,185.9484,47.6841,2.5777,-8.4641
2554.000000,22,20.8223,186.1237,47.5275,2.2458,-7.5425
2554.000000,23,20.8223,186.2978,47.0012,1.5454,-6.7719
2554.000000,24,20.8223,186.4708,46.1335,0.5046,-6.2181
2555.000000,0,20.8608,186.0291,46.0984,0.9112,-5.8109
2555.000000,1,20.8608,186.1980,47.1319,1.7759,-6.6863
2555.000000,2,20.8608,186.3661,47.5787,2.0546,-7.7942
2555.000000,3,20.8608,186.5334,47.5178,1.8264,-9.0090
2555.000000,4,20.8608,186.6999,47.5475,1.6896,-9.6954
2555.000000,5,20.8608,185.9572,47.2719,2.1567,-8.1610
2555.000000,6,20.8608,186.1282,47.6466,2.3604,-9.0524
2555.000000,7,20.8608,186.2983,47.6780,2.2217,-9.8613
2555.000000,8,20.8608,186.4674,47.5696,1.9441,-10.4170
2555.000000,9,20.8608,186.6358,47.4409,1.6471,-10.6426
2555.000000,10,20.8608,185.8887,47.4425,2.3958,-10.0741
2555.000000,11,20.8608,186.0617,47.5694,2.3496,-10.4991
2555.000000,12,20.8608,186.2337,47.7125,2.3207,-10.5105
2555.000000,13,20.8608,186.4047,47.5868,2.0240,-10.4677
2555.000000,14,20.8608,186.5748,47.5113,1.7785,-10.0634
2555.000000,15,20.8608,185.8237,47.3940,2.4123,-10.6463
2555.000000,16,20.8608,185.9987,47.6259,2.4691,-10.2897
2555.000000,17,20.8608,186.1726,47.6705,2.3398,-9.7853
2555.000000,18,20.8608,186.3454,47.6016,2.0982,-9.0915
2555.000000,19,20.8608,186.5171,47.2425,1.5673,-8.4465
2555.000000,20,20.8608,185.7623,47.4540,2.5336,-9.4554
2555.000000,21,20.8608,185.9393,47.6892,2.5919,-8.4270
2555.000000,22,20.8608,186.1150,47.5193,2.2463,-7.5249
2555.000000,23,20.8608,186.2895,46.9882,1.5407,-6.7702
2555.000000,24,20.8608,186.4628,46.1234,0.5025,-6.2279
2556.000000,0,20.8986,186.0160,46.0850,0.9110,-5.8159
2556.000000,1,20.8986,186.1854,47.1203,1.7769,-6.6786
2556.000000,2,20.8986,186.3540,47.5776,2.0656,-7.7694
2556.000000,3,20.8986,186.5217,47.5352,1.8555,-8.9636
2556.000000,4,20.8986,186.6887,47.5335,1.6868,-9.6890
2556.000000,5,20.8986,185.9450,47.2645,2.1615,-8.1787
2556.000000,6,20.8986,186.1165,47.6417,2.3672,-9.0589
2556.000000,7,20.8986,186.2870,47.6772,2.2322,-9.8594
2556.000000,8,20.8986,186.4566,47.5795,1.9648,-10.4039
2556.000000,9,20.8986,186.6254,47.4346,1.6512,-10.6512
2556.000000,10,20.8986,185.8774,47.4441,2.4086,-10.0854
2556.000000,11,20.8986,186.0510,47.5680,2.3590,-10.5069
2556.000000,12,20.8986,186.2234,47.7125,2.3310,-10.5145
2556.000000,13,20.8986,186.3948,47.5855,2.0327,-10.4750
2556.000000,14,20.8986,186.5653,47.5127,1.7894,-10.0736
2556.000000,15,20.8986,185.8134,47.4024,2.4309,-10.6376
2556.000000,16,20.8986,185.9889,47.6336,2.4867,-10.2773
2556.000000,17,20.8986,186.1632,47.6687,2.3475,-9.7836
2556.000000,18,20.8986,186.3364,47.5951,2.1007,-9.1000
2556.000000,19,20.8986,186.5085,47.2362,1.5697,-8.4639
2556.000000,20,20.8986,185.7531,47.4807,2.5696,-9.3953
2556.000000,21,20.8986,185.9304,47.6934,2.6050,-8.3906
2556.000000,22,20.8986,186.1065,47.5107,2.2461,-7.5081
2556.000000,23,20.8986,186.2814,46.9750,1.5355,-6.7693
2556.000000,24,20.8986,186.4551,46.1134,0.5002,-6.2384
2557.000000,0,20.9356,186.0031,46.0717,0.9106,-5.8216
2557.000000,1,20.9356,186.1730,47.1085,1.7774,-6.6716
2557.000000,2,20.9356,186.3421,47.5759,2.0758,-7.7453
2557.000000,3,20.9356,186.5103,47.5518,1.8835,-8.9189
2557.000000,4,20.9356,186.6777,47.5185,1.6828,-9.6832
2557.000000,5,20.9356,185.9331,47.2571,2.1660,-8.1969
2557.000000,6,20.9356,186.1050,47.6366,2.3735,-9.0659
2557.000000,7,20.9356,186.2760,47.6763,2.2423,-9.8579
2557.000000,8,20.9356,186.4460,47.5891,1.9850,-10.3911
2557.000000,9,20.9356,186.6152,47.4283,1.6550,-10.6598
2557.000000,10,20.9356,185.8665,47.4457,2.4212,-10.0969
2557.000000,11,20.9356,186.0404,47.5666,2.3681,-10.5149
2557.000000,12,20.9356,186.2133,47.7125,2.3411,-10.5187
2557.000000,13,20.9356,186.3851,47.5843,2.0411,-10.4825
2557.000000,14,20.9356,186.5560,47.5141,1.8001,-10.0840
2557.000000,15,20.9356,185.8034,47.4141,2.4526,-10.6253
2557.000000,16,20.9356,185.9793,47.6411,2.5037,-10.2652
2557.000000,17,20.9356,186.1540,47.6669,2.3548,-9.7821
2557.000000,18,20.9356,186.3276,47.5884,2.1028,-9.1090
2557.000000,19,20.9356,186.5001,47.2299,1.5718,-8.4817
2557.000000,20,20.9356,185.7441,47.5058,2.6037,-9.3363
2557.000000,21,20.9356,185.9218,47.6967,2.6168,-8.3552
2557.000000,22,20.9356,186.0983,47.5015,2.2451,-7.4920
2557.000000,23,20.9356,186.2735,46.9615,1.5300,-6.7692
2557.000000,24,20.9356,186.4476,46.1034,0.4978,-6.2496
2558.000000,0,20.9718,185.9905,46.0584,0.9099,-5.8280
2558.000000,1,20.9718,186.1609,47.0964,1.7775,-6.6653
2558.000000,2,20.9718,186.3304,47.5737,2.0853,-7.7219
2558.000000,3,20.9718,186.4990,47.5676,1.9105,-8.8748
2558.000000,4,20.9718,186.6669,47.5024,1.6775,-9.6782
2558.000000,5,20.9718,185.9214,47.2496,2.1702,-8.2158
2558.000000,6,20.9718,186.0938,47.6311,2.3793,-9.0736
2558.000000,7,20.9718,186.2652,47.6753,2.2520,-9.8565
2558.000000,8,20.9718,186.4357,47.5984,2.0046,-10.3787
2558.000000,9,20.9718,186.6052,47.4219,1.6586,-10.6684
2558.000000,10,20.9718,185.8557,47.4474,2.4336,-10.1086
2558.000000,11,20.9718,186.0301,47.5652,2.3770,-10.5230
2558.000000,12,20.9718,186.2034,47.7125,2.3510,-10.5230
2558.000000,13,20.9718,186.3756,47.5830,2.0493,-10.4901
2558.000000,14,20.9718,186.5469,47.5156,1.8106,-10.0946
2558.000000,15,20.9718,185.7937,47.4256,2.4739,-10.6130
2558.000000,16,20.9718,185.9700,47.6481,2.5201,-10.2534
2558.000000,17,20.9718,186.1451,47.6649,2.3618,-9.7809
2558.000000,18,20.9718,186.3190,47.5814,2.1044,-9.1185
2558.000000,19,20.9718,186.4919,47.2235,1.5736,-8.5001
2558.000000,20,20.9718,185.7353,47.5295,2.6361,-9.2784
2558.000000,21,20.9718,185.9135,47.6990,2.6274,-8.3206
2558.000000,22,20.9718,186.0903,47.4917,2.2434,-7.4767
2558.000000,23,20.9718,186.2659,46.9479,1.5239,-6.7697
2558.000000,24,20.9718,186.4403,46.0935,0.4952,-6.2614
2559.000000,0,21.0072,185.9781,46.0452,0.9090,-5.8352
2559.000000,1,21.0072,186.1490,47.0841,1.7770,-6.6598
2559.000000,2,21.0072,186.3189,47.5709,2.0940,-7.6992
2559.000000,3,21.0072,186.4880,47.5825,1.9365,-8.8315
2559.000000,4,21.0072,186.6563,47.4853,1.6710,-9.6739
2559.000000,5,21.0072,185.9099,47.2421,2.1742,-8.2352
2559.000000,6,21.0072,186.0828,47.6254,2.3846,-9.0818
2559.000000,7,21.0072,186.2547,47.6741,2.2614,-9.8555
2559.000000,8,21.0072,186.4255,47.6073,2.0237,-10.3666
2559.000000,9,21.0072,186.5955,47.4153,1.6618,-10.6770
2559.000000,10,21.0072,185.8452,47.4491,2.4458,-10.1204
2559.000000,11,21.0072,186.0201,47.5638,2.3857,-10.5312
2559.000000,12,21.0072,186.1938,47.7125,2.3606,-10.5274
2559.000000,13,21.0072,186.3664,47.5817,2.0573,-10.4979
2559.000000,14,21.0072,186.5380,47.5170,1.8209,-10.1053
2559.000000,15,21.0072,185.7841,47.4369,2.4947,-10.6007
2559.000000,16,21.0072,185.9609,47.6548,2.5359,-10.2421
2559.000000,17,21.0072,186.1364,47.6628,2.3684,-9.7800
2559.000000,18,21.0072,186.3107,47.5743,2.1055,-9.1286
2559.000000,19,21.0072,186.4839,47.2172,1.5752,-8.5189
2559.000000,20,21.0072,185.7268,47.5515,2.6667,-9.2216
2559.000000,21,21.0072,185.9054,47.7003,2.6368,-8.2869
2559.000000,22,21.0072,186.0826,47.4815,2.2408,-7.4622
2559.000000,23,21.0072,186.2585,46.9341,1.5175,-6.7710
2559.000000,24,21.0072,186.4333,46.0837,0.4924,-6.2740
2560.000000,0,21.0417,185.9659,46.0319,0.9079,-5.8432
2560.000000,1,21.0417,186.1373,47.0715,1.7761,-6.6550
2560.000000,2,21.0417,186.3077,47.5676,2.1019,-7.6772
2560.000000,3,21.0417,186.4772,47.5965,1.9613,-8.7890
2560.000000,4,21.0417,186.6459,47.4671,1.6632,-9.6704
2560.000000,5,21.0417,185.8987,47.2346,2.1778,-8.2552
2560.000000,6,21.0417,186.0720,47.6195,2.3894,-9.0906
2560.000000,7,21.0417,186.2443,47.6728,2.2704,-9.8547
2560.000000,8,21.0417,186.4156,47.6160,2.0423,-10.3549
2560.000000,9,21.0417,186.5860,47.4088,1.6648,-10.6856
2560.000000,10,21.0417,185.8350,47.4508,2.4578,-10.1324
2560.000000,11,21.0417,186.0103,47.5624,2.3941,-10.5395
2560.000000,12,21.0417,186.1844,47.7125,2.3700,-10.5319
2560.000000,13,21.0417,186.3574,47.5805,2.0650,-10.5058
2560.000000,14,21.0417,186.5294,47.5184,1.8310,-10.1162
2560.000000,15,21.0417,185.7749,47.4479,2.5150,-10.5886
2560.000000,16,21.0417,185.9521,47.6611,2.5510,-10.2310
2560.000000,17,21.0417,186.1280,47.6605,2.3745,-9.7793
2560.000000,18,21.0417,186.3026,47.5669,2.1062,-9.1392
2560.000000,19,21.0417,186.4762,47.2108,1.5766,-8.5382
2560.000000,20,21.0417,185.7186,47.5720,2.6954,-9.1660
2560.000000,21,21.0417,185.8976,47.7006,2.6450,-8.2541
2560.000000,22,21.0417,186.0751,47.4707,2.2375,-7.4485
2560.000000,23,21.0417,186.2514,46.9201,1.5106,-6.7731
2560.000000,24,21.0417,186.4265,46.0740,0.4894,-6.2872
2561.000000,0,21.0755,185.9540,46.0187,0.9067,-5.8519
2561.000000,1,21.0755,186.1259,47.0586,1.7747,-6.6510
2561.000000,2,21.0755,186.2967,47.5638,2.1090,-7.6559
2561.000000,3,21.0755,186.4666,47.6097,1.9850,-8.7472
2561.000000,4,21.0755,186.6357,47.4479,1.6541,-9.6677
2561.000000,5,21.0755,185.8877,47.2270,2.1812,-8.2758
2561.000000,6,21.0755,186.0615,47.6132,2.3936,-9.1001
2561.000000,7,21.0755,186.2342,47.6713,2.2790,-9.8542
2561.000000,8,21.0755,186.4059,47.6243,2.0603,-10.3435
2561.000000,9,21.0755,186.5767,47.4173,1.6826,-10.6777
2561.000000,10,21.0755,185.8250,47.4526,2.4696,-10.1445
2561.000000,11,21.0755,186.0007,47.5609,2.4022,-10.5480
2561.000000,12,21.0755,186.1752,47.7125,2.3792,-10.5365
2561.000000,13,21.0755,186.3486,47.5792,2.0725,-10.5138
2561.000000,14,21.0755,186.5210,47.5199,1.8409,-10.1273
2561.000000,15,21.0755,185.7659,47.4587,2.5348,-10.5765
2561.000000,16,21.0755,185.9435,47.6671,2.5656,-10.2204
2561.000000,17,21.0755,186.1197,47.6581,2.3804,-9.7789
2561.000000,18,21.0755,186.2948,47.5592,2.1064,-9.1503
2561.000000,19,21.0755,186.4687,47.2044,1.5777,-8.5580
2561.000000,20,21.0755,185.7106,47.5909,2.7223,-9.1116
2561.000000,21,21.0755,185.8900,47.6999,2.6519,-8.2223
2561.000000,22,21.0755,186.0679,47.4593,2.2334,-7.4357
2561.000000,23,21.0755,186.2445,46.9058,1.5033,-6.7759
2561.000000,24,21.0755,186.4199,46.0643,0.4863,-6.3011
2562.000000,0,21.1084,185.9423,46.0055,0.9052,-5.8615
2562.000000,1,21.1084,186.1146,47.0454,1.7728,-6.6478
2562.000000,2,21.1084,186.2859,47.5593,2.1154,-7.6353
2562.000000,3,21.1084,186.4563,47.6219,2.0076,-8.7062
2562.000000,4,21.1084,186.6257,47.4276,1.6438,-9.6657
2562.000000,5,21.1084,185.8770,47.2193,2.1843,-8.2970
2562.000000,6,21.1084,186.0512,47.6067,2.3974,-9.1101
2562.000000,7,21.1084,186.2244,47.6697,2.2873,-9.8539
2562.000000,8,21.1084,186.3965,47.6322,2.0777,-10.3324
2562.000000,9,21.1084,186.5676,47.4274,1.7018,-10.6680
2562.000000,10,21.1084,185.8152,47.4544,2.4811,-10.1568
2562.000000,11,21.1084,185.9914,47.5595,2.4101,-10.5566
2562.000000,12,21.1084,186.1663,47.7125,2.3881,-10.5412
2562.000000,13,21.1084,186.3401,47.5779,2.0798,-10.5220
2562.000000,14,21.1084,186.5128,47.5214,1.8506,-10.1386
2562.000000,15,21.1084,185.7572,47.4693,2.5541,-10.5645
2562.000000,16,21.1084,185.9351,47.6727,2.5795,-10.2101
2562.000000,17,21.1084,186.1118,47.6556,2.3858,-9.7787
2562.000000,18,21.1084,186.2872,47.5514,2.1062,-9.1620
2562.000000,19,21.1084,186.4614,47.1980,1.5786,-8.5783
2562.000000,20,21.1084,185.7029,47.6082,2.7472,-9.0584
2562.000000,21,21.1084,185.8826,47.6982,2.6575,-8.1915
2562.000000,22,21.1084,186.0609,47.4474,2.2284,-7.4237
2562.000000,23,21.1084,186.2379,46.8914,1.4955,-6.7795
2562.000000,24,21.1084,186.4136,46.0547,0.4831,-6.3157
2563.000000,0,21.1404,185.9309,45.9924,0.9035,-5.8718
2563.000000,1,21.1404,186.1036,47.0320,1.7703,-6.6454
2563.000000,2,21.1404,186.2754,47.5544,2.1209,-7.6156
2563.000000,3,21.1404,186.4461,47.6332,2.0290,-8.6660
2563.000000,4,21.1404,186.6160,47.4062,1.6321,-9.6645
2563.000000,5,21.1404,185.8665,47.2116,2.1871,-8.3187
2563.000000,6,21.1404,186.0412,47.5999,2.4006,-9.1208
2563.000000,7,21.1404,186.2147,47.6680,2.2952,-9.8539
2563.000000,8,21.1404,186.3872,47.6398,2.0945,-10.3217
2563.000000,9,21.1404,186.5587,47.4373,1.7205,-10.6584
2563.000000,10,21.1404,185.8057,47.4562,2.4925,-10.1692
2563.000000,11,21.1404,185.9823,47.5581,2.4177,-10.5653
2563.000000,12,21.1404,186.1576,47.7125,2.3968,-10.5460
2563.000000,13,21.1404,186.3318,47.5766,2.0868,-10.5303
2563.000000,14,21.1404,186.5048,47.5229,1.8601,-10.1500
2563.000000,15,21.1404,185.7487,47.4797,2.5729,-10.5526
2563.000000,16,21.1404,185.9270,47.6778,2.5928,-10.2002
2563.000000,17,21.1404,186.1041,47.6529,2.3908,-9.7789
2563.000000,18,21.1404,186.2798,47.5433,2.1055,-9.1743
2563.000000,19,21.1404,186.4544,47.1916,1.5792,-8.5990
2563.000000,20,21.1404,185.6955,47.6239,2.7703,-9.0065
2563.000000,21,21.1404,185.8756,47.6955,2.6619,-8.1616
2563.000000,22,21.1404,186.0542,47.4349,2.2227,-7.4126
2563.000000,23,21.1404,186.2315,46.8769,1.4874,-6.7839
2563.000000,24,21.1404,186.4075,46.0452,0.4797,-6.3311
2564.000000,0,21.1717,185.9197,45.9793,0.9016,-5.8829
2564.000000,1,21.1717,186.0929,47.0184,1.7674,-6.6438
2564.000000,2,21.1717,186.2651,47.5488,2.1257,-7.5966
2564.000000,3,21.1717,186.4362,47.6436,2.0493,-8.6266
2564.000000,4,21.1717,186.6065,47.3837,1.6192,-9.6641
2564.000000,5,21.1717,185.8562,47.2039,2.1896,-8.3410
2564.000000,6,21.1717,186.0314,47.5928,2.4034,-9.1320
2564.000000,7,21.1717,186.2054,47.6661,2.3027,-9.8542
2564.000000,8,21.1717,186.3782,47.6471,2.1108,-10.3114
2564.000000,9,21.1717,186.5501,47.4470,1.7389,-10.6489
2564.000000,10,21.1717,185.7965,47.4581,2.5036,-10.1817
2564.000000,11,21.1717,185.9734,47.5566,2.4251,-10.5741
2564.000000,12,21.1717,186.1492,47.7125,2.4053,-10.5509
2564.000000,13,21.1717,186.3237,47.5753,2.0936,-10.5387
2564.000000,14,21.1717,186.4971,47.5245,1.8694,-10.1615
2564.000000,15,21.1717,185.7405,47.4898,2.5912,-10.5408
2564.000000,16,21.1717,185.9192,47.6826,2.6054,-10.1907
2564.000000,17,21.1717,186.0966,47.6501,2.3955,-9.7793
2564.000000,18,21.1717,186.2727,47.5351,2.1043,-9.1870
2564.000000,19,21.1717,186.4476,47.1852,1.5796,-8.6202
2564.000000,20,21.1717,185.6883,47.6378,2.7915,-8.9558
2564.000000,21,21.1717,185.8688,47.6918,2.6650,-8.1328
2564.000000,22,21.1717,186.0477,47.4219,2.2162,-7.4023
2564.000000,23,21.1717,186.2253,46.8621,1.4787,-6.7891
2564.000000,24,21.1717,186.4016,46.0358,0.4761,-6.3471
2565.000000,0,21.2020,185.9087,45.9662,0.8995,-5.8949
2565.000000,1,21.2020,186.0824,47.0044,1.7640,-6.6431
2565.000000,2,21.2020,186.2550,47.5426,2.1296,-7.5785
2565.000000,3,21.2020,186.4265,47.6530,2.0684,-8.5881
2565.000000,4,21.2020,186.5972,47.3845,1.6293,-9.6374
2565.000000,5,21.2020,185.8462,47.1961,2.1919,-8.3639
2565.000000,6,21.2020,186.0218,47.5854,2.4056,-9.1439
2565.000000,7,21.2020,186.1962,47.6640,2.3098,-9.8547
2565.000000,8,21.2020,186.3694,47.6540,2.1265,-10.3014
2565.000000,9,21.2020,186.5417,47.4565,1.7568,-10.6394
2565.000000,10,21.2020,185.7875,47.4600,2.5145,-10.1943
2565.000000,11,21.2020,185.9649,47.5552,2.4323,-10.5830
2565.000000,12,21.2020,186.1410,47.7125,2.4135,-10.5559
2565.000000,13,21.2020,186.3158,47.5740,2.1001,-10.5473
2565.000000,14,21.2020,186.4896,47.5260,1.8784,-10.1732
2565.000000,15,21.2020,185.7325,47.4996,2.6090,-10.5290
2565.000000,16,21.2020,185.9116,47.6870,2.6173,-10.1816
2565.000000,17,21.2020,186.0894,47.6472,2.3998,-9.7800
2565.000000,18,21.2020,186.2658,47.5266,2.1027,-9.2004
2565.000000,19,21.2020,186.4410,47.1788,1.5798,-8.6419
2565.000000,20,21.2020,185.6814,47.6502,2.8107,-8.9064
2565.000000,21,21.2020,185.8622,47.6870,2.6668,-8.1050
2565.000000,22,21.2020,186.0415,47.4084,2.2088,-7.3930
2565.000000,23,21.2020,186.2194,46.8471,1.4697,-6.7951
2565.000000,24,21.2020,186.3960,46.0264,0.4724,-6.3639
2566.000000,0,21.2316,185.8980,45.9532,0.8972,-5.9077
2566.000000,1,21.2316,186.0721,46.9902,1.7601,-6.6432
2566.000000,2,21.2316,186.2451,47.5359,2.1327,-7.5612
2566.000000,3,21.2316,186.4171,47.6614,2.0863,-8.5505
2566.000000,4,21.2316,186.5881,47.4157,1.6696,-9.5765
2566.000000,5,21.2316,185.8365,47.1884,2.1938,-8.3874
2566.000000,6,21.2316,186.0125,47.5778,2.4072,-9.1564
2566.000000,7,21.2316,186.1873,47.6618,2.3165,-9.8556
2566.000000,8,21.2316,186.3609,47.6605,2.1415,-10.2918
2566.000000,9,21.2316,186.5335,47.4659,1.7744,-10.6301
2566.000000,10,21.2316,185.7787,47.4619,2.5251,-10.2071
2566.000000,11,21.2316,185.9565,47.5537,2.4391,-10.5921
2566.000000,12,21.2316,186.1330,47.7125,2.4214,-10.5610
2566.000000,13,21.2316,186.3082,47.5727,2.1064,-10.5560
2566.000000,14,21.2316,186.4823,47.5276,1.8873,-10.1850
2566.000000,15,21.2316,185.7248,47.5091,2.6263,-10.5173
2566.000000,16,21.2316,185.9043,47.6910,2.6287,-10.1728
2566.000000,17,21.2316,186.0824,47.6441,2.4037,-9.7809
2566.000000,18,21.2316,186.2591,47.5178,2.1007,-9.2142
2566.000000,19,21.2316,186.4346,47.1724,1.5797,-8.6641
2566.000000,20,21.2316,185.6748,47.6608,2.8280,-8.8584
2566.000000,21,21.2316,185.8559,47.6812,2.6673,-8.0783
2566.000000,22,21.2316,186.0355,47.3943,2.2007,-7.3846
2566.000000,23,21.2316,186.2137,46.8320,1.4603,-6.8019
2566.000000,24,21.2316,186.3906,46.0172,0.4686,-6.3814
2567.000000,0,21.2602,185.8875,45.9403,0.8948,-5.9214
2567.000000,1,21.2602,186.0621,46.9758,1.7557,-6.6441
2567.000000,2,21.2602,186.2355,47.5285,2.1350,-7.5447
2567.000000,3,21.2602,186.4079,47.6689,2.1030,-8.5139
2567.000000,4,21.2602,186.5792,47.4455,1.7082,-9.5168
2567.000000,5,21.2602,185.8270,47.1805,2.1955,-8.4115
2567.000000,6,21.2602,186.0034,47.5698,2.4084,-9.1695
2567.000000,7,21.2602,186.1786,47.6595,2.3229,-9.8567
2567.000000,8,21.2602,186.3526,47.6666,2.1560,-10.2826
2567.000000,9,21.2602,186.5255,47.4750,1.7915,-10.6208
2567.000000,10,21.2602,185.7703,47.4639,2.5356,-10.2200
2567.000000,11,21.2602,185.9484,47.5522,2.4458,-10.6012
2567.000000,12,21.2602,186.1253,47.7125,2.4292,-10.5662
2567.000000,13,21.2602,186.3008,47.5714,2.1125,-10.5648
2567.000000,14,21.2602,186.4752,47.5292,1.8959,-10.1970
2567.000000,15,21.2602,185.7174,47.5184,2.6430,-10.5057
2567.000000,16,21.2602,185.8972,47.6946,2.6393,-10.1645
2567.000000,17,21.2602,186.0756,47.6408,2.4072,-9.7822
2567.000000,18,21.2602,186.2527,47.5089,2.0981,-9.2287
2567.000000,19,21.2602,186.4285,47.1659,1.5794,-8.6867
2567.000000,20,21.2602,185.6684,47.6697,2.8433,-8.8116
2567.000000,21,21.2602,185.8499,47.6744,2.6665,-8.0526
2567.000000,22,21.2602,186.0298,47.3796,2.1918,-7.3771
2567.000000,23,21.2602,186.2083,46.8167,1.4504,-6.8095
2567.000000,24,21.2602,186.3854,46.0080,0.4646,-6.3997
2568.000000,0,21.2880,185.8773,45.9274,0.8921,-5.9359
2568.000000,1,21.2880,186.0523,46.9611,1.7508,-6.6459
2568.000000,2,21.2880,186.2261,47.5206,2.1364,-7.5291
2568.000000,3,21.2880,186.3988,47.6753,2.1184,-8.4781
2568.000000,4,21.2880,186.5706,47.4738,1.7451,-9.4581
2568.000000,5,21.2880,185.8178,47.1727,2.1969,-8.4361
2568.000000,6,21.2880,185.9946,47.5616,2.4090,-9.1833
2568.000000,7,21.2880,186.1701,47.6570,2.3289,-9.8581
2568.000000,8,21.2880,186.3445,47.6724,2.1698,-10.2738
2568.000000,9,21.2880,186.5178,47.4840,1.8082,-10.6116
2568.000000,10,21.2880,185.7621,47.4658,2.5458,-10.2329
2568.000000,11,21.2880,185.9406,47.5508,2.4521,-10.6104
2568.000000,12,21.2880,186.1178,47.7125,2.4366,-10.5715
2568.000000,13,21.2880,186.2937,47.5700,2.1183,-10.5736
2568.000000,14,21.2880,186.4684,47.5308,1.9043,-10.2091
2568.000000,15,21.2880,185.7102,47.5275,2.6592,-10.4942
2568.000000,16,21.2880,185.8904,47.6977,2.6493,-10.1565
2568.000000,17,21.2880,186.0692,47.6375,2.4103,-9.7837
2568.000000,18,21.2880,186.2465,47.4997,2.0951,-9.2436
2568.000000,19,21.2880,186.4226,47.1595,1.5788,-8.7099
2568.000000,20,21.2880,185.6623,47.6769,2.8566,-8.7663
2568.000000,21,21.2880,185.8441,47.6665,2.6643,-8.0280
2568.000000,22,21.2880,186.0243,47.3644,2.1820,-7.3705
2568.000000,23,21.2880,186.2031,46.8012,1.4401,-6.8180
2568.000000,24,21.2880,186.3805,45.9990,0.4605,-6.4187
2569.000000,0,21.3149,185.8673,45.9146,0.8893,-5.9513
2569.000000,1,21.3149,186.0427,46.9461,1.7454,-6.6487
2569.000000,2,21.3149,186.2169,47.5120,2.1370,-7.5145
2569.000000,3,21.3149,186.3901,47.6807,2.1326,-8.4434
2569.000000,4,21.3149,186.5622,47.5005,1.7803,-9.4007
2569.000000,5,21.3149,185.8088,47.1648,2.1980,-8.4614
2569.000000,6,21.3149,185.9860,47.5531,2.4091,-9.1977
2569.000000,7,21.3149,186.1619,47.6544,2.3344,-9.8597
2569.000000,8,21.3149,186.3367,47.6778,2.1831,-10.2654
2569.000000,9,21.3149,186.5103,47.4927,1.8244,-10.6025
2569.000000,10,21.3149,185.7541,47.4679,2.5557,-10.2460
2569.000000,11,21.3149,185.9330,47.5493,2.4583,-10.6197
2569.000000,12,21.3149,186.1106,47.7125,2.4439,-10.5768
2569.000000,13,21.3149,186.2868,47.5687,2.1239,-10.5826
2569.000000,14,21.3149,186.4618,47.5324,1.9125,-10.2213
2569.000000,15,21.3149,185.7033,47.5362,2.6749,-10.4827
2569.000000,16,21.3149,185.8838,47.7005,2.6586,-10.1489
2569.000000,17,21.3149,186.0629,47.6339,2.4130,-9.7855
2569.000000,18,21.3149,186.2406,47.4903,2.0917,-9.2592
2569.000000,19,21.3149,186.4170,47.1531,1.5781,-8.7334
2569.000000,20,21.3149,185.6565,47.6824,2.8679,-8.7223
2569.000000,21,21.3149,185.8386,47.6575,2.6609,-8.0046
2569.000000,22,21.3149,186.0191,47.3486,2.1715,-7.3649
2569.000000,23,21.3149,186.1981,46.7856,1.4294,-6.8273
2569.000000,24,21.3149,186.3758,45.9901,0.4562,-6.4385
2570.000000,0,21.3410,185.8575,45.9019,0.8863,-5.9675
2570.000000,1,21.3410,186.0334,46.9309,1.7395,-6.6523
2570.000000,2,21.3410,186.2080,47.5028,2.1367,-7.5007
2570.000000,3,21.3410,186.3815,47.6852,2.1456,-8.4096
2570.000000,4,21.3410,186.5540,47.5257,1.8137,-9.3444
2570.000000,5,21.3410,185.8001,47.1569,2.1989,-8.4872
2570.000000,6,21.3410,185.9777,47.5443,2.4086,-9.2127
2570.000000,7,21.3410,186.1540,47.6516,2.3396,-9.8617
2570.000000,8,21.3410,186.3290,47.6827,2.1957,-10.2573
2570.000000,9,21.3410,186.5030,47.5012,1.8402,-10.5934
2570.000000,10,21.3410,185.7464,47.4699,2.5655,-10.2591
2570.000000,11,21.3410,185.9257,47.5502,2.4665,-10.6266
2570.000000,12,21.3410,186.1036,47.7125,2.4508,-10.5823
2570.000000,13,21.3410,186.2802,47.5674,2.1292,-10.5917
2570.000000,14,21.3410,186.4555,47.5340,1.9205,-10.2336
2570.000000,15,21.3410,185.6967,47.5447,2.6900,-10.4713
2570.000000,16,21.3410,185.8775,47.7028,2.6672,-10.1418
2570.000000,17,21.3410,186.0569,47.6303,2.4153,-9.7876
2570.000000,18,21.3410,186.2349,47.4807,2.0878,-9.2752
2570.000000,19,21.3410,186.4116,47.1467,1.5770,-8.7575
2570.000000,20,21.3410,185.6510,47.6862,2.8772,-8.6797
2570.000000,21,21.3410,185.8333,47.6474,2.6561,-7.9822
2570.000000,22,21.3410,186.0141,47.3323,2.1601,-7.3603
2570.000000,23,21.3410,186.1934,46.7697,1.4183,-6.8375
2570.000000,24,21.3410,186.3714,45.9812,0.4518,-6.4590
2571.000000,0,21.3661,185.8480,45.8892,0.8831,-5.9847
2571.000000,1,21.3661,186.0243,46.9154,1.7331,-6.6568
2571.000000,2,21.3661,186.1993,47.4930,2.1356,-7.4878
2571.000000,3,21.3661,186.3732,47.6885,2.1573,-8.3768
2571.000000,4,21.3661,186.5460,47.5494,1.8453,-9.2894
2571.000000,5,21.3661,185.7916,47.1490,2.1994,-8.5135
2571.000000,6,21.3661,185.9696,47.5353,2.4076,-9.2283
2571.000000,7,21.3661,186.1463,47.6487,2.3444,-9.8639
2571.000000,8,21.3661,186.3217,47.6873,2.2076,-10.2497
2571.000000,9,21.3661,186.4959,47.5095,1.8555,-10.5844
2571.000000,10,21.3661,185.7390,47.4720,2.5750,-10.2724
2571.000000,11,21.3661,185.9186,47.5541,2.4775,-10.6302
2571.000000,12,21.3661,186.0969,47.7125,2.4576,-10.5878
2571.000000,13,21.3661,186.2737,47.5670,2.1352,-10.5999
2571.000000,14,21.3661,186.4494,47.5357,1.9282,-10.2460
2571.000000,15,21.3661,185.6903,47.5528,2.7045,-10.4600
2571.000000,16,21.3661,185.8715,47.7047,2.6751,-10.1351
2571.000000,17,21.3661,186.0512,47.6265,2.4172,-9.7900
2571.000000,18,21.3661,186.2295,47.4709,2.0834,-9.2919
2571.000000,19,21.3661,186.4064,47.1403,1.5758,-8.7820
2571.000000,20,21.3661,185.6457,47.6882,2.8844,-8.6386
2571.000000,21,21.3661,185.8283,47.6363,2.6499,-7.9611
2571.000000,22,21.3661,186.0094,47.3154,2.1479,-7.3567
2571.000000,23,21.3661,186.1890,46.7538,1.4067,-6.8485
2571.000000,24,21.3661,186.3672,45.9725,0.4473,-6.4802
2572.000000,0,21.3904,185.8388,45.8766,0.8798,-6.0027
2572.000000,1,21.3904,186.0155,46.8997,1.7261,-6.6623
2572.000000,2,21.3904,186.1909,47.4826,2.1336,-7.4759
2572.000000,3,21.3904,186.3651,47.6908,2.1677,-8.3451
2572.000000,4,21.3904,186.5383,47.5714,1.8751,-9.2356
2572.000000,5,21.3904,185.7834,47.1411,2.1997,-8.5405
2572.000000,6,21.3904,185.9617,47.5259,2.4061,-9.2445
2572.000000,7,21.3904,186.1388,47.6456,2.3488,-9.8664
2572.000000,8,21.3904,186.3145,47.6915,2.2189,-10.2424
2572.000000,9,21.3904,186.4891,47.5176,1.8704,-10.5755
2572.000000,10,21.3904,185.7318,47.4741,2.5843,-10.2856
2572.000000,11,21.3904,185.9118,47.5580,2.4881,-10.6340
2572.000000,12,21.3904,186.0904,47.7125,2.4641,-10.5934
2572.000000,13,21.3904,186.2676,47.5706,2.1450,-10.6039
2572.000000,14,21.3904,186.4435,47.5373,1.9358,-10.2586
2572.000000,15,21.3904,185.6842,47.5607,2.7184,-10.4487
2572.000000,16,21.3904,185.8657,47.7061,2.6824,-10.1287
2572.000000,17,21.3904,186.0457,47.6226,2.4188,-9.7926
2572.000000,18,21.3904,186.2243,47.4609,2.0786,-9.3090
2572.000000,19,21.3904,186.4015,47.1339,1.5743,-8.8070
2572.000000,20,21.3904,185.6407,47.6884,2.8897,-8.5989
2572.000000,21,21.3904,185.8236,47.6241,2.6425,-7.9411
2572.000000,22,21.3904,186.0050,47.2979,2.1349,-7.3540
2572.000000,23,21.3904,186.1848,46.7376,1.3948,-6.8604
2572.000000,24,21.3904,186.3632,45.9639,0.4426,-6.5023
2573.000000,0,21.4138,185.8298,45.8641,0.8763,-6.0217
2573.000000,1,21.4138,186.0069,46.8837,1.7187,-6.6687
2573.000000,2,21.4138,186.1827,47.4715,2.1308,-7.4650
2573.000000,3,21.4138,186.3573,47.6921,2.1768,-8.3144
2573.000000,4,21.4138,186.5307,47.5919,1.9031,-9.1830
2573.000000,5,21.4138,185.7754,47.1332,2.1997,-8.5679
2573.000000,6,21.4138,185.9542,47.5163,2.4041,-9.2614
2573.000000,7,21.4138,186.1315,47.6424,2.3528,-9.8692
2573.000000,8,21.4138,186.3076,47.6953,2.2296,-10.2356
2573.000000,9,21.4138,186.4825,47.5254,1.8849,-10.5666
2573.000000,10,21.4138,185.7249,47.4762,2.5933,-10.2990
2573.000000,11,21.4138,185.9052,47.5617,2.4985,-10.6379
2573.000000,12,21.4138,186.0841,47.7125,2.4703,-10.5990
2573.000000,13,21.4138,186.2616,47.5741,2.1544,-10.6080
2573.000000,14,21.4138,186.4378,47.5390,1.9431,-10.2712
2573.000000,15,21.4138,185.6784,47.5682,2.7318,-10.4375
2573.000000,16,21.4138,185.8602,47.7072,2.6889,-10.1228
2573.000000,17,21.4138,186.0405,47.6185,2.4199,-9.7956
2573.000000,18,21.4138,186.2193,47.4507,2.0733,-9.3267
2573.000000,19,21.4138,186.3968,47.1275,1.5726,-8.8324
2573.000000,20,21.4138,185.6359,47.6868,2.8928,-8.5608
2573.000000,21,21.4138,185.8192,47.6108,2.6336,-7.9223
2573.000000,22,21.4138,186.0008,47.2799,2.1211,-7.3524
2573.000000,23,21.4138,186.1809,46.7213,1.3824,-6.8732
2573.000000,24,21.4138,186.3595,45.9554,0.4378,-6.5251
2574.000000,0,21.4362,185.8211,45.8517,0.8726,-6.0415
2574.000000,1,21.4362,185.9986,46.8675,1.7108,-6.6761
2574.000000,2,21.4362,186.1747,47.4598,2.1271,-7.4551
2574.000000,3,21.4362,186.3497,47.6923,2.1845,-8.2848
2574.000000,4,21.4362,186.5235,47.6107,1.9292,-9.1318
2574.000000,5,21.4362,185.7677,47.1252,2.1995,-8.5960
2574.000000,6,21.4362,185.9468,47.5063,2.4015,-9.2789
2574.000000,7,21.4362,186.1246,47.6390,2.3564,-9.8722
2574.000000,8,21.4362,186.3010,47.6986,2.2396,-10.2291
2574.000000,9,21.4362,186.4762,47.5330,1.8988,-10.5579
2574.000000,10,21.4362,185.7182,47.4784,2.6021,-10.3124
2574.000000,11,21.4362,185.8989,47.5655,2.5085,-10.6420
2574.000000,12,21.4362,186.0781,47.7125,2.4763,-10.6048
2574.000000,13,21.4362,186.2559,47.5775,2.1636,-10.6123
2574.000000,14,21.4362,186.4324,47.5407,1.9502,-10.2839
2574.000000,15,21.4362,185.6728,47.5755,2.7447,-10.4264
2574.000000,16,21.4362,185.8549,47.7077,2.6948,-10.1173
2574.000000,17,21.4362,186.0355,47.6143,2.4207,-9.7988
2574.000000,18,21.4362,186.2146,47.4402,2.0675,-9.3450
2574.000000,19,21.4362,186.3924,47.1211,1.5707,-8.8582
2574.000000,20,21.4362,185.6314,47.6834,2.8940,-8.5241
2574.000000,21,21.4362,185.8150,47.5965,2.6235,-7.9048
2574.000000,22,21.4362,185.9968,47.2614,2.1065,-7.3518
2574.000000,23,21.4362,186.1772,46.7049,1.3697,-6.8868
2574.000000,24,21.4362,186.3560,45.9470,0.4329,-6.5487
2575.000000,0,21.4578,185.8126,45.8394,0.8688,-6.0623
2575.000000,1,21.4578,185.9905,46.8510,1.7025,-6.6844
2575.000000,2,21.4578,186.1670,47.4475,2.1225,-7.4462
2575.000000,3,21.4578,186.3423,47.6913,2.1910,-8.2563
2575.000000,4,21.4578,186.5164,47.6279,1.9535,-9.0819
2575.000000,5,21.4578,185.7603,47.1173,2.1990,-8.6246
2575.000000,6,21.4578,185.9398,47.4961,2.3983,-9.2971
2575.000000,7,21.4578,186.1178,47.6355,2.3596,-9.8756
2575.000000,8,21.4578,186.2945,47.7015,2.2490,-10.2231
2575.000000,9,21.4578,186.4700,47.5404,1.9123,-10.5491
2575.000000,10,21.4578,185.7119,47.4805,2.6106,-10.3259
2575.000000,11,21.4578,185.8929,47.5691,2.5182,-10.6462
2575.000000,12,21.4578,186.0724,47.7125,2.4820,-10.6106
2575.000000,13,21.4578,186.2505,47.5810,2.1724,-10.6167
2575.000000,14,21.4578,186.4273,47.5424,1.9571,-10.2967
2575.000000,15,21.4578,185.6675,47.5824,2.7569,-10.4153
2575.000000,16,21.4578,185.8499,47.7079,2.6999,-10.1122
2575.000000,17,21.4578,186.0308,47.6099,2.4211,-9.8024
2575.000000,18,21.4578,186.2102,47.4296,2.0613,-9.3638
2575.000000,19,21.4578,186.3882,47.1147,1.5685,-8.8845
2575.000000,20,21.4578,185.6273,47.6783,2.8930,-8.4890
2575.000000,21,21.4578,185.8110,47.5810,2.6119,-7.8885
2575.000000,22,21.4578,185.9932,47.2423,2.0911,-7.3522
2575.000000,23,21.4578,186.1737,46.6883,1.3565,-6.9013
2575.000000,24,21.4578,186.3528,45.9387,0.4279,-6.5730
2576.000000,0,21.4784,185.8044,45.8272,0.8648,-6.0841
2576.000000,1,21.4784,185.9826,46.8343,1.6936,-6.6937
2576.000000,2,21.4784,186.1595,47.4346,2.1170,-7.4383
2576.000000,3,21.4784,186.3351,47.6893,2.1961,-8.2290
2576.000000,4,21.4784,186.5096,47.6435,1.9758,-9.0334
2576.000000,5,21.4784,185.7531,47.1093,2.1982,-8.6537
2576.000000,6,21.4784,185.9329,47.4856,2.3947,-9.3158
2576.000000,7,21.4784,186.1113,47.6318,2.3624,-9.8792
2576.000000,8,21.4784,186.2884,47.7040,2.2576,-10.2175
2576.000000,9,21.4784,186.4641,47.5475,1.9254,-10.5405
2576.000000,10,21.4784,185.7058,47.4827,2.6190,-10.3393
2576.000000,11,21.4784,185.8871,47.5727,2.5276,-10.6505
2576.000000,12,21.4784,186.0669,47.7125,2.4875,-10.6164
2576.000000,13,21.4784,186.2453,47.5843,2.1810,-10.6212
2576.000000,14,21.4784,186.4223,47.5441,1.9637,-10.3096
2576.000000,15,21.4784,185.6625,47.5890,2.7685,-10.4043
2576.000000,16,21.4784,185.8452,47.7076,2.7043,-10.1076
2576.000000,17,21.4784,186.0263,47.6054,2.4210,-9.8062
2576.000000,18,21.4784,186.2060,47.4187,2.0547,-9.3831
2576.000000,19,21.4784,186.3842,47.1084,1.5661,-8.9113
2576.000000,20,21.4784,185.6233,47.6713,2.8899,-8.4554
2576.000000,21,21.4784,185.8074,47.5645,2.5990,-7.8734
2576.000000,22,21.4784,185.9897,47.2227,2.0749,-7.3537
2576.000000,23,21.4784,186.1705,46.6716,1.3430,-6.9167
2576.000000,24,21.4784,186.3498,45.9306,0.4228,-6.5982
2577.000000,0,21.4982,185.7965,45.8151,0.8606,-6.1067
2577.000000,1,21.4982,185.9751,46.8173,1.6842,-6.7040
2577.000000,2,21.4982,186.1523,47.4210,2.1106,-7.4314
2577.000000,3,21.4982,186.3282,47.6862,2.1999,-8.2028
2577.000000,4,21.4982,186.5030,47.6573,1.9963,-8.9863
2577.000000,5,21.4982,185.7462,47.1013,2.1971,-8.6834
2577.000000,6,21.4982,185.9264,47.4748,2.3904,-9.3352
2577.000000,7,21.4982,186.1051,47.6280,2.3648,-9.8831
2577.000000,8,21.4982,186.2824,47.7061,2.2657,-10.2123
2577.000000,9,21.4982,186.4585,47.5544,1.9379,-10.5319
2577.000000,10,21.4982,185.6999,47.4850,2.6270,-10.3529
2577.000000,11,21.4982,185.8816,47.5763,2.5367,-10.6549
2577.000000,12,21.4982,186.0617,47.7125,2.4928,-10.6223
2577.000000,13,21.4982,186.2403,47.5876,2.1892,-10.6259
2577.000000,14,21.4982,186.4176,47.5458,1.9701,-10.3225
2577.000000,15,21.4982,185.6577,47.5953,2.7796,-10.3934
2577.000000,16,21.4982,185.8407,47.7068,2.7080,-10.1034
2577.000000,17,21.4982,186.0221,47.6008,2.4206,-9.8103
2577.000000,18,21.4982,186.2020,47.4076,2.0476,-9.4030
2577.000000,19,21.4982,186.3805,47.1020,1.5635,-8.9385
2577.000000,20,21.4982,185.6197,47.6625,2.8848,-8.4234
2577.000000,21,21.4982,185.8040,47.5468,2.5848,-7.8596
2577.000000,22,21.4982,185.9866,47.2025,2.0579,-7.3562
2577.000000,23,21.4982,186.1676,46.6547,1.3291,-6.9331
2577.000000,24,21.4982,186.3471,45.9226,0.4175,-6.6241
2578.000000,0,21.5170,185.7888,45.8031,0.8564,-6.1304
2578.000000,1,21.5170,185.9677,46.8001,1.6743,-6.7152
2578.000000,2,21.5170,186.1453,47.4067,2.1034,-7.4256
2578.000000,3,21.5170,186.3216,47.6819,2.2023,-8.1778
2578.000000,4,21.5170,186.4966,47.6695,2.0148,-8.9405
2578.000000,5,21.5170,185.7395,47.0934,2.1958,-8.7136
2578.000000,6,21.5170,185.9200,47.4638,2.3857,-9.3552
2578.000000,7,21.5170,186.0991,47.6240,2.3669,-9.8874
2578.000000,8,21.5170,186.2767,47.7078,2.2730,-10.2075
2578.000000,9,21.5170,186.4531,47.5610,1.9499,-10.5234
2578.000000,10,21.5170,185.6943,47.4872,2.6348,-10.3664
2578.000000,11,21.5170,185.8763,47.5797,2.5454,-10.6594
2578.000000,12,21.5170,186.0567,47.7125,2.4977,-10.6283
2578.000000,13,21.5170,186.2356,47.5908,2.1972,-10.6307
2578.000000,14,21.5170,186.4132,47.5475,1.9763,-10.3355
2578.000000,15,21.5170,185.6532,47.6013,2.7900,-10.3825
2578.000000,16,21.5170,185.8365,47.7056,2.7111,-10.0996
2578.000000,17,21.5170,186.0182,47.5960,2.4198,-9.8147
2578.000000,18,21.5170,186.1983,47.3963,2.0400,-9.4234
2578.000000,19,21.5170,186.3770,47.0957,1.5607,-8.9661
2578.000000,20,21.5170,185.6163,47.6519,2.8775,-8.3930
2578.000000,21,21.5170,185.8009,47.5281,2.5692,-7.8471
2578.000000,22,21.5170,185.9837,47.1818,2.0401,-7.3599
2578.000000,23,21.5170,186.1649,46.6377,1.3148,-6.9503
2578.000000,24,21.5170,186.3446,45.9147,0.4121,-6.6509
2579.000000,0,21.5349,185.7813,45.7913,0.8519,-6.1549
2579.000000,1,21.5349,185.9606,46.7827,1.6640,-6.7275
2579.000000,2,21.5349,186.1386,47.3918,2.0952,-7.4208
2579.000000,3,21.5349,186.3151,47.6765,2.2034,-8.1540
2579.000000,4,21.5349,186.4905,47.6799,2.0314,-8.8962
2579.000000,5,21.5349,185.7332,47.0854,2.1942,-8.7443
2579.000000,6,21.5349,185.9140,47.4525,2.3804,-9.3758
2579.000000,7,21.5349,186.0933,47.6198,2.3685,-9.8919
2579.000000,8,21.5349,186.2713,47.7090,2.2797,-10.2031
2579.000000,9,21.5349,186.4479,47.5674,1.9615,-10.5149
2579.000000,10,21.5349,185.6890,47.4895,2.6424,-10.3799
2579.000000,11,21.5349,185.8713,47.5831,2.5538,-10.6641
2579.000000,12,21.5349,186.0520,47.7125,2.5025,-10.6343
2579.000000,13,21.5349,186.2311,47.5940,2.2048,-10.6356
2579.000000,14,21.5349,186.4089,47.5492,1.9823,-10.3486
2579.000000,15,21.5349,185.6490,47.6069,2.7998,-10.3717
2579.000000,16,21.5349,185.8326,47.7040,2.7133,-10.0962
2579.000000,17,21.5349,186.0145,47.5911,2.4186,-9.8194
2579.000000,18,21.5349,186.1948,47.3849,2.0320,-9.4443
2579.000000,19,21.5349,186.3737,47.0894,1.5577,-8.9941
2579.000000,20,21.5349,185.6133,47.6395,2.8682,-8.3642
2579.000000,21,21.5349,185.7980,47.5082,2.5522,-7.8360
2579.000000,22,21.5349,185.9810,47.1605,2.0215,-7.3645
2579.000000,23,21.5349,186.1624,46.6206,1.3001,-6.9684
2579.000000,24,21.5349,186.3423,45.9070,0.4066,-6.6784
2580.000000,0,21.5518,185.7741,45.7795,0.8473,-6.1805
2580.000000,1,21.5518,185.9538,46.7650,1.6532,-6.7408
2580.000000,2,21.5518,186.1321,47.3763,2.0862,-7.4172
2580.000000,3,21.5518,186.3090,47.6700,2.2030,-8.1314
2580.000000,4,21.5518,186.4846,47.6887,2.0460,-8.8534
2580.000000,5,21.5518,185.7270,47.0775,2.1924,-8.7756
2580.000000,6,21.5518,185.9082,47.4408,2.3746,-9.3970
2580.000000,7,21.5518,186.0878,47.6155,2.3697,-9.8966
2580.000000,8,21.5518,186.2660,47.7097,2.2857,-10.1992
2580.000000,9,21.5518,186.4429,47.5735,1.9726,-10.5065
2580.000000,10,21.5518,185.6840,47.4918,2.6497,-10.3935
2580.000000,11,21.5518,185.8665,47.5865,2.5619,-10.6688
2580.000000,12,21.5518,186.0475,47.7125,2.5069,-10.6404
2580.000000,13,21.5518,186.2269,47.5971,2.2121,-10.6406
2580.000000,14,21.5518,186.4050,47.5510,1.9880,-10.3617
2580.000000,15,21.5518,185.6451,47.6122,2.8091,-10.3610
2580.000000,16,21.5518,185.8289,47.7019,2.7149,-10.0933
2580.000000,17,21.5518,186.0111,47.5860,2.4169,-9.8244
2580.000000,18,21.5518,186.1916,47.3732,2.0235,-9.4658
2580.000000,19,21.5518,186.3707,47.0832,1.5544,-9.0225
2580.000000,20,21.5518,185.6104,47.6252,2.8567,-8.3371
2580.000000,21,21.5518,185.7954,47.4873,2.5338,-7.8261
2580.000000,22,21.5518,185.9786,47.1387,2.0021,-7.3703
2580.000000,23,21.5518,186.1602,46.6033,1.2851,-6.9874
2580.000000,24,21.5518,186.3403,45.8994,0.4010,-6.7067
2581.000000,0,21.5678,185.7672,45.7679,0.8426,-6.2070
2581.000000,1,21.5678,185.9472,46.7471,1.6419,-6.7551
2581.000000,2,21.5678,186.1258,47.3601,2.0763,-7.4147
2581.000000,3,21.5678,186.3030,47.6623,2.2013,-8.1100
2581.000000,4,21.5678,186.4789,47.6956,2.0587,-8.8120
2581.000000,5,21.5678,185.7212,47.0695,2.1903,-8.8073
2581.000000,6,21.5678,185.9027,47.4290,2.3683,-9.4189
2581.000000,7,21.5678,186.0826,47.6111,2.3705,-9.9017
2581.000000,8,21.5678,186.2611,47.7101,2.2910,-10.1956
2581.000000,9,21.5678,186.4382,47.5794,1.9832,-10.4981
2581.000000,10,21.5678,185.6792,47.4941,2.6568,-10.4070
2581.000000,11,21.5678,185.8621,47.5898,2.5697,-10.6737
2581.000000,12,21.5678,186.0433,47.7125,2.5112,-10.6465
2581.000000,13,21.5678,186.2229,47.6001,2.2192,-10.6458
2581.000000,14,21.5678,186.4012,47.5527,1.9935,-10.3748
2581.000000,15,21.5678,185.6415,47.6172,2.8177,-10.3503
2581.000000,16,21.5678,185.8255,47.6993,2.7158,-10.0908
2581.000000,17,21.5678,186.0079,47.5809,2.4149,-9.8297
2581.000000,18,21.5678,186.1887,47.3613,2.0146,-9.4878
2581.000000,19,21.5678,186.3680,47.0769,1.5509,-9.0514
2581.000000,20,21.5678,185.6079,47.6091,2.8431,-8.3117
2581.000000,21,21.5678,185.7931,47.4652,2.5141,-7.8176
2581.000000,22,21.5678,185.9765,47.1164,1.9819,-7.3772
2581.000000,23,21.5678,186.1583,46.5860,1.2696,-7.0073
2581.000000,24,21.5678,186.3385,45.8919,0.3954,-6.7358
2582.000000,0,21.5829,185.7606,45.7564,0.8378,-6.2345
2582.000000,1,21.5829,185.9409,46.7290,1.6301,-6.7705
2582.000000,2,21.5829,186.1198,47.3433,2.0654,-7.4132
2582.000000,3,21.5829,186.2973,47.6535,2.1982,-8.0900
2582.000000,4,21.5829,186.4735,47.7009,2.0693,-8.7722
2582.000000,5,21.5829,185.7156,47.0616,2.1879,-8.8396
2582.000000,6,21.5829,185.8974,47.4168,2.3614,-9.4413
2582.000000,7,21.5829,186.0776,47.6065,2.3708,-9.9071
2582.000000,8,21.5829,186.2563,47.7099,2.2956,-10.1925
2582.000000,9,21.5829,186.4337,47.5850,1.9932,-10.4898
2582.000000,10,21.5829,185.6747,47.4964,2.6636,-10.4205
2582.000000,11,21.5829,185.8578,47.5930,2.5771,-10.6787
2582.000000,12,21.5829,186.0393,47.7125,2.5151,-10.6527
2582.000000,13,21.5829,186.2192,47.6031,2.2259,-10.6511
2582.000000,14,21.5829,186.3977,47.5545,1.9988,-10.3880
2582.000000,15,21.5829,185.6381,47.6218,2.8257,-10.3397
2582.000000,16,21.5829,185.8224,47.6963,2.7159,-10.0888
2582.000000,17,21.5829,186.0049,47.5755,2.4126,-9.8352
2582.000000,18,21.5829,186.1859,47.3492,2.0053,-9.5103
2582.000000,19,21.5829,186.3654,47.0707,1.5472,-9.0806
2582.000000,20,21.5829,185.6057,47.5911,2.8274,-8.2880
2582.000000,21,21.5829,185.7910,47.4421,2.4930,-7.8105
2582.000000,22,21.5829,185.9746,47.0936,1.9609,-7.3852
2582.000000,23,21.5829,186.1566,46.5685,1.2538,-7.0281
2582.000000,24,21.5829,186.3370,45.8846,0.3896,-6.7657
2583.000000,0,21.5971,185.7542,45.7450,0.8328,-6.2629
2583.000000,1,21.5971,185.9349,46.7107,1.6178,-6.7869
2583.000000,2,21.5971,186.1140,47.3258,2.0537,-7.4130
2583.000000,3,21.5971,186.2918,47.6435,2.1937,-8.0712
2583.000000,4,21.5971,186.4683,47.7043,2.0780,-8.7339
2583.000000,5,21.5971,185.7103,47.0536,2.1853,-8.8723
2583.000000,6,21.5971,185.8924,47.4044,2.3540,-9.4644
2583.000000,7,21.5971,186.0728,47.6017,2.3708,-9.9127
2583.000000,8,21.5971,186.2519,47.7094,2.2995,-10.1899
2583.000000,9,21.5971,186.4295,47.5925,2.0049,-10.4792
2583.000000,10,21.5971,185.6705,47.4988,2.6702,-10.4340
2583.000000,11,21.5971,185.8539,47.5961,2.5842,-10.6837
2583.000000,12,21.5971,186.0356,47.7125,2.5189,-10.6589
2583.000000,13,21.5971,186.2157,47.6060,2.2322,-10.6565
2583.000000,14,21.5971,186.3944,47.5563,2.0038,-10.4011
2583.000000,15,21.5971,185.6350,47.6261,2.8331,-10.3291
2583.000000,16,21.5971,185.8195,47.6928,2.7153,-10.0871
2583.000000,17,21.5971,186.0023,47.5701,2.4098,-9.8411
2583.000000,18,21.5971,186.1835,47.3370,1.9955,-9.5333
2583.000000,19,21.5971,186.3632,47.0645,1.5433,-9.1102
2583.000000,20,21.5971,185.6037,47.5713,2.8095,-8.2660
2583.000000,21,21.5971,185.7893,47.4178,2.4705,-7.8047
2583.000000,22,21.5971,185.9730,47.0702,1.9391,-7.3943
2583.000000,23,21.5971,186.1552,46.5509,1.2377,-7.0499
2583.000000,24,21.5971,186.3357,45.8774,0.3837,-6.7964
2584.000000,0,21.6103,185.7481,45.7338,0.8277,-6.2924
2584.000000,1,21.6103,185.9290,46.6922,1.6051,-6.8043
2584.000000,2,21.6103,186.1085,47.3076,2.0411,-7.4138
2584.000000,3,21.6103,186.2866,47.6324,2.1877,-8.0537
2584.000000,4,21.6103,186.4633,47.7060,2.0846,-8.6972
2584.000000,5,21.6103,185.7052,47.0457,2.1824,-8.9055
2584.000000,6,21.6103,185.8876,47.3916,2.3460,-9.4880
2584.000000,7,21.6103,186.0684,47.5968,2.3704,-9.9186
2584.000000,8,21.6103,186.2476,47.7083,2.3027,-10.1876
2584.000000,9,21.6103,186.4255,47.6010,2.0174,-10.4672
2584.000000,10,21.6103,185.6666,47.5011,2.6765,-10.4474
2584.000000,11,21.6103,185.8502,47.5991,2.5909,-10.6889
2584.000000,12,21.6103,186.0321,47.7125,2.5223,-10.6651
2584.000000,13,21.6103,186.2125,47.6088,2.2383,-10.6620
2584.000000,14,21.6103,186.3914,47.5580,2.0086,-10.4143
2584.000000,15,21.6103,185.6321,47.6300,2.8398,-10.3186
2584.000000,16,21.6103,185.8169,47.6889,2.7140,-10.0860
2584.000000,17,21.6103,185.9999,47.5645,2.4066,-9.8472
2584.000000,18,21.6103,186.1813,47.3245,1.9852,-9.5568
2584.000000,19,21.6103,186.3611,47.0584,1.5392,-9.1402
2584.000000,20,21.6103,185.6020,47.5496,2.7895,-8.2457
2584.000000,21,21.6103,185.7877,47.3925,2.4467,-7.8004
2584.000000,22,21.6103,185.9717,47.0463,1.9166,-7.4045
2584.000000,23,21.6103,186.1540,46.5332,1.2212,-7.0725
2584.000000,24,21.6103,186.3347,45.8704,0.3777,-6.8279
2585.000000,0,21.6226,185.7422,45.7227,0.8225,-6.3228
2585.000000,1,21.6226,185.9235,46.6734,1.5919,-6.8227
2585.000000,2,21.6226,186.1033,47.2889,2.0276,-7.4159
2585.000000,3,21.6226,186.2816,47.6200,2.1804,-8.0376
2585.000000,4,21.6226,186.4586,47.7059,2.0892,-8.6620
2585.000000,5,21.6226,185.7005,47.0378,2.1793,-8.9391
2585.000000,6,21.6226,185.8831,47.3787,2.3375,-9.5122
2585.000000,7,21.6226,186.0641,47.5918,2.3696,-9.9248
2585.000000,8,21.6226,186.2436,47.7069,2.3052,-10.1858
2585.000000,9,21.6226,186.4217,47.6086,2.0289,-10.4558
2585.000000,10,21.6226,185.6629,47.5035,2.6825,-10.4608
2585.000000,11,21.6226,185.8468,47.6021,2.5973,-10.6941
2585.000000,12,21.6226,186.0289,47.7125,2.5255,-10.6714
2585.000000,13,21.6226,186.2095,47.6116,2.2441,-10.6677
2585.000000,14,21.6226,186.3886,47.5598,2.0132,-10.4275
2585.000000,15,21.6226,185.6296,47.6336,2.8460,-10.3081
2585.000000,16,21.6226,185.8145,47.6845,2.7119,-10.0852
2585.000000,17,21.6226,185.9977,47.5588,2.4030,-9.8537
2585.000000,18,21.6226,186.1793,47.3119,1.9746,-9.5808
2585.000000,19,21.6226,186.3593,47.0523,1.5349,-9.1706
2585.000000,20,21.6226,185.6006,47.5260,2.7674,-8.2272
2585.000000,21,21.6226,185.7865,47.3661,2.4215,-7.7974
2585.000000,22,21.6226,185.9706,47.0219,1.8933,-7.4158
2585.000000,23,21.6226,186.1531,46.5154,1.2043,-7.0961
2585.000000,24,21.6226,186.3339,45.8635,0.3716,-6.8601
2586.000000,0,21.6339,185.7366,45.7118,0.8172,-6.3543
2586.000000,1,21.6339,185.9182,46.6545,1.5782,-6.8423
2586.000000,2,21.6339,186.0983,47.2694,2.0131,-7.4191
2586.000000,3,21.6339,186.2769,47.6065,2.1716,-8.0229
2586.000000,4,21.6339,186.4541,47.7040,2.0918,-8.6285
2586.000000,5,21.6339,185.6960,47.0300,2.1760,-8.9733
2586.000000,6,21.6339,185.8789,47.3654,2.3285,-9.5371
2586.000000,7,21.6339,186.0601,47.5866,2.3684,-9.9313
2586.000000,8,21.6339,186.2399,47.7049,2.3070,-10.1845
2586.000000,9,21.6339,186.4182,47.6154,2.0392,-10.4452
2586.000000,10,21.6339,185.6595,47.5059,2.6883,-10.4741
2586.000000,11,21.6339,185.8436,47.6050,2.6034,-10.6995
2586.000000,12,21.6339,186.0260,47.7125,2.5284,-10.6777
2586.000000,13,21.6339,186.2068,47.6143,2.2495,-10.6734
2586.000000,14,21.6339,186.3861,47.5616,2.0175,-10.4407
2586.000000,15,21.6339,185.6273,47.6368,2.8515,-10.2978
2586.000000,16,21.6339,185.8125,47.6796,2.7091,-10.0849
2586.000000,17,21.6339,185.9958,47.5530,2.3991,-9.8604
2586.000000,18,21.6339,186.1776,47.2991,1.9635,-9.6053
2586.000000,19,21.6339,186.3578,47.0462,1.5304,-9.2013
2586.000000,20,21.6339,185.5994,47.5006,2.7431,-8.2105
2586.000000,21,21.6339,185.7855,47.3385,2.3950,-7.7959
2586.000000,22,21.6339,185.9698,46.9971,1.8692,-7.4283
2586.000000,23,21.6339,186.1524,46.4975,1.1871,-7.1205
2586.000000,24,21.6339,186.3334,45.8568,0.3654,-6.8932
2587.000000,0,21.6443,185.7313,45.7010,0.8117,-6.3867
2587.000000,1,21.6443,185.9132,46.6353,1.5641,-6.8628
2587.000000,2,21.6443,186.0935,47.2494,1.9978,-7.4234
2587.000000,3,21.6443,186.2724,47.5918,2.1614,-8.0095
2587.000000,4,21.6443,186.4499,47.7002,2.0923,-8.5966
2587.000000,5,21.6443,185.6917,47.0221,2.1724,-9.0078
2587.000000,6,21.6443,185.8749,47.3519,2.3190,-9.5625
2587.000000,7,21.6443,186.0564,47.5812,2.3668,-9.9381
2587.000000,8,21.6443,186.2364,47.7025,2.3081,-10.1835
2587.000000,9,21.6443,186.4149,47.6213,2.0483,-10.4353
2587.000000,10,21.6443,185.6564,47.5083,2.6939,-10.4874
2587.000000,11,21.6443,185.8407,47.6078,2.6091,-10.7049
2587.000000,12,21.6443,186.0233,47.7125,2.5311,-10.6840
2587.000000,13,21.6443,186.2043,47.6169,2.2546,-10.6793
2587.000000,14,21.6443,186.3838,47.5634,2.0216,-10.4538
2587.000000,15,21.6443,185.6253,47.6397,2.8564,-10.2874
2587.000000,16,21.6443,185.8106,47.6743,2.7056,-10.0851
2587.000000,17,21.6443,185.9942,47.5470,2.3947,-9.8674
2587.000000,18,21.6443,186.1761,47.2861,1.9519,-9.6303
2587.000000,19,21.6443,186.3565,47.0402,1.5256,-9.2324
2587.000000,20,21.6443,185.5986,47.4734,2.7167,-8.1955
2587.000000,21,21.6443,185.7848,47.3099,2.3671,-7.7958
2587.000000,22,21.6443,185.9692,46.9717,1.8444,-7.4419
2587.000000,23,21.6443,186.1520,46.4796,1.1696,-7.1459
2587.000000,24,21.6443,186.3331,45.8502,0.3591,-6.9270
2588.000000,0,21.6537,185.7262,45.6904,0.8062,-6.4201
2588.000000,1,21.6537,185.9084,46.6160,1.5496,-6.8845
2588.000000,2,21.6537,186.0890,47.2286,1.9816,-7.4290
2588.000000,3,21.6537,186.2681,47.5759,2.1498,-7.9975
2588.000000,4,21.6537,186.4459,47.6946,2.0907,-8.5664
2588.000000,5,21.6537,185.6878,47.0143,2.1685,-9.0428
2588.000000,6,21.6537,185.8712,47.3382,2.3090,-9.5884
2588.000000,7,21.6537,186.0529,47.5757,2.3648,-9.9451
2588.000000,8,21.6537,186.2331,47.6997,2.3085,-10.1830
2588.000000,9,21.6537,186.4119,47.6263,2.0564,-10.4261
2588.000000,10,21.6537,185.6535,47.5107,2.6991,-10.5006
2588.000000,11,21.6537,185.8381,47.6106,2.6145,-10.7104
2588.000000,12,21.6537,186.0209,47.7125,2.5336,-10.6903
2588.000000,13,21.6537,186.2021,47.6195,2.2594,-10.6852
2588.000000,14,21.6537,186.3817,47.5652,2.0254,-10.4670
2588.000000,15,21.6537,185.6236,47.6422,2.8606,-10.2772
2588.000000,16,21.6537,185.8091,47.6685,2.7014,-10.0857
2588.000000,17,21.6537,185.9928,47.5409,2.3900,-9.8747
2588.000000,18,21.6537,186.1749,47.2729,1.9400,-9.6557
2588.000000,19,21.6537,186.3554,47.0342,1.5207,-9.2638
2588.000000,20,21.6537,185.5980,47.4442,2.6882,-8.1825
2588.000000,21,21.6537,185.7844,47.2802,2.3378,-7.7972
2588.000000,22,21.6537,185.9689,46.9458,1.8188,-7.4567
2588.000000,23,21.6537,186.1518,46.4615,1.1517,-7.1722
2588.000000,24,21.6537,186.3330,45.8438,0.3528,-6.9617
2589.000000,0,21.6621,185.7214,45.6800,0.8005,-6.4545
2589.000000,1,21.6621,185.9039,46.5965,1.5345,-6.9072
2589.000000,2,21.6621,186.0847,47.2073,1.9645,-7.4358
2589.000000,3,21.6621,186.2641,47.5589,2.1367,-7.9869
2589.000000,4,21.6621,186.4421,47.6872,2.0871,-8.5379
2589.000000,5,21.6621,185.6841,47.0065,2.1644,-9.0782
2589.000000,6,21.6621,185.8677,47.3242,2.2984,-9.6150
2589.000000,7,21.6621,186.0497,47.5701,2.3623,-9.9525
2589.000000,8,21.6621,186.2301,47.6964,2.3082,-10.1830
2589.000000,9,21.6621,186.4091,47.6304,2.0633,-10.4176
2589.000000,10,21.6621,185.6510,47.5132,2.7042,-10.5137
2589.000000,11,21.6621,185.8357,47.6133,2.6195,-10.7160
2589.000000,12,21.6621,186.0187,47.7125,2.5357,-10.6967
2589.000000,13,21.6621,186.2001,47.6219,2.2638,-10.6912
2589.000000,14,21.6621,186.3799,47.5670,2.0291,-10.4801
2589.000000,15,21.6621,185.6222,47.6444,2.8642,-10.2670
2589.000000,16,21.6621,185.8078,47.6623,2.6964,-10.0867
2589.000000,17,21.6621,185.9917,47.5347,2.3849,-9.8823
2589.000000,18,21.6621,186.1740,47.2657,1.9337,-9.6750
2589.000000,19,21.6621,186.3546,47.0282,1.5155,-9.2955
2589.000000,20,21.6621,185.5977,47.4133,2.6575,-8.1712
2589.000000,21,21.6621,185.7842,47.2495,2.3072,-7.8000
2589.000000,22,21.6621,185.9689,46.9194,1.7925,-7.4725
2589.000000,23,21.6621,186.1519,46.4434,1.1335,-7.1994
2589.000000,24,21.6621,186.3332,45.8376,0.3463,-6.9971
2590.000000,0,21.6697,185.7169,45.6697,0.7947,-6.4899
2590.000000,1,21.6697,185.8996,46.5768,1.5191,-6.9309
2590.000000,2,21.6697,186.0807,47.1853,1.9465,-7.4438
2590.000000,3,21.6697,186.2603,47.5406,2.1222,-7.9777
2590.000000,4,21.6697,186.4385,47.6780,2.0814,-8.5111
2590.000000,5,21.6697,185.6807,46.9988,2.1601,-9.1139
2590.000000,6,21.6697,185.8646,47.3099,2.2873,-9.6421
2590.000000,7,21.6697,186.0468,47.5643,2.3595,-9.9601
2590.000000,8,21.6697,186.2274,47.6926,2.3072,-10.1834
2590.000000,9,21.6697,186.4065,47.6336,2.0690,-10.4098
2590.000000,10,21.6697,185.6487,47.5156,2.7089,-10.5267
2590.000000,11,21.6697,185.8336,47.6158,2.6242,-10.7217
2590.000000,12,21.6697,186.0168,47.7125,2.5376,-10.7031
2590.000000,13,21.6697,186.1983,47.6243,2.2680,-10.6973
2590.000000,14,21.6697,186.3784,47.5688,2.0324,-10.4931
2590.000000,15,21.6697,185.6210,47.6462,2.8672,-10.2568
2590.000000,16,21.6697,185.8068,47.6556,2.6907,-10.0882
2590.000000,17,21.6697,185.9909,47.5283,2.3794,-9.8901
2590.000000,18,21.6697,186.1733,47.2698,1.9385,-9.6819
2590.000000,19,21.6697,186.3540,47.0223,1.5102,-9.3276
2590.000000,20,21.6697,185.5977,47.3804,2.6247,-8.1618
2590.000000,21,21.6697,185.7843,47.2176,2.2753,-7.8043
2590.000000,22,21.6697,185.9691,46.8925,1.7654,-7.4896
2590.000000,23,21.6697,186.1522,46.4252,1.1150,-7.2275
2590.000000,24,21.6697,186.3336,45.8315,0.3398,-7.0332
2591.000000,0,21.6762,185.7127,45.6596,0.7889,-6.5263
2591.000000,1,21.6762,185.8956,46.5569,1.5032,-6.9557
2591.000000,2,21.6762,186.0770,47.1626,1.9276,-7.4531
2591.000000,3,21.6762,186.2568,47.5211,2.1062,-7.9700
2591.000000,4,21.6762,186.4352,47.6668,2.0736,-8.4860
2591.000000,5,21.6762,185.6775,46.9911,2.1555,-9.1501
2591.000000,6,21.6762,185.8616,47.2954,2.2757,-9.6697
2591.000000,7,21.6762,186.0441,47.5584,2.3563,-9.9680
2591.000000,8,21.6762,186.2249,47.6884,2.3054,-10.1842
2591.000000,9,21.6762,186.4042,47.6359,2.0736,-10.4028
2591.000000,10,21.6762,185.6467,47.5181,2.7134,-10.5396
2591.000000,11,21.6762,185.8318,47.6183,2.6285,-10.7274
2591.000000,12,21.6762,186.0151,47.7125,2.5393,-10.7094
2591.000000,13,21.6762,186.1969,47.6267,2.2718,-10.7035
2591.000000,14,21.6762,186.3770,47.5706,2.0356,-10.5061
2591.000000,15,21.6762,185.6201,47.6476,2.8695,-10.2467
2591.000000,16,21.6762,185.8061,47.6485,2.6843,-10.0902
2591.000000,17,21.6762,185.9903,47.5219,2.3735,-9.8983
2591.000000,18,21.6762,186.1728,47.2738,1.9429,-9.6892
2591.000000,19,21.6762,186.3537,47.0164,1.5047,-9.3599
2591.000000,20,21.6762,185.5980,47.3564,2.6004,-8.1420
2591.000000,21,21.6762,185.7847,47.1847,2.2420,-7.8100
2591.000000,22,21.6762,185.9696,46.8652,1.7376,-7.5078
2591.000000,23,21.6762,186.1528,46.4070,1.0961,-7.2564
2591.000000,24,21.6762,186.3343,45.8256,0.3332,-7.0702
2592.000000,0,21.6818,185.7087,45.6496,0.7829,-6.5637
2592.000000,1,21.6818,185.8919,46.5368,1.4869,-6.9816
2592.000000,2,21.6818,186.0735,47.1393,1.9078,-7.4635
2592.000000,3,21.6818,186.2536,47.5004,2.0888,-7.9638
2592.000000,4,21.6818,186.4322,47.6539,2.0636,-8.4627
2592.000000,5,21.6818,185.6747,46.9834,2.1507,-9.1866
2592.000000,6,21.6818,185.8590,47.2806,2.2636,-9.6979
2592.000000,7,21.6818,186.0416,47.5523,2.3527,-9.9761
2592.000000,8,21.6818,186.2226,47.6837,2.3030,-10.1854
2592.000000,9,21.6818,186.4021,47.6372,2.0771,-10.3964
2592.000000,10,21.6818,185.6449,47.5205,2.7176,-10.5523
2592.000000,11,21.6818,185.8302,47.6208,2.6325,-10.7332
2592.000000,12,21.6818,186.0137,47.7125,2.5407,-10.7158
2592.000000,13,21.6818,186.1956,47.6289,2.2752,-10.7098
2592.000000,14,21.6818,186.3759,47.5724,2.0385,-10.5191
2592.000000,15,21.6818,185.6195,47.6487,2.8712,-10.2367
2592.000000,16,21.6818,185.8056,47.6409,2.6772,-10.0925
2592.000000,17,21.6818,185.9900,47.5153,2.3673,-9.9067
2592.000000,18,21.6818,186.1726,47.2777,1.9470,-9.6969
2592.000000,19,21.6818,186.3536,47.0106,1.4989,-9.3926
2592.000000,20,21.6818,185.5985,47.3374,2.5808,-8.1162
2592.000000,21,21.6818,185.7854,47.1508,2.2074,-7.8173
2592.000000,22,21.6818,185.9704,46.8374,1.7090,-7.5271
2592.000000,23,21.6818,186.1536,46.3887,1.0770,-7.2863
2592.000000,24,21.6818,186.3353,45.8198,0.3265,-7.1079
2593.000000,0,21.6864,185.7050,45.6399,0.7769,-6.6021
2593.000000,1,21.6864,185.8885,46.5166,1.4701,-7.0085
2593.000000,2,21.6864,186.0703,47.1154,1.8871,-7.4752
2593.000000,3,21.6864,186.2505,47.4786,2.0700,-7.9590
2593.000000,4,21.6864,186.4294,47.6390,2.0516,-8.4412
2593.000000,5,21.6864,185.6721,46.9758,2.1457,-9.2235
2593.000000,6,21.6864,185.8566,47.2657,2.2510,-9.7266
2593.000000,7,21.6864,186.0394,47.5461,2.3487,-9.9846
2593.000000,8,21.6864,186.2206,47.6785,2.2998,-10.1871
2593.000000,9,21.6864,186.4003,47.6377,2.0794,-10.3907
2593.000000,10,21.6864,185.6434,47.5230,2.7215,-10.5650
2593.000000,11,21.6864,185.8289,47.6231,2.6362,-10.7391
2593.000000,12,21.6864,186.0126,47.7125,2.5418,-10.7223
2593.000000,13,21.6864,186.1946,47.6311,2.2784,-10.7162
2593.000000,14,21.6864,186.3751,47.5743,2.0411,-10.5320
2593.000000,15,21.6864,185.6192,47.6495,2.8722,-10.2267
2593.000000,16,21.6864,185.8055,47.6328,2.6693,-10.0954
2593.000000,17,21.6864,185.9899,47.5086,2.3607,-9.9154
2593.000000,18,21.6864,186.1727,47.2814,1.9507,-9.7050
2593.000000,19,21.6864,186.3538,47.0048,1.4930,-9.4255
2593.000000,20,21.6864,185.5993,47.3174,2.5600,-8.0913
2593.000000,21,21.6864,185.7863,47.1157,2.1714,-7.8260
2593.000000,22,21.6864,185.9714,46.8092,1.6798,-7.5476
2593.000000,23,21.6864,186.1547,46.3703,1.0575,-7.3170
2593.000000,24,21.6864,186.3364,45.8142,0.3198,-7.1464
2594.000000,0,21.6901,185.7015,45.6303,0.7707,-6.6414
2594.000000,1,21.6901,185.8853,46.4962,1.4529,-7.0365
2594.000000,2,21.6901,186.0673,47.0909,1.8655,-7.4882
2594.000000,3,21.6901,186.2478,47.4555,2.0497,-7.9558
2594.000000,4,21.6901,186.4268,47.6223,2.0375,-8.4215
2594.000000,5,21.6901,185.6697,46.9682,2.1405,-9.2608
2594.000000,6,21.6901,185.8545,47.2504,2.2379,-9.7559
2594.000000,7,21.6901,186.0375,47.5398,2.3443,-9.9933
2594.000000,8,21.6901,186.2189,47.6729,2.2960,-10.1893
2594.000000,9,21.6901,186.3987,47.6372,2.0805,-10.3858
2594.000000,10,21.6901,185.6423,47.5255,2.7252,-10.5775
2594.000000,11,21.6901,185.8279,47.6254,2.6394,-10.7450
2594.000000,12,21.6901,186.0117,47.7125,2.5427,-10.7287
2594.000000,13,21.6901,186.1939,47.6331,2.2812,-10.7226
2594.000000,14,21.6901,186.3745,47.5761,2.0435,-10.5448
2594.000000,15,21.6901,185.6191,47.6498,2.8726,-10.2168
2594.000000,16,21.6901,185.8055,47.6243,2.6608,-10.0986
2594.000000,17,21.6901,185.9901,47.5018,2.3537,-9.9244
2594.000000,18,21.6901,186.1730,47.2851,1.9541,-9.7136
2594.000000,19,21.6901,186.3542,46.9991,1.4869,-9.4587
2594.000000,20,21.6901,185.6004,47.2965,2.5380,-8.0672
2594.000000,21,21.6901,185.7875,47.0797,2.1342,-7.8363
2594.000000,22,21.6901,185.9726,46.7805,1.6498,-7.5692
2594.000000,23,21.6901,186.1561,46.3519,1.0378,-7.3487
2594.000000,24,21.6901,186.3378,45.8088,0.3129,-7.1856
2595.000000,0,21.6928,185.6984,45.6210,0.7645,-6.6817
2595.000000,1,21.6928,185.8823,46.4757,1.4354,-7.0656
2595.000000,2,21.6928,186.0646,47.0657,1.8431,-7.5024
2595.000000,3,21.6928,186.2452,47.4312,2.0280,-7.9540
2595.000000,4,21.6928,186.4244,47.6037,2.0212,-8.4036
2595.000000,5,21.6928,185.6677,46.9607,2.1350,-9.2983
2595.000000,6,21.6928,185.8526,47.2350,2.2243,-9.7856
2595.000000,7,21.6928,186.0358,47.5333,2.3394,-10.0022
2595.000000,8,21.6928,186.2173,47.6668,2.2914,-10.1918
2595.000000,9,21.6928,186.3974,47.6359,2.0805,-10.3816
2595.000000,10,21.6928,185.6413,47.5280,2.7286,-10.5899
2595.000000,11,21.6928,185.8271,47.6275,2.6424,-10.7510
2595.000000,12,21.6928,186.0111,47.7125,2.5433,-10.7351
2595.000000,13,21.6928,186.1934,47.6351,2.2837,-10.7292
2595.000000,14,21.6928,186.3742,47.5779,2.0457,-10.5575
2595.000000,15,21.6928,185.6194,47.6498,2.8724,-10.2070
2595.000000,16,21.6928,185.8059,47.6154,2.6515,-10.1024
2595.000000,17,21.6928,185.9906,47.4949,2.3463,-9.9336
2595.000000,18,21.6928,186.1735,47.2886,1.9571,-9.7225
2595.000000,19,21.6928,186.3549,46.9935,1.4806,-9.4921
2595.000000,20,21.6928,185.6018,47.2746,2.5148,-8.0440
2595.000000,21,21.6928,185.7889,47.0426,2.0956,-7.8481
2595.000000,22,21.6928,185.9742,46.7514,1.6192,-7.5920
2595.000000,23,21.6928,186.1577,46.3335,1.0178,-7.3812
2595.000000,24,21.6928,186.3395,45.8036,0.3060,-7.2255
2596.000000,0,21.6945,185.6955,45.6118,0.7583,-6.7230
2596.000000,1,21.6945,185.8796,46.4550,1.4174,-7.0956
2596.000000,2,21.6945,186.0621,47.0400,1.8198,-7.5179
2596.000000,3,21.6945,186.2430,47.4058,2.0048,-7.9538
2596.000000,4,21.6945,186.4223,47.5832,2.0028,-8.3876
2596.000000,5,21.6945,185.6659,46.9533,2.1293,-9.3361
2596.000000,6,21.6945,185.8510,47.2193,2.2102,-9.8159
2596.000000,7,21.6945,186.0344,47.5267,2.3343,-10.0115
2596.000000,8,21.6945,186.2161,47.6602,2.2861,-10.1949
2596.000000,9,21.6945,186.3962,47.6337,2.0794,-10.3779
2596.000000,10,21.6945,185.6407,47.5305,2.7317,-10.6021
2596.000000,11,21.6945,185.8266,47.6296,2.6449,-10.7570
2596.000000,12,21.6945,186.0108,47.7125,2.5437,-10.7415
2596.000000,13,21.6945,186.1932,47.6371,2.2858,-10.7357
2596.000000,14,21.6945,186.3740,47.5797,2.0476,-10.5701
2596.000000,15,21.6945,185.6199,47.6494,2.8715,-10.1972
2596.000000,16,21.6945,185.8065,47.6060,2.6415,-10.1065
2596.000000,17,21.6945,185.9913,47.4878,2.3385,-9.9432
2596.000000,18,21.6945,186.1743,47.2921,1.9597,-9.7319
2596.000000,19,21.6945,186.3558,46.9879,1.4741,-9.5258
2596.000000,20,21.6945,185.6035,47.2519,2.4904,-8.0217
2596.000000,21,21.6945,185.7906,47.0045,2.0558,-7.8614
2596.000000,22,21.6945,185.9760,46.7218,1.5878,-7.6159
2596.000000,23,21.6945,186.1595,46.3150,0.9974,-7.4145
2596.000000,24,21.6945,186.3414,45.7985,0.2991,-7.2662
2597.000000,0,21.6953,185.6929,45.6028,0.7519,-6.7653
2597.000000,1,21.6953,185.8772,46.4342,1.3990,-7.1268
2597.000000,2,21.6953,186.0599,47.0136,1.7956,-7.5346
2597.000000,3,21.6953,186.2409,47.3791,1.9801,-7.9551
2597.000000,4,21.6953,186.4205,47.5609,1.9823,-8.3734
2597.000000,5,21.6953,185.6644,46.9458,2.1234,-9.3743
2597.000000,6,21.6953,185.8497,47.2065,2.1987,-9.8432
2597.000000,7,21.6953,186.0332,47.5199,2.3287,-10.0210
2597.000000,8,21.6953,186.2151,47.6532,2.2801,-10.1983
2597.000000,9,21.6953,186.3954,47.6350,2.0816,-10.3701
2597.000000,10,21.6953,185.6404,47.5330,2.7346,-10.6141
2597.000000,11,21.6953,185.8264,47.6316,2.6471,-10.7631
2597.000000,12,21.6953,186.0107,47.7125,2.5438,-10.7479
2597.000000,13,21.6953,186.1932,47.6389,2.2876,-10.7424
2597.000000,14,21.6953,186.3742,47.5815,2.0493,-10.5826
2597.000000,15,21.6953,185.6207,47.6487,2.8700,-10.1875
2597.000000,16,21.6953,185.8074,47.5962,2.6307,-10.1111
2597.000000,17,21.6953,185.9922,47.4838,2.3335,-9.9495
2597.000000,18,21.6953,186.1754,47.2954,1.9620,-9.7416
2597.000000,19,21.6953,186.3569,46.9846,1.4697,-9.5571
2597.000000,20,21.6953,185.6054,47.2282,2.4648,-8.0003
2597.000000,21,21.6953,185.7926,46.9653,2.0146,-7.8762
2597.000000,22,21.6953,185.9780,46.6918,1.5558,-7.6410
2597.000000,23,21.6953,186.1616,46.2965,0.9768,-7.4487
2597.000000,24,21.6953,186.3436,45.7936,0.2920,-7.3076
2598.000000,0,21.6951,185.6905,45.5940,0.7455,-6.8085
2598.000000,1,21.6951,185.8751,46.4133,1.3802,-7.1590
2598.000000,2,21.6951,186.0579,46.9866,1.7706,-7.5526
2598.000000,3,21.6951,186.2391,47.3512,1.9541,-7.9580
2598.000000,4,21.6951,186.4189,47.5366,1.9597,-8.3611
2598.000000,5,21.6951,185.6632,46.9385,2.1172,-9.4127
2598.000000,6,21.6951,185.8487,47.2046,2.1979,-9.8587
2598.000000,7,21.6951,186.0323,47.5131,2.3227,-10.0307
2598.000000,8,21.6951,186.2143,47.6458,2.2734,-10.2022
2598.000000,9,21.6951,186.3948,47.6360,2.0832,-10.3624
2598.000000,10,21.6951,185.6403,47.5355,2.7372,-10.6260
2598.000000,11,21.6951,185.8265,47.6335,2.6490,-10.7692
2598.000000,12,21.6951,186.0108,47.7125,2.5436,-10.7543
2598.000000,13,21.6951,186.1935,47.6407,2.2891,-10.7491
2598.000000,14,21.6951,186.3745,47.5833,2.0507,-10.5950
2598.000000,15,21.6951,185.6217,47.6476,2.8679,-10.1778
2598.000000,16,21.6951,185.8085,47.5859,2.6193,-10.1162
2598.000000,17,21.6951,185.9935,47.4925,2.3410,-9.9421
2598.000000,18,21.6951,186.1767,47.2986,1.9638,-9.7518
2598.000000,19,21.6951,186.3583,46.9852,1.4689,-9.5845
2598.000000,20,21.6951,185.6076,47.2037,2.4380,-7.9799
2598.000000,21,21.6951,185.7949,46.9252,1.9722,-7.8926
2598.000000,22,21.6951,185.9803,46.6614,1.5231,-7.6672
2598.000000,23,21.6951,186.1640,46.2780,0.9560,-7.4838
2598.000000,24,21.6951,186.3460,45.7889,0.2849,-7.3497
2599.000000,0,21.6940,185.6885,45.5855,0.7390,-6.8526
2599.000000,1,21.6940,185.8732,46.3923,1.3610,-7.1922
2599.000000,2,21.6940,186.0562,46.9590,1.7447,-7.5719
2599.000000,3,21.6940,186.2376,47.3222,1.9266,-7.9625
2599.000000,4,21.6940,186.4175,47.5105,1.9349,-8.3508
2599.000000,5,21.6940,185.6623,46.9312,2.1109,-9.4513
2599.000000,6,21.6940,185.8479,47.2077,2.2018,-9.8690
2599.000000,7,21.6940,186.0317,47.5061,2.3163,-10.0408
2599.000000,8,21.6940,186.2138,47.6378,2.2660,-10.2065
2599.000000,9,21.6940,186.3944,47.6367,2.0843,-10.3548
2599.000000,10,21.6940,185.6405,47.5380,2.7395,-10.6377
2599.000000,11,21.6940,185.8268,47.6353,2.6505,-10.7754
2599.000000,12,21.6940,186.0112,47.7125,2.5432,-10.7606
2599.000000,13,21.6940,186.1940,47.6423,2.2903,-10.7558
2599.000000,14,21.6940,186.3752,47.5851,2.0519,-10.6073
2599.000000,15,21.6940,185.6231,47.6462,2.8651,-10.1682
2599.000000,16,21.6940,185.8100,47.5752,2.6072,-10.1217
2599.000000,17,21.6940,185.9950,47.5007,2.3476,-9.9353
2599.000000,18,21.6940,186.1783,47.3016,1.9653,-9.7623
2599.000000,19,21.6940,186.3599,46.9859,1.4679,-9.6120
2599.000000,20,21.6940,185.6101,47.1782,2.4101,-7.9604
2599.000000,21,21.6940,185.7974,46.8840,1.9285,-7.9105
2599.000000,22,21.6940,185.9829,46.6306,1.4897,-7.6945
2599.000000,23,21.6940,186.1666,46.2595,0.9349,-7.5197
2599.000000,24,21.6940,186.3486,45.7844,0.2778,-7.3925
2600.000000,0,21.6919,185.6867,45.5771,0.7324,-6.8977
2600.000000,1,21.6919,185.8716,46.3711,1.3414,-7.2264
2600.000000,2,21.6919,186.0548,46.9308,1.7180,-7.5924
2600.000000,3,21.6919,186.2363,47.2920,1.8976,-7.9685
2600.000000,4,21.6919,186.4163,47.4824,1.9080,-8.3424
2600.000000,5,21.6919,185.6616,46.9240,2.1043,-9.4902
2600.000000,6,21.6919,185.8474,47.2129,2.2076,-9.8772
2600.000000,7,21.6919,186.0313,47.4989,2.3096,-10.0511
2600.000000,8,21.6919,186.2135,47.6295,2.2579,-10.2113
2600.000000,9,21.6919,186.3942,47.6370,2.0848,-10.3471
2600.000000,10,21.6919,185.6409,47.5405,2.7415,-10.6492
2600.000000,11,21.6919,185.8274,47.6370,2.6516,-10.7816
2600.000000,12,21.6919,186.0119,47.7125,2.5425,-10.7670
2600.000000,13,21.6919,186.1948,47.6439,2.2911,-10.7626
2600.000000,14,21.6919,186.3760,47.5869,2.0529,-10.6194
2600.000000,15,21.6919,185.6247,47.6444,2.8616,-10.1587
2600.000000,16,21.6919,185.8116,47.5834,2.6137,-10.1064
2600.000000,17,21.6919,185.9967,47.5084,2.3536,-9.9292
2600.000000,18,21.6919,186.1801,47.3046,1.9665,-9.7732
2600.000000,19,21.6919,186.3618,46.9866,1.4668,-9.6398
2600.000000,20,21.6919,185.6129,47.1519,2.3810,-7.9419
2600.000000,21,21.6919,185.8002,46.8419,1.8836,-7.9300
2600.000000,22,21.6919,185.9857,46.5995,1.4557,-7.7230
2600.000000,23,21.6919,186.1694,46.2409,0.9135,-7.5564
2600.000000,24,21.6919,186.3515,45.7800,0.2705,-7.4360
2601.000000,0,21.6888,185.6852,45.5690,0.7258,-6.9437
2601.000000,1,21.6888,185.8703,46.3498,1.3215,-7.2617
2601.000000,2,21.6888,186.0536,46.9021,1.6904,-7.6142
2601.000000,3,21.6888,186.2353,47.2605,1.8672,-7.9761
2601.000000,4,21.6888,186.4154,47.4525,1.8790,-8.3359
2601.000000,5,21.6888,185.6612,46.9168,2.0975,-9.5292
2601.000000,6,21.6888,185.8471,47.2180,2.2129,-9.8857
2601.000000,7,21.6888,186.0312,47.4917,2.3025,-10.0616
2601.000000,8,21.6888,186.2135,47.6206,2.2491,-10.2165
2601.000000,9,21.6888,186.3943,47.6371,2.0848,-10.3395
2601.000000,10,21.6888,185.6417,47.5430,2.7433,-10.6605
2601.000000,11,21.6888,185.8282,47.6386,2.6524,-10.7878
2601.000000,12,21.6888,186.0129,47.7125,2.5416,-10.7734
2601.000000,13,21.6888,186.1958,47.6454,2.2916,-10.7695
2601.000000,14,21.6888,186.3771,47.5887,2.0536,-10.6314
2601.000000,15,21.6888,185.6266,47.6422,2.8576,-10.1493
2601.000000,16,21.6888,185.8136,47.5978,2.6262,-10.0842
2601.000000,17,21.6888,185.9987,47.5157,2.3589,-9.9238
2601.000000,18,21.6888,186.1821,47.3074,1.9672,-9.7845
2601.000000,19,21.6888,186.3639,46.9873,1.4654,-9.6678
2601.000000,20,21.6888,185.6159,47.1247,2.3508,-7.9244
2601.000000,21,21.6888,185.8033,46.7988,1.8374,-7.9509
2601.000000,22,21.6888,185.9888,46.5679,1.4210,-7.7525
2601.000000,23,21.6888,186.1725,46.2224,0.8918,-7.5939
2601.000000,24,21.6888,186.3546,45.7759,0.2632,-7.4801
2602.000000,0,21.6848,185.6839,45.5610,0.7191,-6.9906
2602.000000,1,21.6848,185.8692,46.3284,1.3012,-7.2979
2602.000000,2,21.6848,186.0527,46.8727,1.6620,-7.6373
2602.000000,3,21.6848,186.2345,47.2280,1.8354,-7.9853
2602.000000,4,21.6848,186.4148,47.4207,1.8479,-8.3314
2602.000000,5,21.6848,185.6611,46.9097,2.0906,-9.5685
2602.000000,6,21.6848,185.8471,47.2230,2.2178,-9.8947
2602.000000,7,21.6848,186.0313,47.4843,2.2950,-10.0724
2602.000000,8,21.6848,186.2138,47.6114,2.2395,-10.2221
2602.000000,9,21.6848,186.3947,47.6369,2.0842,-10.3320
2602.000000,10,21.6848,185.6427,47.5455,2.7447,-10.6716
2602.000000,11,21.6848,185.8293,47.6402,2.6528,-10.7941
2602.000000,12,21.6848,186.0141,47.7125,2.5404,-10.7797
2602.000000,13,21.6848,186.1971,47.6468,2.2917,-10.7764
2602.000000,14,21.6848,186.3785,47.5905,2.0540,-10.6433
2602.000000,15,21.6848,185.6288,47.6397,2.8529,-10.1399
2602.000000,16,21.6848,185.8158,47.6112,2.6373,-10.0632
2602.000000,17,21.6848,186.0010,47.5225,2.3634,-9.9190
2602.000000,18,21.6848,186.1844,47.3101,1.9676,-9.7961
2602.000000,19,21.6848,186.3662,46.9881,1.4638,-9.6959
2602.000000,20,21.6848,185.6193,47.0967,2.3194,-7.9079
2602.000000,21,21.6848,185.8067,46.7547,1.7900,-7.9735
2602.000000,22,21.6848,185.9922,46.5360,1.3858,-7.7832
2602.000000,23,21.6848,186.1759,46.2039,0.8700,-7.6322
2602.000000,24,21.6848,186.3580,45.7719,0.2559,-7.5249
2603.000000,0,21.6798,185.6829,45.5533,0.7124,-7.0384
2603.000000,1,21.6798,185.8684,46.3070,1.2806,-7.3352
2603.000000,2,21.6798,186.0520,46.8428,1.6328,-7.6616
2603.000000,3,21.6798,186.2340,47.1942,1.8022,-7.9961
2603.000000,4,21.6798,186.4144,47.3870,1.8146,-8.3289
2603.000000,5,21.6798,185.6613,46.9027,2.0834,-9.6080
2603.000000,6,21.6798,185.8474,47.2277,2.2223,-9.9041
2603.000000,7,21.6798,186.0317,47.4768,2.2871,-10.0834
2603.000000,8,21.6798,186.2143,47.6016,2.2293,-10.2282
2603.000000,9,21.6798,186.3953,47.6364,2.0831,-10.3244
2603.000000,10,21.6798,185.6440,47.5480,2.7459,-10.6825
2603.000000,11,21.6798,185.8307,47.6416,2.6529,-10.8003
2603.000000,12,21.6798,186.0155,47.7125,2.5389,-10.7860
2603.000000,13,21.6798,186.1986,47.6482,2.2915,-10.7833
2603.000000,14,21.6798,186.3801,47.5923,2.0542,-10.6550
2603.000000,15,21.6798,185.6312,47.6368,2.8476,-10.1306
2603.000000,16,21.6798,185.8183,47.6236,2.6472,-10.0432
2603.000000,17,21.6798,186.0035,47.5288,2.3672,-9.9149
2603.000000,18,21.6798,186.1870,47.3127,1.9676,-9.8082
2603.000000,19,21.6798,186.3688,46.9889,1.4620,-9.7243
2603.000000,20,21.6798,185.6229,47.0678,2.2869,-7.8924
2603.000000,21,21.6798,185.8103,46.7126,1.7443,-7.9942
2603.000000,22,21.6798,185.9958,46.5037,1.3499,-7.8150
2603.000000,23,21.6798,186.1795,46.1854,0.8478,-7.6714
2603.000000,24,21.6798,186.3616,45.7681,0.2485,-7.5704
2604.000000,0,21.6738,185.6823,45.5459,0.7056,-7.0871
2604.000000,1,21.6738,185.8678,46.2854,1.2596,-7.3734
2604.000000,2,21.6738,186.0516,46.8124,1.6028,-7.6872
2604.000000,3,21.6738,186.2337,47.1593,1.7675,-8.0086
2604.000000,4,21.6738,186.4142,47.3514,1.7792,-8.3284
2604.000000,5,21.6738,185.6617,46.8958,2.0760,-9.6475
2604.000000,6,21.6738,185.8479,47.2324,2.2264,-9.9138
2604.000000,7,21.6738,186.0323,47.4692,2.2788,-10.0947
2604.000000,8,21.6738,186.2150,47.5915,2.2184,-10.2346
2604.000000,9,21.6738,186.3961,47.6356,2.0814,-10.3169
2604.000000,10,21.6738,185.6456,47.5505,2.7469,-10.6932
2604.000000,11,21.6738,185.8324,47.6430,2.6526,-10.8067
2604.000000,12,21.6738,186.0172,47.7125,2.5372,-10.7923
2604.000000,13,21.6738,186.2004,47.6494,2.2910,-10.7902
2604.000000,14,21.6738,186.3819,47.5941,2.0542,-10.6665
2604.000000,15,21.6738,185.6339,47.6336,2.8416,-10.1214
2604.000000,16,21.6738,185.8211,47.6350,2.6559,-10.0243
2604.000000,17,21.6738,186.0063,47.5347,2.3703,-9.9114
2604.000000,18,21.6738,186.1898,47.3151,1.9672,-9.8206
2604.000000,19,21.6738,186.3717,46.9898,1.4601,-9.7528
2604.000000,20,21.6738,185.6267,47.0380,2.2533,-7.8779
2604.000000,21,21.6738,185.8141,46.6922,1.7200,-7.9901
2604.000000,22,21.6738,185.9996,46.4710,1.3133,-7.8479
2604.000000,23,21.6738,186.1834,46.1669,0.8255,-7.7112
2604.000000,24,21.6738,186.3654,45.7645,0.2410,-7.6165
2605.000000,0,21.6669,185.6818,45.5386,0.6988,-7.1366
2605.000000,1,21.6669,185.8675,46.2638,1.2382,-7.4126
2605.000000,2,21.6669,186.0514,46.7814,1.5719,-7.7141
2605.000000,3,21.6669,186.2336,47.1232,1.7315,-8.0226
2605.000000,4,21.6669,186.4143,47.3139,1.7416,-8.3299
2605.000000,5,21.6669,185.6624,46.8889,2.0684,-9.6873
2605.000000,6,21.6669,185.8488,47.2369,2.2301,-9.9240
2605.000000,7,21.6669,186.0332,47.4615,2.2702,-10.1062
2605.000000,8,21.6669,186.2160,47.5808,2.2068,-10.2416
2605.000000,9,21.6669,186.3972,47.6344,2.0792,-10.3095
2605.000000,10,21.6669,185.6475,47.5530,2.7475,-10.7036
2605.000000,11,21.6669,185.8343,47.6443,2.6519,-10.8130
2605.000000,12,21.6669,186.0192,47.7125,2.5352,-10.7985
2605.000000,13,21.6669,186.2024,47.6506,2.2901,-10.7972
2605.000000,14,21.6669,186.3840,47.5959,2.0539,-10.6779
2605.000000,15,21.6669,185.6369,47.6300,2.8350,-10.1123
2605.000000,16,21.6669,185.8241,47.6454,2.6633,-10.0064
2605.000000,17,21.6669,186.0094,47.5401,2.3727,-9.9086
2605.000000,18,21.6669,186.1929,47.3174,1.9665,-9.8333
2605.000000,19,21.6669,186.3748,46.9907,1.4579,-9.7814
2605.000000,20,21.6669,185.6309,47.0075,2.2185,-7.8645
2605.000000,21,21.6669,185.8183,46.6716,1.6953,-7.9869
2605.000000,22,21.6669,186.0038,46.4380,1.2762,-7.8818
2605.000000,23,21.6669,186.1875,46.1484,0.8029,-7.7519
2605.000000,24,21.6669,186.3695,45.7611,0.2335,-7.6631
2606.000000,0,21.6591,185.6817,45.5316,0.6919,-7.1870
2606.000000,1,21.6591,185.8675,46.2421,1.2165,-7.4528
2606.000000,2,21.6591,186.0515,46.7498,1.5403,-7.7422
2606.000000,3,21.6591,186.2338,47.0859,1.6940,-8.0383
2606.000000,4,21.6591,186.4146,47.2746,1.7020,-8.3335
2606.000000,5,21.6591,185.6634,46.8822,2.0607,-9.7271
2606.000000,6,21.6591,185.8498,47.2413,2.2334,-9.9345
2606.000000,7,21.6591,186.0344,47.4537,2.2612,-10.1180
2606.000000,8,21.6591,186.2172,47.5698,2.1945,-10.2489
2606.000000,9,21.6591,186.3985,47.6330,2.0765,-10.3020
2606.000000,10,21.6591,185.6496,47.5555,2.7478,-10.7138
2606.000000,11,21.6591,185.8365,47.6454,2.6509,-10.8193
2606.000000,12,21.6591,186.0215,47.7125,2.5330,-10.8047
2606.000000,13,21.6591,186.2047,47.6517,2.2889,-10.8042
2606.000000,14,21.6591,186.3863,47.5977,2.0534,-10.6891
2606.000000,15,21.6591,185.6402,47.6320,2.8337,-10.0967
2606.000000,16,21.6591,185.8274,47.6548,2.6694,-9.9896
2606.000000,17,21.6591,186.0127,47.5451,2.3744,-9.9065
2606.000000,18,21.6591,186.1962,47.3197,1.9654,-9.8464
2606.000000,19,21.6591,186.3781,46.9916,1.4555,-9.8102
2606.000000,20,21.6591,185.6353,46.9761,2.1827,-7.8522
2606.000000,21,21.6591,185.8227,46.6507,1.6699,-7.9845
2606.000000,22,21.6591,186.0081,46.4047,1.2386,-7.9169
2606.000000,23,21.6591,186.1918,46.1300,0.7802,-7.7933
2606.000000,24,21.6591,186.3738,45.7579,0.2260,-7.7104
2607.000000,0,21.6503,185.6818,45.5248,0.6850,-7.2381
2607.000000,1,21.6503,185.8678,46.2203,1.1945,-7.4939
2607.000000,2,21.6503,186.0519,46.7178,1.5078,-7.7715
2607.000000,3,21.6503,186.2343,47.0475,1.6552,-8.0556
2607.000000,4,21.6503,186.4152,47.2529,1.6797,-8.3167
2607.000000,5,21.6503,185.6647,46.8755,2.0527,-9.7670
2607.000000,6,21.6503,185.8512,47.2455,2.2362,-9.9454
2607.000000,7,21.6503,186.0358,47.4557,2.2618,-10.1191
2607.000000,8,21.6503,186.2187,47.5583,2.1816,-10.2567
2607.000000,9,21.6503,186.4000,47.6313,2.0732,-10.2946
2607.000000,10,21.6503,185.6520,47.5580,2.7479,-10.7238
2607.000000,11,21.6503,185.8389,47.6465,2.6496,-10.8257
2607.000000,12,21.6503,186.0239,47.7125,2.5305,-10.8109
2607.000000,13,21.6503,186.2072,47.6527,2.2874,-10.8113
2607.000000,14,21.6503,186.3889,47.5995,2.0526,-10.7001
2607.000000,15,21.6503,185.6438,47.6460,2.8442,-10.0677
2607.000000,16,21.6503,185.8310,47.6632,2.6742,-9.9740
2607.000000,17,21.6503,186.0163,47.5496,2.3753,-9.9050
2607.000000,18,21.6503,186.1998,47.3217,1.9639,-9.8598
2607.000000,19,21.6503,186.3817,46.9926,1.4529,-9.8391
2607.000000,20,21.6503,185.6400,46.9439,2.1458,-7.8409
2607.000000,21,21.6503,185.8273,46.6295,1.6441,-7.9829
2607.000000,22,21.6503,186.0128,46.3711,1.2003,-7.9529
2607.000000,23,21.6503,186.1964,46.1116,0.7572,-7.8354
2607.000000,24,21.6503,186.3784,45.7548,0.2184,-7.7582
2608.000000,0,21.6405,185.6822,45.5183,0.6780,-7.2901
2608.000000,1,21.6405,185.8683,46.1985,1.1722,-7.5360
2608.000000,2,21.6405,186.0525,46.6852,1.4746,-7.8021
2608.000000,3,21.6405,186.2350,47.0080,1.6150,-8.0745
2608.000000,4,21.6405,186.4160,47.2323,1.6583,-8.2985
2608.000000,5,21.6405,185.6663,46.8689,2.0446,-9.8070
2608.000000,6,21.6405,185.8528,47.2495,2.2387,-9.9566
2608.000000,7,21.6405,186.0375,47.4656,2.2701,-10.1115
2608.000000,8,21.6405,186.2205,47.5464,2.1679,-10.2648
2608.000000,9,21.6405,186.4018,47.6293,2.0694,-10.2872
2608.000000,10,21.6405,185.6547,47.5605,2.7477,-10.7335
2608.000000,11,21.6405,185.8416,47.6475,2.6478,-10.8320
2608.000000,12,21.6405,186.0267,47.7125,2.5277,-10.8170
2608.000000,13,21.6405,186.2100,47.6536,2.2855,-10.8183
2608.000000,14,21.6405,186.3917,47.6012,2.0515,-10.7109
2608.000000,15,21.6405,185.6476,47.6583,2.8526,-10.0402
2608.000000,16,21.6405,185.8348,47.6707,2.6778,-9.9594
2608.000000,17,21.6405,186.0201,47.5536,2.3755,-9.9042
2608.000000,18,21.6405,186.2036,47.3237,1.9621,-9.8736
2608.000000,19,21.6405,186.3855,46.9936,1.4501,-9.8681
2608.000000,20,21.6405,185.6450,46.9109,2.1079,-7.8307
2608.000000,21,21.6405,185.8323,46.6081,1.6178,-7.9821
2608.000000,22,21.6405,186.0177,46.3372,1.1615,-7.9901
2608.000000,23,21.6405,186.2013,46.0933,0.7340,-7.8782
2608.000000,24,21.6405,186.3832,45.7520,0.2107,-7.8066
2609.000000,0,21.6298,185.6829,45.5120,0.6710,-7.3429
2609.000000,1,21.6298,185.8691,46.1767,1.1496,-7.5789
2609.000000,2,21.6298,186.0534,46.6521,1.4407,-7.8340
2609.000000,3,21.6298,186.2360,46.9674,1.5734,-8.0951
2609.000000,4,21.6298,186.4170,47.2110,1.6359,-8.2812
2609.000000,5,21.6298,185.6681,46.8663,2.0402,-9.8427
2609.000000,6,21.6298,185.8547,47.2534,2.2407,-9.9682
2609.000000,7,21.6298,186.0394,47.4751,2.2776,-10.1047
2609.000000,8,21.6298,186.2225,47.5575,2.1770,-10.2479
2609.000000,9,21.6298,186.4039,47.6270,2.0650,-10.2799
2609.000000,10,21.6298,185.6577,47.5629,2.7472,-10.7430
2609.000000,11,21.6298,185.8446,47.6484,2.6457,-10.8384
2609.000000,12,21.6298,186.0297,47.7125,2.5247,-10.8232
2609.000000,13,21.6298,186.2130,47.6544,2.2833,-10.8254
2609.000000,14,21.6298,186.3947,47.6030,2.0503,-10.7215
2609.000000,15,21.6298,185.6517,47.6688,2.8590,-10.0144
2609.000000,16,21.6298,185.8389,47.6771,2.6802,-9.9458
2609.000000,17,21.6298,186.0241,47.5572,2.3750,-9.9040
2609.000000,18,21.6298,186.2076,47.3255,1.9598,-9.8877
2609.000000,19,21.6298,186.3895,46.9947,1.4471,-9.8972
2609.000000,20,21.6298,185.6502,46.8772,2.0689,-7.8217
2609.000000,21,21.6298,185.8375,46.5864,1.5909,-7.9822
2609.000000,22,21.6298,186.0228,46.3030,1.1221,-8.0283
2609.000000,23,21.6298,186.2064,46.0750,0.7106,-7.9217
2609.000000,24,21.6298,186.3883,45.7493,0.2030,-7.8556
2610.000000,0,21.6181,185.6839,45.5059,0.6640,-7.3964
2610.000000,1,21.6181,185.8701,46.1548,1.1266,-7.6228
2610.000000,2,21.6181,186.0545,46.6185,1.4059,-7.8670
2610.000000,3,21.6181,186.2372,46.9256,1.5304,-8.1173
2610.000000,4,21.6181,186.4183,47.1888,1.6124,-8.2648
2610.000000,5,21.6181,185.6702,46.8673,2.0390,-9.8747
2610.000000,6,21.6181,185.8568,47.2572,2.2423,-9.9802
2610.000000,7,21.6181,186.0416,47.4840,2.2843,-10.0986
2610.000000,8,21.6181,186.2247,47.5736,2.1908,-10.2253
2610.000000,9,21.6181,186.4062,47.6243,2.0602,-10.2726
2610.000000,10,21.6181,185.6609,47.5661,2.7472,-10.7514
2610.000000,11,21.6181,185.8479,47.6492,2.6433,-10.8448
2610.000000,12,21.6181,186.0330,47.7125,2.5215,-10.8292
2610.000000,13,21.6181,186.2163,47.6551,2.2808,-10.8325
2610.000000,14,21.6181,186.3980,47.6047,2.0487,-10.7319
2610.000000,15,21.6181,185.6561,47.6776,2.8634,-9.9902
2610.000000,16,21.6181,185.8432,47.6825,2.6813,-9.9334
2610.000000,17,21.6181,186.0285,47.5604,2.3738,-9.9045
2610.000000,18,21.6181,186.2120,47.3273,1.9573,-9.9021
2610.000000,19,21.6181,186.3938,46.9958,1.4439,-9.9264
2610.000000,20,21.6181,185.6558,46.8426,2.0288,-7.8138
2610.000000,21,21.6181,185.8429,46.5645,1.5635,-7.9832
2610.000000,22,21.6181,186.0282,46.2685,1.0823,-8.0674
2610.000000,23,21.6181,186.2117,46.0568,0.6871,-7.9659
2610.000000,24,21.6181,186.3936,45.7469,0.1953,-7.9050
2611.000000,0,21.6055,185.6851,45.5001,0.6570,-7.4506
2611.000000,1,21.6055,185.8714,46.1329,1.1034,-7.6675
2611.000000,2,21.6055,186.0559,46.5844,1.3705,-7.9013
2611.000000,3,21.6055,186.2386,46.8828,1.4861,-8.1411
2611.000000,4,21.6055,186.4198,47.1658,1.5879,-8.2493
2611.000000,5,21.6055,185.6725,46.8683,2.0377,-9.9067
2611.000000,6,21.6055,185.8592,47.2608,2.2435,-9.9925
2611.000000,7,21.6055,186.0441,47.4923,2.2902,-10.0932
2611.000000,8,21.6055,186.2272,47.5886,2.2033,-10.2039
2611.000000,9,21.6055,186.4087,47.6214,2.0547,-10.2654
2611.000000,10,21.6055,185.6644,47.5700,2.7476,-10.7588
2611.000000,11,21.6055,185.8514,47.6499,2.6405,-10.8512
2611.000000,12,21.6055,186.0365,47.7125,2.5179,-10.8352
2611.000000,13,21.6055,186.2198,47.6558,2.2779,-10.8395
2611.000000,14,21.6055,186.4015,47.6065,2.0469,-10.7421
2611.000000,15,21.6055,185.6608,47.6847,2.8659,-9.9677
2611.000000,16,21.6055,185.8478,47.6870,2.6811,-9.9220
2611.000000,17,21.6055,186.0331,47.5630,2.3719,-9.9056
2611.000000,18,21.6055,186.2165,47.3288,1.9543,-9.9169
2611.000000,19,21.6055,186.3983,46.9969,1.4405,-9.9556
2611.000000,20,21.6055,185.6616,46.8074,1.9878,-7.8070
2611.000000,21,21.6055,185.8486,46.5424,1.5357,-7.9849
2611.000000,22,21.6055,186.0338,46.2337,1.0418,-8.1076
2611.000000,23,21.6055,186.2173,46.0387,0.6633,-8.0108
2611.000000,24,21.6055,186.3991,45.7446,0.1875,-7.9549
2612.000000,0,21.5919,185.6866,45.4946,0.6499,-7.5056
2612.000000,1,21.5919,185.8730,46.1109,1.0799,-7.7131
2612.000000,2,21.5919,186.0575,46.5498,1.3343,-7.9367
2612.000000,3,21.5919,186.2403,46.8389,1.4405,-8.1666
2612.000000,4,21.5919,186.4216,47.1420,1.5624,-8.2348
2612.000000,5,21.5919,185.6752,46.8693,2.0361,-9.9388
2612.000000,6,21.5919,185.8619,47.2642,2.2443,-10.0051
2612.000000,7,21.5919,186.0468,47.5001,2.2953,-10.0885
2612.000000,8,21.5919,186.2299,47.6025,2.2145,-10.1837
2612.000000,9,21.5919,186.4114,47.6183,2.0488,-10.2581
2612.000000,10,21.5919,185.6682,47.5739,2.7476,-10.7659
2612.000000,11,21.5919,185.8552,47.6505,2.6373,-10.8575
2612.000000,12,21.5919,186.0403,47.7125,2.5142,-10.8412
2612.000000,13,21.5919,186.2236,47.6564,2.2747,-10.8466
2612.000000,14,21.5919,186.4053,47.6082,2.0449,-10.7521
2612.000000,15,21.5919,185.6657,47.6900,2.8663,-9.9467
2612.000000,16,21.5919,185.8527,47.6905,2.6798,-9.9118
2612.000000,17,21.5919,186.0379,47.5653,2.3693,-9.9074
2612.000000,18,21.5919,186.2213,47.3303,1.9510,-9.9319
2612.000000,19,21.5919,186.4031,46.9981,1.4370,-9.9849
2612.000000,20,21.5919,185.6676,46.7714,1.9457,-7.8014
2612.000000,21,21.5919,185.8546,46.5200,1.5074,-7.9876
2612.000000,22,21.5919,186.0398,46.1987,1.0009,-8.1488
2612.000000,23,21.5919,186.2231,46.0206,0.6394,-8.0563
2612.000000,24,21.5919,186.4049,45.7425,0.1797,-8.0053
2613.000000,0,21.5774,185.6884,45.4893,0.6428,-7.5612
2613.000000,1,21.5774,185.8748,46.0890,1.0561,-7.7595
2613.000000,2,21.5774,186.0594,46.5148,1.2974,-7.9734
2613.000000,3,21.5774,186.2423,46.7939,1.3935,-8.1937
2613.000000,4,21.5774,186.4236,47.1174,1.5358,-8.2211
2613.000000,5,21.5774,185.6781,46.8705,2.0343,-9.9709
2613.000000,6,21.5774,185.8649,47.2675,2.2446,-10.0181
2613.000000,7,21.5774,186.0498,47.5074,2.2996,-10.0845
2613.000000,8,21.5774,186.2329,47.6152,2.2243,-10.1646
2613.000000,9,21.5774,186.4144,47.6148,2.0423,-10.2510
2613.000000,10,21.5774,185.6723,47.5777,2.7474,-10.7728
2613.000000,11,21.5774,185.8592,47.6511,2.6338,-10.8639
2613.000000,12,21.5774,186.0443,47.7125,2.5101,-10.8472
2613.000000,13,21.5774,186.2276,47.6569,2.2712,-10.8537
2613.000000,14,21.5774,186.4093,47.6099,2.0426,-10.7618
2613.000000,15,21.5774,185.6709,47.6937,2.8648,-9.9273
2613.000000,16,21.5774,185.8579,47.6931,2.6771,-9.9026
2613.000000,17,21.5774,186.0430,47.5670,2.3660,-9.9099
2613.000000,18,21.5774,186.2264,47.3317,1.9473,-9.9472
2613.000000,19,21.5774,186.4081,46.9993,1.4332,-10.0142
2613.000000,20,21.5774,185.6739,46.7346,1.9027,-7.7969
2613.000000,21,21.5774,185.8609,46.4975,1.4786,-7.9911
2613.000000,22,21.5774,186.0459,46.1635,0.9595,-8.1910
2613.000000,23,21.5774,186.2292,46.0026,0.6153,-8.1024
2613.000000,24,21.5774,186.4109,45.7407,0.1718,-8.0562
2614.000000,0,21.5620,185.6905,45.4842,0.6357,-7.6175
2614.000000,1,21.5620,185.8769,46.0671,1.0321,-7.8068
2614.000000,2,21.5620,186.0616,46.4794,1.2597,-8.0112
2614.000000,3,21.5620,186.2445,46.7478,1.3452,-8.2224
2614.000000,4,21.5620,186.4258,47.0920,1.5082,-8.2084
2614.000000,5,21.5620,185.6813,46.8717,2.0323,-10.0029
2614.000000,6,21.5620,185.8681,47.2706,2.2445,-10.0314
2614.000000,7,21.5620,186.0530,47.5141,2.3031,-10.0812
2614.000000,8,21.5620,186.2361,47.6269,2.2327,-10.1468
2614.000000,9,21.5620,186.4177,47.6284,2.0527,-10.2248
2614.000000,10,21.5620,185.6766,47.5815,2.7468,-10.7794
2614.000000,11,21.5620,185.8635,47.6515,2.6299,-10.8702
2614.000000,12,21.5620,186.0486,47.7125,2.5059,-10.8530
2614.000000,13,21.5620,186.2319,47.6573,2.2674,-10.8608
2614.000000,14,21.5620,186.4135,47.6117,2.0401,-10.7713
2614.000000,15,21.5620,185.6763,47.6957,2.8613,-9.9096
2614.000000,16,21.5620,185.8633,47.6946,2.6733,-9.8945
2614.000000,17,21.5620,186.0483,47.5684,2.3620,-9.9130
2614.000000,18,21.5620,186.2317,47.3329,1.9432,-9.9628
2614.000000,19,21.5620,186.4133,47.0005,1.4292,-10.0435
2614.000000,20,21.5620,185.6805,46.6972,1.8586,-7.7936
2614.000000,21,21.5620,185.8674,46.4747,1.4493,-7.9954
2614.000000,22,21.5620,186.0523,46.1281,0.9177,-8.2340
2614.000000,23,21.5620,186.2355,45.9847,0.5911,-8.1492
2614.000000,24,21.5620,186.4171,45.7390,0.1639,-8.1075
2615.000000,0,21.5456,185.6928,45.4794,0.6286,-7.6744
2615.000000,1,21.5456,185.8793,46.0451,1.0078,-7.8548
2615.000000,2,21.5456,186.0640,46.4435,1.2214,-8.0501
2615.000000,3,21.5456,186.2469,46.7173,1.3123,-8.2336
2615.000000,4,21.5456,186.4283,47.0659,1.4796,-8.1967
2615.000000,5,21.5456,185.6848,46.8729,2.0301,-10.0350
2615.000000,6,21.5456,185.8715,47.2736,2.2440,-10.0450
2615.000000,7,21.5456,186.0565,47.5203,2.3058,-10.0787
2615.000000,8,21.5456,186.2396,47.6375,2.2398,-10.1301
2615.000000,9,21.5456,186.4212,47.6445,2.0653,-10.1956
2615.000000,10,21.5456,185.6812,47.5852,2.7460,-10.7858
2615.000000,11,21.5456,185.8681,47.6518,2.6257,-10.8765
2615.000000,12,21.5456,186.0531,47.7125,2.5013,-10.8589
2615.000000,13,21.5456,186.2364,47.6576,2.2632,-10.8678
2615.000000,14,21.5456,186.4180,47.6134,2.0373,-10.7806
2615.000000,15,21.5456,185.6821,47.6960,2.8559,-9.8935
2615.000000,16,21.5456,185.8689,47.6952,2.6683,-9.8875
2615.000000,17,21.5456,186.0539,47.5693,2.3573,-9.9167
2615.000000,18,21.5456,186.2372,47.3340,1.9388,-9.9787
2615.000000,19,21.5456,186.4188,47.0018,1.4250,-10.0728
2615.000000,20,21.5456,185.6874,46.6591,1.8137,-7.7915
2615.000000,21,21.5456,185.8741,46.4518,1.4196,-8.0006
2615.000000,22,21.5456,186.0590,46.1189,0.9019,-8.2476
2615.000000,23,21.5456,186.2421,45.9668,0.5667,-8.1965
2615.000000,24,21.5456,186.4236,45.7375,0.1559,-8.1591
2616.000000,0,21.5284,185.6954,45.4749,0.6215,-7.7319
2616.000000,1,21.5284,185.8820,46.0232,0.9832,-7.9037
2616.000000,2,21.5284,186.0667,46.4071,1.1824,-8.0903
2616.000000,3,21.5284,186.2496,46.6976,1.2899,-8.2328
2616.000000,4,21.5284,186.4310,47.0390,1.4499,-8.1860
2616.000000,5,21.5284,185.6885,46.8742,2.0277,-10.0671
2616.000000,6,21.5284,185.8753,47.2765,2.2431,-10.0590
2616.000000,7,21.5284,186.0602,47.5259,2.3076,-10.0769
2616.000000,8,21.5284,186.2434,47.6470,2.2456,-10.1145
2616.000000,9,21.5284,186.4249,47.6588,2.0759,-10.1682
2616.000000,10,21.5284,185.6861,47.5889,2.7448,-10.7920
2616.000000,11,21.5284,185.8729,47.6521,2.6211,-10.8828
2616.000000,12,21.5284,186.0579,47.7125,2.4965,-10.8647
2616.000000,13,21.5284,186.2411,47.6578,2.2586,-10.8749
2616.000000,14,21.5284,186.4227,47.6150,2.0343,-10.7896
2616.000000,15,21.5284,185.6881,47.6947,2.8485,-9.8790
2616.000000,16,21.5284,185.8749,47.6949,2.6620,-9.8815
2616.000000,17,21.5284,186.0598,47.5697,2.3519,-9.9210
2616.000000,18,21.5284,186.2430,47.3350,1.9340,-9.9949
2616.000000,19,21.5284,186.4245,47.0031,1.4206,-10.1021
2616.000000,20,21.5284,185.6945,46.6203,1.7677,-7.7906
2616.000000,21,21.5284,185.8811,46.4287,1.3895,-8.0067
2616.000000,22,21.5284,186.0659,46.1098,0.8859,-8.2618
2616.000000,23,21.5284,186.2489,45.9491,0.5422,-8.2443
2616.000000,24,21.5284,186.4303,45.7362,0.1479,-8.2112
2617.000000,0,21.5101,185.6983,45.4706,0.6143,-7.7900
2617.000000,1,21.5101,185.8849,46.0014,0.9585,-7.9532
2617.000000,2,21.5101,186.0696,46.3704,1.1428,-8.1315
2617.000000,3,21.5101,186.2526,46.6776,1.2670,-8.2329
2617.000000,4,21.5101,186.4340,47.0113,1.4193,-8.1762
2617.000000,5,21.5101,185.6925,46.8756,2.0250,-10.0991
2617.000000,6,21.5101,185.8793,47.2791,2.2418,-10.0732
2617.000000,7,21.5101,186.0642,47.5309,2.3087,-10.0758
2617.000000,8,21.5101,186.2473,47.6554,2.2500,-10.1002
2617.000000,9,21.5101,186.4288,47.6713,2.0845,-10.1425
2617.000000,10,21.5101,185.6912,47.5925,2.7432,-10.7979
2617.000000,11,21.5101,185.8780,47.6523,2.6162,-10.8891
2617.000000,12,21.5101,186.0629,47.7125,2.4915,-10.8704
2617.000000,13,21.5101,186.2461,47.6579,2.2538,-10.8819
2617.000000,14,21.5101,186.4277,47.6167,2.0310,-10.7984
2617.000000,15,21.5101,185.6944,47.6917,2.8393,-9.8661
2617.000000,16,21.5101,185.8811,47.6936,2.6545,-9.8767
2617.000000,17,21.5101,186.0659,47.5697,2.3458,-9.9260
2617.000000,18,21.5101,186.2490,47.3358,1.9288,-10.0113
2617.000000,19,21.5101,186.4305,47.0045,1.4160,-10.1313
2617.000000,20,21.5101,185.7019,46.5809,1.7209,-7.7909
2617.000000,21,21.5101,185.8884,46.4054,1.3590,-8.0136
2617.000000,22,21.5101,186.0730,46.1007,0.8697,-8.2767
2617.000000,23,21.5101,186.2559,45.9315,0.5176,-8.2927
2617.000000,24,21.5101,186.4372,45.7351,0.1399,-8.2636
2618.000000,0,21.4910,185.7014,45.4666,0.6071,-7.8486
2618.000000,1,21.4910,185.8880,45.9795,0.9335,-8.0035
2618.000000,2,21.4910,186.0728,46.3333,1.1025,-8.1739
2618.000000,3,21.4910,186.2558,46.6574,1.2436,-8.2337
2618.000000,4,21.4910,186.4372,46.9830,1.3878,-8.1675
2618.000000,5,21.4910,185.6968,46.8770,2.0222,-10.1310
2618.000000,6,21.4910,185.8835,47.2816,2.2401,-10.0877
2618.000000,7,21.4910,186.0684,47.5355,2.3090,-10.0754
2618.000000,8,21.4910,186.2515,47.6627,2.2531,-10.0870
2618.000000,9,21.4910,186.4330,47.6821,2.0910,-10.1184
2618.000000,10,21.4910,185.6966,47.5961,2.7414,-10.8035
2618.000000,11,21.4910,185.8834,47.6524,2.6109,-10.8954
2618.000000,12,21.4910,186.0682,47.7125,2.4862,-10.8760
2618.000000,13,21.4910,186.2514,47.6580,2.2486,-10.8889
2618.000000,14,21.4910,186.4329,47.6184,2.0275,-10.8069
2618.000000,15,21.4910,185.7009,47.6870,2.8281,-9.8547
2618.000000,16,21.4910,185.8875,47.6914,2.6459,-9.8729
2618.000000,17,21.4910,186.0722,47.5693,2.3390,-9.9316
2618.000000,18,21.4910,186.2553,47.3366,1.9233,-10.0280
2618.000000,19,21.4910,186.4366,47.0113,1.4166,-10.1546
2618.000000,20,21.4910,185.7096,46.5408,1.6732,-7.7924
2618.000000,21,21.4910,185.8959,46.3820,1.3280,-8.0214
2618.000000,22,21.4910,186.0804,46.0918,0.8534,-8.2922
2618.000000,23,21.4910,186.2632,45.9140,0.4928,-8.3417
2618.000000,24,21.4910,186.4444,45.7342,0.1318,-8.3163
2619.000000,0,21.4710,185.7048,45.4628,0.6000,-7.9077
2619.000000,1,21.4710,185.8914,45.9577,0.9082,-8.0546
2619.000000,2,21.4710,186.0762,46.2958,1.0615,-8.2174
2619.000000,3,21.4710,186.2592,46.6369,1.2196,-8.2353
2619.000000,4,21.4710,186.4406,46.9539,1.3552,-8.1598
2619.000000,5,21.4710,185.7014,46.8785,2.0191,-10.1629
2619.000000,6,21.4710,185.8881,47.2840,2.2379,-10.1025
2619.000000,7,21.4710,186.0729,47.5394,2.3085,-10.0757
2619.000000,8,21.4710,186.2560,47.6689,2.2549,-10.0750
2619.000000,9,21.4710,186.4375,47.6910,2.0955,-10.0961
2619.000000,10,21.4710,185.7023,47.5996,2.7392,-10.8089
2619.000000,11,21.4710,185.8890,47.6523,2.6053,-10.9017
2619.000000,12,21.4710,186.0738,47.7125,2.4806,-10.8817
2619.000000,13,21.4710,186.2569,47.6580,2.2431,-10.8959
2619.000000,14,21.4710,186.4383,47.6201,2.0237,-10.8152
2619.000000,15,21.4710,185.7077,47.6808,2.8150,-9.8450
2619.000000,16,21.4710,185.8942,47.6883,2.6360,-9.8701
2619.000000,17,21.4710,186.0788,47.5684,2.3315,-9.9378
2619.000000,18,21.4710,186.2618,47.3372,1.9174,-10.0449
2619.000000,19,21.4710,186.4431,47.0183,1.4173,-10.1776
2619.000000,20,21.4710,185.7175,46.5001,1.6246,-7.7951
2619.000000,21,21.4710,185.9037,46.3584,1.2966,-8.0300
2619.000000,22,21.4710,186.0881,46.0830,0.8369,-8.3084
2619.000000,23,21.4710,186.2707,45.8966,0.4679,-8.3911
2619.000000,24,21.4710,186.4518,45.7335,0.1237,-8.3694
2620.000000,0,21.4500,185.7085,45.4593,0.5928,-7.9672
2620.000000,1,21.4500,185.8951,45.9360,0.8828,-8.1063
2620.000000,2,21.4500,186.0799,46.2579,1.0199,-8.2619
2620.000000,3,21.4500,186.2629,46.6161,1.1952,-8.2377
2620.000000,4,21.4500,186.4443,46.9240,1.3217,-8.1531
2620.000000,5,21.4500,185.7062,46.8811,2.0169,-10.1935
2620.000000,6,21.4500,185.8928,47.2862,2.2353,-10.1176
2620.000000,7,21.4500,186.0777,47.5429,2.3072,-10.0767
2620.000000,8,21.4500,186.2607,47.6741,2.2553,-10.0642
2620.000000,9,21.4500,186.4421,47.6982,2.0981,-10.0754
2620.000000,10,21.4500,185.7083,47.6030,2.7367,-10.8140
2620.000000,11,21.4500,185.8949,47.6522,2.5994,-10.9079
2620.000000,12,21.4500,186.0796,47.7125,2.4748,-10.8872
2620.000000,13,21.4500,186.2626,47.6579,2.2373,-10.9029
2620.000000,14,21.4500,186.4440,47.6217,2.0197,-10.8232
2620.000000,15,21.4500,185.7148,47.6729,2.8001,-9.8369
2620.000000,16,21.4500,185.9012,47.6842,2.6250,-9.8685
2620.000000,17,21.4500,186.0857,47.5671,2.3234,-9.9447
2620.000000,18,21.4500,186.2685,47.3377,1.9112,-10.0621
2620.000000,19,21.4500,186.4497,47.0254,1.4177,-10.2005
2620.000000,20,21.4500,185.7257,46.4588,1.5751,-7.7991
2620.000000,21,21.4500,185.9117,46.3346,1.2649,-8.0395
2620.000000,22,21.4500,186.0960,46.0743,0.8203,-8.3251
2620.000000,23,21.4500,186.2785,45.8794,0.4429,-8.4410
2620.000000,24,21.4500,186.4594,45.7330,0.1155,-8.4227
2621.000000,0,21.4281,185.7125,45.4561,0.5856,-8.0273
2621.000000,1,21.4281,185.8991,45.9143,0.8572,-8.1586
2621.000000,2,21.4281,186.0838,46.2196,0.9778,-8.3075
2621.000000,3,21.4281,186.2668,46.5952,1.1703,-8.2410
2621.000000,4,21.4281,186.4482,46.8935,1.2872,-8.1474
2621.000000,5,21.4281,185.7113,46.8897,2.0204,-10.2174
2621.000000,6,21.4281,185.8979,47.2883,2.2323,-10.1329
2621.000000,7,21.4281,186.0827,47.5458,2.3051,-10.0784
2621.000000,8,21.4281,186.2657,47.6781,2.2544,-10.0546
2621.000000,9,21.4281,186.4471,47.7037,2.0986,-10.0564
2621.000000,10,21.4281,185.7145,47.6065,2.7339,-10.8188
2621.000000,11,21.4281,185.9010,47.6521,2.5930,-10.9141
2621.000000,12,21.4281,186.0856,47.7125,2.4688,-10.8927
2621.000000,13,21.4281,186.2686,47.6577,2.2311,-10.9098
2621.000000,14,21.4281,186.4499,47.6233,2.0154,-10.8309
2621.000000,15,21.4281,185.7221,47.6634,2.7833,-9.8304
2621.000000,16,21.4281,185.9084,47.6793,2.6129,-9.8679
2621.000000,17,21.4281,186.0928,47.5654,2.3146,-9.9521
2621.000000,18,21.4281,186.2755,47.3381,1.9046,-10.0794
2621.000000,19,21.4281,186.4566,47.0325,1.4178,-10.2235
2621.000000,20,21.4281,185.7341,46.4169,1.5248,-7.8042
2621.000000,21,21.4281,185.9200,46.3108,1.2327,-8.0499
2621.000000,22,21.4281,186.1041,46.0657,0.8035,-8.3424
2621.000000,23,21.4281,186.2865,45.8622,0.4177,-8.4913
2621.000000,24,21.4281,186.4672,45.7326,0.1074,-8.4763
2622.000000,0,21.4054,185.7167,45.4531,0.5784,-8.0877
2622.000000,1,21.4054,185.9033,45.8927,0.8313,-8.2116
2622.000000,2,21.4054,186.0880,46.1811,0.9350,-8.3541
2622.000000,3,21.4054,186.2710,46.5739,1.1449,-8.2450
2622.000000,4,21.4054,186.4524,46.8623,1.2519,-8.1428
2622.000000,5,21.4054,185.7166,46.8984,2.0237,-10.2413
2622.000000,6,21.4054,185.9032,47.2902,2.2289,-10.1485
2622.000000,7,21.4054,186.0879,47.5482,2.3022,-10.0807
2622.000000,8,21.4054,186.2709,47.6811,2.2522,-10.0461
2622.000000,9,21.4054,186.4522,47.7074,2.0972,-10.0391
2622.000000,10,21.4054,185.7210,47.6098,2.7308,-10.8234
2622.000000,11,21.4054,185.9074,47.6518,2.5864,-10.9202
2622.000000,12,21.4054,186.0919,47.7125,2.4625,-10.8981
2622.000000,13,21.4054,186.2748,47.6575,2.2247,-10.9167
2622.000000,14,21.4054,186.4560,47.6249,2.0109,-10.8384
2622.000000,15,21.4054,185.7297,47.6524,2.7647,-9.8254
2622.000000,16,21.4054,185.9158,47.6734,2.5995,-9.8683
2622.000000,17,21.4054,186.1001,47.5633,2.3051,-9.9601
2622.000000,18,21.4054,186.2827,47.3384,1.8977,-10.0970
2622.000000,19,21.4054,186.4637,47.0395,1.4177,-10.2464
2622.000000,20,21.4054,185.7428,46.3745,1.4736,-7.8107
2622.000000,21,21.4054,185.9286,46.2868,1.2002,-8.0611
2622.000000,22,21.4054,186.1125,46.0572,0.7867,-8.3604
2622.000000,23,21.4054,186.2947,45.8452,0.3925,-8.5421
2622.000000,24,21.4054,186.4753,45.7325,0.0991,-8.5301
2623.000000,0,21.3817,185.7212,45.4504,0.5712,-8.1485
2623.000000,1,21.3817,185.9078,45.8712,0.8053,-8.2652
2623.000000,2,21.3817,186.0925,46.1483,0.8978,-8.3948
2623.000000,3,21.3817,186.2754,46.5525,1.1191,-8.2498
2623.000000,4,21.3817,186.4568,46.8303,1.2156,-8.1393
2623.000000,5,21.3817,185.7223,46.9070,2.0267,-10.2651
2623.000000,6,21.3817,185.9088,47.2919,2.2251,-10.1644
2623.000000,7,21.3817,186.0934,47.5500,2.2986,-10.0838
2623.000000,8,21.3817,186.2763,47.6830,2.2487,-10.0388
2623.000000,9,21.3817,186.4576,47.7094,2.0938,-10.0236
2623.000000,10,21.3817,185.7277,47.6131,2.7274,-10.8277
2623.000000,11,21.3817,185.9140,47.6514,2.5794,-10.9263
2623.000000,12,21.3817,186.0985,47.7125,2.4559,-10.9035
2623.000000,13,21.3817,186.2812,47.6571,2.2179,-10.9236
2623.000000,14,21.3817,186.4623,47.6265,2.0062,-10.8456
2623.000000,15,21.3817,185.7376,47.6398,2.7442,-9.8221
2623.000000,16,21.3817,185.9236,47.6667,2.5851,-9.8698
2623.000000,17,21.3817,186.1077,47.5607,2.2950,-9.9688
2623.000000,18,21.3817,186.2902,47.3386,1.8904,-10.1148
2623.000000,19,21.3817,186.4710,47.0465,1.4174,-10.2692
2623.000000,20,21.3817,185.7518,46.3315,1.4217,-7.8183
2623.000000,21,21.3817,185.9373,46.2628,1.1674,-8.0731
2623.000000,22,21.3817,186.1211,46.0488,0.7697,-8.3789
2623.000000,23,21.3817,186.3031,45.8284,0.3672,-8.5933
2623.000000,24,21.3817,186.4836,45.7326,0.0909,-8.5841
2624.000000,0,21.3572,185.7260,45.4480,0.5640,-8.2096
2624.000000,1,21.3572,185.9125,45.8497,0.7792,-8.3193
2624.000000,2,21.3572,186.0972,46.1384,0.8832,-8.4099
2624.000000,3,21.3572,186.2801,46.5309,1.0927,-8.2554
2624.000000,4,21.3572,186.4614,46.7978,1.1783,-8.1368
2624.000000,5,21.3572,185.7282,46.9156,2.0294,-10.2889
2624.000000,6,21.3572,185.9146,47.2935,2.2209,-10.1805
2624.000000,7,21.3572,186.0991,47.5513,2.2941,-10.0876
2624.000000,8,21.3572,186.2820,47.6839,2.2439,-10.0327
2624.000000,9,21.3572,186.4632,47.7097,2.0885,-10.0096
2624.000000,10,21.3572,185.7347,47.6164,2.7236,-10.8317
2624.000000,11,21.3572,185.9209,47.6510,2.5720,-10.9324
2624.000000,12,21.3572,186.1053,47.7125,2.4492,-10.9088
2624.000000,13,21.3572,186.2879,47.6567,2.2108,-10.9304
2624.000000,14,21.3572,186.4689,47.6281,2.0011,-10.8525
2624.000000,15,21.3572,185.7457,47.6257,2.7219,-9.8202
2624.000000,16,21.3572,185.9315,47.6591,2.5695,-9.8723
2624.000000,17,21.3572,186.1155,47.5578,2.2842,-9.9780
2624.000000,18,21.3572,186.2979,47.3387,1.8828,-10.1328
2624.000000,19,21.3572,186.4786,47.0534,1.4168,-10.2920
2624.000000,20,21.3572,185.7610,46.2880,1.3689,-7.8272
2624.000000,21,21.3572,185.9464,46.2386,1.1342,-8.0860
2624.000000,22,21.3572,186.1299,46.0405,0.7525,-8.3979
2624.000000,23,21.3572,186.3118,45.8117,0.3418,-8.6448
2624.000000,24,21.3572,186.4922,45.7328,0.0826,-8.6383
2625.000000,0,21.3317,185.7311,45.4459,0.5568,-8.2711
2625.000000,1,21.3317,185.9175,45.8284,0.7528,-8.3741
2625.000000,2,21.3317,186.1021,46.1287,0.8686,-8.4255
2625.000000,3,21.3317,186.2850,46.5090,1.0660,-8.2618
2625.000000,4,21.3317,186.4662,46.7645,1.1402,-8.1354
2625.000000,5,21.3317,185.7343,46.9242,2.0318,-10.3125
2625.000000,6,21.3317,185.9207,47.2949,2.2162,-10.1968
2625.000000,7,21.3317,186.1051,47.5521,2.2889,-10.0920
2625.000000,8,21.3317,186.2879,47.6838,2.2378,-10.0277
2625.000000,9,21.3317,186.4690,47.7083,2.0812,-9.9974
2625.000000,10,21.3317,185.7420,47.6195,2.7195,-10.8355
2625.000000,11,21.3317,185.9281,47.6505,2.5644,-10.9385
2625.000000,12,21.3317,186.1123,47.7125,2.4421,-10.9141
2625.000000,13,21.3317,186.2948,47.6605,2.2076,-10.9326
2625.000000,14,21.3317,186.4758,47.6297,1.9959,-10.8592
2625.000000,15,21.3317,185.7541,47.6100,2.6979,-9.8200
2625.000000,16,21.3317,185.9397,47.6506,2.5528,-9.8759
2625.000000,17,21.3317,186.1236,47.5544,2.2728,-9.9877
2625.000000,18,21.3317,186.3058,47.3386,1.8748,-10.1510
2625.000000,19,21.3317,186.4864,47.0603,1.4159,-10.3147
2625.000000,20,21.3317,185.7705,46.2440,1.3155,-7.8373
2625.000000,21,21.3317,185.9557,46.2143,1.1006,-8.0997
2625.000000,22,21.3317,186.1390,46.0324,0.7353,-8.4176
2625.000000,23,21.3317,186.3208,45.7951,0.3163,-8.6968
2625.000000,24,21.3317,186.5010,45.7333,0.0743,-8.6926
2626.000000,0,21.3054,185.7364,45.4440,0.5496,-8.3328
2626.000000,1,21.3054,185.9228,45.8071,0.7263,-8.4293
2626.000000,2,21.3054,186.1073,46.1191,0.8537,-8.4418
2626.000000,3,21.3054,186.2901,46.4870,1.0388,-8.2691
2626.000000,4,21.3054,186.4713,46.7307,1.1013,-8.1351
2626.000000,5,21.3054,185.7408,46.9327,2.0339,-10.3361
2626.000000,6,21.3054,185.9270,47.2962,2.2112,-10.2133
2626.000000,7,21.3054,186.1114,47.5524,2.2830,-10.0972
2626.000000,8,21.3054,186.2941,47.6826,2.2305,-10.0239
2626.000000,9,21.3054,186.4751,47.7052,2.0720,-9.9868
2626.000000,10,21.3054,185.7495,47.6227,2.7151,-10.8390
2626.000000,11,21.3054,185.9355,47.6499,2.5563,-10.9445
2626.000000,12,21.3054,186.1196,47.7125,2.4348,-10.9192
2626.000000,13,21.3054,186.3020,47.6643,2.2042,-10.9346
2626.000000,14,21.3054,186.4828,47.6313,1.9904,-10.8655
2626.000000,15,21.3054,185.7627,47.5928,2.6721,-9.8213
2626.000000,16,21.3054,185.9482,47.6412,2.5350,-9.8805
2626.000000,17,21.3054,186.1319,47.5507,2.2607,-9.9981
2626.000000,18,21.3054,186.3140,47.3385,1.8665,-10.1693
2626.000000,19,21.3054,186.4944,47.0672,1.4147,-10.3374
2626.000000,20,21.3054,185.7802,46.1995,1.2612,-7.8486
2626.000000,21,21.3054,185.9652,46.1900,1.0668,-8.1143
2626.000000,22,21.3054,186.1484,46.0244,0.7179,-8.4378
2626.000000,23,21.3054,186.3299,45.7787,0.2908,-8.7490
2626.000000,24,21.3054,186.5099,45.7339,0.0659,-8.7471
2627.000000,0,21.2782,185.7420,45.4423,0.5423,-8.3947
2627.000000,1,21.2782,185.9283,45.7860,0.6997,-8.4850
2627.000000,2,21.2782,186.1128,46.1095,0.8387,-8.4586
2627.000000,3,21.2782,186.2955,46.4647,1.0112,-8.2771
2627.000000,4,21.2782,186.4767,46.6961,1.0614,-8.1358
2627.000000,5,21.2782,185.7475,46.9412,2.0357,-10.3595
2627.000000,6,21.2782,185.9336,47.2974,2.2057,-10.2301
2627.000000,7,21.2782,186.1179,47.5522,2.2762,-10.1030
2627.000000,8,21.2782,186.3005,47.6803,2.2218,-10.0213
2627.000000,9,21.2782,186.4814,47.7004,2.0609,-9.9779
2627.000000,10,21.2782,185.7573,47.6257,2.7104,-10.8422
2627.000000,11,21.2782,185.9431,47.6492,2.5480,-10.9505
2627.000000,12,21.2782,186.1271,47.7125,2.4273,-10.9243
2627.000000,13,21.2782,186.3094,47.6679,2.2004,-10.9367
2627.000000,14,21.2782,186.4901,47.6328,1.9846,-10.8716
2627.000000,15,21.2782,185.7716,47.5742,2.6445,-9.8241
2627.000000,16,21.2782,185.9569,47.6310,2.5160,-9.8861
2627.000000,17,21.2782,186.1405,47.5465,2.2480,-10.0090
2627.000000,18,21.2782,186.3224,47.3382,1.8578,-10.1878
2627.000000,19,21.2782,186.5027,47.0741,1.4133,-10.3599
2627.000000,20,21.2782,185.7902,46.1621,1.2139,-7.8523
2627.000000,21,21.2782,185.9750,46.1656,1.0326,-8.1296
2627.000000,22,21.2782,186.1580,46.0165,0.7005,-8.4585
2627.000000,23,21.2782,186.3393,45.7625,0.2652,-8.8016
2627.000000,24,21.2782,186.5192,45.7347,0.0575,-8.8016
2628.000000,0,21.2502,185.7478,45.4410,0.5351,-8.4569
2628.000000,1,21.2502,185.9341,45.7650,0.6729,-8.5412
2628.000000,2,21.2502,186.1185,46.1001,0.8236,-8.4760
2628.000000,3,21.2502,186.3012,46.4423,0.9832,-8.2859
2628.000000,4,21.2502,186.4822,46.6610,1.0207,-8.1377
2628.000000,5,21.2502,185.7544,46.9497,2.0372,-10.3829
2628.000000,6,21.2502,185.9404,47.2984,2.1999,-10.2470
2628.000000,7,21.2502,186.1246,47.5514,2.2687,-10.1094
2628.000000,8,21.2502,186.3071,47.6771,2.2120,-10.0198
2628.000000,9,21.2502,186.4880,47.6940,2.0479,-9.9707
2628.000000,10,21.2502,185.7654,47.6287,2.7053,-10.8452
2628.000000,11,21.2502,185.9511,47.6484,2.5393,-10.9564
2628.000000,12,21.2502,186.1349,47.7125,2.4195,-10.9294
2628.000000,13,21.2502,186.3171,47.6713,2.1962,-10.9389
2628.000000,14,21.2502,186.4976,47.6343,1.9787,-10.8774
2628.000000,15,21.2502,185.7808,47.5540,2.6152,-9.8285
2628.000000,16,21.2502,185.9659,47.6200,2.4961,-9.8927
2628.000000,17,21.2502,186.1493,47.5420,2.2347,-10.0204
2628.000000,18,21.2502,186.3310,47.3378,1.8488,-10.2065
2628.000000,19,21.2502,186.5112,47.0809,1.4117,-10.3824
2628.000000,20,21.2502,185.8004,46.1493,1.1908,-7.8282
2628.000000,21,21.2502,185.9850,46.1412,0.9982,-8.1458
2628.000000,22,21.2502,186.1678,46.0087,0.6829,-8.4798
2628.000000,23,21.2502,186.3489,45.7465,0.2395,-8.8544
2628.000000,24,21.2502,186.5286,45.7357,0.0491,-8.8562
2629.000000,0,21.2213,185.7539,45.4399,0.5279,-8.5192
2629.000000,1,21.2213,185.9401,45.7442,0.6460,-8.5979
2629.000000,2,21.2213,186.1244,46.0908,0.8083,-8.4940
2629.000000,3,21.2213,186.3070,46.4198,0.9547,-8.2956
2629.000000,4,21.2213,186.4880,46.6253,0.9792,-8.1407
2629.000000,5,21.2213,185.7616,46.9581,2.0384,-10.4061
2629.000000,6,21.2213,185.9475,47.2992,2.1936,-10.2642
2629.000000,7,21.2213,186.1316,47.5501,2.2605,-10.1165
2629.000000,8,21.2213,186.3140,47.6728,2.2008,-10.0194
2629.000000,9,21.2213,186.4948,47.6859,2.0331,-9.9651
2629.000000,10,21.2213,185.7737,47.6317,2.6999,-10.8479
2629.000000,11,21.2213,185.9592,47.6510,2.5337,-10.9586
2629.000000,12,21.2213,186.1429,47.7125,2.4115,-10.9344
2629.000000,13,21.2213,186.3249,47.6745,2.1916,-10.9412
2629.000000,14,21.2213,186.5054,47.6358,1.9724,-10.8830
2629.000000,15,21.2213,185.7902,47.5325,2.5843,-9.8344
2629.000000,16,21.2213,185.9751,47.6082,2.4750,-9.9003
2629.000000,17,21.2213,186.1583,47.5371,2.2207,-10.0324
2629.000000,18,21.2213,186.3399,47.3374,1.8394,-10.2253
2629.000000,19,21.2213,186.5199,47.0877,1.4097,-10.4047
2629.000000,20,21.2213,185.8109,46.1363,1.1674,-7.8049
2629.000000,21,21.2213,185.9952,46.1167,0.9634,-8.1628
2629.000000,22,21.2213,186.1778,46.0011,0.6653,-8.5016
2629.000000,23,21.2213,186.3588,45.7339,0.2171,-8.9038
2629.000000,24,21.2213,186.5383,45.7369,0.0406,-8.9109
2630.000000,0,21.1915,185.7603,45.4391,0.5207,-8.5817
2630.000000,1,21.1915,185.9464,45.7234,0.6190,-8.6549
2630.000000,2,21.1915,186.1306,46.0815,0.7929,-8.5126
2630.000000,3,21.1915,186.3131,46.3971,0.9259,-8.3060
2630.000000,4,21.1915,186.4941,46.5890,0.9369,-8.1448
2630.000000,5,21.1915,185.7691,46.9665,2.0393,-10.4291
2630.000000,6,21.1915,185.9549,47.2999,2.1870,-10.2815
2630.000000,7,21.1915,186.1388,47.5484,2.2515,-10.1242
2630.000000,8,21.1915,186.3211,47.6676,2.1885,-10.0202
2630.000000,9,21.1915,186.5018,47.6762,2.0164,-9.9612
2630.000000,10,21.1915,185.7823,47.6346,2.6943,-10.8503
2630.000000,11,21.1915,185.9676,47.6554,2.5297,-10.9586
2630.000000,12,21.1915,186.1512,47.7125,2.4032,-10.9393
2630.000000,13,21.1915,186.3330,47.6776,2.1865,-10.9435
2630.000000,14,21.1915,186.5134,47.6373,1.9659,-10.8882
2630.000000,15,21.1915,185.7998,47.5184,2.5605,-9.8320
2630.000000,16,21.1915,185.9846,47.5955,2.4529,-9.9089
2630.000000,17,21.1915,186.1676,47.5318,2.2062,-10.0450
2630.000000,18,21.1915,186.3490,47.3368,1.8298,-10.2443
2630.000000,19,21.1915,186.5288,47.0944,1.4075,-10.4269
2630.000000,20,21.1915,185.8216,46.1233,1.1437,-7.7824
2630.000000,21,21.1915,186.0057,46.0922,0.9284,-8.1806
2630.000000,22,21.1915,186.1881,45.9936,0.6475,-8.5238
2630.000000,23,21.1915,186.3689,45.7395,0.2126,-8.9331
2630.000000,24,21.1915,186.5481,45.7383,0.0321,-8.9655
2631.000000,0,21.1609,185.7669,45.4385,0.5136,-8.6442
2631.000000,1,21.1609,185.9529,45.7029,0.5919,-8.7123
2631.000000,2,21.1609,186.1370,46.0724,0.7773,-8.5317
2631.000000,3,21.1609,186.3195,46.3742,0.8967,-8.3172
2631.000000,4,21.1609,186.5003,46.5522,0.8938,-8.1500
2631.000000,5,21.1609,185.7768,46.9748,2.0399,-10.4520
2631.000000,6,21.1609,185.9625,47.3005,2.1799,-10.2990
2631.000000,7,21.1609,186.1463,47.5461,2.2418,-10.1326
2631.000000,8,21.1609,186.3284,47.6614,2.1749,-10.0221
2631.000000,9,21.1609,186.5090,47.6649,1.9978,-9.9589
2631.000000,10,21.1609,185.7911,47.6374,2.6883,-10.8525
2631.000000,11,21.1609,185.9763,47.6596,2.5252,-10.9588
2631.000000,12,21.1609,186.1597,47.7125,2.3948,-10.9441
2631.000000,13,21.1609,186.3414,47.6805,2.1811,-10.9458
2631.000000,14,21.1609,186.5216,47.6388,1.9592,-10.8932
2631.000000,15,21.1609,185.8097,47.5194,2.5516,-9.8128
2631.000000,16,21.1609,185.9943,47.5821,2.4297,-9.9184
2631.000000,17,21.1609,186.1771,47.5262,2.1910,-10.0580
2631.000000,18,21.1609,186.3583,47.3361,1.8198,-10.2633
2631.000000,19,21.1609,186.5380,47.1011,1.4051,-10.4490
2631.000000,20,21.1609,185.8326,46.1103,1.1197,-7.7607
2631.000000,21,21.1609,186.0165,46.0676,0.8931,-8.1991
2631.000000,22,21.1609,186.1986,45.9863,0.6296,-8.5466
2631.000000,23,21.1609,186.3792,45.7452,0.2080,-8.9628
2631.000000,24,21.1609,186.5582,45.7399,0.0236,-9.0202
2632.000000,0,21.1294,185.7738,45.4382,0.5064,-8.7068
2632.000000,1,21.1294,185.9597,45.6824,0.5647,-8.7701
2632.000000,2,21.1294,186.1437,46.0634,0.7616,-8.5513
2632.000000,3,21.1294,186.3261,46.3512,0.8671,-8.3292
2632.000000,4,21.1294,186.5068,46.5147,0.8499,-8.1563
2632.000000,5,21.1294,185.7848,46.9831,2.0402,-10.4747
2632.000000,6,21.1294,185.9703,47.3009,2.1725,-10.3167
2632.000000,7,21.1294,186.1540,47.5434,2.2313,-10.1416
2632.000000,8,21.1294,186.3360,47.6542,2.1601,-10.0251
2632.000000,9,21.1294,186.5165,47.6520,1.9775,-9.9582
2632.000000,10,21.1294,185.8002,47.6402,2.6819,-10.8543
2632.000000,11,21.1294,185.9852,47.6635,2.5203,-10.9591
2632.000000,12,21.1294,186.1684,47.7125,2.3860,-10.9489
2632.000000,13,21.1294,186.3500,47.6833,2.1753,-10.9482
2632.000000,14,21.1294,186.5300,47.6403,1.9523,-10.8978
2632.000000,15,21.1294,185.8199,47.5195,2.5416,-9.7946
2632.000000,16,21.1294,186.0042,47.5678,2.4056,-9.9289
2632.000000,17,21.1294,186.1869,47.5201,2.1752,-10.0716
2632.000000,18,21.1294,186.3679,47.3353,1.8094,-10.2825
2632.000000,19,21.1294,186.5474,47.1077,1.4024,-10.4709
2632.000000,20,21.1294,185.8438,46.0973,1.0954,-7.7398
2632.000000,21,21.1294,186.0274,46.0431,0.8576,-8.2184
2632.000000,22,21.1294,186.2093,45.9791,0.6117,-8.5699
2632.000000,23,21.1294,186.3897,45.7511,0.2034,-8.9927
2632.000000,24,21.1294,186.5686,45.7416,0.0150,-9.0748
2633.000000,0,21.0971,185.7810,45.4382,0.4992,-8.7694
2633.000000,1,21.0971,185.9667,45.6622,0.5374,-8.8282
2633.000000,2,21.0971,186.1507,46.0545,0.7458,-8.5715
2633.000000,3,21.0971,186.3329,46.3280,0.8371,-8.3420
2633.000000,4,21.0971,186.5136,46.4768,0.8052,-8.1637
2633.000000,5,21.0971,185.7931,46.9914,2.0402,-10.4973
2633.000000,6,21.0971,185.9784,47.3012,2.1647,-10.3345
2633.000000,7,21.0971,186.1620,47.5402,2.2202,-10.1512
2633.000000,8,21.0971,186.3439,47.6460,2.1441,-10.0292
2633.000000,9,21.0971,186.5242,47.6375,1.9553,-9.9592
2633.000000,10,21.0971,185.8096,47.6429,2.6753,-10.8560
2633.000000,11,21.0971,185.9944,47.6672,2.5148,-10.9595
2633.000000,12,21.0971,186.1774,47.7125,2.3770,-10.9536
2633.000000,13,21.0971,186.3588,47.6858,2.1690,-10.9507
2633.000000,14,21.0971,186.5386,47.6417,1.9450,-10.9022
2633.000000,15,21.0971,185.8303,47.5189,2.5306,-9.7771
2633.000000,16,21.0971,186.0144,47.5528,2.3804,-9.9404
2633.000000,17,21.0971,186.1968,47.5138,2.1589,-10.0856
2633.000000,18,21.0971,186.3776,47.3345,1.7988,-10.3018
2633.000000,19,21.0971,186.5570,47.1144,1.3994,-10.4926
2633.000000,20,21.0971,185.8553,46.0842,1.0709,-7.7197
2633.000000,21,21.0971,186.0387,46.0186,0.8219,-8.2385
2633.000000,22,21.0971,186.2203,45.9720,0.5937,-8.5936
2633.000000,23,21.0971,186.4004,45.7571,0.1986,-9.0229
2633.000000,24,21.0971,186.5791,45.7435,0.0064,-9.1294
2634.000000,0,21.0639,185.7884,45.4384,0.4920,-8.8320
2634.000000,1,21.0639,185.9740,45.6421,0.5100,-8.8866
2634.000000,2,21.0639,186.1578,46.0457,0.7298,-8.5921
2634.000000,3,21.0639,186.3400,46.3048,0.8068,-8.3556
2634.000000,4,21.0639,186.5205,46.4383,0.7597,-8.1723
2634.000000,5,21.0639,185.8016,46.9996,2.0399,-10.5196
2634.000000,6,21.0639,185.9868,47.3013,2.1565,-10.3524
2634.000000,7,21.0639,186.1702,47.5365,2.2083,-10.1615
2634.000000,8,21.0639,186.3519,47.6369,2.1269,-10.0344
2634.000000,9,21.0639,186.5321,47.6215,1.9314,-9.9617
2634.000000,10,21.0639,185.8192,47.6456,2.6684,-10.8573
2634.000000,11,21.0639,186.0038,47.6707,2.5090,-10.9601
2634.000000,12,21.0639,186.1866,47.7125,2.3678,-10.9582
2634.000000,13,21.0639,186.3678,47.6882,2.1624,-10.9532
2634.000000,14,21.0639,186.5475,47.6432,1.9376,-10.9063
2634.000000,15,21.0639,185.8410,47.5175,2.5185,-9.7605
2634.000000,16,21.0639,186.0249,47.5371,2.3542,-9.9528
2634.000000,17,21.0639,186.2071,47.5070,2.1419,-10.1002
2634.000000,18,21.0639,186.3877,47.3335,1.7878,-10.3212
2634.000000,19,21.0639,186.5668,47.1209,1.3961,-10.5142
2634.000000,20,21.0639,185.8670,46.0711,1.0461,-7.7005
2634.000000,21,21.0639,186.0501,45.9940,0.7859,-8.2593
2634.000000,22,21.0639,186.2315,45.9651,0.5755,-8.6178
2634.000000,23,21.0639,186.4114,45.7632,0.1938,-9.0534
2634.000000,24,21.0639,186.5898,45.7457,-0.0022,-9.1838
2635.000000,0,21.0300,185.7961,45.4390,0.4848,-8.8946
2635.000000,1,21.0300,185.9816,45.6415,0.5019,-8.9235
2635.000000,2,21.0300,186.1653,46.0371,0.7138,-8.6133
2635.000000,3,21.0300,186.3473,46.2814,0.7761,-8.3700
2635.000000,4,21.0300,186.5277,46.4062,0.7204,-8.1741
2635.000000,5,21.0300,185.8104,47.0077,2.0393,-10.5417
2635.000000,6,21.0300,185.9954,47.3013,2.1479,-10.3705
2635.000000,7,21.0300,186.1786,47.5324,2.1957,-10.1723
2635.000000,8,21.0300,186.3602,47.6268,2.1086,-10.0407
2635.000000,9,21.0300,186.5402,47.6039,1.9056,-9.9659
2635.000000,10,21.0300,185.8290,47.6481,2.6611,-10.8584
2635.000000,11,21.0300,186.0134,47.6740,2.5026,-10.9607
2635.000000,12,21.0300,186.1960,47.7125,2.3584,-10.9628
2635.000000,13,21.0300,186.3771,47.6904,2.1553,-10.9558
2635.000000,14,21.0300,186.5566,47.6448,1.9302,-10.9099
2635.000000,15,21.0300,185.8519,47.5154,2.5055,-9.7447
2635.000000,16,21.0300,186.0355,47.5206,2.3270,-9.9662
2635.000000,17,21.0300,186.2175,47.5000,2.1244,-10.1152
2635.000000,18,21.0300,186.3979,47.3324,1.7765,-10.3407
2635.000000,19,21.0300,186.5768,47.1274,1.3926,-10.5356
2635.000000,20,21.0300,185.8790,46.0581,1.0211,-7.6821
2635.000000,21,21.0300,186.0618,45.9695,0.7497,-8.2808
2635.000000,22,21.0300,186.2429,45.9583,0.5573,-8.6424
2635.000000,23,21.0300,186.4226,45.7695,0.1889,-9.0841
2635.000000,24,21.0300,186.6008,45.7479,-0.0109,-9.2382
2636.000000,0,20.9952,185.8040,45.4397,0.4777,-8.9571
2636.000000,1,20.9952,185.9894,45.6469,0.4994,-8.9542
2636.000000,2,20.9952,186.1729,46.0286,0.6976,-8.6350
2636.000000,3,20.9952,186.3548,46.2580,0.7452,-8.3851
2636.000000,4,20.9952,186.5351,46.3958,0.7027,-8.1513
2636.000000,5,20.9952,185.8194,47.0158,2.0384,-10.5637
2636.000000,6,20.9952,186.0042,47.3012,2.1389,-10.3887
2636.000000,7,20.9952,186.1873,47.5277,2.1824,-10.1837
2636.000000,8,20.9952,186.3687,47.6158,2.0891,-10.0481
2636.000000,9,20.9952,186.5486,47.5848,1.8782,-9.9716
2636.000000,10,20.9952,185.8391,47.6507,2.6535,-10.8593
2636.000000,11,20.9952,186.0233,47.6771,2.4958,-10.9615
2636.000000,12,20.9952,186.2057,47.7125,2.3487,-10.9673
2636.000000,13,20.9952,186.3866,47.6925,2.1479,-10.9584
2636.000000,14,20.9952,186.5659,47.6471,1.9231,-10.9124
2636.000000,15,20.9952,185.8630,47.5125,2.4914,-9.7298
2636.000000,16,20.9952,186.0464,47.5034,2.2989,-9.9805
2636.000000,17,20.9952,186.2282,47.4926,2.1064,-10.1307
2636.000000,18,20.9952,186.4083,47.3313,1.7649,-10.3602
2636.000000,19,20.9952,186.5871,47.1339,1.3888,-10.5568
2636.000000,20,20.9952,185.8912,46.0450,0.9958,-7.6646
2636.000000,21,20.9952,186.0737,45.9450,0.7133,-8.3031
2636.000000,22,20.9952,186.2546,45.9517,0.5391,-8.6674
2636.000000,23,20.9952,186.4340,45.7759,0.1839,-9.1150
2636.000000,24,20.9952,186.6120,45.7504,-0.0196,-9.2924
2637.000000,0,20.9596,185.8122,45.4408,0.4705,-9.0195
2637.000000,1,20.9596,185.9974,45.6524,0.4969,-8.9851
2637.000000,2,20.9596,186.1808,46.0202,0.6813,-8.6572
2637.000000,3,20.9596,186.3626,46.2345,0.7139,-8.4009
2637.000000,4,20.9596,186.5428,46.3854,0.6846,-8.1291
2637.000000,5,20.9596,185.8287,47.0239,2.0371,-10.5853
2637.000000,6,20.9596,186.0133,47.3009,2.1295,-10.4071
2637.000000,7,20.9596,186.1962,47.5227,2.1684,-10.1957
2637.000000,8,20.9596,186.3775,47.6039,2.0684,-10.0566
2637.000000,9,20.9596,186.5572,47.5643,1.8490,-9.9789
2637.000000,10,20.9596,185.8494,47.6531,2.6457,-10.8598
2637.000000,11,20.9596,186.0334,47.6799,2.4885,-10.9624
2637.000000,12,20.9596,186.2156,47.7125,2.3388,-10.9717
2637.000000,13,20.9596,186.3963,47.6944,2.1401,-10.9611
2637.000000,14,20.9596,186.5755,47.6493,1.9158,-10.9148
2637.000000,15,20.9596,185.8744,47.5089,2.4764,-9.7157
2637.000000,16,20.9596,186.0576,47.4855,2.2698,-9.9956
2637.000000,17,20.9596,186.2391,47.4849,2.0877,-10.1467
2637.000000,18,20.9596,186.4190,47.3300,1.7530,-10.3799
2637.000000,19,20.9596,186.5975,47.1403,1.3848,-10.5778
2637.000000,20,20.9596,185.9036,46.0319,0.9703,-7.6479
2637.000000,21,20.9596,186.0858,45.9206,0.6767,-8.3261
2637.000000,22,20.9596,186.2665,45.9453,0.5207,-8.6929
2637.000000,23,20.9596,186.4456,45.7825,0.1788,-9.1462
2637.000000,24,20.9596,186.6234,45.7531,-0.0283,-9.3464
2638.000000,0,20.9233,185.8207,45.4421,0.4633,-9.0817
2638.000000,1,20.9233,186.0057,45.6581,0.4944,-9.0164
2638.000000,2,20.9233,186.1890,46.0119,0.6649,-8.6798
2638.000000,3,20.9233,186.3706,46.2108,0.6822,-8.4175
2638.000000,4,20.9233,186.5506,46.3750,0.6663,-8.1076
2638.000000,5,20.9233,185.8382,47.0318,2.0356,-10.6068
2638.000000,6,20.9233,186.0227,47.3005,2.1198,-10.4255
2638.000000,7,20.9233,186.2054,47.5171,2.1537,-10.2083
2638.000000,8,20.9233,186.3864,47.5912,2.0467,-10.0661
2638.000000,9,20.9233,186.5660,47.5422,1.8182,-9.9878
2638.000000,10,20.9233,185.8600,47.6555,2.6375,-10.8602
2638.000000,11,20.9233,186.0438,47.6825,2.4807,-10.9633
2638.000000,12,20.9233,186.2258,47.7125,2.3286,-10.9761
2638.000000,13,20.9233,186.4062,47.6961,2.1318,-10.9638
2638.000000,14,20.9233,186.5852,47.6515,1.9083,-10.9168
2638.000000,15,20.9233,185.8861,47.5045,2.4604,-9.7024
2638.000000,16,20.9233,186.0690,47.4668,2.2398,-10.0117
2638.000000,17,20.9233,186.2502,47.4768,2.0686,-10.1631
2638.000000,18,20.9233,186.4299,47.3287,1.7407,-10.3995
2638.000000,19,20.9233,186.6082,47.1467,1.3805,-10.5986
2638.000000,20,20.9233,185.9162,46.0188,0.9446,-7.6321
2638.000000,21,20.9233,186.0982,45.8962,0.6399,-8.3497
2638.000000,22,20.9233,186.2786,45.9389,0.5023,-8.7187
2638.000000,23,20.9233,186.4575,45.7892,0.1737,-9.1775
2638.000000,24,20.9233,186.6350,45.7559,-0.0371,-9.4003
2639.000000,0,20.8861,185.8294,45.4436,0.4562,-9.1438
2639.000000,1,20.8861,186.0143,45.6640,0.4917,-9.0479
2639.000000,2,20.8861,186.1974,46.0038,0.6484,-8.7029
2639.000000,3,20.8861,186.3788,46.1872,0.6503,-8.4349
2639.000000,4,20.8861,186.5587,46.3645,0.6477,-8.0867
2639.000000,5,20.8861,185.8480,47.0398,2.0337,-10.6280
2639.000000,6,20.8861,186.0322,47.3000,2.1097,-10.4440
2639.000000,7,20.8861,186.2148,47.5112,2.1384,-10.2215
2639.000000,8,20.8861,186.3957,47.5775,2.0238,-10.0766
2639.000000,9,20.8861,186.5750,47.5187,1.7856,-9.9982
2639.000000,10,20.8861,185.8709,47.6579,2.6290,-10.8603
2639.000000,11,20.8861,186.0544,47.6849,2.4725,-10.9644
2639.000000,12,20.8861,186.2362,47.7125,2.3182,-10.9804
2639.000000,13,20.8861,186.4164,47.6977,2.1232,-10.9666
2639.000000,14,20.8861,186.5952,47.6537,1.9005,-10.9187
2639.000000,15,20.8861,185.8979,47.4994,2.4435,-9.6899
2639.000000,16,20.8861,186.0806,47.4475,2.2089,-10.0286
2639.000000,17,20.8861,186.2616,47.4684,2.0488,-10.1799
2639.000000,18,20.8861,186.4411,47.3273,1.7282,-10.4193
2639.000000,19,20.8861,186.6191,47.1530,1.3759,-10.6191
2639.000000,20,20.8861,185.9291,46.0058,0.9186,-7.6171
2639.000000,21,20.8861,186.1108,45.8718,0.6030,-8.3741
2639.000000,22,20.8861,186.2909,45.9328,0.4839,-8.7449
2639.000000,23,20.8861,186.4695,45.7960,0.1684,-9.2090
2639.000000,24,20.8861,186.6468,45.7589,-0.0460,-9.4539
2640.000000,0,20.8481,185.8384,45.4454,0.4490,-9.2056
2640.000000,1,20.8481,186.0230,45.6701,0.4890,-9.0796
2640.000000,2,20.8481,186.2060,45.9958,0.6318,-8.7264
2640.000000,3,20.8481,186.3873,46.1634,0.6181,-8.4529
2640.000000,4,20.8481,186.5670,46.3539,0.6288,-8.0666
2640.000000,5,20.8481,185.8580,47.0476,2.0316,-10.6489
2640.000000,6,20.8481,186.0421,47.2994,2.0992,-10.4627
2640.000000,7,20.8481,186.2244,47.5048,2.1224,-10.2352
2640.000000,8,20.8481,186.4051,47.5629,1.9998,-10.0882
2640.000000,9,20.8481,186.5843,47.4938,1.7514,-10.0102
2640.000000,10,20.8481,185.8819,47.6602,2.6202,-10.8601
2640.000000,11,20.8481,186.0652,47.6871,2.4639,-10.9656
2640.000000,12,20.8481,186.2468,47.7125,2.3076,-10.9846
2640.000000,13,20.8481,186.4268,47.6991,2.1142,-10.9694
2640.000000,14,20.8481,186.6054,47.6558,1.8924,-10.9203
2640.000000,15,20.8481,185.9100,47.4937,2.4256,-9.6783
2640.000000,16,20.8481,186.0924,47.4276,2.1771,-10.0464
2640.000000,17,20.8481,186.2732,47.4598,2.0286,-10.1972
2640.000000,18,20.8481,186.4524,47.3258,1.7154,-10.4390
2640.000000,19,20.8481,186.6302,47.1593,1.3710,-10.6395
2640.000000,20,20.8481,185.9423,45.9928,0.8925,-7.6030
2640.000000,21,20.8481,186.1236,45.8476,0.5659,-8.3991
2640.000000,22,20.8481,186.3034,45.9268,0.4653,-8.7715
2640.000000,23,20.8481,186.4818,45.8029,0.1631,-9.2406
2640.000000,24,20.8481,186.6588,45.7620,-0.0548,-9.5073
2641.000000,0,20.8094,185.8476,45.4475,0.4419,-9.2673
2641.000000,1,20.8094,186.0321,45.6763,0.4862,-9.1115
2641.000000,2,20.8094,186.2148,45.9880,0.6151,-8.7504
2641.000000,3,20.8094,186.3960,46.1397,0.5857,-8.4717
2641.000000,4,20.8094,186.5756,46.3433,0.6097,-8.0471
2641.000000,5,20.8094,185.8683,47.0555,2.0291,-10.6696
2641.000000,6,20.8094,186.0521,47.2986,2.0884,-10.4814
2641.000000,7,20.8094,186.2342,47.4980,2.1057,-10.2494
2641.000000,8,20.8094,186.4147,47.5476,1.9748,-10.1008
2641.000000,9,20.8094,186.5938,47.4713,1.7194,-10.0195
2641.000000,10,20.8094,185.8933,47.6624,2.6111,-10.8597
2641.000000,11,20.8094,186.0763,47.6891,2.4548,-10.9669
2641.000000,12,20.8094,186.2576,47.7125,2.2968,-10.9888
2641.000000,13,20.8094,186.4374,47.7003,2.1049,-10.9723
2641.000000,14,20.8094,186.6158,47.6578,1.8840,-10.9216
2641.000000,15,20.8094,185.9224,47.4872,2.4068,-9.6675
2641.000000,16,20.8094,186.1045,47.4069,2.1444,-10.0651
2641.000000,17,20.8094,186.2850,47.4508,2.0078,-10.2149
2641.000000,18,20.8094,186.4640,47.3242,1.7022,-10.4588
2641.000000,19,20.8094,186.6416,47.1655,1.3659,-10.6596
2641.000000,20,20.8094,185.9556,45.9798,0.8662,-7.5898
2641.000000,21,20.8094,186.1367,45.8234,0.5286,-8.4247
2641.000000,22,20.8094,186.3162,45.9210,0.4467,-8.7985
2641.000000,23,20.8094,186.4943,45.8099,0.1576,-9.2724
2641.000000,24,20.8094,186.6710,45.7653,-0.0637,-9.5604
2642.000000,0,20.7699,185.8570,45.4498,0.4347,-9.3286
2642.000000,1,20.7699,186.0414,45.6827,0.4833,-9.1436
2642.000000,2,20.7699,186.2239,45.9803,0.5983,-8.7747
2642.000000,3,20.7699,186.4049,46.1158,0.5529,-8.4912
2642.000000,4,20.7699,186.5843,46.3326,0.5903,-8.0283
2642.000000,5,20.7699,185.8788,47.0632,2.0263,-10.6901
2642.000000,6,20.7699,186.0624,47.2977,2.0772,-10.5001
2642.000000,7,20.7699,186.2443,47.4908,2.0884,-10.2641
2642.000000,8,20.7699,186.4246,47.5313,1.9487,-10.1144
2642.000000,9,20.7699,186.6035,47.4719,1.7103,-10.0033
2642.000000,10,20.7699,185.9048,47.6646,2.6017,-10.8591
2642.000000,11,20.7699,186.0876,47.6909,2.4452,-10.9684
2642.000000,12,20.7699,186.2687,47.7125,2.2857,-10.9929
2642.000000,13,20.7699,186.4483,47.7014,2.0951,-10.9752
2642.000000,14,20.7699,186.6264,47.6599,1.8754,-10.9227
2642.000000,15,20.7699,185.9350,47.4801,2.3870,-9.6576
2642.000000,16,20.7699,186.1168,47.3857,2.1108,-10.0846
2642.000000,17,20.7699,186.2970,47.4415,1.9865,-10.2330
2642.000000,18,20.7699,186.4757,47.3226,1.6888,-10.4787
2642.000000,19,20.7699,186.6531,47.1717,1.3606,-10.6794
2642.000000,20,20.7699,185.9692,45.9669,0.8397,-7.5775
2642.000000,21,20.7699,186.1500,45.7993,0.4913,-8.4509
2642.000000,22,20.7699,186.3292,45.9153,0.4281,-8.8257
2642.000000,23,20.7699,186.5070,45.8171,0.1521,-9.3043
2642.000000,24,20.7699,186.6835,45.7688,-0.0727,-9.6133
2643.000000,0,20.7296,185.8668,45.4524,0.4276,-9.3896
2643.000000,1,20.7296,186.0509,45.6893,0.4804,-9.1759
2643.000000,2,20.7296,186.2333,45.9728,0.5815,-8.7995
2643.000000,3,20.7296,186.4140,46.0920,0.5199,-8.5114
2643.000000,4,20.7296,186.5933,46.3219,0.5706,-8.0102
2643.000000,5,20.7296,185.8896,47.0709,2.0232,-10.7102
2643.000000,6,20.7296,186.0730,47.2967,2.0657,-10.5189
2643.000000,7,20.7296,186.2546,47.4831,2.0705,-10.2794
2643.000000,8,20.7296,186.4347,47.5143,1.9215,-10.1290
2643.000000,9,20.7296,186.6134,47.4717,1.7003,-9.9879
2643.000000,10,20.7296,185.9166,47.6667,2.5920,-10.8582
2643.000000,11,20.7296,186.0991,47.6924,2.4353,-10.9699
2643.000000,12,20.7296,186.2800,47.7125,2.2744,-10.9969
2643.000000,13,20.7296,186.4593,47.7023,2.0850,-10.9781
2643.000000,14,20.7296,186.6373,47.6618,1.8665,-10.9236
2643.000000,15,20.7296,185.9478,47.4723,2.3664,-9.6484
2643.000000,16,20.7296,186.1293,47.3638,2.0764,-10.1049
2643.000000,17,20.7296,186.3092,47.4320,1.9647,-10.2515
2643.000000,18,20.7296,186.4877,47.3208,1.6751,-10.4985
2643.000000,19,20.7296,186.6648,47.1778,1.3549,-10.6991
2643.000000,20,20.7296,185.9830,45.9540,0.8130,-7.5660
2643.000000,21,20.7296,186.1635,45.7753,0.4538,-8.4778
2643.000000,22,20.7296,186.3424,45.9098,0.4094,-8.8533
2643.000000,23,20.7296,186.5199,45.8244,0.1465,-9.3363
2643.000000,24,20.7296,186.6961,45.7725,-0.0816,-9.6658
2644.000000,0,20.6886,185.8767,45.4552,0.4204,-9.4503
2644.000000,1,20.6886,186.0606,45.6960,0.4773,-9.2084
2644.000000,2,20.6886,186.2428,45.9654,0.5645,-8.8247
2644.000000,3,20.6886,186.4234,46.0681,0.4867,-8.5323
2644.000000,4,20.6886,186.6025,46.3112,0.5507,-7.9928
2644.000000,5,20.6886,185.9006,47.0785,2.0199,-10.7301
2644.000000,6,20.6886,186.0837,47.2956,2.0538,-10.5378
2644.000000,7,20.6886,186.2652,47.4751,2.0519,-10.2952
2644.000000,8,20.6886,186.4451,47.4965,1.8933,-10.1445
2644.000000,9,20.6886,186.6235,47.4709,1.6894,-9.9733
2644.000000,10,20.6886,185.9287,47.6687,2.5820,-10.8571
2644.000000,11,20.6886,186.1109,47.6938,2.4248,-10.9715
2644.000000,12,20.6886,186.2915,47.7125,2.2629,-11.0009
2644.000000,13,20.6886,186.4706,47.7031,2.0745,-10.9811
2644.000000,14,20.6886,186.6483,47.6637,1.8574,-10.9242
2644.000000,15,20.6886,185.9609,47.4638,2.3449,-9.6401
2644.000000,16,20.6886,186.1421,47.3413,2.0412,-10.1260
2644.000000,17,20.6886,186.3217,47.4222,1.9424,-10.2703
2644.000000,18,20.6886,186.4999,47.3190,1.6611,-10.5183
2644.000000,19,20.6886,186.6768,47.1839,1.3490,-10.7184
2644.000000,20,20.6886,185.9971,45.9412,0.7861,-7.5554
2644.000000,21,20.6886,186.1772,45.7514,0.4162,-8.5053
2644.000000,22,20.6886,186.3558,45.9044,0.3906,-8.8812
2644.000000,23,20.6886,186.5330,45.8318,0.1407,-9.3684
2644.000000,24,20.6886,186.7089,45.7763,-0.0907,-9.7181
2645.000000,0,20.6468,185.8869,45.4583,0.4133,-9.5107
2645.000000,1,20.6468,186.0706,45.7029,0.4742,-9.2410
2645.000000,2,20.6468,186.2526,45.9581,0.5475,-8.8502
2645.000000,3,20.6468,186.4330,46.0443,0.4532,-8.5538
2645.000000,4,20.6468,186.6119,46.3005,0.5305,-7.9761
2645.000000,5,20.6468,185.9119,47.0861,2.0161,-10.7496
2645.000000,6,20.6468,186.0947,47.2943,2.0416,-10.5567
2645.000000,7,20.6468,186.2760,47.4667,2.0327,-10.3115
2645.000000,8,20.6468,186.4556,47.4778,1.8642,-10.1610
2645.000000,9,20.6468,186.6339,47.4694,1.6775,-9.9594
2645.000000,10,20.6468,185.9410,47.6707,2.5717,-10.8558
2645.000000,11,20.6468,186.1229,47.6949,2.4140,-10.9732
2645.000000,12,20.6468,186.3032,47.7125,2.2512,-11.0048
2645.000000,13,20.6468,186.4821,47.7038,2.0636,-10.9842
2645.000000,14,20.6468,186.6596,47.6656,1.8480,-10.9247
2645.000000,15,20.6468,185.9741,47.4547,2.3225,-9.6326
2645.000000,16,20.6468,186.1550,47.3182,2.0051,-10.1479
2645.000000,17,20.6468,186.3344,47.4121,1.9197,-10.2896
2645.000000,18,20.6468,186.5123,47.3171,1.6468,-10.5382
2645.000000,19,20.6468,186.6889,47.1899,1.3429,-10.7375
2645.000000,20,20.6468,186.0113,45.9285,0.7591,-7.5457
2645.000000,21,20.6468,186.1911,45.7276,0.3785,-8.5333
2645.000000,22,20.6468,186.3694,45.8992,0.3718,-8.9094
2645.000000,23,20.6468,186.5463,45.8393,0.1349,-9.4006
2645.000000,24,20.6468,186.7220,45.7803,-0.0997,-9.7700
2646.000000,0,20.6043,185.8974,45.4616,0.4061,-9.5707
2646.000000,1,20.6043,186.0809,45.7099,0.4710,-9.2737
2646.000000,2,20.6043,186.2626,45.9511,0.5304,-8.8761
2646.000000,3,20.6043,186.4428,46.0204,0.4196,-8.5760
2646.000000,4,20.6043,186.6216,46.2897,0.5101,-7.9602
2646.000000,5,20.6043,185.9234,47.0935,2.0121,-10.7689
2646.000000,6,20.6043,186.1060,47.2930,2.0290,-10.5757
2646.000000,7,20.6043,186.2870,47.4579,2.0129,-10.3282
2646.000000,8,20.6043,186.4664,47.4584,1.8340,-10.1785
2646.000000,9,20.6043,186.6444,47.4672,1.6647,-9.9463
2646.000000,10,20.6043,185.9535,47.6726,2.5611,-10.8543
2646.000000,11,20.6043,186.1351,47.6959,2.4027,-10.9751
2646.000000,12,20.6043,186.3152,47.7125,2.2392,-11.0086
2646.000000,13,20.6043,186.4938,47.7042,2.0524,-10.9872
2646.000000,14,20.6043,186.6710,47.6674,1.8383,-10.9249
2646.000000,15,20.6043,185.9877,47.4450,2.2993,-9.6260
2646.000000,16,20.6043,186.1682,47.2946,1.9683,-10.1705
2646.000000,17,20.6043,186.3473,47.4017,1.8964,-10.3092
2646.000000,18,20.6043,186.5250,47.3152,1.6322,-10.5580
2646.000000,19,20.6043,186.7013,47.1958,1.3365,-10.7564
2646.000000,20,20.6043,186.0258,45.9158,0.7319,-7.5369
2646.000000,21,20.6043,186.2053,45.7243,0.3610,-8.5388
2646.000000,22,20.6043,186.3832,45.8942,0.3530,-8.9378
2646.000000,23,20.6043,186.5599,45.8469,0.1290,-9.4328
2646.000000,24,20.6043,186.7352,45.7844,-0.1088,-9.8215
2647.000000,0,20.5610,185.9081,45.4651,0.3990,-9.6302
2647.000000,1,20.5610,186.0913,45.7171,0.4677,-9.3065
2647.000000,2,20.5610,186.2729,45.9441,0.5132,-8.9023
2647.000000,3,20.5610,186.4529,45.9966,0.3857,-8.5988
2647.000000,4,20.5610,186.6314,46.2789,0.4894,-7.9450
2647.000000,5,20.5610,185.9351,47.1010,2.0078,-10.7879
2647.000000,6,20.5610,186.1175,47.2915,2.0160,-10.5947
2647.000000,7,20.5610,186.2982,47.4487,1.9925,-10.3454
2647.000000,8,20.5610,186.4774,47.4383,1.8028,-10.1968
2647.000000,9,20.5610,186.6552,47.4643,1.6511,-9.9341
2647.000000,10,20.5610,185.9662,47.6745,2.5502,-10.8526
2647.000000,11,20.5610,186.1476,47.6967,2.3910,-10.9770
2647.000000,12,20.5610,186.3274,47.7125,2.2270,-11.0124
2647.000000,13,20.5610,186.5057,47.7046,2.0408,-10.9904
2647.000000,14,20.5610,186.6827,47.6692,1.8284,-10.9248
2647.000000,15,20.5610,186.0014,47.4347,2.2753,-9.6201
2647.000000,16,20.5610,186.1817,47.2911,1.9514,-10.1712
2647.000000,17,20.5610,186.3604,47.3911,1.8727,-10.3291
2647.000000,18,20.5610,186.5378,47.3132,1.6173,-10.5778
2647.000000,19,20.5610,186.7139,47.2017,1.3298,-10.7749
2647.000000,20,20.5610,186.0405,45.9031,0.7046,-7.5289
2647.000000,21,20.5610,186.2196,45.7266,0.3489,-8.5384
2647.000000,22,20.5610,186.3973,45.8894,0.3341,-8.9665
2647.000000,23,20.5610,186.5736,45.8546,0.1230,-9.4650
2647.000000,24,20.5610,186.7487,45.7887,-0.1180,-9.8726
2648.000000,0,20.5171,185.9190,45.4689,0.3918,-9.6893
2648.000000,1,20.5171,186.1020,45.7244,0.4643,-9.3394
2648.000000,2,20.5171,186.2834,45.9374,0.4960,-8.9289
2648.000000,3,20.5171,186.4632,45.9831,0.3619,-8.6106
2648.000000,4,20.5171,186.6415,46.2681,0.4686,-7.9305
2648.000000,5,20.5171,185.9471,47.1083,2.0032,-10.8065
2648.000000,6,20.5171,186.1292,47.2900,2.0028,-10.6137
2648.000000,7,20.5171,186.3096,47.4392,1.9716,-10.3631
2648.000000,8,20.5171,186.4886,47.4174,1.7707,-10.2161
2648.000000,9,20.5171,186.6662,47.4608,1.6365,-9.9225
2648.000000,10,20.5171,185.9792,47.6763,2.5390,-10.8506
2648.000000,11,20.5171,186.1603,47.6972,2.3789,-10.9790
2648.000000,12,20.5171,186.3398,47.7125,2.2146,-11.0161
2648.000000,13,20.5171,186.5179,47.7047,2.0288,-10.9935
2648.000000,14,20.5171,186.6946,47.6709,1.8183,-10.9246
2648.000000,15,20.5171,186.0154,47.4238,2.2504,-9.6150
2648.000000,16,20.5171,186.1953,47.2882,1.9348,-10.1715
2648.000000,17,20.5171,186.3738,47.3803,1.8485,-10.3494
2648.000000,18,20.5171,186.5508,47.3111,1.6022,-10.5976
2648.000000,19,20.5171,186.7267,47.2075,1.3228,-10.7932
2648.000000,20,20.5171,186.0555,45.8906,0.6771,-7.5218
2648.000000,21,20.5171,186.2342,45.7291,0.3368,-8.5387
2648.000000,22,20.5171,186.4115,45.8847,0.3151,-8.9954
2648.000000,23,20.5171,186.5875,45.8624,0.1169,-9.4973
2648.000000,24,20.5171,186.7623,45.7932,-0.1272,-9.9233
2649.000000,0,20.4724,185.9302,45.4729,0.3847,-9.7480
2649.000000,1,20.4724,186.1130,45.7319,0.4609,-9.3724
2649.000000,2,20.4724,186.2941,45.9308,0.4786,-8.9557
2649.000000,3,20.4724,186.4736,45.9836,0.3519,-8.6069
2649.000000,4,20.4724,186.6518,46.2573,0.4475,-7.9168
2649.000000,5,20.4724,185.9593,47.1156,1.9982,-10.8249
2649.000000,6,20.4724,186.1411,47.2883,1.9892,-10.6327
2649.000000,7,20.4724,186.3213,47.4293,1.9500,-10.3812
2649.000000,8,20.4724,186.5000,47.3957,1.7377,-10.2363
2649.000000,9,20.4724,186.6774,47.4566,1.6212,-9.9118
2649.000000,10,20.4724,185.9924,47.6780,2.5276,-10.8485
2649.000000,11,20.4724,186.1732,47.6976,2.3664,-10.9812
2649.000000,12,20.4724,186.3524,47.7125,2.2020,-11.0198
2649.000000,13,20.4724,186.5302,47.7048,2.0165,-10.9967
2649.000000,14,20.4724,186.7067,47.6726,1.8078,-10.9242
2649.000000,15,20.4724,186.0295,47.4123,2.2247,-9.6107
2649.000000,16,20.4724,186.2092,47.2852,1.9180,-10.1720
2649.000000,17,20.4724,186.3873,47.3692,1.8239,-10.3700
2649.000000,18,20.4724,186.5641,47.3089,1.5868,-10.6173
2649.000000,19,20.4724,186.7396,47.2133,1.3156,-10.8112
2649.000000,20,20.4724,186.0706,45.8782,0.6495,-7.5156
2649.000000,21,20.4724,186.2490,45.7317,0.3246,-8.5395
2649.000000,22,20.4724,186.4260,45.8802,0.2962,-9.0246
2649.000000,23,20.4724,186.6017,45.8703,0.1106,-9.5296
2649.000000,24,20.4724,186.7761,45.7978,-0.1364,-9.9736
2650.000000,0,20.4270,185.9417,45.4772,0.3775,-9.8061
2650.000000,1,20.4270,186.1242,45.7395,0.4573,-9.4054
2650.000000,2,20.4270,186.3050,45.9243,0.4613,-8.9829
2650.000000,3,20.4270,186.4844,45.9843,0.3419,-8.6038
2650.000000,4,20.4270,186.6623,46.2465,0.4262,-7.9038
2650.000000,5,20.4270,185.9717,47.1228,1.9930,-10.8429
2650.000000,6,20.4270,186.1533,47.2866,1.9753,-10.6517
2650.000000,7,20.4270,186.3332,47.4191,1.9279,-10.3998
2650.000000,8,20.4270,186.5117,47.3734,1.7037,-10.2574
2650.000000,9,20.4270,186.6888,47.4518,1.6049,-9.9018
2650.000000,10,20.4270,186.0058,47.6797,2.5158,-10.8461
2650.000000,11,20.4270,186.1863,47.6978,2.3534,-10.9834
2650.000000,12,20.4270,186.3652,47.7125,2.1892,-11.0234
2650.000000,13,20.4270,186.5428,47.7047,2.0039,-11.0000
2650.000000,14,20.4270,186.7190,47.6742,1.7972,-10.9235
2650.000000,15,20.4270,186.0440,47.4003,2.1983,-9.6073
2650.000000,16,20.4270,186.2232,47.2823,1.9010,-10.1726
2650.000000,17,20.4270,186.4011,47.3579,1.7988,-10.3909
2650.000000,18,20.4270,186.5776,47.3067,1.5711,-10.6370
2650.000000,19,20.4270,186.7528,47.2190,1.3082,-10.8289
2650.000000,20,20.4270,186.0860,45.8658,0.6218,-7.5102
2650.000000,21,20.4270,186.2640,45.7344,0.3123,-8.5409
2650.000000,22,20.4270,186.4406,45.8759,0.2772,-9.0540
2650.000000,23,20.4270,186.6160,45.8783,0.1043,-9.5618
2650.000000,24,20.4270,186.7902,45.8025,-0.1457,-10.0234
2651.000000,0,20.3809,185.9533,45.4817,0.3703,-9.8638
2651.000000,1,20.3809,186.1356,45.7473,0.4537,-9.4385
2651.000000,2,20.3809,186.3162,45.9181,0.4438,-9.0103
2651.000000,3,20.3809,186.4953,45.9851,0.3318,-8.6013
2651.000000,4,20.3809,186.6730,46.2357,0.4047,-7.8916
2651.000000,5,20.3809,185.9844,47.1299,1.9875,-10.8606
2651.000000,6,20.3809,186.1656,47.2847,1.9610,-10.6707
2651.000000,7,20.3809,186.3453,47.4086,1.9052,-10.4187
2651.000000,8,20.3809,186.5235,47.3504,1.6688,-10.2793
2651.000000,9,20.3809,186.7004,47.4463,1.5878,-9.8926
2651.000000,10,20.3809,186.0195,47.6813,2.5038,-10.8436
2651.000000,11,20.3809,186.1996,47.6978,2.3401,-10.9857
2651.000000,12,20.3809,186.3783,47.7125,2.1761,-11.0269
2651.000000,13,20.3809,186.5555,47.7044,1.9909,-11.0032
2651.000000,14,20.3809,186.7315,47.6758,1.7863,-10.9227
2651.000000,15,20.3809,186.0586,47.3877,2.1710,-9.6046
2651.000000,16,20.3809,186.2375,47.2794,1.8838,-10.1733
2651.000000,17,20.3809,186.4150,47.3464,1.7733,-10.4121
2651.000000,18,20.3809,186.5912,47.3045,1.5552,-10.6567
2651.000000,19,20.3809,186.7662,47.2247,1.3004,-10.8464
2651.000000,20,20.3809,186.1016,45.8535,0.5939,-7.5057
2651.000000,21,20.3809,186.2792,45.7372,0.3000,-8.5427
2651.000000,22,20.3809,186.4555,45.8717,0.2582,-9.0835
2651.000000,23,20.3809,186.6305,45.8864,0.0979,-9.5940
2651.000000,24,20.3809,186.8044,45.8074,-0.1551,-10.0728
2652.000000,0,20.3342,185.9652,45.4864,0.3631,-9.9209
2652.000000,1,20.3342,186.1472,45.7552,0.4499,-9.4715
2652.000000,2,20.3342,186.3276,45.9120,0.4264,-9.0380
2652.000000,3,20.3342,186.5064,45.9860,0.3215,-8.5993
2652.000000,4,20.3342,186.6839,46.2249,0.3829,-7.8801
2652.000000,5,20.3342,185.9973,47.1369,1.9816,-10.8780
2652.000000,6,20.3342,186.1782,47.2828,1.9465,-10.6896
2652.000000,7,20.3342,186.3576,47.3977,1.8820,-10.4381
2652.000000,8,20.3342,186.5356,47.3268,1.6331,-10.3020
2652.000000,9,20.3342,186.7123,47.4402,1.5699,-9.8842
2652.000000,10,20.3342,186.0334,47.6829,2.4914,-10.8409
2652.000000,11,20.3342,186.2132,47.6977,2.3265,-10.9880
2652.000000,12,20.3342,186.3915,47.7125,2.1629,-11.0304
2652.000000,13,20.3342,186.5685,47.7041,1.9775,-11.0066
2652.000000,14,20.3342,186.7442,47.6773,1.7751,-10.9216
2652.000000,15,20.3342,186.0734,47.3745,2.1431,-9.6027
2652.000000,16,20.3342,186.2520,47.2765,1.8664,-10.1742
2652.000000,17,20.3342,186.4292,47.3346,1.7474,-10.4336
2652.000000,18,20.3342,186.6051,47.3021,1.5390,-10.6763
2652.000000,19,20.3342,186.7797,47.2302,1.2925,-10.8635
2652.000000,20,20.3342,186.1173,45.8414,0.5660,-7.5020
2652.000000,21,20.3342,186.2946,45.7402,0.2875,-8.5452
2652.000000,22,20.3342,186.4706,45.8677,0.2391,-9.1132
2652.000000,23,20.3342,186.6453,45.8946,0.0913,-9.6262
2652.000000,24,20.3342,186.8188,45.8124,-0.1644,-10.1218
2653.000000,0,20.2867,185.9774,45.4914,0.3560,-9.9774
2653.000000,1,20.2867,186.1591,45.7632,0.4461,-9.5046
2653.000000,2,20.2867,186.3392,45.9060,0.4088,-9.0660
2653.000000,3,20.2867,186.5178,45.9870,0.3112,-8.5977
2653.000000,4,20.2867,186.6951,46.2142,0.3610,-7.8694
2653.000000,5,20.2867,186.0104,47.1439,1.9754,-10.8951
2653.000000,6,20.2867,186.1911,47.2807,1.9316,-10.7086
2653.000000,7,20.2867,186.3702,47.3865,1.8583,-10.4579
2653.000000,8,20.2867,186.5479,47.3206,1.6147,-10.3057
2653.000000,9,20.2867,186.7243,47.4335,1.5512,-9.8765
2653.000000,10,20.2867,186.0475,47.6844,2.4788,-10.8380
2653.000000,11,20.2867,186.2270,47.7007,2.3157,-10.9869
2653.000000,12,20.2867,186.4050,47.7125,2.1494,-11.0339
2653.000000,13,20.2867,186.5817,47.7035,1.9638,-11.0099
2653.000000,14,20.2867,186.7571,47.6788,1.7637,-10.9204
2653.000000,15,20.2867,186.0885,47.3609,2.1143,-9.6016
2653.000000,16,20.2867,186.2667,47.2736,1.8488,-10.1752
2653.000000,17,20.2867,186.4436,47.3227,1.7211,-10.4554
2653.000000,18,20.2867,186.6191,47.2997,1.5226,-10.6958
2653.000000,19,20.2867,186.7935,47.2358,1.2842,-10.8803
2653.000000,20,20.2867,186.1333,45.8293,0.5379,-7.4992
2653.000000,21,20.2867,186.3102,45.7433,0.2750,-8.5481
2653.000000,22,20.2867,186.4858,45.8639,0.2200,-9.1431
2653.000000,23,20.2867,186.6602,45.9029,0.0847,-9.6584
2653.000000,24,20.2867,186.8334,45.8176,-0.1739,-10.1702
2654.000000,0,20.2386,185.9897,45.4965,0.3487,-10.0334
2654.000000,1,20.2386,186.1712,45.7714,0.4422,-9.5376
2654.000000,2,20.2386,186.3510,45.9003,0.3912,-9.0942
2654.000000,3,20.2386,186.5294,45.9882,0.3007,-8.5967
2654.000000,4,20.2386,186.7064,46.2034,0.3389,-7.8594
2654.000000,5,20.2386,186.0238,47.1508,1.9690,-10.9118
2654.000000,6,20.2386,186.2041,47.2786,1.9164,-10.7275
2654.000000,7,20.2386,186.3830,47.3750,1.8340,-10.4780
2654.000000,8,20.2386,186.5604,47.3179,1.5995,-10.3058
2654.000000,9,20.2386,186.7365,47.4263,1.5317,-9.8696
2654.000000,10,20.2386,186.0618,47.6858,2.4660,-10.8350
2654.000000,11,20.2386,186.2410,47.7034,2.3043,-10.9861
2654.000000,12,20.2386,186.4187,47.7125,2.1357,-11.0372
2654.000000,13,20.2386,186.5951,47.7029,1.9498,-11.0133
2654.000000,14,20.2386,186.7702,47.6803,1.7520,-10.9190
2654.000000,15,20.2386,186.1038,47.3467,2.0849,-9.6012
2654.000000,16,20.2386,186.2817,47.2707,1.8310,-10.1764
2654.000000,17,20.2386,186.4582,47.3105,1.6943,-10.4775
2654.000000,18,20.2386,186.6334,47.2973,1.5059,-10.7153
2654.000000,19,20.2386,186.8075,47.2412,1.2757,-10.8969
2654.000000,20,20.2386,186.1496,45.8174,0.5098,-7.4972
2654.000000,21,20.2386,186.3261,45.7465,0.2624,-8.5516
2654.000000,22,20.2386,186.5013,45.8602,0.2009,-9.1732
2654.000000,23,20.2386,186.6753,45.9113,0.0779,-9.6904
2654.000000,24,20.2386,186.8482,45.8229,-0.1834,-10.2181
2655.000000,0,20.1898,186.0023,45.5019,0.3415,-10.0888
2655.000000,1,20.1898,186.1835,45.7796,0.4381,-9.5706
2655.000000,2,20.1898,186.3631,45.8947,0.3736,-9.1226
2655.000000,3,20.1898,186.5412,45.9894,0.2902,-8.5963
2655.000000,4,20.1898,186.7180,46.1927,0.3167,-7.8502
2655.000000,5,20.1898,186.0374,47.1576,1.9622,-10.9282
2655.000000,6,20.1898,186.2174,47.2764,1.9009,-10.7464
2655.000000,7,20.1898,186.3959,47.3632,1.8092,-10.4985
2655.000000,8,20.1898,186.5731,47.3152,1.5841,-10.3060
2655.000000,9,20.1898,186.7490,47.4184,1.5114,-9.8634
2655.000000,10,20.1898,186.0764,47.6923,2.4579,-10.8263
2655.000000,11,20.1898,186.2552,47.7056,2.2924,-10.9857
2655.000000,12,20.1898,186.4326,47.7125,2.1218,-11.0406
2655.000000,13,20.1898,186.6087,47.7021,1.9354,-11.0167
2655.000000,14,20.1898,186.7835,47.6817,1.7401,-10.9174
2655.000000,15,20.1898,186.1193,47.3321,2.0548,-9.6016
2655.000000,16,20.1898,186.2968,47.2679,1.8131,-10.1777
2655.000000,17,20.1898,186.4730,47.2982,1.6672,-10.4998
2655.000000,18,20.1898,186.6479,47.2948,1.4889,-10.7347
2655.000000,19,20.1898,186.8216,47.2467,1.2670,-10.9131
2655.000000,20,20.1898,186.1660,45.8055,0.4815,-7.4960
2655.000000,21,20.1898,186.3421,45.7498,0.2497,-8.5555
2655.000000,22,20.1898,186.5169,45.8567,0.1817,-9.2034
2655.000000,23,20.1898,186.6906,45.9197,0.0711,-9.7224
2655.000000,24,20.1898,186.8632,45.8284,-0.1929,-10.2655
2656.000000,0,20.1404,186.0152,45.5075,0.3343,-10.1436
2656.000000,1,20.1404,186.1960,45.7880,0.4340,-9.6036
2656.000000,2,20.1404,186.3753,45.8893,0.3559,-9.1512
2656.000000,3,20.1404,186.5532,45.9908,0.2795,-8.5963
2656.000000,4,20.1404,186.7297,46.1820,0.2942,-7.8417
2656.000000,5,20.1404,186.0512,47.1644,1.9551,-10.9443
2656.000000,6,20.1404,186.2309,47.2741,1.8852,-10.7653
2656.000000,7,20.1404,186.4091,47.3511,1.7840,-10.5194
2656.000000,8,20.1404,186.5860,47.3125,1.5685,-10.3064
2656.000000,9,20.1404,186.7616,47.4100,1.4903,-9.8580
2656.000000,10,20.1404,186.0912,47.6981,2.4489,-10.8181
2656.000000,11,20.1404,186.2696,47.7075,2.2799,-10.9855
2656.000000,12,20.1404,186.4467,47.7125,2.1077,-11.0438
2656.000000,13,20.1404,186.6225,47.7026,1.9221,-11.0188
2656.000000,14,20.1404,186.7970,47.6830,1.7280,-10.9156
2656.000000,15,20.1404,186.1350,47.3170,2.0239,-9.6028
2656.000000,16,20.1404,186.3121,47.2651,1.7949,-10.1791
2656.000000,17,20.1404,186.4879,47.2857,1.6397,-10.5223
2656.000000,18,20.1404,186.6625,47.2923,1.4717,-10.7540
2656.000000,19,20.1404,186.8360,47.2520,1.2580,-10.9290
2656.000000,20,20.1404,186.1826,45.7938,0.4532,-7.4956
2656.000000,21,20.1404,186.3583,45.7533,0.2369,-8.5600
2656.000000,22,20.1404,186.5328,45.8534,0.1626,-9.2337
2656.000000,23,20.1404,186.7061,45.9283,0.0641,-9.7543
2656.000000,24,20.1404,186.8784,45.8544,-0.1821,-10.2901
2657.000000,0,20.0903,186.0282,45.5133,0.3270,-10.1977
2657.000000,1,20.0903,186.2088,45.7966,0.4297,-9.6365
2657.000000,2,20.0903,186.3878,45.8840,0.3382,-9.1800
2657.000000,3,20.0903,186.5654,45.9922,0.2688,-8.5968
2657.000000,4,20.0903,186.7417,46.1713,0.2716,-7.8340
2657.000000,5,20.0903,186.0652,47.1710,1.9477,-10.9600
2657.000000,6,20.0903,186.2446,47.2717,1.8691,-10.7841
2657.000000,7,20.0903,186.4225,47.3388,1.7582,-10.5406
2657.000000,8,20.0903,186.5991,47.3098,1.5527,-10.3068
2657.000000,9,20.0903,186.7744,47.4010,1.4685,-9.8533
2657.000000,10,20.0903,186.1062,47.7026,2.4384,-10.8111
2657.000000,11,20.0903,186.2843,47.7091,2.2668,-10.9856
2657.000000,12,20.0903,186.4610,47.7125,2.0934,-11.0471
2657.000000,13,20.0903,186.6364,47.7050,1.9105,-11.0185
2657.000000,14,20.0903,186.8107,47.6843,1.7156,-10.9137
2657.000000,15,20.0903,186.1509,47.3014,1.9924,-9.6046
2657.000000,16,20.0903,186.3277,47.2623,1.7766,-10.1807
2657.000000,17,20.0903,186.5031,47.2730,1.6118,-10.5451
2657.000000,18,20.0903,186.6774,47.2897,1.4543,-10.7732
2657.000000,19,20.0903,186.8505,47.2573,1.2487,-10.9447
2657.000000,20,20.0903,185.7952,45.7823,0.8290,-7.4332
2657.000000,21,20.0903,185.9552,45.7569,0.6436,-8.5118
2657.000000,22,20.0903,186.1131,45.8503,0.5791,-9.2163
2657.000000,23,20.0903,186.2689,45.9369,0.5099,-9.7412
2657.000000,24,20.0903,186.4226,45.8836,0.3030,-10.2673
2658.000000,0,20.0396,186.0415,45.5346,0.3350,-10.2345
2658.000000,1,20.0396,186.2218,45.8052,0.4254,-9.6693
2658.000000,2,20.0396,186.4005,45.8789,0.3204,-9.2089
2658.000000,3,20.0396,186.5778,45.9938,0.2579,-8.5979
2658.000000,4,20.0396,186.7539,46.1607,0.2488,-7.8270
2658.000000,5,20.0396,186.0795,47.1776,1.9401,-10.9754
2658.000000,6,20.0396,186.2585,47.2693,1.8527,-10.8028
2658.000000,7,20.0396,186.4362,47.3262,1.7320,-10.5622
2658.000000,8,20.0396,186.6124,47.3071,1.5367,-10.3074
2658.000000,9,20.0396,186.7875,47.3914,1.4459,-9.8494
2658.000000,10,20.0396,186.1214,47.7057,2.4263,-10.8054
2658.000000,11,20.0396,186.2991,47.7103,2.2531,-10.9860
2658.000000,12,20.0396,186.4755,47.7125,2.0789,-11.0502
2658.000000,13,20.0396,186.6506,47.7071,1.8985,-11.0186
2658.000000,14,20.0396,186.8246,47.6856,1.7030,-10.9115
2658.000000,15,20.0396,186.1670,47.2853,1.9603,-9.6073
2658.000000,16,20.0396,186.3434,47.2595,1.7581,-10.1825
2658.000000,17,20.0396,186.5185,47.2601,1.5836,-10.5681
2658.000000,18,20.0396,186.6924,47.2871,1.4366,-10.7924
2658.000000,19,20.0396,186.8653,47.2625,1.2392,-10.9600
2658.000000,20,20.0396,185.8107,45.7708,0.8020,-7.4338
2658.000000,21,20.0396,185.9703,45.7606,0.6322,-8.5169
2658.000000,22,20.0396,186.1278,45.8473,0.5615,-9.2467
2658.000000,23,20.0396,186.2832,45.9456,0.5043,-9.7729
2658.000000,24,20.0396,186.4365,45.9124,0.3179,-10.2883
2659.000000,0,19.9883,186.0551,45.5716,0.3585,-10.2537
2659.000000,1,19.9883,186.2350,45.8140,0.4209,-9.7020
2659.000000,2,19.9883,186.4134,45.8741,0.3026,-9.2380
2659.000000,3,19.9883,186.5905,45.9955,0.2470,-8.5994
2659.000000,4,19.9883,186.7663,46.1501,0.2258,-7.8208
2659.000000,5,19.9883,186.0940,47.1841,1.9321,-10.9905
2659.000000,6,19.9883,186.2727,47.2668,1.8360,-10.8215
2659.000000,7,19.9883,186.4500,47.3133,1.7053,-10.5840
2659.000000,8,19.9883,186.6259,47.3045,1.5205,-10.3081
2659.000000,9,19.9883,186.8007,47.3814,1.4226,-9.8462
2659.000000,10,19.9883,186.1368,47.7074,2.4126,-10.8010
2659.000000,11,19.9883,186.3142,47.7111,2.2389,-10.9867
2659.000000,12,19.9883,186.4902,47.7125,2.0642,-11.0534
2659.000000,13,19.9883,186.6650,47.7089,1.8858,-11.0189
2659.000000,14,19.9883,186.8387,47.6891,1.6923,-10.9069
2659.000000,15,19.9883,186.1834,47.2689,1.9275,-9.6106
2659.000000,16,19.9883,186.3594,47.2568,1.7394,-10.1844
2659.000000,17,19.9883,186.5341,47.2471,1.5550,-10.5913
2659.000000,18,19.9883,186.7077,47.2844,1.4187,-10.8114
2659.000000,19,19.9883,186.8802,47.2677,1.2294,-10.9750
2659.000000,20,19.9883,185.8265,45.7595,0.7750,-7.4352
2659.000000,21,19.9883,185.9856,45.7644,0.6207,-8.5225
2659.000000,22,19.9883,186.1427,45.8445,0.5438,-9.2772
2659.000000,23,19.9883,186.2976,45.9543,0.4987,-9.8045
2659.000000,24,19.9883,186.4505,45.9407,0.3322,-10.3094
2660.000000,0,19.9363,186.0688,45.6080,0.3811,-10.2731
2660.000000,1,19.9363,186.2484,45.8228,0.4164,-9.7346
2660.000000,2,19.9363,186.4265,45.8694,0.2848,-9.2673
2660.000000,3,19.9363,186.6033,45.9973,0.2360,-8.6014
2660.000000,4,19.9363,186.7788,46.1396,0.2027,-7.8153
2660.000000,5,19.9363,186.1087,47.1905,1.9238,-11.0052
2660.000000,6,19.9363,186.2870,47.2642,1.8191,-10.8401
2660.000000,7,19.9363,186.4640,47.3002,1.6781,-10.6062
2660.000000,8,19.9363,186.6397,47.3018,1.5041,-10.3089
2660.000000,9,19.9363,186.8142,47.3708,1.3986,-9.8437
2660.000000,10,19.9363,186.1524,47.7078,2.3974,-10.7979
2660.000000,11,19.9363,186.3294,47.7116,2.2242,-10.9877
2660.000000,12,19.9363,186.5051,47.7125,2.0493,-11.0564
2660.000000,13,19.9363,186.6796,47.7103,1.8726,-11.0195
2660.000000,14,19.9363,186.8530,47.6965,1.6855,-10.8977
2660.000000,15,19.9363,186.1999,47.2520,1.8941,-9.6147
2660.000000,16,19.9363,186.3755,47.2541,1.7206,-10.1864
2660.000000,17,19.9363,186.5499,47.2343,1.5263,-10.6143
2660.000000,18,19.9363,186.7231,47.2817,1.4006,-10.8303
2660.000000,19,19.9363,186.8953,47.2727,1.2194,-10.9897
2660.000000,20,19.9363,185.8424,45.7483,0.7479,-7.4373
2660.000000,21,19.9363,186.0011,45.7765,0.6173,-8.5193
2660.000000,22,19.9363,186.1577,45.8419,0.5262,-9.3078
2660.000000,23,19.9363,186.3122,45.9631,0.4929,-9.8360
2660.000000,24,19.9363,186.4647,45.9685,0.3458,-10.3306
2661.000000,0,19.8838,186.0828,45.6438,0.4030,-10.2928
2661.000000,1,19.8838,186.2620,45.8318,0.4117,-9.7670
2661.000000,2,19.8838,186.4399,45.8677,0.2698,-9.2935
2661.000000,3,19.8838,186.6164,45.9992,0.2248,-8.6038
2661.000000,4,19.8838,186.7916,46.1291,0.1795,-7.8105
2661.000000,5,19.8838,186.1236,47.1969,1.9153,-11.0196
2661.000000,6,19.8838,186.3016,47.2615,1.8019,-10.8587
2661.000000,7,19.8838,186.4782,47.2868,1.6505,-10.6286
2661.000000,8,19.8838,186.6536,47.2992,1.4876,-10.3099
2661.000000,9,19.8838,186.8278,47.3597,1.3739,-9.8420
2661.000000,10,19.8838,186.1682,47.7070,2.3807,-10.7959
2661.000000,11,19.8838,186.3449,47.7118,2.2089,-10.9890
2661.000000,12,19.8838,186.5202,47.7125,2.0342,-11.0595
2661.000000,13,19.8838,186.6944,47.7113,1.8589,-11.0205
2661.000000,14,19.8838,186.8675,47.7025,1.6770,-10.8899
2661.000000,15,19.8838,185.8111,47.2347,2.2656,-9.5918
2661.000000,16,19.8838,185.9710,47.2514,2.1224,-10.1625
2661.000000,17,19.8838,186.1287,47.2443,1.9576,-10.5870
2661.000000,18,19.8838,186.2843,47.2790,1.8367,-10.8233
2661.000000,19,19.8838,186.4378,47.2778,1.6820,-10.9772
2661.000000,20,19.8838,185.8585,45.7373,0.7208,-7.4401
2661.000000,21,19.8838,186.0167,45.7928,0.6181,-8.5117
2661.000000,22,19.8838,186.1728,45.8395,0.5086,-9.3384
2661.000000,23,19.8838,186.3269,45.9720,0.4871,-9.8673
2661.000000,24,19.8838,186.4790,45.9958,0.3588,-10.3518
2662.000000,0,19.8306,186.0969,45.6790,0.4240,-10.3126
2662.000000,1,19.8306,186.2759,45.8409,0.4069,-9.7993
2662.000000,2,19.8306,186.4534,45.8891,0.2776,-9.2942
2662.000000,3,19.8306,186.6296,46.0012,0.2136,-8.6068
2662.000000,4,19.8306,186.8046,46.1187,0.1561,-7.8064
2662.000000,5,19.8306,186.1387,47.2032,1.9064,-11.0337
2662.000000,6,19.8306,186.3164,47.2588,1.7844,-10.8771
2662.000000,7,19.8306,186.4927,47.2732,1.6225,-10.6514
2662.000000,8,19.8306,186.6677,47.2966,1.4709,-10.3109
2662.000000,9,19.8306,186.8416,47.3481,1.3485,-9.8410
2662.000000,10,19.8306,186.1843,47.7048,2.3625,-10.7952
2662.000000,11,19.8306,186.3606,47.7117,2.1931,-10.9906
2662.000000,12,19.8306,186.5356,47.7125,2.0189,-11.0625
2662.000000,13,19.8306,186.7094,47.7120,1.8446,-11.0217
2662.000000,14,19.8306,186.8821,47.7071,1.6669,-10.8834
2662.000000,15,19.8306,185.8266,47.2170,2.2324,-9.5970
2662.000000,16,19.8306,185.9860,47.2488,2.1048,-10.1646
2662.000000,17,19.8306,186.1433,47.2542,1.9529,-10.5853
2662.000000,18,19.8306,186.2985,47.2762,1.8197,-10.8419
2662.000000,19,19.8306,186.4516,47.2827,1.6731,-10.9912
2662.000000,20,19.8306,185.8747,45.7265,0.6937,-7.4437
2662.000000,21,19.8306,186.0325,45.8092,0.6187,-8.5048
2662.000000,22,19.8306,186.1882,45.8419,0.4957,-9.3638
2662.000000,23,19.8306,186.3418,45.9810,0.4811,-9.8984
2662.000000,24,19.8306,186.4935,46.0227,0.3712,-10.3732
2663.000000,0,19.7768,186.1114,45.7136,0.4442,-10.3326
2663.000000,1,19.7768,186.2900,45.8501,0.4020,-9.8315
2663.000000,2,19.7768,186.4672,45.9103,0.2851,-9.2955
2663.000000,3,19.7768,186.6431,46.0033,0.2022,-8.6102
2663.000000,4,19.7768,186.8178,46.1084,0.1326,-7.8031
2663.000000,5,19.7768,186.1541,47.2093,1.8972,-11.0475
2663.000000,6,19.7768,186.3314,47.2561,1.7667,-10.8955
2663.000000,7,19.7768,186.5073,47.2613,1.5960,-10.6723
2663.000000,8,19.7768,186.6820,47.2940,1.4540,-10.3121
2663.000000,9,19.7768,186.8556,47.3361,1.3224,-9.8407
2663.000000,10,19.7768,186.2005,47.7015,2.3429,-10.7956
2663.000000,11,19.7768,186.3764,47.7112,2.1768,-10.9925
2663.000000,12,19.7768,186.5511,47.7125,2.0034,-11.0655
2663.000000,13,19.7768,186.7245,47.7123,1.8298,-11.0232
2663.000000,14,19.7768,186.8970,47.7102,1.6552,-10.8783
2663.000000,15,19.7768,185.8422,47.1990,2.1987,-9.6029
2663.000000,16,19.7768,186.0012,47.2462,2.0870,-10.1669
2663.000000,17,19.7768,186.1581,47.2639,1.9478,-10.5838
2663.000000,18,19.7768,186.3128,47.2734,1.8026,-10.8604
2663.000000,19,19.7768,186.4655,47.2877,1.6641,-11.0049
2663.000000,20,19.7768,185.8911,45.7157,0.6666,-7.4480
2663.000000,21,19.7768,186.0484,45.8255,0.6191,-8.4984
2663.000000,22,19.7768,186.2036,45.8812,0.5196,-9.3482
2663.000000,23,19.7768,186.3569,45.9900,0.4751,-9.9293
2663.000000,24,19.7768,186.5081,46.0491,0.3829,-10.3946
2664.000000,0,19.7225,186.1260,45.7477,0.4637,-10.3528
2664.000000,1,19.7225,186.3042,45.8593,0.3970,-9.8635
2664.000000,2,19.7225,186.4811,45.9313,0.2921,-9.2973
2664.000000,3,19.7225,186.6567,46.0056,0.1908,-8.6140
2664.000000,4,19.7225,186.8311,46.0981,0.1089,-7.8004
2664.000000,5,19.7225,186.1696,47.2154,1.8878,-11.0609
2664.000000,6,19.7225,186.3465,47.2642,1.7596,-10.9019
2664.000000,7,19.7225,186.5222,47.2710,1.5908,-10.6699
2664.000000,8,19.7225,186.6966,47.2915,1.4369,-10.3134
2664.000000,9,19.7225,186.8698,47.3283,1.3004,-9.8359
2664.000000,10,19.7225,185.8115,47.6974,2.7278,-10.7777
2664.000000,11,19.7225,185.9716,47.7104,2.5808,-10.9751
2664.000000,12,19.7225,186.1296,47.7125,2.4248,-11.0477
2664.000000,13,19.7225,186.2854,47.7124,2.2689,-11.0025
2664.000000,14,19.7225,186.4392,47.7120,2.1148,-10.8494
2664.000000,15,19.7225,185.8581,47.2022,2.1861,-9.5854
2664.000000,16,19.7225,186.0166,47.2436,2.0690,-10.1693
2664.000000,17,19.7225,186.1730,47.2734,1.9424,-10.5826
2664.000000,18,19.7225,186.3273,47.2844,1.7990,-10.8639
2664.000000,19,19.7225,186.4796,47.2925,1.6548,-11.0183
2664.000000,20,19.7225,185.9077,45.7052,0.6394,-7.4530
2664.000000,21,19.7225,186.0645,45.8418,0.6193,-8.4925
2664.000000,22,19.7225,186.2193,45.9197,0.5424,-9.3338
2664.000000,23,19.7225,186.3720,45.9991,0.4690,-9.9600
2664.000000,24,19.7225,186.5229,46.0750,0.3941,-10.4161
2665.000000,0,19.6676,186.1408,45.7811,0.4823,-10.3731
2665.000000,1,19.6676,186.3187,45.8990,0.4222,-9.8620
2665.000000,2,19.6676,186.4953,45.9521,0.2988,-9.2996
2665.000000,3,19.6676,186.6706,46.0079,0.1793,-8.6183
2665.000000,4,19.6676,186.8447,46.0878,0.0851,-7.7985
2665.000000,5,19.6676,186.1854,47.2214,1.8780,-11.0740
2665.000000,6,19.6676,186.3619,47.2849,1.7649,-10.8946
2665.000000,7,19.6676,186.5372,47.2805,1.5853,-10.6677
2665.000000,8,19.6676,186.7113,47.2890,1.4197,-10.3149
2665.000000,9,19.6676,186.8842,47.3323,1.2900,-9.8182
2665.000000,10,19.6676,185.8267,47.6982,2.7135,-10.7731
2665.000000,11,19.6676,185.9864,47.7094,2.5649,-10.9774
2665.000000,12,19.6676,186.1440,47.7125,2.4105,-11.0505
2665.000000,13,19.6676,186.2994,47.7121,2.2546,-11.0045
2665.000000,14,19.6676,186.4527,47.7124,2.1017,-10.8467
2665.000000,15,19.6676,185.8741,47.2078,2.1757,-9.5656
2665.000000,16,19.6676,186.0321,47.2411,2.0510,-10.1718
2665.000000,17,19.6676,186.1881,47.2827,1.9366,-10.5816
2665.000000,18,19.6676,186.3420,47.3035,1.8034,-10.8584
2665.000000,19,19.6676,186.4939,47.2973,1.6453,-11.0315
2665.000000,20,19.6676,185.9245,45.6948,0.6123,-7.4587
2665.000000,21,19.6676,186.0808,45.8581,0.6193,-8.4873
2665.000000,22,19.6676,186.2351,45.9573,0.5642,-9.3206
2665.000000,23,19.6676,186.3874,46.0082,0.4628,-9.9905
2665.000000,24,19.6676,186.5378,46.1185,0.4226,-10.4179
2666.000000,0,19.6121,186.1559,45.8140,0.5001,-10.3935
2666.000000,1,19.6121,186.3334,45.9386,0.4471,-9.8604
2666.000000,2,19.6121,186.5097,45.9828,0.3151,-9.2912
2666.000000,3,19.6121,186.6846,46.0168,0.1742,-8.6157
2666.000000,4,19.6121,186.8585,46.0777,0.0612,-7.7973
2666.000000,5,19.6121,186.2013,47.2274,1.8680,-11.0867
2666.000000,6,19.6121,186.3775,47.3046,1.7690,-10.8883
2666.000000,7,19.6121,186.5524,47.2898,1.5793,-10.6657
2666.000000,8,19.6121,186.7262,47.2865,1.4023,-10.3164
2666.000000,9,19.6121,186.8988,47.3363,1.2794,-9.8007
2666.000000,10,19.6121,185.8421,47.6991,2.6989,-10.7684
2666.000000,11,19.6121,186.0014,47.7080,2.5485,-10.9799
2666.000000,12,19.6121,186.1585,47.7125,2.3959,-11.0532
2666.000000,13,19.6121,186.3135,47.7114,2.2399,-11.0067
2666.000000,14,19.6121,186.4664,47.7115,2.0871,-10.8453
2666.000000,15,19.6121,185.8902,47.2134,2.1651,-9.5461
2666.000000,16,19.6121,186.0478,47.2386,2.0328,-10.1745
2666.000000,17,19.6121,186.2033,47.2918,1.9304,-10.5809
2666.000000,18,19.6121,186.3568,47.3215,1.8067,-10.8539
2666.000000,19,19.6121,186.5083,47.3092,1.6429,-11.0365
2666.000000,20,19.6121,185.9414,45.6846,0.5852,-7.4651
2666.000000,21,19.6121,186.0972,45.8744,0.6192,-8.4825
2666.000000,22,19.6121,186.2510,45.9941,0.5850,-9.3085
2666.000000,23,19.6121,186.4029,46.0249,0.4640,-10.0126
2666.000000,24,19.6121,186.5528,46.1626,0.4518,-10.4185
2667.000000,0,19.5561,186.1711,45.8464,0.5172,-10.4140
2667.000000,1,19.5561,186.3483,45.9770,0.4706,-9.8600
2667.000000,2,19.5561,186.5242,46.0206,0.3383,-9.2751
2667.000000,3,19.5561,186.6989,46.0303,0.1733,-8.6084
2667.000000,4,19.5561,186.8724,46.0676,0.0372,-7.7967
2667.000000,5,19.5561,186.2175,47.2428,1.8672,-11.0889
2667.000000,6,19.5561,186.3933,47.3233,1.7719,-10.8829
2667.000000,7,19.5561,186.5679,47.2989,1.5730,-10.6640
2667.000000,8,19.5561,186.7413,47.2840,1.3847,-10.3181
2667.000000,9,19.5561,186.9136,47.3403,1.2686,-9.7835
2667.000000,10,19.5561,185.8577,47.6998,2.6841,-10.7636
2667.000000,11,19.5561,186.0165,47.7063,2.5317,-10.9827
2667.000000,12,19.5561,186.1732,47.7125,2.3812,-11.0559
2667.000000,13,19.5561,186.3278,47.7105,2.2247,-11.0091
2667.000000,14,19.5561,186.4803,47.7094,2.0710,-10.8451
2667.000000,15,19.5561,185.9066,47.2189,2.1543,-9.5269
2667.000000,16,19.5561,186.0637,47.2362,2.0145,-10.1773
2667.000000,17,19.5561,186.2187,47.3007,1.9239,-10.5804
2667.000000,18,19.5561,186.3718,47.3385,1.8087,-10.8504
2667.000000,19,19.5561,186.5228,47.3230,1.6422,-11.0391
2667.000000,20,19.5561,185.9584,45.6745,0.5580,-7.4722
2667.000000,21,19.5561,186.1137,45.8906,0.6188,-8.4783
2667.000000,22,19.5561,186.2671,46.0300,0.6049,-9.2976
2667.000000,23,19.5561,186.4185,46.0479,0.4713,-10.0276
2667.000000,24,19.5561,186.5680,46.2056,0.4796,-10.4199
2668.000000,0,19.4995,186.1866,45.8781,0.5335,-10.4346
2668.000000,1,19.4995,186.3635,46.0143,0.4928,-9.8608
2668.000000,2,19.4995,186.5390,46.0577,0.3607,-9.2600
2668.000000,3,19.4995,186.7133,46.0437,0.1723,-8.6017
2668.000000,4,19.4995,186.8866,46.0577,0.0131,-7.7969
2668.000000,5,19.4995,185.8269,47.2589,2.2739,-11.0702
2668.000000,6,19.4995,185.9869,47.3410,2.1960,-10.8565
2668.000000,7,19.4995,186.1447,47.3078,2.0051,-10.6374
2668.000000,8,19.4995,186.3004,47.2815,1.8231,-10.2904
2668.000000,9,19.4995,186.4539,47.3442,1.7322,-9.7308
2668.000000,10,19.4995,185.8735,47.7006,2.6691,-10.7587
2668.000000,11,19.4995,186.0318,47.7043,2.5145,-10.9858
2668.000000,12,19.4995,186.1880,47.7125,2.3664,-11.0586
2668.000000,13,19.4995,186.3422,47.7092,2.2090,-11.0119
2668.000000,14,19.4995,186.4943,47.7059,2.0535,-10.8462
2668.000000,15,19.4995,185.9231,47.2244,2.1433,-9.5081
2668.000000,16,19.4995,186.0797,47.2337,1.9960,-10.1802
2668.000000,17,19.4995,186.2343,47.3094,1.9170,-10.5802
2668.000000,18,19.4995,186.3869,47.3544,1.8095,-10.8479
2668.000000,19,19.4995,186.5375,47.3365,1.6409,-11.0417
2668.000000,20,19.4995,185.9756,45.6646,0.5309,-7.4799
2668.000000,21,19.4995,186.1304,45.9068,0.6183,-8.4747
2668.000000,22,19.4995,186.2833,46.0650,0.6237,-9.2877
2668.000000,23,19.4995,186.4343,46.0706,0.4783,-10.0426
2668.000000,24,19.4995,186.5834,46.2474,0.5060,-10.4220
2669.000000,0,19.4424,186.2023,45.9131,0.5528,-10.4510
2669.000000,1,19.4424,186.3788,46.0504,0.5136,-9.8628
2669.000000,2,19.4424,186.5540,46.0941,0.3821,-9.2459
2669.000000,3,19.4424,186.7280,46.0572,0.1711,-8.5955
2669.000000,4,19.4424,186.9009,46.0478,-0.0112,-7.7977
2669.000000,5,19.4424,185.8421,47.2745,2.2744,-11.0712
2669.000000,6,19.4424,186.0016,47.3577,2.1981,-10.8528
2669.000000,7,19.4424,186.1590,47.3166,1.9996,-10.6360
2669.000000,8,19.4424,186.3142,47.2791,1.8068,-10.2921
2669.000000,9,19.4424,186.4674,47.3481,1.7226,-9.7138
2669.000000,10,19.4424,185.8894,47.7012,2.6538,-10.7537
2669.000000,11,19.4424,186.0472,47.7021,2.4968,-10.9891
2669.000000,12,19.4424,186.2030,47.7125,2.3514,-11.0612
2669.000000,13,19.4424,186.3568,47.7077,2.1928,-11.0149
2669.000000,14,19.4424,186.5085,47.7012,2.0346,-10.8485
2669.000000,15,19.4424,185.9397,47.2298,2.1320,-9.4896
2669.000000,16,19.4424,186.0958,47.2313,1.9775,-10.1833
2669.000000,17,19.4424,186.2500,47.3179,1.9098,-10.5802
2669.000000,18,19.4424,186.4021,47.3693,1.8091,-10.8463
2669.000000,19,19.4424,186.5524,47.3495,1.6391,-11.0444
2669.000000,20,19.4424,185.9930,45.6549,0.5039,-7.4882
2669.000000,21,19.4424,186.1473,45.9229,0.6176,-8.4715
2669.000000,22,19.4424,186.2997,46.0993,0.6416,-9.2789
2669.000000,23,19.4424,186.4502,46.0932,0.4849,-10.0577
2669.000000,24,19.4424,186.5988,46.2881,0.5312,-10.4250
2670.000000,0,19.3847,186.2182,45.9642,0.5880,-10.4494
2670.000000,1,19.3847,186.3943,46.0854,0.5330,-9.8659
2670.000000,2,19.3847,186.5691,46.1297,0.4025,-9.2330
2670.000000,3,19.3847,186.7428,46.0706,0.1698,-8.5899
2670.000000,4,19.3847,186.9154,46.0380,-0.0355,-7.7991
2670.000000,5,19.3847,185.8574,47.2896,2.2742,-11.0723
2670.000000,6,19.3847,186.0165,47.3735,2.1990,-10.8499
2670.000000,7,19.3847,186.1734,47.3252,1.9937,-10.6348
2670.000000,8,19.3847,186.3283,47.2767,1.7904,-10.2940
2670.000000,9,19.3847,186.4811,47.3519,1.7129,-9.6969
2670.000000,10,19.3847,185.9055,47.7019,2.6384,-10.7487
2670.000000,11,19.3847,186.0629,47.6996,2.4787,-10.9926
2670.000000,12,19.3847,186.2182,47.7125,2.3362,-11.0638
2670.000000,13,19.3847,186.3715,47.7058,2.1763,-11.0181
2670.000000,14,19.3847,186.5229,47.6976,2.0167,-10.8495
2670.000000,15,19.3847,185.9565,47.2351,2.1205,-9.4715
2670.000000,16,19.3847,186.1122,47.2290,1.9588,-10.1864
2670.000000,17,19.3847,186.2658,47.3262,1.9023,-10.5804
2670.000000,18,19.3847,186.4176,47.3832,1.8076,-10.8457
2670.000000,19,19.3847,186.5673,47.3622,1.6368,-11.0472
2670.000000,20,19.3847,186.0105,45.6453,0.4768,-7.4971
2670.000000,21,19.3847,186.1643,45.9391,0.6167,-8.4689
2670.000000,22,19.3847,186.3162,46.1327,0.6585,-9.2712
2670.000000,23,19.3847,186.4662,46.1155,0.4912,-10.0729
2670.000000,24,19.3847,186.6144,46.3275,0.5551,-10.4286
2671.000000,0,19.3266,186.2343,46.0140,0.6217,-10.4486
2671.000000,1,19.3266,186.4100,46.1192,0.5511,-9.8702
2671.000000,2,19.3266,186.5845,46.1646,0.4220,-9.2210
2671.000000,3,19.3266,186.7578,46.0841,0.1682,-8.5847
2671.000000,4,19.3266,186.9301,46.0283,-0.0599,-7.8013
2671.000000,5,19.3266,185.8729,47.3044,2.2734,-11.0735
2671.000000,6,19.3266,186.0315,47.3884,2.1988,-10.8479
2671.000000,7,19.3266,186.1880,47.3336,1.9875,-10.6338
2671.000000,8,19.3266,186.3425,47.2743,1.7738,-10.2959
2671.000000,9,19.3266,186.4949,47.3558,1.7029,-9.6804
2671.000000,10,19.3266,185.9217,47.7024,2.6227,-10.7436
2671.000000,11,19.3266,186.0786,47.6968,2.4601,-10.9964
2671.000000,12,19.3266,186.2335,47.7125,2.3209,-11.0663
2671.000000,13,19.3266,186.3864,47.7037,2.1593,-11.0216
2671.000000,14,19.3266,186.5373,47.6983,2.0029,-10.8456
2671.000000,15,19.3266,185.9735,47.2404,2.1089,-9.4537
2671.000000,16,19.3266,186.1286,47.2267,1.9400,-10.1897
2671.000000,17,19.3266,186.2818,47.3343,1.8944,-10.5808
2671.000000,18,19.3266,186.4331,47.3962,1.8050,-10.8459
2671.000000,19,19.3266,186.5825,47.3744,1.6339,-11.0500
2671.000000,20,19.3266,186.0282,45.6360,0.4498,-7.5066
2671.000000,21,19.3266,186.1814,45.9551,0.6156,-8.4668
2671.000000,22,19.3266,186.3329,46.1653,0.6744,-9.2645
2671.000000,23,19.3266,186.4824,46.1375,0.4970,-10.0881
2671.000000,24,19.3266,186.6302,46.3659,0.5777,-10.4330
2672.000000,0,19.2679,185.8421,46.0625,1.0625,-10.4182
2672.000000,1,19.2679,186.0019,46.1519,0.9920,-9.8389
2672.000000,2,19.2679,186.1595,46.1987,0.8812,-9.1644
2672.000000,3,19.2679,186.3150,46.0975,0.6244,-8.5216
2672.000000,4,19.2679,186.4684,46.0186,0.3922,-7.7270
2672.000000,5,19.2679,185.8886,47.3186,2.2720,-11.0748
2672.000000,6,19.2679,186.0467,47.4024,2.1976,-10.8467
2672.000000,7,19.2679,186.2028,47.3418,1.9809,-10.6331
2672.000000,8,19.2679,186.3568,47.2720,1.7571,-10.2980
2672.000000,9,19.2679,186.5088,47.3596,1.6927,-9.6641
2672.000000,10,19.2679,185.9381,47.7030,2.6068,-10.7385
2672.000000,11,19.2679,186.0946,47.6938,2.4411,-11.0004
2672.000000,12,19.2679,186.2490,47.7125,2.3054,-11.0688
2672.000000,13,19.2679,186.4015,47.7013,2.1418,-11.0254
2672.000000,14,19.2679,186.5519,47.6990,1.9890,-10.8416
2672.000000,15,19.2679,185.9906,47.2457,2.0970,-9.4363
2672.000000,16,19.2679,186.1453,47.2244,1.9211,-10.1932
2672.000000,17,19.2679,186.2980,47.3422,1.8862,-10.5815
2672.000000,18,19.2679,186.4488,47.4081,1.8013,-10.8470
2672.000000,19,19.2679,186.5977,47.3863,1.6306,-11.0529
2672.000000,20,19.2679,186.0460,45.6268,0.4228,-7.5167
2672.000000,21,19.2679,186.1987,45.9711,0.6143,-8.4652
2672.000000,22,19.2679,186.3497,46.1971,0.6894,-9.2588
2672.000000,23,19.2679,186.4988,46.1594,0.5026,-10.1034
2672.000000,24,19.2679,186.6461,46.4031,0.5990,-10.4381
2673.000000,0,19.2087,185.8571,46.1098,1.0946,-10.4192
2673.000000,1,19.2087,186.0165,46.1835,1.0089,-9.8453
2673.000000,2,19.2087,186.1737,46.2322,0.9004,-9.1544
2673.000000,3,19.2087,186.3288,46.1109,0.6240,-8.5172
2673.000000,4,19.2087,186.4818,46.0091,0.3693,-7.7297
2673.000000,5,19.2087,185.9044,47.3324,2.2700,-11.0761
2673.000000,6,19.2087,186.0621,47.4154,2.1953,-10.8464
2673.000000,7,19.2087,186.2178,47.3498,1.9741,-10.6326
2673.000000,8,19.2087,186.3713,47.2697,1.7403,-10.3002
2673.000000,9,19.2087,186.5229,47.3633,1.6824,-9.6480
2673.000000,10,19.2087,185.9547,47.7035,2.5908,-10.7333
2673.000000,11,19.2087,186.1107,47.6905,2.4218,-11.0046
2673.000000,12,19.2087,186.2646,47.7125,2.2898,-11.0713
2673.000000,13,19.2087,186.4166,47.6986,2.1240,-11.0293
2673.000000,14,19.2087,186.5667,47.6996,1.9749,-10.8376
2673.000000,15,19.2087,186.0079,47.2509,2.0849,-9.4192
2673.000000,16,19.2087,186.1620,47.2222,1.9021,-10.1967
2673.000000,17,19.2087,186.3143,47.3500,1.8777,-10.5823
2673.000000,18,19.2087,186.4646,47.4191,1.7965,-10.8490
2673.000000,19,19.2087,186.6131,47.3979,1.6267,-11.0558
2673.000000,20,19.2087,186.0639,45.6178,0.3959,-7.5274
2673.000000,21,19.2087,186.2162,45.9968,0.6226,-8.4529
2673.000000,22,19.2087,186.3666,46.2281,0.7035,-9.2541
2673.000000,23,19.2087,186.5152,46.1810,0.5077,-10.1187
2673.000000,24,19.2087,186.6621,46.4392,0.6191,-10.4439
2674.000000,0,19.1490,185.8724,46.1557,1.1253,-10.4210
2674.000000,1,19.1490,186.0313,46.2140,1.0247,-9.8528
2674.000000,2,19.1490,186.1881,46.2649,0.9187,-9.1454
2674.000000,3,19.1490,186.3428,46.1243,0.6235,-8.5132
2674.000000,4,19.1490,186.4954,45.9997,0.3463,-7.7331
2674.000000,5,19.1490,185.9204,47.3458,2.2674,-11.0776
2674.000000,6,19.1490,186.0776,47.4276,2.1919,-10.8468
2674.000000,7,19.1490,186.2328,47.3577,1.9668,-10.6322
2674.000000,8,19.1490,186.3860,47.2674,1.7233,-10.3025
2674.000000,9,19.1490,186.5372,47.3671,1.6719,-9.6322
2674.000000,10,19.1490,185.9714,47.7039,2.5745,-10.7281
2674.000000,11,19.1490,186.1269,47.6869,2.4020,-11.0091
2674.000000,12,19.1490,186.2804,47.7125,2.2740,-11.0738
2674.000000,13,19.1490,186.4320,47.6957,2.1057,-11.0336
2674.000000,14,19.1490,186.5816,47.7003,1.9606,-10.8335
2674.000000,15,19.1490,186.0253,47.2560,2.0726,-9.4026
2674.000000,16,19.1490,186.1790,47.2200,1.8830,-10.2004
2674.000000,17,19.1490,186.3307,47.3576,1.8688,-10.5834
2674.000000,18,19.1490,186.4806,47.4292,1.7906,-10.8519
2674.000000,19,19.1490,186.6286,47.4090,1.6223,-11.0588
2674.000000,20,19.1490,186.0820,45.6090,0.3690,-7.5386
2674.000000,21,19.1490,186.2337,46.0294,0.6376,-8.4333
2674.000000,22,19.1490,186.3837,46.2584,0.7166,-9.2503
2674.000000,23,19.1490,186.5318,46.2024,0.5125,-10.1341
2674.000000,24,19.1490,186.6782,46.4742,0.6380,-10.4502
2675.000000,0,19.0889,185.8878,46.2004,1.1545,-10.4235
2675.000000,1,19.0889,186.0463,46.2434,1.0391,-9.8612
2675.000000,2,19.0889,186.2026,46.2969,0.9362,-9.1373
2675.000000,3,19.0889,186.3569,46.1377,0.6227,-8.5098
2675.000000,4,19.0889,186.5092,45.9904,0.3232,-7.7371
2675.000000,5,19.0889,185.9366,47.3588,2.2642,-11.0791
2675.000000,6,19.0889,186.0933,47.4389,2.1875,-10.8480
2675.000000,7,19.0889,186.2481,47.3654,1.9593,-10.6321
2675.000000,8,19.0889,186.4008,47.2651,1.7063,-10.3049
2675.000000,9,19.0889,186.5516,47.3708,1.6612,-9.6167
2675.000000,10,19.0889,185.9883,47.7044,2.5580,-10.7228
2675.000000,11,19.0889,186.1433,47.6832,2.3818,-11.0138
2675.000000,12,19.0889,186.2963,47.7125,2.2581,-11.0763
2675.000000,13,19.0889,186.4475,47.6925,2.0870,-11.0380
2675.000000,14,19.0889,186.5967,47.7009,1.9462,-10.8294
2675.000000,15,19.0889,186.0429,47.2611,2.0602,-9.3862
2675.000000,16,19.0889,186.1960,47.2178,1.8638,-10.2042
2675.000000,17,19.0889,186.3473,47.3650,1.8596,-10.5847
2675.000000,18,19.0889,186.4967,47.4384,1.7836,-10.8556
2675.000000,19,19.0889,186.6443,47.4198,1.6175,-11.0618
2675.000000,20,19.0889,186.1002,45.6004,0.3421,-7.5504
2675.000000,21,19.0889,186.2515,46.0614,0.6519,-8.4145
2675.000000,22,19.0889,186.4009,46.2878,0.7289,-9.2475
2675.000000,23,19.0889,186.5486,46.2235,0.5169,-10.1494
2675.000000,24,19.0889,186.6945,46.5274,0.6749,-10.4363
2676.000000,0,19.0283,185.9034,46.2438,1.1824,-10.4268
2676.000000,1,19.0283,186.0614,46.2718,1.0524,-9.8707
2676.000000,2,19.0283,186.2173,46.3282,0.9528,-9.1302
2676.000000,3,19.0283,186.3712,46.1511,0.6218,-8.5068
2676.000000,4,19.0283,186.5230,45.9812,0.3002,-7.7416
2676.000000,5,19.0283,185.9529,47.3713,2.2604,-11.0807
2676.000000,6,19.0283,186.1092,47.4494,2.1822,-10.8500
2676.000000,7,19.0283,186.2635,47.3729,1.9514,-10.6322
2676.000000,8,19.0283,186.4158,47.2629,1.6891,-10.3075
2676.000000,9,19.0283,186.5661,47.3744,1.6503,-9.6015
2676.000000,10,19.0283,186.0053,47.7047,2.5414,-10.7175
2676.000000,11,19.0283,186.1598,47.6820,2.3641,-11.0157
2676.000000,12,19.0283,186.3124,47.7125,2.2420,-11.0787
2676.000000,13,19.0283,186.4631,47.6891,2.0679,-11.0427
2676.000000,14,19.0283,186.6118,47.7014,1.9315,-10.8251
2676.000000,15,19.0283,186.0606,47.2661,2.0475,-9.3703
2676.000000,16,19.0283,186.2132,47.2157,1.8445,-10.2081
2676.000000,17,19.0283,186.3640,47.3815,1.8594,-10.5761
2676.000000,18,19.0283,186.5130,47.4467,1.7757,-10.8600
2676.000000,19,19.0283,186.6601,47.4303,1.6121,-11.0648
2676.000000,20,19.0283,186.1186,45.5920,0.3153,-7.5626
2676.000000,21,19.0283,186.2693,46.0929,0.6656,-8.3968
2676.000000,22,19.0283,186.4182,46.3165,0.7403,-9.2456
2676.000000,23,19.0283,186.5654,46.2444,0.5210,-10.1648
2676.000000,24,19.0283,186.7109,46.5796,0.7108,-10.4228
2677.000000,0,18.9672,185.9191,46.2910,1.2138,-10.4253
2677.000000,1,18.9672,186.0767,46.2992,1.0644,-9.8810
2677.000000,2,18.9672,186.2322,46.3588,0.9686,-9.1240
2677.000000,3,18.9672,186.3857,46.1644,0.6207,-8.5043
2677.000000,4,18.9672,186.5371,45.9722,0.2770,-7.7467
2677.000000,5,18.9672,185.9694,47.3834,2.2560,-11.0823
2677.000000,6,18.9672,186.1252,47.4590,2.1758,-10.8528
2677.000000,7,18.9672,186.2790,47.3803,1.9432,-10.6325
2677.000000,8,18.9672,186.4309,47.2608,1.6718,-10.3101
2677.000000,9,18.9672,186.5808,47.3781,1.6392,-9.5866
2677.000000,10,18.9672,186.0225,47.7051,2.5245,-10.7122
2677.000000,11,18.9672,186.1765,47.6805,2.3459,-11.0179
2677.000000,12,18.9672,186.3286,47.7125,2.2258,-11.0812
2677.000000,13,18.9672,186.4788,47.6854,2.0485,-11.0476
2677.000000,14,18.9672,186.6272,47.7019,1.9167,-10.8209
2677.000000,15,18.9672,186.0785,47.2711,2.0346,-9.3547
2677.000000,16,18.9672,186.2306,47.2137,1.8250,-10.2122
2677.000000,17,18.9672,186.3809,47.3980,1.8591,-10.5674
2677.000000,18,18.9672,186.5294,47.4541,1.7667,-10.8653
2677.000000,19,18.9672,186.6760,47.4403,1.6063,-11.0679
2677.000000,20,18.9672,186.1371,45.5837,0.2886,-7.5754
2677.000000,21,18.9672,186.2873,46.1240,0.6787,-8.3800
2677.000000,22,18.9672,186.4357,46.3445,0.7508,-9.2446
2677.000000,23,18.9672,186.5824,46.2694,0.5290,-10.1754
2677.000000,24,18.9672,186.7274,46.6299,0.7445,-10.4109
2678.000000,0,18.9056,185.9351,46.3512,1.2581,-10.4090
2678.000000,1,18.9056,186.0922,46.3255,1.0753,-9.8923
2678.000000,2,18.9056,186.2472,46.3888,0.9835,-9.1187
2678.000000,3,18.9056,186.4002,46.1778,0.6195,-8.5022
2678.000000,4,18.9056,186.5513,45.9632,0.2539,-7.7524
2678.000000,5,18.9056,185.9860,47.3951,2.2511,-11.0841
2678.000000,6,18.9056,186.1414,47.4678,2.1684,-10.8562
2678.000000,7,18.9056,186.2947,47.3881,1.9353,-10.6323
2678.000000,8,18.9056,186.4462,47.2586,1.6544,-10.3129
2678.000000,9,18.9056,186.5957,47.3817,1.6280,-9.5720
2678.000000,10,18.9056,186.0399,47.7054,2.5075,-10.7069
2678.000000,11,18.9056,186.1934,47.6784,2.3270,-11.0207
2678.000000,12,18.9056,186.3450,47.7125,2.2094,-11.0836
2678.000000,13,18.9056,186.4947,47.6814,2.0287,-11.0527
2678.000000,14,18.9056,186.6426,47.7024,1.9017,-10.8165
2678.000000,15,18.9056,186.0965,47.2761,2.0215,-9.3395
2678.000000,16,18.9056,186.2481,47.2117,1.8055,-10.2163
2678.000000,17,18.9056,186.3979,47.4140,1.8581,-10.5594
2678.000000,18,18.9056,186.5459,47.4607,1.7567,-10.8713
2678.000000,19,18.9056,186.6921,47.4501,1.5999,-11.0710
2678.000000,20,18.9056,186.1558,45.5886,0.2748,-7.5734
2678.000000,21,18.9056,186.3054,46.1545,0.6911,-8.3641
2678.000000,22,18.9056,186.4533,46.3717,0.7604,-9.2445
2678.000000,23,18.9056,186.5995,46.3061,0.5485,-10.1730
2678.000000,24,18.9056,186.7440,46.6782,0.7762,-10.4006
2679.000000,0,18.8436,185.9511,46.4093,1.3001,-10.3944
2679.000000,1,18.8436,186.1078,46.3508,1.0849,-9.9044
2679.000000,2,18.8436,186.2624,46.4180,0.9976,-9.1143
2679.000000,3,18.8436,186.4150,46.1911,0.6180,-8.5006
2679.000000,4,18.8436,186.5656,45.9544,0.2307,-7.7587
2679.000000,5,18.8436,186.0028,47.4064,2.2455,-11.0859
2679.000000,6,18.8436,186.1577,47.4758,2.1601,-10.8604
2679.000000,7,18.8436,186.3106,47.4037,1.9351,-10.6237
2679.000000,8,18.8436,186.4616,47.2565,1.6369,-10.3158
2679.000000,9,18.8436,186.6106,47.3852,1.6166,-9.5576
2679.000000,10,18.8436,186.0574,47.7056,2.4902,-10.7015
2679.000000,11,18.8436,186.2104,47.6757,2.3073,-11.0242
2679.000000,12,18.8436,186.3615,47.7125,2.1929,-11.0859
2679.000000,13,18.8436,186.5108,47.6773,2.0085,-11.0581
2679.000000,14,18.8436,186.6582,47.7029,1.8866,-10.8122
2679.000000,15,18.8436,186.1146,47.2809,2.0083,-9.3247
2679.000000,16,18.8436,186.2657,47.2097,1.7859,-10.2206
2679.000000,17,18.8436,186.4150,47.4293,1.8563,-10.5521
2679.000000,18,18.8436,186.5625,47.4664,1.7458,-10.8781
2679.000000,19,18.8436,186.7083,47.4595,1.5932,-11.0741
2679.000000,20,18.8436,186.1745,45.5962,0.2636,-7.5690
2679.000000,21,18.8436,186.3236,46.1845,0.7029,-8.3491
2679.000000,22,18.8436,186.4710,46.3982,0.7691,-9.2453
2679.000000,23,18.8436,186.6167,46.3420,0.5672,-10.1712
2679.000000,24,18.8436,186.7608,46.7246,0.8058,-10.3918
2680.000000,0,18.7812,185.9674,46.4653,1.3399,-10.3813
2680.000000,1,18.7812,186.1236,46.3750,1.0934,-9.9174
2680.000000,2,18.7812,186.2777,46.4466,1.0108,-9.1107
2680.000000,3,18.7812,186.4299,46.2043,0.6164,-8.4994
2680.000000,4,18.7812,186.5801,45.9457,0.2075,-7.7654
2680.000000,5,18.7812,186.0198,47.4173,2.2395,-11.0878
2680.000000,6,18.7812,186.1742,47.4831,2.1509,-10.8653
2680.000000,7,18.7812,186.3266,47.4188,1.9341,-10.6156
2680.000000,8,18.7812,186.4771,47.2544,1.6193,-10.3188
2680.000000,9,18.7812,186.6257,47.3887,1.6050,-9.5436
2680.000000,10,18.7812,186.0750,47.7058,2.4728,-10.6962
2680.000000,11,18.7812,186.2275,47.6724,2.2869,-11.0282
2680.000000,12,18.7812,186.3781,47.7125,2.1763,-11.0883
2680.000000,13,18.7812,186.5270,47.6729,1.9879,-11.0636
2680.000000,14,18.7812,186.6739,47.7033,1.8713,-10.8078
2680.000000,15,18.7812,186.1329,47.2858,1.9948,-9.3103
2680.000000,16,18.7812,186.2835,47.2078,1.7663,-10.2249
2680.000000,17,18.7812,186.4323,47.4441,1.8537,-10.5454
2680.000000,18,18.7812,186.5793,47.4713,1.7339,-10.8856
2680.000000,19,18.7812,186.7246,47.4685,1.5859,-11.0773
2680.000000,20,18.7812,186.1934,45.6039,0.2525,-7.5651
2680.000000,21,18.7812,186.3420,46.2141,0.7140,-8.3350
2680.000000,22,18.7812,186.4889,46.4240,0.7771,-9.2468
2680.000000,23,18.7812,186.6341,46.3771,0.5850,-10.1700
2680.000000,24,18.7812,186.7776,46.7691,0.8334,-10.3845
2681.000000,0,18.7183,185.9838,46.5193,1.3775,-10.3698
2681.000000,1,18.7183,186.1395,46.3984,1.1008,-9.9313
2681.000000,2,18.7183,186.2932,46.4745,1.0232,-9.1080
2681.000000,3,18.7183,186.4449,46.2274,0.6244,-8.4875
2681.000000,4,18.7183,186.5947,45.9371,0.1843,-7.7728
2681.000000,5,18.7183,186.0369,47.4355,2.2406,-11.0814
2681.000000,6,18.7183,186.1908,47.4895,2.1407,-10.8708
2681.000000,7,18.7183,186.3427,47.4333,1.9325,-10.6082
2681.000000,8,18.7183,186.4928,47.2524,1.6015,-10.3219
2681.000000,9,18.7183,186.6410,47.3922,1.5932,-9.5298
2681.000000,10,18.7183,186.0928,47.7060,2.4552,-10.6908
2681.000000,11,18.7183,186.2448,47.6686,2.2658,-11.0329
2681.000000,12,18.7183,186.3949,47.7125,2.1595,-11.0907
2681.000000,13,18.7183,186.5433,47.6686,1.9673,-11.0691
2681.000000,14,18.7183,186.6898,47.7037,1.8558,-10.8034
2681.000000,15,18.7183,186.1513,47.2905,1.9812,-9.2962
2681.000000,16,18.7183,186.3014,47.2059,1.7465,-10.2294
2681.000000,17,18.7183,186.4497,47.4582,1.8505,-10.5394
2681.000000,18,18.7183,186.5962,47.4754,1.7211,-10.8938
2681.000000,19,18.7183,186.7410,47.4773,1.5782,-11.0806
2681.000000,20,18.7183,186.2125,45.6118,0.2413,-7.5617
2681.000000,21,18.7183,186.3605,46.2431,0.7246,-8.3218
2681.000000,22,18.7183,186.5069,46.4490,0.7842,-9.2492
2681.000000,23,18.7183,186.6516,46.4115,0.6019,-10.1693
2681.000000,24,18.7183,186.7946,46.8117,0.8590,-10.3787
2682.000000,0,18.6550,186.0004,46.5714,1.4130,-10.3598
2682.000000,1,18.6550,186.1556,46.4207,1.1071,-9.9459
2682.000000,2,18.6550,186.3088,46.5017,1.0349,-9.1061
2682.000000,3,18.6550,186.4601,46.2545,0.6363,-8.4713
2682.000000,4,18.6550,186.6095,45.9286,0.1611,-7.7806
2682.000000,5,18.6550,186.0541,47.4545,2.2423,-11.0738
2682.000000,6,18.6550,186.2075,47.4952,2.1296,-10.8770
2682.000000,7,18.6550,186.3590,47.4473,1.9302,-10.6013
2682.000000,8,18.6550,186.5086,47.2504,1.5837,-10.3251
2682.000000,9,18.6550,186.6564,47.3957,1.5813,-9.5164
2682.000000,10,18.6550,186.1107,47.7062,2.4374,-10.6855
2682.000000,11,18.6550,186.2622,47.6642,2.2440,-11.0381
2682.000000,12,18.6550,186.4118,47.7125,2.1426,-11.0930
2682.000000,13,18.6550,186.5597,47.6665,1.9487,-11.0721
2682.000000,14,18.6550,186.7058,47.7040,1.8402,-10.7989
2682.000000,15,18.6550,186.1699,47.2953,1.9673,-9.2825
2682.000000,16,18.6550,186.3194,47.2040,1.7266,-10.2340
2682.000000,17,18.6550,186.4672,47.4717,1.8465,-10.5340
2682.000000,18,18.6550,186.6132,47.4787,1.7074,-10.9027
2682.000000,19,18.6550,186.7576,47.4857,1.5700,-11.0838
2682.000000,20,18.6550,186.2316,45.6198,0.2301,-7.5588
2682.000000,21,18.6550,186.3791,46.2717,0.7345,-8.3095
2682.000000,22,18.6550,186.5249,46.4734,0.7904,-9.2523
2682.000000,23,18.6550,186.6692,46.4451,0.6179,-10.1691
2682.000000,24,18.6550,186.8117,46.8525,0.8827,-10.3744
2683.000000,0,18.5913,186.0171,46.6215,1.4464,-10.3512
2683.000000,1,18.5913,186.1718,46.4421,1.1122,-9.9614
2683.000000,2,18.5913,186.3246,46.5283,1.0457,-9.1050
2683.000000,3,18.5913,186.4754,46.2812,0.6477,-8.4560
2683.000000,4,18.5913,186.6244,45.9203,0.1379,-7.7889
2683.000000,5,18.5913,186.0716,47.4726,2.2430,-11.0669
2683.000000,6,18.5913,186.2244,47.5001,2.1177,-10.8839
2683.000000,7,18.5913,186.3754,47.4608,1.9273,-10.5950
2683.000000,8,18.5913,186.5246,47.2484,1.5658,-10.3284
2683.000000,9,18.5913,186.6719,47.3991,1.5692,-9.5032
2683.000000,10,18.5913,186.1288,47.7063,2.4195,-10.6802
2683.000000,11,18.5913,186.2797,47.6592,2.2215,-11.0439
2683.000000,12,18.5913,186.4289,47.7125,2.1255,-11.0954
2683.000000,13,18.5913,186.5763,47.6637,1.9294,-11.0759
2683.000000,14,18.5913,186.7219,47.7043,1.8244,-10.7945
2683.000000,15,18.5913,186.1886,47.2999,1.9533,-9.2692
2683.000000,16,18.5913,186.3375,47.2047,1.7091,-10.2360
2683.000000,17,18.5913,186.4848,47.4847,1.8418,-10.5292
2683.000000,18,18.5913,186.6304,47.4813,1.6929,-10.9123
2683.000000,19,18.5913,186.7743,47.4985,1.5662,-11.0820
2683.000000,20,18.5913,186.2509,45.6279,0.2190,-7.5565
2683.000000,21,18.5913,186.3978,46.2998,0.7439,-8.2981
2683.000000,22,18.5913,186.5432,46.4971,0.7959,-9.2563
2683.000000,23,18.5913,186.6869,46.4780,0.6331,-10.1694
2683.000000,24,18.5913,186.8290,46.8915,0.9045,-10.3714
2684.000000,0,18.5272,186.0340,46.6698,1.4778,-10.3441
2684.000000,1,18.5272,186.1882,46.4625,1.1163,-9.9775
2684.000000,2,18.5272,186.3405,46.5542,1.0557,-9.1047
2684.000000,3,18.5272,186.4909,46.3075,0.6586,-8.4414
2684.000000,4,18.5272,186.6394,45.9121,0.1146,-7.7978
2684.000000,5,18.5272,186.0891,47.4898,2.2427,-11.0605
2684.000000,6,18.5272,186.2415,47.5044,2.1048,-10.8914
2684.000000,7,18.5272,186.3920,47.4738,1.9237,-10.5893
2684.000000,8,18.5272,186.5407,47.2465,1.5477,-10.3319
2684.000000,9,18.5272,186.6875,47.4025,1.5569,-9.4904
2684.000000,10,18.5272,186.1470,47.7064,2.4014,-10.6749
2684.000000,11,18.5272,186.2974,47.6538,2.1983,-11.0503
2684.000000,12,18.5272,186.4461,47.7125,2.1084,-11.0977
2684.000000,13,18.5272,186.5930,47.6604,1.9093,-11.0802
2684.000000,14,18.5272,186.7381,47.7046,1.8084,-10.7900
2684.000000,15,18.5272,186.2074,47.3045,1.9391,-9.2563
2684.000000,16,18.5272,186.3558,47.2108,1.6969,-10.2322
2684.000000,17,18.5272,186.5026,47.4971,1.8365,-10.5251
2684.000000,18,18.5272,186.6477,47.4831,1.6774,-10.9225
2684.000000,19,18.5272,186.7911,47.5146,1.5655,-11.0764
2684.000000,20,18.5272,186.2703,45.6362,0.2078,-7.5546
2684.000000,21,18.5272,186.4167,46.3274,0.7526,-8.2874
2684.000000,22,18.5272,186.5615,46.5201,0.8006,-9.2609
2684.000000,23,18.5272,186.7047,46.5102,0.6475,-10.1703
2684.000000,24,18.5272,186.8463,46.9288,0.9244,-10.3697
2685.000000,0,18.4627,186.0510,46.7161,1.5071,-10.3384
2685.000000,1,18.4627,186.2047,46.4820,1.1193,-9.9945
2685.000000,2,18.4627,186.3566,46.5795,1.0649,-9.1052
2685.000000,3,18.4627,186.5065,46.3335,0.6690,-8.4276
2685.000000,4,18.4627,186.6546,45.9040,0.0914,-7.8070
2685.000000,5,18.4627,186.1068,47.5062,2.2413,-11.0548
2685.000000,6,18.4627,186.2587,47.5079,2.0912,-10.8995
2685.000000,7,18.4627,186.4087,47.4863,1.9195,-10.5841
2685.000000,8,18.4627,186.5569,47.2446,1.5296,-10.3354
2685.000000,9,18.4627,186.7033,47.4058,1.5444,-9.4778
2685.000000,10,18.4627,186.1653,47.7064,2.3831,-10.6696
2685.000000,11,18.4627,186.3152,47.6478,2.1745,-11.0572
2685.000000,12,18.4627,186.4634,47.7125,2.0911,-11.1001
2685.000000,13,18.4627,186.6098,47.6564,1.8885,-11.0853
2685.000000,14,18.4627,186.7545,47.7049,1.7923,-10.7855
2685.000000,15,18.4627,186.2263,47.3091,1.9247,-9.2438
2685.000000,16,18.4627,186.3742,47.2169,1.6846,-10.2286
2685.000000,17,18.4627,186.5205,47.5089,1.8304,-10.5216
2685.000000,18,18.4627,186.6651,47.4842,1.6611,-10.9333
2685.000000,19,18.4627,186.8080,47.5299,1.5638,-11.0713
2685.000000,20,18.4627,186.2898,45.6576,0.2098,-7.5377
2685.000000,21,18.4627,186.4357,46.3545,0.7608,-8.2776
2685.000000,22,18.4627,186.5799,46.5424,0.8045,-9.2663
2685.000000,23,18.4627,186.7226,46.5442,0.6636,-10.1688
2685.000000,24,18.4627,186.8638,46.9644,0.9426,-10.3694
2686.000000,0,18.3978,186.0682,46.7606,1.5344,-10.3340
2686.000000,1,18.3978,186.2214,46.5007,1.1212,-10.0121
2686.000000,2,18.3978,186.3728,46.6042,1.0734,-9.1065
2686.000000,3,18.3978,186.5223,46.3591,0.6788,-8.4145
2686.000000,4,18.3978,186.6699,45.8991,0.0711,-7.8134
2686.000000,5,18.3978,186.1246,47.5217,2.2390,-11.0496
2686.000000,6,18.3978,186.2760,47.5107,2.0767,-10.9082
2686.000000,7,18.3978,186.4255,47.4983,1.9147,-10.5795
2686.000000,8,18.3978,186.5733,47.2427,1.5114,-10.3390
2686.000000,9,18.3978,186.7192,47.4091,1.5318,-9.4656
2686.000000,10,18.3978,186.1838,47.7064,2.3646,-10.6643
2686.000000,11,18.3978,186.3331,47.6413,2.1501,-11.0646
2686.000000,12,18.3978,186.4808,47.7125,2.0736,-11.1024
2686.000000,13,18.3978,186.6267,47.6517,1.8670,-11.0910
2686.000000,14,18.3978,186.7710,47.7051,1.7761,-10.7811
2686.000000,15,18.3978,186.2454,47.3136,1.9102,-9.2316
2686.000000,16,18.3978,186.3928,47.2229,1.6721,-10.2252
2686.000000,17,18.3978,186.5385,47.5202,1.8237,-10.5186
2686.000000,18,18.3978,186.6826,47.4846,1.6439,-10.9448
2686.000000,19,18.3978,186.8250,47.5444,1.5613,-11.0668
2686.000000,20,18.3978,186.3095,45.6845,0.2170,-7.5151
2686.000000,21,18.3978,186.4548,46.3811,0.7683,-8.2687
2686.000000,22,18.3978,186.5985,46.5641,0.8076,-9.2724
2686.000000,23,18.3978,186.7407,46.5916,0.6928,-10.1524
2686.000000,24,18.3978,186.8813,46.9983,0.9589,-10.3703
2687.000000,0,18.3325,186.0855,46.8034,1.5599,-10.3309
2687.000000,1,18.3325,186.2383,46.5184,1.1221,-10.0304
2687.000000,2,18.3325,186.3891,46.6282,1.0810,-9.1085
2687.000000,3,18.3325,186.5382,46.3843,0.6881,-8.4023
2687.000000,4,18.3325,186.6853,45.9039,0.0606,-7.8088
2687.000000,5,18.3325,186.1426,47.5364,2.2357,-11.0449
2687.000000,6,18.3325,186.2935,47.5128,2.0613,-10.9175
2687.000000,7,18.3325,186.4425,47.5098,1.9092,-10.5753
2687.000000,8,18.3325,186.5898,47.2409,1.4931,-10.3428
2687.000000,9,18.3325,186.7353,47.4124,1.5191,-9.4537
2687.000000,10,18.3325,186.2024,47.7064,2.3460,-10.6591
2687.000000,11,18.3325,186.3512,47.6344,2.1251,-11.0726
2687.000000,12,18.3325,186.4984,47.7125,2.0561,-11.1047
2687.000000,13,18.3325,186.6438,47.6465,1.8447,-11.0973
2687.000000,14,18.3325,186.7876,47.7053,1.7597,-10.7766
2687.000000,15,18.3325,186.2646,47.3180,1.8954,-9.2198
2687.000000,16,18.3325,186.4114,47.2289,1.6594,-10.2220
2687.000000,17,18.3325,186.5566,47.5310,1.8163,-10.5163
2687.000000,18,18.3325,186.7002,47.4843,1.6260,-10.9568
2687.000000,19,18.3325,186.8422,47.5581,1.5579,-11.0628
2687.000000,20,18.3325,186.3292,45.7111,0.2239,-7.4934
2687.000000,21,18.3325,186.4740,46.4073,0.7753,-8.2605
2687.000000,22,18.3325,186.6172,46.5852,0.8099,-9.2792
2687.000000,23,18.3325,186.7588,46.6374,0.7205,-10.1373
2687.000000,24,18.3325,186.8990,47.0305,0.9735,-10.3724
2688.000000,0,18.2668,186.1030,46.8444,1.5834,-10.3291
2688.000000,1,18.2668,186.2552,46.5352,1.1220,-10.0493
2688.000000,2,18.2668,186.4056,46.6516,1.0880,-9.1112
2688.000000,3,18.2668,186.5542,46.4092,0.6970,-8.3907
2688.000000,4,18.2668,186.7009,45.9090,0.0500,-7.8047
2688.000000,5,18.2668,186.1607,47.5503,2.2315,-11.0409
2688.000000,6,18.2668,186.3111,47.5143,2.0452,-10.9274
2688.000000,7,18.2668,186.4596,47.5208,1.9032,-10.5717
2688.000000,8,18.2668,186.6064,47.2456,1.4812,-10.3395
2688.000000,9,18.2668,186.7514,47.4156,1.5061,-9.4421
2688.000000,10,18.2668,186.2211,47.7063,2.3272,-10.6539
2688.000000,11,18.2668,186.3694,47.6269,2.0995,-11.0810
2688.000000,12,18.2668,186.5161,47.7125,2.0384,-11.1071
2688.000000,13,18.2668,186.6610,47.6408,1.8217,-11.1042
2688.000000,14,18.2668,186.8043,47.7055,1.7431,-10.7721
2688.000000,15,18.2668,186.2839,47.3224,1.8805,-9.2084
2688.000000,16,18.2668,186.4302,47.2348,1.6466,-10.2189
2688.000000,17,18.2668,186.5749,47.5412,1.8083,-10.5145
2688.000000,18,18.2668,186.7180,47.4833,1.6073,-10.9694
2688.000000,19,18.2668,186.8595,47.5711,1.5536,-11.0594
2688.000000,20,18.2668,186.3491,45.7375,0.2304,-7.4725
2688.000000,21,18.2668,186.4933,46.4330,0.7817,-8.2530
2688.000000,22,18.2668,186.6360,46.6056,0.8116,-9.2866
2688.000000,23,18.2668,186.7771,46.6819,0.7467,-10.1235
2688.000000,24,18.2668,186.9168,47.0612,0.9863,-10.3758
2689.000000,0,18.2008,186.1206,46.8836,1.6050,-10.3285
2689.000000,1,18.2008,186.2723,46.5512,1.1209,-10.0689
2689.000000,2,18.2008,186.4222,46.6745,1.0942,-9.1146
2689.000000,3,18.2008,186.5703,46.4337,0.7053,-8.3799
2689.000000,4,18.2008,186.7166,45.9141,0.0394,-7.8011
2689.000000,5,18.2008,186.1790,47.5634,2.2264,-11.0373
2689.000000,6,18.2008,186.3288,47.5151,2.0283,-10.9378
2689.000000,7,18.2008,186.4768,47.5314,1.8965,-10.5686
2689.000000,8,18.2008,186.6232,47.2509,1.4698,-10.3358
2689.000000,9,18.2008,186.7677,47.4188,1.4930,-9.4308
2689.000000,10,18.2008,186.2400,47.7063,2.3083,-10.6487
2689.000000,11,18.2008,186.3877,47.6191,2.0733,-11.0900
2689.000000,12,18.2008,186.5339,47.7125,2.0206,-11.1094
2689.000000,13,18.2008,186.6783,47.6344,1.7981,-11.1117
2689.000000,14,18.2008,186.8212,47.7057,1.7264,-10.7677
2689.000000,15,18.2008,186.3034,47.3268,1.8654,-9.1974
2689.000000,16,18.2008,186.4491,47.2407,1.6336,-10.2161
2689.000000,17,18.2008,186.5932,47.5509,1.7996,-10.5132
2689.000000,18,18.2008,186.7358,47.4816,1.5878,-10.9826
2689.000000,19,18.2008,186.8768,47.5833,1.5484,-11.0565
2689.000000,20,18.2008,186.3691,45.7637,0.2365,-7.4524
2689.000000,21,18.2008,186.5127,46.4583,0.7875,-8.2464
2689.000000,22,18.2008,186.6548,46.6253,0.8125,-9.2947
2689.000000,23,18.2008,186.7955,46.7249,0.7714,-10.1109
2689.000000,24,18.2008,186.9347,47.0902,0.9975,-10.3803
2690.000000,0,18.1345,186.1383,46.9212,1.6248,-10.3291
2690.000000,1,18.1345,186.2896,46.5664,1.1188,-10.0891
2690.000000,2,18.1345,186.4390,46.6967,1.0996,-9.1186
2690.000000,3,18.1345,186.5866,46.4578,0.7131,-8.3699
2690.000000,4,18.1345,186.7325,45.9193,0.0288,-7.7979
2690.000000,5,18.1345,186.1974,47.5758,2.2203,-11.0343
2690.000000,6,18.1345,186.3467,47.5153,2.0106,-10.9487
2690.000000,7,18.1345,186.4942,47.5416,1.8893,-10.5660
2690.000000,8,18.1345,186.6400,47.2562,1.4582,-10.3322
2690.000000,9,18.1345,186.7841,47.4220,1.4798,-9.4198
2690.000000,10,18.1345,186.2589,47.7062,2.2892,-10.6436
2690.000000,11,18.1345,186.4062,47.6108,2.0465,-11.0994
2690.000000,12,18.1345,186.5518,47.7125,2.0026,-11.1118
2690.000000,13,18.1345,186.6958,47.6276,1.7738,-11.1197
2690.000000,14,18.1345,186.8381,47.7058,1.7096,-10.7632
2690.000000,15,18.1345,186.3229,47.3311,1.8501,-9.1868
2690.000000,16,18.1345,186.4681,47.2466,1.6205,-10.2134
2690.000000,17,18.1345,186.6117,47.5601,1.7904,-10.5125
2690.000000,18,18.1345,186.7538,47.4794,1.5675,-10.9964
2690.000000,19,18.1345,186.8943,47.5948,1.5424,-11.0541
2690.000000,20,18.1345,186.3892,45.7896,0.2423,-7.4332
2690.000000,21,18.1345,186.5322,46.4831,0.7928,-8.2405
2690.000000,22,18.1345,186.6738,46.6445,0.8126,-9.3034
2690.000000,23,18.1345,186.8140,46.7666,0.7946,-10.0995
2690.000000,24,18.1345,186.9526,47.1178,1.0071,-10.3859
2691.000000,0,18.0677,186.1562,46.9571,1.6428,-10.3309
2691.000000,1,18.0677,186.3070,46.5807,1.1157,-10.1099
2691.000000,2,18.0677,186.4559,46.7183,1.1043,-9.1234
2691.000000,3,18.0677,186.6031,46.4816,0.7205,-8.3605
2691.000000,4,18.0677,186.7484,45.9247,0.0182,-7.7951
2691.000000,5,18.0677,186.2159,47.5874,2.2134,-11.0318
2691.000000,6,18.0677,186.3647,47.5149,1.9922,-10.9602
2691.000000,7,18.0677,186.5117,47.5512,1.8815,-10.5639
2691.000000,8,18.0677,186.6570,47.2615,1.4464,-10.3288
2691.000000,9,18.0677,186.8007,47.4251,1.4664,-9.4091
2691.000000,10,18.0677,186.2781,47.7060,2.2699,-10.6385
2691.000000,11,18.0677,186.4248,47.6020,2.0192,-11.1093
2691.000000,12,18.0677,186.5699,47.7125,1.9846,-11.1141
2691.000000,13,18.0677,186.7133,47.6202,1.7488,-11.1284
2691.000000,14,18.0677,186.8552,47.7059,1.6926,-10.7588
2691.000000,15,18.0677,186.3426,47.3353,1.8347,-9.1765
2691.000000,16,18.0677,186.4872,47.2524,1.6071,-10.2110
2691.000000,17,18.0677,186.6303,47.5689,1.7805,-10.5124
2691.000000,18,18.0677,186.7719,47.4765,1.5465,-11.0106
2691.000000,19,18.0677,186.9119,47.6056,1.5356,-11.0521
2691.000000,20,18.0677,186.4094,45.8152,0.2478,-7.4147
2691.000000,21,18.0677,186.5519,46.5074,0.7975,-8.2353
2691.000000,22,18.0677,186.6929,46.6631,0.8121,-9.3127
2691.000000,23,18.0677,186.8326,46.8069,0.8163,-10.0892
2691.000000,24,18.0677,186.9707,47.1438,1.0151,-10.3926
2692.000000,0,18.0007,186.1743,46.9914,1.6591,-10.3338
2692.000000,1,18.0007,186.3245,46.5942,1.1117,-10.1313
2692.000000,2,18.0007,186.4729,46.7393,1.1083,-9.1288
2692.000000,3,18.0007,186.6196,46.5049,0.7273,-8.3518
2692.000000,4,18.0007,186.7645,45.9301,0.0075,-7.7928
2692.000000,5,18.0007,186.2346,47.6029,2.2103,-11.0248
2692.000000,6,18.0007,186.3828,47.5139,1.9731,-10.9722
2692.000000,7,18.0007,186.5293,47.5605,1.8731,-10.5623
2692.000000,8,18.0007,186.6742,47.2667,1.4345,-10.3256
2692.000000,9,18.0007,186.8173,47.4282,1.4528,-9.3988
2692.000000,10,18.0007,186.2973,47.7059,2.2505,-10.6335
2692.000000,11,18.0007,186.4435,47.5929,1.9914,-11.1197
2692.000000,12,18.0007,186.5880,47.7125,1.9664,-11.1164
2692.000000,13,18.0007,186.7310,47.6123,1.7232,-11.1376
2692.000000,14,18.0007,186.8724,47.7059,1.6755,-10.7544
2692.000000,15,18.0007,186.3624,47.3395,1.8191,-9.1666
2692.000000,16,18.0007,186.5064,47.2582,1.5937,-10.2087
2692.000000,17,18.0007,186.6490,47.5771,1.7700,-10.5127
2692.000000,18,18.0007,186.7901,47.4729,1.5248,-11.0254
2692.000000,19,18.0007,186.9296,47.6157,1.5280,-11.0507
2692.000000,20,18.0007,186.4297,45.8406,0.2529,-7.3971
2692.000000,21,18.0007,186.5716,46.5313,0.8017,-8.2309
2692.000000,22,18.0007,186.7122,46.6810,0.8109,-9.3226
2692.000000,23,18.0007,186.8512,46.8460,0.8367,-10.0801
2692.000000,24,18.0007,186.9889,47.1684,1.0215,-10.4003
2693.000000,0,17.9333,186.1925,47.0241,1.6736,-10.3378
2693.000000,1,17.9333,186.3421,46.6265,1.1263,-10.1318
2693.000000,2,17.9333,186.4901,46.7597,1.1116,-9.1348
2693.000000,3,17.9333,186.6363,46.5280,0.7337,-8.3439
2693.000000,4,17.9333,186.7808,45.9357,-0.0031,-7.7909
2693.000000,5,17.9333,186.2533,47.6179,2.2066,-11.0180
2693.000000,6,17.9333,186.4010,47.5123,1.9532,-10.9847
2693.000000,7,17.9333,186.5470,47.5693,1.8642,-10.5612
2693.000000,8,17.9333,186.6914,47.2719,1.4224,-10.3225
2693.000000,9,17.9333,186.8341,47.4313,1.4391,-9.3887
2693.000000,10,17.9333,186.3166,47.7057,2.2310,-10.6285
2693.000000,11,17.9333,186.4623,47.5833,1.9630,-11.1305
2693.000000,12,17.9333,186.6063,47.7125,1.9481,-11.1188
2693.000000,13,17.9333,186.7488,47.6039,1.6971,-11.1473
2693.000000,14,17.9333,186.8897,47.7060,1.6583,-10.7501
2693.000000,15,17.9333,186.3823,47.3436,1.8033,-9.1571
2693.000000,16,17.9333,186.5258,47.2639,1.5801,-10.2066
2693.000000,17,17.9333,186.6678,47.5848,1.7590,-10.5136
2693.000000,18,17.9333,186.8084,47.4689,1.5024,-11.0407
2693.000000,19,17.9333,186.9474,47.6251,1.5197,-11.0497
2693.000000,20,17.9333,186.4501,45.8658,0.2577,-7.3803
2693.000000,21,17.9333,186.5915,46.5548,0.8053,-8.2271
2693.000000,22,17.9333,186.7315,46.6984,0.8089,-9.3331
2693.000000,23,17.9333,186.8700,46.8837,0.8556,-10.0721
2693.000000,24,17.9333,187.0072,47.1916,1.0263,-10.4091
2694.000000,0,17.8656,186.2108,47.0552,1.6864,-10.3429
2694.000000,1,17.8656,186.3599,46.6696,1.1516,-10.1200
2694.000000,2,17.8656,186.5074,46.7796,1.1142,-9.1415
2694.000000,3,17.8656,186.6531,46.5506,0.7395,-8.3366
2694.000000,4,17.8656,186.7971,45.9526,-0.0025,-7.7763
2694.000000,5,17.8656,186.2722,47.6318,2.2015,-11.0122
2694.000000,6,17.8656,186.4194,47.5101,1.9327,-10.9976
2694.000000,7,17.8656,186.5649,47.5777,1.8547,-10.5605
2694.000000,8,17.8656,186.7088,47.2770,1.4102,-10.3196
2694.000000,9,17.8656,186.8510,47.4343,1.4252,-9.3790
2694.000000,10,17.8656,186.3361,47.7055,2.2113,-10.6236
2694.000000,11,17.8656,186.4812,47.5749,1.9357,-11.1401
2694.000000,12,17.8656,186.6247,47.7125,1.9297,-11.1212
2694.000000,13,17.8656,186.7667,47.5989,1.6742,-11.1534
2694.000000,14,17.8656,186.9071,47.7060,1.6409,-10.7458
2694.000000,15,17.8656,186.4023,47.3477,1.7874,-9.1479
2694.000000,16,17.8656,186.5452,47.2696,1.5663,-10.2047
2694.000000,17,17.8656,186.6867,47.5921,1.7474,-10.5149
2694.000000,18,17.8656,186.8268,47.4642,1.4794,-11.0564
2694.000000,19,17.8656,186.9653,47.6339,1.5105,-11.0493
2694.000000,20,17.8656,186.4706,45.8907,0.2621,-7.3642
2694.000000,21,17.8656,186.6114,46.5778,0.8084,-8.2240
2694.000000,22,17.8656,186.7509,46.7153,0.8064,-9.3441
2694.000000,23,17.8656,186.8889,46.9201,0.8732,-10.0651
2694.000000,24,17.8656,187.0256,47.2133,1.0297,-10.4189
2695.000000,0,17.7975,186.2292,47.0848,1.6976,-10.3490
2695.000000,1,17.7975,186.3778,46.7115,1.1756,-10.1093
2695.000000,2,17.7975,186.5248,46.7989,1.1161,-9.1487
2695.000000,3,17.7975,186.6700,46.5729,0.7449,-8.3299
2695.000000,4,17.7975,186.8136,45.9730,0.0014,-7.7582
2695.000000,5,17.7975,186.2913,47.6444,2.1951,-11.0075
2695.000000,6,17.7975,186.4379,47.5073,1.9114,-11.0111
2695.000000,7,17.7975,186.5829,47.5856,1.8447,-10.5603
2695.000000,8,17.7975,186.7262,47.2821,1.3979,-10.3169
2695.000000,9,17.7975,186.8680,47.4373,1.4112,-9.3696
2695.000000,10,17.7975,186.3557,47.7052,2.1915,-10.6188
2695.000000,11,17.7975,186.5002,47.5702,1.9119,-11.1457
2695.000000,12,17.7975,186.6432,47.7125,1.9112,-11.1235
2695.000000,13,17.7975,186.7847,47.5951,1.6523,-11.1582
2695.000000,14,17.7975,186.9246,47.7060,1.6233,-10.7415
2695.000000,15,17.7975,186.4224,47.3517,1.7713,-9.1391
2695.000000,16,17.7975,186.5648,47.2828,1.5600,-10.1946
2695.000000,17,17.7975,186.7058,47.5990,1.7352,-10.5167
2695.000000,18,17.7975,186.8453,47.4590,1.4557,-11.0726
2695.000000,19,17.7975,186.9833,47.6420,1.5006,-11.0492
2695.000000,20,17.7975,186.4912,45.9154,0.2661,-7.3489
2695.000000,21,17.7975,186.6315,46.6004,0.8109,-8.2216
2695.000000,22,17.7975,186.7704,46.7315,0.8031,-9.3557
2695.000000,23,17.7975,186.9079,46.9554,0.8894,-10.0592
2695.000000,24,17.7975,187.0441,47.2337,1.0316,-10.4296
2696.000000,0,17.7292,186.2478,47.1130,1.7071,-10.3561
2696.000000,1,17.7292,186.3959,46.7521,1.1981,-10.0996
2696.000000,2,17.7292,186.5423,46.8177,1.1174,-9.1566
2696.000000,3,17.7292,186.6871,46.5949,0.7498,-8.3239
2696.000000,4,17.7292,186.8301,45.9932,0.0050,-7.7408
2696.000000,5,17.7292,186.3104,47.6559,2.1874,-11.0037
2696.000000,6,17.7292,186.4565,47.5041,1.8895,-11.0249
2696.000000,7,17.7292,186.6010,47.5932,1.8342,-10.5605
2696.000000,8,17.7292,186.7438,47.2872,1.3853,-10.3144
2696.000000,9,17.7292,186.8851,47.4402,1.3971,-9.3605
2696.000000,10,17.7292,186.3754,47.7050,2.1715,-10.6140
2696.000000,11,17.7292,186.5194,47.5656,1.8882,-11.1512
2696.000000,12,17.7292,186.6618,47.7125,1.8926,-11.1259
2696.000000,13,17.7292,186.8028,47.5912,1.6304,-11.1631
2696.000000,14,17.7292,186.9422,47.7060,1.6057,-10.7372
2696.000000,15,17.7292,186.4426,47.3557,1.7551,-9.1307
2696.000000,16,17.7292,186.5845,47.2967,1.5542,-10.1840
2696.000000,17,17.7292,186.7249,47.6054,1.7225,-10.5190
2696.000000,18,17.7292,186.8639,47.4532,1.4313,-11.0892
2696.000000,19,17.7292,187.0014,47.6495,1.4900,-11.0496
2696.000000,20,17.7292,186.5119,45.9398,0.2698,-7.3343
2696.000000,21,17.7292,186.6516,46.6226,0.8129,-8.2199
2696.000000,22,17.7292,186.7900,46.7472,0.7992,-9.3677
2696.000000,23,17.7292,186.9270,46.9894,0.9044,-10.0543
2696.000000,24,17.7292,187.0626,47.2527,1.0320,-10.4412
2697.000000,0,17.6606,186.2665,47.1396,1.7151,-10.3642
2697.000000,1,17.6606,186.4141,46.7915,1.2194,-10.0910
2697.000000,2,17.6606,186.5600,46.8359,1.1179,-9.1650
2697.000000,3,17.6606,186.7042,46.6165,0.7542,-8.3186
2697.000000,4,17.6606,186.8468,46.0133,0.0084,-7.7240
2697.000000,5,17.6606,186.3297,47.6662,2.1785,-11.0010
2697.000000,6,17.6606,186.4752,47.5002,1.8670,-11.0393
2697.000000,7,17.6606,186.6192,47.6004,1.8232,-10.5611
2697.000000,8,17.6606,186.7615,47.2923,1.3727,-10.3121
2697.000000,9,17.6606,186.9023,47.4431,1.3827,-9.3517
2697.000000,10,17.6606,186.3952,47.7047,2.1514,-10.6093
2697.000000,11,17.6606,186.5386,47.5610,1.8644,-11.1567
2697.000000,12,17.6606,186.6806,47.7125,1.8738,-11.1283
2697.000000,13,17.6606,186.8210,47.5874,1.6083,-11.1680
2697.000000,14,17.6606,186.9600,47.7059,1.5879,-10.7330
2697.000000,15,17.6606,186.4629,47.3596,1.7387,-9.1226
2697.000000,16,17.6606,186.6042,47.3103,1.5480,-10.1738
2697.000000,17,17.6606,186.7441,47.6113,1.7092,-10.5218
2697.000000,18,17.6606,186.8826,47.4469,1.4063,-11.1063
2697.000000,19,17.6606,187.0197,47.6563,1.4786,-11.0505
2697.000000,20,17.6606,186.5328,45.9640,0.2732,-7.3205
2697.000000,21,17.6606,186.6719,46.6444,0.8144,-8.2188
2697.000000,22,17.6606,186.8097,46.7624,0.7947,-9.3803
2697.000000,23,17.6606,186.9462,47.0222,0.9180,-10.0503
2697.000000,24,17.6606,187.0813,47.2704,1.0311,-10.4538
2698.000000,0,17.5916,186.2853,47.1648,1.7215,-10.3732
2698.000000,1,17.5916,186.4323,46.8296,1.2393,-10.0833
2698.000000,2,17.5916,186.5778,46.8536,1.1178,-9.1739
2698.000000,3,17.5916,186.7215,46.6377,0.7582,-8.3139
2698.000000,4,17.5916,186.8637,46.0332,0.0115,-7.7079
2698.000000,5,17.5916,186.3491,47.6754,2.1683,-10.9991
2698.000000,6,17.5916,186.4941,47.4959,1.8438,-11.0540
2698.000000,7,17.5916,186.6375,47.6071,1.8116,-10.5622
2698.000000,8,17.5916,186.7794,47.2975,1.3601,-10.3096
2698.000000,9,17.5916,186.9197,47.4460,1.3683,-9.3432
2698.000000,10,17.5916,186.4151,47.7044,2.1312,-10.6047
2698.000000,11,17.5916,186.5580,47.5564,1.8404,-11.1623
2698.000000,12,17.5916,186.6994,47.7125,1.8550,-11.1307
2698.000000,13,17.5916,186.8394,47.5835,1.5861,-11.1729
2698.000000,14,17.5916,186.9778,47.7059,1.5700,-10.7289
2698.000000,15,17.5916,186.4834,47.3635,1.7221,-9.1149
2698.000000,16,17.5916,186.6241,47.3236,1.5414,-10.1641
2698.000000,17,17.5916,186.7634,47.6169,1.6954,-10.5250
2698.000000,18,17.5916,186.9014,47.4402,1.3807,-11.1238
2698.000000,19,17.5916,187.0380,47.6626,1.4665,-11.0518
2698.000000,20,17.5916,186.5537,45.9879,0.2762,-7.3074
2698.000000,21,17.5916,186.6922,46.6657,0.8154,-8.2183
2698.000000,22,17.5916,186.8295,46.7771,0.7896,-9.3933
2698.000000,23,17.5916,186.9654,47.0538,0.9304,-10.0473
2698.000000,24,17.5916,187.1001,47.2869,1.0288,-10.4672
2699.000000,0,17.5224,186.3042,47.1886,1.7264,-10.3831
2699.000000,1,17.5224,186.4508,46.8667,1.2579,-10.0766
2699.000000,2,17.5224,186.5956,46.8708,1.1171,-9.1834
2699.000000,3,17.5224,186.7389,46.6586,0.7617,-8.3098
2699.000000,4,17.5224,186.8806,46.0530,0.0144,-7.6924
2699.000000,5,17.5224,186.3686,47.6835,2.1569,-10.9982
2699.000000,6,17.5224,186.5130,47.4911,1.8200,-11.0691
2699.000000,7,17.5224,186.6559,47.6135,1.7995,-10.5637
2699.000000,8,17.5224,186.7973,47.3097,1.3543,-10.2997
2699.000000,9,17.5224,186.9371,47.4488,1.3537,-9.3350
2699.000000,10,17.5224,186.4352,47.7040,2.1108,-10.6002
2699.000000,11,17.5224,186.5775,47.5518,1.8163,-11.1680
2699.000000,12,17.5224,186.7184,47.7125,1.8361,-11.1332
2699.000000,13,17.5224,186.8578,47.5796,1.5637,-11.1778
2699.000000,14,17.5224,186.9957,47.7058,1.5520,-10.7248
2699.000000,15,17.5224,186.5039,47.3673,1.7054,-9.1076
2699.000000,16,17.5224,186.6441,47.3365,1.5344,-10.1548
2699.000000,17,17.5224,186.7829,47.6220,1.6811,-10.5287
2699.000000,18,17.5224,186.9203,47.4329,1.3545,-11.1416
2699.000000,19,17.5224,187.0564,47.6710,1.4566,-11.0504
2699.000000,20,17.5224,186.5747,46.0116,0.2789,-7.2951
2699.000000,21,17.5224,186.7126,46.6866,0.8159,-8.2185
2699.000000,22,17.5224,186.8494,46.7912,0.7838,-9.4068
2699.000000,23,17.5224,186.9848,47.0843,0.9415,-10.0453
2699.000000,24,17.5224,187.1189,47.3021,1.0252,-10.4814
2700.000000,0,17.4529,186.3233,47.2111,1.7297,-10.3939
2700.000000,1,17.4529,186.4693,46.9025,1.2752,-10.0709
2700.000000,2,17.4529,186.6137,46.8874,1.1157,-9.1934
2700.000000,3,17.4529,186.7564,46.6792,0.7647,-8.3063
2700.000000,4,17.4529,186.8976,46.0726,0.0170,-7.6776
2700.000000,5,17.4529,186.3882,47.6905,2.1443,-10.9983
2700.000000,6,17.4529,186.5321,47.4858,1.7956,-11.0847
2700.000000,7,17.4529,186.6745,47.6195,1.7870,-10.5656
2700.000000,8,17.4529,186.8153,47.3216,1.3482,-10.2902
2700.000000,9,17.4529,186.9547,47.4516,1.3389,-9.3272
2700.000000,10,17.4529,186.4553,47.7037,2.0903,-10.5957
2700.000000,11,17.4529,186.5971,47.5471,1.7920,-11.1736
2700.000000,12,17.4529,186.7374,47.7125,1.8170,-11.1356
2700.000000,13,17.4529,186.8763,47.5756,1.5413,-11.1828
2700.000000,14,17.4529,187.0138,47.7056,1.5338,-10.7207
2700.000000,15,17.4529,186.5245,47.3711,1.6885,-9.1006
2700.000000,16,17.4529,186.6641,47.3491,1.5270,-10.1460
2700.000000,17,17.4529,186.8024,47.6267,1.6663,-10.5327
2700.000000,18,17.4529,186.9393,47.4251,1.3278,-11.1599
2700.000000,19,17.4529,187.0749,47.6793,1.4464,-11.0491
2700.000000,20,17.4529,186.5958,46.0350,0.2812,-7.2834
2700.000000,21,17.4529,186.7332,46.7071,0.8159,-8.2192
2700.000000,22,17.4529,186.8693,46.8048,0.7774,-9.4208
2700.000000,23,17.4529,187.0042,47.1137,0.9514,-10.0442
2700.000000,24,17.4529,187.1378,47.3161,1.0202,-10.4965
2701.000000,0,17.3832,186.3425,47.2322,1.7317,-10.4056
2701.000000,1,17.3832,186.4879,46.9372,1.2912,-10.0660
2701.000000,2,17.3832,186.6318,46.9035,1.1137,-9.2039
2701.000000,3,17.3832,186.7741,46.6994,0.7673,-8.3034
2701.000000,4,17.3832,186.9148,46.0921,0.0193,-7.6634
2701.000000,5,17.3832,186.4079,47.6966,2.1306,-10.9992
2701.000000,6,17.3832,186.5513,47.4800,1.7707,-11.1006
2701.000000,7,17.3832,186.6931,47.6251,1.7740,-10.5679
2701.000000,8,17.3832,186.8335,47.3333,1.3418,-10.2811
2701.000000,9,17.3832,186.9723,47.4544,1.3240,-9.3196
2701.000000,10,17.3832,186.4756,47.7033,2.0697,-10.5913
2701.000000,11,17.3832,186.6168,47.5425,1.7677,-11.1794
2701.000000,12,17.3832,186.7566,47.7125,1.7979,-11.1381
2701.000000,13,17.3832,186.8949,47.5717,1.5187,-11.1879
2701.000000,14,17.3832,187.0319,47.7055,1.5156,-10.7168
2701.000000,15,17.3832,186.5453,47.3748,1.6715,-9.0939
2701.000000,16,17.3832,186.6843,47.3615,1.5191,-10.1377
2701.000000,17,17.3832,186.8220,47.6310,1.6510,-10.5372
2701.000000,18,17.3832,186.9584,47.4169,1.3005,-11.1785
2701.000000,19,17.3832,187.0935,47.6864,1.4349,-11.0487
2701.000000,20,17.3832,186.6169,46.0582,0.2832,-7.2725
2701.000000,21,17.3832,186.7538,46.7272,0.8154,-8.2205
2701.000000,22,17.3832,186.8894,46.8179,0.7705,-9.4352
2701.000000,23,17.3832,187.0237,47.1420,0.9602,-10.0439
2701.000000,24,17.3832,187.1568,47.3289,1.0140,-10.5123
2702.000000,0,17.3131,186.3618,47.2520,1.7322,-10.4181
2702.000000,1,17.3131,186.5067,46.9708,1.3061,-10.0620
2702.000000,2,17.3131,186.6500,46.9191,1.1110,-9.2149
2702.000000,3,17.3131,186.7918,46.7193,0.7694,-8.3010
2702.000000,4,17.3131,186.9320,46.1115,0.0214,-7.6499
2702.000000,5,17.3131,186.4278,47.7016,2.1157,-11.0009
2702.000000,6,17.3131,186.5706,47.4738,1.7452,-11.1169
2702.000000,7,17.3131,186.7119,47.6304,1.7605,-10.5706
2702.000000,8,17.3131,186.8517,47.3447,1.3349,-10.2724
2702.000000,9,17.3131,186.9901,47.4571,1.3090,-9.3124
2702.000000,10,17.3131,186.4959,47.7029,2.0490,-10.5870
2702.000000,11,17.3131,186.6366,47.5378,1.7432,-11.1851
2702.000000,12,17.3131,186.7758,47.7125,1.7786,-11.1406
2702.000000,13,17.3131,186.9137,47.5678,1.4960,-11.1930
2702.000000,14,17.3131,187.0501,47.7054,1.4972,-10.7128
2702.000000,15,17.3131,186.5661,47.3785,1.6544,-9.0876
2702.000000,16,17.3131,186.7046,47.3735,1.5109,-10.1298
2702.000000,17,17.3131,186.8417,47.6350,1.6352,-10.5421
2702.000000,18,17.3131,186.9776,47.4173,1.2816,-11.1878
2702.000000,19,17.3131,187.1121,47.6925,1.4223,-11.0493
2702.000000,20,17.3131,186.6382,46.0811,0.2849,-7.2622
2702.000000,21,17.3131,186.7745,46.7469,0.8144,-8.2224
2702.000000,22,17.3131,186.9095,46.8306,0.7630,-9.4500
2702.000000,23,17.3131,187.0434,47.1692,0.9678,-10.0445
2702.000000,24,17.3131,187.1760,47.3405,1.0065,-10.5289
2703.000000,0,17.2429,186.3812,47.2705,1.7312,-10.4315
2703.000000,1,17.2429,186.5256,47.0033,1.3197,-10.0590
2703.000000,2,17.2429,186.6684,46.9342,1.1078,-9.2264
2703.000000,3,17.2429,186.8097,46.7388,0.7711,-8.2993
2703.000000,4,17.2429,186.9494,46.1306,0.0232,-7.6369
2703.000000,5,17.2429,186.4477,47.7056,2.0998,-11.0035
2703.000000,6,17.2429,186.5900,47.4671,1.7191,-11.1335
2703.000000,7,17.2429,186.7308,47.6353,1.7465,-10.5737
2703.000000,8,17.2429,186.8701,47.3559,1.3278,-10.2641
2703.000000,9,17.2429,187.0080,47.4598,1.2938,-9.3054
2703.000000,10,17.2429,186.5164,47.7025,2.0281,-10.5828
2703.000000,11,17.2429,186.6564,47.5331,1.7186,-11.1909
2703.000000,12,17.2429,186.7952,47.7125,1.7593,-11.1431
2703.000000,13,17.2429,186.9325,47.5638,1.4732,-11.1981
2703.000000,14,17.2429,187.0685,47.7052,1.4787,-10.7090
2703.000000,15,17.2429,186.5870,47.3821,1.6371,-9.0816
2703.000000,16,17.2429,186.7249,47.3852,1.5023,-10.1224
2703.000000,17,17.2429,186.8615,47.6385,1.6190,-10.5474
2703.000000,18,17.2429,186.9969,47.4312,1.2763,-11.1824
2703.000000,19,17.2429,187.1309,47.6976,1.4086,-11.0508
2703.000000,20,17.2429,186.6596,46.1038,0.2862,-7.2526
2703.000000,21,17.2429,186.7953,46.7662,0.8130,-8.2249
2703.000000,22,17.2429,186.9298,46.8427,0.7549,-9.4652
2703.000000,23,17.2429,187.0631,47.1953,0.9742,-10.0459
2703.000000,24,17.2429,187.1951,47.3510,0.9979,-10.5462
2704.000000,0,17.1723,186.4008,47.2878,1.7290,-10.4456
2704.000000,1,17.1723,186.5446,47.0347,1.3321,-10.0567
2704.000000,2,17.1723,186.6869,46.9488,1.1039,-9.2383
2704.000000,3,17.1723,186.8276,46.7580,0.7723,-8.2981
2704.000000,4,17.1723,186.9669,46.1497,0.0247,-7.6246
2704.000000,5,17.1723,186.4678,47.7086,2.0828,-11.0070
2704.000000,6,17.1723,186.6095,47.4600,1.6925,-11.1505
2704.000000,7,17.1723,186.7497,47.6399,1.7321,-10.5772
2704.000000,8,17.1723,186.8885,47.3668,1.3202,-10.2562
2704.000000,9,17.1723,187.0259,47.4625,1.2785,-9.2988
2704.000000,10,17.1723,186.5369,47.7021,2.0071,-10.5787
2704.000000,11,17.1723,186.6764,47.5284,1.6939,-11.1968
2704.000000,12,17.1723,186.8146,47.7125,1.7398,-11.1456
2704.000000,13,17.1723,186.9514,47.5598,1.4503,-11.2032
2704.000000,14,17.1723,187.0869,47.7050,1.4601,-10.7052
2704.000000,15,17.1723,186.6080,47.3857,1.6197,-9.0760
2704.000000,16,17.1723,186.7453,47.3967,1.4933,-10.1154
2704.000000,17,17.1723,186.8814,47.6417,1.6023,-10.5531
2704.000000,18,17.1723,187.0162,47.4446,1.2703,-11.1774
2704.000000,19,17.1723,187.1498,47.7017,1.3939,-11.0532
2704.000000,20,17.1723,186.6810,46.1262,0.2872,-7.2437
2704.000000,21,17.1723,186.8161,46.7852,0.8110,-8.2278
2704.000000,22,17.1723,186.9501,46.8544,0.7463,-9.4807
2704.000000,23,17.1723,187.0828,47.2205,0.9796,-10.0482
2704.000000,24,17.1723,187.2144,47.3605,0.9880,-10.5642
2705.000000,0,17.1016,186.4204,47.3038,1.7253,-10.4604
2705.000000,1,17.1016,186.5637,47.0651,1.3434,-10.0553
2705.000000,2,17.1016,186.7055,46.9630,1.0995,-9.2507
2705.000000,3,17.1016,186.8457,46.7769,0.7731,-8.2974
2705.000000,4,17.1016,186.9845,46.1686,0.0260,-7.6128
2705.000000,5,17.1016,186.4879,47.7108,2.0648,-11.0112
2705.000000,6,17.1016,186.6291,47.4524,1.6653,-11.1678
2705.000000,7,17.1016,186.7688,47.6441,1.7173,-10.5810
2705.000000,8,17.1016,186.9071,47.3775,1.3124,-10.2487
2705.000000,9,17.1016,187.0440,47.4651,1.2631,-9.2924
2705.000000,10,17.1016,186.5575,47.7016,1.9861,-10.5747
2705.000000,11,17.1016,186.6965,47.5237,1.6691,-11.2027
2705.000000,12,17.1016,186.8341,47.7125,1.7203,-11.1481
2705.000000,13,17.1016,186.9704,47.5558,1.4274,-11.2084
2705.000000,14,17.1016,187.1054,47.7048,1.4413,-10.7015
2705.000000,15,17.1016,186.6291,47.3892,1.6021,-9.0707
2705.000000,16,17.1016,186.7659,47.4078,1.4839,-10.1088
2705.000000,17,17.1016,186.9014,47.6446,1.5851,-10.5591
2705.000000,18,17.1016,187.0357,47.4576,1.2639,-11.1727
2705.000000,19,17.1016,187.1687,47.7047,1.3780,-11.0565
2705.000000,20,17.1016,186.7025,46.1484,0.2878,-7.2354
2705.000000,21,17.1016,186.8371,46.8037,0.8086,-8.2314
2705.000000,22,17.1016,186.9705,46.8656,0.7371,-9.4967
2705.000000,23,17.1016,187.1027,47.2446,0.9838,-10.0512
2705.000000,24,17.1016,187.2338,47.3688,0.9770,-10.5830
2706.000000,0,17.0306,186.4402,47.3186,1.7204,-10.4760
2706.000000,1,17.0306,186.5829,47.0944,1.3535,-10.0547
2706.000000,2,17.0306,186.7241,46.9767,1.0945,-9.2635
2706.000000,3,17.0306,186.8639,46.7954,0.7735,-8.2973
2706.000000,4,17.0306,187.0022,46.1873,0.0271,-7.6017
2706.000000,5,17.0306,186.5082,47.7120,2.0457,-11.0162
2706.000000,6,17.0306,186.6488,47.4543,1.6475,-11.1749
2706.000000,7,17.0306,186.7880,47.6480,1.7020,-10.5852
2706.000000,8,17.0306,186.9258,47.3880,1.3042,-10.2415
2706.000000,9,17.0306,187.0621,47.4677,1.2475,-9.2864
2706.000000,10,17.0306,186.5783,47.7012,1.9649,-10.5707
2706.000000,11,17.0306,186.7167,47.5190,1.6443,-11.2086
2706.000000,12,17.0306,186.8538,47.7125,1.7006,-11.1507
2706.000000,13,17.0306,186.9896,47.5518,1.4043,-11.2136
2706.000000,14,17.0306,187.1240,47.7046,1.4225,-10.6978
2706.000000,15,17.0306,186.6503,47.3927,1.5844,-9.0658
2706.000000,16,17.0306,186.7865,47.4187,1.4742,-10.1026
2706.000000,17,17.0306,186.9215,47.6471,1.5676,-10.5655
2706.000000,18,17.0306,187.0552,47.4702,1.2569,-11.1684
2706.000000,19,17.0306,187.1877,47.7069,1.3611,-11.0605
2706.000000,20,17.0306,186.7241,46.1703,0.2882,-7.2278
2706.000000,21,17.0306,186.8581,46.8219,0.8058,-8.2354
2706.000000,22,17.0306,186.9910,46.8764,0.7274,-9.5130
2706.000000,23,17.0306,187.1226,47.2677,0.9870,-10.0549
2706.000000,24,17.0306,187.2532,47.3761,0.9649,-10.6023
2707.000000,0,16.9593,186.4601,47.3323,1.7142,-10.4923
2707.000000,1,16.9593,186.6022,47.1227,1.3625,-10.0549
2707.000000,2,16.9593,186.7429,46.9899,1.0889,-9.2767
2707.000000,3,16.9593,186.8822,46.8136,0.7734,-8.2977
2707.000000,4,16.9593,187.0200,46.2059,0.0279,-7.5911
2707.000000,5,16.9593,186.5286,47.7123,2.0257,-11.0219
2707.000000,6,16.9593,186.6686,47.4670,1.6403,-11.1703
2707.000000,7,16.9593,186.8072,47.6516,1.6863,-10.5897
2707.000000,8,16.9593,186.9445,47.3982,1.2957,-10.2347
2707.000000,9,16.9593,187.0804,47.4703,1.2319,-9.2806
2707.000000,10,16.9593,186.5991,47.7007,1.9435,-10.5669
2707.000000,11,16.9593,186.7370,47.5143,1.6193,-11.2146
2707.000000,12,16.9593,186.8735,47.7125,1.6809,-11.1533
2707.000000,13,16.9593,187.0088,47.5479,1.3811,-11.2189
2707.000000,14,16.9593,187.1427,47.7043,1.4036,-10.6943
2707.000000,15,16.9593,186.6716,47.3961,1.5665,-9.0612
2707.000000,16,16.9593,186.8072,47.4293,1.4641,-10.0969
2707.000000,17,16.9593,186.9416,47.6492,1.5496,-10.5723
2707.000000,18,16.9593,187.0748,47.4823,1.2495,-11.1644
2707.000000,19,16.9593,187.2068,47.7081,1.3432,-11.0655
2707.000000,20,16.9593,186.7458,46.1920,0.2882,-7.2208
2707.000000,21,16.9593,186.8792,46.8397,0.8025,-8.2399
2707.000000,22,16.9593,187.0115,46.8867,0.7172,-9.5296
2707.000000,23,16.9593,187.1427,47.2899,0.9892,-10.0595
2707.000000,24,16.9593,187.2727,47.3824,0.9517,-10.6223
2708.000000,0,16.8879,186.4800,47.3448,1.7068,-10.5093
2708.000000,1,16.8879,186.6217,47.1501,1.3704,-10.0558
2708.000000,2,16.8879,186.7618,47.0026,1.0827,-9.2903
2708.000000,3,16.8879,186.9006,46.8315,0.7729,-8.2987
2708.000000,4,16.8879,187.0379,46.2243,0.0284,-7.5811
2708.000000,5,16.8879,186.5490,47.7118,2.0047,-11.0284
2708.000000,6,16.8879,186.6885,47.4792,1.6327,-11.1660
2708.000000,7,16.8879,186.8266,47.6548,1.6702,-10.5946
2708.000000,8,16.8879,186.9634,47.4082,1.2868,-10.2282
2708.000000,9,16.8879,187.0987,47.4728,1.2160,-9.2751
2708.000000,10,16.8879,186.6200,47.7002,1.9221,-10.5631
2708.000000,11,16.8879,186.7573,47.5096,1.5942,-11.2206
2708.000000,12,16.8879,186.8933,47.7125,1.6611,-11.1559
2708.000000,13,16.8879,187.0280,47.5439,1.3578,-11.2242
2708.000000,14,16.8879,187.1615,47.7041,1.3845,-10.6908
2708.000000,15,16.8879,186.6929,47.3995,1.5485,-9.0569
2708.000000,16,16.8879,186.8280,47.4396,1.4536,-10.0915
2708.000000,17,16.8879,186.9619,47.6510,1.5311,-10.5794
2708.000000,18,16.8879,187.0946,47.4941,1.2415,-11.1607
2708.000000,19,16.8879,187.2260,47.7084,1.3243,-11.0712
2708.000000,20,16.8879,186.7675,46.2134,0.2878,-7.2144
2708.000000,21,16.8879,186.9004,46.8571,0.7987,-8.2449
2708.000000,22,16.8879,187.0321,46.8966,0.7065,-9.5466
2708.000000,23,16.8879,187.1628,47.3111,0.9903,-10.0647
2708.000000,24,16.8879,187.2923,47.3877,0.9374,-10.6429
2709.000000,0,16.8162,186.5001,47.3562,1.6981,-10.5269
2709.000000,1,16.8162,186.6412,47.1764,1.3772,-10.0574
2709.000000,2,16.8162,186.7808,47.0149,1.0761,-9.3043
2709.000000,3,16.8162,186.9190,46.8491,0.7720,-8.3001
2709.000000,4,16.8162,187.0558,46.2425,0.0286,-7.5717
2709.000000,5,16.8162,186.5696,47.7105,1.9828,-11.0356
2709.000000,6,16.8162,186.7085,47.4910,1.6245,-11.1621
2709.000000,7,16.8162,186.8461,47.6578,1.6537,-10.5998
2709.000000,8,16.8162,186.9823,47.4180,1.2777,-10.2222
2709.000000,9,16.8162,187.1172,47.4753,1.2001,-9.2700
2709.000000,10,16.8162,186.6411,47.6997,1.9006,-10.5595
2709.000000,11,16.8162,186.7778,47.5049,1.5691,-11.2266
2709.000000,12,16.8162,186.9132,47.7125,1.6412,-11.1585
2709.000000,13,16.8162,187.0474,47.5399,1.3344,-11.2295
2709.000000,14,16.8162,187.1804,47.7038,1.3654,-10.6874
2709.000000,15,16.8162,186.7143,47.4028,1.5304,-9.0529
2709.000000,16,16.8162,186.8488,47.4497,1.4428,-10.0866
2709.000000,17,16.8162,186.9822,47.6525,1.5123,-10.5868
2709.000000,18,16.8162,187.1143,47.5054,1.2331,-11.1574
2709.000000,19,16.8162,187.2453,47.7079,1.3045,-11.0776
2709.000000,20,16.8162,186.7894,46.2346,0.2872,-7.2086
2709.000000,21,16.8162,186.9217,46.8742,0.7945,-8.2504
2709.000000,22,16.8162,187.0528,46.9061,0.6952,-9.5639
2709.000000,23,16.8162,187.1829,47.3314,0.9904,-10.0706
2709.000000,24,16.8162,187.3119,47.3920,0.9220,-10.6641
2710.000000,0,16.7443,186.5203,47.3666,1.6882,-10.5452
2710.000000,1,16.7443,186.6608,47.2018,1.3829,-10.0598
2710.000000,2,16.7443,186.7999,47.0268,1.0688,-9.3187
2710.000000,3,16.7443,186.9376,46.8663,0.7706,-8.3020
2710.000000,4,16.7443,187.0739,46.2606,0.0286,-7.5628
2710.000000,5,16.7443,186.5903,47.7083,1.9600,-11.0436
2710.000000,6,16.7443,186.7286,47.5024,1.6158,-11.1585
2710.000000,7,16.7443,186.8656,47.6604,1.6368,-10.6053
2710.000000,8,16.7443,187.0013,47.4276,1.2682,-10.2164
2710.000000,9,16.7443,187.1357,47.4778,1.1840,-9.2651
2710.000000,10,16.7443,186.6622,47.6992,1.8790,-10.5560
2710.000000,11,16.7443,186.7983,47.5002,1.5439,-11.2327
2710.000000,12,16.7443,186.9332,47.7125,1.6212,-11.1612
2710.000000,13,16.7443,187.0669,47.5359,1.3109,-11.2349
2710.000000,14,16.7443,187.1993,47.7035,1.3461,-10.6840
2710.000000,15,16.7443,186.7359,47.4061,1.5122,-9.0492
2710.000000,16,16.7443,186.8698,47.4595,1.4316,-10.0820
2710.000000,17,16.7443,187.0026,47.6537,1.4931,-10.5946
2710.000000,18,16.7443,187.1342,47.5164,1.2241,-11.1545
2710.000000,19,16.7443,187.2647,47.7065,1.2838,-11.0849
2710.000000,20,16.7443,186.8113,46.2555,0.2862,-7.2034
2710.000000,21,16.7443,186.9430,46.8909,0.7899,-8.2564
2710.000000,22,16.7443,187.0736,46.9152,0.6835,-9.5815
2710.000000,23,16.7443,187.2032,47.3508,0.9896,-10.0772
2710.000000,24,16.7443,187.3317,47.3954,0.9057,-10.6858
2711.000000,0,16.6723,186.5406,47.3758,1.6772,-10.5641
2711.000000,1,16.6723,186.6805,47.2262,1.3876,-10.0629
2711.000000,2,16.6723,186.8191,47.0382,1.0611,-9.3334
2711.000000,3,16.6723,186.9563,46.8832,0.7689,-8.3044
2711.000000,4,16.6723,187.0921,46.2786,0.0284,-7.5545
2711.000000,5,16.6723,186.6110,47.7053,1.9363,-11.0521
2711.000000,6,16.6723,186.7488,47.5135,1.6066,-11.1552
2711.000000,7,16.6723,186.8853,47.6628,1.6194,-10.6112
2711.000000,8,16.6723,187.0205,47.4369,1.2584,-10.2111
2711.000000,9,16.6723,187.1543,47.4802,1.1678,-9.2605
2711.000000,10,16.6723,186.6833,47.6994,1.8580,-10.5517
2711.000000,11,16.6723,186.8189,47.4955,1.5186,-11.2388
2711.000000,12,16.6723,186.9533,47.7125,1.6011,-11.1639
2711.000000,13,16.6723,187.0864,47.5319,1.2874,-11.2402
2711.000000,14,16.6723,187.2184,47.7032,1.3268,-10.6808
2711.000000,15,16.6723,186.7575,47.4093,1.4938,-9.0459
2711.000000,16,16.6723,186.8908,47.4690,1.4201,-10.0779
2711.000000,17,16.6723,187.0231,47.6546,1.4735,-10.6026
2711.000000,18,16.6723,187.1541,47.5269,1.2147,-11.1518
2711.000000,19,16.6723,187.2841,47.7042,1.2621,-11.0928
2711.000000,20,16.6723,186.8333,46.2762,0.2849,-7.1988
2711.000000,21,16.6723,186.9644,46.9073,0.7849,-8.2628
2711.000000,22,16.6723,187.0945,46.9239,0.6713,-9.5993
2711.000000,23,16.6723,187.2235,47.3694,0.9878,-10.0845
2711.000000,24,16.6723,187.3515,47.3979,0.8884,-10.7081
2712.000000,0,16.6000,186.5610,47.3841,1.6650,-10.5835
2712.000000,1,16.6000,186.7004,47.2497,1.3913,-10.0667
2712.000000,2,16.6000,186.8384,47.0492,1.0528,-9.3485
2712.000000,3,16.6000,186.9751,46.8999,0.7667,-8.3073
2712.000000,4,16.6000,187.1104,46.2963,0.0279,-7.5467
2712.000000,5,16.6000,186.6319,47.7016,1.9117,-11.0614
2712.000000,6,16.6000,186.7691,47.5241,1.5970,-11.1522
2712.000000,7,16.6000,186.9050,47.6648,1.6018,-10.6173
2712.000000,8,16.6000,187.0397,47.4460,1.2483,-10.2060
2712.000000,9,16.6000,187.1731,47.4826,1.1515,-9.2561
2712.000000,10,16.6000,186.7046,47.6996,1.8369,-10.5476
2712.000000,11,16.6000,186.8396,47.4909,1.4932,-11.2449
2712.000000,12,16.6000,186.9734,47.7125,1.5810,-11.1666
2712.000000,13,16.6000,187.1061,47.5279,1.2638,-11.2457
2712.000000,14,16.6000,187.2375,47.7029,1.3074,-10.6776
2712.000000,15,16.6000,186.7791,47.4125,1.4753,-9.0429
2712.000000,16,16.6000,186.9119,47.4782,1.4083,-10.0741
2712.000000,17,16.6000,187.0436,47.6552,1.4536,-10.6110
2712.000000,18,16.6000,187.1742,47.5371,1.2049,-11.1495
2712.000000,19,16.6000,187.3036,47.7012,1.2396,-11.1015
2712.000000,20,16.6000,186.8553,46.2967,0.2833,-7.1948
2712.000000,21,16.6000,186.9859,46.9233,0.7794,-8.2697
2712.000000,22,16.6000,187.1154,46.9321,0.6587,-9.6175
2712.000000,23,16.6000,187.2439,47.3870,0.9851,-10.0923
2712.000000,24,16.6000,187.3713,47.3995,0.8701,-10.7309
2713.000000,0,16.5275,186.5815,47.3913,1.6518,-10.6036
2713.000000,1,16.5275,186.7203,47.2724,1.3940,-10.0711
2713.000000,2,16.5275,186.8578,47.0598,1.0440,-9.3640
2713.000000,3,16.5275,186.9940,46.9162,0.7642,-8.3106
2713.000000,4,16.5275,187.1288,46.3139,0.0271,-7.5394
2713.000000,5,16.5275,186.6528,47.6972,1.8863,-11.0713
2713.000000,6,16.5275,186.7894,47.5361,1.5886,-11.1477
2713.000000,7,16.5275,186.9248,47.6666,1.5837,-10.6237
2713.000000,8,16.5275,187.0590,47.4549,1.2379,-10.2014
2713.000000,9,16.5275,187.1919,47.4849,1.1350,-9.2521
2713.000000,10,16.5275,186.7260,47.6998,1.8158,-10.5436
2713.000000,11,16.5275,186.8604,47.4862,1.4677,-11.2510
2713.000000,12,16.5275,186.9937,47.7125,1.5607,-11.1694
2713.000000,13,16.5275,187.1258,47.5239,1.2401,-11.2511
2713.000000,14,16.5275,187.2567,47.7025,1.2878,-10.6746
2713.000000,15,16.5275,186.8009,47.4157,1.4567,-9.0401
2713.000000,16,16.5275,186.9331,47.4873,1.3961,-10.0706
2713.000000,17,16.5275,187.0642,47.6555,1.4332,-10.6197
2713.000000,18,16.5275,187.1943,47.5469,1.1946,-11.1474
2713.000000,19,16.5275,187.3232,47.6974,1.2162,-11.1109
2713.000000,20,16.5275,186.8774,46.3169,0.2814,-7.1913
2713.000000,21,16.5275,187.0074,46.9390,0.7735,-8.2769
2713.000000,22,16.5275,187.1364,46.9400,0.6456,-9.6359
2713.000000,23,16.5275,187.2644,47.4039,0.9815,-10.1008
2713.000000,24,16.5275,187.3913,47.4002,0.8509,-10.7543
2714.000000,0,16.4549,186.6021,47.3975,1.6374,-10.6242
2714.000000,1,16.4549,186.7403,47.2941,1.3957,-10.0762
2714.000000,2,16.4549,186.8773,47.0700,1.0347,-9.3797
2714.000000,3,16.4549,187.0129,46.9322,0.7613,-8.3143
2714.000000,4,16.4549,187.1472,46.3314,0.0261,-7.5327
2714.000000,5,16.4549,186.6738,47.6920,1.8601,-11.0818
2714.000000,6,16.4549,186.8099,47.5478,1.5799,-11.1434
2714.000000,7,16.4549,186.9448,47.6681,1.5653,-10.6305
2714.000000,8,16.4549,187.0784,47.4636,1.2272,-10.1970
2714.000000,9,16.4549,187.2107,47.4873,1.1185,-9.2483
2714.000000,10,16.4549,186.7474,47.7000,1.7945,-10.5396
2714.000000,11,16.4549,186.8813,47.4816,1.4422,-11.2572
2714.000000,12,16.4549,187.0140,47.7125,1.5404,-11.1721
2714.000000,13,16.4549,187.1456,47.5199,1.2163,-11.2566
2714.000000,14,16.4549,187.2760,47.7022,1.2682,-10.6716
2714.000000,15,16.4549,186.8227,47.4188,1.4380,-9.0377
2714.000000,16,16.4549,186.9544,47.4960,1.3836,-10.0676
2714.000000,17,16.4549,187.0849,47.6555,1.4126,-10.6286
2714.000000,18,16.4549,187.2144,47.5563,1.1838,-11.1457
2714.000000,19,16.4549,187.3428,47.6929,1.1920,-11.1209
2714.000000,20,16.4549,186.8996,46.3368,0.2792,-7.1884
2714.000000,21,16.4549,187.0290,46.9543,0.7672,-8.2846
2714.000000,22,16.4549,187.1575,46.9476,0.6321,-9.6545
2714.000000,23,16.4549,187.2849,47.4199,0.9769,-10.1099
2714.000000,24,16.4549,187.4113,47.4001,0.8307,-10.7780
2715.000000,0,16.3821,186.6227,47.4028,1.6220,-10.6453
2715.000000,1,16.3821,186.7604,47.3150,1.3965,-10.0819
2715.000000,2,16.3821,186.8969,47.0798,1.0249,-9.3958
2715.000000,3,16.3821,187.0320,46.9479,0.7579,-8.3185
2715.000000,4,16.3821,187.1658,46.3487,0.0249,-7.5265
2715.000000,5,16.3821,186.6949,47.6861,1.8331,-11.0929
2715.000000,6,16.3821,186.8305,47.5589,1.5704,-11.1397
2715.000000,7,16.3821,186.9648,47.6693,1.5466,-10.6375
2715.000000,8,16.3821,187.0978,47.4721,1.2162,-10.1930
2715.000000,9,16.3821,187.2297,47.4896,1.1018,-9.2448
2715.000000,10,16.3821,186.7689,47.7002,1.7732,-10.5358
2715.000000,11,16.3821,186.9022,47.4799,1.4196,-11.2603
2715.000000,12,16.3821,187.0344,47.7125,1.5200,-11.1749
2715.000000,13,16.3821,187.1654,47.5160,1.1925,-11.2621
2715.000000,14,16.3821,187.2953,47.7018,1.2485,-10.6687
2715.000000,15,16.3821,186.8446,47.4218,1.4192,-9.0356
2715.000000,16,16.3821,186.9757,47.5045,1.3708,-10.0649
2715.000000,17,16.3821,187.1057,47.6553,1.3915,-10.6378
2715.000000,18,16.3821,187.2347,47.5654,1.1726,-11.1443
2715.000000,19,16.3821,187.3626,47.6890,1.1684,-11.1301
2715.000000,20,16.3821,186.9219,46.3566,0.2767,-7.1860
2715.000000,21,16.3821,187.0507,46.9693,0.7606,-8.2927
2715.000000,22,16.3821,187.1786,46.9547,0.6181,-9.6734
2715.000000,23,16.3821,187.3055,47.4351,0.9716,-10.1196
2715.000000,24,16.3821,187.4314,47.3991,0.8097,-10.8023
2716.000000,0,16.3091,186.6435,47.4072,1.6056,-10.6670
2716.000000,1,16.3091,186.7806,47.3350,1.3963,-10.0882
2716.000000,2,16.3091,186.9165,47.0892,1.0146,-9.4122
2716.000000,3,16.3091,187.0511,46.9634,0.7542,-8.3232
2716.000000,4,16.3091,187.1844,46.3658,0.0234,-7.5208
2716.000000,5,16.3091,186.7161,47.6796,1.8054,-11.1046
2716.000000,6,16.3091,186.8511,47.5693,1.5601,-11.1366
2716.000000,7,16.3091,186.9848,47.6703,1.5274,-10.6448
2716.000000,8,16.3091,187.1174,47.4804,1.2049,-10.1893
2716.000000,9,16.3091,187.2488,47.4918,1.0850,-9.2416
2716.000000,10,16.3091,186.7905,47.7003,1.7518,-10.5321
2716.000000,11,16.3091,186.9233,47.4806,1.3993,-11.2608
2716.000000,12,16.3091,187.0549,47.7125,1.4995,-11.1778
2716.000000,13,16.3091,187.1854,47.5120,1.1686,-11.2677
2716.000000,14,16.3091,187.3148,47.7015,1.2287,-10.6659
2716.000000,15,16.3091,186.8666,47.4248,1.4002,-9.0337
2716.000000,16,16.3091,186.9971,47.5128,1.3577,-10.0626
2716.000000,17,16.3091,187.1266,47.6548,1.3702,-10.6473
2716.000000,18,16.3091,187.2550,47.5741,1.1610,-11.1431
2716.000000,19,16.3091,187.3824,47.6866,1.1462,-11.1375
2716.000000,20,16.3091,186.9442,46.3760,0.2738,-7.1842
2716.000000,21,16.3091,187.0725,46.9840,0.7535,-8.3012
2716.000000,22,16.3091,187.1998,46.9615,0.6037,-9.6926
2716.000000,23,16.3091,187.3261,47.4495,0.9653,-10.1298
2716.000000,24,16.3091,187.4515,47.3974,0.7879,-10.8270
2717.000000,0,16.2360,186.6643,47.4106,1.5882,-10.6891
2717.000000,1,16.2360,186.8009,47.3542,1.3952,-10.0951
2717.000000,2,16.2360,186.9363,47.0982,1.0039,-9.4289
2717.000000,3,16.2360,187.0703,46.9785,0.7501,-8.3282
2717.000000,4,16.2360,187.2032,46.3828,0.0216,-7.5156
2717.000000,5,16.2360,186.7374,47.6725,1.7770,-11.1166
2717.000000,6,16.2360,186.8718,47.5791,1.5492,-11.1341
2717.000000,7,16.2360,187.0050,47.6711,1.5080,-10.6524
2717.000000,8,16.2360,187.1370,47.4885,1.1934,-10.1860
2717.000000,9,16.2360,187.2679,47.4941,1.0681,-9.2387
2717.000000,10,16.2360,186.8122,47.7005,1.7302,-10.5285
2717.000000,11,16.2360,186.9444,47.4814,1.3790,-11.2613
2717.000000,12,16.2360,187.0754,47.7125,1.4790,-11.1806
2717.000000,13,16.2360,187.2054,47.5081,1.1446,-11.2733
2717.000000,14,16.2360,187.3343,47.7011,1.2088,-10.6632
2717.000000,15,16.2360,186.8886,47.4278,1.3811,-9.0322
2717.000000,16,16.2360,187.0186,47.5209,1.3443,-10.0606
2717.000000,17,16.2360,187.1475,47.6540,1.3485,-10.6570
2717.000000,18,16.2360,187.2754,47.5824,1.1490,-11.1423
2717.000000,19,16.2360,187.4022,47.6839,1.1236,-11.1452
2717.000000,20,16.2360,186.9666,46.3953,0.2707,-7.1829
2717.000000,21,16.2360,187.0943,46.9984,0.7461,-8.3101
2717.000000,22,16.2360,187.2210,46.9790,0.5999,-9.6997
2717.000000,23,16.2360,187.3469,47.4632,0.9583,-10.1405
2717.000000,24,16.2360,187.4717,47.3949,0.7652,-10.8521
2718.000000,0,16.1627,186.6853,47.4131,1.5698,-10.7117
2718.000000,1,16.1627,186.8213,47.3726,1.3932,-10.1025
2718.000000,2,16.1627,186.9561,47.1068,0.9927,-9.4458
2718.000000,3,16.1627,187.0897,46.9933,0.7456,-8.3337
2718.000000,4,16.1627,187.2220,46.3996,0.0196,-7.5109
2718.000000,5,16.1627,186.7588,47.6692,1.7524,-11.1245
2718.000000,6,16.1627,186.8926,47.5882,1.5376,-11.1322
2718.000000,7,16.1627,187.0253,47.6715,1.4882,-10.6602
2718.000000,8,16.1627,187.1568,47.4963,1.1815,-10.1829
2718.000000,9,16.1627,187.2871,47.4963,1.0511,-9.2360
2718.000000,10,16.1627,186.8339,47.7006,1.7086,-10.5250
2718.000000,11,16.1627,186.9655,47.4822,1.3586,-11.2618
2718.000000,12,16.1627,187.0961,47.7125,1.4584,-11.1835
2718.000000,13,16.1627,187.2255,47.5041,1.1206,-11.2789
2718.000000,14,16.1627,187.3539,47.7007,1.1888,-10.6606
2718.000000,15,16.1627,186.9107,47.4307,1.3619,-9.0309
2718.000000,16,16.1627,187.0401,47.5287,1.3305,-10.0589
2718.000000,17,16.1627,187.1685,47.6530,1.3265,-10.6670
2718.000000,18,16.1627,187.2958,47.5905,1.1366,-11.1417
2718.000000,19,16.1627,187.4222,47.6807,1.1005,-11.1532
2718.000000,20,16.1627,186.9890,46.4143,0.2672,-7.1821
2718.000000,21,16.1627,187.1161,47.0124,0.7383,-8.3193
2718.000000,22,16.1627,187.2423,47.0054,0.6050,-9.6968
2718.000000,23,16.1627,187.3676,47.4761,0.9504,-10.1518
2718.000000,24,16.1627,187.4920,47.3917,0.7417,-10.8776
2719.000000,0,16.0892,186.7063,47.4148,1.5505,-10.7348
2719.000000,1,16.0892,186.8418,47.3902,1.3903,-10.1105
2719.000000,2,16.0892,186.9760,47.1151,0.9810,-9.4630
2719.000000,3,16.0892,187.1091,47.0079,0.7408,-8.3395
2719.000000,4,16.0892,187.2409,46.4163,0.0173,-7.5066
2719.000000,5,16.0892,186.7802,47.6656,1.7274,-11.1326
2719.000000,6,16.0892,186.9135,47.5968,1.5253,-11.1308
2719.000000,7,16.0892,187.0456,47.6718,1.4681,-10.6682
2719.000000,8,16.0892,187.1766,47.5040,1.1694,-10.1802
2719.000000,9,16.0892,187.3064,47.4984,1.0340,-9.2335
2719.000000,10,16.0892,186.8558,47.7007,1.6869,-10.5216
2719.000000,11,16.0892,186.9868,47.4830,1.3381,-11.2624
2719.000000,12,16.0892,187.1168,47.7125,1.4377,-11.1865
2719.000000,13,16.0892,187.2457,47.5002,1.0965,-11.2845
2719.000000,14,16.0892,187.3735,47.7003,1.1688,-10.6580
2719.000000,15,16.0892,186.9329,47.4336,1.3426,-9.0299
2719.000000,16,16.0892,187.0617,47.5363,1.3165,-10.0576
2719.000000,17,16.0892,187.1895,47.6518,1.3042,-10.6773
2719.000000,18,16.0892,187.3164,47.5982,1.1238,-11.1414
2719.000000,19,16.0892,187.4422,47.6773,1.0771,-11.1614
2719.000000,20,16.0892,187.0115,46.4330,0.2635,-7.1817
2719.000000,21,16.0892,187.1381,47.0262,0.7301,-8.3289
2719.000000,22,16.0892,187.2637,47.0311,0.6093,-9.6945
2719.000000,23,16.0892,187.3885,47.4883,0.9417,-10.1636
2719.000000,24,16.0892,187.5123,47.3878,0.7174,-10.9034
2720.000000,0,16.0156,186.7274,47.4157,1.5302,-10.7583
2720.000000,1,16.0156,186.8623,47.4070,1.3866,-10.1191
2720.000000,2,16.0156,186.9961,47.1230,0.9689,-9.4805
2720.000000,3,16.0156,187.1286,47.0222,0.7356,-8.3457
2720.000000,4,16.0156,187.2598,46.4327,0.0149,-7.5029
2720.000000,5,16.0156,186.8017,47.6617,1.7019,-11.1410
2720.000000,6,16.0156,186.9344,47.6048,1.5124,-11.1300
2720.000000,7,16.0156,187.0660,47.6718,1.4478,-10.6766
2720.000000,8,16.0156,187.1964,47.5115,1.1570,-10.1777
2720.000000,9,16.0156,187.3257,47.5006,1.0168,-9.2314
2720.000000,10,16.0156,186.8777,47.7009,1.6652,-10.5184
2720.000000,11,16.0156,187.0081,47.4838,1.3176,-11.2631
2720.000000,12,16.0156,187.1375,47.7125,1.4169,-11.1894
2720.000000,13,16.0156,187.2659,47.4996,1.0756,-11.2866
2720.000000,14,16.0156,187.3932,47.7004,1.1492,-10.6551
2720.000000,15,16.0156,186.9551,47.4364,1.3232,-9.0292
2720.000000,16,16.0156,187.0834,47.5436,1.3022,-10.0566
2720.000000,17,16.0156,187.2106,47.6503,1.2816,-10.6877
2720.000000,18,16.0156,187.3369,47.6055,1.1106,-11.1414
2720.000000,19,16.0156,187.4623,47.6735,1.0532,-11.1699
2720.000000,20,16.0156,187.0341,46.4516,0.2595,-7.1819
2720.000000,21,16.0156,187.1600,47.0396,0.7215,-8.3388
2720.000000,22,16.0156,187.2852,47.0561,0.6129,-9.6928
2720.000000,23,16.0156,187.4094,47.4997,0.9323,-10.1758
2720.000000,24,16.0156,187.5327,47.3831,0.6924,-10.9297
2721.000000,0,15.9419,186.7486,47.4157,1.5091,-10.7822
2721.000000,1,15.9419,186.8830,47.4230,1.3820,-10.1282
2721.000000,2,15.9419,187.0161,47.1305,0.9563,-9.4982
2721.000000,3,15.9419,187.1481,47.0361,0.7300,-8.3523
2721.000000,4,15.9419,187.2789,46.4491,0.0121,-7.4996
2721.000000,5,15.9419,186.8233,47.6574,1.6760,-11.1496
2721.000000,6,15.9419,186.9554,47.6123,1.4988,-11.1297
2721.000000,7,15.9419,187.0865,47.6716,1.4271,-10.6851
2721.000000,8,15.9419,187.2164,47.5188,1.1444,-10.1756
2721.000000,9,15.9419,187.3452,47.5027,0.9994,-9.2295
2721.000000,10,15.9419,186.8996,47.7010,1.6433,-10.5153
2721.000000,11,15.9419,187.0295,47.4845,1.2970,-11.2638
2721.000000,12,15.9419,187.1584,47.7125,1.3960,-11.1924
2721.000000,13,15.9419,187.2862,47.5002,1.0560,-11.2875
2721.000000,14,15.9419,187.4130,47.7005,1.1294,-10.6522
2721.000000,15,15.9419,186.9774,47.4392,1.3037,-9.0287
2721.000000,16,15.9419,187.1051,47.5508,1.2876,-10.0559
2721.000000,17,15.9419,187.2318,47.6486,1.2588,-10.6984
2721.000000,18,15.9419,187.3576,47.6126,1.0970,-11.1416
2721.000000,19,15.9419,187.4824,47.6694,1.0290,-11.1786
2721.000000,20,15.9419,187.0567,46.4698,0.2551,-7.1826
2721.000000,21,15.9419,187.1821,47.0527,0.7126,-8.3491
2721.000000,22,15.9419,187.3067,47.0804,0.6157,-9.6917
2721.000000,23,15.9419,187.4303,47.5105,0.9222,-10.1886
2721.000000,24,15.9419,187.5531,47.3778,0.6666,-10.9563
2722.000000,0,15.8681,186.7699,47.4150,1.4870,-10.8065
2722.000000,1,15.8681,186.9037,47.4383,1.3766,-10.1377
2722.000000,2,15.8681,187.0363,47.1377,0.9434,-9.5162
2722.000000,3,15.8681,187.1678,47.0499,0.7241,-8.3593
2722.000000,4,15.8681,187.2980,46.4652,0.0091,-7.4967
2722.000000,5,15.8681,186.8450,47.6527,1.6497,-11.1584
2722.000000,6,15.8681,186.9765,47.6191,1.4846,-11.1300
2722.000000,7,15.8681,187.1070,47.6711,1.4061,-10.6939
2722.000000,8,15.8681,187.2364,47.5259,1.1314,-10.1738
2722.000000,9,15.8681,187.3647,47.5047,0.9820,-9.2278
2722.000000,10,15.8681,186.9216,47.7011,1.6214,-10.5122
2722.000000,11,15.8681,187.0510,47.4853,1.2763,-11.2645
2722.000000,12,15.8681,187.1793,47.7125,1.3751,-11.1954
2722.000000,13,15.8681,187.3066,47.5009,1.0362,-11.2883
2722.000000,14,15.8681,187.4329,47.7006,1.1096,-10.6494
2722.000000,15,15.8681,186.9998,47.4420,1.2841,-9.0286
2722.000000,16,15.8681,187.1269,47.5577,1.2728,-10.0556
2722.000000,17,15.8681,187.2531,47.6467,1.2356,-10.7093
2722.000000,18,15.8681,187.3783,47.6193,1.0830,-11.1421
2722.000000,19,15.8681,187.5026,47.6650,1.0044,-11.1875
2722.000000,20,15.8681,187.0793,46.4879,0.2505,-7.1837
2722.000000,21,15.8681,187.2042,47.0655,0.7033,-8.3597
2722.000000,22,15.8681,187.3282,47.1041,0.6178,-9.6912
2722.000000,23,15.8681,187.4514,47.5207,0.9113,-10.2017
2722.000000,24,15.8681,187.5736,47.3718,0.6401,-10.9832
2723.000000,0,15.7941,186.7913,47.4135,1.4642,-10.8312
2723.000000,1,15.7941,186.9245,47.4529,1.3704,-10.1478
2723.000000,2,15.7941,187.0566,47.1446,0.9300,-9.5344
2723.000000,3,15.7941,187.1875,47.0633,0.7178,-8.3667
2723.000000,4,15.7941,187.3173,46.4812,0.0059,-7.4943
2723.000000,5,15.7941,186.8667,47.6478,1.6230,-11.1675
2723.000000,6,15.7941,186.9977,47.6255,1.4697,-11.1307
2723.000000,7,15.7941,187.1276,47.6705,1.3848,-10.7029
2723.000000,8,15.7941,187.2565,47.5328,1.1183,-10.1722
2723.000000,9,15.7941,187.3843,47.5068,0.9645,-9.2264
2723.000000,10,15.7941,186.9437,47.7012,1.5994,-10.5093
2723.000000,11,15.7941,187.0725,47.4862,1.2556,-11.2653
2723.000000,12,15.7941,187.2003,47.7125,1.3542,-11.1985
2723.000000,13,15.7941,187.3271,47.5016,1.0165,-11.2892
2723.000000,14,15.7941,187.4528,47.7007,1.0898,-10.6467
2723.000000,15,15.7941,187.0222,47.4447,1.2644,-9.0287
2723.000000,16,15.7941,187.1487,47.5644,1.2576,-10.0555
2723.000000,17,15.7941,187.2744,47.6446,1.2122,-10.7204
2723.000000,18,15.7941,187.3991,47.6258,1.0687,-11.1429
2723.000000,19,15.7941,187.5228,47.6603,0.9794,-11.1966
2723.000000,20,15.7941,187.1021,46.5057,0.2456,-7.1853
2723.000000,21,15.7941,187.2263,47.0781,0.6937,-8.3706
2723.000000,22,15.7941,187.3498,47.1270,0.6192,-9.6913
2723.000000,23,15.7941,187.4724,47.5301,0.8996,-10.2153
2723.000000,24,15.7941,187.5942,47.3776,0.6254,-10.9971
2724.000000,0,15.7200,186.8127,47.4112,1.4404,-10.8562
2724.000000,1,15.7200,186.9454,47.4668,1.3634,-10.1583
2724.000000,2,15.7200,187.0769,47.1511,0.9162,-9.5528
2724.000000,3,15.7200,187.2073,47.0765,0.7111,-8.3743
2724.000000,4,15.7200,187.3366,46.4970,0.0024,-7.4924
2724.000000,5,15.7200,186.8885,47.6425,1.5959,-11.1768
2724.000000,6,15.7200,187.0190,47.6313,1.4543,-11.1319
2724.000000,7,15.7200,187.1483,47.6696,1.3632,-10.7121
2724.000000,8,15.7200,187.2767,47.5395,1.1048,-10.1710
2724.000000,9,15.7200,187.4039,47.5088,0.9468,-9.2252
2724.000000,10,15.7200,186.9659,47.7012,1.5773,-10.5066
2724.000000,11,15.7200,187.0941,47.4870,1.2348,-11.2661
2724.000000,12,15.7200,187.2213,47.7125,1.3331,-11.2016
2724.000000,13,15.7200,187.3476,47.5022,0.9966,-11.2902
2724.000000,14,15.7200,187.4728,47.7007,1.0698,-10.6442
2724.000000,15,15.7200,187.0447,47.4473,1.2446,-9.0290
2724.000000,16,15.7200,187.1706,47.5709,1.2422,-10.0558
2724.000000,17,15.7200,187.2957,47.6423,1.1885,-10.7317
2724.000000,18,15.7200,187.4199,47.6319,1.0540,-11.1439
2724.000000,19,15.7200,187.5432,47.6553,0.9541,-11.2060
2724.000000,20,15.7200,187.1248,46.5233,0.2405,-7.1873
2724.000000,21,15.7200,187.2485,47.0903,0.6838,-8.3818
2724.000000,22,15.7200,187.3715,47.1494,0.6199,-9.6919
2724.000000,23,15.7200,187.4936,47.5389,0.8873,-10.2294
2724.000000,24,15.7200,187.6148,47.4018,0.6289,-10.9907
2725.000000,0,15.6457,186.8343,47.4082,1.4159,-10.8816
2725.000000,1,15.6457,186.9663,47.4800,1.3556,-10.1693
2725.000000,2,15.6457,187.0973,47.1573,0.9020,-9.5714
2725.000000,3,15.6457,187.2272,47.0894,0.7042,-8.3824
2725.000000,4,15.6457,187.3559,46.5127,-0.0013,-7.4909
2725.000000,5,15.6457,186.9104,47.6370,1.5685,-11.1863
2725.000000,6,15.6457,187.0403,47.6366,1.4383,-11.1337
2725.000000,7,15.6457,187.1691,47.6685,1.3414,-10.7216
2725.000000,8,15.6457,187.2969,47.5461,1.0911,-10.1700
2725.000000,9,15.6457,187.4237,47.5108,0.9291,-9.2243
2725.000000,10,15.6457,186.9881,47.7013,1.5551,-10.5039
2725.000000,11,15.6457,187.1157,47.4878,1.2140,-11.2670
2725.000000,12,15.6457,187.2424,47.7125,1.3120,-11.2047
2725.000000,13,15.6457,187.3681,47.5029,0.9767,-11.2912
2725.000000,14,15.6457,187.4929,47.7008,1.0498,-10.6417
2725.000000,15,15.6457,187.0672,47.4500,1.2247,-9.0296
2725.000000,16,15.6457,187.1926,47.5772,1.2266,-10.0563
2725.000000,17,15.6457,187.3171,47.6397,1.1646,-10.7432
2725.000000,18,15.6457,187.4408,47.6378,1.0390,-11.1451
2725.000000,19,15.6457,187.5635,47.6500,0.9285,-11.2155
2725.000000,20,15.6457,187.1477,46.5407,0.2350,-7.1898
2725.000000,21,15.6457,187.2708,47.1023,0.6735,-8.3933
2725.000000,22,15.6457,187.3932,47.1710,0.6198,-9.6931
2725.000000,23,15.6457,187.5147,47.5471,0.8744,-10.2438
2725.000000,24,15.6457,187.6355,47.4248,0.6313,-10.9853
2726.000000,0,15.5714,186.8558,47.4046,1.3907,-10.9074
2726.000000,1,15.5714,186.9874,47.4925,1.3471,-10.1808
2726.000000,2,15.5714,187.1178,47.1632,0.8874,-9.5902
2726.000000,3,15.5714,187.2471,47.1020,0.6969,-8.3907
2726.000000,4,15.5714,187.3754,46.5282,-0.0052,-7.4898
2726.000000,5,15.5714,186.9324,47.6312,1.5407,-11.1961
2726.000000,6,15.5714,187.0617,47.6414,1.4217,-11.1358
2726.000000,7,15.5714,187.1900,47.6673,1.3193,-10.7312
2726.000000,8,15.5714,187.3172,47.5525,1.0772,-10.1693
2726.000000,9,15.5714,187.4435,47.5128,0.9112,-9.2236
2726.000000,10,15.5714,187.0104,47.7014,1.5329,-10.5014
2726.000000,11,15.5714,187.1375,47.4886,1.1931,-11.2679
2726.000000,12,15.5714,187.2636,47.7125,1.2908,-11.2079
2726.000000,13,15.5714,187.3888,47.5036,0.9567,-11.2922
2726.000000,14,15.5714,187.5130,47.7008,1.0298,-10.6393
2726.000000,15,15.5714,187.0898,47.4526,1.2047,-9.0305
2726.000000,16,15.5714,187.2146,47.5833,1.2107,-10.0571
2726.000000,17,15.5714,187.3386,47.6370,1.1404,-10.7549
2726.000000,18,15.5714,187.4617,47.6433,1.0236,-11.1466
2726.000000,19,15.5714,187.5840,47.6445,0.9025,-11.2253
2726.000000,20,15.5714,187.1705,46.5579,0.2293,-7.1927
2726.000000,21,15.5714,187.2931,47.1140,0.6629,-8.4051
2726.000000,22,15.5714,187.4149,47.1921,0.6191,-9.6948
2726.000000,23,15.5714,187.5360,47.5547,0.8607,-10.2586
2726.000000,24,15.5714,187.6562,47.4466,0.6324,-10.9807
2727.000000,0,15.4970,186.8775,47.4127,1.3771,-10.9200
2727.000000,1,15.4970,187.0085,47.5043,1.3378,-10.1927
2727.000000,2,15.4970,187.1384,47.1688,0.8724,-9.6092
2727.000000,3,15.4970,187.2672,47.1144,0.6892,-8.3994
2727.000000,4,15.4970,187.3949,46.5436,-0.0094,-7.4891
2727.000000,5,15.4970,186.9544,47.6250,1.5126,-11.2060
2727.000000,6,15.4970,187.0831,47.6457,1.4046,-11.1385
2727.000000,7,15.4970,187.2109,47.6658,1.2969,-10.7411
2727.000000,8,15.4970,187.3376,47.5587,1.0631,-10.1689
2727.000000,9,15.4970,187.4633,47.5147,0.8933,-9.2232
2727.000000,10,15.4970,187.0327,47.7014,1.5106,-10.4989
2727.000000,11,15.4970,187.1592,47.4894,1.1722,-11.2688
2727.000000,12,15.4970,187.2848,47.7125,1.2696,-11.2111
2727.000000,13,15.4970,187.4095,47.5043,0.9367,-11.2933
2727.000000,14,15.4970,187.5332,47.7009,1.0096,-10.6370
2727.000000,15,15.4970,187.1125,47.4551,1.1846,-9.0315
2727.000000,16,15.4970,187.2367,47.5893,1.1945,-10.0582
2727.000000,17,15.4970,187.3601,47.6342,1.1160,-10.7668
2727.000000,18,15.4970,187.4827,47.6486,1.0079,-11.1483
2727.000000,19,15.4970,187.6044,47.6387,0.8762,-11.2353
2727.000000,20,15.4970,187.1934,46.5748,0.2233,-7.1960
2727.000000,21,15.4970,187.3155,47.1254,0.6519,-8.4172
2727.000000,22,15.4970,187.4367,47.2125,0.6178,-9.6970
2727.000000,23,15.4970,187.5572,47.5617,0.8465,-10.2738
2727.000000,24,15.4970,187.6770,47.4674,0.6324,-10.9771
2728.000000,0,15.4224,186.8993,47.4353,1.3780,-10.9164
2728.000000,1,15.4224,187.0296,47.5155,1.3278,-10.2049
2728.000000,2,15.4224,187.1590,47.1741,0.8571,-9.6283
2728.000000,3,15.4224,187.2873,47.1266,0.6813,-8.4084
2728.000000,4,15.4224,187.4145,46.5588,-0.0138,-7.4888
2728.000000,5,15.4224,186.9765,47.6187,1.4842,-11.2161
2728.000000,6,15.4224,187.1046,47.6496,1.3869,-11.1416
2728.000000,7,15.4224,187.2318,47.6642,1.2743,-10.7511
2728.000000,8,15.4224,187.3580,47.5647,1.0486,-10.1687
2728.000000,9,15.4224,187.4833,47.5166,0.8753,-9.2230
2728.000000,10,15.4224,187.0551,47.7015,1.4883,-10.4966
2728.000000,11,15.4224,187.1811,47.4903,1.1512,-11.2698
2728.000000,12,15.4224,187.3061,47.7125,1.2483,-11.2143
2728.000000,13,15.4224,187.4302,47.5049,0.9167,-11.2944
2728.000000,14,15.4224,187.5535,47.7009,0.9894,-10.6349
2728.000000,15,15.4224,187.1352,47.4576,1.1644,-9.0329
2728.000000,16,15.4224,187.2588,47.5950,1.1781,-10.0596
2728.000000,17,15.4224,187.3817,47.6311,1.0913,-10.7788
2728.000000,18,15.4224,187.5038,47.6537,0.9919,-11.1503
2728.000000,19,15.4224,187.6250,47.6327,0.8496,-11.2454
2728.000000,20,15.4224,187.2164,46.5915,0.2170,-7.1997
2728.000000,21,15.4224,187.3379,47.1366,0.6407,-8.4295
2728.000000,22,15.4224,187.4586,47.2324,0.6157,-9.6997
2728.000000,23,15.4224,187.5786,47.5682,0.8315,-10.2894
2728.000000,24,15.4224,187.6978,47.4870,0.6312,-10.9743
2729.000000,0,15.3478,186.9211,47.4568,1.3777,-10.9137
2729.000000,1,15.3478,187.0509,47.5261,1.3171,-10.2176
2729.000000,2,15.3478,187.1797,47.1791,0.8414,-9.6477
2729.000000,3,15.3478,187.3074,47.1385,0.6730,-8.4177
2729.000000,4,15.3478,187.4341,46.5738,-0.0184,-7.4890
2729.000000,5,15.3478,186.9986,47.6121,1.4554,-11.2264
2729.000000,6,15.3478,187.1262,47.6530,1.3687,-11.1451
2729.000000,7,15.3478,187.2529,47.6624,1.2515,-10.7613
2729.000000,8,15.3478,187.3785,47.5706,1.0340,-10.1688
2729.000000,9,15.3478,187.5033,47.5185,0.8572,-9.2230
2729.000000,10,15.3478,187.0776,47.7015,1.4659,-10.4945
2729.000000,11,15.3478,187.2030,47.4911,1.1301,-11.2709
2729.000000,12,15.3478,187.3275,47.7125,1.2270,-11.2176
2729.000000,13,15.3478,187.4511,47.5056,0.8965,-11.2955
2729.000000,14,15.3478,187.5738,47.7009,0.9691,-10.6328
2729.000000,15,15.3478,187.1579,47.4601,1.1442,-9.0345
2729.000000,16,15.3478,187.2810,47.6005,1.1615,-10.0613
2729.000000,17,15.3478,187.4034,47.6279,1.0665,-10.7910
2729.000000,18,15.3478,187.5249,47.6584,0.9755,-11.1524
2729.000000,19,15.3478,187.6456,47.6264,0.8228,-11.2557
2729.000000,20,15.3478,187.2394,46.6080,0.2105,-7.2038
2729.000000,21,15.3478,187.3603,47.1475,0.6291,-8.4421
2729.000000,22,15.3478,187.4805,47.2516,0.6131,-9.7028
2729.000000,23,15.3478,187.6000,47.5740,0.8160,-10.3053
2729.000000,24,15.3478,187.7186,47.5056,0.6289,-10.9723
2730.000000,0,15.2731,186.9429,47.4773,1.3763,-10.9118
2730.000000,1,15.2731,187.0722,47.5360,1.3058,-10.2307
2730.000000,2,15.2731,187.2004,47.1838,0.8253,-9.6672
2730.000000,3,15.2731,187.3277,47.1501,0.6644,-8.4272
2730.000000,4,15.2731,187.4539,46.5887,-0.0233,-7.4895
2730.000000,5,15.2731,187.0208,47.6052,1.4263,-11.2369
2730.000000,6,15.2731,187.1479,47.6573,1.3514,-11.1475
2730.000000,7,15.2731,187.2740,47.6604,1.2284,-10.7717
2730.000000,8,15.2731,187.3991,47.5763,1.0192,-10.1692
2730.000000,9,15.2731,187.5233,47.5203,0.8389,-9.2232
2730.000000,10,15.2731,187.1001,47.7015,1.4434,-10.4924
2730.000000,11,15.2731,187.2249,47.4920,1.1090,-11.2720
2730.000000,12,15.2731,187.3489,47.7125,1.2056,-11.2209
2730.000000,13,15.2731,187.4719,47.5063,0.8764,-11.2967
2730.000000,14,15.2731,187.5941,47.7010,0.9488,-10.6308
2730.000000,15,15.2731,187.1807,47.4625,1.1238,-9.0363
2730.000000,16,15.2731,187.3033,47.6059,1.1446,-10.0632
2730.000000,17,15.2731,187.4251,47.6245,1.0414,-10.8033
2730.000000,18,15.2731,187.5461,47.6629,0.9589,-11.1548
2730.000000,19,15.2731,187.6662,47.6199,0.7956,-11.2662
2730.000000,20,15.2731,187.2625,46.6242,0.2037,-7.2084
2730.000000,21,15.2731,187.3828,47.1581,0.6173,-8.4550
2730.000000,22,15.2731,187.5025,47.2703,0.6098,-9.7065
2730.000000,23,15.2731,187.6214,47.5794,0.7999,-10.3215
2730.000000,24,15.2731,187.7395,47.5231,0.6255,-10.9711
2731.000000,0,15.1982,186.9649,47.4966,1.3737,-10.9106
2731.000000,1,15.1982,187.0936,47.5453,1.2937,-10.2442
2731.000000,2,15.1982,187.2213,47.1882,0.8089,-9.6868
2731.000000,3,15.1982,187.3480,47.1615,0.6555,-8.4371
2731.000000,4,15.1982,187.4737,46.6034,-0.0283,-7.4905
2731.000000,5,15.1982,187.0431,47.5981,1.3970,-11.2476
2731.000000,6,15.1982,187.1696,47.6619,1.3343,-11.1496
2731.000000,7,15.1982,187.2951,47.6583,1.2051,-10.7822
2731.000000,8,15.1982,187.4197,47.5819,1.0041,-10.1698
2731.000000,9,15.1982,187.5434,47.5221,0.8206,-9.2237
2731.000000,10,15.1982,187.1227,47.7016,1.4208,-10.4905
2731.000000,11,15.1982,187.2469,47.4928,1.0879,-11.2731
2731.000000,12,15.1982,187.3703,47.7125,1.1841,-11.2242
2731.000000,13,15.1982,187.4929,47.5070,0.8561,-11.2980
2731.000000,14,15.1982,187.6145,47.7010,0.9284,-10.6289
2731.000000,15,15.1982,187.2035,47.4649,1.1033,-9.0383
2731.000000,16,15.1982,187.3255,47.6111,1.1275,-10.0654
2731.000000,17,15.1982,187.4468,47.6210,1.0161,-10.8158
2731.000000,18,15.1982,187.5673,47.6672,0.9419,-11.1574
2731.000000,19,15.1982,187.6869,47.6131,0.7682,-11.2769
2731.000000,20,15.1982,187.2856,46.6403,0.1966,-7.2133
2731.000000,21,15.1982,187.4054,47.1685,0.6051,-8.4680
2731.000000,22,15.1982,187.5245,47.2884,0.6060,-9.7106
2731.000000,23,15.1982,187.6429,47.5842,0.7833,-10.3380
2731.000000,24,15.1982,187.7605,47.5396,0.6211,-10.9707
2732.000000,0,15.1234,186.9869,47.5150,1.3700,-10.9102
2732.000000,1,15.1234,187.1150,47.5541,1.2810,-10.2580
2732.000000,2,15.1234,187.2422,47.1923,0.7921,-9.7066
2732.000000,3,15.1234,187.3684,47.1726,0.6463,-8.4473
2732.000000,4,15.1234,187.4935,46.6179,-0.0336,-7.4918
2732.000000,5,15.1234,187.0654,47.5908,1.3673,-11.2584
2732.000000,6,15.1234,187.1913,47.6662,1.3169,-11.1519
2732.000000,7,15.1234,187.3163,47.6560,1.1816,-10.7930
2732.000000,8,15.1234,187.4404,47.5873,0.9888,-10.1706
2732.000000,9,15.1234,187.5636,47.5239,0.8023,-9.2244
2732.000000,10,15.1234,187.1453,47.7016,1.3982,-10.4886
2732.000000,11,15.1234,187.2690,47.4937,1.0667,-11.2743
2732.000000,12,15.1234,187.3918,47.7125,1.1626,-11.2276
2732.000000,13,15.1234,187.5139,47.5078,0.8359,-11.2993
2732.000000,14,15.1234,187.6350,47.7010,0.9079,-10.6272
2732.000000,15,15.1234,187.2264,47.4673,1.0828,-9.0406
2732.000000,16,15.1234,187.3479,47.6161,1.1102,-10.0679
2732.000000,17,15.1234,187.4686,47.6173,0.9907,-10.8285
2732.000000,18,15.1234,187.5885,47.6712,0.9247,-11.1602
2732.000000,19,15.1234,187.7077,47.6062,0.7405,-11.2877
2732.000000,20,15.1234,187.3087,46.6561,0.1893,-7.2185
2732.000000,21,15.1234,187.4279,47.1787,0.5927,-8.4814
2732.000000,22,15.1234,187.5465,47.3060,0.6015,-9.7151
2732.000000,23,15.1234,187.6644,47.5884,0.7660,-10.3549
2732.000000,24,15.1234,187.7815,47.5552,0.6156,-10.9711
2733.000000,0,15.0484,187.0090,47.5323,1.3653,-10.9106
2733.000000,1,15.0484,187.1365,47.5623,1.2677,-10.2722
2733.000000,2,15.0484,187.2631,47.1962,0.7750,-9.7266
2733.000000,3,15.0484,187.3888,47.1836,0.6367,-8.4577
2733.000000,4,15.0484,187.5135,46.6323,-0.0392,-7.4935
2733.000000,5,15.0484,187.0878,47.5833,1.3374,-11.2694
2733.000000,6,15.0484,187.2131,47.6704,1.2992,-11.1545
2733.000000,7,15.0484,187.3376,47.6535,1.1579,-10.8038
2733.000000,8,15.0484,187.4612,47.5925,0.9733,-10.1717
2733.000000,9,15.0484,187.5838,47.5257,0.7838,-9.2253
2733.000000,10,15.0484,187.1680,47.7016,1.3756,-10.4869
2733.000000,11,15.0484,187.2911,47.4945,1.0454,-11.2756
2733.000000,12,15.0484,187.4134,47.7125,1.1410,-11.2310
2733.000000,13,15.0484,187.5349,47.5085,0.8155,-11.3006
2733.000000,14,15.0484,187.6555,47.7010,0.8874,-10.6255
2733.000000,15,15.0484,187.2494,47.4696,1.0622,-9.0431
2733.000000,16,15.0484,187.3703,47.6209,1.0926,-10.0705
2733.000000,17,15.0484,187.4904,47.6135,0.9650,-10.8413
2733.000000,18,15.0484,187.6098,47.6750,0.9071,-11.1632
2733.000000,19,15.0484,187.7285,47.5991,0.7125,-11.2986
2733.000000,20,15.0484,187.3319,46.6717,0.1818,-7.2242
2733.000000,21,15.0484,187.4506,47.1886,0.5800,-8.4949
2733.000000,22,15.0484,187.5686,47.3230,0.5964,-9.7201
2733.000000,23,15.0484,187.6859,47.5922,0.7483,-10.3721
2733.000000,24,15.0484,187.8026,47.5698,0.6092,-10.9722
2734.000000,0,14.9734,187.0311,47.5486,1.3594,-10.9117
2734.000000,1,14.9734,187.1581,47.5699,1.2538,-10.2867
2734.000000,2,14.9734,187.2842,47.1998,0.7576,-9.7466
2734.000000,3,14.9734,187.4093,47.1943,0.6269,-8.4684
2734.000000,4,14.9734,187.5334,46.6465,-0.0449,-7.4955
2734.000000,5,14.9734,187.1103,47.5755,1.3072,-11.2806
2734.000000,6,14.9734,187.2350,47.6742,1.2812,-11.1572
2734.000000,7,14.9734,187.3589,47.6509,1.1339,-10.8149
2734.000000,8,14.9734,187.4820,47.5976,0.9575,-10.1731
2734.000000,9,14.9734,187.6041,47.5274,0.7652,-9.2264
2734.000000,10,14.9734,187.1907,47.7016,1.3528,-10.4854
2734.000000,11,14.9734,187.3132,47.4954,1.0241,-11.2769
2734.000000,12,14.9734,187.4350,47.7125,1.1194,-11.2344
2734.000000,13,14.9734,187.5560,47.5092,0.7952,-11.3020
2734.000000,14,14.9734,187.6761,47.7010,0.8668,-10.6240
2734.000000,15,14.9734,187.2723,47.4719,1.0415,-9.0458
2734.000000,16,14.9734,187.3927,47.6256,1.0749,-10.0735
2734.000000,17,14.9734,187.5123,47.6095,0.9392,-10.8542
2734.000000,18,14.9734,187.6312,47.6785,0.8893,-11.1664
2734.000000,19,14.9734,187.7493,47.5960,0.6886,-11.3052
2734.000000,20,14.9734,187.3551,46.6871,0.1740,-7.2302
2734.000000,21,14.9734,187.4732,47.1982,0.5670,-8.5087
2734.000000,22,14.9734,187.5907,47.3395,0.5908,-9.7255
2734.000000,23,14.9734,187.7075,47.5955,0.7300,-10.3895
2734.000000,24,14.9734,187.8237,47.5834,0.6017,-10.9740
2735.000000,0,14.8983,187.0533,47.5639,1.3526,-10.9134
2735.000000,1,14.8983,187.1797,47.5770,1.2392,-10.3015
2735.000000,2,14.8983,187.3053,47.2032,0.7399,-9.7668
2735.000000,3,14.8983,187.4299,47.2047,0.6168,-8.4793
2735.000000,4,14.8983,187.5535,46.6606,-0.0509,-7.4979
2735.000000,5,14.8983,187.1328,47.5725,1.2818,-11.2866
2735.000000,6,14.8983,187.2570,47.6779,1.2629,-11.1601
2735.000000,7,14.8983,187.3803,47.6481,1.1098,-10.8260
2735.000000,8,14.8983,187.5029,47.6025,0.9416,-10.1747
2735.000000,9,14.8983,187.6245,47.5291,0.7466,-9.2277
2735.000000,10,14.8983,187.2135,47.7016,1.3301,-10.4839
2735.000000,11,14.8983,187.3355,47.4963,1.0028,-11.2782
2735.000000,12,14.8983,187.4567,47.7125,1.0977,-11.2379
2735.000000,13,14.8983,187.5771,47.5099,0.7748,-11.3034
2735.000000,14,14.8983,187.6968,47.7010,0.8462,-10.6225
2735.000000,15,14.8983,187.2954,47.4742,1.0208,-9.0487
2735.000000,16,14.8983,187.4151,47.6301,1.0569,-10.0766
2735.000000,17,14.8983,187.5342,47.6054,0.9131,-10.8672
2735.000000,18,14.8983,187.6526,47.6818,0.8712,-11.1698
2735.000000,19,14.8983,187.7702,47.5940,0.6658,-11.3105
2735.000000,20,14.8983,187.3783,46.7023,0.1659,-7.2365
2735.000000,21,14.8983,187.4959,47.2076,0.5537,-8.5227
2735.000000,22,14.8983,187.6129,47.3555,0.5846,-9.7313
2735.000000,23,14.8983,187.7292,47.5983,0.7112,-10.4072
2735.000000,24,14.8983,187.8448,47.5961,0.5933,-10.9766
2736.000000,0,14.8231,187.0755,47.5783,1.3448,-10.9159
2736.000000,1,14.8231,187.2014,47.5835,1.2241,-10.3166
2736.000000,2,14.8231,187.3264,47.2213,0.7368,-9.7706
2736.000000,3,14.8231,187.4505,47.2149,0.6064,-8.4905
2736.000000,4,14.8231,187.5736,46.6745,-0.0571,-7.5007
2736.000000,5,14.8231,187.1553,47.5703,1.2570,-11.2917
2736.000000,6,14.8231,187.2789,47.6813,1.2443,-11.1632
2736.000000,7,14.8231,187.4018,47.6452,1.0854,-10.8374
2736.000000,8,14.8231,187.5238,47.6073,0.9255,-10.1765
2736.000000,9,14.8231,187.6449,47.5308,0.7279,-9.2292
2736.000000,10,14.8231,187.2363,47.7016,1.3072,-10.4826
2736.000000,11,14.8231,187.3577,47.4971,0.9814,-11.2796
2736.000000,12,14.8231,187.4784,47.7125,1.0760,-11.2414
2736.000000,13,14.8231,187.5983,47.5107,0.7543,-11.3049
2736.000000,14,14.8231,187.7174,47.7010,0.8255,-10.6212
2736.000000,15,14.8231,187.3184,47.4764,0.9999,-9.0518
2736.000000,16,14.8231,187.4376,47.6344,1.0387,-10.0800
2736.000000,17,14.8231,187.5562,47.6012,0.8870,-10.8803
2736.000000,18,14.8231,187.6740,47.6849,0.8529,-11.1734
2736.000000,19,14.8231,187.7911,47.5920,0.6428,-11.3158
2736.000000,20,14.8231,187.4016,46.7173,0.1576,-7.2432
2736.000000,21,14.8231,187.5186,47.2168,0.5402,-8.5369
2736.000000,22,14.8231,187.6351,47.3710,0.5779,-9.7375
2736.000000,23,14.8231,187.7508,47.6007,0.6918,-10.4251
2736.000000,24,14.8231,187.8660,47.6080,0.5840,-10.9798
2737.000000,0,14.7479,187.0979,47.5918,1.3359,-10.9189
2737.000000,1,14.7479,187.2232,47.5895,1.2083,-10.3320
2737.000000,2,14.7479,187.3476,47.2396,0.7340,-9.7739
2737.000000,3,14.7479,187.4712,47.2249,0.5957,-8.5020
2737.000000,4,14.7479,187.5938,46.6883,-0.0635,-7.5038
2737.000000,5,14.7479,187.1779,47.5680,1.2320,-11.2969
2737.000000,6,14.7479,187.3010,47.6844,1.2254,-11.1665
2737.000000,7,14.7479,187.4233,47.6422,1.0609,-10.8488
2737.000000,8,14.7479,187.5447,47.6119,0.9091,-10.1785
2737.000000,9,14.7479,187.6654,47.5325,0.7091,-9.2310
2737.000000,10,14.7479,187.2592,47.7015,1.2844,-10.4813
2737.000000,11,14.7479,187.3800,47.4980,0.9600,-11.2811
2737.000000,12,14.7479,187.5002,47.7125,1.0543,-11.2449
2737.000000,13,14.7479,187.6196,47.5114,0.7338,-11.3064
2737.000000,14,14.7479,187.7382,47.7010,0.8048,-10.6199
2737.000000,15,14.7479,187.3415,47.4786,0.9790,-9.0551
2737.000000,16,14.7479,187.4602,47.6386,1.0204,-10.0837
2737.000000,17,14.7479,187.5782,47.5968,0.8606,-10.8936
2737.000000,18,14.7479,187.6955,47.6878,0.8343,-11.1772
2737.000000,19,14.7479,187.8121,47.5899,0.6197,-11.3211
2737.000000,20,14.7479,187.4250,46.7321,0.1491,-7.2503
2737.000000,21,14.7479,187.5414,47.2258,0.5263,-8.5512
2737.000000,22,14.7479,187.6573,47.3860,0.5707,-9.7441
2737.000000,23,14.7479,187.7725,47.6026,0.6720,-10.4433
2737.000000,24,14.7479,187.8872,47.6190,0.5738,-10.9836
2738.000000,0,14.6726,187.1202,47.6044,1.3262,-10.9227
2738.000000,1,14.6726,187.2450,47.5951,1.1920,-10.3478
2738.000000,2,14.6726,187.3689,47.2574,0.7305,-9.7776
2738.000000,3,14.6726,187.4919,47.2347,0.5848,-8.5136
2738.000000,4,14.6726,187.6140,46.7019,-0.0701,-7.5072
2738.000000,5,14.6726,187.2006,47.5656,1.2070,-11.3021
2738.000000,6,14.6726,187.3231,47.6874,1.2063,-11.1700
2738.000000,7,14.6726,187.4448,47.6390,1.0362,-10.8604
2738.000000,8,14.6726,187.5658,47.6164,0.8926,-10.1807
2738.000000,9,14.6726,187.6859,47.5341,0.6902,-9.2329
2738.000000,10,14.6726,187.2821,47.7015,1.2614,-10.4802
2738.000000,11,14.6726,187.4024,47.4989,0.9385,-11.2826
2738.000000,12,14.6726,187.5220,47.7125,1.0325,-11.2485
2738.000000,13,14.6726,187.6408,47.5121,0.7132,-11.3079
2738.000000,14,14.6726,187.7589,47.7010,0.7840,-10.6188
2738.000000,15,14.6726,187.3647,47.4807,0.9580,-9.0587
2738.000000,16,14.6726,187.4828,47.6426,1.0018,-10.0875
2738.000000,17,14.6726,187.6002,47.5924,0.8341,-10.9069
2738.000000,18,14.6726,187.7170,47.6905,0.8154,-11.1811
2738.000000,19,14.6726,187.8331,47.5877,0.5965,-11.3265
2738.000000,20,14.6726,187.4483,46.7466,0.1403,-7.2576
2738.000000,21,14.6726,187.5642,47.2345,0.5123,-8.5658
2738.000000,22,14.6726,187.6796,47.4005,0.5629,-9.7510
2738.000000,23,14.6726,187.7943,47.6041,0.6518,-10.4618
2738.000000,24,14.6726,187.9084,47.6292,0.5627,-10.9881
2739.000000,0,14.5973,187.1427,47.6162,1.3155,-10.9270
2739.000000,1,14.5973,187.2668,47.6001,1.1752,-10.3638
2739.000000,2,14.5973,187.3902,47.2748,0.7265,-9.7818
2739.000000,3,14.5973,187.5127,47.2443,0.5736,-8.5255
2739.000000,4,14.5973,187.6343,46.7154,-0.0770,-7.5110
2739.000000,5,14.5973,187.2232,47.5631,1.1818,-11.3073
2739.000000,6,14.5973,187.3452,47.6902,1.1869,-11.1737
2739.000000,7,14.5973,187.4664,47.6358,1.0113,-10.8721
2739.000000,8,14.5973,187.5868,47.6208,0.8759,-10.1832
2739.000000,9,14.5973,187.7064,47.5357,0.6712,-9.2350
2739.000000,10,14.5973,187.3050,47.7015,1.2384,-10.4793
2739.000000,11,14.5973,187.4248,47.4998,0.9170,-11.2841
2739.000000,12,14.5973,187.5438,47.7125,1.0106,-11.2521
2739.000000,13,14.5973,187.6622,47.5129,0.6927,-11.3095
2739.000000,14,14.5973,187.7798,47.7009,0.7631,-10.6177
2739.000000,15,14.5973,187.3879,47.4828,0.9369,-9.0624
2739.000000,16,14.5973,187.5054,47.6465,0.9831,-10.0916
2739.000000,17,14.5973,187.6223,47.5878,0.8075,-10.9204
2739.000000,18,14.5973,187.7386,47.6929,0.7963,-11.1852
2739.000000,19,14.5973,187.8542,47.5855,0.5732,-11.3319
2739.000000,20,14.5973,187.4717,46.7610,0.1313,-7.2653
2739.000000,21,14.5973,187.5871,47.2431,0.4980,-8.5805
2739.000000,22,14.5973,187.7019,47.4145,0.5546,-9.7583
2739.000000,23,14.5973,187.8161,47.6052,0.6311,-10.4804
2739.000000,24,14.5973,187.9297,47.6385,0.5508,-10.9932
2740.000000,0,14.5219,187.1651,47.6271,1.3039,-10.9320
2740.000000,1,14.5219,187.2888,47.6047,1.1579,-10.3800
2740.000000,2,14.5219,187.4116,47.2916,0.7220,-9.7863
2740.000000,3,14.5219,187.5335,47.2536,0.5621,-8.5376
2740.000000,4,14.5219,187.6546,46.7287,-0.0840,-7.5151
2740.000000,5,14.5219,187.2460,47.5605,1.1565,-11.3126
2740.000000,6,14.5219,187.3674,47.6927,1.1673,-11.1775
2740.000000,7,14.5219,187.4881,47.6323,0.9862,-10.8839
2740.000000,8,14.5219,187.6080,47.6250,0.8590,-10.1859
2740.000000,9,14.5219,187.7271,47.5373,0.6522,-9.2374
2740.000000,10,14.5219,187.3280,47.7015,1.2154,-10.4784
2740.000000,11,14.5219,187.4472,47.5007,0.8954,-11.2857
2740.000000,12,14.5219,187.5657,47.7125,0.9887,-11.2558
2740.000000,13,14.5219,187.6835,47.5136,0.6720,-11.3112
2740.000000,14,14.5219,187.8006,47.7009,0.7422,-10.6168
2740.000000,15,14.5219,187.4111,47.4849,0.9158,-9.0663
2740.000000,16,14.5219,187.5281,47.6502,0.9641,-10.0958
2740.000000,17,14.5219,187.6445,47.5832,0.7807,-10.9339
2740.000000,18,14.5219,187.7602,47.6952,0.7769,-11.1895
2740.000000,19,14.5219,187.8753,47.5832,0.5498,-11.3373
2740.000000,20,14.5219,187.4951,46.7752,0.1220,-7.2733
2740.000000,21,14.5219,187.6099,47.2514,0.4834,-8.5954
2740.000000,22,14.5219,187.7242,47.4281,0.5458,-9.7660
2740.000000,23,14.5219,187.8379,47.6059,0.6099,-10.4993
2740.000000,24,14.5219,187.9510,47.6471,0.5380,-10.9989
2741.000000,0,14.4465,187.1877,47.6371,1.2914,-10.9375
2741.000000,1,14.4465,187.3107,47.6087,1.1400,-10.3966
2741.000000,2,14.4465,187.4330,47.3080,0.7169,-9.7912
2741.000000,3,14.4465,187.5544,47.2628,0.5503,-8.5500
2741.000000,4,14.4465,187.6750,46.7418,-0.0913,-7.5196
2741.000000,5,14.4465,187.2688,47.5578,1.1310,-11.3180
2741.000000,6,14.4465,187.3896,47.6951,1.1474,-11.1815
2741.000000,7,14.4465,187.5098,47.6288,0.9610,-10.8959
2741.000000,8,14.4465,187.6291,47.6291,0.8419,-10.1888
2741.000000,9,14.4465,187.7477,47.5388,0.6331,-9.2399
2741.000000,10,14.4465,187.3510,47.7014,1.1923,-10.4776
2741.000000,11,14.4465,187.4697,47.5015,0.8738,-11.2874
2741.000000,12,14.4465,187.5877,47.7125,0.9668,-11.2595
2741.000000,13,14.4465,187.7050,47.5144,0.6514,-11.3129
2741.000000,14,14.4465,187.8216,47.7009,0.7213,-10.6160
2741.000000,15,14.4465,187.4343,47.4870,0.8946,-9.0704
2741.000000,16,14.4465,187.5508,47.6538,0.9450,-10.1003
2741.000000,17,14.4465,187.6666,47.5784,0.7537,-10.9476
2741.000000,18,14.4465,187.7819,47.6973,0.7574,-11.1940
2741.000000,19,14.4465,187.8965,47.5808,0.5263,-11.3428
2741.000000,20,14.4465,187.5186,46.7892,0.1126,-7.2815
2741.000000,21,14.4465,187.6328,47.2595,0.4686,-8.6105
2741.000000,22,14.4465,187.7466,47.4412,0.5365,-9.7740
2741.000000,23,14.4465,187.8598,47.6061,0.5883,-10.5183
2741.000000,24,14.4465,187.9724,47.6549,0.5245,-11.0052
2742.000000,0,14.3711,187.2102,47.6464,1.2781,-10.9436
2742.000000,1,14.3711,187.3327,47.6124,1.1216,-10.4133
2742.000000,2,14.3711,187.4545,47.3239,0.7114,-9.7964
2742.000000,3,14.3711,187.5754,47.2717,0.5383,-8.5625
2742.000000,4,14.3711,187.6955,46.7548,-0.0987,-7.5243
2742.000000,5,14.3711,187.2916,47.5551,1.1054,-11.3233
2742.000000,6,14.3711,187.4119,47.6972,1.1273,-11.1857
2742.000000,7,14.3711,187.5315,47.6252,0.9357,-10.9079
2742.000000,8,14.3711,187.6503,47.6330,0.8246,-10.1919
2742.000000,9,14.3711,187.7684,47.5404,0.6139,-9.2426
2742.000000,10,14.3711,187.3741,47.7014,1.1692,-10.4770
2742.000000,11,14.3711,187.4922,47.5024,0.8522,-11.2891
2742.000000,12,14.3711,187.6096,47.7125,0.9448,-11.2632
2742.000000,13,14.3711,187.7264,47.5151,0.6306,-11.3147
2742.000000,14,14.3711,187.8425,47.7008,0.7003,-10.6152
2742.000000,15,14.3711,187.4576,47.4890,0.8734,-9.0747
2742.000000,16,14.3711,187.5735,47.6573,0.9257,-10.1050
2742.000000,17,14.3711,187.6888,47.5736,0.7267,-10.9613
2742.000000,18,14.3711,187.8036,47.6992,0.7376,-11.1986
2742.000000,19,14.3711,187.9176,47.5783,0.5026,-11.3482
2742.000000,20,14.3711,187.5420,46.8029,0.1029,-7.2901
2742.000000,21,14.3711,187.6558,47.2674,0.4536,-8.6258
2742.000000,22,14.3711,187.7690,47.4538,0.5268,-9.7823
2742.000000,23,14.3711,187.8817,47.6060,0.5663,-10.5376
2742.000000,24,14.3711,187.9938,47.6619,0.5101,-11.0121
2743.000000,0,14.2956,187.2329,47.6549,1.2640,-10.9502
2743.000000,1,14.2956,187.3548,47.6156,1.1027,-10.4303
2743.000000,2,14.2956,187.4760,47.3393,0.7053,-9.8020
2743.000000,3,14.2956,187.5964,47.2805,0.5260,-8.5752
2743.000000,4,14.2956,187.7160,46.7676,-0.1064,-7.5293
2743.000000,5,14.2956,187.3145,47.5523,1.0798,-11.3287
2743.000000,6,14.2956,187.4342,47.6992,1.1069,-11.1901
2743.000000,7,14.2956,187.5533,47.6215,0.9101,-10.9201
2743.000000,8,14.2956,187.6716,47.6369,0.8072,-10.1951
2743.000000,9,14.2956,187.7892,47.5419,0.5947,-9.2455
2743.000000,10,14.2956,187.3972,47.7013,1.1461,-10.4765
2743.000000,11,14.2956,187.5148,47.5047,0.8319,-11.2893
2743.000000,12,14.2956,187.6317,47.7125,0.9228,-11.2669
2743.000000,13,14.2956,187.7479,47.5159,0.6099,-11.3165
2743.000000,14,14.2956,187.8635,47.7008,0.6792,-10.6146
2743.000000,15,14.2956,187.4809,47.4910,0.8520,-9.0792
2743.000000,16,14.2956,187.5963,47.6606,0.9063,-10.1099
2743.000000,17,14.2956,187.7111,47.5686,0.6995,-10.9751
2743.000000,18,14.2956,187.8253,47.7009,0.7175,-11.2034
2743.000000,19,14.2956,187.9389,47.5758,0.4789,-11.3538
2743.000000,20,14.2956,187.5655,46.8165,0.0929,-7.2990
2743.000000,21,14.2956,187.6787,47.2751,0.4383,-8.6412
2743.000000,22,14.2956,187.7914,47.4661,0.5166,-9.7910
2743.000000,23,14.2956,187.9036,47.6056,0.5439,-10.5570
2743.000000,24,14.2956,188.0152,47.6682,0.4950,-11.0194
2744.000000,0,14.2201,187.2555,47.6626,1.2490,-10.9574
2744.000000,1,14.2201,187.3769,47.6183,1.0834,-10.4476
2744.000000,2,14.2201,187.4976,47.3543,0.6987,-9.8080
2744.000000,3,14.2201,187.6175,47.2890,0.5135,-8.5882
2744.000000,4,14.2201,187.7365,46.7803,-0.1142,-7.5347
2744.000000,5,14.2201,187.3374,47.5495,1.0540,-11.3342
2744.000000,6,14.2201,187.4566,47.7010,1.0863,-11.1946
2744.000000,7,14.2201,187.5751,47.6176,0.8845,-10.9323
2744.000000,8,14.2201,187.6929,47.6406,0.7896,-10.1986
2744.000000,9,14.2201,187.8100,47.5434,0.5753,-9.2485
2744.000000,10,14.2201,187.4204,47.7013,1.1229,-10.4761
2744.000000,11,14.2201,187.5374,47.5072,0.8118,-11.2894
2744.000000,12,14.2201,187.6537,47.7125,0.9007,-11.2707
2744.000000,13,14.2201,187.7695,47.5166,0.5891,-11.3183
2744.000000,14,14.2201,187.8845,47.7007,0.6582,-10.6141
2744.000000,15,14.2201,187.5043,47.4930,0.8307,-9.0839
2744.000000,16,14.2201,187.6191,47.6638,0.8867,-10.1149
2744.000000,17,14.2201,187.7333,47.5636,0.6722,-10.9890
2744.000000,18,14.2201,187.8470,47.7024,0.6973,-11.2083
2744.000000,19,14.2201,187.9601,47.5733,0.4551,-11.3593
2744.000000,20,14.2201,187.5891,46.8299,0.0828,-7.3081
2744.000000,21,14.2201,187.7017,47.2826,0.4228,-8.6567
2744.000000,22,14.2201,187.8139,47.4779,0.5059,-9.8000
2744.000000,23,14.2201,187.9255,47.6047,0.5212,-10.5766
2744.000000,24,14.2201,188.0366,47.6739,0.4792,-11.0273
2745.000000,0,14.1446,187.2783,47.6696,1.2333,-10.9651
2745.000000,1,14.1446,187.3991,47.6207,1.0635,-10.4650
2745.000000,2,14.1446,187.5192,47.3689,0.6916,-9.8143
2745.000000,3,14.1446,187.6386,47.2973,0.5007,-8.6013
2745.000000,4,14.1446,187.7571,46.7929,-0.1223,-7.5403
2745.000000,5,14.1446,187.3604,47.5465,1.0281,-11.3397
2745.000000,6,14.1446,187.4790,47.7026,1.0655,-11.1993
2745.000000,7,14.1446,187.5970,47.6137,0.8587,-10.9447
2745.000000,8,14.1446,187.7143,47.6441,0.7718,-10.2023
2745.000000,9,14.1446,187.8308,47.5448,0.5560,-9.2518
2745.000000,10,14.1446,187.4435,47.7012,1.0996,-10.4758
2745.000000,11,14.1446,187.5600,47.5096,0.7916,-11.2896
2745.000000,12,14.1446,187.6758,47.7125,0.8786,-11.2745
2745.000000,13,14.1446,187.7911,47.5174,0.5683,-11.3202
2745.000000,14,14.1446,187.9056,47.7007,0.6370,-10.6137
2745.000000,15,14.1446,187.5276,47.4949,0.8092,-9.0887
2745.000000,16,14.1446,187.6419,47.6668,0.8669,-10.1202
2745.000000,17,14.1446,187.7556,47.5588,0.6451,-11.0026
2745.000000,18,14.1446,187.8688,47.7037,0.6769,-11.2134
2745.000000,19,14.1446,187.9814,47.5706,0.4312,-11.3649
2745.000000,20,14.1446,187.6126,46.8431,0.0725,-7.3175
2745.000000,21,14.1446,187.7247,47.2899,0.4071,-8.6724
2745.000000,22,14.1446,187.8364,47.4893,0.4949,-9.8092
2745.000000,23,14.1446,187.9475,47.6036,0.4980,-10.5964
2745.000000,24,14.1446,188.0581,47.6788,0.4626,-11.0358
2746.000000,0,14.0690,187.3010,47.6759,1.2168,-10.9732
2746.000000,1,14.0690,187.4213,47.6226,1.0433,-10.4827
2746.000000,2,14.0690,187.5409,47.3830,0.6841,-9.8209
2746.000000,3,14.0690,187.6597,47.3055,0.4877,-8.6146
2746.000000,4,14.0690,187.7778,46.8053,-0.1305,-7.5462
2746.000000,5,14.0690,187.3834,47.5436,1.0021,-11.3452
2746.000000,6,14.0690,187.5015,47.7040,1.0445,-11.2041
2746.000000,7,14.0690,187.6189,47.6097,0.8327,-10.9571
2746.000000,8,14.0690,187.7357,47.6476,0.7539,-10.2062
2746.000000,9,14.0690,187.8517,47.5463,0.5365,-9.2552
2746.000000,10,14.0690,187.4668,47.7011,1.0764,-10.4756
2746.000000,11,14.0690,187.5826,47.5120,0.7713,-11.2899
2746.000000,12,14.0690,187.6980,47.7125,0.8565,-11.2784
2746.000000,13,14.0690,187.8127,47.5182,0.5474,-11.3221
2746.000000,14,14.0690,187.9267,47.7007,0.6159,-10.6134
2746.000000,15,14.0690,187.5510,47.4968,0.7877,-9.0937
2746.000000,16,14.0690,187.6648,47.6697,0.8469,-10.1256
2746.000000,17,14.0690,187.7780,47.5587,0.6227,-11.0111
2746.000000,18,14.0690,187.8906,47.7049,0.6562,-11.2186
2746.000000,19,14.0690,188.0027,47.5680,0.4072,-11.3705
2746.000000,20,14.0690,187.6362,46.8561,0.0619,-7.3272
2746.000000,21,14.0690,187.7478,47.2970,0.3912,-8.6882
2746.000000,22,14.0690,187.8589,47.5002,0.4833,-9.8188
2746.000000,23,14.0690,187.9695,47.6020,0.4745,-10.6163
2746.000000,24,14.0690,188.0796,47.6831,0.4454,-11.0447
2747.000000,0,13.9935,187.3238,47.6815,1.1996,-10.9819
2747.000000,1,13.9935,187.4436,47.6242,1.0226,-10.5005
2747.000000,2,13.9935,187.5626,47.3967,0.6761,-9.8278
2747.000000,3,13.9935,187.6809,47.3135,0.4745,-8.6281
2747.000000,4,13.9935,187.7985,46.8175,-0.1390,-7.5524
2747.000000,5,13.9935,187.4064,47.5405,0.9761,-11.3507
2747.000000,6,13.9935,187.5240,47.7053,1.0233,-11.2090
2747.000000,7,13.9935,187.6409,47.6056,0.8066,-10.9697
2747.000000,8,13.9935,187.7571,47.6509,0.7358,-10.2102
2747.000000,9,13.9935,187.8727,47.5477,0.5170,-9.2588
2747.000000,10,13.9935,187.4900,47.7011,1.0530,-10.4756
2747.000000,11,13.9935,187.6053,47.5143,0.7509,-11.2903
2747.000000,12,13.9935,187.7201,47.7125,0.8343,-11.2823
2747.000000,13,13.9935,187.8343,47.5189,0.5266,-11.3241
2747.000000,14,13.9935,187.9479,47.7006,0.5947,-10.6131
2747.000000,15,13.9935,187.5745,47.4987,0.7661,-9.0989
2747.000000,16,13.9935,187.6877,47.6725,0.8268,-10.1312
2747.000000,17,13.9935,187.8003,47.5586,0.6003,-11.0196
2747.000000,18,13.9935,187.9125,47.7059,0.6354,-11.2240
2747.000000,19,13.9935,188.0241,47.5653,0.3831,-11.3762
2747.000000,20,13.9935,187.6598,46.8690,0.0511,-7.3371
2747.000000,21,13.9935,187.7708,47.3039,0.3751,-8.7042
2747.000000,22,13.9935,187.8814,47.5108,0.4714,-9.8286
2747.000000,23,13.9935,187.9916,47.6002,0.4506,-10.6364
2747.000000,24,13.9935,188.1012,47.6867,0.4275,-11.0541
2748.000000,0,13.9179,187.3467,47.6864,1.1817,-10.9910
2748.000000,1,13.9179,187.4659,47.6254,1.0014,-10.5186
2748.000000,2,13.9179,187.5844,47.4100,0.6676,-9.8351
2748.000000,3,13.9179,187.7022,47.3212,0.4610,-8.6417
2748.000000,4,13.9179,187.8192,46.8296,-0.1476,-7.5589
2748.000000,5,13.9179,187.4295,47.5375,0.9499,-11.3563
2748.000000,6,13.9179,187.5465,47.7064,1.0019,-11.2142
2748.000000,7,13.9179,187.6629,47.6014,0.7805,-10.9823
2748.000000,8,13.9179,187.7786,47.6542,0.7175,-10.2144
2748.000000,9,13.9179,187.8936,47.5491,0.4974,-9.2625
2748.000000,10,13.9179,187.5133,47.7010,1.0297,-10.4756
2748.000000,11,13.9179,187.6281,47.5166,0.7305,-11.2909
2748.000000,12,13.9179,187.7423,47.7125,0.8121,-11.2862
2748.000000,13,13.9179,187.8560,47.5197,0.5056,-11.3262
2748.000000,14,13.9179,187.9691,47.7005,0.5734,-10.6130
2748.000000,15,13.9179,187.5979,47.5005,0.7445,-9.1043
2748.000000,16,13.9179,187.7106,47.6752,0.8066,-10.1370
2748.000000,17,13.9179,187.8227,47.5585,0.5777,-11.0281
2748.000000,18,13.9179,187.9344,47.7068,0.6144,-11.2295
2748.000000,19,13.9179,188.0455,47.5625,0.3590,-11.3818
2748.000000,20,13.9179,187.6834,46.8816,0.0402,-7.3473
2748.000000,21,13.9179,187.7939,47.3107,0.3587,-8.7202
2748.000000,22,13.9179,187.9040,47.5210,0.4590,-9.8387
2748.000000,23,13.9179,188.0136,47.5981,0.4264,-10.6566
2748.000000,24,13.9179,188.1227,47.6897,0.4089,-11.0639
2749.000000,0,13.8423,187.3696,47.6907,1.1630,-11.0006
2749.000000,1,13.8423,187.4882,47.6262,0.9799,-10.5368
2749.000000,2,13.8423,187.6062,47.4229,0.6587,-9.8426
2749.000000,3,13.8423,187.7235,47.3288,0.4473,-8.6555
2749.000000,4,13.8423,187.8400,46.8416,-0.1565,-7.5657
2749.000000,5,13.8423,187.4526,47.5343,0.9237,-11.3619
2749.000000,6,13.8423,187.5691,47.7073,0.9802,-11.2194
2749.000000,7,13.8423,187.6849,47.5971,0.7541,-10.9949
2749.000000,8,13.8423,187.8001,47.6573,0.6991,-10.2188
2749.000000,9,13.8423,187.9147,47.5505,0.4778,-9.2665
2749.000000,10,13.8423,187.5366,47.7009,1.0063,-10.4758
2749.000000,11,13.8423,187.6508,47.5188,0.7099,-11.2915
2749.000000,12,13.8423,187.7646,47.7125,0.7898,-11.2902
2749.000000,13,13.8423,187.8777,47.5205,0.4847,-11.3282
2749.000000,14,13.8423,187.9903,47.7005,0.5521,-10.6130
2749.000000,15,13.8423,187.6214,47.5023,0.7229,-9.1098
2749.000000,16,13.8423,187.7335,47.6778,0.7862,-10.1430
2749.000000,17,13.8423,187.8452,47.5584,0.5552,-11.0366
2749.000000,18,13.8423,187.9563,47.7075,0.5931,-11.2351
2749.000000,19,13.8423,188.0669,47.5597,0.3347,-11.3875
2749.000000,20,13.8423,187.7070,46.8941,0.0290,-7.3578
2749.000000,21,13.8423,187.8170,47.3172,0.3422,-8.7364
2749.000000,22,13.8423,187.9266,47.5309,0.4463,-9.8490
2749.000000,23,13.8423,188.0357,47.5956,0.4019,-10.6769
2749.000000,24,13.8423,188.1443,47.6921,0.3897,-11.0742
2750.000000,0,13.7668,187.3925,47.6943,1.1437,-11.0106
2750.000000,1,13.7668,187.5106,47.6266,0.9580,-10.5551
2750.000000,2,13.7668,187.6280,47.4354,0.6493,-9.8504
2750.000000,3,13.7668,187.7448,47.3362,0.4334,-8.6695
2750.000000,4,13.7668,187.8608,46.8534,-0.1655,-7.5727
2750.000000,5,13.7668,187.4758,47.5311,0.8973,-11.3676
2750.000000,6,13.7668,187.5917,47.7081,0.9584,-11.2248
2750.000000,7,13.7668,187.7070,47.5927,0.7277,-11.0077
2750.000000,8,13.7668,187.8217,47.6603,0.6806,-10.2234
2750.000000,9,13.7668,187.9357,47.5518,0.4581,-9.2705
2750.000000,10,13.7668,187.5599,47.7009,0.9829,-10.4761
2750.000000,11,13.7668,187.6736,47.5210,0.6893,-11.2922
2750.000000,12,13.7668,187.7869,47.7125,0.7676,-11.2942
2750.000000,13,13.7668,187.8995,47.5212,0.4637,-11.3304
2750.000000,14,13.7668,188.0116,47.7004,0.5308,-10.6131
2750.000000,15,13.7668,187.6449,47.5041,0.7011,-9.1154
2750.000000,16,13.7668,187.7565,47.6802,0.7657,-10.1491
2750.000000,17,13.7668,187.8676,47.5582,0.5325,-11.0452
2750.000000,18,13.7668,187.9782,47.7080,0.5718,-11.2409
2750.000000,19,13.7668,188.0884,47.5568,0.3104,-11.3932
2750.000000,20,13.7668,187.7307,46.9064,0.0176,-7.3685
2750.000000,21,13.7668,187.8402,47.3236,0.3254,-8.7527
2750.000000,22,13.7668,187.9492,47.5403,0.4331,-9.8597
2750.000000,23,13.7668,188.0578,47.5929,0.3770,-10.6974
2750.000000,24,13.7668,188.1660,47.6939,0.3699,-11.0849
2751.000000,0,13.6912,187.4155,47.6973,1.1238,-11.0210
2751.000000,1,13.6912,187.5330,47.6267,0.9356,-10.5737
2751.000000,2,13.6912,187.6499,47.4475,0.6396,-9.8585
2751.000000,3,13.6912,187.7662,47.3435,0.4193,-8.6836
2751.000000,4,13.6912,187.8817,46.8651,-0.1747,-7.5800
2751.000000,5,13.6912,187.4989,47.5279,0.8709,-11.3733
2751.000000,6,13.6912,187.6143,47.7087,0.9364,-11.2303
2751.000000,7,13.6912,187.7291,47.5883,0.7012,-11.0205
2751.000000,8,13.6912,187.8433,47.6631,0.6618,-10.2281
2751.000000,9,13.6912,187.9568,47.5532,0.4383,-9.2748
2751.000000,10,13.6912,187.5833,47.7008,0.9595,-10.4765
2751.000000,11,13.6912,187.6965,47.5231,0.6686,-11.2930
2751.000000,12,13.6912,187.8092,47.7125,0.7453,-11.2982
2751.000000,13,13.6912,187.9213,47.5220,0.4427,-11.3326
2751.000000,14,13.6912,188.0329,47.7004,0.5094,-10.6133
2751.000000,15,13.6912,187.6685,47.5059,0.6794,-9.1213
2751.000000,16,13.6912,187.7795,47.6825,0.7450,-10.1553
2751.000000,17,13.6912,187.8901,47.5580,0.5099,-11.0537
2751.000000,18,13.6912,188.0002,47.7085,0.5502,-11.2468
2751.000000,19,13.6912,188.1098,47.5539,0.2861,-11.3990
2751.000000,20,13.6912,187.7544,46.9185,0.0061,-7.3794
2751.000000,21,13.6912,187.8633,47.3299,0.3085,-8.7691
2751.000000,22,13.6912,187.9718,47.5494,0.4196,-9.8705
2751.000000,23,13.6912,188.0799,47.5899,0.3519,-10.7179
2751.000000,24,13.6912,188.1876,47.6952,0.3495,-11.0960
2752.000000,0,13.6156,187.4385,47.6997,1.1031,-11.0319
2752.000000,1,13.6156,187.5555,47.6264,0.9129,-10.5924
2752.000000,2,13.6156,187.6719,47.4593,0.6294,-9.8669
2752.000000,3,13.6156,187.7876,47.3505,0.4049,-8.6979
2752.000000,4,13.6156,187.9026,46.8766,-0.1841,-7.5875
2752.000000,5,13.6156,187.5221,47.5247,0.8445,-11.3790
2752.000000,6,13.6156,187.6370,47.7092,0.9142,-11.2359
2752.000000,7,13.6156,187.7512,47.5838,0.6745,-11.0334
2752.000000,8,13.6156,187.8649,47.6659,0.6430,-10.2330
2752.000000,9,13.6156,187.9779,47.5545,0.4185,-9.2792
2752.000000,10,13.6156,187.6067,47.7007,0.9360,-10.4770
2752.000000,11,13.6156,187.7193,47.5252,0.6479,-11.2940
2752.000000,12,13.6156,187.8315,47.7125,0.7229,-11.3022
2752.000000,13,13.6156,187.9431,47.5228,0.4216,-11.3348
2752.000000,14,13.6156,188.0542,47.7003,0.4880,-10.6136
2752.000000,15,13.6156,187.6920,47.5076,0.6575,-9.1272
2752.000000,16,13.6156,187.8025,47.6848,0.7242,-10.1618
2752.000000,17,13.6156,187.9126,47.5578,0.4871,-11.0623
2752.000000,18,13.6156,188.0222,47.7087,0.5285,-11.2528
2752.000000,19,13.6156,188.1313,47.5510,0.2616,-11.4047
2752.000000,20,13.6156,187.7781,46.9304,-0.0057,-7.3905
2752.000000,21,13.6156,187.8865,47.3359,0.2914,-8.7856
2752.000000,22,13.6156,187.9945,47.5582,0.4057,-9.8816
2752.000000,23,13.6156,188.1021,47.5866,0.3264,-10.7386
2752.000000,24,13.6156,188.2093,47.6958,0.3285,-11.1075
2753.000000,0,13.5400,187.4615,47.7015,1.0819,-11.0431
2753.000000,1,13.5400,187.5780,47.6259,0.8898,-10.6112
2753.000000,2,13.5400,187.6938,47.4706,0.6187,-9.8755
2753.000000,3,13.5400,187.8090,47.3574,0.3903,-8.7123
2753.000000,4,13.5400,187.9236,46.8880,-0.1936,-7.5953
2753.000000,5,13.5400,187.5454,47.5214,0.8179,-11.3847
2753.000000,6,13.5400,187.6597,47.7096,0.8919,-11.2417
2753.000000,7,13.5400,187.7734,47.5815,0.6500,-11.0439
2753.000000,8,13.5400,187.8865,47.6686,0.6240,-10.2380
2753.000000,9,13.5400,187.9991,47.5558,0.3986,-9.2837
2753.000000,10,13.5400,187.6301,47.7006,0.9125,-10.4776
2753.000000,11,13.5400,187.7422,47.5273,0.6270,-11.2950
2753.000000,12,13.5400,187.8538,47.7125,0.7006,-11.3063
2753.000000,13,13.5400,187.9650,47.5236,0.4006,-11.3370
2753.000000,14,13.5400,188.0756,47.7002,0.4666,-10.6139
2753.000000,15,13.5400,187.7156,47.5093,0.6357,-9.1334
2753.000000,16,13.5400,187.8256,47.6869,0.7033,-10.1683
2753.000000,17,13.5400,187.9351,47.5575,0.4643,-11.0709
2753.000000,18,13.5400,188.0442,47.7089,0.5066,-11.2589
2753.000000,19,13.5400,188.1529,47.5481,0.2371,-11.4105
2753.000000,20,13.5400,187.8018,46.9422,-0.0176,-7.4019
2753.000000,21,13.5400,187.9097,47.3418,0.2741,-8.8023
2753.000000,22,13.5400,188.0172,47.5666,0.3914,-9.8929
2753.000000,23,13.5400,188.1243,47.5830,0.3007,-10.7593
2753.000000,24,13.5400,188.2310,47.6960,0.3070,-11.1194
2754.000000,0,13.4644,187.4846,47.7027,1.0601,-11.0547
2754.000000,1,13.4644,187.6005,47.6250,0.8664,-10.6302
2754.000000,2,13.4644,187.7158,47.4816,0.6077,-9.8844
2754.000000,3,13.4644,187.8305,47.3641,0.3756,-8.7268
2754.000000,4,13.4644,187.9446,46.8992,-0.2034,-7.6033
2754.000000,5,13.4644,187.5687,47.5180,0.7913,-11.3904
2754.000000,6,13.4644,187.6824,47.7098,0.8693,-11.2476
2754.000000,7,13.4644,187.7956,47.5813,0.6277,-11.0521
2754.000000,8,13.4644,187.9082,47.6712,0.6049,-10.2433
2754.000000,9,13.4644,188.0203,47.5570,0.3787,-9.2885
2754.000000,10,13.4644,187.6535,47.7005,0.8889,-10.4783
2754.000000,11,13.4644,187.7651,47.5293,0.6061,-11.2961
2754.000000,12,13.4644,187.8762,47.7125,0.6782,-11.3105
2754.000000,13,13.4644,187.9868,47.5244,0.3795,-11.3394
2754.000000,14,13.4644,188.0969,47.7001,0.4452,-10.6144
2754.000000,15,13.4644,187.7392,47.5110,0.6137,-9.1396
2754.000000,16,13.4644,187.8486,47.6889,0.6822,-10.1751
2754.000000,17,13.4644,187.9577,47.5572,0.4415,-11.0795
2754.000000,18,13.4644,188.0663,47.7089,0.4845,-11.2652
2754.000000,19,13.4644,188.1744,47.5451,0.2126,-11.4164
2754.000000,20,13.4644,187.8255,46.9538,-0.0298,-7.4134
2754.000000,21,13.4644,187.9329,47.3475,0.2566,-8.8190
2754.000000,22,13.4644,188.0399,47.5747,0.3768,-9.9045
2754.000000,23,13.4644,188.1465,47.5792,0.2747,-10.7801
2754.000000,24,13.4644,188.2527,47.6956,0.2849,-11.1317
2755.000000,0,13.3889,187.5077,47.7035,1.0377,-11.0667
2755.000000,1,13.3889,187.6231,47.6238,0.8426,-10.6493
2755.000000,2,13.3889,187.7379,47.4922,0.5963,-9.8936
2755.000000,3,13.3889,187.8520,47.3707,0.3606,-8.7415
2755.000000,4,13.3889,187.9656,46.9103,-0.2133,-7.6115
2755.000000,5,13.3889,187.5920,47.5146,0.7647,-11.3962
2755.000000,6,13.3889,187.7051,47.7098,0.8466,-11.2536
2755.000000,7,13.3889,187.8178,47.5811,0.6052,-11.0603
2755.000000,8,13.3889,187.9300,47.6736,0.5856,-10.2486
2755.000000,9,13.3889,188.0415,47.5583,0.3587,-9.2933
2755.000000,10,13.3889,187.6770,47.7004,0.8654,-10.4791
2755.000000,11,13.3889,187.7880,47.5312,0.5851,-11.2974
2755.000000,12,13.3889,187.8986,47.7125,0.6558,-11.3146
2755.000000,13,13.3889,188.0088,47.5263,0.3595,-11.3405
2755.000000,14,13.3889,188.1184,47.7001,0.4237,-10.6150
2755.000000,15,13.3889,187.7628,47.5126,0.5918,-9.1460
2755.000000,16,13.3889,187.8717,47.6908,0.6610,-10.1819
2755.000000,17,13.3889,187.9802,47.5569,0.4186,-11.0882
2755.000000,18,13.3889,188.0884,47.7087,0.4623,-11.2715
2755.000000,19,13.3889,188.1960,47.5420,0.1880,-11.4222
2755.000000,20,13.3889,187.8493,46.9652,-0.0421,-7.4252
2755.000000,21,13.3889,187.9561,47.3531,0.2390,-8.8357
2755.000000,22,13.3889,188.0626,47.5824,0.3618,-9.9162
2755.000000,23,13.3889,188.1687,47.5752,0.2484,-10.8010
2755.000000,24,13.3889,188.2744,47.6948,0.2623,-11.1443
2756.000000,0,13.3133,187.5309,47.7036,1.0147,-11.0790
2756.000000,1,13.3133,187.6457,47.6223,0.8185,-10.6685
2756.000000,2,13.3133,187.7599,47.5025,0.5845,-9.9030
2756.000000,3,13.3133,187.8736,47.3771,0.3454,-8.7563
2756.000000,4,13.3133,187.9867,46.9213,-0.2234,-7.6200
2756.000000,5,13.3133,187.6153,47.5183,0.7450,-11.3944
2756.000000,6,13.3133,187.7279,47.7098,0.8238,-11.2597
2756.000000,7,13.3133,187.8401,47.5808,0.5827,-11.0686
2756.000000,8,13.3133,187.9517,47.6760,0.5663,-10.2541
2756.000000,9,13.3133,188.0628,47.5595,0.3387,-9.2983
2756.000000,10,13.3133,187.7005,47.7003,0.8418,-10.4801
2756.000000,11,13.3133,187.8110,47.5331,0.5641,-11.2987
2756.000000,12,13.3133,187.9211,47.7125,0.6333,-11.3188
2756.000000,13,13.3133,188.0307,47.5284,0.3397,-11.3415
2756.000000,14,13.3133,188.1398,47.7000,0.4021,-10.6157
2756.000000,15,13.3133,187.7864,47.5142,0.5698,-9.1526
2756.000000,16,13.3133,187.8948,47.6926,0.6397,-10.1889
2756.000000,17,13.3133,188.0028,47.5565,0.3956,-11.0968
2756.000000,18,13.3133,188.1105,47.7085,0.4400,-11.2780
2756.000000,19,13.3133,188.2176,47.5390,0.1633,-11.4281
2756.000000,20,13.3133,187.8730,46.9765,-0.0546,-7.4372
2756.000000,21,13.3133,187.9793,47.3585,0.2212,-8.8526
2756.000000,22,13.3133,188.0853,47.5899,0.3465,-9.9282
2756.000000,23,13.3133,188.1909,47.5709,0.2219,-10.8220
2756.000000,24,13.3133,188.2962,47.6934,0.2392,-11.1573
2757.000000,0,13.2378,187.5541,47.7033,0.9912,-11.0916
2757.000000,1,13.2378,187.6683,47.6205,0.7941,-10.6878
2757.000000,2,13.2378,187.7821,47.5125,0.5724,-9.9126
2757.000000,3,13.2378,187.8952,47.3833,0.3301,-8.7712
2757.000000,4,13.2378,188.0078,46.9321,-0.2337,-7.6287
2757.000000,5,13.2378,187.6386,47.5244,0.7277,-11.3901
2757.000000,6,13.2378,187.7507,47.7096,0.8008,-11.2660
2757.000000,7,13.2378,187.8624,47.5806,0.5601,-11.0769
2757.000000,8,13.2378,187.9735,47.6783,0.5467,-10.2598
2757.000000,9,13.2378,188.0841,47.5607,0.3186,-9.3035
2757.000000,10,13.2378,187.7240,47.7002,0.8182,-10.4811
2757.000000,11,13.2378,187.8340,47.5350,0.5430,-11.3001
2757.000000,12,13.2378,187.9435,47.7125,0.6109,-11.3230
2757.000000,13,13.2378,188.0527,47.5305,0.3198,-11.3425
2757.000000,14,13.2378,188.1613,47.6999,0.3806,-10.6164
2757.000000,15,13.2378,187.8101,47.5158,0.5477,-9.1593
2757.000000,16,13.2378,187.9179,47.6943,0.6183,-10.1961
2757.000000,17,13.2378,188.0255,47.5561,0.3726,-11.1055
2757.000000,18,13.2378,188.1326,47.7081,0.4175,-11.2845
2757.000000,19,13.2378,188.2393,47.5359,0.1386,-11.4339
2757.000000,20,13.2378,187.8968,46.9876,-0.0673,-7.4494
2757.000000,21,13.2378,188.0026,47.3638,0.2032,-8.8696
2757.000000,22,13.2378,188.1081,47.5970,0.3309,-9.9403
2757.000000,23,13.2378,188.2132,47.5664,0.1951,-10.8431
2757.000000,24,13.2378,188.3180,47.6916,0.2156,-11.1706
2758.000000,0,13.1623,187.5773,47.7024,0.9671,-11.1046
2758.000000,1,13.1623,187.6910,47.6184,0.7694,-10.7073
2758.000000,2,13.1623,187.8042,47.5221,0.5598,-9.9225
2758.000000,3,13.1623,187.9168,47.3894,0.3145,-8.7862
2758.000000,4,13.1623,188.0289,46.9428,-0.2441,-7.6376
2758.000000,5,13.1623,187.6620,47.5303,0.7102,-11.3860
2758.000000,6,13.1623,187.7736,47.7093,0.7776,-11.2723
2758.000000,7,13.1623,187.8847,47.5803,0.5375,-11.0851
2758.000000,8,13.1623,187.9953,47.6805,0.5271,-10.2656
2758.000000,9,13.1623,188.1054,47.5619,0.2985,-9.3087
2758.000000,10,13.1623,187.7475,47.7001,0.7946,-10.4822
2758.000000,11,13.1623,187.8570,47.5368,0.5218,-11.3016
2758.000000,12,13.1623,187.9660,47.7125,0.5884,-11.3273
2758.000000,13,13.1623,188.0746,47.5325,0.2998,-11.3437
2758.000000,14,13.1623,188.1828,47.6998,0.3590,-10.6173
2758.000000,15,13.1623,187.8337,47.5174,0.5257,-9.1661
2758.000000,16,13.1623,187.9411,47.6959,0.5968,-10.2033
2758.000000,17,13.1623,188.0481,47.5557,0.3496,-11.1142
2758.000000,18,13.1623,188.1547,47.7076,0.3949,-11.2912
2758.000000,19,13.1623,188.2609,47.5328,0.1139,-11.4398
2758.000000,20,13.1623,187.9206,46.9985,-0.0801,-7.4618
2758.000000,21,13.1623,188.0258,47.3689,0.1851,-8.8866
2758.000000,22,13.1623,188.1308,47.6038,0.3150,-9.9526
2758.000000,23,13.1623,188.2355,47.5616,0.1681,-10.8642
2758.000000,24,13.1623,188.3398,47.6893,0.1915,-11.1842
2759.000000,0,13.0868,187.6005,47.7011,0.9426,-11.1179
2759.000000,1,13.0868,187.7137,47.6161,0.7443,-10.7268
2759.000000,2,13.0868,187.8264,47.5313,0.5469,-9.9326
2759.000000,3,13.0868,187.9385,47.3953,0.2988,-8.8014
2759.000000,4,13.0868,188.0501,46.9534,-0.2547,-7.6468
2759.000000,5,13.0868,187.6854,47.5359,0.6925,-11.3821
2759.000000,6,13.0868,187.7965,47.7089,0.7544,-11.2787
2759.000000,7,13.0868,187.9071,47.5800,0.5149,-11.0935
2759.000000,8,13.0868,188.0172,47.6826,0.5074,-10.2715
2759.000000,9,13.0868,188.1268,47.5631,0.2783,-9.3142
2759.000000,10,13.0868,187.7711,47.7000,0.7709,-10.4835
2759.000000,11,13.0868,187.8800,47.5386,0.5006,-11.3032
2759.000000,12,13.0868,187.9885,47.7125,0.5659,-11.3315
2759.000000,13,13.0868,188.0967,47.5345,0.2798,-11.3449
2759.000000,14,13.0868,188.2043,47.6997,0.3374,-10.6183
2759.000000,15,13.0868,187.8574,47.5190,0.5035,-9.1730
2759.000000,16,13.0868,187.9642,47.6974,0.5752,-10.2107
2759.000000,17,13.0868,188.0707,47.5553,0.3265,-11.1228
2759.000000,18,13.0868,188.1769,47.7070,0.3721,-11.2980
2759.000000,19,13.0868,188.2826,47.5297,0.0890,-11.4458
2759.000000,20,13.0868,187.9443,47.0092,-0.0931,-7.4744
2759.000000,21,13.0868,188.0491,47.3739,0.1668,-8.9037
2759.000000,22,13.0868,188.1536,47.6103,0.2987,-9.9652
2759.000000,23,13.0868,188.2578,47.5567,0.1409,-10.8853
2759.000000,24,13.0868,188.3616,47.6889,0.1693,-11.1957
2760.000000,0,13.0114,187.6238,47.6993,0.9175,-11.1315
2760.000000,1,13.0114,187.7364,47.6135,0.7190,-10.7465
2760.000000,2,13.0114,187.8486,47.5403,0.5337,-9.9428
2760.000000,3,13.0114,187.9602,47.4011,0.2828,-8.8166
2760.000000,4,13.0114,188.0713,46.9638,-0.2655,-7.6561
2760.000000,5,13.0114,187.7088,47.5414,0.6745,-11.3784
2760.000000,6,13.0114,187.8194,47.7083,0.7309,-11.2853
2760.000000,7,13.0114,187.9294,47.5796,0.4921,-11.1018
2760.000000,8,13.0114,188.0391,47.6846,0.4875,-10.2776
2760.000000,9,13.0114,188.1482,47.5643,0.2581,-9.3197
2760.000000,10,13.0114,187.7946,47.6999,0.7472,-10.4848
2760.000000,11,13.0114,187.9030,47.5403,0.4793,-11.3049
2760.000000,12,13.0114,188.0111,47.7125,0.5434,-11.3358
2760.000000,13,13.0114,188.1187,47.5364,0.2597,-11.3463
2760.000000,14,13.0114,188.2259,47.6996,0.3158,-10.6193
2760.000000,15,13.0114,187.8811,47.5205,0.4814,-9.1801
2760.000000,16,13.0114,187.9874,47.6989,0.5534,-10.2182
2760.000000,17,13.0114,188.0934,47.5549,0.3034,-11.1315
2760.000000,18,13.0114,188.1990,47.7063,0.3492,-11.3048
2760.000000,19,13.0114,188.3043,47.5265,0.0642,-11.4517
2760.000000,20,13.0114,187.9681,47.0199,-0.1063,-7.4871
2760.000000,21,13.0114,188.0724,47.3788,0.1483,-8.9208
2760.000000,22,13.0114,188.1764,47.6166,0.2822,-9.9778
2760.000000,23,13.0114,188.2801,47.5516,0.1135,-10.9065
2760.000000,24,13.0114,188.3834,47.6923,0.1509,-11.2028
2761.000000,0,12.9360,187.6470,47.6971,0.8920,-11.1454
2761.000000,1,12.9360,187.7592,47.6106,0.6934,-10.7662
2761.000000,2,12.9360,187.8708,47.5489,0.5201,-9.9533
2761.000000,3,12.9360,187.9819,47.4067,0.2667,-8.8320
2761.000000,4,12.9360,188.0925,46.9741,-0.2764,-7.6657
2761.000000,5,12.9360,187.7323,47.5466,0.6563,-11.3749
2761.000000,6,12.9360,187.8423,47.7077,0.7074,-11.2919
2761.000000,7,12.9360,187.9518,47.5792,0.4694,-11.1101
2761.000000,8,12.9360,188.0610,47.6865,0.4675,-10.2838
2761.000000,9,12.9360,188.1696,47.5654,0.2378,-9.3254
2761.000000,10,12.9360,187.8182,47.6998,0.7236,-10.4863
2761.000000,11,12.9360,187.9261,47.5420,0.4579,-11.3066
2761.000000,12,12.9360,188.0336,47.7125,0.5208,-11.3402
2761.000000,13,12.9360,188.1407,47.5383,0.2396,-11.3477
2761.000000,14,12.9360,188.2474,47.6996,0.2941,-10.6205
2761.000000,15,12.9360,187.9048,47.5220,0.4592,-9.1873
2761.000000,16,12.9360,188.0106,47.7002,0.5316,-10.2259
2761.000000,17,12.9360,188.1161,47.5544,0.2803,-11.1402
2761.000000,18,12.9360,188.2212,47.7055,0.3262,-11.3118
2761.000000,19,12.9360,188.3260,47.5234,0.0393,-11.4576
2761.000000,20,12.9360,187.9919,47.0303,-0.1197,-7.5000
2761.000000,21,12.9360,188.0957,47.3835,0.1297,-8.9381
2761.000000,22,12.9360,188.1992,47.6225,0.2653,-9.9907
2761.000000,23,12.9360,188.3024,47.5463,0.0859,-10.9277
2761.000000,24,12.9360,188.4052,47.6954,0.1322,-11.2101
2762.000000,0,12.8606,187.6704,47.6944,0.8660,-11.1596
2762.000000,1,12.8606,187.7820,47.6075,0.6675,-10.7860
2762.000000,2,12.8606,187.8931,47.5573,0.5062,-9.9640
2762.000000,3,12.8606,188.0037,47.4122,0.2505,-8.8475
2762.000000,4,12.8606,188.1138,46.9843,-0.2875,-7.6754
2762.000000,5,12.8606,187.7557,47.5517,0.6379,-11.3716
2762.000000,6,12.8606,187.8652,47.7069,0.6837,-11.2986
2762.000000,7,12.8606,187.9743,47.5788,0.4465,-11.1185
2762.000000,8,12.8606,188.0829,47.6883,0.4474,-10.2901
2762.000000,9,12.8606,188.1910,47.5665,0.2175,-9.3312
2762.000000,10,12.8606,187.8418,47.6997,0.6998,-10.4878
2762.000000,11,12.8606,187.9492,47.5437,0.4365,-11.3085
2762.000000,12,12.8606,188.0562,47.7125,0.4982,-11.3445
2762.000000,13,12.8606,188.1628,47.5402,0.2194,-11.3492
2762.000000,14,12.8606,188.2690,47.6995,0.2724,-10.6217
2762.000000,15,12.8606,187.9285,47.5235,0.4369,-9.1946
2762.000000,16,12.8606,188.0338,47.7015,0.5096,-10.2336
2762.000000,17,12.8606,188.1388,47.5539,0.2571,-11.1489
2762.000000,18,12.8606,188.2434,47.7046,0.3031,-11.3188
2762.000000,19,12.8606,188.3477,47.5212,0.0155,-11.4625
2762.000000,20,12.8606,188.0158,47.0406,-0.1332,-7.5131
2762.000000,21,12.8606,188.1190,47.3880,0.1110,-8.9554
2762.000000,22,12.8606,188.2220,47.6282,0.2482,-10.0037
2762.000000,23,12.8606,188.3247,47.5408,0.0580,-10.9490
2762.000000,24,12.8606,188.4271,47.6983,0.1131,-11.2176
2763.000000,0,12.7852,187.6937,47.6913,0.8396,-11.1741
2763.000000,1,12.7852,187.8048,47.6042,0.6414,-10.8058
2763.000000,2,12.7852,187.9154,47.5653,0.4919,-9.9749
2763.000000,3,12.7852,188.0255,47.4175,0.2340,-8.8630
2763.000000,4,12.7852,188.1351,46.9943,-0.2988,-7.6854
2763.000000,5,12.7852,187.7792,47.5566,0.6194,-11.3685
2763.000000,6,12.7852,187.8882,47.7061,0.6599,-11.3054
2763.000000,7,12.7852,187.9967,47.5784,0.4237,-11.1269
2763.000000,8,12.7852,188.1048,47.6901,0.4272,-10.2965
2763.000000,9,12.7852,188.2125,47.5676,0.1971,-9.3372
2763.000000,10,12.7852,187.8654,47.6996,0.6761,-10.4894
2763.000000,11,12.7852,187.9723,47.5453,0.4150,-11.3104
2763.000000,12,12.7852,188.0788,47.7125,0.4756,-11.3489
2763.000000,13,12.7852,188.1849,47.5420,0.1991,-11.3508
2763.000000,14,12.7852,188.2906,47.6994,0.2507,-10.6230
2763.000000,15,12.7852,187.9522,47.5249,0.4147,-9.2021
2763.000000,16,12.7852,188.0570,47.7027,0.4876,-10.2415
2763.000000,17,12.7852,188.1615,47.5534,0.2339,-11.1576
2763.000000,18,12.7852,188.2657,47.7036,0.2799,-11.3259
2763.000000,19,12.7852,188.3695,47.5252,-0.0023,-11.4608
2763.000000,20,12.7852,188.0396,47.0507,-0.1469,-7.5264
2763.000000,21,12.7852,188.1423,47.3925,0.0921,-8.9727
2763.000000,22,12.7852,188.2448,47.6336,0.2308,-10.0169
2763.000000,23,12.7852,188.3470,47.5351,0.0300,-10.9703
2763.000000,24,12.7852,188.4490,47.7008,0.0938,-11.2253
2764.000000,0,12.7099,187.7170,47.6928,0.8177,-11.1834
2764.000000,1,12.7099,187.8276,47.6006,0.6150,-10.8258
2764.000000,2,12.7099,187.9377,47.5731,0.4773,-9.9860
2764.000000,3,12.7099,188.0473,47.4227,0.2174,-8.8787
2764.000000,4,12.7099,188.1564,47.0042,-0.3102,-7.6956
2764.000000,5,12.7099,187.8027,47.5613,0.6006,-11.3656
2764.000000,6,12.7099,187.9111,47.7051,0.6359,-11.3123
2764.000000,7,12.7099,188.0192,47.5780,0.4007,-11.1353
2764.000000,8,12.7099,188.1268,47.6918,0.4069,-10.3031
2764.000000,9,12.7099,188.2340,47.5687,0.1767,-9.3432
2764.000000,10,12.7099,187.8890,47.6995,0.6524,-10.4912
2764.000000,11,12.7099,187.9954,47.5469,0.3935,-11.3125
2764.000000,12,12.7099,188.1014,47.7125,0.4530,-11.3534
2764.000000,13,12.7099,188.2070,47.5438,0.1788,-11.3525
2764.000000,14,12.7099,188.3123,47.6993,0.2290,-10.6244
2764.000000,15,12.7099,187.9760,47.5264,0.3924,-9.2096
2764.000000,16,12.7099,188.0802,47.7038,0.4655,-10.2495
2764.000000,17,12.7099,188.1842,47.5529,0.2106,-11.1663
2764.000000,18,12.7099,188.2879,47.7025,0.2565,-11.3331
2764.000000,19,12.7099,188.3913,47.5305,-0.0188,-11.4577
2764.000000,20,12.7099,188.0634,47.0607,-0.1607,-7.5398
2764.000000,21,12.7099,188.1656,47.3968,0.0731,-8.9901
2764.000000,22,12.7099,188.2676,47.6388,0.2131,-10.0302
2764.000000,23,12.7099,188.3694,47.5293,0.0018,-10.9916
2764.000000,24,12.7099,188.4709,47.7030,0.0741,-11.2331
2765.000000,0,12.6346,187.7404,47.6957,0.7973,-11.1909
2765.000000,1,12.6346,187.8504,47.5968,0.5883,-10.8457
2765.000000,2,12.6346,187.9600,47.5805,0.4625,-9.9972
2765.000000,3,12.6346,188.0691,47.4278,0.2006,-8.8944
2765.000000,4,12.6346,188.1778,47.0140,-0.3218,-7.7059
2765.000000,5,12.6346,187.8262,47.5659,0.5816,-11.3629
2765.000000,6,12.6346,187.9341,47.7040,0.6119,-11.3193
2765.000000,7,12.6346,188.0417,47.5775,0.3778,-11.1437
2765.000000,8,12.6346,188.1488,47.6933,0.3865,-10.3098
2765.000000,9,12.6346,188.2555,47.5698,0.1562,-9.3494
2765.000000,10,12.6346,187.9127,47.6994,0.6286,-10.4930
2765.000000,11,12.6346,188.0185,47.5485,0.3719,-11.3146
2765.000000,12,12.6346,188.1240,47.7125,0.4304,-11.3578
2765.000000,13,12.6346,188.2292,47.5456,0.1584,-11.3543
2765.000000,14,12.6346,188.3339,47.6992,0.2072,-10.6259
2765.000000,15,12.6346,187.9997,47.5278,0.3700,-9.2173
2765.000000,16,12.6346,188.1035,47.7048,0.4433,-10.2576
2765.000000,17,12.6346,188.2070,47.5524,0.1874,-11.1751
2765.000000,18,12.6346,188.3102,47.7013,0.2331,-11.3404
2765.000000,19,12.6346,188.4130,47.5357,-0.0354,-11.4547
2765.000000,20,12.6346,188.0872,47.0706,-0.1747,-7.5534
2765.000000,21,12.6346,188.1890,47.4010,0.0540,-9.0075
2765.000000,22,12.6346,188.2905,47.6437,0.1952,-10.0437
2765.000000,23,12.6346,188.3918,47.5233,-0.0265,-11.0129
2765.000000,24,12.6346,188.4928,47.7049,0.0542,-11.2411
2766.000000,0,12.5594,187.7638,47.6984,0.7766,-11.1986
2766.000000,1,12.5594,187.8733,47.5928,0.5615,-10.8658
2766.000000,2,12.5594,187.9824,47.5877,0.4473,-10.0087
2766.000000,3,12.5594,188.0910,47.4327,0.1837,-8.9102
2766.000000,4,12.5594,188.1991,47.0237,-0.3335,-7.7164
2766.000000,5,12.5594,187.8498,47.5703,0.5624,-11.3604
2766.000000,6,12.5594,187.9572,47.7029,0.5877,-11.3264
2766.000000,7,12.5594,188.0642,47.5770,0.3548,-11.1521
2766.000000,8,12.5594,188.1708,47.6948,0.3660,-10.3166
2766.000000,9,12.5594,188.2770,47.5708,0.1358,-9.3557
2766.000000,10,12.5594,187.9363,47.6992,0.6049,-10.4949
2766.000000,11,12.5594,188.0416,47.5500,0.3503,-11.3168
2766.000000,12,12.5594,188.1467,47.7125,0.4078,-11.3623
2766.000000,13,12.5594,188.2513,47.5473,0.1379,-11.3562
2766.000000,14,12.5594,188.3556,47.6991,0.1854,-10.6275
2766.000000,15,12.5594,188.0235,47.5292,0.3477,-9.2251
2766.000000,16,12.5594,188.1267,47.7057,0.4210,-10.2657
2766.000000,17,12.5594,188.2297,47.5518,0.1641,-11.1838
2766.000000,18,12.5594,188.3324,47.7000,0.2095,-11.3478
2766.000000,19,12.5594,188.4348,47.5407,-0.0522,-11.4519
2766.000000,20,12.5594,188.1111,47.0803,-0.1888,-7.5671
2766.000000,21,12.5594,188.2123,47.4050,0.0347,-9.0250
2766.000000,22,12.5594,188.3133,47.6484,0.1770,-10.0573
2766.000000,23,12.5594,188.4141,47.5171,-0.0551,-11.0343
2766.000000,24,12.5594,188.5147,47.7066,0.0339,-11.2492
2767.000000,0,12.4842,187.7873,47.7008,0.7555,-11.2065
2767.000000,1,12.4842,187.8962,47.5886,0.5344,-10.8859
2767.000000,2,12.4842,188.0048,47.5946,0.4318,-10.0203
2767.000000,3,12.4842,188.1129,47.4375,0.1666,-8.9261
2767.000000,4,12.4842,188.2206,47.0332,-0.3454,-7.7271
2767.000000,5,12.4842,187.8733,47.5745,0.5431,-11.3581
2767.000000,6,12.4842,187.9802,47.7017,0.5634,-11.3336
2767.000000,7,12.4842,188.0867,47.5765,0.3318,-11.1605
2767.000000,8,12.4842,188.1929,47.6963,0.3454,-10.3235
2767.000000,9,12.4842,188.2986,47.5719,0.1152,-9.3622
2767.000000,10,12.4842,187.9600,47.6991,0.5811,-10.4970
2767.000000,11,12.4842,188.0648,47.5515,0.3287,-11.3190
2767.000000,12,12.4842,188.1693,47.7125,0.3851,-11.3668
2767.000000,13,12.4842,188.2735,47.5490,0.1174,-11.3581
2767.000000,14,12.4842,188.3773,47.6990,0.1637,-10.6292
2767.000000,15,12.4842,188.0472,47.5305,0.3253,-9.2329
2767.000000,16,12.4842,188.1500,47.7066,0.3986,-10.2740
2767.000000,17,12.4842,188.2525,47.5513,0.1407,-11.1925
2767.000000,18,12.4842,188.3547,47.6986,0.1859,-11.3552
2767.000000,19,12.4842,188.4567,47.5455,-0.0692,-11.4493
2767.000000,20,12.4842,188.1349,47.0898,-0.2031,-7.5810
2767.000000,21,12.4842,188.2357,47.4090,0.0153,-9.0425
2767.000000,22,12.4842,188.3362,47.6528,0.1585,-10.0710
2767.000000,23,12.4842,188.4365,47.5200,-0.0745,-11.0457
2767.000000,24,12.4842,188.5366,47.7080,0.0134,-11.2575
2768.000000,0,12.4091,187.8107,47.7029,0.7341,-11.2145
2768.000000,1,12.4091,187.9191,47.5842,0.5071,-10.9060
2768.000000,2,12.4091,188.0272,47.6012,0.4160,-10.0320
2768.000000,3,12.4091,188.1348,47.4422,0.1494,-8.9421
2768.000000,4,12.4091,188.2420,47.0426,-0.3574,-7.7380
2768.000000,5,12.4091,187.8969,47.5785,0.5236,-11.3559
2768.000000,6,12.4091,188.0032,47.7003,0.5391,-11.3408
2768.000000,7,12.4091,188.1093,47.5760,0.3087,-11.1690
2768.000000,8,12.4091,188.2149,47.6976,0.3247,-10.3305
2768.000000,9,12.4091,188.3202,47.5729,0.0947,-9.3687
2768.000000,10,12.4091,187.9837,47.6990,0.5573,-10.4991
2768.000000,11,12.4091,188.0880,47.5530,0.3070,-11.3214
2768.000000,12,12.4091,188.1920,47.7125,0.3625,-11.3713
2768.000000,13,12.4091,188.2957,47.5506,0.0969,-11.3601
2768.000000,14,12.4091,188.3990,47.6989,0.1418,-10.6310
2768.000000,15,12.4091,188.0710,47.5319,0.3029,-9.2409
2768.000000,16,12.4091,188.1732,47.7074,0.3761,-10.2824
2768.000000,17,12.4091,188.2753,47.5507,0.1174,-11.2012
2768.000000,18,12.4091,188.3770,47.6972,0.1621,-11.3627
2768.000000,19,12.4091,188.4785,47.5502,-0.0863,-11.4469
2768.000000,20,12.4091,188.1588,47.0992,-0.2176,-7.5951
2768.000000,21,12.4091,188.2590,47.4128,-0.0042,-9.0600
2768.000000,22,12.4091,188.3591,47.6570,0.1399,-10.0849
2768.000000,23,12.4091,188.4589,47.5289,-0.0881,-11.0505
2768.000000,24,12.4091,188.5585,47.7092,-0.0074,-11.2659
2769.000000,0,12.3340,187.8342,47.7046,0.7124,-11.2227
2769.000000,1,12.3340,187.9421,47.5796,0.4795,-10.9262
2769.000000,2,12.3340,188.0496,47.6076,0.4000,-10.0439
2769.000000,3,12.3340,188.1568,47.4468,0.1320,-8.9581
2769.000000,4,12.3340,188.2634,47.0519,-0.3696,-7.7490
2769.000000,5,12.3340,187.9205,47.5824,0.5039,-11.3540
2769.000000,6,12.3340,188.0263,47.6989,0.5146,-11.3481
2769.000000,7,12.3340,188.1318,47.5754,0.2856,-11.1774
2769.000000,8,12.3340,188.2370,47.6989,0.3039,-10.3376
2769.000000,9,12.3340,188.3418,47.5739,0.0741,-9.3754
2769.000000,10,12.3340,188.0074,47.6989,0.5335,-10.5013
2769.000000,11,12.3340,188.1111,47.5544,0.2852,-11.3238
2769.000000,12,12.3340,188.2147,47.7125,0.3398,-11.3759
2769.000000,13,12.3340,188.3179,47.5522,0.0763,-11.3622
2769.000000,14,12.3340,188.4207,47.6988,0.1200,-10.6328
2769.000000,15,12.3340,188.0948,47.5332,0.2804,-9.2490
2769.000000,16,12.3340,188.1965,47.7082,0.3536,-10.2909
2769.000000,17,12.3340,188.2980,47.5501,0.0940,-11.2100
2769.000000,18,12.3340,188.3993,47.6957,0.1383,-11.3703
2769.000000,19,12.3340,188.5003,47.5547,-0.1036,-11.4446
2769.000000,20,12.3340,188.1826,47.1085,-0.2321,-7.6092
2769.000000,21,12.3340,188.2824,47.4165,-0.0239,-9.0776
2769.000000,22,12.3340,188.3819,47.6609,0.1209,-10.0989
2769.000000,23,12.3340,188.4813,47.5373,-0.1020,-11.0557
2769.000000,24,12.3340,188.5805,47.7101,-0.0284,-11.2745
2770.000000,0,12.2590,187.8576,47.7061,0.6905,-11.2310
2770.000000,1,12.2590,187.9650,47.5749,0.4518,-10.9464
2770.000000,2,12.2590,188.0721,47.6137,0.3836,-10.0560
2770.000000,3,12.2590,188.1787,47.4512,0.1144,-8.9742
2770.000000,4,12.2590,188.2849,47.0611,-0.3819,-7.7602
2770.000000,5,12.2590,187.9441,47.5861,0.4840,-11.3522
2770.000000,6,12.2590,188.0494,47.6975,0.4900,-11.3554
2770.000000,7,12.2590,188.1544,47.5749,0.2624,-11.1859
2770.000000,8,12.2590,188.2591,47.7002,0.2830,-10.3449
2770.000000,9,12.2590,188.3634,47.5749,0.0534,-9.3821
2770.000000,10,12.2590,188.0311,47.6988,0.5097,-10.5036
2770.000000,11,12.2590,188.1343,47.5558,0.2634,-11.3263
2770.000000,12,12.2590,188.2373,47.7125,0.3171,-11.3805
2770.000000,13,12.2590,188.3401,47.5538,0.0556,-11.3644
2770.000000,14,12.2590,188.4425,47.6987,0.0982,-10.6348
2770.000000,15,12.2590,188.1185,47.5345,0.2580,-9.2572
2770.000000,16,12.2590,188.2198,47.7088,0.3310,-10.2994
2770.000000,17,12.2590,188.3208,47.5495,0.0706,-11.2187
2770.000000,18,12.2590,188.4216,47.6941,0.1144,-11.3779
2770.000000,19,12.2590,188.5222,47.5591,-0.1211,-11.4426
2770.000000,20,12.2590,188.2064,47.1176,-0.2469,-7.6235
2770.000000,21,12.2590,188.3057,47.4201,-0.0436,-9.0952
2770.000000,22,12.2590,188.4048,47.6647,0.1018,-10.1130
2770.000000,23,12.2590,188.5037,47.5454,-0.1164,-11.0611
2770.000000,24,12.2590,188.6024,47.7108,-0.0497,-11.2832
2771.000000,0,12.1840,187.8811,47.7073,0.6682,-11.2394
2771.000000,1,12.1840,187.9880,47.5699,0.4239,-10.9666
2771.000000,2,12.1840,188.0945,47.6196,0.3670,-10.0682
2771.000000,3,12.1840,188.2007,47.4555,0.0967,-8.9904
2771.000000,4,12.1840,188.3064,47.0701,-0.3943,-7.7716
2771.000000,5,12.1840,187.9677,47.5897,0.4640,-11.3506
2771.000000,6,12.1840,188.0725,47.6959,0.4654,-11.3629
2771.000000,7,12.1840,188.1770,47.5743,0.2393,-11.1943
2771.000000,8,12.1840,188.2812,47.7013,0.2621,-10.3522
2771.000000,9,12.1840,188.3850,47.5758,0.0328,-9.3890
2771.000000,10,12.1840,188.0547,47.6986,0.4859,-10.5060
2771.000000,11,12.1840,188.1575,47.5571,0.2416,-11.3289
2771.000000,12,12.1840,188.2601,47.7125,0.2944,-11.3851
2771.000000,13,12.1840,188.3623,47.5553,0.0349,-11.3667
2771.000000,14,12.1840,188.4642,47.6986,0.0763,-10.6368
2771.000000,15,12.1840,188.1423,47.5358,0.2355,-9.2655
2771.000000,16,12.1840,188.2431,47.7094,0.3083,-10.3081
2771.000000,17,12.1840,188.3436,47.5489,0.0472,-11.2274
2771.000000,18,12.1840,188.4440,47.6924,0.0904,-11.3856
2771.000000,19,12.1840,188.5440,47.5633,-0.1388,-11.4407
2771.000000,20,12.1840,188.2303,47.1266,-0.2617,-7.6380
2771.000000,21,12.1840,188.3291,47.4236,-0.0635,-9.1129
2771.000000,22,12.1840,188.4277,47.6682,0.0825,-10.1272
2771.000000,23,12.1840,188.5261,47.5530,-0.1312,-11.0669
2771.000000,24,12.1840,188.6244,47.7112,-0.0712,-11.2920
2772.000000,0,12.1090,187.9046,47.7083,0.6456,-11.2480
2772.000000,1,12.1090,188.0110,47.5648,0.3958,-10.9869
2772.000000,2,12.1090,188.1170,47.6252,0.3502,-10.0805
2772.000000,3,12.1090,188.2227,47.4597,0.0789,-9.0066
2772.000000,4,12.1090,188.3279,47.0790,-0.4069,-7.7831
2772.000000,5,12.1090,187.9913,47.5932,0.4438,-11.3491
2772.000000,6,12.1090,188.0956,47.6943,0.4406,-11.3704
2772.000000,7,12.1090,188.1996,47.5737,0.2161,-11.2028
2772.000000,8,12.1090,188.3033,47.7024,0.2410,-10.3596
2772.000000,9,12.1090,188.4067,47.5768,0.0121,-9.3960
2772.000000,10,12.1090,188.0785,47.6985,0.4620,-10.5085
2772.000000,11,12.1090,188.1807,47.5584,0.2197,-11.3316
2772.000000,12,12.1090,188.2828,47.7125,0.2717,-11.3897
2772.000000,13,12.1090,188.3845,47.5568,0.0142,-11.3690
2772.000000,14,12.1090,188.4860,47.6985,0.0544,-10.6389
2772.000000,15,12.1090,188.1661,47.5371,0.2130,-9.2739
2772.000000,16,12.1090,188.2664,47.7100,0.2856,-10.3168
2772.000000,17,12.1090,188.3664,47.5482,0.0238,-11.2361
2772.000000,18,12.1090,188.4663,47.6907,0.0663,-11.3933
2772.000000,19,12.1090,188.5659,47.5674,-0.1566,-11.4389
2772.000000,20,12.1090,188.2541,47.1355,-0.2767,-7.6525
2772.000000,21,12.1090,188.3524,47.4270,-0.0835,-9.1305
2772.000000,22,12.1090,188.4506,47.6715,0.0629,-10.1415
2772.000000,23,12.1090,188.5486,47.5602,-0.1464,-11.0730
2772.000000,24,12.1090,188.6463,47.7114,-0.0930,-11.3009
2773.000000,0,12.0342,187.9281,47.7090,0.6228,-11.2567
2773.000000,1,12.0342,188.0340,47.5596,0.3675,-11.0071
2773.000000,2,12.0342,188.1395,47.6306,0.3330,-10.0930
2773.000000,3,12.0342,188.2447,47.4637,0.0610,-9.0229
2773.000000,4,12.0342,188.3495,47.0878,-0.4197,-7.7948
2773.000000,5,12.0342,188.0149,47.5964,0.4235,-11.3479
2773.000000,6,12.0342,188.1187,47.6926,0.4158,-11.3779
2773.000000,7,12.0342,188.2222,47.5731,0.1928,-11.2112
2773.000000,8,12.0342,188.3255,47.7034,0.2199,-10.3671
2773.000000,9,12.0342,188.4283,47.5777,-0.0087,-9.4031
2773.000000,10,12.0342,188.1022,47.6984,0.4382,-10.5110
2773.000000,11,12.0342,188.2039,47.5597,0.1978,-11.3343
2773.000000,12,12.0342,188.3055,47.7125,0.2489,-11.3944
2773.000000,13,12.0342,188.4068,47.5583,-0.0066,-11.3714
2773.000000,14,12.0342,188.5078,47.6984,0.0325,-10.6411
2773.000000,15,12.0342,188.1899,47.5384,0.1904,-9.2824
2773.000000,16,12.0342,188.2897,47.7104,0.2627,-10.3256
2773.000000,17,12.0342,188.3893,47.5500,0.0027,-11.2423
2773.000000,18,12.0342,188.4887,47.6888,0.0422,-11.4012
2773.000000,19,12.0342,188.5878,47.5713,-0.1745,-11.4374
2773.000000,20,12.0342,188.2780,47.1442,-0.2918,-7.6672
2773.000000,21,12.0342,188.3758,47.4303,-0.1035,-9.1482
2773.000000,22,12.0342,188.4735,47.6746,0.0431,-10.1559
2773.000000,23,12.0342,188.5710,47.5670,-0.1620,-11.0794
2773.000000,24,12.0342,188.6683,47.7114,-0.1149,-11.3099
2774.000000,0,11.9594,187.9517,47.7095,0.5997,-11.2656
2774.000000,1,11.9594,188.0570,47.5542,0.3391,-11.0274
2774.000000,2,11.9594,188.1621,47.6358,0.3157,-10.1056
2774.000000,3,11.9594,188.2667,47.4677,0.0429,-9.0392
2774.000000,4,11.9594,188.3711,47.0965,-0.4326,-7.8067
2774.000000,5,11.9594,188.0385,47.5996,0.4030,-11.3468
2774.000000,6,11.9594,188.1418,47.6908,0.3909,-11.3855
2774.000000,7,11.9594,188.2449,47.5725,0.1696,-11.2197
2774.000000,8,11.9594,188.3476,47.7044,0.1987,-10.3748
2774.000000,9,11.9594,188.4500,47.5787,-0.0294,-9.4103
2774.000000,10,11.9594,188.1259,47.6983,0.4144,-10.5137
2774.000000,11,11.9594,188.2272,47.5610,0.1758,-11.3371
2774.000000,12,11.9594,188.3282,47.7125,0.2262,-11.3991
2774.000000,13,11.9594,188.4291,47.5597,-0.0274,-11.3739
2774.000000,14,11.9594,188.5296,47.6983,0.0106,-10.6433
2774.000000,15,11.9594,188.2137,47.5396,0.1679,-9.2910
2774.000000,16,11.9594,188.3129,47.7109,0.2399,-10.3345
2774.000000,17,11.9594,188.4121,47.5529,-0.0172,-11.2472
2774.000000,18,11.9594,188.5110,47.6870,0.0179,-11.4090
2774.000000,19,11.9594,188.6097,47.5751,-0.1926,-11.4359
2774.000000,20,11.9594,188.3018,47.1528,-0.3071,-7.6820
2774.000000,21,11.9594,188.3991,47.4334,-0.1237,-9.1659
2774.000000,22,11.9594,188.4964,47.6775,0.0231,-10.1703
2774.000000,23,11.9594,188.5934,47.5734,-0.1780,-11.0860
2774.000000,24,11.9594,188.6903,47.7112,-0.1372,-11.3191
2775.000000,0,11.8846,187.9752,47.7097,0.5764,-11.2746
2775.000000,1,11.8846,188.0801,47.5505,0.3124,-11.0456
2775.000000,2,11.8846,188.1846,47.6407,0.2981,-10.1184
2775.000000,3,11.8846,188.2888,47.4715,0.0247,-9.0556
2775.000000,4,11.8846,188.3926,47.1051,-0.4456,-7.8186
2775.000000,5,11.8846,188.0622,47.6026,0.3824,-11.3458
2775.000000,6,11.8846,188.1650,47.6889,0.3659,-11.3932
2775.000000,7,11.8846,188.2675,47.5719,0.1463,-11.2282
2775.000000,8,11.8846,188.3698,47.7053,0.1774,-10.3825
2775.000000,9,11.8846,188.4717,47.5796,-0.0502,-9.4175
2775.000000,10,11.8846,188.1496,47.6981,0.3905,-10.5164
2775.000000,11,11.8846,188.2504,47.5622,0.1538,-11.3399
2775.000000,12,11.8846,188.3510,47.7125,0.2035,-11.4038
2775.000000,13,11.8846,188.4513,47.5611,-0.0483,-11.3765
2775.000000,14,11.8846,188.5514,47.6982,-0.0113,-10.6457
2775.000000,15,11.8846,188.2374,47.5408,0.1453,-9.2997
2775.000000,16,11.8846,188.3362,47.7112,0.2169,-10.3435
2775.000000,17,11.8846,188.4349,47.5556,-0.0373,-11.2523
2775.000000,18,11.8846,188.5334,47.6858,-0.0056,-11.4161
2775.000000,19,11.8846,188.6316,47.5788,-0.2109,-11.4347
2775.000000,20,11.8846,188.3257,47.1612,-0.3225,-7.6969
2775.000000,21,11.8846,188.4225,47.4365,-0.1440,-9.1836
2775.000000,22,11.8846,188.5192,47.6802,0.0029,-10.1849
2775.000000,23,11.8846,188.6158,47.5795,-0.1944,-11.0929
2775.000000,24,11.8846,188.7123,47.7107,-0.1596,-11.3284
2776.000000,0,11.8100,187.9988,47.7096,0.5528,-11.2837
2776.000000,1,11.8100,188.1031,47.5579,0.2968,-11.0518
2776.000000,2,11.8100,188.2072,47.6454,0.2802,-10.1312
2776.000000,3,11.8100,188.3109,47.4752,0.0063,-9.0721
2776.000000,4,11.8100,188.4142,47.1136,-0.4587,-7.8308
2776.000000,5,11.8100,188.0858,47.6055,0.3616,-11.3450
2776.000000,6,11.8100,188.1881,47.6870,0.3409,-11.4010
2776.000000,7,11.8100,188.2902,47.5712,0.1230,-11.2367
2776.000000,8,11.8100,188.3920,47.7061,0.1561,-10.3902
2776.000000,9,11.8100,188.4935,47.5805,-0.0710,-9.4249
2776.000000,10,11.8100,188.1733,47.6980,0.3667,-10.5192
2776.000000,11,11.8100,188.2736,47.5635,0.1318,-11.3429
2776.000000,12,11.8100,188.3737,47.7125,0.1807,-11.4085
2776.000000,13,11.8100,188.4736,47.5625,-0.0692,-11.3791
2776.000000,14,11.8100,188.5732,47.6981,-0.0332,-10.6481
2776.000000,15,11.8100,188.2612,47.5420,0.1227,-9.3084
2776.000000,16,11.8100,188.3596,47.7115,0.1939,-10.3525
2776.000000,17,11.8100,188.4577,47.5582,-0.0576,-11.2575
2776.000000,18,11.8100,188.5557,47.6869,-0.0269,-11.4208
2776.000000,19,11.8100,188.6535,47.5823,-0.2293,-11.4336
2776.000000,20,11.8100,188.3495,47.1695,-0.3380,-7.7120
2776.000000,21,11.8100,188.4459,47.4395,-0.1644,-9.2014
2776.000000,22,11.8100,188.5421,47.6828,-0.0174,-10.1996
2776.000000,23,11.8100,188.6383,47.5852,-0.2111,-11.1001
2776.000000,24,11.8100,188.7342,47.7101,-0.1822,-11.3377
2777.000000,0,11.7353,188.0223,47.7094,0.5290,-11.2929
2777.000000,1,11.7353,188.1262,47.5649,0.2807,-11.0582
2777.000000,2,11.7353,188.2297,47.6499,0.2621,-10.1442
2777.000000,3,11.7353,188.3330,47.4789,-0.0121,-9.0885
2777.000000,4,11.7353,188.4359,47.1219,-0.4720,-7.8430
2777.000000,5,11.7353,188.1095,47.6083,0.3408,-11.3444
2777.000000,6,11.7353,188.2113,47.6856,0.3163,-11.4082
2777.000000,7,11.7353,188.3129,47.5706,0.0997,-11.2452
2777.000000,8,11.7353,188.4142,47.7069,0.1347,-10.3981
2777.000000,9,11.7353,188.5152,47.5813,-0.0919,-9.4324
2777.000000,10,11.7353,188.1971,47.6979,0.3428,-10.5221
2777.000000,11,11.7353,188.2969,47.5646,0.1097,-11.3459
2777.000000,12,11.7353,188.3965,47.7125,0.1579,-11.4133
2777.000000,13,11.7353,188.4959,47.5638,-0.0901,-11.3818
2777.000000,14,11.7353,188.5951,47.6980,-0.0551,-10.6506
2777.000000,15,11.7353,188.2850,47.5432,0.1001,-9.3173
2777.000000,16,11.7353,188.3829,47.7118,0.1709,-10.3616
2777.000000,17,11.7353,188.4806,47.5606,-0.0780,-11.2629
2777.000000,18,11.7353,188.5781,47.6880,-0.0482,-11.4254
2777.000000,19,11.7353,188.6754,47.5857,-0.2478,-11.4326
2777.000000,20,11.7353,188.3733,47.1777,-0.3536,-7.7271
2777.000000,21,11.7353,188.4692,47.4424,-0.1849,-9.2191
2777.000000,22,11.7353,188.5650,47.6851,-0.0380,-10.2143
2777.000000,23,11.7353,188.6607,47.5906,-0.2281,-11.1075
2777.000000,24,11.7353,188.7562,47.7093,-0.2050,-11.3472
2778.000000,0,11.6608,188.0459,47.7089,0.5049,-11.3022
2778.000000,1,11.6608,188.1492,47.5715,0.2642,-11.0650
2778.000000,2,11.6608,188.2523,47.6542,0.2438,-10.1573
2778.000000,3,11.6608,188.3551,47.4824,-0.0307,-9.1051
2778.000000,4,11.6608,188.4575,47.1302,-0.4854,-7.8554
2778.000000,5,11.6608,188.1331,47.6109,0.3197,-11.3440
2778.000000,6,11.6608,188.2344,47.6867,0.2942,-11.4127
2778.000000,7,11.6608,188.3355,47.5699,0.0763,-11.2537
2778.000000,8,11.6608,188.4364,47.7076,0.1132,-10.4061
2778.000000,9,11.6608,188.5369,47.5822,-0.1127,-9.4400
2778.000000,10,11.6608,188.2208,47.6978,0.3190,-10.5251
2778.000000,11,11.6608,188.3201,47.5658,0.0877,-11.3490
2778.000000,12,11.6608,188.4192,47.7125,0.1352,-11.4181
2778.000000,13,11.6608,188.5182,47.5651,-0.1111,-11.3845
2778.000000,14,11.6608,188.6169,47.6979,-0.0771,-10.6532
2778.000000,15,11.6608,188.3088,47.5443,0.0775,-9.3262
2778.000000,16,11.6608,188.4062,47.7120,0.1478,-10.3708
2778.000000,17,11.6608,188.5034,47.5629,-0.0986,-11.2684
2778.000000,18,11.6608,188.6005,47.6890,-0.0695,-11.4301
2778.000000,19,11.6608,188.6973,47.5889,-0.2665,-11.4319
2778.000000,20,11.6608,188.3971,47.1858,-0.3694,-7.7424
2778.000000,21,11.6608,188.4926,47.4452,-0.2054,-9.2369
2778.000000,22,11.6608,188.5879,47.6873,-0.0587,-10.2291
2778.000000,23,11.6608,188.6831,47.5956,-0.2455,-11.1152
2778.000000,24,11.6608,188.7782,47.7083,-0.2280,-11.3568
2779.000000,0,11.5863,188.0695,47.7082,0.4807,-11.3116
2779.000000,1,11.5863,188.1723,47.5778,0.2474,-11.0719
2779.000000,2,11.5863,188.2749,47.6583,0.2253,-10.1704
2779.000000,3,11.5863,188.3772,47.4858,-0.0494,-9.1216
2779.000000,4,11.5863,188.4791,47.1383,-0.4989,-7.8679
2779.000000,5,11.5863,188.1568,47.6134,0.2986,-11.3436
2779.000000,6,11.5863,188.2576,47.6878,0.2722,-11.4171
2779.000000,7,11.5863,188.3582,47.5692,0.0530,-11.2621
2779.000000,8,11.5863,188.4586,47.7082,0.0916,-10.4141
2779.000000,9,11.5863,188.5587,47.5831,-0.1336,-9.4476
2779.000000,10,11.5863,188.2445,47.6976,0.2951,-10.5282
2779.000000,11,11.5863,188.3433,47.5669,0.0655,-11.3521
2779.000000,12,11.5863,188.4420,47.7125,0.1124,-11.4229
2779.000000,13,11.5863,188.5405,47.5664,-0.1321,-11.3874
2779.000000,14,11.5863,188.6387,47.6977,-0.0990,-10.6558
2779.000000,15,11.5863,188.3326,47.5455,0.0549,-9.3352
2779.000000,16,11.5863,188.4295,47.7121,0.1246,-10.3801
2779.000000,17,11.5863,188.5262,47.5650,-0.1193,-11.2741
2779.000000,18,11.5863,188.6228,47.6900,-0.0909,-11.4349
2779.000000,19,11.5863,188.7193,47.5920,-0.2853,-11.4312
2779.000000,20,11.5863,188.4210,47.1938,-0.3852,-7.7577
2779.000000,21,11.5863,188.5159,47.4479,-0.2260,-9.2546
2779.000000,22,11.5863,188.6108,47.6893,-0.0796,-10.2440
2779.000000,23,11.5863,188.7056,47.6004,-0.2633,-11.1231
2779.000000,24,11.5863,188.8002,47.7071,-0.2512,-11.3664
2780.000000,0,11.5119,188.0931,47.7073,0.4562,-11.3211
2780.000000,1,11.5119,188.1954,47.5837,0.2302,-11.0791
2780.000000,2,11.5119,188.2975,47.6621,0.2066,-10.1837
2780.000000,3,11.5119,188.3993,47.4891,-0.0682,-9.1382
2780.000000,4,11.5119,188.5008,47.1463,-0.5125,-7.8806
2780.000000,5,11.5119,188.1805,47.6158,0.2773,-11.3435
2780.000000,6,11.5119,188.2808,47.6888,0.2500,-11.4217
2780.000000,7,11.5119,188.3809,47.5685,0.0296,-11.2706
2780.000000,8,11.5119,188.4808,47.7088,0.0700,-10.4222
2780.000000,9,11.5119,188.5804,47.5839,-0.1546,-9.4554
2780.000000,10,11.5119,188.2682,47.6975,0.2712,-10.5314
2780.000000,11,11.5119,188.3666,47.5680,0.0434,-11.3553
2780.000000,12,11.5119,188.4648,47.7125,0.0896,-11.4277
2780.000000,13,11.5119,188.5628,47.5676,-0.1532,-11.3903
2780.000000,14,11.5119,188.6606,47.6976,-0.1210,-10.6586
2780.000000,15,11.5119,188.3564,47.5466,0.0322,-9.3443
2780.000000,16,11.5119,188.4528,47.7122,0.1014,-10.3894
2780.000000,17,11.5119,188.5491,47.5669,-0.1402,-11.2799
2780.000000,18,11.5119,188.6452,47.6909,-0.1123,-11.4396
2780.000000,19,11.5119,188.7412,47.5951,-0.3042,-11.4307
2780.000000,20,11.5119,188.4448,47.2016,-0.4012,-7.7731
2780.000000,21,11.5119,188.5393,47.4505,-0.2468,-9.2724
2780.000000,22,11.5119,188.6337,47.6911,-0.1006,-10.2590
2780.000000,23,11.5119,188.7280,47.6047,-0.2813,-11.1312
2780.000000,24,11.5119,188.8222,47.7057,-0.2746,-11.3762
2781.000000,0,11.4376,188.1167,47.7062,0.4315,-11.3307
2781.000000,1,11.4376,188.2185,47.5893,0.2127,-11.0866
2781.000000,2,11.4376,188.3201,47.6658,0.1877,-10.1971
2781.000000,3,11.4376,188.4214,47.4923,-0.0871,-9.1549
2781.000000,4,11.4376,188.5225,47.1542,-0.5263,-7.8934
2781.000000,5,11.4376,188.2041,47.6181,0.2559,-11.3434
2781.000000,6,11.4376,188.3040,47.6899,0.2279,-11.4262
2781.000000,7,11.4376,188.4036,47.5683,0.0067,-11.2786
2781.000000,8,11.4376,188.5030,47.7094,0.0483,-10.4304
2781.000000,9,11.4376,188.6022,47.5847,-0.1755,-9.4632
2781.000000,10,11.4376,188.2920,47.6974,0.2474,-10.5346
2781.000000,11,11.4376,188.3898,47.5691,0.0212,-11.3585
2781.000000,12,11.4376,188.4876,47.7125,0.0669,-11.4325
2781.000000,13,11.4376,188.5851,47.5689,-0.1743,-11.3932
2781.000000,14,11.4376,188.6825,47.6975,-0.1430,-10.6614
2781.000000,15,11.4376,188.3801,47.5477,0.0095,-9.3534
2781.000000,16,11.4376,188.4761,47.7123,0.0782,-10.3987
2781.000000,17,11.4376,188.5719,47.5687,-0.1612,-11.2859
2781.000000,18,11.4376,188.6676,47.6919,-0.1338,-11.4444
2781.000000,19,11.4376,188.7631,47.5979,-0.3232,-11.4304
2781.000000,20,11.4376,188.4686,47.2093,-0.4173,-7.7887
2781.000000,21,11.4376,188.5626,47.4531,-0.2676,-9.2901
2781.000000,22,11.4376,188.6566,47.6928,-0.1218,-10.2740
2781.000000,23,11.4376,188.7505,47.6088,-0.2997,-11.1395
2781.000000,24,11.4376,188.8442,47.7042,-0.2981,-11.3860
2782.000000,0,11.3634,188.1403,47.7050,0.4066,-11.3404
2782.000000,1,11.3634,188.2416,47.5945,0.1949,-11.0942
2782.000000,2,11.3634,188.3427,47.6693,0.1685,-10.2106
2782.000000,3,11.3634,188.4436,47.4955,-0.1062,-9.1715
2782.000000,4,11.3634,188.5442,47.1620,-0.5402,-7.9063
2782.000000,5,11.3634,188.2278,47.6202,0.2344,-11.3435
2782.000000,6,11.3634,188.3272,47.6908,0.2056,-11.4308
2782.000000,7,11.3634,188.4263,47.5703,-0.0141,-11.2842
2782.000000,8,11.3634,188.5253,47.7099,0.0266,-10.4387
2782.000000,9,11.3634,188.6240,47.5856,-0.1965,-9.4711
2782.000000,10,11.3634,188.3157,47.6973,0.2235,-10.5379
2782.000000,11,11.3634,188.4131,47.5701,-0.0010,-11.3619
2782.000000,12,11.3634,188.5103,47.7125,0.0441,-11.4374
2782.000000,13,11.3634,188.6074,47.5701,-0.1954,-11.3963
2782.000000,14,11.3634,188.7043,47.6974,-0.1649,-10.6643
2782.000000,15,11.3634,188.4039,47.5488,-0.0131,-9.3627
2782.000000,16,11.3634,188.4994,47.7123,0.0549,-10.4082
2782.000000,17,11.3634,188.5947,47.5704,-0.1823,-11.2920
2782.000000,18,11.3634,188.6900,47.6927,-0.1553,-11.4492
2782.000000,19,11.3634,188.7851,47.6007,-0.3424,-11.4301
2782.000000,20,11.3634,188.4924,47.2169,-0.4335,-7.8043
2782.000000,21,11.3634,188.5859,47.4555,-0.2885,-9.3079
2782.000000,22,11.3634,188.6795,47.6943,-0.1432,-10.2890
2782.000000,23,11.3634,188.7729,47.6126,-0.3183,-11.1481
2782.000000,24,11.3634,188.8662,47.7025,-0.3218,-11.3959
2783.000000,0,11.2892,188.1639,47.7035,0.3816,-11.3502
2783.000000,1,11.2892,188.2647,47.5995,0.1767,-11.1021
2783.000000,2,11.2892,188.3654,47.6726,0.1492,-10.2241
2783.000000,3,11.2892,188.4658,47.4985,-0.1253,-9.1882
2783.000000,4,11.2892,188.5659,47.1697,-0.5542,-7.9193
2783.000000,5,11.2892,188.2515,47.6223,0.2128,-11.3438
2783.000000,6,11.2892,188.3503,47.6918,0.1834,-11.4354
2783.000000,7,11.2892,188.4490,47.5721,-0.0349,-11.2899
2783.000000,8,11.2892,188.5475,47.7104,0.0048,-10.4470
2783.000000,9,11.2892,188.6458,47.5864,-0.2175,-9.4791
2783.000000,10,11.2892,188.3394,47.6971,0.1997,-10.5413
2783.000000,11,11.2892,188.4363,47.5712,-0.0232,-11.3652
2783.000000,12,11.2892,188.5331,47.7125,0.0213,-11.4423
2783.000000,13,11.2892,188.6298,47.5712,-0.2166,-11.3993
2783.000000,14,11.2892,188.7262,47.6973,-0.1869,-10.6672
2783.000000,15,11.2892,188.4277,47.5499,-0.0358,-9.3720
2783.000000,16,11.2892,188.5227,47.7122,0.0315,-10.4177
2783.000000,17,11.2892,188.6176,47.5720,-0.2036,-11.2983
2783.000000,18,11.2892,188.7124,47.6936,-0.1768,-11.4541
2783.000000,19,11.2892,188.8070,47.6034,-0.3617,-11.4301
2783.000000,20,11.2892,188.5162,47.2244,-0.4498,-7.8200
2783.000000,21,11.2892,188.6093,47.4579,-0.3094,-9.3257
2783.000000,22,11.2892,188.7023,47.6956,-0.1647,-10.3042
2783.000000,23,11.2892,188.7953,47.6161,-0.3373,-11.1568
2783.000000,24,11.2892,188.8882,47.7006,-0.3456,-11.4058
2784.000000,0,11.2151,188.1875,47.7018,0.3563,-11.3600
2784.000000,1,11.2151,188.2879,47.6041,0.1582,-11.1102
2784.000000,2,11.2151,188.3880,47.6757,0.1297,-10.2377
2784.000000,3,11.2151,188.4879,47.5014,-0.1445,-9.2050
2784.000000,4,11.2151,188.5876,47.1773,-0.5683,-7.9325
2784.000000,5,11.2151,188.2752,47.6242,0.1910,-11.3442
2784.000000,6,11.2151,188.3735,47.6926,0.1611,-11.4401
2784.000000,7,11.2151,188.4718,47.5738,-0.0559,-11.2958
2784.000000,8,11.2151,188.5698,47.7108,-0.0171,-10.4554
2784.000000,9,11.2151,188.6676,47.5872,-0.2385,-9.4872
2784.000000,10,11.2151,188.3631,47.6970,0.1758,-10.5447
2784.000000,11,11.2151,188.4596,47.5722,-0.0454,-11.3687
2784.000000,12,11.2151,188.5559,47.7125,-0.0015,-11.4472
2784.000000,13,11.2151,188.6521,47.5724,-0.2378,-11.4025
2784.000000,14,11.2151,188.7481,47.6972,-0.2089,-10.6703
2784.000000,15,11.2151,188.4514,47.5510,-0.0585,-9.3814
2784.000000,16,11.2151,188.5459,47.7121,0.0082,-10.4272
2784.000000,17,11.2151,188.6404,47.5734,-0.2251,-11.3046
2784.000000,18,11.2151,188.7348,47.6944,-0.1984,-11.4590
2784.000000,19,11.2151,188.8290,47.6059,-0.3811,-11.4301
2784.000000,20,11.2151,188.5400,47.2317,-0.4663,-7.8358
2784.000000,21,11.2151,188.6326,47.4602,-0.3305,-9.3434
2784.000000,22,11.2151,188.7252,47.6968,-0.1864,-10.3193
2784.000000,23,11.2151,188.8178,47.6193,-0.3565,-11.1658
2784.000000,24,11.2151,188.9102,47.6986,-0.3696,-11.4159
2785.000000,0,11.1411,188.2111,47.7000,0.3309,-11.3700
2785.000000,1,11.1411,188.3110,47.6084,0.1394,-11.1184
2785.000000,2,11.1411,188.4107,47.6787,0.1100,-10.2514
2785.000000,3,11.1411,188.5101,47.5043,-0.1639,-9.2217
2785.000000,4,11.1411,188.6093,47.1848,-0.5825,-7.9457
2785.000000,5,11.1411,188.2988,47.6260,0.1692,-11.3447
2785.000000,6,11.1411,188.3967,47.6935,0.1387,-11.4448
2785.000000,7,11.1411,188.4945,47.5754,-0.0771,-11.3018
2785.000000,8,11.1411,188.5921,47.7111,-0.0390,-10.4639
2785.000000,9,11.1411,188.6894,47.5879,-0.2595,-9.4954
2785.000000,10,11.1411,188.3869,47.6969,0.1520,-10.5483
2785.000000,11,11.1411,188.4828,47.5732,-0.0677,-11.3722
2785.000000,12,11.1411,188.5787,47.7125,-0.0243,-11.4521
2785.000000,13,11.1411,188.6744,47.5735,-0.2590,-11.4057
2785.000000,14,11.1411,188.7700,47.6971,-0.2309,-10.6734
2785.000000,15,11.1411,188.4752,47.5520,-0.0812,-9.3908
2785.000000,16,11.1411,188.5692,47.7120,-0.0153,-10.4368
2785.000000,17,11.1411,188.6632,47.5747,-0.2466,-11.3111
2785.000000,18,11.1411,188.7571,47.6952,-0.2200,-11.4639
2785.000000,19,11.1411,188.8509,47.6084,-0.4006,-11.4303
2785.000000,20,11.1411,188.5637,47.2390,-0.4828,-7.8517
2785.000000,21,11.1411,188.6559,47.4624,-0.3516,-9.3612
2785.000000,22,11.1411,188.7481,47.6979,-0.2082,-10.3345
2785.000000,23,11.1411,188.8402,47.6222,-0.3760,-11.1749
2785.000000,24,11.1411,188.9322,47.6965,-0.3938,-11.4260
2786.000000,0,11.0672,188.2347,47.6980,0.3053,-11.3800
2786.000000,1,11.0672,188.3341,47.6124,0.1203,-11.1269
2786.000000,2,11.0672,188.4333,47.6815,0.0901,-10.2652
2786.000000,3,11.0672,188.5323,47.5070,-0.1833,-9.2385
2786.000000,4,11.0672,188.6310,47.1922,-0.5969,-7.9591
2786.000000,5,11.0672,188.3225,47.6278,0.1472,-11.3454
2786.000000,6,11.0672,188.4199,47.6943,0.1164,-11.4495
2786.000000,7,11.0672,188.5172,47.5769,-0.0983,-11.3079
2786.000000,8,11.0672,188.6143,47.7114,-0.0609,-10.4724
2786.000000,9,11.0672,188.7112,47.5887,-0.2806,-9.5036
2786.000000,10,11.0672,188.4106,47.6968,0.1281,-10.5519
2786.000000,11,11.0672,188.5061,47.5741,-0.0900,-11.3757
2786.000000,12,11.0672,188.6015,47.7125,-0.0470,-11.4571
2786.000000,13,11.0672,188.6967,47.5746,-0.2802,-11.4090
2786.000000,14,11.0672,188.7919,47.6970,-0.2529,-10.6765
2786.000000,15,11.0672,188.4989,47.5530,-0.1039,-9.4003
2786.000000,16,11.0672,188.5925,47.7119,-0.0387,-10.4464
2786.000000,17,11.0672,188.6861,47.5758,-0.2683,-11.3177
2786.000000,18,11.0672,188.7795,47.6959,-0.2416,-11.4688
2786.000000,19,11.0672,188.8729,47.6107,-0.4202,-11.4306
2786.000000,20,11.0672,188.5875,47.2461,-0.4994,-7.8677
2786.000000,21,11.0672,188.6792,47.4645,-0.3727,-9.3789
2786.000000,22,11.0672,188.7709,47.6988,-0.2301,-10.3498
2786.000000,23,11.0672,188.8626,47.6249,-0.3958,-11.1842
2786.000000,24,11.0672,188.9542,47.6942,-0.4181,-11.4362
2787.000000,0,10.9934,188.2584,47.6959,0.2795,-11.3901
2787.000000,1,10.9934,188.3573,47.6162,0.1009,-11.1356
2787.000000,2,10.9934,188.4560,47.6841,0.0701,-10.2791
2787.000000,3,10.9934,188.5545,47.5097,-0.2028,-9.2552
2787.000000,4,10.9934,188.6528,47.1995,-0.6113,-7.9725
2787.000000,5,10.9934,188.3462,47.6294,0.1252,-11.3461
2787.000000,6,10.9934,188.4431,47.6951,0.0939,-11.4542
2787.000000,7,10.9934,188.5399,47.5783,-0.1197,-11.3141
2787.000000,8,10.9934,188.6366,47.7117,-0.0829,-10.4810
2787.000000,9,10.9934,188.7331,47.5895,-0.3016,-9.5119
2787.000000,10,10.9934,188.4343,47.6966,0.1043,-10.5555
2787.000000,11,10.9934,188.5293,47.5750,-0.1123,-11.3793
2787.000000,12,10.9934,188.6242,47.7125,-0.0698,-11.4620
2787.000000,13,10.9934,188.7191,47.5756,-0.3015,-11.4123
2787.000000,14,10.9934,188.8138,47.6969,-0.2749,-10.6798
2787.000000,15,10.9934,188.5227,47.5540,-0.1266,-9.4099
2787.000000,16,10.9934,188.6158,47.7116,-0.0622,-10.4561
2787.000000,17,10.9934,188.7089,47.5769,-0.2900,-11.3245
2787.000000,18,10.9934,188.8019,47.6966,-0.2633,-11.4737
2787.000000,19,10.9934,188.8948,47.6130,-0.4399,-11.4311
2787.000000,20,10.9934,188.6112,47.2531,-0.5162,-7.8837
2787.000000,21,10.9934,188.7025,47.4666,-0.3940,-9.3966
2787.000000,22,10.9934,188.7938,47.6996,-0.2522,-10.3651
2787.000000,23,10.9934,188.8850,47.6272,-0.4158,-11.1937
2787.000000,24,10.9934,188.9762,47.6917,-0.4425,-11.4464
2788.000000,0,10.9196,188.2820,47.6936,0.2536,-11.4003
2788.000000,1,10.9196,188.3804,47.6197,0.0812,-11.1444
2788.000000,2,10.9196,188.4786,47.6865,0.0498,-10.2930
2788.000000,3,10.9196,188.5767,47.5123,-0.2224,-9.2720
2788.000000,4,10.9196,188.6745,47.2067,-0.6259,-7.9861
2788.000000,5,10.9196,188.3698,47.6310,0.1031,-11.3471
2788.000000,6,10.9196,188.4663,47.6958,0.0715,-11.4590
2788.000000,7,10.9196,188.5627,47.5795,-0.1412,-11.3204
2788.000000,8,10.9196,188.6589,47.7119,-0.1050,-10.4896
2788.000000,9,10.9196,188.7549,47.5902,-0.3227,-9.5203
2788.000000,10,10.9196,188.4580,47.6965,0.0805,-10.5593
2788.000000,11,10.9196,188.5525,47.5760,-0.1346,-11.3830
2788.000000,12,10.9196,188.6470,47.7125,-0.0926,-11.4670
2788.000000,13,10.9196,188.7414,47.5767,-0.3228,-11.4157
2788.000000,14,10.9196,188.8356,47.6968,-0.2969,-10.6831
2788.000000,15,10.9196,188.5464,47.5551,-0.1494,-9.4195
2788.000000,16,10.9196,188.6391,47.7114,-0.0857,-10.4658
2788.000000,17,10.9196,188.7317,47.5778,-0.3119,-11.3313
2788.000000,18,10.9196,188.8243,47.6973,-0.2850,-11.4787
2788.000000,19,10.9196,188.9168,47.6151,-0.4597,-11.4317
2788.000000,20,10.9196,188.6350,47.2600,-0.5330,-7.8998
2788.000000,21,10.9196,188.7258,47.4686,-0.4153,-9.4143
2788.000000,22,10.9196,188.8166,47.7003,-0.2744,-10.3804
2788.000000,23,10.9196,188.9074,47.6294,-0.4361,-11.2034
2788.000000,24,10.9196,188.9982,47.6892,-0.4670,-11.4567
2789.000000,0,10.8459,188.3056,47.6911,0.2275,-11.4105
2789.000000,1,10.8459,188.4035,47.6229,0.0613,-11.1534
2789.000000,2,10.8459,188.5013,47.6888,0.0294,-10.3070
2789.000000,3,10.8459,188.5989,47.5148,-0.2421,-9.2888
2789.000000,4,10.8459,188.6963,47.2138,-0.6405,-7.9998
2789.000000,5,10.8459,188.3935,47.6324,0.0809,-11.3481
2789.000000,6,10.8459,188.4895,47.6966,0.0490,-11.4638
2789.000000,7,10.8459,188.5854,47.5806,-0.1628,-11.3268
2789.000000,8,10.8459,188.6811,47.7121,-0.1271,-10.4983
2789.000000,9,10.8459,188.7767,47.5909,-0.3438,-9.5288
2789.000000,10,10.8459,188.4817,47.6964,0.0567,-10.5631
2789.000000,11,10.8459,188.5758,47.5769,-0.1570,-11.3867
2789.000000,12,10.8459,188.6698,47.7125,-0.1154,-11.4720
2789.000000,13,10.8459,188.7637,47.5777,-0.3441,-11.4191
2789.000000,14,10.8459,188.8575,47.6967,-0.3189,-10.6864
2789.000000,15,10.8459,188.5701,47.5560,-0.1721,-9.4292
2789.000000,16,10.8459,188.6623,47.7111,-0.1092,-10.4756
2789.000000,17,10.8459,188.7545,47.5786,-0.3339,-11.3382
2789.000000,18,10.8459,188.8467,47.6980,-0.3067,-11.4837
2789.000000,19,10.8459,188.9387,47.6171,-0.4796,-11.4324
2789.000000,20,10.8459,188.6587,47.2668,-0.5499,-7.9160
2789.000000,21,10.8459,188.7491,47.4705,-0.4366,-9.4320
2789.000000,22,10.8459,188.8395,47.7008,-0.2967,-10.3958
2789.000000,23,10.8459,188.9298,47.6313,-0.4566,-11.2132
2789.000000,24,10.8459,189.0202,47.6865,-0.4917,-11.4670
2790.000000,0,10.7724,188.3292,47.6885,0.2013,-11.4208
2790.000000,1,10.7724,188.4267,47.6258,0.0411,-11.1626
2790.000000,2,10.7724,188.5240,47.6909,0.0089,-10.3210
2790.000000,3,10.7724,188.6211,47.5172,-0.2619,-9.3057
2790.000000,4,10.7724,188.7181,47.2208,-0.6553,-8.0135
2790.000000,5,10.7724,188.4172,47.6338,0.0586,-11.3492
2790.000000,6,10.7724,188.5127,47.6972,0.0265,-11.4686
2790.000000,7,10.7724,188.6081,47.5817,-0.1845,-11.3334
2790.000000,8,10.7724,188.7034,47.7122,-0.1492,-10.5071
2790.000000,9,10.7724,188.7986,47.5917,-0.3649,-9.5373
2790.000000,10,10.7724,188.5054,47.6963,0.0328,-10.5670
2790.000000,11,10.7724,188.5990,47.5777,-0.1793,-11.3905
2790.000000,12,10.7724,188.6926,47.7125,-0.1382,-11.4770
2790.000000,13,10.7724,188.7861,47.5787,-0.3654,-11.4226
2790.000000,14,10.7724,188.8794,47.6966,-0.3409,-10.6899
2790.000000,15,10.7724,188.5938,47.5570,-0.1948,-9.4390
2790.000000,16,10.7724,188.6856,47.7108,-0.1328,-10.4854
2790.000000,17,10.7724,188.7773,47.5793,-0.3560,-11.3453
2790.000000,18,10.7724,188.8690,47.6986,-0.3285,-11.4887
2790.000000,19,10.7724,188.9607,47.6191,-0.4996,-11.4332
2790.000000,20,10.7724,188.6824,47.2735,-0.5669,-7.9322
2790.000000,21,10.7724,188.7723,47.4724,-0.4580,-9.4497
2790.000000,22,10.7724,188.8623,47.7012,-0.3191,-10.4111
2790.000000,23,10.7724,188.9523,47.6329,-0.4773,-11.2232
2790.000000,24,10.7724,189.0422,47.6837,-0.5165,-11.4774
2791.000000,0,10.6989,188.3528,47.6858,0.1749,-11.4311
2791.000000,1,10.6989,188.4498,47.6285,0.0206,-11.1720
2791.000000,2,10.6989,188.5467,47.6929,-0.0118,-10.3351
2791.000000,3,10.6989,188.6433,47.5196,-0.2818,-9.3225
2791.000000,4,10.6989,188.7398,47.2277,-0.6702,-8.0274
2791.000000,5,10.6989,188.4408,47.6350,0.0362,-11.3505
2791.000000,6,10.6989,188.5359,47.6979,0.0040,-11.4735
2791.000000,7,10.6989,188.6308,47.5826,-0.2063,-11.3400
2791.000000,8,10.6989,188.7257,47.7123,-0.1714,-10.5159
2791.000000,9,10.6989,188.8204,47.5924,-0.3861,-9.5459
2791.000000,10,10.6989,188.5291,47.6961,0.0090,-10.5710
2791.000000,11,10.6989,188.6222,47.5786,-0.2017,-11.3943
2791.000000,12,10.6989,188.7154,47.7125,-0.1609,-11.4821
2791.000000,13,10.6989,188.8084,47.5797,-0.3868,-11.4262
2791.000000,14,10.6989,188.9013,47.6964,-0.3629,-10.6934
2791.000000,15,10.6989,188.6175,47.5580,-0.2176,-9.4488
2791.000000,16,10.6989,188.7088,47.7105,-0.1564,-10.4952
2791.000000,17,10.6989,188.8001,47.5799,-0.3782,-11.3524
2791.000000,18,10.6989,188.8914,47.6992,-0.3503,-11.4938
2791.000000,19,10.6989,188.9826,47.6209,-0.5197,-11.4341
2791.000000,20,10.6989,188.7061,47.2801,-0.5840,-7.9485
2791.000000,21,10.6989,188.7956,47.4741,-0.4795,-9.4673
2791.000000,22,10.6989,188.8851,47.7015,-0.3417,-10.4265
2791.000000,23,10.6989,188.9746,47.6344,-0.4983,-11.2333
2791.000000,24,10.6989,189.0641,47.6808,-0.5414,-11.4879
2792.000000,0,10.6255,188.3765,47.6829,0.1484,-11.4415
2792.000000,1,10.6255,188.4730,47.6309,-0.0001,-11.1815
2792.000000,2,10.6255,188.5693,47.6947,-0.0326,-10.3493
2792.000000,3,10.6255,188.6656,47.5219,-0.3017,-9.3393
2792.000000,4,10.6255,188.7616,47.2345,-0.6852,-8.0413
2792.000000,5,10.6255,188.4645,47.6362,0.0137,-11.3519
2792.000000,6,10.6255,188.5591,47.6985,-0.0186,-11.4783
2792.000000,7,10.6255,188.6536,47.5834,-0.2282,-11.3467
2792.000000,8,10.6255,188.7480,47.7124,-0.1936,-10.5247
2792.000000,9,10.6255,188.8422,47.5931,-0.4072,-9.5545
2792.000000,10,10.6255,188.5527,47.6960,-0.0148,-10.5750
2792.000000,11,10.6255,188.6454,47.5794,-0.2241,-11.3982
2792.000000,12,10.6255,188.7381,47.7125,-0.1837,-11.4871
2792.000000,13,10.6255,188.8307,47.5806,-0.4081,-11.4298
2792.000000,14,10.6255,188.9232,47.6963,-0.3849,-10.6970
2792.000000,15,10.6255,188.6412,47.5589,-0.2403,-9.4587
2792.000000,16,10.6255,188.7321,47.7101,-0.1800,-10.5051
2792.000000,17,10.6255,188.8229,47.5804,-0.4005,-11.3597
2792.000000,18,10.6255,188.9138,47.6997,-0.3721,-11.4988
2792.000000,19,10.6255,189.0045,47.6227,-0.5399,-11.4352
2792.000000,20,10.6255,188.7298,47.2866,-0.6012,-7.9649
2792.000000,21,10.6255,188.8189,47.4759,-0.5010,-9.4850
2792.000000,22,10.6255,188.9079,47.7017,-0.3643,-10.4420
2792.000000,23,10.6255,188.9970,47.6356,-0.5195,-11.2436
2792.000000,24,10.6255,189.0861,47.6777,-0.5664,-11.4984
2793.000000,0,10.5522,188.4001,47.6799,0.1218,-11.4519
2793.000000,1,10.5522,188.4961,47.6331,-0.0210,-11.1911
2793.000000,2,10.5522,188.5920,47.6964,-0.0536,-10.3635
2793.000000,3,10.5522,188.6878,47.5241,-0.3218,-9.3562
2793.000000,4,10.5522,188.7834,47.2412,-0.7002,-8.0554
2793.000000,5,10.5522,188.4881,47.6373,-0.0089,-11.3534
2793.000000,6,10.5522,188.5822,47.6991,-0.0412,-11.4832
2793.000000,7,10.5522,188.6763,47.5841,-0.2502,-11.3536
2793.000000,8,10.5522,188.7703,47.7124,-0.2159,-10.5336
2793.000000,9,10.5522,188.8641,47.5938,-0.4284,-9.5633
2793.000000,10,10.5522,188.5764,47.6959,-0.0386,-10.5791
2793.000000,11,10.5522,188.6687,47.5802,-0.2465,-11.4021
2793.000000,12,10.5522,188.7609,47.7125,-0.2065,-11.4922
2793.000000,13,10.5522,188.8531,47.5816,-0.4295,-11.4334
2793.000000,14,10.5522,188.9451,47.6962,-0.4069,-10.7006
2793.000000,15,10.5522,188.6649,47.5599,-0.2631,-9.4686
2793.000000,16,10.5522,188.7553,47.7097,-0.2037,-10.5151
2793.000000,17,10.5522,188.8457,47.5808,-0.4229,-11.3670
2793.000000,18,10.5522,188.9361,47.7003,-0.3939,-11.5039
2793.000000,19,10.5522,189.0265,47.6244,-0.5601,-11.4363
2793.000000,20,10.5522,188.7535,47.2930,-0.6185,-7.9813
2793.000000,21,10.5522,188.8421,47.4775,-0.5226,-9.5026
2793.000000,22,10.5522,188.9307,47.7017,-0.3870,-10.4574
2793.000000,23,10.5522,189.0194,47.6366,-0.5409,-11.2540
2793.000000,24,10.5522,189.1081,47.6746,-0.5915,-11.5089
2794.000000,0,10.4790,188.4237,47.6768,0.0951,-11.4624
2794.000000,1,10.4790,188.5192,47.6351,-0.0422,-11.2009
2794.000000,2,10.4790,188.6147,47.6980,-0.0748,-10.3777
2794.000000,3,10.4790,188.7100,47.5262,-0.3419,-9.3730
2794.000000,4,10.4790,188.8052,47.2478,-0.7154,-8.0695
2794.000000,5,10.4790,188.5118,47.6383,-0.0315,-11.3550
2794.000000,6,10.4790,188.6054,47.6996,-0.0638,-11.4882
2794.000000,7,10.4790,188.6990,47.5847,-0.2723,-11.3605
2794.000000,8,10.4790,188.7925,47.7124,-0.2382,-10.5426
2794.000000,9,10.4790,188.8859,47.5944,-0.4495,-9.5721
2794.000000,10,10.4790,188.6001,47.6958,-0.0623,-10.5832
2794.000000,11,10.4790,188.6919,47.5810,-0.2689,-11.4061
2794.000000,12,10.4790,188.7836,47.7125,-0.2292,-11.4973
2794.000000,13,10.4790,188.8754,47.5825,-0.4510,-11.4371
2794.000000,14,10.4790,188.9670,47.6961,-0.4289,-10.7043
2794.000000,15,10.4790,188.6885,47.5608,-0.2858,-9.4786
2794.000000,16,10.4790,188.7785,47.7092,-0.2273,-10.5250
2794.000000,17,10.4790,188.8685,47.5811,-0.4454,-11.3744
2794.000000,18,10.4790,188.9585,47.7008,-0.4157,-11.5090
2794.000000,19,10.4790,189.0484,47.6260,-0.5805,-11.4376
2794.000000,20,10.4790,188.7771,47.2993,-0.6358,-7.9978
2794.000000,21,10.4790,188.8653,47.4791,-0.5442,-9.5202
2794.000000,22,10.4790,188.9535,47.7017,-0.4099,-10.4729
2794.000000,23,10.4790,189.0418,47.6373,-0.5625,-11.2645
2794.000000,24,10.4790,189.1300,47.6713,-0.6167,-11.5194
2795.000000,0,10.4058,188.4473,47.6736,0.0683,-11.4729
2795.000000,1,10.4058,188.5424,47.6368,-0.0636,-11.2108
2795.000000,2,10.4058,188.6374,47.6994,-0.0960,-10.3920
2795.000000,3,10.4058,188.7323,47.5282,-0.3621,-9.3899
2795.000000,4,10.4058,188.8270,47.2543,-0.7307,-8.0837
2795.000000,5,10.4058,188.5354,47.6393,-0.0542,-11.3568
2795.000000,6,10.4058,188.6286,47.7002,-0.0865,-11.4931
2795.000000,7,10.4058,188.7218,47.5853,-0.2945,-11.3675
2795.000000,8,10.4058,188.8148,47.7124,-0.2605,-10.5516
2795.000000,9,10.4058,188.9078,47.5951,-0.4707,-9.5809
2795.000000,10,10.4058,188.6237,47.6957,-0.0861,-10.5875
2795.000000,11,10.4058,188.7151,47.5818,-0.2913,-11.4101
2795.000000,12,10.4058,188.8064,47.7125,-0.2520,-11.5024
2795.000000,13,10.4058,188.8977,47.5833,-0.4724,-11.4409
2795.000000,14,10.4058,188.9889,47.6960,-0.4509,-10.7081
2795.000000,15,10.4058,188.7122,47.5617,-0.3085,-9.4887
2795.000000,16,10.4058,188.8017,47.7087,-0.2510,-10.5350
2795.000000,17,10.4058,188.8913,47.5813,-0.4680,-11.3819
2795.000000,18,10.4058,188.9808,47.7012,-0.4376,-11.5142
2795.000000,19,10.4058,189.0703,47.6275,-0.6009,-11.4390
2795.000000,20,10.4058,188.8008,47.3055,-0.6533,-8.0143
2795.000000,21,10.4058,188.8885,47.4807,-0.5659,-9.5378
2795.000000,22,10.4058,188.9763,47.7015,-0.4328,-10.4884
2795.000000,23,10.4058,189.0642,47.6379,-0.5843,-11.2752
2795.000000,24,10.4058,189.1520,47.6695,-0.6405,-11.5284
2796.000000,0,10.3328,188.4709,47.6702,0.0413,-11.4835
2796.000000,1,10.3328,188.5655,47.6383,-0.0852,-11.2209
2796.000000,2,10.3328,188.6601,47.7007,-0.1174,-10.4063
2796.000000,3,10.3328,188.7545,47.5302,-0.3823,-9.4067
2796.000000,4,10.3328,188.8488,47.2608,-0.7460,-8.0980
2796.000000,5,10.3328,188.5590,47.6401,-0.0769,-11.3586
2796.000000,6,10.3328,188.6518,47.7007,-0.1091,-11.4981
2796.000000,7,10.3328,188.7445,47.5857,-0.3168,-11.3746
2796.000000,8,10.3328,188.8371,47.7123,-0.2829,-10.5606
2796.000000,9,10.3328,188.9296,47.5958,-0.4919,-9.5898
2796.000000,10,10.3328,188.6474,47.6955,-0.1099,-10.5917
2796.000000,11,10.3328,188.7382,47.5825,-0.3137,-11.4141
2796.000000,12,10.3328,188.8291,47.7125,-0.2747,-11.5075
2796.000000,13,10.3328,188.9200,47.5842,-0.4938,-11.4447
2796.000000,14,10.3328,189.0108,47.6959,-0.4729,-10.7119
2796.000000,15,10.3328,188.7358,47.5626,-0.3313,-9.4987
2796.000000,16,10.3328,188.8249,47.7082,-0.2747,-10.5450
2796.000000,17,10.3328,188.9140,47.5828,-0.4893,-11.3881
2796.000000,18,10.3328,189.0032,47.7017,-0.4595,-11.5193
2796.000000,19,10.3328,189.0923,47.6289,-0.6214,-11.4405
2796.000000,20,10.3328,188.8244,47.3116,-0.6708,-8.0309
2796.000000,21,10.3328,188.9117,47.4822,-0.5876,-9.5553
2796.000000,22,10.3328,188.9991,47.7013,-0.4559,-10.5039
2796.000000,23,10.3328,189.0865,47.6383,-0.6063,-11.2860
2796.000000,24,10.3328,189.1739,47.6713,-0.6607,-11.5335
2797.000000,0,10.2599,188.4945,47.6668,0.0142,-11.4941
2797.000000,1,10.2599,188.5886,47.6396,-0.1071,-11.2311
2797.000000,2,10.2599,188.6827,47.7018,-0.1389,-10.4207
2797.000000,3,10.2599,188.7767,47.5321,-0.4026,-9.4236
2797.000000,4,10.2599,188.8706,47.2671,-0.7615,-8.1123
2797.000000,5,10.2599,188.5826,47.6409,-0.0998,-11.3605
2797.000000,6,10.2599,188.6749,47.7011,-0.1318,-11.5031
2797.000000,7,10.2599,188.7672,47.5860,-0.3392,-11.3818
2797.000000,8,10.2599,188.8594,47.7122,-0.3052,-10.5697
2797.000000,9,10.2599,188.9515,47.5964,-0.5131,-9.5988
2797.000000,10,10.2599,188.6710,47.6954,-0.1336,-10.5961
2797.000000,11,10.2599,188.7614,47.5833,-0.3362,-11.4182
2797.000000,12,10.2599,188.8519,47.7125,-0.2975,-11.5126
2797.000000,13,10.2599,188.9423,47.5851,-0.5153,-11.4485
2797.000000,14,10.2599,189.0327,47.6958,-0.4949,-10.7158
2797.000000,15,10.2599,188.7595,47.5635,-0.3540,-9.5089
2797.000000,16,10.2599,188.8481,47.7077,-0.2984,-10.5551
2797.000000,17,10.2599,188.9368,47.5858,-0.5090,-11.3925
2797.000000,18,10.2599,189.0255,47.7021,-0.4814,-11.5245
2797.000000,19,10.2599,189.1142,47.6302,-0.6420,-11.4421
2797.000000,20,10.2599,188.8480,47.3177,-0.6884,-8.0476
2797.000000,21,10.2599,188.9349,47.4836,-0.6093,-9.5728
2797.000000,22,10.2599,189.0219,47.7009,-0.4790,-10.5193
2797.000000,23,10.2599,189.1089,47.6385,-0.6284,-11.2969
2797.000000,24,10.2599,189.1959,47.6729,-0.6810,-11.5386
2798.000000,0,10.1871,188.5181,47.6668,-0.0093,-11.5009
2798.000000,1,10.1871,188.6118,47.6407,-0.1291,-11.2414
2798.000000,2,10.1871,188.7054,47.7029,-0.1606,-10.4351
2798.000000,3,10.1871,188.7990,47.5340,-0.4230,-9.4404
2798.000000,4,10.1871,188.8924,47.2734,-0.7770,-8.1268
2798.000000,5,10.1871,188.6062,47.6416,-0.1227,-11.3626
2798.000000,6,10.1871,188.6981,47.7016,-0.1545,-11.5081
2798.000000,7,10.1871,188.7899,47.5863,-0.3616,-11.3890
2798.000000,8,10.1871,188.8817,47.7120,-0.3277,-10.5788
2798.000000,9,10.1871,188.9733,47.5971,-0.5343,-9.6079
2798.000000,10,10.1871,188.6946,47.6953,-0.1573,-10.6005
2798.000000,11,10.1871,188.7846,47.5840,-0.3586,-11.4224
2798.000000,12,10.1871,188.8746,47.7125,-0.3202,-11.5178
2798.000000,13,10.1871,188.9646,47.5859,-0.5368,-11.4524
2798.000000,14,10.1871,189.0546,47.6957,-0.5169,-10.7197
2798.000000,15,10.1871,188.7831,47.5643,-0.3768,-9.5191
2798.000000,16,10.1871,188.8713,47.7072,-0.3221,-10.5651
2798.000000,17,10.1871,188.9595,47.5887,-0.5288,-11.3971
2798.000000,18,10.1871,189.0478,47.7025,-0.5033,-11.5297
2798.000000,19,10.1871,189.1361,47.6315,-0.6626,-11.4438
2798.000000,20,10.1871,188.8716,47.3236,-0.7061,-8.0642
2798.000000,21,10.1871,188.9581,47.4850,-0.6311,-9.5903
2798.000000,22,10.1871,189.0446,47.7005,-0.5022,-10.5348
2798.000000,23,10.1871,189.1312,47.6385,-0.6508,-11.3079
2798.000000,24,10.1871,189.2178,47.6745,-0.7014,-11.5438
2799.000000,0,10.1144,188.5417,47.6686,-0.0311,-11.5057
2799.000000,1,10.1144,188.6349,47.6416,-0.1514,-11.2518
2799.000000,2,10.1144,188.7281,47.7038,-0.1823,-10.4495
2799.000000,3,10.1144,188.8212,47.5358,-0.4435,-9.4573
2799.000000,4,10.1144,188.9142,47.2795,-0.7927,-8.1413
2799.000000,5,10.1144,188.6298,47.6423,-0.1456,-11.3647
2799.000000,6,10.1144,188.7212,47.7020,-0.1773,-11.5132
2799.000000,7,10.1144,188.8126,47.5865,-0.3841,-11.3963
2799.000000,8,10.1144,188.9039,47.7119,-0.3501,-10.5880
2799.000000,9,10.1144,188.9952,47.5977,-0.5555,-9.6169
2799.000000,10,10.1144,188.7182,47.6952,-0.1811,-10.6050
2799.000000,11,10.1144,188.8078,47.5847,-0.3811,-11.4266
2799.000000,12,10.1144,188.8973,47.7125,-0.3429,-11.5229
2799.000000,13,10.1144,188.9869,47.5867,-0.5583,-11.4564
2799.000000,14,10.1144,189.0765,47.6956,-0.5389,-10.7237
2799.000000,15,10.1144,188.8067,47.5652,-0.3995,-9.5293
2799.000000,16,10.1144,188.8944,47.7066,-0.3459,-10.5752
2799.000000,17,10.1144,188.9823,47.5916,-0.5487,-11.4017
2799.000000,18,10.1144,189.0701,47.7029,-0.5253,-11.5349
2799.000000,19,10.1144,189.1580,47.6327,-0.6833,-11.4456
2799.000000,20,10.1144,188.8952,47.3294,-0.7239,-8.0810
2799.000000,21,10.1144,188.9812,47.4863,-0.6530,-9.6078
2799.000000,22,10.1144,189.0673,47.6999,-0.5254,-10.5504
2799.000000,23,10.1144,189.1535,47.6383,-0.6733,-11.3190
2799.000000,24,10.1144,189.2397,47.6759,-0.7218,-11.5490
2800.000000,0,10.0417,188.5652,47.6703,-0.0530,-11.5106
2800.000000,1,10.0417,188.6580,47.6423,-0.1738,-11.2624
2800.000000,2,10.0417,188.7508,47.7046,-0.2042,-10.4640
2800.000000,3,10.0417,188.8434,47.5375,-0.4640,-9.4741
2800.000000,4,10.0417,188.9360,47.2856,-0.8084,-8.1559
2800.000000,5,10.0417,188.6534,47.6428,-0.1686,-11.3669
2800.000000,6,10.0417,188.7444,47.7024,-0.2000,-11.5182
2800.000000,7,10.0417,188.8353,47.5866,-0.4067,-11.4037
2800.000000,8,10.0417,188.9262,47.7116,-0.3726,-10.5972
2800.000000,9,10.0417,189.0170,47.5983,-0.5767,-9.6261
2800.000000,10,10.0417,188.7418,47.6951,-0.2048,-10.6095
2800.000000,11,10.0417,188.8309,47.5854,-0.4035,-11.4308
2800.000000,12,10.0417,188.9201,47.7125,-0.3656,-11.5281
2800.000000,13,10.0417,189.0092,47.5875,-0.5798,-11.4604
2800.000000,14,10.0417,189.0983,47.6955,-0.5609,-10.7278
2800.000000,15,10.0417,188.8302,47.5660,-0.4222,-9.5396
2800.000000,16,10.0417,188.9176,47.7060,-0.3696,-10.5854
2800.000000,17,10.0417,189.0050,47.5944,-0.5687,-11.4064
2800.000000,18,10.0417,189.0924,47.7033,-0.5472,-11.5401
2800.000000,19,10.0417,189.1799,47.6338,-0.7041,-11.4475
2800.000000,20,10.0417,188.9188,47.3351,-0.7417,-8.0977
2800.000000,21,10.0417,189.0044,47.4876,-0.6748,-9.6252
2800.000000,22,10.0417,189.0901,47.6993,-0.5488,-10.5659
2800.000000,23,10.0417,189.1758,47.6379,-0.6959,-11.3302
2800.000000,24,10.0417,189.2616,47.6773,-0.7424,-11.5542
2801.000000,0,9.9692,188.5888,47.6718,-0.0750,-11.5156
2801.000000,1,9.9692,188.6811,47.6428,-0.1964,-11.2730
2801.000000,2,9.9692,188.7734,47.7052,-0.2262,-10.4785
2801.000000,3,9.9692,188.8656,47.5391,-0.4845,-9.4909
2801.000000,4,9.9692,188.9578,47.2916,-0.8242,-8.1705
2801.000000,5,9.9692,188.6770,47.6434,-0.1917,-11.3693
2801.000000,6,9.9692,188.7675,47.7028,-0.2228,-11.5233
2801.000000,7,9.9692,188.8580,47.5881,-0.4279,-11.4096
2801.000000,8,9.9692,188.9485,47.7114,-0.3951,-10.6065
2801.000000,9,9.9692,189.0389,47.5989,-0.5980,-9.6353
2801.000000,10,9.9692,188.7654,47.6949,-0.2285,-10.6141
2801.000000,11,9.9692,188.8540,47.5861,-0.4260,-11.4351
2801.000000,12,9.9692,188.9428,47.7125,-0.3883,-11.5333
2801.000000,13,9.9692,189.0315,47.5883,-0.6013,-11.4644
2801.000000,14,9.9692,189.1202,47.6954,-0.5829,-10.7319
2801.000000,15,9.9692,188.8538,47.5669,-0.4450,-9.5499
2801.000000,16,9.9692,188.9407,47.7054,-0.3934,-10.5955
2801.000000,17,9.9692,189.0277,47.5971,-0.5887,-11.4111
2801.000000,18,9.9692,189.1147,47.7036,-0.5692,-11.5454
2801.000000,19,9.9692,189.2018,47.6348,-0.7250,-11.4495
2801.000000,20,9.9692,188.9423,47.3408,-0.7596,-8.1146
2801.000000,21,9.9692,189.0275,47.4888,-0.6967,-9.6426
2801.000000,22,9.9692,189.1128,47.6986,-0.5722,-10.5814
2801.000000,23,9.9692,189.1981,47.6374,-0.7188,-11.3415
2801.000000,24,9.9692,189.2835,47.6786,-0.7630,-11.5595
2802.000000,0,9.8968,188.6124,47.6733,-0.0971,-11.5206
2802.000000,1,9.8968,188.7042,47.6431,-0.2192,-11.2838
2802.000000,2,9.8968,188.7961,47.7058,-0.2483,-10.4930
2802.000000,3,9.8968,188.8879,47.5407,-0.5052,-9.5077
2802.000000,4,9.8968,188.9796,47.2975,-0.8401,-8.1853
2802.000000,5,9.8968,188.7006,47.6438,-0.2148,-11.3717
2802.000000,6,9.8968,188.7906,47.7031,-0.2455,-11.5284
2802.000000,7,9.8968,188.8807,47.5909,-0.4478,-11.4141
2802.000000,8,9.8968,188.9707,47.7111,-0.4176,-10.6157
2802.000000,9,9.8968,189.0607,47.5995,-0.6192,-9.6445
2802.000000,10,9.8968,188.7889,47.6948,-0.2521,-10.6187
2802.000000,11,9.8968,188.8772,47.5867,-0.4485,-11.4394
2802.000000,12,9.8968,188.9655,47.7125,-0.4110,-11.5385
2802.000000,13,9.8968,189.0538,47.5890,-0.6228,-11.4685
2802.000000,14,9.8968,189.1421,47.6953,-0.6048,-10.7360
2802.000000,15,9.8968,188.8774,47.5677,-0.4677,-9.5602
2802.000000,16,9.8968,188.9638,47.7047,-0.4172,-10.6057
2802.000000,17,9.8968,189.0504,47.5997,-0.6087,-11.4159
2802.000000,18,9.8968,189.1370,47.7039,-0.5911,-11.5506
2802.000000,19,9.8968,189.2237,47.6358,-0.7459,-11.4516
2802.000000,20,9.8968,188.9658,47.3463,-0.7776,-8.1314
2802.000000,21,9.8968,189.0506,47.4900,-0.7187,-9.6599
2802.000000,22,9.8968,189.1355,47.6978,-0.5957,-10.5968
2802.000000,23,9.8968,189.2204,47.6367,-0.7417,-11.3529
2802.000000,24,9.8968,189.3054,47.6798,-0.7837,-11.5647
2803.000000,0,9.8245,188.6359,47.6746,-0.1193,-11.5256
2803.000000,1,9.8245,188.7273,47.6432,-0.2421,-11.2947
2803.000000,2,9.8245,188.8187,47.7063,-0.2705,-10.5075
2803.000000,3,9.8245,188.9101,47.5423,-0.5259,-9.5245
2803.000000,4,9.8245,189.0014,47.3034,-0.8560,-8.2000
2803.000000,5,9.8245,188.7241,47.6442,-0.2380,-11.3742
2803.000000,6,9.8245,188.8137,47.7034,-0.2683,-11.5336
2803.000000,7,9.8245,188.9034,47.5936,-0.4678,-11.4187
2803.000000,8,9.8245,188.9930,47.7109,-0.4401,-10.6250
2803.000000,9,9.8245,189.0825,47.6001,-0.6404,-9.6538
2803.000000,10,9.8245,188.8125,47.6947,-0.2758,-10.6234
2803.000000,11,9.8245,188.9003,47.5874,-0.4709,-11.4438
2803.000000,12,9.8245,188.9882,47.7125,-0.4337,-11.5437
2803.000000,13,9.8245,189.0760,47.5898,-0.6443,-11.4726
2803.000000,14,9.8245,189.1639,47.6952,-0.6268,-10.7403
2803.000000,15,9.8245,188.9009,47.5685,-0.4904,-9.5706
2803.000000,16,9.8245,188.9869,47.7040,-0.4409,-10.6158
2803.000000,17,9.8245,189.0731,47.6023,-0.6288,-11.4208
2803.000000,18,9.8245,189.1593,47.7042,-0.6131,-11.5559
2803.000000,19,9.8245,189.2455,47.6367,-0.7668,-11.4538
2803.000000,20,9.8245,188.9893,47.3518,-0.7956,-8.1483
2803.000000,21,9.8245,189.0737,47.4911,-0.7406,-9.6773
2803.000000,22,9.8245,189.1581,47.6969,-0.6193,-10.6123
2803.000000,23,9.8245,189.2427,47.6359,-0.7648,-11.3644
2803.000000,24,9.8245,189.3273,47.6809,-0.8044,-11.5701
2804.000000,0,9.7523,188.6594,47.6759,-0.1416,-11.5307
2804.000000,1,9.7523,188.7504,47.6432,-0.2653,-11.3056
2804.000000,2,9.7523,188.8414,47.7066,-0.2928,-10.5220
2804.000000,3,9.7523,188.9323,47.5437,-0.5466,-9.5413
2804.000000,4,9.7523,189.0232,47.3091,-0.8721,-8.2149
2804.000000,5,9.7523,188.7477,47.6445,-0.2612,-11.3768
2804.000000,6,9.7523,188.8368,47.7037,-0.2911,-11.5387
2804.000000,7,9.7523,188.9260,47.5963,-0.4878,-11.4233
2804.000000,8,9.7523,189.0152,47.7105,-0.4627,-10.6344
2804.000000,9,9.7523,189.1044,47.6007,-0.6617,-9.6632
2804.000000,10,9.7523,188.8360,47.6946,-0.2995,-10.6282
2804.000000,11,9.7523,188.9234,47.5880,-0.4934,-11.4482
2804.000000,12,9.7523,189.0108,47.7125,-0.4564,-11.5489
2804.000000,13,9.7523,189.0983,47.5905,-0.6659,-11.4768
2804.000000,14,9.7523,189.1858,47.6951,-0.6488,-10.7445
2804.000000,15,9.7523,188.9244,47.5693,-0.5131,-9.5811
2804.000000,16,9.7523,189.0100,47.7034,-0.4647,-10.6260
2804.000000,17,9.7523,189.0958,47.6048,-0.6490,-11.4257
2804.000000,18,9.7523,189.1816,47.7045,-0.6351,-11.5612
2804.000000,19,9.7523,189.2674,47.6376,-0.7879,-11.4561
2804.000000,20,9.7523,189.0128,47.3572,-0.8137,-8.1652
2804.000000,21,9.7523,189.0968,47.4922,-0.7626,-9.6946
2804.000000,22,9.7523,189.1808,47.6960,-0.6429,-10.6278
2804.000000,23,9.7523,189.2650,47.6349,-0.7881,-11.3759
2804.000000,24,9.7523,189.3492,47.6820,-0.8252,-11.5754
2805.000000,0,9.6802,188.6830,47.6771,-0.1640,-11.5357
2805.000000,1,9.6802,188.7735,47.6430,-0.2886,-11.3166
2805.000000,2,9.6802,188.8640,47.7069,-0.3152,-10.5366
2805.000000,3,9.6802,188.9545,47.5452,-0.5674,-9.5581
2805.000000,4,9.6802,189.0450,47.3148,-0.8882,-8.2298
2805.000000,5,9.6802,188.7712,47.6448,-0.2845,-11.3795
2805.000000,6,9.6802,188.8599,47.7040,-0.3139,-11.5439
2805.000000,7,9.6802,188.9487,47.5989,-0.5079,-11.4280
2805.000000,8,9.6802,189.0374,47.7102,-0.4853,-10.6437
2805.000000,9,9.6802,189.1262,47.6013,-0.6829,-9.6726
2805.000000,10,9.6802,188.8595,47.6945,-0.3231,-10.6330
2805.000000,11,9.6802,188.9465,47.5886,-0.5159,-11.4526
2805.000000,12,9.6802,189.0335,47.7125,-0.4791,-11.5541
2805.000000,13,9.6802,189.1206,47.5912,-0.6874,-11.4810
2805.000000,14,9.6802,189.2076,47.6950,-0.6707,-10.7489
2805.000000,15,9.6802,188.9479,47.5701,-0.5358,-9.5915
2805.000000,16,9.6802,189.0331,47.7027,-0.4885,-10.6363
2805.000000,17,9.6802,189.1184,47.6072,-0.6692,-11.4307
2805.000000,18,9.6802,189.2038,47.7048,-0.6571,-11.5665
2805.000000,19,9.6802,189.2892,47.6384,-0.8089,-11.4585
2805.000000,20,9.6802,189.0363,47.3625,-0.8319,-8.1822
2805.000000,21,9.6802,189.1198,47.4932,-0.7847,-9.7118
2805.000000,22,9.6802,189.2035,47.6949,-0.6666,-10.6433
2805.000000,23,9.6802,189.2872,47.6338,-0.8115,-11.3876
2805.000000,24,9.6802,189.3710,47.6829,-0.8461,-11.5808
2806.000000,0,9.6082,188.7065,47.6781,-0.1864,-11.5409
2806.000000,1,9.6082,188.7966,47.6426,-0.3120,-11.3278
2806.000000,2,9.6082,188.8867,47.7071,-0.3377,-10.5511
2806.000000,3,9.6082,188.9767,47.5465,-0.5882,-9.5748
2806.000000,4,9.6082,189.0667,47.3204,-0.9044,-8.2448
2806.000000,5,9.6082,188.7947,47.6450,-0.3078,-11.3823
2806.000000,6,9.6082,188.8830,47.7043,-0.3368,-11.5490
2806.000000,7,9.6082,188.9713,47.6014,-0.5280,-11.4327
2806.000000,8,9.6082,189.0597,47.7098,-0.5079,-10.6531
2806.000000,9,9.6082,189.1480,47.6019,-0.7042,-9.6820
2806.000000,10,9.6082,188.8830,47.6944,-0.3467,-10.6378
2806.000000,11,9.6082,188.9695,47.5892,-0.5384,-11.4571
2806.000000,12,9.6082,189.0562,47.7125,-0.5017,-11.5594
2806.000000,13,9.6082,189.1428,47.5919,-0.7090,-11.4852
2806.000000,14,9.6082,189.2295,47.6949,-0.6926,-10.7532
2806.000000,15,9.6082,188.9714,47.5709,-0.5585,-9.6021
2806.000000,16,9.6082,189.0562,47.7019,-0.5123,-10.6465
2806.000000,17,9.6082,189.1411,47.6096,-0.6895,-11.4357
2806.000000,18,9.6082,189.2261,47.7050,-0.6791,-11.5718
2806.000000,19,9.6082,189.3111,47.6391,-0.8301,-11.4609
2806.000000,20,9.6082,189.0597,47.3677,-0.8501,-8.1991
2806.000000,21,9.6082,189.1428,47.4942,-0.8067,-9.7290
2806.000000,22,9.6082,189.2261,47.6938,-0.6903,-10.6587
2806.000000,23,9.6082,189.3094,47.6325,-0.8350,-11.3993
2806.000000,24,9.6082,189.3929,47.6838,-0.8671,-11.5862
2807.000000,0,9.5363,188.7300,47.6791,-0.2089,-11.5460
2807.000000,1,9.5363,188.8196,47.6421,-0.3356,-11.3390
2807.000000,2,9.5363,188.9093,47.7071,-0.3602,-10.5657
2807.000000,3,9.5363,188.9989,47.5479,-0.6091,-9.5915
2807.000000,4,9.5363,189.0885,47.3259,-0.9207,-8.2598
2807.000000,5,9.5363,188.8182,47.6451,-0.3311,-11.3852
2807.000000,6,9.5363,188.9061,47.7045,-0.3596,-11.5542
2807.000000,7,9.5363,188.9940,47.6039,-0.5481,-11.4375
2807.000000,8,9.5363,189.0819,47.7094,-0.5305,-10.6625
2807.000000,9,9.5363,189.1698,47.6024,-0.7254,-9.6915
2807.000000,10,9.5363,188.9065,47.6942,-0.3703,-10.6427
2807.000000,11,9.5363,188.9926,47.5898,-0.5608,-11.4616
2807.000000,12,9.5363,189.0788,47.7125,-0.5244,-11.5646
2807.000000,13,9.5363,189.1650,47.5925,-0.7305,-11.4895
2807.000000,14,9.5363,189.2513,47.6948,-0.7146,-10.7577
2807.000000,15,9.5363,188.9948,47.5717,-0.5812,-9.6126
2807.000000,16,9.5363,189.0792,47.7012,-0.5361,-10.6567
2807.000000,17,9.5363,189.1637,47.6120,-0.7098,-11.4408
2807.000000,18,9.5363,189.2483,47.7052,-0.7011,-11.5772
2807.000000,19,9.5363,189.3329,47.6397,-0.8512,-11.4635
2807.000000,20,9.5363,189.0832,47.3728,-0.8684,-8.2162
2807.000000,21,9.5363,189.1659,47.4951,-0.8288,-9.7462
2807.000000,22,9.5363,189.2487,47.6927,-0.7141,-10.6742
2807.000000,23,9.5363,189.3317,47.6330,-0.8567,-11.4090
2807.000000,24,9.5363,189.4147,47.6846,-0.8881,-11.5916
2808.000000,0,9.4645,188.7535,47.6800,-0.2315,-11.5512
2808.000000,1,9.4645,188.8427,47.6414,-0.3593,-11.3502
2808.000000,2,9.4645,188.9319,47.7071,-0.3829,-10.5803
2808.000000,3,9.4645,189.0211,47.5491,-0.6301,-9.6083
2808.000000,4,9.4645,189.1103,47.3313,-0.9370,-8.2748
2808.000000,5,9.4645,188.8417,47.6452,-0.3545,-11.3881
2808.000000,6,9.4645,188.9291,47.7047,-0.3824,-11.5594
2808.000000,7,9.4645,189.0166,47.6063,-0.5684,-11.4423
2808.000000,8,9.4645,189.1041,47.7090,-0.5531,-10.6720
2808.000000,9,9.4645,189.1916,47.6030,-0.7467,-9.7010
2808.000000,10,9.4645,188.9300,47.6941,-0.3939,-10.6477
2808.000000,11,9.4645,189.0157,47.5904,-0.5833,-11.4661
2808.000000,12,9.4645,189.1014,47.7125,-0.5470,-11.5699
2808.000000,13,9.4645,189.1873,47.5932,-0.7521,-11.4938
2808.000000,14,9.4645,189.2731,47.6947,-0.7365,-10.7622
2808.000000,15,9.4645,189.0183,47.5724,-0.6039,-9.6232
2808.000000,16,9.4645,189.1022,47.7004,-0.5599,-10.6670
2808.000000,17,9.4645,189.1863,47.6142,-0.7301,-11.4459
2808.000000,18,9.4645,189.2705,47.7054,-0.7232,-11.5825
2808.000000,19,9.4645,189.3547,47.6403,-0.8725,-11.4661
2808.000000,20,9.4645,189.1066,47.3779,-0.8867,-8.2332
2808.000000,21,9.4645,189.1889,47.4960,-0.8509,-9.7633
2808.000000,22,9.4645,189.2713,47.6914,-0.7379,-10.6896
2808.000000,23,9.4645,189.3539,47.6365,-0.8754,-11.4153
2808.000000,24,9.4645,189.4365,47.6854,-0.9092,-11.5971
2809.000000,0,9.3928,188.7770,47.6809,-0.2541,-11.5565
2809.000000,1,9.3928,188.8657,47.6406,-0.3832,-11.3616
2809.000000,2,9.3928,188.9545,47.7070,-0.4056,-10.5949
2809.000000,3,9.3928,189.0433,47.5503,-0.6510,-9.6250
2809.000000,4,9.3928,189.1321,47.3367,-0.9534,-8.2900
2809.000000,5,9.3928,188.8652,47.6453,-0.3779,-11.3912
2809.000000,6,9.3928,188.9522,47.7049,-0.4053,-11.5647
2809.000000,7,9.3928,189.0392,47.6086,-0.5886,-11.4472
2809.000000,8,9.3928,189.1263,47.7086,-0.5758,-10.6814
2809.000000,9,9.3928,189.2134,47.6035,-0.7679,-9.7106
2809.000000,10,9.3928,188.9534,47.6940,-0.4174,-10.6527
2809.000000,11,9.3928,189.0387,47.5909,-0.6058,-11.4707
2809.000000,12,9.3928,189.1240,47.7125,-0.5696,-11.5752
2809.000000,13,9.3928,189.2095,47.5938,-0.7737,-11.4981
2809.000000,14,9.3928,189.2949,47.6946,-0.7584,-10.7667
2809.000000,15,9.3928,189.0417,47.5732,-0.6266,-9.6338
2809.000000,16,9.3928,189.1253,47.6996,-0.5836,-10.6772
2809.000000,17,9.3928,189.2089,47.6164,-0.7505,-11.4510
2809.000000,18,9.3928,189.2927,47.7056,-0.7452,-11.5879
2809.000000,19,9.3928,189.3766,47.6409,-0.8937,-11.4688
2809.000000,20,9.3928,189.1300,47.3828,-0.9052,-8.2503
2809.000000,21,9.3928,189.2118,47.4998,-0.8701,-9.7772
2809.000000,22,9.3928,189.2939,47.6901,-0.7618,-10.7050
2809.000000,23,9.3928,189.3761,47.6400,-0.8941,-11.4218
2809.000000,24,9.3928,189.4583,47.6861,-0.9303,-11.6026
2810.000000,0,9.3212,188.8004,47.6816,-0.2769,-11.5617
2810.000000,1,9.3212,188.8888,47.6396,-0.4072,-11.3730
2810.000000,2,9.3212,188.9771,47.7068,-0.4284,-10.6095
2810.000000,3,9.3212,189.0655,47.5515,-0.6721,-9.6416
2810.000000,4,9.3212,189.1539,47.3420,-0.9699,-8.3051
2810.000000,5,9.3212,188.8886,47.6453,-0.4014,-11.3943
2810.000000,6,9.3212,188.9752,47.7051,-0.4281,-11.5699
2810.000000,7,9.3212,189.0618,47.6109,-0.6090,-11.4521
2810.000000,8,9.3212,189.1485,47.7081,-0.5984,-10.6909
2810.000000,9,9.3212,189.2352,47.6041,-0.7892,-9.7202
2810.000000,10,9.3212,188.9769,47.6939,-0.4410,-10.6578
2810.000000,11,9.3212,189.0617,47.5915,-0.6283,-11.4753
2810.000000,12,9.3212,189.1466,47.7125,-0.5922,-11.5805
2810.000000,13,9.3212,189.2317,47.5945,-0.7952,-11.5025
2810.000000,14,9.3212,189.3167,47.6945,-0.7803,-10.7713
2810.000000,15,9.3212,189.0651,47.5739,-0.6492,-9.6444
2810.000000,16,9.3212,189.1482,47.6989,-0.6074,-10.6875
2810.000000,17,9.3212,189.2315,47.6186,-0.7710,-11.4562
2810.000000,18,9.3212,189.3149,47.7057,-0.7672,-11.5932
2810.000000,19,9.3212,189.3984,47.6414,-0.9150,-11.4716
2810.000000,20,9.3212,189.1533,47.3877,-0.9236,-8.2673
2810.000000,21,9.3212,189.2348,47.5055,-0.8873,-9.7889
2810.000000,22,9.3212,189.3165,47.6888,-0.7857,-10.7204
2810.000000,23,9.3212,189.3982,47.6433,-0.9130,-11.4283
2810.000000,24,9.3212,189.4801,47.6867,-0.9515,-11.6081
2811.000000,0,9.2498,188.8239,47.6823,-0.2996,-11.5670
2811.000000,1,9.2498,188.9118,47.6385,-0.4313,-11.3845
2811.000000,2,9.2498,188.9997,47.7065,-0.4513,-10.6241
2811.000000,3,9.2498,189.0877,47.5526,-0.6931,-9.6583
2811.000000,4,9.2498,189.1756,47.3472,-0.9865,-8.3203
2811.000000,5,9.2498,188.9121,47.6452,-0.4249,-11.3975
2811.000000,6,9.2498,188.9982,47.7053,-0.4510,-11.5752
2811.000000,7,9.2498,189.0844,47.6132,-0.6293,-11.4571
2811.000000,8,9.2498,189.1707,47.7077,-0.6211,-10.7004
2811.000000,9,9.2498,189.2570,47.6046,-0.8104,-9.7299
2811.000000,10,9.2498,189.0003,47.6938,-0.4645,-10.6629
2811.000000,11,9.2498,189.0847,47.5920,-0.6507,-11.4799
2811.000000,12,9.2498,189.1692,47.7125,-0.6148,-11.5858
2811.000000,13,9.2498,189.2538,47.5951,-0.8168,-11.5069
2811.000000,14,9.2498,189.3385,47.6944,-0.8022,-10.7759
2811.000000,15,9.2498,189.0885,47.5747,-0.6719,-9.6551
2811.000000,16,9.2498,189.1712,47.6981,-0.6312,-10.6978
2811.000000,17,9.2498,189.2541,47.6207,-0.7915,-11.4615
2811.000000,18,9.2498,189.3371,47.7059,-0.7892,-11.5986
2811.000000,19,9.2498,189.4201,47.6418,-0.9364,-11.4745
2811.000000,20,9.2498,189.1767,47.3926,-0.9421,-8.2844
2811.000000,21,9.2498,189.2577,47.5112,-0.9046,-9.8005
2811.000000,22,9.2498,189.3390,47.6873,-0.8097,-10.7357
2811.000000,23,9.2498,189.4204,47.6464,-0.9320,-11.4348
2811.000000,24,9.2498,189.5019,47.6872,-0.9727,-11.6136
2812.000000,0,9.1784,188.8473,47.6829,-0.3225,-11.5723
2812.000000,1,9.1784,188.9348,47.6373,-0.4556,-11.3960
2812.000000,2,9.1784,189.0223,47.7061,-0.4743,-10.6386
2812.000000,3,9.1784,189.1099,47.5537,-0.7142,-9.6749
2812.000000,4,9.1784,189.1974,47.3523,-1.0031,-8.3356
2812.000000,5,9.1784,188.9355,47.6451,-0.4484,-11.4007
2812.000000,6,9.1784,189.0212,47.7054,-0.4738,-11.5804
2812.000000,7,9.1784,189.1070,47.6153,-0.6497,-11.4621
2812.000000,8,9.1784,189.1929,47.7072,-0.6438,-10.7100
2812.000000,9,9.1784,189.2788,47.6051,-0.8317,-9.7396
2812.000000,10,9.1784,189.0237,47.6937,-0.4880,-10.6680
2812.000000,11,9.1784,189.1077,47.5925,-0.6732,-11.4846
2812.000000,12,9.1784,189.1918,47.7125,-0.6374,-11.5911
2812.000000,13,9.1784,189.2760,47.5957,-0.8384,-11.5114
2812.000000,14,9.1784,189.3603,47.6943,-0.8241,-10.7806
2812.000000,15,9.1784,189.1118,47.5754,-0.6945,-9.6658
2812.000000,16,9.1784,189.1942,47.6972,-0.6550,-10.7081
2812.000000,17,9.1784,189.2767,47.6227,-0.8120,-11.4668
2812.000000,18,9.1784,189.3592,47.7060,-0.8113,-11.6040
2812.000000,19,9.1784,189.4419,47.6422,-0.9578,-11.4774
2812.000000,20,9.1784,189.2000,47.3973,-0.9607,-8.3016
2812.000000,21,9.1784,189.2807,47.5166,-0.9221,-9.8123
2812.000000,22,9.1784,189.3615,47.6859,-0.8337,-10.7510
2812.000000,23,9.1784,189.4425,47.6495,-0.9511,-11.4415
2812.000000,24,9.1784,189.5236,47.6877,-0.9940,-11.6192
2813.000000,0,9.1072,188.8708,47.6834,-0.3454,-11.5777
2813.000000,1,9.1072,188.9578,47.6359,-0.4799,-11.4076
2813.000000,2,9.1072,189.0449,47.7056,-0.4973,-10.6532
2813.000000,3,9.1072,189.1320,47.5547,-0.7354,-9.6915
2813.000000,4,9.1072,189.2192,47.3574,-1.0198,-8.3509
2813.000000,5,9.1072,188.9589,47.6450,-0.4719,-11.4041
2813.000000,6,9.1072,189.0442,47.7055,-0.4967,-11.5857
2813.000000,7,9.1072,189.1296,47.6175,-0.6702,-11.4672
2813.000000,8,9.1072,189.2150,47.7066,-0.6664,-10.7195
2813.000000,9,9.1072,189.3005,47.6056,-0.8529,-9.7493
2813.000000,10,9.1072,189.0470,47.6936,-0.5115,-10.6732
2813.000000,11,9.1072,189.1306,47.5930,-0.6956,-11.4893
2813.000000,12,9.1072,189.2144,47.7125,-0.6599,-11.5964
2813.000000,13,9.1072,189.2982,47.5963,-0.8600,-11.5159
2813.000000,14,9.1072,189.3821,47.6942,-0.8459,-10.7853
2813.000000,15,9.1072,189.1352,47.5761,-0.7171,-9.6765
2813.000000,16,9.1072,189.2171,47.6964,-0.6787,-10.7184
2813.000000,17,9.1072,189.2992,47.6247,-0.8325,-11.4721
2813.000000,18,9.1072,189.3814,47.7061,-0.8333,-11.6094
2813.000000,19,9.1072,189.4637,47.6425,-0.9792,-11.4804
2813.000000,20,9.1072,189.2233,47.4020,-0.9793,-8.3187
2813.000000,21,9.1072,189.3036,47.5220,-0.9396,-9.8241
2813.000000,22,9.1072,189.3840,47.6843,-0.8577,-10.7664
2813.000000,23,9.1072,189.4647,47.6524,-0.9703,-11.4481
2813.000000,24,9.1072,189.5454,47.6881,-1.0153,-11.6247
2814.000000,0,9.0360,188.8942,47.6839,-0.3683,-11.5830
2814.000000,1,9.0360,188.9808,47.6382,-0.5006,-11.4152
2814.000000,2,9.0360,189.0675,47.7051,-0.5204,-10.6678
2814.000000,3,9.0360,189.1542,47.5557,-0.7565,-9.7081
2814.000000,4,9.0360,189.2409,47.3624,-1.0366,-8.3663
2814.000000,5,9.0360,188.9823,47.6448,-0.4955,-11.4075
2814.000000,6,9.0360,189.0672,47.7056,-0.5196,-11.5910
2814.000000,7,9.0360,189.1521,47.6195,-0.6907,-11.4723
2814.000000,8,9.0360,189.2372,47.7061,-0.6891,-10.7291
2814.000000,9,9.0360,189.3223,47.6061,-0.8742,-9.7591
2814.000000,10,9.0360,189.0704,47.6935,-0.5350,-10.6785
2814.000000,11,9.0360,189.1536,47.5935,-0.7181,-11.4940
2814.000000,12,9.0360,189.2369,47.7125,-0.6825,-11.6017
2814.000000,13,9.0360,189.3203,47.5968,-0.8815,-11.5204
2814.000000,14,9.0360,189.4038,47.6941,-0.8678,-10.7901
2814.000000,15,9.0360,189.1585,47.5768,-0.7397,-9.6873
2814.000000,16,9.0360,189.2400,47.6956,-0.7025,-10.7287
2814.000000,17,9.0360,189.3217,47.6266,-0.8531,-11.4775
2814.000000,18,9.0360,189.4035,47.7062,-0.8554,-11.6149
2814.000000,19,9.0360,189.4854,47.6428,-1.0007,-11.4835
2814.000000,20,9.0360,189.2465,47.4066,-0.9980,-8.3359
2814.000000,21,9.0360,189.3264,47.5273,-0.9572,-9.8359
2814.000000,22,9.0360,189.4065,47.6828,-0.8818,-10.7816
2814.000000,23,9.0360,189.4868,47.6552,-0.9896,-11.4549
2814.000000,24,9.0360,189.5671,47.6885,-1.0367,-11.6303
2815.000000,0,8.9650,188.9176,47.6843,-0.3914,-11.5884
2815.000000,1,8.9650,189.0038,47.6416,-0.5202,-11.4216
2815.000000,2,8.9650,189.0900,47.7045,-0.5435,-10.6824
2815.000000,3,8.9650,189.1763,47.5566,-0.7778,-9.7246
2815.000000,4,8.9650,189.2626,47.3673,-1.0534,-8.3817
2815.000000,5,8.9650,189.0057,47.6446,-0.5191,-11.4110
2815.000000,6,8.9650,189.0901,47.7057,-0.5424,-11.5963
2815.000000,7,8.9650,189.1747,47.6215,-0.7112,-11.4774
2815.000000,8,8.9650,189.2593,47.7056,-0.7118,-10.7386
2815.000000,9,8.9650,189.3440,47.6066,-0.8954,-9.7689
2815.000000,10,8.9650,189.0937,47.6934,-0.5584,-10.6838
2815.000000,11,8.9650,189.1765,47.5940,-0.7405,-11.4988
2815.000000,12,8.9650,189.2594,47.7125,-0.7050,-11.6070
2815.000000,13,8.9650,189.3425,47.5974,-0.9031,-11.5250
2815.000000,14,8.9650,189.4256,47.6940,-0.8896,-10.7949
2815.000000,15,8.9650,189.1818,47.5775,-0.7623,-9.6981
2815.000000,16,8.9650,189.2629,47.6947,-0.7263,-10.7390
2815.000000,17,8.9650,189.3442,47.6285,-0.8737,-11.4830
2815.000000,18,8.9650,189.4256,47.7063,-0.8774,-11.6203
2815.000000,19,8.9650,189.5072,47.6430,-1.0222,-11.4867
2815.000000,20,8.9650,189.2698,47.4111,-1.0167,-8.3530
2815.000000,21,8.9650,189.3493,47.5324,-0.9750,-9.8478
2815.000000,22,8.9650,189.4290,47.6811,-0.9059,-10.7969
2815.000000,23,8.9650,189.5089,47.6579,-1.0090,-11.4617
2815.000000,24,8.9650,189.5888,47.6888,-1.0581,-11.6359
2816.000000,0,8.8941,188.9409,47.6846,-0.4144,-11.5938
2816.000000,1,8.8941,189.0267,47.6448,-0.5399,-11.4280
2816.000000,2,8.8941,189.1126,47.7038,-0.5667,-10.6969
2816.000000,3,8.8941,189.1985,47.5575,-0.7990,-9.7411
2816.000000,4,8.8941,189.2844,47.3721,-1.0703,-8.3971
2816.000000,5,8.8941,189.0290,47.6443,-0.5427,-11.4145
2816.000000,6,8.8941,189.1131,47.7058,-0.5653,-11.6017
2816.000000,7,8.8941,189.1972,47.6235,-0.7317,-11.4826
2816.000000,8,8.8941,189.2815,47.7050,-0.7345,-10.7482
2816.000000,9,8.8941,189.3658,47.6071,-0.9167,-9.7787
2816.000000,10,8.8941,189.1171,47.6933,-0.5818,-10.6891
2816.000000,11,8.8941,189.1994,47.5945,-0.7630,-11.5036
2816.000000,12,8.8941,189.2819,47.7125,-0.7275,-11.6124
2816.000000,13,8.8941,189.3646,47.5979,-0.9247,-11.5295
2816.000000,14,8.8941,189.4473,47.6939,-0.9114,-10.7998
2816.000000,15,8.8941,189.2051,47.5782,-0.7849,-9.7089
2816.000000,16,8.8941,189.2858,47.6938,-0.7500,-10.7493
2816.000000,17,8.8941,189.3667,47.6303,-0.8944,-11.4884
2816.000000,18,8.8941,189.4477,47.7064,-0.8994,-11.6257
2816.000000,19,8.8941,189.5289,47.6432,-1.0437,-11.4899
2816.000000,20,8.8941,189.2930,47.4156,-1.0355,-8.3702
2816.000000,21,8.8941,189.3721,47.5374,-0.9928,-9.8598
2816.000000,22,8.8941,189.4514,47.6794,-0.9300,-10.8121
2816.000000,23,8.8941,189.5309,47.6604,-1.0285,-11.4685
2816.000000,24,8.8941,189.6105,47.6890,-1.0795,-11.6416
2817.000000,0,8.8233,188.9643,47.6848,-0.4375,-11.5993
2817.000000,1,8.8233,189.0497,47.6479,-0.5597,-11.4345
2817.000000,2,8.8233,189.1351,47.7031,-0.5900,-10.7115
2817.000000,3,8.8233,189.2206,47.5584,-0.8203,-9.7576
2817.000000,4,8.8233,189.3061,47.3769,-1.0872,-8.4125
2817.000000,5,8.8233,189.0523,47.6440,-0.5664,-11.4181
2817.000000,6,8.8233,189.1360,47.7059,-0.5882,-11.6070
2817.000000,7,8.8233,189.2197,47.6254,-0.7523,-11.4879
2817.000000,8,8.8233,189.3036,47.7044,-0.7572,-10.7578
2817.000000,9,8.8233,189.3875,47.6076,-0.9379,-9.7886
2817.000000,10,8.8233,189.1404,47.6932,-0.6052,-10.6945
2817.000000,11,8.8233,189.2223,47.5950,-0.7854,-11.5084
2817.000000,12,8.8233,189.3044,47.7125,-0.7500,-11.6177
2817.000000,13,8.8233,189.3867,47.5985,-0.9463,-11.5342
2817.000000,14,8.8233,189.4690,47.6938,-0.9333,-10.8047
2817.000000,15,8.8233,189.2283,47.5789,-0.8075,-9.7197
2817.000000,16,8.8233,189.3087,47.6930,-0.7737,-10.7596
2817.000000,17,8.8233,189.3892,47.6321,-0.9151,-11.4939
2817.000000,18,8.8233,189.4698,47.7064,-0.9215,-11.6312
2817.000000,19,8.8233,189.5506,47.6433,-1.0653,-11.4933
2817.000000,20,8.8233,189.3162,47.4199,-1.0543,-8.3874
2817.000000,21,8.8233,189.3949,47.5423,-1.0107,-9.8718
2817.000000,22,8.8233,189.4739,47.6777,-0.9542,-10.8273
2817.000000,23,8.8233,189.5530,47.6629,-1.0481,-11.4754
2817.000000,24,8.8233,189.6322,47.6892,-1.1010,-11.6472
2818.000000,0,8.7526,188.9877,47.6850,-0.4607,-11.6047
2818.000000,1,8.7526,189.0726,47.6509,-0.5797,-11.4411
2818.000000,2,8.7526,189.1576,47.7023,-0.6133,-10.7260
2818.000000,3,8.7526,189.2427,47.5592,-0.8416,-9.7741
2818.000000,4,8.7526,189.3278,47.3816,-1.1042,-8.4280
2818.000000,5,8.7526,189.0757,47.6437,-0.5900,-11.4218
2818.000000,6,8.7526,189.1589,47.7059,-0.6110,-11.6123
2818.000000,7,8.7526,189.2422,47.6273,-0.7730,-11.4932
2818.000000,8,8.7526,189.3257,47.7038,-0.7799,-10.7675
2818.000000,9,8.7526,189.4092,47.6081,-0.9591,-9.7985
2818.000000,10,8.7526,189.1636,47.6931,-0.6286,-10.7000
2818.000000,11,8.7526,189.2452,47.5954,-0.8078,-11.5133
2818.000000,12,8.7526,189.3269,47.7125,-0.7725,-11.6231
2818.000000,13,8.7526,189.4088,47.5990,-0.9678,-11.5388
2818.000000,14,8.7526,189.4907,47.6937,-0.9551,-10.8096
2818.000000,15,8.7526,189.2515,47.5795,-0.8301,-9.7306
2818.000000,16,8.7526,189.3315,47.6921,-0.7975,-10.7699
2818.000000,17,8.7526,189.4116,47.6339,-0.9358,-11.4995
2818.000000,18,8.7526,189.4919,47.7064,-0.9435,-11.6366
2818.000000,19,8.7526,189.5723,47.6434,-1.0869,-11.4966
2818.000000,20,8.7526,189.3394,47.4243,-1.0732,-8.4046
2818.000000,21,8.7526,189.4177,47.5470,-1.0287,-9.8839
2818.000000,22,8.7526,189.4963,47.6759,-0.9784,-10.8424
2818.000000,23,8.7526,189.5750,47.6653,-1.0678,-11.4824
2818.000000,24,8.7526,189.6539,47.6894,-1.1226,-11.6529
2819.000000,0,8.6821,189.0110,47.6851,-0.4839,-11.6102
2819.000000,1,8.6821,189.0955,47.6538,-0.5997,-11.4477
2819.000000,2,8.6821,189.1801,47.7014,-0.6367,-10.7406
2819.000000,3,8.6821,189.2648,47.5599,-0.8629,-9.7905
2819.000000,4,8.6821,189.3495,47.3863,-1.1213,-8.4436
2819.000000,5,8.6821,189.0989,47.6433,-0.6137,-11.4256
2819.000000,6,8.6821,189.1818,47.7059,-0.6339,-11.6177
2819.000000,7,8.6821,189.2647,47.6291,-0.7936,-11.4985
2819.000000,8,8.6821,189.3478,47.7032,-0.8026,-10.7771
2819.000000,9,8.6821,189.4309,47.6086,-0.9804,-9.8084
2819.000000,10,8.6821,189.1869,47.6930,-0.6519,-10.7054
2819.000000,11,8.6821,189.2680,47.5959,-0.8302,-11.5181
2819.000000,12,8.6821,189.3494,47.7125,-0.7950,-11.6284
2819.000000,13,8.6821,189.4308,47.5995,-0.9894,-11.5435
2819.000000,14,8.6821,189.5124,47.6936,-0.9768,-10.8146
2819.000000,15,8.6821,189.2748,47.5802,-0.8526,-9.7414
2819.000000,16,8.6821,189.3543,47.6912,-0.8212,-10.7803
2819.000000,17,8.6821,189.4340,47.6356,-0.9565,-11.5050
2819.000000,18,8.6821,189.5139,47.7065,-0.9655,-11.6421
2819.000000,19,8.6821,189.5940,47.6435,-1.1085,-11.5001
2819.000000,20,8.6821,189.3625,47.4285,-1.0921,-8.4219
2819.000000,21,8.6821,189.4405,47.5517,-1.0469,-9.8960
2819.000000,22,8.6821,189.5187,47.6741,-1.0026,-10.8575
2819.000000,23,8.6821,189.5970,47.6675,-1.0876,-11.4894
2819.000000,24,8.6821,189.6755,47.6895,-1.1441,-11.6586
2820.000000,0,8.6116,189.0343,47.6852,-0.5071,-11.6157
2820.000000,1,8.6116,189.1184,47.6565,-0.6199,-11.4544
2820.000000,2,8.6116,189.2026,47.7005,-0.6601,-10.7551
2820.000000,3,8.6116,189.2869,47.5607,-0.8842,-9.8069
2820.000000,4,8.6116,189.3712,47.3908,-1.1384,-8.4591
2820.000000,5,8.6116,189.1222,47.6429,-0.6374,-11.4294
2820.000000,6,8.6116,189.2046,47.7059,-0.6567,-11.6231
2820.000000,7,8.6116,189.2872,47.6309,-0.8143,-11.5038
2820.000000,8,8.6116,189.3699,47.7026,-0.8253,-10.7867
2820.000000,9,8.6116,189.4526,47.6091,-1.0016,-9.8184
2820.000000,10,8.6116,189.2101,47.6929,-0.6753,-10.7109
2820.000000,11,8.6116,189.2909,47.5963,-0.8526,-11.5230
2820.000000,12,8.6116,189.3718,47.7125,-0.8174,-11.6338
2820.000000,13,8.6116,189.4529,47.6000,-1.0110,-11.5482
2820.000000,14,8.6116,189.5341,47.6935,-0.9986,-10.8197
2820.000000,15,8.6116,189.2979,47.5808,-0.8751,-9.7523
2820.000000,16,8.6116,189.3771,47.6903,-0.8449,-10.7906
2820.000000,17,8.6116,189.4565,47.6372,-0.9773,-11.5106
2820.000000,18,8.6116,189.5360,47.7065,-0.9875,-11.6476
2820.000000,19,8.6116,189.6156,47.6435,-1.1301,-11.5036
2820.000000,20,8.6116,189.3857,47.4327,-1.1110,-8.4391
2820.000000,21,8.6116,189.4632,47.5562,-1.0651,-9.9081
2820.000000,22,8.6116,189.5410,47.6723,-1.0268,-10.8726
2820.000000,23,8.6116,189.6190,47.6696,-1.1074,-11.4964
2820.000000,24,8.6116,189.6972,47.6895,-1.1657,-11.6643
2821.000000,0,8.5413,189.0576,47.6852,-0.5304,-11.6213
2821.000000,1,8.5413,189.1413,47.6592,-0.6401,-11.4611
2821.000000,2,8.5413,189.2251,47.6995,-0.6836,-10.7696
2821.000000,3,8.5413,189.3090,47.5614,-0.9056,-9.8233
2821.000000,4,8.5413,189.3929,47.3954,-1.1556,-8.4747
2821.000000,5,8.5413,189.1455,47.6424,-0.6611,-11.4332
2821.000000,6,8.5413,189.2275,47.7059,-0.6796,-11.6284
2821.000000,7,8.5413,189.3096,47.6326,-0.8351,-11.5092
2821.000000,8,8.5413,189.3919,47.7019,-0.8481,-10.7964
2821.000000,9,8.5413,189.4743,47.6095,-1.0228,-9.8284
2821.000000,10,8.5413,189.2333,47.6928,-0.6986,-10.7165
2821.000000,11,8.5413,189.3137,47.5967,-0.8750,-11.5280
2821.000000,12,8.5413,189.3943,47.7125,-0.8398,-11.6391
2821.000000,13,8.5413,189.4749,47.6005,-1.0325,-11.5529
2821.000000,14,8.5413,189.5557,47.6934,-1.0204,-10.8247
2821.000000,15,8.5413,189.3211,47.5815,-0.8976,-9.7632
2821.000000,16,8.5413,189.3999,47.6894,-0.8685,-10.8009
2821.000000,17,8.5413,189.4788,47.6388,-0.9981,-11.5163
2821.000000,18,8.5413,189.5580,47.7065,-1.0095,-11.6531
2821.000000,19,8.5413,189.6373,47.6435,-1.1518,-11.5071
2821.000000,20,8.5413,189.4088,47.4368,-1.1300,-8.4563
2821.000000,21,8.5413,189.4860,47.5607,-1.0833,-9.9203
2821.000000,22,8.5413,189.5634,47.6704,-1.0510,-10.8877
2821.000000,23,8.5413,189.6410,47.6717,-1.1274,-11.5035
2821.000000,24,8.5413,189.7188,47.6895,-1.1873,-11.6700
2822.000000,0,8.4711,189.0809,47.6852,-0.5537,-11.6268
2822.000000,1,8.4711,189.1641,47.6617,-0.6605,-11.4679
2822.000000,2,8.4711,189.2475,47.6984,-0.7071,-10.7840
2822.000000,3,8.4711,189.3310,47.5620,-0.9270,-9.8396
2822.000000,4,8.4711,189.4146,47.3998,-1.1728,-8.4903
2822.000000,5,8.4711,189.1687,47.6420,-0.6848,-11.4372
2822.000000,6,8.4711,189.2503,47.7059,-0.7024,-11.6338
2822.000000,7,8.4711,189.3321,47.6343,-0.8558,-11.5147
2822.000000,8,8.4711,189.4140,47.7013,-0.8708,-10.8061
2822.000000,9,8.4711,189.4959,47.6100,-1.0440,-9.8384
2822.000000,10,8.4711,189.2565,47.6927,-0.7219,-10.7221
2822.000000,11,8.4711,189.3365,47.5971,-0.8974,-11.5329
2822.000000,12,8.4711,189.4167,47.7125,-0.8622,-11.6445
2822.000000,13,8.4711,189.4970,47.6009,-1.0541,-11.5577
2822.000000,14,8.4711,189.5774,47.6933,-1.0421,-10.8299
2822.000000,15,8.4711,189.3442,47.5821,-0.9201,-9.7742
2822.000000,16,8.4711,189.4226,47.6884,-0.8922,-10.8112
2822.000000,17,8.4711,189.5012,47.6403,-1.0189,-11.5219
2822.000000,18,8.4711,189.5800,47.7065,-1.0316,-11.6586
2822.000000,19,8.4711,189.6589,47.6434,-1.1735,-11.5108
2822.000000,20,8.4711,189.4318,47.4409,-1.1490,-8.4735
2822.000000,21,8.4711,189.5087,47.5650,-1.1017,-9.9326
2822.000000,22,8.4711,189.5857,47.6685,-1.0753,-10.9027
2822.000000,23,8.4711,189.6630,47.6736,-1.1474,-11.5107
2822.000000,24,8.4711,189.7404,47.6894,-1.2090,-11.6757
2823.000000,0,8.4010,189.1041,47.6851,-0.5770,-11.6324
2823.000000,1,8.4010,189.1870,47.6641,-0.6809,-11.4747
2823.000000,2,8.4010,189.2700,47.6973,-0.7307,-10.7985
2823.000000,3,8.4010,189.3531,47.5627,-0.9484,-9.8559
2823.000000,4,8.4010,189.4362,47.4042,-1.1901,-8.5060
2823.000000,5,8.4010,189.1919,47.6414,-0.7085,-11.4411
2823.000000,6,8.4010,189.2731,47.7059,-0.7253,-11.6392
2823.000000,7,8.4010,189.3545,47.6359,-0.8766,-11.5201
2823.000000,8,8.4010,189.4360,47.7006,-0.8935,-10.8157
2823.000000,9,8.4010,189.5176,47.6104,-1.0652,-9.8484
2823.000000,10,8.4010,189.2797,47.6926,-0.7451,-10.7277
2823.000000,11,8.4010,189.3593,47.5975,-0.9198,-11.5379
2823.000000,12,8.4010,189.4390,47.7125,-0.8846,-11.6499
2823.000000,13,8.4010,189.5190,47.6014,-1.0756,-11.5624
2823.000000,14,8.4010,189.5990,47.6932,-1.0638,-10.8350
2823.000000,15,8.4010,189.3673,47.5828,-0.9426,-9.7851
2823.000000,16,8.4010,189.4453,47.6875,-0.9159,-10.8215
2823.000000,17,8.4010,189.5236,47.6418,-1.0397,-11.5276
2823.000000,18,8.4010,189.6020,47.7064,-1.0536,-11.6641
2823.000000,19,8.4010,189.6805,47.6433,-1.1952,-11.5144
2823.000000,20,8.4010,189.4549,47.4448,-1.1681,-8.4908
2823.000000,21,8.4010,189.5313,47.5692,-1.1202,-9.9448
2823.000000,22,8.4010,189.6080,47.6665,-1.0996,-10.9176
2823.000000,23,8.4010,189.6849,47.6755,-1.1675,-11.5178
2823.000000,24,8.4010,189.7620,47.6893,-1.2307,-11.6815
2824.000000,0,8.3310,189.1273,47.6849,-0.6004,-11.6380
2824.000000,1,8.3310,189.2098,47.6664,-0.7014,-11.4816
2824.000000,2,8.3310,189.2924,47.6962,-0.7543,-10.8129
2824.000000,3,8.3310,189.3751,47.5633,-0.9699,-9.8721
2824.000000,4,8.3310,189.4579,47.4085,-1.2074,-8.5216
2824.000000,5,8.3310,189.2151,47.6409,-0.7322,-11.4452
2824.000000,6,8.3310,189.2959,47.7059,-0.7481,-11.6446
2824.000000,7,8.3310,189.3769,47.6375,-0.8974,-11.5256
2824.000000,8,8.3310,189.4580,47.6999,-0.9162,-10.8254
2824.000000,9,8.3310,189.5392,47.6109,-1.0864,-9.8585
2824.000000,10,8.3310,189.3028,47.6925,-0.7684,-10.7334
2824.000000,11,8.3310,189.3820,47.5979,-0.9421,-11.5429
2824.000000,12,8.3310,189.4614,47.7125,-0.9070,-11.6553
2824.000000,13,8.3310,189.5410,47.6019,-1.0971,-11.5672
2824.000000,14,8.3310,189.6207,47.6932,-1.0855,-10.8402
2824.000000,15,8.3310,189.3904,47.5834,-0.9651,-9.7961
2824.000000,16,8.3310,189.4680,47.6866,-0.9395,-10.8318
2824.000000,17,8.3310,189.5459,47.6433,-1.0606,-11.5334
2824.000000,18,8.3310,189.6239,47.7064,-1.0755,-11.6696
2824.000000,19,8.3310,189.7021,47.6432,-1.2169,-11.5182
2824.000000,20,8.3310,189.4779,47.4488,-1.1872,-8.5080
2824.000000,21,8.3310,189.5540,47.5733,-1.1387,-9.9571
2824.000000,22,8.3310,189.6303,47.6645,-1.1238,-10.9325
2824.000000,23,8.3310,189.7068,47.6773,-1.1876,-11.5250
2824.000000,24,8.3310,189.7835,47.6892,-1.2524,-11.6872
2825.000000,0,8.2611,189.1505,47.6848,-0.6238,-11.6436
2825.000000,1,8.2611,189.2326,47.6686,-0.7220,-11.4885
2825.000000,2,8.2611,189.3148,47.6950,-0.7779,-10.8273
2825.000000,3,8.2611,189.3971,47.5638,-0.9914,-9.8883
2825.000000,4,8.2611,189.4795,47.4128,-1.2248,-8.5373
2825.000000,5,8.2611,189.2383,47.6403,-0.7560,-11.4493
2825.000000,6,8.2611,189.3187,47.7058,-0.7709,-11.6500
2825.000000,7,8.2611,189.3993,47.6391,-0.9183,-11.5311
2825.000000,8,8.2611,189.4800,47.6992,-0.9388,-10.8351
2825.000000,9,8.2611,189.5609,47.6113,-1.1076,-9.8686
2825.000000,10,8.2611,189.3259,47.6924,-0.7916,-10.7391
2825.000000,11,8.2611,189.4047,47.5983,-0.9645,-11.5479
2825.000000,12,8.2611,189.4838,47.7125,-0.9293,-11.6607
2825.000000,13,8.2611,189.5629,47.6023,-1.1187,-11.5721
2825.000000,14,8.2611,189.6423,47.6931,-1.1072,-10.8454
2825.000000,15,8.2611,189.4135,47.5840,-0.9875,-9.8071
2825.000000,16,8.2611,189.4907,47.6856,-0.9631,-10.8421
2825.000000,17,8.2611,189.5682,47.6447,-1.0815,-11.5391
2825.000000,18,8.2611,189.6459,47.7064,-1.0975,-11.6751
2825.000000,19,8.2611,189.7237,47.6430,-1.2387,-11.5220
2825.000000,20,8.2611,189.5009,47.4526,-1.2063,-8.5253
2825.000000,21,8.2611,189.5766,47.5774,-1.1573,-9.9695
2825.000000,22,8.2611,189.6526,47.6625,-1.1481,-10.9474
2825.000000,23,8.2611,189.7287,47.6789,-1.2078,-11.5323
2825.000000,24,8.2611,189.8051,47.6890,-1.2741,-11.6930
2826.000000,0,8.1914,189.1737,47.6845,-0.6473,-11.6492
2826.000000,1,8.1914,189.2554,47.6707,-0.7427,-11.4954
2826.000000,2,8.1914,189.3372,47.6937,-0.8016,-10.8417
2826.000000,3,8.1914,189.4191,47.5643,-1.0128,-9.9045
2826.000000,4,8.1914,189.5011,47.4170,-1.2422,-8.5530
2826.000000,5,8.1914,189.2614,47.6397,-0.7797,-11.4534
2826.000000,6,8.1914,189.3414,47.7058,-0.7937,-11.6555
2826.000000,7,8.1914,189.4217,47.6406,-0.9391,-11.5367
2826.000000,8,8.1914,189.5020,47.6985,-0.9615,-10.8448
2826.000000,9,8.1914,189.5825,47.6117,-1.1288,-9.8787
2826.000000,10,8.1914,189.3490,47.6923,-0.8147,-10.7448
2826.000000,11,8.1914,189.4274,47.5987,-0.9868,-11.5529
2826.000000,12,8.1914,189.5061,47.7125,-0.9517,-11.6661
2826.000000,13,8.1914,189.5849,47.6027,-1.1402,-11.5769
2826.000000,14,8.1914,189.6638,47.6930,-1.1289,-10.8507
2826.000000,15,8.1914,189.4365,47.5846,-1.0099,-9.8181
2826.000000,16,8.1914,189.5134,47.6847,-0.9867,-10.8524
2826.000000,17,8.1914,189.5905,47.6461,-1.1024,-11.5449
2826.000000,18,8.1914,189.6678,47.7063,-1.1195,-11.6806
2826.000000,19,8.1914,189.7452,47.6428,-1.2605,-11.5259
2826.000000,20,8.1914,189.5238,47.4564,-1.2254,-8.5425
2826.000000,21,8.1914,189.5992,47.5813,-1.1759,-9.9818
2826.000000,22,8.1914,189.6748,47.6604,-1.1724,-10.9623
2826.000000,23,8.1914,189.7506,47.6805,-1.2281,-11.5396
2826.000000,24,8.1914,189.8266,47.6888,-1.2959,-11.6988
2827.000000,0,8.1218,189.1969,47.6842,-0.6707,-11.6548
2827.000000,1,8.1218,189.2782,47.6727,-0.7635,-11.5024
2827.000000,2,8.1218,189.3596,47.6924,-0.8253,-10.8561
2827.000000,3,8.1218,189.4411,47.5648,-1.0343,-9.9207
2827.000000,4,8.1218,189.5228,47.4211,-1.2597,-8.5688
2827.000000,5,8.1218,189.2845,47.6391,-0.8035,-11.4576
2827.000000,6,8.1218,189.3642,47.7057,-0.8165,-11.6609
2827.000000,7,8.1218,189.4440,47.6420,-0.9600,-11.5423
2827.000000,8,8.1218,189.5240,47.6978,-0.9842,-10.8544
2827.000000,9,8.1218,189.6041,47.6122,-1.1499,-9.8889
2827.000000,10,8.1218,189.3721,47.6922,-0.8379,-10.7506
2827.000000,11,8.1218,189.4501,47.5991,-1.0091,-11.5580
2827.000000,12,8.1218,189.5284,47.7125,-0.9740,-11.6715
2827.000000,13,8.1218,189.6068,47.6032,-1.1617,-11.5818
2827.000000,14,8.1218,189.6854,47.6929,-1.1506,-10.8560
2827.000000,15,8.1218,189.4595,47.5852,-1.0323,-9.8291
2827.000000,16,8.1218,189.5360,47.6837,-1.0103,-10.8627
2827.000000,17,8.1218,189.6127,47.6475,-1.1233,-11.5507
2827.000000,18,8.1218,189.6897,47.7062,-1.1415,-11.6861
2827.000000,19,8.1218,189.7668,47.6426,-1.2822,-11.5298
2827.000000,20,8.1218,189.5468,47.4602,-1.2446,-8.5597
2827.000000,21,8.1218,189.6218,47.5851,-1.1947,-9.9943
2827.000000,22,8.1218,189.6970,47.6583,-1.1967,-10.9771
2827.000000,23,8.1218,189.7725,47.6820,-1.2485,-11.5469
2827.000000,24,8.1218,189.8481,47.6885,-1.3176,-11.7046
2828.000000,0,8.0522,189.2201,47.6839,-0.6942,-11.6604
2828.000000,1,8.0522,189.3009,47.6746,-0.7844,-11.5095
2828.000000,2,8.0522,189.3819,47.6910,-0.8490,-10.8704
2828.000000,3,8.0522,189.4631,47.5653,-1.0558,-9.9368
2828.000000,4,8.0522,189.5444,47.4252,-1.2772,-8.5845
2828.000000,5,8.0522,189.3076,47.6385,-0.8272,-11.4619
2828.000000,6,8.0522,189.3869,47.7056,-0.8393,-11.6663
2828.000000,7,8.0522,189.4663,47.6435,-0.9809,-11.5479
2828.000000,8,8.0522,189.5459,47.6971,-1.0069,-10.8641
2828.000000,9,8.0522,189.6256,47.6126,-1.1711,-9.8990
2828.000000,10,8.0522,189.3951,47.6921,-0.8610,-10.7564
2828.000000,11,8.0522,189.4728,47.5994,-1.0314,-11.5631
2828.000000,12,8.0522,189.5507,47.7125,-0.9963,-11.6769
2828.000000,13,8.0522,189.6288,47.6036,-1.1832,-11.5867
2828.000000,14,8.0522,189.7070,47.6928,-1.1722,-10.8614
2828.000000,15,8.0522,189.4825,47.5858,-1.0547,-9.8401
2828.000000,16,8.0522,189.5586,47.6828,-1.0339,-10.8729
2828.000000,17,8.0522,189.6350,47.6488,-1.1442,-11.5566
2828.000000,18,8.0522,189.7115,47.7062,-1.1634,-11.6917
2828.000000,19,8.0522,189.7883,47.6423,-1.3040,-11.5337
2828.000000,20,8.0522,189.5697,47.4639,-1.2639,-8.5770
2828.000000,21,8.0522,189.6443,47.5888,-1.2135,-10.0067
2828.000000,22,8.0522,189.7192,47.6562,-1.2210,-10.9918
2828.000000,23,8.0522,189.7943,47.6834,-1.2689,-11.5542
2828.000000,24,8.0522,189.8696,47.6882,-1.3394,-11.7104
2829.000000,0,7.9828,189.2432,47.6835,-0.7177,-11.6661
2829.000000,1,7.9828,189.3237,47.6764,-0.8053,-11.5165
2829.000000,2,7.9828,189.4043,47.6896,-0.8727,-10.8847
2829.000000,3,7.9828,189.4851,47.5657,-1.0774,-9.9528
2829.000000,4,7.9828,189.5659,47.4292,-1.2948,-8.6003
2829.000000,5,7.9828,189.3307,47.6378,-0.8510,-11.4662
2829.000000,6,7.9828,189.4096,47.7055,-0.8621,-11.6718
2829.000000,7,7.9828,189.4886,47.6448,-1.0018,-11.5535
2829.000000,8,7.9828,189.5679,47.6963,-1.0296,-10.8738
2829.000000,9,7.9828,189.6472,47.6130,-1.1922,-9.9092
2829.000000,10,7.9828,189.4181,47.6920,-0.8841,-10.7623
2829.000000,11,7.9828,189.4954,47.5998,-1.0537,-11.5682
2829.000000,12,7.9828,189.5730,47.7125,-1.0185,-11.6823
2829.000000,13,7.9828,189.6507,47.6040,-1.2047,-11.5916
2829.000000,14,7.9828,189.7285,47.6927,-1.1938,-10.8667
2829.000000,15,7.9828,189.5054,47.5864,-1.0771,-9.8511
2829.000000,16,7.9828,189.5812,47.6818,-1.0574,-10.8832
2829.000000,17,7.9828,189.6572,47.6500,-1.1652,-11.5624
2829.000000,18,7.9828,189.7334,47.7061,-1.1854,-11.6972
2829.000000,19,7.9828,189.8098,47.6420,-1.3258,-11.5378
2829.000000,20,7.9828,189.5926,47.4675,-1.2831,-8.5942
2829.000000,21,7.9828,189.6668,47.5925,-1.2324,-10.0191
2829.000000,22,7.9828,189.7413,47.6541,-1.2453,-11.0065
2829.000000,23,7.9828,189.8161,47.6848,-1.2894,-11.5616
2829.000000,24,7.9828,189.8910,47.6878,-1.3612,-11.7162
2830.000000,0,7.9136,189.2663,47.6831,-0.7412,-11.6718
2830.000000,1,7.9136,189.3464,47.6781,-0.8263,-11.5237
2830.000000,2,7.9136,189.4266,47.6882,-0.8965,-10.8990
2830.000000,3,7.9136,189.5070,47.5661,-1.0989,-9.9689
2830.000000,4,7.9136,189.5875,47.4332,-1.3124,-8.6161
2830.000000,5,7.9136,189.3538,47.6371,-0.8747,-11.4705
2830.000000,6,7.9136,189.4322,47.7054,-0.8849,-11.6772
2830.000000,7,7.9136,189.5109,47.6462,-1.0228,-11.5592
2830.000000,8,7.9136,189.5898,47.6956,-1.0522,-10.8835
2830.000000,9,7.9136,189.6688,47.6134,-1.2134,-9.9194
2830.000000,10,7.9136,189.4411,47.6919,-0.9072,-10.7682
2830.000000,11,7.9136,189.5181,47.6001,-1.0760,-11.5733
2830.000000,12,7.9136,189.5952,47.7125,-1.0408,-11.6877
2830.000000,13,7.9136,189.6725,47.6044,-1.2262,-11.5966
2830.000000,14,7.9136,189.7500,47.6926,-1.2154,-10.8721
2830.000000,15,7.9136,189.5284,47.5870,-1.0994,-9.8622
2830.000000,16,7.9136,189.6038,47.6809,-1.0809,-10.8934
2830.000000,17,7.9136,189.6794,47.6513,-1.1862,-11.5683
2830.000000,18,7.9136,189.7552,47.7060,-1.2073,-11.7027
2830.000000,19,7.9136,189.8313,47.6417,-1.3476,-11.5418
2830.000000,20,7.9136,189.6154,47.4711,-1.3024,-8.6114
2830.000000,21,7.9136,189.6893,47.5960,-1.2513,-10.0316
2830.000000,22,7.9136,189.7635,47.6519,-1.2696,-11.0212
2830.000000,23,7.9136,189.8379,47.6860,-1.3099,-11.5690
2830.000000,24,7.9136,189.9125,47.6875,-1.3831,-11.7220
2831.000000,0,7.8444,189.2894,47.6826,-0.7648,-11.6774
2831.000000,1,7.8444,189.3691,47.6798,-0.8473,-11.5308
2831.000000,2,7.8444,189.4489,47.6867,-0.9203,-10.9132
2831.000000,3,7.8444,189.5289,47.5665,-1.1205,-9.9848
2831.000000,4,7.8444,189.6091,47.4371,-1.3300,-8.6319
2831.000000,5,7.8444,189.3768,47.6363,-0.8985,-11.4749
2831.000000,6,7.8444,189.4549,47.7053,-0.9076,-11.6827
2831.000000,7,7.8444,189.5332,47.6475,-1.0437,-11.5649
2831.000000,8,7.8444,189.6117,47.6949,-1.0749,-10.8932
2831.000000,9,7.8444,189.6903,47.6138,-1.2345,-9.9296
2831.000000,10,7.8444,189.4641,47.6919,-0.9303,-10.7741
2831.000000,11,7.8444,189.5406,47.6005,-1.0982,-11.5784
2831.000000,12,7.8444,189.6174,47.7125,-1.0630,-11.6931
2831.000000,13,7.8444,189.6944,47.6047,-1.2477,-11.6015
2831.000000,14,7.8444,189.7715,47.6926,-1.2370,-10.8776
2831.000000,15,7.8444,189.5513,47.5876,-1.1217,-9.8732
2831.000000,16,7.8444,189.6263,47.6799,-1.1044,-10.9037
2831.000000,17,7.8444,189.7016,47.6525,-1.2071,-11.5742
2831.000000,18,7.8444,189.7771,47.7059,-1.2292,-11.7083
2831.000000,19,7.8444,189.8527,47.6413,-1.3695,-11.5459
2831.000000,20,7.8444,189.6382,47.4746,-1.3217,-8.6286
2831.000000,21,7.8444,189.7118,47.5995,-1.2703,-10.0441
2831.000000,22,7.8444,189.7856,47.6498,-1.2939,-11.0358
2831.000000,23,7.8444,189.8596,47.6872,-1.3305,-11.5765
2831.000000,24,7.8444,189.9339,47.6870,-1.4049,-11.7278
2832.000000,0,7.7754,189.3124,47.6821,-0.7884,-11.6831
2832.000000,1,7.7754,189.3917,47.6813,-0.8685,-11.5380
2832.000000,2,7.7754,189.4712,47.6851,-0.9441,-10.9274
2832.000000,3,7.7754,189.5508,47.5669,-1.1420,-10.0008
2832.000000,4,7.7754,189.6306,47.4409,-1.3477,-8.6477
2832.000000,5,7.7754,189.3998,47.6356,-0.9222,-11.4794
2832.000000,6,7.7754,189.4775,47.7052,-0.9304,-11.6881
2832.000000,7,7.7754,189.5554,47.6488,-1.0647,-11.5706
2832.000000,8,7.7754,189.6336,47.6941,-1.0975,-10.9029
2832.000000,9,7.7754,189.7118,47.6142,-1.2556,-9.9399
2832.000000,10,7.7754,189.4870,47.6918,-0.9533,-10.7800
2832.000000,11,7.7754,189.5632,47.6014,-1.1198,-11.5829
2832.000000,12,7.7754,189.6396,47.7125,-1.0852,-11.6985
2832.000000,13,7.7754,189.7162,47.6052,-1.2691,-11.6065
2832.000000,14,7.7754,189.7930,47.6925,-1.2586,-10.8831
2832.000000,15,7.7754,189.5741,47.5881,-1.1440,-9.8843
2832.000000,16,7.7754,189.6488,47.6789,-1.1279,-10.9139
2832.000000,17,7.7754,189.7237,47.6536,-1.2281,-11.5802
2832.000000,18,7.7754,189.7989,47.7057,-1.2511,-11.7138
2832.000000,19,7.7754,189.8742,47.6409,-1.3913,-11.5501
2832.000000,20,7.7754,189.6610,47.4780,-1.3410,-8.6458
2832.000000,21,7.7754,189.7342,47.6029,-1.2894,-10.0567
2832.000000,22,7.7754,189.8077,47.6476,-1.3182,-11.0503
2832.000000,23,7.7754,189.8814,47.6883,-1.3511,-11.5839
2832.000000,24,7.7754,189.9553,47.6866,-1.4268,-11.7337
2833.000000,0,7.7064,189.3355,47.6816,-0.8119,-11.6888
2833.000000,1,7.7064,189.4144,47.6828,-0.8897,-11.5452
2833.000000,2,7.7064,189.4935,47.6836,-0.9680,-10.9416
2833.000000,3,7.7064,189.5727,47.5672,-1.1636,-10.0167
2833.000000,4,7.7064,189.6521,47.4447,-1.3654,-8.6635
2833.000000,5,7.7064,189.4228,47.6348,-0.9460,-11.4839
2833.000000,6,7.7064,189.5001,47.7051,-0.9531,-11.6936
2833.000000,7,7.7064,189.5777,47.6500,-1.0857,-11.5763
2833.000000,8,7.7064,189.6554,47.6933,-1.1201,-10.9126
2833.000000,9,7.7064,189.7333,47.6146,-1.2767,-9.9501
2833.000000,10,7.7064,189.5099,47.6917,-0.9763,-10.7860
2833.000000,11,7.7064,189.5858,47.6023,-1.1414,-11.5875
2833.000000,12,7.7064,189.6618,47.7125,-1.1074,-11.7039
2833.000000,13,7.7064,189.7381,47.6060,-1.2901,-11.6110
2833.000000,14,7.7064,189.8145,47.6924,-1.2801,-10.8886
2833.000000,15,7.7064,189.5970,47.5887,-1.1663,-9.8954
2833.000000,16,7.7064,189.6713,47.6780,-1.1513,-10.9242
2833.000000,17,7.7064,189.7458,47.6548,-1.2491,-11.5861
2833.000000,18,7.7064,189.8206,47.7056,-1.2730,-11.7194
2833.000000,19,7.7064,189.8956,47.6405,-1.4131,-11.5543
2833.000000,20,7.7064,189.6838,47.4814,-1.3604,-8.6630
2833.000000,21,7.7064,189.7566,47.6062,-1.3085,-10.0692
2833.000000,22,7.7064,189.8298,47.6485,-1.3393,-11.0615
2833.000000,23,7.7064,189.9031,47.6893,-1.3718,-11.5914
2833.000000,24,7.7064,189.9767,47.6861,-1.4486,-11.7395
2834.000000,0,7.6376,189.3585,47.6810,-0.8355,-11.6946
2834.000000,1,7.6376,189.4370,47.6841,-0.9109,-11.5524
2834.000000,2,7.6376,189.5157,47.6820,-0.9918,-10.9557
2834.000000,3,7.6376,189.5946,47.5675,-1.1852,-10.0325
2834.000000,4,7.6376,189.6736,47.4485,-1.3832,-8.6794
2834.000000,5,7.6376,189.4457,47.6353,-0.9685,-11.4870
2834.000000,6,7.6376,189.5227,47.7049,-0.9758,-11.6990
2834.000000,7,7.6376,189.5999,47.6512,-1.1067,-11.5821
2834.000000,8,7.6376,189.6773,47.6926,-1.1427,-10.9223
2834.000000,9,7.6376,189.7548,47.6150,-1.2978,-9.9604
2834.000000,10,7.6376,189.5328,47.6916,-0.9993,-10.7920
2834.000000,11,7.6376,189.6083,47.6032,-1.1631,-11.5920
2834.000000,12,7.6376,189.6840,47.7125,-1.1295,-11.7093
2834.000000,13,7.6376,189.7598,47.6069,-1.3110,-11.6155
2834.000000,14,7.6376,189.8359,47.6923,-1.3016,-10.8941
2834.000000,15,7.6376,189.6198,47.5892,-1.1886,-9.9065
2834.000000,16,7.6376,189.6937,47.6770,-1.1748,-10.9344
2834.000000,17,7.6376,189.7679,47.6558,-1.2701,-11.5921
2834.000000,18,7.6376,189.8424,47.7055,-1.2949,-11.7249
2834.000000,19,7.6376,189.9170,47.6401,-1.4350,-11.5586
2834.000000,20,7.6376,189.7065,47.4848,-1.3798,-8.6802
2834.000000,21,7.6376,189.7790,47.6094,-1.3277,-10.0818
2834.000000,22,7.6376,189.8518,47.6499,-1.3599,-11.0719
2834.000000,23,7.6376,189.9248,47.6903,-1.3926,-11.5989
2834.000000,24,7.6376,189.9980,47.6856,-1.4705,-11.7454
2835.000000,0,7.5689,189.3815,47.6804,-0.8591,-11.7003
2835.000000,1,7.5689,189.4596,47.6854,-0.9322,-11.5597
2835.000000,2,7.5689,189.5380,47.6803,-1.0157,-10.9698
2835.000000,3,7.5689,189.6165,47.5678,-1.2067,-10.0483
2835.000000,4,7.5689,189.6951,47.4522,-1.4010,-8.6952
2835.000000,5,7.5689,189.4687,47.6368,-0.9899,-11.4891
2835.000000,6,7.5689,189.5452,47.7048,-0.9985,-11.7045
2835.000000,7,7.5689,189.6221,47.6524,-1.1277,-11.5879
2835.000000,8,7.5689,189.6991,47.6918,-1.1653,-10.9320
2835.000000,9,7.5689,189.7762,47.6154,-1.3189,-9.9707
2835.000000,10,7.5689,189.5557,47.6915,-1.0222,-10.7981
2835.000000,11,7.5689,189.6308,47.6041,-1.1847,-11.5966
2835.000000,12,7.5689,189.7061,47.7125,-1.1517,-11.7148
2835.000000,13,7.5689,189.7816,47.6077,-1.3320,-11.6200
2835.000000,14,7.5689,189.8573,47.6922,-1.3231,-10.8997
2835.000000,15,7.5689,189.6426,47.5898,-1.2108,-9.9176
2835.000000,16,7.5689,189.7162,47.6760,-1.1982,-10.9446
2835.000000,17,7.5689,189.7900,47.6569,-1.2911,-11.5981
2835.000000,18,7.5689,189.8641,47.7053,-1.3168,-11.7305
2835.000000,19,7.5689,189.9384,47.6396,-1.4568,-11.5629
2835.000000,20,7.5689,189.7293,47.4881,-1.3992,-8.6974
2835.000000,21,7.5689,189.8014,47.6125,-1.3469,-10.0943
2835.000000,22,7.5689,189.8738,47.6513,-1.3805,-11.0824
2835.000000,23,7.5689,189.9465,47.6912,-1.4134,-11.6064
2835.000000,24,7.5689,190.0194,47.6850,-1.4924,-11.7512
2836.000000,0,7.5004,189.4044,47.6797,-0.8827,-11.7060
2836.000000,1,7.5004,189.4822,47.6867,-0.9536,-11.5670
2836.000000,2,7.5004,189.5602,47.6786,-1.0396,-10.9839
2836.000000,3,7.5004,189.6383,47.5680,-1.2283,-10.0641
2836.000000,4,7.5004,189.7166,47.4558,-1.4189,-8.7111
2836.000000,5,7.5004,189.4916,47.6383,-1.0113,-11.4912
2836.000000,6,7.5004,189.5678,47.7046,-1.0212,-11.7100
2836.000000,7,7.5004,189.6442,47.6535,-1.1488,-11.5937
2836.000000,8,7.5004,189.7209,47.6910,-1.1879,-10.9417
2836.000000,9,7.5004,189.7977,47.6158,-1.3399,-9.9810
2836.000000,10,7.5004,189.5785,47.6914,-1.0451,-10.8041
2836.000000,11,7.5004,189.6532,47.6050,-1.2063,-11.6013
2836.000000,12,7.5004,189.7282,47.7125,-1.1738,-11.7202
2836.000000,13,7.5004,189.8034,47.6085,-1.3529,-11.6246
2836.000000,14,7.5004,189.8788,47.6922,-1.3446,-10.9053
2836.000000,15,7.5004,189.6653,47.5903,-1.2330,-9.9287
2836.000000,16,7.5004,189.7386,47.6751,-1.2215,-10.9548
2836.000000,17,7.5004,189.8121,47.6579,-1.3122,-11.6041
2836.000000,18,7.5004,189.8858,47.7052,-1.3387,-11.7361
2836.000000,19,7.5004,189.9598,47.6391,-1.4787,-11.5672
2836.000000,20,7.5004,189.7519,47.4913,-1.4186,-8.7146
2836.000000,21,7.5004,189.8237,47.6156,-1.3662,-10.1069
2836.000000,22,7.5004,189.8958,47.6527,-1.4011,-11.0928
2836.000000,23,7.5004,189.9681,47.6920,-1.4342,-11.6140
2836.000000,24,7.5004,190.0407,47.6845,-1.5143,-11.7571
2837.000000,0,7.4319,189.4274,47.6791,-0.9064,-11.7118
2837.000000,1,7.4319,189.5048,47.6878,-0.9750,-11.5743
2837.000000,2,7.4319,189.5824,47.6769,-1.0635,-10.9979
2837.000000,3,7.4319,189.6601,47.5683,-1.2499,-10.0798
2837.000000,4,7.4319,189.7381,47.4594,-1.4367,-8.7269
2837.000000,5,7.4319,189.5144,47.6398,-1.0327,-11.4934
2837.000000,6,7.4319,189.5903,47.7044,-1.0439,-11.7155
2837.000000,7,7.4319,189.6664,47.6546,-1.1698,-11.5995
2837.000000,8,7.4319,189.7427,47.6902,-1.2105,-10.9513
2837.000000,9,7.4319,189.8191,47.6162,-1.3610,-9.9914
2837.000000,10,7.4319,189.6013,47.6914,-1.0680,-10.8102
2837.000000,11,7.4319,189.6757,47.6059,-1.2279,-11.6059
2837.000000,12,7.4319,189.7503,47.7125,-1.1959,-11.7256
2837.000000,13,7.4319,189.8251,47.6093,-1.3739,-11.6291
2837.000000,14,7.4319,189.9001,47.6921,-1.3661,-10.9109
2837.000000,15,7.4319,189.6881,47.5909,-1.2552,-9.9398
2837.000000,16,7.4319,189.7609,47.6741,-1.2449,-10.9649
2837.000000,17,7.4319,189.8341,47.6589,-1.3332,-11.6101
2837.000000,18,7.4319,189.9075,47.7050,-1.3605,-11.7416
2837.000000,19,7.4319,189.9811,47.6386,-1.5005,-11.5716
2837.000000,20,7.4319,189.7746,47.4945,-1.4381,-8.7317
2837.000000,21,7.4319,189.8460,47.6186,-1.3855,-10.1195
2837.000000,22,7.4319,189.9178,47.6541,-1.4217,-11.1032
2837.000000,23,7.4319,189.9898,47.6927,-1.4551,-11.6216
2837.000000,24,7.4319,190.0620,47.6839,-1.5362,-11.7630
2838.000000,0,7.3636,189.4503,47.6783,-0.9300,-11.7175
2838.000000,1,7.3636,189.5273,47.6889,-0.9965,-11.5816
2838.000000,2,7.3636,189.6045,47.6752,-1.0874,-11.0119
2838.000000,3,7.3636,189.6819,47.5685,-1.2715,-10.0955
2838.000000,4,7.3636,189.7595,47.4629,-1.4547,-8.7428
2838.000000,5,7.3636,189.5373,47.6412,-1.0541,-11.4956
2838.000000,6,7.3636,189.6128,47.7043,-1.0665,-11.7210
2838.000000,7,7.3636,189.6885,47.6557,-1.1909,-11.6054
2838.000000,8,7.3636,189.7644,47.6894,-1.2331,-10.9610
2838.000000,9,7.3636,189.8405,47.6165,-1.3820,-10.0017
2838.000000,10,7.3636,189.6241,47.6913,-1.0909,-10.8164
2838.000000,11,7.3636,189.6981,47.6067,-1.2494,-11.6105
2838.000000,12,7.3636,189.7724,47.7125,-1.2179,-11.7310
2838.000000,13,7.3636,189.8468,47.6101,-1.3948,-11.6337
2838.000000,14,7.3636,189.9215,47.6920,-1.3875,-10.9166
2838.000000,15,7.3636,189.7108,47.5914,-1.2774,-9.9509
2838.000000,16,7.3636,189.7833,47.6731,-1.2682,-10.9751
2838.000000,17,7.3636,189.8561,47.6599,-1.3542,-11.6162
2838.000000,18,7.3636,189.9291,47.7049,-1.3823,-11.7472
2838.000000,19,7.3636,190.0024,47.6381,-1.5224,-11.5761
2838.000000,20,7.3636,189.7972,47.4977,-1.4576,-8.7489
2838.000000,21,7.3636,189.8683,47.6215,-1.4049,-10.1322
2838.000000,22,7.3636,189.9397,47.6554,-1.4424,-11.1136
2838.000000,23,7.3636,190.0114,47.6934,-1.4760,-11.6292
2838.000000,24,7.3636,190.0832,47.6832,-1.5581,-11.7689
2839.000000,0,7.2954,189.4732,47.6776,-0.9536,-11.7233
2839.000000,1,7.2954,189.5498,47.6899,-1.0180,-11.5890
2839.000000,2,7.2954,189.6267,47.6734,-1.1113,-11.0259
2839.000000,3,7.2954,189.7037,47.5695,-1.2923,-10.1102
2839.000000,4,7.2954,189.7809,47.4664,-1.4726,-8.7587
2839.000000,5,7.2954,189.5601,47.6427,-1.0755,-11.4979
2839.000000,6,7.2954,189.6352,47.7041,-1.0892,-11.7264
2839.000000,7,7.2954,189.7106,47.6567,-1.2119,-11.6112
2839.000000,8,7.2954,189.7862,47.6886,-1.2556,-10.9707
2839.000000,9,7.2954,189.8619,47.6169,-1.4030,-10.0120
2839.000000,10,7.2954,189.6469,47.6912,-1.1137,-10.8225
2839.000000,11,7.2954,189.7205,47.6076,-1.2710,-11.6152
2839.000000,12,7.2954,189.7944,47.7125,-1.2400,-11.7365
2839.000000,13,7.2954,189.8685,47.6109,-1.4157,-11.6384
2839.000000,14,7.2954,189.9429,47.6919,-1.4089,-10.9223
2839.000000,15,7.2954,189.7334,47.5919,-1.2995,-9.9620
2839.000000,16,7.2954,189.8056,47.6721,-1.2915,-10.9852
2839.000000,17,7.2954,189.8781,47.6608,-1.3753,-11.6223
2839.000000,18,7.2954,189.9508,47.7047,-1.4041,-11.7528
2839.000000,19,7.2954,190.0237,47.6375,-1.5442,-11.5805
2839.000000,20,7.2954,189.8198,47.5008,-1.4770,-8.7660
2839.000000,21,7.2954,189.8905,47.6243,-1.4243,-10.1448
2839.000000,22,7.2954,189.9616,47.6566,-1.4630,-11.1239
2839.000000,23,7.2954,190.0329,47.6941,-1.4969,-11.6368
2839.000000,24,7.2954,190.1045,47.6826,-1.5800,-11.7747
2840.000000,0,7.2273,189.4960,47.6768,-0.9772,-11.7290
2840.000000,1,7.2273,189.5723,47.6908,-1.0396,-11.5964
2840.000000,2,7.2273,189.6488,47.6717,-1.1352,-11.0398
2840.000000,3,7.2273,189.7255,47.5732,-1.3103,-10.1219
2840.000000,4,7.2273,189.8024,47.4698,-1.4906,-8.7745
2840.000000,5,7.2273,189.5829,47.6440,-1.0969,-11.5003
2840.000000,6,7.2273,189.6577,47.7039,-1.1118,-11.7319
2840.000000,7,7.2273,189.7327,47.6577,-1.2330,-11.6171
2840.000000,8,7.2273,189.8079,47.6878,-1.2781,-10.9803
2840.000000,9,7.2273,189.8833,47.6173,-1.4240,-10.0224
2840.000000,10,7.2273,189.6696,47.6911,-1.1365,-10.8287
2840.000000,11,7.2273,189.7429,47.6084,-1.2925,-11.6199
2840.000000,12,7.2273,189.8164,47.7125,-1.2620,-11.7419
2840.000000,13,7.2273,189.8902,47.6117,-1.4366,-11.6430
2840.000000,14,7.2273,189.9642,47.6919,-1.4303,-10.9280
2840.000000,15,7.2273,189.7561,47.5925,-1.3217,-9.9731
2840.000000,16,7.2273,189.8279,47.6711,-1.3148,-10.9954
2840.000000,17,7.2273,189.9000,47.6617,-1.3963,-11.6283
2840.000000,18,7.2273,189.9724,47.7045,-1.4259,-11.7583
2840.000000,19,7.2273,190.0450,47.6370,-1.5661,-11.5851
2840.000000,20,7.2273,189.8423,47.5038,-1.4966,-8.7831
2840.000000,21,7.2273,189.9128,47.6271,-1.4437,-10.1574
2840.000000,22,7.2273,189.9835,47.6579,-1.4837,-11.1342
2840.000000,23,7.2273,190.0545,47.6946,-1.5179,-11.6444
2840.000000,24,7.2273,190.1257,47.6819,-1.6019,-11.7806
2841.000000,0,7.1594,189.5189,47.6760,-1.0009,-11.7348
2841.000000,1,7.1594,189.5948,47.6916,-1.0612,-11.6038
2841.000000,2,7.1594,189.6709,47.6698,-1.1591,-11.0537
2841.000000,3,7.1594,189.7472,47.5768,-1.3284,-10.1336
2841.000000,4,7.1594,189.8237,47.4732,-1.5086,-8.7904
2841.000000,5,7.1594,189.6057,47.6454,-1.1183,-11.5026
2841.000000,6,7.1594,189.6801,47.7037,-1.1344,-11.7374
2841.000000,7,7.1594,189.7547,47.6587,-1.2541,-11.6230
2841.000000,8,7.1594,189.8296,47.6870,-1.3006,-10.9900
2841.000000,9,7.1594,189.9046,47.6176,-1.4450,-10.0328
2841.000000,10,7.1594,189.6923,47.6911,-1.1593,-10.8349
2841.000000,11,7.1594,189.7652,47.6092,-1.3140,-11.6246
2841.000000,12,7.1594,189.8384,47.7125,-1.2840,-11.7473
2841.000000,13,7.1594,189.9118,47.6124,-1.4574,-11.6476
2841.000000,14,7.1594,189.9855,47.6918,-1.4517,-10.9337
2841.000000,15,7.1594,189.7787,47.5930,-1.3437,-9.9842
2841.000000,16,7.1594,189.8502,47.6702,-1.3380,-11.0055
2841.000000,17,7.1594,189.9219,47.6626,-1.4174,-11.6344
2841.000000,18,7.1594,189.9940,47.7043,-1.4477,-11.7639
2841.000000,19,7.1594,190.0662,47.6364,-1.5879,-11.5896
2841.000000,20,7.1594,189.8649,47.5068,-1.5161,-8.8002
2841.000000,21,7.1594,189.9350,47.6297,-1.4633,-10.1701
2841.000000,22,7.1594,190.0053,47.6590,-1.5043,-11.1445
2841.000000,23,7.1594,190.0760,47.6951,-1.5389,-11.6520
2841.000000,24,7.1594,190.1469,47.6812,-1.6238,-11.7865
2842.000000,0,7.0915,189.5417,47.6752,-1.0245,-11.7406
2842.000000,1,7.0915,189.6172,47.6924,-1.0828,-11.6112
2842.000000,2,7.0915,189.6930,47.6680,-1.1831,-11.0675
2842.000000,3,7.0915,189.7690,47.5804,-1.3466,-10.1453
2842.000000,4,7.0915,189.8451,47.4765,-1.5266,-8.8063
2842.000000,5,7.0915,189.6284,47.6467,-1.1397,-11.5051
2842.000000,6,7.0915,189.7024,47.7035,-1.1570,-11.7429
2842.000000,7,7.0915,189.7767,47.6596,-1.2751,-11.6289
2842.000000,8,7.0915,189.8513,47.6862,-1.3231,-10.9996
2842.000000,9,7.0915,189.9260,47.6180,-1.4660,-10.0432
2842.000000,10,7.0915,189.7149,47.6910,-1.1820,-10.8411
2842.000000,11,7.0915,189.7875,47.6100,-1.3355,-11.6293
2842.000000,12,7.0915,189.8604,47.7125,-1.3059,-11.7528
2842.000000,13,7.0915,189.9335,47.6132,-1.4783,-11.6523
2842.000000,14,7.0915,190.0068,47.6917,-1.4731,-10.9395
2842.000000,15,7.0915,189.8013,47.5935,-1.3658,-9.9954
2842.000000,16,7.0915,189.8724,47.6692,-1.3613,-11.0156
2842.000000,17,7.0915,189.9438,47.6635,-1.4384,-11.6405
2842.000000,18,7.0915,190.0155,47.7042,-1.4694,-11.7695
2842.000000,19,7.0915,190.0875,47.6358,-1.6098,-11.5942
2842.000000,20,7.0915,189.8874,47.5098,-1.5356,-8.8173
2842.000000,21,7.0915,189.9571,47.6324,-1.4828,-10.1827
2842.000000,22,7.0915,190.0272,47.6602,-1.5250,-11.1548
2842.000000,23,7.0915,190.0975,47.6956,-1.5599,-11.6597
2842.000000,24,7.0915,190.1681,47.6804,-1.6457,-11.7924
2843.000000,0,7.0238,189.5645,47.6744,-1.0481,-11.7464
2843.000000,1,7.0238,189.6397,47.6932,-1.1045,-11.6187
2843.000000,2,7.0238,189.7151,47.6661,-1.2070,-11.0813
2843.000000,3,7.0238,189.7907,47.5839,-1.3648,-10.1571
2843.000000,4,7.0238,189.8665,47.4798,-1.5447,-8.8222
2843.000000,5,7.0238,189.6511,47.6480,-1.1611,-11.5076
2843.000000,6,7.0238,189.7248,47.7033,-1.1795,-11.7484
2843.000000,7,7.0238,189.7987,47.6606,-1.2962,-11.6349
2843.000000,8,7.0238,189.8729,47.6854,-1.3456,-11.0093
2843.000000,9,7.0238,189.9473,47.6184,-1.4870,-10.0536
2843.000000,10,7.0238,189.7376,47.6909,-1.2047,-10.8474
2843.000000,11,7.0238,189.8098,47.6109,-1.3570,-11.6341
2843.000000,12,7.0238,189.8823,47.7125,-1.3279,-11.7582
2843.000000,13,7.0238,189.9551,47.6140,-1.4991,-11.6570
2843.000000,14,7.0238,190.0280,47.6917,-1.4944,-10.9453
2843.000000,15,7.0238,189.8238,47.5940,-1.3879,-10.0065
2843.000000,16,7.0238,189.8946,47.6682,-1.3844,-11.0256
2843.000000,17,7.0238,189.9657,47.6643,-1.4595,-11.6467
2843.000000,18,7.0238,190.0371,47.7040,-1.4912,-11.7750
2843.000000,19,7.0238,190.1087,47.6371,-1.6296,-11.5967
2843.000000,20,7.0238,189.9098,47.5127,-1.5552,-8.8344
2843.000000,21,7.0238,189.9792,47.6349,-1.5024,-10.1954
2843.000000,22,7.0238,190.0490,47.6613,-1.5457,-11.1651
2843.000000,23,7.0238,190.1190,47.6960,-1.5810,-11.6673
2843.000000,24,7.0238,190.1892,47.6797,-1.6676,-11.7983
2844.000000,0,6.9562,189.5872,47.6735,-1.0718,-11.7521
2844.000000,1,6.9562,189.6620,47.6938,-1.1263,-11.6261
2844.000000,2,6.9562,189.7371,47.6642,-1.2309,-11.0951
2844.000000,3,6.9562,189.8124,47.5873,-1.3831,-10.1688
2844.000000,4,6.9562,189.8878,47.4830,-1.5628,-8.8381
2844.000000,5,6.9562,189.6738,47.6493,-1.1826,-11.5101
2844.000000,6,6.9562,189.7471,47.7031,-1.2021,-11.7539
2844.000000,7,6.9562,189.8207,47.6614,-1.3173,-11.6408
2844.000000,8,6.9562,189.8946,47.6845,-1.3680,-11.0189
2844.000000,9,6.9562,189.9686,47.6187,-1.5079,-10.0640
2844.000000,10,6.9562,189.7602,47.6908,-1.2274,-10.8537
2844.000000,11,6.9562,189.8321,47.6117,-1.3784,-11.6388
2844.000000,12,6.9562,189.9042,47.7125,-1.3498,-11.7636
2844.000000,13,6.9562,189.9766,47.6147,-1.5200,-11.6617
2844.000000,14,6.9562,190.0493,47.6916,-1.5157,-10.9511
2844.000000,15,6.9562,189.8463,47.5945,-1.4099,-10.0176
2844.000000,16,6.9562,189.9168,47.6672,-1.4076,-11.0357
2844.000000,17,6.9562,189.9876,47.6651,-1.4805,-11.6528
2844.000000,18,6.9562,190.0586,47.7038,-1.5129,-11.7806
2844.000000,19,6.9562,190.1299,47.6385,-1.6494,-11.5992
2844.000000,20,6.9562,189.9323,47.5156,-1.5748,-8.8514
2844.000000,21,6.9562,190.0013,47.6374,-1.5220,-10.2080
2844.000000,22,6.9562,190.0707,47.6624,-1.5664,-11.1753
2844.000000,23,6.9562,190.1404,47.6963,-1.6021,-11.6750
2844.000000,24,6.9562,190.2104,47.6789,-1.6895,-11.8042
2845.000000,0,6.8887,189.6100,47.6726,-1.0954,-11.7579
2845.000000,1,6.8887,189.6844,47.6944,-1.1480,-11.6336
2845.000000,2,6.8887,189.7591,47.6623,-1.2548,-11.1088
2845.000000,3,6.8887,189.8340,47.5906,-1.4014,-10.1806
2845.000000,4,6.8887,189.9091,47.4862,-1.5809,-8.8540
2845.000000,5,6.8887,189.6965,47.6505,-1.2040,-11.5127
2845.000000,6,6.8887,189.7694,47.7029,-1.2246,-11.7594
2845.000000,7,6.8887,189.8427,47.6623,-1.3384,-11.6468
2845.000000,8,6.8887,189.9162,47.6837,-1.3905,-11.0285
2845.000000,9,6.8887,189.9898,47.6190,-1.5288,-10.0744
2845.000000,10,6.8887,189.7828,47.6908,-1.2500,-10.8600
2845.000000,11,6.8887,189.8543,47.6124,-1.3999,-11.6436
2845.000000,12,6.8887,189.9261,47.7125,-1.3717,-11.7691
2845.000000,13,6.8887,189.9982,47.6154,-1.5408,-11.6664
2845.000000,14,6.8887,190.0705,47.6915,-1.5370,-10.9570
2845.000000,15,6.8887,189.8688,47.5950,-1.4319,-10.0287
2845.000000,16,6.8887,189.9390,47.6663,-1.4307,-11.0458
2845.000000,17,6.8887,190.0094,47.6658,-1.5016,-11.6590
2845.000000,18,6.8887,190.0801,47.7036,-1.5346,-11.7862
2845.000000,19,6.8887,190.1510,47.6399,-1.6692,-11.6017
2845.000000,20,6.8887,189.9547,47.5184,-1.5943,-8.8684
2845.000000,21,6.8887,190.0234,47.6398,-1.5417,-10.2207
2845.000000,22,6.8887,190.0925,47.6634,-1.5871,-11.1855
2845.000000,23,6.8887,190.1619,47.6966,-1.6233,-11.6827
2845.000000,24,6.8887,190.2315,47.6781,-1.7114,-11.8101
2846.000000,0,6.8213,189.6327,47.6717,-1.1190,-11.7637
2846.000000,1,6.8213,189.7068,47.6950,-1.1698,-11.6411
2846.000000,2,6.8213,189.7811,47.6604,-1.2788,-11.1224
2846.000000,3,6.8213,189.8557,47.5939,-1.4198,-10.1924
2846.000000,4,6.8213,189.9304,47.4894,-1.5991,-8.8698
2846.000000,5,6.8213,189.7191,47.6518,-1.2254,-11.5153
2846.000000,6,6.8213,189.7917,47.7027,-1.2471,-11.7649
2846.000000,7,6.8213,189.8646,47.6631,-1.3595,-11.6528
2846.000000,8,6.8213,189.9378,47.6829,-1.4129,-11.0381
2846.000000,9,6.8213,190.0111,47.6194,-1.5497,-10.0848
2846.000000,10,6.8213,189.8053,47.6907,-1.2726,-10.8663
2846.000000,11,6.8213,189.8765,47.6132,-1.4213,-11.6484
2846.000000,12,6.8213,189.9480,47.7125,-1.3936,-11.7745
2846.000000,13,6.8213,190.0197,47.6162,-1.5616,-11.6711
2846.000000,14,6.8213,190.0917,47.6915,-1.5583,-10.9629
2846.000000,15,6.8213,189.8913,47.5955,-1.4539,-10.0399
2846.000000,16,6.8213,189.9611,47.6653,-1.4538,-11.0558
2846.000000,17,6.8213,190.0312,47.6666,-1.5227,-11.6651
2846.000000,18,6.8213,190.1016,47.7034,-1.5562,-11.7917
2846.000000,19,6.8213,190.1722,47.6412,-1.6890,-11.6043
2846.000000,20,6.8213,189.9770,47.5212,-1.6139,-8.8854
2846.000000,21,6.8213,190.0455,47.6421,-1.5614,-10.2334
2846.000000,22,6.8213,190.1142,47.6644,-1.6078,-11.1957
2846.000000,23,6.8213,190.1832,47.6969,-1.6444,-11.6903
2846.000000,24,6.8213,190.2525,47.6773,-1.7333,-11.8160
2847.000000,0,6.7541,189.6554,47.6707,-1.1427,-11.7695
2847.000000,1,6.7541,189.7291,47.6954,-1.1917,-11.6486
2847.000000,2,6.7541,189.8031,47.6584,-1.3027,-11.1361
2847.000000,3,6.7541,189.8773,47.5971,-1.4382,-10.2042
2847.000000,4,6.7541,189.9517,47.4925,-1.6173,-8.8857
2847.000000,5,6.7541,189.7417,47.6530,-1.2468,-11.5180
2847.000000,6,6.7541,189.8140,47.7024,-1.2696,-11.7704
2847.000000,7,6.7541,189.8865,47.6639,-1.3806,-11.6588
2847.000000,8,6.7541,189.9593,47.6821,-1.4353,-11.0478
2847.000000,9,6.7541,190.0323,47.6197,-1.5706,-10.0952
2847.000000,10,6.7541,189.8278,47.6906,-1.2952,-10.8727
2847.000000,11,6.7541,189.8987,47.6140,-1.4427,-11.6532
2847.000000,12,6.7541,189.9698,47.7125,-1.4154,-11.7799
2847.000000,13,6.7541,190.0412,47.6169,-1.5824,-11.6758
2847.000000,14,6.7541,190.1129,47.6914,-1.5795,-10.9688
2847.000000,15,6.7541,189.9137,47.5960,-1.4758,-10.0510
2847.000000,16,6.7541,189.9832,47.6643,-1.4769,-11.0658
2847.000000,17,6.7541,190.0530,47.6673,-1.5437,-11.6713
2847.000000,18,6.7541,190.1230,47.7031,-1.5779,-11.7973
2847.000000,19,6.7541,190.1933,47.6425,-1.7089,-11.6069
2847.000000,20,6.7541,189.9994,47.5239,-1.6335,-8.9024
2847.000000,21,6.7541,190.0675,47.6444,-1.5811,-10.2460
2847.000000,22,6.7541,190.1359,47.6654,-1.6285,-11.2058
2847.000000,23,6.7541,190.2046,47.6971,-1.6656,-11.6980
2847.000000,24,6.7541,190.2736,47.6765,-1.7552,-11.8219
2848.000000,0,6.6870,189.6780,47.6698,-1.1663,-11.7753
2848.000000,1,6.6870,189.7514,47.6959,-1.2136,-11.6561
2848.000000,2,6.6870,189.8250,47.6594,-1.3236,-11.1464
2848.000000,3,6.6870,189.8989,47.6002,-1.4567,-10.2160
2848.000000,4,6.6870,189.9729,47.4955,-1.6355,-8.9016
2848.000000,5,6.6870,189.7643,47.6541,-1.2682,-11.5207
2848.000000,6,6.6870,189.8362,47.7022,-1.2920,-11.7759
2848.000000,7,6.6870,189.9084,47.6647,-1.4017,-11.6648
2848.000000,8,6.6870,189.9809,47.6812,-1.4577,-11.0573
2848.000000,9,6.6870,190.0535,47.6201,-1.5915,-10.1057
2848.000000,10,6.6870,189.8503,47.6906,-1.3178,-10.8791
2848.000000,11,6.6870,189.9208,47.6148,-1.4641,-11.6580
2848.000000,12,6.6870,189.9916,47.7125,-1.4372,-11.7854
2848.000000,13,6.6870,190.0627,47.6176,-1.6031,-11.6806
2848.000000,14,6.6870,190.1340,47.6913,-1.6007,-10.9747
2848.000000,15,6.6870,189.9361,47.5964,-1.4977,-10.0621
2848.000000,16,6.6870,190.0053,47.6643,-1.4990,-11.0748
2848.000000,17,6.6870,190.0747,47.6680,-1.5648,-11.6775
2848.000000,18,6.6870,190.1444,47.7029,-1.5995,-11.8029
2848.000000,19,6.6870,190.2144,47.6438,-1.7287,-11.6096
2848.000000,20,6.6870,190.0217,47.5266,-1.6532,-8.9194
2848.000000,21,6.6870,190.0895,47.6467,-1.6008,-10.2587
2848.000000,22,6.6870,190.1576,47.6664,-1.6492,-11.2160
2848.000000,23,6.6870,190.2260,47.6972,-1.6868,-11.7057
2848.000000,24,6.6870,190.2946,47.6756,-1.7771,-11.8278
2849.000000,0,6.6200,189.7006,47.6688,-1.1899,-11.7811
2849.000000,1,6.6200,189.7737,47.6962,-1.2354,-11.6636
2849.000000,2,6.6200,189.8469,47.6607,-1.3443,-11.1564
2849.000000,3,6.6200,189.9205,47.6032,-1.4753,-10.2279
2849.000000,4,6.6200,189.9942,47.4985,-1.6537,-8.9175
2849.000000,5,6.6200,189.7868,47.6553,-1.2896,-11.5235
2849.000000,6,6.6200,189.8584,47.7020,-1.3145,-11.7814
2849.000000,7,6.6200,189.9303,47.6655,-1.4228,-11.6708
2849.000000,8,6.6200,190.0024,47.6804,-1.4800,-11.0669
2849.000000,9,6.6200,190.0747,47.6204,-1.6124,-10.1161
2849.000000,10,6.6200,189.8728,47.6905,-1.3403,-10.8854
2849.000000,11,6.6200,189.9429,47.6155,-1.4855,-11.6628
2849.000000,12,6.6200,190.0134,47.7125,-1.4590,-11.7908
2849.000000,13,6.6200,190.0842,47.6183,-1.6239,-11.6854
2849.000000,14,6.6200,190.1552,47.6913,-1.6219,-10.9807
2849.000000,15,6.6200,189.9585,47.5969,-1.5196,-10.0733
2849.000000,16,6.6200,190.0273,47.6649,-1.5204,-11.0830
2849.000000,17,6.6200,190.0964,47.6686,-1.5858,-11.6836
2849.000000,18,6.6200,190.1658,47.7027,-1.6212,-11.8084
2849.000000,19,6.6200,190.2355,47.6450,-1.7485,-11.6123
2849.000000,20,6.6200,190.0440,47.5292,-1.6728,-8.9363
2849.000000,21,6.6200,190.1114,47.6488,-1.6206,-10.2713
2849.000000,22,6.6200,190.1792,47.6673,-1.6700,-11.2261
2849.000000,23,6.6200,190.2473,47.6973,-1.7080,-11.7134
2849.000000,24,6.6200,190.3156,47.6747,-1.7989,-11.8337
2850.000000,0,6.5531,189.7232,47.6678,-1.2135,-11.7869
2850.000000,1,6.5531,189.7959,47.6966,-1.2574,-11.6711
2850.000000,2,6.5531,189.8688,47.6620,-1.3649,-11.1664
2850.000000,3,6.5531,189.9420,47.6062,-1.4939,-10.2397
2850.000000,4,6.5531,190.0154,47.5015,-1.6720,-8.9333
2850.000000,5,6.5531,189.8093,47.6564,-1.3110,-11.5263
2850.000000,6,6.5531,189.8806,47.7017,-1.3369,-11.7869
2850.000000,7,6.5531,189.9521,47.6662,-1.4439,-11.6768
2850.000000,8,6.5531,190.0239,47.6796,-1.5023,-11.0765
2850.000000,9,6.5531,190.0959,47.6207,-1.6332,-10.1266
2850.000000,10,6.5531,189.8952,47.6904,-1.3628,-10.8919
2850.000000,11,6.5531,189.9650,47.6163,-1.5068,-11.6677
2850.000000,12,6.5531,190.0352,47.7125,-1.4808,-11.7962
2850.000000,13,6.5531,190.1056,47.6190,-1.6446,-11.6901
2850.000000,14,6.5531,190.1763,47.6912,-1.6431,-10.9866
2850.000000,15,6.5531,189.9808,47.5974,-1.5415,-10.0844
2850.000000,16,6.5531,190.0493,47.6656,-1.5417,-11.0912
2850.000000,17,6.5531,190.1181,47.6693,-1.6068,-11.6898
2850.000000,18,6.5531,190.1872,47.7025,-1.6427,-11.8140
2850.000000,19,6.5531,190.2565,47.6462,-1.7683,-11.6150
2850.000000,20,6.5531,190.0662,47.5318,-1.6924,-8.9532
2850.000000,21,6.5531,190.1333,47.6509,-1.6405,-10.2840
2850.000000,22,6.5531,190.2008,47.6682,-1.6907,-11.2361
2850.000000,23,6.5531,190.2686,47.6974,-1.7292,-11.7212
2850.000000,24,6.5531,190.3366,47.6738,-1.8208,-11.8396
2851.000000,0,6.4863,189.7458,47.6668,-1.2371,-11.7927
2851.000000,1,6.4863,189.8181,47.6968,-1.2793,-11.6787
2851.000000,2,6.4863,189.8907,47.6632,-1.3855,-11.1763
2851.000000,3,6.4863,189.9635,47.6091,-1.5125,-10.2516
2851.000000,4,6.4863,190.0366,47.5044,-1.6902,-8.9492
2851.000000,5,6.4863,189.8318,47.6575,-1.3323,-11.5291
2851.000000,6,6.4863,189.9027,47.7015,-1.3593,-11.7924
2851.000000,7,6.4863,189.9739,47.6669,-1.4650,-11.6828
2851.000000,8,6.4863,190.0453,47.6787,-1.5246,-11.0860
2851.000000,9,6.4863,190.1170,47.6210,-1.6540,-10.1370
2851.000000,10,6.4863,189.9176,47.6904,-1.3853,-10.8983
2851.000000,11,6.4863,189.9871,47.6170,-1.5281,-11.6725
2851.000000,12,6.4863,190.0569,47.7125,-1.5025,-11.8016
2851.000000,13,6.4863,190.1270,47.6197,-1.6653,-11.6949
2851.000000,14,6.4863,190.1973,47.6911,-1.6642,-10.9926
2851.000000,15,6.4863,190.0031,47.5979,-1.5633,-10.0955
2851.000000,16,6.4863,190.0713,47.6663,-1.5630,-11.0994
2851.000000,17,6.4863,190.1397,47.6699,-1.6279,-11.6960
2851.000000,18,6.4863,190.2085,47.7022,-1.6643,-11.8196
2851.000000,19,6.4863,190.2775,47.6475,-1.7881,-11.6178
2851.000000,20,6.4863,190.0884,47.5344,-1.7121,-8.9701
2851.000000,21,6.4863,190.1552,47.6530,-1.6603,-10.2967
2851.000000,22,6.4863,190.2224,47.6690,-1.7114,-11.2462
2851.000000,23,6.4863,190.2898,47.6974,-1.7505,-11.7289
2851.000000,24,6.4863,190.3576,47.6729,-1.8427,-11.8455
2852.000000,0,6.4197,189.7683,47.6657,-1.2606,-11.7985
2852.000000,1,6.4197,189.8403,47.6970,-1.3013,-11.6862
2852.000000,2,6.4197,189.9126,47.6644,-1.4062,-11.1863
2852.000000,3,6.4197,189.9851,47.6119,-1.5312,-10.2635
2852.000000,4,6.4197,190.0578,47.5073,-1.7085,-8.9650
2852.000000,5,6.4197,189.8543,47.6586,-1.3537,-11.5320
2852.000000,6,6.4197,189.9248,47.7012,-1.3816,-11.7979
2852.000000,7,6.4197,189.9957,47.6676,-1.4861,-11.6889
2852.000000,8,6.4197,190.0668,47.6779,-1.5469,-11.0956
2852.000000,9,6.4197,190.1381,47.6214,-1.6748,-10.1475
2852.000000,10,6.4197,189.9400,47.6903,-1.4077,-10.9048
2852.000000,11,6.4197,190.0091,47.6177,-1.5494,-11.6774
2852.000000,12,6.4197,190.0786,47.7125,-1.5242,-11.8071
2852.000000,13,6.4197,190.1484,47.6204,-1.6860,-11.6997
2852.000000,14,6.4197,190.2184,47.6911,-1.6854,-10.9986
2852.000000,15,6.4197,190.0254,47.5983,-1.5851,-10.1066
2852.000000,16,6.4197,190.0932,47.6669,-1.5843,-11.1076
2852.000000,17,6.4197,190.1614,47.6705,-1.6489,-11.7023
2852.000000,18,6.4197,190.2298,47.7020,-1.6859,-11.8251
2852.000000,19,6.4197,190.2985,47.6486,-1.8079,-11.6206
2852.000000,20,6.4197,190.1106,47.5369,-1.7317,-8.9870
2852.000000,21,6.4197,190.1771,47.6550,-1.6802,-10.3093
2852.000000,22,6.4197,190.2439,47.6698,-1.7321,-11.2562
2852.000000,23,6.4197,190.3111,47.6973,-1.7718,-11.7366
2852.000000,24,6.4197,190.3785,47.6720,-1.8645,-11.8514
2853.000000,0,6.3532,189.7908,47.6647,-1.2842,-11.8043
2853.000000,1,6.3532,189.8625,47.6972,-1.3233,-11.6938
2853.000000,2,6.3532,189.9344,47.6655,-1.4269,-11.1962
2853.000000,3,6.3532,190.0065,47.6147,-1.5499,-10.2753
2853.000000,4,6.3532,190.0789,47.5101,-1.7268,-8.9809
2853.000000,5,6.3532,189.8767,47.6596,-1.3751,-11.5350
2853.000000,6,6.3532,189.9469,47.7010,-1.4040,-11.8034
2853.000000,7,6.3532,190.0174,47.6683,-1.5072,-11.6949
2853.000000,8,6.3532,190.0882,47.6771,-1.5692,-11.1051
2853.000000,9,6.3532,190.1592,47.6217,-1.6956,-10.1579
2853.000000,10,6.3532,189.9623,47.6903,-1.4301,-10.9112
2853.000000,11,6.3532,190.0311,47.6185,-1.5707,-11.6823
2853.000000,12,6.3532,190.1003,47.7125,-1.5459,-11.8125
2853.000000,13,6.3532,190.1697,47.6211,-1.7067,-11.7046
2853.000000,14,6.3532,190.2394,47.6910,-1.7065,-11.0047
2853.000000,15,6.3532,190.0477,47.5988,-1.6069,-10.1177
2853.000000,16,6.3532,190.1152,47.6676,-1.6056,-11.1157
2853.000000,17,6.3532,190.1830,47.6711,-1.6699,-11.7085
2853.000000,18,6.3532,190.2511,47.7018,-1.7074,-11.8307
2853.000000,19,6.3532,190.3195,47.6498,-1.8277,-11.6235
2853.000000,20,6.3532,190.1327,47.5394,-1.7514,-9.0038
2853.000000,21,6.3532,190.1989,47.6569,-1.7001,-10.3219
2853.000000,22,6.3532,190.2654,47.6706,-1.7529,-11.2662
2853.000000,23,6.3532,190.3323,47.6973,-1.7931,-11.7443
2853.000000,24,6.3532,190.3994,47.6711,-1.8864,-11.8573
2854.000000,0,6.2868,189.8133,47.6636,-1.3078,-11.8101
2854.000000,1,6.2868,189.8846,47.6973,-1.3453,-11.7013
2854.000000,2,6.2868,189.9562,47.6666,-1.4476,-11.2061
2854.000000,3,6.2868,190.0280,47.6174,-1.5686,-10.2872
2854.000000,4,6.2868,190.1001,47.5129,-1.7452,-8.9967
2854.000000,5,6.2868,189.8991,47.6607,-1.3964,-11.5379
2854.000000,6,6.2868,189.9690,47.7007,-1.4263,-11.8089
2854.000000,7,6.2868,190.0392,47.6689,-1.5283,-11.7010
2854.000000,8,6.2868,190.1096,47.6762,-1.5914,-11.1146
2854.000000,9,6.2868,190.1803,47.6220,-1.7164,-10.1684
2854.000000,10,6.2868,189.9846,47.6902,-1.4524,-10.9177
2854.000000,11,6.2868,190.0531,47.6192,-1.5920,-11.6872
2854.000000,12,6.2868,190.1220,47.7125,-1.5675,-11.8179
2854.000000,13,6.2868,190.1911,47.6218,-1.7274,-11.7094
2854.000000,14,6.2868,190.2605,47.6910,-1.7275,-11.0107
2854.000000,15,6.2868,190.0699,47.5992,-1.6287,-10.1288
2854.000000,16,6.2868,190.1370,47.6682,-1.6269,-11.1239
2854.000000,17,6.2868,190.2046,47.6716,-1.6909,-11.7147
2854.000000,18,6.2868,190.2724,47.7015,-1.7289,-11.8363
2854.000000,19,6.2868,190.3404,47.6510,-1.8475,-11.6264
2854.000000,20,6.2868,190.1549,47.5418,-1.7711,-9.0206
2854.000000,21,6.2868,190.2207,47.6588,-1.7200,-10.3346
2854.000000,22,6.2868,190.2869,47.6714,-1.7736,-11.2762
2854.000000,23,6.2868,190.3535,47.6972,-1.8144,-11.7520
2854.000000,24,6.2868,190.4203,47.6701,-1.9082,-11.8632
2855.000000,0,6.2205,189.8358,47.6625,-1.3313,-11.8159
2855.000000,1,6.2205,189.9067,47.6974,-1.3673,-11.7089
2855.000000,2,6.2205,189.9780,47.6677,-1.4683,-11.2159
2855.000000,3,6.2205,190.0494,47.6200,-1.5874,-10.2991
2855.000000,4,6.2205,190.1212,47.5157,-1.7635,-9.0125
2855.000000,5,6.2205,189.9214,47.6617,-1.4178,-11.5410
2855.000000,6,6.2205,189.9910,47.7004,-1.4486,-11.8144
2855.000000,7,6.2205,190.0609,47.6695,-1.5494,-11.7071
2855.000000,8,6.2205,190.1310,47.6754,-1.6136,-11.1241
2855.000000,9,6.2205,190.2014,47.6223,-1.7371,-10.1789
2855.000000,10,6.2205,190.0069,47.6901,-1.4748,-10.9243
2855.000000,11,6.2205,190.0751,47.6199,-1.6132,-11.6921
2855.000000,12,6.2205,190.1436,47.7125,-1.5892,-11.8233
2855.000000,13,6.2205,190.2124,47.6224,-1.7480,-11.7142
2855.000000,14,6.2205,190.2814,47.6909,-1.7486,-11.0168
2855.000000,15,6.2205,190.0920,47.5997,-1.6504,-10.1400
2855.000000,16,6.2205,190.1589,47.6688,-1.6481,-11.1321
2855.000000,17,6.2205,190.2261,47.6722,-1.7120,-11.7209
2855.000000,18,6.2205,190.2936,47.7013,-1.7504,-11.8418
2855.000000,19,6.2205,190.3614,47.6521,-1.8673,-11.6294
2855.000000,20,6.2205,190.1769,47.5443,-1.7907,-9.0374
2855.000000,21,6.2205,190.2425,47.6606,-1.7399,-10.3472
2855.000000,22,6.2205,190.3084,47.6721,-1.7943,-11.2861
2855.000000,23,6.2205,190.3746,47.6970,-1.8357,-11.7598
2855.000000,24,6.2205,190.4411,47.6692,-1.9300,-11.8691
2856.000000,0,6.1543,189.8582,47.6614,-1.3548,-11.8218
2856.000000,1,6.1543,189.9288,47.6974,-1.3894,-11.7165
2856.000000,2,6.1543,189.9997,47.6688,-1.4890,-11.2257
2856.000000,3,6.1543,190.0709,47.6226,-1.6063,-10.3110
2856.000000,4,6.1543,190.1422,47.5184,-1.7819,-9.0283
2856.000000,5,6.1543,189.9438,47.6627,-1.4391,-11.5440
2856.000000,6,6.1543,190.0130,47.7002,-1.4709,-11.8199
2856.000000,7,6.1543,190.0825,47.6701,-1.5705,-11.7132
2856.000000,8,6.1543,190.1523,47.6746,-1.6358,-11.1336
2856.000000,9,6.1543,190.2224,47.6226,-1.7578,-10.1893
2856.000000,10,6.1543,190.0291,47.6901,-1.4971,-10.9308
2856.000000,11,6.1543,190.0970,47.6206,-1.6344,-11.6970
2856.000000,12,6.1543,190.1652,47.7125,-1.6107,-11.8287
2856.000000,13,6.1543,190.2337,47.6231,-1.7686,-11.7191
2856.000000,14,6.1543,190.3024,47.6908,-1.7696,-11.0229
2856.000000,15,6.1543,190.1142,47.6001,-1.6721,-10.1511
2856.000000,16,6.1543,190.1807,47.6694,-1.6693,-11.1402
2856.000000,17,6.1543,190.2476,47.6727,-1.7330,-11.7272
2856.000000,18,6.1543,190.3148,47.7010,-1.7718,-11.8474
2856.000000,19,6.1543,190.3823,47.6532,-1.8871,-11.6323
2856.000000,20,6.1543,190.1990,47.5466,-1.8104,-9.0542
2856.000000,21,6.1543,190.2642,47.6624,-1.7599,-10.3598
2856.000000,22,6.1543,190.3298,47.6729,-1.8150,-11.2960
2856.000000,23,6.1543,190.3957,47.6968,-1.8570,-11.7675
2856.000000,24,6.1543,190.4620,47.6682,-1.9518,-11.8750
2857.000000,0,6.0883,189.8806,47.6603,-1.3783,-11.8276
2857.000000,1,6.0883,189.9509,47.6974,-1.4115,-11.7241
2857.000000,2,6.0883,190.0214,47.6698,-1.5097,-11.2356
2857.000000,3,6.0883,190.0922,47.6251,-1.6252,-10.3229
2857.000000,4,6.0883,190.1633,47.5211,-1.8003,-9.0441
2857.000000,5,6.0883,189.9661,47.6637,-1.4605,-11.5471
2857.000000,6,6.0883,190.0350,47.6999,-1.4931,-11.8254
2857.000000,7,6.0883,190.1042,47.6707,-1.5915,-11.7193
2857.000000,8,6.0883,190.1737,47.6737,-1.6580,-11.1431
2857.000000,9,6.0883,190.2434,47.6229,-1.7785,-10.1998
2857.000000,10,6.0883,190.0513,47.6900,-1.5193,-10.9373
2857.000000,11,6.0883,190.1189,47.6213,-1.6556,-11.7019
2857.000000,12,6.0883,190.1867,47.7125,-1.6323,-11.8342
2857.000000,13,6.0883,190.2549,47.6237,-1.7892,-11.7240
2857.000000,14,6.0883,190.3233,47.6908,-1.7906,-11.0290
2857.000000,15,6.0883,190.1363,47.6006,-1.6938,-10.1621
2857.000000,16,6.0883,190.2025,47.6700,-1.6905,-11.1484
2857.000000,17,6.0883,190.2691,47.6732,-1.7540,-11.7334
2857.000000,18,6.0883,190.3360,47.7008,-1.7933,-11.8529
2857.000000,19,6.0883,190.4031,47.6542,-1.9069,-11.6354
2857.000000,20,6.0883,190.2210,47.5490,-1.8301,-9.0709
2857.000000,21,6.0883,190.2859,47.6641,-1.7798,-10.3724
2857.000000,22,6.0883,190.3512,47.6736,-1.8357,-11.3059
2857.000000,23,6.0883,190.4168,47.6966,-1.8783,-11.7752
2857.000000,24,6.0883,190.4828,47.6672,-1.9736,-11.8809
2858.000000,0,6.0224,189.9030,47.6592,-1.4018,-11.8334
2858.000000,1,6.0224,189.9729,47.6974,-1.4336,-11.7316
2858.000000,2,6.0224,190.0431,47.6708,-1.5304,-11.2453
2858.000000,3,6.0224,190.1136,47.6276,-1.6441,-10.3348
2858.000000,4,6.0224,190.1844,47.5237,-1.8187,-9.0599
2858.000000,5,6.0224,189.9884,47.6646,-1.4818,-11.5503
2858.000000,6,6.0224,190.0569,47.6996,-1.5153,-11.8309
2858.000000,7,6.0224,190.1258,47.6712,-1.6126,-11.7253
2858.000000,8,6.0224,190.1950,47.6729,-1.6801,-11.1526
2858.000000,9,6.0224,190.2644,47.6232,-1.7992,-10.2103
2858.000000,10,6.0224,190.0735,47.6900,-1.5416,-10.9439
2858.000000,11,6.0224,190.1407,47.6220,-1.6768,-11.7068
2858.000000,12,6.0224,190.2083,47.7125,-1.6539,-11.8396
2858.000000,13,6.0224,190.2761,47.6244,-1.8098,-11.7288
2858.000000,14,6.0224,190.3443,47.6907,-1.8116,-11.0351
2858.000000,15,6.0224,190.1584,47.6010,-1.7154,-10.1732
2858.000000,16,6.0224,190.2243,47.6706,-1.7117,-11.1565
2858.000000,17,6.0224,190.2906,47.6737,-1.7749,-11.7397
2858.000000,18,6.0224,190.3571,47.7005,-1.8147,-11.8585
2858.000000,19,6.0224,190.4240,47.6553,-1.9267,-11.6384
2858.000000,20,6.0224,190.2430,47.5513,-1.8498,-9.0876
2858.000000,21,6.0224,190.3076,47.6658,-1.7998,-10.3850
2858.000000,22,6.0224,190.3726,47.6742,-1.8564,-11.3157
2858.000000,23,6.0224,190.4379,47.6963,-1.8996,-11.7829
2858.000000,24,6.0224,190.5035,47.6662,-1.9954,-11.8867
2859.000000,0,5.9566,189.9253,47.6581,-1.4253,-11.8392
2859.000000,1,5.9566,189.9949,47.6973,-1.4556,-11.7392
2859.000000,2,5.9566,190.0648,47.6717,-1.5511,-11.2551
2859.000000,3,5.9566,190.1350,47.6300,-1.6630,-10.3467
2859.000000,4,5.9566,190.2054,47.5263,-1.8371,-9.0756
2859.000000,5,5.9566,190.0106,47.6655,-1.5031,-11.5534
2859.000000,6,5.9566,190.0788,47.6994,-1.5375,-11.8364
2859.000000,7,5.9566,190.1474,47.6718,-1.6337,-11.7314
2859.000000,8,5.9566,190.2162,47.6720,-1.7022,-11.1620
2859.000000,9,5.9566,190.2853,47.6235,-1.8199,-10.2207
2859.000000,10,5.9566,190.0957,47.6899,-1.5638,-10.9505
2859.000000,11,5.9566,190.1626,47.6226,-1.6979,-11.7118
2859.000000,12,5.9566,190.2298,47.7125,-1.6754,-11.8450
2859.000000,13,5.9566,190.2973,47.6250,-1.8304,-11.7337
2859.000000,14,5.9566,190.3652,47.6907,-1.8325,-11.0413
2859.000000,15,5.9566,190.1804,47.6014,-1.7370,-10.1843
2859.000000,16,5.9566,190.2460,47.6712,-1.7328,-11.1646
2859.000000,17,5.9566,190.3120,47.6741,-1.7959,-11.7459
2859.000000,18,5.9566,190.3782,47.7002,-1.8360,-11.8640
2859.000000,19,5.9566,190.4448,47.6563,-1.9465,-11.6415
2859.000000,20,5.9566,190.2649,47.5535,-1.8694,-9.1043
2859.000000,21,5.9566,190.3293,47.6674,-1.8198,-10.3976
2859.000000,22,5.9566,190.3939,47.6749,-1.8771,-11.3256
2859.000000,23,5.9566,190.4590,47.6960,-1.9210,-11.7907
2859.000000,24,5.9566,190.5243,47.6652,-2.0171,-11.8926
2860.000000,0,5.8909,189.9476,47.6569,-1.4487,-11.8450
2860.000000,1,5.8909,190.0169,47.6971,-1.4778,-11.7468
2860.000000,2,5.8909,190.0864,47.6726,-1.5718,-11.2648
2860.000000,3,5.8909,190.1563,47.6323,-1.6820,-10.3586
2860.000000,4,5.8909,190.2264,47.5289,-1.8555,-9.0914
2860.000000,5,5.8909,190.0328,47.6665,-1.5244,-11.5567
2860.000000,6,5.8909,190.1007,47.6991,-1.5597,-11.8418
2860.000000,7,5.8909,190.1690,47.6723,-1.6547,-11.7376
2860.000000,8,5.8909,190.2375,47.6712,-1.7243,-11.1714
2860.000000,9,5.8909,190.3063,47.6238,-1.8405,-10.2312
2860.000000,10,5.8909,190.1178,47.6899,-1.5859,-10.9571
2860.000000,11,5.8909,190.1844,47.6233,-1.7191,-11.7168
2860.000000,12,5.8909,190.2513,47.7125,-1.6969,-11.8504
2860.000000,13,5.8909,190.3185,47.6256,-1.8509,-11.7386
2860.000000,14,5.8909,190.3860,47.6906,-1.8534,-11.0475
2860.000000,15,5.8909,190.2024,47.6019,-1.7586,-10.1954
2860.000000,16,5.8909,190.2677,47.6718,-1.7540,-11.1728
2860.000000,17,5.8909,190.3334,47.6746,-1.8169,-11.7522
2860.000000,18,5.8909,190.3993,47.7000,-1.8574,-11.8696
2860.000000,19,5.8909,190.4656,47.6574,-1.9663,-11.6446
2860.000000,20,5.8909,190.2868,47.5557,-1.8891,-9.1209
2860.000000,21,5.8909,190.3509,47.6690,-1.8399,-10.4102
2860.000000,22,5.8909,190.4152,47.6755,-1.8978,-11.3354
2860.000000,23,5.8909,190.4800,47.6957,-1.9423,-11.7984
2860.000000,24,5.8909,190.5450,47.6642,-2.0389,-11.8985
2861.000000,0,5.8254,189.9699,47.6557,-1.4721,-11.8508
2861.000000,1,5.8254,190.0388,47.6970,-1.4999,-11.7544
2861.000000,2,5.8254,190.1080,47.6735,-1.5926,-11.2746
2861.000000,3,5.8254,190.1776,47.6346,-1.7010,-10.3705
2861.000000,4,5.8254,190.2473,47.5314,-1.8740,-9.1071
2861.000000,5,5.8254,190.0550,47.6674,-1.5457,-11.5599
2861.000000,6,5.8254,190.1226,47.6988,-1.5818,-11.8473
2861.000000,7,5.8254,190.1905,47.6728,-1.6758,-11.7437
2861.000000,8,5.8254,190.2587,47.6704,-1.7464,-11.1808
2861.000000,9,5.8254,190.3272,47.6241,-1.8611,-10.2417
2861.000000,10,5.8254,190.1399,47.6898,-1.6081,-10.9637
2861.000000,11,5.8254,190.2061,47.6240,-1.7402,-11.7217
2861.000000,12,5.8254,190.2727,47.7125,-1.7183,-11.8558
2861.000000,13,5.8254,190.3397,47.6263,-1.8714,-11.7435
2861.000000,14,5.8254,190.4069,47.6906,-1.8743,-11.0537
2861.000000,15,5.8254,190.2244,47.6023,-1.7802,-10.2065
2861.000000,16,5.8254,190.2894,47.6724,-1.7751,-11.1809
2861.000000,17,5.8254,190.3548,47.6750,-1.8378,-11.7584
2861.000000,18,5.8254,190.4204,47.6997,-1.8787,-11.8751
2861.000000,19,5.8254,190.4864,47.6584,-1.9860,-11.6478
2861.000000,20,5.8254,190.3087,47.5579,-1.9088,-9.1375
2861.000000,21,5.8254,190.3724,47.6706,-1.8599,-10.4227
2861.000000,22,5.8254,190.4365,47.6761,-1.9185,-11.3451
2861.000000,23,5.8254,190.5010,47.6953,-1.9637,-11.8061
2861.000000,24,5.8254,190.5657,47.6631,-2.0606,-11.9044
2862.000000,0,5.7599,189.9921,47.6546,-1.4956,-11.8565
2862.000000,1,5.7599,190.0607,47.6967,-1.5220,-11.7620
2862.000000,2,5.7599,190.1296,47.6744,-1.6133,-11.2842
2862.000000,3,5.7599,190.1988,47.6368,-1.7200,-10.3825
2862.000000,4,5.7599,190.2683,47.5339,-1.8925,-9.1229
2862.000000,5,5.7599,190.0771,47.6682,-1.5669,-11.5632
2862.000000,6,5.7599,190.1444,47.6985,-1.6039,-11.8528
2862.000000,7,5.7599,190.2120,47.6732,-1.6968,-11.7498
2862.000000,8,5.7599,190.2799,47.6696,-1.7683,-11.1901
2862.000000,9,5.7599,190.3481,47.6244,-1.8817,-10.2521
2862.000000,10,5.7599,190.1619,47.6898,-1.6302,-10.9703
2862.000000,11,5.7599,190.2279,47.6246,-1.7613,-11.7267
2862.000000,12,5.7599,190.2942,47.7125,-1.7397,-11.8612
2862.000000,13,5.7599,190.3608,47.6269,-1.8919,-11.7484
2862.000000,14,5.7599,190.4277,47.6905,-1.8952,-11.0599
2862.000000,15,5.7599,190.2464,47.6027,-1.8017,-10.2175
2862.000000,16,5.7599,190.3111,47.6729,-1.7962,-11.1890
2862.000000,17,5.7599,190.3761,47.6754,-1.8588,-11.7647
2862.000000,18,5.7599,190.4415,47.6994,-1.9000,-11.8806
2862.000000,19,5.7599,190.5071,47.6593,-2.0058,-11.6510
2862.000000,20,5.7599,190.3306,47.5601,-1.9285,-9.1541
2862.000000,21,5.7599,190.3940,47.6721,-1.8800,-10.4353
2862.000000,22,5.7599,190.4578,47.6766,-1.9392,-11.3549
2862.000000,23,5.7599,190.5219,47.6949,-1.9850,-11.8138
2862.000000,24,5.7599,190.5864,47.6621,-2.0823,-11.9103
2863.000000,0,5.6946,190.0143,47.6534,-1.5189,-11.8623
2863.000000,1,5.6946,190.0826,47.6965,-1.5441,-11.7695
2863.000000,2,5.6946,190.1512,47.6752,-1.6340,-11.2939
2863.000000,3,5.6946,190.2201,47.6390,-1.7391,-10.3944
2863.000000,4,5.6946,190.2892,47.5363,-1.9109,-9.1386
2863.000000,5,5.6946,190.0992,47.6691,-1.5882,-11.5665
2863.000000,6,5.6946,190.1662,47.6982,-1.6260,-11.8583
2863.000000,7,5.6946,190.2335,47.6737,-1.7178,-11.7559
2863.000000,8,5.6946,190.3011,47.6702,-1.7889,-11.1980
2863.000000,9,5.6946,190.3689,47.6247,-1.9023,-10.2626
2863.000000,10,5.6946,190.1839,47.6897,-1.6522,-10.9770
2863.000000,11,5.6946,190.2496,47.6253,-1.7823,-11.7317
2863.000000,12,5.6946,190.3156,47.7125,-1.7611,-11.8666
2863.000000,13,5.6946,190.3819,47.6275,-1.9124,-11.7534
2863.000000,14,5.6946,190.4485,47.6905,-1.9160,-11.0661
2863.000000,15,5.6946,190.2683,47.6031,-1.8232,-10.2286
2863.000000,16,5.6946,190.3327,47.6735,-1.8172,-11.1971
2863.000000,17,5.6946,190.3974,47.6758,-1.8797,-11.7710
2863.000000,18,5.6946,190.4625,47.6992,-1.9213,-11.8862
2863.000000,19,5.6946,190.5278,47.6603,-2.0256,-11.6542
2863.000000,20,5.6946,190.3524,47.5622,-1.9482,-9.1707
2863.000000,21,5.6946,190.4155,47.6735,-1.9000,-10.4478
2863.000000,22,5.6946,190.4790,47.6772,-1.9598,-11.3646
2863.000000,23,5.6946,190.5428,47.6945,-2.0064,-11.8215
2863.000000,24,5.6946,190.6070,47.6611,-2.1040,-11.9161
2864.000000,0,5.6294,190.0365,47.6522,-1.5423,-11.8681
2864.000000,1,5.6294,190.1044,47.6962,-1.5663,-11.7771
2864.000000,2,5.6294,190.1727,47.6760,-1.6547,-11.3035
2864.000000,3,5.6294,190.2413,47.6411,-1.7582,-10.4063
2864.000000,4,5.6294,190.3101,47.5387,-1.9294,-9.1542
2864.000000,5,5.6294,190.1213,47.6699,-1.6095,-11.5699
2864.000000,6,5.6294,190.1880,47.6979,-1.6481,-11.8638
2864.000000,7,5.6294,190.2549,47.6741,-1.7388,-11.7620
2864.000000,8,5.6294,190.3222,47.6708,-1.8094,-11.2058
2864.000000,9,5.6294,190.3898,47.6250,-1.9228,-10.2731
2864.000000,10,5.6294,190.2059,47.6897,-1.6743,-10.9836
2864.000000,11,5.6294,190.2712,47.6259,-1.8034,-11.7367
2864.000000,12,5.6294,190.3369,47.7125,-1.7825,-11.8720
2864.000000,13,5.6294,190.4029,47.6281,-1.9329,-11.7583
2864.000000,14,5.6294,190.4692,47.6904,-1.9369,-11.0723
2864.000000,15,5.6294,190.2902,47.6035,-1.8447,-10.2396
2864.000000,16,5.6294,190.3543,47.6740,-1.8383,-11.2052
2864.000000,17,5.6294,190.4187,47.6761,-1.9006,-11.7772
2864.000000,18,5.6294,190.4834,47.6989,-1.9426,-11.8917
2864.000000,19,5.6294,190.5485,47.6612,-2.0453,-11.6575
2864.000000,20,5.6294,190.3741,47.5643,-1.9679,-9.1872
2864.000000,21,5.6294,190.4370,47.6749,-1.9201,-10.4603
2864.000000,22,5.6294,190.5002,47.6777,-1.9805,-11.3742
2864.000000,23,5.6294,190.5637,47.6941,-2.0277,-11.8292
2864.000000,24,5.6294,190.6276,47.6600,-2.1256,-11.9220
2865.000000,0,5.5643,190.0586,47.6510,-1.5656,-11.8739
2865.000000,1,5.5643,190.1263,47.6959,-1.5884,-11.7847
2865.000000,2,5.5643,190.1942,47.6768,-1.6755,-11.3132
2865.000000,3,5.5643,190.2625,47.6432,-1.7773,-10.4182
2865.000000,4,5.5643,190.3310,47.5411,-1.9479,-9.1699
2865.000000,5,5.5643,190.1434,47.6707,-1.6307,-11.5733
2865.000000,6,5.5643,190.2097,47.6976,-1.6701,-11.8692
2865.000000,7,5.5643,190.2764,47.6746,-1.7598,-11.7682
2865.000000,8,5.5643,190.3433,47.6714,-1.8300,-11.2136
2865.000000,9,5.5643,190.4106,47.6252,-1.9434,-10.2835
2865.000000,10,5.5643,190.2279,47.6896,-1.6963,-10.9903
2865.000000,11,5.5643,190.2929,47.6266,-1.8244,-11.7417
2865.000000,12,5.5643,190.3583,47.7125,-1.8038,-11.8774
2865.000000,13,5.5643,190.4240,47.6287,-1.9533,-11.7632
2865.000000,14,5.5643,190.4900,47.6904,-1.9576,-11.0786
2865.000000,15,5.5643,190.3120,47.6039,-1.8661,-10.2506
2865.000000,16,5.5643,190.3758,47.6746,-1.8593,-11.2132
2865.000000,17,5.5643,190.4399,47.6765,-1.9215,-11.7835
2865.000000,18,5.5643,190.5044,47.6986,-1.9638,-11.8972
2865.000000,19,5.5643,190.5692,47.6622,-2.0650,-11.6608
2865.000000,20,5.5643,190.3959,47.5664,-1.9876,-9.2037
2865.000000,21,5.5643,190.4584,47.6763,-1.9402,-10.4728
2865.000000,22,5.5643,190.5213,47.6782,-2.0012,-11.3839
2865.000000,23,5.5643,190.5846,47.6936,-2.0491,-11.8369
2865.000000,24,5.5643,190.6482,47.6589,-2.1473,-11.9278
2866.000000,0,5.4993,190.0808,47.6498,-1.5890,-11.8797
2866.000000,1,5.4993,190.1481,47.6955,-1.6106,-11.7922
2866.000000,2,5.4993,190.2157,47.6776,-1.6962,-11.3227
2866.000000,3,5.4993,190.2836,47.6452,-1.7965,-10.4301
2866.000000,4,5.4993,190.3519,47.5435,-1.9664,-9.1856
2866.000000,5,5.4993,190.1654,47.6715,-1.6519,-11.5767
2866.000000,6,5.4993,190.2314,47.6974,-1.6921,-11.8747
2866.000000,7,5.4993,190.2978,47.6750,-1.7808,-11.7743
2866.000000,8,5.4993,190.3644,47.6720,-1.8505,-11.2215
2866.000000,9,5.4993,190.4314,47.6255,-1.9639,-10.2940
2866.000000,10,5.4993,190.2498,47.6896,-1.7182,-10.9970
2866.000000,11,5.4993,190.3145,47.6272,-1.8453,-11.7467
2866.000000,12,5.4993,190.3796,47.7125,-1.8252,-11.8828
2866.000000,13,5.4993,190.4450,47.6293,-1.9737,-11.7682
2866.000000,14,5.4993,190.5107,47.6903,-1.9784,-11.0848
2866.000000,15,5.4993,190.3338,47.6043,-1.8875,-10.2617
2866.000000,16,5.4993,190.3973,47.6751,-1.8803,-11.2213
2866.000000,17,5.4993,190.4612,47.6768,-1.9424,-11.7898
2866.000000,18,5.4993,190.5253,47.6984,-1.9850,-11.9027
2866.000000,19,5.4993,190.5898,47.6631,-2.0848,-11.6641
2866.000000,20,5.4993,190.4176,47.5684,-2.0072,-9.2201
2866.000000,21,5.4993,190.4799,47.6776,-1.9603,-10.4853
2866.000000,22,5.4993,190.5425,47.6787,-2.0218,-11.3935
2866.000000,23,5.4993,190.6054,47.6931,-2.0704,-11.8446
2866.000000,24,5.4993,190.6687,47.6579,-2.1689,-11.9337
2867.000000,0,5.4345,190.1028,47.6486,-1.6123,-11.8855
2867.000000,1,5.4345,190.1698,47.6952,-1.6327,-11.7998
2867.000000,2,5.4345,190.2372,47.6783,-1.7169,-11.3323
2867.000000,3,5.4345,190.3048,47.6472,-1.8157,-10.4419
2867.000000,4,5.4345,190.3727,47.5458,-1.9849,-9.2012
2867.000000,5,5.4345,190.1874,47.6723,-1.6731,-11.5801
2867.000000,6,5.4345,190.2531,47.6971,-1.7141,-11.8802
2867.000000,7,5.4345,190.3191,47.6754,-1.8018,-11.7804
2867.000000,8,5.4345,190.3855,47.6725,-1.8710,-11.2293
2867.000000,9,5.4345,190.4521,47.6258,-1.9844,-10.3044
2867.000000,10,5.4345,190.2717,47.6895,-1.7402,-11.0037
2867.000000,11,5.4345,190.3361,47.6278,-1.8663,-11.7517
2867.000000,12,5.4345,190.4009,47.7125,-1.8464,-11.8881
2867.000000,13,5.4345,190.4660,47.6299,-1.9941,-11.7731
2867.000000,14,5.4345,190.5314,47.6903,-1.9991,-11.0911
2867.000000,15,5.4345,190.3556,47.6047,-1.9089,-10.2727
2867.000000,16,5.4345,190.4188,47.6756,-1.9012,-11.2294
2867.000000,17,5.4345,190.4823,47.6771,-1.9632,-11.7960
2867.000000,18,5.4345,190.5462,47.6981,-2.0062,-11.9083
2867.000000,19,5.4345,190.6104,47.6640,-2.1045,-11.6674
2867.000000,20,5.4345,190.4393,47.5704,-2.0269,-9.2366
2867.000000,21,5.4345,190.5012,47.6789,-1.9804,-10.4978
2867.000000,22,5.4345,190.5636,47.6792,-2.0424,-11.4031
2867.000000,23,5.4345,190.6263,47.6925,-2.0918,-11.8523
2867.000000,24,5.4345,190.8693,47.6568,-2.3705,-11.9590
2868.000000,0,5.3698,190.1249,47.6474,-1.6355,-11.8912
2868.000000,1,5.3698,190.1916,47.6948,-1.6549,-11.8074
2868.000000,2,5.3698,190.2586,47.6790,-1.7376,-11.3418
2868.000000,3,5.3698,190.3259,47.6491,-1.8349,-10.4538
2868.000000,4,5.3698,190.3935,47.5481,-2.0035,-9.2168
2868.000000,5,5.3698,190.2093,47.6731,-1.6943,-11.5836
2868.000000,6,5.3698,190.2747,47.6968,-1.7360,-11.8856
2868.000000,7,5.3698,190.3405,47.6757,-1.8228,-11.7866
2868.000000,8,5.3698,190.4065,47.6731,-1.8915,-11.2371
2868.000000,9,5.3698,190.4728,47.6261,-2.0048,-10.3149
2868.000000,10,5.3698,190.2935,47.6895,-1.7621,-11.0104
2868.000000,11,5.3698,190.3576,47.6284,-1.8872,-11.7567
2868.000000,12,5.3698,190.4221,47.7125,-1.8677,-11.8935
2868.000000,13,5.3698,190.4869,47.6304,-2.0145,-11.7781
2868.000000,14,5.3698,190.5520,47.6902,-2.0198,-11.0974
2868.000000,15,5.3698,190.3774,47.6055,-1.9299,-10.2833
2868.000000,16,5.3698,190.4403,47.6761,-1.9222,-11.2374
2868.000000,17,5.3698,190.5035,47.6774,-1.9841,-11.8023
2868.000000,18,5.3698,190.5671,47.6978,-2.0273,-11.9138
2868.000000,19,5.3698,190.6310,47.6648,-2.1242,-11.6708
2868.000000,20,5.3698,190.4609,47.5724,-2.0466,-9.2530
2868.000000,21,5.3698,190.5226,47.6801,-2.0005,-10.5102
2868.000000,22,5.3698,190.5846,47.6796,-2.0631,-11.4127
2868.000000,23,5.3698,190.6470,47.6920,-2.1131,-11.8599
2868.000000,24,5.3698,190.8898,47.6557,-2.3921,-11.9649
2869.000000,0,5.3052,190.1469,47.6462,-1.6588,-11.8970
2869.000000,1,5.3052,190.2133,47.6943,-1.6770,-11.8149
2869.000000,2,5.3052,190.2800,47.6797,-1.7584,-11.3513
2869.000000,3,5.3052,190.3470,47.6510,-1.8541,-10.4657
2869.000000,4,5.3052,190.4143,47.5503,-2.0220,-9.2324
2869.000000,5,5.3052,190.2313,47.6738,-1.7155,-11.5872
2869.000000,6,5.3052,190.2963,47.6965,-1.7579,-11.8911
2869.000000,7,5.3052,190.3618,47.6761,-1.8437,-11.7927
2869.000000,8,5.3052,190.4275,47.6736,-1.9119,-11.2449
2869.000000,9,5.3052,190.4936,47.6263,-2.0253,-10.3253
2869.000000,10,5.3052,190.3153,47.6894,-1.7839,-11.0171
2869.000000,11,5.3052,190.3792,47.6290,-1.9082,-11.7618
2869.000000,12,5.3052,190.4433,47.7125,-1.8889,-11.8989
2869.000000,13,5.3052,190.5078,47.6310,-2.0349,-11.7831
2869.000000,14,5.3052,190.5727,47.6902,-2.0405,-11.1037
2869.000000,15,5.3052,190.3991,47.6069,-1.9502,-10.2932
2869.000000,16,5.3052,190.4617,47.6766,-1.9431,-11.2455
2869.000000,17,5.3052,190.5246,47.6777,-2.0049,-11.8086
2869.000000,18,5.3052,190.5879,47.6975,-2.0484,-11.9193
2869.000000,19,5.3052,190.6516,47.6657,-2.1439,-11.6743
2869.000000,20,5.3052,190.4825,47.5743,-2.0663,-9.2693
2869.000000,21,5.3052,190.5439,47.6813,-2.0206,-10.5226
2869.000000,22,5.3052,190.6057,47.6801,-2.0837,-11.4222
2869.000000,23,5.3052,190.6678,47.6914,-2.1345,-11.8676
2869.000000,24,5.3052,190.9102,47.6546,-2.4137,-11.9708
2870.000000,0,5.2407,190.1689,47.6450,-1.6820,-11.9028
2870.000000,1,5.2407,190.2350,47.6938,-1.6992,-11.8225
2870.000000,2,5.2407,190.3013,47.6803,-1.7791,-11.3608
2870.000000,3,5.2407,190.3680,47.6528,-1.8733,-10.4776
2870.000000,4,5.2407,190.4350,47.5525,-2.0405,-9.2480
2870.000000,5,5.2407,190.2532,47.6746,-1.7366,-11.5907
2870.000000,6,5.2407,190.3179,47.6962,-1.7798,-11.8965
2870.000000,7,5.2407,190.3831,47.6764,-1.8647,-11.7988
2870.000000,8,5.2407,190.4485,47.6741,-1.9324,-11.2527
2870.000000,9,5.2407,190.5142,47.6266,-2.0457,-10.3358
2870.000000,10,5.2407,190.3371,47.6894,-1.8058,-11.0239
2870.000000,11,5.2407,190.4006,47.6296,-1.9290,-11.7668
2870.000000,12,5.2407,190.4645,47.7125,-1.9101,-11.9043
2870.000000,13,5.2407,190.5287,47.6316,-2.0552,-11.7881
2870.000000,14,5.2407,190.5933,47.6901,-2.0612,-11.1100
2870.000000,15,5.2407,190.4208,47.6083,-1.9705,-10.3030
2870.000000,16,5.2407,190.4831,47.6771,-1.9640,-11.2535
2870.000000,17,5.2407,190.5457,47.6780,-2.0258,-11.8148
2870.000000,18,5.2407,190.6087,47.6972,-2.0695,-11.9248
2870.000000,19,5.2407,190.6721,47.6665,-2.1636,-11.6777
2870.000000,20,5.2407,190.5041,47.5762,-2.0859,-9.2856
2870.000000,21,5.2407,190.5652,47.6825,-2.0407,-10.5351
2870.000000,22,5.2407,190.6267,47.6805,-2.1043,-11.4317
2870.000000,23,5.2407,190.8685,47.6908,-2.3358,-11.8948
2870.000000,24,5.2407,190.9307,47.6535,-2.4352,-11.9767
