time_s,cell_idx,elevation_deg,path_loss_dB,beam_gain_dB,snr_dB,sinr_dB
1780.000000,0,5.1256,193.7910,16.4663,-36.4827,-36.4914
1780.000000,1,5.1256,193.8898,17.5013,-35.5465,-35.5604
1780.000000,2,5.1256,193.9963,17.6860,-35.4684,-35.4859
1780.000000,3,5.1256,194.1112,17.6719,-35.5973,-35.6153
1780.000000,4,5.1256,194.2353,17.5957,-35.7976,-35.8128
1780.000000,5,5.1256,193.5170,16.9263,-35.7488,-35.7601
1780.000000,6,5.1256,193.6105,17.6307,-35.1379,-35.1546
1780.000000,7,5.1256,193.7110,17.6852,-35.1839,-35.2035
1780.000000,8,5.1256,193.8190,17.6730,-35.3040,-35.3227
1780.000000,9,5.1256,193.9352,17.5244,-35.5688,-35.5833
1780.000000,10,5.1256,193.2618,17.2647,-35.1551,-35.1695
1780.000000,11,5.1256,193.3510,17.6360,-34.8730,-34.8925
1780.000000,12,5.1256,193.4466,17.7041,-34.9005,-34.9217
1780.000000,13,5.1256,193.5489,17.6386,-35.0683,-35.0870
1780.000000,14,5.1256,193.6586,17.3138,-35.5029,-35.5162
1780.000000,15,5.1256,193.0223,17.4792,-34.7011,-34.7187
1780.000000,16,5.1256,193.1079,17.6716,-34.5944,-34.6164
1780.000000,17,5.1256,193.1994,17.6863,-34.6712,-34.6932
1780.000000,18,5.1256,193.2971,17.6334,-34.8217,-34.8396
1780.000000,19,5.1256,193.4015,16.9391,-35.6205,-35.6321
1780.000000,20,5.1256,192.7959,17.5871,-34.3669,-34.3876
1780.000000,21,5.1256,192.8787,17.6692,-34.3675,-34.3914
1780.000000,22,5.1256,192.9669,17.6798,-34.4451,-34.4672
1780.000000,23,5.1256,193.0607,17.4752,-34.7435,-34.7599
1780.000000,24,5.1256,193.1607,16.3796,-35.9392,-35.9487
1781.000000,0,5.1943,193.7257,16.4499,-36.4338,-36.4426
1781.000000,1,5.1943,193.8232,17.4950,-35.4862,-35.5003
1781.000000,2,5.1943,193.9284,17.6846,-35.4018,-35.4196
1781.000000,3,5.1943,194.0417,17.6742,-35.5255,-35.5439
1781.000000,4,5.1943,194.1639,17.5934,-35.7285,-35.7440
1781.000000,5,5.1943,193.4560,16.9147,-35.6993,-35.7108
1781.000000,6,5.1943,193.5485,17.6262,-35.0804,-35.0973
1781.000000,7,5.1943,193.6478,17.6842,-35.1216,-35.1415
1781.000000,8,5.1943,193.7545,17.6765,-35.2360,-35.2550
1781.000000,9,5.1943,193.8692,17.5302,-35.4970,-35.5118
1781.000000,10,5.1943,193.2044,17.2562,-35.1062,-35.1208
1781.000000,11,5.1943,193.2928,17.6317,-34.8191,-34.8389
1781.000000,12,5.1943,193.3874,17.7040,-34.8414,-34.8628
1781.000000,13,5.1943,193.4886,17.6444,-35.0022,-35.0211
1781.000000,14,5.1943,193.5971,17.3164,-35.4387,-35.4521
1781.000000,15,5.1943,192.9678,17.4719,-34.6540,-34.6718
1781.000000,16,5.1943,193.0529,17.6678,-34.5431,-34.5653
1781.000000,17,5.1943,193.1436,17.6882,-34.6134,-34.6357
1781.000000,18,5.1943,193.2404,17.6371,-34.7613,-34.7793
1781.000000,19,5.1943,193.3437,16.9365,-35.5653,-35.5770
1781.000000,20,5.1943,192.7441,17.5927,-34.3094,-34.3304
1781.000000,21,5.1943,192.8263,17.6671,-34.3173,-34.3415
1781.000000,22,5.1943,192.9138,17.6792,-34.3926,-34.4150
1781.000000,23,5.1943,193.0070,17.4747,-34.6903,-34.7068
1781.000000,24,5.1943,193.1061,16.3691,-35.8951,-35.9046
1782.000000,0,5.2632,193.6614,16.4331,-36.3863,-36.3952
1782.000000,1,5.2632,193.7578,17.4885,-35.4273,-35.4416
1782.000000,2,5.2632,193.8616,17.6831,-35.3366,-35.3546
1782.000000,3,5.2632,193.9734,17.6763,-35.4551,-35.4737
1782.000000,4,5.2632,194.0938,17.6002,-35.6516,-35.6674
1782.000000,5,5.2632,193.3959,16.9028,-35.6511,-35.6627
1782.000000,6,5.2632,193.4874,17.6214,-35.0240,-35.0412
1782.000000,7,5.2632,193.5857,17.6831,-35.0606,-35.0808
1782.000000,8,5.2632,193.6911,17.6799,-35.1693,-35.1885
1782.000000,9,5.2632,193.8043,17.5358,-35.4265,-35.4415
1782.000000,10,5.2632,193.1477,17.2473,-35.0584,-35.0731
1782.000000,11,5.2632,193.2353,17.6271,-34.7663,-34.7863
1782.000000,12,5.2632,193.3290,17.7037,-34.7833,-34.8050
1782.000000,13,5.2632,193.4292,17.6501,-34.9372,-34.9564
1782.000000,14,5.2632,193.5365,17.3189,-35.3756,-35.3893
1782.000000,15,5.2632,192.9141,17.4643,-34.6078,-34.6258
1782.000000,16,5.2632,192.9985,17.6637,-34.4928,-34.5153
1782.000000,17,5.2632,193.0884,17.6898,-34.5567,-34.5792
1782.000000,18,5.2632,193.1844,17.6406,-34.7019,-34.7202
1782.000000,19,5.2632,193.2868,16.9335,-35.5113,-35.5231
1782.000000,20,5.2632,192.6928,17.5982,-34.2526,-34.2739
1782.000000,21,5.2632,192.7745,17.6646,-34.2680,-34.2924
1782.000000,22,5.2632,192.8614,17.6783,-34.3411,-34.3637
1782.000000,23,5.2632,192.9539,17.4738,-34.6381,-34.6548
1782.000000,24,5.2632,193.0522,16.3581,-35.8521,-35.8617
1783.000000,0,5.3323,193.5982,16.4160,-36.3402,-36.3491
1783.000000,1,5.3323,193.6935,17.4818,-35.3698,-35.3842
1783.000000,2,5.3323,193.7960,17.6814,-35.2726,-35.2910
1783.000000,3,5.3323,193.9063,17.6783,-35.3860,-35.4050
1783.000000,4,5.3323,194.0250,17.6070,-35.5761,-35.5921
1783.000000,5,5.3323,193.3366,16.8905,-35.6041,-35.6158
1783.000000,6,5.3323,193.4273,17.6165,-34.9688,-34.9862
1783.000000,7,5.3323,193.5245,17.6818,-35.0007,-35.0212
1783.000000,8,5.3323,193.6287,17.6830,-35.1037,-35.1232
1783.000000,9,5.3323,193.7405,17.5413,-35.3572,-35.3724
1783.000000,10,5.3323,193.0917,17.2381,-35.0116,-35.0265
1783.000000,11,5.3323,193.1786,17.6222,-34.7144,-34.7347
1783.000000,12,5.3323,193.2715,17.7032,-34.7263,-34.7483
1783.000000,13,5.3323,193.3707,17.6554,-34.8733,-34.8927
1783.000000,14,5.3323,193.4768,17.3211,-35.3137,-35.3275
1783.000000,15,5.3323,192.8609,17.4564,-34.5626,-34.5808
1783.000000,16,5.3323,192.9447,17.6593,-34.4434,-34.4662
1783.000000,17,5.3323,193.0340,17.6912,-34.5009,-34.5237
1783.000000,18,5.3323,193.1291,17.6437,-34.6435,-34.6620
1783.000000,19,5.3323,193.2306,16.9303,-35.4583,-35.4703
1783.000000,20,5.3323,192.6420,17.6034,-34.1966,-34.2181
1783.000000,21,5.3323,192.7233,17.6617,-34.2196,-34.2443
1783.000000,22,5.3323,192.8096,17.6770,-34.2906,-34.3134
1783.000000,23,5.3323,192.9014,17.4725,-34.5869,-34.6037
1783.000000,24,5.3323,192.9989,16.3467,-35.8103,-35.8200
1784.000000,0,5.4015,193.5359,16.3985,-36.2955,-36.3044
1784.000000,1,5.4015,193.6302,17.4747,-35.3135,-35.3281
1784.000000,2,5.4015,193.7315,17.6795,-35.2100,-35.2286
1784.000000,3,5.4015,193.8404,17.6801,-35.3183,-35.3375
1784.000000,4,5.4015,193.9575,17.6136,-35.5020,-35.5182
1784.000000,5,5.4015,193.2781,16.8780,-35.5582,-35.5700
1784.000000,6,5.4015,193.3680,17.6113,-34.9147,-34.9323
1784.000000,7,5.4015,193.4642,17.6803,-34.9419,-34.9627
1784.000000,8,5.4015,193.5672,17.6860,-35.0393,-35.0591
1784.000000,9,5.4015,193.6777,17.5466,-35.2892,-35.3046
1784.000000,10,5.4015,193.0365,17.2286,-34.9659,-34.9809
1784.000000,11,5.4015,193.1227,17.6171,-34.6636,-34.6841
1784.000000,12,5.4015,193.2147,17.7025,-34.6703,-34.6926
1784.000000,13,5.4015,193.3130,17.6606,-34.8105,-34.8301
1784.000000,14,5.4015,193.4180,17.3231,-35.2530,-35.2669
1784.000000,15,5.4015,192.8084,17.4481,-34.5183,-34.5367
1784.000000,16,5.4015,192.8916,17.6547,-34.3950,-34.4181
1784.000000,17,5.4015,192.9802,17.6922,-34.4460,-34.4692
1784.000000,18,5.4015,193.0746,17.6465,-34.5862,-34.6048
1784.000000,19,5.4015,193.1751,16.9266,-35.4065,-35.4185
1784.000000,20,5.4015,192.5918,17.6085,-34.1413,-34.1630
1784.000000,21,5.4015,192.6726,17.6585,-34.1721,-34.1971
1784.000000,22,5.4015,192.7584,17.6754,-34.2411,-34.2641
1784.000000,23,5.4015,192.8495,17.4708,-34.5368,-34.5537
1784.000000,24,5.4015,192.9463,16.3347,-35.7696,-35.7794
1785.000000,0,5.4709,193.4746,16.3806,-36.2520,-36.2611
1785.000000,1,5.4709,193.5679,17.4675,-35.2584,-35.2732
1785.000000,2,5.4709,193.6680,17.6774,-35.1486,-35.1675
1785.000000,3,5.4709,193.7755,17.6818,-35.2518,-35.2713
1785.000000,4,5.4709,193.8911,17.6200,-35.4292,-35.4457
1785.000000,5,5.4709,193.2205,16.8651,-35.5135,-35.5254
1785.000000,6,5.4709,193.3095,17.6058,-34.8617,-34.8795
1785.000000,7,5.4709,193.4047,17.6785,-34.8843,-34.9053
1785.000000,8,5.4709,193.5067,17.6888,-34.9760,-34.9961
1785.000000,9,5.4709,193.6159,17.5517,-35.2223,-35.2379
1785.000000,10,5.4709,192.9819,17.2188,-34.9212,-34.9363
1785.000000,11,5.4709,193.0675,17.6117,-34.6138,-34.6345
1785.000000,12,5.4709,193.1587,17.7015,-34.6153,-34.6379
1785.000000,13,5.4709,193.2561,17.6655,-34.7486,-34.7686
1785.000000,14,5.4709,193.3601,17.3248,-35.1933,-35.2074
1785.000000,15,5.4709,192.7565,17.4395,-34.4750,-34.4936
1785.000000,16,5.4709,192.8391,17.6496,-34.3475,-34.3708
1785.000000,17,5.4709,192.9271,17.6930,-34.3922,-34.4156
1785.000000,18,5.4709,193.0207,17.6489,-34.5298,-34.5487
1785.000000,19,5.4709,193.1204,16.9227,-35.3558,-35.3679
1785.000000,20,5.4709,192.5421,17.6135,-34.0867,-34.1086
1785.000000,21,5.4709,192.6224,17.6549,-34.1255,-34.1508
1785.000000,22,5.4709,192.7077,17.6733,-34.1924,-34.2157
1785.000000,23,5.4709,192.7982,17.4686,-34.4877,-34.5048
1785.000000,24,5.4709,192.8943,16.3223,-35.7301,-35.7399
1786.000000,0,5.5405,193.4142,16.3624,-36.2099,-36.2190
1786.000000,1,5.5405,193.5065,17.4599,-35.2046,-35.2195
1786.000000,2,5.5405,193.6055,17.6751,-35.0884,-35.1076
1786.000000,3,5.5405,193.7118,17.6833,-35.1865,-35.2063
1786.000000,4,5.5405,193.8259,17.6263,-35.3576,-35.3744
1786.000000,5,5.5405,193.1636,16.8518,-35.4699,-35.4819
1786.000000,6,5.5405,193.2518,17.6001,-34.8098,-34.8278
1786.000000,7,5.5405,193.3462,17.6766,-34.8276,-34.8490
1786.000000,8,5.5405,193.4471,17.6914,-34.9138,-34.9341
1786.000000,9,5.5405,193.5551,17.5566,-35.1565,-35.1724
1786.000000,10,5.5405,192.9281,17.2087,-34.8774,-34.8928
1786.000000,11,5.5405,193.0129,17.6061,-34.5649,-34.5859
1786.000000,12,5.5405,193.1034,17.7002,-34.5613,-34.5841
1786.000000,13,5.5405,193.2000,17.6701,-34.6879,-34.7080
1786.000000,14,5.5405,193.3029,17.3263,-35.1347,-35.1489
1786.000000,15,5.5405,192.7051,17.4305,-34.4326,-34.4514
1786.000000,16,5.5405,192.7872,17.6443,-34.3010,-34.3246
1786.000000,17,5.5405,192.8746,17.6934,-34.3393,-34.3629
1786.000000,18,5.5405,192.9675,17.6511,-34.4745,-34.4935
1786.000000,19,5.5405,193.0663,16.9183,-35.3061,-35.3183
1786.000000,20,5.5405,192.4929,17.6182,-34.0327,-34.0549
1786.000000,21,5.5405,192.5728,17.6509,-34.0799,-34.1055
1786.000000,22,5.5405,192.6576,17.6708,-34.1448,-34.1683
1786.000000,23,5.5405,192.7475,17.4660,-34.4396,-34.4568
1786.000000,24,5.5405,192.8429,16.3093,-35.6917,-35.7015
1787.000000,0,5.6102,193.3547,16.3437,-36.1690,-36.1782
1787.000000,1,5.6102,193.4461,17.4521,-35.1520,-35.1671
1787.000000,2,5.6102,193.5440,17.6726,-35.0294,-35.0488
1787.000000,3,5.6102,193.6491,17.6847,-35.1224,-35.1425
1787.000000,4,5.6102,193.7618,17.6325,-35.2874,-35.3044
1787.000000,5,5.6102,193.1075,16.8382,-35.4274,-35.4395
1787.000000,6,5.6102,193.1950,17.5941,-34.7589,-34.7771
1787.000000,7,5.6102,193.2884,17.6744,-34.7721,-34.7937
1787.000000,8,5.6102,193.3884,17.6937,-34.8527,-34.8733
1787.000000,9,5.6102,193.4952,17.5613,-35.0919,-35.1080
1787.000000,10,5.6102,192.8748,17.1981,-34.8347,-34.8502
1787.000000,11,5.6102,192.9591,17.6090,-34.5081,-34.5293
1787.000000,12,5.6102,193.0489,17.6986,-34.5083,-34.5314
1787.000000,13,5.6102,193.1445,17.6745,-34.6281,-34.6485
1787.000000,14,5.6102,193.2466,17.3275,-35.0771,-35.0915
1787.000000,15,5.6102,192.6543,17.4212,-34.3911,-34.4101
1787.000000,16,5.6102,192.7359,17.6386,-34.2554,-34.2792
1787.000000,17,5.6102,192.8227,17.6934,-34.2873,-34.3112
1787.000000,18,5.6102,192.9149,17.6529,-34.4201,-34.4394
1787.000000,19,5.6102,193.0130,16.9136,-35.2574,-35.2698
1787.000000,20,5.6102,192.4441,17.6227,-33.9795,-34.0018
1787.000000,21,5.6102,192.5237,17.6465,-34.0352,-34.0610
1787.000000,22,5.6102,192.6080,17.6679,-34.0981,-34.1219
1787.000000,23,5.6102,192.6973,17.4629,-34.3925,-34.4099
1787.000000,24,5.6102,192.7921,16.2957,-35.6544,-35.6643
1788.000000,0,5.6802,193.2960,16.3246,-36.1294,-36.1387
1788.000000,1,5.6802,193.3865,17.4440,-35.1005,-35.1158
1788.000000,2,5.6802,193.4834,17.6699,-34.9716,-34.9912
1788.000000,3,5.6802,193.5873,17.6859,-35.0595,-35.0799
1788.000000,4,5.6802,193.6987,17.6384,-35.2183,-35.2356
1788.000000,5,5.6802,193.0521,16.8242,-35.3859,-35.3982
1788.000000,6,5.6802,193.1389,17.5879,-34.7090,-34.7275
1788.000000,7,5.6802,193.2315,17.6720,-34.7175,-34.7394
1788.000000,8,5.6802,193.3304,17.6959,-34.7926,-34.8135
1788.000000,9,5.6802,193.4362,17.5658,-35.0284,-35.0447
1788.000000,10,5.6802,192.8222,17.1873,-34.7929,-34.8085
1788.000000,11,5.6802,192.9058,17.6150,-34.4489,-34.4704
1788.000000,12,5.6802,192.9949,17.6968,-34.4562,-34.4796
1788.000000,13,5.6802,193.0898,17.6785,-34.5694,-34.5900
1788.000000,14,5.6802,193.1910,17.3284,-35.0206,-35.0352
1788.000000,15,5.6802,192.6040,17.4179,-34.3441,-34.3633
1788.000000,16,5.6802,192.6852,17.6326,-34.2107,-34.2348
1788.000000,17,5.6802,192.7714,17.6931,-34.2363,-34.2605
1788.000000,18,5.6802,192.8630,17.6543,-34.3667,-34.3862
1788.000000,19,5.6802,192.9603,16.9084,-35.2099,-35.2223
1788.000000,20,5.6802,192.3959,17.6270,-33.9269,-33.9495
1788.000000,21,5.6802,192.4750,17.6416,-33.9914,-34.0175
1788.000000,22,5.6802,192.5589,17.6658,-34.0511,-34.0751
1788.000000,23,5.6802,192.6477,17.4593,-34.3464,-34.3639
1788.000000,24,5.6802,192.7418,16.2816,-35.6183,-35.6282
1789.000000,0,5.7502,193.2382,16.3051,-36.0911,-36.1004
1789.000000,1,5.7502,193.3278,17.4356,-35.0502,-35.0657
1789.000000,2,5.7502,193.4238,17.6670,-34.9148,-34.9347
1789.000000,3,5.7502,193.5265,17.6869,-34.9977,-35.0184
1789.000000,4,5.7502,193.6366,17.6442,-35.1504,-35.1680
1789.000000,5,5.7502,192.9974,16.8098,-35.3456,-35.3580
1789.000000,6,5.7502,193.0835,17.5813,-34.6602,-34.6788
1789.000000,7,5.7502,193.1753,17.6693,-34.6640,-34.6862
1789.000000,8,5.7502,193.2733,17.6978,-34.7336,-34.7548
1789.000000,9,5.7502,193.3780,17.5701,-34.9660,-34.9824
1789.000000,10,5.7502,192.7701,17.1760,-34.7521,-34.7679
1789.000000,11,5.7502,192.8532,17.6208,-34.3905,-34.4122
1789.000000,12,5.7502,192.9417,17.6947,-34.4051,-34.4288
1789.000000,13,5.7502,193.0358,17.6823,-34.5116,-34.5325
1789.000000,14,5.7502,193.1361,17.3290,-34.9651,-34.9799
1789.000000,15,5.7502,192.5542,17.4212,-34.2911,-34.3104
1789.000000,16,5.7502,192.6350,17.6261,-34.1669,-34.1912
1789.000000,17,5.7502,192.7206,17.6925,-34.1862,-34.2106
1789.000000,18,5.7502,192.8116,17.6553,-34.3143,-34.3340
1789.000000,19,5.7502,192.9082,16.9029,-35.1633,-35.1758
1789.000000,20,5.7502,192.3480,17.6310,-33.8751,-33.8979
1789.000000,21,5.7502,192.4268,17.6363,-33.9485,-33.9749
1789.000000,22,5.7502,192.5102,17.6675,-34.0008,-34.0250
1789.000000,23,5.7502,192.5986,17.4552,-34.3014,-34.3190
1789.000000,24,5.7502,192.6921,16.2669,-35.5832,-35.5932
1790.000000,0,5.8205,193.1811,16.2852,-36.0539,-36.0633
1790.000000,1,5.8205,193.2699,17.4269,-35.0010,-35.0167
1790.000000,2,5.8205,193.3650,17.6638,-34.8592,-34.8794
1790.000000,3,5.8205,193.4666,17.6877,-34.9370,-34.9580
1790.000000,4,5.8205,193.5755,17.6498,-35.0837,-35.1015
1790.000000,5,5.8205,192.9434,16.7951,-35.3063,-35.3188
1790.000000,6,5.8205,193.0288,17.5744,-34.6124,-34.6312
1790.000000,7,5.8205,193.1198,17.6664,-34.6115,-34.6339
1790.000000,8,5.8205,193.2170,17.6994,-34.6756,-34.6971
1790.000000,9,5.8205,193.3206,17.5741,-34.9046,-34.9212
1790.000000,10,5.8205,192.7186,17.1644,-34.7123,-34.7282
1790.000000,11,5.8205,192.8012,17.6265,-34.3328,-34.3547
1790.000000,12,5.8205,192.8891,17.6922,-34.3549,-34.3789
1790.000000,13,5.8205,192.9825,17.6857,-34.4548,-34.4759
1790.000000,14,5.8205,193.0819,17.3293,-34.9107,-34.9256
1790.000000,15,5.8205,192.5049,17.4243,-34.2387,-34.2582
1790.000000,16,5.8205,192.5852,17.6193,-34.1240,-34.1486
1790.000000,17,5.8205,192.6704,17.6914,-34.1370,-34.1617
1790.000000,18,5.8205,192.7608,17.6559,-34.2629,-34.2827
1790.000000,19,5.8205,192.8567,16.8969,-35.1178,-35.1304
1790.000000,20,5.8205,192.3006,17.6348,-33.8239,-33.8469
1790.000000,21,5.8205,192.3791,17.6306,-33.9065,-33.9332
1790.000000,22,5.8205,192.4621,17.6688,-33.9514,-33.9758
1790.000000,23,5.8205,192.5500,17.4506,-34.2574,-34.2751
1790.000000,24,5.8205,192.6429,16.2517,-35.5493,-35.5593
1791.000000,0,5.8909,193.1247,16.2648,-36.0180,-36.0274
1791.000000,1,5.8909,193.2128,17.4179,-34.9530,-34.9687
1791.000000,2,5.8909,193.3070,17.6603,-34.8047,-34.8251
1791.000000,3,5.8909,193.4076,17.6883,-34.8774,-34.8986
1791.000000,4,5.8909,193.5153,17.6552,-35.0181,-35.0362
1791.000000,5,5.8909,192.8899,16.7799,-35.2681,-35.2806
1791.000000,6,5.8909,192.9747,17.5673,-34.5655,-34.5846
1791.000000,7,5.8909,193.0651,17.6632,-34.5599,-34.5826
1791.000000,8,5.8909,193.1614,17.7008,-34.6186,-34.6404
1791.000000,9,5.8909,193.2641,17.5779,-34.8442,-34.8611
1791.000000,10,5.8909,192.6677,17.1523,-34.6734,-34.6895
1791.000000,11,5.8909,192.7498,17.6320,-34.2759,-34.2980
1791.000000,12,5.8909,192.8371,17.6894,-34.3057,-34.3299
1791.000000,13,5.8909,192.9298,17.6888,-34.3990,-34.4203
1791.000000,14,5.8909,193.0284,17.3292,-34.8572,-34.8723
1791.000000,15,5.8909,192.4562,17.4271,-34.1870,-34.2067
1791.000000,16,5.8909,192.5360,17.6190,-34.0751,-34.1000
1791.000000,17,5.8909,192.6207,17.6900,-34.0888,-34.1137
1791.000000,18,5.8909,192.7105,17.6561,-34.2124,-34.2325
1791.000000,19,5.8909,192.8058,16.8904,-35.0734,-35.0860
1791.000000,20,5.8909,192.2537,17.6383,-33.7734,-33.7966
1791.000000,21,5.8909,192.3318,17.6243,-33.8655,-33.8924
1791.000000,22,5.8909,192.4144,17.6695,-33.9030,-33.9276
1791.000000,23,5.8909,192.5018,17.4455,-34.2144,-34.2322
1791.000000,24,5.8909,192.5943,16.2358,-35.5165,-35.5265
1792.000000,0,5.9615,193.0691,16.2440,-35.9832,-35.9927
1792.000000,1,5.9615,193.1565,17.4085,-34.9060,-34.9219
1792.000000,2,5.9615,193.2498,17.6566,-34.7512,-34.7719
1792.000000,3,5.9615,193.3495,17.6887,-34.8188,-34.8404
1792.000000,4,5.9615,193.4560,17.6603,-34.9537,-34.9720
1792.000000,5,5.9615,192.8372,16.7643,-35.2309,-35.2435
1792.000000,6,5.9615,192.9214,17.5597,-34.5196,-34.5389
1792.000000,7,5.9615,193.0110,17.6597,-34.5093,-34.5323
1792.000000,8,5.9615,193.1065,17.7020,-34.5626,-34.5846
1792.000000,9,5.9615,193.2083,17.5814,-34.7849,-34.8020
1792.000000,10,5.9615,192.6173,17.1399,-34.6355,-34.6517
1792.000000,11,5.9615,192.6989,17.6373,-34.2196,-34.2420
1792.000000,12,5.9615,192.7856,17.6863,-34.2574,-34.2819
1792.000000,13,5.9615,192.8777,17.6916,-34.3441,-34.3657
1792.000000,14,5.9615,192.9755,17.3288,-34.8047,-34.8199
1792.000000,15,5.9615,192.4078,17.4298,-34.1361,-34.1559
1792.000000,16,5.9615,192.4873,17.6238,-34.0216,-34.0467
1792.000000,17,5.9615,192.5716,17.6881,-34.0415,-34.0667
1792.000000,18,5.9615,192.6608,17.6559,-34.1629,-34.1831
1792.000000,19,5.9615,192.7554,16.8835,-35.0299,-35.0427
1792.000000,20,5.9615,192.2071,17.6416,-33.7235,-33.7470
1792.000000,21,5.9615,192.2849,17.6308,-33.8121,-33.8393
1792.000000,22,5.9615,192.3672,17.6697,-33.8555,-33.8803
1792.000000,23,5.9615,192.4541,17.4398,-34.1724,-34.1904
1792.000000,24,5.9615,192.5461,16.2192,-35.4849,-35.4949
1793.000000,0,6.0323,193.0142,16.2226,-35.9496,-35.9592
1793.000000,1,6.0323,193.1009,17.3989,-34.8601,-34.8761
1793.000000,2,6.0323,193.1934,17.6527,-34.6988,-34.7197
1793.000000,3,6.0323,193.2921,17.6888,-34.7613,-34.7832
1793.000000,4,6.0323,193.3975,17.6653,-34.8903,-34.9088
1793.000000,5,6.0323,192.7850,16.7483,-35.1947,-35.2075
1793.000000,6,6.0323,192.8686,17.5519,-34.4747,-34.4942
1793.000000,7,6.0323,192.9576,17.6560,-34.4597,-34.4829
1793.000000,8,6.0323,193.0523,17.7028,-34.5076,-34.5299
1793.000000,9,6.0323,193.1532,17.5846,-34.7266,-34.7439
1793.000000,10,6.0323,192.5675,17.1270,-34.5985,-34.6148
1793.000000,11,6.0323,192.6486,17.6425,-34.1641,-34.1868
1793.000000,12,6.0323,192.7348,17.6828,-34.2100,-34.2348
1793.000000,13,6.0323,192.8262,17.6940,-34.2902,-34.3120
1793.000000,14,6.0323,192.9233,17.3281,-34.7533,-34.7686
1793.000000,15,6.0323,192.3599,17.4322,-34.0858,-34.1058
1793.000000,16,6.0323,192.4391,17.6284,-33.9687,-33.9941
1793.000000,17,6.0323,192.5229,17.6858,-33.9951,-34.0205
1793.000000,18,6.0323,192.6116,17.6552,-34.1144,-34.1348
1793.000000,19,6.0323,192.7056,16.8761,-34.9875,-35.0004
1793.000000,20,6.0323,192.1609,17.6446,-33.6744,-33.6980
1793.000000,21,6.0323,192.2384,17.6371,-33.7594,-33.7868
1793.000000,22,6.0323,192.3204,17.6694,-33.8090,-33.8340
1793.000000,23,6.0323,192.4069,17.4335,-34.1314,-34.1495
1793.000000,24,6.0323,192.4983,16.2020,-35.4543,-35.4644
1794.000000,0,6.1032,192.9600,16.2008,-35.9172,-35.9268
1794.000000,1,6.1032,193.0460,17.3888,-34.8152,-34.8314
1794.000000,2,6.1032,193.1377,17.6484,-34.6473,-34.6685
1794.000000,3,6.1032,193.2355,17.6887,-34.7048,-34.7269
1794.000000,4,6.1032,193.3399,17.6700,-34.8280,-34.8468
1794.000000,5,6.1032,192.7334,16.7319,-35.1595,-35.1724
1794.000000,6,6.1032,192.8165,17.5437,-34.4308,-34.4504
1794.000000,7,6.1032,192.9048,17.6519,-34.4109,-34.4344
1794.000000,8,6.1032,192.9988,17.7033,-34.4535,-34.4761
1794.000000,9,6.1032,193.0988,17.5876,-34.6693,-34.6868
1794.000000,10,6.1032,192.5181,17.1137,-34.5625,-34.5789
1794.000000,11,6.1032,192.5988,17.6475,-34.1093,-34.1322
1794.000000,12,6.1032,192.6845,17.6790,-34.1635,-34.1885
1794.000000,13,6.1032,192.7753,17.6960,-34.2373,-34.2593
1794.000000,14,6.1032,192.8717,17.3269,-34.7028,-34.7183
1794.000000,15,6.1032,192.3125,17.4343,-34.0362,-34.0564
1794.000000,16,6.1032,192.3913,17.6328,-33.9165,-33.9422
1794.000000,17,6.1032,192.4747,17.6831,-33.9496,-33.9753
1794.000000,18,6.1032,192.5629,17.6541,-34.0669,-34.0874
1794.000000,19,6.1032,192.6563,16.8683,-34.9461,-34.9591
1794.000000,20,6.1032,192.1151,17.6472,-33.6259,-33.6498
1794.000000,21,6.1032,192.1924,17.6430,-33.7074,-33.7350
1794.000000,22,6.1032,192.2740,17.6686,-33.7634,-33.7887
1794.000000,23,6.1032,192.3601,17.4266,-34.0915,-34.1097
1794.000000,24,6.1032,192.4511,16.1842,-35.4250,-35.4351
1795.000000,0,6.1743,192.9064,16.1785,-35.8859,-35.8956
1795.000000,1,6.1743,192.9918,17.3784,-34.7714,-34.7878
1795.000000,2,6.1743,193.0827,17.6438,-34.5969,-34.6183
1795.000000,3,6.1743,193.1797,17.6884,-34.6493,-34.6717
1795.000000,4,6.1743,193.2831,17.6744,-34.7667,-34.7858
1795.000000,5,6.1743,192.6823,16.7150,-35.1254,-35.1384
1795.000000,6,6.1743,192.7649,17.5352,-34.3878,-34.4076
1795.000000,7,6.1743,192.8527,17.6476,-34.3631,-34.3869
1795.000000,8,6.1743,192.9460,17.7036,-34.4004,-34.4232
1795.000000,9,6.1743,193.0451,17.5903,-34.6129,-34.6306
1795.000000,10,6.1743,192.4692,17.0999,-34.5274,-34.5440
1795.000000,11,6.1743,192.5495,17.6524,-34.0552,-34.0783
1795.000000,12,6.1743,192.6347,17.6748,-34.1179,-34.1432
1795.000000,13,6.1743,192.7249,17.6977,-34.1853,-34.2075
1795.000000,14,6.1743,192.8206,17.3254,-34.6532,-34.6689
1795.000000,15,6.1743,192.2655,17.4362,-33.9873,-34.0077
1795.000000,16,6.1743,192.3439,17.6369,-33.8650,-33.8909
1795.000000,17,6.1743,192.4269,17.6799,-33.9051,-33.9310
1795.000000,18,6.1743,192.5147,17.6525,-34.0203,-34.0410
1795.000000,19,6.1743,192.6076,16.8599,-34.9057,-34.9188
1795.000000,20,6.1743,192.0697,17.6496,-33.5782,-33.6022
1795.000000,21,6.1743,192.1467,17.6487,-33.6560,-33.6839
1795.000000,22,6.1743,192.2280,17.6672,-33.7189,-33.7443
1795.000000,23,6.1743,192.3138,17.4191,-34.0527,-34.0710
1795.000000,24,6.1743,192.4043,16.1656,-35.3967,-35.4068
1796.000000,0,6.2456,192.8534,16.1557,-35.8558,-35.8655
1796.000000,1,6.2456,192.9382,17.3676,-34.7286,-34.7451
1796.000000,2,6.2456,193.0285,17.6390,-34.5475,-34.5692
1796.000000,3,6.2456,193.1246,17.6878,-34.5948,-34.6175
1796.000000,4,6.2456,193.2271,17.6786,-34.7065,-34.7258
1796.000000,5,6.2456,192.6318,16.6976,-35.0923,-35.1053
1796.000000,6,6.2456,192.7139,17.5263,-34.3457,-34.3657
1796.000000,7,6.2456,192.8011,17.6429,-34.3163,-34.3403
1796.000000,8,6.2456,192.8937,17.7035,-34.3483,-34.3713
1796.000000,9,6.2456,192.9921,17.5926,-34.5576,-34.5754
1796.000000,10,6.2456,192.4208,17.0856,-34.4932,-34.5099
1796.000000,11,6.2456,192.5007,17.6570,-34.0018,-34.0251
1796.000000,12,6.2456,192.5854,17.6702,-34.0732,-34.0988
1796.000000,13,6.2456,192.6751,17.6989,-34.1342,-34.1567
1796.000000,14,6.2456,192.7702,17.3235,-34.6047,-34.6205
1796.000000,15,6.2456,192.2188,17.4377,-33.9391,-33.9597
1796.000000,16,6.2456,192.2970,17.6408,-33.8142,-33.8403
1796.000000,17,6.2456,192.3796,17.6762,-33.8615,-33.8877
1796.000000,18,6.2456,192.4670,17.6504,-33.9746,-33.9955
1796.000000,19,6.2456,192.5593,16.8509,-34.8664,-34.8795
1796.000000,20,6.2456,192.0246,17.6516,-33.5311,-33.5554
1796.000000,21,6.2456,192.1014,17.6540,-33.6054,-33.6335
1796.000000,22,6.2456,192.1824,17.6651,-33.6753,-33.7009
1796.000000,23,6.2456,192.2678,17.4110,-34.0148,-34.0333
1796.000000,24,6.2456,192.3579,16.1463,-35.3696,-35.3798
1797.000000,0,6.3171,192.8011,16.1324,-35.8268,-35.8365
1797.000000,1,6.3171,192.8853,17.3565,-34.6868,-34.7035
1797.000000,2,6.3171,192.9749,17.6338,-34.4991,-34.5210
1797.000000,3,6.3171,193.0702,17.6870,-34.5413,-34.5643
1797.000000,4,6.3171,193.1718,17.6826,-34.6473,-34.6668
1797.000000,5,6.3171,192.5818,16.6797,-35.0602,-35.0733
1797.000000,6,6.3171,192.6635,17.5176,-34.3038,-34.3240
1797.000000,7,6.3171,192.7501,17.6378,-34.2703,-34.2946
1797.000000,8,6.3171,192.8421,17.7031,-34.2970,-34.3204
1797.000000,9,6.3171,192.9397,17.5946,-34.5032,-34.5212
1797.000000,10,6.3171,192.3728,17.0709,-34.4600,-34.4768
1797.000000,11,6.3171,192.4524,17.6613,-33.9491,-33.9726
1797.000000,12,6.3171,192.5366,17.6652,-34.0295,-34.0553
1797.000000,13,6.3171,192.6258,17.6997,-34.0841,-34.1068
1797.000000,14,6.3171,192.7203,17.3212,-34.5571,-34.5730
1797.000000,15,6.3171,192.1726,17.4390,-33.8916,-33.9124
1797.000000,16,6.3171,192.2505,17.6444,-33.7641,-33.7904
1797.000000,17,6.3171,192.3328,17.6720,-33.8188,-33.8452
1797.000000,18,6.3171,192.4197,17.6478,-33.9300,-33.9510
1797.000000,19,6.3171,192.5115,16.8415,-34.8281,-34.8413
1797.000000,20,6.3171,191.9799,17.6532,-33.4847,-33.5092
1797.000000,21,6.3171,192.0564,17.6589,-33.5555,-33.5839
1797.000000,22,6.3171,192.1372,17.6625,-33.6327,-33.6585
1797.000000,23,6.3171,192.2222,17.4022,-33.9781,-33.9966
1797.000000,24,6.3171,192.3119,16.1263,-35.3437,-35.3538
1798.000000,0,6.3887,192.7493,16.1085,-35.7989,-35.8087
1798.000000,1,6.3887,192.8329,17.3449,-34.6461,-34.6629
1798.000000,2,6.3887,192.9219,17.6283,-34.4516,-34.4738
1798.000000,3,6.3887,193.0165,17.6859,-34.4887,-34.5120
1798.000000,4,6.3887,193.1172,17.6862,-34.5891,-34.6088
1798.000000,5,6.3887,192.5324,16.6613,-35.0291,-35.0423
1798.000000,6,6.3887,192.6135,17.5204,-34.2512,-34.2715
1798.000000,7,6.3887,192.6997,17.6325,-34.2252,-34.2498
1798.000000,8,6.3887,192.7910,17.7023,-34.2467,-34.2704
1798.000000,9,6.3887,192.8880,17.5963,-34.4497,-34.4680
1798.000000,10,6.3887,192.3253,17.0627,-34.4206,-34.4376
1798.000000,11,6.3887,192.4045,17.6655,-33.8970,-33.9208
1798.000000,12,6.3887,192.4883,17.6598,-33.9866,-34.0127
1798.000000,13,6.3887,192.5770,17.7001,-34.0349,-34.0579
1798.000000,14,6.3887,192.6709,17.3185,-34.5105,-34.5265
1798.000000,15,6.3887,192.1268,17.4400,-33.8448,-33.8657
1798.000000,16,6.3887,192.2044,17.6478,-33.7146,-33.7412
1798.000000,17,6.3887,192.2863,17.6673,-33.7770,-33.8037
1798.000000,18,6.3887,192.3728,17.6446,-33.8863,-33.9075
1798.000000,19,6.3887,192.4642,16.8314,-34.7908,-34.8040
1798.000000,20,6.3887,191.9355,17.6545,-33.4390,-33.4637
1798.000000,21,6.3887,192.0118,17.6635,-33.5064,-33.5349
1798.000000,22,6.3887,192.0923,17.6592,-33.5911,-33.6171
1798.000000,23,6.3887,192.1771,17.3927,-33.9424,-33.9610
1798.000000,24,6.3887,192.2664,16.1055,-35.3189,-35.3291
1799.000000,0,6.4605,192.6981,16.0840,-35.7722,-35.7820
1799.000000,1,6.4605,192.7812,17.3330,-34.6063,-34.6232
1799.000000,2,6.4605,192.8696,17.6225,-34.4051,-34.4275
1799.000000,3,6.4605,192.9635,17.6844,-34.4371,-34.4606
1799.000000,4,6.4605,193.0633,17.6895,-34.5318,-34.5519
1799.000000,5,6.4605,192.4834,16.6424,-34.9990,-35.0123
1799.000000,6,6.4605,192.5641,17.5229,-34.1992,-34.2198
1799.000000,7,6.4605,192.6497,17.6267,-34.1811,-34.2059
1799.000000,8,6.4605,192.7405,17.7012,-34.1974,-34.2213
1799.000000,9,6.4605,192.8368,17.5976,-34.3972,-34.4157
1799.000000,10,6.4605,192.2782,17.0607,-34.3755,-34.3926
1799.000000,11,6.4605,192.3571,17.6694,-33.8457,-33.8696
1799.000000,12,6.4605,192.4405,17.6539,-33.9446,-33.9710
1799.000000,13,6.4605,192.5287,17.7000,-33.9867,-34.0099
1799.000000,14,6.4605,192.6220,17.3153,-34.4648,-34.4810
1799.000000,15,6.4605,192.0813,17.4406,-33.7987,-33.8197
1799.000000,16,6.4605,192.1586,17.6508,-33.6659,-33.6927
1799.000000,17,6.4605,192.2403,17.6621,-33.7363,-33.7631
1799.000000,18,6.4605,192.3264,17.6409,-33.8436,-33.8650
1799.000000,19,6.4605,192.4173,16.8208,-34.7545,-34.7679
1799.000000,20,6.4605,191.8914,17.6554,-33.3941,-33.4189
1799.000000,21,6.4605,191.9676,17.6677,-33.4579,-33.4867
1799.000000,22,6.4605,192.0478,17.6553,-33.5506,-33.5768
1799.000000,23,6.4605,192.1323,17.3826,-33.9077,-33.9265
1799.000000,24,6.4605,192.2212,16.0840,-35.2953,-35.3055
1800.000000,0,6.5325,192.6475,16.0590,-35.7465,-35.7564
1800.000000,1,6.5325,192.7301,17.3206,-34.5675,-34.5846
1800.000000,2,6.5325,192.8178,17.6163,-34.3596,-34.3822
1800.000000,3,6.5325,192.9110,17.6827,-34.3864,-34.4102
1800.000000,4,6.5325,193.0101,17.6925,-34.4756,-34.4959
1800.000000,5,6.5325,192.4348,16.6230,-34.9699,-34.9833
1800.000000,6,6.5325,192.5152,17.5252,-34.1480,-34.1687
1800.000000,7,6.5325,192.6004,17.6206,-34.1378,-34.1628
1800.000000,8,6.5325,192.6906,17.6997,-34.1489,-34.1731
1800.000000,9,6.5325,192.7862,17.5986,-34.3456,-34.3643
1800.000000,10,6.5325,192.2315,17.0584,-34.3312,-34.3484
1800.000000,11,6.5325,192.3101,17.6731,-33.7950,-33.8192
1800.000000,12,6.5325,192.3931,17.6476,-33.9036,-33.9302
1800.000000,13,6.5325,192.4809,17.6995,-33.9394,-33.9628
1800.000000,14,6.5325,192.5737,17.3116,-34.4201,-34.4364
1800.000000,15,6.5325,192.0362,17.4409,-33.7533,-33.7745
1800.000000,16,6.5325,192.1133,17.6536,-33.6178,-33.6448
1800.000000,17,6.5325,192.1946,17.6563,-33.6964,-33.7235
1800.000000,18,6.5325,192.2804,17.6366,-33.8019,-33.8234
1800.000000,19,6.5325,192.3709,16.8096,-34.7193,-34.7327
1800.000000,20,6.5325,191.8477,17.6559,-33.3498,-33.3749
1800.000000,21,6.5325,191.9237,17.6715,-33.4102,-33.4392
1800.000000,22,6.5325,192.0037,17.6506,-33.5111,-33.5374
1800.000000,23,6.5325,192.0878,17.3717,-33.8742,-33.8930
1800.000000,24,6.5325,192.1764,16.0616,-35.2729,-35.2831
1801.000000,0,6.6047,192.5973,16.0333,-35.7220,-35.7320
1801.000000,1,6.6047,192.6795,17.3078,-34.5297,-34.5470
1801.000000,2,6.6047,192.7667,17.6223,-34.3024,-34.3253
1801.000000,3,6.6047,192.8592,17.6807,-34.3366,-34.3607
1801.000000,4,6.6047,192.9575,17.6952,-34.4203,-34.4408
1801.000000,5,6.6047,192.3868,16.6030,-34.9418,-34.9552
1801.000000,6,6.6047,192.4668,17.5273,-34.0975,-34.1184
1801.000000,7,6.6047,192.5515,17.6141,-34.0954,-34.1207
1801.000000,8,6.6047,192.6411,17.6978,-34.1014,-34.1258
1801.000000,9,6.6047,192.7361,17.5992,-34.2950,-34.3139
1801.000000,10,6.6047,192.1852,17.0558,-34.2875,-34.3048
1801.000000,11,6.6047,192.2635,17.6765,-33.7451,-33.7694
1801.000000,12,6.6047,192.3462,17.6408,-33.8634,-33.8903
1801.000000,13,6.6047,192.4335,17.6985,-33.8931,-33.9167
1801.000000,14,6.6047,192.5258,17.3075,-34.3763,-34.3928
1801.000000,15,6.6047,191.9914,17.4409,-33.7086,-33.7299
1801.000000,16,6.6047,192.0683,17.6560,-33.5704,-33.5976
1801.000000,17,6.6047,192.1494,17.6499,-33.6575,-33.6849
1801.000000,18,6.6047,192.2348,17.6317,-33.7612,-33.7829
1801.000000,19,6.6047,192.3249,16.7978,-34.6851,-34.6986
1801.000000,20,6.6047,191.8042,17.6560,-33.3063,-33.3315
1801.000000,21,6.6047,191.8801,17.6748,-33.3633,-33.3925
1801.000000,22,6.6047,191.9598,17.6453,-33.4726,-33.4991
1801.000000,23,6.6047,192.0437,17.3600,-33.8418,-33.8607
1801.000000,24,6.6047,192.1320,16.0384,-35.2516,-35.2619
1802.000000,0,6.6770,192.5477,16.0071,-35.6986,-35.7086
1802.000000,1,6.6770,192.6294,17.2945,-34.4929,-34.5103
1802.000000,2,6.6770,192.7160,17.6286,-34.2455,-34.2686
1802.000000,3,6.6770,192.8080,17.6783,-34.2877,-34.3121
1802.000000,4,6.6770,192.9056,17.6976,-34.3660,-34.3868
1802.000000,5,6.6770,192.3392,16.5825,-34.9147,-34.9282
1802.000000,6,6.6770,192.4188,17.5291,-34.0477,-34.0688
1802.000000,7,6.6770,192.5031,17.6072,-34.0539,-34.0795
1802.000000,8,6.6770,192.5922,17.6955,-34.0548,-34.0794
1802.000000,9,6.6770,192.6866,17.5993,-34.2453,-34.2644
1802.000000,10,6.6770,192.1393,17.0528,-34.2446,-34.2620
1802.000000,11,6.6770,192.2173,17.6796,-33.6958,-33.7203
1802.000000,12,6.6770,192.2997,17.6335,-33.8242,-33.8513
1802.000000,13,6.6770,192.3866,17.6969,-33.8477,-33.8715
1802.000000,14,6.6770,192.4784,17.3029,-34.3336,-34.3501
1802.000000,15,6.6770,191.9470,17.4404,-33.6646,-33.6861
1802.000000,16,6.6770,192.0237,17.6580,-33.5237,-33.5511
1802.000000,17,6.6770,192.1045,17.6429,-33.6196,-33.6472
1802.000000,18,6.6770,192.1896,17.6261,-33.7215,-33.7433
1802.000000,19,6.6770,192.2792,16.7853,-34.6520,-34.6655
1802.000000,20,6.6770,191.7611,17.6556,-33.2635,-33.2889
1802.000000,21,6.6770,191.8368,17.6778,-33.3171,-33.3465
1802.000000,22,6.6770,191.9163,17.6392,-33.4351,-33.4619
1802.000000,23,6.6770,192.0000,17.3476,-33.8105,-33.8294
1802.000000,24,6.6770,192.0880,16.0144,-35.2316,-35.2419
1803.000000,0,6.7496,192.4986,15.9803,-35.6764,-35.6864
1803.000000,1,6.7496,192.5798,17.2808,-34.4571,-34.4746
1803.000000,2,6.7496,192.6660,17.6347,-34.1893,-34.2126
1803.000000,3,6.7496,192.7573,17.6756,-34.2398,-34.2644
1803.000000,4,6.7496,192.8542,17.6996,-34.3127,-34.3337
1803.000000,5,6.7496,192.2920,16.5614,-34.8886,-34.9022
1803.000000,6,6.7496,192.3713,17.5306,-33.9987,-34.0199
1803.000000,7,6.7496,192.4551,17.6115,-34.0016,-34.0274
1803.000000,8,6.7496,192.5438,17.6928,-34.0091,-34.0340
1803.000000,9,6.7496,192.6376,17.5991,-34.1966,-34.2158
1803.000000,10,6.7496,192.0938,17.0494,-34.2024,-34.2200
1803.000000,11,6.7496,192.1715,17.6824,-33.6471,-33.6719
1803.000000,12,6.7496,192.2535,17.6257,-33.7859,-33.8133
1803.000000,13,6.7496,192.3401,17.6949,-33.8033,-33.8273
1803.000000,14,6.7496,192.4314,17.2977,-34.2917,-34.3084
1803.000000,15,6.7496,191.9029,17.4396,-33.6213,-33.6429
1803.000000,16,6.7496,191.9794,17.6598,-33.4777,-33.5054
1803.000000,17,6.7496,192.0599,17.6353,-33.5826,-33.6104
1803.000000,18,6.7496,192.1447,17.6200,-33.6828,-33.7048
1803.000000,19,6.7496,192.2340,16.7721,-34.6199,-34.6335
1803.000000,20,6.7496,191.7182,17.6548,-33.2215,-33.2470
1803.000000,21,6.7496,191.7938,17.6802,-33.2716,-33.3012
1803.000000,22,6.7496,191.8732,17.6324,-33.3988,-33.4257
1803.000000,23,6.7496,191.9566,17.3344,-33.7803,-33.7993
1803.000000,24,6.7496,192.0443,15.9894,-35.2129,-35.2231
1804.000000,0,6.8223,192.4499,15.9528,-35.6552,-35.6652
1804.000000,1,6.8223,192.5308,17.2665,-34.4223,-34.4399
1804.000000,2,6.8223,192.6164,17.6406,-34.1338,-34.1573
1804.000000,3,6.8223,192.7072,17.6725,-34.1927,-34.2176
1804.000000,4,6.8223,192.8034,17.7012,-34.2603,-34.2815
1804.000000,5,6.8223,192.2452,16.5396,-34.8636,-34.8772
1804.000000,6,6.8223,192.3242,17.5318,-33.9504,-33.9718
1804.000000,7,6.8223,192.4076,17.6188,-33.9469,-33.9729
1804.000000,8,6.8223,192.4959,17.6896,-33.9643,-33.9895
1804.000000,9,6.8223,192.5892,17.5984,-34.1487,-34.1682
1804.000000,10,6.8223,192.0486,17.0457,-34.1610,-34.1787
1804.000000,11,6.8223,192.1261,17.6849,-33.5992,-33.6242
1804.000000,12,6.8223,192.2078,17.6174,-33.7485,-33.7761
1804.000000,13,6.8223,192.2940,17.6922,-33.7598,-33.7840
1804.000000,14,6.8223,192.3849,17.2920,-34.2509,-34.2677
1804.000000,15,6.8223,191.8591,17.4384,-33.5787,-33.6005
1804.000000,16,6.8223,191.9354,17.6611,-33.4323,-33.4602
1804.000000,17,6.8223,192.0157,17.6271,-33.5467,-33.5747
1804.000000,18,6.8223,192.1003,17.6132,-33.6451,-33.6672
1804.000000,19,6.8223,192.1892,16.7583,-34.5889,-34.6026
1804.000000,20,6.8223,191.6757,17.6535,-33.1802,-33.2059
1804.000000,21,6.8223,191.7511,17.6822,-33.2269,-33.2568
1804.000000,22,6.8223,191.8303,17.6248,-33.3635,-33.3906
1804.000000,23,6.8223,191.9135,17.3203,-33.7512,-33.7703
1804.000000,24,6.8223,192.0009,15.9636,-35.1953,-35.2055
1805.000000,0,6.8952,192.4018,15.9246,-35.6352,-35.6452
1805.000000,1,6.8952,192.4822,17.2518,-34.3884,-34.4061
1805.000000,2,6.8952,192.5674,17.6464,-34.0791,-34.1028
1805.000000,3,6.8952,192.6576,17.6691,-34.1466,-34.1718
1805.000000,4,6.8952,192.7532,17.7024,-34.2088,-34.2303
1805.000000,5,6.8952,192.1988,16.5173,-34.8395,-34.8533
1805.000000,6,6.8952,192.2775,17.5327,-33.9028,-33.9243
1805.000000,7,6.8952,192.3606,17.6258,-33.8928,-33.9191
1805.000000,8,6.8952,192.4484,17.6860,-33.9204,-33.9458
1805.000000,9,6.8952,192.5412,17.5973,-34.1019,-34.1215
1805.000000,10,6.8952,192.0038,17.0415,-34.1203,-34.1381
1805.000000,11,6.8952,192.0811,17.6871,-33.5520,-33.5771
1805.000000,12,6.8952,192.1625,17.6085,-33.7120,-33.7399
1805.000000,13,6.8952,192.2483,17.6891,-33.7173,-33.7417
1805.000000,14,6.8952,192.3388,17.2858,-34.2110,-34.2279
1805.000000,15,6.8952,191.8157,17.4368,-33.5369,-33.5588
1805.000000,16,6.8952,191.8918,17.6621,-33.3877,-33.4159
1805.000000,17,6.8952,191.9719,17.6223,-33.5076,-33.5359
1805.000000,18,6.8952,192.0561,17.6057,-33.6085,-33.6307
1805.000000,19,6.8952,192.1447,16.7438,-34.5590,-34.5727
1805.000000,20,6.8952,191.6334,17.6518,-33.1396,-33.1655
1805.000000,21,6.8952,191.7087,17.6836,-33.1831,-33.2131
1805.000000,22,6.8952,191.7877,17.6288,-33.3170,-33.3442
1805.000000,23,6.8952,191.8707,17.3054,-33.7233,-33.7425
1805.000000,24,6.8952,191.9579,15.9369,-35.1790,-35.1893
1806.000000,0,6.9683,192.3540,15.8958,-35.6163,-35.6263
1806.000000,1,6.9683,192.4341,17.2366,-34.3555,-34.3734
1806.000000,2,6.9683,192.5189,17.6519,-34.0250,-34.0489
1806.000000,3,6.9683,192.6086,17.6652,-34.1014,-34.1268
1806.000000,4,6.9683,192.7035,17.7033,-34.1583,-34.1800
1806.000000,5,6.9683,192.1528,16.4943,-34.8165,-34.8303
1806.000000,6,6.9683,192.2312,17.5334,-33.8559,-33.8776
1806.000000,7,6.9683,192.3140,17.6326,-33.8394,-33.8659
1806.000000,8,6.9683,192.4013,17.6819,-33.8775,-33.9031
1806.000000,9,6.9683,192.4936,17.5958,-34.0559,-34.0757
1806.000000,10,6.9683,191.9594,17.0370,-34.0804,-34.0983
1806.000000,11,6.9683,192.0364,17.6890,-33.5054,-33.5307
1806.000000,12,6.9683,192.1175,17.6113,-33.6642,-33.6923
1806.000000,13,6.9683,192.2030,17.6853,-33.6758,-33.7004
1806.000000,14,6.9683,192.2931,17.2790,-34.1721,-34.1892
1806.000000,15,6.9683,191.7725,17.4347,-33.4958,-33.5179
1806.000000,16,6.9683,191.8485,17.6636,-33.3429,-33.3712
1806.000000,17,6.9683,191.9283,17.6292,-33.4572,-33.4856
1806.000000,18,6.9683,192.0123,17.5975,-33.5729,-33.5953
1806.000000,19,6.9683,192.1007,16.7285,-34.5302,-34.5439
1806.000000,20,6.9683,191.5913,17.6495,-33.0999,-33.1259
1806.000000,21,6.9683,191.6665,17.6846,-33.1400,-33.1702
1806.000000,22,6.9683,191.7454,17.6371,-33.2664,-33.2937
1806.000000,23,6.9683,191.8283,17.2897,-33.6966,-33.7159
1806.000000,24,6.9683,191.9152,15.9092,-35.1640,-35.1742
1807.000000,0,7.0415,192.3067,15.8663,-35.5985,-35.6086
1807.000000,1,7.0415,192.3865,17.2209,-34.3236,-34.3416
1807.000000,2,7.0415,192.4708,17.6572,-33.9716,-33.9958
1807.000000,3,7.0415,192.5600,17.6610,-34.0570,-34.0827
1807.000000,4,7.0415,192.6544,17.7037,-34.1087,-34.1307
1807.000000,5,7.0415,192.1072,16.4707,-34.7945,-34.8084
1807.000000,6,7.0415,192.1853,17.5336,-33.8097,-33.8316
1807.000000,7,7.0415,192.2678,17.6391,-33.7867,-33.8134
1807.000000,8,7.0415,192.3547,17.6773,-33.8355,-33.8614
1807.000000,9,7.0415,192.4466,17.5937,-34.0109,-34.0309
1807.000000,10,7.0415,191.9152,17.0320,-34.0413,-34.0592
1807.000000,11,7.0415,191.9920,17.6905,-33.4596,-33.4851
1807.000000,12,7.0415,192.0729,17.6170,-33.6140,-33.6423
1807.000000,13,7.0415,192.1581,17.6809,-33.6352,-33.6600
1807.000000,14,7.0415,192.2478,17.2717,-34.1342,-34.1514
1807.000000,15,7.0415,191.7296,17.4322,-33.4555,-33.4776
1807.000000,16,7.0415,191.8054,17.6666,-33.2969,-33.3254
1807.000000,17,7.0415,191.8851,17.6356,-33.4076,-33.4362
1807.000000,18,7.0415,191.9689,17.5886,-33.5383,-33.5609
1807.000000,19,7.0415,192.0569,16.7125,-34.5024,-34.5162
1807.000000,20,7.0415,191.5495,17.6467,-33.0609,-33.0871
1807.000000,21,7.0415,191.6246,17.6850,-33.0977,-33.1281
1807.000000,22,7.0415,191.7034,17.6448,-33.2167,-33.2442
1807.000000,23,7.0415,191.7861,17.2730,-33.6711,-33.6904
1807.000000,24,7.0415,191.8728,15.8805,-35.1503,-35.1605
1808.000000,0,7.1150,192.2598,15.8360,-35.5818,-35.5920
1808.000000,1,7.1150,192.3392,17.2046,-34.2927,-34.3108
1808.000000,2,7.1150,192.4232,17.6623,-33.9190,-33.9433
1808.000000,3,7.1150,192.5119,17.6564,-34.0136,-34.0395
1808.000000,4,7.1150,192.6058,17.7037,-34.0601,-34.0823
1808.000000,5,7.1150,192.0620,16.4464,-34.7736,-34.7875
1808.000000,6,7.1150,192.1398,17.5336,-33.7643,-33.7863
1808.000000,7,7.1150,192.2220,17.6453,-33.7347,-33.7617
1808.000000,8,7.1150,192.3086,17.6722,-33.7944,-33.8205
1808.000000,9,7.1150,192.3999,17.5912,-33.9668,-33.9870
1808.000000,10,7.1150,191.8714,17.0266,-34.0029,-34.0209
1808.000000,11,7.1150,191.9480,17.6916,-33.4144,-33.4401
1808.000000,12,7.1150,192.0287,17.6223,-33.5644,-33.5929
1808.000000,13,7.1150,192.1136,17.6759,-33.5957,-33.6207
1808.000000,14,7.1150,192.2029,17.2637,-34.0973,-34.1145
1808.000000,15,7.1150,191.6870,17.4292,-33.4159,-33.4382
1808.000000,16,7.1150,191.7627,17.6691,-33.2516,-33.2803
1808.000000,17,7.1150,191.8422,17.6416,-33.3587,-33.3875
1808.000000,18,7.1150,191.9258,17.5790,-33.5049,-33.5275
1808.000000,19,7.1150,192.0135,16.6958,-34.4758,-34.4896
1808.000000,20,7.1150,191.5080,17.6433,-33.0227,-33.0491
1808.000000,21,7.1150,191.5830,17.6848,-33.0562,-33.0868
1808.000000,22,7.1150,191.6617,17.6518,-33.1679,-33.1955
1808.000000,23,7.1150,191.7442,17.2554,-33.6468,-33.6662
1808.000000,24,7.1150,191.8307,15.8508,-35.1379,-35.1481
1809.000000,0,7.1886,192.2133,15.8051,-35.5663,-35.5765
1809.000000,1,7.1886,192.2924,17.1943,-34.2562,-34.2743
1809.000000,2,7.1886,192.3760,17.6671,-33.8670,-33.8915
1809.000000,3,7.1886,192.4643,17.6513,-33.9710,-33.9972
1809.000000,4,7.1886,192.5576,17.7033,-34.0124,-34.0348
1809.000000,5,7.1886,192.0171,16.4281,-34.7470,-34.7609
1809.000000,6,7.1886,192.0947,17.5332,-33.7196,-33.7417
1809.000000,7,7.1886,192.1765,17.6511,-33.6834,-33.7106
1809.000000,8,7.1886,192.2628,17.6666,-33.7542,-33.7806
1809.000000,9,7.1886,192.3537,17.5881,-33.9237,-33.9440
1809.000000,10,7.1886,191.8279,17.0207,-33.9652,-33.9833
1809.000000,11,7.1886,191.9043,17.6924,-33.3700,-33.3958
1809.000000,12,7.1886,191.9848,17.6273,-33.5155,-33.5443
1809.000000,13,7.1886,192.0694,17.6703,-33.5571,-33.5823
1809.000000,14,7.1886,192.1584,17.2551,-34.0613,-34.0787
1809.000000,15,7.1886,191.6447,17.4257,-33.3771,-33.3995
1809.000000,16,7.1886,191.7203,17.6711,-33.2072,-33.2361
1809.000000,17,7.1886,191.7996,17.6470,-33.3106,-33.3396
1809.000000,18,7.1886,191.8830,17.5685,-33.4725,-33.4953
1809.000000,19,7.1886,191.9704,16.6782,-34.4503,-34.4642
1809.000000,20,7.1886,191.4667,17.6394,-32.9854,-33.0119
1809.000000,21,7.1886,191.5417,17.6841,-33.0156,-33.0463
1809.000000,22,7.1886,191.6203,17.6583,-33.1200,-33.1477
1809.000000,23,7.1886,191.7026,17.2368,-33.6238,-33.6432
1809.000000,24,7.1886,191.7889,15.8201,-35.1268,-35.1370
1810.000000,0,7.2624,192.1673,15.7733,-35.5520,-35.5621
1810.000000,1,7.2624,192.2461,17.1898,-34.2143,-34.2326
1810.000000,2,7.2624,192.3293,17.6716,-33.8157,-33.8404
1810.000000,3,7.2624,192.4172,17.6458,-33.9294,-33.9558
1810.000000,4,7.2624,192.5100,17.7023,-33.9656,-33.9883
1810.000000,5,7.2624,191.9725,16.4165,-34.7141,-34.7280
1810.000000,6,7.2624,192.0499,17.5324,-33.6756,-33.6979
1810.000000,7,7.2624,192.1315,17.6567,-33.6328,-33.6602
1810.000000,8,7.2624,192.2174,17.6605,-33.7150,-33.7416
1810.000000,9,7.2624,192.3079,17.5845,-33.8815,-33.9020
1810.000000,10,7.2624,191.7846,17.0143,-33.9284,-33.9466
1810.000000,11,7.2624,191.8609,17.6927,-33.3263,-33.3523
1810.000000,12,7.2624,191.9412,17.6332,-33.4660,-33.4950
1810.000000,13,7.2624,192.0255,17.6640,-33.5196,-33.5450
1810.000000,14,7.2624,192.1142,17.2458,-34.0264,-34.0439
1810.000000,15,7.2624,191.6026,17.4216,-33.3390,-33.3616
1810.000000,16,7.2624,191.6781,17.6727,-33.1635,-33.1925
1810.000000,17,7.2624,191.7573,17.6520,-33.2633,-33.2925
1810.000000,18,7.2624,191.8405,17.5573,-33.4412,-33.4641
1810.000000,19,7.2624,191.9277,16.6598,-34.4259,-34.4398
1810.000000,20,7.2624,191.4257,17.6348,-32.9489,-32.9755
1810.000000,21,7.2624,191.5006,17.6828,-32.9758,-33.0067
1810.000000,22,7.2624,191.5790,17.6641,-33.0730,-33.1009
1810.000000,23,7.2624,191.6613,17.2173,-33.6020,-33.6214
1810.000000,24,7.2624,191.7473,15.7883,-35.1170,-35.1272
1811.000000,0,7.3364,192.1215,15.7408,-35.5388,-35.5489
1811.000000,1,7.3364,192.2001,17.1849,-34.1732,-34.1916
1811.000000,2,7.3364,192.2830,17.6759,-33.7651,-33.7900
1811.000000,3,7.3364,192.3704,17.6399,-33.8886,-33.9153
1811.000000,4,7.3364,192.4628,17.7009,-33.9198,-33.9427
1811.000000,5,7.3364,191.9283,16.4044,-34.6820,-34.6960
1811.000000,6,7.3364,192.0055,17.5312,-33.6324,-33.6548
1811.000000,7,7.3364,192.0868,17.6619,-33.5830,-33.6106
1811.000000,8,7.3364,192.1724,17.6538,-33.6767,-33.7035
1811.000000,9,7.3364,192.2626,17.5804,-33.8402,-33.8609
1811.000000,10,7.3364,191.7417,17.0074,-33.8923,-33.9106
1811.000000,11,7.3364,191.8179,17.6927,-33.2832,-33.3094
1811.000000,12,7.3364,191.8979,17.6400,-33.4160,-33.4452
1811.000000,13,7.3364,191.9820,17.6570,-33.4831,-33.5086
1811.000000,14,7.3364,192.0704,17.2359,-33.9925,-34.0101
1811.000000,15,7.3364,191.5608,17.4171,-33.3018,-33.3244
1811.000000,16,7.3364,191.6362,17.6737,-33.1205,-33.1498
1811.000000,17,7.3364,191.7153,17.6565,-33.2169,-33.2462
1811.000000,18,7.3364,191.7983,17.5452,-33.4111,-33.4341
1811.000000,19,7.3364,191.8853,16.6406,-34.4027,-34.4167
1811.000000,20,7.3364,191.3848,17.6297,-32.9132,-32.9400
1811.000000,21,7.3364,191.4597,17.6808,-32.9369,-32.9680
1811.000000,22,7.3364,191.5381,17.6691,-33.0270,-33.0549
1811.000000,23,7.3364,191.6202,17.1967,-33.5815,-33.6010
1811.000000,24,7.3364,191.7061,15.7555,-35.1087,-35.1188
1812.000000,0,7.4106,192.0762,15.7075,-35.5267,-35.5369
1812.000000,1,7.4106,192.1545,17.1795,-34.1330,-34.1514
1812.000000,2,7.4106,192.2370,17.6799,-33.7152,-33.7403
1812.000000,3,7.4106,192.3241,17.6334,-33.8487,-33.8757
1812.000000,4,7.4106,192.4160,17.6990,-33.8750,-33.8981
1812.000000,5,7.4106,191.8844,16.3918,-34.6507,-34.6648
1812.000000,6,7.4106,191.9614,17.5296,-33.5899,-33.6124
1812.000000,7,7.4106,192.0425,17.6667,-33.5338,-33.5616
1812.000000,8,7.4106,192.1278,17.6465,-33.6393,-33.6664
1812.000000,9,7.4106,192.2176,17.5757,-33.7999,-33.8208
1812.000000,10,7.4106,191.6991,17.0001,-33.8571,-33.8754
1812.000000,11,7.4106,191.7751,17.6922,-33.2410,-33.2673
1812.000000,12,7.4106,191.8550,17.6463,-33.3667,-33.3961
1812.000000,13,7.4106,191.9389,17.6493,-33.4476,-33.4734
1812.000000,14,7.4106,192.0270,17.2253,-33.9597,-33.9774
1812.000000,15,7.4106,191.5193,17.4120,-33.2653,-33.2881
1812.000000,16,7.4106,191.5946,17.6742,-33.0784,-33.1078
1812.000000,17,7.4106,191.6735,17.6604,-33.1712,-33.2007
1812.000000,18,7.4106,191.7563,17.5323,-33.3821,-33.4052
1812.000000,19,7.4106,191.8431,16.6205,-34.3807,-34.3947
1812.000000,20,7.4106,191.3442,17.6239,-32.8784,-32.9053
1812.000000,21,7.4106,191.4191,17.6782,-32.8989,-32.9301
1812.000000,22,7.4106,191.4974,17.6735,-32.9819,-33.0100
1812.000000,23,7.4106,191.5794,17.1751,-33.5623,-33.5818
1812.000000,24,7.4106,191.6651,15.7215,-35.1017,-35.1118
1813.000000,0,7.4850,192.0312,15.6734,-35.5158,-35.5260
1813.000000,1,7.4850,192.1093,17.1738,-34.0935,-34.1121
1813.000000,2,7.4850,192.1915,17.6835,-33.6660,-33.6913
1813.000000,3,7.4850,192.2782,17.6265,-33.8098,-33.8370
1813.000000,4,7.4850,192.3697,17.6966,-33.8311,-33.8544
1813.000000,5,7.4850,191.8409,16.3785,-34.6204,-34.6344
1813.000000,6,7.4850,191.9177,17.5276,-33.5481,-33.5708
1813.000000,7,7.4850,191.9985,17.6712,-33.4853,-33.5134
1813.000000,8,7.4850,192.0835,17.6386,-33.6030,-33.6302
1813.000000,9,7.4850,192.1730,17.5704,-33.7606,-33.7817
1813.000000,10,7.4850,191.6567,16.9921,-33.8226,-33.8410
1813.000000,11,7.4850,191.7326,17.6912,-33.1994,-33.2260
1813.000000,12,7.4850,191.8123,17.6521,-33.3182,-33.3478
1813.000000,13,7.4850,191.8960,17.6408,-33.4132,-33.4391
1813.000000,14,7.4850,191.9838,17.2140,-33.9279,-33.9457
1813.000000,15,7.4850,191.4780,17.4063,-33.2297,-33.2525
1813.000000,16,7.4850,191.5532,17.6741,-33.0371,-33.0667
1813.000000,17,7.4850,191.6321,17.6637,-33.1264,-33.1560
1813.000000,18,7.4850,191.7147,17.5185,-33.3542,-33.3775
1813.000000,19,7.4850,191.8013,16.5995,-34.3598,-34.3738
1813.000000,20,7.4850,191.3038,17.6174,-32.8444,-32.8715
1813.000000,21,7.4850,191.3786,17.6749,-32.8618,-32.8932
1813.000000,22,7.4850,191.4569,17.6772,-32.9378,-32.9659
1813.000000,23,7.4850,191.5388,17.1524,-33.5444,-33.5640
1813.000000,24,7.4850,191.6244,15.6863,-35.0961,-35.1062
1814.000000,0,7.5595,191.9866,15.6385,-35.5062,-35.5163
1814.000000,1,7.5595,192.0644,17.1675,-34.0549,-34.0735
1814.000000,2,7.5595,192.1464,17.6869,-33.6175,-33.6430
1814.000000,3,7.5595,192.2327,17.6191,-33.7717,-33.7992
1814.000000,4,7.5595,192.3238,17.6937,-33.7881,-33.8117
1814.000000,5,7.5595,191.7976,16.3648,-34.5909,-34.6050
1814.000000,6,7.5595,191.8742,17.5252,-33.5071,-33.5299
1814.000000,7,7.5595,191.9549,17.6753,-33.4376,-33.4658
1814.000000,8,7.5595,192.0396,17.6301,-33.5675,-33.5951
1814.000000,9,7.5595,192.1287,17.5645,-33.7223,-33.7435
1814.000000,10,7.5595,191.6146,16.9837,-33.7890,-33.8075
1814.000000,11,7.5595,191.6904,17.6898,-33.1586,-33.1853
1814.000000,12,7.5595,191.7700,17.6575,-33.2705,-33.3003
1814.000000,13,7.5595,191.8535,17.6316,-33.3799,-33.4060
1814.000000,14,7.5595,191.9410,17.2020,-33.8971,-33.9150
1814.000000,15,7.5595,191.4369,17.4001,-33.1949,-33.2178
1814.000000,16,7.5595,191.5121,17.6735,-32.9966,-33.0264
1814.000000,17,7.5595,191.5908,17.6665,-33.0824,-33.1122
1814.000000,18,7.5595,191.6733,17.5038,-33.3276,-33.3509
1814.000000,19,7.5595,191.7597,16.5776,-34.3402,-34.3542
1814.000000,20,7.5595,191.2637,17.6103,-32.8114,-32.8386
1814.000000,21,7.5595,191.3384,17.6709,-32.8256,-32.8571
1814.000000,22,7.5595,191.4167,17.6800,-32.8947,-32.9229
1814.000000,23,7.5595,191.4985,17.1286,-33.5279,-33.5475
1814.000000,24,7.5595,191.5840,15.6500,-35.0920,-35.1021
1815.000000,0,7.6343,191.9423,15.6026,-35.4977,-35.5078
1815.000000,1,7.6343,192.0199,17.1608,-34.0171,-34.0358
1815.000000,2,7.6343,192.1016,17.6899,-33.5697,-33.5954
1815.000000,3,7.6343,192.1876,17.6111,-33.7346,-33.7623
1815.000000,4,7.6343,192.2783,17.6902,-33.7461,-33.7699
1815.000000,5,7.6343,191.7546,16.3504,-34.5622,-34.5764
1815.000000,6,7.6343,191.8311,17.5223,-33.4669,-33.4898
1815.000000,7,7.6343,191.9115,17.6790,-33.3906,-33.4190
1815.000000,8,7.6343,191.9960,17.6210,-33.5331,-33.5608
1815.000000,9,7.6343,192.0848,17.5579,-33.6850,-33.7063
1815.000000,10,7.6343,191.5728,16.9746,-33.7562,-33.7748
1815.000000,11,7.6343,191.6485,17.6879,-33.1186,-33.1454
1815.000000,12,7.6343,191.7279,17.6624,-33.2236,-33.2536
1815.000000,13,7.6343,191.8112,17.6216,-33.3476,-33.3739
1815.000000,14,7.6343,191.8986,17.1892,-33.8674,-33.8854
1815.000000,15,7.6343,191.3960,17.3932,-33.1609,-33.1840
1815.000000,16,7.6343,191.4712,17.6722,-32.9570,-32.9869
1815.000000,17,7.6343,191.5499,17.6687,-33.0392,-33.0692
1815.000000,18,7.6343,191.6322,17.4882,-33.3021,-33.3256
1815.000000,19,7.6343,191.7185,16.5548,-34.3217,-34.3358
1815.000000,20,7.6343,191.2237,17.6024,-32.7793,-32.8065
1815.000000,21,7.6343,191.2985,17.6662,-32.7903,-32.8220
1815.000000,22,7.6343,191.3767,17.6821,-32.8526,-32.8809
1815.000000,23,7.6343,191.4584,17.1037,-33.5127,-33.5324
1815.000000,24,7.6343,191.5438,15.6124,-35.0894,-35.0994
1816.000000,0,7.7092,191.8983,15.5659,-35.4904,-35.5006
1816.000000,1,7.7092,191.9757,17.1536,-33.9801,-33.9989
1816.000000,2,7.7092,192.0572,17.6926,-33.5226,-33.5485
1816.000000,3,7.7092,192.1429,17.6110,-33.6899,-33.7179
1816.000000,4,7.7092,192.2332,17.6861,-33.7051,-33.7291
1816.000000,5,7.7092,191.7119,16.3354,-34.5345,-34.5487
1816.000000,6,7.7092,191.7883,17.5189,-33.4274,-33.4504
1816.000000,7,7.7092,191.8685,17.6822,-33.3443,-33.3730
1816.000000,8,7.7092,191.9528,17.6111,-33.4997,-33.5276
1816.000000,9,7.7092,192.0413,17.5507,-33.6486,-33.6701
1816.000000,10,7.7092,191.5312,16.9650,-33.7243,-33.7429
1816.000000,11,7.7092,191.6068,17.6855,-33.0793,-33.1063
1816.000000,12,7.7092,191.6861,17.6667,-33.1775,-33.2076
1816.000000,13,7.7092,191.7692,17.6190,-33.3083,-33.3348
1816.000000,14,7.7092,191.8564,17.1756,-33.8388,-33.8569
1816.000000,15,7.7092,191.3554,17.3857,-33.1278,-33.1510
1816.000000,16,7.7092,191.4305,17.6704,-32.9182,-32.9482
1816.000000,17,7.7092,191.5091,17.6702,-32.9970,-33.0271
1816.000000,18,7.7092,191.5914,17.4716,-33.2778,-33.3014
1816.000000,19,7.7092,191.6775,16.5310,-34.3045,-34.3186
1816.000000,20,7.7092,191.1839,17.5938,-32.7481,-32.7755
1816.000000,21,7.7092,191.2587,17.6607,-32.7560,-32.7878
1816.000000,22,7.7092,191.3369,17.6834,-32.8115,-32.8399
1816.000000,23,7.7092,191.4185,17.0775,-33.4990,-33.5187
1816.000000,24,7.7092,191.5038,15.5736,-35.0882,-35.0982
1817.000000,0,7.7843,191.8547,15.5283,-35.4844,-35.4945
1817.000000,1,7.7843,191.9319,17.1459,-33.9440,-33.9628
1817.000000,2,7.7843,192.0131,17.6949,-33.4762,-33.5022
1817.000000,3,7.7843,192.0986,17.6192,-33.6374,-33.6656
1817.000000,4,7.7843,192.1885,17.6814,-33.6651,-33.6893
1817.000000,5,7.7843,191.6695,16.3198,-34.5077,-34.5219
1817.000000,6,7.7843,191.7457,17.5151,-33.3887,-33.4119
1817.000000,7,7.7843,191.8258,17.6850,-33.2988,-33.3276
1817.000000,8,7.7843,191.9099,17.6062,-33.4617,-33.4899
1817.000000,9,7.7843,191.9981,17.5429,-33.6133,-33.6349
1817.000000,10,7.7843,191.4899,16.9547,-33.6932,-33.7119
1817.000000,11,7.7843,191.5654,17.6826,-33.0409,-33.0680
1817.000000,12,7.7843,191.6446,17.6704,-33.1322,-33.1625
1817.000000,13,7.7843,191.7276,17.6265,-33.2591,-33.2857
1817.000000,14,7.7843,191.8145,17.1612,-33.8113,-33.8295
1817.000000,15,7.7843,191.3150,17.3775,-33.0956,-33.1188
1817.000000,16,7.7843,191.3901,17.6679,-32.8803,-32.9105
1817.000000,17,7.7843,191.4686,17.6711,-32.9556,-32.9859
1817.000000,18,7.7843,191.5508,17.4540,-33.2548,-33.2785
1817.000000,19,7.7843,191.6367,16.5061,-34.2886,-34.3028
1817.000000,20,7.7843,191.1443,17.5845,-32.7179,-32.7453
1817.000000,21,7.7843,191.2191,17.6545,-32.7227,-32.7546
1817.000000,22,7.7843,191.2973,17.6839,-32.7715,-32.7999
1817.000000,23,7.7843,191.3789,17.0502,-33.4868,-33.5064
1817.000000,24,7.7843,191.4641,15.5335,-35.0886,-35.0986
1818.000000,0,7.8597,191.8113,15.4898,-35.4796,-35.4897
1818.000000,1,7.8597,191.8883,17.1377,-33.9086,-33.9276
1818.000000,2,7.8597,191.9694,17.6968,-33.4306,-33.4567
1818.000000,3,7.8597,192.0545,17.6269,-33.5857,-33.6141
1818.000000,4,7.8597,192.1441,17.6761,-33.6260,-33.6504
1818.000000,5,7.8597,191.6274,16.3036,-34.4818,-34.4960
1818.000000,6,7.8597,191.7035,17.5107,-33.3508,-33.3741
1818.000000,7,7.8597,191.7834,17.6874,-33.2540,-33.2830
1818.000000,8,7.8597,191.8672,17.6132,-33.4120,-33.4404
1818.000000,9,7.8597,191.9552,17.5343,-33.5790,-33.6008
1818.000000,10,7.8597,191.4488,16.9438,-33.6630,-33.6817
1818.000000,11,7.8597,191.5243,17.6791,-33.0032,-33.0304
1818.000000,12,7.8597,191.6033,17.6736,-33.0877,-33.1182
1818.000000,13,7.8597,191.6862,17.6335,-33.2107,-33.2374
1818.000000,14,7.8597,191.7729,17.1460,-33.7850,-33.8032
1818.000000,15,7.8597,191.2748,17.3686,-33.0643,-33.0876
1818.000000,16,7.8597,191.3499,17.6647,-32.8433,-32.8736
1818.000000,17,7.8597,191.4284,17.6713,-32.9152,-32.9456
1818.000000,18,7.8597,191.5105,17.4354,-33.2331,-33.2568
1818.000000,19,7.8597,191.5963,16.4803,-34.2740,-34.2881
1818.000000,20,7.8597,191.1049,17.5743,-32.6886,-32.7162
1818.000000,21,7.8597,191.1798,17.6474,-32.6904,-32.7224
1818.000000,22,7.8597,191.2579,17.6834,-32.7325,-32.7610
1818.000000,23,7.8597,191.3395,17.0215,-33.4760,-33.4956
1818.000000,24,7.8597,191.4246,15.4921,-35.0906,-35.1005
1819.000000,0,7.9352,191.7683,15.4502,-35.4760,-35.4862
1819.000000,1,7.9352,191.8451,17.1290,-33.8742,-33.8932
1819.000000,2,7.9352,191.9259,17.6984,-33.3856,-33.4119
1819.000000,3,7.9352,192.0109,17.6342,-33.5347,-33.5633
1819.000000,4,7.9352,192.1001,17.6702,-33.5880,-33.6126
1819.000000,5,7.9352,191.5855,16.2866,-34.4569,-34.4711
1819.000000,6,7.9352,191.6615,17.5058,-33.3137,-33.3371
1819.000000,7,7.9352,191.7413,17.6893,-33.2101,-33.2392
1819.000000,8,7.9352,191.8249,17.6215,-33.3615,-33.3900
1819.000000,9,7.9352,191.9127,17.5250,-33.5457,-33.5677
1819.000000,10,7.9352,191.4079,16.9322,-33.6337,-33.6524
1819.000000,11,7.9352,191.4833,17.6751,-32.9663,-32.9936
1819.000000,12,7.9352,191.5623,17.6762,-33.0441,-33.0748
1819.000000,13,7.9352,191.6450,17.6399,-33.1632,-33.1901
1819.000000,14,7.9352,191.7316,17.1299,-33.7597,-33.7781
1819.000000,15,7.9352,191.2349,17.3590,-33.0339,-33.0573
1819.000000,16,7.9352,191.3099,17.6608,-32.8071,-32.8376
1819.000000,17,7.9352,191.3884,17.6707,-32.8757,-32.9062
1819.000000,18,7.9352,191.4704,17.4157,-33.2127,-33.2365
1819.000000,19,7.9352,191.5560,16.4534,-34.2607,-34.2749
1819.000000,20,7.9352,191.0657,17.5634,-32.6604,-32.6880
1819.000000,21,7.9352,191.1406,17.6438,-32.6548,-32.6869
1819.000000,22,7.9352,191.2187,17.6821,-32.6947,-32.7233
1819.000000,23,7.9352,191.3003,16.9916,-33.4667,-33.4863
1819.000000,24,7.9352,191.3853,15.4493,-35.0941,-35.1040
1820.000000,0,8.0109,191.7255,15.4097,-35.4738,-35.4839
1820.000000,1,8.0109,191.8022,17.1197,-33.8406,-33.8596
1820.000000,2,8.0109,191.8829,17.6995,-33.3414,-33.3679
1820.000000,3,8.0109,191.9675,17.6411,-33.4845,-33.5133
1820.000000,4,8.0109,192.0565,17.6636,-33.5509,-33.5758
1820.000000,5,8.0109,191.5438,16.2690,-34.4329,-34.4471
1820.000000,6,8.0109,191.6198,17.5004,-33.2774,-33.3009
1820.000000,7,8.0109,191.6994,17.6906,-33.1668,-33.1962
1820.000000,8,8.0109,191.7829,17.6296,-33.3114,-33.3401
1820.000000,9,8.0109,191.8704,17.5150,-33.5135,-33.5356
1820.000000,10,8.0109,191.3673,16.9200,-33.6053,-33.6241
1820.000000,11,8.0109,191.4427,17.6705,-32.9302,-32.9577
1820.000000,12,8.0109,191.5216,17.6782,-33.0014,-33.0322
1820.000000,13,8.0109,191.6041,17.6456,-33.1165,-33.1436
1820.000000,14,8.0109,191.6905,17.1129,-33.7356,-33.7541
1820.000000,15,8.0109,191.1951,17.3487,-33.0044,-33.0279
1820.000000,16,8.0109,191.2701,17.6562,-32.7720,-32.8025
1820.000000,17,8.0109,191.3486,17.6695,-32.8371,-32.8677
1820.000000,18,8.0109,191.4305,17.4155,-33.1730,-33.1969
1820.000000,19,8.0109,191.5161,16.4254,-34.2487,-34.2629
1820.000000,20,8.0109,191.0267,17.5515,-32.6332,-32.6609
1820.000000,21,8.0109,191.1016,17.6394,-32.6202,-32.6523
1820.000000,22,8.0109,191.1797,17.6798,-32.6580,-32.6866
1820.000000,23,8.0109,191.2613,16.9604,-33.4589,-33.4785
1820.000000,24,8.0109,191.3462,15.4051,-35.0992,-35.1091
1821.000000,0,8.0868,191.6830,15.3682,-35.4728,-35.4829
1821.000000,1,8.0868,191.7596,17.1098,-33.8079,-33.8269
1821.000000,2,8.0868,191.8401,17.7002,-33.2979,-33.3245
1821.000000,3,8.0868,191.9245,17.6476,-33.4350,-33.4641
1821.000000,4,8.0868,192.0132,17.6564,-33.5149,-33.5399
1821.000000,5,8.0868,191.5025,16.2507,-34.4098,-34.4240
1821.000000,6,8.0868,191.5783,17.4944,-33.2420,-33.2655
1821.000000,7,8.0868,191.6578,17.6915,-33.1244,-33.1539
1821.000000,8,8.0868,191.7412,17.6371,-33.2621,-33.2911
1821.000000,9,8.0868,191.8285,17.5042,-33.4823,-33.5046
1821.000000,10,8.0868,191.3268,16.9070,-33.5779,-33.5967
1821.000000,11,8.0868,191.4022,17.6652,-32.8950,-32.9226
1821.000000,12,8.0868,191.4810,17.6796,-32.9595,-32.9905
1821.000000,13,8.0868,191.5635,17.6508,-33.0708,-33.0979
1821.000000,14,8.0868,191.6498,17.0951,-33.7127,-33.7312
1821.000000,15,8.0868,191.1555,17.3376,-32.9759,-32.9994
1821.000000,16,8.0868,191.2305,17.6509,-32.7377,-32.7684
1821.000000,17,8.0868,191.3090,17.6675,-32.7995,-32.8302
1821.000000,18,8.0868,191.3908,17.4147,-33.1342,-33.1581
1821.000000,19,8.0868,191.4763,16.3962,-34.2381,-34.2523
1821.000000,20,8.0868,190.9878,17.5388,-32.6071,-32.6348
1821.000000,21,8.0868,191.0628,17.6341,-32.5867,-32.6189
1821.000000,22,8.0868,191.1410,17.6766,-32.6224,-32.6511
1821.000000,23,8.0868,191.2225,16.9278,-33.4527,-33.4723
1821.000000,24,8.0868,191.3074,15.3594,-35.1060,-35.1158
1822.000000,0,8.1629,191.6408,15.3355,-35.4633,-35.4734
1822.000000,1,8.1629,191.7173,17.0993,-33.7760,-33.7952
1822.000000,2,8.1629,191.7976,17.7005,-33.2551,-33.2819
1822.000000,3,8.1629,191.8818,17.6535,-33.3863,-33.4156
1822.000000,4,8.1629,191.9702,17.6484,-33.4799,-33.5051
1822.000000,5,8.1629,191.4613,16.2316,-34.3878,-34.4020
1822.000000,6,8.1629,191.5371,17.4878,-33.2073,-33.2309
1822.000000,7,8.1629,191.6165,17.6918,-33.0828,-33.1124
1822.000000,8,8.1629,191.6997,17.6440,-33.2137,-33.2428
1822.000000,9,8.1629,191.7868,17.4926,-33.4522,-33.4746
1822.000000,10,8.1629,191.2866,16.8933,-33.5513,-33.5702
1822.000000,11,8.1629,191.3620,17.6594,-32.8606,-32.8883
1822.000000,12,8.1629,191.4408,17.6803,-32.9185,-32.9497
1822.000000,13,8.1629,191.5231,17.6552,-33.0260,-33.0532
1822.000000,14,8.1629,191.6093,17.0763,-33.6910,-33.7096
1822.000000,15,8.1629,191.1161,17.3257,-32.9484,-32.9720
1822.000000,16,8.1629,191.1912,17.6448,-32.7045,-32.7352
1822.000000,17,8.1629,191.2696,17.6678,-32.7598,-32.7906
1822.000000,18,8.1629,191.3514,17.4131,-33.0964,-33.1203
1822.000000,19,8.1629,191.4368,16.3659,-34.2289,-34.2431
1822.000000,20,8.1629,190.9491,17.5252,-32.5820,-32.6098
1822.000000,21,8.1629,191.0241,17.6279,-32.5543,-32.5866
1822.000000,22,8.1629,191.1023,17.6723,-32.5881,-32.6167
1822.000000,23,8.1629,191.1839,16.8937,-33.4482,-33.4677
1822.000000,24,8.1629,191.2688,15.3123,-35.1145,-35.1242
1823.000000,0,8.2392,191.5989,15.3063,-35.4506,-35.4606
1823.000000,1,8.2392,191.6752,17.0882,-33.7451,-33.7643
1823.000000,2,8.2392,191.7554,17.7003,-33.2131,-33.2401
1823.000000,3,8.2392,191.8394,17.6590,-33.3384,-33.3679
1823.000000,4,8.2392,191.9276,17.6397,-33.4459,-33.4714
1823.000000,5,8.2392,191.4204,16.2117,-34.3667,-34.3809
1823.000000,6,8.2392,191.4962,17.4806,-33.1736,-33.1972
1823.000000,7,8.2392,191.5755,17.6916,-33.0419,-33.0718
1823.000000,8,8.2392,191.6585,17.6504,-33.1662,-33.1955
1823.000000,9,8.2392,191.7454,17.4803,-33.4232,-33.4458
1823.000000,10,8.2392,191.2466,16.8789,-33.5258,-33.5446
1823.000000,11,8.2392,191.3220,17.6529,-32.8271,-32.8549
1823.000000,12,8.2392,191.4007,17.6803,-32.8785,-32.9098
1823.000000,13,8.2392,191.4830,17.6590,-32.9821,-33.0094
1823.000000,14,8.2392,191.5690,17.0565,-33.6705,-33.6892
1823.000000,15,8.2392,191.0769,17.3130,-32.9219,-32.9455
1823.000000,16,8.2392,191.1520,17.6378,-32.6722,-32.7030
1823.000000,17,8.2392,191.2304,17.6682,-32.7203,-32.7512
1823.000000,18,8.2392,191.3122,17.4106,-33.0596,-33.0836
1823.000000,19,8.2392,191.3975,16.3344,-34.2211,-34.2353
1823.000000,20,8.2392,190.9106,17.5326,-32.5361,-32.5639
1823.000000,21,8.2392,190.9857,17.6206,-32.5231,-32.5555
1823.000000,22,8.2392,191.0639,17.6671,-32.5549,-32.5836
1823.000000,23,8.2392,191.1454,16.8754,-33.4281,-33.4476
1823.000000,24,8.2392,191.2303,15.2636,-35.1247,-35.1344
1824.000000,0,8.3156,191.5572,15.2762,-35.4390,-35.4490
1824.000000,1,8.3156,191.6335,17.0764,-33.7151,-33.7343
1824.000000,2,8.3156,191.7135,17.6996,-33.1719,-33.1989
1824.000000,3,8.3156,191.7973,17.6640,-33.2913,-33.3210
1824.000000,4,8.3156,191.8853,17.6303,-33.4130,-33.4387
1824.000000,5,8.3156,191.3797,16.1911,-34.3467,-34.3609
1824.000000,6,8.3156,191.4554,17.4728,-33.1406,-33.1644
1824.000000,7,8.3156,191.5347,17.6908,-33.0019,-33.0319
1824.000000,8,8.3156,191.6176,17.6561,-33.1195,-33.1490
1824.000000,9,8.3156,191.7044,17.4670,-33.3954,-33.4181
1824.000000,10,8.3156,191.2068,16.8637,-33.5012,-33.5201
1824.000000,11,8.3156,191.2822,17.6457,-32.7945,-32.8224
1824.000000,12,8.3156,191.3609,17.6795,-32.8394,-32.8708
1824.000000,13,8.3156,191.4431,17.6620,-32.9391,-32.9666
1824.000000,14,8.3156,191.5290,17.0357,-33.6513,-33.6700
1824.000000,15,8.3156,191.0378,17.2995,-32.8964,-32.9200
1824.000000,16,8.3156,191.1130,17.6301,-32.6409,-32.6719
1824.000000,17,8.3156,191.1914,17.6676,-32.6818,-32.7128
1824.000000,18,8.3156,191.2732,17.4073,-33.0239,-33.0479
1824.000000,19,8.3156,191.3584,16.3017,-34.2148,-34.2289
1824.000000,20,8.3156,190.8723,17.5411,-32.4892,-32.5171
1824.000000,21,8.3156,190.9474,17.6124,-32.4931,-32.5255
1824.000000,22,8.3156,191.0257,17.6607,-32.5230,-32.5517
1824.000000,23,8.3156,191.1072,16.8614,-33.4038,-33.4233
1824.000000,24,8.3156,191.1921,15.2134,-35.1367,-35.1463
1825.000000,0,8.3923,191.5157,15.2453,-35.4285,-35.4385
1825.000000,1,8.3923,191.5919,17.0640,-33.6860,-33.7052
1825.000000,2,8.3923,191.6718,17.6984,-33.1314,-33.1586
1825.000000,3,8.3923,191.7555,17.6685,-33.2451,-33.2749
1825.000000,4,8.3923,191.8432,17.6201,-33.3812,-33.4071
1825.000000,5,8.3923,191.3393,16.1696,-34.3277,-34.3418
1825.000000,6,8.3923,191.4149,17.4644,-33.1086,-33.1324
1825.000000,7,8.3923,191.4941,17.6894,-32.9628,-32.9929
1825.000000,8,8.3923,191.5769,17.6612,-33.0738,-33.1034
1825.000000,9,8.3923,191.6635,17.4529,-33.3686,-33.3915
1825.000000,10,8.3923,191.1672,16.8476,-33.4776,-33.4965
1825.000000,11,8.3923,191.2426,17.6378,-32.7628,-32.7907
1825.000000,12,8.3923,191.3212,17.6781,-32.8012,-32.8327
1825.000000,13,8.3923,191.4034,17.6643,-32.8971,-32.9247
1825.000000,14,8.3923,191.4892,17.0139,-33.6333,-33.6521
1825.000000,15,8.3923,190.9990,17.2851,-32.8719,-32.8956
1825.000000,16,8.3923,191.0742,17.6215,-32.6107,-32.6417
1825.000000,17,8.3923,191.1526,17.6661,-32.6445,-32.6756
1825.000000,18,8.3923,191.2344,17.4031,-32.9893,-33.0134
1825.000000,19,8.3923,191.3196,16.2677,-34.2099,-34.2240
1825.000000,20,8.3923,190.8340,17.5489,-32.4432,-32.4711
1825.000000,21,8.3923,190.9093,17.6218,-32.4455,-32.4779
1825.000000,22,8.3923,190.9876,17.6533,-32.4923,-32.5210
1825.000000,23,8.3923,191.0692,16.8464,-33.3808,-33.4003
1825.000000,24,8.3923,191.1541,15.1616,-35.1505,-35.1600
1826.000000,0,8.4692,191.4745,15.2134,-35.4192,-35.4291
1826.000000,1,8.4692,191.5507,17.0509,-33.6578,-33.6770
1826.000000,2,8.4692,191.6304,17.6967,-33.0918,-33.1190
1826.000000,3,8.4692,191.7140,17.6724,-33.1996,-33.2297
1826.000000,4,8.4692,191.8015,17.6091,-33.3505,-33.3765
1826.000000,5,8.4692,191.2990,16.1474,-34.3097,-34.3239
1826.000000,6,8.4692,191.3747,17.4552,-33.0775,-33.1014
1826.000000,7,8.4692,191.4538,17.6873,-32.9245,-32.9547
1826.000000,8,8.4692,191.5365,17.6656,-33.0290,-33.0588
1826.000000,9,8.4692,191.6230,17.4379,-33.3431,-33.3660
1826.000000,10,8.4692,191.1278,16.8308,-33.4551,-33.4740
1826.000000,11,8.4692,191.2032,17.6292,-32.7320,-32.7600
1826.000000,12,8.4692,191.2818,17.6759,-32.7640,-32.7956
1826.000000,13,8.4692,191.3640,17.6659,-32.8561,-32.8838
1826.000000,14,8.4692,191.4497,16.9911,-33.6166,-33.6354
1826.000000,15,8.4692,190.9603,17.2698,-32.8486,-32.8722
1826.000000,16,8.4692,191.0355,17.6211,-32.5724,-32.6035
1826.000000,17,8.4692,191.1140,17.6637,-32.6083,-32.6395
1826.000000,18,8.4692,191.1957,17.3980,-32.9558,-32.9799
1826.000000,19,8.4692,191.2809,16.2324,-34.2065,-34.2206
1826.000000,20,8.4692,190.7960,17.5559,-32.3981,-32.4260
1826.000000,21,8.4692,190.8713,17.6335,-32.3959,-32.4283
1826.000000,22,8.4692,190.9497,17.6448,-32.4630,-32.4917
1826.000000,23,8.4692,191.0313,16.8301,-33.3592,-33.3786
1826.000000,24,8.4692,191.1162,15.1081,-35.1661,-35.1756
1827.000000,0,8.5462,191.4336,15.1805,-35.4111,-35.4209
1827.000000,1,8.5462,191.5097,17.0371,-33.6306,-33.6498
1827.000000,2,8.5462,191.5893,17.6945,-33.0529,-33.0803
1827.000000,3,8.5462,191.6727,17.6758,-33.1550,-33.1852
1827.000000,4,8.5462,191.7601,17.6177,-33.3004,-33.3266
1827.000000,5,8.5462,191.2590,16.1242,-34.2928,-34.3070
1827.000000,6,8.5462,191.3346,17.4454,-33.0473,-33.0712
1827.000000,7,8.5462,191.4137,17.6847,-32.8871,-32.9174
1827.000000,8,8.5462,191.4963,17.6693,-32.9851,-33.0150
1827.000000,9,8.5462,191.5827,17.4220,-33.3187,-33.3418
1827.000000,10,8.5462,191.0886,16.8130,-33.4336,-33.4525
1827.000000,11,8.5462,191.1640,17.6199,-32.7021,-32.7302
1827.000000,12,8.5462,191.2426,17.6729,-32.7278,-32.7595
1827.000000,13,8.5462,191.3247,17.6666,-32.8161,-32.8439
1827.000000,14,8.5462,191.4103,16.9671,-33.6013,-33.6201
1827.000000,15,8.5462,190.9218,17.2535,-32.8263,-32.8500
1827.000000,16,8.5462,190.9971,17.6318,-32.5234,-32.5545
1827.000000,17,8.5462,191.0756,17.6603,-32.5733,-32.6045
1827.000000,18,8.5462,191.1573,17.3919,-32.9235,-32.9476
1827.000000,19,8.5462,191.2425,16.1958,-34.2047,-34.2188
1827.000000,20,8.5462,190.7581,17.5622,-32.3539,-32.3818
1827.000000,21,8.5462,190.8335,17.6443,-32.3472,-32.3796
1827.000000,22,8.5462,190.9120,17.6350,-32.4350,-32.4636
1827.000000,23,8.5462,190.9936,16.8127,-33.3390,-33.3583
1827.000000,24,8.5462,191.0785,15.0530,-35.1836,-35.1930
1828.000000,0,8.6235,191.3929,15.1467,-35.4042,-35.4140
1828.000000,1,8.6235,191.4689,17.0226,-33.6043,-33.6236
1828.000000,2,8.6235,191.5485,17.6917,-33.0148,-33.0423
1828.000000,3,8.6235,191.6318,17.6786,-33.1112,-33.1416
1828.000000,4,8.6235,191.7189,17.6260,-33.2510,-33.2774
1828.000000,5,8.6235,191.2192,16.1002,-34.2771,-34.2912
1828.000000,6,8.6235,191.2948,17.4348,-33.0180,-33.0420
1828.000000,7,8.6235,191.3738,17.6813,-32.8505,-32.8810
1828.000000,8,8.6235,191.4564,17.6723,-32.9421,-32.9722
1828.000000,9,8.6235,191.5426,17.4052,-33.2955,-33.3187
1828.000000,10,8.6235,191.0495,16.7944,-33.4132,-33.4321
1828.000000,11,8.6235,191.1249,17.6097,-32.6732,-32.7014
1828.000000,12,8.6235,191.2036,17.6691,-32.6926,-32.7244
1828.000000,13,8.6235,191.2857,17.6666,-32.7771,-32.8050
1828.000000,14,8.6235,191.3713,16.9421,-33.5872,-33.6061
1828.000000,15,8.6235,190.8834,17.2363,-32.8052,-32.8289
1828.000000,16,8.6235,190.9588,17.6417,-32.4751,-32.5063
1828.000000,17,8.6235,191.0373,17.6559,-32.5394,-32.5707
1828.000000,18,8.6235,191.1191,17.3849,-32.8923,-32.9164
1828.000000,19,8.6235,191.2042,16.1578,-34.2045,-34.2185
1828.000000,20,8.6235,190.7203,17.5676,-32.3107,-32.3386
1828.000000,21,8.6235,190.7958,17.6543,-32.2995,-32.3320
1828.000000,22,8.6235,190.8744,17.6241,-32.4083,-32.4370
1828.000000,23,8.6235,190.9561,16.7940,-33.3201,-33.3394
1828.000000,24,8.6235,191.0410,14.9960,-35.2030,-35.2124
1829.000000,0,8.7010,191.3523,15.1119,-35.3985,-35.4083
1829.000000,1,8.7010,191.4283,17.0073,-33.5790,-33.5983
1829.000000,2,8.7010,191.5078,17.6884,-32.9775,-33.0051
1829.000000,3,8.7010,191.5910,17.6807,-33.0683,-33.0989
1829.000000,4,8.7010,191.6780,17.6336,-33.2024,-33.2290
1829.000000,5,8.7010,191.1795,16.0752,-34.2624,-34.2765
1829.000000,6,8.7010,191.2552,17.4235,-32.9897,-33.0137
1829.000000,7,8.7010,191.3342,17.6773,-32.8149,-32.8455
1829.000000,8,8.7010,191.4166,17.6745,-32.9002,-32.9304
1829.000000,9,8.7010,191.5028,17.3873,-33.2735,-33.2968
1829.000000,10,8.7010,191.0107,16.7748,-33.3939,-33.4127
1829.000000,11,8.7010,191.0861,17.5988,-32.6453,-32.6735
1829.000000,12,8.7010,191.1648,17.6644,-32.6584,-32.6904
1829.000000,13,8.7010,191.2469,17.6657,-32.7392,-32.7672
1829.000000,14,8.7010,191.3324,16.9158,-33.5746,-33.5935
1829.000000,15,8.7010,190.8452,17.2181,-32.7852,-32.8089
1829.000000,16,8.7010,190.9207,17.6510,-32.4277,-32.4589
1829.000000,17,8.7010,190.9992,17.6505,-32.5068,-32.5381
1829.000000,18,8.7010,191.0811,17.3768,-32.8623,-32.8864
1829.000000,19,8.7010,191.1662,16.1184,-34.2059,-34.2199
1829.000000,20,8.7010,190.6827,17.5723,-32.2685,-32.2963
1829.000000,21,8.7010,190.7583,17.6635,-32.2529,-32.2853
1829.000000,22,8.7010,190.8370,17.6119,-32.3831,-32.4117
1829.000000,23,8.7010,190.9187,16.7741,-33.3027,-33.3219
1829.000000,24,8.7010,191.0037,14.9373,-35.2244,-35.2337
1830.000000,0,8.7786,191.3121,15.0760,-35.3941,-35.4038
1830.000000,1,8.7786,191.3880,16.9913,-33.5548,-33.5741
1830.000000,2,8.7786,191.4675,17.6844,-32.9411,-32.9688
1830.000000,3,8.7786,191.5505,17.6823,-33.0263,-33.0571
1830.000000,4,8.7786,191.6374,17.6407,-33.1547,-33.1815
1830.000000,5,8.7786,191.1401,16.0493,-34.2489,-34.2629
1830.000000,6,8.7786,191.2157,17.4115,-32.9623,-32.9863
1830.000000,7,8.7786,191.2947,17.6726,-32.7802,-32.8109
1830.000000,8,8.7786,191.3772,17.6760,-32.8592,-32.8896
1830.000000,9,8.7786,191.4632,17.3906,-33.2306,-33.2540
1830.000000,10,8.7786,190.9720,16.7543,-33.3757,-33.3945
1830.000000,11,8.7786,191.0475,17.5871,-32.6184,-32.6467
1830.000000,12,8.7786,191.1262,17.6589,-32.6253,-32.6574
1830.000000,13,8.7786,191.2082,17.6639,-32.7024,-32.7304
1830.000000,14,8.7786,191.2937,16.8884,-33.5633,-33.5823
1830.000000,15,8.7786,190.8071,17.1988,-32.7664,-32.7901
1830.000000,16,8.7786,190.8827,17.6597,-32.3811,-32.4123
1830.000000,17,8.7786,190.9613,17.6440,-32.4754,-32.5067
1830.000000,18,8.7786,191.0432,17.3677,-32.8336,-32.8577
1830.000000,19,8.7786,191.1283,16.0775,-34.2089,-34.2229
1830.000000,20,8.7786,190.6452,17.5760,-32.2272,-32.2550
1830.000000,21,8.7786,190.7209,17.6717,-32.2073,-32.2396
1830.000000,22,8.7786,190.7997,17.5984,-32.3593,-32.3878
1830.000000,23,8.7786,190.8815,16.7529,-33.2867,-33.3058
1830.000000,24,8.7786,190.9665,14.8767,-35.2479,-35.2571
1831.000000,0,8.8565,191.2720,15.0391,-35.3909,-35.4006
1831.000000,1,8.8565,191.3479,16.9744,-33.5315,-33.5508
1831.000000,2,8.8565,191.4273,17.6798,-32.9055,-32.9333
1831.000000,3,8.8565,191.5103,17.6831,-32.9852,-33.0161
1831.000000,4,8.8565,191.5970,17.6471,-33.1079,-33.1348
1831.000000,5,8.8565,191.1008,16.0224,-34.2365,-34.2505
1831.000000,6,8.8565,191.1765,17.3986,-32.9359,-32.9600
1831.000000,7,8.8565,191.2555,17.6671,-32.7464,-32.7772
1831.000000,8,8.8565,191.3379,17.6767,-32.8192,-32.8497
1831.000000,9,8.8565,191.4238,17.3933,-33.1886,-33.2121
1831.000000,10,8.8565,190.9334,16.7328,-33.3586,-33.3774
1831.000000,11,8.8565,191.0090,17.5745,-32.5926,-32.6208
1831.000000,12,8.8565,191.0878,17.6525,-32.5933,-32.6254
1831.000000,13,8.8565,191.1698,17.6612,-32.6666,-32.6947
1831.000000,14,8.8565,191.2552,16.8598,-33.5535,-33.5725
1831.000000,15,8.8565,190.7692,17.1827,-32.7446,-32.7683
1831.000000,16,8.8565,190.8449,17.6676,-32.3354,-32.3666
1831.000000,17,8.8565,190.9236,17.6363,-32.4453,-32.4767
1831.000000,18,8.8565,191.0055,17.3575,-32.8061,-32.8302
1831.000000,19,8.8565,191.0906,16.0351,-34.2136,-34.2276
1831.000000,20,8.8565,190.6078,17.5789,-32.1870,-32.2148
1831.000000,21,8.8565,190.6837,17.6790,-32.1627,-32.1950
1831.000000,22,8.8565,190.7626,17.5836,-32.3370,-32.3655
1831.000000,23,8.8565,190.8445,16.7303,-33.2722,-33.2912
1831.000000,24,8.8565,190.9296,14.8142,-35.2734,-35.2825
1832.000000,0,8.9346,191.2321,15.0011,-35.3891,-35.3987
1832.000000,1,8.9346,191.3080,16.9567,-33.5093,-33.5286
1832.000000,2,8.9346,191.3874,17.6746,-32.8708,-32.8987
1832.000000,3,8.9346,191.4703,17.6834,-32.9450,-32.9760
1832.000000,4,8.9346,191.5569,17.6530,-33.0620,-33.0891
1832.000000,5,8.9346,191.0618,15.9945,-34.2253,-34.2393
1832.000000,6,8.9346,191.1375,17.3849,-32.9106,-32.9346
1832.000000,7,8.9346,191.2164,17.6609,-32.7136,-32.7445
1832.000000,8,8.9346,191.2988,17.6765,-32.7803,-32.8109
1832.000000,9,8.9346,191.3847,17.3953,-33.1475,-33.1711
1832.000000,10,8.9346,190.8951,16.7103,-33.3427,-33.3615
1832.000000,11,8.9346,190.9707,17.5610,-32.5677,-32.5961
1832.000000,12,8.9346,191.0495,17.6451,-32.5624,-32.5946
1832.000000,13,8.9346,191.1315,17.6576,-32.6320,-32.6601
1832.000000,14,8.9346,191.2170,16.8334,-33.5417,-33.5607
1832.000000,15,8.9346,190.7315,17.1851,-32.7045,-32.7281
1832.000000,16,8.9346,190.8072,17.6747,-32.2905,-32.3218
1832.000000,17,8.9346,190.8860,17.6275,-32.4165,-32.4479
1832.000000,18,8.9346,190.9680,17.3462,-32.7798,-32.8039
1832.000000,19,8.9346,191.0531,15.9912,-34.2200,-34.2340
1832.000000,20,8.9346,190.5706,17.5808,-32.1479,-32.1756
1832.000000,21,8.9346,190.6466,17.6854,-32.1193,-32.1515
1832.000000,22,8.9346,190.7256,17.5675,-32.3162,-32.3446
1832.000000,23,8.9346,190.8076,16.7064,-33.2593,-33.2782
1832.000000,24,8.9346,190.8927,14.7498,-35.3010,-35.3100
1833.000000,0,9.0128,191.1924,14.9619,-35.3886,-35.3981
1833.000000,1,9.0128,191.2684,16.9382,-33.4882,-33.5074
1833.000000,2,9.0128,191.3477,17.6687,-32.8370,-32.8649
1833.000000,3,9.0128,191.4305,17.6829,-32.9057,-32.9369
1833.000000,4,9.0128,191.5170,17.6581,-33.0169,-33.0442
1833.000000,5,9.0128,191.0229,15.9656,-34.2154,-34.2292
1833.000000,6,9.0128,191.0986,17.3704,-32.8862,-32.9103
1833.000000,7,9.0128,191.1776,17.6539,-32.6818,-32.7128
1833.000000,8,9.0128,191.2599,17.6755,-32.7424,-32.7731
1833.000000,9,9.0128,191.3458,17.3965,-33.1073,-33.1310
1833.000000,10,9.0128,190.8568,16.6868,-33.3281,-33.3468
1833.000000,11,9.0128,190.9326,17.5557,-32.5349,-32.5632
1833.000000,12,9.0128,191.0114,17.6368,-32.5327,-32.5649
1833.000000,13,9.0128,191.0935,17.6531,-32.5985,-32.6267
1833.000000,14,9.0128,191.1789,16.8264,-33.5105,-33.5296
1833.000000,15,9.0128,190.6939,17.1866,-32.6653,-32.6889
1833.000000,16,9.0128,190.7697,17.6811,-32.2467,-32.2779
1833.000000,17,9.0128,190.8486,17.6175,-32.3891,-32.4205
1833.000000,18,9.0128,190.9306,17.3337,-32.7549,-32.7790
1833.000000,19,9.0128,191.0158,15.9456,-34.2282,-34.2421
1833.000000,20,9.0128,190.5335,17.5817,-32.1098,-32.1375
1833.000000,21,9.0128,190.6097,17.6907,-32.0770,-32.1091
1833.000000,22,9.0128,190.6888,17.5499,-32.2969,-32.3253
1833.000000,23,9.0128,190.7709,16.6810,-33.2479,-33.2667
1833.000000,24,9.0128,190.8561,14.6833,-35.3308,-35.3398
1834.000000,0,9.0913,191.1529,14.9216,-35.3894,-35.3988
1834.000000,1,9.0913,191.2289,16.9188,-33.4681,-33.4874
1834.000000,2,9.0913,191.3082,17.6622,-32.8041,-32.8321
1834.000000,3,9.0913,191.3910,17.6817,-32.8674,-32.8987
1834.000000,4,9.0913,191.4774,17.6626,-32.9728,-33.0002
1834.000000,5,9.0913,190.9842,15.9355,-34.2066,-34.2205
1834.000000,6,9.0913,191.0599,17.3550,-32.8630,-32.8870
1834.000000,7,9.0913,191.1389,17.6460,-32.6510,-32.6820
1834.000000,8,9.0913,191.2213,17.6737,-32.7056,-32.7365
1834.000000,9,9.0913,191.3071,17.3969,-33.0682,-33.0920
1834.000000,10,9.0913,190.8188,16.6622,-33.3147,-33.3334
1834.000000,11,9.0913,190.8946,17.5628,-32.4899,-32.5182
1834.000000,12,9.0913,190.9735,17.6275,-32.5041,-32.5363
1834.000000,13,9.0913,191.0556,17.6475,-32.5661,-32.5944
1834.000000,14,9.0913,191.1410,16.8185,-33.4805,-33.4996
1834.000000,15,9.0913,190.6564,17.1873,-32.6271,-32.6506
1834.000000,16,9.0913,190.7324,17.6867,-32.2037,-32.2349
1834.000000,17,9.0913,190.8113,17.6244,-32.3450,-32.3763
1834.000000,18,9.0913,190.8934,17.3201,-32.7314,-32.7554
1834.000000,19,9.0913,190.9787,15.8984,-34.2383,-34.2521
1834.000000,20,9.0913,190.4965,17.5817,-32.0729,-32.1004
1834.000000,21,9.0913,190.5728,17.6951,-32.0358,-32.0679
1834.000000,22,9.0913,190.6521,17.5308,-32.2793,-32.3075
1834.000000,23,9.0913,190.7343,16.6542,-33.2382,-33.2569
1834.000000,24,9.0913,190.8195,14.6147,-35.3629,-35.3717
1835.000000,0,9.1700,191.1137,14.8801,-35.3916,-35.4010
1835.000000,1,9.1700,191.1896,16.8985,-33.4492,-33.4684
1835.000000,2,9.1700,191.2689,17.6549,-32.7720,-32.8001
1835.000000,3,9.1700,191.3516,17.6797,-32.8300,-32.8615
1835.000000,4,9.1700,191.4380,17.6663,-32.9297,-32.9572
1835.000000,5,9.1700,190.9456,15.9044,-34.1992,-34.2130
1835.000000,6,9.1700,191.0214,17.3387,-32.8408,-32.8648
1835.000000,7,9.1700,191.1005,17.6373,-32.6212,-32.6523
1835.000000,8,9.1700,191.1828,17.6709,-32.6700,-32.7009
1835.000000,9,9.1700,191.2686,17.3966,-33.0300,-33.0539
1835.000000,10,9.1700,190.7809,16.6364,-33.3025,-33.3211
1835.000000,11,9.1700,190.8568,17.5691,-32.4457,-32.4740
1835.000000,12,9.1700,190.9357,17.6171,-32.4766,-32.5090
1835.000000,13,9.1700,191.0179,17.6409,-32.5350,-32.5633
1835.000000,14,9.1700,191.1033,16.8097,-33.4516,-33.4707
1835.000000,15,9.1700,190.6190,17.1871,-32.5900,-32.6135
1835.000000,16,9.1700,190.6951,17.6914,-32.1618,-32.1929
1835.000000,17,9.1700,190.7742,17.6366,-32.2956,-32.3269
1835.000000,18,9.1700,190.8564,17.3052,-32.7092,-32.7331
1835.000000,19,9.1700,190.9417,15.8545,-34.2452,-34.2590
1835.000000,20,9.1700,190.4597,17.5806,-32.0371,-32.0646
1835.000000,21,9.1700,190.5361,17.6983,-31.9959,-32.0279
1835.000000,22,9.1700,190.6155,17.5103,-32.2633,-32.2914
1835.000000,23,9.1700,190.6978,16.6258,-33.2301,-33.2486
1835.000000,24,9.1700,190.7832,14.5440,-35.3972,-35.4060
1836.000000,0,9.2488,191.0745,14.8374,-35.3952,-35.4045
1836.000000,1,9.2488,191.1505,16.8772,-33.4314,-33.4505
1836.000000,2,9.2488,191.2298,17.6469,-32.7410,-32.7691
1836.000000,3,9.2488,191.3125,17.6770,-32.7936,-32.8252
1836.000000,4,9.2488,191.3988,17.6693,-32.8875,-32.9151
1836.000000,5,9.2488,190.9072,15.8722,-34.1931,-34.2068
1836.000000,6,9.2488,190.9831,17.3215,-32.8197,-32.8437
1836.000000,7,9.2488,191.0622,17.6278,-32.5924,-32.6236
1836.000000,8,9.2488,191.1445,17.6672,-32.6354,-32.6664
1836.000000,9,9.2488,191.2303,17.3954,-32.9929,-33.0168
1836.000000,10,9.2488,190.7431,16.6095,-33.2916,-33.3102
1836.000000,11,9.2488,190.8191,17.5747,-32.4024,-32.4307
1836.000000,12,9.2488,190.8982,17.6263,-32.4299,-32.4622
1836.000000,13,9.2488,190.9804,17.6333,-32.5051,-32.5334
1836.000000,14,9.2488,191.0658,16.7999,-33.4239,-33.4430
1836.000000,15,9.2488,190.5818,17.1859,-32.5539,-32.5773
1836.000000,16,9.2488,190.6580,17.6953,-32.1208,-32.1519
1836.000000,17,9.2488,190.7372,17.6479,-32.2474,-32.2786
1836.000000,18,9.2488,190.8195,17.2891,-32.6884,-32.7123
1836.000000,19,9.2488,190.9048,15.8306,-34.2323,-34.2460
1836.000000,20,9.2488,190.4229,17.5784,-32.0026,-32.0299
1836.000000,21,9.2488,190.4996,17.7004,-31.9572,-31.9890
1836.000000,22,9.2488,190.5791,17.5000,-32.2371,-32.2651
1836.000000,23,9.2488,190.6615,16.5959,-33.2237,-33.2421
1836.000000,24,9.2488,190.7470,14.4711,-35.4339,-35.4426
1837.000000,0,9.3279,191.0356,14.7934,-35.4003,-35.4095
1837.000000,1,9.3279,191.1117,16.8550,-33.4147,-33.4338
1837.000000,2,9.3279,191.1910,17.6381,-32.7109,-32.7390
1837.000000,3,9.3279,191.2736,17.6734,-32.7582,-32.7900
1837.000000,4,9.3279,191.3598,17.6716,-32.8463,-32.8741
1837.000000,5,9.3279,190.8690,15.8388,-34.1882,-34.2019
1837.000000,6,9.3279,190.9450,17.3033,-32.7997,-32.8238
1837.000000,7,9.3279,191.0241,17.6173,-32.5648,-32.5960
1837.000000,8,9.3279,191.1065,17.6625,-32.6020,-32.6331
1837.000000,9,9.3279,191.1922,17.3934,-32.9568,-32.9808
1837.000000,10,9.3279,190.7055,16.5814,-33.2821,-33.3006
1837.000000,11,9.3279,190.7816,17.5795,-32.3601,-32.3883
1837.000000,12,9.3279,190.8607,17.6376,-32.3812,-32.4135
1837.000000,13,9.3279,190.9430,17.6245,-32.4765,-32.5048
1837.000000,14,9.3279,191.0285,16.7891,-33.3974,-33.4164
1837.000000,15,9.3279,190.5447,17.1838,-32.5190,-32.5423
1837.000000,16,9.3279,190.6211,17.6983,-32.0808,-32.1119
1837.000000,17,9.3279,190.7004,17.6582,-32.2003,-32.2315
1837.000000,18,9.3279,190.7827,17.2717,-32.6691,-32.6929
1837.000000,19,9.3279,190.8682,15.8055,-34.2207,-34.2344
1837.000000,20,9.3279,190.3863,17.5751,-31.9692,-31.9964
1837.000000,21,9.3279,190.4631,17.7015,-31.9197,-31.9515
1837.000000,22,9.3279,190.5428,17.5026,-32.1982,-32.2260
1837.000000,23,9.3279,190.6253,16.5644,-33.2190,-33.2373
1837.000000,24,9.3279,190.7109,14.3959,-35.4730,-35.4816
1838.000000,0,9.4072,190.9969,14.7481,-35.4068,-35.4160
1838.000000,1,9.4072,191.0729,16.8318,-33.3992,-33.4183
1838.000000,2,9.4072,191.1523,17.6286,-32.6817,-32.7099
1838.000000,3,9.4072,191.2349,17.6691,-32.7239,-32.7557
1838.000000,4,9.4072,191.3211,17.6731,-32.8060,-32.8340
1838.000000,5,9.4072,190.8309,15.8041,-34.1848,-34.1984
1838.000000,6,9.4072,190.9070,17.2841,-32.7809,-32.8049
1838.000000,7,9.4072,190.9862,17.6269,-32.5172,-32.5485
1838.000000,8,9.4072,191.0685,17.6568,-32.5697,-32.6009
1838.000000,9,9.4072,191.1543,17.3905,-32.9218,-32.9459
1838.000000,10,9.4072,190.6680,16.5521,-33.2740,-33.2924
1838.000000,11,9.4072,190.7442,17.5836,-32.3187,-32.3469
1838.000000,12,9.4072,190.8235,17.6481,-32.3334,-32.3657
1838.000000,13,9.4072,190.9058,17.6147,-32.4491,-32.4775
1838.000000,14,9.4072,190.9913,16.7772,-33.3721,-33.3911
1838.000000,15,9.4072,190.5077,17.1806,-32.4852,-32.5084
1838.000000,16,9.4072,190.5843,17.7004,-32.0419,-32.0729
1838.000000,17,9.4072,190.6637,17.6674,-32.1543,-32.1855
1838.000000,18,9.4072,190.7462,17.2530,-32.6512,-32.6750
1838.000000,19,9.4072,190.8317,15.7791,-34.2106,-34.2242
1838.000000,20,9.4072,190.3498,17.5707,-31.9371,-31.9642
1838.000000,21,9.4072,190.4268,17.7013,-31.8835,-31.9152
1838.000000,22,9.4072,190.5066,17.5040,-32.1606,-32.1883
1838.000000,23,9.4072,190.5893,16.5312,-33.2161,-33.2343
1838.000000,24,9.4072,190.6750,14.3184,-35.5146,-35.5231
1839.000000,0,9.4866,190.9583,14.7014,-35.4149,-35.4240
1839.000000,1,9.4866,191.0344,16.8076,-33.3849,-33.4039
1839.000000,2,9.4866,191.1138,17.6182,-32.6536,-32.6818
1839.000000,3,9.4866,191.1964,17.6639,-32.6906,-32.7225
1839.000000,4,9.4866,191.2825,17.6737,-32.7668,-32.7949
1839.000000,5,9.4866,190.7930,15.7683,-34.1827,-34.1962
1839.000000,6,9.4866,190.8691,17.2638,-32.7633,-32.7873
1839.000000,7,9.4866,190.9484,17.6375,-32.4689,-32.5002
1839.000000,8,9.4866,191.0308,17.6501,-32.5387,-32.5699
1839.000000,9,9.4866,191.1165,17.3867,-32.8879,-32.9120
1839.000000,10,9.4866,190.6306,16.5215,-33.2672,-33.2856
1839.000000,11,9.4866,190.7070,17.5867,-32.2783,-32.3065
1839.000000,12,9.4866,190.7863,17.6578,-32.2866,-32.3189
1839.000000,13,9.4866,190.8687,17.6036,-32.4231,-32.4514
1839.000000,14,9.4866,190.9543,16.7643,-33.3480,-33.3670
1839.000000,15,9.4866,190.4709,17.1764,-32.4525,-32.4756
1839.000000,16,9.4866,190.5476,17.7015,-32.0041,-32.0350
1839.000000,17,9.4866,190.6272,17.6756,-32.1096,-32.1406
1839.000000,18,9.4866,190.7097,17.2328,-32.6349,-32.6586
1839.000000,19,9.4866,190.7953,15.7513,-34.2020,-34.2155
1839.000000,20,9.4866,190.3134,17.5651,-31.9063,-31.9333
1839.000000,21,9.4866,190.3906,17.6999,-31.8487,-31.8802
1839.000000,22,9.4866,190.4705,17.5041,-32.1245,-32.1520
1839.000000,23,9.4866,190.5534,16.4964,-33.2151,-33.2331
1839.000000,24,9.4866,190.6392,14.2606,-35.5366,-35.5450
1840.000000,0,9.5663,190.9199,14.6534,-35.4245,-35.4334
1840.000000,1,9.5663,190.9961,16.7823,-33.3718,-33.3908
1840.000000,2,9.5663,191.0754,17.6071,-32.6264,-32.6546
1840.000000,3,9.5663,191.1581,17.6578,-32.6584,-32.6904
1840.000000,4,9.5663,191.2442,17.6735,-32.7287,-32.7568
1840.000000,5,9.5663,190.7552,15.7311,-34.1821,-34.1955
1840.000000,6,9.5663,190.8315,17.2426,-32.7469,-32.7708
1840.000000,7,9.5663,190.9108,17.6474,-32.4214,-32.4527
1840.000000,8,9.5663,190.9933,17.6424,-32.5089,-32.5402
1840.000000,9,9.5663,191.0790,17.3819,-32.8551,-32.8793
1840.000000,10,9.5663,190.5934,16.4896,-33.2619,-33.2802
1840.000000,11,9.5663,190.6699,17.5890,-32.2389,-32.2670
1840.000000,12,9.5663,190.7494,17.6666,-32.2408,-32.2730
1840.000000,13,9.5663,190.8318,17.5914,-32.3985,-32.4268
1840.000000,14,9.5663,190.9175,16.7503,-33.3252,-33.3442
1840.000000,15,9.5663,190.4342,17.1712,-32.4211,-32.4440
1840.000000,16,9.5663,190.5110,17.7016,-31.9674,-31.9982
1840.000000,17,9.5663,190.5907,17.6827,-32.0661,-32.0970
1840.000000,18,9.5663,190.6734,17.2113,-32.6202,-32.6438
1840.000000,19,9.5663,190.7591,15.7222,-34.1950,-34.2084
1840.000000,20,9.5663,190.2771,17.5582,-31.8769,-31.9037
1840.000000,21,9.5663,190.3545,17.6972,-31.8153,-31.8466
1840.000000,22,9.5663,190.4346,17.5028,-32.0898,-32.1171
1840.000000,23,9.5663,190.5176,16.4598,-33.2159,-33.2338
1840.000000,24,9.5663,190.6035,14.2085,-35.5530,-35.5613
1841.000000,0,9.6462,190.8816,14.6040,-35.4356,-35.4445
1841.000000,1,9.6462,190.9579,16.7559,-33.3600,-33.3789
1841.000000,2,9.6462,191.0373,17.5950,-32.6003,-32.6286
1841.000000,3,9.6462,191.1200,17.6507,-32.6273,-32.6594
1841.000000,4,9.6462,191.2060,17.6725,-32.6916,-32.7199
1841.000000,5,9.6462,190.7176,15.6926,-34.1830,-34.1963
1841.000000,6,9.6462,190.7939,17.2202,-32.7318,-32.7556
1841.000000,7,9.6462,190.8733,17.6566,-32.3748,-32.4060
1841.000000,8,9.6462,190.9559,17.6335,-32.4804,-32.5117
1841.000000,9,9.6462,191.0416,17.3762,-32.8235,-32.8477
1841.000000,10,9.6462,190.5563,16.4686,-33.2458,-33.2639
1841.000000,11,9.6462,190.6330,17.5904,-32.2006,-32.2286
1841.000000,12,9.6462,190.7125,17.6746,-32.1960,-32.2282
1841.000000,13,9.6462,190.7951,17.5780,-32.3752,-32.4035
1841.000000,14,9.6462,190.8808,16.7351,-33.3037,-33.3227
1841.000000,15,9.6462,190.3976,17.1648,-32.3908,-32.4137
1841.000000,16,9.6462,190.4746,17.7007,-31.9319,-31.9625
1841.000000,17,9.6462,190.5545,17.6887,-32.0238,-32.0546
1841.000000,18,9.6462,190.6372,17.1883,-32.6070,-32.6305
1841.000000,19,9.6462,190.7230,15.6916,-34.1895,-34.2028
1841.000000,20,9.6462,190.2409,17.5501,-31.8488,-31.8755
1841.000000,21,9.6462,190.3185,17.6933,-31.7832,-31.8144
1841.000000,22,9.6462,190.3988,17.5003,-32.0566,-32.0837
1841.000000,23,9.6462,190.4819,16.4213,-33.2187,-33.2364
1841.000000,24,9.6462,190.5680,14.1547,-35.5714,-35.5795
1842.000000,0,9.7263,190.8435,14.5532,-35.4484,-35.4572
1842.000000,1,9.7263,190.9199,16.7284,-33.3495,-33.3683
1842.000000,2,9.7263,190.9993,17.5821,-32.5753,-32.6035
1842.000000,3,9.7263,191.0820,17.6428,-32.5973,-32.6295
1842.000000,4,9.7263,191.1681,17.6705,-32.6556,-32.6840
1842.000000,5,9.7263,190.6801,15.6528,-34.1853,-34.1985
1842.000000,6,9.7263,190.7565,17.1967,-32.7179,-32.7417
1842.000000,7,9.7263,190.8360,17.6651,-32.3290,-32.3602
1842.000000,8,9.7263,190.9186,17.6235,-32.4532,-32.4845
1842.000000,9,9.7263,191.0044,17.3695,-32.7930,-32.8172
1842.000000,10,9.7263,190.5194,16.4580,-33.2195,-33.2375
1842.000000,11,9.7263,190.5961,17.5909,-32.1633,-32.1912
1842.000000,12,9.7263,190.6758,17.6816,-32.1523,-32.1844
1842.000000,13,9.7263,190.7585,17.5632,-32.3533,-32.3816
1842.000000,14,9.7263,190.8443,16.7187,-33.2836,-33.3025
1842.000000,15,9.7263,190.3611,17.1573,-32.3618,-32.3846
1842.000000,16,9.7263,190.4383,17.6988,-31.8975,-31.9280
1842.000000,17,9.7263,190.5183,17.6935,-31.9829,-32.0136
1842.000000,18,9.7263,190.6012,17.1637,-32.5955,-32.6189
1842.000000,19,9.7263,190.6871,15.6596,-34.1856,-34.1988
1842.000000,20,9.7263,190.2048,17.5407,-31.8222,-31.8486
1842.000000,21,9.7263,190.2826,17.6880,-31.7527,-31.7836
1842.000000,22,9.7263,190.3631,17.4963,-32.0249,-32.0518
1842.000000,23,9.7263,190.4464,16.3811,-33.2234,-33.2410
1842.000000,24,9.7263,190.5326,14.0989,-35.5918,-35.5998
1843.000000,0,9.8066,190.8055,14.5008,-35.4628,-35.4715
1843.000000,1,9.8066,190.8820,16.6997,-33.3403,-33.3590
1843.000000,2,9.8066,190.9615,17.5682,-32.5514,-32.5796
1843.000000,3,9.8066,191.0443,17.6339,-32.5684,-32.6007
1843.000000,4,9.8066,191.1303,17.6677,-32.6207,-32.6492
1843.000000,5,9.8066,190.6427,15.6116,-34.1892,-34.2023
1843.000000,6,9.8066,190.7193,17.1800,-32.6974,-32.7211
1843.000000,7,9.8066,190.7989,17.6728,-32.2842,-32.3154
1843.000000,8,9.8066,190.8816,17.6123,-32.4273,-32.4587
1843.000000,9,9.8066,190.9674,17.3618,-32.7637,-32.7880
1843.000000,10,9.8066,190.4825,16.4462,-33.1944,-33.2123
1843.000000,11,9.8066,190.5595,17.5904,-32.1271,-32.1549
1843.000000,12,9.8066,190.6393,17.6877,-32.1096,-32.1417
1843.000000,13,9.8066,190.7221,17.5472,-32.3329,-32.3611
1843.000000,14,9.8066,190.8079,16.7011,-33.2648,-33.2836
1843.000000,15,9.8066,190.3247,17.1486,-32.3342,-32.3567
1843.000000,16,9.8066,190.4021,17.6958,-31.8643,-31.8947
1843.000000,17,9.8066,190.4822,17.6971,-31.9432,-31.9738
1843.000000,18,9.8066,190.5653,17.1377,-32.5857,-32.6090
1843.000000,19,9.8066,190.6513,15.6260,-34.1833,-34.1964
1843.000000,20,9.8066,190.1688,17.5299,-31.7970,-31.8232
1843.000000,21,9.8066,190.2468,17.6813,-31.7236,-31.7543
1843.000000,22,9.8066,190.3275,17.4908,-31.9947,-32.0214
1843.000000,23,9.8066,190.4110,16.3389,-33.2302,-33.2476
1843.000000,24,9.8066,190.4973,14.0412,-35.6142,-35.6221
1844.000000,0,9.8871,190.7677,14.4469,-35.4789,-35.4875
1844.000000,1,9.8871,190.8443,16.6699,-33.3324,-33.3511
1844.000000,2,9.8871,190.9239,17.5534,-32.5286,-32.5567
1844.000000,3,9.8871,191.0067,17.6239,-32.5408,-32.5731
1844.000000,4,9.8871,191.0927,17.6638,-32.5869,-32.6155
1844.000000,5,9.8871,190.6055,15.5689,-34.1947,-34.2076
1844.000000,6,9.8871,190.6822,17.1764,-32.6639,-32.6875
1844.000000,7,9.8871,190.7619,17.6797,-32.2402,-32.2714
1844.000000,8,9.8871,190.8447,17.6218,-32.3809,-32.4123
1844.000000,9,9.8871,190.9306,17.3529,-32.7356,-32.7599
1844.000000,10,9.8871,190.4458,16.4333,-33.1706,-33.1884
1844.000000,11,9.8871,190.5229,17.5889,-32.0920,-32.1197
1844.000000,12,9.8871,190.6028,17.6928,-32.0681,-32.1001
1844.000000,13,9.8871,190.6857,17.5297,-32.3140,-32.3422
1844.000000,14,9.8871,190.7717,16.6823,-33.2474,-33.2662
1844.000000,15,9.8871,190.2884,17.1386,-32.3078,-32.3302
1844.000000,16,9.8871,190.3660,17.6916,-31.8324,-31.8626
1844.000000,17,9.8871,190.4463,17.6994,-31.9050,-31.9354
1844.000000,18,9.8871,190.5295,17.1100,-32.5776,-32.6008
1844.000000,19,9.8871,190.6157,15.5909,-34.1828,-34.1958
1844.000000,20,9.8871,190.1329,17.5177,-31.7733,-31.7994
1844.000000,21,9.8871,190.2111,17.6731,-31.6960,-31.7265
1844.000000,22,9.8871,190.2920,17.4839,-31.9661,-31.9926
1844.000000,23,9.8871,190.3757,16.2947,-33.2391,-33.2563
1844.000000,24,9.8871,190.4622,13.9814,-35.6388,-35.6466
1845.000000,0,9.9678,190.7301,14.3914,-35.4967,-35.5052
1845.000000,1,9.9678,190.8067,16.6388,-33.3260,-33.3445
1845.000000,2,9.9678,190.8864,17.5376,-32.5069,-32.5350
1845.000000,3,9.9678,190.9693,17.6130,-32.5143,-32.5467
1845.000000,4,9.9678,191.0553,17.6590,-32.5544,-32.5830
1845.000000,5,9.9678,190.5684,15.5247,-34.2017,-34.2146
1845.000000,6,9.9678,190.6453,17.1719,-32.6314,-32.6549
1845.000000,7,9.9678,190.7251,17.6859,-32.1973,-32.2284
1845.000000,8,9.9678,190.8079,17.6343,-32.3316,-32.3630
1845.000000,9,9.9678,190.8939,17.3431,-32.7089,-32.7331
1845.000000,10,9.9678,190.4092,16.4192,-33.1481,-33.1658
1845.000000,11,9.9678,190.4865,17.5864,-32.0581,-32.0857
1845.000000,12,9.9678,190.5666,17.6969,-32.0277,-32.0597
1845.000000,13,9.9678,190.6496,17.5109,-32.2967,-32.3248
1845.000000,14,9.9678,190.7356,16.6622,-33.2314,-33.2502
1845.000000,15,9.9678,190.2522,17.1274,-32.2829,-32.3051
1845.000000,16,9.9678,190.3300,17.6863,-31.8018,-31.8318
1845.000000,17,9.9678,190.4105,17.7005,-31.8681,-31.8983
1845.000000,18,9.9678,190.4939,17.0806,-32.5713,-32.5943
1845.000000,19,9.9678,190.5802,15.5543,-34.1839,-34.1968
1845.000000,20,9.9678,190.0971,17.5040,-31.7512,-31.7770
1845.000000,21,9.9678,190.1755,17.6635,-31.6701,-31.7003
1845.000000,22,9.9678,190.2567,17.4755,-31.9392,-31.9655
1845.000000,23,9.9678,190.3405,16.2485,-33.2501,-33.2671
1845.000000,24,9.9678,190.4272,13.9196,-35.6656,-35.6733
1846.000000,0,10.0487,190.6926,14.3344,-35.5163,-35.5246
1846.000000,1,10.0487,190.7693,16.6065,-33.3209,-33.3393
1846.000000,2,10.0487,190.8491,17.5384,-32.4687,-32.4968
1846.000000,3,10.0487,190.9320,17.6146,-32.4755,-32.5079
1846.000000,4,10.0487,191.0181,17.6532,-32.5230,-32.5517
1846.000000,5,10.0487,190.5314,15.4790,-34.2105,-34.2232
1846.000000,6,10.0487,190.6084,17.1663,-32.6002,-32.6236
1846.000000,7,10.0487,190.6884,17.6911,-32.1553,-32.1863
1846.000000,8,10.0487,190.7713,17.6460,-32.2834,-32.3147
1846.000000,9,10.0487,190.8573,17.3320,-32.6833,-32.7076
1846.000000,10,10.0487,190.3727,16.4038,-33.1269,-33.1445
1846.000000,11,10.0487,190.4501,17.5828,-32.0254,-32.0528
1846.000000,12,10.0487,190.5304,17.6999,-31.9885,-32.0204
1846.000000,13,10.0487,190.6135,17.5142,-32.2574,-32.2854
1846.000000,14,10.0487,190.6997,16.6408,-33.2170,-33.2356
1846.000000,15,10.0487,190.2162,17.1149,-32.2593,-32.2814
1846.000000,16,10.0487,190.2941,17.6797,-31.7724,-31.8023
1846.000000,17,10.0487,190.3748,17.7002,-31.8327,-31.8627
1846.000000,18,10.0487,190.4584,17.0496,-32.5668,-32.5897
1846.000000,19,10.0487,190.5448,15.5159,-34.1869,-34.1997
1846.000000,20,10.0487,190.0614,17.4888,-31.7307,-31.7562
1846.000000,21,10.0487,190.1401,17.6524,-31.6457,-31.6757
1846.000000,22,10.0487,190.2214,17.4654,-31.9140,-31.9400
1846.000000,23,10.0487,190.3054,16.2002,-33.2633,-33.2801
1846.000000,24,10.0487,190.3923,13.8556,-35.6947,-35.7022
1847.000000,0,10.1298,190.6552,14.2756,-35.5376,-35.5459
1847.000000,1,10.1298,190.7321,16.5728,-33.3173,-33.3356
1847.000000,2,10.1298,190.8120,17.5415,-32.4285,-32.4565
1847.000000,3,10.1298,190.8949,17.6266,-32.4263,-32.4587
1847.000000,4,10.1298,190.9811,17.6463,-32.4928,-32.5216
1847.000000,5,10.1298,190.4946,15.4317,-34.2209,-34.2336
1847.000000,6,10.1298,190.5717,17.1597,-32.5701,-32.5933
1847.000000,7,10.1298,190.6518,17.6956,-32.1143,-32.1452
1847.000000,8,10.1298,190.7348,17.6567,-32.2362,-32.2675
1847.000000,9,10.1298,190.8210,17.3198,-32.6592,-32.6835
1847.000000,10,10.1298,190.3363,16.3872,-33.1072,-33.1245
1847.000000,11,10.1298,190.4139,17.5781,-31.9939,-32.0212
1847.000000,12,10.1298,190.4944,17.7019,-31.9505,-31.9822
1847.000000,13,10.1298,190.5776,17.5203,-32.2154,-32.2433
1847.000000,14,10.1298,190.6639,16.6179,-33.2040,-33.2226
1847.000000,15,10.1298,190.1802,17.1010,-32.2373,-32.2591
1847.000000,16,10.1298,190.2584,17.6720,-31.7444,-31.7741
1847.000000,17,10.1298,190.3393,17.6986,-31.7987,-31.8286
1847.000000,18,10.1298,190.4230,17.0170,-32.5640,-32.5867
1847.000000,19,10.1298,190.5095,15.4759,-34.1916,-34.2043
1847.000000,20,10.1298,190.0258,17.4721,-31.7118,-31.7371
1847.000000,21,10.1298,190.1047,17.6397,-31.6231,-31.6528
1847.000000,22,10.1298,190.1862,17.4538,-31.8905,-31.9162
1847.000000,23,10.1298,190.2705,16.1497,-33.2788,-33.2954
1847.000000,24,10.1298,190.3575,13.7895,-35.7260,-35.7334
1848.000000,0,10.2111,190.6180,14.2151,-35.5609,-35.5690
1848.000000,1,10.2111,190.6950,16.5379,-33.3151,-33.3333
1848.000000,2,10.2111,190.7749,17.5437,-32.3892,-32.4172
1848.000000,3,10.2111,190.8580,17.6379,-32.3781,-32.4105
1848.000000,4,10.2111,190.9442,17.6383,-32.4639,-32.4928
1848.000000,5,10.2111,190.4578,15.3827,-34.2331,-34.2456
1848.000000,6,10.2111,190.5352,17.1520,-32.5412,-32.5643
1848.000000,7,10.2111,190.6154,17.6991,-32.0743,-32.1052
1848.000000,8,10.2111,190.6985,17.6664,-32.1902,-32.2215
1848.000000,9,10.2111,190.7847,17.3064,-32.6363,-32.6606
1848.000000,10,10.2111,190.3001,16.3693,-33.0888,-33.1060
1848.000000,11,10.2111,190.3778,17.5722,-31.9636,-31.9908
1848.000000,12,10.2111,190.4584,17.7027,-31.9137,-31.9453
1848.000000,13,10.2111,190.5419,17.5253,-32.1746,-32.2024
1848.000000,14,10.2111,190.6282,16.5937,-33.1926,-33.2111
1848.000000,15,10.2111,190.1443,17.0857,-32.2167,-32.2384
1848.000000,16,10.2111,190.2227,17.6629,-31.7178,-31.7473
1848.000000,17,10.2111,190.3038,17.6956,-31.7663,-31.7960
1848.000000,18,10.2111,190.3877,17.0119,-32.5338,-32.5564
1848.000000,19,10.2111,190.4744,15.4342,-34.1983,-34.2108
1848.000000,20,10.2111,189.9903,17.4537,-31.6946,-31.7197
1848.000000,21,10.2111,190.0694,17.6253,-31.6021,-31.6315
1848.000000,22,10.2111,190.1512,17.4404,-31.8688,-31.8942
1848.000000,23,10.2111,190.2356,16.0970,-33.2967,-33.3131
1848.000000,24,10.2111,190.3228,13.7211,-35.7598,-35.7670
1849.000000,0,10.2927,190.5808,14.1529,-35.5860,-35.5940
1849.000000,1,10.2927,190.6580,16.5015,-33.3145,-33.3326
1849.000000,2,10.2927,190.7381,17.5451,-32.3511,-32.3789
1849.000000,3,10.2927,190.8212,17.6483,-32.3310,-32.3633
1849.000000,4,10.2927,190.9074,17.6292,-32.4363,-32.4652
1849.000000,5,10.2927,190.4212,15.3321,-34.2471,-34.2595
1849.000000,6,10.2927,190.4987,17.1432,-32.5135,-32.5365
1849.000000,7,10.2927,190.5791,17.7017,-32.0354,-32.0662
1849.000000,8,10.2927,190.6623,17.6750,-32.1454,-32.1766
1849.000000,9,10.2927,190.7486,17.2918,-32.6149,-32.6392
1849.000000,10,10.2927,190.2639,16.3501,-33.0719,-33.0889
1849.000000,11,10.2927,190.3419,17.5652,-31.9347,-31.9616
1849.000000,12,10.2927,190.4226,17.7024,-31.8782,-31.9097
1849.000000,13,10.2927,190.5062,17.5291,-32.1352,-32.1629
1849.000000,14,10.2927,190.5927,16.5680,-33.1828,-33.2012
1849.000000,15,10.2927,190.1085,17.0689,-32.1977,-32.2191
1849.000000,16,10.2927,190.1871,17.6525,-31.6927,-31.7219
1849.000000,17,10.2927,190.2684,17.6911,-31.7354,-31.7649
1849.000000,18,10.2927,190.3525,17.0054,-32.5052,-32.5276
1849.000000,19,10.2927,190.4394,15.3906,-34.2068,-34.2192
1849.000000,20,10.2927,189.9549,17.4337,-31.6792,-31.7040
1849.000000,21,10.2927,190.0342,17.6093,-31.5830,-31.6121
1849.000000,22,10.2927,190.1162,17.4253,-31.8489,-31.8741
1849.000000,23,10.2927,190.2009,16.0432,-33.3157,-33.3319
1849.000000,24,10.2927,190.2883,13.6504,-35.7959,-35.8031
1850.000000,0,10.3744,190.5439,14.0888,-35.6131,-35.6210
1850.000000,1,10.3744,190.6211,16.4637,-33.3155,-33.3334
1850.000000,2,10.3744,190.7013,17.5454,-32.3140,-32.3417
1850.000000,3,10.3744,190.7846,17.6578,-32.2848,-32.3171
1850.000000,4,10.3744,190.8709,17.6190,-32.4100,-32.4389
1850.000000,5,10.3744,190.3847,15.2798,-34.2630,-34.2752
1850.000000,6,10.3744,190.4624,17.1333,-32.4872,-32.5100
1850.000000,7,10.3744,190.5429,17.7034,-31.9976,-32.0283
1850.000000,8,10.3744,190.6263,17.6826,-32.1017,-32.1329
1850.000000,9,10.3744,190.7127,17.2759,-32.5949,-32.6191
1850.000000,10,10.3744,190.2278,16.3294,-33.0565,-33.0733
1850.000000,11,10.3744,190.3060,17.5570,-31.9070,-31.9338
1850.000000,12,10.3744,190.3870,17.7009,-31.8441,-31.8753
1850.000000,13,10.3744,190.4707,17.5317,-32.0970,-32.1246
1850.000000,14,10.3744,190.5574,16.5408,-33.1746,-33.1929
1850.000000,15,10.3744,190.0728,17.0507,-32.1802,-32.2015
1850.000000,16,10.3744,190.1517,17.6407,-31.6690,-31.6980
1850.000000,17,10.3744,190.2332,17.6851,-31.7061,-31.7354
1850.000000,18,10.3744,190.3174,16.9974,-32.4780,-32.5002
1850.000000,19,10.3744,190.4045,15.3452,-34.2173,-34.2296
1850.000000,20,10.3744,189.9195,17.4120,-31.6656,-31.6901
1850.000000,21,10.3744,189.9991,17.5915,-31.5657,-31.5944
1850.000000,22,10.3744,190.0813,17.4085,-31.8309,-31.8558
1850.000000,23,10.3744,190.1662,16.0179,-33.3064,-33.3224
1850.000000,24,10.3744,190.2538,13.5773,-35.8346,-35.8416
1851.000000,0,10.4564,190.5070,14.0229,-35.6421,-35.6499
1851.000000,1,10.4564,190.5844,16.4245,-33.3180,-33.3358
1851.000000,2,10.4564,190.6648,17.5449,-32.2780,-32.3056
1851.000000,3,10.4564,190.7481,17.6665,-32.2396,-32.2720
1851.000000,4,10.4564,190.8345,17.6075,-32.3850,-32.4140
1851.000000,5,10.4564,190.3484,15.2256,-34.2808,-34.2928
1851.000000,6,10.4564,190.4262,17.1221,-32.4621,-32.4847
1851.000000,7,10.4564,190.5069,17.7040,-31.9609,-31.9914
1851.000000,8,10.4564,190.5904,17.6891,-32.0593,-32.0904
1851.000000,9,10.4564,190.6769,17.2586,-32.5763,-32.6005
1851.000000,10,10.4564,190.1919,16.3073,-33.0426,-33.0593
1851.000000,11,10.4564,190.2703,17.5476,-31.8807,-31.9073
1851.000000,12,10.4564,190.3514,17.6982,-31.8112,-31.8423
1851.000000,13,10.4564,190.4353,17.5331,-32.0602,-32.0876
1851.000000,14,10.4564,190.5221,16.5121,-33.1680,-33.1863
1851.000000,15,10.4564,190.0373,17.0309,-32.1644,-32.1854
1851.000000,16,10.4564,190.1163,17.6276,-31.6468,-31.6755
1851.000000,17,10.4564,190.1981,17.6776,-31.6785,-31.7075
1851.000000,18,10.4564,190.2825,16.9881,-32.4525,-32.4745
1851.000000,19,10.4564,190.3697,15.2979,-34.2298,-34.2420
1851.000000,20,10.4564,189.8842,17.3885,-31.6538,-31.6780
1851.000000,21,10.4564,189.9641,17.5719,-31.5502,-31.5787
1851.000000,22,10.4564,190.0466,17.3898,-31.8149,-31.8394
1851.000000,23,10.4564,190.1317,15.9907,-33.2990,-33.3147
1851.000000,24,10.4564,190.2195,13.5017,-35.8758,-35.8827
1852.000000,0,10.5385,190.4703,13.9551,-35.6732,-35.6809
1852.000000,1,10.5385,190.5478,16.3837,-33.3222,-33.3398
1852.000000,2,10.5385,190.6283,17.5433,-32.2431,-32.2706
1852.000000,3,10.5385,190.7117,17.6742,-32.1956,-32.2279
1852.000000,4,10.5385,190.7982,17.5948,-32.3614,-32.3904
1852.000000,5,10.5385,190.3121,15.1767,-34.2934,-34.3053
1852.000000,6,10.5385,190.3901,17.1098,-32.4384,-32.4608
1852.000000,7,10.5385,190.4709,17.7037,-31.9253,-31.9557
1852.000000,8,10.5385,190.5546,17.6945,-32.0182,-32.0492
1852.000000,9,10.5385,190.6412,17.2400,-32.5593,-32.5834
1852.000000,10,10.5385,190.1560,16.2838,-33.0303,-33.0468
1852.000000,11,10.5385,190.2346,17.5368,-31.8558,-31.8822
1852.000000,12,10.5385,190.3159,17.6942,-31.7797,-31.8107
1852.000000,13,10.5385,190.4000,17.5333,-32.0248,-32.0521
1852.000000,14,10.5385,190.4870,16.4818,-33.1632,-33.1814
1852.000000,15,10.5385,190.0018,17.0095,-32.1503,-32.1711
1852.000000,16,10.5385,190.0811,17.6129,-31.6262,-31.6547
1852.000000,17,10.5385,190.1630,17.6685,-31.6526,-31.6813
1852.000000,18,10.5385,190.2477,16.9772,-32.4285,-32.4503
1852.000000,19,10.5385,190.3351,15.2487,-34.2444,-34.2564
1852.000000,20,10.5385,189.8491,17.3631,-31.6440,-31.6679
1852.000000,21,10.5385,189.9292,17.5505,-31.5367,-31.5648
1852.000000,22,10.5385,190.0119,17.3691,-31.8008,-31.8250
1852.000000,23,10.5385,190.0973,15.9617,-33.2935,-33.3090
1852.000000,24,10.5385,190.1853,13.4236,-35.9197,-35.9264
1853.000000,0,10.6209,190.4336,13.8852,-35.7064,-35.7140
1853.000000,1,10.6209,190.5114,16.3414,-33.3280,-33.3455
1853.000000,2,10.6209,190.5920,17.5407,-32.2094,-32.2368
1853.000000,3,10.6209,190.6756,17.6810,-32.1526,-32.1848
1853.000000,4,10.6209,190.7621,17.5809,-32.3393,-32.3683
1853.000000,5,10.6209,190.2759,15.1429,-34.2910,-34.3028
1853.000000,6,10.6209,190.3541,17.0962,-32.4160,-32.4383
1853.000000,7,10.6209,190.4351,17.7022,-31.8909,-31.9212
1853.000000,8,10.6209,190.5190,17.6987,-31.9783,-32.0093
1853.000000,9,10.6209,190.6057,17.2200,-32.5437,-32.5679
1853.000000,10,10.6209,190.1202,16.2587,-33.0196,-33.0359
1853.000000,11,10.6209,190.1991,17.5247,-31.8324,-31.8585
1853.000000,12,10.6209,190.2806,17.6889,-31.7497,-31.7804
1853.000000,13,10.6209,190.3649,17.5321,-31.9908,-32.0179
1853.000000,14,10.6209,190.4520,16.4498,-33.1602,-33.1783
1853.000000,15,10.6209,189.9663,16.9864,-32.1380,-32.1585
1853.000000,16,10.6209,190.0459,17.5967,-31.6072,-31.6354
1853.000000,17,10.6209,190.1281,17.6577,-31.6284,-31.6569
1853.000000,18,10.6209,190.2129,16.9648,-32.4062,-32.4277
1853.000000,19,10.6209,190.3005,15.1974,-34.2612,-34.2730
1853.000000,20,10.6209,189.8140,17.3358,-31.6362,-31.6597
1853.000000,21,10.6209,189.8943,17.5271,-31.5252,-31.5530
1853.000000,22,10.6209,189.9773,17.3466,-31.7888,-31.8127
1853.000000,23,10.6209,190.0629,15.9308,-33.2901,-33.3053
1853.000000,24,10.6209,190.1511,13.3430,-35.9662,-35.9728
1854.000000,0,10.7034,190.3971,13.8134,-35.7418,-35.7492
1854.000000,1,10.7034,190.4751,16.2975,-33.3356,-33.3529
1854.000000,2,10.7034,190.5558,17.5370,-32.1768,-32.2041
1854.000000,3,10.7034,190.6395,17.6868,-32.1108,-32.1429
1854.000000,4,10.7034,190.7262,17.5656,-32.3186,-32.3476
1854.000000,5,10.7034,190.2399,15.1075,-34.2904,-34.3020
1854.000000,6,10.7034,190.3183,17.0812,-32.3951,-32.4172
1854.000000,7,10.7034,190.3994,17.6997,-31.8578,-31.8878
1854.000000,8,10.7034,190.4834,17.7017,-31.9398,-31.9706
1854.000000,9,10.7034,190.5703,17.1986,-32.5298,-32.5539
1854.000000,10,10.7034,190.0846,16.2320,-33.0106,-33.0267
1854.000000,11,10.7034,190.1636,17.5112,-31.8104,-31.8363
1854.000000,12,10.7034,190.2453,17.6823,-31.7211,-31.7516
1854.000000,13,10.7034,190.3298,17.5296,-31.9582,-31.9852
1854.000000,14,10.7034,190.4171,16.4161,-33.1590,-33.1769
1854.000000,15,10.7034,189.9310,16.9616,-32.1274,-32.1477
1854.000000,16,10.7034,190.0108,17.5790,-31.5898,-31.6177
1854.000000,17,10.7034,190.0932,17.6452,-31.6060,-31.6342
1854.000000,18,10.7034,190.1783,16.9508,-32.3856,-32.4069
1854.000000,19,10.7034,190.2661,15.1440,-34.2801,-34.2918
1854.000000,20,10.7034,189.7789,17.3066,-31.6304,-31.6536
1854.000000,21,10.7034,189.8596,17.5018,-31.5158,-31.5432
1854.000000,22,10.7034,189.9428,17.3220,-31.7789,-31.8024
1854.000000,23,10.7034,190.0287,15.8979,-33.2888,-33.3037
1854.000000,24,10.7034,190.1171,13.2596,-36.0156,-36.0220
1855.000000,0,10.7862,190.3608,13.7394,-35.7794,-35.7867
1855.000000,1,10.7862,190.4388,16.2733,-33.3235,-33.3406
1855.000000,2,10.7862,190.5198,17.5323,-32.1455,-32.1726
1855.000000,3,10.7862,190.6036,17.6915,-32.0701,-32.1022
1855.000000,4,10.7862,190.6903,17.5683,-32.2801,-32.3091
1855.000000,5,10.7862,190.2039,15.0705,-34.2915,-34.3029
1855.000000,6,10.7862,190.2825,17.0650,-32.3756,-32.3975
1855.000000,7,10.7862,190.3639,17.6961,-31.8258,-31.8557
1855.000000,8,10.7862,190.4480,17.7034,-31.9026,-31.9333
1855.000000,9,10.7862,190.5351,17.1756,-32.5175,-32.5415
1855.000000,10,10.7862,190.0490,16.2037,-33.0033,-33.0192
1855.000000,11,10.7862,190.1283,17.4963,-31.7900,-31.8156
1855.000000,12,10.7862,190.2102,17.6743,-31.6940,-31.7243
1855.000000,13,10.7862,190.2949,17.5257,-31.9272,-31.9539
1855.000000,14,10.7862,190.3823,16.3807,-33.1596,-33.1775
1855.000000,15,10.7862,189.8958,16.9351,-32.1187,-32.1387
1855.000000,16,10.7862,189.9758,17.5597,-31.5742,-31.6018
1855.000000,17,10.7862,190.0585,17.6310,-31.5855,-31.6134
1855.000000,18,10.7862,190.1438,16.9351,-32.3667,-32.3878
1855.000000,19,10.7862,190.2318,15.0885,-34.3013,-34.3128
1855.000000,20,10.7862,189.7440,17.2753,-31.6267,-31.6496
1855.000000,21,10.7862,189.8249,17.4744,-31.5085,-31.5355
1855.000000,22,10.7862,189.9084,17.2953,-31.7712,-31.7943
1855.000000,23,10.7862,189.9945,15.8630,-33.2895,-33.3042
1855.000000,24,10.7862,190.0832,13.1734,-36.0678,-36.0741
1856.000000,0,10.8692,190.3245,13.6633,-35.8192,-35.8264
1856.000000,1,10.8692,190.4027,16.2484,-33.3124,-33.3293
1856.000000,2,10.8692,190.4838,17.5264,-32.1155,-32.1424
1856.000000,3,10.8692,190.5678,17.6952,-32.0306,-32.0626
1856.000000,4,10.8692,190.6547,17.5792,-32.2335,-32.2625
1856.000000,5,10.8692,190.1680,15.0318,-34.2943,-34.3055
1856.000000,6,10.8692,190.2469,17.0473,-32.3576,-32.3793
1856.000000,7,10.8692,190.3284,17.6913,-31.7952,-31.8249
1856.000000,8,10.8692,190.4128,17.7039,-31.8669,-31.8974
1856.000000,9,10.8692,190.4999,17.1537,-32.5043,-32.5282
1856.000000,10,10.8692,190.0135,16.1737,-32.9978,-33.0135
1856.000000,11,10.8692,190.0930,17.4800,-31.7711,-31.7965
1856.000000,12,10.8692,190.1752,17.6648,-31.6684,-31.6985
1856.000000,13,10.8692,190.2600,17.5204,-31.8977,-31.9242
1856.000000,14,10.8692,190.3477,16.3435,-33.1622,-33.1799
1856.000000,15,10.8692,189.8606,16.9067,-32.1119,-32.1316
1856.000000,16,10.8692,189.9409,17.5387,-31.5603,-31.5875
1856.000000,17,10.8692,190.0238,17.6150,-31.5668,-31.5944
1856.000000,18,10.8692,190.1094,16.9178,-32.3496,-32.3704
1856.000000,19,10.8692,190.1976,15.0308,-34.3248,-34.3362
1856.000000,20,10.8692,189.7091,17.2419,-31.6253,-31.6478
1856.000000,21,10.8692,189.7903,17.4450,-31.5034,-31.5300
1856.000000,22,10.8692,189.8741,17.2665,-31.7657,-31.7885
1856.000000,23,10.8692,189.9604,15.8260,-33.2925,-33.3069
1856.000000,24,10.8692,190.0494,13.0845,-36.1230,-36.1291
1857.000000,0,10.9524,190.2883,13.5849,-35.8614,-35.8684
1857.000000,1,10.9524,190.3668,16.2220,-33.3028,-33.3196
1857.000000,2,10.9524,190.4480,17.5193,-32.0867,-32.1135
1857.000000,3,10.9524,190.5321,17.6979,-31.9923,-32.0242
1857.000000,4,10.9524,190.6191,17.5891,-32.1881,-32.2171
1857.000000,5,10.9524,190.1323,14.9913,-34.2990,-34.3100
1857.000000,6,10.9524,190.2113,17.0282,-32.3411,-32.3626
1857.000000,7,10.9524,190.2931,17.6853,-31.7658,-31.7953
1857.000000,8,10.9524,190.3776,17.7031,-31.8325,-31.8630
1857.000000,9,10.9524,190.4649,17.1582,-32.4648,-32.4886
1857.000000,10,10.9524,189.9781,16.1420,-32.9942,-33.0096
1857.000000,11,10.9524,190.0579,17.4621,-31.7538,-31.7789
1857.000000,12,10.9524,190.1402,17.6539,-31.6444,-31.6742
1857.000000,13,10.9524,190.2253,17.5136,-31.8697,-31.8961
1857.000000,14,10.9524,190.3131,16.3044,-33.1668,-33.1843
1857.000000,15,10.9524,189.8255,16.8764,-32.1071,-32.1265
1857.000000,16,10.9524,189.9061,17.5159,-31.5482,-31.5751
1857.000000,17,10.9524,189.9893,17.5972,-31.5501,-31.5774
1857.000000,18,10.9524,190.0750,16.8987,-32.3344,-32.3549
1857.000000,19,10.9524,190.1635,14.9708,-34.3507,-34.3619
1857.000000,20,10.9524,189.6743,17.2063,-31.6261,-31.6482
1857.000000,21,10.9524,189.7558,17.4133,-31.5006,-31.5267
1857.000000,22,10.9524,189.8399,17.2354,-31.7625,-31.7849
1857.000000,23,10.9524,189.9265,15.7868,-33.2977,-33.3118
1857.000000,24,10.9524,190.0157,12.9925,-36.1812,-36.1872
1858.000000,0,11.0358,190.2522,13.5043,-35.9060,-35.9128
1858.000000,1,11.0358,190.3309,16.1940,-33.2949,-33.3114
1858.000000,2,11.0358,190.4123,17.5111,-32.0593,-32.0858
1858.000000,3,11.0358,190.4966,17.6994,-31.9552,-31.9870
1858.000000,4,11.0358,190.5837,17.5978,-32.1439,-32.1728
1858.000000,5,11.0358,190.0966,14.9491,-34.3055,-34.3164
1858.000000,6,11.0358,190.1759,17.0077,-32.3262,-32.3474
1858.000000,7,11.0358,190.2578,17.6781,-31.7378,-31.7671
1858.000000,8,11.0358,190.3425,17.7009,-31.7997,-31.8299
1858.000000,9,11.0358,190.4300,17.1615,-32.4266,-32.4503
1858.000000,10,11.0358,189.9428,16.1085,-32.9924,-33.0076
1858.000000,11,11.0358,190.0228,17.4426,-31.7382,-31.7630
1858.000000,12,11.0358,190.1054,17.6414,-31.6221,-31.6516
1858.000000,13,11.0358,190.1907,17.5053,-31.8434,-31.8696
1858.000000,14,11.0358,190.2787,16.2772,-33.1596,-33.1770
1858.000000,15,11.0358,189.7905,16.8442,-32.1043,-32.1234
1858.000000,16,11.0358,189.8714,17.4914,-31.5380,-31.5645
1858.000000,17,11.0358,189.9548,17.5774,-31.5355,-31.5624
1858.000000,18,11.0358,190.0408,16.8778,-32.3210,-32.3413
1858.000000,19,11.0358,190.1295,14.9085,-34.3790,-34.3901
1858.000000,20,11.0358,189.6396,17.1684,-31.6292,-31.6509
1858.000000,21,11.0358,189.7214,17.3793,-31.5001,-31.5258
1858.000000,22,11.0358,189.8057,17.2021,-31.7617,-31.7837
1858.000000,23,11.0358,189.8926,15.7454,-33.3052,-33.3190
1858.000000,24,11.0358,189.9820,12.8976,-36.2425,-36.2484
1859.000000,0,11.1194,190.2163,13.4213,-35.9530,-35.9597
1859.000000,1,11.1194,190.2951,16.1645,-33.2886,-33.3049
1859.000000,2,11.1194,190.3767,17.5016,-32.0332,-32.0596
1859.000000,3,11.1194,190.4612,17.6997,-31.9195,-31.9511
1859.000000,4,11.1194,190.5485,17.6055,-32.1010,-32.1298
1859.000000,5,11.1194,190.0610,14.9051,-34.3140,-34.3247
1859.000000,6,11.1194,190.1405,16.9856,-32.3130,-32.3339
1859.000000,7,11.1194,190.2227,17.6696,-31.7112,-31.7402
1859.000000,8,11.1194,190.3076,17.6973,-31.7683,-31.7984
1859.000000,9,11.1194,190.3953,17.1635,-32.3898,-32.4134
1859.000000,10,11.1194,189.9076,16.0731,-32.9925,-33.0074
1859.000000,11,11.1194,189.9878,17.4216,-31.7243,-31.7488
1859.000000,12,11.1194,190.0707,17.6273,-31.6014,-31.6306
1859.000000,13,11.1194,190.1562,17.4955,-31.8188,-31.8447
1859.000000,14,11.1194,190.2444,16.2674,-33.1350,-33.1523
1859.000000,15,11.1194,189.7556,16.8100,-32.1037,-32.1224
1859.000000,16,11.1194,189.8367,17.4651,-31.5297,-31.5559
1859.000000,17,11.1194,189.9204,17.5556,-31.5228,-31.5494
1859.000000,18,11.1194,190.0067,16.8551,-32.3096,-32.3296
1859.000000,19,11.1194,190.0956,14.8437,-34.4099,-34.4208
1859.000000,20,11.1194,189.6049,17.1282,-31.6347,-31.6560
1859.000000,21,11.1194,189.6870,17.3431,-31.5020,-31.5272
1859.000000,22,11.1194,189.7717,17.1664,-31.7633,-31.7849
1859.000000,23,11.1194,189.8588,15.7017,-33.3151,-33.3286
1859.000000,24,11.1194,189.9485,12.7995,-36.3071,-36.3128
1860.000000,0,11.2033,190.1804,13.3359,-36.0025,-36.0091
1860.000000,1,11.2033,190.2595,16.1335,-33.2840,-33.3001
1860.000000,2,11.2033,190.3413,17.4908,-32.0085,-32.0346
1860.000000,3,11.2033,190.4259,17.6989,-31.8850,-31.9165
1860.000000,4,11.2033,190.5133,17.6121,-32.0593,-32.0881
1860.000000,5,11.2033,190.0256,14.8591,-34.3245,-34.3350
1860.000000,6,11.2033,190.1053,16.9620,-32.3014,-32.3221
1860.000000,7,11.2033,190.1877,17.6597,-31.6860,-31.7148
1860.000000,8,11.2033,190.2728,17.6923,-31.7385,-31.7684
1860.000000,9,11.2033,190.3606,17.1644,-32.3543,-32.3777
1860.000000,10,11.2033,189.8724,16.0358,-32.9946,-33.0093
1860.000000,11,11.2033,189.9529,17.3988,-31.7121,-31.7364
1860.000000,12,11.2033,190.0360,17.6116,-31.5824,-31.6114
1860.000000,13,11.2033,190.1218,17.4840,-31.7959,-31.8215
1860.000000,14,11.2033,190.2102,16.2562,-33.1120,-33.1291
1860.000000,15,11.2033,189.7207,16.7736,-32.1051,-32.1236
1860.000000,16,11.2033,189.8022,17.4368,-31.5233,-31.5492
1860.000000,17,11.2033,189.8861,17.5318,-31.5124,-31.5386
1860.000000,18,11.2033,189.9726,16.8305,-32.3002,-32.3199
1860.000000,19,11.2033,190.0618,14.7885,-34.4313,-34.4420
1860.000000,20,11.2033,189.5703,17.0856,-31.6428,-31.6637
1860.000000,21,11.2033,189.6528,17.3044,-31.5064,-31.5312
1860.000000,22,11.2033,189.7377,17.1282,-31.7675,-31.7887
1860.000000,23,11.2033,189.8251,15.6557,-33.3274,-33.3407
1860.000000,24,11.2033,189.9151,12.6982,-36.3749,-36.3805
1861.000000,0,11.2873,190.1446,13.2480,-36.0547,-36.0611
1861.000000,1,11.2873,190.2239,16.1007,-33.2812,-33.2971
1861.000000,2,11.2873,190.3059,17.4787,-31.9852,-32.0111
1861.000000,3,11.2873,190.3907,17.6968,-31.8519,-31.8833
1861.000000,4,11.2873,190.4783,17.6174,-32.0189,-32.0476
1861.000000,5,11.2873,189.9902,14.8112,-34.3370,-34.3473
1861.000000,6,11.2873,190.0701,16.9367,-32.2915,-32.3119
1861.000000,7,11.2873,190.1528,17.6485,-31.6623,-31.6908
1861.000000,8,11.2873,190.2381,17.6857,-31.7103,-31.7400
1861.000000,9,11.2873,190.3261,17.1640,-32.3202,-32.3435
1861.000000,10,11.2873,189.8373,15.9966,-32.9988,-33.0132
1861.000000,11,11.2873,189.9181,17.3744,-31.7018,-31.7257
1861.000000,12,11.2873,190.0015,17.5943,-31.5653,-31.5939
1861.000000,13,11.2873,190.0875,17.4708,-31.7747,-31.8001
1861.000000,14,11.2873,190.1761,16.2435,-33.0906,-33.1075
1861.000000,15,11.2873,189.6860,16.7351,-32.1089,-32.1270
1861.000000,16,11.2873,189.7677,17.4066,-31.5191,-31.5445
1861.000000,17,11.2873,189.8519,17.5059,-31.5041,-31.5299
1861.000000,18,11.2873,189.9387,16.8039,-32.2928,-32.3122
1861.000000,19,11.2873,190.0281,14.7552,-34.4308,-34.4414
1861.000000,20,11.2873,189.5358,17.0404,-31.6534,-31.6739
1861.000000,21,11.2873,189.6186,17.2632,-31.5134,-31.5377
1861.000000,22,11.2873,189.7038,17.0876,-31.7742,-31.7950
1861.000000,23,11.2873,189.7915,15.6073,-33.3423,-33.3552
1861.000000,24,11.2873,189.8817,12.5935,-36.4463,-36.4517
1862.000000,0,11.3716,190.1090,13.1575,-36.1095,-36.1158
1862.000000,1,11.3716,190.1885,16.0663,-33.2802,-33.2958
1862.000000,2,11.3716,190.2707,17.4653,-31.9634,-31.9891
1862.000000,3,11.3716,190.3556,17.6934,-31.8202,-31.8514
1862.000000,4,11.3716,190.4434,17.6216,-31.9798,-32.0084
1862.000000,5,11.3716,189.9549,14.7613,-34.3516,-34.3617
1862.000000,6,11.3716,190.0351,16.9098,-32.2833,-32.3035
1862.000000,7,11.3716,190.1179,17.6359,-31.6400,-31.6683
1862.000000,8,11.3716,190.2034,17.6777,-31.6838,-31.7132
1862.000000,9,11.3716,190.2917,17.1622,-32.2875,-32.3107
1862.000000,10,11.3716,189.8024,15.9553,-33.0051,-33.0193
1862.000000,11,11.3716,189.8834,17.3481,-31.6933,-31.7169
1862.000000,12,11.3716,189.9670,17.5752,-31.5499,-31.5782
1862.000000,13,11.3716,190.0533,17.4560,-31.7553,-31.7804
1862.000000,14,11.3716,190.1421,16.2293,-33.0708,-33.0875
1862.000000,15,11.3716,189.6512,16.6944,-32.1149,-32.1327
1862.000000,16,11.3716,189.7333,17.3744,-31.5169,-31.5419
1862.000000,17,11.3716,189.8178,17.4778,-31.4981,-31.5235
1862.000000,18,11.3716,189.9048,16.7753,-32.2875,-32.3066
1862.000000,19,11.3716,189.9944,14.7201,-34.4324,-34.4428
1862.000000,20,11.3716,189.5013,16.9927,-31.6667,-31.6867
1862.000000,21,11.3716,189.5844,17.2194,-31.5230,-31.5468
1862.000000,22,11.3716,189.6700,17.0443,-31.7837,-31.8040
1862.000000,23,11.3716,189.7580,15.5563,-33.3597,-33.3723
1862.000000,24,11.3716,189.8485,12.4854,-36.5211,-36.5263
1863.000000,0,11.4560,190.0734,13.0643,-36.1671,-36.1733
1863.000000,1,11.4560,190.1531,16.0302,-33.2810,-33.2964
1863.000000,2,11.4560,190.2355,17.4505,-31.9431,-31.9686
1863.000000,3,11.4560,190.3207,17.6888,-31.7900,-31.8209
1863.000000,4,11.4560,190.4086,17.6245,-31.9422,-31.9707
1863.000000,5,11.4560,189.9196,14.7093,-34.3684,-34.3782
1863.000000,6,11.4560,190.0001,16.8811,-32.2770,-32.2969
1863.000000,7,11.4560,190.0832,17.6219,-31.6194,-31.6474
1863.000000,8,11.4560,190.1689,17.6681,-31.6589,-31.6881
1863.000000,9,11.4560,190.2574,17.1591,-32.2563,-32.2793
1863.000000,10,11.4560,189.7675,15.9119,-33.0136,-33.0275
1863.000000,11,11.4560,189.8488,17.3200,-31.6868,-31.7100
1863.000000,12,11.4560,189.9327,17.5543,-31.5364,-31.5644
1863.000000,13,11.4560,190.0191,17.4393,-31.7378,-31.7627
1863.000000,14,11.4560,190.1082,16.2135,-33.0527,-33.0692
1863.000000,15,11.4560,189.6166,16.6513,-32.1234,-32.1408
1863.000000,16,11.4560,189.6989,17.3401,-31.5169,-31.5415
1863.000000,17,11.4560,189.7837,17.4474,-31.4944,-31.5194
1863.000000,18,11.4560,189.8711,16.7446,-32.2845,-32.3032
1863.000000,19,11.4560,189.9609,14.6830,-34.4360,-34.4462
1863.000000,20,11.4560,189.4669,16.9422,-31.6828,-31.7024
1863.000000,21,11.4560,189.5504,17.1730,-31.5354,-31.5587
1863.000000,22,11.4560,189.6362,16.9984,-31.7959,-31.8158
1863.000000,23,11.4560,189.7245,15.5028,-33.3798,-33.3921
1863.000000,24,11.4560,189.8153,12.3830,-36.5903,-36.5954
1864.000000,0,11.5407,190.0379,12.9684,-36.2275,-36.2335
1864.000000,1,11.5407,190.1179,15.9922,-33.2837,-33.2988
1864.000000,2,11.5407,190.2005,17.4342,-31.9244,-31.9495
1864.000000,3,11.5407,190.2858,17.6827,-31.7612,-31.7919
1864.000000,4,11.5407,190.3740,17.6261,-31.9059,-31.9343
1864.000000,5,11.5407,189.8845,14.6552,-34.3873,-34.3970
1864.000000,6,11.5407,189.9652,16.8507,-32.2726,-32.2921
1864.000000,7,11.5407,190.0486,17.6063,-31.6003,-31.6280
1864.000000,8,11.5407,190.1345,17.6568,-31.6358,-31.6648
1864.000000,9,11.5407,190.2232,17.1546,-32.2266,-32.2494
1864.000000,10,11.5407,189.7326,15.8663,-33.0243,-33.0380
1864.000000,11,11.5407,189.8142,17.2901,-31.6822,-31.7051
1864.000000,12,11.5407,189.8984,17.5316,-31.5249,-31.5525
1864.000000,13,11.5407,189.9851,17.4209,-31.7223,-31.7468
1864.000000,14,11.5407,190.0744,16.1961,-33.0363,-33.0526
1864.000000,15,11.5407,189.5821,16.6058,-32.1343,-32.1513
1864.000000,16,11.5407,189.6647,17.3036,-31.5191,-31.5433
1864.000000,17,11.5407,189.7498,17.4147,-31.4931,-31.5177
1864.000000,18,11.5407,189.8374,16.7118,-32.2836,-32.3021
1864.000000,19,11.5407,189.9275,14.6439,-34.4417,-34.4516
1864.000000,20,11.5407,189.4326,16.8890,-31.7017,-31.7208
1864.000000,21,11.5407,189.5164,17.1238,-31.5506,-31.5734
1864.000000,22,11.5407,189.6025,16.9496,-31.8109,-31.8304
1864.000000,23,11.5407,189.6911,15.4466,-33.4026,-33.4146
1864.000000,24,11.5407,189.7822,12.3091,-36.6311,-36.6361
1865.000000,0,11.6256,190.0025,12.8697,-36.2909,-36.2967
1865.000000,1,11.6256,190.0827,15.9524,-33.2884,-33.3032
1865.000000,2,11.6256,190.1656,17.4164,-31.9072,-31.9321
1865.000000,3,11.6256,190.2511,17.6753,-31.7338,-31.7644
1865.000000,4,11.6256,190.3394,17.6264,-31.8711,-31.8993
1865.000000,5,11.6256,189.8495,14.5989,-34.4086,-34.4180
1865.000000,6,11.6256,189.9304,16.8185,-32.2700,-32.2893
1865.000000,7,11.6256,190.0140,17.5892,-31.5828,-31.6102
1865.000000,8,11.6256,190.1002,17.6439,-31.6144,-31.6431
1865.000000,9,11.6256,190.1891,17.1487,-32.1984,-32.2211
1865.000000,10,11.6256,189.6979,15.8185,-33.0374,-33.0507
1865.000000,11,11.6256,189.7798,17.2581,-31.6797,-31.7022
1865.000000,12,11.6256,189.8642,17.5069,-31.5153,-31.5425
1865.000000,13,11.6256,189.9512,17.4006,-31.7086,-31.7329
1865.000000,14,11.6256,190.0407,16.1771,-33.0217,-33.0378
1865.000000,15,11.6256,189.5476,16.5579,-32.1477,-32.1644
1865.000000,16,11.6256,189.6305,17.2649,-31.5237,-31.5474
1865.000000,17,11.6256,189.7159,17.3797,-31.4943,-31.5185
1865.000000,18,11.6256,189.8038,16.6768,-32.2851,-32.3032
1865.000000,19,11.6256,189.8942,14.6027,-34.4495,-34.4593
1865.000000,20,11.6256,189.3984,16.8328,-31.7236,-31.7423
1865.000000,21,11.6256,189.4824,17.0717,-31.5687,-31.5910
1865.000000,22,11.6256,189.5689,16.8981,-31.8289,-31.8479
1865.000000,23,11.6256,189.6579,15.3876,-33.4283,-33.4400
1865.000000,24,11.6256,189.7492,12.2326,-36.6747,-36.6795
1866.000000,0,11.7106,189.9672,12.7680,-36.3572,-36.3629
1866.000000,1,11.7106,190.0477,15.9107,-33.2950,-33.3096
1866.000000,2,11.7106,190.1308,17.3971,-31.8917,-31.9163
1866.000000,3,11.7106,190.2165,17.6665,-31.7081,-31.7384
1866.000000,4,11.7106,190.3050,17.6253,-31.8377,-31.8658
1866.000000,5,11.7106,189.8145,14.5404,-34.4322,-34.4414
1866.000000,6,11.7106,189.8957,16.7843,-32.2695,-32.2884
1866.000000,7,11.7106,189.9796,17.5705,-31.5671,-31.5941
1866.000000,8,11.7106,190.0660,17.6292,-31.5949,-31.6233
1866.000000,9,11.7106,190.1551,17.1413,-32.1718,-32.1944
1866.000000,10,11.7106,189.6632,15.7684,-33.0528,-33.0659
1866.000000,11,11.7106,189.7454,17.2242,-31.6793,-31.7014
1866.000000,12,11.7106,189.8301,17.4803,-31.5078,-31.5346
1866.000000,13,11.7106,189.9173,17.3783,-31.6971,-31.7210
1866.000000,14,11.7106,190.0072,16.1563,-33.0089,-33.0248
1866.000000,15,11.7106,189.5131,16.5074,-32.1638,-32.1801
1866.000000,16,11.7106,189.5964,17.2238,-31.5306,-31.5539
1866.000000,17,11.7106,189.6821,17.3421,-31.4980,-31.5218
1866.000000,18,11.7106,189.7703,16.6394,-32.2889,-32.3067
1866.000000,19,11.7106,189.8610,14.5595,-34.4595,-34.4691
1866.000000,20,11.7106,189.3642,16.7736,-31.7486,-31.7668
1866.000000,21,11.7106,189.4486,17.0167,-31.5899,-31.6117
1866.000000,22,11.7106,189.5354,16.8435,-31.8500,-31.8685
1866.000000,23,11.7106,189.6247,15.3259,-33.4568,-33.4682
1866.000000,24,11.7106,189.7163,12.1532,-36.7211,-36.7257
1867.000000,0,11.7959,189.9320,12.6825,-36.4075,-36.4131
1867.000000,1,11.7959,190.0127,15.8671,-33.3037,-33.3180
1867.000000,2,11.7959,190.0960,17.3762,-31.8779,-31.9022
1867.000000,3,11.7959,190.1820,17.6561,-31.6839,-31.7140
1867.000000,4,11.7959,190.2707,17.6228,-31.8059,-31.8338
1867.000000,5,11.7959,189.7796,14.4794,-34.4582,-34.4672
1867.000000,6,11.7959,189.8611,16.7483,-32.2709,-32.2895
1867.000000,7,11.7959,189.9452,17.5502,-31.5531,-31.5798
1867.000000,8,11.7959,190.0319,17.6127,-31.5772,-31.6054
1867.000000,9,11.7959,190.1212,17.1323,-32.1469,-32.1692
1867.000000,10,11.7959,189.6286,15.7158,-33.0708,-33.0835
1867.000000,11,11.7959,189.7111,17.1881,-31.6810,-31.7027
1867.000000,12,11.7959,189.7961,17.4517,-31.5024,-31.5289
1867.000000,13,11.7959,189.8836,17.3541,-31.6876,-31.7112
1867.000000,14,11.7959,189.9737,16.1337,-32.9980,-33.0136
1867.000000,15,11.7959,189.4788,16.4542,-32.1827,-32.1986
1867.000000,16,11.7959,189.5624,17.1804,-31.5400,-31.5628
1867.000000,17,11.7959,189.6484,17.3020,-31.5044,-31.5277
1867.000000,18,11.7959,189.7369,16.5998,-32.2951,-32.3126
1867.000000,19,11.7959,189.8278,14.5140,-34.4718,-34.4812
1867.000000,20,11.7959,189.3300,16.7114,-31.7767,-31.7945
1867.000000,21,11.7959,189.4148,16.9586,-31.6142,-31.6355
1867.000000,22,11.7959,189.5020,16.7859,-31.8742,-31.8922
1867.000000,23,11.7959,189.5915,15.2612,-33.4884,-33.4995
1867.000000,24,11.7959,189.6835,12.0710,-36.7705,-36.7750
1868.000000,0,11.8814,189.8969,12.5993,-36.4556,-36.4609
1868.000000,1,11.8814,189.9778,15.8214,-33.3145,-33.3286
1868.000000,2,11.8814,190.0614,17.3537,-31.8657,-31.8897
1868.000000,3,11.8814,190.1476,17.6443,-31.6613,-31.6912
1868.000000,4,11.8814,190.2365,17.6189,-31.7756,-31.8034
1868.000000,5,11.8814,189.7448,14.4161,-34.4867,-34.4955
1868.000000,6,11.8814,189.8266,16.7102,-32.2745,-32.2928
1868.000000,7,11.8814,189.9110,17.5282,-31.5408,-31.5672
1868.000000,8,11.8814,189.9979,17.5945,-31.5615,-31.5894
1868.000000,9,11.8814,190.0874,17.1218,-32.1237,-32.1458
1868.000000,10,11.8814,189.5940,15.6608,-33.0912,-33.1037
1868.000000,11,11.8814,189.6768,17.1499,-31.6850,-31.7063
1868.000000,12,11.8814,189.7621,17.4210,-31.4992,-31.5252
1868.000000,13,11.8814,189.8499,17.3278,-31.6802,-31.7035
1868.000000,14,11.8814,189.9403,16.1093,-32.9890,-33.0044
1868.000000,15,11.8814,189.4445,16.3982,-32.2043,-32.2199
1868.000000,16,11.8814,189.5284,17.1344,-31.5520,-31.5743
1868.000000,17,11.8814,189.6147,17.2592,-31.5135,-31.5364
1868.000000,18,11.8814,189.7035,16.5576,-32.3039,-32.3210
1868.000000,19,11.8814,189.7948,14.4663,-34.4865,-34.4956
1868.000000,20,11.8814,189.2960,16.6458,-31.8082,-31.8254
1868.000000,21,11.8814,189.3811,16.8973,-31.6418,-31.6625
1868.000000,22,11.8814,189.4686,16.7250,-31.9016,-31.9192
1868.000000,23,11.8814,189.5585,15.1935,-33.5230,-33.5338
1868.000000,24,11.8814,189.6508,11.9859,-36.8229,-36.8272
1869.000000,0,11.9671,189.8618,12.5135,-36.5064,-36.5116
1869.000000,1,11.9671,189.9430,15.7736,-33.3275,-33.3413
1869.000000,2,11.9671,190.0269,17.3295,-31.8554,-31.8791
1869.000000,3,11.9671,190.1133,17.6309,-31.6405,-31.6700
1869.000000,4,11.9671,190.2024,17.6134,-31.7470,-31.7746
1869.000000,5,11.9671,189.7100,14.3503,-34.5177,-34.5263
1869.000000,6,11.9671,189.7921,16.6700,-32.2802,-32.2981
1869.000000,7,11.9671,189.8768,17.5044,-31.5304,-31.5564
1869.000000,8,11.9671,189.9640,17.5743,-31.5477,-31.5753
1869.000000,9,11.9671,190.0537,17.1096,-32.1021,-32.1240
1869.000000,10,11.9671,189.5596,15.6032,-33.1144,-33.1265
1869.000000,11,11.9671,189.6427,17.1094,-31.6913,-31.7122
1869.000000,12,11.9671,189.7283,17.3881,-31.4982,-31.5238
1869.000000,13,11.9671,189.8164,17.2993,-31.6751,-31.6980
1869.000000,14,11.9671,189.9069,16.0830,-32.9819,-32.9971
1869.000000,15,11.9671,189.4103,16.3394,-32.2289,-32.2441
1869.000000,16,11.9671,189.4945,17.0860,-31.5666,-31.5884
1869.000000,17,11.9671,189.5812,17.2138,-31.5255,-31.5478
1869.000000,18,11.9671,189.6703,16.5130,-32.3153,-32.3320
1869.000000,19,11.9671,189.7618,14.4164,-34.5035,-34.5124
1869.000000,20,11.9671,189.2620,16.5769,-31.8431,-31.8599
1869.000000,21,11.9671,189.3474,16.8327,-31.6727,-31.6929
1869.000000,22,11.9671,189.4353,16.6610,-31.9324,-31.9495
1869.000000,23,11.9671,189.5255,15.1227,-33.5609,-33.5713
1869.000000,24,11.9671,189.6181,11.8977,-36.8784,-36.8826
1870.000000,0,12.0531,189.8269,12.4248,-36.5601,-36.5651
1870.000000,1,12.0531,189.9083,15.7237,-33.3426,-33.3562
1870.000000,2,12.0531,189.9924,17.3036,-31.8469,-31.8702
1870.000000,3,12.0531,190.0791,17.6158,-31.6213,-31.6506
1870.000000,4,12.0531,190.1684,17.6065,-31.7200,-31.7474
1870.000000,5,12.0531,189.6754,14.2820,-34.5514,-34.5598
1870.000000,6,12.0531,189.7578,16.6277,-32.2881,-32.3057
1870.000000,7,12.0531,189.8427,17.4788,-31.5219,-31.5475
1870.000000,8,12.0531,189.9301,17.5521,-31.5360,-31.5633
1870.000000,9,12.0531,190.0202,17.0958,-32.0824,-32.1041
1870.000000,10,12.0531,189.5252,15.5430,-33.1402,-33.1520
1870.000000,11,12.0531,189.6086,17.0667,-31.7000,-31.7205
1870.000000,12,12.0531,189.6945,17.3530,-31.4996,-31.5247
1870.000000,13,12.0531,189.7829,17.2687,-31.6722,-31.6948
1870.000000,14,12.0531,189.8737,16.0548,-32.9769,-32.9919
1870.000000,15,12.0531,189.3761,16.2776,-32.2565,-32.2713
1870.000000,16,12.0531,189.4607,17.0348,-31.5839,-31.6052
1870.000000,17,12.0531,189.5477,17.1654,-31.5403,-31.5622
1870.000000,18,12.0531,189.6371,16.4658,-32.3293,-32.3457
1870.000000,19,12.0531,189.7289,14.3640,-34.5230,-34.5316
1870.000000,20,12.0531,189.2280,16.5045,-31.8815,-31.8978
1870.000000,21,12.0531,189.3139,16.7647,-31.7072,-31.7267
1870.000000,22,12.0531,189.4021,16.5935,-31.9666,-31.9833
1870.000000,23,12.0531,189.4926,15.0487,-33.6020,-33.6121
1870.000000,24,12.0531,189.5855,11.8064,-36.9371,-36.9412
1871.000000,0,12.1392,189.7920,12.3333,-36.6167,-36.6216
1871.000000,1,12.1392,189.8737,15.6717,-33.3601,-33.3734
1871.000000,2,12.1392,189.9581,17.2759,-31.8402,-31.8632
1871.000000,3,12.1392,190.0450,17.5991,-31.6039,-31.6329
1871.000000,4,12.1392,190.1345,17.5979,-31.6947,-31.7219
1871.000000,5,12.1392,189.6408,14.2110,-34.5878,-34.5959
1871.000000,6,12.1392,189.7235,16.5832,-32.2983,-32.3155
1871.000000,7,12.1392,189.8087,17.4514,-31.5153,-31.5405
1871.000000,8,12.1392,189.8964,17.5280,-31.5265,-31.5534
1871.000000,9,12.1392,189.9867,17.0802,-32.0645,-32.0859
1871.000000,10,12.1392,189.4908,15.4800,-33.1689,-33.1804
1871.000000,11,12.1392,189.5746,17.0215,-31.7111,-31.7312
1871.000000,12,12.1392,189.6608,17.3156,-31.5033,-31.5280
1871.000000,13,12.1392,189.7495,17.2358,-31.6717,-31.6939
1871.000000,14,12.1392,189.8406,16.0246,-32.9740,-32.9887
1871.000000,15,12.1392,189.3420,16.2127,-32.2873,-32.3017
1871.000000,16,12.1392,189.4269,16.9809,-31.6040,-31.6248
1871.000000,17,12.1392,189.5143,17.1142,-31.5581,-31.5795
1871.000000,18,12.1392,189.6040,16.4159,-32.3461,-32.3621
1871.000000,19,12.1392,189.6961,14.3092,-34.5450,-34.5534
1871.000000,20,12.1392,189.1941,16.4285,-31.9237,-31.9395
1871.000000,21,12.1392,189.2803,16.6932,-31.7452,-31.7642
1871.000000,22,12.1392,189.3689,16.5224,-32.0045,-32.0206
1871.000000,23,12.1392,189.4598,14.9714,-33.6465,-33.6563
1871.000000,24,12.1392,189.5530,11.7119,-36.9992,-37.0030
1872.000000,0,12.2255,189.7572,12.2388,-36.6764,-36.6811
1872.000000,1,12.2255,189.8392,15.6173,-33.3800,-33.3929
1872.000000,2,12.2255,189.9238,17.2463,-31.8355,-31.8582
1872.000000,3,12.2255,190.0109,17.5806,-31.5884,-31.6170
1872.000000,4,12.2255,190.1007,17.5877,-31.6711,-31.6981
1872.000000,5,12.2255,189.6062,14.1372,-34.6270,-34.6349
1872.000000,6,12.2255,189.6893,16.5365,-32.3108,-32.3277
1872.000000,7,12.2255,189.7747,17.4220,-31.5108,-31.5356
1872.000000,8,12.2255,189.8627,17.5017,-31.5190,-31.5456
1872.000000,9,12.2255,189.9533,17.0629,-32.0484,-32.0696
1872.000000,10,12.2255,189.4566,15.4142,-33.2004,-33.2116
1872.000000,11,12.2255,189.5407,16.9739,-31.7248,-31.7444
1872.000000,12,12.2255,189.6272,17.2757,-31.5095,-31.5337
1872.000000,13,12.2255,189.7161,17.2006,-31.6736,-31.6954
1872.000000,14,12.2255,189.8076,15.9924,-32.9733,-32.9877
1872.000000,15,12.2255,189.3080,16.1446,-32.3214,-32.3353
1872.000000,16,12.2255,189.3933,16.9242,-31.6271,-31.6474
1872.000000,17,12.2255,189.4809,17.0599,-31.5790,-31.5999
1872.000000,18,12.2255,189.5710,16.3633,-32.3658,-32.3814
1872.000000,19,12.2255,189.6634,14.2518,-34.5696,-34.5779
1872.000000,20,12.2255,189.1603,16.3486,-31.9697,-31.9850
1872.000000,21,12.2255,189.2469,16.6179,-31.7870,-31.8054
1872.000000,22,12.2255,189.3358,16.4478,-32.0461,-32.0617
1872.000000,23,12.2255,189.4270,14.8906,-33.6945,-33.7039
1872.000000,24,12.2255,189.5206,11.6141,-37.0646,-37.0683
1873.000000,0,12.3121,189.7224,12.1414,-36.7391,-36.7437
1873.000000,1,12.3121,189.8048,15.5606,-33.4022,-33.4148
1873.000000,2,12.3121,189.8896,17.2149,-31.8328,-31.8551
1873.000000,3,12.3121,189.9770,17.5604,-31.5747,-31.6030
1873.000000,4,12.3121,190.0670,17.5757,-31.6493,-31.6761
1873.000000,5,12.3121,189.5718,14.0607,-34.6691,-34.6768
1873.000000,6,12.3121,189.6551,16.4874,-32.3258,-32.3423
1873.000000,7,12.3121,189.7409,17.3906,-31.5083,-31.5327
1873.000000,8,12.3121,189.8292,17.4734,-31.5138,-31.5401
1873.000000,9,12.3121,189.9200,17.0437,-32.0343,-32.0553
1873.000000,10,12.3121,189.4224,15.3454,-33.2350,-33.2459
1873.000000,11,12.3121,189.5068,16.9237,-31.7411,-31.7603
1873.000000,12,12.3121,189.5936,17.2335,-31.5182,-31.5420
1873.000000,13,12.3121,189.6829,17.1630,-31.6780,-31.6994
1873.000000,14,12.3121,189.7746,15.9580,-32.9747,-32.9889
1873.000000,15,12.3121,189.2740,16.0732,-32.3588,-32.3723
1873.000000,16,12.3121,189.3596,16.8645,-31.6531,-31.6729
1873.000000,17,12.3121,189.4476,17.0025,-31.6032,-31.6236
1873.000000,18,12.3121,189.5380,16.3077,-32.3883,-32.4036
1873.000000,19,12.3121,189.6308,14.1919,-34.5969,-34.6050
1873.000000,20,12.3121,189.1265,16.2649,-32.0197,-32.0345
1873.000000,21,12.3121,189.2135,16.5389,-31.8327,-31.8506
1873.000000,22,12.3121,189.3028,16.3693,-32.0915,-32.1067
1873.000000,23,12.3121,189.3944,14.8063,-33.7461,-33.7553
1873.000000,24,12.3121,189.4883,11.5128,-37.1335,-37.1371
1874.000000,0,12.3988,189.6878,12.0408,-36.8050,-36.8094
1874.000000,1,12.3988,189.7704,15.5015,-33.4269,-33.4393
1874.000000,2,12.3988,189.8555,17.1815,-31.8321,-31.8540
1874.000000,3,12.3988,189.9432,17.5383,-31.5629,-31.5909
1874.000000,4,12.3988,190.0334,17.5621,-31.6294,-31.6560
1874.000000,5,12.3988,189.5374,13.9812,-34.7142,-34.7216
1874.000000,6,12.3988,189.6210,16.4358,-32.3433,-32.3594
1874.000000,7,12.3988,189.7071,17.3572,-31.5079,-31.5319
1874.000000,8,12.3988,189.7957,17.4428,-31.5110,-31.5368
1874.000000,9,12.3988,189.8868,17.0226,-32.0222,-32.0429
1874.000000,10,12.3988,189.3882,15.2735,-33.2727,-33.2833
1874.000000,11,12.3988,189.4730,16.8709,-31.7601,-31.7788
1874.000000,12,12.3988,189.5602,17.1886,-31.5296,-31.5529
1874.000000,13,12.3988,189.6497,17.1228,-31.6850,-31.7060
1874.000000,14,12.3988,189.7418,15.9214,-32.9784,-32.9924
1874.000000,15,12.3988,189.2401,15.9984,-32.3997,-32.4128
1874.000000,16,12.3988,189.3261,16.8018,-31.6823,-31.7015
1874.000000,17,12.3988,189.4144,16.9419,-31.6306,-31.6505
1874.000000,18,12.3988,189.5052,16.2493,-32.4139,-32.4288
1874.000000,19,12.3988,189.5982,14.1293,-34.6270,-34.6348
1874.000000,20,12.3988,189.0928,16.1770,-32.0738,-32.0882
1874.000000,21,12.3988,189.1801,16.4558,-31.8824,-31.8997
1874.000000,22,12.3988,189.2698,16.2869,-32.1409,-32.1556
1874.000000,23,12.3988,189.3618,14.7183,-33.8015,-33.8103
1874.000000,24,12.3988,189.4560,11.4081,-37.2060,-37.2094
1875.000000,0,12.4858,189.6532,11.9370,-36.8742,-36.8785
1875.000000,1,12.4858,189.7361,15.4399,-33.4542,-33.4663
1875.000000,2,12.4858,189.8215,17.1460,-31.8335,-31.8550
1875.000000,3,12.4858,189.9095,17.5144,-31.5531,-31.5808
1875.000000,4,12.4858,190.0000,17.5466,-31.6114,-31.6377
1875.000000,5,12.4858,189.5031,13.8987,-34.7624,-34.7696
1875.000000,6,12.4858,189.5871,16.3818,-32.3633,-32.3791
1875.000000,7,12.4858,189.6735,17.3217,-31.5098,-31.5333
1875.000000,8,12.4858,189.7623,17.4099,-31.5104,-31.5359
1875.000000,9,12.4858,189.8537,16.9995,-32.0122,-32.0326
1875.000000,10,12.4858,189.3541,15.1985,-33.3136,-33.3239
1875.000000,11,12.4858,189.4393,16.8154,-31.7819,-31.8002
1875.000000,12,12.4858,189.5268,17.1412,-31.5436,-31.5664
1875.000000,13,12.4858,189.6167,17.0801,-31.6946,-31.7152
1875.000000,14,12.4858,189.7090,15.8825,-32.9845,-32.9982
1875.000000,15,12.4858,189.2062,15.9200,-32.4443,-32.4570
1875.000000,16,12.4858,189.2926,16.7359,-31.7147,-31.7334
1875.000000,17,12.4858,189.3813,16.8778,-31.6615,-31.6809
1875.000000,18,12.4858,189.4724,16.1878,-32.4426,-32.4571
1875.000000,19,12.4858,189.5658,14.0639,-34.6599,-34.6675
1875.000000,20,12.4858,189.0591,16.0848,-32.1323,-32.1462
1875.000000,21,12.4858,189.1469,16.3686,-31.9363,-31.9531
1875.000000,22,12.4858,189.2369,16.2005,-32.1945,-32.2087
1875.000000,23,12.4858,189.3292,14.6266,-33.8607,-33.8692
1875.000000,24,12.4858,189.4239,11.2997,-37.2822,-37.2855
1876.000000,0,12.5729,189.6187,11.8299,-36.9468,-36.9509
1876.000000,1,12.5729,189.7019,15.3758,-33.4842,-33.4959
1876.000000,2,12.5729,189.7876,17.1086,-31.8371,-31.8582
1876.000000,3,12.5729,189.8758,17.4885,-31.5454,-31.5727
1876.000000,4,12.5729,189.9666,17.5293,-31.5953,-31.6214
1876.000000,5,12.5729,189.4688,13.8132,-34.8137,-34.8207
1876.000000,6,12.5729,189.5531,16.3252,-32.3860,-32.4014
1876.000000,7,12.5729,189.6399,17.2840,-31.5139,-31.5369
1876.000000,8,12.5729,189.7290,17.3747,-31.5123,-31.5374
1876.000000,9,12.5729,189.8206,16.9745,-32.0042,-32.0243
1876.000000,10,12.5729,189.3201,15.1203,-33.3579,-33.3679
1876.000000,11,12.5729,189.4056,16.7570,-31.8067,-31.8244
1876.000000,12,12.5729,189.4935,17.0910,-31.5605,-31.5828
1876.000000,13,12.5729,189.5837,17.0348,-31.7069,-31.7271
1876.000000,14,12.5729,189.6763,15.8413,-32.9930,-33.0064
1876.000000,15,12.5729,189.1724,15.8378,-32.4926,-32.5049
1876.000000,16,12.5729,189.2592,16.6667,-31.7505,-31.7686
1876.000000,17,12.5729,189.3482,16.8103,-31.6960,-31.7148
1876.000000,18,12.5729,189.4396,16.1231,-32.4746,-32.4887
1876.000000,19,12.5729,189.5334,13.9956,-34.6958,-34.7032
1876.000000,20,12.5729,189.0255,15.9882,-32.1953,-32.2087
1876.000000,21,12.5729,189.1137,16.2771,-31.9946,-32.0108
1876.000000,22,12.5729,189.2041,16.1098,-32.2524,-32.2661
1876.000000,23,12.5729,189.2968,14.5309,-33.9239,-33.9322
1876.000000,24,12.5729,189.3918,11.1875,-37.3623,-37.3654
1877.000000,0,12.6603,189.5842,11.7193,-37.0229,-37.0269
1877.000000,1,12.6603,189.6678,15.3090,-33.5168,-33.5282
1877.000000,2,12.6603,189.7538,17.0689,-31.8429,-31.8636
1877.000000,3,12.6603,189.8423,17.4636,-31.5367,-31.5636
1877.000000,4,12.6603,189.9333,17.5101,-31.5812,-31.6070
1877.000000,5,12.6603,189.4347,13.7244,-34.8683,-34.8750
1877.000000,6,12.6603,189.5193,16.2659,-32.4115,-32.4265
1877.000000,7,12.6603,189.6063,17.2440,-31.5203,-31.5429
1877.000000,8,12.6603,189.6958,17.3371,-31.5168,-31.5414
1877.000000,9,12.6603,189.7877,16.9473,-31.9984,-32.0182
1877.000000,10,12.6603,189.2862,15.0386,-33.4057,-33.4153
1877.000000,11,12.6603,189.3720,16.6957,-31.8344,-31.8517
1877.000000,12,12.6603,189.4602,17.0380,-31.5802,-31.6020
1877.000000,13,12.6603,189.5508,16.9867,-31.7221,-31.7419
1877.000000,14,12.6603,189.6437,15.7977,-33.0040,-33.0171
1877.000000,15,12.6603,189.1387,15.7518,-32.5449,-32.5568
1877.000000,16,12.6603,189.2258,16.5941,-31.7897,-31.8073
1877.000000,17,12.6603,189.3153,16.7392,-31.7341,-31.7524
1877.000000,18,12.6603,189.4070,16.0552,-32.5099,-32.5235
1877.000000,19,12.6603,189.5011,13.9244,-34.7347,-34.7419
1877.000000,20,12.6603,188.9920,15.8870,-32.2630,-32.2759
1877.000000,21,12.6603,189.0805,16.1812,-32.0574,-32.0731
1877.000000,22,12.6603,189.1713,16.0147,-32.3147,-32.3279
1877.000000,23,12.6603,189.2644,14.4311,-33.9913,-33.9992
1877.000000,24,12.6603,189.3597,11.0715,-37.4463,-37.4493
1878.000000,0,12.7479,189.5499,11.6053,-37.1026,-37.1064
1878.000000,1,12.7479,189.6337,15.2395,-33.5522,-33.5633
1878.000000,2,12.7479,189.7200,17.0271,-31.8510,-31.8713
1878.000000,3,12.7479,189.8088,17.4412,-31.5256,-31.5521
1878.000000,4,12.7479,189.9001,17.4889,-31.5692,-31.5947
1878.000000,5,12.7479,189.4005,13.6322,-34.9263,-34.9328
1878.000000,6,12.7479,189.4855,16.2038,-32.4398,-32.4543
1878.000000,7,12.7479,189.5729,17.2017,-31.5292,-31.5513
1878.000000,8,12.7479,189.6626,17.2969,-31.5238,-31.5480
1878.000000,9,12.7479,189.7548,16.9180,-31.9949,-32.0144
1878.000000,10,12.7479,189.2523,14.9533,-33.4570,-33.4663
1878.000000,11,12.7479,189.3385,16.6313,-31.8652,-31.8820
1878.000000,12,12.7479,189.4270,16.9821,-31.6029,-31.6242
1878.000000,13,12.7479,189.5179,16.9358,-31.7402,-31.7595
1878.000000,14,12.7479,189.6112,15.7516,-33.0175,-33.0304
1878.000000,15,12.7479,189.1050,15.6617,-32.6013,-32.6128
1878.000000,16,12.7479,189.1925,16.5180,-31.8325,-31.8496
1878.000000,17,12.7479,189.2823,16.6643,-31.7760,-31.7938
1878.000000,18,12.7479,189.3744,15.9839,-32.5486,-32.5619
1878.000000,19,12.7479,189.4689,13.8501,-34.7768,-34.7837
1878.000000,20,12.7479,188.9585,15.7809,-32.3356,-32.3480
1878.000000,21,12.7479,189.0474,16.0805,-32.1249,-32.1401
1878.000000,22,12.7479,189.1386,15.9150,-32.3817,-32.3944
1878.000000,23,12.7479,189.2321,14.3271,-34.0630,-34.0706
1878.000000,24,12.7479,189.3278,10.9514,-37.5344,-37.5373
1879.000000,0,12.8357,189.5156,11.4876,-37.1860,-37.1896
1879.000000,1,12.8357,189.5997,15.1672,-33.5905,-33.6013
1879.000000,2,12.8357,189.6863,16.9830,-31.8614,-31.8813
1879.000000,3,12.8357,189.7754,17.4171,-31.5164,-31.5425
1879.000000,4,12.8357,189.8670,17.4657,-31.5593,-31.5845
1879.000000,5,12.8357,189.3665,13.5367,-34.9879,-34.9941
1879.000000,6,12.8357,189.4518,16.1389,-32.4710,-32.4852
1879.000000,7,12.8357,189.5395,17.1571,-31.5405,-31.5621
1879.000000,8,12.8357,189.6296,17.2542,-31.5335,-31.5573
1879.000000,9,12.8357,189.7221,16.8865,-31.9936,-32.0128
1879.000000,10,12.8357,189.2185,14.8645,-33.5120,-33.5210
1879.000000,11,12.8357,189.3050,16.5638,-31.8992,-31.9156
1879.000000,12,12.8357,189.3939,16.9232,-31.6288,-31.6495
1879.000000,13,12.8357,189.4851,16.8819,-31.7613,-31.7802
1879.000000,14,12.8357,189.5787,15.7030,-33.0338,-33.0463
1879.000000,15,12.8357,189.0713,15.5674,-32.6620,-32.6731
1879.000000,16,12.8357,189.1593,16.4382,-31.8791,-31.8956
1879.000000,17,12.8357,189.2495,16.5856,-31.8219,-31.8392
1879.000000,18,12.8357,189.3419,15.9091,-32.5909,-32.6038
1879.000000,19,12.8357,189.4367,13.7727,-34.8220,-34.8287
1879.000000,20,12.8357,188.9250,15.6697,-32.4133,-32.4253
1879.000000,21,12.8357,189.0144,15.9750,-32.1974,-32.2120
1879.000000,22,12.8357,189.1060,15.8106,-32.4535,-32.4658
1879.000000,23,12.8357,189.1998,14.2187,-34.1391,-34.1464
1879.000000,24,12.8357,189.2959,10.8272,-37.6267,-37.6295
1880.000000,0,12.9236,189.4813,11.3662,-37.2731,-37.2766
1880.000000,1,12.9236,189.5658,15.0920,-33.6318,-33.6423
1880.000000,2,12.9236,189.6527,16.9365,-31.8743,-31.8937
1880.000000,3,12.9236,189.7421,17.3910,-31.5092,-31.5348
1880.000000,4,12.9236,189.8339,17.4404,-31.5516,-31.5765
1880.000000,5,12.9236,189.3325,13.4375,-35.0530,-35.0590
1880.000000,6,12.9236,189.4182,16.0710,-32.5052,-32.5190
1880.000000,7,12.9236,189.5062,17.1099,-31.5544,-31.5755
1880.000000,8,12.9236,189.5966,17.2087,-31.5459,-31.5693
1880.000000,9,12.9236,189.6894,16.8527,-31.9947,-32.0136
1880.000000,10,12.9236,189.1847,14.7718,-33.5710,-33.5796
1880.000000,11,12.9236,189.2716,16.4931,-31.9366,-31.9524
1880.000000,12,12.9236,189.3609,16.8612,-31.6578,-31.6780
1880.000000,13,12.9236,189.4525,16.8250,-31.7855,-31.8039
1880.000000,14,12.9236,189.5464,15.6517,-33.0527,-33.0650
1880.000000,15,12.9236,189.0378,15.4688,-32.7270,-32.7377
1880.000000,16,12.9236,189.1261,16.3546,-31.9295,-31.9456
1880.000000,17,12.9236,189.2167,16.5028,-31.8719,-31.8887
1880.000000,18,12.9236,189.3095,15.8306,-32.6369,-32.6494
1880.000000,19,12.9236,189.4046,13.6920,-34.8706,-34.8771
1880.000000,20,12.9236,188.8916,15.5533,-32.4964,-32.5079
1880.000000,21,12.9236,188.9814,15.8644,-32.2750,-32.2891
1880.000000,22,12.9236,189.0734,15.7012,-32.5303,-32.5421
1880.000000,23,12.9236,189.1677,14.1058,-34.2199,-34.2269
1880.000000,24,12.9236,189.2641,10.6987,-37.7234,-37.7260
1881.000000,0,13.0118,189.4472,11.2410,-37.3642,-37.3676
1881.000000,1,13.0118,189.5320,15.0139,-33.6761,-33.6863
1881.000000,2,13.0118,189.6192,16.8876,-31.8897,-31.9087
1881.000000,3,13.0118,189.7089,17.3629,-31.5041,-31.5293
1881.000000,4,13.0118,189.8010,17.4129,-31.5462,-31.5707
1881.000000,5,13.0118,189.2986,13.3347,-35.1219,-35.1277
1881.000000,6,13.0118,189.3846,16.0001,-32.5426,-32.5559
1881.000000,7,13.0118,189.4730,17.0601,-31.5709,-31.5915
1881.000000,8,13.0118,189.5637,17.1606,-31.5612,-31.5841
1881.000000,9,13.0118,189.6568,16.8165,-31.9983,-32.0169
1881.000000,10,13.0118,189.1510,14.6751,-33.6339,-33.6423
1881.000000,11,13.0118,189.2383,16.4190,-31.9774,-31.9927
1881.000000,12,13.0118,189.3279,16.7959,-31.6901,-31.7098
1881.000000,13,13.0118,189.4198,16.7650,-31.8129,-31.8309
1881.000000,14,13.0118,189.5141,15.5976,-33.0745,-33.0864
1881.000000,15,13.0118,189.0043,15.3655,-32.7968,-32.8071
1881.000000,16,13.0118,189.0930,16.2670,-31.9840,-31.9995
1881.000000,17,13.0118,189.1839,16.4158,-31.9262,-31.9424
1881.000000,18,13.0118,189.2772,15.7484,-32.6868,-32.6989
1881.000000,19,13.0118,189.3726,13.6080,-34.9227,-34.9290
1881.000000,20,13.0118,188.8583,15.4312,-32.5851,-32.5962
1881.000000,21,13.0118,188.9485,15.7486,-32.3580,-32.3715
1881.000000,22,13.0118,189.0409,15.5866,-32.6123,-32.6237
1881.000000,23,13.0118,189.1356,13.9882,-34.3054,-34.3121
1881.000000,24,13.0118,189.2324,10.5658,-37.8246,-37.8271
1882.000000,0,13.1002,189.4130,11.1117,-37.4594,-37.4626
1882.000000,1,13.1002,189.4982,14.9326,-33.7236,-33.7335
1882.000000,2,13.1002,189.5858,16.8362,-31.9076,-31.9262
1882.000000,3,13.1002,189.6758,17.3327,-31.5011,-31.5258
1882.000000,4,13.1002,189.7682,17.3832,-31.5430,-31.5673
1882.000000,5,13.1002,189.2647,13.2281,-35.1946,-35.2002
1882.000000,6,13.1002,189.3511,15.9260,-32.5831,-32.5961
1882.000000,7,13.1002,189.4398,17.0077,-31.5901,-31.6103
1882.000000,8,13.1002,189.5309,17.1095,-31.5794,-31.6018
1882.000000,9,13.1002,189.6243,16.7779,-32.0044,-32.0227
1882.000000,10,13.1002,189.1173,14.5743,-33.7010,-33.7091
1882.000000,11,13.1002,189.2050,16.3413,-32.0217,-32.0366
1882.000000,12,13.1002,189.2950,16.7272,-31.7258,-31.7450
1882.000000,13,13.1002,189.3873,16.7017,-31.8436,-31.8612
1882.000000,14,13.1002,189.4819,15.5408,-33.0991,-33.1108
1882.000000,15,13.1002,188.9708,15.2575,-32.8713,-32.8812
1882.000000,16,13.1002,189.0599,16.1753,-32.0427,-32.0576
1882.000000,17,13.1002,189.1513,16.3244,-31.9849,-32.0006
1882.000000,18,13.1002,189.2449,15.6623,-32.7406,-32.7523
1882.000000,19,13.1002,189.3407,13.5205,-34.9783,-34.9844
1882.000000,20,13.1002,188.8250,15.3034,-32.6796,-32.6903
1882.000000,21,13.1002,188.9157,15.6271,-32.4465,-32.4596
1882.000000,22,13.1002,189.0085,15.4667,-32.6998,-32.7107
1882.000000,23,13.1002,189.1035,13.8657,-34.3959,-34.4023
1882.000000,24,13.1002,189.2007,10.4283,-37.9305,-37.9328
1883.000000,0,13.1888,189.3790,10.9783,-37.5587,-37.5617
1883.000000,1,13.1888,189.4645,14.8482,-33.7743,-33.7839
1883.000000,2,13.1888,189.5524,16.7822,-31.9282,-31.9463
1883.000000,3,13.1888,189.6427,17.3005,-31.5002,-31.5245
1883.000000,4,13.1888,189.7354,17.3512,-31.5423,-31.5662
1883.000000,5,13.1888,189.2309,13.1175,-35.2714,-35.2768
1883.000000,6,13.1888,189.3176,15.8486,-32.6271,-32.6396
1883.000000,7,13.1888,189.4067,16.9525,-31.6122,-31.6318
1883.000000,8,13.1888,189.4981,17.0555,-31.6006,-31.6226
1883.000000,9,13.1888,189.5919,16.7368,-32.0131,-32.0310
1883.000000,10,13.1888,189.0837,14.4693,-33.7725,-33.7802
1883.000000,11,13.1888,189.1718,16.2600,-32.0698,-32.0842
1883.000000,12,13.1888,189.2622,16.6551,-31.7651,-31.7837
1883.000000,13,13.1888,189.3548,16.6350,-31.8778,-31.8949
1883.000000,14,13.1888,189.4498,15.4810,-33.1268,-33.1382
1883.000000,15,13.1888,188.9374,15.1446,-32.9509,-32.9604
1883.000000,16,13.1888,189.0269,16.0793,-32.1057,-32.1201
1883.000000,17,13.1888,189.1187,16.2285,-32.0482,-32.0634
1883.000000,18,13.1888,189.2127,15.5722,-32.7985,-32.8098
1883.000000,19,13.1888,189.3089,13.4293,-35.0376,-35.0434
1883.000000,20,13.1888,188.7918,15.1695,-32.7803,-32.7906
1883.000000,21,13.1888,188.8829,15.4999,-32.5410,-32.5535
1883.000000,22,13.1888,188.9761,15.3412,-32.7930,-32.8035
1883.000000,23,13.1888,189.0716,13.7380,-34.4916,-34.4977
1883.000000,24,13.1888,189.1692,10.2861,-38.0412,-38.0434
1884.000000,0,13.2776,189.3450,10.8407,-37.6624,-37.6652
1884.000000,1,13.2776,189.4309,14.7605,-33.8284,-33.8376
1884.000000,2,13.2776,189.5191,16.7256,-31.9516,-31.9692
1884.000000,3,13.2776,189.6097,17.2661,-31.5017,-31.5255
1884.000000,4,13.2776,189.7028,17.3168,-31.5440,-31.5675
1884.000000,5,13.2776,189.1971,13.0028,-35.3524,-35.3575
1884.000000,6,13.2776,189.2843,15.7679,-32.6744,-32.6866
1884.000000,7,13.2776,189.3737,16.8945,-31.6372,-31.6563
1884.000000,8,13.2776,189.4655,16.9985,-31.6250,-31.6465
1884.000000,9,13.2776,189.5595,16.6931,-32.0245,-32.0421
1884.000000,10,13.2776,189.0502,14.3597,-33.8485,-33.8559
1884.000000,11,13.2776,189.1387,16.1750,-32.1217,-32.1357
1884.000000,12,13.2776,189.2294,16.5794,-31.8081,-31.8261
1884.000000,13,13.2776,189.3224,16.5649,-31.9156,-31.9322
1884.000000,14,13.2776,189.4177,15.4181,-33.1576,-33.1687
1884.000000,15,13.2776,188.9040,15.0264,-33.0357,-33.0449
1884.000000,16,13.2776,188.9940,15.9788,-32.1732,-32.1872
1884.000000,17,13.2776,189.0862,16.1278,-32.1164,-32.1310
1884.000000,18,13.2776,189.1805,15.4779,-32.8607,-32.8716
1884.000000,19,13.2776,189.2771,13.3344,-35.1007,-35.1063
1884.000000,20,13.2776,188.7586,15.0291,-32.8875,-32.8974
1884.000000,21,13.2776,188.8501,15.3667,-32.6415,-32.6535
1884.000000,22,13.2776,188.9438,15.2098,-32.8921,-32.9022
1884.000000,23,13.2776,189.0397,13.6050,-34.5927,-34.5985
1884.000000,24,13.2776,189.1377,10.1388,-38.1569,-38.1590
1885.000000,0,13.3666,189.3111,10.6987,-37.7705,-37.7732
1885.000000,1,13.3666,189.3973,14.6694,-33.8859,-33.8948
1885.000000,2,13.3666,189.4859,16.6662,-31.9777,-31.9949
1885.000000,3,13.3666,189.5769,17.2294,-31.5054,-31.5288
1885.000000,4,13.3666,189.6702,17.2800,-31.5482,-31.5714
1885.000000,5,13.3666,189.1635,12.8838,-35.4377,-35.4426
1885.000000,6,13.3666,189.2510,15.6836,-32.7254,-32.7371
1885.000000,7,13.3666,189.3408,16.8336,-31.6652,-31.6838
1885.000000,8,13.3666,189.4329,16.9383,-31.6526,-31.6736
1885.000000,9,13.3666,189.5273,16.6467,-32.0386,-32.0559
1885.000000,10,13.3666,189.0167,14.2455,-33.9292,-33.9363
1885.000000,11,13.3666,189.1056,16.0860,-32.1777,-32.1911
1885.000000,12,13.3666,189.1967,16.4999,-31.8548,-31.8724
1885.000000,13,13.3666,189.2901,16.4911,-31.9570,-31.9732
1885.000000,14,13.3666,189.3857,15.3521,-33.1917,-33.2024
1885.000000,15,13.3666,188.8707,14.9027,-33.1261,-33.1349
1885.000000,16,13.3666,188.9611,15.8736,-32.2455,-32.2589
1885.000000,17,13.3666,189.0537,16.0222,-32.1895,-32.2036
1885.000000,18,13.3666,189.1485,15.3792,-32.9273,-32.9379
1885.000000,19,13.3666,189.2454,13.2357,-35.1678,-35.1732
1885.000000,20,13.3666,188.7255,14.8821,-33.0014,-33.0110
1885.000000,21,13.3666,188.8174,15.2271,-32.7484,-32.7600
1885.000000,22,13.3666,188.9116,15.0722,-32.9974,-33.0070
1885.000000,23,13.3666,189.0078,13.4665,-34.6993,-34.7049
1885.000000,24,13.3666,189.1062,9.9865,-38.2778,-38.2798
1886.000000,0,13.4558,189.2773,10.5521,-37.8832,-37.8858
1886.000000,1,13.4558,189.3639,14.5748,-33.9470,-33.9556
1886.000000,2,13.4558,189.4528,16.6040,-32.0068,-32.0235
1886.000000,3,13.4558,189.5440,17.1905,-31.5116,-31.5345
1886.000000,4,13.4558,189.6377,17.2406,-31.5551,-31.5779
1886.000000,5,13.4558,189.1298,12.7605,-35.5274,-35.5321
1886.000000,6,13.4558,189.2177,15.5957,-32.7801,-32.7914
1886.000000,7,13.4558,189.3079,16.7696,-31.6963,-31.7143
1886.000000,8,13.4558,189.4003,16.8748,-31.6836,-31.7041
1886.000000,9,13.4558,189.4951,16.5975,-32.0557,-32.0725
1886.000000,10,13.4558,188.9833,14.1265,-34.0148,-34.0217
1886.000000,11,13.4558,189.0726,15.9929,-32.2377,-32.2507
1886.000000,12,13.4558,189.1641,16.4166,-31.9055,-31.9225
1886.000000,13,13.4558,189.2579,16.4136,-32.0023,-32.0180
1886.000000,14,13.4558,189.3539,15.2829,-33.2290,-33.2395
1886.000000,15,13.4558,188.8375,14.7733,-33.2222,-33.2307
1886.000000,16,13.4558,188.9283,15.7636,-32.3227,-32.3356
1886.000000,17,13.4558,189.0213,15.9115,-32.2678,-32.2815
1886.000000,18,13.4558,189.1165,15.2759,-32.9986,-33.0087
1886.000000,19,13.4558,189.2138,13.1329,-35.2389,-35.2441
1886.000000,20,13.4558,188.6924,14.7279,-33.1225,-33.1317
1886.000000,21,13.4558,188.7848,15.0808,-32.8621,-32.8732
1886.000000,22,13.4558,188.8794,14.9282,-33.1092,-33.1184
1886.000000,23,13.4558,188.9761,13.3223,-34.8118,-34.8172
1886.000000,24,13.4558,189.0749,9.8288,-38.4041,-38.4060
1887.000000,0,13.5452,189.2435,10.4009,-38.0007,-38.0031
1887.000000,1,13.5452,189.3304,14.4766,-34.0118,-34.0201
1887.000000,2,13.5452,189.4197,16.5389,-32.0389,-32.0551
1887.000000,3,13.5452,189.5113,17.1491,-31.5202,-31.5426
1887.000000,4,13.5452,189.6053,17.1987,-31.5646,-31.5870
1887.000000,5,13.5452,189.0963,12.6325,-35.6218,-35.6263
1887.000000,6,13.5452,189.1845,15.5040,-32.8386,-32.8495
1887.000000,7,13.5452,189.2751,16.7025,-31.7306,-31.7481
1887.000000,8,13.5452,189.3679,16.8113,-31.7146,-31.7347
1887.000000,9,13.5452,189.4630,16.5454,-32.0756,-32.0921
1887.000000,10,13.5452,188.9499,14.0024,-34.1055,-34.1121
1887.000000,11,13.5452,189.0396,15.8955,-32.3021,-32.3146
1887.000000,12,13.5452,189.1315,16.3292,-31.9604,-31.9768
1887.000000,13,13.5452,189.2257,16.3322,-32.0515,-32.0668
1887.000000,14,13.5452,189.3220,15.2103,-33.2698,-33.2800
1887.000000,15,13.5452,188.8043,14.6380,-33.3244,-33.3325
1887.000000,16,13.5452,188.8955,15.6485,-32.4051,-32.4175
1887.000000,17,13.5452,188.9890,15.7954,-32.3516,-32.3647
1887.000000,18,13.5452,189.0845,15.1680,-33.0746,-33.0844
1887.000000,19,13.5452,189.1823,13.0260,-35.3143,-35.3193
1887.000000,20,13.5452,188.6594,14.5664,-33.2511,-33.2600
1887.000000,21,13.5452,188.7523,14.9275,-32.9828,-32.9935
1887.000000,22,13.5452,188.8473,14.7775,-33.2278,-33.2366
1887.000000,23,13.5452,188.9444,13.1720,-34.9304,-34.9355
1887.000000,24,13.5452,189.0436,9.6656,-38.5360,-38.5378
1888.000000,0,13.6347,189.2098,10.2447,-38.1231,-38.1254
1888.000000,1,13.6347,189.2971,14.3747,-34.0804,-34.0883
1888.000000,2,13.6347,189.3867,16.4707,-32.0741,-32.0898
1888.000000,3,13.6347,189.4786,17.1053,-31.5314,-31.5533
1888.000000,4,13.6347,189.5729,17.1540,-31.5769,-31.5990
1888.000000,5,13.6347,189.0627,12.4997,-35.7211,-35.7254
1888.000000,6,13.6347,189.1514,15.4084,-32.9010,-32.9116
1888.000000,7,13.6347,189.2423,16.6321,-31.7683,-31.7853
1888.000000,8,13.6347,189.3355,16.7501,-31.7434,-31.7629
1888.000000,9,13.6347,189.4310,16.4903,-32.0987,-32.1148
1888.000000,10,13.6347,188.9166,13.8730,-34.2016,-34.2079
1888.000000,11,13.6347,189.0067,15.7938,-32.3710,-32.3830
1888.000000,12,13.6347,189.0990,16.2376,-32.0195,-32.0354
1888.000000,13,13.6347,189.1936,16.2467,-32.1049,-32.1196
1888.000000,14,13.6347,189.2903,15.1342,-33.3141,-33.3240
1888.000000,15,13.6347,188.7712,14.4964,-33.4329,-33.4407
1888.000000,16,13.6347,188.8628,15.5281,-32.4928,-32.5047
1888.000000,17,13.6347,188.9567,15.6737,-32.4410,-32.4537
1888.000000,18,13.6347,189.0527,15.0551,-33.1556,-33.1650
1888.000000,19,13.6347,189.1508,12.9147,-35.3941,-35.3989
1888.000000,20,13.6347,188.6264,14.3969,-33.3875,-33.3962
1888.000000,21,13.6347,188.7197,14.7668,-33.1110,-33.1213
1888.000000,22,13.6347,188.8152,14.6198,-33.3535,-33.3620
1888.000000,23,13.6347,188.9127,13.0154,-35.0554,-35.0603
1888.000000,24,13.6347,189.0124,9.4967,-38.6738,-38.6754
1889.000000,0,13.7245,189.1761,10.0836,-38.2506,-38.2528
1889.000000,1,13.7245,189.2638,14.2689,-34.1529,-34.1606
1889.000000,2,13.7245,189.3538,16.3993,-32.1125,-32.1277
1889.000000,3,13.7245,189.4461,17.0589,-31.5452,-31.5666
1889.000000,4,13.7245,189.5407,17.1066,-31.5921,-31.6137
1889.000000,5,13.7245,189.0293,12.3619,-35.8254,-35.8295
1889.000000,6,13.7245,189.1183,15.3087,-32.9676,-32.9778
1889.000000,7,13.7245,189.2097,16.5583,-31.8094,-31.8258
1889.000000,8,13.7245,189.3032,16.6857,-31.7755,-31.7945
1889.000000,9,13.7245,189.3990,16.4322,-32.1248,-32.1406
1889.000000,10,13.7245,188.8833,13.7381,-34.3033,-34.3093
1889.000000,11,13.7245,188.9739,15.6874,-32.4445,-32.4561
1889.000000,12,13.7245,189.0666,16.1416,-32.0830,-32.0984
1889.000000,13,13.7245,189.1615,16.1571,-32.1625,-32.1768
1889.000000,14,13.7245,189.2586,15.0545,-33.3622,-33.3717
1889.000000,15,13.7245,188.7381,14.3481,-33.5480,-33.5556
1889.000000,16,13.7245,188.8302,15.4021,-32.5861,-32.5976
1889.000000,17,13.7245,188.9245,15.5461,-32.5364,-32.5486
1889.000000,18,13.7245,189.0209,14.9371,-33.2418,-33.2509
1889.000000,19,13.7245,189.1194,12.7990,-35.4785,-35.4831
1889.000000,20,13.7245,187.9935,14.2191,-32.9324,-32.9421
1889.000000,21,13.7245,188.6873,14.5984,-33.2469,-33.2569
1889.000000,22,13.7245,188.7832,14.4546,-33.4867,-33.4948
1889.000000,23,13.7245,188.8812,12.8522,-35.1870,-35.1916
1889.000000,24,13.7245,188.9813,9.3217,-38.8176,-38.8192
1890.000000,0,13.8145,189.1425,9.9171,-38.3834,-38.3855
1890.000000,1,13.8145,189.2306,14.1590,-34.2296,-34.2369
1890.000000,2,13.8145,189.3209,16.3248,-32.1542,-32.1690
1890.000000,3,13.8145,189.4136,17.0098,-31.5618,-31.5826
1890.000000,4,13.8145,189.5085,17.0563,-31.6103,-31.6315
1890.000000,5,13.8145,188.9959,12.2190,-35.9350,-35.9388
1890.000000,6,13.8145,189.0853,15.2048,-33.0385,-33.0483
1890.000000,7,13.8145,189.1770,16.4810,-31.8541,-31.8700
1890.000000,8,13.8145,189.2710,16.6180,-31.8110,-31.8295
1890.000000,9,13.8145,189.3672,16.3709,-32.1543,-32.1697
1890.000000,10,13.8145,188.8501,13.5973,-34.4108,-34.4166
1890.000000,11,13.8145,188.9411,15.5762,-32.5229,-32.5341
1890.000000,12,13.8145,189.0342,16.0411,-32.1511,-32.1660
1890.000000,13,13.8145,189.1295,16.0631,-32.2245,-32.2384
1890.000000,14,13.8145,189.2271,14.9711,-33.4140,-33.4233
1890.000000,15,13.8145,188.7051,14.1929,-33.6702,-33.6775
1890.000000,16,13.8145,188.7976,15.2704,-32.6853,-32.6964
1890.000000,17,13.8145,188.8923,15.4124,-32.6380,-32.6497
1890.000000,18,13.8145,188.9892,14.8138,-33.3334,-33.3421
1890.000000,19,13.8145,189.0881,12.6785,-35.5676,-35.5720
1890.000000,20,13.8145,187.9606,14.0326,-33.0861,-33.0955
1890.000000,21,13.8145,188.6549,14.4218,-33.3911,-33.4008
1890.000000,22,13.8145,188.7513,14.2816,-33.6277,-33.6356
1890.000000,23,13.8145,188.8497,12.6821,-35.3256,-35.3300
1890.000000,24,13.8145,188.9502,9.1405,-38.9677,-38.9692
1891.000000,0,13.9047,189.1089,9.7453,-38.5217,-38.5236
1891.000000,1,13.9047,189.1974,14.0451,-34.3104,-34.3174
1891.000000,2,13.9047,189.2881,16.2469,-32.1993,-32.2136
1891.000000,3,13.9047,189.3811,16.9580,-31.5811,-31.6014
1891.000000,4,13.9047,189.4764,17.0030,-31.6315,-31.6522
1891.000000,5,13.9047,188.9625,12.0706,-36.0500,-36.0537
1891.000000,6,13.9047,189.0524,15.0966,-33.1139,-33.1233
1891.000000,7,13.9047,189.1445,16.4001,-31.9025,-31.9178
1891.000000,8,13.9047,189.2388,16.5469,-31.8500,-31.8679
1891.000000,9,13.9047,189.3354,16.3063,-32.1871,-32.2021
1891.000000,10,13.9047,188.8170,13.4505,-34.5245,-34.5300
1891.000000,11,13.9047,188.9083,15.4599,-32.6064,-32.6172
1891.000000,12,13.9047,189.0019,15.9359,-32.2241,-32.2384
1891.000000,13,13.9047,189.0976,15.9645,-32.2912,-32.3046
1891.000000,14,13.9047,189.1955,14.8837,-33.4698,-33.4788
1891.000000,15,13.9047,188.6721,14.0304,-33.7997,-33.8068
1891.000000,16,13.9047,188.7651,15.1325,-32.7906,-32.8013
1891.000000,17,13.9047,188.8602,15.2722,-32.7460,-32.7573
1891.000000,18,13.9047,188.9575,14.6848,-33.4307,-33.4391
1891.000000,19,13.9047,189.0569,12.5532,-35.6617,-35.6659
1891.000000,20,13.9047,187.9278,13.8367,-33.2492,-33.2584
1891.000000,21,13.9047,188.6226,14.2366,-33.5440,-33.5533
1891.000000,22,13.9047,188.7194,14.1003,-33.7771,-33.7846
1891.000000,23,13.9047,188.8183,12.5049,-35.4715,-35.4757
1891.000000,24,13.9047,188.9192,8.9527,-39.1245,-39.1259
1892.000000,0,13.9950,189.0754,9.5679,-38.6656,-38.6675
1892.000000,1,13.9950,189.1643,13.9268,-34.3955,-34.4023
1892.000000,2,13.9950,189.2554,16.1655,-32.2479,-32.2618
1892.000000,3,13.9950,189.3488,16.9035,-31.6033,-31.6231
1892.000000,4,13.9950,189.4444,16.9466,-31.6558,-31.6762
1892.000000,5,13.9950,188.9293,11.9166,-36.1707,-36.1742
1892.000000,6,13.9950,189.0195,14.9837,-33.1939,-33.2029
1892.000000,7,13.9950,189.1120,16.3154,-31.9547,-31.9695
1892.000000,8,13.9950,189.2067,16.4722,-31.8926,-31.9100
1892.000000,9,13.9950,189.3036,16.2382,-32.2235,-32.2381
1892.000000,10,13.9950,188.7839,13.2974,-34.6445,-34.6498
1892.000000,11,13.9950,188.8757,15.3385,-32.6952,-32.7055
1892.000000,12,13.9950,188.9697,15.8257,-32.3020,-32.3158
1892.000000,13,13.9950,189.0658,15.8612,-32.3626,-32.3756
1892.000000,14,13.9950,189.1641,14.7924,-33.5298,-33.5385
1892.000000,15,13.9950,188.6392,13.8602,-33.9370,-33.9439
1892.000000,16,13.9950,188.7326,14.9882,-32.9024,-32.9127
1892.000000,17,13.9950,188.8282,15.1253,-32.8609,-32.8718
1892.000000,18,13.9950,188.9259,14.5501,-33.5338,-33.5419
1892.000000,19,13.9950,189.0257,12.4228,-35.7609,-35.7649
1892.000000,20,13.9950,187.8951,13.6309,-33.4222,-33.4313
1892.000000,21,13.9950,187.9903,14.0422,-33.1061,-33.1165
1892.000000,22,13.9950,188.6876,13.9104,-33.9352,-33.9424
1892.000000,23,13.9950,188.7869,12.3200,-35.6250,-35.6290
1892.000000,24,13.9950,188.8883,8.7582,-39.2882,-39.2895
1893.000000,0,14.0856,189.0420,9.3845,-38.8155,-38.8173
1893.000000,1,14.0856,189.1312,13.8040,-34.4853,-34.4917
1893.000000,2,14.0856,189.2227,16.0805,-32.3002,-32.3136
1893.000000,3,14.0856,189.3165,16.8460,-31.6286,-31.6478
1893.000000,4,14.0856,189.4125,16.8871,-31.6834,-31.7033
1893.000000,5,14.0856,188.8960,11.7568,-36.2973,-36.3007
1893.000000,6,14.0856,188.9867,14.8661,-33.2786,-33.2873
1893.000000,7,14.0856,189.0796,16.2268,-32.0109,-32.0252
1893.000000,8,14.0856,189.1747,16.3938,-31.9390,-31.9559
1893.000000,9,14.0856,189.2720,16.1666,-32.2634,-32.2776
1893.000000,10,14.0856,188.7508,13.1375,-34.7713,-34.7764
1893.000000,11,14.0856,188.8431,15.2115,-32.7896,-32.7995
1893.000000,12,14.0856,188.9375,15.7104,-32.3851,-32.3985
1893.000000,13,14.0856,189.0340,15.7530,-32.4391,-32.4516
1893.000000,14,14.0856,189.1327,14.6968,-33.5940,-33.6024
1893.000000,15,14.0856,188.0063,13.6818,-33.4825,-33.4902
1893.000000,16,14.0856,188.7002,14.8373,-33.0210,-33.0309
1893.000000,17,14.0856,188.7963,14.9714,-32.9829,-32.9934
1893.000000,18,14.0856,188.8944,14.4092,-33.6432,-33.6509
1893.000000,19,14.0856,188.9946,12.2872,-35.8654,-35.8693
1893.000000,20,14.0856,187.8623,13.4146,-33.6058,-33.6148
1893.000000,21,14.0856,187.9581,13.8382,-33.2779,-33.2881
1893.000000,22,14.0856,188.6558,13.7114,-34.1025,-34.1095
1893.000000,23,14.0856,188.7556,12.1271,-35.7865,-35.7904
1893.000000,24,14.0856,188.8574,8.5565,-39.4590,-39.4603
1894.000000,0,14.1763,189.0086,9.1952,-38.9715,-38.9732
1894.000000,1,14.1763,189.0983,13.6767,-34.5796,-34.5858
1894.000000,2,14.1763,189.1902,15.9919,-32.3563,-32.3692
1894.000000,3,14.1763,189.2843,16.7854,-31.6569,-31.6755
1894.000000,4,14.1763,189.3806,16.8243,-31.7144,-31.7339
1894.000000,5,14.1763,188.8628,11.5907,-36.4302,-36.4334
1894.000000,6,14.1763,188.9540,14.7436,-33.3684,-33.3767
1894.000000,7,14.1763,189.0473,16.1341,-32.0712,-32.0850
1894.000000,8,14.1763,189.1428,16.3115,-31.9893,-32.0057
1894.000000,9,14.1763,189.2404,16.0914,-32.3071,-32.3209
1894.000000,10,14.1763,188.7178,12.9706,-34.9052,-34.9101
1894.000000,11,14.1763,188.8105,15.0789,-32.8897,-32.8992
1894.000000,12,14.1763,188.9054,15.5996,-32.4639,-32.4767
1894.000000,13,14.1763,189.0024,15.6396,-32.5207,-32.5328
1894.000000,14,14.1763,189.1015,14.5968,-33.6627,-33.6708
1894.000000,15,14.1763,187.9735,13.4948,-33.6367,-33.6442
1894.000000,16,14.1763,188.6679,14.6793,-33.1466,-33.1562
1894.000000,17,14.1763,188.7644,14.8099,-33.1125,-33.1226
1894.000000,18,14.1763,188.8629,14.2620,-33.7589,-33.7664
1894.000000,19,14.1763,188.9636,12.1460,-35.9756,-35.9793
1894.000000,20,14.1763,187.8297,13.1870,-33.8007,-33.8097
1894.000000,21,14.1763,187.9259,13.6238,-33.4601,-33.4700
1894.000000,22,14.1763,188.6241,13.5026,-34.2795,-34.2863
1894.000000,23,14.1763,188.7244,11.9259,-35.9566,-35.9602
1894.000000,24,14.1763,188.8267,8.3473,-39.6374,-39.6386
1895.000000,0,14.2672,188.9753,8.9995,-39.1339,-39.1354
1895.000000,1,14.2672,189.0654,13.5445,-34.6789,-34.6847
1895.000000,2,14.2672,189.1576,15.8993,-32.4163,-32.4288
1895.000000,3,14.2672,189.2521,16.7218,-31.6884,-31.7065
1895.000000,4,14.2672,189.3489,16.7580,-31.7489,-31.7679
1895.000000,5,14.2672,188.8297,11.4182,-36.5695,-36.5726
1895.000000,6,14.2672,188.9213,14.6158,-33.4635,-33.4714
1895.000000,7,14.2672,189.0150,16.0372,-32.1358,-32.1492
1895.000000,8,14.2672,189.1109,16.2252,-32.0437,-32.0596
1895.000000,9,14.2672,189.2090,16.0123,-32.3547,-32.3682
1895.000000,10,14.2672,188.6849,12.7964,-35.0466,-35.0513
1895.000000,11,14.2672,188.7780,14.9402,-32.9959,-33.0050
1895.000000,12,14.2672,188.8733,15.4857,-32.5457,-32.5580
1895.000000,13,14.2672,188.9707,15.5209,-32.6078,-32.6195
1895.000000,14,14.2672,189.0702,14.4923,-33.7360,-33.7438
1895.000000,15,14.2672,187.9407,13.2986,-33.8001,-33.8074
1895.000000,16,14.2672,188.6356,14.5139,-33.2797,-33.2890
1895.000000,17,14.2672,188.7325,14.6406,-33.2499,-33.2597
1895.000000,18,14.2672,188.8315,14.1081,-33.8815,-33.8886
1895.000000,19,14.2672,188.9326,11.9991,-36.0915,-36.0951
1895.000000,20,14.2672,187.7971,12.9474,-34.0077,-34.0167
1895.000000,21,14.2672,187.8938,13.3985,-33.6533,-33.6630
1895.000000,22,14.2672,187.9925,13.2836,-33.8670,-33.8745
1895.000000,23,14.2672,188.6932,11.7158,-36.1355,-36.1390
1895.000000,24,14.2672,188.7960,8.1302,-39.8238,-39.8249
1896.000000,0,14.3583,188.9420,8.7972,-39.3029,-39.3043
1896.000000,1,14.3583,189.0325,13.4074,-34.7832,-34.7888
1896.000000,2,14.3583,189.1252,15.8028,-32.4804,-32.4923
1896.000000,3,14.3583,189.2201,16.6549,-31.7232,-31.7407
1896.000000,4,14.3583,189.3172,16.6883,-31.7869,-31.8055
1896.000000,5,14.3583,188.7966,11.2390,-36.7157,-36.7186
1896.000000,6,14.3583,188.8886,14.4828,-33.5639,-33.5715
1896.000000,7,14.3583,188.9828,15.9359,-32.2049,-32.2177
1896.000000,8,14.3583,189.0791,16.1348,-32.1023,-32.1177
1896.000000,9,14.3583,189.1775,15.9292,-32.4063,-32.4194
1896.000000,10,14.3583,188.6520,12.6143,-35.1958,-35.2004
1896.000000,11,14.3583,188.7456,14.7952,-33.1084,-33.1172
1896.000000,12,14.3583,188.8413,15.3666,-32.6328,-32.6447
1896.000000,13,14.3583,188.9392,15.3966,-32.7006,-32.7118
1896.000000,14,14.3583,189.0391,14.3831,-33.8141,-33.8216
1896.000000,15,14.3583,187.9080,13.0927,-33.9733,-33.9805
1896.000000,16,14.3583,188.0033,14.3406,-32.8208,-32.8311
1896.000000,17,14.3583,188.7007,14.4630,-33.3957,-33.4051
1896.000000,18,14.3583,188.8002,13.9472,-34.0111,-34.0179
1896.000000,19,14.3583,188.9017,11.8462,-36.2136,-36.2170
1896.000000,20,14.3583,187.7645,12.6950,-34.2276,-34.2366
1896.000000,21,14.3583,187.8617,13.1616,-33.8582,-33.8678
1896.000000,22,14.3583,187.9609,13.0536,-34.0654,-34.0727
1896.000000,23,14.3583,188.6621,11.4963,-36.3239,-36.3273
1896.000000,24,14.3583,188.7653,7.9050,-40.0184,-40.0195
1897.000000,0,14.4496,188.9088,8.5881,-39.4788,-39.4802
1897.000000,1,14.4496,188.9997,13.2650,-34.8927,-34.8980
1897.000000,2,14.4496,189.0928,15.7022,-32.5486,-32.5601
1897.000000,3,14.4496,189.1881,16.5847,-31.7614,-31.7784
1897.000000,4,14.4496,189.2855,16.6149,-31.8287,-31.8468
1897.000000,5,14.4496,188.7636,11.0527,-36.8689,-36.8717
1897.000000,6,14.4496,188.8561,14.3440,-33.6701,-33.6773
1897.000000,7,14.4496,188.9506,15.8300,-32.2786,-32.2910
1897.000000,8,14.4496,189.0473,16.0401,-32.1653,-32.1801
1897.000000,9,14.4496,189.1462,15.8421,-32.4622,-32.4749
1897.000000,10,14.4496,188.6191,12.4239,-35.3533,-35.3577
1897.000000,11,14.4496,188.7132,14.6437,-33.2276,-33.2361
1897.000000,12,14.4496,188.8094,15.2421,-32.7253,-32.7368
1897.000000,13,14.4496,188.9077,15.2664,-32.7993,-32.8101
1897.000000,14,14.4496,189.0080,14.2689,-33.8972,-33.9045
1897.000000,15,14.4496,187.8753,12.8765,-34.1568,-34.1640
1897.000000,16,14.4496,187.9711,14.1591,-32.9701,-32.9802
1897.000000,17,14.4496,188.6690,14.2767,-33.5504,-33.5594
1897.000000,18,14.4496,188.7690,13.7788,-34.1482,-34.1547
1897.000000,19,14.4496,188.8709,11.6869,-36.3420,-36.3452
1897.000000,20,14.4496,187.7320,12.4288,-34.4613,-34.4705
1897.000000,21,14.4496,187.8297,12.9122,-34.0756,-34.0851
1897.000000,22,14.4496,187.9294,12.8120,-34.2755,-34.2827
1897.000000,23,14.4496,188.6311,11.2670,-36.5222,-36.5255
1897.000000,24,14.4496,188.7348,7.6710,-40.2218,-40.2228
1898.000000,0,14.5411,188.8757,8.3718,-39.6619,-39.6632
1898.000000,1,14.5411,188.9670,13.1173,-35.0077,-35.0127
1898.000000,2,14.5411,189.0605,15.5973,-32.6212,-32.6323
1898.000000,3,14.5411,189.1561,16.5110,-31.8031,-31.8196
1898.000000,4,14.5411,189.2540,16.5377,-31.8743,-31.8920
1898.000000,5,14.5411,188.7307,10.8590,-37.0297,-37.0324
1898.000000,6,14.5411,188.8235,14.1994,-33.7821,-33.7891
1898.000000,7,14.5411,188.9185,15.7194,-32.3572,-32.3691
1898.000000,8,14.5411,189.0157,15.9409,-32.2328,-32.2472
1898.000000,9,14.5411,189.1149,15.7506,-32.5223,-32.5347
1898.000000,10,14.5411,187.9864,12.2249,-34.9195,-34.9245
1898.000000,11,14.5411,188.6809,14.4852,-33.3538,-33.3620
1898.000000,12,14.5411,188.7775,15.1120,-32.8236,-32.8346
1898.000000,13,14.5411,188.8763,15.1301,-32.9042,-32.9146
1898.000000,14,14.5411,188.9770,14.1495,-33.9855,-33.9925
1898.000000,15,14.5411,187.8427,12.6493,-34.3514,-34.3586
1898.000000,16,14.5411,187.9390,13.9689,-33.1282,-33.1381
1898.000000,17,14.5411,188.6374,14.0811,-33.7143,-33.7231
1898.000000,18,14.5411,188.7378,13.6028,-34.2931,-34.2994
1898.000000,19,14.5411,188.8402,11.5211,-36.4771,-36.4802
1898.000000,20,14.5411,187.6996,12.1477,-34.7099,-34.7193
1898.000000,21,14.5411,187.7978,12.6495,-34.3064,-34.3159
1898.000000,22,14.5411,187.8980,12.5579,-34.4981,-34.5052
1898.000000,23,14.5411,188.0002,11.0272,-36.1310,-36.1347
1898.000000,24,14.5411,188.7043,7.4280,-40.4343,-40.4353
1899.000000,0,14.6328,188.8426,8.1481,-39.8526,-39.8538
1899.000000,1,14.6328,188.9343,12.9640,-35.1283,-35.1331
1899.000000,2,14.6328,189.0282,15.4879,-32.6984,-32.7090
1899.000000,3,14.6328,189.1243,16.4338,-31.8486,-31.8645
1899.000000,4,14.6328,189.2225,16.4566,-31.9240,-31.9411
1899.000000,5,14.6328,188.6978,10.6575,-37.1983,-37.2009
1899.000000,6,14.6328,188.7911,14.0487,-33.9004,-33.9071
1899.000000,7,14.6328,188.8865,15.6038,-32.4408,-32.4522
1899.000000,8,14.6328,188.9841,15.8371,-32.3051,-32.3189
1899.000000,9,14.6328,189.0837,15.6547,-32.5871,-32.5990
1899.000000,10,14.6328,187.9536,12.0166,-35.0951,-35.1000
1899.000000,11,14.6328,188.6487,14.3193,-33.4873,-33.4953
1899.000000,12,14.6328,188.7457,14.9759,-32.9279,-32.9385
1899.000000,13,14.6328,188.8449,14.9874,-33.0155,-33.0256
1899.000000,14,14.6328,188.9461,14.0248,-34.0793,-34.0861
1899.000000,15,14.6328,187.8101,12.4103,-34.5579,-34.5650
1899.000000,16,14.6328,187.9070,13.7694,-33.2956,-33.3053
1899.000000,17,14.6328,188.0058,13.8758,-33.2881,-33.2979
1899.000000,18,14.6328,188.7067,13.4185,-34.4462,-34.4523
1899.000000,19,14.6328,188.8095,11.3484,-36.6192,-36.6221
1899.000000,20,14.6328,187.6672,12.3593,-34.4659,-34.4754
1899.000000,21,14.6328,187.7659,12.3724,-34.5516,-34.5612
1899.000000,22,14.6328,187.8666,12.2906,-34.7341,-34.7411
1899.000000,23,14.6328,187.9693,10.7762,-36.3511,-36.3546
1899.000000,24,14.6328,188.6739,7.1753,-40.6566,-40.6575
1900.000000,0,14.7246,188.8095,7.9165,-40.0511,-40.0522
1900.000000,1,14.7246,188.9017,12.8049,-35.2549,-35.2595
1900.000000,2,14.7246,188.9960,15.3739,-32.7802,-32.7904
1900.000000,3,14.7246,189.0925,16.3528,-31.8978,-31.9131
1900.000000,4,14.7246,189.1911,16.3714,-31.9777,-31.9944
1900.000000,5,14.7246,188.6649,10.4477,-37.3753,-37.3777
1900.000000,6,14.7246,188.7587,13.8915,-34.0252,-34.0316
1900.000000,7,14.7246,188.8546,15.4830,-32.5296,-32.5406
1900.000000,8,14.7246,188.9526,15.7283,-32.3823,-32.3956
1900.000000,9,14.7246,189.0526,15.5542,-32.6565,-32.6680
1900.000000,10,14.7246,187.9209,11.7985,-35.2805,-35.2853
1900.000000,11,14.7246,188.0164,14.1458,-33.0286,-33.0375
1900.000000,12,14.7246,188.7140,14.8336,-33.0384,-33.0487
1900.000000,13,14.7246,188.8136,14.8379,-33.1337,-33.1434
1900.000000,14,14.7246,188.9152,13.8945,-34.1788,-34.1853
1900.000000,15,14.7246,187.7776,12.1587,-34.7770,-34.7842
1900.000000,16,14.7246,187.8749,13.5601,-33.4729,-33.4825
1900.000000,17,14.7246,187.9743,13.6600,-33.4724,-33.4819
1900.000000,18,14.7246,188.6756,13.2256,-34.6081,-34.6140
1900.000000,19,14.7246,188.7789,11.1683,-36.7686,-36.7715
1900.000000,20,14.7246,187.6348,12.6513,-34.1415,-34.1511
1900.000000,21,14.7246,187.7341,12.3182,-34.5740,-34.5836
1900.000000,22,14.7246,187.8353,12.0090,-34.9844,-34.9913
1900.000000,23,14.7246,187.9385,10.5134,-36.5831,-36.5865
1900.000000,24,14.7246,188.6435,6.9124,-40.8892,-40.8900
1901.000000,0,14.8166,188.7765,7.6768,-40.2578,-40.2589
1901.000000,1,14.8166,188.8691,12.6396,-35.3876,-35.3919
1901.000000,2,14.8166,188.9639,15.2551,-32.8669,-32.8766
1901.000000,3,14.8166,189.0608,16.2679,-31.9509,-31.9657
1901.000000,4,14.8166,189.1598,16.2820,-32.0358,-32.0521
1901.000000,5,14.8166,188.6321,10.2292,-37.5609,-37.5633
1901.000000,6,14.8166,188.7263,13.7276,-34.1568,-34.1629
1901.000000,7,14.8166,188.8227,15.3568,-32.6239,-32.6344
1901.000000,8,14.8166,188.9211,15.6145,-32.4646,-32.4775
1901.000000,9,14.8166,189.0216,15.4488,-32.7308,-32.7420
1901.000000,10,14.8166,187.8883,11.5700,-35.4763,-35.4811
1901.000000,11,14.8166,187.9843,13.9642,-33.1781,-33.1867
1901.000000,12,14.8166,188.6823,14.6849,-33.1555,-33.1654
1901.000000,13,14.8166,188.7824,14.6814,-33.2590,-33.2684
1901.000000,14,14.8166,188.8845,13.7583,-34.2842,-34.2905
1901.000000,15,14.8166,187.7452,11.8936,-35.0096,-35.0169
1901.000000,16,14.8166,187.8430,13.3403,-33.6607,-33.6702
1901.000000,17,14.8166,187.9428,13.4419,-33.6590,-33.6684
1901.000000,18,14.8166,188.6446,13.0235,-34.7791,-34.7848
1901.000000,19,14.8166,188.7484,10.9807,-36.9258,-36.9285
1901.000000,20,14.8166,187.6026,12.9326,-33.8280,-33.8378
1901.000000,21,14.8166,187.7023,12.6165,-34.2439,-34.2535
1901.000000,22,14.8166,187.8041,11.7120,-35.2501,-35.2570
1901.000000,23,14.8166,187.9077,10.2380,-36.8278,-36.8312
1901.000000,24,14.8166,188.0133,6.6387,-40.5326,-40.5335
1902.000000,0,14.9088,188.7436,7.4285,-40.4731,-40.4741
1902.000000,1,14.9088,188.8366,12.4680,-35.5267,-35.5308
1902.000000,2,14.9088,188.9318,15.1312,-32.9586,-32.9680
1902.000000,3,14.9088,189.0291,16.1791,-32.0081,-32.0224
1902.000000,4,14.9088,189.1286,16.1882,-32.0984,-32.1141
1902.000000,5,14.9088,187.9993,10.0016,-37.1558,-37.1584
1902.000000,6,14.9088,188.6940,13.5566,-34.2955,-34.3014
1902.000000,7,14.9088,188.7908,15.2250,-32.7239,-32.7340
1902.000000,8,14.9088,188.8897,15.4954,-32.5523,-32.5648
1902.000000,9,14.9088,188.9906,15.3384,-32.8102,-32.8210
1902.000000,10,14.9088,187.8557,11.3304,-35.6834,-35.6881
1902.000000,11,14.9088,187.9522,13.7741,-33.3362,-33.3446
1902.000000,12,14.9088,188.6507,14.5292,-33.2795,-33.2891
1902.000000,13,14.9088,188.7512,14.5174,-33.3919,-33.4009
1902.000000,14,14.9088,188.8538,13.6159,-34.3959,-34.4019
1902.000000,15,14.9088,187.7128,11.6139,-35.2569,-35.2644
1902.000000,16,14.9088,187.8111,13.1095,-33.8597,-33.8691
1902.000000,17,14.9088,187.9114,13.2241,-33.8454,-33.8546
1902.000000,18,14.9088,188.0137,12.8118,-34.3599,-34.3663
1902.000000,19,14.9088,188.7179,10.7849,-37.0911,-37.0937
1902.000000,20,14.9088,187.5703,13.2035,-33.5249,-33.5350
1902.000000,21,14.9088,187.6706,12.9028,-33.9259,-33.9354
1902.000000,22,14.9088,187.7729,11.3985,-35.5324,-35.5394
1902.000000,23,14.9088,187.8770,9.9490,-37.0861,-37.0894
1902.000000,24,14.9088,187.9831,6.3536,-40.7875,-40.7885
1903.000000,0,15.0012,188.7107,7.1713,-40.6974,-40.6984
1903.000000,1,15.0012,188.8042,12.2898,-35.6725,-35.6764
1903.000000,2,15.0012,188.8998,15.0022,-33.0557,-33.0646
1903.000000,3,15.0012,188.9976,16.0861,-32.0695,-32.0833
1903.000000,4,15.0012,189.0974,16.0907,-32.1647,-32.1800
1903.000000,5,15.0012,187.9666,9.7643,-37.3604,-37.3630
1903.000000,6,15.0012,188.6618,13.3782,-34.4417,-34.4474
1903.000000,7,15.0012,188.7591,15.0873,-32.8298,-32.8396
1903.000000,8,15.0012,188.8584,15.3708,-32.6456,-32.6576
1903.000000,9,15.0012,188.9597,15.2228,-32.8950,-32.9054
1903.000000,10,15.0012,187.8232,11.0790,-35.9023,-35.9071
1903.000000,11,15.0012,187.9202,13.5748,-33.5034,-33.5117
1903.000000,12,15.0012,188.0192,14.3664,-32.8108,-32.8215
1903.000000,13,15.0012,188.7202,14.3456,-33.5326,-33.5413
1903.000000,14,15.0012,188.8231,13.4671,-34.5141,-34.5199
1903.000000,15,15.0012,187.6804,11.7925,-35.0460,-35.0535
1903.000000,16,15.0012,187.7793,12.8668,-34.0705,-34.0801
1903.000000,17,15.0012,187.8801,12.9953,-34.0428,-34.0519
1903.000000,18,15.0012,187.9829,12.5899,-34.5510,-34.5573
1903.000000,19,15.0012,188.6876,10.5807,-37.2649,-37.2675
1903.000000,20,15.0012,187.5382,13.4644,-33.2317,-33.2422
1903.000000,21,15.0012,187.6390,13.1777,-33.6193,-33.6290
1903.000000,22,15.0012,187.7418,11.6468,-35.2530,-35.2599
1903.000000,23,15.0012,187.8464,9.6455,-37.3589,-37.3623
1903.000000,24,15.0012,187.9529,6.0562,-41.0548,-41.0557
1904.000000,0,15.0937,188.6779,6.9046,-40.9313,-40.9322
1904.000000,1,15.0937,188.7718,12.1046,-35.8253,-35.8290
1904.000000,2,15.0937,188.8679,14.8678,-33.1582,-33.1667
1904.000000,3,15.0937,188.9661,15.9888,-32.1353,-32.1486
1904.000000,4,15.0937,189.0663,16.0057,-32.2186,-32.2334
1904.000000,5,15.0937,187.9340,9.5167,-37.5753,-37.5779
1904.000000,6,15.0937,188.6297,13.1919,-34.5958,-34.6014
1904.000000,7,15.0937,188.7274,14.9434,-32.9420,-32.9514
1904.000000,8,15.0937,188.8271,15.2405,-32.7447,-32.7563
1904.000000,9,15.0937,188.9289,15.1017,-32.9853,-32.9954
1904.000000,10,15.0937,187.7908,10.8148,-36.1340,-36.1388
1904.000000,11,15.0937,187.8882,13.3659,-33.6803,-33.6885
1904.000000,12,15.0937,187.9877,14.1960,-32.9497,-32.9601
1904.000000,13,15.0937,188.6892,14.1656,-33.6816,-33.6901
1904.000000,14,15.0937,188.7926,13.3115,-34.6392,-34.6448
1904.000000,15,15.0937,187.6481,12.0845,-34.7217,-34.7293
1904.000000,16,15.0937,187.7475,12.6114,-34.2942,-34.3038
1904.000000,17,15.0937,187.8488,12.7550,-34.2518,-34.2608
1904.000000,18,15.0937,187.9521,12.3570,-34.7532,-34.7592
1904.000000,19,15.0937,188.6573,10.3674,-37.4479,-37.4503
1904.000000,20,15.0937,187.5060,13.7159,-32.9481,-32.9590
1904.000000,21,15.0937,187.6074,13.4418,-33.3237,-33.3335
1904.000000,22,15.0937,187.7107,11.9148,-34.9540,-34.9608
1904.000000,23,15.0937,187.8159,9.3264,-37.6475,-37.6508
1904.000000,24,15.0937,187.9229,5.7458,-41.3351,-41.3360
1905.000000,0,15.1864,188.6451,6.6280,-41.1751,-41.1760
1905.000000,1,15.1864,188.7395,11.9122,-35.9854,-35.9890
1905.000000,2,15.1864,188.8360,14.7277,-33.2664,-33.2746
1905.000000,3,15.1864,188.9346,15.8869,-32.2057,-32.2185
1905.000000,4,15.1864,189.0353,15.9166,-32.2768,-32.2911
1905.000000,5,15.1864,187.9014,9.2582,-37.8013,-37.8038
1905.000000,6,15.1864,187.9975,12.9973,-34.1582,-34.1644
1905.000000,7,15.1864,188.6957,14.7930,-33.0608,-33.0699
1905.000000,8,15.1864,188.7959,15.1040,-32.8499,-32.8611
1905.000000,9,15.1864,188.8981,14.9748,-33.0814,-33.0912
1905.000000,10,15.1864,187.7584,10.5370,-36.3794,-36.3842
1905.000000,11,15.1864,187.8563,13.1468,-33.8675,-33.8756
1905.000000,12,15.1864,187.9563,14.0177,-33.0967,-33.1068
1905.000000,13,15.1864,188.6582,13.9768,-33.8395,-33.8477
1905.000000,14,15.1864,188.7621,13.1487,-34.7714,-34.7768
1905.000000,15,15.1864,187.6159,12.3661,-34.4078,-34.4157
1905.000000,16,15.1864,187.7158,12.3423,-34.5315,-34.5413
1905.000000,17,15.1864,187.8176,12.5023,-34.4733,-34.4823
1905.000000,18,15.1864,187.9214,12.1124,-34.9670,-34.9730
1905.000000,19,15.1864,188.6270,10.1447,-37.6404,-37.6428
1905.000000,20,15.1864,187.4740,13.9583,-32.6737,-32.6851
1905.000000,21,15.1864,187.5759,13.6954,-33.0386,-33.0486
1905.000000,22,15.1864,187.6797,12.1712,-34.6666,-34.6734
1905.000000,23,15.1864,187.7854,9.1340,-37.8094,-37.8127
1905.000000,24,15.1864,187.8929,5.4215,-41.6295,-41.6303
1906.000000,0,15.2793,188.0124,6.3410,-40.8295,-40.8304
1906.000000,1,15.2793,188.7073,11.7121,-36.1532,-36.1566
1906.000000,2,15.2793,188.8042,14.5817,-33.3805,-33.3884
1906.000000,3,15.2793,188.9032,15.7805,-32.2808,-32.2931
1906.000000,4,15.2793,189.0043,15.8230,-32.3394,-32.3533
1906.000000,5,15.2793,187.8689,8.9880,-38.0389,-38.0414
1906.000000,6,15.2793,187.9655,12.7941,-34.3295,-34.3355
1906.000000,7,15.2793,188.6641,14.6358,-33.1864,-33.1952
1906.000000,8,15.2793,188.7648,14.9613,-32.9616,-32.9724
1906.000000,9,15.2793,188.8675,14.8419,-33.1836,-33.1930
1906.000000,10,15.2793,187.7260,10.3546,-36.5294,-36.5344
1906.000000,11,15.2793,187.8245,12.9169,-34.0656,-34.0737
1906.000000,12,15.2793,187.9249,13.8309,-33.2521,-33.2621
1906.000000,13,15.2793,188.6273,13.7787,-34.0066,-34.0146
1906.000000,14,15.2793,188.7317,12.9785,-34.9112,-34.9165
1906.000000,15,15.2793,187.5837,12.6377,-34.1040,-34.1120
1906.000000,16,15.2793,187.6841,12.5666,-34.2756,-34.2854
1906.000000,17,15.2793,187.7865,12.2363,-34.7082,-34.7172
1906.000000,18,15.2793,187.8907,11.8555,-35.1933,-35.1992
1906.000000,19,15.2793,187.9969,9.9118,-37.2431,-37.2458
1906.000000,20,15.2793,187.4420,14.1918,-32.4082,-32.4201
1906.000000,21,15.2793,187.5444,13.9390,-32.7635,-32.7739
1906.000000,22,15.2793,187.6488,12.4166,-34.3903,-34.3971
1906.000000,23,15.2793,187.7550,9.3722,-37.5408,-37.5441
1906.000000,24,15.2793,187.8630,5.0822,-41.9388,-41.9397
1907.000000,0,15.3724,187.9797,6.0429,-41.0949,-41.0958
1907.000000,1,15.3724,188.6751,11.5041,-36.3290,-36.3323
1907.000000,2,15.3724,188.7725,14.4296,-33.5009,-33.5085
1907.000000,3,15.3724,188.8719,15.6691,-32.3608,-32.3727
1907.000000,4,15.3724,188.9734,15.7249,-32.4066,-32.4201
1907.000000,5,15.3724,187.8364,8.7054,-38.2890,-38.2915
1907.000000,6,15.3724,187.9335,12.5816,-34.5099,-34.5158
1907.000000,7,15.3724,188.6326,14.4715,-33.3192,-33.3277
1907.000000,8,15.3724,188.7338,14.8119,-33.0799,-33.0903
1907.000000,9,15.3724,188.8369,14.7028,-33.2921,-33.3012
1907.000000,10,15.3724,187.6937,10.6512,-36.2005,-36.2055
1907.000000,11,15.3724,187.7927,12.6753,-34.2754,-34.2835
1907.000000,12,15.3724,187.8936,13.6351,-33.4165,-33.4263
1907.000000,13,15.3724,187.9965,13.5709,-33.5836,-33.5926
1907.000000,14,15.3724,188.7013,12.8003,-35.0591,-35.0641
1907.000000,15,15.3724,187.5516,12.8999,-33.8097,-33.8181
1907.000000,16,15.3724,187.6525,12.8488,-33.9617,-33.9717
1907.000000,17,15.3724,187.7554,12.2017,-34.7117,-34.7207
1907.000000,18,15.3724,187.8602,11.5852,-35.4330,-35.4388
1907.000000,19,15.3724,187.9668,9.6682,-37.4566,-37.4592
1907.000000,20,15.3724,187.4100,14.4168,-32.1512,-32.1639
1907.000000,21,15.3724,187.5130,14.1729,-32.4981,-32.5089
1907.000000,22,15.3724,187.6179,12.6514,-34.1246,-34.1315
1907.000000,23,15.3724,187.7247,9.5989,-37.2838,-37.2870
1907.000000,24,15.3724,187.8332,4.7269,-42.2644,-42.2652
1908.000000,0,15.4656,187.9471,5.7331,-41.3721,-41.3730
1908.000000,1,15.4656,188.6429,11.2877,-36.5133,-36.5164
1908.000000,2,15.4656,188.7408,14.2710,-33.6278,-33.6351
1908.000000,3,15.4656,188.8407,15.5527,-32.4460,-32.4574
1908.000000,4,15.4656,188.9426,15.6220,-32.4787,-32.4917
1908.000000,5,15.4656,187.8040,8.4095,-38.5525,-38.5549
1908.000000,6,15.4656,187.9016,12.3594,-34.7002,-34.7060
1908.000000,7,15.4656,188.0012,14.2997,-32.8595,-32.8690
1908.000000,8,15.4656,188.7028,14.6718,-33.1890,-33.1991
1908.000000,9,15.4656,188.8063,14.5571,-33.4073,-33.4161
1908.000000,10,15.4656,187.6614,10.9371,-35.8824,-35.8874
1908.000000,11,15.4656,187.7609,12.4213,-34.4976,-34.5058
1908.000000,12,15.4656,187.8624,13.4300,-33.5905,-33.6002
1908.000000,13,15.4656,187.9658,13.3527,-33.7711,-33.7799
1908.000000,14,15.4656,188.6711,12.6138,-35.2153,-35.2202
1908.000000,15,15.4656,187.5195,13.1529,-33.5246,-33.5333
1908.000000,16,15.4656,187.6210,13.1204,-33.6586,-33.6687
1908.000000,17,15.4656,187.7244,12.4897,-34.3927,-34.4017
1908.000000,18,15.4656,187.8297,11.3007,-35.6870,-35.6929
1908.000000,19,15.4656,187.9368,9.4132,-37.6817,-37.6842
1908.000000,20,15.4656,187.3781,14.6336,-31.9026,-31.9160
1908.000000,21,15.4656,187.4817,14.3977,-32.2421,-32.2533
1908.000000,22,15.4656,187.5871,12.8761,-33.8691,-33.8762
1908.000000,23,15.4656,187.6944,9.8146,-37.0378,-37.0411
1908.000000,24,15.4656,187.8035,4.5831,-42.3784,-42.3793
1909.000000,0,15.5589,187.9146,5.4109,-41.6617,-41.6626
1909.000000,1,15.5589,188.0108,11.0624,-36.1064,-36.1100
1909.000000,2,15.5589,188.7092,14.1057,-33.7615,-33.7685
1909.000000,3,15.5589,188.8095,15.4311,-32.5365,-32.5475
1909.000000,4,15.5589,188.9119,15.5142,-32.5557,-32.5683
1909.000000,5,15.5589,187.7716,8.0994,-38.8302,-38.8327
1909.000000,6,15.5589,187.8697,12.1268,-34.9009,-34.9067
1909.000000,7,15.5589,187.9698,14.1199,-33.0079,-33.0171
1909.000000,8,15.5589,188.6719,14.5314,-33.2985,-33.3082
1909.000000,9,15.5589,188.7759,14.4044,-33.5295,-33.5380
1909.000000,10,15.5589,187.6292,11.2127,-35.5746,-35.5797
1909.000000,11,15.5589,187.7293,12.1541,-34.7332,-34.7416
1909.000000,12,15.5589,187.8312,13.2148,-33.7745,-33.7841
1909.000000,13,15.5589,187.9351,13.1235,-33.9697,-33.9783
1909.000000,14,15.5589,188.6409,12.4185,-35.3804,-35.3852
1909.000000,15,15.5589,187.4875,13.3972,-33.2483,-33.2574
1909.000000,16,15.5589,187.5895,13.3819,-33.3657,-33.3761
1909.000000,17,15.5589,187.6935,12.7662,-34.0853,-34.0942
1909.000000,18,15.5589,187.7992,11.0008,-35.9565,-35.9624
1909.000000,19,15.5589,187.9069,9.1459,-37.9190,-37.9216
1909.000000,20,15.5589,187.3463,14.8423,-31.6620,-31.6763
1909.000000,21,15.5589,187.4504,14.6134,-31.9951,-32.0068
1909.000000,22,15.5589,187.5564,13.0910,-33.6234,-33.6307
1909.000000,23,15.5589,187.6642,10.0198,-36.8024,-36.8057
1909.000000,24,15.5589,187.7738,4.7558,-42.1761,-42.1769
1910.000000,0,15.6524,187.8820,5.0755,-41.9646,-41.9654
1910.000000,1,15.6524,187.9788,10.8279,-36.3090,-36.3124
1910.000000,2,15.6524,188.6776,13.9334,-33.9023,-33.9090
1910.000000,3,15.6524,188.7785,15.3039,-32.6326,-32.6431
1910.000000,4,15.6524,188.8813,15.4013,-32.6380,-32.6502
1910.000000,5,15.6524,187.7393,8.3494,-38.5479,-38.5504
1910.000000,6,15.6524,187.8379,11.8832,-35.1127,-35.1184
1910.000000,7,15.6524,187.9385,13.9319,-33.1646,-33.1736
1910.000000,8,15.6524,188.6410,14.3846,-33.4145,-33.4239
1910.000000,9,15.6524,188.7455,14.2445,-33.6590,-33.6673
1910.000000,10,15.6524,187.5971,11.4785,-35.2767,-35.2819
1910.000000,11,15.6524,187.6976,11.8725,-34.9832,-34.9917
1910.000000,12,15.6524,187.8001,12.9889,-33.9693,-33.9789
1910.000000,13,15.6524,187.9045,12.8824,-34.1801,-34.1886
1910.000000,14,15.6524,188.0108,12.2138,-34.9550,-34.9604
1910.000000,15,15.6524,187.4555,13.6331,-32.9805,-32.9900
1910.000000,16,15.6524,187.5581,13.6336,-33.0826,-33.0932
1910.000000,17,15.6524,187.6626,13.0318,-33.7888,-33.7978
1910.000000,18,15.6524,187.7689,11.0438,-35.8831,-35.8889
1910.000000,19,15.6524,187.8770,8.8655,-38.1695,-38.1720
1910.000000,20,15.6524,187.3145,15.0432,-31.4294,-31.4446
1910.000000,21,15.6524,187.4192,14.8205,-31.7568,-31.7691
1910.000000,22,15.6524,187.5258,13.2966,-33.3872,-33.3947
1910.000000,23,15.6524,187.6341,10.2149,-36.5772,-36.5805
1910.000000,24,15.6524,187.7442,4.9174,-41.9848,-41.9857
1911.000000,0,15.7461,187.8496,4.7261,-42.2815,-42.2824
1911.000000,1,15.7461,187.9469,10.5835,-36.5214,-36.5247
1911.000000,2,15.7461,188.6461,13.7536,-34.0506,-34.0570
1911.000000,3,15.7461,188.7474,15.1710,-32.7344,-32.7446
1911.000000,4,15.7461,188.8507,15.2830,-32.7257,-32.7375
1911.000000,5,15.7461,187.7070,8.6250,-38.2400,-38.2425
1911.000000,6,15.7461,187.8061,11.6278,-35.3363,-35.3420
1911.000000,7,15.7461,187.9072,13.7350,-33.3302,-33.3391
1911.000000,8,15.7461,188.0102,14.2309,-32.9374,-32.9479
1911.000000,9,15.7461,188.7152,14.0770,-33.7963,-33.8043
1911.000000,10,15.7461,187.5650,11.7349,-34.9881,-34.9935
1911.000000,11,15.7461,187.6661,12.1223,-34.7018,-34.7104
1911.000000,12,15.7461,187.7691,12.7517,-34.1755,-34.1852
1911.000000,13,15.7461,187.8740,12.6287,-34.4033,-34.4117
1911.000000,14,15.7461,187.9807,11.9992,-35.1396,-35.1448
1911.000000,15,15.7461,187.4236,13.8609,-32.7208,-32.7309
1911.000000,16,15.7461,187.5268,13.8759,-32.8088,-32.8199
1911.000000,17,15.7461,187.6318,13.2870,-33.5028,-33.5119
1911.000000,18,15.7461,187.7386,11.3079,-35.5887,-35.5945
1911.000000,19,15.7461,187.8472,8.5711,-38.4342,-38.4367
1911.000000,20,15.7461,187.2828,15.2364,-31.2044,-31.2207
1911.000000,21,15.7461,187.3881,15.0191,-31.5270,-31.5400
1911.000000,22,15.7461,187.4952,13.4931,-33.1602,-33.1679
1911.000000,23,15.7461,187.6041,10.4003,-36.3618,-36.3652
1911.000000,24,15.7461,187.7147,5.0684,-41.8043,-41.8051
1912.000000,0,15.8399,187.8172,4.5227,-42.4526,-42.4534
1912.000000,1,15.8399,187.9150,10.3287,-36.7443,-36.7475
1912.000000,2,15.8399,188.0147,13.5661,-33.6067,-33.6138
1912.000000,3,15.8399,188.7165,15.0321,-32.8424,-32.8522
1912.000000,4,15.8399,188.8202,15.1591,-32.8191,-32.8305
1912.000000,5,15.8399,187.6748,8.8899,-37.9429,-37.9454
1912.000000,6,15.8399,187.7744,11.3600,-35.5725,-35.5782
1912.000000,7,15.8399,187.8760,13.5289,-33.5052,-33.5139
1912.000000,8,15.8399,187.9795,14.0701,-33.0675,-33.0778
1912.000000,9,15.8399,188.6850,13.9013,-33.9417,-33.9495
1912.000000,10,15.8399,187.5330,11.9825,-34.7086,-34.7142
1912.000000,11,15.8399,187.6346,12.3959,-34.3967,-34.4054
1912.000000,12,15.8399,187.7381,12.5023,-34.3939,-34.4037
1912.000000,13,15.8399,187.8435,12.3934,-34.6082,-34.6165
1912.000000,14,15.8399,187.9508,11.7740,-35.3348,-35.3400
1912.000000,15,15.8399,187.3918,14.0808,-32.4690,-32.4797
1912.000000,16,15.8399,187.4955,14.1093,-32.5442,-32.5557
1912.000000,17,15.8399,187.6010,13.5323,-33.2267,-33.2360
1912.000000,18,15.8399,187.7084,11.5612,-35.3053,-35.3110
1912.000000,19,15.8399,187.8175,8.2615,-38.7140,-38.7166
1912.000000,20,15.8399,187.2511,15.4222,-30.9869,-31.0044
1912.000000,21,15.8399,187.3570,15.2095,-31.3055,-31.3193
1912.000000,22,15.8399,187.4647,13.6808,-32.9419,-32.9501
1912.000000,23,15.8399,187.5741,10.5763,-36.1559,-36.1593
1912.000000,24,15.8399,187.6853,5.2092,-41.6341,-41.6349
1913.000000,0,15.9339,187.7848,4.7751,-42.1678,-42.1687
1913.000000,1,15.9339,187.8831,10.0629,-36.9783,-36.9815
1913.000000,2,15.9339,187.9834,13.3704,-33.7710,-33.7779
1913.000000,3,15.9339,188.6856,14.8870,-32.9567,-32.9661
1913.000000,4,15.9339,188.7898,15.0293,-32.9185,-32.9294
1913.000000,5,15.9339,187.6426,9.1447,-37.6560,-37.6585
1913.000000,6,15.9339,187.7428,11.0787,-35.8221,-35.8280
1913.000000,7,15.9339,187.8449,13.3128,-33.6901,-33.6988
1913.000000,8,15.9339,187.9489,13.9017,-33.2052,-33.2153
1913.000000,9,15.9339,188.6548,13.7172,-34.0956,-34.1033
1913.000000,10,15.9339,187.5010,12.2214,-34.4376,-34.4435
1913.000000,11,15.9339,187.6032,12.6596,-34.1017,-34.1106
1913.000000,12,15.9339,187.7072,12.6764,-34.1889,-34.1987
1913.000000,13,15.9339,187.8131,12.1475,-34.8237,-34.8321
1913.000000,14,15.9339,187.9209,11.5376,-35.5413,-35.5464
1913.000000,15,15.9339,187.3600,14.2931,-32.2249,-32.2363
1913.000000,16,15.9339,187.4642,14.3341,-32.2882,-32.3003
1913.000000,17,15.9339,187.5703,13.7681,-32.9603,-32.9698
1913.000000,18,15.9339,187.6782,11.8040,-35.0322,-35.0380
1913.000000,19,15.9339,187.7879,8.2655,-38.6804,-38.6829
1913.000000,20,15.9339,187.2195,15.6007,-30.7768,-30.7956
1913.000000,21,15.9339,187.3260,15.3919,-31.0921,-31.1068
1913.000000,22,15.9339,187.4342,13.8599,-32.7323,-32.7408
1913.000000,23,15.9339,187.5442,10.7432,-35.9590,-35.9625
1913.000000,24,15.9339,187.6559,5.3402,-41.4737,-41.4746
1914.000000,0,16.0280,187.7526,5.0153,-41.8953,-41.8961
1914.000000,1,16.0280,187.8513,9.7854,-37.2240,-37.2271
1914.000000,2,16.0280,187.9521,13.1661,-33.9440,-33.9508
1914.000000,3,16.0280,188.6548,14.7352,-33.0776,-33.0867
1914.000000,4,16.0280,188.7594,14.8935,-33.0240,-33.0346
1914.000000,5,16.0280,187.6105,9.3896,-37.3789,-37.3815
1914.000000,6,16.0280,187.7112,10.8762,-35.9931,-35.9990
1914.000000,7,16.0280,187.8138,13.0863,-33.8856,-33.8942
1914.000000,8,16.0280,187.9183,13.7254,-33.3510,-33.3608
1914.000000,9,16.0280,188.6247,13.5240,-34.2587,-34.2661
1914.000000,10,16.0280,187.4691,12.4521,-34.1750,-34.1812
1914.000000,11,16.0280,187.5718,12.9136,-33.8162,-33.8254
1914.000000,12,16.0280,187.6764,12.9501,-33.8844,-33.8943
1914.000000,13,16.0280,187.7828,11.8926,-35.0482,-35.0566
1914.000000,14,16.0280,187.8910,11.2892,-35.7599,-35.7650
1914.000000,15,16.0280,187.3282,14.4981,-31.9882,-32.0004
1914.000000,16,16.0280,187.4331,14.5504,-32.0407,-32.0535
1914.000000,17,16.0280,187.5397,13.9947,-32.7031,-32.7129
1914.000000,18,16.0280,187.6482,12.0370,-34.7692,-34.7750
1914.000000,19,16.0280,187.7584,8.4974,-38.4189,-38.4214
1914.000000,20,16.0280,187.1880,15.7720,-30.5740,-30.5941
1914.000000,21,16.0280,187.2950,15.5665,-30.8866,-30.9022
1914.000000,22,16.0280,187.4038,14.0308,-32.5311,-32.5400
1914.000000,23,16.0280,187.5144,10.9014,-35.7711,-35.7747
1914.000000,24,16.0280,187.6266,5.4616,-41.3231,-41.3239
1915.000000,0,16.1223,187.7203,5.2440,-41.6344,-41.6352
1915.000000,1,16.1223,187.8196,9.4954,-37.4822,-37.4854
1915.000000,2,16.1223,187.9208,12.9527,-34.1261,-34.1327
1915.000000,3,16.1223,188.6240,14.5766,-33.2055,-33.2143
1915.000000,4,16.1223,188.7291,14.7512,-33.1360,-33.1463
1915.000000,5,16.1223,187.5785,9.6254,-37.1111,-37.1138
1915.000000,6,16.1223,187.6797,11.1603,-35.6774,-35.6834
1915.000000,7,16.1223,187.7828,12.8486,-34.0923,-34.1010
1915.000000,8,16.1223,187.8878,13.5407,-33.5051,-33.5149
1915.000000,9,16.1223,187.9947,13.3214,-33.8314,-33.8397
1915.000000,10,16.1223,187.4372,12.6749,-33.9204,-33.9269
1915.000000,11,16.1223,187.5405,13.1585,-33.5400,-33.5495
1915.000000,12,16.1223,187.6456,13.2134,-33.5902,-33.6003
1915.000000,13,16.1223,187.7526,12.1781,-34.7325,-34.7409
1915.000000,14,16.1223,187.8613,11.0279,-35.9915,-35.9965
1915.000000,15,16.1223,187.2966,14.6958,-31.7588,-31.7718
1915.000000,16,16.1223,187.4020,14.7586,-31.8015,-31.8149
1915.000000,17,16.1223,187.5092,14.2125,-32.4548,-32.4649
1915.000000,18,16.1223,187.6182,12.2605,-34.5157,-34.5216
1915.000000,19,16.1223,187.7289,8.7193,-38.1676,-38.1701
1915.000000,20,16.1223,187.1565,15.9363,-30.3782,-30.3999
1915.000000,21,16.1223,187.2641,15.7334,-30.6888,-30.7054
1915.000000,22,16.1223,187.3735,14.1936,-32.3380,-32.3474
1915.000000,23,16.1223,187.4846,11.0510,-35.5917,-35.5954
1915.000000,24,16.1223,187.5974,5.5737,-41.1817,-41.1826
1916.000000,0,16.2167,187.6881,5.4617,-41.3845,-41.3853
1916.000000,1,16.2167,187.7879,9.1922,-37.7538,-37.7569
1916.000000,2,16.2167,187.8897,12.7298,-34.3179,-34.3244
1916.000000,3,16.2167,187.9933,14.4108,-32.7406,-32.7505
1916.000000,4,16.2167,188.6989,14.6022,-33.2548,-33.2647
1916.000000,5,16.2167,187.5465,9.8522,-36.8523,-36.8551
1916.000000,6,16.2167,187.6482,11.4338,-35.3724,-35.3785
1916.000000,7,16.2167,187.7519,12.5990,-34.3109,-34.3197
1916.000000,8,16.2167,187.8574,13.3472,-33.6682,-33.6779
1916.000000,9,16.2167,187.9648,13.1086,-34.0142,-34.0224
1916.000000,10,16.2167,187.4054,12.8900,-33.6735,-33.6804
1916.000000,11,16.2167,187.5092,13.3946,-33.2727,-33.2826
1916.000000,12,16.2167,187.6149,13.4669,-33.3061,-33.3163
1916.000000,13,16.2167,187.7224,12.4525,-34.4280,-34.4362
1916.000000,14,16.2167,187.8316,10.7527,-36.2369,-36.2420
1916.000000,15,16.2167,187.2650,14.8866,-31.5364,-31.5504
1916.000000,16,16.2167,187.3709,14.9589,-31.5701,-31.5844
1916.000000,17,16.2167,187.4787,14.4217,-32.2150,-32.2256
1916.000000,18,16.2167,187.5883,12.4750,-34.2713,-34.2774
1916.000000,19,16.2167,187.6995,8.9316,-37.9259,-37.9284
1916.000000,20,16.2167,187.1251,16.0936,-30.1895,-30.2127
1916.000000,21,16.2167,187.2333,15.8928,-30.4986,-30.5164
1916.000000,22,16.2167,187.3433,14.3485,-32.1529,-32.1629
1916.000000,23,16.2167,187.4550,11.1923,-35.4207,-35.4246
1916.000000,24,16.2167,187.5683,5.6769,-41.0495,-41.0504
1917.000000,0,16.3112,187.6560,5.6688,-41.1452,-41.1460
1917.000000,1,16.3112,187.7563,8.8748,-38.0396,-38.0428
1917.000000,2,16.3112,187.8586,12.4967,-34.5199,-34.5263
1917.000000,3,16.3112,187.9627,14.2373,-32.8834,-32.8930
1917.000000,4,16.3112,188.6688,14.4665,-33.3603,-33.3699
1917.000000,5,16.3112,187.5145,10.0705,-36.6021,-36.6050
1917.000000,6,16.3112,187.6168,11.6971,-35.0777,-35.0839
1917.000000,7,16.3112,187.7210,12.3367,-34.5424,-34.5513
1917.000000,8,16.3112,187.8270,13.1443,-33.8408,-33.8504
1917.000000,9,16.3112,187.9349,12.8850,-34.2079,-34.2160
1917.000000,10,16.3112,187.3737,13.0977,-33.4341,-33.4414
1917.000000,11,16.3112,187.4781,13.6266,-33.0095,-33.0198
1917.000000,12,16.3112,187.5843,13.7109,-33.0315,-33.0419
1917.000000,13,16.3112,187.6923,12.7164,-34.1339,-34.1422
1917.000000,14,16.3112,187.8021,10.4627,-36.4974,-36.5025
1917.000000,15,16.3112,187.2334,15.0705,-31.3209,-31.3359
1917.000000,16,16.3112,187.3400,15.1515,-31.3466,-31.3617
1917.000000,17,16.3112,187.4483,14.6228,-31.9836,-31.9947
1917.000000,18,16.3112,187.5584,12.6806,-34.0358,-34.0421
1917.000000,19,16.3112,187.6702,9.1347,-37.6935,-37.6960
1917.000000,20,16.3112,187.0937,16.2441,-30.0076,-30.0325
1917.000000,21,16.3112,187.2026,16.0448,-30.3158,-30.3348
1917.000000,22,16.3112,187.3131,14.4956,-31.9755,-31.9861
1917.000000,23,16.3112,187.4254,11.3256,-35.2578,-35.2619
1917.000000,24,16.3112,187.5393,5.7713,-40.9261,-40.9270
1918.000000,0,16.4059,187.6240,5.8660,-40.9160,-40.9168
1918.000000,1,16.4059,187.7248,9.0594,-37.8234,-37.8266
1918.000000,2,16.4059,187.8275,12.2529,-34.7327,-34.7391
1918.000000,3,16.4059,187.9322,14.0559,-33.0343,-33.0437
1918.000000,4,16.4059,188.6387,14.3340,-33.4628,-33.4722
1918.000000,5,16.4059,187.4827,10.2805,-36.3602,-36.3632
1918.000000,6,16.4059,187.5855,11.9508,-34.7928,-34.7991
1918.000000,7,16.4059,187.6902,12.1406,-34.7076,-34.7167
1918.000000,8,16.4059,187.7968,12.9314,-34.0234,-34.0330
1918.000000,9,16.4059,187.9051,12.6500,-34.4132,-34.4212
1918.000000,10,16.4059,187.3420,13.2981,-33.2019,-33.2097
1918.000000,11,16.4059,187.4469,13.8521,-32.7529,-32.7638
1918.000000,12,16.4059,187.5537,13.9458,-32.7660,-32.7767
1918.000000,13,16.4059,187.6623,12.9704,-33.8499,-33.8583
1918.000000,14,16.4059,187.7725,10.6349,-36.2956,-36.3007
1918.000000,15,16.4059,187.2019,15.2478,-31.1122,-31.1283
1918.000000,16,16.4059,187.3091,15.3365,-31.1306,-31.1467
1918.000000,17,16.4059,187.4180,14.8158,-31.7602,-31.7720
1918.000000,18,16.4059,187.5286,12.8779,-33.8088,-33.8153
1918.000000,19,16.4059,187.6410,9.3290,-37.4700,-37.4725
1918.000000,20,16.4059,187.0624,16.3878,-29.8326,-29.8594
1918.000000,21,16.4059,187.1719,16.1895,-30.1404,-30.1607
1918.000000,22,16.4059,187.2831,14.6352,-31.8059,-31.8171
1918.000000,23,16.4059,187.3959,11.4510,-35.1029,-35.1073
1918.000000,24,16.4059,187.5103,5.8571,-40.8113,-40.8122
1919.000000,0,16.5007,187.5919,6.0535,-40.6964,-40.6973
1919.000000,1,16.5007,187.6933,9.3206,-37.5307,-37.5339
1919.000000,2,16.5007,187.7966,11.9976,-34.9570,-34.9634
1919.000000,3,16.5007,187.9017,13.8661,-33.1937,-33.2029
1919.000000,4,16.5007,188.0087,14.1950,-32.9718,-32.9822
1919.000000,5,16.5007,187.4508,10.4827,-36.1262,-36.1294
1919.000000,6,16.5007,187.5542,12.1951,-34.5171,-34.5236
1919.000000,7,16.5007,187.6595,12.4116,-34.4060,-34.4151
1919.000000,8,16.5007,187.7666,12.7080,-34.2166,-34.2263
1919.000000,9,16.5007,187.8754,12.4063,-34.6271,-34.6351
1919.000000,10,16.5007,187.3104,13.4916,-32.9768,-32.9852
1919.000000,11,16.5007,187.4159,14.0697,-32.5042,-32.5157
1919.000000,12,16.5007,187.5232,14.1720,-32.5093,-32.5204
1919.000000,13,16.5007,187.6323,13.2148,-33.5755,-33.5840
1919.000000,14,16.5007,187.7431,10.8949,-36.0062,-36.0113
1919.000000,15,16.5007,187.1705,15.4185,-30.9101,-30.9274
1919.000000,16,16.5007,187.2782,15.5143,-30.9220,-30.9392
1919.000000,17,16.5007,187.3877,15.0011,-31.5447,-31.5571
1919.000000,18,16.5007,187.4989,13.0670,-33.5900,-33.5968
1919.000000,19,16.5007,187.6118,9.5149,-37.2549,-37.2575
1919.000000,20,16.5007,187.0312,16.5248,-29.6644,-29.6930
1919.000000,21,16.5007,187.1413,16.3271,-29.9722,-29.9939
1919.000000,22,16.5007,187.2531,14.7674,-31.6437,-31.6556
1919.000000,23,16.5007,187.3665,11.5686,-34.9558,-34.9604
1919.000000,24,16.5007,187.4815,5.9346,-40.7049,-40.7059
1920.000000,0,16.5956,187.5600,6.2318,-40.4862,-40.4870
1920.000000,1,16.5956,187.6619,9.5709,-37.2490,-37.2522
1920.000000,2,16.5956,187.7657,11.7302,-35.1935,-35.1999
1920.000000,3,16.5956,187.8713,13.6674,-33.3620,-33.3711
1920.000000,4,16.5956,187.9788,14.0494,-33.0875,-33.0977
1920.000000,5,16.5956,187.4191,10.6772,-35.9000,-35.9033
1920.000000,6,16.5956,187.5230,12.4306,-34.2504,-34.2572
1920.000000,7,16.5956,187.6288,12.6724,-34.1145,-34.1238
1920.000000,8,16.5956,187.7364,12.5632,-34.3312,-34.3410
1920.000000,9,16.5956,187.8458,12.1881,-34.8158,-34.8237
1920.000000,10,16.5956,187.2788,13.6782,-32.7586,-32.7676
1920.000000,11,16.5956,187.3849,14.2798,-32.2632,-32.2753
1920.000000,12,16.5956,187.4928,14.3897,-32.2611,-32.2727
1920.000000,13,16.5956,187.6024,13.4501,-33.3103,-33.3190
1920.000000,14,16.5956,187.7138,11.1451,-35.7267,-35.7317
1920.000000,15,16.5956,187.1391,15.5827,-30.7144,-30.7330
1920.000000,16,16.5956,187.2475,15.6849,-30.7206,-30.7390
1920.000000,17,16.5956,187.3576,15.1788,-31.3368,-31.3499
1920.000000,18,16.5956,187.4693,13.2482,-33.3792,-33.3863
1920.000000,19,16.5956,187.5827,9.6926,-37.0481,-37.0508
1920.000000,20,16.5956,187.0000,16.6552,-29.5029,-29.5335
1920.000000,21,16.5956,187.1107,16.4576,-29.8112,-29.8344
1920.000000,22,16.5956,187.2231,14.8923,-31.4889,-31.5016
1920.000000,23,16.5956,187.3371,11.6788,-34.8164,-34.8212
1920.000000,24,16.5956,187.4527,6.0039,-40.6068,-40.6078
1921.000000,0,16.6906,187.5281,6.4012,-40.2850,-40.2858
1921.000000,1,16.6906,187.6305,9.8107,-36.9778,-36.9810
1921.000000,2,16.6906,187.7348,11.4498,-35.4431,-35.4496
1921.000000,3,16.6906,187.8410,13.4593,-33.5398,-33.5487
1921.000000,4,16.6906,187.9490,13.8968,-33.2102,-33.2202
1921.000000,5,16.6906,187.3874,10.8643,-35.6812,-35.6847
1921.000000,6,16.6906,187.4919,12.6576,-33.9923,-33.9993
1921.000000,7,16.6906,187.5982,12.9235,-33.8327,-33.8422
1921.000000,8,16.6906,187.7063,12.8344,-34.0300,-34.0398
1921.000000,9,16.6906,187.8162,11.9587,-35.0156,-35.0235
1921.000000,10,16.6906,187.2473,13.8582,-32.5471,-32.5567
1921.000000,11,16.6906,187.3540,14.4824,-32.0296,-32.0425
1921.000000,12,16.6906,187.4624,14.5993,-32.0211,-32.0333
1921.000000,13,16.6906,187.5726,13.6767,-33.0539,-33.0628
1921.000000,14,16.6906,187.6845,11.3860,-35.4565,-35.4616
1921.000000,15,16.6906,187.1078,15.7407,-30.5252,-30.5452
1921.000000,16,16.6906,187.2168,15.8484,-30.5264,-30.5461
1921.000000,17,16.6906,187.3274,15.3491,-31.1364,-31.1503
1921.000000,18,16.6906,187.4398,13.4217,-33.1761,-33.1835
1921.000000,19,16.6906,187.5537,9.8625,-36.8493,-36.8520
1921.000000,20,16.6906,186.9690,16.7790,-29.3480,-29.3808
1921.000000,21,16.6906,187.0803,16.5811,-29.6573,-29.6820
1921.000000,22,16.6906,187.1933,15.0100,-31.3413,-31.3549
1921.000000,23,16.6906,187.3078,11.7814,-34.6844,-34.6895
1921.000000,24,16.6906,187.4240,6.0652,-40.5168,-40.5179
1922.000000,0,16.7858,187.4962,6.5619,-40.0924,-40.0933
1922.000000,1,16.7858,187.5992,10.0407,-36.7166,-36.7199
1922.000000,2,16.7858,187.7041,11.1555,-35.7066,-35.7133
1922.000000,3,16.7858,187.8108,13.2413,-33.7275,-33.7365
1922.000000,4,16.7858,187.9192,13.7368,-33.3404,-33.3502
1922.000000,5,16.7858,187.3557,11.0442,-35.4696,-35.4734
1922.000000,6,16.7858,187.4608,12.8764,-33.7425,-33.7498
1922.000000,7,16.7858,187.5677,13.1655,-33.5603,-33.5700
1922.000000,8,16.7858,187.6764,13.0953,-33.7391,-33.7489
1922.000000,9,16.7858,187.7868,11.7559,-35.1889,-35.1968
1922.000000,10,16.7858,187.2159,14.0317,-32.3422,-32.3525
1922.000000,11,16.7858,187.3231,14.6780,-31.8032,-31.8169
1922.000000,12,16.7858,187.4321,14.8011,-31.7891,-31.8019
1922.000000,13,16.7858,187.5429,13.8948,-32.8061,-32.8153
1922.000000,14,16.7858,187.6553,11.6180,-35.1953,-35.2004
1922.000000,15,16.7858,187.0766,15.8924,-30.3423,-30.3637
1922.000000,16,16.7858,187.1862,16.0051,-30.3391,-30.3602
1922.000000,17,16.7858,187.2974,15.5123,-30.9432,-30.9580
1922.000000,18,16.7858,187.4103,13.5878,-32.9806,-32.9884
1922.000000,19,16.7858,187.5248,10.0248,-36.6581,-36.6609
1922.000000,20,16.7858,186.9379,16.8961,-29.1998,-29.2348
1922.000000,21,16.7858,187.0499,16.6976,-29.5104,-29.5368
1922.000000,22,16.7858,187.1635,15.1205,-31.2010,-31.2154
1922.000000,23,16.7858,187.2787,11.8769,-34.5598,-34.5652
1922.000000,24,16.7858,187.3954,6.1187,-40.4347,-40.4359
1923.000000,0,16.8811,187.4645,6.7143,-39.9082,-39.9091
1923.000000,1,16.8811,187.5680,10.2611,-36.4650,-36.4683
1923.000000,2,16.8811,187.6734,11.3176,-35.5138,-35.5205
1923.000000,3,16.8811,187.7806,13.0127,-33.9259,-33.9349
1923.000000,4,16.8811,187.8896,13.5691,-33.4785,-33.4881
1923.000000,5,16.8811,187.3242,11.2171,-35.2651,-35.2691
1923.000000,6,16.8811,187.4298,13.0872,-33.5006,-33.5083
1923.000000,7,16.8811,187.5372,13.3985,-33.2968,-33.3069
1923.000000,8,16.8811,187.6464,13.3465,-33.4580,-33.4679
1923.000000,9,16.8811,187.7574,12.0358,-34.8796,-34.8875
1923.000000,10,16.8811,187.1845,14.1989,-32.1437,-32.1547
1923.000000,11,16.8811,187.2923,14.8665,-31.5838,-31.5985
1923.000000,12,16.8811,187.4019,14.9952,-31.5648,-31.5783
1923.000000,13,16.8811,187.5132,14.1049,-32.5664,-32.5759
1923.000000,14,16.8811,187.6262,11.8415,-34.9427,-34.9480
1923.000000,15,16.8811,187.0454,16.0379,-30.1656,-30.1885
1923.000000,16,16.8811,187.1556,16.1549,-30.1587,-30.1813
1923.000000,17,16.8811,187.2674,15.6683,-30.7572,-30.7730
1923.000000,18,16.8811,187.3809,13.7466,-32.7923,-32.8006
1923.000000,19,16.8811,187.4960,10.1798,-36.4743,-36.4773
1923.000000,20,16.8811,186.9070,17.0068,-29.0582,-29.0955
1923.000000,21,16.8811,187.0196,16.8072,-29.3704,-29.3986
1923.000000,22,16.8811,187.1338,15.2241,-31.0677,-31.0830
1923.000000,23,16.8811,187.2496,11.9651,-34.4425,-34.4482
1923.000000,24,16.8811,187.3669,6.1644,-40.3605,-40.3617
1924.000000,0,16.9765,187.4327,6.8587,-39.7321,-39.7331
1924.000000,1,16.9765,187.5368,10.4724,-36.2225,-36.2259
1924.000000,2,16.9765,187.6427,11.5830,-35.2177,-35.2245
1924.000000,3,16.9765,187.7505,12.7730,-34.1355,-34.1446
1924.000000,4,16.9765,187.8600,13.3933,-33.6247,-33.6343
1924.000000,5,16.9765,187.2926,11.3832,-35.0675,-35.0717
1924.000000,6,16.9765,187.3988,13.2904,-33.2665,-33.2746
1924.000000,7,16.9765,187.5069,13.6230,-33.0419,-33.0523
1924.000000,8,16.9765,187.6166,13.5884,-33.1863,-33.1963
1924.000000,9,16.9765,187.7280,12.3054,-34.5807,-34.5885
1924.000000,10,16.9765,187.1532,14.3598,-31.9514,-31.9633
1924.000000,11,16.9765,187.2616,15.0484,-31.3713,-31.3869
1924.000000,12,16.9765,187.3718,15.1818,-31.3480,-31.3623
1924.000000,13,16.9765,187.4837,14.3070,-32.3346,-32.3446
1924.000000,14,16.9765,187.5972,12.0568,-34.6984,-34.7038
1924.000000,15,16.9765,187.0143,16.1774,-29.9950,-30.0196
1924.000000,16,16.9765,187.1251,16.2980,-29.9852,-30.0093
1924.000000,17,16.9765,187.2376,15.8175,-30.5781,-30.5950
1924.000000,18,16.9765,187.3516,13.8984,-32.6112,-32.6200
1924.000000,19,16.9765,187.4673,10.3276,-36.2977,-36.3008
1924.000000,20,16.9765,186.8761,17.1109,-28.9232,-28.9629
1924.000000,21,16.9765,186.9893,16.9100,-29.2374,-29.2674
1924.000000,22,16.9765,187.1042,15.3207,-30.9414,-30.9577
1924.000000,23,16.9765,187.2205,12.0463,-34.3323,-34.3383
1924.000000,24,16.9765,187.3384,6.2025,-40.2940,-40.2952
1925.000000,0,17.0720,187.4011,6.9952,-39.5640,-39.5650
1925.000000,1,17.0720,187.5057,10.6748,-35.9889,-35.9925
1925.000000,2,17.0720,187.6122,11.8382,-34.9320,-34.9388
1925.000000,3,17.0720,187.7204,12.5213,-34.3572,-34.3663
1925.000000,4,17.0720,187.8304,13.2088,-33.7797,-33.7892
1925.000000,5,17.0720,187.2612,11.5427,-34.8765,-34.8810
1925.000000,6,17.0720,187.3680,13.4862,-33.0398,-33.0484
1925.000000,7,17.0720,187.4765,13.8393,-32.7952,-32.8062
1925.000000,8,17.0720,187.5868,13.8213,-32.9235,-32.9338
1925.000000,9,17.0720,187.6988,12.5653,-34.2915,-34.2994
1925.000000,10,17.0720,187.1219,14.5145,-31.7654,-31.7781
1925.000000,11,17.0720,187.2310,15.2236,-31.1654,-31.1821
1925.000000,12,17.0720,187.3417,15.3613,-31.1385,-31.1537
1925.000000,13,17.0720,187.4542,14.5016,-32.1106,-32.1210
1925.000000,14,17.0720,187.5682,12.2643,-34.4620,-34.4675
1925.000000,15,17.0720,186.9833,16.3108,-29.8305,-29.8568
1925.000000,16,17.0720,187.0947,16.4344,-29.8183,-29.8441
1925.000000,17,17.0720,187.2078,15.9598,-30.4059,-30.4240
1925.000000,18,17.0720,187.3224,14.0433,-32.4371,-32.4464
1925.000000,19,17.0720,187.4386,10.4685,-36.1281,-36.1314
1925.000000,20,17.0720,186.8453,17.2085,-28.7948,-28.8370
1925.000000,21,17.0720,186.9592,17.0059,-29.1113,-29.1432
1925.000000,22,17.0720,187.0746,15.4105,-30.8221,-30.8394
1925.000000,23,17.0720,187.1916,12.1205,-34.2292,-34.2355
1925.000000,24,17.0720,187.3101,6.3046,-40.1635,-40.1648
1926.000000,0,17.1675,187.3695,7.1240,-39.4035,-39.4046
1926.000000,1,17.1675,187.4747,10.8689,-35.7638,-35.7675
1926.000000,2,17.1675,187.5817,12.0837,-34.6561,-34.6630
1926.000000,3,17.1675,187.6905,12.3742,-34.4743,-34.4836
1926.000000,4,17.1675,187.8010,13.0152,-33.9438,-33.9533
1926.000000,5,17.1675,187.2298,11.6957,-34.6921,-34.6969
1926.000000,6,17.1675,187.3372,13.6749,-32.8203,-32.8295
1926.000000,7,17.1675,187.4463,14.0477,-32.5566,-32.5681
1926.000000,8,17.1675,187.5571,14.0457,-32.6695,-32.6801
1926.000000,9,17.1675,187.6697,12.8160,-34.0117,-34.0197
1926.000000,10,17.1675,187.0907,14.6633,-31.5855,-31.5991
1926.000000,11,17.1675,187.2004,15.3923,-30.9661,-30.9840
1926.000000,12,17.1675,187.3117,15.5336,-30.9362,-30.9523
1926.000000,13,17.1675,187.4247,14.6889,-31.8939,-31.9049
1926.000000,14,17.1675,187.5393,12.4641,-34.2333,-34.2390
1926.000000,15,17.1675,186.9523,16.4383,-29.6720,-29.7001
1926.000000,16,17.1675,187.0644,16.5644,-29.6580,-29.6857
1926.000000,17,17.1675,187.1780,16.0955,-30.2405,-30.2598
1926.000000,18,17.1675,187.2933,14.1815,-32.2698,-32.2797
1926.000000,19,17.1675,187.4101,10.6027,-35.9654,-35.9688
1926.000000,20,17.1675,186.8146,17.2996,-28.6730,-28.7178
1926.000000,21,17.1675,186.9291,17.0950,-28.9921,-29.0259
1926.000000,22,17.1675,187.0452,15.4935,-30.7097,-30.7280
1926.000000,23,17.1675,187.1628,12.1878,-34.1330,-34.1397
1926.000000,24,17.1675,187.2818,6.4545,-39.9853,-39.9867
1927.000000,0,17.2632,187.3379,7.2454,-39.2505,-39.2516
1927.000000,1,17.2632,187.4437,11.0547,-35.5470,-35.5509
1927.000000,2,17.2632,187.5513,12.3197,-34.3896,-34.3967
1927.000000,3,17.2632,187.6606,12.6172,-34.2014,-34.2108
1927.000000,4,17.2632,187.7716,12.8120,-34.1177,-34.1273
1927.000000,5,17.2632,187.1984,11.8424,-34.5141,-34.5193
1927.000000,6,17.2632,187.3064,13.8565,-32.6079,-32.6177
1927.000000,7,17.2632,187.4161,14.2485,-32.3257,-32.3378
1927.000000,8,17.2632,187.5275,14.2618,-32.4238,-32.4347
1927.000000,9,17.2632,187.6406,13.0577,-33.7409,-33.7489
1927.000000,10,17.2632,187.0596,14.8061,-31.4115,-31.4261
1927.000000,11,17.2632,187.1699,15.5548,-30.7731,-30.7922
1927.000000,12,17.2632,187.2818,15.6991,-30.7408,-30.7580
1927.000000,13,17.2632,187.3954,14.8689,-31.6845,-31.6961
1927.000000,14,17.2632,187.5106,12.6567,-34.0119,-34.0179
1927.000000,15,17.2632,186.9214,16.5599,-29.5195,-29.5496
1927.000000,16,17.2632,187.0341,16.6878,-29.5044,-29.5339
1927.000000,17,17.2632,187.1484,16.2246,-30.0818,-30.1023
1927.000000,18,17.2632,187.2642,14.3130,-32.1093,-32.1197
1927.000000,19,17.2632,187.3816,10.7304,-35.8092,-35.8129
1927.000000,20,17.2632,186.7839,17.3841,-28.5578,-28.6053
1927.000000,21,17.2632,186.8991,17.1774,-28.8797,-28.9156
1927.000000,22,17.2632,187.0158,15.5696,-30.6042,-30.6236
1927.000000,23,17.2632,187.1340,12.2483,-34.0438,-34.0509
1927.000000,24,17.2632,187.2537,6.5941,-39.8176,-39.8190
1928.000000,0,17.3590,187.3064,7.3596,-39.1049,-39.1061
1928.000000,1,17.3590,187.4128,11.2326,-35.3382,-35.3422
1928.000000,2,17.3590,187.5209,12.5468,-34.1321,-34.1395
1928.000000,3,17.3590,187.6308,12.8506,-33.9382,-33.9477
1928.000000,4,17.3590,187.7424,12.5985,-34.3019,-34.3116
1928.000000,5,17.3590,187.1672,11.9828,-34.3424,-34.3479
1928.000000,6,17.3590,187.2757,14.0314,-32.4024,-32.4128
1928.000000,7,17.3590,187.3860,14.4417,-32.1023,-32.1150
1928.000000,8,17.3590,187.4980,14.4699,-32.1861,-32.1975
1928.000000,9,17.3590,187.6116,13.2910,-33.4786,-33.4868
1928.000000,10,17.3590,187.0286,14.9431,-31.2435,-31.2591
1928.000000,11,17.3590,187.1394,15.7110,-30.5865,-30.6069
1928.000000,12,17.3590,187.2520,15.8578,-30.5523,-30.5706
1928.000000,13,17.3590,187.3661,15.0421,-31.4821,-31.4944
1928.000000,14,17.3590,187.4819,12.8422,-33.7977,-33.8040
1928.000000,15,17.3590,186.8906,16.6756,-29.3730,-29.4050
1928.000000,16,17.3590,187.0039,16.8047,-29.3572,-29.3887
1928.000000,17,17.3590,187.1188,16.3472,-29.9296,-29.9515
1928.000000,18,17.3590,187.2353,14.4380,-31.9552,-31.9664
1928.000000,19,17.3590,187.3532,10.8517,-35.6596,-35.6635
1928.000000,20,17.3590,186.7533,17.4621,-28.4492,-28.4995
1928.000000,21,17.3590,186.8692,17.2529,-28.7743,-28.8122
1928.000000,22,17.3590,186.9865,15.6391,-30.5055,-30.5260
1928.000000,23,17.3590,187.1053,12.3020,-33.9613,-33.9688
1928.000000,24,17.3590,187.2256,6.7237,-39.6600,-39.6614
1929.000000,0,17.4549,187.2750,7.4667,-38.9664,-38.9676
1929.000000,1,17.4549,187.3819,11.4029,-35.1371,-35.1413
1929.000000,2,17.4549,187.4906,12.7653,-33.8834,-33.8910
1929.000000,3,17.4549,187.6010,13.0747,-33.6844,-33.6941
1929.000000,4,17.4549,187.7132,12.8216,-34.0496,-34.0592
1929.000000,5,17.4549,187.1360,12.1172,-34.1768,-34.1827
1929.000000,6,17.4549,187.2451,14.1996,-32.2036,-32.2146
1929.000000,7,17.4549,187.3560,14.6278,-31.8862,-31.8997
1929.000000,8,17.4549,187.4685,14.6703,-31.9563,-31.9682
1929.000000,9,17.4549,187.5827,13.5161,-33.2246,-33.2330
1929.000000,10,17.4549,186.9976,15.0743,-31.0813,-31.0980
1929.000000,11,17.4549,187.1091,15.8612,-30.4059,-30.4278
1929.000000,12,17.4549,187.2222,16.0098,-30.3704,-30.3900
1929.000000,13,17.4549,187.3370,15.2084,-31.2866,-31.2996
1929.000000,14,17.4549,187.4533,13.0208,-33.5905,-33.5971
1929.000000,15,17.4549,186.8599,16.7855,-29.2324,-29.2665
1929.000000,16,17.4549,186.9738,16.9153,-29.2166,-29.2501
1929.000000,17,17.4549,187.0893,16.4634,-29.7839,-29.8073
1929.000000,18,17.4549,187.2064,14.5567,-31.8077,-31.8196
1929.000000,19,17.4549,187.3249,10.9667,-35.5163,-35.5204
1929.000000,20,17.4549,186.7228,17.5336,-28.3473,-28.4004
1929.000000,21,17.4549,186.8393,17.3217,-28.6756,-28.7158
1929.000000,22,17.4549,186.9573,15.7018,-30.4135,-30.4352
1929.000000,23,17.4549,187.0767,12.3491,-33.8857,-33.8936
1929.000000,24,17.4549,187.1976,6.8436,-39.5121,-39.5136
1930.000000,0,17.5508,187.2437,7.5668,-38.8349,-38.8362
1930.000000,1,17.5508,187.3512,11.5657,-34.9435,-34.9480
1930.000000,2,17.5508,187.4604,12.9755,-33.6430,-33.6510
1930.000000,3,17.5508,187.5714,13.2899,-33.4396,-33.4495
1930.000000,4,17.5508,187.6840,13.0754,-33.7667,-33.7763
1930.000000,5,17.5508,187.1048,12.2456,-34.0173,-34.0235
1930.000000,6,17.5508,187.2146,14.3613,-32.0113,-32.0230
1930.000000,7,17.5508,187.3260,14.8069,-31.6772,-31.6915
1930.000000,8,17.5508,187.4391,14.8632,-31.7340,-31.7465
1930.000000,9,17.5508,187.5538,13.7334,-32.9785,-32.9872
1930.000000,10,17.5508,186.9667,15.1997,-30.9250,-30.9427
1930.000000,11,17.5508,187.0788,16.0054,-30.2314,-30.2548
1930.000000,12,17.5508,187.1925,16.1554,-30.1952,-30.2161
1930.000000,13,17.5508,187.3079,15.3682,-31.0978,-31.1116
1930.000000,14,17.5508,187.4247,13.1928,-33.3899,-33.3969
1930.000000,15,17.5508,186.8292,16.8895,-29.0977,-29.1339
1930.000000,16,17.5508,186.9438,17.0194,-29.0824,-29.1181
1930.000000,17,17.5508,187.0599,16.5733,-29.6447,-29.6695
1930.000000,18,17.5508,187.1776,14.6691,-31.6665,-31.6791
1930.000000,19,17.5508,187.2967,11.0756,-35.3791,-35.3835
1930.000000,20,17.5508,186.6924,17.5984,-28.2521,-28.3081
1930.000000,21,17.5508,186.8095,17.3837,-28.5839,-28.6263
1930.000000,22,17.5508,186.9282,15.7579,-30.3283,-30.3512
1930.000000,23,17.5508,187.0483,12.3895,-33.8168,-33.8251
1930.000000,24,17.5508,187.1697,6.9541,-39.3736,-39.3752
1931.000000,0,17.6469,187.2124,7.6600,-38.7103,-38.7117
1931.000000,1,17.6469,187.3205,11.7212,-34.7573,-34.7620
1931.000000,2,17.6469,187.4303,13.1776,-33.4107,-33.4190
1931.000000,3,17.6469,187.5418,13.4964,-33.2034,-33.2136
1931.000000,4,17.6469,187.6550,13.3198,-33.4932,-33.5030
1931.000000,5,17.6469,187.0737,12.3680,-33.8638,-33.8704
1931.000000,6,17.6469,187.1841,14.5168,-31.8254,-31.8379
1931.000000,7,17.6469,187.2962,14.9791,-31.4751,-31.4903
1931.000000,8,17.6469,187.4098,15.0488,-31.5191,-31.5322
1931.000000,9,17.6469,187.5251,13.9431,-32.7401,-32.7491
1931.000000,10,17.6469,186.9358,15.3195,-30.7744,-30.7932
1931.000000,11,17.6469,187.0486,16.1437,-30.0629,-30.0878
1931.000000,12,17.6469,187.1629,16.2946,-30.0264,-30.0488
1931.000000,13,17.6469,187.2789,15.5214,-30.9155,-30.9303
1931.000000,14,17.6469,187.3963,13.3584,-33.1960,-33.2033
1931.000000,15,17.6469,186.7986,16.9877,-28.9689,-29.0073
1931.000000,16,17.6469,186.9138,17.1173,-28.9546,-28.9926
1931.000000,17,17.6469,187.0306,16.6768,-29.5118,-29.5383
1931.000000,18,17.6469,187.1489,14.7753,-31.5316,-31.5450
1931.000000,19,17.6469,187.2686,11.1785,-35.2481,-35.2528
1931.000000,20,17.6469,186.6621,17.6565,-28.1636,-28.2226
1931.000000,21,17.6469,186.7799,17.4388,-28.4991,-28.5438
1931.000000,22,17.6469,186.8992,15.8072,-30.2499,-30.2740
1931.000000,23,17.6469,187.0199,12.4233,-33.7546,-33.7634
1931.000000,24,17.6469,187.1419,7.0556,-39.2444,-39.2461
1932.000000,0,17.7430,187.1811,7.7466,-38.5925,-38.5940
1932.000000,1,17.7430,187.2898,11.8697,-34.5782,-34.5832
1932.000000,2,17.7430,187.4002,13.3720,-33.1862,-33.1950
1932.000000,3,17.7430,187.5123,13.6947,-32.9756,-32.9862
1932.000000,4,17.7430,187.6260,13.5552,-33.2289,-33.2387
1932.000000,5,17.7430,187.0427,12.4847,-33.7161,-33.7231
1932.000000,6,17.7430,187.1537,14.6660,-31.6458,-31.6592
1932.000000,7,17.7430,187.2664,15.1447,-31.2797,-31.2959
1932.000000,8,17.7430,187.3806,15.2274,-31.3113,-31.3252
1932.000000,9,17.7430,187.4964,14.1454,-32.5090,-32.5184
1932.000000,10,17.7430,186.9050,15.4336,-30.6294,-30.6495
1932.000000,11,17.7430,187.0184,16.2761,-29.9003,-29.9269
1932.000000,12,17.7430,187.1334,16.4274,-29.8640,-29.8879
1932.000000,13,17.7430,187.2499,15.6683,-30.7396,-30.7554
1932.000000,14,17.7430,187.3680,13.5177,-33.0083,-33.0161
1932.000000,15,17.7430,186.7680,17.0801,-28.8460,-28.8867
1932.000000,16,17.7430,186.8839,17.2087,-28.8332,-28.8735
1932.000000,17,17.7430,187.0013,16.7741,-29.3853,-29.4134
1932.000000,18,17.7430,187.1202,14.8754,-31.4028,-31.4171
1932.000000,19,17.7430,187.2405,11.2756,-35.1230,-35.1280
1932.000000,20,17.7430,186.6318,17.7079,-28.0819,-28.1439
1932.000000,21,17.7430,186.7503,17.4871,-28.4212,-28.4682
1932.000000,22,17.7430,186.8702,15.8500,-30.1783,-30.2037
1932.000000,23,17.7430,186.9915,12.4505,-33.6991,-33.7083
1932.000000,24,17.7430,187.1142,7.1482,-39.1240,-39.1258
1933.000000,0,17.8391,187.1500,7.8266,-38.4814,-38.4829
1933.000000,1,17.8391,187.2592,12.0112,-34.4061,-34.4114
1933.000000,2,17.8391,187.3702,13.5589,-32.9693,-32.9785
1933.000000,3,17.8391,187.4829,13.8850,-32.7559,-32.7669
1933.000000,4,17.8391,187.5971,13.7820,-32.9732,-32.9833
1933.000000,5,17.8391,187.0118,12.5956,-33.5743,-33.5817
1933.000000,6,17.8391,187.1234,14.8091,-31.4723,-31.4866
1933.000000,7,17.8391,187.2366,15.3037,-31.0910,-31.1082
1933.000000,8,17.8391,187.3515,15.3991,-31.1104,-31.1251
1933.000000,9,17.8391,187.4679,14.3408,-32.2851,-32.2950
1933.000000,10,17.8391,186.8743,15.5422,-30.4902,-30.5115
1933.000000,11,17.8391,186.9884,16.4029,-29.7435,-29.7718
1933.000000,12,17.8391,187.1040,16.5540,-29.7080,-29.7335
1933.000000,13,17.8391,187.2211,15.8090,-30.5701,-30.5869
1933.000000,14,17.8391,187.3397,13.6708,-32.8269,-32.8352
1933.000000,15,17.8391,186.7376,17.1667,-28.7290,-28.7720
1933.000000,16,17.8391,186.8541,17.2939,-28.7183,-28.7610
1933.000000,17,17.8391,186.9722,16.8652,-29.2650,-29.2949
1933.000000,18,17.8391,187.0917,14.9695,-31.2802,-31.2954
1933.000000,19,17.8391,187.2126,11.3669,-35.0038,-35.0090
1933.000000,20,17.8391,186.6016,17.7526,-28.0071,-28.0721
1933.000000,21,17.8391,186.7208,17.5285,-28.3503,-28.3997
1933.000000,22,17.8391,186.8414,15.8860,-30.1134,-30.1400
1933.000000,23,17.8391,186.9633,12.5378,-33.5836,-33.5933
1933.000000,24,17.8391,187.0866,7.2323,-39.0124,-39.0142
1934.000000,0,17.9353,187.1189,7.9001,-38.3768,-38.3784
1934.000000,1,17.9353,187.2287,12.1460,-34.2408,-34.2464
1934.000000,2,17.9353,187.3403,13.7386,-32.7598,-32.7695
1934.000000,3,17.9353,187.4535,14.0675,-32.5441,-32.5556
1934.000000,4,17.9353,187.5683,14.0005,-32.7259,-32.7362
1934.000000,5,17.9353,186.9809,12.7008,-33.4382,-33.4461
1934.000000,6,17.9353,187.0932,14.9462,-31.3050,-31.3201
1934.000000,7,17.9353,187.2070,15.4563,-30.9087,-30.9271
1934.000000,8,17.9353,187.3224,15.5641,-30.9163,-30.9320
1934.000000,9,17.9353,187.4394,14.5292,-32.0682,-32.0786
1934.000000,10,17.9353,186.8437,15.6451,-30.3566,-30.3792
1934.000000,11,17.9353,186.9584,16.5240,-29.5925,-29.6225
1934.000000,12,17.9353,187.0746,16.6745,-29.5581,-29.5853
1934.000000,13,17.9353,187.1923,15.9436,-30.4068,-30.4247
1934.000000,14,17.9353,187.3115,13.8180,-32.6516,-32.6604
1934.000000,15,17.9353,186.7072,17.2474,-28.6178,-28.6633
1934.000000,16,17.9353,186.8244,17.3727,-28.6098,-28.6550
1934.000000,17,17.9353,186.9431,16.9502,-29.1510,-29.1827
1934.000000,18,17.9353,187.0633,15.0576,-31.1637,-31.1798
1934.000000,19,17.9353,187.1848,11.4525,-34.8903,-34.8959
1934.000000,20,17.9353,186.5715,17.7904,-27.9391,-28.0073
1934.000000,21,17.9353,186.6914,17.5629,-28.2865,-28.3382
1934.000000,22,17.9353,186.8126,15.9154,-30.0553,-30.0832
1934.000000,23,17.9353,186.9352,12.6382,-33.4551,-33.4651
1934.000000,24,17.9353,187.0591,7.3079,-38.9093,-38.9112
1935.000000,0,18.0316,187.0878,7.9672,-38.2787,-38.2804
1935.000000,1,18.0316,187.1983,12.2741,-34.0822,-34.0882
1935.000000,2,18.0316,187.3105,13.9111,-32.5574,-32.5677
1935.000000,3,18.0316,187.4243,14.2424,-32.3400,-32.3520
1935.000000,4,18.0316,187.5396,14.2110,-32.4867,-32.4974
1935.000000,5,18.0316,186.9501,12.8004,-33.3078,-33.3162
1935.000000,6,18.0316,187.0630,15.0775,-31.1435,-31.1597
1935.000000,7,18.0316,187.1774,15.6027,-30.7328,-30.7524
1935.000000,8,18.0316,187.2935,15.7226,-30.7289,-30.7456
1935.000000,9,18.0316,187.4110,14.7110,-31.8580,-31.8689
1935.000000,10,18.0316,186.8132,15.7426,-30.2286,-30.2526
1935.000000,11,18.0316,186.9285,16.6394,-29.4471,-29.4791
1935.000000,12,18.0316,187.0453,16.7889,-29.4145,-29.4435
1935.000000,13,18.0316,187.1637,16.0722,-30.2495,-30.2687
1935.000000,14,18.0316,187.2834,13.9593,-32.4821,-32.4916
1935.000000,15,18.0316,186.6769,17.3224,-28.5126,-28.5605
1935.000000,16,18.0316,186.7948,17.4452,-28.5077,-28.5555
1935.000000,17,18.0316,186.9142,17.0290,-29.0432,-29.0768
1935.000000,18,18.0316,187.0349,15.1399,-31.0531,-31.0702
1935.000000,19,18.0316,187.1570,11.5326,-34.7825,-34.7884
1935.000000,20,18.0316,186.5415,17.8213,-27.8782,-27.9495
1935.000000,21,18.0316,186.6620,17.5904,-28.2297,-28.2839
1935.000000,22,18.0316,186.7839,15.9380,-30.0040,-30.0332
1935.000000,23,18.0316,186.9072,12.7306,-33.3346,-33.3451
1935.000000,24,18.0316,187.0317,7.3754,-38.8144,-38.8164
1936.000000,0,18.1280,187.0569,8.0280,-38.1869,-38.1887
1936.000000,1,18.1280,187.1680,12.3958,-33.9302,-33.9365
1936.000000,2,18.1280,187.2807,14.0768,-32.3620,-32.3728
1936.000000,3,18.1280,187.3951,14.4109,-32.1422,-32.1549
1936.000000,4,18.1280,187.5110,14.4137,-32.2553,-32.2664
1936.000000,5,18.1280,186.9194,12.8944,-33.1830,-33.1919
1936.000000,6,18.1280,187.0329,15.2029,-30.9880,-31.0052
1936.000000,7,18.1280,187.1480,15.7429,-30.5631,-30.5839
1936.000000,8,18.1280,187.2646,15.8746,-30.5480,-30.5658
1936.000000,9,18.1280,187.3827,14.8864,-31.6544,-31.6659
1936.000000,10,18.1280,186.7827,15.8345,-30.1063,-30.1316
1936.000000,11,18.1280,186.8986,16.7493,-29.3074,-29.3413
1936.000000,12,18.1280,187.0161,16.8972,-29.2769,-29.3078
1936.000000,13,18.1280,187.1351,16.1949,-30.0983,-30.1187
1936.000000,14,18.1280,187.2555,14.0950,-32.3185,-32.3286
1936.000000,15,18.1280,186.6467,17.3914,-28.4133,-28.4638
1936.000000,16,18.1280,186.7653,17.5113,-28.4120,-28.4625
1936.000000,17,18.1280,186.8853,17.1017,-28.9416,-28.9772
1936.000000,18,18.1280,187.0067,15.2162,-30.9484,-30.9666
1936.000000,19,18.1280,187.1294,11.6072,-34.6802,-34.6865
1936.000000,20,18.1280,186.5116,17.8452,-27.8244,-27.8989
1936.000000,21,18.1280,186.6328,17.6108,-28.1801,-28.2367
1936.000000,22,18.1280,186.7554,15.9540,-29.9595,-29.9900
1936.000000,23,18.1280,186.8793,12.8151,-33.2222,-33.2331
1936.000000,24,18.1280,187.0045,7.5272,-38.6353,-38.6374
1937.000000,0,18.2244,187.0260,8.0825,-38.1015,-38.1034
1937.000000,1,18.2244,187.1377,12.5110,-33.7847,-33.7913
1937.000000,2,18.2244,187.2510,14.2357,-32.1734,-32.1849
1937.000000,3,18.2244,187.3660,14.5898,-31.9342,-31.9475
1937.000000,4,18.2244,187.4825,14.6090,-32.0315,-32.0430
1937.000000,5,18.2244,186.8887,12.9829,-33.0639,-33.0733
1937.000000,6,18.2244,187.0029,15.3226,-30.8383,-30.8565
1937.000000,7,18.2244,187.1186,15.8771,-30.3995,-30.4217
1937.000000,8,18.2244,187.2358,16.0203,-30.3735,-30.3924
1937.000000,9,18.2244,187.3545,15.0554,-31.4571,-31.4694
1937.000000,10,18.2244,186.7523,15.9208,-29.9895,-30.0163
1937.000000,11,18.2244,186.8689,16.8536,-29.1733,-29.2093
1937.000000,12,18.2244,186.9870,16.9996,-29.1454,-29.1783
1937.000000,13,18.2244,187.1066,16.3117,-29.9529,-29.9747
1937.000000,14,18.2244,187.2276,14.2250,-32.1606,-32.1713
1937.000000,15,18.2244,186.6166,17.4546,-28.3200,-28.3731
1937.000000,16,18.2244,186.7358,17.5710,-28.3228,-28.3760
1937.000000,17,18.2244,186.8565,17.1682,-28.8463,-28.8838
1937.000000,18,18.2244,186.9785,15.2868,-30.8497,-30.8689
1937.000000,19,18.2244,187.1018,11.6764,-34.5835,-34.5902
1937.000000,20,18.2244,186.4817,17.8620,-27.7778,-27.8554
1937.000000,21,18.2244,186.6036,17.6240,-28.1376,-28.1967
1937.000000,22,18.2244,186.7269,15.9631,-29.9218,-29.9537
1937.000000,23,18.2244,186.8515,12.8919,-33.1176,-33.1289
1937.000000,24,18.2244,186.9773,7.7009,-38.4344,-38.4365
1938.000000,0,18.3208,186.9951,8.1309,-38.0223,-38.0243
1938.000000,1,18.3208,187.1075,12.6200,-33.6455,-33.6525
1938.000000,2,18.3208,187.2214,14.3880,-31.9914,-32.0036
1938.000000,3,18.3208,187.3370,14.7618,-31.7332,-31.7473
1938.000000,4,18.3208,187.4540,14.7970,-31.8151,-31.8271
1938.000000,5,18.3208,186.8582,13.0658,-32.9504,-32.9602
1938.000000,6,18.3208,186.9729,15.4367,-30.6943,-30.7136
1938.000000,7,18.3208,187.0892,16.0053,-30.2420,-30.2656
1938.000000,8,18.3208,187.2071,16.1598,-30.2053,-30.2254
1938.000000,9,18.3208,187.3263,15.2182,-31.2661,-31.2792
1938.000000,10,18.3208,186.7220,16.0017,-29.8783,-29.9066
1938.000000,11,18.3208,186.8392,16.9525,-29.0448,-29.0829
1938.000000,12,18.3208,186.9580,17.0961,-29.0200,-29.0549
1938.000000,13,18.3208,187.0782,16.4228,-29.8135,-29.8367
1938.000000,14,18.3208,187.1998,14.3495,-32.0083,-32.0197
1938.000000,15,18.3208,186.5866,17.5119,-28.2327,-28.2884
1938.000000,16,18.3208,186.7065,17.6243,-28.2402,-28.2962
1938.000000,17,18.3208,186.8278,17.2287,-28.7571,-28.7967
1938.000000,18,18.3208,186.9504,15.3516,-30.7568,-30.7771
1938.000000,19,18.3208,187.0744,11.7402,-34.4922,-34.4993
1938.000000,20,18.3208,186.4520,17.8716,-27.7384,-27.8192
1938.000000,21,18.3208,186.5746,17.6301,-28.1025,-28.1641
1938.000000,22,18.3208,186.6985,16.0171,-29.8395,-29.8727
1938.000000,23,18.3208,186.8237,12.9610,-33.0207,-33.0325
1938.000000,24,18.3208,186.9502,7.8633,-38.2449,-38.2470
1939.000000,0,18.4172,186.9644,8.1731,-37.9493,-37.9514
1939.000000,1,18.4172,187.0773,12.7228,-33.5126,-33.5200
1939.000000,2,18.4172,187.1919,14.5340,-31.8160,-31.8289
1939.000000,3,18.4172,187.3080,14.9270,-31.5391,-31.5540
1939.000000,4,18.4172,187.4257,14.9779,-31.6058,-31.6184
1939.000000,5,18.4172,186.8277,13.1433,-32.8424,-32.8528
1939.000000,6,18.4172,186.9431,15.5451,-30.5560,-30.5765
1939.000000,7,18.4172,187.0600,16.1276,-30.0904,-30.1156
1939.000000,8,18.4172,187.1784,16.2933,-30.0432,-30.0646
1939.000000,9,18.4172,187.2983,15.3751,-31.0812,-31.0951
1939.000000,10,18.4172,186.6917,16.0770,-29.7728,-29.8025
1939.000000,11,18.4172,186.8097,17.0459,-28.9218,-28.9621
1939.000000,12,18.4172,186.9291,17.1866,-28.9005,-28.9376
1939.000000,13,18.4172,187.0499,16.5281,-29.6798,-29.7045
1939.000000,14,18.4172,187.1721,14.4687,-31.8614,-31.8736
1939.000000,15,18.4172,186.5566,17.5631,-28.1515,-28.2098
1939.000000,16,18.4172,186.6772,17.6712,-28.1641,-28.2229
1939.000000,17,18.4172,186.7992,17.2831,-28.6741,-28.7159
1939.000000,18,18.4172,186.9225,15.4107,-30.6698,-30.6912
1939.000000,19,18.4172,187.0470,11.8384,-34.3667,-34.3742
1939.000000,20,18.4172,186.4223,17.8739,-27.7065,-27.7904
1939.000000,21,18.4172,186.5456,17.6289,-28.0748,-28.1388
1939.000000,22,18.4172,186.6703,16.0851,-29.7432,-29.7777
1939.000000,23,18.4172,186.7961,13.0226,-32.9316,-32.9438
1939.000000,24,18.4172,186.9232,8.0150,-38.0663,-38.0685
1940.000000,0,18.5137,186.9337,8.2092,-37.8825,-37.8847
1940.000000,1,18.5137,187.0473,12.8195,-33.3858,-33.3936
1940.000000,2,18.5137,187.1625,14.6736,-31.6469,-31.6606
1940.000000,3,18.5137,187.2792,15.0855,-31.3517,-31.3675
1940.000000,4,18.5137,187.3974,15.1520,-31.4034,-31.4167
1940.000000,5,18.5137,186.7972,13.2154,-32.7399,-32.7508
1940.000000,6,18.5137,186.9133,15.6480,-30.4234,-30.4450
1940.000000,7,18.5137,187.0309,16.2442,-29.9447,-29.9715
1940.000000,8,18.5137,187.1499,16.4208,-29.8871,-29.9100
1940.000000,9,18.5137,187.2703,15.5261,-30.9023,-30.9171
1940.000000,10,18.5137,186.6616,16.1467,-29.6729,-29.7042
1940.000000,11,18.5137,186.7802,17.1338,-28.8044,-28.8468
1940.000000,12,18.5137,186.9002,17.2712,-28.7871,-28.8263
1940.000000,13,18.5137,187.0217,16.6279,-29.5519,-29.5781
1940.000000,14,18.5137,187.1445,14.5825,-31.7200,-31.7330
1940.000000,15,18.5137,186.5267,17.6084,-28.0764,-28.1374
1940.000000,16,18.5137,186.6480,17.7115,-28.0945,-28.1562
1940.000000,17,18.5137,186.7706,17.3313,-28.5974,-28.6413
1940.000000,18,18.5137,186.8946,15.4641,-30.5885,-30.6112
1940.000000,19,18.5137,187.0198,11.9731,-34.2047,-34.2126
1940.000000,20,18.5137,186.3928,17.8687,-27.6821,-27.7692
1940.000000,21,18.5137,186.5168,17.6202,-28.0546,-28.1210
1940.000000,22,18.5137,186.6421,16.1453,-29.6548,-29.6905
1940.000000,23,18.5137,186.7686,13.0767,-32.8500,-32.8626
1940.000000,24,18.5137,186.8963,8.1562,-37.8982,-37.9004
1941.000000,0,18.6102,186.9031,8.2393,-37.8218,-37.8240
1941.000000,1,18.6102,187.0173,12.9101,-33.2652,-33.2734
1941.000000,2,18.6102,187.1331,14.8070,-31.4841,-31.4986
1941.000000,3,18.6102,187.2504,15.2376,-31.1709,-31.1876
1941.000000,4,18.6102,187.3692,15.3194,-31.2079,-31.2219
1941.000000,5,18.6102,186.7669,13.2820,-32.6429,-32.6544
1941.000000,6,18.6102,186.8836,15.7454,-30.2963,-30.3191
1941.000000,7,18.6102,187.0018,16.3549,-29.8049,-29.8333
1941.000000,8,18.6102,187.1215,16.5424,-29.7371,-29.7615
1941.000000,9,18.6102,187.2425,15.6713,-30.7293,-30.7450
1941.000000,10,18.6102,186.6315,16.2109,-29.5786,-29.6114
1941.000000,11,18.6102,186.7508,17.2163,-28.6925,-28.7372
1941.000000,12,18.6102,186.8715,17.3500,-28.6795,-28.7211
1941.000000,13,18.6102,186.9936,16.7220,-29.4296,-29.4575
1941.000000,14,18.6102,187.1170,14.6911,-31.5839,-31.5977
1941.000000,15,18.6102,186.4970,17.6476,-28.0074,-28.0711
1941.000000,16,18.6102,186.6189,17.7453,-28.0317,-28.0963
1941.000000,17,18.6102,186.7422,17.3734,-28.5268,-28.5729
1941.000000,18,18.6102,186.8668,15.5118,-30.5131,-30.5369
1941.000000,19,18.6102,186.9927,12.1009,-34.0498,-34.0581
1941.000000,20,18.6102,186.3633,17.8560,-27.6654,-27.7555
1941.000000,21,18.6102,186.4880,17.6045,-28.0415,-28.1104
1941.000000,22,18.6102,186.6140,16.1980,-29.5741,-29.6110
1941.000000,23,18.6102,186.7412,13.1234,-32.7758,-32.7889
1941.000000,24,18.6102,186.8696,8.2874,-37.7402,-37.7425
1942.000000,0,18.7067,186.8725,8.2634,-37.7672,-37.7695
1942.000000,1,18.7067,186.9874,12.9948,-33.1506,-33.1592
1942.000000,2,18.7067,187.1038,14.9343,-31.3275,-31.3429
1942.000000,3,18.7067,187.2217,15.3833,-30.9965,-31.0143
1942.000000,4,18.7067,187.3411,15.4802,-31.0189,-31.0338
1942.000000,5,18.7067,186.7366,13.3431,-32.5515,-32.5635
1942.000000,6,18.7067,186.8540,15.8373,-30.1748,-30.1989
1942.000000,7,18.7067,186.9728,16.4600,-29.6708,-29.7009
1942.000000,8,18.7067,187.0931,16.6581,-29.5930,-29.6190
1942.000000,9,18.7067,187.2147,15.8108,-30.5620,-30.5788
1942.000000,10,18.7067,186.6015,16.2695,-29.4900,-29.5244
1942.000000,11,18.7067,186.7215,17.2934,-28.5861,-28.6331
1942.000000,12,18.7067,186.8428,17.4229,-28.5779,-28.6219
1942.000000,13,18.7067,186.9656,16.8106,-29.3130,-29.3426
1942.000000,14,18.7067,187.0896,14.7946,-31.4530,-31.4678
1942.000000,15,18.7067,186.4673,17.6807,-27.9446,-28.0111
1942.000000,16,18.7067,186.5899,17.7724,-27.9756,-28.0431
1942.000000,17,18.7067,186.7139,17.4094,-28.4625,-28.5109
1942.000000,18,18.7067,186.8391,15.5538,-30.4434,-30.4685
1942.000000,19,18.7067,186.9656,12.2217,-33.9020,-33.9107
1942.000000,20,18.7067,186.3339,17.8355,-27.6565,-27.7497
1942.000000,21,18.7067,186.4594,17.6486,-27.9688,-28.0399
1942.000000,22,18.7067,186.5860,16.2431,-29.5010,-29.5393
1942.000000,23,18.7067,186.7139,13.1726,-32.6993,-32.7128
1942.000000,24,18.7067,186.8429,8.4090,-37.5920,-37.5944
1943.000000,0,18.8033,186.8421,8.2815,-37.7186,-37.7210
1943.000000,1,18.8033,186.9576,13.0736,-33.0420,-33.0511
1943.000000,2,18.8033,187.0746,15.0557,-31.1770,-31.1932
1943.000000,3,18.8033,187.1932,15.5228,-30.8284,-30.8473
1943.000000,4,18.8033,187.3131,15.6346,-30.8365,-30.8523
1943.000000,5,18.8033,186.7064,13.3989,-32.4656,-32.4781
1943.000000,6,18.8033,186.8244,15.9237,-30.0587,-30.0841
1943.000000,7,18.8033,186.9439,16.5632,-29.5387,-29.5706
1943.000000,8,18.8033,187.0648,16.7681,-29.4547,-29.4824
1943.000000,9,18.8033,187.1871,15.9448,-30.4003,-30.4183
1943.000000,10,18.8033,186.5716,16.3225,-29.4072,-29.4432
1943.000000,11,18.8033,186.6922,17.3651,-28.4852,-28.5346
1943.000000,12,18.8033,186.8143,17.4900,-28.4823,-28.5287
1943.000000,13,18.8033,186.9376,16.8937,-29.2019,-29.2334
1943.000000,14,18.8033,187.0623,14.8929,-31.3274,-31.3431
1943.000000,15,18.8033,186.4377,17.7076,-27.8881,-27.9574
1943.000000,16,18.8033,186.5610,17.7995,-27.9195,-27.9901
1943.000000,17,18.8033,186.6857,17.4392,-28.4045,-28.4552
1943.000000,18,18.8033,186.8116,15.5901,-30.3795,-30.4058
1943.000000,19,18.8033,186.9387,12.3358,-33.7609,-33.7700
1943.000000,20,18.8033,186.3047,17.8072,-27.6555,-27.7517
1943.000000,21,18.8033,186.4308,17.6848,-27.9040,-27.9775
1943.000000,22,18.8033,186.5582,16.2805,-29.4357,-29.4751
1943.000000,23,18.8033,186.6867,13.2922,-32.5526,-32.5664
1943.000000,24,18.8033,186.8164,8.5211,-37.4533,-37.4557
1944.000000,0,18.8998,186.8117,8.2937,-37.6760,-37.6785
1944.000000,1,18.8998,186.9279,13.1465,-32.9394,-32.9488
1944.000000,2,18.8998,187.0455,15.1712,-31.0324,-31.0495
1944.000000,3,18.8998,187.1647,15.6562,-30.6665,-30.6866
1944.000000,4,18.8998,187.2852,15.7828,-30.6604,-30.6772
1944.000000,5,18.8998,186.6763,13.4492,-32.3852,-32.3983
1944.000000,6,18.8998,186.7950,16.0048,-29.9482,-29.9749
1944.000000,7,18.8998,186.9151,16.6716,-29.4015,-29.4352
1944.000000,8,18.8998,187.0367,16.8724,-29.3223,-29.3517
1944.000000,9,18.8998,187.1595,16.0733,-30.2442,-30.2634
1944.000000,10,18.8998,186.5418,16.3698,-29.3300,-29.3676
1944.000000,11,18.8998,186.6631,17.4314,-28.3898,-28.4416
1944.000000,12,18.8998,186.7858,17.5512,-28.3926,-28.4415
1944.000000,13,18.8998,186.9098,16.9714,-29.0965,-29.1298
1944.000000,14,18.8998,187.0351,14.9863,-31.2068,-31.2235
1944.000000,15,18.8998,186.4082,17.7282,-27.8380,-27.9100
1944.000000,16,18.8998,186.5322,17.8225,-27.8678,-27.9413
1944.000000,17,18.8998,186.6575,17.4628,-28.3528,-28.4058
1944.000000,18,18.8998,186.7841,15.6208,-30.3213,-30.3489
1944.000000,19,18.8998,186.9119,12.4433,-33.6266,-33.6361
1944.000000,20,18.8998,186.2755,17.8122,-27.6214,-27.7204
1944.000000,21,18.8998,186.4024,17.7130,-27.8474,-27.9231
1944.000000,22,18.8998,186.5304,16.3104,-29.3780,-29.4187
1944.000000,23,18.8998,186.6596,13.4026,-32.4150,-32.4292
1944.000000,24,18.8998,186.7900,8.6242,-37.3238,-37.3262
1945.000000,0,18.9963,186.7814,8.3000,-37.6394,-37.6420
1945.000000,1,18.9963,186.8982,13.2136,-32.8426,-32.8525
1945.000000,2,18.9963,187.0165,15.2808,-30.8937,-30.9118
1945.000000,3,18.9963,187.1362,15.7835,-30.5108,-30.5320
1945.000000,4,18.9963,187.2574,15.9248,-30.4906,-30.5084
1945.000000,5,18.9963,186.6463,13.4940,-32.3103,-32.3240
1945.000000,6,18.9963,186.7656,16.0805,-29.8432,-29.8712
1945.000000,7,18.9963,186.8864,16.7748,-29.2697,-29.3053
1945.000000,8,18.9963,187.0086,16.9711,-29.1955,-29.2268
1945.000000,9,18.9963,187.1321,16.1965,-30.0936,-30.1140
1945.000000,10,18.9963,186.5120,16.4114,-29.2587,-29.2979
1945.000000,11,18.9963,186.6341,17.4922,-28.2999,-28.3542
1945.000000,12,18.9963,186.7574,17.6066,-28.3089,-28.3603
1945.000000,13,18.9963,186.8821,17.0435,-28.9966,-29.0318
1945.000000,14,18.9963,187.0080,15.0746,-31.0914,-31.1091
1945.000000,15,18.9963,186.3787,17.7424,-27.7943,-27.8691
1945.000000,16,18.9963,186.5035,17.8391,-27.8225,-27.8990
1945.000000,17,18.9963,186.6295,17.4802,-28.3074,-28.3627
1945.000000,18,18.9963,186.7568,15.7005,-30.2143,-30.2431
1945.000000,19,18.9963,186.8851,12.5444,-33.4987,-33.5088
1945.000000,20,18.9963,186.2464,17.8345,-27.5699,-27.6717
1945.000000,21,18.9963,186.3740,17.7330,-27.7990,-27.8768
1945.000000,22,18.9963,186.5028,16.3328,-29.3281,-29.3699
1945.000000,23,18.9963,186.6327,13.5042,-32.2865,-32.3011
1945.000000,24,18.9963,186.7636,8.7185,-37.2032,-37.2057
1946.000000,0,19.0928,186.7512,8.3003,-37.6089,-37.6115
1946.000000,1,19.0928,186.8686,13.2750,-32.7517,-32.7620
1946.000000,2,19.0928,186.9876,15.3847,-30.7609,-30.7799
1946.000000,3,19.0928,187.1079,15.9049,-30.3610,-30.3835
1946.000000,4,19.0928,187.2297,16.0608,-30.3269,-30.3458
1946.000000,5,19.0928,186.6163,13.5334,-32.2410,-32.2552
1946.000000,6,19.0928,186.7364,16.1508,-29.7436,-29.7730
1946.000000,7,19.0928,186.8578,16.8727,-29.1432,-29.1807
1946.000000,8,19.0928,186.9806,17.0642,-29.0745,-29.1077
1946.000000,9,19.0928,187.1047,16.3143,-29.9484,-29.9702
1946.000000,10,19.0928,186.4824,16.4472,-29.1932,-29.2341
1946.000000,11,19.0928,186.6051,17.5476,-28.2155,-28.2723
1946.000000,12,19.0928,186.7292,17.6561,-28.2311,-28.2852
1946.000000,13,19.0928,186.8545,17.1103,-28.9022,-28.9394
1946.000000,14,19.0928,186.9810,15.1581,-30.9809,-30.9997
1946.000000,15,19.0928,186.3494,17.7502,-27.7572,-27.8347
1946.000000,16,19.0928,186.4749,17.8493,-27.7836,-27.8631
1946.000000,17,19.0928,186.6016,17.4912,-28.2684,-28.3261
1946.000000,18,19.0928,186.7295,15.7860,-30.1015,-30.1316
1946.000000,19,19.0928,186.8585,12.6392,-33.3774,-33.3878
1946.000000,20,19.0928,186.2175,17.8487,-27.5268,-27.6312
1946.000000,21,19.0928,186.3458,17.7450,-27.7588,-27.8387
1946.000000,22,19.0928,186.4753,16.3475,-29.2858,-29.3288
1946.000000,23,19.0928,186.6058,13.5971,-32.1668,-32.1817
1946.000000,24,19.0928,186.7374,8.8042,-37.0912,-37.0938
1947.000000,0,19.1893,186.7210,8.2948,-37.5843,-37.5870
1947.000000,1,19.1893,186.8391,13.3306,-32.6666,-32.6774
1947.000000,2,19.1893,186.9587,15.4830,-30.6338,-30.6538
1947.000000,3,19.1893,187.0797,16.0205,-30.2172,-30.2411
1947.000000,4,19.1893,187.2020,16.1908,-30.1692,-30.1893
1947.000000,5,19.1893,186.5865,13.5673,-32.1772,-32.1920
1947.000000,6,19.1893,186.7072,16.2158,-29.6495,-29.6803
1947.000000,7,19.1893,186.8293,16.9654,-29.0219,-29.0615
1947.000000,8,19.1893,186.9527,17.1517,-28.9591,-28.9943
1947.000000,9,19.1893,187.0774,16.4269,-29.8086,-29.8318
1947.000000,10,19.1893,186.4529,16.4773,-29.1336,-29.1761
1947.000000,11,19.1893,186.5763,17.5976,-28.1367,-28.1960
1947.000000,12,19.1893,186.7010,17.6998,-28.1593,-28.2161
1947.000000,13,19.1893,186.8269,17.1716,-28.8133,-28.8526
1947.000000,14,19.1893,186.9541,15.2367,-30.8755,-30.8954
1947.000000,15,19.1893,186.3202,17.7515,-27.7268,-27.8069
1947.000000,16,19.1893,186.4464,17.8531,-27.7513,-27.8338
1947.000000,17,19.1893,186.5738,17.4959,-28.2359,-28.2960
1947.000000,18,19.1893,186.7024,15.8648,-29.9956,-30.0270
1947.000000,19,19.1893,186.8321,12.7278,-33.2623,-33.2732
1947.000000,20,19.1893,186.1886,17.8545,-27.4921,-27.5990
1947.000000,21,19.1893,186.3176,17.7487,-27.7269,-27.8089
1947.000000,22,19.1893,186.4478,16.4044,-29.2014,-29.2455
1947.000000,23,19.1893,186.5791,13.6813,-32.0558,-32.0710
1947.000000,24,19.1893,186.7114,8.8816,-36.9878,-36.9904
1948.000000,0,19.2858,186.6909,8.2833,-37.5657,-37.5684
1948.000000,1,19.2858,186.8097,13.3805,-32.5873,-32.5985
1948.000000,2,19.2858,186.9300,15.5756,-30.5124,-30.5335
1948.000000,3,19.2858,187.0516,16.1304,-30.0792,-30.1045
1948.000000,4,19.2858,187.1745,16.3150,-30.0175,-30.0389
1948.000000,5,19.2858,186.5567,13.5957,-32.1191,-32.1344
1948.000000,6,19.2858,186.6781,16.2754,-29.5608,-29.5930
1948.000000,7,19.2858,186.8009,17.0530,-28.9059,-28.9475
1948.000000,8,19.2858,186.9249,17.2337,-28.8493,-28.8866
1948.000000,9,19.2858,187.0503,16.5343,-29.6740,-29.6987
1948.000000,10,19.2858,186.4234,16.5014,-29.0800,-29.1242
1948.000000,11,19.2858,186.5475,17.6421,-28.0634,-28.1253
1948.000000,12,19.2858,186.6729,17.7375,-28.0935,-28.1530
1948.000000,13,19.2858,186.7995,17.2276,-28.7300,-28.7713
1948.000000,14,19.2858,186.9273,15.3104,-30.7749,-30.7960
1948.000000,15,19.2858,186.2911,17.7461,-27.7030,-27.7859
1948.000000,16,19.2858,186.4180,17.8504,-27.7256,-27.8111
1948.000000,17,19.2858,186.5461,17.4943,-28.2099,-28.2723
1948.000000,18,19.2858,186.6753,15.9371,-29.8963,-29.9290
1948.000000,19,19.2858,186.8057,12.8103,-33.1534,-33.1648
1948.000000,20,19.2858,186.1598,17.8520,-27.4659,-27.5752
1948.000000,21,19.2858,186.2896,17.7442,-27.7035,-27.7874
1948.000000,22,19.2858,186.4205,16.4770,-29.1015,-29.1465
1948.000000,23,19.2858,186.5525,13.7572,-31.9533,-31.9689
1948.000000,24,19.2858,186.6854,8.9508,-36.8926,-36.8953
1949.000000,0,19.3822,186.6610,8.2659,-37.5531,-37.5559
1949.000000,1,19.3822,186.7804,13.4247,-32.5138,-32.5254
1949.000000,2,19.3822,186.9013,15.6627,-30.3967,-30.4188
1949.000000,3,19.3822,187.0235,16.2345,-29.9471,-29.9738
1949.000000,4,19.3822,187.1471,16.4335,-29.8717,-29.8944
1949.000000,5,19.3822,186.5270,13.6185,-32.0666,-32.0825
1949.000000,6,19.3822,186.6491,16.3296,-29.4776,-29.5111
1949.000000,7,19.3822,186.7726,17.1354,-28.7952,-28.8388
1949.000000,8,19.3822,186.8973,17.3102,-28.7451,-28.7845
1949.000000,9,19.3822,187.0232,16.6366,-29.5446,-29.5709
1949.000000,10,19.3822,186.3941,16.5196,-29.0325,-29.0782
1949.000000,11,19.3822,186.5189,17.6811,-27.9958,-28.0602
1949.000000,12,19.3822,186.6449,17.7692,-28.0337,-28.0960
1949.000000,13,19.3822,186.7722,17.2781,-28.6521,-28.6956
1949.000000,14,19.3822,186.9006,15.3794,-30.6793,-30.7016
1949.000000,15,19.3822,186.2621,17.7339,-27.6862,-27.7716
1949.000000,16,19.3822,186.3897,17.8410,-27.7067,-27.7951
1949.000000,17,19.3822,186.5185,17.5281,-28.1484,-28.2132
1949.000000,18,19.3822,186.6484,16.0027,-29.8037,-29.8377
1949.000000,19,19.3822,186.7794,12.8868,-33.0506,-33.0626
1949.000000,20,19.3822,186.1312,17.8409,-27.4484,-27.5600
1949.000000,21,19.3822,186.2617,17.7312,-27.6886,-27.7743
1949.000000,22,19.3822,186.3933,16.5410,-29.0103,-29.0563
1949.000000,23,19.3822,186.5260,13.8248,-31.8592,-31.8751
1949.000000,24,19.3822,186.6596,9.0121,-36.8055,-36.8082
1950.000000,0,19.4786,186.6311,8.2427,-37.5464,-37.5493
1950.000000,1,19.4786,186.7512,13.4632,-32.4460,-32.4581
1950.000000,2,19.4786,186.8727,15.7442,-30.2866,-30.3098
1950.000000,3,19.4786,186.9956,16.3330,-29.8207,-29.8489
1950.000000,4,19.4786,187.1197,16.5462,-29.7316,-29.7558
1950.000000,5,19.4786,186.4974,13.6357,-32.0198,-32.0362
1950.000000,6,19.4786,186.6202,16.3785,-29.3998,-29.4348
1950.000000,7,19.4786,186.7443,17.2127,-28.6896,-28.7354
1950.000000,8,19.4786,186.8697,17.3812,-28.6465,-28.6881
1950.000000,9,19.4786,186.9963,16.7338,-29.4205,-29.4484
1950.000000,10,19.4786,186.3648,16.5318,-28.9911,-29.0384
1950.000000,11,19.4786,186.4903,17.7146,-27.9337,-28.0007
1950.000000,12,19.4786,186.6171,17.7950,-27.9801,-28.0452
1950.000000,13,19.4786,186.7450,17.3233,-28.5798,-28.6254
1950.000000,14,19.4786,186.8741,15.4435,-30.5886,-30.6122
1950.000000,15,19.4786,186.2332,17.7149,-27.6763,-27.7643
1950.000000,16,19.4786,186.3615,17.8250,-27.6946,-27.7859
1950.000000,17,19.4786,186.4910,17.5742,-28.0748,-28.1418
1950.000000,18,19.4786,186.6216,16.0619,-29.7178,-29.7530
1950.000000,19,19.4786,186.7533,13.0185,-32.8928,-32.9052
1950.000000,20,19.4786,186.1027,17.8210,-27.4397,-27.5534
1950.000000,21,19.4786,186.2339,17.7311,-27.6609,-27.7483
1950.000000,22,19.4786,186.3663,16.5965,-28.9278,-28.9746
1950.000000,23,19.4786,186.4996,13.8842,-31.7735,-31.7896
1950.000000,24,19.4786,186.6339,9.0656,-36.7263,-36.7290
1951.000000,0,19.5749,186.6012,8.2352,-37.5241,-37.5270
1951.000000,1,19.5749,186.7221,13.4961,-32.3840,-32.3965
1951.000000,2,19.5749,186.8442,15.8202,-30.1821,-30.2063
1951.000000,3,19.5749,186.9677,16.4259,-29.6999,-29.7297
1951.000000,4,19.5749,187.0925,16.6533,-29.5973,-29.6230
1951.000000,5,19.5749,186.4679,13.6473,-31.9787,-31.9957
1951.000000,6,19.5749,186.5914,16.4220,-29.3275,-29.3639
1951.000000,7,19.5749,186.7162,17.2850,-28.5892,-28.6372
1951.000000,8,19.5749,186.8422,17.4468,-28.5535,-28.5974
1951.000000,9,19.5749,186.9694,16.8260,-29.3014,-29.3311
1951.000000,10,19.5749,186.3356,16.5378,-28.9558,-29.0048
1951.000000,11,19.5749,186.4619,17.7426,-27.8773,-27.9468
1951.000000,12,19.5749,186.5893,17.8148,-27.9325,-28.0005
1951.000000,13,19.5749,186.7179,17.3631,-28.5129,-28.5608
1951.000000,14,19.5749,186.8476,15.5030,-30.5027,-30.5276
1951.000000,15,19.5749,186.2044,17.7266,-27.6358,-27.7262
1951.000000,16,19.5749,186.3335,17.8021,-27.6894,-27.7836
1951.000000,17,19.5749,186.4637,17.6133,-28.0084,-28.0776
1951.000000,18,19.5749,186.5949,16.1146,-29.6384,-29.6750
1951.000000,19,19.5749,186.7272,13.1609,-32.7244,-32.7373
1951.000000,20,19.5749,186.0743,17.7923,-27.4400,-27.5557
1951.000000,21,19.5749,186.2063,17.7701,-27.5942,-27.6831
1951.000000,22,19.5749,186.3393,16.6435,-28.8538,-28.9015
1951.000000,23,19.5749,186.4733,13.9355,-31.6959,-31.7123
1951.000000,24,19.5749,186.6083,9.1115,-36.6549,-36.6576
1952.000000,0,19.6712,186.5715,8.2683,-37.4613,-37.4643
1952.000000,1,19.6712,186.6930,13.5233,-32.3277,-32.3407
1952.000000,2,19.6712,186.8159,15.8908,-30.0831,-30.1085
1952.000000,3,19.6712,186.9400,16.5132,-29.5848,-29.6163
1952.000000,4,19.6712,187.0654,16.7548,-29.4686,-29.4959
1952.000000,5,19.6712,186.4385,13.6532,-31.9434,-31.9609
1952.000000,6,19.6712,186.5627,16.4601,-29.2607,-29.2985
1952.000000,7,19.6712,186.6882,17.3522,-28.4940,-28.5442
1952.000000,8,19.6712,186.8148,17.5069,-28.4660,-28.5122
1952.000000,9,19.6712,186.9427,16.9132,-29.1875,-29.2189
1952.000000,10,19.6712,186.3066,16.5377,-28.9269,-28.9774
1952.000000,11,19.6712,186.4335,17.7649,-27.8266,-27.8987
1952.000000,12,19.6712,186.5617,17.8285,-27.8912,-27.9620
1952.000000,13,19.6712,186.6909,17.3974,-28.4515,-28.5017
1952.000000,14,19.6712,186.8213,15.5577,-30.4216,-30.4478
1952.000000,15,19.6712,186.1757,17.7646,-27.5691,-27.6619
1952.000000,16,19.6712,186.3055,17.8243,-27.6392,-27.7360
1952.000000,17,19.6712,186.4364,17.6454,-27.9490,-28.0205
1952.000000,18,19.6712,186.5684,16.1608,-29.5656,-29.6034
1952.000000,19,19.6712,186.7013,13.2955,-32.5639,-32.5772
1952.000000,20,19.6712,186.0460,17.7850,-27.4190,-27.5365
1952.000000,21,19.6712,186.1787,17.8002,-27.5365,-27.6269
1952.000000,22,19.6712,186.3125,16.6821,-28.7885,-28.8369
1952.000000,23,19.6712,186.4472,13.9788,-31.6264,-31.6431
1952.000000,24,19.6712,186.5828,9.1498,-36.5910,-36.5938
1953.000000,0,19.7674,186.5419,8.2944,-37.4055,-37.4085
1953.000000,1,19.7674,186.6641,13.5449,-32.2772,-32.2906
1953.000000,2,19.7674,186.7876,15.9560,-29.9896,-30.0161
1953.000000,3,19.7674,186.9124,16.5951,-29.4753,-29.5084
1953.000000,4,19.7674,187.0384,16.8508,-29.3456,-29.3746
1953.000000,5,19.7674,186.4092,13.6533,-31.9140,-31.9320
1953.000000,6,19.7674,186.5341,16.4928,-29.1993,-29.2386
1953.000000,7,19.7674,186.6602,17.4143,-28.4040,-28.4563
1953.000000,8,19.7674,186.7876,17.5616,-28.3840,-28.4327
1953.000000,9,19.7674,186.9160,16.9955,-29.0786,-29.1119
1953.000000,10,19.7674,186.2776,16.5768,-28.8589,-28.9109
1953.000000,11,19.7674,186.4053,17.7816,-27.7817,-27.8563
1953.000000,12,19.7674,186.5341,17.8361,-27.8561,-27.9297
1953.000000,13,19.7674,186.6641,17.4264,-28.3957,-28.4482
1953.000000,14,19.7674,186.7951,15.6457,-30.3074,-30.3350
1953.000000,15,19.7674,186.1471,17.7958,-27.5093,-27.6042
1953.000000,16,19.7674,186.2776,17.8469,-27.5887,-27.6882
1953.000000,17,19.7674,186.4093,17.6704,-27.8969,-27.9705
1953.000000,18,19.7674,186.5419,16.2007,-29.4993,-29.5384
1953.000000,19,19.7674,186.6755,13.4225,-32.4111,-32.4249
1953.000000,20,19.7674,186.0178,17.8175,-27.3583,-27.4773
1953.000000,21,19.7674,186.1513,17.8212,-27.4881,-27.5798
1953.000000,22,19.7674,186.2858,16.7121,-28.7317,-28.7808
1953.000000,23,19.7674,186.4212,14.0142,-31.5650,-31.5819
1953.000000,24,19.7674,186.5575,9.1809,-36.5346,-36.5375
1954.000000,0,19.8635,186.5123,8.3138,-37.3566,-37.3596
1954.000000,1,19.8635,186.6352,13.5608,-32.2324,-32.2462
1954.000000,2,19.8635,186.7594,16.0158,-29.9016,-29.9292
1954.000000,3,19.8635,186.8848,16.6727,-29.3701,-29.4049
1954.000000,4,19.8635,187.0115,16.9414,-29.2281,-29.2588
1954.000000,5,19.8635,186.3800,13.7055,-31.8326,-31.8510
1954.000000,6,19.8635,186.5056,16.5201,-29.1435,-29.1842
1954.000000,7,19.8635,186.6324,17.4714,-28.3191,-28.3736
1954.000000,8,19.8635,186.7604,17.6108,-28.3076,-28.3587
1954.000000,9,19.8635,186.8895,17.0728,-28.9748,-29.0100
1954.000000,10,19.8635,186.2488,16.6323,-28.7745,-28.8279
1954.000000,11,19.8635,186.3771,17.7926,-27.7426,-27.8196
1954.000000,12,19.8635,186.5067,17.8375,-27.8272,-27.9038
1954.000000,13,19.8635,186.6373,17.4499,-28.3455,-28.4003
1954.000000,14,19.8635,186.7690,15.7488,-30.1782,-30.2071
1954.000000,15,19.8635,186.1186,17.8204,-27.4563,-27.5534
1954.000000,16,19.8635,186.2499,17.8623,-27.5456,-27.6477
1954.000000,17,19.8635,186.3822,17.6884,-27.8519,-27.9277
1954.000000,18,19.8635,186.5156,16.2342,-29.4395,-29.4799
1954.000000,19,19.8635,186.6499,13.5421,-32.2658,-32.2801
1954.000000,20,19.8635,185.9897,17.8413,-27.3064,-27.4267
1954.000000,21,19.8635,186.1240,17.8331,-27.4489,-27.5417
1954.000000,22,19.8635,186.2592,16.7338,-28.6834,-28.7332
1954.000000,23,19.8635,186.3953,14.0418,-31.5115,-31.5286
1954.000000,24,19.8635,186.5323,9.2047,-36.4856,-36.4885
1955.000000,0,19.9596,186.4829,8.3265,-37.3144,-37.3175
1955.000000,1,19.9596,186.6064,13.5711,-32.1934,-32.2076
1955.000000,2,19.9596,186.7313,16.0702,-29.8191,-29.8478
1955.000000,3,19.9596,186.8574,16.7656,-29.2498,-29.2863
1955.000000,4,19.9596,186.9846,17.0265,-29.1162,-29.1487
1955.000000,5,19.9596,186.3509,13.7598,-31.7491,-31.7681
1955.000000,6,19.9596,186.4772,16.5419,-29.0933,-29.1353
1955.000000,7,19.9596,186.6047,17.5235,-28.2393,-28.2961
1955.000000,8,19.9596,186.7334,17.6547,-28.2367,-28.2903
1955.000000,9,19.9596,186.8631,17.1452,-28.8759,-28.9131
1955.000000,10,19.9596,186.2200,16.6816,-28.6964,-28.7513
1955.000000,11,19.9596,186.3491,17.7978,-27.7093,-27.7888
1955.000000,12,19.9596,186.4794,17.8326,-27.8048,-27.8842
1955.000000,13,19.9596,186.6107,17.4679,-28.3008,-28.3580
1955.000000,14,19.9596,186.7430,15.8462,-30.0549,-30.0852
1955.000000,15,19.9596,186.0903,17.8381,-27.4102,-27.5093
1955.000000,16,19.9596,186.2223,17.8704,-27.5099,-27.6144
1955.000000,17,19.9596,186.3553,17.6992,-27.8142,-27.8922
1955.000000,18,19.9596,186.4894,16.3220,-29.3254,-29.3671
1955.000000,19,19.9596,186.6243,13.6546,-32.1278,-32.1426
1955.000000,20,19.9596,185.9618,17.8565,-27.2633,-27.3847
1955.000000,21,19.9596,186.0968,17.8358,-27.4190,-27.5128
1955.000000,22,19.9596,186.2327,16.7470,-28.6437,-28.6942
1955.000000,23,19.9596,186.3696,14.0616,-31.4660,-31.4833
1955.000000,24,19.9596,186.5072,9.2215,-36.4438,-36.4467
1956.000000,0,20.0555,186.4535,8.3325,-37.2791,-37.2822
1956.000000,1,20.0555,186.5778,13.5756,-32.1602,-32.1748
1956.000000,2,20.0555,186.7033,16.1193,-29.7421,-29.7719
1956.000000,3,20.0555,186.8300,16.8533,-29.1348,-29.1730
1956.000000,4,20.0555,186.9579,17.1062,-29.0098,-29.0442
1956.000000,5,20.0555,186.3219,13.8081,-31.6718,-31.6912
1956.000000,6,20.0555,186.4489,16.5582,-29.0487,-29.0921
1956.000000,7,20.0555,186.5771,17.5705,-28.1647,-28.2237
1956.000000,8,20.0555,186.7064,17.6930,-28.1714,-28.2276
1956.000000,9,20.0555,186.8368,17.2127,-28.7821,-28.8214
1956.000000,10,20.0555,186.1914,16.7247,-28.6247,-28.6809
1956.000000,11,20.0555,186.3212,17.7973,-27.6820,-27.7639
1956.000000,12,20.0555,186.4522,17.8390,-27.7712,-27.8534
1956.000000,13,20.0555,186.5841,17.4805,-28.2617,-28.3213
1956.000000,14,20.0555,186.7171,15.9377,-29.9374,-29.9691
1956.000000,15,20.0555,186.0620,17.8489,-27.3711,-27.4721
1956.000000,16,20.0555,186.1948,17.8712,-27.4817,-27.5885
1956.000000,17,20.0555,186.3286,17.7028,-27.7838,-27.8638
1956.000000,18,20.0555,186.4633,16.4074,-29.2139,-29.2568
1956.000000,19,20.0555,186.5989,13.7599,-31.9970,-32.0123
1956.000000,20,20.0555,185.9339,17.8628,-27.2292,-27.3515
1956.000000,21,20.0555,186.0697,17.8293,-27.3985,-27.4932
1956.000000,22,20.0555,186.2064,16.7518,-28.6126,-28.6636
1956.000000,23,20.0555,186.3439,14.0737,-31.4283,-31.4458
1956.000000,24,20.0555,186.4823,9.2312,-36.4091,-36.4120
1957.000000,0,20.1514,186.4243,8.3318,-37.2505,-37.2536
1957.000000,1,20.1514,186.5492,13.5745,-32.1328,-32.1478
1957.000000,2,20.1514,186.6754,16.1630,-29.6705,-29.7014
1957.000000,3,20.1514,186.8028,16.9360,-29.0248,-29.0649
1957.000000,4,20.1514,186.9314,17.1806,-28.9088,-28.9451
1957.000000,5,20.1514,186.2930,13.8503,-31.6007,-31.6205
1957.000000,6,20.1514,186.4207,16.5690,-29.0097,-29.0544
1957.000000,7,20.1514,186.5496,17.6124,-28.0952,-28.1565
1957.000000,8,20.1514,186.6796,17.7260,-28.1117,-28.1704
1957.000000,9,20.1514,186.8106,17.2754,-28.6932,-28.7346
1957.000000,10,20.1514,186.1628,16.7615,-28.5594,-28.6168
1957.000000,11,20.1514,186.2934,17.7908,-27.6606,-27.7449
1957.000000,12,20.1514,186.4251,17.8398,-27.7433,-27.8284
1957.000000,13,20.1514,186.5577,17.4900,-28.2257,-28.2878
1957.000000,14,20.1514,186.6914,16.0236,-29.8258,-29.8590
1957.000000,15,20.1514,186.0339,17.8528,-27.3391,-27.4418
1957.000000,16,20.1514,186.1674,17.8645,-27.4610,-27.5701
1957.000000,17,20.1514,186.3019,17.6992,-27.7607,-27.8428
1957.000000,18,20.1514,186.4373,16.4854,-29.1100,-29.1540
1957.000000,19,20.1514,186.5736,13.8584,-31.8733,-31.8890
1957.000000,20,20.1514,185.9063,17.8603,-27.2040,-27.3270
1957.000000,21,20.1514,186.0428,17.8133,-27.3875,-27.4830
1957.000000,22,20.1514,186.1802,16.7481,-28.5901,-28.6416
1957.000000,23,20.1514,186.3185,14.0780,-31.3985,-31.4161
1957.000000,24,20.1514,186.4575,9.2341,-36.3814,-36.3844
1958.000000,0,20.2471,186.3951,8.3246,-37.2285,-37.2317
1958.000000,1,20.2471,186.5208,13.5676,-32.1112,-32.1265
1958.000000,2,20.2471,186.6476,16.2014,-29.6043,-29.6364
1958.000000,3,20.2471,186.7757,17.0137,-28.9200,-28.9618
1958.000000,4,20.2471,186.9049,17.2496,-28.8133,-28.8516
1958.000000,5,20.2471,186.2642,13.8866,-31.5357,-31.5558
1958.000000,6,20.2471,186.3926,16.5743,-28.9764,-29.0224
1958.000000,7,20.2471,186.5222,17.6494,-28.0309,-28.0944
1958.000000,8,20.2471,186.6529,17.7534,-28.0575,-28.1189
1958.000000,9,20.2471,186.7846,17.3333,-28.6093,-28.6529
1958.000000,10,20.2471,186.1344,16.7920,-28.5005,-28.5591
1958.000000,11,20.2471,186.2657,17.7785,-27.6453,-27.7320
1958.000000,12,20.2471,186.3981,17.8348,-27.7213,-27.8092
1958.000000,13,20.2471,186.5315,17.5443,-28.1452,-28.2096
1958.000000,14,20.2471,186.6657,16.1039,-29.7199,-29.7546
1958.000000,15,20.2471,186.0059,17.8497,-27.3142,-27.4185
1958.000000,16,20.2471,186.1402,17.8503,-27.4479,-27.5591
1958.000000,17,20.2471,186.2754,17.7003,-27.7331,-27.8170
1958.000000,18,20.2471,186.4115,16.5560,-29.0135,-29.0587
1958.000000,19,20.2471,186.5485,13.9500,-31.7565,-31.7727
1958.000000,20,20.2471,185.8787,17.8487,-27.1880,-27.3115
1958.000000,21,20.2471,186.0160,17.7879,-27.3861,-27.4823
1958.000000,22,20.2471,186.1542,16.7359,-28.5763,-28.6281
1958.000000,23,20.2471,186.2931,14.0747,-31.3764,-31.3942
1958.000000,24,20.2471,186.4328,9.2301,-36.3607,-36.3637
1959.000000,0,20.3427,186.3660,8.3108,-37.2132,-37.2164
1959.000000,1,20.3427,186.4924,13.5550,-32.0954,-32.1111
1959.000000,2,20.3427,186.6200,16.2344,-29.5436,-29.5767
1959.000000,3,20.3427,186.7487,17.0864,-28.8203,-28.8639
1959.000000,4,20.3427,186.8785,17.3133,-28.7232,-28.7636
1959.000000,5,20.3427,186.2355,13.9167,-31.4768,-31.4973
1959.000000,6,20.3427,186.3646,16.5739,-28.9488,-28.9962
1959.000000,7,20.3427,186.4949,17.6812,-27.9717,-28.0375
1959.000000,8,20.3427,186.6263,17.7754,-28.0089,-28.0730
1959.000000,9,20.3427,186.7586,17.3863,-28.5304,-28.5762
1959.000000,10,20.3427,186.1061,16.8161,-28.4480,-28.5078
1959.000000,11,20.3427,186.2382,17.7600,-27.6362,-27.7251
1959.000000,12,20.3427,186.3712,17.8240,-27.7053,-27.7959
1959.000000,13,20.3427,186.5053,17.5923,-28.0711,-28.1378
1959.000000,14,20.3427,186.6403,16.1786,-29.6197,-29.6559
1959.000000,15,20.3427,185.9780,17.8395,-27.2965,-27.4023
1959.000000,16,20.3427,186.1130,17.8285,-27.4426,-27.5558
1959.000000,17,20.3427,186.2490,17.7429,-27.6641,-27.7498
1959.000000,18,20.3427,186.3858,16.6193,-28.9245,-28.9709
1959.000000,19,20.3427,186.5234,14.0350,-31.6465,-31.6632
1959.000000,20,20.3427,185.8513,17.8281,-27.1812,-27.3050
1959.000000,21,20.3427,185.9893,17.7528,-27.3946,-27.4911
1959.000000,22,20.3427,186.1282,16.7152,-28.5711,-28.6232
1959.000000,23,20.3427,186.2679,14.0638,-31.3621,-31.3800
1959.000000,24,20.3427,186.4083,9.2195,-36.3468,-36.3498
1960.000000,0,20.4382,186.3371,8.2905,-37.2046,-37.2077
1960.000000,1,20.4382,186.4641,13.5366,-32.0855,-32.1015
1960.000000,2,20.4382,186.5924,16.2621,-29.4883,-29.5225
1960.000000,3,20.4382,186.7218,17.1541,-28.7257,-28.7711
1960.000000,4,20.4382,186.8522,17.3717,-28.6386,-28.6811
1960.000000,5,20.4382,186.2069,13.9409,-31.4240,-31.4449
1960.000000,6,20.4382,186.3368,16.5678,-28.9270,-28.9756
1960.000000,7,20.4382,186.4678,17.7080,-27.9178,-27.9858
1960.000000,8,20.4382,186.5998,17.7918,-27.9660,-28.0328
1960.000000,9,20.4382,186.7328,17.4344,-28.4564,-28.5045
1960.000000,10,20.4382,186.0779,16.8339,-28.4021,-28.4630
1960.000000,11,20.4382,186.2107,17.7355,-27.6332,-27.7243
1960.000000,12,20.4382,186.3445,17.8073,-27.6952,-27.7886
1960.000000,13,20.4382,186.4793,17.6341,-28.0032,-28.0723
1960.000000,14,20.4382,186.6149,16.2477,-29.5252,-29.5629
1960.000000,15,20.4382,185.9502,17.8221,-27.2862,-27.3933
1960.000000,16,20.4382,186.0860,17.7989,-27.4452,-27.5603
1960.000000,17,20.4382,186.2227,17.7775,-27.6032,-27.6906
1960.000000,18,20.4382,186.3602,16.6754,-28.8429,-28.8903
1960.000000,19,20.4382,186.4986,14.1134,-31.5432,-31.5603
1960.000000,20,20.4382,185.8240,17.8098,-27.1722,-27.2960
1960.000000,21,20.4382,185.9628,17.7079,-27.4129,-27.5098
1960.000000,22,20.4382,186.1024,16.6858,-28.5747,-28.6271
1960.000000,23,20.4382,186.2428,14.0452,-31.3556,-31.3736
1960.000000,24,20.4382,186.3839,9.2022,-36.3397,-36.3427
1961.000000,0,20.5336,186.3082,8.2637,-37.2025,-37.2057
1961.000000,1,20.5336,186.4360,13.5125,-32.0816,-32.0979
1961.000000,2,20.5336,186.5649,16.2845,-29.4385,-29.4737
1961.000000,3,20.5336,186.6950,17.2169,-28.6361,-28.6834
1961.000000,4,20.5336,186.8261,17.4248,-28.5593,-28.6040
1961.000000,5,20.5336,186.1784,13.9590,-31.3775,-31.3987
1961.000000,6,20.5336,186.3090,16.5560,-28.9111,-28.9609
1961.000000,7,20.5336,186.4407,17.7297,-27.8691,-27.9392
1961.000000,8,20.5336,186.5734,17.8027,-27.9288,-27.9982
1961.000000,9,20.5336,186.7071,17.4777,-28.3874,-28.4378
1961.000000,10,20.5336,186.0498,16.8452,-28.3627,-28.4247
1961.000000,11,20.5336,186.1834,17.7442,-27.5972,-27.6903
1961.000000,12,20.5336,186.3179,17.8186,-27.6574,-27.7533
1961.000000,13,20.5336,186.4533,17.6697,-27.9417,-28.0131
1961.000000,14,20.5336,186.5896,16.3114,-29.4363,-29.4755
1961.000000,15,20.5336,185.9226,17.7974,-27.2833,-27.3915
1961.000000,16,20.5336,186.0591,17.7856,-27.4315,-27.5483
1961.000000,17,20.5336,186.1966,17.8043,-27.5503,-27.6393
1961.000000,18,20.5336,186.3348,16.7243,-28.7686,-28.8171
1961.000000,19,20.5336,186.4738,14.1854,-31.4464,-31.4641
1961.000000,20,20.5336,185.7968,17.8391,-27.1158,-27.2392
1961.000000,21,20.5336,185.9364,17.6684,-27.4260,-27.5230
1961.000000,22,20.5336,186.0768,16.6477,-28.5871,-28.6396
1961.000000,23,20.5336,186.2179,14.0190,-31.3569,-31.3749
1961.000000,24,20.5336,186.3597,9.1784,-36.3393,-36.3423
1962.000000,0,20.6288,186.2794,8.2304,-37.2070,-37.2102
1962.000000,1,20.6288,186.4080,13.4824,-32.0836,-32.1001
1962.000000,2,20.6288,186.5376,16.3015,-29.3942,-29.4304
1962.000000,3,20.6288,186.6683,17.2748,-28.5516,-28.6007
1962.000000,4,20.6288,186.8001,17.4726,-28.4855,-28.5323
1962.000000,5,20.6288,186.1500,13.9709,-31.3371,-31.3586
1962.000000,6,20.6288,186.2814,16.5384,-28.9011,-28.9521
1962.000000,7,20.6288,186.4138,17.7463,-27.8255,-27.8979
1962.000000,8,20.6288,186.5472,17.8080,-27.8972,-27.9694
1962.000000,9,20.6288,186.6815,17.5162,-28.3233,-28.3761
1962.000000,10,20.6288,186.0219,16.8500,-28.3300,-28.3929
1962.000000,11,20.6288,186.1562,17.7768,-27.5374,-27.6324
1962.000000,12,20.6288,186.2914,17.8405,-27.6089,-27.7074
1962.000000,13,20.6288,186.4276,17.6992,-27.8864,-27.9603
1962.000000,14,20.6288,186.5645,16.3696,-29.3529,-29.3937
1962.000000,15,20.6288,185.8951,17.7671,-27.2860,-27.3953
1962.000000,16,20.6288,186.0324,17.8043,-27.3861,-27.5044
1962.000000,17,20.6288,186.1706,17.8232,-27.5054,-27.5959
1962.000000,18,20.6288,186.3095,16.7660,-28.7015,-28.7511
1962.000000,19,20.6288,186.4492,14.2510,-31.3562,-31.3744
1962.000000,20,20.6288,185.7698,17.8587,-27.0691,-27.1919
1962.000000,21,20.6288,185.9102,17.6896,-27.3786,-27.4754
1962.000000,22,20.6288,186.0513,16.6009,-28.6084,-28.6610
1962.000000,23,20.6288,186.1931,13.9852,-31.3660,-31.3840
1962.000000,24,20.6288,186.3356,9.1481,-36.3455,-36.3485
1963.000000,0,20.7238,186.2508,8.1907,-37.2182,-37.2213
1963.000000,1,20.7238,186.3800,13.4465,-32.0916,-32.1084
1963.000000,2,20.7238,186.5104,16.3131,-29.3553,-29.3925
1963.000000,3,20.7238,186.6418,17.3277,-28.4721,-28.5230
1963.000000,4,20.7238,186.7742,17.5152,-28.4170,-28.4661
1963.000000,5,20.7238,186.1218,13.9768,-31.3030,-31.3248
1963.000000,6,20.7238,186.2539,16.5417,-28.8703,-28.9223
1963.000000,7,20.7238,186.3870,17.7578,-27.7873,-27.8617
1963.000000,8,20.7238,186.5211,17.8259,-27.8532,-27.9280
1963.000000,9,20.7238,186.6561,17.5499,-28.2642,-28.3194
1963.000000,10,20.7238,185.9941,16.8481,-28.3040,-28.3677
1963.000000,11,20.7238,186.1291,17.8034,-27.4837,-27.5805
1963.000000,12,20.7238,186.2651,17.8561,-27.5670,-27.6679
1963.000000,13,20.7238,186.4019,17.7224,-27.8375,-27.9137
1963.000000,14,20.7238,186.5395,16.4224,-29.2751,-29.3175
1963.000000,15,20.7238,185.8677,17.8024,-27.2234,-27.3333
1963.000000,16,20.7238,186.0058,17.8290,-27.3348,-27.4544
1963.000000,17,20.7238,186.1447,17.8341,-27.4686,-27.5605
1963.000000,18,20.7238,186.2843,16.8006,-28.6418,-28.6923
1963.000000,19,20.7238,186.4247,14.3103,-31.2724,-31.2910
1963.000000,20,20.7238,185.7429,17.8687,-27.0323,-27.1543
1963.000000,21,20.7238,185.8841,17.7013,-27.3408,-27.4373
1963.000000,22,20.7238,186.0259,16.5453,-28.6387,-28.6913
1963.000000,23,20.7238,186.1685,13.9437,-31.3828,-31.4009
1963.000000,24,20.7238,186.3116,9.1113,-36.3583,-36.3614
1964.000000,0,20.8187,186.2222,8.1444,-37.2359,-37.2390
1964.000000,1,20.8187,186.3522,13.4248,-32.0855,-32.1025
1964.000000,2,20.8187,186.4832,16.3194,-29.3219,-29.3601
1964.000000,3,20.8187,186.6153,17.3758,-28.3976,-28.4503
1964.000000,4,20.8187,186.7484,17.5525,-28.3539,-28.4053
1964.000000,5,20.8187,186.0936,13.9765,-31.2752,-31.2972
1964.000000,6,20.8187,186.2265,16.5790,-28.8055,-28.8586
1964.000000,7,20.8187,186.3603,17.7640,-27.7543,-27.8308
1964.000000,8,20.8187,186.4951,17.8437,-27.8094,-27.8869
1964.000000,9,20.8187,186.6307,17.5787,-28.2100,-28.2678
1964.000000,10,20.8187,185.9664,16.8396,-28.2848,-28.3493
1964.000000,11,20.8187,186.1021,17.8241,-27.4361,-27.5345
1964.000000,12,20.8187,186.2388,17.8654,-27.5315,-27.6348
1964.000000,13,20.8187,186.3764,17.7394,-27.7950,-27.8734
1964.000000,14,20.8187,186.5147,16.4976,-29.1752,-29.2191
1964.000000,15,20.8187,185.8405,17.8305,-27.1680,-27.2784
1964.000000,16,20.8187,185.9793,17.8461,-27.2912,-27.4119
1964.000000,17,20.8187,186.1189,17.8370,-27.4400,-27.5332
1964.000000,18,20.8187,186.2593,16.8281,-28.5892,-28.6407
1964.000000,19,20.8187,186.4004,14.3634,-31.1950,-31.2141
1964.000000,20,20.8187,185.7162,17.8688,-27.0054,-27.1264
1964.000000,21,20.8187,185.8581,17.7034,-27.3127,-27.4087
1964.000000,22,20.8187,186.0007,16.4807,-28.6780,-28.7306
1964.000000,23,20.8187,186.1440,13.8946,-31.4074,-31.4255
1964.000000,24,20.8187,186.2878,9.0682,-36.3776,-36.3807
1965.000000,0,20.9134,186.1938,8.1161,-37.2358,-37.2389
1965.000000,1,20.9134,186.3245,13.4414,-32.0411,-32.0583
1965.000000,2,20.9134,186.4562,16.3203,-29.2940,-29.3331
1965.000000,3,20.9134,186.5890,17.4190,-28.3281,-28.3826
1965.000000,4,20.9134,186.7227,17.5845,-28.2963,-28.3500
1965.000000,5,20.9134,186.0656,13.9700,-31.2536,-31.2759
1965.000000,6,20.9134,186.1992,16.6105,-28.7468,-28.8007
1965.000000,7,20.9134,186.3337,17.7651,-27.7266,-27.8052
1965.000000,8,20.9134,186.4692,17.8565,-27.7707,-27.8509
1965.000000,9,20.9134,186.6055,17.6027,-28.1609,-28.2211
1965.000000,10,20.9134,185.9388,16.8666,-28.2302,-28.2954
1965.000000,11,20.9134,186.0753,17.8388,-27.3945,-27.4945
1965.000000,12,20.9134,186.2127,17.8681,-27.5026,-27.6082
1965.000000,13,20.9134,186.3510,17.7502,-27.7588,-27.8395
1965.000000,14,20.9134,186.4900,16.5938,-29.0542,-29.0997
1965.000000,15,20.9134,185.8134,17.8515,-27.1199,-27.2307
1965.000000,16,20.9134,185.9530,17.8557,-27.2553,-27.3769
1965.000000,17,20.9134,186.0933,17.8319,-27.4195,-27.5139
1965.000000,18,20.9134,186.2344,16.8486,-28.5439,-28.5963
1965.000000,19,20.9134,186.3762,14.4103,-31.1239,-31.1434
1965.000000,20,20.9134,185.6896,17.8590,-26.9886,-27.1083
1965.000000,21,20.9134,185.8323,17.6960,-27.2943,-27.3896
1965.000000,22,20.9134,185.9756,16.4071,-28.7266,-28.7791
1965.000000,23,20.9134,186.1196,13.8378,-31.4398,-31.4579
1965.000000,24,20.9134,186.2642,9.0188,-36.4034,-36.4065
1966.000000,0,21.0079,186.1655,8.1247,-37.1988,-37.2019
1966.000000,1,21.0079,186.2969,13.4519,-32.0031,-32.0204
1966.000000,2,21.0079,186.4294,16.3158,-29.2716,-29.3116
1966.000000,3,21.0079,186.5628,17.4572,-28.2636,-28.3199
1966.000000,4,21.0079,186.6972,17.6112,-28.2440,-28.3001
1966.000000,5,21.0079,186.0377,13.9586,-31.2372,-31.2596
1966.000000,6,21.0079,186.1720,16.6361,-28.6940,-28.7488
1966.000000,7,21.0079,186.3073,17.7610,-27.7043,-27.7848
1966.000000,8,21.0079,186.4435,17.8642,-27.7373,-27.8200
1966.000000,9,21.0079,186.5804,17.6218,-28.1167,-28.1795
1966.000000,10,21.0079,185.9113,16.9164,-28.1529,-28.2186
1966.000000,11,21.0079,186.0486,17.8476,-27.3591,-27.4605
1966.000000,12,21.0079,186.1868,17.8645,-27.4804,-27.5882
1966.000000,13,21.0079,186.3257,17.7548,-27.7290,-27.8119
1966.000000,14,21.0079,186.4654,16.6835,-28.9400,-28.9870
1966.000000,15,21.0079,185.7864,17.8653,-27.0792,-27.1900
1966.000000,16,21.0079,185.9268,17.8577,-27.2271,-27.3495
1966.000000,17,21.0079,186.0679,17.8187,-27.4072,-27.5028
1966.000000,18,21.0079,186.2097,16.8620,-28.5057,-28.5591
1966.000000,19,21.0079,186.3521,14.4512,-31.0589,-31.0789
1966.000000,20,21.0079,185.6631,17.8393,-26.9819,-27.1002
1966.000000,21,21.0079,185.8066,17.6789,-27.2857,-27.3802
1966.000000,22,21.0079,185.9507,16.3242,-28.7845,-28.8368
1966.000000,23,21.0079,186.0954,13.7733,-31.4801,-31.4982
1966.000000,24,21.0079,186.2407,8.9630,-36.4357,-36.4387
1967.000000,0,21.1022,186.1373,8.1260,-37.1693,-37.1724
1967.000000,1,21.1022,186.2694,13.4561,-31.9714,-31.9888
1967.000000,2,21.1022,186.4026,16.3058,-29.2548,-29.2956
1967.000000,3,21.1022,186.5367,17.4906,-28.2041,-28.2622
1967.000000,4,21.1022,186.6717,17.6326,-28.1972,-28.2556
1967.000000,5,21.1022,186.0099,14.0082,-31.1598,-31.1823
1967.000000,6,21.1022,186.1450,16.6559,-28.6471,-28.7028
1967.000000,7,21.1022,186.2810,17.7516,-27.6874,-27.7698
1967.000000,8,21.1022,186.4178,17.8669,-27.7090,-27.7944
1967.000000,9,21.1022,186.5555,17.6360,-28.0776,-28.1429
1967.000000,10,21.1022,185.8840,16.9596,-28.0825,-28.1485
1967.000000,11,21.1022,186.0221,17.8502,-27.3299,-27.4326
1967.000000,12,21.1022,186.1610,17.8542,-27.4648,-27.5747
1967.000000,13,21.1022,186.3006,17.7531,-27.7056,-27.7908
1967.000000,14,21.1022,186.4410,16.7667,-28.8323,-28.8809
1967.000000,15,21.1022,185.7596,17.8718,-27.0458,-27.1565
1967.000000,16,21.1022,185.9007,17.8520,-27.2067,-27.3297
1967.000000,17,21.1022,186.0426,17.7974,-27.4033,-27.4998
1967.000000,18,21.1022,186.1851,16.8683,-28.4748,-28.5290
1967.000000,19,21.1022,186.3282,14.4861,-31.0002,-31.0206
1967.000000,20,21.1022,185.6368,17.8093,-26.9855,-27.1021
1967.000000,21,21.1022,185.7811,17.6521,-27.2870,-27.3805
1967.000000,22,21.1022,185.9260,16.2507,-28.8333,-28.8852
1967.000000,23,21.1022,186.0714,13.7011,-31.5283,-31.5463
1967.000000,24,21.1022,186.2173,8.9011,-36.4743,-36.4773
1968.000000,0,21.1963,186.1092,8.1200,-37.1472,-37.1503
1968.000000,1,21.1963,186.2421,13.4541,-31.9460,-31.9635
1968.000000,2,21.1963,186.3759,16.2904,-29.2436,-29.2852
1968.000000,3,21.1963,186.5108,17.5192,-28.1496,-28.2094
1968.000000,4,21.1963,186.6464,17.6636,-28.1409,-28.2017
1968.000000,5,21.1963,185.9823,14.0513,-31.0890,-31.1116
1968.000000,6,21.1963,186.1181,16.6699,-28.6063,-28.6626
1968.000000,7,21.1963,186.2548,17.7369,-27.6759,-27.7601
1968.000000,8,21.1963,186.3924,17.8644,-27.6860,-27.7740
1968.000000,9,21.1963,186.5307,17.6497,-28.0391,-28.1069
1968.000000,10,21.1963,185.8568,16.9961,-28.0188,-28.0851
1968.000000,11,21.1963,185.9956,17.8469,-27.3068,-27.4107
1968.000000,12,21.1963,186.1353,17.8375,-27.4559,-27.5678
1968.000000,13,21.1963,186.2756,17.7612,-27.6725,-27.7598
1968.000000,14,21.1963,186.4167,16.8435,-28.7312,-28.7813
1968.000000,15,21.1963,185.7329,17.8711,-27.0198,-27.1303
1968.000000,16,21.1963,185.8748,17.8386,-27.1942,-27.3176
1968.000000,17,21.1963,186.0174,17.7678,-27.4077,-27.5051
1968.000000,18,21.1963,186.1607,16.8676,-28.4511,-28.5060
1968.000000,19,21.1963,186.3045,14.5149,-30.9476,-30.9684
1968.000000,20,21.1963,185.6107,17.7857,-26.9830,-27.0977
1968.000000,21,21.1963,185.7557,17.6154,-27.2983,-27.3907
1968.000000,22,21.1963,185.9014,16.2361,-28.8233,-28.8747
1968.000000,23,21.1963,186.0475,13.6211,-31.5845,-31.6024
1968.000000,24,21.1963,186.1941,8.8330,-36.5192,-36.5223
1969.000000,0,21.2902,186.0812,8.1068,-37.1324,-37.1354
1969.000000,1,21.2902,186.2148,13.4460,-31.9269,-31.9445
1969.000000,2,21.2902,186.3494,16.2695,-29.2379,-29.2803
1969.000000,3,21.2902,186.4849,17.5428,-28.1002,-28.1616
1969.000000,4,21.2902,186.6213,17.7027,-28.0766,-28.1397
1969.000000,5,21.2902,185.9547,14.0880,-31.0248,-31.0474
1969.000000,6,21.2902,186.0913,16.6780,-28.5714,-28.6284
1969.000000,7,21.2902,186.2288,17.7169,-27.6699,-27.7558
1969.000000,8,21.2902,186.3670,17.8568,-27.6683,-27.7588
1969.000000,9,21.2902,186.5060,17.6956,-27.9685,-28.0389
1969.000000,10,21.2902,185.8298,17.0259,-27.9619,-28.0284
1969.000000,11,21.2902,185.9694,17.8374,-27.2900,-27.3950
1969.000000,12,21.2902,186.1097,17.8140,-27.4537,-27.5675
1969.000000,13,21.2902,186.2508,17.7969,-27.6119,-27.7013
1969.000000,14,21.2902,186.3925,16.9140,-28.6365,-28.6882
1969.000000,15,21.2902,185.7064,17.8631,-27.0013,-27.1113
1969.000000,16,21.2902,185.8491,17.8174,-27.1897,-27.3132
1969.000000,17,21.2902,185.9924,17.7298,-27.4206,-27.5188
1969.000000,18,21.2902,186.1364,16.8598,-28.4346,-28.4903
1969.000000,19,21.2902,186.2808,14.5379,-30.9010,-30.9223
1969.000000,20,21.2902,185.5847,17.8042,-26.9386,-27.0509
1969.000000,21,21.2902,185.7305,17.5689,-27.3197,-27.4108
1969.000000,22,21.2902,185.8769,16.2129,-28.8221,-28.8730
1969.000000,23,21.2902,186.0238,13.5332,-31.6486,-31.6664
1969.000000,24,21.2902,186.1711,8.7587,-36.5705,-36.5735
1970.000000,0,21.3838,186.0533,8.0865,-37.1249,-37.1278
1970.000000,1,21.3838,186.1877,13.4317,-31.9141,-31.9318
1970.000000,2,21.3838,186.3230,16.2431,-29.2380,-29.2811
1970.000000,3,21.3838,186.4592,17.5616,-28.0557,-28.1188
1970.000000,4,21.3838,186.5962,17.7370,-28.0172,-28.0827
1970.000000,5,21.3838,185.9273,14.1182,-30.9672,-30.9898
1970.000000,6,21.3838,186.0647,16.6802,-28.5425,-28.6001
1970.000000,7,21.3838,186.2028,17.6915,-27.6694,-27.7570
1970.000000,8,21.3838,186.3418,17.8440,-27.6559,-27.7489
1970.000000,9,21.3838,186.4815,17.7358,-27.9037,-27.9766
1970.000000,10,21.3838,185.8028,17.0490,-27.9119,-27.9784
1970.000000,11,21.3838,185.9432,17.8218,-27.2795,-27.3854
1970.000000,12,21.3838,186.0843,17.7851,-27.4573,-27.5728
1970.000000,13,21.3838,186.2261,17.8256,-27.5585,-27.6498
1970.000000,14,21.3838,186.3685,16.9783,-28.5482,-28.6015
1970.000000,15,21.3838,185.6800,17.8477,-26.9903,-27.0996
1970.000000,16,21.3838,185.8234,17.8248,-27.1567,-27.2802
1970.000000,17,21.3838,185.9675,17.7032,-27.4224,-27.5211
1970.000000,18,21.3838,186.1122,16.8448,-28.4254,-28.4818
1970.000000,19,21.3838,186.2574,14.5549,-30.8605,-30.8822
1970.000000,20,21.3838,185.5589,17.8273,-26.8896,-26.9995
1970.000000,21,21.3838,185.7055,17.5122,-27.3513,-27.4410
1970.000000,22,21.3838,185.8526,16.1810,-28.8297,-28.8800
1970.000000,23,21.3838,186.0002,13.4374,-31.7209,-31.7385
1970.000000,24,21.3838,186.1482,8.6782,-36.6281,-36.6311
1971.000000,0,21.4772,186.0256,8.0592,-37.1245,-37.1274
1971.000000,1,21.4772,186.1607,13.4111,-31.9076,-31.9253
1971.000000,2,21.4772,186.2968,16.2111,-29.2437,-29.2874
1971.000000,3,21.4772,186.4336,17.5754,-28.0163,-28.0810
1971.000000,4,21.4772,186.5713,17.7666,-27.9628,-28.0306
1971.000000,5,21.4772,185.9001,14.1420,-30.9161,-30.9387
1971.000000,6,21.4772,186.0382,16.6765,-28.5197,-28.5778
1971.000000,7,21.4772,186.1771,17.6699,-27.6652,-27.7544
1971.000000,8,21.4772,186.3167,17.8259,-27.6488,-27.7443
1971.000000,9,21.4772,186.4571,17.7704,-27.8447,-27.9201
1971.000000,10,21.4772,185.7761,17.0655,-27.8687,-27.9352
1971.000000,11,21.4772,185.9172,17.7999,-27.2753,-27.3820
1971.000000,12,21.4772,186.0591,17.7849,-27.4322,-27.5493
1971.000000,13,21.4772,186.2016,17.8474,-27.5121,-27.6053
1971.000000,14,21.4772,186.3446,17.0364,-28.4663,-28.5210
1971.000000,15,21.4772,185.6537,17.8248,-26.9869,-27.0954
1971.000000,16,21.4772,185.7980,17.8458,-27.1102,-27.2334
1971.000000,17,21.4772,185.9428,17.7313,-27.3696,-27.4687
1971.000000,18,21.4772,186.0882,16.8228,-28.4235,-28.4804
1971.000000,19,21.4772,186.2341,14.5661,-30.8261,-30.8481
1971.000000,20,21.4772,185.5332,17.8445,-26.8467,-26.9539
1971.000000,21,21.4772,185.6806,17.4860,-27.3526,-27.4406
1971.000000,22,21.4772,185.8285,16.1404,-28.8462,-28.8957
1971.000000,23,21.4772,185.9768,13.3337,-31.8012,-31.8187
1971.000000,24,21.4772,186.1255,8.5917,-36.6919,-36.6949
1972.000000,0,21.5703,185.9980,8.0248,-37.1312,-37.1341
1972.000000,1,21.5703,186.1339,13.3844,-31.9075,-31.9252
1972.000000,2,21.5703,186.2706,16.1735,-29.2552,-29.2995
1972.000000,3,21.5703,186.4082,17.5844,-27.9819,-28.0481
1972.000000,4,21.5703,186.5466,17.7913,-27.9133,-27.9834
1972.000000,5,21.5703,185.8729,14.1594,-30.8716,-30.8941
1972.000000,6,21.5703,186.0118,16.6668,-28.5030,-28.5615
1972.000000,7,21.5703,186.1514,17.6998,-27.6096,-27.7001
1972.000000,8,21.5703,186.2918,17.8026,-27.6472,-27.7450
1972.000000,9,21.5703,186.4328,17.7994,-27.7915,-27.8694
1972.000000,10,21.5703,185.7494,17.0752,-27.8323,-27.8987
1972.000000,11,21.5703,185.8913,17.7718,-27.2776,-27.3848
1972.000000,12,21.5703,186.0339,17.8157,-27.3762,-27.4947
1972.000000,13,21.5703,186.1771,17.8623,-27.4729,-27.5679
1972.000000,14,21.5703,186.3209,17.0883,-28.3906,-28.4469
1972.000000,15,21.5703,185.6277,17.8084,-26.9773,-27.0846
1972.000000,16,21.5703,185.7727,17.8586,-27.0721,-27.1948
1972.000000,17,21.5703,185.9183,17.7513,-27.3250,-27.4243
1972.000000,18,21.5703,186.0644,16.7936,-28.4288,-28.4864
1972.000000,19,21.5703,186.2110,14.5714,-30.7976,-30.8200
1972.000000,20,21.5703,185.5077,17.8517,-26.8141,-26.9183
1972.000000,21,21.5703,185.6559,17.4983,-27.3156,-27.4018
1972.000000,22,21.5703,185.8045,16.0911,-28.8715,-28.9204
1972.000000,23,21.5703,185.9536,13.2218,-31.8898,-31.9071
1972.000000,24,21.5703,186.1030,8.4991,-36.7620,-36.7650
1973.000000,0,21.6632,185.9705,7.9836,-37.1450,-37.1478
1973.000000,1,21.6632,186.1071,13.3515,-31.9137,-31.9313
1973.000000,2,21.6632,186.2446,16.1302,-29.2724,-29.3172
1973.000000,3,21.6632,186.3829,17.5884,-27.9525,-28.0202
1973.000000,4,21.6632,186.5219,17.8112,-27.8688,-27.9412
1973.000000,5,21.6632,185.8459,14.1703,-30.8336,-30.8560
1973.000000,6,21.6632,185.9855,16.6512,-28.4924,-28.5513
1973.000000,7,21.6632,186.1259,17.7244,-27.5595,-27.6513
1973.000000,8,21.6632,186.2670,17.8045,-27.6206,-27.7206
1973.000000,9,21.6632,186.4087,17.8227,-27.7440,-27.8245
1973.000000,10,21.6632,185.7230,17.0781,-27.8029,-27.8690
1973.000000,11,21.6632,185.8656,17.7748,-27.2488,-27.3564
1973.000000,12,21.6632,186.0090,17.8400,-27.3270,-27.4467
1973.000000,13,21.6632,186.1529,17.8701,-27.4408,-27.5376
1973.000000,14,21.6632,186.2974,17.1342,-28.3213,-28.3791
1973.000000,15,21.6632,185.6017,17.8272,-26.9325,-27.0385
1973.000000,16,21.6632,185.7475,17.8630,-27.0425,-27.1645
1973.000000,17,21.6632,185.8939,17.7632,-27.2887,-27.3881
1973.000000,18,21.6632,186.0407,16.7572,-28.4416,-28.4996
1973.000000,19,21.6632,186.1880,14.5709,-30.7751,-30.7979
1973.000000,20,21.6632,185.4823,17.8488,-26.7916,-26.8928
1973.000000,21,21.6632,185.6313,17.5009,-27.2885,-27.3727
1973.000000,22,21.6632,185.7808,16.0330,-28.9058,-28.9538
1973.000000,23,21.6632,185.9305,13.1075,-31.9811,-31.9982
1973.000000,24,21.6632,186.0806,8.4004,-36.8383,-36.8413
1974.000000,0,21.7558,185.9432,7.9354,-37.1658,-37.1686
1974.000000,1,21.7558,186.0805,13.3124,-31.9262,-31.9437
1974.000000,2,21.7558,186.2187,16.1255,-29.2512,-29.2965
1974.000000,3,21.7558,186.3577,17.5875,-27.9282,-27.9973
1974.000000,4,21.7558,186.4974,17.8263,-27.8292,-27.9039
1974.000000,5,21.7558,185.8191,14.1749,-30.8022,-30.8244
1974.000000,6,21.7558,185.9594,16.6296,-28.4879,-28.5470
1974.000000,7,21.7558,186.1006,17.7437,-27.5148,-27.6078
1974.000000,8,21.7558,186.2423,17.8096,-27.5908,-27.6930
1974.000000,9,21.7558,186.3847,17.8405,-27.7023,-27.7853
1974.000000,10,21.7558,185.6966,17.0742,-27.7805,-27.8462
1974.000000,11,21.7558,185.8401,17.8058,-27.1923,-27.3000
1974.000000,12,21.7558,185.9842,17.8578,-27.2844,-27.4052
1974.000000,13,21.7558,186.1288,17.8710,-27.4159,-27.5143
1974.000000,14,21.7558,186.2740,17.1739,-28.2581,-28.3174
1974.000000,15,21.7558,185.5759,17.8381,-26.8959,-27.0002
1974.000000,16,21.7558,185.7225,17.8591,-27.0215,-27.1426
1974.000000,17,21.7558,185.8696,17.7670,-27.2607,-27.3600
1974.000000,18,21.7558,186.0172,16.7135,-28.4617,-28.5202
1974.000000,19,21.7558,186.1651,14.5646,-30.7586,-30.7818
1974.000000,20,21.7558,185.4572,17.8358,-26.7794,-26.8775
1974.000000,21,21.7558,185.6070,17.4938,-27.2712,-27.3534
1974.000000,22,21.7558,185.7571,15.9660,-28.9491,-28.9963
1974.000000,23,21.7558,185.9076,13.0675,-31.9982,-32.0151
1974.000000,24,21.7558,186.0584,8.2957,-36.9208,-36.9238
1975.000000,0,21.8480,185.9159,7.8804,-37.1936,-37.1963
1975.000000,1,21.8480,186.0541,13.2670,-31.9451,-31.9625
1975.000000,2,21.8480,186.1930,16.1344,-29.2166,-29.2622
1975.000000,3,21.8480,186.3327,17.5817,-27.9090,-27.9795
1975.000000,4,21.8480,186.4731,17.8366,-27.7945,-27.8715
1975.000000,5,21.8480,185.7923,14.1731,-30.7773,-30.7994
1975.000000,6,21.8480,185.9335,16.6019,-28.4896,-28.5489
1975.000000,7,21.8480,186.0753,17.7577,-27.4756,-27.5696
1975.000000,8,21.8480,186.2178,17.8090,-27.5669,-27.6712
1975.000000,9,21.8480,186.3609,17.8525,-27.6664,-27.7519
1975.000000,10,21.8480,185.6704,17.0634,-27.7650,-27.8302
1975.000000,11,21.8480,185.8147,17.8307,-27.1420,-27.2497
1975.000000,12,21.8480,185.9595,17.8691,-27.2484,-27.3702
1975.000000,13,21.8480,186.1048,17.8648,-27.3981,-27.4981
1975.000000,14,21.8480,186.2507,17.2076,-28.2012,-28.2619
1975.000000,15,21.8480,185.5503,17.8411,-26.8673,-26.9699
1975.000000,16,21.8480,185.6977,17.8467,-27.0091,-27.1291
1975.000000,17,21.8480,185.8456,17.7627,-27.2408,-27.3400
1975.000000,18,21.8480,185.9938,16.6626,-28.4893,-28.5482
1975.000000,19,21.8480,186.1425,14.5526,-30.7480,-30.7715
1975.000000,20,21.8480,185.4322,17.8126,-26.7776,-26.8723
1975.000000,21,21.8480,185.5827,17.4769,-27.2639,-27.3438
1975.000000,22,21.8480,185.7337,15.8902,-29.0015,-29.0477
1975.000000,23,21.8480,185.8849,13.0201,-32.0228,-32.0395
1975.000000,24,21.8480,186.0364,8.1850,-37.0095,-37.0125
1976.000000,0,21.9400,185.8888,7.8185,-37.2283,-37.2310
1976.000000,1,21.9400,186.0277,13.2154,-31.9703,-31.9877
1976.000000,2,21.9400,186.1674,16.1375,-29.1879,-29.2337
1976.000000,3,21.9400,186.3078,17.5709,-27.8949,-27.9666
1976.000000,4,21.9400,186.4488,17.8420,-27.7649,-27.8441
1976.000000,5,21.9400,185.7658,14.1648,-30.7590,-30.7808
1976.000000,6,21.9400,185.9077,16.6197,-28.4460,-28.5054
1976.000000,7,21.9400,186.0503,17.7664,-27.4419,-27.5368
1976.000000,8,21.9400,186.1935,17.8308,-27.5207,-27.6270
1976.000000,9,21.9400,186.3372,17.8590,-27.6363,-27.7243
1976.000000,10,21.9400,185.6444,17.0458,-27.7567,-27.8213
1976.000000,11,21.9400,185.7894,17.8494,-27.0980,-27.2055
1976.000000,12,21.9400,185.9350,17.8738,-27.2192,-27.3417
1976.000000,13,21.9400,186.0811,17.8516,-27.3875,-27.4890
1976.000000,14,21.9400,186.2276,17.2352,-28.1504,-28.2126
1976.000000,15,21.9400,185.5249,17.8360,-26.8469,-26.9476
1976.000000,16,21.9400,185.6730,17.8258,-27.0053,-27.1241
1976.000000,17,21.9400,185.8216,17.7504,-27.2293,-27.3281
1976.000000,18,21.9400,185.9706,16.6174,-28.5113,-28.5705
1976.000000,19,21.9400,186.1200,14.5347,-30.7433,-30.7672
1976.000000,20,21.9400,185.4074,17.7792,-26.7862,-26.8775
1976.000000,21,21.9400,185.5587,17.4503,-27.2665,-27.3441
1976.000000,22,21.9400,185.7104,15.8054,-29.0631,-29.1083
1976.000000,23,21.9400,185.8624,12.9655,-32.0549,-32.0713
1976.000000,24,21.9400,186.0145,8.0682,-37.1044,-37.1074
1977.000000,0,22.0317,185.8619,7.7499,-37.2700,-37.2725
1977.000000,1,22.0317,186.0015,13.1575,-32.0020,-32.0192
1977.000000,2,22.0317,186.1419,16.1349,-29.1651,-29.2111
1977.000000,3,22.0317,186.2830,17.5552,-27.8859,-27.9588
1977.000000,4,22.0317,186.4248,17.8426,-27.7402,-27.8216
1977.000000,5,22.0317,185.7393,14.1501,-30.7472,-30.7688
1977.000000,6,22.0317,185.8820,16.6481,-28.3919,-28.4511
1977.000000,7,22.0317,186.0253,17.7697,-27.4137,-27.5093
1977.000000,8,22.0317,186.1693,17.8484,-27.4789,-27.5870
1977.000000,9,22.0317,186.3137,17.8597,-27.6120,-27.7024
1977.000000,10,22.0317,185.6185,17.0211,-27.7554,-27.8193
1977.000000,11,22.0317,185.7643,17.8621,-27.0602,-27.1674
1977.000000,12,22.0317,185.9106,17.8721,-27.1966,-27.3198
1977.000000,13,22.0317,186.0574,17.8314,-27.3841,-27.4870
1977.000000,14,22.0317,186.2047,17.2569,-28.1058,-28.1695
1977.000000,15,22.0317,185.4996,17.8229,-26.8347,-26.9332
1977.000000,16,22.0317,185.6485,17.7964,-27.0102,-27.1276
1977.000000,17,22.0317,185.7979,17.7298,-27.2261,-27.3244
1977.000000,18,22.0317,185.9476,16.6341,-28.4716,-28.5309
1977.000000,19,22.0317,186.0977,14.5111,-30.7446,-30.7689
1977.000000,20,22.0317,185.3827,17.7354,-26.8054,-26.8931
1977.000000,21,22.0317,185.5348,17.4138,-27.2791,-27.3543
1977.000000,22,22.0317,185.6873,15.7453,-29.1001,-29.1442
1977.000000,23,22.0317,185.8400,12.9036,-32.0944,-32.1105
1977.000000,24,22.0317,185.9929,7.9454,-37.2055,-37.2085
1978.000000,0,22.1230,185.8351,7.6746,-37.3185,-37.3210
1978.000000,1,22.1230,185.9755,13.1528,-31.9807,-31.9977
1978.000000,2,22.1230,186.1166,16.1265,-29.1481,-29.1943
1978.000000,3,22.1230,186.2584,17.5344,-27.8820,-27.9560
1978.000000,4,22.1230,186.4008,17.8382,-27.7206,-27.8041
1978.000000,5,22.1230,185.7130,14.1290,-30.7421,-30.7635
1978.000000,6,22.1230,185.8565,16.6705,-28.3440,-28.4030
1978.000000,7,22.1230,186.0006,17.7677,-27.3909,-27.4872
1978.000000,8,22.1230,186.1452,17.8609,-27.4424,-27.5522
1978.000000,9,22.1230,186.2903,17.8548,-27.5935,-27.6863
1978.000000,10,22.1230,185.5928,16.9894,-27.7614,-27.8245
1978.000000,11,22.1230,185.7393,17.8687,-27.0287,-27.1354
1978.000000,12,22.1230,185.8864,17.8637,-27.1807,-27.3044
1978.000000,13,22.1230,186.0339,17.8040,-27.3880,-27.4923
1978.000000,14,22.1230,186.1819,17.2725,-28.0674,-28.1324
1978.000000,15,22.1230,185.4745,17.8017,-26.8308,-26.9270
1978.000000,16,22.1230,185.6242,17.7832,-26.9990,-27.1147
1978.000000,17,22.1230,185.7743,17.7011,-27.2312,-27.3290
1978.000000,18,22.1230,185.9248,16.6438,-28.4390,-28.4985
1978.000000,19,22.1230,186.0755,14.4816,-30.7519,-30.7764
1978.000000,20,22.1230,185.3582,17.6811,-26.8352,-26.9193
1978.000000,21,22.1230,185.5112,17.3675,-27.3017,-27.3745
1978.000000,22,22.1230,185.6644,15.7314,-29.0910,-29.1340
1978.000000,23,22.1230,185.8178,12.8345,-32.1414,-32.1571
1978.000000,24,22.1230,185.9714,7.8166,-37.3129,-37.3158
1979.000000,0,22.2140,185.8084,7.5925,-37.3739,-37.3763
1979.000000,1,22.2140,185.9496,13.1470,-31.9606,-31.9773
1979.000000,2,22.2140,186.0914,16.1124,-29.1370,-29.1832
1979.000000,3,22.2140,186.2339,17.5087,-27.8833,-27.9583
1979.000000,4,22.2140,186.3770,17.8290,-27.7060,-27.7916
1979.000000,5,22.2140,185.6869,14.1013,-30.7436,-30.7647
1979.000000,6,22.2140,185.8311,16.6869,-28.3023,-28.3610
1979.000000,7,22.2140,185.9759,17.7604,-27.3736,-27.4705
1979.000000,8,22.2140,186.1213,17.8681,-27.4112,-27.5227
1979.000000,9,22.2140,186.2671,17.8442,-27.5809,-27.6760
1979.000000,10,22.2140,185.5672,16.9505,-27.7747,-27.8368
1979.000000,11,22.2140,185.7146,17.8692,-27.0034,-27.1094
1979.000000,12,22.2140,185.8624,17.8488,-27.1716,-27.2955
1979.000000,13,22.2140,186.0106,17.7694,-27.3993,-27.5047
1979.000000,14,22.2140,186.1592,17.2822,-28.0351,-28.1015
1979.000000,15,22.2140,185.4495,17.7724,-26.8351,-26.9289
1979.000000,16,22.2140,185.6000,17.8096,-26.9485,-27.0622
1979.000000,17,22.2140,185.7509,17.6642,-27.2448,-27.3418
1979.000000,18,22.2140,185.9021,16.6466,-28.4136,-28.4730
1979.000000,19,22.2140,186.0535,14.4464,-30.7651,-30.7899
1979.000000,20,22.2140,185.3339,17.6162,-26.8758,-26.9562
1979.000000,21,22.2140,185.4877,17.3113,-27.3344,-27.4047
1979.000000,22,22.2140,185.6416,15.7090,-29.0906,-29.1324
1979.000000,23,22.2140,185.7958,12.7581,-32.1958,-32.2112
1979.000000,24,22.2140,185.9501,7.6817,-37.4264,-37.4293
1980.000000,0,22.3046,185.7818,7.5037,-37.4362,-37.4385
1980.000000,1,22.3046,185.9238,13.1346,-31.9472,-31.9637
1980.000000,2,22.3046,186.0664,16.0926,-29.1318,-29.1780
1980.000000,3,22.3046,186.2096,17.4779,-27.8898,-27.9657
1980.000000,4,22.3046,186.3534,17.8354,-27.6760,-27.7635
1980.000000,5,22.3046,185.6609,14.0671,-30.7519,-30.7726
1980.000000,6,22.3046,185.8059,16.6972,-28.2667,-28.3251
1980.000000,7,22.3046,185.9515,17.7478,-27.3617,-27.4591
1980.000000,8,22.3046,186.0975,17.8702,-27.3854,-27.4984
1980.000000,9,22.3046,186.2441,17.8279,-27.5742,-27.6716
1980.000000,10,22.3046,185.5418,16.9045,-27.7954,-27.8564
1980.000000,11,22.3046,185.6899,17.8636,-26.9844,-27.0896
1980.000000,12,22.3046,185.8385,17.8274,-27.1692,-27.2933
1980.000000,13,22.3046,185.9875,17.7916,-27.3540,-27.4604
1980.000000,14,22.3046,186.1368,17.2859,-28.0089,-28.0767
1980.000000,15,22.3046,185.4248,17.7349,-26.8479,-26.9391
1980.000000,16,22.3046,185.5761,17.8381,-26.8960,-27.0076
1980.000000,17,22.3046,185.7277,17.6189,-27.2668,-27.3630
1980.000000,18,22.3046,185.8796,16.6424,-28.3952,-28.4546
1980.000000,19,22.3046,186.0317,14.4055,-30.7843,-30.8094
1980.000000,20,22.3046,185.3098,17.5405,-26.9274,-27.0041
1980.000000,21,22.3046,185.4644,17.2450,-27.3774,-27.4451
1980.000000,22,22.3046,185.6191,15.6782,-29.0989,-29.1394
1980.000000,23,22.3046,185.7739,12.6744,-32.2576,-32.2727
1980.000000,24,22.3046,185.9289,7.5440,-37.5429,-37.5458
1981.000000,0,22.3949,185.7555,7.4082,-37.5053,-37.5076
1981.000000,1,22.3949,185.8982,13.1157,-31.9405,-31.9566
1981.000000,2,22.3949,186.0415,16.0670,-29.1325,-29.1786
1981.000000,3,22.3949,186.1854,17.4420,-27.9014,-27.9782
1981.000000,4,22.3949,186.3299,17.8501,-27.6378,-27.7272
1981.000000,5,22.3949,185.6351,14.0262,-30.7669,-30.7872
1981.000000,6,22.3949,185.7808,16.7015,-28.2374,-28.2953
1981.000000,7,22.3949,185.9272,17.7298,-27.3554,-27.4530
1981.000000,8,22.3949,186.0739,17.8671,-27.3649,-27.4793
1981.000000,9,22.3949,186.2212,17.8059,-27.5733,-27.6730
1981.000000,10,22.3949,185.5166,16.8511,-27.8235,-27.8834
1981.000000,11,22.3949,185.6655,17.8519,-26.9717,-27.0758
1981.000000,12,22.3949,185.8148,17.7993,-27.1736,-27.2977
1981.000000,13,22.3949,185.9645,17.8209,-27.3016,-27.4089
1981.000000,14,22.3949,186.1145,17.2836,-27.9889,-28.0580
1981.000000,15,22.3949,185.4002,17.6971,-26.8611,-26.9496
1981.000000,16,22.3949,185.5522,17.8582,-26.8520,-26.9614
1981.000000,17,22.3949,185.7046,17.6469,-27.2158,-27.3109
1981.000000,18,22.3949,185.8573,16.6314,-28.3839,-28.4432
1981.000000,19,22.3949,186.0101,14.3586,-30.8095,-30.8348
1981.000000,20,22.3949,185.2859,17.4538,-26.9901,-27.0630
1981.000000,21,22.3949,185.4412,17.1686,-27.4307,-27.4957
1981.000000,22,22.3949,185.5967,15.6390,-29.1157,-29.1550
1981.000000,23,22.3949,185.7523,12.5835,-32.3269,-32.3416
1981.000000,24,22.3949,185.9080,7.4905,-37.5755,-37.5783
1982.000000,0,22.4848,185.7292,7.3060,-37.5812,-37.5834
1982.000000,1,22.4848,185.8727,13.0904,-31.9404,-31.9562
1982.000000,2,22.4848,186.0168,16.0357,-29.1391,-29.1851
1982.000000,3,22.4848,186.1614,17.4011,-27.9184,-27.9958
1982.000000,4,22.4848,186.3066,17.8605,-27.6041,-27.6952
1982.000000,5,22.4848,185.6094,13.9788,-30.7886,-30.8086
1982.000000,6,22.4848,185.7559,16.6998,-28.2142,-28.2716
1982.000000,7,22.4848,185.9030,17.7064,-27.3546,-27.4524
1982.000000,8,22.4848,186.0505,17.8588,-27.3497,-27.4654
1982.000000,9,22.4848,186.1984,17.8087,-27.5477,-27.6495
1982.000000,10,22.4848,185.4915,16.7903,-27.8592,-27.9179
1982.000000,11,22.4848,185.6412,17.8341,-26.9652,-27.0682
1982.000000,12,22.4848,185.7913,17.7774,-27.1719,-27.2958
1982.000000,13,22.4848,185.9417,17.8433,-27.2564,-27.3645
1982.000000,14,22.4848,186.0924,17.2753,-27.9751,-28.0454
1982.000000,15,22.4848,185.3757,17.6987,-26.8350,-26.9206
1982.000000,16,22.4848,185.5286,17.8700,-26.8166,-26.9235
1982.000000,17,22.4848,185.6818,17.6695,-27.1703,-27.2642
1982.000000,18,22.4848,185.8351,16.6135,-28.3796,-28.4388
1982.000000,19,22.4848,185.9886,14.3093,-30.8374,-30.8630
1982.000000,20,22.4848,185.2622,17.3561,-27.0642,-27.1333
1982.000000,21,22.4848,185.4183,17.0820,-27.4944,-27.5568
1982.000000,22,22.4848,185.5745,15.5914,-29.1412,-29.1791
1982.000000,23,22.4848,185.7309,12.4852,-32.4036,-32.4180
1982.000000,24,22.4848,185.8872,7.4321,-37.6131,-37.6159
1983.000000,0,22.5743,185.7031,7.1971,-37.6640,-37.6661
1983.000000,1,22.5743,185.8474,13.0585,-31.9469,-31.9624
1983.000000,2,22.5743,185.9922,15.9987,-29.1516,-29.1973
1983.000000,3,22.5743,186.1375,17.4117,-27.8839,-27.9619
1983.000000,4,22.5743,186.2834,17.8666,-27.5748,-27.6676
1983.000000,5,22.5743,185.5839,13.9246,-30.8173,-30.8368
1983.000000,6,22.5743,185.7312,16.6921,-28.1971,-28.2539
1983.000000,7,22.5743,185.8790,17.6777,-27.3594,-27.4572
1983.000000,8,22.5743,186.0272,17.8454,-27.3399,-27.4568
1983.000000,9,22.5743,186.1758,17.8104,-27.5235,-27.6273
1983.000000,10,22.5743,185.4666,16.7220,-27.9026,-27.9600
1983.000000,11,22.5743,185.6171,17.8101,-26.9650,-27.0667
1983.000000,12,22.5743,185.7679,17.8013,-27.1247,-27.2481
1983.000000,13,22.5743,185.9191,17.8587,-27.2184,-27.3271
1983.000000,14,22.5743,186.0704,17.2611,-27.9674,-28.0390
1983.000000,15,22.5743,185.3515,17.6917,-26.8178,-26.9003
1983.000000,16,22.5743,185.5052,17.8735,-26.7897,-26.8941
1983.000000,17,22.5743,185.6591,17.6840,-27.1331,-27.2255
1983.000000,18,22.5743,185.8131,16.5888,-28.3824,-28.4413
1983.000000,19,22.5743,185.9673,14.3326,-30.7927,-30.8185
1983.000000,20,22.5743,185.2387,17.2470,-27.1497,-27.2150
1983.000000,21,22.5743,185.3956,16.9850,-27.5686,-27.6283
1983.000000,22,22.5743,185.5525,15.5354,-29.1752,-29.2118
1983.000000,23,22.5743,185.7096,12.3922,-32.4754,-32.4894
1983.000000,24,22.5743,185.8666,7.3689,-37.6558,-37.6585
1984.000000,0,22.6634,185.6772,7.0816,-37.7536,-37.7556
1984.000000,1,22.6634,185.8222,13.0203,-31.9600,-31.9751
1984.000000,2,22.6634,185.9678,15.9559,-29.1699,-29.2154
1984.000000,3,22.6634,186.1138,17.4218,-27.8501,-27.9285
1984.000000,4,22.6634,186.2603,17.8684,-27.5500,-27.6444
1984.000000,5,22.6634,185.5585,13.8637,-30.8529,-30.8719
1984.000000,6,22.6634,185.7066,16.6784,-28.1862,-28.2423
1984.000000,7,22.6634,185.8552,17.6574,-27.3559,-27.4536
1984.000000,8,22.6634,186.0041,17.8267,-27.3354,-27.4533
1984.000000,9,22.6634,186.1534,17.8057,-27.5057,-27.6116
1984.000000,10,22.6634,185.4419,16.6461,-27.9538,-28.0098
1984.000000,11,22.6634,185.5932,17.7801,-26.9711,-27.0713
1984.000000,12,22.6634,185.7447,17.8285,-27.0743,-27.1971
1984.000000,13,22.6634,185.8966,17.8671,-27.1875,-27.2967
1984.000000,14,22.6634,186.0487,17.2408,-27.9659,-28.0387
1984.000000,15,22.6634,185.3274,17.6760,-26.8094,-26.8888
1984.000000,16,22.6634,185.4819,17.8687,-26.7713,-26.8729
1984.000000,17,22.6634,185.6366,17.6906,-27.1039,-27.1950
1984.000000,18,22.6634,185.7913,16.5571,-28.3923,-28.4509
1984.000000,19,22.6634,185.9462,14.3505,-30.7537,-30.7797
1984.000000,20,22.6634,185.2153,17.1264,-27.2470,-27.3086
1984.000000,21,22.6634,185.3730,16.8774,-27.6536,-27.7106
1984.000000,22,22.6634,185.5308,15.4709,-29.2178,-29.2531
1984.000000,23,22.6634,185.6885,12.3687,-32.4779,-32.4915
1984.000000,24,22.6634,185.8462,7.3010,-37.7033,-37.7060
1985.000000,0,22.7520,185.6514,6.9593,-37.8501,-37.8520
1985.000000,1,22.7520,185.7972,12.9756,-31.9796,-31.9944
1985.000000,2,22.7520,185.9435,15.9073,-29.1942,-29.2393
1985.000000,3,22.7520,186.0903,17.4268,-27.8215,-27.9003
1985.000000,4,22.7520,186.2375,17.8658,-27.5297,-27.6256
1985.000000,5,22.7520,185.5333,13.7959,-30.8955,-30.9140
1985.000000,6,22.7520,185.6822,16.6588,-28.1815,-28.2368
1985.000000,7,22.7520,185.8315,17.6841,-27.3055,-27.4028
1985.000000,8,22.7520,185.9812,17.8029,-27.3364,-27.4551
1985.000000,9,22.7520,186.1312,17.8307,-27.4585,-27.5662
1985.000000,10,22.7520,185.4173,16.5624,-28.0130,-28.0675
1985.000000,11,22.7520,185.5694,17.7439,-26.9836,-27.0821
1985.000000,12,22.7520,185.7217,17.8492,-27.0306,-27.1526
1985.000000,13,22.7520,185.8743,17.8686,-27.1637,-27.2734
1985.000000,14,22.7520,186.0271,17.2145,-27.9706,-28.0445
1985.000000,15,22.7520,185.3036,17.6516,-26.8100,-26.8861
1985.000000,16,22.7520,185.4588,17.8555,-26.7614,-26.8602
1985.000000,17,22.7520,185.6142,17.6893,-27.0830,-27.1724
1985.000000,18,22.7520,185.7697,16.5186,-28.4092,-28.4674
1985.000000,19,22.7520,185.9253,14.3630,-30.7204,-30.7464
1985.000000,20,22.7520,185.1922,17.0242,-27.3261,-27.3839
1985.000000,21,22.7520,185.3507,16.7593,-27.7494,-27.8038
1985.000000,22,22.7520,185.5092,15.3981,-29.2691,-29.3030
1985.000000,23,22.7520,185.6676,12.3385,-32.4872,-32.5004
1985.000000,24,22.7520,185.8261,7.2284,-37.7557,-37.7584
1986.000000,0,22.8402,185.6257,6.8304,-37.9534,-37.9552
1986.000000,1,22.8402,185.7723,12.9246,-32.0058,-32.0202
1986.000000,2,22.8402,185.9194,15.8530,-29.2245,-29.2691
1986.000000,3,22.8402,186.0669,17.4266,-27.7983,-27.8773
1986.000000,4,22.8402,186.2148,17.8589,-27.5139,-27.6112
1986.000000,5,22.8402,185.5083,13.7212,-30.9452,-30.9632
1986.000000,6,22.8402,185.6580,16.6331,-28.1829,-28.2373
1986.000000,7,22.8402,185.8080,17.7055,-27.2606,-27.3575
1986.000000,8,22.8402,185.9584,17.7804,-27.3361,-27.4556
1986.000000,9,22.8402,186.1091,17.8499,-27.4172,-27.5267
1986.000000,10,22.8402,185.3930,16.4707,-28.0803,-28.1332
1986.000000,11,22.8402,185.5458,17.7428,-26.9610,-27.0578
1986.000000,12,22.8402,185.6989,17.8634,-26.9935,-27.1145
1986.000000,13,22.8402,185.8522,17.8632,-27.1470,-27.2570
1986.000000,14,22.8402,186.0056,17.2151,-27.9486,-28.0235
1986.000000,15,22.8402,185.2799,17.6184,-26.8195,-26.8923
1986.000000,16,22.8402,185.4359,17.8340,-26.7600,-26.8559
1986.000000,17,22.8402,185.5921,17.6800,-27.0701,-27.1579
1986.000000,18,22.8402,185.7483,16.4732,-28.4332,-28.4910
1986.000000,19,22.8402,185.9046,14.3701,-30.6925,-30.7187
1986.000000,20,22.8402,185.1693,16.9150,-27.4123,-27.4664
1986.000000,21,22.8402,185.3285,16.6302,-27.8563,-27.9080
1986.000000,22,22.8402,185.4878,15.3168,-29.3290,-29.3616
1986.000000,23,22.8402,185.6470,12.3017,-32.5033,-32.5161
1986.000000,24,22.8402,185.8061,7.1512,-37.8129,-37.8155
1987.000000,0,22.9280,185.6003,6.6947,-38.0636,-38.0653
1987.000000,1,22.9280,185.7476,12.8671,-32.0385,-32.0526
1987.000000,2,22.9280,185.8954,15.7960,-29.2575,-29.3017
1987.000000,3,22.9280,186.0436,17.4212,-27.7804,-27.8595
1987.000000,4,22.9280,186.1922,17.8477,-27.5025,-27.6012
1987.000000,5,22.9280,185.4834,13.6394,-31.0020,-31.0196
1987.000000,6,22.9280,185.6339,16.6015,-28.1904,-28.2440
1987.000000,7,22.9280,185.7847,17.7215,-27.2213,-27.3175
1987.000000,8,22.9280,185.9358,17.7890,-27.3049,-27.4249
1987.000000,9,22.9280,186.0872,17.8634,-27.3818,-27.4929
1987.000000,10,22.9280,185.3688,16.3711,-28.1558,-28.2070
1987.000000,11,22.9280,185.5224,17.7369,-26.9435,-27.0383
1987.000000,12,22.9280,185.6762,17.8712,-26.9631,-27.0829
1987.000000,13,22.9280,185.8303,17.8508,-27.1375,-27.2476
1987.000000,14,22.9280,185.9844,17.2528,-27.8896,-27.9654
1987.000000,15,22.9280,185.2564,17.5764,-26.8381,-26.9076
1987.000000,16,22.9280,185.4132,17.8042,-26.7671,-26.8600
1987.000000,17,22.9280,185.5701,17.6629,-27.0653,-27.1513
1987.000000,18,22.9280,185.7271,16.4743,-28.4108,-28.4682
1987.000000,19,22.9280,185.8841,14.3720,-30.6701,-30.6964
1987.000000,20,22.9280,184.9666,16.7955,-27.3291,-27.3818
1987.000000,21,22.9280,185.3066,16.4901,-27.9745,-28.0235
1987.000000,22,22.9280,185.4666,15.2270,-29.3976,-29.4288
1987.000000,23,22.9280,185.6265,12.2584,-32.5261,-32.5385
1987.000000,24,22.9280,185.7863,7.0695,-37.8748,-37.8774
1988.000000,0,23.0153,185.5750,6.5524,-38.1806,-38.1824
1988.000000,1,23.0153,185.7231,12.8034,-32.0777,-32.0914
1988.000000,2,23.0153,185.8716,15.7926,-29.2371,-29.2807
1988.000000,3,23.0153,186.0206,17.4108,-27.7678,-27.8468
1988.000000,4,23.0153,186.1698,17.8322,-27.4957,-27.5955
1988.000000,5,23.0153,185.4588,13.5506,-31.0662,-31.0832
1988.000000,6,23.0153,185.6100,16.5639,-28.2041,-28.2567
1988.000000,7,23.0153,185.7616,17.7321,-27.1875,-27.2830
1988.000000,8,23.0153,185.9134,17.8159,-27.2555,-27.3759
1988.000000,9,23.0153,186.0654,17.8712,-27.3523,-27.4650
1988.000000,10,23.0153,185.3448,16.2631,-28.2397,-28.2893
1988.000000,11,23.0153,185.4992,17.7244,-26.9328,-27.0255
1988.000000,12,23.0153,185.6538,17.8726,-26.9392,-27.0578
1988.000000,13,23.0153,185.8085,17.8316,-27.1350,-27.2451
1988.000000,14,23.0153,185.9633,17.2846,-27.8368,-27.9135
1988.000000,15,23.0153,185.2331,17.5254,-26.8657,-26.9319
1988.000000,16,23.0153,185.3907,17.7660,-26.7828,-26.8726
1988.000000,17,23.0153,185.5484,17.6378,-27.0687,-27.1528
1988.000000,18,23.0153,185.7061,16.4975,-28.3666,-28.4233
1988.000000,19,23.0153,185.8637,14.3685,-30.6533,-30.6796
1988.000000,20,23.0153,184.9440,16.6655,-27.4366,-27.4856
1988.000000,21,23.0153,185.2848,16.3388,-28.1041,-28.1505
1988.000000,22,23.0153,185.4456,15.1288,-29.4748,-29.5047
1988.000000,23,23.0153,185.6062,12.2087,-32.5556,-32.5675
1988.000000,24,23.0153,185.7667,6.9834,-37.9414,-37.9439
1989.000000,0,23.1021,185.5498,6.4032,-38.3047,-38.3063
1989.000000,1,23.1021,185.6987,12.7333,-32.1234,-32.1367
1989.000000,2,23.1021,185.8480,15.7832,-29.2228,-29.2658
1989.000000,3,23.1021,185.9977,17.3952,-27.7605,-27.8394
1989.000000,4,23.1021,186.1476,17.8123,-27.4934,-27.5943
1989.000000,5,23.1021,185.4343,13.4545,-31.1378,-31.1543
1989.000000,6,23.1021,185.5863,16.5203,-28.2240,-28.2755
1989.000000,7,23.1021,185.7386,17.7375,-27.1591,-27.2537
1989.000000,8,23.1021,185.8911,17.8377,-27.2115,-27.3321
1989.000000,9,23.1021,186.0439,17.8732,-27.3287,-27.4429
1989.000000,10,23.1021,185.3210,16.1796,-28.2994,-28.3472
1989.000000,11,23.1021,185.4761,17.7054,-26.9288,-27.0193
1989.000000,12,23.1021,185.6315,17.8677,-26.9218,-27.0390
1989.000000,13,23.1021,185.7869,17.8053,-27.1396,-27.2497
1989.000000,14,23.1021,185.9425,17.3104,-27.7901,-27.8675
1989.000000,15,23.1021,185.2101,17.4655,-26.9026,-26.9654
1989.000000,16,23.1021,185.3684,17.7194,-26.8071,-26.8937
1989.000000,17,23.1021,185.5268,17.6048,-27.0801,-27.1623
1989.000000,18,23.1021,185.6852,16.5140,-28.3292,-28.3852
1989.000000,19,23.1021,185.8436,14.3598,-30.6418,-30.6682
1989.000000,20,23.1021,184.9217,16.5247,-27.5550,-27.6005
1989.000000,21,23.1021,185.2633,16.1759,-28.2455,-28.2892
1989.000000,22,23.1021,185.4248,15.0220,-29.5609,-29.5894
1989.000000,23,23.1021,185.5861,12.1526,-32.5916,-32.6031
1989.000000,24,23.1021,185.7473,6.8928,-38.0125,-38.0150
1990.000000,0,23.1884,185.5248,6.2472,-38.4356,-38.4372
1990.000000,1,23.1884,185.6745,12.6569,-32.1756,-32.1885
1990.000000,2,23.1884,185.8246,15.7679,-29.2147,-29.2569
1990.000000,3,23.1884,185.9749,17.3746,-27.7584,-27.8371
1990.000000,4,23.1884,186.1256,17.7881,-27.4955,-27.5974
1990.000000,5,23.1884,185.4099,13.3511,-31.2169,-31.2328
1990.000000,6,23.1884,185.5627,16.4707,-28.2501,-28.3005
1990.000000,7,23.1884,185.7158,17.7377,-27.1362,-27.2298
1990.000000,8,23.1884,185.8691,17.8542,-27.1729,-27.2936
1990.000000,9,23.1884,186.0225,17.8696,-27.3109,-27.4265
1990.000000,10,23.1884,185.2973,16.1053,-28.3501,-28.3960
1990.000000,11,23.1884,185.4533,17.6797,-26.9316,-27.0199
1990.000000,12,23.1884,185.6094,17.8564,-26.9110,-27.0266
1990.000000,13,23.1884,185.7656,17.7722,-27.1514,-27.2613
1990.000000,14,23.1884,185.9218,17.3304,-27.7494,-27.8276
1990.000000,15,23.1884,185.1872,17.3964,-26.9488,-27.0083
1990.000000,16,23.1884,185.3463,17.6739,-26.8305,-26.9139
1990.000000,17,23.1884,185.5055,17.5640,-27.0996,-27.1798
1990.000000,18,23.1884,185.6646,16.5240,-28.2986,-28.3539
1990.000000,19,23.1884,185.8236,14.3459,-30.6357,-30.6622
1990.000000,20,23.1884,184.8996,16.3731,-27.6845,-27.7267
1990.000000,21,23.1884,185.2420,16.0013,-28.3988,-28.4400
1990.000000,22,23.1884,185.4042,14.9066,-29.6557,-29.6829
1990.000000,23,23.1884,185.5663,12.0901,-32.6342,-32.6453
1990.000000,24,23.1884,185.7281,6.8361,-38.0500,-38.0524
1991.000000,0,23.2742,185.5000,6.0844,-38.5736,-38.5751
1991.000000,1,23.2742,185.6505,12.5742,-32.2343,-32.2467
1991.000000,2,23.2742,185.8013,15.7467,-29.2126,-29.2541
1991.000000,3,23.2742,185.9524,17.3488,-27.7616,-27.8399
1991.000000,4,23.2742,186.1037,17.7697,-27.4920,-27.5947
1991.000000,5,23.2742,185.3858,13.2401,-31.3037,-31.3190
1991.000000,6,23.2742,185.5394,16.4150,-28.2824,-28.3316
1991.000000,7,23.2742,185.6932,17.7326,-27.1187,-27.2112
1991.000000,8,23.2742,185.8472,17.8656,-27.1396,-27.2602
1991.000000,9,23.2742,186.0013,17.8604,-27.2989,-27.4158
1991.000000,10,23.2742,185.2739,16.0228,-28.4091,-28.4532
1991.000000,11,23.2742,185.4306,17.6475,-26.9412,-27.0270
1991.000000,12,23.2742,185.5875,17.8388,-26.9067,-27.0206
1991.000000,13,23.2742,185.7444,17.7886,-27.1138,-27.2233
1991.000000,14,23.2742,185.9013,17.3446,-27.7147,-27.7936
1991.000000,15,23.2742,185.1645,17.3182,-27.0044,-27.0606
1991.000000,16,23.2742,185.3244,17.6447,-26.8378,-26.9179
1991.000000,17,23.2742,185.4843,17.5152,-27.1272,-27.2054
1991.000000,18,23.2742,185.6442,16.5275,-28.2747,-28.3292
1991.000000,19,23.2742,185.8038,14.3268,-30.6350,-30.6615
1991.000000,20,23.2742,184.8778,16.2105,-27.8253,-27.8643
1991.000000,21,23.2742,185.2209,15.8145,-28.5644,-28.6032
1991.000000,22,23.2742,185.3839,14.7825,-29.7594,-29.7853
1991.000000,23,23.2742,185.5466,12.0214,-32.6833,-32.6939
1991.000000,24,23.2742,185.7091,6.8314,-38.0357,-38.0381
1992.000000,0,23.3595,185.4754,5.9148,-38.7187,-38.7201
1992.000000,1,23.3595,185.6266,12.4851,-32.2995,-32.3114
1992.000000,2,23.3595,185.7782,15.7196,-29.2166,-29.2573
1992.000000,3,23.3595,185.9300,17.3180,-27.7700,-27.8480
1992.000000,4,23.3595,186.0820,17.7943,-27.4457,-27.5490
1992.000000,5,23.3595,185.3618,13.1216,-31.3983,-31.4130
1992.000000,6,23.3595,185.5162,16.3533,-28.3209,-28.3688
1992.000000,7,23.3595,185.6708,17.7223,-27.1065,-27.1978
1992.000000,8,23.3595,185.8254,17.8719,-27.1116,-27.2320
1992.000000,9,23.3595,185.9802,17.8454,-27.2928,-27.4109
1992.000000,10,23.3595,185.2507,15.9320,-28.4767,-28.5188
1992.000000,11,23.3595,185.4082,17.6086,-26.9576,-27.0409
1992.000000,12,23.3595,185.5658,17.8149,-26.9089,-27.0210
1992.000000,13,23.3595,185.7234,17.8191,-27.0623,-27.1713
1992.000000,14,23.3595,185.8810,17.3531,-27.6859,-27.7654
1992.000000,15,23.3595,184.9620,17.2306,-26.8895,-26.9447
1992.000000,16,23.3595,185.3027,17.6080,-26.8527,-26.9294
1992.000000,17,23.3595,185.4634,17.4584,-27.1630,-27.2390
1992.000000,18,23.3595,185.6239,16.5245,-28.2574,-28.3111
1992.000000,19,23.3595,185.7843,14.3026,-30.6397,-30.6662
1992.000000,20,23.3595,184.8561,16.0365,-27.9777,-28.0136
1992.000000,21,23.3595,185.2000,15.6155,-28.7426,-28.7790
1992.000000,22,23.3595,185.3637,14.6497,-29.8720,-29.8967
1992.000000,23,23.3595,185.5272,11.9465,-32.7388,-32.7490
1992.000000,24,23.3595,185.6904,6.8231,-38.0253,-38.0277
1993.000000,0,23.4442,185.4509,5.7381,-38.8708,-38.8722
1993.000000,1,23.4442,185.6029,12.3898,-32.3712,-32.3827
1993.000000,2,23.4442,185.7552,15.6866,-29.2266,-29.2664
1993.000000,3,23.4442,185.9077,17.2821,-27.7837,-27.8611
1993.000000,4,23.4442,186.0604,17.8144,-27.4041,-27.5079
1993.000000,5,23.4442,185.3381,12.9953,-31.5008,-31.5149
1993.000000,6,23.4442,185.4932,16.2855,-28.3657,-28.4123
1993.000000,7,23.4442,185.6485,17.7069,-27.0997,-27.1896
1993.000000,8,23.4442,185.8039,17.8731,-27.0888,-27.2089
1993.000000,9,23.4442,185.9594,17.8248,-27.2926,-27.4118
1993.000000,10,23.4442,185.2276,15.8327,-28.5529,-28.5932
1993.000000,11,23.4442,185.3859,17.5632,-26.9808,-27.0616
1993.000000,12,23.4442,185.5443,17.7847,-26.9176,-27.0277
1993.000000,13,23.4442,185.7026,17.8426,-27.0180,-27.1263
1993.000000,14,23.4442,185.8608,17.3557,-27.6631,-27.7432
1993.000000,15,23.4442,184.9398,17.1335,-26.9643,-27.0161
1993.000000,16,23.4442,185.2813,17.5640,-26.8753,-26.9486
1993.000000,17,23.4442,185.4427,17.3938,-27.2069,-27.2808
1993.000000,18,23.4442,185.6039,16.5151,-28.2468,-28.2996
1993.000000,19,23.4442,185.7649,14.2959,-30.6271,-30.6535
1993.000000,20,23.4442,184.8347,15.8510,-28.1418,-28.1748
1993.000000,21,23.4442,185.1794,15.4036,-28.9338,-28.9679
1993.000000,22,23.4442,185.3438,14.5082,-29.9937,-30.0171
1993.000000,23,23.4442,185.5080,11.8653,-32.8007,-32.8105
1993.000000,24,23.4442,185.6718,6.8112,-38.0186,-38.0209
1994.000000,0,23.5284,185.4266,5.5545,-39.0302,-39.0314
1994.000000,1,23.5284,185.5794,12.2882,-32.4493,-32.4603
1994.000000,2,23.5284,185.7325,15.6479,-29.2426,-29.2815
1994.000000,3,23.5284,185.8857,17.2411,-27.8026,-27.8794
1994.000000,4,23.5284,186.0391,17.8298,-27.3673,-27.4715
1994.000000,5,23.5284,185.3145,12.8610,-31.6115,-31.6250
1994.000000,6,23.5284,185.4704,16.2117,-28.4168,-28.4621
1994.000000,7,23.5284,185.6265,17.6863,-27.0982,-27.1867
1994.000000,8,23.5284,185.7826,17.8693,-27.0713,-27.1909
1994.000000,9,23.5284,185.9387,17.7986,-27.2982,-27.4183
1994.000000,10,23.5284,185.2048,15.7249,-28.6380,-28.6763
1994.000000,11,23.5284,185.3639,17.5111,-27.0108,-27.0889
1994.000000,12,23.5284,185.5230,17.7855,-26.8955,-27.0035
1994.000000,13,23.5284,185.6820,17.8593,-26.9807,-27.0882
1994.000000,14,23.5284,185.8409,17.3527,-27.6463,-27.7268
1994.000000,15,23.5284,184.9177,17.0268,-27.0489,-27.0975
1994.000000,16,23.5284,185.2600,17.5126,-26.9054,-26.9754
1994.000000,17,23.5284,185.4221,17.3211,-27.2591,-27.3307
1994.000000,18,23.5284,185.5841,16.4994,-28.2427,-28.2946
1994.000000,19,23.5284,185.7458,14.3414,-30.5624,-30.5887
1994.000000,20,23.5284,184.8135,15.6536,-28.3179,-28.3483
1994.000000,21,23.5284,185.1589,15.1974,-29.1196,-29.1514
1994.000000,22,23.5284,185.3241,14.3577,-30.1245,-30.1466
1994.000000,23,23.5284,185.4890,11.7781,-32.8689,-32.8783
1994.000000,24,23.5284,185.6535,6.7960,-38.0155,-38.0177
1995.000000,0,23.6120,185.4025,5.3638,-39.1968,-39.1980
1995.000000,1,23.6120,185.5561,12.1802,-32.5339,-32.5445
1995.000000,2,23.6120,185.7099,15.6034,-29.2645,-29.3024
1995.000000,3,23.6120,185.8638,17.1951,-27.8268,-27.9028
1995.000000,4,23.6120,186.0179,17.8408,-27.3351,-27.4396
1995.000000,5,23.6120,185.2911,12.7186,-31.7305,-31.7434
1995.000000,6,23.6120,185.4478,16.1317,-28.4741,-28.5181
1995.000000,7,23.6120,185.6046,17.6606,-27.1020,-27.1889
1995.000000,8,23.6120,185.7614,17.8604,-27.0590,-27.1780
1995.000000,9,23.6120,185.9183,17.7936,-27.2827,-27.4036
1995.000000,10,23.6120,185.1821,15.6082,-28.7320,-28.7684
1995.000000,11,23.6120,185.3420,17.4524,-27.0476,-27.1230
1995.000000,12,23.6120,185.5018,17.8110,-26.8489,-26.9545
1995.000000,13,23.6120,185.6616,17.8693,-26.9503,-27.0569
1995.000000,14,23.6120,185.8212,17.3440,-27.6353,-27.7162
1995.000000,15,23.6120,184.8959,16.9104,-27.1436,-27.1890
1995.000000,16,23.6120,185.2389,17.4538,-26.9432,-27.0098
1995.000000,17,23.6120,185.4018,17.2403,-27.3195,-27.3889
1995.000000,18,23.6120,185.5644,16.4774,-28.2451,-28.2960
1995.000000,19,23.6120,185.7268,14.3819,-30.5029,-30.5292
1995.000000,20,23.6120,184.7925,15.4442,-28.5064,-28.5343
1995.000000,21,23.6120,184.9587,15.0139,-29.1029,-29.1337
1995.000000,22,23.6120,185.3046,14.1982,-30.2645,-30.2854
1995.000000,23,23.6120,185.4702,11.6847,-32.9435,-32.9525
1995.000000,24,23.6120,185.6353,6.7774,-38.0159,-38.0181
1996.000000,0,23.6950,185.3786,5.1659,-39.3708,-39.3719
1996.000000,1,23.6950,185.5330,12.0659,-32.6251,-32.6352
1996.000000,2,23.6950,185.6875,15.5532,-29.2923,-29.3293
1996.000000,3,23.6950,185.8422,17.1440,-27.8562,-27.9313
1996.000000,4,23.6950,185.9969,17.8473,-27.3077,-27.4122
1996.000000,5,23.6950,185.2679,12.5679,-31.8580,-31.8703
1996.000000,6,23.6950,185.4254,16.0456,-28.5378,-28.5804
1996.000000,7,23.6950,185.5829,17.6299,-27.1111,-27.1964
1996.000000,8,23.6950,185.7405,17.8466,-27.0519,-27.1701
1996.000000,9,23.6950,185.8980,17.7974,-27.2586,-27.3802
1996.000000,10,23.6950,185.1597,15.4825,-28.8352,-28.8697
1996.000000,11,23.6950,185.3204,17.3871,-27.0913,-27.1640
1996.000000,12,23.6950,185.4809,17.8357,-26.8033,-26.9065
1996.000000,13,23.6950,185.6414,17.8725,-26.9269,-27.0325
1996.000000,14,23.6950,185.8017,17.3296,-27.6301,-27.7115
1996.000000,15,23.6950,184.8743,16.7840,-27.2483,-27.2908
1996.000000,16,23.6950,185.2181,17.3876,-26.9886,-27.0518
1996.000000,17,23.6950,185.3817,17.1515,-27.3882,-27.4554
1996.000000,18,23.6950,185.5450,16.4491,-28.2540,-28.3039
1996.000000,19,23.6950,185.7081,14.4175,-30.4487,-30.4748
1996.000000,20,23.6950,184.7717,15.2223,-28.7075,-28.7332
1996.000000,21,23.6950,184.9387,14.8199,-29.2769,-29.3056
1996.000000,22,23.6950,185.2854,14.0296,-30.4138,-30.4335
1996.000000,23,23.6950,185.4516,11.5853,-33.0243,-33.0330
1996.000000,24,23.6950,185.6174,6.7557,-38.0197,-38.0218
1997.000000,0,23.7774,185.3549,4.9607,-39.5522,-39.5532
1997.000000,1,23.7774,185.5100,11.9454,-32.7227,-32.7323
1997.000000,2,23.7774,185.6653,15.4973,-29.3261,-29.3620
1997.000000,3,23.7774,185.8207,17.1161,-27.8626,-27.9368
1997.000000,4,23.7774,185.9761,17.8493,-27.2849,-27.3894
1997.000000,5,23.7774,185.2449,12.4087,-31.9942,-32.0059
1997.000000,6,23.7774,185.4032,15.9533,-28.6079,-28.6490
1997.000000,7,23.7774,185.5614,17.5941,-27.1254,-27.2089
1997.000000,8,23.7774,185.7197,17.8278,-27.0499,-27.1672
1997.000000,9,23.7774,185.8779,17.8150,-27.2209,-27.3431
1997.000000,10,23.7774,184.9575,15.3477,-28.7678,-28.8018
1997.000000,11,23.7774,185.2989,17.3285,-27.1285,-27.1984
1997.000000,12,23.7774,185.4602,17.8542,-26.7641,-26.8648
1997.000000,13,23.7774,185.6214,17.8691,-26.9103,-27.0148
1997.000000,14,23.7774,185.7823,17.3095,-27.6308,-27.7125
1997.000000,15,23.7774,184.8529,16.6475,-27.3635,-27.4030
1997.000000,16,23.7774,185.1975,17.3139,-27.0416,-27.1015
1997.000000,17,23.7774,185.3618,17.0545,-27.4653,-27.5302
1997.000000,18,23.7774,185.5259,16.4146,-28.2693,-28.3183
1997.000000,19,23.7774,185.6896,14.4481,-30.3995,-30.4255
1997.000000,20,23.7774,184.7512,14.9877,-28.9216,-28.9453
1997.000000,21,23.7774,184.9190,14.6151,-29.4619,-29.4885
1997.000000,22,23.7774,185.2663,13.8519,-30.5725,-30.5912
1997.000000,23,23.7774,185.4333,11.4799,-33.1114,-33.1197
1997.000000,24,23.7774,185.5998,6.7309,-38.0269,-38.0289
1998.000000,0,23.8592,185.3313,4.7482,-39.7412,-39.7422
1998.000000,1,23.8592,185.4872,11.8185,-32.8268,-32.8360
1998.000000,2,23.8592,185.6433,15.4357,-29.3656,-29.4005
1998.000000,3,23.8592,185.7993,17.1128,-27.8446,-27.9176
1998.000000,4,23.8592,185.9555,17.8468,-27.2667,-27.3710
1998.000000,5,23.8592,185.2221,12.2407,-32.1394,-32.1505
1998.000000,6,23.8592,185.3811,15.8548,-28.6844,-28.7240
1998.000000,7,23.8592,185.5402,17.5533,-27.1449,-27.2266
1998.000000,8,23.8592,185.6991,17.8087,-27.0485,-27.1647
1998.000000,9,23.8592,185.8580,17.8335,-27.1825,-27.3050
1998.000000,10,23.8592,184.9355,15.2036,-28.8900,-28.9221
1998.000000,11,23.8592,185.2777,17.2890,-27.1468,-27.2138
1998.000000,12,23.8592,185.4397,17.8665,-26.7313,-26.8293
1998.000000,13,23.8592,185.6016,17.8591,-26.9005,-27.0038
1998.000000,14,23.8592,185.7632,17.3454,-27.5758,-27.6577
1998.000000,15,23.8592,184.8317,16.5006,-27.4892,-27.5260
1998.000000,16,23.8592,185.1771,17.2329,-27.1022,-27.1589
1998.000000,17,23.8592,185.3421,16.9493,-27.5509,-27.6134
1998.000000,18,23.8592,185.5069,16.3739,-28.2911,-28.3390
1998.000000,19,23.8592,185.6713,14.4740,-30.3553,-30.3812
1998.000000,20,23.8592,184.7310,14.7399,-29.1491,-29.1710
1998.000000,21,23.8592,184.8995,14.3993,-29.6582,-29.6828
1998.000000,22,23.8592,185.2475,13.6647,-30.7409,-30.7584
1998.000000,23,23.8592,185.4152,11.3685,-33.2047,-33.2126
1998.000000,24,23.8592,185.5823,6.7031,-38.0372,-38.0392
1999.000000,0,23.9404,185.3080,4.5282,-39.9379,-39.9388
1999.000000,1,23.9404,185.4647,11.6853,-32.9375,-32.9462
1999.000000,2,23.9404,185.6214,15.3685,-29.4110,-29.4448
1999.000000,3,23.9404,185.7782,17.1043,-27.8320,-27.9039
1999.000000,4,23.9404,185.9350,17.8399,-27.2531,-27.3572
1999.000000,5,23.9404,185.1995,12.0637,-32.2938,-32.3044
1999.000000,6,23.9404,185.3593,15.7500,-28.7674,-28.8055
1999.000000,7,23.9404,185.5191,17.5075,-27.1696,-27.2494
1999.000000,8,23.9404,185.6788,17.8183,-27.0185,-27.1335
1999.000000,9,23.9404,185.8383,17.8463,-27.1500,-27.2727
1999.000000,10,23.9404,184.9137,15.0498,-29.0220,-29.0523
1999.000000,11,23.9404,185.2567,17.2425,-27.1722,-27.2364
1999.000000,12,23.9404,185.4195,17.8728,-26.7047,-26.8001
1999.000000,13,23.9404,185.5820,17.8425,-26.8975,-26.9995
1999.000000,14,23.9404,185.7443,17.3873,-27.5151,-27.5969
1999.000000,15,23.9404,184.8108,16.3431,-27.6257,-27.6600
1999.000000,16,23.9404,185.1569,17.1445,-27.1705,-27.2240
1999.000000,17,23.9404,185.3227,16.8692,-27.6115,-27.6717
1999.000000,18,23.9404,185.4881,16.3270,-28.3192,-28.3660
1999.000000,19,23.9404,185.6532,14.4951,-30.3161,-30.3418
1999.000000,20,23.9404,184.7109,14.4786,-29.3904,-29.4108
1999.000000,21,23.9404,184.8802,14.1723,-29.8659,-29.8887
1999.000000,22,23.9404,185.2290,13.4681,-30.9189,-30.9354
1999.000000,23,23.9404,185.3973,11.2511,-33.3042,-33.3118
1999.000000,24,23.9404,185.5651,6.6724,-38.0507,-38.0526
2000.000000,0,24.0209,185.2848,4.3005,-40.1424,-40.1432
2000.000000,1,24.0209,185.4423,11.5457,-33.0546,-33.0630
2000.000000,2,24.0209,185.5998,15.2957,-29.4622,-29.4949
2000.000000,3,24.0209,185.7573,17.0905,-27.8248,-27.8955
2000.000000,4,24.0209,185.9148,17.8286,-27.2442,-27.3478
2000.000000,5,24.0209,185.1771,11.8774,-32.4578,-32.4677
2000.000000,6,24.0209,185.3377,15.6389,-28.8568,-28.8935
2000.000000,7,24.0209,185.4982,17.4568,-27.1994,-27.2773
2000.000000,8,24.0209,185.6586,17.8237,-26.9930,-27.1066
2000.000000,9,24.0209,185.8188,17.8534,-27.1234,-27.2463
2000.000000,10,24.0209,184.8921,14.9137,-29.1364,-29.1649
2000.000000,11,24.0209,185.2359,17.1890,-27.2049,-27.2662
2000.000000,12,24.0209,185.3994,17.8731,-26.6843,-26.7770
2000.000000,13,24.0209,185.5626,17.8194,-26.9012,-27.0019
2000.000000,14,24.0209,185.7256,17.4234,-27.4602,-27.5421
2000.000000,15,24.0209,184.7901,16.1749,-27.7733,-27.8052
2000.000000,16,24.0209,184.9570,17.0485,-27.0664,-27.1190
2000.000000,17,24.0209,185.3035,16.7943,-27.6672,-27.7250
2000.000000,18,24.0209,185.4696,16.2740,-28.3536,-28.3994
2000.000000,19,24.0209,185.6353,14.5116,-30.2818,-30.3073
2000.000000,20,24.0209,184.6912,14.2032,-29.6459,-29.6650
2000.000000,21,24.0209,184.8611,13.9338,-30.0854,-30.1064
2000.000000,22,24.0209,185.2107,13.2618,-31.1069,-31.1224
2000.000000,23,24.0209,185.3796,11.1278,-33.4099,-33.4171
2000.000000,24,24.0209,185.5481,6.6389,-38.0672,-38.0690
2001.000000,0,24.1008,185.2619,4.0650,-40.3549,-40.3556
2001.000000,1,24.1008,185.4201,11.3998,-33.1784,-33.1863
2001.000000,2,24.1008,185.5783,15.2173,-29.5191,-29.5508
2001.000000,3,24.1008,185.7366,17.0715,-27.8231,-27.8924
2001.000000,4,24.1008,185.8947,17.8129,-27.2398,-27.3429
2001.000000,5,24.1008,185.1549,11.6815,-32.6315,-32.6409
2001.000000,6,24.1008,185.3163,15.5215,-28.9528,-28.9880
2001.000000,7,24.1008,185.4775,17.4012,-27.2344,-27.3103
2001.000000,8,24.1008,185.6386,17.8248,-26.9718,-27.0840
2001.000000,9,24.1008,185.7995,17.8549,-27.1026,-27.2255
2001.000000,10,24.1008,184.8708,14.7927,-29.2361,-29.2628
2001.000000,11,24.1008,185.2153,17.1286,-27.2448,-27.3032
2001.000000,12,24.1008,185.3795,17.8675,-26.6700,-26.7599
2001.000000,13,24.1008,185.5435,17.7899,-26.9116,-27.0108
2001.000000,14,24.1008,185.7071,17.4539,-27.4112,-27.4930
2001.000000,15,24.1008,184.7696,15.9955,-27.9321,-27.9619
2001.000000,16,24.1008,184.9372,16.9452,-27.1501,-27.1996
2001.000000,17,24.1008,185.2845,16.7128,-27.7297,-27.7852
2001.000000,18,24.1008,185.4513,16.2149,-28.3944,-28.4391
2001.000000,19,24.1008,185.6176,14.5234,-30.2523,-30.2776
2001.000000,20,24.1008,184.6716,13.9134,-29.9162,-29.9342
2001.000000,21,24.1008,184.8424,13.6835,-30.3169,-30.3363
2001.000000,22,24.1008,185.1926,13.0457,-31.3049,-31.3194
2001.000000,23,24.1008,185.3622,10.9985,-33.5217,-33.5286
2001.000000,24,24.1008,185.5313,6.6027,-38.0866,-38.0884
2002.000000,0,24.1800,185.2391,3.8216,-40.5755,-40.5762
2002.000000,1,24.1800,185.3981,11.2475,-33.3087,-33.3162
2002.000000,2,24.1800,185.5571,15.1333,-29.5818,-29.6123
2002.000000,3,24.1800,185.7160,17.0474,-27.8267,-27.8946
2002.000000,4,24.1800,185.8748,17.7929,-27.2400,-27.3425
2002.000000,5,24.1800,184.9530,11.4757,-32.6353,-32.6445
2002.000000,6,24.1800,185.2951,15.3978,-29.0554,-29.0891
2002.000000,7,24.1800,185.4571,17.3406,-27.2745,-27.3483
2002.000000,8,24.1800,185.6189,17.8218,-26.9551,-27.0657
2002.000000,9,24.1800,185.7804,17.8508,-27.0876,-27.2104
2002.000000,10,24.1800,184.8497,14.6624,-29.3453,-29.3704
2002.000000,11,24.1800,185.1949,17.0611,-27.2918,-27.3475
2002.000000,12,24.1800,185.3599,17.8561,-26.6618,-26.7489
2002.000000,13,24.1800,185.5245,17.7672,-26.9154,-27.0131
2002.000000,14,24.1800,185.6888,17.4788,-27.3681,-27.4497
2002.000000,15,24.1800,184.7494,15.8048,-28.1027,-28.1304
2002.000000,16,24.1800,184.9178,16.8343,-27.2415,-27.2880
2002.000000,17,24.1800,185.2657,16.6245,-27.7993,-27.8524
2002.000000,18,24.1800,185.4332,16.1498,-28.4415,-28.4850
2002.000000,19,24.1800,185.6002,14.5308,-30.2275,-30.2526
2002.000000,20,24.1800,184.6523,13.6085,-30.2018,-30.2189
2002.000000,21,24.1800,184.8238,13.4211,-30.5607,-30.5786
2002.000000,22,24.1800,185.1747,12.8196,-31.5132,-31.5268
2002.000000,23,24.1800,185.3450,10.8634,-33.6397,-33.6462
2002.000000,24,24.1800,185.5147,6.5639,-38.1089,-38.1107
2003.000000,0,24.2584,185.2165,3.5700,-40.8046,-40.8052
2003.000000,1,24.2584,185.3763,11.0888,-33.4456,-33.4527
2003.000000,2,24.2584,185.5361,15.0439,-29.6502,-29.6796
2003.000000,3,24.2584,185.6957,17.0181,-27.8356,-27.9020
2003.000000,4,24.2584,185.8552,17.7685,-27.2447,-27.3464
2003.000000,5,24.2584,184.9312,11.2596,-32.8297,-32.8383
2003.000000,6,24.2584,185.2741,15.2676,-29.1646,-29.1968
2003.000000,7,24.2584,185.4368,17.2752,-27.3197,-27.3913
2003.000000,8,24.2584,185.5993,17.8240,-26.9333,-27.0422
2003.000000,9,24.2584,185.7615,17.8411,-27.0784,-27.2010
2003.000000,10,24.2584,184.8288,14.5224,-29.4644,-29.4878
2003.000000,11,24.2584,185.1748,16.9867,-27.3461,-27.3990
2003.000000,12,24.2584,185.3405,17.8389,-26.6596,-26.7438
2003.000000,13,24.2584,185.5058,17.7676,-26.8963,-26.9922
2003.000000,14,24.2584,185.6708,17.4982,-27.3306,-27.4121
2003.000000,15,24.2584,184.7294,15.6023,-28.2851,-28.3112
2003.000000,16,24.2584,184.8985,16.7159,-27.3407,-27.3842
2003.000000,17,24.2584,185.2472,16.5295,-27.8757,-27.9265
2003.000000,18,24.2584,185.4154,16.0786,-28.4948,-28.5373
2003.000000,19,24.2584,185.5830,14.5337,-30.2074,-30.2323
2003.000000,20,24.2584,184.6333,13.2880,-30.5034,-30.5198
2003.000000,21,24.2584,184.8055,13.1463,-30.8173,-30.8338
2003.000000,22,24.2584,185.1571,12.5832,-31.7319,-31.7446
2003.000000,23,24.2584,185.3281,10.7224,-33.7637,-33.7699
2003.000000,24,24.2584,185.4984,6.5225,-38.1340,-38.1357
2004.000000,0,24.3362,185.1942,3.3101,-41.0422,-41.0428
2004.000000,1,24.3362,185.3547,10.9237,-33.5891,-33.5958
2004.000000,2,24.3362,185.5152,14.9490,-29.7242,-29.7525
2004.000000,3,24.3362,185.6755,16.9838,-27.8498,-27.9146
2004.000000,4,24.3362,185.8357,17.7398,-27.2540,-27.3547
2004.000000,5,24.3362,184.9097,11.0329,-33.0349,-33.0430
2004.000000,6,24.3362,185.2533,15.1309,-29.2805,-29.3112
2004.000000,7,24.3362,185.4168,17.2050,-27.3699,-27.4394
2004.000000,8,24.3362,185.5800,17.8334,-26.9046,-27.0117
2004.000000,9,24.3362,185.7428,17.8260,-27.0749,-27.1972
2004.000000,10,24.3362,184.8081,14.3726,-29.5935,-29.6155
2004.000000,11,24.3362,184.9749,16.9054,-27.2276,-27.2798
2004.000000,12,24.3362,185.3213,17.8160,-26.6634,-26.7446
2004.000000,13,24.3362,185.4873,17.7625,-26.8829,-26.9771
2004.000000,14,24.3362,185.6529,17.5121,-27.2988,-27.3801
2004.000000,15,24.3362,184.7097,15.3878,-28.4799,-28.5044
2004.000000,16,24.3362,184.8795,16.5899,-27.4477,-27.4884
2004.000000,17,24.3362,185.2289,16.4278,-27.9591,-28.0076
2004.000000,18,24.3362,185.3977,16.0014,-28.5544,-28.5957
2004.000000,19,24.3362,185.5660,14.5322,-30.1919,-30.2166
2004.000000,20,24.3362,184.6145,12.9511,-30.8215,-30.8375
2004.000000,21,24.3362,184.7875,12.8931,-31.0524,-31.0677
2004.000000,22,24.3362,184.9598,12.3364,-31.7814,-31.7938
2004.000000,23,24.3362,185.3114,10.5756,-33.8938,-33.8997
2004.000000,24,24.3362,185.4824,6.4787,-38.1617,-38.1634
2005.000000,0,24.4132,185.1721,3.0415,-41.2886,-41.2892
2005.000000,1,24.4132,185.3334,10.7521,-33.7393,-33.7456
2005.000000,2,24.4132,185.4946,14.8487,-29.8039,-29.8311
2005.000000,3,24.4132,185.6556,16.9445,-27.8692,-27.9324
2005.000000,4,24.4132,185.8164,17.7068,-27.2677,-27.3675
2005.000000,5,24.4132,184.8884,10.7950,-33.2514,-33.2590
2005.000000,6,24.4132,185.2328,14.9877,-29.4032,-29.4325
2005.000000,7,24.4132,185.3970,17.1299,-27.4251,-27.4924
2005.000000,8,24.4132,185.5608,17.8378,-26.8810,-26.9862
2005.000000,9,24.4132,185.7244,17.8304,-27.0520,-27.1738
2005.000000,10,24.4132,184.7877,14.2128,-29.7329,-29.7535
2005.000000,11,24.4132,184.9552,16.8170,-27.2962,-27.3457
2005.000000,12,24.4132,185.3023,17.7874,-26.6729,-26.7513
2005.000000,13,24.4132,185.4690,17.7519,-26.8752,-26.9676
2005.000000,14,24.4132,185.6353,17.5207,-27.2727,-27.3536
2005.000000,15,24.4132,184.6902,15.1608,-28.6874,-28.7106
2005.000000,16,24.4132,184.8608,16.4563,-27.5625,-27.6006
2005.000000,17,24.4132,185.2108,16.3195,-28.0494,-28.0957
2005.000000,18,24.4132,185.3804,15.9181,-28.6203,-28.6605
2005.000000,19,24.4132,185.5493,14.5263,-30.1810,-30.2055
2005.000000,20,24.4132,184.5960,12.5971,-31.1570,-31.1727
2005.000000,21,24.4132,184.7697,12.6642,-31.2634,-31.2776
2005.000000,22,24.4132,184.9427,12.0789,-32.0218,-32.0334
2005.000000,23,24.4132,185.2949,10.4229,-34.0300,-34.0356
2005.000000,24,24.4132,185.4665,6.4325,-38.1921,-38.1937
2006.000000,0,24.4895,184.9701,2.7640,-41.3642,-41.3647
2006.000000,1,24.4895,185.3122,10.5741,-33.8961,-33.9020
2006.000000,2,24.4895,185.4741,14.7429,-29.8892,-29.9153
2006.000000,3,24.4895,185.6359,16.9002,-27.8937,-27.9554
2006.000000,4,24.4895,185.7974,17.6695,-27.2859,-27.3845
2006.000000,5,24.4895,184.8673,10.5456,-33.4797,-33.4869
2006.000000,6,24.4895,185.2125,14.8378,-29.5327,-29.5605
2006.000000,7,24.4895,185.3774,17.0501,-27.4853,-27.5504
2006.000000,8,24.4895,185.5419,17.8375,-26.8625,-26.9657
2006.000000,9,24.4895,185.7061,17.8479,-27.0163,-27.1374
2006.000000,10,24.4895,184.7675,14.0426,-29.8829,-29.9022
2006.000000,11,24.4895,184.9358,16.7216,-27.3722,-27.4189
2006.000000,12,24.4895,185.2836,17.7533,-26.6883,-26.7638
2006.000000,13,24.4895,185.4510,17.7359,-26.8732,-26.9637
2006.000000,14,24.4895,185.6179,17.5239,-27.2520,-27.3326
2006.000000,15,24.4895,184.6709,14.9209,-28.9080,-28.9302
2006.000000,16,24.4895,184.8422,16.3151,-27.6852,-27.7208
2006.000000,17,24.4895,185.1930,16.2044,-28.1467,-28.1908
2006.000000,18,24.4895,185.3632,15.8289,-28.6923,-28.7314
2006.000000,19,24.4895,185.5328,14.5163,-30.1745,-30.1988
2006.000000,20,24.4895,184.5777,12.2251,-31.5106,-31.5263
2006.000000,21,24.4895,184.7521,12.4263,-31.4839,-31.4969
2006.000000,22,24.4895,184.9258,11.8104,-32.2735,-32.2843
2006.000000,23,24.4895,185.2787,10.2645,-34.1723,-34.1776
2006.000000,24,24.4895,185.4509,6.3840,-38.2250,-38.2266
2007.000000,0,24.5651,184.9484,2.4772,-41.6292,-41.6297
2007.000000,1,24.5651,185.2913,10.3896,-34.0597,-34.0652
2007.000000,2,24.5651,185.4539,14.6318,-29.9801,-30.0050
2007.000000,3,24.5651,185.6163,16.8510,-27.9234,-27.9834
2007.000000,4,24.5651,185.7785,17.6424,-27.2941,-27.3915
2007.000000,5,24.5651,184.8464,10.2841,-33.7203,-33.7271
2007.000000,6,24.5651,185.1924,14.6814,-29.6690,-29.6955
2007.000000,7,24.5651,185.3580,16.9656,-27.5504,-27.6133
2007.000000,8,24.5651,185.5232,17.8324,-26.8489,-26.9500
2007.000000,9,24.5651,185.6881,17.8605,-26.9856,-27.1060
2007.000000,10,24.5651,184.7475,13.8619,-30.0437,-30.0619
2007.000000,11,24.5651,184.9165,16.6192,-27.4553,-27.4995
2007.000000,12,24.5651,185.2651,17.7137,-26.7094,-26.7820
2007.000000,13,24.5651,185.4332,17.7145,-26.8767,-26.9653
2007.000000,14,24.5651,185.6007,17.5219,-27.2369,-27.3170
2007.000000,15,24.5651,184.6519,14.6677,-29.1422,-29.1636
2007.000000,16,24.5651,184.8240,16.1662,-27.8158,-27.8491
2007.000000,17,24.5651,185.1755,16.0826,-28.2509,-28.2929
2007.000000,18,24.5651,185.3463,15.7337,-28.7706,-28.8086
2007.000000,19,24.5651,185.5165,14.5020,-30.1725,-30.1966
2007.000000,20,24.5651,184.5597,12.3474,-31.3704,-31.3859
2007.000000,21,24.5651,184.7348,12.1790,-31.7139,-31.7260
2007.000000,22,24.5651,184.9092,11.5305,-32.5367,-32.5468
2007.000000,23,24.5651,185.2628,10.1002,-34.3206,-34.3257
2007.000000,24,24.5651,185.4356,6.3332,-38.2604,-38.2619
2008.000000,0,24.6398,184.9269,2.1809,-41.9040,-41.9044
2008.000000,1,24.6398,185.2705,10.1986,-34.2300,-34.2351
2008.000000,2,24.6398,185.4339,14.5154,-30.0765,-30.1003
2008.000000,3,24.6398,185.5970,16.7970,-27.9581,-28.0164
2008.000000,4,24.6398,185.7599,17.6474,-27.2705,-27.3665
2008.000000,5,24.6398,184.8258,10.0100,-33.9738,-33.9802
2008.000000,6,24.6398,185.1725,14.5182,-29.8123,-29.8374
2008.000000,7,24.6398,185.3388,16.8764,-27.6205,-27.6811
2008.000000,8,24.6398,185.5048,17.8226,-26.8402,-26.9391
2008.000000,9,24.6398,185.6703,17.8684,-26.9599,-27.0795
2008.000000,10,24.6398,184.7278,13.6702,-30.2156,-30.2329
2008.000000,11,24.6398,184.8976,16.5098,-27.5458,-27.5874
2008.000000,12,24.6398,185.2468,17.6687,-26.7362,-26.8059
2008.000000,13,24.6398,185.4156,17.6878,-26.8858,-26.9724
2008.000000,14,24.6398,185.5837,17.5147,-27.2271,-27.3068
2008.000000,15,24.6398,184.6332,14.4007,-29.3905,-29.4114
2008.000000,16,24.6398,184.8060,16.0096,-27.9544,-27.9856
2008.000000,17,24.6398,185.1581,15.9541,-28.3620,-28.4020
2008.000000,18,24.6398,185.3296,15.6326,-28.8551,-28.8919
2008.000000,19,24.6398,185.5004,14.4836,-30.1749,-30.1987
2008.000000,20,24.6398,184.5420,12.5911,-31.1089,-31.1243
2008.000000,21,24.6398,184.7178,11.9224,-31.9535,-31.9648
2008.000000,22,24.6398,184.8929,11.2391,-32.8118,-32.8212
2008.000000,23,24.6398,185.2471,9.9301,-34.4750,-34.4798
2008.000000,24,24.6398,185.4205,6.2804,-38.2981,-38.2996
2009.000000,0,24.7138,184.9056,1.8747,-42.1890,-42.1894
2009.000000,1,24.7138,185.2500,10.0010,-34.4070,-34.4118
2009.000000,2,24.7138,185.4141,14.3937,-30.1784,-30.2012
2009.000000,3,24.7138,185.5779,16.7381,-27.9979,-28.0544
2009.000000,4,24.7138,185.7414,17.6476,-27.2518,-27.3463
2009.000000,5,24.7138,184.8054,9.7226,-34.2409,-34.2469
2009.000000,6,24.7138,184.9728,14.3482,-29.7827,-29.8074
2009.000000,7,24.7138,185.3199,16.7850,-27.6929,-27.7513
2009.000000,8,24.7138,185.4865,17.8082,-26.8363,-26.9331
2009.000000,9,24.7138,185.6527,17.8715,-26.9392,-27.0578
2009.000000,10,24.7138,184.7083,13.4673,-30.3991,-30.4155
2009.000000,11,24.7138,184.8788,16.3934,-27.6435,-27.6827
2009.000000,12,24.7138,185.2288,17.6183,-26.7686,-26.8354
2009.000000,13,24.7138,185.3982,17.6560,-26.9003,-26.9849
2009.000000,14,24.7138,185.5670,17.5023,-27.2227,-27.3019
2009.000000,15,24.7138,184.6147,14.1191,-29.6536,-29.6741
2009.000000,16,24.7138,184.7882,15.8451,-28.1011,-28.1303
2009.000000,17,24.7138,184.9610,15.8518,-28.2673,-28.3068
2009.000000,18,24.7138,185.3132,15.5255,-28.9457,-28.9815
2009.000000,19,24.7138,185.4846,14.4611,-30.1816,-30.2051
2009.000000,20,24.7138,184.5246,12.8117,-30.8709,-30.8864
2009.000000,21,24.7138,184.7011,11.6562,-32.2029,-32.2135
2009.000000,22,24.7138,184.8768,10.9356,-33.0992,-33.1080
2009.000000,23,24.7138,185.2316,9.7543,-34.6354,-34.6399
2009.000000,24,24.7138,185.4056,6.2255,-38.3382,-38.3397
2010.000000,0,24.7869,184.8846,1.5581,-42.4846,-42.4849
2010.000000,1,24.7869,185.2297,9.7969,-34.5909,-34.5953
2010.000000,2,24.7869,185.3945,14.2668,-30.2858,-30.3074
2010.000000,3,24.7869,185.5590,16.6745,-28.0426,-28.0974
2010.000000,4,24.7869,185.7232,17.6432,-27.2380,-27.3309
2010.000000,5,24.7869,184.7852,9.4211,-34.5221,-34.5278
2010.000000,6,24.7869,184.9534,14.1714,-29.9401,-29.9635
2010.000000,7,24.7869,185.3012,16.7068,-27.7524,-27.8085
2010.000000,8,24.7869,185.4685,17.7893,-26.8372,-26.9317
2010.000000,9,24.7869,185.6353,17.8699,-26.9234,-27.0410
2010.000000,10,24.7869,184.6891,13.2528,-30.5944,-30.6101
2010.000000,11,24.7869,184.8604,16.2698,-27.7486,-27.7855
2010.000000,12,24.7869,185.2110,17.5625,-26.8065,-26.8705
2010.000000,13,24.7869,185.3811,17.6190,-26.9202,-27.0028
2010.000000,14,24.7869,185.5505,17.4849,-27.2236,-27.3022
2010.000000,15,24.7869,184.5964,13.8226,-29.9319,-29.9524
2010.000000,16,24.7869,184.7707,15.6728,-28.2559,-28.2832
2010.000000,17,24.7869,184.9442,15.7641,-28.3381,-28.3755
2010.000000,18,24.7869,185.2970,15.4125,-29.0426,-29.0772
2010.000000,19,24.7869,185.4691,14.4346,-30.1925,-30.2157
2010.000000,20,24.7869,184.5074,13.0107,-30.6548,-30.6705
2010.000000,21,24.7869,184.6846,11.3804,-32.4622,-32.4722
2010.000000,22,24.7869,184.8609,10.6467,-33.3723,-33.3805
2010.000000,23,24.7869,185.2164,9.5726,-34.8018,-34.8061
2010.000000,24,24.7869,185.3910,6.1686,-38.3805,-38.3819
2011.000000,0,24.8592,184.8638,1.2305,-42.7913,-42.7916
2011.000000,1,24.8592,185.2096,9.5861,-34.7816,-34.7857
2011.000000,2,24.8592,185.3752,14.1346,-30.3986,-30.4192
2011.000000,3,24.8592,185.5404,16.6061,-28.0923,-28.1453
2011.000000,4,24.8592,185.7052,17.6341,-27.2291,-27.3202
2011.000000,5,24.8592,184.7653,9.1049,-34.8184,-34.8238
2011.000000,6,24.8592,184.9342,13.9876,-30.1047,-30.1268
2011.000000,7,24.8592,185.2827,16.6236,-27.8172,-27.8711
2011.000000,8,24.8592,185.4507,17.7659,-26.8428,-26.9349
2011.000000,9,24.8592,185.6181,17.8637,-26.9124,-27.0288
2011.000000,10,24.8592,184.6702,13.0262,-30.8019,-30.8172
2011.000000,11,24.8592,184.8421,16.1391,-27.8610,-27.8957
2011.000000,12,24.8592,185.1935,17.5016,-26.8499,-26.9111
2011.000000,13,24.8592,185.3642,17.5769,-26.9454,-27.0260
2011.000000,14,24.8592,185.5343,17.4625,-27.2298,-27.3078
2011.000000,15,24.8592,184.5785,13.5102,-30.2263,-30.2470
2011.000000,16,24.8592,184.7534,15.4926,-28.4188,-28.4445
2011.000000,17,24.8592,184.9276,15.6715,-28.4142,-28.4495
2011.000000,18,24.8592,185.2811,15.2935,-29.1456,-29.1792
2011.000000,19,24.8592,185.4537,14.4042,-30.2075,-30.2306
2011.000000,20,24.8592,184.4905,13.1893,-30.4592,-30.4754
2011.000000,21,24.8592,184.6684,11.0948,-32.7316,-32.7411
2011.000000,22,24.8592,184.8454,10.4106,-33.5928,-33.6004
2011.000000,23,24.8592,185.2015,9.3852,-34.9743,-34.9784
2011.000000,24,24.8592,185.3767,6.1098,-38.4249,-38.4263
2012.000000,0,24.9307,184.8432,0.8915,-43.1097,-43.1100
2012.000000,1,24.9307,185.1898,9.3686,-34.9792,-34.9830
2012.000000,2,24.9307,185.3561,13.9973,-30.5168,-30.5363
2012.000000,3,24.9307,185.5219,16.5331,-28.1468,-28.1980
2012.000000,4,24.9307,185.6874,17.6205,-27.2249,-27.3142
2012.000000,5,24.9307,184.7456,8.7820,-35.1217,-35.1268
2012.000000,6,24.9307,184.9153,13.7967,-30.2766,-30.2974
2012.000000,7,24.9307,185.2645,16.5353,-27.8872,-27.9388
2012.000000,8,24.9307,185.4331,17.7382,-26.8530,-26.9428
2012.000000,9,24.9307,185.6012,17.8530,-26.9062,-27.0214
2012.000000,10,24.9307,184.6514,12.7872,-31.0223,-31.0371
2012.000000,11,24.9307,184.8241,16.0013,-27.9808,-28.0135
2012.000000,12,24.9307,185.1762,17.4355,-26.8988,-26.9572
2012.000000,13,24.9307,185.3475,17.5331,-26.9725,-27.0510
2012.000000,14,24.9307,185.5182,17.4351,-27.2411,-27.3185
2012.000000,15,24.9307,184.5608,13.6172,-30.1016,-30.1223
2012.000000,16,24.9307,184.7364,15.3044,-28.5900,-28.6142
2012.000000,17,24.9307,184.9113,15.5741,-28.4953,-28.5287
2012.000000,18,24.9307,185.2654,15.1687,-29.2548,-29.2873
2012.000000,19,24.9307,185.4386,14.3699,-30.2268,-30.2495
2012.000000,20,24.9307,184.4738,13.3488,-30.2831,-30.2998
2012.000000,21,24.9307,184.6524,10.7992,-33.0112,-33.0204
2012.000000,22,24.9307,184.8301,10.1670,-33.8211,-33.8282
2012.000000,23,24.9307,185.1868,9.1920,-35.1528,-35.1567
2012.000000,24,24.9307,185.3626,6.0492,-38.4715,-38.4728
2013.000000,0,25.0013,184.8228,0.5404,-43.4404,-43.4407
2013.000000,1,25.0013,185.1702,9.1445,-35.1837,-35.1873
2013.000000,2,25.0013,185.3371,13.8549,-30.6403,-30.6588
2013.000000,3,25.0013,185.5037,16.4556,-28.2061,-28.2556
2013.000000,4,25.0013,185.6698,17.6024,-27.2254,-27.3129
2013.000000,5,25.0013,184.7262,8.5101,-35.3741,-35.3790
2013.000000,6,25.0013,184.8966,13.6239,-30.4307,-30.4503
2013.000000,7,25.0013,185.2465,16.4422,-27.9623,-28.0118
2013.000000,8,25.0013,185.4158,17.7061,-26.8677,-26.9551
2013.000000,9,25.0013,185.5845,17.8378,-26.9047,-27.0186
2013.000000,10,25.0013,184.6330,12.5352,-31.2559,-31.2705
2013.000000,11,25.0013,184.8064,15.8564,-28.1080,-28.1388
2013.000000,12,25.0013,184.9791,17.3642,-26.7729,-26.8311
2013.000000,13,25.0013,185.3311,17.5267,-26.9625,-27.0388
2013.000000,14,25.0013,185.5024,17.4029,-27.2576,-27.3343
2013.000000,15,25.0013,184.5434,13.9244,-29.7770,-29.7977
2013.000000,16,25.0013,184.7197,15.1082,-28.7696,-28.7924
2013.000000,17,25.0013,184.8953,15.4719,-28.5814,-28.6130
2013.000000,18,25.0013,185.2500,15.0379,-29.3701,-29.4015
2013.000000,19,25.0013,185.4238,14.3318,-30.2500,-30.2725
2013.000000,20,25.0013,184.4575,13.4902,-30.1253,-30.1427
2013.000000,21,25.0013,184.6368,10.4935,-33.3013,-33.3101
2013.000000,22,25.0013,184.8151,9.9158,-34.0573,-34.0639
2013.000000,23,25.0013,185.1724,8.9931,-35.3374,-35.3410
2013.000000,24,25.0013,185.3487,5.9868,-38.5200,-38.5213
2014.000000,0,25.0710,184.8027,0.1765,-43.7841,-43.7844
2014.000000,1,25.0710,184.9708,8.9135,-35.2153,-35.2187
2014.000000,2,25.0710,185.3185,13.7075,-30.7690,-30.7866
2014.000000,3,25.0710,185.4857,16.3735,-28.2702,-28.3179
2014.000000,4,25.0710,185.6524,17.5798,-27.2306,-27.3163
2014.000000,5,25.0710,184.7070,8.2252,-35.6399,-35.6446
2014.000000,6,25.0710,184.8781,13.4520,-30.5842,-30.6027
2014.000000,7,25.0710,185.2287,16.3441,-28.0426,-28.0899
2014.000000,8,25.0710,185.3987,17.6698,-26.8869,-26.9719
2014.000000,9,25.0710,185.5680,17.8182,-26.9079,-27.0203
2014.000000,10,25.0710,184.6148,12.2696,-31.5032,-31.5179
2014.000000,11,25.0710,184.7889,15.7042,-28.2427,-28.2717
2014.000000,12,25.0710,184.9623,17.2880,-26.8324,-26.8878
2014.000000,13,25.0710,185.3150,17.5162,-26.9568,-27.0310
2014.000000,14,25.0710,185.4869,17.3658,-27.2791,-27.3551
2014.000000,15,25.0710,184.5262,14.2105,-29.4737,-29.4948
2014.000000,16,25.0710,184.7033,14.9038,-28.9575,-28.9791
2014.000000,17,25.0710,184.8795,15.3650,-28.6725,-28.7023
2014.000000,18,25.0710,185.2348,14.9144,-29.4784,-29.5088
2014.000000,19,25.0710,185.4092,14.2900,-30.2773,-30.2995
2014.000000,20,25.0710,184.4414,13.6146,-29.9849,-30.0032
2014.000000,21,25.0710,184.6214,10.1775,-33.6020,-33.6106
2014.000000,22,25.0710,184.8003,9.6569,-34.3015,-34.3076
2014.000000,23,25.0710,185.1582,8.7883,-35.5280,-35.5314
2014.000000,24,25.0710,185.3352,5.9227,-38.5705,-38.5717
2015.000000,0,25.1399,184.7828,-0.2009,-44.1418,-44.1420
2015.000000,1,25.1399,184.9516,8.6758,-35.4339,-35.4371
2015.000000,2,25.1399,185.3000,13.5551,-30.9030,-30.9196
2015.000000,3,25.1399,185.4679,16.2869,-28.3390,-28.3849
2015.000000,4,25.1399,185.6353,17.5528,-27.2405,-27.3242
2015.000000,5,25.1399,184.6881,7.9264,-35.9197,-35.9243
2015.000000,6,25.1399,184.8599,13.2731,-30.7448,-30.7622
2015.000000,7,25.1399,185.2112,16.2412,-28.1280,-28.1731
2015.000000,8,25.1399,185.3818,17.6294,-26.9105,-26.9930
2015.000000,9,25.1399,185.5518,17.8047,-26.9051,-27.0160
2015.000000,10,25.1399,184.5969,11.9899,-31.7650,-31.7798
2015.000000,11,25.1399,184.7717,15.5448,-28.3849,-28.4122
2015.000000,12,25.1399,184.9458,17.2067,-26.8971,-26.9499
2015.000000,13,25.1399,185.2991,17.5016,-26.9555,-27.0275
2015.000000,14,25.1399,185.4716,17.3240,-27.3056,-27.3809
2015.000000,15,25.1399,184.5093,14.4770,-29.1904,-29.2120
2015.000000,16,25.1399,184.6871,14.6913,-29.1538,-29.1745
2015.000000,17,25.1399,184.8639,15.2535,-28.7685,-28.7966
2015.000000,18,25.1399,185.2199,14.8352,-29.5427,-29.5720
2015.000000,19,25.1399,185.3949,14.2445,-30.3084,-30.3304
2015.000000,20,25.1399,184.4257,13.7226,-29.8611,-29.8802
2015.000000,21,25.1399,184.6063,9.8509,-33.9134,-33.9219
2015.000000,22,25.1399,184.7858,9.3902,-34.5537,-34.5594
2015.000000,23,25.1399,184.9644,8.5778,-35.5446,-35.5480
2015.000000,24,25.1399,185.3218,5.8571,-38.6228,-38.6240
2016.000000,0,25.2078,184.7631,-0.5930,-44.5141,-44.5143
2016.000000,1,25.2078,184.9327,8.4311,-35.6596,-35.6626
2016.000000,2,25.2078,185.2818,13.3977,-31.0422,-31.0578
2016.000000,3,25.2078,185.4504,16.1960,-28.4124,-28.4565
2016.000000,4,25.2078,185.6184,17.5214,-27.2550,-27.3366
2016.000000,5,25.2078,184.6694,7.6132,-36.2142,-36.2187
2016.000000,6,25.2078,184.8420,13.0875,-30.9126,-30.9289
2016.000000,7,25.2078,185.1939,16.1336,-28.2183,-28.2614
2016.000000,8,25.2078,185.3652,17.5848,-26.9384,-27.0185
2016.000000,9,25.2078,185.5358,17.8206,-26.8732,-26.9825
2016.000000,10,25.2078,184.5792,12.0934,-31.6438,-31.6587
2016.000000,11,25.2078,184.7547,15.3781,-28.5346,-28.5605
2016.000000,12,25.2078,184.9295,17.1207,-26.9669,-27.0171
2016.000000,13,25.2078,185.2834,17.4831,-26.9583,-27.0282
2016.000000,14,25.2078,185.4565,17.2774,-27.3371,-27.4115
2016.000000,15,25.2078,184.4927,14.7251,-28.9257,-28.9480
2016.000000,16,25.2078,184.6712,14.4704,-29.3588,-29.3786
2016.000000,17,25.2078,184.8487,15.1375,-28.8692,-28.8958
2016.000000,18,25.2078,185.2052,14.7521,-29.6111,-29.6394
2016.000000,19,25.2078,185.3808,14.1954,-30.3434,-30.3651
2016.000000,20,25.2078,184.4102,13.8152,-29.7530,-29.7732
2016.000000,21,25.2078,184.5914,9.5136,-34.2359,-34.2444
2016.000000,22,25.2078,184.7716,9.1158,-34.8139,-34.8193
2016.000000,23,25.2078,184.9507,8.3615,-35.7473,-35.7506
2016.000000,24,25.2078,185.3088,5.7900,-38.6768,-38.6780
2017.000000,0,25.2748,184.7437,-1.0006,-44.9023,-44.9025
2017.000000,1,25.2748,184.9140,8.1795,-35.8925,-35.8953
2017.000000,2,25.2748,185.2638,13.2354,-31.1864,-31.2012
2017.000000,3,25.2748,185.4331,16.1007,-28.4904,-28.5327
2017.000000,4,25.2748,185.6017,17.4857,-27.2740,-27.3536
2017.000000,5,25.2748,184.6510,7.2847,-36.5243,-36.5288
2017.000000,6,25.2748,184.8243,12.8948,-31.0875,-31.1029
2017.000000,7,25.2748,185.1769,16.0213,-28.3136,-28.3546
2017.000000,8,25.2748,185.3488,17.5363,-26.9705,-27.0482
2017.000000,9,25.2748,185.5200,17.8327,-26.8454,-26.9530
2017.000000,10,25.2748,184.5618,12.4500,-31.2699,-31.2848
2017.000000,11,25.2748,184.7380,15.2041,-28.6920,-28.7164
2017.000000,12,25.2748,184.9134,17.0298,-27.0417,-27.0895
2017.000000,13,25.2748,185.2680,17.4607,-26.9653,-27.0330
2017.000000,14,25.2748,185.4417,17.2415,-27.3583,-27.4319
2017.000000,15,25.2748,184.4764,14.9560,-28.6785,-28.7017
2017.000000,16,25.2748,184.6555,14.2411,-29.5724,-29.5916
2017.000000,17,25.2748,184.8337,15.0171,-28.9746,-28.9997
2017.000000,18,25.2748,185.1908,14.6651,-29.6837,-29.7110
2017.000000,19,25.2748,185.3670,14.1428,-30.3822,-30.4036
2017.000000,20,25.2748,184.3950,13.8930,-29.6600,-29.6813
2017.000000,21,25.2748,184.5769,9.1989,-34.5360,-34.5444
2017.000000,22,25.2748,184.7577,8.8334,-35.0823,-35.0874
2017.000000,23,25.2748,184.9374,8.1394,-35.9561,-35.9592
2017.000000,24,25.2748,185.2960,5.7214,-38.7326,-38.7338
2018.000000,0,25.3409,184.7245,-1.4250,-45.3076,-45.3078
2018.000000,1,25.3409,184.8956,7.9209,-36.1327,-36.1352
2018.000000,2,25.3409,185.2461,13.0684,-31.3357,-31.3496
2018.000000,3,25.3409,185.4160,16.0012,-28.5728,-28.6134
2018.000000,4,25.3409,185.5852,17.4458,-27.2975,-27.3750
2018.000000,5,25.3409,184.6328,6.9398,-36.8510,-36.8556
2018.000000,6,25.3409,184.8068,12.6952,-31.2696,-31.2841
2018.000000,7,25.3409,185.1601,15.9044,-28.4137,-28.4528
2018.000000,8,25.3409,185.3327,17.4839,-27.0068,-27.0820
2018.000000,9,25.3409,185.5045,17.8408,-26.8217,-26.9275
2018.000000,10,25.3409,184.5447,12.7861,-30.9166,-30.9318
2018.000000,11,25.3409,184.7216,15.0227,-28.8569,-28.8802
2018.000000,12,25.3409,184.8977,16.9342,-27.1215,-27.1670
2018.000000,13,25.3409,185.2528,17.4345,-26.9764,-27.0419
2018.000000,14,25.3409,185.4271,17.2372,-27.3480,-27.4206
2018.000000,15,25.3409,184.4604,15.1708,-28.4476,-28.4720
2018.000000,16,25.3409,184.6401,14.0034,-29.7948,-29.8135
2018.000000,17,25.3409,184.8189,14.8924,-29.0846,-29.1083
2018.000000,18,25.3409,185.1767,14.5744,-29.7603,-29.7866
2018.000000,19,25.3409,185.3534,14.0868,-30.4247,-30.4459
2018.000000,20,25.3409,184.3801,13.9601,-29.5781,-29.6005
2018.000000,21,25.3409,184.5627,9.3372,-34.3835,-34.3918
2018.000000,22,25.3409,184.7441,8.5431,-35.3590,-35.3638
2018.000000,23,25.3409,184.9243,7.9115,-36.1709,-36.1738
2018.000000,24,25.3409,185.2834,5.6515,-38.7900,-38.7912
2019.000000,0,25.4060,184.7056,-1.8676,-45.7313,-45.7315
2019.000000,1,25.4060,184.8774,7.6552,-36.3802,-36.3825
2019.000000,2,25.4060,185.2286,12.8966,-31.4900,-31.5030
2019.000000,3,25.4060,185.3991,15.8975,-28.6597,-28.6985
2019.000000,4,25.4060,185.5690,17.4017,-27.3254,-27.4008
2019.000000,5,25.4060,184.6149,6.7381,-37.0348,-37.0394
2019.000000,6,25.4060,184.7896,12.4885,-31.4591,-31.4728
2019.000000,7,25.4060,184.9636,15.7830,-28.3386,-28.3773
2019.000000,8,25.4060,185.3168,17.4276,-27.0472,-27.1200
2019.000000,9,25.4060,185.4892,17.8453,-26.8019,-26.9060
2019.000000,10,25.4060,184.5278,13.1033,-30.5825,-30.5981
2019.000000,11,25.4060,184.7054,14.8338,-29.0296,-29.0519
2019.000000,12,25.4060,184.8821,16.8339,-27.2063,-27.2494
2019.000000,13,25.4060,185.2379,17.4046,-26.9913,-27.0548
2019.000000,14,25.4060,185.4128,17.2291,-27.3418,-27.4134
2019.000000,15,25.4060,184.4446,15.3704,-28.2323,-28.2581
2019.000000,16,25.4060,184.6251,13.7571,-30.0260,-30.0444
2019.000000,17,25.4060,184.8045,14.7635,-29.1990,-29.2215
2019.000000,18,25.4060,185.1628,14.4800,-29.8408,-29.8662
2019.000000,19,25.4060,185.3401,14.0273,-30.4708,-30.4917
2019.000000,20,25.4060,184.3655,14.1014,-29.4222,-29.4457
2019.000000,21,25.4060,184.5487,9.4591,-34.2476,-34.2559
2019.000000,22,25.4060,184.7307,8.2448,-35.6440,-35.6485
2019.000000,23,25.4060,184.9115,7.6778,-36.3918,-36.3946
2019.000000,24,25.4060,185.2712,5.5803,-38.8489,-38.8501
2020.000000,0,25.4701,184.6870,-2.3300,-46.1750,-46.1752
2020.000000,1,25.4701,184.8595,7.3824,-36.6351,-36.6373
2020.000000,2,25.4701,185.2113,12.7202,-31.6491,-31.6614
2020.000000,3,25.4701,185.3825,15.7897,-28.7509,-28.7880
2020.000000,4,25.4701,185.5530,17.3534,-27.3577,-27.4310
2020.000000,5,25.4701,184.5972,7.1469,-36.6084,-36.6130
2020.000000,6,25.4701,184.7727,12.2747,-31.6560,-31.6689
2020.000000,7,25.4701,184.9473,15.6571,-28.4482,-28.4850
2020.000000,8,25.4701,185.3011,17.3676,-27.0915,-27.1619
2020.000000,9,25.4701,185.4741,17.8460,-26.7862,-26.8883
2020.000000,10,25.4701,184.5112,13.4030,-30.2663,-30.2824
2020.000000,11,25.4701,184.6895,14.6375,-29.2100,-29.2314
2020.000000,12,25.4701,184.8669,16.7291,-27.2958,-27.3368
2020.000000,13,25.4701,185.2233,17.3712,-27.0101,-27.0715
2020.000000,14,25.4701,185.3988,17.2174,-27.3394,-27.4102
2020.000000,15,25.4701,184.4292,15.5556,-28.0316,-28.0589
2020.000000,16,25.4701,184.6103,13.5021,-30.2662,-30.2844
2020.000000,17,25.4701,184.7903,14.6304,-29.3179,-29.3392
2020.000000,18,25.4701,184.9692,14.3821,-29.7452,-29.7706
2020.000000,19,25.4701,185.3271,13.9646,-30.5205,-30.5411
2020.000000,20,25.4701,184.3512,14.2265,-29.2828,-29.3075
2020.000000,21,25.4701,184.5350,9.6900,-34.0031,-34.0113
2020.000000,22,25.4701,184.7176,7.9383,-35.9373,-35.9416
2020.000000,23,25.4701,184.8990,7.4382,-36.6188,-36.6215
2020.000000,24,25.4701,185.2592,5.5079,-38.9093,-38.9104
2021.000000,0,25.5332,184.6686,-2.8140,-46.6407,-46.6409
2021.000000,1,25.5332,184.8418,7.1023,-36.8975,-36.8995
2021.000000,2,25.5332,185.1943,12.5392,-31.8131,-31.8246
2021.000000,3,25.5332,185.3661,15.6779,-28.8463,-28.8818
2021.000000,4,25.5332,185.5373,17.3010,-27.3943,-27.4654
2021.000000,5,25.5332,184.5799,7.5354,-36.2025,-36.2072
2021.000000,6,25.5332,184.7560,12.0537,-31.8603,-31.8726
2021.000000,7,25.5332,184.9313,15.5268,-28.5625,-28.5974
2021.000000,8,25.5332,185.2857,17.3040,-27.1397,-27.2077
2021.000000,9,25.5332,185.4593,17.8431,-26.7742,-26.8745
2021.000000,10,25.5332,184.4949,13.6862,-29.9668,-29.9836
2021.000000,11,25.5332,184.6739,14.4337,-29.3983,-29.4190
2021.000000,12,25.5332,184.8519,16.6199,-27.3901,-27.4290
2021.000000,13,25.5332,185.2089,17.3343,-27.0327,-27.0920
2021.000000,14,25.5332,185.3849,17.2020,-27.3410,-27.4107
2021.000000,15,25.5332,184.4140,15.7272,-27.8449,-27.8738
2021.000000,16,25.5332,184.5957,13.2382,-30.5155,-30.5337
2021.000000,17,25.5332,184.7764,14.4934,-29.4410,-29.4612
2021.000000,18,25.5332,184.9559,14.2807,-29.8333,-29.8578
2021.000000,19,25.5332,185.3143,13.8987,-30.5736,-30.5940
2021.000000,20,25.5332,184.3373,14.3361,-29.1592,-29.1850
2021.000000,21,25.5332,184.5217,9.8987,-33.7810,-33.7894
2021.000000,22,25.5332,184.7048,7.6607,-36.2022,-36.2063
2021.000000,23,25.5332,184.8868,7.1928,-36.8520,-36.8545
2021.000000,24,25.5332,185.2475,5.4345,-38.9710,-38.9721
2022.000000,0,25.5954,184.6504,-3.3219,-47.1304,-47.1306
2022.000000,1,25.5954,184.8244,6.8149,-37.1675,-37.1694
2022.000000,2,25.5954,185.1776,12.3538,-31.9818,-31.9926
2022.000000,3,25.5954,185.3500,15.5621,-28.9460,-28.9798
2022.000000,4,25.5954,185.5217,17.2446,-27.4352,-27.5041
2022.000000,5,25.5954,184.5628,7.9053,-35.8155,-35.8203
2022.000000,6,25.5954,184.7396,11.8254,-32.0722,-32.0838
2022.000000,7,25.5954,184.9155,15.3923,-28.6812,-28.7144
2022.000000,8,25.5954,185.2706,17.2369,-27.1918,-27.2574
2022.000000,9,25.5954,185.4448,17.8367,-26.7661,-26.8644
2022.000000,10,25.5954,184.4789,13.9541,-29.6829,-29.7006
2022.000000,11,25.5954,184.6586,14.2222,-29.5943,-29.6145
2022.000000,12,25.5954,184.8372,16.5063,-27.4889,-27.5259
2022.000000,13,25.5954,185.1948,17.2940,-27.0588,-27.1161
2022.000000,14,25.5954,185.3714,17.1831,-27.3463,-27.4150
2022.000000,15,25.5954,184.3991,15.8859,-27.6713,-27.7021
2022.000000,16,25.5954,184.5815,12.9655,-30.7741,-30.7924
2022.000000,17,25.5954,184.7627,14.3524,-29.5683,-29.5875
2022.000000,18,25.5954,184.9428,14.1759,-29.9250,-29.9486
2022.000000,19,25.5954,185.3018,13.8297,-30.6301,-30.6502
2022.000000,20,25.5954,184.3236,14.4311,-29.0506,-29.0775
2022.000000,21,25.5954,184.5086,10.0867,-33.5800,-33.5884
2022.000000,22,25.5954,184.6923,7.4432,-36.4071,-36.4111
2022.000000,23,25.5954,184.8748,6.9416,-37.0912,-37.0937
2022.000000,24,25.5954,185.2360,5.3601,-39.0340,-39.0350
2023.000000,0,25.6565,184.6325,-3.8562,-47.6468,-47.6470
2023.000000,1,25.6565,184.8072,6.5200,-37.4452,-37.4469
2023.000000,2,25.6565,185.1611,12.1639,-32.1552,-32.1652
2023.000000,3,25.6565,185.3341,15.4425,-29.0497,-29.0819
2023.000000,4,25.6565,185.5065,17.1842,-27.4803,-27.5470
2023.000000,5,25.6565,184.5459,8.2580,-35.4460,-35.4509
2023.000000,6,25.6565,184.7234,11.5899,-32.2916,-32.3028
2023.000000,7,25.6565,184.9000,15.2536,-28.8044,-28.8359
2023.000000,8,25.6565,185.2557,17.1662,-27.2475,-27.3107
2023.000000,9,25.6565,185.4305,17.8268,-26.7617,-26.8580
2023.000000,10,25.6565,184.4632,14.2075,-29.4137,-29.4324
2023.000000,11,25.6565,184.6435,14.0031,-29.7984,-29.8181
2023.000000,12,25.6565,184.8227,16.3884,-27.5923,-27.6275
2023.000000,13,25.6565,185.1809,17.2505,-27.0885,-27.1438
2023.000000,14,25.6565,185.3581,17.1608,-27.3553,-27.4230
2023.000000,15,25.6565,184.3846,16.0324,-27.5102,-27.5431
2023.000000,16,25.6565,184.5676,12.8775,-30.8481,-30.8665
2023.000000,17,25.6565,184.7494,14.2078,-29.6997,-29.7179
2023.000000,18,25.6565,184.9300,14.0679,-30.0202,-30.0429
2023.000000,19,25.6565,185.2895,13.7577,-30.6899,-30.7098
2023.000000,20,25.6565,184.3102,14.5121,-28.9562,-28.9843
2023.000000,21,25.6565,184.4958,10.2555,-33.3984,-33.4069
2023.000000,22,25.6565,184.6801,7.2226,-36.6155,-36.6193
2023.000000,23,25.6565,184.8631,6.6845,-37.3366,-37.3390
2023.000000,24,25.6565,185.2249,5.2848,-39.0981,-39.0991
2024.000000,0,25.7165,184.6149,-4.4199,-48.1928,-48.1931
2024.000000,1,25.7165,184.7903,6.2176,-37.7307,-37.7323
2024.000000,2,25.7165,184.9648,11.9697,-32.1531,-32.1629
2024.000000,3,25.7165,185.3185,15.3192,-29.1574,-29.1881
2024.000000,4,25.7165,185.4914,17.1199,-27.5295,-27.5941
2024.000000,5,25.7165,184.5294,8.5947,-35.0927,-35.0979
2024.000000,6,25.7165,184.7075,11.3469,-32.5187,-32.5295
2024.000000,7,25.7165,184.8848,15.1108,-28.9320,-28.9618
2024.000000,8,25.7165,185.2411,17.0923,-27.3068,-27.3678
2024.000000,9,25.7165,185.4164,17.8136,-26.7609,-26.8552
2024.000000,10,25.7165,184.4478,14.4475,-29.1583,-29.1783
2024.000000,11,25.7165,184.6287,13.7763,-30.0104,-30.0299
2024.000000,12,25.7165,184.8086,16.2664,-27.7002,-27.7336
2024.000000,13,25.7165,185.1673,17.2038,-27.1216,-27.1750
2024.000000,14,25.7165,185.3451,17.1351,-27.3680,-27.4346
2024.000000,15,25.7165,184.3703,16.1672,-27.3611,-27.3961
2024.000000,16,25.7165,184.5539,13.0897,-30.6223,-30.6406
2024.000000,17,25.7165,184.7363,14.0595,-29.8349,-29.8523
2024.000000,18,25.7165,184.9175,13.9568,-30.1188,-30.1407
2024.000000,19,25.7165,185.2775,13.6827,-30.7528,-30.7725
2024.000000,20,25.7165,184.2972,14.5798,-28.8754,-28.9046
2024.000000,21,25.7165,184.4834,10.4064,-33.2350,-33.2437
2024.000000,22,25.7165,184.6682,6.9991,-36.8272,-36.8308
2024.000000,23,25.7165,184.8518,6.4216,-37.5882,-37.5904
2024.000000,24,25.7165,185.2140,5.2087,-39.1633,-39.1643
2025.000000,0,25.7756,184.5976,-3.9830,-47.7386,-47.7388
2025.000000,1,25.7756,184.7736,5.9075,-38.0241,-38.0256
2025.000000,2,25.7756,184.9488,11.7714,-32.3354,-32.3446
2025.000000,3,25.7756,185.3031,15.1922,-29.2690,-29.2982
2025.000000,4,25.7756,185.4766,17.0519,-27.5828,-27.6452
2025.000000,5,25.7756,184.5131,8.9165,-34.7546,-34.7600
2025.000000,6,25.7756,184.6919,11.0964,-32.7536,-32.7640
2025.000000,7,25.7756,184.8698,14.9641,-29.0638,-29.0921
2025.000000,8,25.7756,185.2267,17.0151,-27.3696,-27.4283
2025.000000,9,25.7756,185.4026,17.7970,-26.7636,-26.8559
2025.000000,10,25.7756,184.4326,14.6746,-28.9161,-28.9373
2025.000000,11,25.7756,184.6142,13.5417,-30.2305,-30.2499
2025.000000,12,25.7756,184.7947,16.1404,-27.8123,-27.8441
2025.000000,13,25.7756,184.9740,17.1541,-26.9780,-27.0317
2025.000000,14,25.7756,185.3323,17.1062,-27.3841,-27.4497
2025.000000,15,25.7756,184.3563,16.2910,-27.2234,-27.2606
2025.000000,16,25.7756,184.5406,13.2864,-30.4122,-30.4307
2025.000000,17,25.7756,184.7235,13.9077,-29.9739,-29.9906
2025.000000,18,25.7756,184.9053,13.8963,-30.1671,-30.1882
2025.000000,19,25.7756,185.2658,13.6050,-30.8189,-30.8384
2025.000000,20,25.7756,184.2844,14.7133,-28.7291,-28.7594
2025.000000,21,25.7756,184.4712,10.5406,-33.0886,-33.0975
2025.000000,22,25.7756,184.6566,6.7729,-37.0418,-37.0454
2025.000000,23,25.7756,184.8407,6.1528,-37.8459,-37.8481
2025.000000,24,25.7756,185.2034,5.1320,-39.2294,-39.2304
2026.000000,0,25.8335,184.5805,-3.3229,-47.0614,-47.0616
2026.000000,1,25.8335,184.7572,5.5897,-38.3256,-38.3270
2026.000000,2,25.8335,184.9330,11.5690,-32.5221,-32.5306
2026.000000,3,25.8335,185.2880,15.0617,-29.3843,-29.4121
2026.000000,4,25.8335,185.4621,16.9800,-27.6401,-27.7003
2026.000000,5,25.8335,184.4971,9.2245,-34.4306,-34.4364
2026.000000,6,25.8335,184.6766,10.8383,-32.9964,-33.0065
2026.000000,7,25.8335,184.8551,14.8135,-29.1997,-29.2265
2026.000000,8,25.8335,185.2126,16.9348,-27.4358,-27.4923
2026.000000,9,25.8335,185.3891,17.7773,-26.7698,-26.8601
2026.000000,10,25.8335,184.4178,14.8897,-28.6861,-28.7089
2026.000000,11,25.8335,184.6000,13.2993,-30.4588,-30.4782
2026.000000,12,25.8335,184.7811,16.0105,-27.9286,-27.9590
2026.000000,13,25.8335,184.9610,17.1015,-27.0175,-27.0693
2026.000000,14,25.8335,185.3198,17.0742,-27.4036,-27.4682
2026.000000,15,25.8335,184.3427,16.4041,-27.0966,-27.1362
2026.000000,16,25.8335,184.5275,13.4687,-30.2169,-30.2355
2026.000000,17,25.8335,184.7111,13.7526,-30.1165,-30.1325
2026.000000,18,25.8335,184.8934,13.8446,-30.2068,-30.2271
2026.000000,19,25.8335,185.2544,13.5245,-30.8879,-30.9072
2026.000000,20,25.8335,184.2720,14.8351,-28.5949,-28.6261
2026.000000,21,25.8335,184.4593,10.7123,-32.9051,-32.9141
2026.000000,22,25.8335,184.6453,6.5441,-37.2592,-37.2627
2026.000000,23,25.8335,184.8298,5.9096,-38.0783,-38.0804
2026.000000,24,25.8335,185.1930,5.0547,-39.2964,-39.2974
2027.000000,0,25.8904,184.5637,-2.7105,-46.4322,-46.4324
2027.000000,1,25.8904,184.7411,5.2639,-38.6352,-38.6365
2027.000000,2,25.8904,184.9176,11.3626,-32.7130,-32.7209
2027.000000,3,25.8904,185.2731,14.9278,-29.5034,-29.5297
2027.000000,4,25.8904,185.4478,16.9045,-27.7014,-27.7594
2027.000000,5,25.8904,184.4814,9.5196,-34.1199,-34.1260
2027.000000,6,25.8904,184.6616,10.5725,-33.2470,-33.2570
2027.000000,7,25.8904,184.8407,14.6591,-29.3396,-29.3651
2027.000000,8,25.8904,185.1987,16.8515,-27.5053,-27.5596
2027.000000,9,25.8904,185.3758,17.7543,-26.7795,-26.8677
2027.000000,10,25.8904,184.4032,15.0934,-28.4679,-28.4923
2027.000000,11,25.8904,184.5861,13.0579,-30.6862,-30.7058
2027.000000,12,25.8904,184.7677,15.8767,-28.0490,-28.0780
2027.000000,13,25.8904,184.9482,17.0461,-27.0602,-27.1101
2027.000000,14,25.8904,185.3075,17.0391,-27.4265,-27.4901
2027.000000,15,25.8904,184.3293,16.5072,-26.9802,-27.0222
2027.000000,16,25.8904,184.5147,13.6374,-30.0354,-30.0544
2027.000000,17,25.8904,184.6989,13.5943,-30.2626,-30.2780
2027.000000,18,25.8904,184.8817,13.7913,-30.2484,-30.2679
2027.000000,19,25.8904,185.2432,13.4414,-30.9599,-30.9789
2027.000000,20,25.8904,184.2599,14.9426,-28.4753,-28.5074
2027.000000,21,25.8904,184.4478,10.9218,-32.6840,-32.6932
2027.000000,22,25.8904,184.6343,6.3130,-37.4793,-37.4827
2027.000000,23,25.8904,184.8193,5.7534,-38.2240,-38.2260
2027.000000,24,25.8904,185.1830,4.9769,-39.3641,-39.3650
2028.000000,0,25.9461,184.5471,-2.1394,-45.8446,-45.8448
2028.000000,1,25.9461,184.7252,4.9301,-38.9531,-38.9544
2028.000000,2,25.9461,184.9023,11.1524,-32.9080,-32.9154
2028.000000,3,25.9461,185.2585,14.7905,-29.6260,-29.6510
2028.000000,4,25.9461,185.4338,16.8253,-27.7665,-27.8224
2028.000000,5,25.9461,184.4660,9.8024,-33.8216,-33.8282
2028.000000,6,25.9461,184.6468,10.2990,-33.5058,-33.5156
2028.000000,7,25.9461,184.8265,14.5011,-29.4834,-29.5076
2028.000000,8,25.9461,185.1852,16.7653,-27.5779,-27.6301
2028.000000,9,25.9461,185.3627,17.7284,-26.7924,-26.8786
2028.000000,10,25.9461,184.3890,15.2862,-28.2608,-28.2870
2028.000000,11,25.9461,184.5724,13.3215,-30.4090,-30.4285
2028.000000,12,25.9461,184.7547,15.7393,-28.1734,-28.2011
2028.000000,13,25.9461,184.9357,16.9880,-27.1057,-27.1539
2028.000000,14,25.9461,185.2956,17.0481,-27.4055,-27.4680
2028.000000,15,25.9461,184.3163,16.6006,-26.8737,-26.9182
2028.000000,16,25.9461,184.5023,13.7934,-29.8669,-29.8864
2028.000000,17,25.9461,184.6870,13.4331,-30.4119,-30.4269
2028.000000,18,25.9461,184.8703,13.7368,-30.2916,-30.3104
2028.000000,19,25.9461,185.2323,13.3606,-31.0298,-31.0486
2028.000000,20,25.9461,184.2481,15.0365,-28.3696,-28.4026
2028.000000,21,25.9461,184.4366,11.1121,-32.4825,-32.4919
2028.000000,22,25.9461,184.6236,6.0800,-37.7016,-37.7050
2028.000000,23,25.9461,184.8091,5.5965,-38.3707,-38.3726
2028.000000,24,25.9461,185.1732,4.8989,-39.4323,-39.4333
2029.000000,0,26.0008,184.5309,-1.6044,-45.2933,-45.2936
2029.000000,1,26.0008,184.7096,4.5882,-39.2795,-39.2807
2029.000000,2,26.0008,184.8874,10.9385,-33.1069,-33.1138
2029.000000,3,26.0008,185.2442,14.6501,-29.7521,-29.7758
2029.000000,4,26.0008,185.4200,16.7427,-27.8353,-27.8892
2029.000000,5,26.0008,184.4509,10.0739,-33.5350,-33.5421
2029.000000,6,26.0008,184.6323,10.0177,-33.7727,-33.7824
2029.000000,7,26.0008,184.8126,14.3397,-29.6310,-29.6539
2029.000000,8,26.0008,185.1719,16.6763,-27.6536,-27.7038
2029.000000,9,26.0008,185.3500,17.6994,-26.8086,-26.8927
2029.000000,10,26.0008,184.3750,15.4688,-28.0643,-28.0923
2029.000000,11,26.0008,184.5591,13.5694,-30.1477,-30.1672
2029.000000,12,26.0008,184.7419,15.5984,-28.3015,-28.3281
2029.000000,13,26.0008,184.9235,16.9274,-27.1541,-27.2006
2029.000000,14,26.0008,185.2839,17.0573,-27.3846,-27.4460
2029.000000,15,26.0008,184.3035,16.6848,-26.7768,-26.8239
2029.000000,16,26.0008,184.4901,13.9373,-29.7109,-29.7308
2029.000000,17,26.0008,184.6753,13.2690,-30.5644,-30.5790
2029.000000,18,26.0008,184.8592,13.6810,-30.3362,-30.3544
2029.000000,19,26.0008,185.2217,13.3436,-31.0362,-31.0547
2029.000000,20,26.0008,184.2366,15.1175,-28.2772,-28.3110
2029.000000,21,26.0008,184.4256,11.2844,-32.2992,-32.3088
2029.000000,22,26.0008,184.6131,5.8451,-37.9261,-37.9294
2029.000000,23,26.0008,184.7992,5.4390,-38.5182,-38.5200
2029.000000,24,26.0008,185.1637,4.8207,-39.5011,-39.5020
2030.000000,0,26.0543,184.5149,-1.1011,-44.7741,-44.7744
2030.000000,1,26.0543,184.6943,4.2378,-39.6145,-39.6157
2030.000000,2,26.0543,184.8727,10.7211,-33.3096,-33.3160
2030.000000,3,26.0543,185.2301,14.5066,-29.8815,-29.9039
2030.000000,4,26.0543,185.4064,16.6565,-27.9079,-27.9597
2030.000000,5,26.0543,184.4360,10.3346,-33.2595,-33.2672
2030.000000,6,26.0543,184.6181,9.8845,-33.8916,-33.9014
2030.000000,7,26.0543,184.7990,14.1749,-29.7822,-29.8040
2030.000000,8,26.0543,184.9788,16.5847,-27.5522,-27.6024
2030.000000,9,26.0543,185.3375,17.6676,-26.8279,-26.9100
2030.000000,10,26.0543,184.3614,15.6416,-27.8778,-27.9079
2030.000000,11,26.0543,184.5460,13.8028,-29.9013,-29.9209
2030.000000,12,26.0543,184.7294,15.4542,-28.4333,-28.4588
2030.000000,13,26.0543,184.9115,16.8644,-27.2052,-27.2500
2030.000000,14,26.0543,185.2724,17.0640,-27.3665,-27.4267
2030.000000,15,26.0543,184.2911,16.7601,-26.6890,-26.7387
2030.000000,16,26.0543,184.4783,14.0699,-29.5664,-29.5870
2030.000000,17,26.0543,184.6640,13.1023,-30.7198,-30.7340
2030.000000,18,26.0543,184.8484,13.6242,-30.3823,-30.3997
2030.000000,19,26.0543,185.2114,13.3254,-31.0440,-31.0624
2030.000000,20,26.0543,184.2255,15.1861,-28.1974,-28.2320
2030.000000,21,26.0543,184.4150,11.4401,-32.1330,-32.1428
2030.000000,22,26.0543,184.6030,5.6087,-38.1523,-38.1557
2030.000000,23,26.0543,184.7895,5.2813,-38.6663,-38.6681
2030.000000,24,26.0543,184.9745,4.7425,-39.3901,-39.3911
2031.000000,0,26.1066,184.4992,-0.6260,-44.2833,-44.2836
2031.000000,1,26.1066,184.6793,3.8790,-39.9583,-39.9595
2031.000000,2,26.1066,184.8583,10.5003,-33.5160,-33.5220
2031.000000,3,26.1066,185.2162,14.3601,-30.0142,-30.0353
2031.000000,4,26.1066,185.3932,16.5670,-27.9842,-28.0339
2031.000000,5,26.1066,184.4215,10.5851,-32.9944,-33.0027
2031.000000,6,26.1066,184.6042,10.1848,-33.5774,-33.5870
2031.000000,7,26.1066,184.7857,14.0069,-29.9368,-29.9576
2031.000000,8,26.1066,184.9661,16.4906,-27.6335,-27.6817
2031.000000,9,26.1066,185.3252,17.6330,-26.8503,-26.9303
2031.000000,10,26.1066,184.3480,15.8051,-27.7009,-27.7331
2031.000000,11,26.1066,184.5333,14.0226,-29.6688,-29.6887
2031.000000,12,26.1066,184.7172,15.3067,-28.5686,-28.5932
2031.000000,13,26.1066,184.8999,16.7991,-27.2588,-27.3020
2031.000000,14,26.1066,185.2613,17.0683,-27.3510,-27.4102
2031.000000,15,26.1066,184.2790,16.8270,-26.6100,-26.6624
2031.000000,16,26.1066,184.4667,14.1917,-29.4331,-29.4544
2031.000000,17,26.1066,184.6530,12.9331,-30.8779,-30.8919
2031.000000,18,26.1066,184.8379,13.5665,-30.4294,-30.4463
2031.000000,19,26.1066,185.2013,13.3061,-31.0533,-31.0714
2031.000000,20,26.1066,184.2147,15.2430,-28.1297,-28.1650
2031.000000,21,26.1066,184.4047,11.5801,-31.9826,-31.9927
2031.000000,22,26.1066,184.5932,5.7820,-37.9692,-37.9725
2031.000000,23,26.1066,184.7802,5.1234,-38.8148,-38.8165
2031.000000,24,26.1066,184.9656,4.6644,-39.4593,-39.4603
2032.000000,0,26.1578,184.4838,-0.1761,-43.8180,-43.8183
2032.000000,1,26.1578,184.6645,3.5114,-40.3111,-40.3123
2032.000000,2,26.1578,184.8441,10.2763,-33.7258,-33.7314
2032.000000,3,26.1578,185.2027,14.2108,-30.1499,-30.1699
2032.000000,4,26.1578,185.3801,16.4742,-28.0639,-28.1117
2032.000000,5,26.1578,184.4072,10.8260,-32.7392,-32.7482
2032.000000,6,26.1578,184.5905,10.4689,-33.2797,-33.2892
2032.000000,7,26.1578,184.7727,13.8360,-30.0947,-30.1146
2032.000000,8,26.1578,184.9536,16.3941,-27.7175,-27.7638
2032.000000,9,26.1578,185.3133,17.5957,-26.8756,-26.9536
2032.000000,10,26.1578,184.3350,15.9599,-27.5332,-27.5676
2032.000000,11,26.1578,184.5208,14.2295,-29.4493,-29.4696
2032.000000,12,26.1578,184.7053,15.1561,-28.7072,-28.7310
2032.000000,13,26.1578,184.8885,16.7317,-27.3148,-27.3565
2032.000000,14,26.1578,185.2504,17.0704,-27.3380,-27.3961
2032.000000,15,26.1578,184.2672,16.8858,-26.5395,-26.5944
2032.000000,16,26.1578,184.4555,14.3034,-29.3102,-29.3323
2032.000000,17,26.1578,184.6423,12.7618,-31.0386,-31.0523
2032.000000,18,26.1578,184.8277,13.5080,-30.4777,-30.4939
2032.000000,19,26.1578,185.1916,13.2858,-31.0639,-31.0818
2032.000000,20,26.1578,184.2042,15.2887,-28.0735,-28.1094
2032.000000,21,26.1578,184.3948,11.7056,-31.8472,-31.8575
2032.000000,22,26.1578,184.5837,6.0614,-37.6804,-37.6836
2032.000000,23,26.1578,184.7711,4.9658,-38.9634,-38.9650
2032.000000,24,26.1578,184.9570,4.5865,-39.5285,-39.5295
2033.000000,0,26.2079,184.4687,0.2512,-43.3756,-43.3759
2033.000000,1,26.2079,184.6500,3.1350,-40.6731,-40.6742
2033.000000,2,26.2079,184.8303,10.0493,-33.9390,-33.9442
2033.000000,3,26.2079,185.1894,14.0589,-30.2885,-30.3074
2033.000000,4,26.2079,185.3674,16.3783,-28.1472,-28.1929
2033.000000,5,26.2079,184.3933,11.0579,-32.4934,-32.5031
2033.000000,6,26.2079,184.5772,10.7382,-32.9971,-33.0066
2033.000000,7,26.2079,184.7599,13.6621,-30.2558,-30.2748
2033.000000,8,26.2079,184.9413,16.2953,-27.8040,-27.8485
2033.000000,9,26.2079,185.3016,17.5558,-26.9038,-26.9798
2033.000000,10,26.2079,184.3223,16.1061,-27.3741,-27.4109
2033.000000,11,26.2079,184.5087,14.4245,-29.2422,-29.2630
2033.000000,12,26.2079,184.6937,15.0027,-28.8490,-28.8721
2033.000000,13,26.2079,184.8774,16.6623,-27.3732,-27.4134
2033.000000,14,26.2079,185.2398,17.0702,-27.3276,-27.3846
2033.000000,15,26.2079,184.2558,16.9368,-26.4770,-26.5346
2033.000000,16,26.2079,184.4446,14.4053,-29.1973,-29.2202
2033.000000,17,26.2079,184.6319,12.5885,-31.2015,-31.2151
2033.000000,18,26.2079,184.8177,13.4490,-30.5267,-30.5425
2033.000000,19,26.2079,185.1821,13.2645,-31.0756,-31.0933
2033.000000,20,26.2079,184.1940,15.3238,-28.0283,-28.0648
2033.000000,21,26.2079,184.3851,11.8173,-31.7258,-31.7363
2033.000000,22,26.2079,184.5746,6.3172,-37.4154,-37.4185
2033.000000,23,26.2079,184.7624,4.8086,-39.1118,-39.1134
2033.000000,24,26.2079,184.9487,4.5092,-39.5976,-39.5985
2034.000000,0,26.2567,184.4539,0.6581,-42.9539,-42.9543
2034.000000,1,26.2567,184.6358,2.7495,-41.0444,-41.0456
2034.000000,2,26.2567,184.8167,9.8194,-34.1553,-34.1602
2034.000000,3,26.2567,185.1763,13.9045,-30.4299,-30.4477
2034.000000,4,26.2567,185.3549,16.2792,-28.2338,-28.2776
2034.000000,5,26.2567,184.3796,11.2812,-32.2565,-32.2669
2034.000000,6,26.2567,184.5642,10.9935,-32.7287,-32.7383
2034.000000,7,26.2567,184.7474,13.4856,-30.4199,-30.4380
2034.000000,8,26.2567,184.9294,16.1945,-27.8929,-27.9355
2034.000000,9,26.2567,185.2901,17.5134,-26.9348,-27.0088
2034.000000,10,26.2567,184.3098,16.2444,-27.2235,-27.2626
2034.000000,11,26.2567,184.4968,14.6082,-29.0467,-29.0681
2034.000000,12,26.2567,184.6824,14.8466,-28.9938,-29.0163
2034.000000,13,26.2567,184.8666,16.5911,-27.4336,-27.4724
2034.000000,14,26.2567,185.2294,17.0680,-27.3195,-27.3755
2034.000000,15,26.2567,184.2446,16.9805,-26.4222,-26.4824
2034.000000,16,26.2567,184.4340,14.4982,-29.0939,-29.1177
2034.000000,17,26.2567,184.6218,12.4134,-31.3665,-31.3800
2034.000000,18,26.2567,184.8081,13.3897,-30.5765,-30.5917
2034.000000,19,26.2567,185.1729,13.2426,-31.0884,-31.1059
2034.000000,20,26.2567,184.1842,15.3486,-27.9937,-28.0306
2034.000000,21,26.2567,184.3758,11.9161,-31.6177,-31.6283
2034.000000,22,26.2567,184.5657,6.5516,-37.1721,-37.1752
2034.000000,23,26.2567,184.7540,4.6521,-39.2599,-39.2614
2034.000000,24,26.2567,184.9407,4.4324,-39.6663,-39.6672
2035.000000,0,26.3044,184.4393,1.0464,-42.5510,-42.5515
2035.000000,1,26.3044,184.6219,2.3546,-41.4253,-41.4265
2035.000000,2,26.3044,184.8033,9.5868,-34.3745,-34.3791
2035.000000,3,26.3044,185.1636,13.7476,-30.5740,-30.5908
2035.000000,4,26.3044,185.3426,16.1770,-28.3236,-28.3656
2035.000000,5,26.3044,184.3663,11.4964,-32.0280,-32.0392
2035.000000,6,26.3044,184.5514,11.2360,-32.4735,-32.4832
2035.000000,7,26.3044,184.7352,13.3066,-30.5867,-30.6041
2035.000000,8,26.3044,184.9178,16.0918,-27.9840,-28.0249
2035.000000,9,26.3044,185.2790,17.4686,-26.9684,-27.0405
2035.000000,10,26.3044,184.2977,16.3750,-27.0807,-27.1224
2035.000000,11,26.3044,184.4853,14.7812,-28.8622,-28.8843
2035.000000,12,26.3044,184.6714,14.6880,-29.1414,-29.1634
2035.000000,13,26.3044,184.8561,16.5181,-27.4960,-27.5335
2035.000000,14,26.3044,185.2194,17.0638,-27.3136,-27.3686
2035.000000,15,26.3044,184.2338,17.0169,-26.3749,-26.4377
2035.000000,16,26.3044,184.4237,14.5823,-28.9995,-29.0242
2035.000000,17,26.3044,184.6120,12.2368,-31.5332,-31.5467
2035.000000,18,26.3044,184.7987,13.3300,-30.6267,-30.6415
2035.000000,19,26.3044,185.1640,13.2200,-31.1020,-31.1194
2035.000000,20,26.3044,184.1748,15.3636,-27.9692,-28.0065
2035.000000,21,26.3044,184.3668,12.0028,-31.5220,-31.5328
2035.000000,22,26.3044,184.5571,6.7664,-36.9488,-36.9519
2035.000000,23,26.3044,184.7458,4.4967,-39.4072,-39.4088
2035.000000,24,26.3044,184.9329,4.3565,-39.7344,-39.7354
2036.000000,0,26.3508,184.4251,1.4178,-42.1654,-42.1659
2036.000000,1,26.3508,184.6083,2.0889,-41.6775,-41.6787
2036.000000,2,26.3508,184.7903,9.3519,-34.5965,-34.6008
2036.000000,3,26.3508,184.9711,13.5886,-30.5405,-30.5570
2036.000000,4,26.3508,185.3307,16.0720,-28.4167,-28.4569
2036.000000,5,26.3508,184.3533,11.7038,-31.8075,-31.8197
2036.000000,6,26.3508,184.5390,11.4663,-32.2308,-32.2406
2036.000000,7,26.3508,184.7234,13.1254,-30.7560,-30.7728
2036.000000,8,26.3508,184.9064,15.9872,-28.0772,-28.1165
2036.000000,9,26.3508,185.2681,17.4215,-27.0046,-27.0748
2036.000000,10,26.3508,184.2860,16.4984,-26.9457,-26.9899
2036.000000,11,26.3508,184.4741,14.9441,-28.6880,-28.7109
2036.000000,12,26.3508,184.6607,14.5271,-29.2916,-29.3131
2036.000000,13,26.3508,184.8459,16.4437,-27.5602,-27.5965
2036.000000,14,26.3508,185.2096,17.0577,-27.3100,-27.3640
2036.000000,15,26.3508,184.2234,17.0466,-26.3348,-26.4002
2036.000000,16,26.3508,184.4137,14.6581,-28.9137,-28.9394
2036.000000,17,26.3508,184.6025,12.0590,-31.7016,-31.7151
2036.000000,18,26.3508,184.7897,13.2704,-30.6773,-30.6917
2036.000000,19,26.3508,184.9754,13.1969,-30.9365,-30.9544
2036.000000,20,26.3508,184.1656,15.3693,-27.9544,-27.9920
2036.000000,21,26.3508,184.3581,12.0781,-31.4381,-31.4491
2036.000000,22,26.3508,184.5489,6.9631,-36.7439,-36.7469
2036.000000,23,26.3508,184.7380,4.3425,-39.5536,-39.5551
2036.000000,24,26.3508,184.9255,4.2817,-39.8019,-39.8029
2037.000000,0,26.3960,184.4112,1.7737,-41.7955,-41.7961
2037.000000,1,26.3960,184.5950,2.3612,-41.3918,-41.3931
2037.000000,2,26.3960,184.7776,9.1147,-34.8209,-34.8249
2037.000000,3,26.3960,184.9589,13.4275,-30.6894,-30.7049
2037.000000,4,26.3960,185.3190,15.9641,-28.5129,-28.5513
2037.000000,5,26.3960,184.3406,11.9038,-31.5948,-31.6078
2037.000000,6,26.3960,184.5268,11.6853,-31.9996,-32.0097
2037.000000,7,26.3960,184.7118,12.9421,-30.9277,-30.9440
2037.000000,8,26.3960,184.8953,15.8810,-28.1723,-28.2100
2037.000000,9,26.3960,185.2575,17.3722,-27.0434,-27.1116
2037.000000,10,26.3960,184.2745,16.6147,-26.8179,-26.8647
2037.000000,11,26.3960,184.4632,15.0974,-28.5238,-28.5475
2037.000000,12,26.3960,184.6503,14.3642,-29.4442,-29.4654
2037.000000,13,26.3960,184.8359,16.3679,-27.6261,-27.6612
2037.000000,14,26.3960,185.2001,17.0498,-27.3084,-27.3614
2037.000000,15,26.3960,184.2132,17.0697,-26.3016,-26.3694
2037.000000,16,26.3960,184.4041,14.7260,-28.8361,-28.8628
2037.000000,17,26.3960,184.5933,11.8802,-31.8711,-31.8847
2037.000000,18,26.3960,184.7810,13.2109,-30.7281,-30.7421
2037.000000,19,26.3960,184.9670,13.1735,-30.9515,-30.9693
2037.000000,20,26.3960,184.1568,15.3660,-27.9488,-27.9867
2037.000000,21,26.3960,184.3498,12.1425,-31.3653,-31.3765
2037.000000,22,26.3960,184.5410,7.1431,-36.5559,-36.5590
2037.000000,23,26.3960,184.7305,4.1899,-39.6986,-39.7001
2037.000000,24,26.3960,184.9183,4.2080,-39.8684,-39.8694
2038.000000,0,26.4399,184.3976,2.1154,-41.4402,-41.4408
2038.000000,1,26.4399,184.5820,2.6225,-41.1175,-41.1187
2038.000000,2,26.4399,184.7651,8.8756,-35.0475,-35.0514
2038.000000,3,26.4399,184.9469,13.2646,-30.8404,-30.8551
2038.000000,4,26.4399,185.3076,15.8536,-28.6120,-28.6488
2038.000000,5,26.4399,184.3282,12.0969,-31.3893,-31.4033
2038.000000,6,26.4399,184.5150,11.8936,-31.7794,-31.7898
2038.000000,7,26.4399,184.7004,12.7569,-31.1016,-31.1173
2038.000000,8,26.4399,184.8845,15.7734,-28.2691,-28.3053
2038.000000,9,26.4399,185.2472,17.3207,-27.0845,-27.1509
2038.000000,10,26.4399,184.2634,16.7244,-26.6971,-26.7465
2038.000000,11,26.4399,184.4525,15.2417,-28.3688,-28.3936
2038.000000,12,26.4399,184.6402,14.1994,-29.5989,-29.6198
2038.000000,13,26.4399,184.8263,16.2908,-27.6935,-27.7275
2038.000000,14,26.4399,185.1909,17.0402,-27.3088,-27.3609
2038.000000,15,26.4399,184.2034,17.1125,-26.2489,-26.3191
2038.000000,16,26.4399,184.3947,14.7863,-28.7664,-28.7941
2038.000000,17,26.4399,184.5844,11.7009,-32.0416,-32.0553
2038.000000,18,26.4399,184.7725,13.1517,-30.7788,-30.7924
2038.000000,19,26.4399,184.9590,13.1499,-30.9671,-30.9847
2038.000000,20,26.4399,184.1484,15.3542,-27.9522,-27.9902
2038.000000,21,26.4399,184.3417,12.1966,-31.3031,-31.3145
2038.000000,22,26.4399,184.5334,7.3077,-36.3837,-36.3867
2038.000000,23,26.4399,184.7233,4.0393,-39.8421,-39.8435
2038.000000,24,26.4399,184.9115,4.1358,-39.9337,-39.9347
2039.000000,0,26.4826,184.3842,2.4440,-41.0983,-41.0989
2039.000000,1,26.4826,184.5692,2.8737,-40.8535,-40.8548
2039.000000,2,26.4826,184.7529,8.6347,-35.2762,-35.2798
2039.000000,3,26.4826,184.9353,13.0999,-30.9934,-31.0072
2039.000000,4,26.4826,185.2964,15.7403,-28.7141,-28.7491
2039.000000,5,26.4826,184.3161,12.2834,-31.1907,-31.2058
2039.000000,6,26.4826,184.5035,12.0920,-31.5695,-31.5803
2039.000000,7,26.4826,184.6894,12.5702,-31.2773,-31.2926
2039.000000,8,26.4826,184.8740,15.6645,-28.3675,-28.4023
2039.000000,9,26.4826,185.2371,17.2673,-27.1279,-27.1924
2039.000000,10,26.4826,184.2526,16.8277,-26.5830,-26.6351
2039.000000,11,26.4826,184.4423,15.3775,-28.2228,-28.2486
2039.000000,12,26.4826,184.6304,14.0329,-29.7555,-29.7762
2039.000000,13,26.4826,184.8170,16.2128,-27.7622,-27.7951
2039.000000,14,26.4826,185.1820,17.0291,-27.3110,-27.3622
2039.000000,15,26.4826,184.1939,17.1677,-26.1842,-26.2567
2039.000000,16,26.4826,184.3857,14.8826,-28.6611,-28.6898
2039.000000,17,26.4826,184.5759,11.5212,-32.2128,-32.2266
2039.000000,18,26.4826,184.7644,13.0931,-30.8294,-30.8426
2039.000000,19,26.4826,184.9513,13.1263,-30.9830,-31.0005
2039.000000,20,26.4826,184.1402,15.3341,-27.9641,-28.0022
2039.000000,21,26.4826,184.3341,12.2411,-31.2510,-31.2625
2039.000000,22,26.4826,184.5261,7.4580,-36.2261,-36.2291
2039.000000,23,26.4826,184.7164,3.8909,-39.9835,-39.9850
2039.000000,24,26.4826,184.9050,4.0653,-39.9976,-39.9987
2040.000000,0,26.5241,184.3712,2.7604,-40.7689,-40.7696
2040.000000,1,26.5241,184.5568,3.1156,-40.5992,-40.6005
2040.000000,2,26.5241,184.7410,8.3925,-35.5066,-35.5100
2040.000000,3,26.5241,184.9239,12.9337,-31.1482,-31.1612
2040.000000,4,26.5241,185.2855,15.6246,-28.8189,-28.8524
2040.000000,5,26.5241,184.3043,12.4635,-30.9989,-31.0149
2040.000000,6,26.5241,184.4922,12.2809,-31.3694,-31.3805
2040.000000,7,26.5241,184.6787,12.3821,-31.4546,-31.4696
2040.000000,8,26.5241,184.8637,15.5544,-28.4673,-28.5007
2040.000000,9,26.5241,185.2273,17.2120,-27.1734,-27.2362
2040.000000,10,26.5241,184.2421,16.9249,-26.4753,-26.5301
2040.000000,11,26.5241,184.4323,15.5050,-28.0853,-28.1122
2040.000000,12,26.5241,184.6209,13.8652,-29.9137,-29.9344
2040.000000,13,26.5241,184.8079,16.1338,-27.8321,-27.8640
2040.000000,14,26.5241,185.1734,17.0164,-27.3150,-27.3653
2040.000000,15,26.5241,184.1848,17.2160,-26.1268,-26.2015
2040.000000,16,26.5241,184.3771,14.9792,-28.5559,-28.5856
2040.000000,17,26.5241,184.5676,11.3415,-32.3842,-32.3982
2040.000000,18,26.5241,184.7565,13.0351,-30.8795,-30.8925
2040.000000,19,26.5241,184.9438,13.1212,-30.9807,-30.9980
2040.000000,20,26.5241,184.1325,15.3062,-27.9843,-28.0224
2040.000000,21,26.5241,184.3267,12.2764,-31.2083,-31.2199
2040.000000,22,26.5241,184.5191,7.5951,-36.0821,-36.0852
2040.000000,23,26.5241,184.7098,3.7452,-40.1226,-40.1241
2040.000000,24,26.5241,184.8987,3.9968,-40.0599,-40.0610
2041.000000,0,26.5642,184.3585,3.0655,-40.4510,-40.4518
2041.000000,1,26.5642,184.5446,3.3767,-40.3260,-40.3274
2041.000000,2,26.5642,184.7294,8.1491,-35.7383,-35.7416
2041.000000,3,26.5642,184.9128,12.7662,-31.3046,-31.3169
2041.000000,4,26.5642,185.2749,15.5065,-28.9265,-28.9584
2041.000000,5,26.5642,184.2929,12.6406,-30.8103,-30.8275
2041.000000,6,26.5642,184.4813,12.4609,-31.1784,-31.1900
2041.000000,7,26.5642,184.6683,12.1930,-31.6334,-31.6480
2041.000000,8,26.5642,184.8538,15.4435,-28.5684,-28.6005
2041.000000,9,26.5642,185.2179,17.1549,-27.2210,-27.2821
2041.000000,10,26.5642,184.2320,17.0163,-26.3737,-26.4313
2041.000000,11,26.5642,184.4226,15.6248,-27.9559,-27.9839
2041.000000,12,26.5642,184.6117,13.6964,-30.0734,-30.0940
2041.000000,13,26.5642,184.7992,16.0542,-27.9030,-27.9340
2041.000000,14,26.5642,185.1651,17.0025,-27.3207,-27.3701
2041.000000,15,26.5642,184.1760,17.2576,-26.0764,-26.1532
2041.000000,16,26.5642,184.3687,15.0673,-28.4594,-28.4900
2041.000000,17,26.5642,184.5597,11.2916,-32.4262,-32.4403
2041.000000,18,26.5642,184.7490,12.9780,-30.9290,-30.9417
2041.000000,19,26.5642,184.9367,13.1599,-30.9348,-30.9520
2041.000000,20,26.5642,184.1250,15.2708,-28.0123,-28.0503
2041.000000,21,26.5642,184.3197,12.3030,-31.1747,-31.1864
2041.000000,22,26.5642,184.5125,7.7197,-35.9509,-35.9539
2041.000000,23,26.5642,184.7035,3.7148,-40.1467,-40.1482
2041.000000,24,26.5642,184.8928,3.9304,-40.1204,-40.1214
2042.000000,0,26.6031,184.3461,3.3601,-40.1441,-40.1449
2042.000000,1,26.6031,184.5328,3.6472,-40.0436,-40.0450
2042.000000,2,26.6031,184.7181,7.9049,-35.9713,-35.9744
2042.000000,3,26.6031,184.9020,12.5976,-31.4625,-31.4740
2042.000000,4,26.6031,185.2646,15.3860,-29.0366,-29.0670
2042.000000,5,26.6031,184.2817,12.8198,-30.6199,-30.6382
2042.000000,6,26.6031,184.4707,12.6326,-30.9962,-31.0082
2042.000000,7,26.6031,184.6582,12.0031,-31.8131,-31.8275
2042.000000,8,26.6031,184.8442,15.3317,-28.6705,-28.7014
2042.000000,9,26.6031,185.2087,17.0961,-27.2706,-27.3300
2042.000000,10,26.6031,184.2221,17.1021,-26.2780,-26.3384
2042.000000,11,26.6031,184.4133,15.7372,-27.8342,-27.8633
2042.000000,12,26.6031,184.6028,13.5267,-30.2341,-30.2548
2042.000000,13,26.6031,184.7907,15.9741,-27.9747,-28.0048
2042.000000,14,26.6031,184.9770,16.9872,-27.1479,-27.1985
2042.000000,15,26.6031,184.1675,17.2929,-26.0327,-26.1114
2042.000000,16,26.6031,184.3607,15.1475,-28.3712,-28.4027
2042.000000,17,26.6031,184.5521,11.4248,-32.2854,-32.2996
2042.000000,18,26.6031,184.7418,12.9221,-30.9777,-30.9902
2042.000000,19,26.6031,184.9298,13.1988,-30.8891,-30.9061
2042.000000,20,26.6031,184.1180,15.2281,-28.0479,-28.0858
2042.000000,21,26.6031,184.3130,12.3213,-31.1497,-31.1615
2042.000000,22,26.6031,184.5062,7.8327,-35.8315,-35.8346
2042.000000,23,26.6031,184.6975,3.6904,-40.1652,-40.1666
2042.000000,24,26.6031,184.8871,3.8666,-40.1786,-40.1797
2043.000000,0,26.6407,184.3340,3.6448,-39.8472,-39.8482
2043.000000,1,26.6407,184.5213,3.9045,-39.7748,-39.7762
2043.000000,2,26.6407,184.7071,7.6602,-36.2050,-36.2080
2043.000000,3,26.6407,184.8915,12.4280,-31.6215,-31.6324
2043.000000,4,26.6407,185.2545,15.2634,-29.1492,-29.1781
2043.000000,5,26.6407,184.2709,12.9921,-30.4369,-30.4563
2043.000000,6,26.6407,184.4604,12.7963,-30.8222,-30.8348
2043.000000,7,26.6407,184.6484,11.8127,-31.9937,-32.0079
2043.000000,8,26.6407,184.8348,15.2194,-28.7735,-28.8032
2043.000000,9,26.6407,185.1997,17.0357,-27.3220,-27.3798
2043.000000,10,26.6407,184.2127,17.1827,-26.1880,-26.2511
2043.000000,11,26.6407,184.4043,15.8425,-27.7198,-27.7502
2043.000000,12,26.6407,184.5943,13.3566,-30.3957,-30.4165
2043.000000,13,26.6407,184.7826,15.8936,-28.0470,-28.0763
2043.000000,14,26.6407,184.9693,16.9708,-27.1565,-27.2064
2043.000000,15,26.6407,184.1594,17.3221,-25.9953,-26.0759
2043.000000,16,26.6407,184.3530,15.2202,-28.2908,-28.3233
2043.000000,17,26.6407,184.5448,11.5722,-32.1306,-32.1449
2043.000000,18,26.6407,184.7349,12.8674,-31.0255,-31.0377
2043.000000,19,26.6407,184.9233,13.2379,-30.8434,-30.8604
2043.000000,20,26.6407,184.1112,15.1785,-28.0907,-28.1284
2043.000000,21,26.6407,184.3067,12.3318,-31.1329,-31.1448
2043.000000,22,26.6407,184.5002,7.9349,-35.7233,-35.7264
2043.000000,23,26.6407,184.6919,3.6704,-40.1795,-40.1809
2043.000000,24,26.6407,184.8818,3.8130,-40.2268,-40.2279
2044.000000,0,26.6769,184.3222,3.9203,-39.5600,-39.5610
2044.000000,1,26.6769,184.5100,4.1496,-39.5185,-39.5200
2044.000000,2,26.6769,184.6964,7.4153,-36.4391,-36.4421
2044.000000,3,26.6769,184.8813,12.2577,-31.7816,-31.7919
2044.000000,4,26.6769,185.2447,15.1387,-29.2641,-29.2917
2044.000000,5,26.6769,184.2604,13.1577,-30.2608,-30.2814
2044.000000,6,26.6769,184.4505,12.9524,-30.6561,-30.6692
2044.000000,7,26.6769,184.6389,11.6222,-32.1748,-32.1888
2044.000000,8,26.6769,184.8258,15.1067,-28.8771,-28.9058
2044.000000,9,26.6769,185.1911,16.9739,-27.3752,-27.4314
2044.000000,10,26.6769,184.2035,17.2581,-26.1035,-26.1693
2044.000000,11,26.6769,184.3956,15.9411,-27.6126,-27.6442
2044.000000,12,26.6769,184.5860,13.1863,-30.5577,-30.5787
2044.000000,13,26.6769,184.7747,15.8130,-28.1198,-28.1484
2044.000000,14,26.6769,184.9618,16.9533,-27.1665,-27.2156
2044.000000,15,26.6769,184.1516,17.3455,-25.9641,-26.0465
2044.000000,16,26.6769,184.3456,15.2856,-28.2180,-28.2515
2044.000000,17,26.6769,184.5378,11.7088,-31.9870,-32.0014
2044.000000,18,26.6769,184.7283,12.8143,-31.0721,-31.0841
2044.000000,19,26.6769,184.9170,13.2773,-30.7978,-30.8146
2044.000000,20,26.6769,184.1049,15.1223,-28.1406,-28.1780
2044.000000,21,26.6769,184.3007,12.3348,-31.1239,-31.1358
2044.000000,22,26.6769,184.4945,8.0269,-35.6257,-35.6287
2044.000000,23,26.6769,184.6866,3.6551,-40.1894,-40.1908
2044.000000,24,26.6769,184.8767,3.8804,-40.1544,-40.1555
2045.000000,0,26.7118,184.3108,4.1871,-39.2817,-39.2828
2045.000000,1,26.7118,184.4991,4.3833,-39.2739,-39.2754
2045.000000,2,26.7118,184.6860,7.1706,-36.6734,-36.6763
2045.000000,3,26.7118,184.8713,12.0868,-31.9425,-31.9522
2045.000000,4,26.7118,185.2353,15.0120,-29.3813,-29.4076
2045.000000,5,26.7118,184.2503,13.3169,-30.0914,-30.1133
2045.000000,6,26.7118,184.4408,13.1014,-30.4974,-30.5111
2045.000000,7,26.7118,184.6297,11.4318,-32.3560,-32.3699
2045.000000,8,26.7118,184.8170,14.9938,-28.9813,-29.0089
2045.000000,9,26.7118,185.1828,16.9108,-27.4300,-27.4846
2045.000000,10,26.7118,184.1947,17.3287,-26.0241,-26.0926
2045.000000,11,26.7118,184.3872,16.0332,-27.5121,-27.5449
2045.000000,12,26.7118,184.5781,13.1841,-30.5520,-30.5729
2045.000000,13,26.7118,184.7672,15.7324,-28.1928,-28.2207
2045.000000,14,26.7118,184.9547,16.9349,-27.1778,-27.2261
2045.000000,15,26.7118,184.1442,17.3634,-25.9388,-26.0229
2045.000000,16,26.7118,184.3386,15.3442,-28.1525,-28.1868
2045.000000,17,26.7118,184.5312,11.8353,-31.8540,-31.8684
2045.000000,18,26.7118,184.7220,12.7628,-31.1172,-31.1291
2045.000000,19,26.7118,184.9110,13.3171,-30.7520,-30.7687
2045.000000,20,26.7118,184.0988,15.0597,-28.1971,-28.2342
2045.000000,21,26.7118,184.2950,12.3308,-31.1223,-31.1342
2045.000000,22,26.7118,184.4892,8.1094,-35.5379,-35.5410
2045.000000,23,26.7118,184.6815,3.6447,-40.1949,-40.1962
2045.000000,24,26.7118,184.8720,3.9506,-40.0795,-40.0806
2046.000000,0,26.7454,184.2997,4.4458,-39.0119,-39.0131
2046.000000,1,26.7454,184.4885,4.6065,-39.0401,-39.0417
2046.000000,2,26.7454,184.6759,6.9265,-36.9074,-36.9102
2046.000000,3,26.7454,184.8617,11.9157,-32.1041,-32.1132
2046.000000,4,26.7454,185.2260,14.8834,-29.5006,-29.5256
2046.000000,5,26.7454,184.2405,13.4701,-29.9284,-29.9515
2046.000000,6,26.7454,184.4315,13.2436,-30.3459,-30.3602
2046.000000,7,26.7454,184.6208,11.2419,-32.5370,-32.5509
2046.000000,8,26.7454,184.8086,14.8809,-29.0857,-29.1124
2046.000000,9,26.7454,185.1747,16.8464,-27.4863,-27.5395
2046.000000,10,26.7454,184.1862,17.3946,-25.9497,-26.0209
2046.000000,11,26.7454,184.3792,16.1192,-27.4180,-27.4522
2046.000000,12,26.7454,184.5704,13.3171,-30.4114,-30.4324
2046.000000,13,26.7454,184.7600,15.6521,-28.2659,-28.2932
2046.000000,14,26.7454,184.9478,16.9157,-27.1901,-27.2377
2046.000000,15,26.7454,184.1371,17.3864,-25.9087,-25.9943
2046.000000,16,26.7454,184.3319,15.3962,-28.0938,-28.1289
2046.000000,17,26.7454,184.5249,11.9520,-31.7309,-31.7455
2046.000000,18,26.7454,184.7160,12.7132,-31.1608,-31.1726
2046.000000,19,26.7454,184.9054,13.3574,-30.7060,-30.7227
2046.000000,20,26.7454,184.0932,14.9911,-28.2601,-28.2968
2046.000000,21,26.7454,184.2897,12.3200,-31.1277,-31.1398
2046.000000,22,26.7454,184.4842,8.1829,-35.4594,-35.4625
2046.000000,23,26.7454,184.6768,3.6393,-40.1955,-40.1969
2046.000000,24,26.7454,184.8676,4.0238,-40.0019,-40.0030
2047.000000,0,26.7776,184.2889,4.6967,-38.7502,-38.7515
2047.000000,1,26.7776,184.4782,4.8198,-38.8164,-38.8181
2047.000000,2,26.7776,184.6661,6.6834,-37.1407,-37.1434
2047.000000,3,26.7776,184.8523,11.7444,-32.2660,-32.2746
2047.000000,4,26.7776,185.2171,14.7532,-29.6220,-29.6458
2047.000000,5,26.7776,184.2310,13.6174,-29.7716,-29.7960
2047.000000,6,26.7776,184.4225,13.3794,-30.2011,-30.2160
2047.000000,7,26.7776,184.6123,11.3370,-32.4333,-32.4470
2047.000000,8,26.7776,184.8004,14.7682,-29.1903,-29.2160
2047.000000,9,26.7776,185.1670,16.7809,-27.5441,-27.5958
2047.000000,10,26.7776,184.1781,17.4561,-25.8801,-25.9539
2047.000000,11,26.7776,184.3715,16.1993,-27.3302,-27.3657
2047.000000,12,26.7776,184.5631,13.4409,-30.2803,-30.3012
2047.000000,13,26.7776,184.7530,15.5722,-28.3389,-28.3656
2047.000000,14,26.7776,184.9412,16.8957,-27.2035,-27.2504
2047.000000,15,26.7776,184.1303,17.4320,-25.8564,-25.9433
2047.000000,16,26.7776,184.3255,15.4600,-28.0236,-28.0596
2047.000000,17,26.7776,184.5189,12.0596,-31.6173,-31.6320
2047.000000,18,26.7776,184.7103,12.6657,-31.2027,-31.2143
2047.000000,19,26.7776,184.9000,13.3983,-30.6598,-30.6764
2047.000000,20,26.7776,184.0879,14.9166,-28.3293,-28.3655
2047.000000,21,26.7776,184.2847,12.3027,-31.1400,-31.1520
2047.000000,22,26.7776,184.4795,8.2479,-35.3897,-35.3928
2047.000000,23,26.7776,184.6724,3.6392,-40.1913,-40.1927
2047.000000,24,26.7776,184.8635,4.1001,-39.9215,-39.9226
2048.000000,0,26.8085,184.2784,4.9403,-38.4962,-38.4976
2048.000000,1,26.8085,184.4683,5.0240,-38.6023,-38.6040
2048.000000,2,26.8085,184.6566,6.4417,-37.3729,-37.3756
2048.000000,3,26.8085,184.8433,11.5733,-32.4280,-32.4362
2048.000000,4,26.8085,185.2085,14.6213,-29.7452,-29.7679
2048.000000,5,26.8085,184.2218,13.7592,-29.6207,-29.6464
2048.000000,6,26.8085,184.4138,13.5090,-30.0628,-30.0784
2048.000000,7,26.8085,184.6040,11.5001,-32.2619,-32.2755
2048.000000,8,26.8085,184.7926,14.6559,-29.2947,-29.3196
2048.000000,9,26.8085,184.9795,16.7144,-27.4231,-27.4755
2048.000000,10,26.8085,184.1703,17.5133,-25.8150,-25.8915
2048.000000,11,26.8085,184.3641,16.2737,-27.2484,-27.2851
2048.000000,12,26.8085,184.5562,13.5561,-30.1581,-30.1791
2048.000000,13,26.8085,184.7464,15.4929,-28.4115,-28.4377
2048.000000,14,26.8085,184.9349,16.8751,-27.2179,-27.2641
2048.000000,15,26.8085,184.1239,17.4717,-25.8103,-25.8984
2048.000000,16,26.8085,184.3195,15.5412,-27.9363,-27.9730
2048.000000,17,26.8085,184.5132,12.1584,-31.5128,-31.5276
2048.000000,18,26.8085,184.7050,12.6205,-31.2425,-31.2540
2048.000000,19,26.8085,184.8950,13.4398,-30.6132,-30.6298
2048.000000,20,26.8085,184.0829,14.8365,-28.4045,-28.4402
2048.000000,21,26.8085,184.2800,12.2794,-31.1587,-31.1707
2048.000000,22,26.8085,184.4752,8.3049,-35.3283,-35.3315
2048.000000,23,26.8085,184.6684,3.6445,-40.1819,-40.1833
2048.000000,24,26.8085,184.8597,4.1796,-39.8381,-39.8393
2049.000000,0,26.8380,184.2682,5.1768,-38.2494,-38.2509
2049.000000,1,26.8380,184.4586,5.2196,-38.3970,-38.3988
2049.000000,2,26.8380,184.6474,6.2018,-37.6036,-37.6062
2049.000000,3,26.8380,184.8345,11.4025,-32.5901,-32.5977
2049.000000,4,26.8380,185.2001,14.4879,-29.8703,-29.8918
2049.000000,5,26.8380,184.2130,13.8956,-29.4755,-29.5025
2049.000000,6,26.8380,184.4054,13.6328,-29.9306,-29.9469
2049.000000,7,26.8380,184.5960,11.6531,-32.1010,-32.1144
2049.000000,8,26.8380,184.7850,14.5442,-29.3988,-29.4229
2049.000000,9,26.8380,184.9723,16.6470,-27.4833,-27.5343
2049.000000,10,26.8380,184.1629,17.5664,-25.7544,-25.8335
2049.000000,11,26.8380,184.3571,16.3428,-27.1724,-27.2104
2049.000000,12,26.8380,184.5495,13.6630,-30.0446,-30.0656
2049.000000,13,26.8380,184.7401,15.4144,-28.4837,-28.5094
2049.000000,14,26.8380,184.9290,16.8540,-27.2330,-27.2786
2049.000000,15,26.8380,184.1179,17.5059,-25.7700,-25.8592
2049.000000,16,26.8380,184.3138,15.6153,-27.8565,-27.8939
2049.000000,17,26.8380,184.5078,12.2490,-31.4169,-31.4319
2049.000000,18,26.8380,184.6999,12.5778,-31.2802,-31.2916
2049.000000,19,26.8380,184.8902,13.4821,-30.5661,-30.5827
2049.000000,20,26.8380,184.0783,14.7510,-28.4853,-28.5205
2049.000000,21,26.8380,184.2757,12.2502,-31.1835,-31.1955
2049.000000,22,26.8380,184.4712,8.3544,-35.2748,-35.2780
2049.000000,23,26.8380,184.6646,3.6554,-40.1673,-40.1687
2049.000000,24,26.8380,184.8562,4.2625,-39.7517,-39.7530
2050.000000,0,26.8662,184.2584,5.4068,-38.0097,-38.0113
2050.000000,1,26.8662,184.4492,5.4072,-38.2001,-38.2020
2050.000000,2,26.8662,184.6385,5.9642,-37.8323,-37.8349
2050.000000,3,26.8662,184.8261,11.2323,-32.7518,-32.7591
2050.000000,4,26.8662,185.1921,14.3531,-29.9970,-30.0174
2050.000000,5,26.8662,184.2045,14.0268,-29.3358,-29.3642
2050.000000,6,26.8662,184.3973,13.7510,-29.8044,-29.8214
2050.000000,7,26.8662,184.5884,11.7965,-31.9499,-31.9632
2050.000000,8,26.8662,184.7778,14.4334,-29.5024,-29.5258
2050.000000,9,26.8662,184.9654,16.5789,-27.5446,-27.5943
2050.000000,10,26.8662,184.1558,17.6157,-25.6981,-25.7796
2050.000000,11,26.8662,184.3504,16.4066,-27.1019,-27.1411
2050.000000,12,26.8662,184.5432,13.7619,-29.9393,-29.9605
2050.000000,13,26.8662,184.7341,15.3370,-28.5552,-28.5804
2050.000000,14,26.8662,184.9233,16.8325,-27.2489,-27.2939
2050.000000,15,26.8662,184.1122,17.5348,-25.7354,-25.8255
2050.000000,16,26.8662,184.3085,15.6826,-27.7839,-27.8219
2050.000000,17,26.8662,184.5028,12.3315,-31.3293,-31.3445
2050.000000,18,26.8662,184.6952,12.5378,-31.3155,-31.3269
2050.000000,19,26.8662,184.8858,13.5252,-30.5186,-30.5352
2050.000000,20,26.8662,184.0741,14.6604,-28.5717,-28.6062
2050.000000,21,26.8662,184.2718,12.2155,-31.2143,-31.2262
2050.000000,22,26.8662,184.4675,8.3967,-35.2288,-35.2320
2050.000000,23,26.8662,184.6612,3.6720,-40.1472,-40.1487
2050.000000,24,26.8662,184.8530,4.3488,-39.6622,-39.6635
2051.000000,0,26.8929,184.2489,5.6303,-37.7766,-37.7784
2051.000000,1,26.8929,184.4402,5.5871,-38.0111,-38.0131
2051.000000,2,26.8929,184.6299,5.7294,-38.0585,-38.0611
2051.000000,3,26.8929,184.8179,11.0629,-32.9130,-32.9199
2051.000000,4,26.8929,185.1843,14.2171,-30.1252,-30.1447
2051.000000,5,26.8929,184.1964,14.1531,-29.2014,-29.2311
2051.000000,6,26.8929,184.3896,13.8638,-29.6839,-29.7015
2051.000000,7,26.8929,184.5811,11.9308,-31.8083,-31.8216
2051.000000,8,26.8929,184.7708,14.3236,-29.6053,-29.6280
2051.000000,9,26.8929,184.9588,16.5100,-27.6069,-27.6552
2051.000000,10,26.8929,184.1490,17.6612,-25.6458,-25.7298
2051.000000,11,26.8929,184.3440,16.4653,-27.0367,-27.0772
2051.000000,12,26.8929,184.5371,13.8532,-29.8420,-29.8633
2051.000000,13,26.8929,184.7284,15.2607,-28.6257,-28.6506
2051.000000,14,26.8929,184.9179,16.8106,-27.2653,-27.3098
2051.000000,15,26.8929,184.1069,17.5587,-25.7062,-25.7972
2051.000000,16,26.8929,184.3035,15.7434,-27.7181,-27.7567
2051.000000,17,26.8929,184.4981,12.4489,-31.2072,-31.2225
2051.000000,18,26.8929,184.6908,12.5006,-31.3482,-31.3596
2051.000000,19,26.8929,184.8816,13.5692,-30.4705,-30.4870
2051.000000,20,26.8929,184.0702,14.5649,-28.6633,-28.6972
2051.000000,21,26.8929,184.2682,12.1756,-31.2506,-31.2625
2051.000000,22,26.8929,184.4641,8.4322,-35.1900,-35.1931
2051.000000,23,26.8929,184.6581,3.6945,-40.1216,-40.1230
2051.000000,24,26.8929,184.8501,4.4387,-39.5694,-39.5707
2052.000000,0,26.9183,184.2397,5.8477,-37.5500,-37.5519
2052.000000,1,26.9183,184.4315,5.7600,-37.8296,-37.8317
2052.000000,2,26.9183,184.6216,5.5134,-38.2662,-38.2689
2052.000000,3,26.9183,184.8100,10.8945,-33.0735,-33.0801
2052.000000,4,26.9183,185.1768,14.0800,-30.2549,-30.2734
2052.000000,5,26.9183,184.1886,14.2745,-29.0721,-29.1032
2052.000000,6,26.9183,184.3822,13.9715,-29.5688,-29.5872
2052.000000,7,26.9183,184.5741,12.0564,-31.6757,-31.6889
2052.000000,8,26.9183,184.7642,14.2150,-29.7073,-29.7293
2052.000000,9,26.9183,184.9526,16.4577,-27.6529,-27.6999
2052.000000,10,26.9183,184.1426,17.7031,-25.5975,-25.6838
2052.000000,11,26.9183,184.3380,16.5193,-26.9767,-27.0185
2052.000000,12,26.9183,184.5314,13.9371,-29.7524,-29.7739
2052.000000,13,26.9183,184.7231,15.1859,-28.6952,-28.7197
2052.000000,14,26.9183,184.9129,16.7886,-27.2823,-27.3263
2052.000000,15,26.9183,184.1019,17.5777,-25.6822,-25.7738
2052.000000,16,26.9183,184.2988,15.7980,-27.6589,-27.6980
2052.000000,17,26.9183,184.4937,12.5632,-31.0886,-31.1040
2052.000000,18,26.9183,184.6867,12.4665,-31.3782,-31.3895
2052.000000,19,26.9183,184.8778,13.6142,-30.4217,-30.4383
2052.000000,20,26.9183,184.0666,14.4646,-28.7601,-28.7932
2052.000000,21,26.9183,184.2649,12.1306,-31.2924,-31.3041
2052.000000,22,26.9183,184.4611,8.4613,-35.1578,-35.1610
2052.000000,23,26.9183,184.6553,3.7231,-40.0902,-40.0916
2052.000000,24,26.9183,184.8475,4.5323,-39.4733,-39.4746
2053.000000,0,26.9423,184.2309,6.0593,-37.3296,-37.3317
2053.000000,1,26.9423,184.4231,5.9260,-37.6552,-37.6574
2053.000000,2,26.9423,184.6137,5.6508,-38.1209,-38.1235
2053.000000,3,26.9423,184.8025,10.7275,-33.2330,-33.2392
2053.000000,4,26.9423,185.1696,13.9418,-30.3859,-30.4035
2053.000000,5,26.9423,184.1811,14.3914,-28.9477,-28.9803
2053.000000,6,26.9423,184.3752,14.0743,-29.4590,-29.4780
2053.000000,7,26.9423,184.5674,12.1738,-31.5517,-31.5649
2053.000000,8,26.9423,184.7579,14.1227,-29.7932,-29.8146
2053.000000,9,26.9423,184.9466,16.4129,-27.6917,-27.7376
2053.000000,10,26.9423,184.1365,17.7416,-25.5529,-25.6416
2053.000000,11,26.9423,184.3323,16.5686,-26.9217,-26.9647
2053.000000,12,26.9423,184.5261,14.0140,-29.6701,-29.6918
2053.000000,13,26.9423,184.7180,15.1126,-28.7634,-28.7876
2053.000000,14,26.9423,184.9081,16.7664,-27.2997,-27.3432
2053.000000,15,26.9423,184.0973,17.5921,-25.6632,-25.7553
2053.000000,16,26.9423,184.2945,15.8466,-27.6059,-27.6456
2053.000000,17,26.9423,184.4897,12.6684,-30.9794,-30.9949
2053.000000,18,26.9423,184.6829,12.4357,-31.4053,-31.4166
2053.000000,19,26.9423,184.8743,13.6602,-30.3721,-30.3888
2053.000000,20,26.9423,184.0635,14.3598,-28.8617,-28.8941
2053.000000,21,26.9423,184.2620,12.0807,-31.3393,-31.3509
2053.000000,22,26.9423,184.4584,8.4843,-35.1322,-35.1354
2053.000000,23,26.9423,184.6528,3.7580,-40.0529,-40.0544
2053.000000,24,26.9423,184.8453,4.6296,-39.3737,-39.3751
2054.000000,0,26.9648,184.2224,6.2652,-37.1153,-37.1174
2054.000000,1,26.9648,184.4151,6.0857,-37.4874,-37.4898
2054.000000,2,26.9648,184.6060,5.7801,-37.9839,-37.9865
2054.000000,3,26.9648,184.7952,10.5619,-33.3914,-33.3972
2054.000000,4,26.9648,185.1627,13.8027,-30.5181,-30.5348
2054.000000,5,26.9648,184.1740,14.5038,-28.8282,-28.8622
2054.000000,6,26.9648,184.3685,14.1723,-29.3542,-29.3739
2054.000000,7,26.9648,184.5611,12.2832,-31.4359,-31.4491
2054.000000,8,26.9648,184.7519,14.0422,-29.8677,-29.8886
2054.000000,9,26.9648,184.9409,16.3684,-27.7305,-27.7752
2054.000000,10,26.9648,184.1308,17.7768,-25.5120,-25.6029
2054.000000,11,26.9648,184.3269,16.6133,-26.8716,-26.9157
2054.000000,12,26.9648,184.5210,14.0840,-29.5951,-29.6170
2054.000000,13,26.9648,184.7132,15.0411,-28.8302,-28.8541
2054.000000,14,26.9648,184.9036,16.7443,-27.3174,-27.3605
2054.000000,15,26.9648,184.0930,17.6022,-25.6489,-25.7414
2054.000000,16,26.9648,184.2905,15.8895,-27.5590,-27.5991
2054.000000,17,26.9648,184.4860,12.7649,-30.8791,-30.8948
2054.000000,18,26.9648,184.6795,12.4082,-31.4293,-31.4406
2054.000000,19,26.9648,184.8711,13.7073,-30.3218,-30.3386
2054.000000,20,26.9648,184.0607,14.2507,-28.9680,-28.9997
2054.000000,21,26.9648,184.2594,12.0263,-31.3911,-31.4026
2054.000000,22,26.9648,184.4561,8.5014,-35.1127,-35.1159
2054.000000,23,26.9648,184.6507,3.7991,-40.0097,-40.0111
2054.000000,24,26.9648,184.8433,4.7307,-39.2706,-39.2721
2055.000000,0,26.9860,184.2143,6.4656,-36.9067,-36.9091
2055.000000,1,26.9860,184.4074,6.2393,-37.3261,-37.3286
2055.000000,2,26.9860,184.5987,5.9018,-37.8550,-37.8575
2055.000000,3,26.9860,184.7883,10.3981,-33.5482,-33.5538
2055.000000,4,26.9860,184.9761,13.6628,-30.4714,-30.4879
2055.000000,5,26.9860,184.1672,14.6119,-28.7134,-28.7488
2055.000000,6,26.9860,184.3621,14.2659,-29.2542,-29.2747
2055.000000,7,26.9860,184.5550,12.3850,-31.3281,-31.3413
2055.000000,8,26.9860,184.7462,13.9645,-29.9397,-29.9600
2055.000000,9,26.9860,184.9355,16.3244,-27.7692,-27.8127
2055.000000,10,26.9860,184.1255,17.8089,-25.4746,-25.5676
2055.000000,11,26.9860,184.3219,16.6537,-26.8262,-26.8714
2055.000000,12,26.9860,184.5163,14.1473,-29.5270,-29.5492
2055.000000,13,26.9860,184.7088,14.9716,-28.8952,-28.9189
2055.000000,14,26.9860,184.8995,16.7222,-27.3353,-27.3781
2055.000000,15,26.9860,184.0891,17.6080,-25.6391,-25.7320
2055.000000,16,26.9860,184.2869,15.9270,-27.5179,-27.5583
2055.000000,17,26.9860,184.4826,12.8532,-30.7874,-30.8032
2055.000000,18,26.9860,184.6764,12.3844,-31.4500,-31.4613
2055.000000,19,26.9860,184.8682,13.7555,-30.2707,-30.2875
2055.000000,20,26.9860,184.0582,14.1374,-29.0789,-29.1098
2055.000000,21,26.9860,184.2572,11.9676,-31.4477,-31.4591
2055.000000,22,26.9860,184.4541,8.5130,-35.0991,-35.1023
2055.000000,23,26.9860,184.6489,3.8466,-39.9603,-39.9618
2055.000000,24,26.9860,184.8417,4.8358,-39.1639,-39.1654
2056.000000,0,27.0057,184.2064,6.6606,-36.7039,-36.7064
2056.000000,1,27.0057,184.4000,6.3870,-37.1709,-37.1735
2056.000000,2,27.0057,184.5917,6.0162,-37.7335,-37.7360
2056.000000,3,27.0057,184.7816,10.2362,-33.7034,-33.7087
2056.000000,4,27.0057,184.9698,13.5223,-30.6056,-30.6214
2056.000000,5,27.0057,184.1608,14.7158,-28.6031,-28.6399
2056.000000,6,27.0057,184.3560,14.3551,-29.1590,-29.1801
2056.000000,7,27.0057,184.5493,12.4795,-31.2279,-31.2412
2056.000000,8,27.0057,184.7408,13.8898,-30.0089,-30.0288
2056.000000,9,27.0057,184.9304,16.2809,-27.8075,-27.8500
2056.000000,10,27.0057,184.1205,17.8379,-25.4407,-25.5356
2056.000000,11,27.0057,184.3172,16.6899,-26.7853,-26.8316
2056.000000,12,27.0057,184.5119,14.2042,-29.4658,-29.4881
2056.000000,13,27.0057,184.7047,14.9043,-28.9584,-28.9819
2056.000000,14,27.0057,184.8956,16.7003,-27.3534,-27.3958
2056.000000,15,27.0057,184.0856,17.6098,-25.6338,-25.7268
2056.000000,16,27.0057,184.2836,15.9592,-27.4824,-27.5231
2056.000000,17,27.0057,184.4796,12.9336,-30.7040,-30.7199
2056.000000,18,27.0057,184.6735,12.3642,-31.4674,-31.4787
2056.000000,19,27.0057,184.8656,13.8050,-30.2186,-30.2356
2056.000000,20,27.0057,184.0562,14.0201,-29.1941,-29.2242
2056.000000,21,27.0057,184.2553,11.9046,-31.5088,-31.5200
2056.000000,22,27.0057,184.4524,8.5192,-35.0912,-35.0944
2056.000000,23,27.0057,184.6474,3.9006,-39.9048,-39.9063
2056.000000,24,27.0057,184.8403,4.9448,-39.0536,-39.0551
2057.000000,0,27.0240,184.1990,6.8505,-36.5065,-36.5092
2057.000000,1,27.0240,184.3929,6.5293,-37.0216,-37.0243
2057.000000,2,27.0240,184.5850,6.1239,-37.6191,-37.6216
2057.000000,3,27.0240,184.7753,10.0766,-33.8567,-33.8618
2057.000000,4,27.0240,184.9638,13.3812,-30.7407,-30.7557
2057.000000,5,27.0240,184.1547,14.8155,-28.4972,-28.5354
2057.000000,6,27.0240,184.3503,14.4401,-29.0683,-29.0901
2057.000000,7,27.0240,184.5439,12.5669,-31.1350,-31.1484
2057.000000,8,27.0240,184.7357,13.8184,-30.0753,-30.0947
2057.000000,9,27.0240,184.9256,16.2381,-27.8456,-27.8870
2057.000000,10,27.0240,184.1158,17.8639,-25.4100,-25.5069
2057.000000,11,27.0240,184.3128,16.7220,-26.7489,-26.7962
2057.000000,12,27.0240,184.5079,14.2548,-29.4111,-29.4336
2057.000000,13,27.0240,184.7009,14.8393,-29.0196,-29.0429
2057.000000,14,27.0240,184.8921,16.6786,-27.3715,-27.4136
2057.000000,15,27.0240,184.0824,17.6078,-25.6326,-25.7257
2057.000000,16,27.0240,184.2806,15.9865,-27.4522,-27.4932
2057.000000,17,27.0240,184.4769,13.0064,-30.6285,-30.6445
2057.000000,18,27.0240,184.6711,12.3480,-31.4811,-31.4924
2057.000000,19,27.0240,184.8633,13.8557,-30.1656,-30.1827
2057.000000,20,27.0240,184.0544,13.8989,-29.3135,-29.3429
2057.000000,21,27.0240,184.2538,11.8376,-31.5742,-31.5853
2057.000000,22,27.0240,184.4510,8.5203,-35.0887,-35.0920
2057.000000,23,27.0240,184.6462,3.9613,-39.8430,-39.8445
2057.000000,24,27.0240,184.8393,5.0579,-38.9395,-38.9411
2058.000000,0,27.0408,184.1918,7.0353,-36.3146,-36.3175
2058.000000,1,27.0408,184.3861,6.6662,-36.8779,-36.8807
2058.000000,2,27.0408,184.5786,6.2251,-37.5115,-37.5140
2058.000000,3,27.0408,184.7692,9.9195,-34.0078,-34.0127
2058.000000,4,27.0408,184.9581,13.2396,-30.8765,-30.8908
2058.000000,5,27.0408,184.1490,14.9113,-28.3957,-28.4353
2058.000000,6,27.0408,184.3449,14.5210,-28.9820,-29.0045
2058.000000,7,27.0408,184.5389,12.6476,-31.0493,-31.0627
2058.000000,8,27.0408,184.7309,13.7503,-30.1386,-30.1576
2058.000000,9,27.0408,184.9211,16.1960,-27.8832,-27.9236
2058.000000,10,27.0408,184.1115,17.8871,-25.3825,-25.4812
2058.000000,11,27.0408,184.3088,16.7500,-26.7169,-26.7651
2058.000000,12,27.0408,184.5041,14.2993,-29.3629,-29.3856
2058.000000,13,27.0408,184.6974,14.7768,-29.0786,-29.1017
2058.000000,14,27.0408,184.8888,16.6573,-27.3895,-27.4313
2058.000000,15,27.0408,184.0795,17.6021,-25.6355,-25.7285
2058.000000,16,27.0408,184.2781,16.0088,-27.4273,-27.4685
2058.000000,17,27.0408,184.4745,13.0719,-30.5606,-30.5767
2058.000000,18,27.0408,184.6689,12.3358,-31.4912,-31.5025
2058.000000,19,27.0408,184.8613,13.9077,-30.1117,-30.1289
2058.000000,20,27.0408,184.0531,13.7741,-29.4371,-29.4656
2058.000000,21,27.0408,184.2526,11.7668,-31.6439,-31.6548
2058.000000,22,27.0408,184.4500,8.5166,-35.0915,-35.0947
2058.000000,23,27.0408,184.6453,4.0285,-39.7749,-39.7764
2058.000000,24,27.0408,184.8386,5.1751,-38.8216,-38.8232
2059.000000,0,27.0563,184.1850,7.2151,-36.1280,-36.1311
2059.000000,1,27.0563,184.3797,6.7981,-36.7397,-36.7426
2059.000000,2,27.0563,184.5725,6.3202,-37.4104,-37.4128
2059.000000,3,27.0563,184.7635,9.7649,-34.1566,-34.1613
2059.000000,4,27.0563,184.9527,13.0978,-31.0130,-31.0266
2059.000000,5,27.0563,184.1436,15.0032,-28.2984,-28.3395
2059.000000,6,27.0563,184.3399,14.5979,-28.9000,-28.9232
2059.000000,7,27.0563,184.5341,12.7217,-30.9705,-30.9840
2059.000000,8,27.0563,184.7265,13.6858,-30.1987,-30.2173
2059.000000,9,27.0563,184.9169,16.1547,-27.9203,-27.9598
2059.000000,10,27.0563,184.1076,17.9075,-25.3581,-25.4585
2059.000000,11,27.0563,184.3052,16.7742,-26.6891,-26.7381
2059.000000,12,27.0563,184.5007,14.3378,-29.3210,-29.3439
2059.000000,13,27.0563,184.6943,14.7171,-29.1352,-29.1582
2059.000000,14,27.0563,184.8859,16.6365,-27.4075,-27.4490
2059.000000,15,27.0563,184.0771,17.5928,-25.6423,-25.7351
2059.000000,16,27.0563,184.2758,16.0265,-27.4073,-27.4486
2059.000000,17,27.0563,184.4724,13.1303,-30.5002,-30.5163
2059.000000,18,27.0563,184.6670,12.3277,-31.4974,-31.5088
2059.000000,19,27.0563,184.8596,13.9610,-30.0567,-30.0741
2059.000000,20,27.0563,184.0521,13.6456,-29.5645,-29.5922
2059.000000,21,27.0563,184.2518,11.6923,-31.7175,-31.7283
2059.000000,22,27.0563,184.4494,8.5080,-35.0994,-35.1026
2059.000000,23,27.0563,184.6448,4.1024,-39.7004,-39.7020
2059.000000,24,27.0563,184.8382,5.2964,-38.6999,-38.7016
2060.000000,0,27.0703,184.1786,7.3900,-35.9467,-35.9499
2060.000000,1,27.0703,184.3737,6.9250,-36.6067,-36.6097
2060.000000,2,27.0703,184.5668,6.4095,-37.3153,-37.3178
2060.000000,3,27.0703,184.7581,9.6133,-34.3028,-34.3073
2060.000000,4,27.0703,184.9476,12.9557,-31.1500,-31.1629
2060.000000,5,27.0703,184.1386,15.0998,-28.1968,-28.2393
2060.000000,6,27.0703,184.3351,14.6710,-28.8222,-28.8460
2060.000000,7,27.0703,184.5297,12.7894,-30.8984,-30.9119
2060.000000,8,27.0703,184.7223,13.6249,-30.2554,-30.2736
2060.000000,9,27.0703,184.9131,16.1142,-27.9569,-27.9954
2060.000000,10,27.0703,184.1040,17.9253,-25.3368,-25.4388
2060.000000,11,27.0703,184.3019,16.7945,-26.6654,-26.7153
2060.000000,12,27.0703,184.4977,14.3704,-29.2853,-29.3085
2060.000000,13,27.0703,184.6914,14.6602,-29.1893,-29.2121
2060.000000,14,27.0703,184.8833,16.6161,-27.4252,-27.4666
2060.000000,15,27.0703,184.0749,17.5802,-25.6528,-25.7453
2060.000000,16,27.0703,184.2739,16.0397,-27.3922,-27.4336
2060.000000,17,27.0703,184.4707,13.1819,-30.4468,-30.4631
2060.000000,18,27.0703,184.6655,12.3239,-31.4996,-31.5111
2060.000000,19,27.0703,184.8583,14.0157,-30.0006,-30.0182
2060.000000,20,27.0703,184.0515,13.5137,-29.6958,-29.7227
2060.000000,21,27.0703,184.2513,11.6143,-31.7951,-31.8056
2060.000000,22,27.0703,184.4490,8.4950,-35.1121,-35.1153
2060.000000,23,27.0703,184.6446,4.1831,-39.6196,-39.6212
2060.000000,24,27.0703,184.8381,5.4257,-38.5705,-38.5723
2061.000000,0,27.0828,184.1725,7.5601,-35.7705,-35.7739
2061.000000,1,27.0828,184.3679,7.0472,-36.4788,-36.4819
2061.000000,2,27.0828,184.5614,6.4933,-37.2262,-37.2286
2061.000000,3,27.0828,184.7530,9.4648,-34.4462,-34.4506
2061.000000,4,27.0828,184.9428,12.8135,-31.2874,-31.2997
2061.000000,5,27.0828,184.1339,15.1964,-28.0955,-28.1393
2061.000000,6,27.0828,184.3308,14.7404,-28.7484,-28.7729
2061.000000,7,27.0828,184.5256,12.8509,-30.8328,-30.8464
2061.000000,8,27.0828,184.7185,13.5679,-30.3087,-30.3265
2061.000000,9,27.0828,184.9095,16.0747,-27.9928,-28.0305
2061.000000,10,27.0828,184.1008,17.9405,-25.3184,-25.4219
2061.000000,11,27.0828,184.2989,16.8111,-26.6459,-26.6966
2061.000000,12,27.0828,184.4949,14.3972,-29.2557,-29.2791
2061.000000,13,27.0828,184.6889,14.6063,-29.2407,-29.2634
2061.000000,14,27.0828,184.8809,16.5964,-27.4426,-27.4839
2061.000000,15,27.0828,184.0732,17.5643,-25.6669,-25.7589
2061.000000,16,27.0828,184.2723,16.0486,-27.3818,-27.4232
2061.000000,17,27.0828,184.4694,13.2270,-30.4004,-30.4167
2061.000000,18,27.0828,184.6643,12.3245,-31.4978,-31.5094
2061.000000,19,27.0828,184.8572,14.0718,-29.9434,-29.9612
2061.000000,20,27.0828,184.0512,13.3784,-29.8308,-29.8568
2061.000000,21,27.0828,184.2512,11.5328,-31.8764,-31.8867
2061.000000,22,27.0828,184.4490,8.4775,-35.1296,-35.1328
2061.000000,23,27.0828,184.6447,4.2704,-39.5324,-39.5340
2061.000000,24,27.0828,184.8384,5.6343,-38.3621,-38.3640
2062.000000,0,27.0939,184.1668,7.7254,-35.5994,-35.6031
2062.000000,1,27.0939,184.3625,7.1647,-36.3558,-36.3591
2062.000000,2,27.0939,184.5563,6.5717,-37.1426,-37.1450
2062.000000,3,27.0939,184.7482,9.3196,-34.5867,-34.5908
2062.000000,4,27.0939,184.9383,12.6712,-31.4251,-31.4369
2062.000000,5,27.0939,184.1296,15.2905,-27.9971,-28.0423
2062.000000,6,27.0939,184.3268,14.8062,-28.6786,-28.7038
2062.000000,7,27.0939,184.5219,12.9063,-30.7736,-30.7873
2062.000000,8,27.0939,184.7150,13.5148,-30.3583,-30.3758
2062.000000,9,27.0939,184.9062,16.0362,-28.0281,-28.0650
2062.000000,10,27.0939,184.0979,17.9531,-25.3029,-25.4077
2062.000000,11,27.0939,184.2963,16.8239,-26.6304,-26.6817
2062.000000,12,27.0939,184.4925,14.4184,-29.2322,-29.2557
2062.000000,13,27.0939,184.6867,14.5555,-29.2892,-29.3119
2062.000000,14,27.0939,184.8789,16.5772,-27.4597,-27.5008
2062.000000,15,27.0939,184.0718,17.5453,-25.6845,-25.7760
2062.000000,16,27.0939,184.2711,16.0532,-27.3760,-27.4174
2062.000000,17,27.0939,184.4683,13.2656,-30.3608,-30.3771
2062.000000,18,27.0939,184.6634,12.3296,-31.4919,-31.5035
2062.000000,19,27.0939,184.8565,14.1293,-29.8852,-29.9032
2062.000000,20,27.0939,184.0513,13.2399,-29.9694,-29.9945
2062.000000,21,27.0939,184.2514,11.4481,-31.9614,-31.9715
2062.000000,22,27.0939,184.4494,8.4557,-35.1517,-35.1549
2062.000000,23,27.0939,184.6452,4.3644,-39.4388,-39.4404
2062.000000,24,27.0939,184.8389,5.8437,-38.1532,-38.1552
2063.000000,0,27.1035,184.1614,7.8860,-35.4334,-35.4373
2063.000000,1,27.1035,184.3574,7.2777,-36.2378,-36.2411
2063.000000,2,27.1035,184.5516,6.6451,-37.0645,-37.0669
2063.000000,3,27.1035,184.7438,9.1779,-34.7239,-34.7279
2063.000000,4,27.1035,184.9341,12.5291,-31.5630,-31.5743
2063.000000,5,27.1035,184.1257,15.3822,-27.9015,-27.9480
2063.000000,6,27.1035,184.3231,14.8683,-28.6128,-28.6385
2063.000000,7,27.1035,184.5184,12.9558,-30.7206,-30.7345
2063.000000,8,27.1035,184.7118,13.4657,-30.4041,-30.4214
2063.000000,9,27.1035,184.9033,15.9986,-28.0627,-28.0988
2063.000000,10,27.1035,184.0954,17.9632,-25.2902,-25.3963
2063.000000,11,27.1035,184.2940,16.8332,-26.6188,-26.6708
2063.000000,12,27.1035,184.4904,14.4339,-29.2146,-29.2383
2063.000000,13,27.1035,184.6848,14.5081,-29.3348,-29.3574
2063.000000,14,27.1035,184.8772,16.5588,-27.4764,-27.5174
2063.000000,15,27.1035,184.0708,17.5233,-25.7055,-25.7963
2063.000000,16,27.1035,184.2703,16.0537,-27.3746,-27.4159
2063.000000,17,27.1035,184.4676,13.2980,-30.3277,-30.3440
2063.000000,18,27.1035,184.6628,12.3392,-31.4817,-31.4934
2063.000000,19,27.1035,184.8561,14.1883,-29.8258,-29.8441
2063.000000,20,27.1035,184.0518,13.0983,-30.1115,-30.1358
2063.000000,21,27.1035,184.2520,11.3602,-32.0498,-32.0597
2063.000000,22,27.1035,184.4500,8.4297,-35.1784,-35.1815
2063.000000,23,27.1035,184.6459,4.4650,-39.3389,-39.3406
2063.000000,24,27.1035,184.8398,6.0539,-37.9440,-37.9460
2064.000000,0,27.1117,184.1563,8.0419,-35.2725,-35.2767
2064.000000,1,27.1117,184.3527,7.3863,-36.1244,-36.1279
2064.000000,2,27.1117,184.5471,6.7136,-36.9916,-36.9940
2064.000000,3,27.1117,184.7396,9.0399,-34.8577,-34.8616
2064.000000,4,27.1117,184.9302,12.3871,-31.7011,-31.7118
2064.000000,5,27.1117,184.1221,15.4714,-27.8087,-27.8565
2064.000000,6,27.1117,184.3197,14.9270,-28.5508,-28.5770
2064.000000,7,27.1117,184.5153,12.9996,-30.6738,-30.6877
2064.000000,8,27.1117,184.7089,13.4208,-30.4462,-30.4631
2064.000000,9,27.1117,184.9006,15.9622,-28.0965,-28.1319
2064.000000,10,27.1117,184.0933,17.9709,-25.2804,-25.3876
2064.000000,11,27.1117,184.2920,16.8389,-26.6112,-26.6638
2064.000000,12,27.1117,184.4887,14.4438,-29.2030,-29.2268
2064.000000,13,27.1117,184.6833,14.4641,-29.3772,-29.3998
2064.000000,14,27.1117,184.8758,16.5412,-27.4926,-27.5336
2064.000000,15,27.1117,184.0701,17.4984,-25.7297,-25.8198
2064.000000,16,27.1117,184.2698,16.0502,-27.3776,-27.4187
2064.000000,17,27.1117,184.4672,13.3242,-30.3010,-30.3173
2064.000000,18,27.1117,184.6626,12.3534,-31.4673,-31.4790
2064.000000,19,27.1117,184.8559,14.2486,-29.7653,-29.7839
2064.000000,20,27.1117,184.0526,12.9615,-30.2491,-30.2725
2064.000000,21,27.1117,184.2529,11.2693,-32.1417,-32.1513
2064.000000,22,27.1117,184.4511,8.3997,-35.2094,-35.2125
2064.000000,23,27.1117,184.6470,4.5723,-39.2328,-39.2345
2064.000000,24,27.1117,184.8409,6.2647,-37.7343,-37.7364
2065.000000,0,27.1184,184.1516,8.1930,-35.1166,-35.1211
2065.000000,1,27.1184,184.3483,7.4906,-36.0158,-36.0194
2065.000000,2,27.1184,184.5430,6.7773,-36.9237,-36.9261
2065.000000,3,27.1184,184.7357,8.9058,-34.9879,-34.9917
2065.000000,4,27.1184,184.9266,12.2454,-31.8392,-31.8495
2065.000000,5,27.1184,184.1188,15.5582,-27.7186,-27.7677
2065.000000,6,27.1184,184.3167,14.9822,-28.4926,-28.5194
2065.000000,7,27.1184,184.5126,13.0376,-30.6331,-30.6470
2065.000000,8,27.1184,184.7064,13.3801,-30.4843,-30.5010
2065.000000,9,27.1184,184.8983,15.9268,-28.1295,-28.1642
2065.000000,10,27.1184,184.0915,17.9762,-25.2733,-25.3816
2065.000000,11,27.1184,184.2905,16.8409,-26.6075,-26.6606
2065.000000,12,27.1184,184.4873,14.4481,-29.1972,-29.2212
2065.000000,13,27.1184,184.6820,14.4236,-29.4164,-29.4390
2065.000000,14,27.1184,184.8748,16.5245,-27.5083,-27.5493
2065.000000,15,27.1184,184.0698,17.4707,-25.7572,-25.8464
2065.000000,16,27.1184,184.2696,16.0428,-27.3848,-27.4257
2065.000000,17,27.1184,184.4672,13.3445,-30.2807,-30.2970
2065.000000,18,27.1184,184.6627,12.3722,-31.4485,-31.4603
2065.000000,19,27.1184,184.8561,14.3104,-29.7037,-29.7226
2065.000000,20,27.1184,184.0538,12.8510,-30.3608,-30.3833
2065.000000,21,27.1184,184.2542,11.1754,-32.2369,-32.2463
2065.000000,22,27.1184,184.4524,8.3656,-35.2449,-35.2479
2065.000000,23,27.1184,184.6485,4.6860,-39.1205,-39.1222
2065.000000,24,27.1184,184.8424,6.4761,-37.5243,-37.5265
2066.000000,0,27.1236,184.1473,8.3395,-34.9658,-34.9705
2066.000000,1,27.1236,184.3443,7.5906,-35.9117,-35.9155
2066.000000,2,27.1236,184.5392,6.8365,-36.8607,-36.8632
2066.000000,3,27.1236,184.7322,8.7758,-35.1144,-35.1180
2066.000000,4,27.1236,184.9233,12.1040,-31.9773,-31.9871
2066.000000,5,27.1236,184.1159,15.6427,-27.6313,-27.6816
2066.000000,6,27.1236,184.3141,15.0340,-28.4381,-28.4654
2066.000000,7,27.1236,184.5101,13.0699,-30.5982,-30.6123
2066.000000,8,27.1236,184.7042,13.3438,-30.5184,-30.5349
2066.000000,9,27.1236,184.8962,15.8926,-28.1617,-28.1958
2066.000000,10,27.1236,184.0901,17.9791,-25.2690,-25.3781
2066.000000,11,27.1236,184.2892,16.8395,-26.6078,-26.6612
2066.000000,12,27.1236,184.4862,14.4469,-29.1973,-29.2214
2066.000000,13,27.1236,184.6811,14.3868,-29.4523,-29.4748
2066.000000,14,27.1236,184.8740,16.5086,-27.5235,-27.5644
2066.000000,15,27.1236,184.0699,17.4402,-25.7877,-25.8760
2066.000000,16,27.1236,184.2698,16.0316,-27.3962,-27.4367
2066.000000,17,27.1236,184.4675,13.3590,-30.2666,-30.2828
2066.000000,18,27.1236,184.6631,12.3958,-31.4253,-31.4372
2066.000000,19,27.1236,184.8566,14.3737,-29.6410,-29.6602
2066.000000,20,27.1236,184.0553,12.7364,-30.4770,-30.4986
2066.000000,21,27.1236,184.2558,11.0785,-32.3353,-32.3445
2066.000000,22,27.1236,184.4541,8.3275,-35.2846,-35.2876
2066.000000,23,27.1236,184.6502,4.8061,-39.0021,-39.0038
2066.000000,24,27.1236,184.8442,6.6882,-37.3141,-37.3164
2067.000000,0,27.1274,184.1433,8.4812,-34.8201,-34.8251
2067.000000,1,27.1274,184.3406,7.6863,-35.8123,-35.8161
2067.000000,2,27.1274,184.5358,6.8913,-36.8025,-36.8049
2067.000000,3,27.1274,184.7290,8.6500,-35.2370,-35.2405
2067.000000,4,27.1274,184.9203,11.9631,-32.1152,-32.1246
2067.000000,5,27.1274,184.1134,15.7249,-27.5466,-27.5982
2067.000000,6,27.1274,184.3117,15.0824,-28.3874,-28.4152
2067.000000,7,27.1274,184.5080,13.0967,-30.5693,-30.5835
2067.000000,8,27.1274,184.7023,13.3118,-30.5485,-30.5648
2067.000000,9,27.1274,184.8945,15.8596,-28.1930,-28.2265
2067.000000,10,27.1274,184.0890,17.9796,-25.2675,-25.3773
2067.000000,11,27.1274,184.2883,16.8345,-26.6118,-26.6656
2067.000000,12,27.1274,184.4855,14.4402,-29.2033,-29.2275
2067.000000,13,27.1274,184.6805,14.3538,-29.4847,-29.5073
2067.000000,14,27.1274,184.8735,16.4936,-27.5380,-27.5790
2067.000000,15,27.1274,184.0703,17.4070,-25.8213,-25.9085
2067.000000,16,27.1274,184.2703,16.0167,-27.4116,-27.4519
2067.000000,17,27.1274,184.4681,13.3676,-30.2585,-30.2747
2067.000000,18,27.1274,184.6638,12.4241,-31.3978,-31.4098
2067.000000,19,27.1274,184.8574,14.4383,-29.5772,-29.5967
2067.000000,20,27.1274,184.0572,12.6178,-30.5974,-30.6182
2067.000000,21,27.1274,184.2578,10.9789,-32.4369,-32.4459
2067.000000,22,27.1274,184.4561,8.2856,-35.3285,-35.3315
2067.000000,23,27.1274,184.6522,4.9325,-38.8778,-38.8795
2067.000000,24,27.1274,184.8463,6.9008,-37.1035,-37.1060
2068.000000,0,27.1297,184.1397,8.6181,-34.6796,-34.6848
2068.000000,1,27.1297,184.3372,7.7879,-35.7073,-35.7113
2068.000000,2,27.1297,184.5326,6.9417,-36.7490,-36.7514
2068.000000,3,27.1297,184.7261,8.5286,-35.3556,-35.3590
2068.000000,4,27.1297,184.9176,11.8227,-32.2530,-32.2620
2068.000000,5,27.1297,184.1112,15.8047,-27.4645,-27.5173
2068.000000,6,27.1297,184.3098,15.1275,-28.3404,-28.3686
2068.000000,7,27.1297,184.5062,13.1180,-30.5463,-30.5605
2068.000000,8,27.1297,184.7007,13.2842,-30.5745,-30.5905
2068.000000,9,27.1297,184.8931,15.8277,-28.2234,-28.2563
2068.000000,10,27.1297,184.0883,17.9777,-25.2687,-25.3791
2068.000000,11,27.1297,184.2878,16.8260,-26.6198,-26.6738
2068.000000,12,27.1297,184.4850,14.4279,-29.2152,-29.2394
2068.000000,13,27.1297,184.6802,14.3246,-29.5136,-29.5362
2068.000000,14,27.1297,184.8734,16.4796,-27.5518,-27.5929
2068.000000,15,27.1297,184.0711,17.3713,-25.8578,-25.9439
2068.000000,16,27.1297,184.2712,15.9981,-27.4311,-27.4709
2068.000000,17,27.1297,184.4691,13.3706,-30.2565,-30.2727
2068.000000,18,27.1297,184.6649,12.4571,-31.3659,-31.3780
2068.000000,19,27.1297,184.8586,14.5044,-29.5122,-29.5322
2068.000000,20,27.1297,184.0595,12.4954,-30.7222,-30.7420
2068.000000,21,27.1297,184.2601,10.8765,-32.5417,-32.5504
2068.000000,22,27.1297,184.4584,8.2398,-35.3767,-35.3797
2068.000000,23,27.1297,184.6546,5.0651,-38.7476,-38.7494
2068.000000,24,27.1297,184.8487,7.1139,-36.8929,-36.8954
2069.000000,0,27.1306,184.1364,8.7502,-34.5442,-34.5498
2069.000000,1,27.1306,184.3341,7.9102,-35.5820,-35.5861
2069.000000,2,27.1306,184.5298,6.9879,-36.7000,-36.7024
2069.000000,3,27.1306,184.7235,8.4116,-35.4699,-35.4732
2069.000000,4,27.1306,184.9152,11.6828,-32.3905,-32.3991
2069.000000,5,27.1306,184.1094,15.8822,-27.3852,-27.4392
2069.000000,6,27.1306,184.3082,15.1692,-28.2970,-28.3256
2069.000000,7,27.1306,184.5048,13.1338,-30.5290,-30.5433
2069.000000,8,27.1306,184.6994,13.2611,-30.5963,-30.6122
2069.000000,9,27.1306,184.8920,15.7971,-28.2529,-28.2853
2069.000000,10,27.1306,184.0880,17.9734,-25.2726,-25.3835
2069.000000,11,27.1306,184.2876,16.8139,-26.6317,-26.6858
2069.000000,12,27.1306,184.4850,14.4100,-29.2330,-29.2573
2069.000000,13,27.1306,184.6803,14.2994,-29.5390,-29.5615
2069.000000,14,27.1306,184.8735,16.4666,-27.5649,-27.6062
2069.000000,15,27.1306,184.0722,17.3330,-25.8973,-25.9821
2069.000000,16,27.1306,184.2724,15.9759,-27.4545,-27.4940
2069.000000,17,27.1306,184.4704,13.3679,-30.2605,-30.2766
2069.000000,18,27.1306,184.6662,12.4947,-31.3295,-31.3418
2069.000000,19,27.1306,184.8600,14.5718,-29.4463,-29.4667
2069.000000,20,27.1306,184.0621,12.3691,-30.8511,-30.8701
2069.000000,21,27.1306,184.2628,10.7713,-32.6495,-32.6579
2069.000000,22,27.1306,184.4611,8.1900,-35.4291,-35.4321
2069.000000,23,27.1306,184.6573,5.2036,-38.6117,-38.6135
2069.000000,24,27.1306,184.8514,7.3274,-36.6821,-36.6848
2070.000000,0,27.1300,184.1335,8.8774,-34.4141,-34.4200
2070.000000,1,27.1300,184.3315,8.0301,-35.4594,-35.4636
2070.000000,2,27.1300,184.5274,7.0300,-36.6555,-36.6579
2070.000000,3,27.1300,184.7213,8.2993,-35.5800,-35.5832
2070.000000,4,27.1300,184.9132,11.5436,-32.5276,-32.5358
2070.000000,5,27.1300,184.1079,15.9574,-27.3086,-27.3636
2070.000000,6,27.1300,184.3069,15.2075,-28.2574,-28.2864
2070.000000,7,27.1300,184.5037,13.1441,-30.5176,-30.5319
2070.000000,8,27.1300,184.6984,13.2424,-30.6141,-30.6298
2070.000000,9,27.1300,184.8911,15.7677,-28.2815,-28.3134
2070.000000,10,27.1300,184.0880,17.9666,-25.2794,-25.3905
2070.000000,11,27.1300,184.2877,16.7982,-26.6475,-26.7017
2070.000000,12,27.1300,184.4852,14.3865,-29.2568,-29.2811
2070.000000,13,27.1300,184.6806,14.2781,-29.5606,-29.5832
2070.000000,14,27.1300,184.8740,16.4547,-27.5774,-27.6188
2070.000000,15,27.1300,184.0737,17.2922,-25.9396,-26.0231
2070.000000,16,27.1300,184.2740,15.9501,-27.4819,-27.5208
2070.000000,17,27.1300,184.4720,13.3596,-30.2705,-30.2864
2070.000000,18,27.1300,184.6679,12.5371,-31.2889,-31.3012
2070.000000,19,27.1300,184.8617,14.6405,-29.3793,-29.4001
2070.000000,20,27.1300,184.0651,12.2390,-30.9842,-31.0024
2070.000000,21,27.1300,184.2658,10.6635,-32.7603,-32.7685
2070.000000,22,27.1300,184.4641,8.1364,-35.4858,-35.4887
2070.000000,23,27.1300,184.6604,5.3480,-38.4704,-38.4722
2070.000000,24,27.1300,184.8545,7.5412,-36.4713,-36.4741
2071.000000,0,27.1279,184.1309,8.9996,-34.2893,-34.2955
2071.000000,1,27.1279,184.3291,8.1477,-35.3395,-35.3438
2071.000000,2,27.1279,184.5252,7.0679,-36.6154,-36.6178
2071.000000,3,27.1279,184.7193,8.1918,-35.6856,-35.6887
2071.000000,4,27.1279,184.9114,11.4051,-32.6643,-32.6723
2071.000000,5,27.1279,184.1068,16.0302,-27.2346,-27.2908
2071.000000,6,27.1279,184.3059,15.2425,-28.2215,-28.2508
2071.000000,7,27.1279,184.5029,13.1489,-30.5120,-30.5264
2071.000000,8,27.1279,184.6978,13.2282,-30.6277,-30.6432
2071.000000,9,27.1279,184.8906,15.7395,-28.3092,-28.3407
2071.000000,10,27.1279,184.0884,17.9575,-25.2889,-25.4003
2071.000000,11,27.1279,184.2882,16.7789,-26.6673,-26.7215
2071.000000,12,27.1279,184.4858,14.3573,-29.2866,-29.3109
2071.000000,13,27.1279,184.6813,14.2608,-29.5786,-29.6013
2071.000000,14,27.1279,184.8748,16.4438,-27.5890,-27.6306
2071.000000,15,27.1279,184.0756,17.2488,-25.9848,-26.0669
2071.000000,16,27.1279,184.2759,15.9207,-27.5132,-27.5516
2071.000000,17,27.1279,184.4740,13.3457,-30.2863,-30.3022
2071.000000,18,27.1279,184.6700,12.5840,-31.2440,-31.2564
2071.000000,19,27.1279,184.8638,14.7105,-29.3113,-29.3326
2071.000000,20,27.1279,184.0685,12.1052,-31.1213,-31.1387
2071.000000,21,27.1279,184.2691,10.5530,-32.8741,-32.8821
2071.000000,22,27.1279,184.4675,8.0789,-35.5466,-35.5495
2071.000000,23,27.1279,184.6637,5.4981,-38.3237,-38.3256
2071.000000,24,27.1279,184.8578,7.7552,-36.2606,-36.2636
2072.000000,0,27.1244,184.1287,9.1168,-34.1699,-34.1765
2072.000000,1,27.1244,184.3271,8.2628,-35.2223,-35.2267
2072.000000,2,27.1244,184.5234,7.1017,-36.5797,-36.5822
2072.000000,3,27.1244,184.7177,8.0891,-35.7867,-35.7897
2072.000000,4,27.1244,184.9100,11.2674,-32.8006,-32.8082
2072.000000,5,27.1244,184.1061,16.1007,-27.1634,-27.2206
2072.000000,6,27.1244,184.3054,15.2740,-28.1894,-28.2190
2072.000000,7,27.1244,184.5025,13.1482,-30.5123,-30.5266
2072.000000,8,27.1244,184.6975,13.2183,-30.6372,-30.6526
2072.000000,9,27.1244,184.8905,15.7125,-28.3360,-28.3670
2072.000000,10,27.1244,184.0891,17.9458,-25.3013,-25.4127
2072.000000,11,27.1244,184.2890,16.7559,-26.6911,-26.7452
2072.000000,12,27.1244,184.4867,14.3223,-29.3225,-29.3467
2072.000000,13,27.1244,184.6823,14.2476,-29.5928,-29.6156
2072.000000,14,27.1244,184.8758,16.4339,-27.6000,-27.6418
2072.000000,15,27.1244,184.0778,17.2030,-26.0328,-26.1134
2072.000000,16,27.1244,184.2782,15.8878,-27.5484,-27.5862
2072.000000,17,27.1244,184.4763,13.3262,-30.3081,-30.3238
2072.000000,18,27.1244,184.6723,12.6355,-31.1948,-31.2074
2072.000000,19,27.1244,184.8662,14.7818,-29.2424,-29.2642
2072.000000,20,27.1244,184.0722,11.9677,-31.2626,-31.2792
2072.000000,21,27.1244,184.2728,10.4399,-32.9910,-32.9986
2072.000000,22,27.1244,184.4712,8.0175,-35.6118,-35.6146
2072.000000,23,27.1244,184.6674,5.6535,-38.1719,-38.1738
2072.000000,24,27.1244,184.8614,7.9695,-36.0500,-36.0532
2073.000000,0,27.1193,184.1268,9.2288,-34.0561,-34.0630
2073.000000,1,27.1193,184.3255,8.3755,-35.1080,-35.1125
2073.000000,2,27.1193,184.5220,7.1315,-36.5485,-36.5509
2073.000000,3,27.1193,184.7164,7.9913,-35.8832,-35.8861
2073.000000,4,27.1193,184.9088,11.1304,-32.9365,-32.9438
2073.000000,5,27.1193,184.1057,16.1687,-27.0950,-27.1532
2073.000000,6,27.1193,184.3051,15.3021,-28.1610,-28.1909
2073.000000,7,27.1193,184.5024,13.1420,-30.5184,-30.5328
2073.000000,8,27.1193,184.6975,13.2129,-30.6426,-30.6579
2073.000000,9,27.1193,184.8906,15.6867,-28.3619,-28.3925
2073.000000,10,27.1193,184.0902,17.9316,-25.3166,-25.4279
2073.000000,11,27.1193,184.2902,16.7292,-26.7190,-26.7728
2073.000000,12,27.1193,184.4880,14.2815,-29.3646,-29.3888
2073.000000,13,27.1193,184.6837,14.2384,-29.6033,-29.6262
2073.000000,14,27.1193,184.8772,16.4252,-27.6101,-27.6522
2073.000000,15,27.1193,184.0804,17.1548,-26.0836,-26.1627
2073.000000,16,27.1193,184.2808,15.8513,-27.5875,-27.6246
2073.000000,17,27.1193,184.4789,13.3011,-30.3359,-30.3514
2073.000000,18,27.1193,184.6749,12.6915,-31.1414,-31.1542
2073.000000,19,27.1193,184.8688,14.8543,-29.1726,-29.1949
2073.000000,20,27.1193,184.0763,11.8265,-31.4079,-31.4237
2073.000000,21,27.1193,184.2769,10.3241,-33.1108,-33.1182
2073.000000,22,27.1193,184.4752,7.9520,-35.6812,-35.6840
2073.000000,23,27.1193,184.6714,5.8142,-38.0152,-38.0172
2073.000000,24,27.1193,184.8654,8.1837,-35.8397,-35.8430
2074.000000,0,27.1129,184.1253,9.3908,-33.8926,-33.8998
2074.000000,1,27.1129,184.3241,8.4857,-34.9965,-35.0011
2074.000000,2,27.1129,184.5208,7.1572,-36.5216,-36.5241
2074.000000,3,27.1129,184.7154,7.8984,-35.9750,-35.9779
2074.000000,4,27.1129,184.9080,10.9943,-33.0717,-33.0788
2074.000000,5,27.1129,184.1057,16.2342,-27.0295,-27.0885
2074.000000,6,27.1129,184.3052,15.3268,-28.1365,-28.1665
2074.000000,7,27.1129,184.5026,13.1301,-30.5305,-30.5449
2074.000000,8,27.1129,184.6978,13.2118,-30.6440,-30.6592
2074.000000,9,27.1129,184.8910,15.6621,-28.3870,-28.4172
2074.000000,10,27.1129,184.0916,17.9148,-25.3349,-25.4459
2074.000000,11,27.1129,184.2917,16.6988,-26.7510,-26.8046
2074.000000,12,27.1129,184.4896,14.2346,-29.4130,-29.4372
2074.000000,13,27.1129,184.6853,14.2333,-29.6101,-29.6331
2074.000000,14,27.1129,184.8789,16.4175,-27.6195,-27.6620
2074.000000,15,27.1129,184.0833,17.1041,-26.1373,-26.2148
2074.000000,16,27.1129,184.2837,15.8113,-27.6305,-27.6669
2074.000000,17,27.1129,184.4819,13.2704,-30.3696,-30.3849
2074.000000,18,27.1129,184.6779,12.7519,-31.0840,-31.0970
2074.000000,19,27.1129,184.8718,14.9279,-29.1019,-29.1249
2074.000000,20,27.1129,184.0807,11.6816,-31.5572,-31.5722
2074.000000,21,27.1129,184.2813,10.2057,-33.2336,-33.2407
2074.000000,22,27.1129,184.4795,7.8825,-35.7551,-35.7578
2074.000000,23,27.1129,184.6757,5.9798,-37.8539,-37.8559
2074.000000,24,27.1129,184.8697,8.3980,-35.6297,-35.6332
2075.000000,0,27.1049,184.1242,9.5487,-33.7335,-33.7411
2075.000000,1,27.1049,184.3232,8.5933,-34.8879,-34.8926
2075.000000,2,27.1049,184.5200,7.1789,-36.4992,-36.5016
2075.000000,3,27.1049,184.7147,7.8106,-36.0621,-36.0650
2075.000000,4,27.1049,184.9074,10.8590,-33.2064,-33.2132
2075.000000,5,27.1049,184.1060,16.2972,-26.9668,-27.0267
2075.000000,6,27.1049,184.3057,15.3478,-28.1159,-28.1461
2075.000000,7,27.1049,184.5031,13.1126,-30.5486,-30.5630
2075.000000,8,27.1049,184.6985,13.2151,-30.6414,-30.6565
2075.000000,9,27.1049,184.8917,15.6386,-28.4111,-28.4411
2075.000000,10,27.1049,184.0935,17.8953,-25.3562,-25.4669
2075.000000,11,27.1049,184.2936,16.6644,-26.7873,-26.8405
2075.000000,12,27.1049,184.4915,14.1817,-29.4679,-29.4919
2075.000000,13,27.1049,184.6873,14.2322,-29.6131,-29.6362
2075.000000,14,27.1049,184.8810,16.4109,-27.6281,-27.6709
2075.000000,15,27.1049,184.0866,17.0509,-26.1938,-26.2696
2075.000000,16,27.1049,184.2870,15.7677,-27.6774,-27.7131
2075.000000,17,27.1049,184.4852,13.2340,-30.4093,-30.4245
2075.000000,18,27.1049,184.6812,12.8166,-31.0227,-31.0358
2075.000000,19,27.1049,184.8751,15.0026,-29.0305,-29.0541
2075.000000,20,27.1049,184.0855,11.5331,-31.7105,-31.7248
2075.000000,21,27.1049,184.2860,10.0847,-33.3594,-33.3663
2075.000000,22,27.1049,184.4842,7.8088,-35.8335,-35.8362
2075.000000,23,27.1049,184.6803,6.1502,-37.6881,-37.6901
2075.000000,24,27.1049,184.8742,8.6120,-35.4202,-35.4239
2076.000000,0,27.0956,184.1234,9.7024,-33.5791,-33.5870
2076.000000,1,27.0956,184.3225,8.6983,-34.7823,-34.7871
2076.000000,2,27.0956,184.5195,7.1964,-36.4811,-36.4836
2076.000000,3,27.0956,184.7144,7.7279,-36.1445,-36.1473
2076.000000,4,27.0956,184.9072,10.7247,-33.3406,-33.3471
2076.000000,5,27.0956,184.1067,16.3576,-26.9071,-26.9678
2076.000000,6,27.0956,184.3065,15.3653,-28.0992,-28.1295
2076.000000,7,27.0956,184.5040,13.0892,-30.5728,-30.5871
2076.000000,8,27.0956,184.6994,13.2225,-30.6350,-30.6500
2076.000000,9,27.0956,184.8928,15.6163,-28.4345,-28.4641
2076.000000,10,27.0956,184.0956,17.8875,-25.3662,-25.4763
2076.000000,11,27.0956,184.2958,16.6415,-26.8123,-26.8651
2076.000000,12,27.0956,184.4938,14.1224,-29.5294,-29.5533
2076.000000,13,27.0956,184.6896,14.2352,-29.6124,-29.6356
2076.000000,14,27.0956,184.8833,16.4053,-27.6360,-27.6792
2076.000000,15,27.0956,184.0903,16.9952,-26.2531,-26.3272
2076.000000,16,27.0956,184.2907,15.7205,-27.7283,-27.7632
2076.000000,17,27.0956,184.4889,13.1918,-30.4551,-30.4701
2076.000000,18,27.0956,184.6848,12.8854,-30.9575,-30.9707
2076.000000,19,27.0956,184.8787,15.0783,-28.9584,-28.9826
2076.000000,20,27.0956,184.0907,11.3808,-31.8679,-31.8815
2076.000000,21,27.0956,184.2911,9.9609,-33.4882,-33.4948
2076.000000,22,27.0956,184.4892,7.7308,-35.9165,-35.9191
2076.000000,23,27.0956,184.6852,6.3251,-37.5181,-37.5202
2076.000000,24,27.0956,184.8791,8.8259,-35.2113,-35.2152
2077.000000,0,27.0847,184.1230,9.8517,-33.4293,-33.4376
2077.000000,1,27.0847,184.3223,8.8004,-34.6799,-34.6848
2077.000000,2,27.0847,184.5194,7.2098,-36.4676,-36.4701
2077.000000,3,27.0847,184.7143,7.6502,-36.2222,-36.2249
2077.000000,4,27.0847,184.9073,10.5913,-33.4741,-33.4804
2077.000000,5,27.0847,184.1077,16.4153,-26.8505,-26.9119
2077.000000,6,27.0847,184.3076,15.3790,-28.0866,-28.1170
2077.000000,7,27.0847,184.5052,13.0601,-30.6032,-30.6175
2077.000000,8,27.0847,184.7007,13.2340,-30.6247,-30.6396
2077.000000,9,27.0847,184.8941,15.5951,-28.4571,-28.4864
2077.000000,10,27.0847,184.0982,17.8854,-25.3708,-25.4802
2077.000000,11,27.0847,184.2984,16.6219,-26.8346,-26.8868
2077.000000,12,27.0847,184.4964,14.0784,-29.5760,-29.5998
2077.000000,13,27.0847,184.6922,14.2422,-29.6080,-29.6315
2077.000000,14,27.0847,184.8859,16.4093,-27.6346,-27.6782
2077.000000,15,27.0847,184.0943,16.9370,-26.3154,-26.3877
2077.000000,16,27.0847,184.2947,15.6696,-27.7831,-27.8172
2077.000000,17,27.0847,184.4928,13.1438,-30.5070,-30.5219
2077.000000,18,27.0847,184.6888,12.9583,-30.8885,-30.9020
2077.000000,19,27.0847,184.8826,15.1549,-28.8857,-28.9106
2077.000000,20,27.0847,184.0962,11.2249,-32.0293,-32.0423
2077.000000,21,27.0847,184.2965,9.8344,-33.6201,-33.6265
2077.000000,22,27.0847,184.4946,7.6484,-36.0042,-36.0068
2077.000000,23,27.0847,184.6905,6.5042,-37.3443,-37.3464
2077.000000,24,27.0847,184.8843,9.0393,-35.0030,-35.0071
2078.000000,0,27.0724,184.1229,9.9967,-33.2843,-33.2930
2078.000000,1,27.0724,184.3223,8.8997,-34.5806,-34.5856
2078.000000,2,27.0724,184.5195,7.2189,-36.4587,-36.4611
2078.000000,3,27.0724,184.7146,7.5776,-36.2951,-36.2977
2078.000000,4,27.0724,184.9077,10.4588,-33.6069,-33.6130
2078.000000,5,27.0724,184.1092,16.4702,-26.7970,-26.8590
2078.000000,6,27.0724,184.3091,15.3890,-28.0782,-28.1086
2078.000000,7,27.0724,184.5068,13.0249,-30.6399,-30.6542
2078.000000,8,27.0724,184.7023,13.2496,-30.6108,-30.6256
2078.000000,9,27.0724,184.8958,15.5750,-28.4789,-28.5080
2078.000000,10,27.0724,184.1011,17.8806,-25.3785,-25.4870
2078.000000,11,27.0724,184.3013,16.5982,-26.8611,-26.9128
2078.000000,12,27.0724,184.4993,14.0323,-29.6250,-29.6486
2078.000000,13,27.0724,184.6951,14.2822,-29.5710,-29.5946
2078.000000,14,27.0724,184.8888,16.4362,-27.6107,-27.6547
2078.000000,15,27.0724,184.0987,16.8762,-26.3806,-26.4510
2078.000000,16,27.0724,184.2990,15.6151,-27.8420,-27.8753
2078.000000,17,27.0724,184.4971,13.0899,-30.5652,-30.5799
2078.000000,18,27.0724,184.6930,13.0350,-30.8160,-30.8297
2078.000000,19,27.0724,184.8868,15.2324,-28.8125,-28.8381
2078.000000,20,27.0724,184.1021,11.0652,-32.1949,-32.2071
2078.000000,21,27.0724,184.3023,9.7052,-33.7551,-33.7612
2078.000000,22,27.0724,184.5002,7.5615,-36.0968,-36.0993
2078.000000,23,27.0724,184.6960,6.6873,-37.1668,-37.1690
2078.000000,24,27.0724,184.8897,9.2523,-34.7955,-34.7999
2079.000000,0,27.0587,184.1232,10.1370,-33.1442,-33.1533
2079.000000,1,27.0587,184.3227,8.9961,-34.4847,-34.4897
2079.000000,2,27.0587,184.5200,7.2237,-36.4544,-36.4568
2079.000000,3,27.0587,184.7152,7.5101,-36.3632,-36.3658
2079.000000,4,27.0587,184.9084,10.3273,-33.7391,-33.7450
2079.000000,5,27.0587,184.1109,16.5222,-26.7468,-26.8094
2079.000000,6,27.0587,184.3109,15.3950,-28.0740,-28.1044
2079.000000,7,27.0587,184.5087,12.9835,-30.6832,-30.6974
2079.000000,8,27.0587,184.7043,13.2690,-30.5933,-30.6080
2079.000000,9,27.0587,184.8978,15.5558,-28.5000,-28.5289
2079.000000,10,27.0587,184.1043,17.8729,-25.3895,-25.4970
2079.000000,11,27.0587,184.3046,16.5704,-26.8922,-26.9431
2079.000000,12,27.0587,184.5025,13.9798,-29.6807,-29.7042
2079.000000,13,27.0587,184.6984,14.3301,-29.5263,-29.5500
2079.000000,14,27.0587,184.8921,16.4639,-27.5862,-27.6307
2079.000000,15,27.0587,184.1034,16.8128,-26.4487,-26.5173
2079.000000,16,27.0587,184.3037,15.5568,-27.9050,-27.9374
2079.000000,17,27.0587,184.5017,13.0299,-30.6298,-30.6443
2079.000000,18,27.0587,184.6976,13.1155,-30.7401,-30.7541
2079.000000,19,27.0587,184.8913,15.3106,-28.7388,-28.7651
2079.000000,20,27.0587,184.1083,10.9018,-32.3645,-32.3761
2079.000000,21,27.0587,184.3084,9.5731,-33.8933,-33.8992
2079.000000,22,27.0587,184.5062,7.4698,-36.1945,-36.1970
2079.000000,23,27.0587,184.7019,6.8740,-36.9859,-36.9882
2079.000000,24,27.0587,184.8955,9.4646,-34.5890,-34.5937
2080.000000,0,27.0435,184.1239,10.2727,-33.0092,-33.0186
2080.000000,1,27.0435,184.3235,9.0893,-34.3922,-34.3973
2080.000000,2,27.0435,184.5209,7.2240,-36.4549,-36.4573
2080.000000,3,27.0435,184.7162,7.4475,-36.4267,-36.4292
2080.000000,4,27.0435,184.9094,10.1967,-33.8707,-33.8764
2080.000000,5,27.0435,184.1131,16.5712,-26.6999,-26.7630
2080.000000,6,27.0435,184.3131,15.3970,-28.0741,-28.1045
2080.000000,7,27.0435,184.5109,12.9359,-30.7330,-30.7472
2080.000000,8,27.0435,184.7065,13.2923,-30.5723,-30.5870
2080.000000,9,27.0435,184.9000,15.5376,-28.5205,-28.5492
2080.000000,10,27.0435,184.1079,17.8622,-25.4037,-25.5101
2080.000000,11,27.0435,184.3082,16.5385,-26.9277,-26.9779
2080.000000,12,27.0435,184.5061,13.9207,-29.7434,-29.7667
2080.000000,13,27.0435,184.7019,14.3815,-29.4785,-29.5024
2080.000000,14,27.0435,184.8956,16.4923,-27.5613,-27.6063
2080.000000,15,27.0435,184.1085,16.7467,-26.5199,-26.5866
2080.000000,16,27.0435,184.3087,15.4946,-27.9721,-28.0037
2080.000000,17,27.0435,184.5067,12.9638,-30.7009,-30.7153
2080.000000,18,27.0435,184.7025,13.1995,-30.6610,-30.6752
2080.000000,19,27.0435,184.8962,15.3895,-28.6647,-28.6919
2080.000000,20,27.0435,184.1148,10.7345,-32.5384,-32.5493
2080.000000,21,27.0435,184.3148,9.4381,-34.0348,-34.0404
2080.000000,22,27.0435,184.5125,7.3732,-36.2973,-36.2998
2080.000000,23,27.0435,184.7081,7.0642,-36.8020,-36.8044
2080.000000,24,27.0435,184.9016,9.6762,-34.3835,-34.3885
2081.000000,0,27.0269,184.1249,10.4036,-32.8793,-32.8892
2081.000000,1,27.0269,184.3246,9.1793,-34.3033,-34.3085
2081.000000,2,27.0269,184.5221,7.2198,-36.4603,-36.4627
2081.000000,3,27.0269,184.7174,7.3900,-36.4854,-36.4879
2081.000000,4,27.0269,184.9107,10.0671,-34.0016,-34.0072
2081.000000,5,27.0269,184.1155,16.6171,-26.6565,-26.7200
2081.000000,6,27.0269,184.3156,15.3948,-28.0788,-28.1091
2081.000000,7,27.0269,184.5134,12.8817,-30.7897,-30.8038
2081.000000,8,27.0269,184.7091,13.3191,-30.5480,-30.5627
2081.000000,9,27.0269,184.9026,15.5203,-28.5404,-28.5689
2081.000000,10,27.0269,184.1119,17.8485,-25.4214,-25.5266
2081.000000,11,27.0269,184.3121,16.5022,-26.9679,-27.0173
2081.000000,12,27.0269,184.5100,13.8548,-29.8132,-29.8363
2081.000000,13,27.0269,184.7058,14.4362,-29.4276,-29.4518
2081.000000,14,27.0269,184.8995,16.5215,-27.5360,-27.5815
2081.000000,15,27.0269,184.1140,16.6778,-26.5942,-26.6590
2081.000000,16,27.0269,184.3141,15.4285,-28.0436,-28.0742
2081.000000,17,27.0269,184.5120,12.8913,-30.7787,-30.7929
2081.000000,18,27.0269,184.7077,13.2870,-30.5787,-30.5932
2081.000000,19,27.0269,184.9013,15.4690,-28.5904,-28.6184
2081.000000,20,27.0269,184.1217,10.5633,-32.7164,-32.7268
2081.000000,21,27.0269,184.3216,9.3001,-34.1795,-34.1849
2081.000000,22,27.0269,184.5192,7.2715,-36.4057,-36.4081
2081.000000,23,27.0269,184.7146,7.2574,-36.6152,-36.6177
2081.000000,24,27.0269,184.9080,9.8869,-34.1792,-34.1845
2082.000000,0,27.0089,184.1262,10.5294,-32.7549,-32.7651
2082.000000,1,27.0089,184.3260,9.2659,-34.2181,-34.2234
2082.000000,2,27.0089,184.5236,7.2108,-36.4708,-36.4732
2082.000000,3,27.0089,184.7190,7.3375,-36.5396,-36.5420
2082.000000,4,27.0089,184.9123,9.9385,-34.1319,-34.1373
2082.000000,5,27.0089,184.1184,16.6597,-26.6167,-26.6806
2082.000000,6,27.0089,184.3185,15.3883,-28.0882,-28.1183
2082.000000,7,27.0089,184.5163,12.8208,-30.8535,-30.8675
2082.000000,8,27.0089,184.7119,13.3495,-30.5205,-30.5352
2082.000000,9,27.0089,184.9055,15.5038,-28.5597,-28.5882
2082.000000,10,27.0089,184.1162,17.8316,-25.4427,-25.5464
2082.000000,11,27.0089,184.3164,16.4615,-27.0129,-27.0614
2082.000000,12,27.0089,184.5143,13.7820,-29.8903,-29.9132
2082.000000,13,27.0089,184.7100,14.4941,-29.3740,-29.3984
2082.000000,14,27.0089,184.9036,16.5513,-27.5104,-27.5565
2082.000000,15,27.0089,184.1198,16.6061,-26.6717,-26.7345
2082.000000,16,27.0089,184.3198,15.3584,-28.1194,-28.1491
2082.000000,17,27.0089,184.5176,12.8123,-30.8633,-30.8773
2082.000000,18,27.0089,184.7132,13.3776,-30.4936,-30.5084
2082.000000,19,27.0089,184.9067,15.5489,-28.5159,-28.5448
2082.000000,20,27.0089,184.1290,10.3882,-32.8988,-32.9086
2082.000000,21,27.0089,184.3287,9.1589,-34.3278,-34.3329
2082.000000,22,27.0089,184.5261,7.1645,-36.5197,-36.5220
2082.000000,23,27.0089,184.7214,7.4535,-36.4260,-36.4285
2082.000000,24,27.0089,184.9147,10.0966,-33.9761,-33.9818
2083.000000,0,26.9894,184.1280,10.6501,-32.6359,-32.6465
2083.000000,1,26.9894,184.3278,9.3490,-34.1368,-34.1421
2083.000000,2,26.9894,184.5254,7.1970,-36.4864,-36.4888
2083.000000,3,26.9894,184.7209,7.2897,-36.5892,-36.5916
2083.000000,4,26.9894,184.9142,9.8107,-34.2615,-34.2668
2083.000000,5,26.9894,184.1216,16.6989,-26.5807,-26.6448
2083.000000,6,26.9894,184.3217,15.3773,-28.1023,-28.1322
2083.000000,7,26.9894,184.5195,12.7530,-30.9245,-30.9385
2083.000000,8,26.9894,184.7151,13.3832,-30.4900,-30.5047
2083.000000,9,26.9894,184.9087,15.4881,-28.5786,-28.6069
2083.000000,10,26.9894,184.1209,17.8114,-25.4675,-25.5698
2083.000000,11,26.9894,184.3210,16.4162,-27.0628,-27.1103
2083.000000,12,26.9894,184.5188,13.7019,-29.9750,-29.9977
2083.000000,13,26.9894,184.7145,14.5549,-29.3176,-29.3423
2083.000000,14,26.9894,184.9081,16.5816,-27.4845,-27.5312
2083.000000,15,26.9894,184.1259,16.5314,-26.7525,-26.8133
2083.000000,16,26.9894,184.3258,15.2842,-28.1997,-28.2284
2083.000000,17,26.9894,184.5235,12.7265,-30.9550,-30.9688
2083.000000,18,26.9894,184.7190,13.4713,-30.4057,-30.4209
2083.000000,19,26.9894,184.9124,15.6292,-28.4413,-28.4711
2083.000000,20,26.9894,184.1366,10.2090,-33.0856,-33.0948
2083.000000,21,26.9894,184.3361,9.0146,-34.4795,-34.4844
2083.000000,22,26.9894,184.5334,7.0518,-36.6396,-36.6420
2083.000000,23,26.9894,184.7286,7.6521,-36.2345,-36.2372
2083.000000,24,26.9894,184.9217,10.3051,-33.7746,-33.7806
2084.000000,0,26.9685,184.1300,10.7654,-32.5227,-32.5337
2084.000000,1,26.9685,184.3299,9.4284,-34.0596,-34.0649
2084.000000,2,26.9685,184.5276,7.1781,-36.5075,-36.5098
2084.000000,3,26.9685,184.7231,7.2468,-36.6343,-36.6367
2084.000000,4,26.9685,184.9165,9.6839,-34.3906,-34.3957
2084.000000,5,26.9685,184.1252,16.7346,-26.5486,-26.6128
2084.000000,6,26.9685,184.3252,15.3618,-28.1215,-28.1511
2084.000000,7,26.9685,184.5230,12.6780,-31.0031,-31.0170
2084.000000,8,26.9685,184.7187,13.4200,-30.4567,-30.4714
2084.000000,9,26.9685,184.9122,15.4731,-28.5971,-28.6254
2084.000000,10,26.9685,184.1259,17.7878,-25.4962,-25.5968
2084.000000,11,26.9685,184.3260,16.3662,-27.1178,-27.1643
2084.000000,12,26.9685,184.5237,13.6144,-30.0674,-30.0899
2084.000000,13,26.9685,184.7194,14.6186,-29.2588,-29.2838
2084.000000,14,26.9685,184.9129,16.6124,-27.4586,-27.5059
2084.000000,15,26.9685,184.1324,16.4537,-26.8367,-26.8954
2084.000000,16,26.9685,184.3322,15.2057,-28.2846,-28.3124
2084.000000,17,26.9685,184.5297,12.6338,-31.0540,-31.0676
2084.000000,18,26.9685,184.7251,13.5678,-30.3154,-30.3309
2084.000000,19,26.9685,184.9185,15.7098,-28.3667,-28.3976
2084.000000,20,26.9685,184.1446,10.0257,-33.2769,-33.2855
2084.000000,21,26.9685,184.3439,8.8669,-34.6350,-34.6396
2084.000000,22,26.9685,184.5410,6.9333,-36.7658,-36.7681
2084.000000,23,26.9685,184.7360,7.8529,-36.0411,-36.0439
2084.000000,24,26.9685,184.9290,10.5124,-33.5746,-33.5809
2085.000000,0,26.9462,184.1325,10.8752,-32.4153,-32.4267
2085.000000,1,26.9462,184.3324,9.5039,-33.9865,-33.9920
2085.000000,2,26.9462,184.5301,7.1540,-36.5341,-36.5365
2085.000000,3,26.9462,184.7256,7.2086,-36.6751,-36.6775
2085.000000,4,26.9462,184.9190,9.5580,-34.5190,-34.5240
2085.000000,5,26.9462,184.1291,16.7665,-26.5206,-26.5849
2085.000000,6,26.9462,184.3291,15.3413,-28.1458,-28.1751
2085.000000,7,26.9462,184.5269,12.5954,-31.0895,-31.1033
2085.000000,8,26.9462,184.7225,13.4599,-30.4207,-30.4354
2085.000000,9,26.9462,184.9160,15.4587,-28.6153,-28.6435
2085.000000,10,26.9462,184.1313,17.7606,-25.5287,-25.6276
2085.000000,11,26.9462,184.3313,16.3114,-27.1779,-27.2234
2085.000000,12,26.9462,184.5290,13.5192,-30.1678,-30.1901
2085.000000,13,26.9462,184.7245,14.6849,-29.1977,-29.2230
2085.000000,14,26.9462,184.9179,16.6435,-27.4325,-27.4806
2085.000000,15,26.9462,184.1393,16.3729,-26.9244,-26.9810
2085.000000,16,26.9462,184.3389,15.1227,-28.3742,-28.4010
2085.000000,17,26.9462,184.5363,12.5339,-31.1605,-31.1740
2085.000000,18,26.9462,184.7316,13.6669,-30.2227,-30.2387
2085.000000,19,26.9462,184.9248,15.7905,-28.2923,-28.3242
2085.000000,20,26.9462,184.1529,9.8381,-33.4728,-33.4809
2085.000000,21,26.9462,184.3520,8.7158,-34.7942,-34.7986
2085.000000,22,26.9462,184.5489,6.8085,-36.8985,-36.9008
2085.000000,23,26.9462,184.7438,8.0557,-35.8461,-35.8489
2085.000000,24,26.9462,184.9365,10.7183,-33.3762,-33.3831
2086.000000,0,26.9225,184.1353,10.9793,-32.3141,-32.3258
2086.000000,1,26.9225,184.3352,9.5753,-33.9179,-33.9234
2086.000000,2,26.9225,184.5329,7.1243,-36.5666,-36.5690
2086.000000,3,26.9225,184.7284,7.1749,-36.7116,-36.7139
2086.000000,4,26.9225,184.9219,9.4330,-34.6469,-34.6518
2086.000000,5,26.9225,184.1333,16.7946,-26.4968,-26.5611
2086.000000,6,26.9225,184.3333,15.3159,-28.1755,-28.2045
2086.000000,7,26.9225,184.5311,12.5051,-31.1840,-31.1977
2086.000000,8,26.9225,184.7266,13.5025,-30.3821,-30.3969
2086.000000,9,26.9225,184.9201,15.4449,-28.6333,-28.6614
2086.000000,10,26.9225,184.1371,17.7298,-25.5653,-25.6623
2086.000000,11,26.9225,184.3369,16.2515,-27.2435,-27.2879
2086.000000,12,26.9225,184.5345,13.4159,-30.2766,-30.2988
2086.000000,13,26.9225,184.7300,14.7536,-29.1344,-29.1601
2086.000000,14,26.9225,184.9233,16.6748,-27.4065,-27.4553
2086.000000,15,26.9225,184.1465,16.2889,-27.0157,-27.0702
2086.000000,16,26.9225,184.3459,15.0353,-28.4687,-28.4946
2086.000000,17,26.9225,184.5432,12.4265,-31.2748,-31.2881
2086.000000,18,26.9225,184.7383,13.7684,-30.1280,-30.1444
2086.000000,19,26.9225,184.9314,15.8713,-28.2181,-28.2511
2086.000000,20,26.9225,184.1615,9.6462,-33.6733,-33.6809
2086.000000,21,26.9225,184.3604,8.5611,-34.9574,-34.9616
2086.000000,22,26.9225,184.5572,6.6771,-37.0381,-37.0403
2086.000000,23,26.9225,184.7518,8.2602,-35.6497,-35.6527
2086.000000,24,26.9225,184.9444,10.9227,-33.1798,-33.1870
2087.000000,0,26.8974,184.1384,11.0774,-32.2191,-32.2313
2087.000000,1,26.8974,184.3384,9.6425,-33.8539,-33.8594
2087.000000,2,26.8974,184.5360,7.0888,-36.6052,-36.6076
2087.000000,3,26.8974,184.7316,7.1457,-36.7439,-36.7463
2087.000000,4,26.8974,184.9250,9.3088,-34.7742,-34.7790
2087.000000,5,26.8974,184.1380,16.8186,-26.4774,-26.5416
2087.000000,6,26.8974,184.3379,15.2852,-28.2107,-28.2394
2087.000000,7,26.8974,184.5356,12.4066,-31.2870,-31.3006
2087.000000,8,26.8974,184.7311,13.5479,-30.3413,-30.3561
2087.000000,9,26.8974,184.9245,15.4315,-28.6510,-28.6792
2087.000000,10,26.8974,184.1432,17.6951,-25.6061,-25.7011
2087.000000,11,26.8974,184.3429,16.1863,-27.3146,-27.3579
2087.000000,12,26.8974,184.5404,13.3259,-30.3725,-30.3945
2087.000000,13,26.8974,184.7357,14.8440,-29.0498,-29.0759
2087.000000,14,26.8974,184.9290,16.7161,-27.3709,-27.4205
2087.000000,15,26.8974,184.1540,16.2014,-27.1107,-27.1632
2087.000000,16,26.8974,184.3533,14.9431,-28.5683,-28.5931
2087.000000,17,26.8974,184.5504,12.3113,-31.3972,-31.4104
2087.000000,18,26.8974,184.7454,13.8721,-30.0313,-30.0482
2087.000000,19,26.8974,184.9383,15.9520,-28.1443,-28.1785
2087.000000,20,26.8974,184.1705,9.4498,-33.8787,-33.8859
2087.000000,21,26.8974,184.3692,8.4025,-35.1247,-35.1287
2087.000000,22,26.8974,184.5657,6.5388,-37.1849,-37.1872
2087.000000,23,26.8974,184.7602,8.4660,-35.4522,-35.4553
2087.000000,24,26.8974,184.9526,11.1253,-32.9853,-32.9930
2088.000000,0,26.8709,184.1419,11.1693,-32.1307,-32.1432
2088.000000,1,26.8709,184.3419,9.7051,-33.7948,-33.8003
2088.000000,2,26.8709,184.5395,7.0473,-36.6502,-36.6525
2088.000000,3,26.8709,184.7350,7.1208,-36.7722,-36.7746
2088.000000,4,26.8709,184.9285,9.1854,-34.9011,-34.9057
2088.000000,5,26.8709,184.1429,16.8383,-26.4626,-26.5266
2088.000000,6,26.8709,184.3428,15.2491,-28.2518,-28.2800
2088.000000,7,26.8709,184.5404,12.2996,-31.3989,-31.4124
2088.000000,8,26.8709,184.7359,13.5956,-30.2983,-30.3132
2088.000000,9,26.8709,184.9293,15.4185,-28.6687,-28.6969
2088.000000,10,26.8709,184.1496,17.6744,-25.6333,-25.7261
2088.000000,11,26.8709,184.3492,16.1361,-27.3711,-27.4131
2088.000000,12,26.8709,184.5466,13.2390,-30.4656,-30.4874
2088.000000,13,26.8709,184.7418,14.9444,-28.9554,-28.9820
2088.000000,14,26.8709,184.9350,16.7742,-27.3188,-27.3692
2088.000000,15,26.8709,184.1619,16.1104,-27.2095,-27.2600
2088.000000,16,26.8709,184.3610,14.8459,-28.6731,-28.6970
2088.000000,17,26.8709,184.5580,12.1880,-31.5280,-31.5411
2088.000000,18,26.8709,184.7528,13.9779,-29.9330,-29.9504
2088.000000,19,26.8709,184.9456,16.0326,-28.0710,-28.1063
2088.000000,20,26.8709,184.1798,9.2487,-34.0891,-34.0958
2088.000000,21,26.8709,184.3783,8.2400,-35.2963,-35.3001
2088.000000,22,26.8709,184.5746,6.3932,-37.3394,-37.3417
2088.000000,23,26.8709,184.7688,8.6729,-35.2539,-35.2572
2088.000000,24,26.8709,184.9610,11.3262,-32.7929,-32.8012
2089.000000,0,26.8430,184.1458,11.2547,-32.0491,-32.0620
2089.000000,1,26.8430,184.3457,9.7630,-33.7407,-33.7462
2089.000000,2,26.8430,184.5433,6.9995,-36.7019,-36.7042
2089.000000,3,26.8430,184.7388,7.1002,-36.7967,-36.7990
2089.000000,4,26.8430,184.9322,9.0628,-35.0275,-35.0320
2089.000000,5,26.8430,184.1483,16.8536,-26.4527,-26.5163
2089.000000,6,26.8430,184.3480,15.2072,-28.2989,-28.3267
2089.000000,7,26.8430,184.5456,12.1836,-31.5200,-31.5335
2089.000000,8,26.8430,184.7410,13.6457,-30.2533,-30.2684
2089.000000,9,26.8430,184.9343,15.4058,-28.6865,-28.7147
2089.000000,10,26.8430,184.1564,17.6580,-25.6565,-25.7470
2089.000000,11,26.8430,184.3558,16.0874,-27.4265,-27.4673
2089.000000,12,26.8430,184.5531,13.1441,-30.5670,-30.5886
2089.000000,13,26.8430,184.7482,15.0458,-28.8604,-28.8875
2089.000000,14,26.8430,184.9412,16.8317,-27.2676,-27.3188
2089.000000,15,26.8430,184.1701,16.0157,-27.3124,-27.3608
2089.000000,16,26.8430,184.3691,14.7437,-28.7834,-28.8062
2089.000000,17,26.8430,184.5658,12.0563,-31.6676,-31.6807
2089.000000,18,26.8430,184.7605,14.0854,-29.8332,-29.8511
2089.000000,19,26.8430,184.9531,16.1129,-27.9982,-28.0348
2089.000000,20,26.8430,184.1894,9.0429,-34.3046,-34.3109
2089.000000,21,26.8430,184.3877,8.0733,-35.4724,-35.4760
2089.000000,22,26.8430,184.5838,6.2397,-37.5021,-37.5044
2089.000000,23,26.8430,184.7778,8.8807,-35.0551,-35.0586
2089.000000,24,26.8430,184.9698,11.5251,-32.6027,-32.6116
2090.000000,0,26.8138,184.1500,11.3965,-31.9116,-31.9248
2090.000000,1,26.8138,184.3499,9.8160,-33.6919,-33.6975
2090.000000,2,26.8138,184.5475,6.9449,-36.7606,-36.7629
2090.000000,3,26.8138,184.7429,7.0836,-36.8173,-36.8196
2090.000000,4,26.8138,184.9363,8.9409,-35.1535,-35.1579
2090.000000,5,26.8138,184.1539,16.8642,-26.4478,-26.5110
2090.000000,6,26.8138,184.3536,15.1594,-28.3523,-28.3796
2090.000000,7,26.8138,184.5511,12.0582,-31.6509,-31.6643
2090.000000,8,26.8138,184.7464,13.6978,-30.2066,-30.2218
2090.000000,9,26.8138,184.9396,15.3933,-28.7043,-28.7326
2090.000000,10,26.8138,184.1635,17.6377,-25.6839,-25.7721
2090.000000,11,26.8138,184.3628,16.0333,-27.4875,-27.5270
2090.000000,12,26.8138,184.5599,13.0411,-30.6769,-30.6984
2090.000000,13,26.8138,184.7549,15.1480,-28.7650,-28.7925
2090.000000,14,26.8138,184.9478,16.8884,-27.2174,-27.2695
2090.000000,15,26.8138,184.1787,15.9172,-27.4195,-27.4658
2090.000000,16,26.8138,184.3774,14.6362,-28.8992,-28.9211
2090.000000,17,26.8138,184.5740,11.9156,-31.8164,-31.8295
2090.000000,18,26.8138,184.7685,14.1944,-29.7321,-29.7506
2090.000000,19,26.8138,184.9609,16.1927,-27.9262,-27.9641
2090.000000,20,26.8138,184.1994,8.8320,-34.5255,-34.5312
2090.000000,21,26.8138,184.3974,7.9022,-35.6532,-35.6566
2090.000000,22,26.8138,184.5932,6.0779,-37.6734,-37.6756
2090.000000,23,26.8138,184.7870,9.0889,-34.8561,-34.8598
2090.000000,24,26.8138,184.9788,11.7219,-32.4150,-32.4244
2091.000000,0,26.7832,184.1546,11.5423,-31.7703,-31.7839
2091.000000,1,26.7832,184.3544,9.8637,-33.6487,-33.6542
2091.000000,2,26.7832,184.5519,6.8833,-36.8266,-36.8289
2091.000000,3,26.7832,184.7473,7.0710,-36.8344,-36.8367
2091.000000,4,26.7832,184.9406,8.8196,-35.2791,-35.2835
2091.000000,5,26.7832,184.1600,16.8699,-26.4481,-26.5108
2091.000000,6,26.7832,184.3595,15.1053,-28.4123,-28.4391
2091.000000,7,26.7832,184.5569,11.9229,-31.7920,-31.8054
2091.000000,8,26.7832,184.7521,13.7518,-30.1584,-30.1737
2091.000000,9,26.7832,184.9452,15.3810,-28.7223,-28.7507
2091.000000,10,26.7832,184.1710,17.6133,-25.7157,-25.8015
2091.000000,11,26.7832,184.3701,15.9739,-27.5542,-27.5925
2091.000000,12,26.7832,184.5671,12.9295,-30.7956,-30.8170
2091.000000,13,26.7832,184.7619,15.2507,-28.6693,-28.6974
2091.000000,14,26.7832,184.9547,16.9443,-27.1684,-27.2214
2091.000000,15,26.7832,184.1876,15.8148,-27.5309,-27.5751
2091.000000,16,26.7832,184.3861,14.5232,-29.0210,-29.0419
2091.000000,17,26.7832,184.5825,11.7656,-31.9749,-31.9880
2091.000000,18,26.7832,184.7767,14.3048,-29.6300,-29.6492
2091.000000,19,26.7832,184.9690,16.2720,-27.8550,-27.8943
2091.000000,20,26.7832,184.2098,8.6160,-34.7517,-34.7571
2091.000000,21,26.7832,184.4075,7.7265,-35.8390,-35.8422
2091.000000,22,26.7832,184.6030,5.9072,-37.8539,-37.8561
2091.000000,23,26.7832,184.7966,9.2975,-34.6571,-34.6611
2091.000000,24,26.7832,185.1681,11.9165,-32.4097,-32.4193
2092.000000,0,26.7512,184.1595,11.6822,-31.6353,-31.6491
2092.000000,1,26.7512,184.3592,9.9060,-33.6113,-33.6168
2092.000000,2,26.7512,184.5567,6.8143,-36.9005,-36.9028
2092.000000,3,26.7512,184.7521,7.0621,-36.8480,-36.8503
2092.000000,4,26.7512,184.9453,8.6990,-35.4044,-35.4087
2092.000000,5,26.7512,184.1663,16.8705,-26.4539,-26.5160
2092.000000,6,26.7512,184.3658,15.0446,-28.4792,-28.5055
2092.000000,7,26.7512,184.5630,11.7772,-31.9439,-31.9573
2092.000000,8,26.7512,184.7581,13.8074,-30.1087,-30.1243
2092.000000,9,26.7512,184.9511,15.3686,-28.7406,-28.7691
2092.000000,10,26.7512,184.1788,17.5847,-25.7521,-25.8353
2092.000000,11,26.7512,184.3778,15.9089,-27.6269,-27.6638
2092.000000,12,26.7512,184.5746,12.8091,-30.9235,-30.9449
2092.000000,13,26.7512,184.7692,15.3537,-28.5736,-28.6023
2092.000000,14,26.7512,184.9618,16.9991,-27.1207,-27.1746
2092.000000,15,26.7512,184.1968,15.7081,-27.6468,-27.6889
2092.000000,16,26.7512,184.3951,14.4044,-29.1488,-29.1688
2092.000000,17,26.7512,184.5913,11.6058,-32.1435,-32.1566
2092.000000,18,26.7512,184.7853,14.4163,-29.5270,-29.5470
2092.000000,19,26.7512,184.9774,16.3507,-27.7847,-27.8254
2092.000000,20,26.7512,184.2204,8.3947,-34.9837,-34.9887
2092.000000,21,26.7512,184.4178,7.5459,-36.0300,-36.0329
2092.000000,22,26.7512,184.6131,5.7270,-38.0441,-38.0464
2092.000000,23,26.7512,184.8064,9.5060,-34.4584,-34.4626
2092.000000,24,26.7512,185.1777,12.1087,-32.2270,-32.2373
2093.000000,0,26.7179,184.1648,11.8162,-31.5066,-31.5207
2093.000000,1,26.7179,184.3644,9.9425,-33.5800,-33.5855
2093.000000,2,26.7179,184.5618,6.7373,-36.9826,-36.9849
2093.000000,3,26.7179,184.7571,7.0568,-36.8583,-36.8606
2093.000000,4,26.7179,184.9503,8.5789,-35.5294,-35.5336
2093.000000,5,26.7179,184.1731,16.8657,-26.4654,-26.5268
2093.000000,6,26.7179,184.3724,14.9771,-28.5533,-28.5790
2093.000000,7,26.7179,184.5695,11.6203,-32.1072,-32.1206
2093.000000,8,26.7179,184.7644,13.8646,-30.0579,-30.0736
2093.000000,9,26.7179,184.9573,15.3561,-28.7593,-28.7879
2093.000000,10,26.7179,184.1870,17.5517,-25.7933,-25.8739
2093.000000,11,26.7179,184.3857,15.8380,-27.7057,-27.7414
2093.000000,12,26.7179,184.5823,12.6793,-31.0611,-31.0824
2093.000000,13,26.7179,184.7768,15.4568,-28.4780,-28.5075
2093.000000,14,26.7179,184.9693,17.0529,-27.0744,-27.1293
2093.000000,15,26.7179,184.2064,15.5971,-27.7673,-27.8075
2093.000000,16,26.7179,184.4045,14.2795,-29.2830,-29.3021
2093.000000,17,26.7179,184.6004,11.4356,-32.3228,-32.3360
2093.000000,18,26.7179,184.7942,14.5288,-29.4235,-29.4442
2093.000000,19,26.7179,185.1661,16.4286,-27.8955,-27.9360
2093.000000,20,26.7179,184.2314,8.1678,-35.2216,-35.2262
2093.000000,21,26.7179,184.4285,7.3602,-36.2264,-36.2292
2093.000000,22,26.7179,184.6236,5.5367,-38.2449,-38.2472
2093.000000,23,26.7179,184.8166,9.7143,-34.2603,-34.2647
2093.000000,24,26.7179,185.1876,12.2985,-32.0471,-32.0581
2094.000000,0,26.6833,184.1704,11.9440,-31.3845,-31.3988
2094.000000,1,26.6833,184.3699,9.9729,-33.5551,-33.5606
2094.000000,2,26.6833,184.5673,6.6519,-37.0734,-37.0757
2094.000000,3,26.6833,184.7624,7.0550,-36.8655,-36.8678
2094.000000,4,26.6833,184.9555,8.4594,-35.6542,-35.6584
2094.000000,5,26.6833,184.1801,16.8552,-26.4829,-26.5435
2094.000000,6,26.6833,184.3793,14.9023,-28.6350,-28.6601
2094.000000,7,26.6833,184.5763,11.4517,-32.2826,-32.2959
2094.000000,8,26.6833,184.7711,13.9230,-30.0061,-30.0221
2094.000000,9,26.6833,184.9638,15.3435,-28.7784,-28.8072
2094.000000,10,26.6833,184.1955,17.5142,-25.8393,-25.9173
2094.000000,11,26.6833,184.3940,15.7611,-27.7910,-27.8253
2094.000000,12,26.6833,184.5904,12.5735,-31.1750,-31.1964
2094.000000,13,26.6833,184.7848,15.5599,-28.3829,-28.4131
2094.000000,14,26.6833,184.9770,17.1054,-27.0297,-27.0856
2094.000000,15,26.6833,184.2163,15.4816,-27.8928,-27.9309
2094.000000,16,26.6833,184.4141,14.1484,-29.4238,-29.4421
2094.000000,17,26.6833,184.6098,11.2545,-32.5133,-32.5267
2094.000000,18,26.6833,184.8034,14.6419,-29.3195,-29.3410
2094.000000,19,26.6833,185.1750,16.5057,-27.8274,-27.8694
2094.000000,20,26.6833,184.2427,7.9352,-35.4656,-35.4699
2094.000000,21,26.6833,184.4395,7.1690,-36.4286,-36.4312
2094.000000,22,26.6833,184.6343,5.6306,-38.1617,-38.1641
2094.000000,23,26.6833,184.8270,9.9221,-34.0629,-34.0677
2094.000000,24,26.6833,185.1978,12.4857,-31.8701,-31.8818
2095.000000,0,26.6473,184.1764,12.0653,-31.2691,-31.2837
2095.000000,1,26.6473,184.3758,9.9969,-33.5370,-33.5424
2095.000000,2,26.6473,184.5730,6.5577,-37.1734,-37.1757
2095.000000,3,26.6473,184.7681,7.0565,-36.8697,-36.8720
2095.000000,4,26.6473,184.9611,8.3518,-35.7673,-35.7715
2095.000000,5,26.6473,184.1875,16.8389,-26.5067,-26.5663
2095.000000,6,26.6473,184.3865,14.8200,-28.7246,-28.7492
2095.000000,7,26.6473,184.5834,11.2706,-32.4707,-32.4842
2095.000000,8,26.6473,184.7780,13.9825,-29.9536,-29.9698
2095.000000,9,26.6473,184.9707,15.3306,-28.7981,-28.8271
2095.000000,10,26.6473,184.2043,17.4718,-25.8905,-25.9657
2095.000000,11,26.6473,184.4027,15.6778,-27.8829,-27.9159
2095.000000,12,26.6473,184.5989,12.7678,-30.9891,-31.0103
2095.000000,13,26.6473,184.7930,15.6626,-28.2884,-28.3193
2095.000000,14,26.6473,184.9851,17.1565,-26.9866,-27.0436
2095.000000,15,26.6473,184.2266,15.3613,-28.0233,-28.0595
2095.000000,16,26.6473,184.4241,14.0106,-29.5716,-29.5890
2095.000000,17,26.6473,184.6195,11.3834,-32.3942,-32.4075
2095.000000,18,26.6473,184.8129,14.7556,-29.2153,-29.2377
2095.000000,19,26.6473,185.1843,16.5817,-27.7606,-27.8042
2095.000000,20,26.6473,184.2543,7.6964,-35.7160,-35.7199
2095.000000,21,26.6473,184.4508,6.9720,-36.6369,-36.6394
2095.000000,22,26.6473,184.6453,5.8986,-37.9047,-37.9071
2095.000000,23,26.6473,184.8377,10.1291,-33.8666,-33.8717
2095.000000,24,26.6473,185.2083,12.6701,-31.6962,-31.7086
2096.000000,0,26.6101,184.1827,12.1799,-31.1608,-31.1755
2096.000000,1,26.6101,184.3820,10.0142,-33.5259,-33.5313
2096.000000,2,26.6101,184.5791,6.4539,-37.2832,-37.2855
2096.000000,3,26.6101,184.7741,7.0611,-36.8710,-36.8734
2096.000000,4,26.6101,184.9670,8.3175,-35.8075,-35.8116
2096.000000,5,26.6101,184.1953,16.8164,-26.5369,-26.5956
2096.000000,6,26.6101,184.3941,14.7297,-28.8225,-28.8465
2096.000000,7,26.6101,184.5908,11.3253,-32.4235,-32.4368
2096.000000,8,26.6101,184.7853,14.0429,-29.9004,-29.9169
2096.000000,9,26.6101,184.9778,15.3173,-28.8185,-28.8477
2096.000000,10,26.6101,184.2135,17.4245,-25.9470,-26.0194
2096.000000,11,26.6101,184.4116,15.5879,-27.9817,-28.0135
2096.000000,12,26.6101,184.6076,12.9613,-30.8043,-30.8254
2096.000000,13,26.6101,184.8015,15.7649,-28.1947,-28.2264
2096.000000,14,26.6101,185.1734,17.2062,-27.1252,-27.1810
2096.000000,15,26.6101,184.2372,15.2360,-28.1592,-28.1934
2096.000000,16,26.6101,184.4344,13.8658,-29.7266,-29.7432
2096.000000,17,26.6101,184.6296,11.5736,-32.2140,-32.2273
2096.000000,18,26.6101,184.8227,14.8695,-29.1112,-29.1345
2096.000000,19,26.6101,185.1938,16.6566,-27.6953,-27.7404
2096.000000,20,26.6101,184.2663,7.4514,-35.9730,-35.9766
2096.000000,21,26.6101,184.4625,6.7688,-36.8517,-36.8540
2096.000000,22,26.6101,184.6566,6.1660,-37.6486,-37.6510
2096.000000,23,26.6101,184.8487,10.3352,-33.6716,-33.6770
2096.000000,24,26.6101,185.2190,12.8517,-31.5253,-31.5386
2097.000000,0,26.5715,184.1893,12.2877,-31.0597,-31.0746
2097.000000,1,26.5715,184.3885,10.0244,-33.5222,-33.5276
2097.000000,2,26.5715,184.5855,6.3401,-37.4035,-37.4057
2097.000000,3,26.5715,184.7803,7.0686,-36.8698,-36.8722
2097.000000,4,26.5715,184.9731,8.2846,-35.8465,-35.8506
2097.000000,5,26.5715,184.2034,16.7875,-26.5740,-26.6316
2097.000000,6,26.5715,184.4020,14.6309,-28.9292,-28.9525
2097.000000,7,26.5715,184.5985,11.5010,-32.2555,-32.2687
2097.000000,8,26.5715,184.7928,14.1040,-29.8468,-29.8637
2097.000000,9,26.5715,184.9852,15.3035,-28.8397,-28.8691
2097.000000,10,26.5715,184.2230,17.3720,-26.0090,-26.0786
2097.000000,11,26.5715,184.4209,15.4911,-28.0878,-28.1183
2097.000000,12,26.5715,184.6166,13.1537,-30.6210,-30.6420
2097.000000,13,26.5715,184.8103,15.8664,-28.1019,-28.1346
2097.000000,14,26.5715,185.1820,17.2542,-27.0858,-27.1427
2097.000000,15,26.5715,184.2481,15.1056,-28.3005,-28.3328
2097.000000,16,26.5715,184.4450,13.7138,-29.8893,-29.9051
2097.000000,17,26.5715,184.6399,11.7643,-32.0336,-32.0470
2097.000000,18,26.5715,184.8327,14.9835,-29.0072,-29.0316
2097.000000,19,26.5715,185.2036,16.7303,-27.6314,-27.6782
2097.000000,20,26.5715,184.2786,7.1997,-36.2369,-36.2403
2097.000000,21,26.5715,184.4744,6.5592,-37.0732,-37.0754
2097.000000,22,26.5715,184.6682,6.4325,-37.3937,-37.3961
2097.000000,23,26.5715,184.8601,10.5400,-33.4780,-33.4838
2097.000000,24,26.5715,185.2300,13.0303,-31.3577,-31.3718
2098.000000,0,26.5316,184.1963,12.3883,-30.9661,-30.9812
2098.000000,1,26.5316,184.3954,10.0271,-33.5263,-33.5316
2098.000000,2,26.5316,184.5922,6.2154,-37.5348,-37.5371
2098.000000,3,26.5316,184.7869,7.0789,-36.8660,-36.8685
2098.000000,4,26.5316,184.9796,8.2532,-35.8844,-35.8884
2098.000000,5,26.5316,184.2118,16.7517,-26.6181,-26.6746
2098.000000,6,26.5316,184.4103,14.5233,-29.0450,-29.0677
2098.000000,7,26.5316,184.6065,11.6772,-32.0874,-32.1005
2098.000000,8,26.5316,184.8007,14.1657,-29.7931,-29.8103
2098.000000,9,26.5316,185.1728,15.2892,-29.0417,-29.0701
2098.000000,10,26.5316,184.2328,17.3141,-26.0767,-26.1435
2098.000000,11,26.5316,184.4305,15.3871,-28.2014,-28.2307
2098.000000,12,26.5316,184.6260,13.3447,-30.4393,-30.4604
2098.000000,13,26.5316,184.8195,15.9671,-28.0104,-28.0441
2098.000000,14,26.5316,185.1909,17.3006,-27.0484,-27.1065
2098.000000,15,26.5316,184.2593,14.9697,-28.4476,-28.4780
2098.000000,16,26.5316,184.4559,13.5540,-30.0600,-30.0750
2098.000000,17,26.5316,184.6505,11.9552,-31.8534,-31.8669
2098.000000,18,26.5316,184.8431,15.0974,-28.9037,-28.9291
2098.000000,19,26.5316,185.2138,16.8026,-27.5692,-27.6177
2098.000000,20,26.5316,184.2911,6.9410,-36.5081,-36.5113
2098.000000,21,26.5316,184.4866,6.3426,-37.3021,-37.3042
2098.000000,22,26.5316,184.6801,6.6978,-37.1403,-37.1427
2098.000000,23,26.5316,184.8716,10.7435,-33.2862,-33.2923
2098.000000,24,26.5316,185.2413,13.2059,-31.1935,-31.2085
2099.000000,0,26.4905,184.2037,12.4814,-30.8803,-30.8955
2099.000000,1,26.4905,184.4026,10.0220,-33.5386,-33.5439
2099.000000,2,26.4905,184.5993,6.0793,-37.6780,-37.6804
2099.000000,3,26.4905,184.7938,7.0918,-36.8600,-36.8625
2099.000000,4,26.4905,185.1663,8.2230,-36.1014,-36.1051
2099.000000,5,26.4905,184.2206,16.7089,-26.6697,-26.7249
2099.000000,6,26.4905,184.4188,14.4063,-29.1706,-29.1927
2099.000000,7,26.4905,184.6149,11.8534,-31.9195,-31.9325
2099.000000,8,26.4905,184.8089,14.2276,-29.7393,-29.7569
2099.000000,9,26.4905,185.1808,15.2742,-29.0646,-29.0934
2099.000000,10,26.4905,184.2430,17.2506,-26.1504,-26.2144
2099.000000,11,26.4905,184.4404,15.2756,-28.3228,-28.3510
2099.000000,12,26.4905,184.6356,13.5340,-30.2597,-30.2808
2099.000000,13,26.4905,184.8289,16.0667,-27.9202,-27.9549
2099.000000,14,26.4905,185.2001,17.3450,-27.0131,-27.0724
2099.000000,15,26.4905,184.2708,14.8282,-28.6007,-28.6293
2099.000000,16,26.4905,184.4672,13.3862,-30.2390,-30.2534
2099.000000,17,26.4905,184.6615,12.1459,-31.6737,-31.6873
2099.000000,18,26.4905,184.8538,15.2110,-28.8008,-28.8273
2099.000000,19,26.4905,185.2241,16.8735,-27.5087,-27.5590
2099.000000,20,26.4905,184.3040,6.6751,-36.7870,-36.7898
2099.000000,21,26.4905,184.4992,6.1186,-37.5386,-37.5406
2099.000000,22,26.4905,184.6923,6.9615,-36.8888,-36.8913
2099.000000,23,26.4905,184.8835,10.9452,-33.0963,-33.1029
2099.000000,24,26.4905,185.2529,13.3782,-31.0327,-31.0487
2100.000000,0,26.4481,184.2114,12.5669,-30.8025,-30.8178
2100.000000,1,26.4481,184.4101,10.0085,-33.5596,-33.5648
2100.000000,2,26.4481,184.6066,5.9307,-37.8340,-37.8363
2100.000000,3,26.4481,184.8010,7.1072,-36.8518,-36.8543
2100.000000,4,26.4481,185.1734,8.1940,-36.1375,-36.1412
2100.000000,5,26.4481,184.2297,16.6586,-26.7291,-26.7829
2100.000000,6,26.4481,184.4277,14.2794,-29.3063,-29.3278
2100.000000,7,26.4481,184.6236,12.0294,-31.7522,-31.7652
2100.000000,8,26.4481,184.8173,14.2897,-29.6856,-29.7037
2100.000000,9,26.4481,185.1891,15.2585,-29.0887,-29.1177
2100.000000,10,26.4481,184.2535,17.1811,-26.2304,-26.2914
2100.000000,11,26.4481,184.4506,15.1561,-28.4526,-28.4796
2100.000000,12,26.4481,184.6456,13.7214,-30.0823,-30.1035
2100.000000,13,26.4481,184.8386,16.1650,-27.8316,-27.8674
2100.000000,14,26.4481,185.2096,17.3876,-26.9801,-27.0405
2100.000000,15,26.4481,184.2827,14.6807,-28.7601,-28.7869
2100.000000,16,26.4481,184.4787,13.2098,-30.4269,-30.4406
2100.000000,17,26.4481,184.6727,12.3361,-31.4947,-31.5086
2100.000000,18,26.4481,184.8647,15.3241,-28.6986,-28.7264
2100.000000,19,26.4481,185.2348,16.9428,-27.4501,-27.5022
2100.000000,20,26.4481,184.3173,6.4015,-37.0738,-37.0764
2100.000000,21,26.4481,184.5120,5.8867,-37.7834,-37.7852
2100.000000,22,26.4481,184.7048,7.2234,-36.6394,-36.6419
2100.000000,23,26.4481,184.8957,11.1451,-32.9086,-32.9156
2100.000000,24,26.4481,185.2647,13.5472,-30.8756,-30.8925
2101.000000,0,26.4045,184.2194,12.6444,-30.7330,-30.7484
2101.000000,1,26.4045,184.4179,9.9864,-33.5896,-33.5948
2101.000000,2,26.4045,184.6143,5.7688,-38.0035,-38.0059
2101.000000,3,26.4045,184.8085,7.1248,-36.8417,-36.8442
2101.000000,4,26.4045,185.1807,8.1659,-36.1728,-36.1765
2101.000000,5,26.4045,184.2391,16.6006,-26.7966,-26.8490
2101.000000,6,26.4045,184.4369,14.1420,-29.4529,-29.4738
2101.000000,7,26.4045,184.6325,12.2048,-31.5858,-31.5988
2101.000000,8,26.4045,184.8261,14.3518,-29.6324,-29.6508
2101.000000,9,26.4045,185.1977,15.2418,-29.1139,-29.1432
2101.000000,10,26.4045,184.2643,17.1055,-26.3168,-26.3750
2101.000000,11,26.4045,184.4611,15.0283,-28.5909,-28.6169
2101.000000,12,26.4045,184.6559,13.9065,-29.9074,-29.9288
2101.000000,13,26.4045,184.8486,16.2619,-27.7448,-27.7817
2101.000000,14,26.4045,185.2194,17.4280,-26.9494,-27.0111
2101.000000,15,26.4045,184.2949,14.5270,-28.9260,-28.9511
2101.000000,16,26.4045,184.4906,13.0245,-30.6242,-30.6373
2101.000000,17,26.4045,184.6842,12.5254,-31.3168,-31.3310
2101.000000,18,26.4045,184.8759,15.4365,-28.5975,-28.6265
2101.000000,19,26.4045,185.2458,17.0103,-27.3935,-27.4474
2101.000000,20,26.4045,184.3308,6.1198,-37.3690,-37.3714
2101.000000,21,26.4045,184.5252,5.6464,-38.0368,-38.0386
2101.000000,22,26.4045,184.7176,7.4831,-36.3925,-36.3951
2101.000000,23,26.4045,184.9081,11.3430,-32.7231,-32.7307
2101.000000,24,26.4045,185.2768,13.7127,-30.7221,-30.7401
2102.000000,0,26.3596,184.2278,12.7136,-30.6722,-30.6875
2102.000000,1,26.3596,184.4261,9.9549,-33.6292,-33.6343
2102.000000,2,26.3596,184.6223,5.5925,-38.1878,-38.1902
2102.000000,3,26.3596,184.8163,7.1446,-36.8298,-36.8324
2102.000000,4,26.3596,185.1883,8.1388,-36.2076,-36.2113
2102.000000,5,26.3596,184.2489,16.5344,-26.8725,-26.9235
2102.000000,6,26.3596,184.4464,13.9936,-29.6109,-29.6311
2102.000000,7,26.3596,184.6418,12.3793,-31.4205,-31.4336
2102.000000,8,26.3596,184.8351,14.4136,-29.5796,-29.5986
2102.000000,9,26.3596,185.2065,15.2242,-29.1403,-29.1699
2102.000000,10,26.3596,184.2755,17.0235,-26.4100,-26.4653
2102.000000,11,26.3596,184.4720,14.8917,-28.7383,-28.7634
2102.000000,12,26.3596,184.6664,14.0893,-29.7352,-29.7570
2102.000000,13,26.3596,184.8589,16.3571,-27.6598,-27.6980
2102.000000,14,26.3596,185.2294,17.4662,-26.9212,-26.9842
2102.000000,15,26.3596,184.3074,14.3667,-29.0987,-29.1222
2102.000000,16,26.3596,184.5027,12.8296,-30.8312,-30.8438
2102.000000,17,26.3596,184.6961,12.7138,-31.1404,-31.1548
2102.000000,18,26.3596,184.8875,15.5480,-28.4975,-28.5278
2102.000000,19,26.3596,185.2570,17.0761,-27.3389,-27.3948
2102.000000,20,26.3596,184.3446,5.8296,-37.6731,-37.6752
2102.000000,21,26.3596,184.5386,5.3970,-38.2996,-38.3013
2102.000000,22,26.3596,184.7306,7.7405,-36.1482,-36.1509
2102.000000,23,26.3596,184.9208,11.5386,-32.5402,-32.5483
2102.000000,24,26.3596,185.2892,13.8748,-30.5725,-30.5916
2103.000000,0,26.3135,184.2365,12.7742,-30.6203,-30.6356
2103.000000,1,26.3135,184.4346,9.9137,-33.6789,-33.6839
2103.000000,2,26.3135,184.6305,5.5357,-38.2529,-38.2554
2103.000000,3,26.3135,184.8244,7.1662,-36.8162,-36.8189
2103.000000,4,26.3135,185.1963,8.1124,-36.2419,-36.2456
2103.000000,5,26.3135,184.2590,16.4596,-26.9574,-27.0069
2103.000000,6,26.3135,184.4563,13.8334,-29.7809,-29.8007
2103.000000,7,26.3135,184.6514,12.5527,-31.2567,-31.2699
2103.000000,8,26.3135,184.8445,14.4750,-29.5275,-29.5470
2103.000000,9,26.3135,185.2156,15.2055,-29.1681,-29.1980
2103.000000,10,26.3135,184.2870,16.9348,-26.5102,-26.5627
2103.000000,11,26.3135,184.4832,14.7460,-28.8952,-28.9194
2103.000000,12,26.3135,184.6773,14.2693,-29.5660,-29.5882
2103.000000,13,26.3135,184.8695,16.4506,-27.5769,-27.6164
2103.000000,14,26.3135,185.2397,17.5022,-26.8956,-26.9599
2103.000000,15,26.3135,184.3202,14.1997,-29.2786,-29.3005
2103.000000,16,26.3135,184.5152,12.6246,-31.0487,-31.0608
2103.000000,17,26.3135,184.7082,12.9007,-30.9655,-30.9804
2103.000000,18,26.3135,184.8993,15.6585,-28.3988,-28.4306
2103.000000,19,26.3135,185.2685,17.1400,-27.2865,-27.3443
2103.000000,20,26.3135,184.3588,5.5303,-37.9865,-37.9885
2103.000000,21,26.3135,184.5523,5.1379,-38.5724,-38.5741
2103.000000,22,26.3135,184.7440,7.9952,-35.9068,-35.9096
2103.000000,23,26.3135,184.9338,11.7318,-32.3600,-32.3687
2103.000000,24,26.3135,185.3018,14.0331,-30.4267,-30.4470
2104.000000,0,26.2662,184.2455,12.8259,-30.5776,-30.5930
2104.000000,1,26.2662,184.4434,9.8622,-33.7392,-33.7442
2104.000000,2,26.2662,184.6391,5.7251,-38.0720,-38.0745
2104.000000,3,26.2662,184.8328,7.1896,-36.8012,-36.8039
2104.000000,4,26.2662,185.2045,8.0866,-36.2759,-36.2795
2104.000000,5,26.2662,184.2694,16.3759,-27.0516,-27.0994
2104.000000,6,26.2662,184.4664,13.6606,-29.9638,-29.9830
2104.000000,7,26.2662,184.6613,12.7247,-31.0947,-31.1079
2104.000000,8,26.2662,184.8542,14.5359,-29.4763,-29.4964
2104.000000,9,26.2662,185.2250,15.1857,-29.1974,-29.2276
2104.000000,10,26.2662,184.2987,16.8390,-26.6178,-26.6674
2104.000000,11,26.2662,184.4946,14.5905,-29.0622,-29.0855
2104.000000,12,26.2662,184.6885,14.4465,-29.4000,-29.4226
2104.000000,13,26.2662,184.8803,16.5422,-27.4962,-27.5371
2104.000000,14,26.2662,185.2503,17.5357,-26.8726,-26.9383
2104.000000,15,26.2662,184.3334,14.0255,-29.4660,-29.4863
2104.000000,16,26.2662,184.5280,12.4088,-31.2772,-31.2889
2104.000000,17,26.2662,184.7206,13.0860,-30.7926,-30.8080
2104.000000,18,26.2662,184.9113,15.7677,-28.3016,-28.3349
2104.000000,19,26.2662,185.2802,17.2019,-27.2364,-27.2962
2104.000000,20,26.2662,184.3732,5.2214,-38.3098,-38.3116
2104.000000,21,26.2662,184.5663,4.8684,-38.8560,-38.8575
2104.000000,22,26.2662,184.7576,8.2471,-35.6685,-35.6715
2104.000000,23,26.2662,184.9471,11.9224,-32.1827,-32.1920
2104.000000,24,26.2662,185.3147,14.1878,-30.2850,-30.3065
2105.000000,0,26.2176,184.2549,12.8682,-30.5447,-30.5599
2105.000000,1,26.2176,184.4525,9.7998,-33.8108,-33.8157
2105.000000,2,26.2176,184.6481,5.9153,-37.8908,-37.8933
2105.000000,3,26.2176,184.8415,7.2147,-36.7849,-36.7877
2105.000000,4,26.2176,185.2130,8.0614,-36.3096,-36.3132
2105.000000,5,26.2176,184.2802,16.2827,-27.1555,-27.2017
2105.000000,6,26.2176,184.4769,13.4745,-30.1604,-30.1791
2105.000000,7,26.2176,184.6715,12.8950,-30.9346,-30.9480
2105.000000,8,26.2176,184.8641,14.5960,-29.4261,-29.4468
2105.000000,9,26.2176,185.2347,15.1646,-29.2282,-29.2588
2105.000000,10,26.2176,184.3109,16.7360,-26.7329,-26.7799
2105.000000,11,26.2176,184.5064,14.4248,-29.2397,-29.2623
2105.000000,12,26.2176,184.6999,14.6206,-29.2374,-29.2605
2105.000000,13,26.2176,184.8915,16.6316,-27.4179,-27.4603
2105.000000,14,26.2176,185.2612,17.5667,-26.8525,-26.9195
2105.000000,15,26.2176,184.3468,13.8437,-29.6611,-29.6801
2105.000000,16,26.2176,184.5410,12.1817,-31.5173,-31.5287
2105.000000,17,26.2176,184.7333,13.2695,-30.6218,-30.6378
2105.000000,18,26.2176,184.9237,15.8756,-28.2062,-28.2410
2105.000000,19,26.2176,185.2923,17.2617,-27.1887,-27.2506
2105.000000,20,26.2176,184.3879,4.9024,-38.6436,-38.6452
2105.000000,21,26.2176,184.5807,4.5877,-39.1510,-39.1525
2105.000000,22,26.2176,184.7715,8.4960,-35.4336,-35.4367
2105.000000,23,26.2176,184.9606,12.1102,-32.0085,-32.0183
2105.000000,24,26.2176,185.3279,14.3386,-30.1474,-30.1701
2106.000000,0,26.1679,184.2646,12.9009,-30.5217,-30.5368
2106.000000,1,26.1679,184.4620,9.7257,-33.8943,-33.8991
2106.000000,2,26.1679,184.6573,6.1057,-37.7096,-37.7121
2106.000000,3,26.1679,184.8505,7.2411,-36.7674,-36.7703
2106.000000,4,26.1679,185.2218,8.0365,-36.3432,-36.3468
2106.000000,5,26.1679,184.2913,16.1797,-27.2696,-27.3142
2106.000000,6,26.1679,184.4877,13.2742,-30.3715,-30.3898
2106.000000,7,26.1679,184.6820,13.0633,-30.7767,-30.7904
2106.000000,8,26.1679,184.8743,14.6552,-29.3771,-29.3984
2106.000000,9,26.1679,185.2447,15.1422,-29.2606,-29.2915
2106.000000,10,26.1679,184.3233,16.6252,-26.8561,-26.9004
2106.000000,11,26.1679,184.5185,14.2482,-29.4283,-29.4502
2106.000000,12,26.1679,184.7117,14.7915,-29.0783,-29.1021
2106.000000,13,26.1679,184.9030,16.7188,-27.3422,-27.3860
2106.000000,14,26.1679,185.2723,17.5951,-26.8352,-26.9037
2106.000000,15,26.1679,184.3606,13.6541,-29.8645,-29.8821
2106.000000,16,26.1679,184.5544,11.9425,-31.7700,-31.7811
2106.000000,17,26.1679,184.7463,13.4509,-30.4534,-30.4700
2106.000000,18,26.1679,184.9363,15.9819,-28.1125,-28.1489
2106.000000,19,26.1679,185.3046,17.3192,-27.1434,-27.2074
2106.000000,20,26.1679,184.4030,4.5725,-38.9886,-38.9900
2106.000000,21,26.1679,184.5953,4.2949,-39.4584,-39.4599
2106.000000,22,26.1679,184.7857,8.7416,-35.2021,-35.2055
2106.000000,23,26.1679,184.9744,12.2950,-31.8374,-31.8480
2106.000000,24,26.1679,185.3413,14.4854,-30.0139,-30.0380
2107.000000,0,26.1171,184.2746,12.9235,-30.5091,-30.5241
2107.000000,1,26.1171,184.4718,9.6394,-33.9904,-33.9951
2107.000000,2,26.1171,184.6668,6.2962,-37.5286,-37.5311
2107.000000,3,26.1171,184.8598,7.2688,-36.7490,-36.7520
2107.000000,4,26.1171,185.2308,8.0120,-36.3768,-36.3804
2107.000000,5,26.1171,184.3027,16.0663,-27.3944,-27.4373
2107.000000,6,26.1171,184.4987,13.0586,-30.5982,-30.6160
2107.000000,7,26.1171,184.6928,13.2296,-30.6213,-30.6353
2107.000000,8,26.1171,184.8848,14.7134,-29.3295,-29.3515
2107.000000,9,26.1171,185.2550,15.1183,-29.2947,-29.3261
2107.000000,10,26.1171,184.3360,16.5065,-26.9876,-27.0293
2107.000000,11,26.1171,184.5309,14.0602,-29.6287,-29.6501
2107.000000,12,26.1171,184.7237,14.9589,-28.9229,-28.9474
2107.000000,13,26.1171,184.9147,16.8036,-27.2691,-27.3146
2107.000000,14,26.1171,185.2838,17.6208,-26.8210,-26.8908
2107.000000,15,26.1171,184.3746,13.4562,-30.0765,-30.0927
2107.000000,16,26.1171,184.5680,11.6902,-32.0358,-32.0468
2107.000000,17,26.1171,184.7596,13.6300,-30.2876,-30.3049
2107.000000,18,26.1171,184.9493,16.0865,-28.0208,-28.0590
2107.000000,19,26.1171,185.3171,17.3744,-27.1008,-27.1669
2107.000000,20,26.1171,184.4183,4.2309,-39.3454,-39.3467
2107.000000,21,26.1171,184.6102,3.9890,-39.7792,-39.7807
2107.000000,22,26.1171,184.8002,8.9838,-34.9744,-34.9780
2107.000000,23,26.1171,185.1685,12.4768,-31.8497,-31.8606
2107.000000,24,26.1171,185.3550,14.6283,-29.8848,-29.9102
2108.000000,0,26.0650,184.2850,12.9356,-30.5073,-30.5221
2108.000000,1,26.0650,184.4818,9.5399,-34.0999,-34.1046
2108.000000,2,26.0650,184.6766,6.4865,-37.3482,-37.3507
2108.000000,3,26.0650,184.8694,7.2977,-36.7298,-36.7328
2108.000000,4,26.0650,185.2402,7.9877,-36.4105,-36.4141
2108.000000,5,26.0650,184.3144,15.9419,-27.5305,-27.5717
2108.000000,6,26.0650,184.5101,12.8494,-30.8188,-30.8363
2108.000000,7,26.0650,184.7039,13.3934,-30.4685,-30.4828
2108.000000,8,26.0650,184.8956,14.7704,-29.2833,-29.3060
2108.000000,9,26.0650,185.2655,15.0928,-29.3307,-29.3624
2108.000000,10,26.0650,184.3491,16.3793,-27.1278,-27.1669
2108.000000,11,26.0650,184.5436,13.8601,-29.8415,-29.8626
2108.000000,12,26.0650,184.7361,15.1228,-28.7714,-28.7968
2108.000000,13,26.0650,184.9267,16.8859,-27.1988,-27.2460
2108.000000,14,26.0650,185.2955,17.6436,-26.8099,-26.8811
2108.000000,15,26.0650,184.3890,13.2495,-30.2975,-30.3125
2108.000000,16,26.0650,184.5820,11.4241,-32.3159,-32.3267
2108.000000,17,26.0650,184.7731,13.8066,-30.1246,-30.1426
2108.000000,18,26.0650,184.9624,16.1892,-27.9313,-27.9712
2108.000000,19,26.0650,185.3300,17.4272,-27.0608,-27.1291
2108.000000,20,26.0650,184.4339,3.8770,-39.7150,-39.7162
2108.000000,21,26.0650,184.6253,3.6689,-40.1145,-40.1160
2108.000000,22,26.0650,184.8149,9.2224,-34.7506,-34.7543
2108.000000,23,26.0650,185.1828,12.6553,-31.6855,-31.6971
2108.000000,24,26.0650,185.3690,14.7670,-29.7600,-29.7869
2109.000000,0,26.0119,184.2956,12.9368,-30.5169,-30.5314
2109.000000,1,26.0119,184.4922,9.4266,-34.2237,-34.2283
2109.000000,2,26.0119,184.6868,6.6762,-37.1686,-37.1712
2109.000000,3,26.0119,184.8793,7.4201,-36.6172,-36.6204
2109.000000,4,26.0119,185.2498,8.0376,-36.3702,-36.3738
2109.000000,5,26.0119,184.3264,15.8060,-27.6784,-27.7179
2109.000000,6,26.0119,184.5219,12.6676,-31.0123,-31.0294
2109.000000,7,26.0119,184.7153,13.5548,-30.3186,-30.3333
2109.000000,8,26.0119,184.9067,14.8259,-29.2388,-29.2623
2109.000000,9,26.0119,185.2763,15.0658,-29.3686,-29.4007
2109.000000,10,26.0119,184.3624,16.2434,-27.2771,-27.3138
2109.000000,11,26.0119,184.5565,13.6469,-30.0676,-30.0884
2109.000000,12,26.0119,184.7487,15.2829,-28.6238,-28.6502
2109.000000,13,26.0119,184.9390,16.9654,-27.1316,-27.1805
2109.000000,14,26.0119,185.3074,17.6635,-26.8019,-26.8746
2109.000000,15,26.0119,184.4036,13.0337,-30.5279,-30.5418
2109.000000,16,26.0119,184.5962,11.1431,-32.6111,-32.6220
2109.000000,17,26.0119,184.7870,13.9805,-29.9645,-29.9834
2109.000000,18,26.0119,184.9759,16.2899,-27.8440,-27.8858
2109.000000,19,26.0119,185.3431,17.4775,-27.0236,-27.0941
2109.000000,20,26.0119,184.4498,3.5097,-40.0981,-40.0992
2109.000000,21,26.0119,184.6408,3.8887,-39.9101,-39.9116
2109.000000,22,26.0119,184.8299,9.4572,-34.5308,-34.5348
2109.000000,23,26.0119,185.1974,12.8304,-31.5250,-31.5374
2109.000000,24,26.0119,185.3832,14.9015,-29.6397,-29.6680
2110.000000,0,25.9576,184.3066,12.9266,-30.5381,-30.5525
2110.000000,1,25.9576,184.5030,9.2984,-34.3626,-34.3672
2110.000000,2,25.9576,184.6972,6.8651,-36.9901,-36.9928
2110.000000,3,25.9576,184.8894,7.5466,-36.5009,-36.5041
2110.000000,4,25.9576,185.2597,8.1146,-36.3031,-36.3067
2110.000000,5,25.9576,184.3388,15.6609,-27.8359,-27.8737
2110.000000,6,25.9576,184.5339,12.4712,-31.2207,-31.2375
2110.000000,7,25.9576,184.7270,13.7133,-30.1717,-30.1869
2110.000000,8,25.9576,184.9181,14.8800,-29.1961,-29.2204
2110.000000,9,25.9576,185.2874,15.0602,-29.3853,-29.4178
2110.000000,10,25.9576,184.3761,16.0982,-27.4359,-27.4703
2110.000000,11,25.9576,184.5698,13.4200,-30.3078,-30.3284
2110.000000,12,25.9576,184.7616,15.4392,-28.4805,-28.5079
2110.000000,13,25.9576,184.9515,17.0422,-27.0674,-27.1181
2110.000000,14,25.9576,185.3197,17.6804,-26.7973,-26.8715
2110.000000,15,25.9576,184.4186,12.8083,-30.7683,-30.7812
2110.000000,16,25.9576,184.6107,10.8461,-32.9226,-32.9335
2110.000000,17,25.9576,184.8011,14.1516,-29.8075,-29.8274
2110.000000,18,25.9576,185.1696,16.3885,-27.9392,-27.9811
2110.000000,19,25.9576,185.3564,17.5252,-26.9893,-27.0620
2110.000000,20,25.9576,184.4660,3.1281,-40.4960,-40.4969
2110.000000,21,25.9576,184.6565,4.2469,-39.5676,-39.5690
2110.000000,22,25.9576,184.8452,9.6882,-34.3151,-34.3194
2110.000000,23,25.9576,185.2122,13.0020,-31.3682,-31.3814
2110.000000,24,25.9576,185.3976,15.0317,-29.5239,-29.5537
2111.000000,0,25.9022,184.3180,12.9044,-30.5716,-30.5857
2111.000000,1,25.9022,184.5140,9.1543,-34.5177,-34.5222
2111.000000,2,25.9022,184.7079,7.0529,-36.8130,-36.8158
2111.000000,3,25.9022,184.8999,7.6723,-36.3856,-36.3890
2111.000000,4,25.9022,185.2699,8.1905,-36.2374,-36.2410
2111.000000,5,25.9022,184.3514,15.5544,-27.9550,-27.9910
2111.000000,6,25.9022,184.5462,12.2592,-31.4450,-31.4616
2111.000000,7,25.9022,184.7389,13.8690,-30.0280,-30.0438
2111.000000,8,25.9022,184.9298,14.9324,-29.1554,-29.1805
2111.000000,9,25.9022,185.2987,15.0906,-29.3662,-29.3990
2111.000000,10,25.9022,184.3901,15.9434,-27.6047,-27.6369
2111.000000,11,25.9022,184.5834,13.1784,-30.5631,-30.5836
2111.000000,12,25.9022,184.7748,15.5914,-28.3414,-28.3701
2111.000000,13,25.9022,184.9644,17.1160,-27.0064,-27.0590
2111.000000,14,25.9022,185.3322,17.6941,-26.7961,-26.8717
2111.000000,15,25.9022,184.4338,12.5726,-31.0193,-31.0311
2111.000000,16,25.9022,184.6255,10.5318,-33.2518,-33.2628
2111.000000,17,25.9022,184.8155,14.3197,-29.6538,-29.6748
2111.000000,18,25.9022,185.1836,16.4848,-27.8569,-27.9007
2111.000000,19,25.9022,185.3700,17.5702,-26.9579,-27.0328
2111.000000,20,25.9022,184.4825,2.7309,-40.9096,-40.9105
2111.000000,21,25.9022,184.6725,4.5950,-39.2355,-39.2369
2111.000000,22,25.9022,184.8608,9.9151,-34.1037,-34.1084
2111.000000,23,25.9022,185.2274,13.1700,-31.2154,-31.2295
2111.000000,24,25.9022,185.4123,15.1576,-29.4128,-29.4441
2112.000000,0,25.8457,184.3296,12.8697,-30.6180,-30.6317
2112.000000,1,25.8457,184.5253,8.9932,-34.6902,-34.6947
2112.000000,2,25.8457,184.7189,7.2395,-36.6375,-36.6404
2112.000000,3,25.8457,184.9106,7.7971,-36.2716,-36.2751
2112.000000,4,25.8457,185.2804,8.2652,-36.1732,-36.1767
2112.000000,5,25.8457,184.3644,15.4367,-28.0857,-28.1199
2112.000000,6,25.8457,184.5588,12.0304,-31.6864,-31.7029
2112.000000,7,25.8457,184.7512,14.0216,-29.8877,-29.9041
2112.000000,8,25.8457,184.9417,14.9831,-29.1167,-29.1427
2112.000000,9,25.8457,185.3104,15.1189,-29.3495,-29.3827
2112.000000,10,25.8457,184.4044,15.7784,-27.7840,-27.8141
2112.000000,11,25.8457,184.5973,12.9209,-30.8344,-30.8550
2112.000000,12,25.8457,184.7883,15.7396,-28.2068,-28.2367
2112.000000,13,25.8457,184.9775,17.1867,-26.9488,-27.0033
2112.000000,14,25.8457,185.3449,17.7046,-26.7983,-26.8754
2112.000000,15,25.8457,184.4494,12.3261,-31.2813,-31.2922
2112.000000,16,25.8457,184.6406,10.6559,-33.1428,-33.1539
2112.000000,17,25.8457,184.8301,14.4846,-29.5036,-29.5257
2112.000000,18,25.8457,185.1979,16.5787,-27.7772,-27.8230
2112.000000,19,25.8457,185.3839,17.6124,-26.9295,-27.0067
2112.000000,20,25.8457,184.4993,2.3169,-41.3404,-41.3412
2112.000000,21,25.8457,184.6888,4.9333,-38.9135,-38.9149
2112.000000,22,25.8457,184.8766,10.1378,-33.8968,-33.9018
2112.000000,23,25.8457,185.2427,13.3342,-31.0666,-31.0816
2112.000000,24,25.8457,185.4273,15.2790,-29.3063,-29.3392
2113.000000,0,25.7881,184.3416,12.8219,-30.6777,-30.6911
2113.000000,1,25.7881,184.5369,8.8137,-34.8813,-34.8858
2113.000000,2,25.7881,184.7303,7.4245,-36.4638,-36.4668
2113.000000,3,25.7881,184.9216,7.9207,-36.1590,-36.1626
2113.000000,4,25.7881,185.2911,8.3385,-36.1106,-36.1141
2113.000000,5,25.7881,184.3777,15.3072,-28.2285,-28.2610
2113.000000,6,25.7881,184.5717,11.7982,-31.9315,-31.9480
2113.000000,7,25.7881,184.7637,14.1709,-29.7509,-29.7680
2113.000000,8,25.7881,184.9539,15.0318,-29.0802,-29.1071
2113.000000,9,25.7881,185.3223,15.1451,-29.3352,-29.3688
2113.000000,10,25.7881,184.4189,15.6027,-27.9743,-28.0024
2113.000000,11,25.7881,184.6114,13.1237,-30.6457,-30.6662
2113.000000,12,25.7881,184.8020,15.8834,-28.0766,-28.1080
2113.000000,13,25.7881,185.1709,17.2542,-27.0747,-27.1288
2113.000000,14,25.7881,185.3579,17.7118,-26.8042,-26.8827
2113.000000,15,25.7881,184.4652,12.0683,-31.5550,-31.5651
2113.000000,16,25.7881,184.6560,10.9497,-32.8643,-32.8754
2113.000000,17,25.7881,184.8450,14.6462,-29.3569,-29.3802
2113.000000,18,25.7881,185.2124,16.6700,-27.7004,-27.7482
2113.000000,19,25.7881,185.3980,17.6518,-26.9043,-26.9838
2113.000000,20,25.7881,184.5163,1.8845,-41.7898,-41.7906
2113.000000,21,25.7881,184.7053,5.2621,-38.6012,-38.6026
2113.000000,22,25.7881,184.8926,10.3563,-33.6944,-33.6998
2113.000000,23,25.7881,185.2583,13.4945,-30.9219,-30.9379
2113.000000,24,25.7881,185.4425,15.3959,-29.2046,-29.2392
2114.000000,0,25.7295,184.3539,12.7605,-30.7514,-30.7646
2114.000000,1,25.7295,184.5489,8.6145,-35.0924,-35.0969
2114.000000,2,25.7295,184.7419,7.6077,-36.2922,-36.2953
2114.000000,3,25.7295,184.9329,8.0431,-36.0479,-36.0516
2114.000000,4,25.7295,185.3021,8.4104,-36.0498,-36.0533
2114.000000,5,25.7295,184.3913,15.1653,-28.3840,-28.4149
2114.000000,6,25.7295,184.5849,12.1008,-31.6421,-31.6583
2114.000000,7,25.7295,184.7766,14.3168,-29.6178,-29.6357
2114.000000,8,25.7295,184.9664,15.0784,-29.0460,-29.0739
2114.000000,9,25.7295,185.3344,15.1689,-29.3236,-29.3575
2114.000000,10,25.7295,184.4338,15.4157,-28.1761,-28.2024
2114.000000,11,25.7295,184.6258,13.3855,-30.3984,-30.4189
2114.000000,12,25.7295,184.8161,16.0230,-27.9511,-27.9840
2114.000000,13,25.7295,185.1845,17.3185,-27.0241,-27.0802
2114.000000,14,25.7295,185.3712,17.7156,-26.8137,-26.8937
2114.000000,15,25.7295,184.4813,11.7983,-31.8410,-31.8505
2114.000000,16,25.7295,184.6716,11.2348,-32.5948,-32.6060
2114.000000,17,25.7295,184.8602,14.8043,-29.2140,-29.2386
2114.000000,18,25.7295,185.2271,16.7587,-27.6265,-27.6764
2114.000000,19,25.7295,185.4124,17.6882,-26.8823,-26.9640
2114.000000,20,25.7295,184.5336,1.4320,-42.2596,-42.2603
2114.000000,21,25.7295,184.7221,5.5817,-38.2984,-38.2999
2114.000000,22,25.7295,184.9090,10.5703,-33.4967,-33.5025
2114.000000,23,25.7295,185.2742,13.6507,-30.7815,-30.7985
2114.000000,24,25.7295,185.4579,15.5082,-29.1077,-29.1440
2115.000000,0,25.6698,184.3664,12.6846,-30.8399,-30.8527
2115.000000,1,25.6698,184.5611,8.3940,-35.3252,-35.3297
2115.000000,2,25.6698,184.7538,7.7890,-36.1228,-36.1261
2115.000000,3,25.6698,184.9445,8.1640,-35.9386,-35.9424
2115.000000,4,25.6698,185.3134,8.4807,-35.9908,-35.9943
2115.000000,5,25.6698,184.4052,15.0102,-28.5530,-28.5823
2115.000000,6,25.6698,184.5984,12.3941,-31.3623,-31.3783
2115.000000,7,25.6698,184.7897,14.4592,-29.4885,-29.5073
2115.000000,8,25.6698,184.9792,15.1229,-29.0144,-29.0432
2115.000000,9,25.6698,185.3469,15.1903,-29.3146,-29.3488
2115.000000,10,25.6698,184.4489,15.2169,-28.3901,-28.4148
2115.000000,11,25.6698,184.6406,13.6380,-30.1606,-30.1811
2115.000000,12,25.6698,184.8304,16.1580,-27.8304,-27.8649
2115.000000,13,25.6698,185.1984,17.3792,-26.9772,-27.0354
2115.000000,14,25.6698,185.3848,17.7158,-26.8269,-26.9084
2115.000000,15,25.6698,184.4977,11.5154,-32.1403,-32.1491
2115.000000,16,25.6698,184.6875,11.5114,-32.3342,-32.3456
2115.000000,17,25.6698,184.8757,14.9589,-29.0749,-29.1008
2115.000000,18,25.6698,185.2422,16.8446,-27.5557,-27.6076
2115.000000,19,25.6698,185.4270,17.7215,-26.8636,-26.9476
2115.000000,20,25.6698,184.5512,0.9575,-42.7518,-42.7524
2115.000000,21,25.6698,184.7392,5.8924,-38.0048,-38.0063
2115.000000,22,25.6698,184.9255,10.7799,-33.3037,-33.3099
2115.000000,23,25.6698,185.2903,13.8029,-30.6455,-30.6635
2115.000000,24,25.6698,185.4736,15.6159,-29.0157,-29.0537
2116.000000,0,25.6090,184.3793,12.5935,-30.9439,-30.9563
2116.000000,1,25.6090,184.5736,8.1502,-35.5814,-35.5861
2116.000000,2,25.6090,184.7660,7.9681,-35.9559,-35.9594
2116.000000,3,25.6090,184.9564,8.2833,-35.8311,-35.8351
2116.000000,4,25.6090,185.3250,8.5493,-35.9337,-35.9372
2116.000000,5,25.6090,184.4194,14.8412,-28.7362,-28.7640
2116.000000,6,25.6090,184.6122,12.6783,-31.0919,-31.1078
2116.000000,7,25.6090,184.8031,14.5980,-29.3632,-29.3829
2116.000000,8,25.6090,185.1722,15.1650,-29.1652,-29.1939
2116.000000,9,25.6090,185.3596,15.2093,-29.3083,-29.3430
2116.000000,10,25.6090,184.4644,15.0056,-28.6169,-28.6401
2116.000000,11,25.6090,184.6556,13.8817,-29.9319,-29.9527
2116.000000,12,25.6090,184.8450,16.2885,-27.7144,-27.7507
2116.000000,13,25.6090,185.2126,17.4365,-26.9341,-26.9943
2116.000000,14,25.6090,185.3986,17.7125,-26.8441,-26.9269
2116.000000,15,25.6090,184.5143,11.2189,-32.4535,-32.4618
2116.000000,16,25.6090,184.7037,11.7795,-32.0823,-32.0940
2116.000000,17,25.6090,184.8914,15.1097,-28.9397,-28.9672
2116.000000,18,25.6090,185.2575,16.9276,-27.4879,-27.5421
2116.000000,19,25.6090,185.4419,17.7518,-26.8482,-26.9344
2116.000000,20,25.6090,184.5691,0.4585,-43.2686,-43.2692
2116.000000,21,25.6090,184.7565,6.1944,-37.7202,-37.7218
2116.000000,22,25.6090,184.9424,10.9848,-33.1156,-33.1223
2116.000000,23,25.6090,185.3067,13.9509,-30.5139,-30.5330
2116.000000,24,25.6090,185.4895,15.7188,-28.9287,-28.9684
2117.000000,0,25.5473,184.3926,12.4864,-31.0642,-31.0762
2117.000000,1,25.5473,184.5865,7.8812,-35.8633,-35.8680
2117.000000,2,25.5473,184.7785,8.1449,-35.7916,-35.7953
2117.000000,3,25.5473,184.9686,8.4009,-35.7256,-35.7298
2117.000000,4,25.5473,185.3368,8.6162,-35.8787,-35.8822
2117.000000,5,25.5473,184.4338,14.7138,-28.8781,-28.9044
2117.000000,6,25.5473,184.6262,12.9536,-30.8307,-30.8467
2117.000000,7,25.5473,184.8168,14.7329,-29.2419,-29.2627
2117.000000,8,25.5473,185.1855,15.2047,-29.1388,-29.1685
2117.000000,9,25.5473,185.3725,15.2256,-29.3050,-29.3400
2117.000000,10,25.5473,184.4801,14.7809,-28.8573,-28.8792
2117.000000,11,25.5473,184.6709,14.1165,-29.7124,-29.7336
2117.000000,12,25.5473,184.8598,16.4144,-27.6034,-27.6416
2117.000000,13,25.5473,185.2270,17.4901,-26.8950,-26.9573
2117.000000,14,25.5473,185.4126,17.7055,-26.8651,-26.9494
2117.000000,15,25.5473,184.5313,10.9077,-32.7816,-32.7894
2117.000000,16,25.5473,184.7202,12.0393,-31.8389,-31.8510
2117.000000,17,25.5473,184.9074,15.2568,-28.8086,-28.8376
2117.000000,18,25.5473,185.2730,17.0076,-27.4235,-27.4798
2117.000000,19,25.5473,185.4570,17.7788,-26.8362,-26.9247
2117.000000,20,25.5473,184.5872,-0.0676,-43.8128,-43.8133
2117.000000,21,25.5473,184.7741,6.4878,-37.4443,-37.4460
2117.000000,22,25.5473,184.9595,11.1851,-32.9324,-32.9396
2117.000000,23,25.5473,185.3233,14.0945,-30.3869,-30.4071
2117.000000,24,25.5473,185.5057,15.8170,-28.8468,-28.8882
2118.000000,0,25.4845,184.4061,12.3624,-31.2017,-31.2134
2118.000000,1,25.4845,184.5996,7.5844,-36.1733,-36.1781
2118.000000,2,25.4845,184.7912,8.3192,-35.6301,-35.6340
2118.000000,3,25.4845,184.9810,8.5167,-35.6223,-35.6266
2118.000000,4,25.4845,185.3489,8.6812,-35.8258,-35.8293
2118.000000,5,25.4845,184.4486,14.5822,-29.0245,-29.0495
2118.000000,6,25.4845,184.6406,13.2199,-30.5787,-30.5948
2118.000000,7,25.4845,184.8307,14.8639,-29.1249,-29.1467
2118.000000,8,25.4845,185.1991,15.2419,-29.1153,-29.1460
2118.000000,9,25.4845,185.3857,15.2392,-29.3045,-29.3399
2118.000000,10,25.4845,184.4962,14.5422,-29.1120,-29.1328
2118.000000,11,25.4845,184.6864,14.3427,-29.5017,-29.5235
2118.000000,12,25.4845,184.8749,16.5355,-27.4974,-27.5375
2118.000000,13,25.4845,185.2417,17.5399,-26.8598,-26.9243
2118.000000,14,25.4845,185.4269,17.6947,-26.8902,-26.9759
2118.000000,15,25.4845,184.5485,10.5809,-33.1256,-33.1331
2118.000000,16,25.4845,184.7369,12.2911,-31.6039,-31.6164
2118.000000,17,25.4845,184.9236,15.4000,-28.6817,-28.7123
2118.000000,18,25.4845,185.2888,17.0845,-27.3624,-27.4210
2118.000000,19,25.4845,185.4724,17.8026,-26.8278,-26.9185
2118.000000,20,25.4845,184.6055,-0.6240,-44.3876,-44.3881
2118.000000,21,25.4845,184.7919,6.7730,-37.1770,-37.1787
2118.000000,22,25.4845,184.9768,11.3806,-32.7542,-32.7620
2118.000000,23,25.4845,185.3402,14.2337,-30.2645,-30.2859
2118.000000,24,25.4845,185.5221,15.9103,-28.7699,-28.8131
2119.000000,0,25.4208,184.4199,12.2205,-31.3574,-31.3688
2119.000000,1,25.4208,184.6130,7.7154,-36.0557,-36.0606
2119.000000,2,25.4208,184.8043,8.4907,-35.4716,-35.4757
2119.000000,3,25.4208,185.1737,8.6304,-35.7013,-35.7056
2119.000000,4,25.4208,185.3613,8.7442,-35.7751,-35.7786
2119.000000,5,25.4208,184.4637,14.4374,-29.1844,-29.2081
2119.000000,6,25.4208,184.6552,13.4775,-30.3357,-30.3521
2119.000000,7,25.4208,184.8450,14.9909,-29.0121,-29.0351
2119.000000,8,25.4208,185.2129,15.2764,-29.0946,-29.1264
2119.000000,9,25.4208,185.3992,15.2501,-29.3072,-29.3429
2119.000000,10,25.4208,184.5125,14.2885,-29.3820,-29.4019
2119.000000,11,25.4208,184.7022,14.5603,-29.3000,-29.3225
2119.000000,12,25.4208,184.8903,16.6518,-27.3965,-27.4387
2119.000000,13,25.4208,185.2567,17.5859,-26.8288,-26.8954
2119.000000,14,25.4208,185.4415,17.6801,-26.9194,-27.0064
2119.000000,15,25.4208,184.5660,10.2373,-33.4867,-33.4939
2119.000000,16,25.4208,184.7539,12.5348,-31.3771,-31.3902
2119.000000,17,25.4208,184.9401,15.5392,-28.5590,-28.5913
2119.000000,18,25.4208,185.3048,17.1582,-27.3047,-27.3656
2119.000000,19,25.4208,185.4880,17.8231,-26.8230,-26.9159
2119.000000,20,25.4208,184.6242,-0.6008,-44.3830,-44.3835
2119.000000,21,25.4208,184.8100,7.0501,-36.9180,-36.9198
2119.000000,22,25.4208,185.1744,11.5712,-32.7612,-32.7692
2119.000000,23,25.4208,185.3573,14.3684,-30.1469,-30.1695
2119.000000,24,25.4208,185.5387,15.9986,-28.6981,-28.7432
2120.000000,0,25.3561,184.4340,12.0595,-31.5326,-31.5435
2120.000000,1,25.3561,184.6267,8.0572,-35.7276,-35.7325
2120.000000,2,25.3561,184.8176,8.6594,-35.3162,-35.3206
2120.000000,3,25.3561,185.1866,8.7420,-35.6026,-35.6071
2120.000000,4,25.3561,185.3739,8.8053,-35.7267,-35.7302
2120.000000,5,25.3561,184.4791,14.2785,-29.3586,-29.3812
2120.000000,6,25.3561,184.6702,13.7265,-30.1017,-30.1184
2120.000000,7,25.3561,184.8595,15.1137,-28.9038,-28.9281
2120.000000,8,25.3561,185.2270,15.3081,-29.0770,-29.1098
2120.000000,9,25.3561,185.4129,15.2580,-29.3129,-29.3490
2120.000000,10,25.3561,184.5290,14.0188,-29.6683,-29.6874
2120.000000,11,25.3561,184.7183,14.7695,-29.1068,-29.1303
2120.000000,12,25.3561,184.9059,16.7632,-27.3008,-27.3451
2120.000000,13,25.3561,185.2719,17.6280,-26.8020,-26.8708
2120.000000,14,25.3561,185.4563,17.6615,-26.9528,-27.0412
2120.000000,15,25.3561,184.5838,9.8756,-33.8662,-33.8732
2120.000000,16,25.3561,184.7711,12.7706,-31.1585,-31.1723
2120.000000,17,25.3561,184.9569,15.6743,-28.4407,-28.4747
2120.000000,18,25.3561,185.3211,17.2286,-27.2506,-27.3138
2120.000000,19,25.3561,185.5038,17.8401,-26.8217,-26.9168
2120.000000,20,25.3561,184.6431,-0.1401,-43.9412,-43.9417
2120.000000,21,25.3561,184.8284,7.3193,-36.6672,-36.6692
2120.000000,22,25.3561,185.1922,11.7570,-32.5933,-32.6018
2120.000000,23,25.3561,185.3746,14.4986,-30.0341,-30.0579
2120.000000,24,25.3561,185.5556,16.0820,-28.6316,-28.6785
2121.000000,0,25.2904,184.4484,11.8781,-31.7283,-31.7390
2121.000000,1,25.2904,184.6407,8.3896,-35.4091,-35.4141
2121.000000,2,25.2904,184.8312,8.8251,-35.1641,-35.1688
2121.000000,3,25.2904,185.1999,8.8753,-35.4826,-35.4872
2121.000000,4,25.2904,185.3868,8.8642,-35.6806,-35.6841
2121.000000,5,25.2904,184.4947,14.1049,-29.5478,-29.5696
2121.000000,6,25.2904,184.6854,13.9670,-29.8764,-29.8937
2121.000000,7,25.2904,184.8742,15.2323,-28.7999,-28.8256
2121.000000,8,25.2904,185.2414,15.3369,-29.0625,-29.0965
2121.000000,9,25.2904,185.4269,15.2736,-29.3113,-29.3477
2121.000000,10,25.2904,184.5459,13.7321,-29.9718,-29.9904
2121.000000,11,25.2904,184.7347,14.9704,-28.9223,-28.9468
2121.000000,12,25.2904,184.9218,16.8696,-27.2103,-27.2569
2121.000000,13,25.2904,185.2874,17.6659,-26.7795,-26.8505
2121.000000,14,25.2904,185.4713,17.6787,-26.9507,-27.0403
2121.000000,15,25.2904,184.6018,9.4944,-34.2654,-34.2724
2121.000000,16,25.2904,184.7886,12.9988,-30.9479,-30.9624
2121.000000,17,25.2904,184.9739,15.8052,-28.3267,-28.3626
2121.000000,18,25.2904,185.3376,17.2956,-27.2000,-27.2656
2121.000000,19,25.2904,185.5199,17.8537,-26.8242,-26.9215
2121.000000,20,25.2904,184.6622,0.2964,-43.5239,-43.5243
2121.000000,21,25.2904,184.8470,7.5806,-36.4244,-36.4265
2121.000000,22,25.2904,185.2103,11.9377,-32.4306,-32.4398
2121.000000,23,25.2904,185.3922,14.6240,-29.9262,-29.9512
2121.000000,24,25.2904,185.5727,16.1604,-28.5703,-28.6190
2122.000000,0,25.2238,184.4631,11.6751,-31.9461,-31.9565
2122.000000,1,25.2238,184.6550,8.7129,-35.1002,-35.1053
2122.000000,2,25.2238,184.8451,8.9877,-35.0154,-35.0205
2122.000000,3,25.2238,185.2134,9.0808,-35.2906,-35.2955
2122.000000,4,25.2238,185.3999,8.9210,-35.6370,-35.6405
2122.000000,5,25.2238,184.5107,13.9157,-29.7530,-29.7740
2122.000000,6,25.2238,184.7008,14.1990,-29.6599,-29.6778
2122.000000,7,25.2238,184.8893,15.3466,-28.7007,-28.7278
2122.000000,8,25.2238,185.2560,15.3676,-29.0465,-29.0816
2122.000000,9,25.2238,185.4411,15.3412,-29.2579,-29.2946
2122.000000,10,25.2238,184.5630,13.4271,-30.2939,-30.3122
2122.000000,11,25.2238,184.7513,15.1631,-28.7463,-28.7719
2122.000000,12,25.2238,184.9380,16.9710,-27.1251,-27.1741
2122.000000,13,25.2238,185.3031,17.6998,-26.7613,-26.8346
2122.000000,14,25.2238,185.4866,17.7043,-26.9403,-27.0311
2122.000000,15,25.2238,184.6201,9.0919,-34.6862,-34.6932
2122.000000,16,25.2238,184.8064,13.2192,-30.7452,-30.7605
2122.000000,17,25.2238,184.9911,15.9319,-28.2173,-28.2551
2122.000000,18,25.2238,185.3544,17.3592,-27.1533,-27.2212
2122.000000,19,25.2238,185.5362,17.8638,-26.8305,-26.9298
2122.000000,20,25.2238,184.6816,0.7108,-43.1289,-43.1293
2122.000000,21,25.2238,184.8658,7.8344,-36.1895,-36.1918
2122.000000,22,25.2238,185.2286,12.1133,-32.2733,-32.2831
2122.000000,23,25.2238,185.4099,14.7448,-29.8232,-29.8496
2122.000000,24,25.2238,185.5900,16.2337,-28.5143,-28.5649
2123.000000,0,25.1563,184.4781,11.4486,-32.1875,-32.1976
2123.000000,1,25.1563,184.6696,9.0269,-34.8007,-34.8059
2123.000000,2,25.1563,184.8592,9.2073,-34.8100,-34.8154
2123.000000,3,25.1563,185.2271,9.2806,-35.1046,-35.1096
2123.000000,4,25.1563,185.4133,8.9755,-35.5958,-35.5994
2123.000000,5,25.1563,184.5269,13.7098,-29.9751,-29.9955
2123.000000,6,25.1563,184.7166,14.4227,-29.4519,-29.4707
2123.000000,7,25.1563,184.9046,15.4565,-28.6062,-28.6347
2123.000000,8,25.1563,185.2709,15.4525,-28.9765,-29.0127
2123.000000,9,25.1563,185.4556,15.4048,-29.2088,-29.2458
2123.000000,10,25.1563,184.5804,13.1025,-30.6360,-30.6541
2123.000000,11,25.1563,184.7682,15.3477,-28.5786,-28.6056
2123.000000,12,25.1563,184.9544,17.0672,-27.0453,-27.0967
2123.000000,13,25.1563,185.3190,17.7294,-26.7477,-26.8232
2123.000000,14,25.1563,185.5021,17.7255,-26.9347,-27.0266
2123.000000,15,25.1563,184.6386,8.7339,-35.0628,-35.0698
2123.000000,16,25.1563,184.8244,13.4322,-30.5502,-30.5664
2123.000000,17,25.1563,185.1886,16.0542,-28.2924,-28.3306
2123.000000,18,25.1563,185.3714,17.4192,-27.1103,-27.1806
2123.000000,19,25.1563,185.5528,17.8702,-26.8407,-26.9420
2123.000000,20,25.1563,184.7013,1.1051,-42.7543,-42.7546
2123.000000,21,25.1563,184.8849,8.0806,-35.9623,-35.9648
2123.000000,22,25.1563,185.2471,12.2838,-32.1213,-32.1318
2123.000000,23,25.1563,185.4280,14.8607,-29.7253,-29.7530
2123.000000,24,25.1563,185.6075,16.3018,-28.4637,-28.5161
2124.000000,0,25.0879,184.4934,11.1970,-32.4544,-32.4644
2124.000000,1,25.0879,184.6844,9.3320,-34.5105,-34.5159
2124.000000,2,25.0879,184.8737,9.4527,-34.5790,-34.5847
2124.000000,3,25.0879,185.2412,9.4748,-34.9244,-34.9296
2124.000000,4,25.0879,185.4270,9.0278,-35.5572,-35.5608
2124.000000,5,25.0879,184.5434,13.4862,-30.2152,-30.2351
2124.000000,6,25.0879,184.7326,14.6382,-29.2525,-29.2722
2124.000000,7,25.0879,184.9201,15.5618,-28.5164,-28.5466
2124.000000,8,25.0879,185.2860,15.5332,-28.9108,-28.9481
2124.000000,9,25.0879,185.4703,15.4643,-29.1641,-29.2013
2124.000000,10,25.0879,184.5981,12.7566,-30.9995,-31.0177
2124.000000,11,25.0879,184.7854,15.5243,-28.4191,-28.4477
2124.000000,12,25.0879,184.9711,17.1583,-26.9709,-27.0249
2124.000000,13,25.0879,185.3352,17.7547,-26.7386,-26.8164
2124.000000,14,25.0879,185.5179,17.7422,-26.9337,-27.0267
2124.000000,15,25.0879,184.6574,9.1168,-34.6986,-34.7056
2124.000000,16,25.0879,184.8426,13.6377,-30.3629,-30.3801
2124.000000,17,25.0879,185.2064,16.1722,-28.1922,-28.2323
2124.000000,18,25.0879,185.3887,17.4756,-27.0712,-27.1438
2124.000000,19,25.0879,185.5696,17.8729,-26.8547,-26.9580
2124.000000,20,25.0879,184.7212,1.4808,-42.3984,-42.3988
2124.000000,21,25.0879,184.9042,8.3195,-35.7428,-35.7455
2124.000000,22,25.0879,185.2659,12.4492,-31.9748,-31.9859
2124.000000,23,25.0879,185.4462,14.9717,-29.6325,-29.6616
2124.000000,24,25.0879,185.6253,16.3648,-28.4185,-28.4728
2125.000000,0,25.0186,184.5090,10.9181,-32.7489,-32.7587
2125.000000,1,25.0186,184.6995,9.6282,-34.2294,-34.2351
2125.000000,2,25.0186,184.8884,9.6914,-34.3550,-34.3611
2125.000000,3,25.0186,185.2555,9.6635,-34.7500,-34.7554
2125.000000,4,25.0186,185.4409,9.0776,-35.5213,-35.5249
2125.000000,5,25.0186,184.5602,13.2438,-30.4744,-30.4941
2125.000000,6,25.0186,184.7489,14.8455,-29.0614,-29.0822
2125.000000,7,25.0186,184.9360,15.6625,-28.4315,-28.4633
2125.000000,8,25.0186,185.3014,15.6098,-28.8497,-28.8881
2125.000000,9,25.0186,185.4853,15.5197,-29.1236,-29.1611
2125.000000,10,25.0186,184.6160,12.6509,-31.1232,-31.1413
2125.000000,11,25.0186,184.8028,15.6929,-28.2679,-28.2982
2125.000000,12,25.0186,184.9880,17.2441,-26.9020,-26.9587
2125.000000,13,25.0186,185.3517,17.7755,-26.7342,-26.8142
2125.000000,14,25.0186,185.5339,17.7544,-26.9376,-27.0316
2125.000000,15,25.0186,184.6765,9.4803,-34.3542,-34.3612
2125.000000,16,25.0186,184.8611,13.8360,-30.1832,-30.2015
2125.000000,17,25.0186,185.2244,16.2857,-28.0967,-28.1387
2125.000000,18,25.0186,185.4062,17.5282,-27.0360,-27.1110
2125.000000,19,25.0186,185.5866,17.8719,-26.8727,-26.9779
2125.000000,20,25.0186,184.7413,1.8394,-42.0599,-42.0603
2125.000000,21,25.0186,184.9238,8.5511,-35.5307,-35.5337
2125.000000,22,25.0186,185.2849,12.6092,-31.8337,-31.8456
2125.000000,23,25.0186,185.4647,15.0778,-29.5449,-29.5754
2125.000000,24,25.0186,185.6433,16.4225,-28.3788,-28.4348
2126.000000,0,24.9484,184.5248,10.6094,-33.0735,-33.0831
2126.000000,1,24.9484,184.7149,9.9155,-33.9575,-33.9635
2126.000000,2,24.9484,184.9033,9.9232,-34.1381,-34.1447
2126.000000,3,24.9484,185.2700,9.8465,-34.5815,-34.5871
2126.000000,4,24.9484,185.4550,9.1251,-35.4880,-35.4916
2126.000000,5,24.9484,184.5772,12.9811,-30.7542,-30.7739
2126.000000,6,24.9484,184.7654,15.0447,-28.8788,-28.9008
2126.000000,7,24.9484,184.9521,15.7586,-28.3515,-28.3851
2126.000000,8,24.9484,185.3171,15.6820,-28.7931,-28.8327
2126.000000,9,24.9484,185.5005,15.5709,-29.0876,-29.1254
2126.000000,10,24.9484,184.6342,12.9427,-30.8495,-30.8677
2126.000000,11,24.9484,184.8205,15.8537,-28.1248,-28.1569
2126.000000,12,24.9484,185.1852,17.3245,-27.0187,-27.0757
2126.000000,13,24.9484,185.3684,17.7919,-26.7345,-26.8168
2126.000000,14,24.9484,185.5501,17.7619,-26.9463,-27.0413
2126.000000,15,24.9484,184.6958,9.8255,-34.0284,-34.0354
2126.000000,16,24.9484,184.8799,14.0270,-30.0109,-30.0304
2126.000000,17,24.9484,185.2426,16.3947,-28.0059,-28.0500
2126.000000,18,24.9484,185.4239,17.5771,-27.0048,-27.0822
2126.000000,19,24.9484,185.6038,17.8672,-26.8947,-27.0018
2126.000000,20,24.9484,184.5446,2.1821,-41.5205,-41.5209
2126.000000,21,24.9484,184.7962,8.7755,-35.1788,-35.1821
2126.000000,22,24.9484,184.9658,12.7640,-31.3598,-31.3735
2126.000000,23,24.9484,185.1335,15.1789,-29.1127,-29.1472
2126.000000,24,24.9484,185.2992,16.4749,-27.9823,-28.0451
2127.000000,0,24.8773,184.5409,10.3355,-33.3635,-33.3731
2127.000000,1,24.8773,184.7306,10.1941,-33.6945,-33.7009
2127.000000,2,24.8773,184.9185,10.1483,-33.9283,-33.9353
2127.000000,3,24.8773,185.2848,10.0240,-34.4188,-34.4246
2127.000000,4,24.8773,185.4694,9.1700,-35.4575,-35.4611
2127.000000,5,24.8773,184.5945,13.1574,-30.5952,-30.6147
2127.000000,6,24.8773,184.7823,15.2360,-28.7043,-28.7278
2127.000000,7,24.8773,184.9684,15.8499,-28.2765,-28.3120
2127.000000,8,24.8773,185.3329,15.7498,-28.7412,-28.7819
2127.000000,9,24.8773,185.5160,15.6179,-29.0561,-29.0941
2127.000000,10,24.8773,184.6527,13.2192,-30.5916,-30.6098
2127.000000,11,24.8773,184.8384,16.0068,-27.9897,-28.0238
2127.000000,12,24.8773,185.2026,17.3996,-26.9610,-27.0206
2127.000000,13,24.8773,185.3853,17.8036,-26.7397,-26.8242
2127.000000,14,24.8773,185.5666,17.7647,-26.9599,-27.0559
2127.000000,15,24.8773,184.7153,10.1535,-33.7198,-33.7271
2127.000000,16,24.8773,184.8989,14.2108,-29.8461,-29.8667
2127.000000,17,24.8773,185.2610,16.4992,-27.9199,-27.9660
2127.000000,18,24.8773,185.4418,17.6221,-26.9778,-27.0575
2127.000000,19,24.8773,185.6213,17.8585,-26.9208,-27.0297
2127.000000,20,24.8773,184.5641,2.5100,-41.2121,-41.2125
2127.000000,21,24.8773,184.8150,8.9928,-34.9803,-34.9838
2127.000000,22,24.8773,184.9841,12.9135,-31.2286,-31.2431
2127.000000,23,24.8773,185.1511,15.2748,-29.0343,-29.0704
2127.000000,24,24.8773,185.3163,16.5598,-27.9145,-27.9793
2128.000000,0,24.8055,184.5574,10.0978,-33.6176,-33.6273
2128.000000,1,24.8055,184.7465,10.4641,-33.4405,-33.4473
2128.000000,2,24.8055,184.9340,10.3666,-33.7255,-33.7330
2128.000000,3,24.8055,185.2999,10.1960,-34.2619,-34.2679
2128.000000,4,24.8055,185.4841,9.2124,-35.4297,-35.4334
2128.000000,5,24.8055,184.6121,13.4929,-30.2772,-30.2966
2128.000000,6,24.8055,184.7993,15.4193,-28.5381,-28.5631
2128.000000,7,24.8055,184.9850,15.9363,-28.2067,-28.2440
2128.000000,8,24.8055,185.3491,15.8132,-28.6939,-28.7358
2128.000000,9,24.8055,185.5316,15.6606,-29.0291,-29.0673
2128.000000,10,24.8055,184.6714,13.4810,-30.3485,-30.3671
2128.000000,11,24.8055,184.8566,16.1521,-27.8625,-27.8987
2128.000000,12,24.8055,185.2202,17.4693,-26.9090,-26.9713
2128.000000,13,24.8055,185.4025,17.8107,-26.7498,-26.8365
2128.000000,14,24.8055,185.5833,17.7628,-26.9786,-27.0754
2128.000000,15,24.8055,184.7351,10.4655,-33.4276,-33.4351
2128.000000,16,24.8055,184.9181,14.3877,-29.6885,-29.7104
2128.000000,17,24.8055,185.2797,16.5990,-27.8388,-27.8870
2128.000000,18,24.8055,185.4600,17.6631,-26.9549,-27.0369
2128.000000,19,24.8055,185.6390,17.8459,-26.9510,-27.0616
2128.000000,20,24.8055,184.5838,2.8241,-40.9177,-40.9182
2128.000000,21,24.8055,184.8341,9.2032,-34.7889,-34.7928
2128.000000,22,24.8055,185.0025,13.0575,-31.1030,-31.1184
2128.000000,23,24.8055,185.1690,15.3657,-28.9614,-28.9990
2128.000000,24,24.8055,185.3336,16.6448,-27.8468,-27.9134
2129.000000,0,24.7328,184.5741,9.8321,-33.9000,-33.9097
2129.000000,1,24.7328,184.7628,10.7255,-33.1952,-33.2026
2129.000000,2,24.7328,184.9498,10.5781,-33.5297,-33.5377
2129.000000,3,24.7328,185.3152,10.3624,-34.1108,-34.1171
2129.000000,4,24.7328,185.4990,9.2522,-35.4049,-35.4085
2129.000000,5,24.7328,184.6300,13.8121,-29.9759,-29.9953
2129.000000,6,24.7328,184.8167,15.5947,-28.3800,-28.4067
2129.000000,7,24.7328,185.1818,16.0179,-28.3219,-28.3596
2129.000000,8,24.7328,185.3654,15.8721,-28.6514,-28.6944
2129.000000,9,24.7328,185.5476,15.6990,-29.0066,-29.0450
2129.000000,10,24.7328,184.6904,13.7287,-30.1197,-30.1389
2129.000000,11,24.7328,184.8750,16.2898,-27.7432,-27.7817
2129.000000,12,24.7328,185.2381,17.5335,-26.8627,-26.9278
2129.000000,13,24.7328,185.4199,17.8130,-26.7649,-26.8538
2129.000000,14,24.7328,185.6002,17.7560,-27.0023,-27.1000
2129.000000,15,24.7328,184.7552,10.7624,-33.1509,-33.1586
2129.000000,16,24.7328,184.9376,14.5575,-29.5381,-29.5614
2129.000000,17,24.7328,185.2986,16.6941,-27.7625,-27.8129
2129.000000,18,24.7328,185.4784,17.7002,-26.9362,-27.0206
2129.000000,19,24.7328,185.6569,17.8294,-26.9855,-27.0976
2129.000000,20,24.7328,184.6837,3.1251,-40.7166,-40.7171
2129.000000,21,24.7328,184.8533,9.4066,-34.6047,-34.6089
2129.000000,22,24.7328,185.0211,13.1962,-30.9830,-30.9993
2129.000000,23,24.7328,185.1870,15.4513,-28.8938,-28.9329
2129.000000,24,24.7328,185.3511,16.7251,-27.7840,-27.8524
2130.000000,0,24.6592,184.5910,10.1172,-33.6319,-33.6416
2130.000000,1,24.6592,184.7792,10.9785,-32.9588,-32.9667
2130.000000,2,24.6592,184.9658,10.7830,-33.3408,-33.3494
2130.000000,3,24.6592,185.3307,10.5233,-33.9655,-33.9720
2130.000000,4,24.6592,185.5141,9.2893,-35.3829,-35.3866
2130.000000,5,24.6592,184.6481,14.1156,-29.6905,-29.7102
2130.000000,6,24.6592,184.8343,15.7623,-28.2300,-28.2585
2130.000000,7,24.6592,185.1989,16.0945,-28.2625,-28.3021
2130.000000,8,24.6592,185.3820,15.9264,-28.6137,-28.6579
2130.000000,9,24.6592,185.5637,15.7330,-28.9888,-29.0274
2130.000000,10,24.6592,184.7096,13.9630,-29.9046,-29.9245
2130.000000,11,24.6592,184.8936,16.4199,-27.6318,-27.6727
2130.000000,12,24.6592,185.2563,17.5921,-26.8222,-26.8901
2130.000000,13,24.6592,185.4375,17.8105,-26.7851,-26.8762
2130.000000,14,24.6592,185.6174,17.7442,-27.0312,-27.1296
2130.000000,15,24.6592,184.5578,11.0448,-32.6710,-32.6796
2130.000000,16,24.6592,184.8092,14.7205,-29.2468,-29.2723
2130.000000,17,24.6592,184.9788,16.7846,-27.3522,-27.4090
2130.000000,18,24.6592,185.1463,17.7332,-26.5712,-26.6650
2130.000000,19,24.6592,185.3119,17.8088,-26.6611,-26.7845
2130.000000,20,24.6592,184.7037,3.4139,-40.4479,-40.4485
2130.000000,21,24.6592,184.8728,9.6032,-34.4276,-34.4321
2130.000000,22,24.6592,185.0400,13.3293,-30.8687,-30.8859
2130.000000,23,24.6592,185.2053,15.5317,-28.8316,-28.8723
2130.000000,24,24.6592,185.3687,16.8006,-27.7262,-27.7963
2131.000000,0,24.5849,184.6083,10.5324,-33.2339,-33.2436
2131.000000,1,24.5849,184.7960,11.2230,-32.7310,-32.7396
2131.000000,2,24.5849,184.9820,10.9811,-33.1590,-33.1681
2131.000000,3,24.5849,185.3465,10.6786,-33.8260,-33.8327
2131.000000,4,24.5849,185.5295,9.3237,-35.3639,-35.3676
2131.000000,5,24.5849,184.6664,14.4041,-29.4203,-29.4406
2131.000000,6,24.5849,184.8521,15.9222,-28.0879,-28.1184
2131.000000,7,24.5849,185.2162,16.1660,-28.2082,-28.2498
2131.000000,8,24.5849,185.3989,15.9761,-28.5809,-28.6262
2131.000000,9,24.5849,185.5801,15.7625,-28.9756,-29.0144
2131.000000,10,24.5849,184.7291,14.1844,-29.7027,-29.7235
2131.000000,11,24.5849,184.9125,16.5425,-27.5281,-27.5715
2131.000000,12,24.5849,185.2746,17.6452,-26.7875,-26.8582
2131.000000,13,24.5849,185.4554,17.8030,-26.8104,-26.9036
2131.000000,14,24.5849,185.6348,17.7373,-27.0555,-27.1545
2131.000000,15,24.5849,184.5771,11.3136,-32.4216,-32.4306
2131.000000,16,24.5849,184.8280,14.8766,-29.1094,-29.1365
2131.000000,17,24.5849,184.9969,16.8702,-27.2847,-27.3439
2131.000000,18,24.5849,185.1639,17.7620,-26.5599,-26.6561
2131.000000,19,24.5849,185.3289,17.8257,-26.6613,-26.7862
2131.000000,20,24.5849,184.7240,3.6910,-40.1911,-40.1917
2131.000000,21,24.5849,184.8924,9.7931,-34.2574,-34.2622
2131.000000,22,24.5849,185.0590,13.4569,-30.7601,-30.7782
2131.000000,23,24.5849,185.2237,15.6068,-28.7750,-28.8173
2131.000000,24,24.5849,185.3866,16.8714,-27.6733,-27.7452
2132.000000,0,24.5099,184.6258,10.9293,-32.8545,-32.8643
2132.000000,1,24.5099,184.8130,11.4592,-32.5118,-32.5212
2132.000000,2,24.5099,185.1786,11.1726,-33.1640,-33.1734
2132.000000,3,24.5099,185.3626,10.8284,-33.6922,-33.6991
2132.000000,4,24.5099,185.5451,9.3553,-35.3479,-35.3517
2132.000000,5,24.5099,184.6851,14.6783,-29.1648,-29.1859
2132.000000,6,24.5099,184.8702,16.0744,-27.9538,-27.9865
2132.000000,7,24.5099,185.2338,16.2325,-28.1594,-28.2030
2132.000000,8,24.5099,185.4160,16.0210,-28.5530,-28.5995
2132.000000,9,24.5099,185.5968,15.7876,-28.9672,-29.0061
2132.000000,10,24.5099,184.7488,14.3934,-29.5134,-29.5354
2132.000000,11,24.5099,184.9317,16.6576,-27.4321,-27.4781
2132.000000,12,24.5099,185.2932,17.6925,-26.7587,-26.8323
2132.000000,13,24.5099,185.4735,17.7905,-26.8410,-26.9363
2132.000000,14,24.5099,185.6524,17.7690,-27.0414,-27.1410
2132.000000,15,24.5099,184.6767,11.5693,-32.2654,-32.2748
2132.000000,16,24.5099,184.8469,15.0260,-28.9790,-29.0076
2132.000000,17,24.5099,185.0153,16.9510,-27.2222,-27.2837
2132.000000,18,24.5099,185.1817,17.7867,-26.5530,-26.6515
2132.000000,19,24.5099,185.3461,17.8439,-26.6602,-26.7865
2132.000000,20,24.5099,184.7445,3.9571,-39.9455,-39.9461
2132.000000,21,24.5099,184.9123,9.9762,-34.0941,-34.0993
2132.000000,22,24.5099,185.0782,13.5790,-30.6572,-30.6763
2132.000000,23,24.5099,185.2423,15.6765,-28.7239,-28.7677
2132.000000,24,24.5099,185.4046,16.9373,-27.6253,-27.6989
2133.000000,0,24.4340,184.6435,11.3088,-32.4927,-32.5027
2133.000000,1,24.4340,184.8302,11.6871,-32.3012,-32.3114
2133.000000,2,24.4340,185.1953,11.3574,-32.9960,-33.0060
2133.000000,3,24.4340,185.3789,10.9728,-33.5642,-33.5714
2133.000000,4,24.4340,185.5610,9.3840,-35.3350,-35.3388
2133.000000,5,24.4340,184.7039,14.9386,-28.9234,-28.9454
2133.000000,6,24.4340,184.8885,16.2189,-27.8276,-27.8626
2133.000000,7,24.4340,185.2516,16.2937,-28.1160,-28.1617
2133.000000,8,24.4340,185.4333,16.1008,-28.4906,-28.5381
2133.000000,9,24.4340,185.6136,15.8082,-28.9634,-29.0025
2133.000000,10,24.4340,184.5514,14.5903,-29.1192,-29.1436
2133.000000,11,24.4340,184.8035,16.7653,-27.1962,-27.2466
2133.000000,12,24.4340,184.9735,17.7342,-26.3973,-26.4799
2133.000000,13,24.4340,185.1415,17.7916,-26.5079,-26.6133
2133.000000,14,24.4340,185.3075,17.7950,-26.6705,-26.7791
2133.000000,15,24.4340,184.6965,11.8127,-32.0419,-32.0518
2133.000000,16,24.4340,184.8661,15.1687,-28.8555,-28.8857
2133.000000,17,24.4340,185.0338,17.0270,-27.1648,-27.2286
2133.000000,18,24.4340,185.1996,17.8071,-26.5505,-26.6514
2133.000000,19,24.4340,185.3635,17.8578,-26.6638,-26.7913
2133.000000,20,24.4340,184.7652,4.2127,-39.7105,-39.7113
2133.000000,21,24.4340,184.9323,10.1527,-33.9377,-33.9432
2133.000000,22,24.4340,185.0976,13.6955,-30.5602,-30.5802
2133.000000,23,24.4340,185.2611,15.7408,-28.6784,-28.7238
2133.000000,24,24.4340,185.4228,16.9984,-27.5824,-27.6576
2134.000000,0,24.3575,184.6616,11.6717,-32.1479,-32.1582
2134.000000,1,24.3575,184.8477,11.9067,-32.0990,-32.1101
2134.000000,2,24.3575,185.2123,11.5579,-32.8125,-32.8231
2134.000000,3,24.3575,185.3954,11.1116,-33.4419,-33.4494
2134.000000,4,24.3575,185.5771,9.4099,-35.3252,-35.3291
2134.000000,5,24.3575,184.7231,15.1856,-28.6955,-28.7188
2134.000000,6,24.3575,184.9071,16.3559,-27.7093,-27.7466
2134.000000,7,24.3575,185.2697,16.3497,-28.0780,-28.1259
2134.000000,8,24.3575,185.4509,16.1966,-28.4123,-28.4609
2134.000000,9,24.3575,185.6307,15.8242,-28.9645,-29.0038
2134.000000,10,24.3575,184.5705,14.7756,-28.9530,-28.9790
2134.000000,11,24.3575,184.8219,16.8656,-27.1144,-27.1677
2134.000000,12,24.3575,184.9913,17.7700,-26.3793,-26.4650
2134.000000,13,24.3575,185.1588,17.8192,-26.4976,-26.6050
2134.000000,14,24.3575,185.3242,17.8154,-26.6669,-26.7760
2134.000000,15,24.3575,184.7165,12.0441,-31.8304,-31.8410
2134.000000,16,24.3575,184.8855,15.3047,-28.7388,-28.7706
2134.000000,17,24.3575,185.0525,17.0981,-27.1124,-27.1786
2134.000000,18,24.3575,185.2178,17.8232,-26.5526,-26.6557
2134.000000,19,24.3575,185.3811,17.8671,-26.6720,-26.8006
2134.000000,20,24.3575,184.7861,4.4584,-39.4858,-39.4866
2134.000000,21,24.3575,184.9525,10.3225,-33.7880,-33.7939
2134.000000,22,24.3575,185.1172,13.8063,-30.4689,-30.4899
2134.000000,23,24.3575,185.2801,15.7996,-28.6385,-28.6855
2134.000000,24,24.3575,185.4412,17.0547,-27.5445,-27.6212
2135.000000,0,24.2801,184.6798,12.0186,-31.8192,-31.8301
2135.000000,1,24.2801,184.8655,12.1182,-31.9053,-31.9174
2135.000000,2,24.2801,185.2296,11.8123,-32.5754,-32.5866
2135.000000,3,24.2801,185.4122,11.2448,-33.3254,-33.3331
2135.000000,4,24.2801,185.5934,9.4328,-35.3186,-35.3225
2135.000000,5,24.2801,184.7425,15.4197,-28.4808,-28.5055
2135.000000,6,24.2801,184.9259,16.4852,-27.5987,-27.6386
2135.000000,7,24.2801,185.2880,16.4241,-28.0219,-28.0718
2135.000000,8,24.2801,185.4686,16.2862,-28.3405,-28.3902
2135.000000,9,24.2801,185.6480,15.8356,-28.9704,-29.0098
2135.000000,10,24.2801,184.5898,14.9496,-28.7983,-28.8259
2135.000000,11,24.2801,184.8406,16.9585,-27.0401,-27.0965
2135.000000,12,24.2801,185.0094,17.8001,-26.3674,-26.4562
2135.000000,13,24.2801,185.1763,17.8411,-26.4932,-26.6026
2135.000000,14,24.2801,185.3412,17.8300,-26.6692,-26.7786
2135.000000,15,24.2801,184.7367,12.2642,-31.6306,-31.6418
2135.000000,16,24.2801,184.9050,15.4342,-28.6289,-28.6624
2135.000000,17,24.2801,185.0715,17.1643,-27.0652,-27.1337
2135.000000,18,24.2801,185.2361,17.8349,-26.5592,-26.6644
2135.000000,19,24.2801,185.3989,17.8721,-26.6849,-26.8145
2135.000000,20,24.2801,184.8072,4.6944,-39.2708,-39.2717
2135.000000,21,24.2801,184.9729,10.4858,-33.6451,-33.6514
2135.000000,22,24.2801,185.1369,13.9115,-30.3835,-30.4055
2135.000000,23,24.2801,185.2992,15.8529,-28.6043,-28.6528
2135.000000,24,24.2801,185.4597,17.1060,-27.5117,-27.5899
2136.000000,0,24.2021,184.6984,12.3502,-31.5062,-31.5176
2136.000000,1,24.2021,184.8835,12.3215,-31.7200,-31.7332
2136.000000,2,24.2021,185.2471,12.0563,-32.3488,-32.3607
2136.000000,3,24.2021,185.4292,11.3726,-33.2147,-33.2227
2136.000000,4,24.2021,185.6100,9.4527,-35.3153,-35.3191
2136.000000,5,24.2021,184.7621,15.6413,-28.2788,-28.3052
2136.000000,6,24.2021,184.9450,16.6070,-27.4960,-27.5385
2136.000000,7,24.2021,185.3065,16.5257,-27.9388,-27.9909
2136.000000,8,24.2021,185.4867,16.3696,-28.2751,-28.3258
2136.000000,9,24.2021,185.6655,15.8423,-28.9812,-29.0207
2136.000000,10,24.2021,184.6893,15.1126,-28.7347,-28.7637
2136.000000,11,24.2021,184.8594,17.0441,-26.9734,-27.0328
2136.000000,12,24.2021,185.0277,17.8242,-26.3615,-26.4534
2136.000000,13,24.2021,185.1940,17.8572,-26.4948,-26.6061
2136.000000,14,24.2021,185.3583,17.8390,-26.6774,-26.7870
2136.000000,15,24.2021,184.7571,12.4733,-31.4419,-31.4539
2136.000000,16,24.2021,184.9248,15.5572,-28.5256,-28.5609
2136.000000,17,24.2021,185.0906,17.2255,-27.0231,-27.0939
2136.000000,18,24.2021,185.2546,17.8422,-26.5704,-26.6777
2136.000000,19,24.2021,185.4168,17.8724,-26.7024,-26.8329
2136.000000,20,24.2021,184.8284,4.9212,-39.0653,-39.0662
2136.000000,21,24.2021,184.9935,10.6426,-33.5089,-33.5157
2136.000000,22,24.2021,185.1569,14.0109,-30.3040,-30.3270
2136.000000,23,24.2021,185.3185,15.9006,-28.5759,-28.6259
2136.000000,24,24.2021,185.4785,17.1525,-27.4840,-27.5635
2137.000000,0,24.1234,184.7172,12.6671,-31.2081,-31.2203
2137.000000,1,24.1234,184.9017,12.5473,-31.5124,-31.5267
2137.000000,2,24.1234,185.2648,12.2904,-32.1325,-32.1451
2137.000000,3,24.1234,185.4465,11.4948,-33.1097,-33.1180
2137.000000,4,24.1234,185.6267,9.4696,-35.3152,-35.3191
2137.000000,5,24.1234,184.5639,15.8509,-27.8711,-27.9008
2137.000000,6,24.1234,184.8159,16.7214,-27.2525,-27.2993
2137.000000,7,24.1234,184.9858,16.6206,-27.5233,-27.5818
2137.000000,8,24.1234,185.1537,16.4469,-27.8649,-27.9209
2137.000000,9,24.1234,185.3196,15.8443,-28.6334,-28.6763
2137.000000,10,24.1234,184.7090,15.2650,-28.6020,-28.6330
2137.000000,11,24.1234,184.8785,17.1224,-26.9142,-26.9768
2137.000000,12,24.1234,185.0461,17.8424,-26.3618,-26.4567
2137.000000,13,24.1234,185.2118,17.8675,-26.5024,-26.6155
2137.000000,14,24.1234,185.3757,17.8421,-26.6915,-26.8013
2137.000000,15,24.1234,184.7777,12.6718,-31.2639,-31.2767
2137.000000,16,24.1234,184.9447,15.6736,-28.4291,-28.4660
2137.000000,17,24.1234,185.1099,17.2817,-26.9862,-27.0593
2137.000000,18,24.1234,185.2733,17.8451,-26.5863,-26.6955
2137.000000,19,24.1234,185.4349,17.8682,-26.7248,-26.8560
2137.000000,20,24.1234,184.8499,5.1392,-38.8688,-38.8698
2137.000000,21,24.1234,185.0143,10.7929,-33.3794,-33.3866
2137.000000,22,24.1234,185.1770,14.1046,-30.2304,-30.2543
2137.000000,23,24.1234,185.3380,15.9428,-28.5533,-28.6047
2137.000000,24,24.1234,185.4973,17.1940,-27.4614,-27.5422
2138.000000,0,24.0440,184.7362,12.9697,-30.9246,-30.9377
2138.000000,1,24.0440,184.9202,12.8080,-31.2703,-31.2857
2138.000000,2,24.0440,185.2828,12.5146,-31.9262,-31.9396
2138.000000,3,24.0440,185.4639,11.6114,-33.0106,-33.0191
2138.000000,4,24.0440,185.6438,9.4834,-35.3184,-35.3224
2138.000000,5,24.0440,184.5829,16.0487,-27.6923,-27.7242
2138.000000,6,24.0440,184.8342,16.8282,-27.1640,-27.2138
2138.000000,7,24.0440,185.0036,16.7087,-27.4529,-27.5138
2138.000000,8,24.0440,185.1709,16.5179,-27.8111,-27.8682
2138.000000,9,24.0440,185.3363,15.8415,-28.6528,-28.6958
2138.000000,10,24.0440,184.7289,15.4215,-28.4655,-28.4986
2138.000000,11,24.0440,184.8978,17.1934,-26.8625,-26.9282
2138.000000,12,24.0440,185.0648,17.8546,-26.3682,-26.4662
2138.000000,13,24.0440,185.2299,17.8719,-26.5161,-26.6309
2138.000000,14,24.0440,185.3932,17.8395,-26.7117,-26.8216
2138.000000,15,24.0440,184.7985,12.8601,-31.0964,-31.1100
2138.000000,16,24.0440,184.9648,15.7837,-28.3392,-28.3778
2138.000000,17,24.0440,185.1294,17.3329,-26.9545,-27.0298
2138.000000,18,24.0440,185.2922,17.8434,-26.6069,-26.7180
2138.000000,19,24.0440,185.4532,17.8594,-26.7519,-26.8837
2138.000000,20,24.0440,184.8715,5.3485,-38.6810,-38.6821
2138.000000,21,24.0440,185.0352,10.9367,-33.2565,-33.2641
2138.000000,22,24.0440,185.1972,14.1926,-30.1627,-30.1877
2138.000000,23,24.0440,185.3577,16.0095,-28.5061,-28.5590
2138.000000,24,24.0440,185.5164,17.2305,-27.4439,-27.5259
2139.000000,0,23.9640,184.7555,13.2584,-30.6551,-30.6693
2139.000000,1,23.9640,184.9390,13.0573,-31.0397,-31.0564
2139.000000,2,23.9640,185.3010,12.7292,-31.7299,-31.7440
2139.000000,3,23.9640,185.4817,11.7225,-32.9172,-32.9260
2139.000000,4,23.9640,185.6610,9.4939,-35.3251,-35.3291
2139.000000,5,23.9640,184.6821,16.2350,-27.6051,-27.6389
2139.000000,6,23.9640,184.8528,16.9276,-27.0832,-27.1360
2139.000000,7,23.9640,185.0216,16.7901,-27.3895,-27.4527
2139.000000,8,23.9640,185.1884,16.5828,-27.7636,-27.8218
2139.000000,9,23.9640,185.3532,15.8339,-28.6773,-28.7204
2139.000000,10,23.9640,184.7490,15.5911,-28.3160,-28.3513
2139.000000,11,23.9640,184.9172,17.2571,-26.8182,-26.8872
2139.000000,12,23.9640,185.0836,17.8607,-26.3810,-26.4820
2139.000000,13,23.9640,185.2482,17.8703,-26.5359,-26.6523
2139.000000,14,23.9640,185.4108,17.8309,-26.7379,-26.8478
2139.000000,15,23.9640,184.8195,13.0386,-30.9389,-30.9534
2139.000000,16,23.9640,184.9851,15.8874,-28.2558,-28.2962
2139.000000,17,23.9640,185.1491,17.3790,-26.9281,-27.0056
2139.000000,18,23.9640,185.3113,17.8370,-26.6323,-26.7451
2139.000000,19,23.9640,185.4717,17.8459,-26.7839,-26.9162
2139.000000,20,23.9640,184.8933,5.5497,-38.5017,-38.5029
2139.000000,21,23.9640,185.0563,11.0741,-33.1402,-33.1482
2139.000000,22,23.9640,185.2177,14.2747,-30.1010,-30.1270
2139.000000,23,23.9640,185.3775,16.0935,-28.4420,-28.4961
2139.000000,24,23.9640,185.5356,17.2621,-27.4315,-27.5146
2140.000000,0,23.8833,184.7751,13.5338,-30.3993,-30.4147
2140.000000,1,23.8833,184.9579,13.2955,-30.8205,-30.8386
2140.000000,2,23.8833,185.3194,12.9343,-31.5432,-31.5580
2140.000000,3,23.8833,185.4996,11.8281,-32.8296,-32.8387
2140.000000,4,23.8833,185.6784,9.5013,-35.3352,-35.3392
2140.000000,5,23.8833,184.7015,16.4102,-27.4493,-27.4857
2140.000000,6,23.8833,184.8716,17.0196,-27.0100,-27.0660
2140.000000,7,23.8833,185.0397,16.8648,-27.3330,-27.3985
2140.000000,8,23.8833,185.2060,16.6414,-27.7226,-27.7818
2140.000000,9,23.8833,185.3702,15.8215,-28.7068,-28.7499
2140.000000,10,23.8833,184.7693,15.7505,-28.1769,-28.2145
2140.000000,11,23.8833,184.9369,17.3249,-26.7700,-26.8422
2140.000000,12,23.8833,185.1027,17.8606,-26.4001,-26.5040
2140.000000,13,23.8833,185.2666,17.8628,-26.5619,-26.6799
2140.000000,14,23.8833,185.4287,17.8165,-26.7703,-26.8801
2140.000000,15,23.8833,184.8407,13.2075,-30.7912,-30.8065
2140.000000,16,23.8833,185.0056,15.9847,-28.1789,-28.2211
2140.000000,17,23.8833,185.1689,17.4200,-26.9070,-26.9866
2140.000000,18,23.8833,185.3305,17.8261,-26.6624,-26.7769
2140.000000,19,23.8833,185.4903,17.8276,-26.8207,-26.9534
2140.000000,20,23.8833,184.9153,5.7427,-38.3306,-38.3319
2140.000000,21,23.8833,185.0776,11.2051,-33.0305,-33.0390
2140.000000,22,23.8833,185.2383,14.3511,-30.0453,-30.0723
2140.000000,23,23.8833,185.3975,16.1722,-28.3833,-28.4387
2140.000000,24,23.8833,185.5550,17.2887,-27.4243,-27.5085
2141.000000,0,23.8020,184.5760,13.7962,-29.9378,-29.9555
2141.000000,1,23.8020,184.8279,13.5228,-30.4631,-30.4833
2141.000000,2,23.8020,184.9978,13.1302,-31.0256,-31.0425
2141.000000,3,23.8020,185.1656,11.9280,-32.3957,-32.4059
2141.000000,4,23.8020,185.3314,9.5053,-34.9842,-34.9886
2141.000000,5,23.8020,184.7211,16.5745,-27.3047,-27.3438
2141.000000,6,23.8020,184.8906,17.1042,-26.9444,-27.0036
2141.000000,7,23.8020,185.0581,16.9328,-27.2834,-27.3512
2141.000000,8,23.8020,185.2238,16.6939,-27.6879,-27.7481
2141.000000,9,23.8020,185.3875,15.8041,-28.7414,-28.7846
2141.000000,10,23.8020,184.7898,15.9000,-28.0479,-28.0879
2141.000000,11,23.8020,184.9568,17.4017,-26.7131,-26.7885
2141.000000,12,23.8020,185.1219,17.8544,-26.4256,-26.5323
2141.000000,13,23.8020,185.2852,17.8491,-26.5941,-26.7135
2141.000000,14,23.8020,185.4468,17.7960,-26.8088,-26.9184
2141.000000,15,23.8020,184.8620,13.3672,-30.6529,-30.6691
2141.000000,16,23.8020,185.0263,16.0758,-28.1085,-28.1524
2141.000000,17,23.8020,185.1889,17.4559,-26.8911,-26.9728
2141.000000,18,23.8020,185.3499,17.8104,-26.6975,-26.8135
2141.000000,19,23.8020,185.5091,17.8047,-26.8625,-26.9953
2141.000000,20,23.8020,184.9374,5.9280,-38.1675,-38.1689
2141.000000,21,23.8020,185.0990,11.3297,-32.9274,-32.9362
2141.000000,22,23.8020,185.2591,14.4215,-29.9956,-30.0236
2141.000000,23,23.8020,185.4176,16.2456,-28.3301,-28.3867
2141.000000,24,23.8020,185.5745,17.3102,-27.4223,-27.5074
2142.000000,0,23.7201,184.6749,14.0459,-29.7870,-29.8060
2142.000000,1,23.7201,184.8462,13.7395,-30.2647,-30.2865
2142.000000,2,23.7201,185.0155,13.3170,-30.8565,-30.8743
2142.000000,3,23.7201,185.1828,12.0223,-32.3185,-32.3291
2142.000000,4,23.7201,185.3480,9.5060,-35.0001,-35.0046
2142.000000,5,23.7201,184.7409,16.7282,-27.1708,-27.2129
2142.000000,6,23.7201,184.9098,17.1814,-26.8864,-26.9489
2142.000000,7,23.7201,185.0767,16.9941,-27.2407,-27.3108
2142.000000,8,23.7201,185.2417,16.7401,-27.6597,-27.7208
2142.000000,9,23.7201,185.4049,15.7817,-28.7812,-28.8243
2142.000000,10,23.7201,184.8105,16.0398,-27.9288,-27.9712
2142.000000,11,23.7201,184.9768,17.4717,-26.6632,-26.7418
2142.000000,12,23.7201,185.1413,17.8418,-26.4575,-26.5670
2142.000000,13,23.7201,185.3040,17.8294,-26.6327,-26.7534
2142.000000,14,23.7201,185.4650,17.7695,-26.8535,-26.9629
2142.000000,15,23.7201,184.8835,13.5178,-30.5237,-30.5409
2142.000000,16,23.7201,185.0471,16.1606,-28.0446,-28.0902
2142.000000,17,23.7201,185.2091,17.4865,-26.8806,-26.9643
2142.000000,18,23.7201,185.3695,17.7900,-26.7375,-26.8549
2142.000000,19,23.7201,185.5281,17.8157,-26.8705,-27.0032
2142.000000,20,23.7201,184.9597,6.1056,-38.0122,-38.0137
2142.000000,21,23.7201,185.1206,11.4480,-32.8307,-32.8401
2142.000000,22,23.7201,185.2800,14.4860,-29.9521,-29.9810
2142.000000,23,23.7201,185.4379,16.3136,-28.2823,-28.3401
2142.000000,24,23.7201,185.5942,17.3267,-27.4255,-27.5113
2143.000000,0,23.6375,184.6940,14.2834,-29.5687,-29.5895
2143.000000,1,23.6375,184.8647,13.9458,-30.0770,-30.1003
2143.000000,2,23.6375,185.0334,13.4949,-30.6965,-30.7153
2143.000000,3,23.6375,185.2001,12.1110,-32.2471,-32.2580
2143.000000,4,23.6375,185.3648,9.5032,-35.0197,-35.0242
2143.000000,5,23.6375,184.7610,16.8714,-27.0476,-27.0929
2143.000000,6,23.6375,184.9291,17.2513,-26.8359,-26.9018
2143.000000,7,23.6375,185.0955,17.0486,-27.2049,-27.2773
2143.000000,8,23.6375,185.2599,16.7801,-27.6378,-27.6999
2143.000000,9,23.6375,185.4225,15.7543,-28.8263,-28.8693
2143.000000,10,23.6375,184.8314,16.1701,-27.8194,-27.8643
2143.000000,11,23.6375,184.9970,17.5349,-26.6201,-26.7019
2143.000000,12,23.6375,185.1609,17.8230,-26.4960,-26.6081
2143.000000,13,23.6375,185.3230,17.8053,-26.6757,-26.7976
2143.000000,14,23.6375,185.4834,17.7368,-26.9046,-27.0135
2143.000000,15,23.6375,184.9052,13.6597,-30.4036,-30.4216
2143.000000,16,23.6375,185.0682,16.2391,-27.9871,-28.0344
2143.000000,17,23.6375,185.2295,17.5120,-26.8755,-26.9611
2143.000000,18,23.6375,185.3892,17.7648,-26.7825,-26.9012
2143.000000,19,23.6375,185.5472,17.8298,-26.8755,-27.0080
2143.000000,20,23.6375,184.9822,6.2758,-37.8645,-37.8661
2143.000000,21,23.6375,185.1424,11.5599,-32.7406,-32.7504
2143.000000,22,23.6375,185.3011,14.5446,-29.9146,-29.9445
2143.000000,23,23.6375,185.4584,16.3763,-28.2401,-28.2990
2143.000000,24,23.6375,185.6140,17.3381,-27.4339,-27.5204
2144.000000,0,23.5544,184.7134,14.5087,-29.3627,-29.3854
2144.000000,1,23.5544,184.8834,14.1418,-29.8996,-29.9247
2144.000000,2,23.5544,185.0515,13.6639,-30.5456,-30.5653
2144.000000,3,23.5544,185.2176,12.1940,-32.1816,-32.1929
2144.000000,4,23.5544,185.3818,9.4969,-35.0429,-35.0475
2144.000000,5,23.5544,184.7812,17.0044,-26.9348,-26.9834
2144.000000,6,23.5544,184.9487,17.3137,-26.7930,-26.8623
2144.000000,7,23.5544,185.1144,17.0964,-27.1761,-27.2508
2144.000000,8,23.5544,185.2783,16.8139,-27.6224,-27.6853
2144.000000,9,23.5544,185.4403,15.7218,-28.8766,-28.9196
2144.000000,10,23.5544,184.8525,16.2911,-27.7194,-27.7669
2144.000000,11,23.5544,185.0174,17.5915,-26.5840,-26.6689
2144.000000,12,23.5544,185.1806,17.8080,-26.5307,-26.6454
2144.000000,13,23.5544,185.3422,17.8220,-26.6782,-26.8011
2144.000000,14,23.5544,185.5019,17.6980,-26.9619,-27.0705
2144.000000,15,23.5544,184.9271,13.7930,-30.2921,-30.3111
2144.000000,16,23.5544,185.0894,16.3115,-27.9359,-27.9849
2144.000000,17,23.5544,185.2500,17.5323,-26.8758,-26.9632
2144.000000,18,23.5544,185.4091,17.7910,-26.7762,-26.8959
2144.000000,19,23.5544,185.5665,17.8387,-26.8859,-27.0181
2144.000000,20,23.5544,185.0049,6.4387,-37.7242,-37.7259
2144.000000,21,23.5544,185.1644,11.6654,-32.6570,-32.6672
2144.000000,22,23.5544,185.3224,14.5972,-29.8832,-29.9141
2144.000000,23,23.5544,185.4790,16.4336,-28.2034,-28.2633
2144.000000,24,23.5544,185.6340,17.3472,-27.4448,-27.5319
2145.000000,0,23.4707,184.7329,14.7223,-29.1686,-29.1935
2145.000000,1,23.4707,184.9023,14.3278,-29.7325,-29.7595
2145.000000,2,23.4707,185.0698,13.8242,-30.4036,-30.4243
2145.000000,3,23.4707,185.2353,12.2714,-32.1220,-32.1336
2145.000000,4,23.4707,185.3990,9.4871,-35.0699,-35.0745
2145.000000,5,23.4707,184.8016,17.1274,-26.8323,-26.8843
2145.000000,6,23.4707,184.9685,17.3688,-26.7577,-26.8304
2145.000000,7,23.4707,185.1335,17.1529,-27.1386,-27.2155
2145.000000,8,23.4707,185.2968,16.8414,-27.6135,-27.6772
2145.000000,9,23.4707,185.4583,15.6841,-28.9322,-28.9751
2145.000000,10,23.4707,184.8738,16.4031,-27.6287,-27.6788
2145.000000,11,23.4707,185.0380,17.6414,-26.5547,-26.6427
2145.000000,12,23.4707,185.2006,17.8031,-26.5555,-26.6727
2145.000000,13,23.4707,185.3615,17.8319,-26.6876,-26.8114
2145.000000,14,23.4707,185.5207,17.6980,-26.9807,-27.0886
2145.000000,15,23.4707,184.9492,13.9180,-30.1892,-30.2092
2145.000000,16,23.4707,185.1107,16.3776,-27.8911,-27.9418
2145.000000,17,23.4707,185.2707,17.5473,-26.8815,-26.9707
2145.000000,18,23.4707,185.4292,17.8159,-26.7713,-26.8919
2145.000000,19,23.4707,185.5860,17.8424,-26.9017,-27.0334
2145.000000,20,23.4707,185.0276,6.5945,-37.5912,-37.5930
2145.000000,21,23.4707,185.1864,11.7646,-32.5798,-32.5905
2145.000000,22,23.4707,185.3438,14.6438,-29.8580,-29.8898
2145.000000,23,23.4707,185.4997,16.4856,-28.1722,-28.2331
2145.000000,24,23.4707,185.6541,17.4013,-27.4108,-27.4983
2146.000000,0,23.3865,184.7526,14.9244,-28.9862,-29.0134
2146.000000,1,23.3865,184.9214,14.5039,-29.5756,-29.6044
2146.000000,2,23.3865,185.0883,13.9760,-30.2703,-30.2920
2146.000000,3,23.3865,185.2533,12.3430,-32.0683,-32.0802
2146.000000,4,23.3865,185.4164,9.4737,-35.1007,-35.1054
2146.000000,5,23.3865,184.8222,17.2404,-26.7398,-26.7954
2146.000000,6,23.3865,184.9884,17.4165,-26.7300,-26.8061
2146.000000,7,23.3865,185.1529,17.2390,-27.0719,-27.1509
2146.000000,8,23.3865,185.3155,16.8626,-27.6110,-27.6755
2146.000000,9,23.3865,185.4764,15.6412,-28.9933,-29.0361
2146.000000,10,23.3865,184.8952,16.5062,-27.5471,-27.5998
2146.000000,11,23.3865,185.0588,17.6845,-26.5323,-26.6233
2146.000000,12,23.3865,185.2207,17.7932,-26.5855,-26.7050
2146.000000,13,23.3865,185.3810,17.8349,-26.7041,-26.8286
2146.000000,14,23.3865,185.5395,17.7180,-26.9796,-27.0867
2146.000000,15,23.3865,184.9714,14.0348,-30.0946,-30.1155
2146.000000,16,23.3865,185.1322,16.4376,-27.8527,-27.9049
2146.000000,17,23.3865,185.2916,17.5569,-26.8927,-26.9835
2146.000000,18,23.3865,185.4494,17.8363,-26.7711,-26.8924
2146.000000,19,23.3865,185.6056,17.8407,-26.9229,-27.0541
2146.000000,20,23.3865,185.0506,6.7433,-37.4653,-37.4673
2146.000000,21,23.3865,185.2087,11.8576,-32.5092,-32.5203
2146.000000,22,23.3865,185.3654,14.6844,-29.8390,-29.8717
2146.000000,23,23.3865,185.5206,16.5321,-28.1465,-28.2083
2146.000000,24,23.3865,185.6744,17.4507,-27.3817,-27.4694
2147.000000,0,23.3017,184.7726,15.1152,-28.8154,-28.8451
2147.000000,1,23.3017,184.9407,14.6772,-29.4215,-29.4523
2147.000000,2,23.3017,185.1069,14.1192,-30.1458,-30.1685
2147.000000,3,23.3017,185.2714,12.4089,-32.0205,-32.0327
2147.000000,4,23.3017,185.4339,9.4565,-35.1355,-35.1401
2147.000000,5,23.3017,184.8430,17.3438,-26.6573,-26.7165
2147.000000,6,23.3017,185.0086,17.4568,-26.7098,-26.7894
2147.000000,7,23.3017,185.1724,17.3170,-27.0134,-27.0944
2147.000000,8,23.3017,185.3344,16.8775,-27.6150,-27.6802
2147.000000,9,23.3017,185.4947,15.5929,-29.0598,-29.1024
2147.000000,10,23.3017,184.9168,16.6005,-27.4743,-27.5298
2147.000000,11,23.3017,185.0797,17.7210,-26.5167,-26.6107
2147.000000,12,23.3017,185.2410,17.8219,-26.5771,-26.6987
2147.000000,13,23.3017,185.4006,17.8311,-26.7276,-26.8527
2147.000000,14,23.3017,185.5586,17.7321,-26.9846,-27.0908
2147.000000,15,23.3017,184.9938,14.1437,-30.0081,-30.0300
2147.000000,16,23.3017,185.1539,16.4915,-27.8205,-27.8742
2147.000000,17,23.3017,185.3126,17.5613,-26.9094,-27.0018
2147.000000,18,23.3017,185.4697,17.8522,-26.7756,-26.8975
2147.000000,19,23.3017,185.6253,17.8338,-26.9496,-27.0800
2147.000000,20,23.3017,185.0737,6.8852,-37.3466,-37.3486
2147.000000,21,23.3017,185.2311,11.9441,-32.4450,-32.4566
2147.000000,22,23.3017,185.3871,14.7216,-29.8235,-29.8570
2147.000000,23,23.3017,185.5417,16.5733,-28.1264,-28.1890
2147.000000,24,23.3017,185.6948,17.4954,-27.3575,-27.4453
2148.000000,0,23.2164,184.7927,15.2949,-28.6558,-28.6881
2148.000000,1,23.2164,184.9602,14.8974,-29.2208,-29.2535
2148.000000,2,23.2164,185.1258,14.2540,-30.0298,-30.0536
2148.000000,3,23.2164,185.2896,12.4690,-31.9786,-31.9912
2148.000000,4,23.2164,185.4516,9.4355,-35.1741,-35.1789
2148.000000,5,23.2164,184.8640,17.4376,-26.5845,-26.6475
2148.000000,6,23.2164,185.0289,17.4897,-26.6972,-26.7802
2148.000000,7,23.2164,185.1921,17.3870,-26.9630,-27.0460
2148.000000,8,23.2164,185.3535,16.8860,-27.6255,-27.6914
2148.000000,9,23.2164,185.5132,15.5393,-29.1319,-29.1744
2148.000000,10,23.2164,184.9386,16.6863,-27.4104,-27.4685
2148.000000,11,23.2164,185.1008,17.7509,-26.5080,-26.6049
2148.000000,12,23.2164,185.2614,17.8442,-26.5753,-26.6987
2148.000000,13,23.2164,185.4204,17.8310,-26.7474,-26.8730
2148.000000,14,23.2164,185.5778,17.7403,-26.9956,-27.1009
2148.000000,15,23.2164,185.0163,14.2447,-29.9297,-29.9524
2148.000000,16,23.2164,185.1758,16.5392,-27.7946,-27.8498
2148.000000,17,23.2164,185.3338,17.5602,-26.9316,-27.0254
2148.000000,18,23.2164,185.4903,17.8635,-26.7848,-26.9072
2148.000000,19,23.2164,185.6452,17.8215,-26.9817,-27.1113
2148.000000,20,23.2164,185.0970,7.0203,-37.2347,-37.2369
2148.000000,21,23.2164,185.2536,12.0244,-32.3873,-32.3993
2148.000000,22,23.2164,185.4089,14.8094,-29.7575,-29.7918
2148.000000,23,23.2164,185.5629,16.6091,-28.1118,-28.1751
2148.000000,24,23.2164,185.7154,17.5353,-27.3382,-27.4260
2149.000000,0,23.1306,184.8130,15.4637,-28.5073,-28.5424
2149.000000,1,23.1306,184.9799,15.1051,-29.0328,-29.0674
2149.000000,2,23.1306,185.1449,14.3805,-29.9224,-29.9472
2149.000000,3,23.1306,185.3081,12.5233,-31.9428,-31.9558
2149.000000,4,23.1306,185.4695,9.4106,-35.2169,-35.2216
2149.000000,5,23.1306,184.8852,17.5219,-26.5213,-26.5882
2149.000000,6,23.1306,185.0494,17.5488,-26.6586,-26.7449
2149.000000,7,23.1306,185.2119,17.4491,-26.9208,-27.0057
2149.000000,8,23.1306,185.3727,16.8881,-27.6426,-27.7091
2149.000000,9,23.1306,185.5319,15.4803,-29.2096,-29.2519
2149.000000,10,23.1306,184.9606,16.7636,-27.3551,-27.4158
2149.000000,11,23.1306,185.1221,17.7740,-26.5061,-26.6058
2149.000000,12,23.1306,185.2820,17.8602,-26.5799,-26.7052
2149.000000,13,23.1306,185.4404,17.8401,-26.7584,-26.8843
2149.000000,14,23.1306,185.5972,17.7426,-27.0126,-27.1170
2149.000000,15,23.1306,185.0390,14.3380,-29.8591,-29.8827
2149.000000,16,23.1306,185.1978,16.5809,-27.7749,-27.8316
2149.000000,17,23.1306,185.3551,17.5538,-26.9594,-27.0545
2149.000000,18,23.1306,185.5109,17.8702,-26.7988,-26.9214
2149.000000,19,23.1306,185.6653,17.8184,-27.0050,-27.1335
2149.000000,20,23.1306,185.1204,7.1487,-37.1297,-37.1321
2149.000000,21,23.1306,185.2763,12.0983,-32.3360,-32.3485
2149.000000,22,23.1306,185.4309,14.8912,-29.6977,-29.7327
2149.000000,23,23.1306,185.5842,16.6395,-28.1028,-28.1667
2149.000000,24,23.1306,185.7361,17.5705,-27.3236,-27.4114
2150.000000,0,23.0443,184.8336,15.6219,-28.3697,-28.4077
2150.000000,1,23.0443,184.9997,15.3008,-28.8569,-28.8936
2150.000000,2,23.0443,185.1641,14.4988,-29.8234,-29.8492
2150.000000,3,23.0443,185.3267,12.5718,-31.9130,-31.9263
2150.000000,4,23.0443,185.4876,9.3818,-35.2638,-35.2686
2150.000000,5,23.0443,184.9065,17.5969,-26.4676,-26.5384
2150.000000,6,23.0443,185.0701,17.6130,-26.6151,-26.7047
2150.000000,7,23.0443,185.2319,17.5033,-26.8867,-26.9735
2150.000000,8,23.0443,185.3922,16.8839,-27.6663,-27.7334
2150.000000,9,23.0443,185.5507,15.4350,-29.2737,-29.3157
2150.000000,10,23.0443,184.9827,16.8636,-27.2771,-27.3404
2150.000000,11,23.0443,185.1435,17.7905,-26.5110,-26.6134
2150.000000,12,23.0443,185.3028,17.8698,-26.5911,-26.7180
2150.000000,13,23.0443,185.4605,17.8429,-26.7756,-26.9017
2150.000000,14,23.0443,185.6167,17.7389,-27.0358,-27.1390
2150.000000,15,23.0443,185.0619,14.4238,-29.7961,-29.8207
2150.000000,16,23.0443,185.2199,16.6164,-27.7615,-27.8196
2150.000000,17,23.0443,185.3766,17.5418,-26.9928,-27.0891
2150.000000,18,23.0443,185.5318,17.8723,-26.8175,-26.9403
2150.000000,19,23.0443,185.6855,17.8126,-27.0309,-27.1582
2150.000000,20,23.0443,185.1439,7.2704,-37.0315,-37.0340
2150.000000,21,23.0443,185.2991,12.1659,-32.2913,-32.3042
2150.000000,22,23.0443,185.4531,14.9671,-29.6440,-29.6797
2150.000000,23,23.0443,185.6057,16.6644,-28.0993,-28.1638
2150.000000,24,23.0443,185.7569,17.6010,-27.3140,-27.4015
2151.000000,0,22.9576,184.8543,15.7718,-28.2405,-28.2815
2151.000000,1,22.9576,185.0198,15.4848,-28.6930,-28.7318
2151.000000,2,22.9576,185.1835,14.6088,-29.7328,-29.7596
2151.000000,3,22.9576,185.3456,12.6143,-31.8893,-31.9029
2151.000000,4,22.9576,185.5058,9.3490,-35.3149,-35.3197
2151.000000,5,22.9576,184.9281,17.6627,-26.4234,-26.4981
2151.000000,6,22.9576,185.0909,17.6687,-26.5803,-26.6731
2151.000000,7,22.9576,185.2521,17.5496,-26.8606,-26.9491
2151.000000,8,22.9576,185.4117,16.8731,-27.6967,-27.7642
2151.000000,9,22.9576,185.5696,15.4420,-29.2857,-29.3273
2151.000000,10,22.9576,185.0050,16.9620,-27.2011,-27.2668
2151.000000,11,22.9576,185.1651,17.8003,-26.5228,-26.6278
2151.000000,12,22.9576,185.3237,17.8730,-26.6088,-26.7372
2151.000000,13,22.9576,185.4808,17.8397,-26.7992,-26.9252
2151.000000,14,22.9576,185.6364,17.7294,-27.0650,-27.1671
2151.000000,15,22.9576,185.0849,14.5022,-29.7408,-29.7662
2151.000000,16,22.9576,185.2422,16.6459,-27.7544,-27.8138
2151.000000,17,22.9576,185.3982,17.5244,-27.0318,-27.1292
2151.000000,18,22.9576,185.5527,17.8698,-26.8409,-26.9638
2151.000000,19,22.9576,185.7058,17.8024,-27.0615,-27.1875
2151.000000,20,22.9576,185.1676,7.3856,-36.9400,-36.9426
2151.000000,21,22.9576,185.3221,12.2271,-32.2530,-32.2664
2151.000000,22,22.9576,185.4753,15.0371,-29.5963,-29.6326
2151.000000,23,22.9576,185.6273,16.6839,-28.1014,-28.1664
2151.000000,24,22.9576,185.7779,17.6268,-27.3091,-27.3963
2152.000000,0,22.8703,184.8752,15.9632,-28.0700,-28.1141
2152.000000,1,22.8703,185.0400,15.6573,-28.5408,-28.5817
2152.000000,2,22.8703,185.2031,14.7107,-29.6505,-29.6784
2152.000000,3,22.8703,185.3645,12.6509,-31.8717,-31.8857
2152.000000,4,22.8703,185.5242,9.3119,-35.3703,-35.3751
2152.000000,5,22.8703,184.9498,17.7194,-26.3885,-26.4670
2152.000000,6,22.8703,185.1119,17.7160,-26.5540,-26.6499
2152.000000,7,22.8703,185.2725,17.5880,-26.8425,-26.9327
2152.000000,8,22.8703,185.4315,16.8558,-27.7337,-27.8016
2152.000000,9,22.8703,185.5888,15.4438,-29.3030,-29.3443
2152.000000,10,22.8703,185.0275,17.0523,-27.1332,-27.2014
2152.000000,11,22.8703,185.1869,17.8034,-26.5415,-26.6489
2152.000000,12,22.8703,185.3448,17.8698,-26.6331,-26.7629
2152.000000,13,22.8703,185.5013,17.8303,-26.8290,-26.9550
2152.000000,14,22.8703,185.6562,17.7139,-27.1004,-27.2011
2152.000000,15,22.8703,185.1081,14.5732,-29.6929,-29.7191
2152.000000,16,22.8703,185.2647,16.6693,-27.7535,-27.8141
2152.000000,17,22.8703,185.4199,17.5310,-27.0469,-27.1453
2152.000000,18,22.8703,185.5738,17.8627,-26.8692,-26.9918
2152.000000,19,22.8703,185.7263,17.8005,-27.0839,-27.2084
2152.000000,20,22.8703,185.1914,7.4943,-36.8552,-36.8578
2152.000000,21,22.8703,185.3452,12.2820,-32.2212,-32.2351
2152.000000,22,22.8703,185.4977,15.1012,-29.5546,-29.5916
2152.000000,23,22.8703,185.6490,16.6980,-28.1091,-28.1745
2152.000000,24,22.8703,185.7990,17.6479,-27.3091,-27.3958
2153.000000,0,22.7827,184.8963,16.1419,-27.9124,-27.9597
2153.000000,1,22.7827,185.0604,15.8185,-28.4000,-28.4430
2153.000000,2,22.7827,185.2229,14.8045,-29.5765,-29.6054
2153.000000,3,22.7827,185.3837,12.6814,-31.8603,-31.8746
2153.000000,4,22.7827,185.5428,9.2707,-35.4301,-35.4350
2153.000000,5,22.7827,184.9716,17.7669,-26.3628,-26.4452
2153.000000,6,22.7827,185.1331,17.7548,-26.5363,-26.6353
2153.000000,7,22.7827,185.2930,17.6187,-26.8324,-26.9242
2153.000000,8,22.7827,185.4514,16.8320,-27.7774,-27.8457
2153.000000,9,22.7827,185.6081,15.4404,-29.3258,-29.3666
2153.000000,10,22.7827,185.0501,17.1346,-27.0735,-27.1440
2153.000000,11,22.7827,185.2088,17.8138,-26.5530,-26.6627
2153.000000,12,22.7827,185.3661,17.8602,-26.6639,-26.7949
2153.000000,13,22.7827,185.5219,17.8146,-26.8653,-26.9910
2153.000000,14,22.7827,185.6762,17.6923,-27.1419,-27.2413
2153.000000,15,22.7827,185.1314,14.6371,-29.6523,-29.6794
2153.000000,16,22.7827,185.2873,16.6866,-27.7588,-27.8205
2153.000000,17,22.7827,185.4419,17.5679,-27.0320,-27.1310
2153.000000,18,22.7827,185.5951,17.8509,-26.9022,-27.0246
2153.000000,19,22.7827,185.7469,17.8253,-27.0797,-27.2026
2153.000000,20,22.7827,185.2154,7.5965,-36.7769,-36.7797
2153.000000,21,22.7827,185.3684,12.3304,-32.1960,-32.2102
2153.000000,22,22.7827,185.5203,15.1593,-29.5190,-29.5565
2153.000000,23,22.7827,185.6709,16.7126,-28.1163,-28.1820
2153.000000,24,22.7827,185.8202,17.6643,-27.3139,-27.4000
2154.000000,0,22.6945,184.9175,16.3082,-27.7673,-27.8179
2154.000000,1,22.6945,185.0810,15.9688,-28.2703,-28.3154
2154.000000,2,22.6945,185.2429,14.8902,-29.5107,-29.5407
2154.000000,3,22.6945,185.4030,12.7059,-31.8552,-31.8698
2154.000000,4,22.6945,185.5615,9.2251,-35.4945,-35.4994
2154.000000,5,22.6945,184.9937,17.8055,-26.3462,-26.4326
2154.000000,6,22.6945,185.1545,17.7854,-26.5271,-26.6291
2154.000000,7,22.6945,185.3137,17.6415,-26.8302,-26.9235
2154.000000,8,22.6945,185.4714,16.8015,-27.8279,-27.8966
2154.000000,9,22.6945,185.6275,15.4316,-29.3539,-29.3944
2154.000000,10,22.6945,185.0728,17.2092,-27.0217,-27.0945
2154.000000,11,22.6945,185.2308,17.8369,-26.5520,-26.6638
2154.000000,12,22.6945,185.3874,17.8441,-26.7014,-26.8334
2154.000000,13,22.6945,185.5426,17.8341,-26.8666,-26.9918
2154.000000,14,22.6945,185.6963,17.6648,-27.1895,-27.2875
2154.000000,15,22.6945,185.1548,14.6939,-29.6190,-29.6469
2154.000000,16,22.6945,185.3100,16.6978,-27.7703,-27.8331
2154.000000,17,22.6945,185.4639,17.5994,-27.0225,-27.1221
2154.000000,18,22.6945,185.6165,17.8345,-26.9400,-27.0620
2154.000000,19,22.6945,185.7677,17.8449,-27.0808,-27.2020
2154.000000,20,22.6945,185.2394,7.6923,-36.7052,-36.7081
2154.000000,21,22.6945,185.3918,12.3725,-32.1773,-32.1919
2154.000000,22,22.6945,185.5429,15.2116,-29.4894,-29.5274
2154.000000,23,22.6945,185.6929,16.7742,-28.0767,-28.1425
2154.000000,24,22.6945,185.8416,17.6761,-27.3235,-27.4089
2155.000000,0,22.6060,184.9390,16.4625,-27.6345,-27.6884
2155.000000,1,22.6060,185.1018,16.1083,-28.1516,-28.1989
2155.000000,2,22.6060,185.2630,14.9679,-29.4531,-29.4841
2155.000000,3,22.6060,185.4225,12.7243,-31.8563,-31.8712
2155.000000,4,22.6060,185.5804,9.1750,-35.5634,-35.5684
2155.000000,5,22.6060,185.0159,17.8352,-26.3387,-26.4289
2155.000000,6,22.6060,185.1760,17.8077,-26.5264,-26.6312
2155.000000,7,22.6060,185.3346,17.6566,-26.8360,-26.9307
2155.000000,8,22.6060,185.4916,16.7644,-27.8853,-27.9542
2155.000000,9,22.6060,185.6471,15.4177,-29.3875,-29.4275
2155.000000,10,22.6060,185.0958,17.2761,-26.9777,-27.0528
2155.000000,11,22.6060,185.2531,17.8539,-26.5572,-26.6710
2155.000000,12,22.6060,185.4090,17.8215,-26.7455,-26.8784
2155.000000,13,22.6060,185.5635,17.8506,-26.8710,-26.9956
2155.000000,14,22.6060,185.7165,17.6313,-27.2433,-27.3399
2155.000000,15,22.6060,185.1784,14.7436,-29.5928,-29.6215
2155.000000,16,22.6060,185.3329,16.7029,-27.7880,-27.8518
2155.000000,17,22.6060,185.4861,17.6255,-27.0186,-27.1187
2155.000000,18,22.6060,185.6380,17.8133,-26.9827,-27.1041
2155.000000,19,22.6060,185.7886,17.8594,-27.0872,-27.2065
2155.000000,20,22.6060,185.2637,7.7817,-36.6400,-36.6430
2155.000000,21,22.6060,185.4153,12.4082,-32.1651,-32.1801
2155.000000,22,22.6060,185.5657,15.2580,-29.4658,-29.5043
2155.000000,23,22.6060,185.7150,16.8306,-28.0425,-28.1083
2155.000000,24,22.6060,185.8630,17.6831,-27.3379,-27.4225
2156.000000,0,22.5170,184.9606,16.6051,-27.5136,-27.5709
2156.000000,1,22.5170,185.1227,16.2372,-28.0436,-28.0931
2156.000000,2,22.5170,185.2833,15.0376,-29.4037,-29.4358
2156.000000,3,22.5170,185.4422,12.7365,-31.8638,-31.8790
2156.000000,4,22.5170,185.5995,9.1458,-35.6117,-35.6166
2156.000000,5,22.5170,185.0383,17.8560,-26.3403,-26.4343
2156.000000,6,22.5170,185.1977,17.8216,-26.5341,-26.6417
2156.000000,7,22.5170,185.3556,17.6639,-26.8497,-26.9457
2156.000000,8,22.5170,185.5120,16.7532,-27.9168,-27.9858
2156.000000,9,22.5170,185.6669,15.3983,-29.4266,-29.4661
2156.000000,10,22.5170,185.1188,17.3353,-26.9415,-27.0186
2156.000000,11,22.5170,185.2754,17.8648,-26.5687,-26.6842
2156.000000,12,22.5170,185.4307,17.7924,-26.7963,-26.9299
2156.000000,13,22.5170,185.5845,17.8602,-26.8824,-27.0063
2156.000000,14,22.5170,185.7369,17.5916,-27.3033,-27.3984
2156.000000,15,22.5170,185.2021,14.7864,-29.5737,-29.6031
2156.000000,16,22.5170,185.3559,16.7019,-27.8120,-27.8767
2156.000000,17,22.5170,185.5084,17.6462,-27.0202,-27.1206
2156.000000,18,22.5170,185.6596,17.8202,-26.9975,-27.1180
2156.000000,19,22.5170,185.8096,17.8688,-27.0988,-27.2162
2156.000000,20,22.5170,185.2880,7.8647,-36.5814,-36.5845
2156.000000,21,22.5170,185.4389,12.4594,-32.1375,-32.1528
2156.000000,22,22.5170,185.5886,15.2985,-29.4481,-29.4871
2156.000000,23,22.5170,185.7372,16.8816,-28.0137,-28.0794
2156.000000,24,22.5170,185.8846,17.6855,-27.3571,-27.4408
2157.000000,0,22.4277,184.9824,16.7360,-27.4044,-27.4652
2157.000000,1,22.4277,185.1438,16.3557,-27.9462,-27.9978
2157.000000,2,22.4277,185.3037,15.0993,-29.3624,-29.3955
2157.000000,3,22.4277,185.4620,12.7424,-31.8776,-31.8932
2157.000000,4,22.4277,185.6187,9.1749,-35.6018,-35.6068
2157.000000,5,22.4277,185.0608,17.8680,-26.3508,-26.4485
2157.000000,6,22.4277,185.2195,17.8273,-26.5502,-26.6605
2157.000000,7,22.4277,185.3767,17.6634,-26.8714,-26.9685
2157.000000,8,22.4277,185.5325,16.7836,-27.9070,-27.9759
2157.000000,9,22.4277,185.6868,15.3737,-29.4711,-29.5102
2157.000000,10,22.4277,185.1421,17.3871,-26.9130,-26.9920
2157.000000,11,22.4277,185.2979,17.8696,-26.5864,-26.7036
2157.000000,12,22.4277,185.4525,17.7743,-26.8362,-26.9703
2157.000000,13,22.4277,185.6057,17.8629,-26.9008,-27.0239
2157.000000,14,22.4277,185.7575,17.5940,-27.3215,-27.4148
2157.000000,15,22.4277,185.2260,14.8224,-29.5617,-29.5917
2157.000000,16,22.4277,185.3790,16.6949,-27.8422,-27.9077
2157.000000,17,22.4277,185.5309,17.6615,-27.0274,-27.1278
2157.000000,18,22.4277,185.6814,17.8300,-27.0095,-27.1291
2157.000000,19,22.4277,185.8307,17.8730,-27.1157,-27.2310
2157.000000,20,22.4277,185.3125,7.9413,-36.5292,-36.5324
2157.000000,21,22.4277,185.4626,12.5449,-32.0757,-32.0914
2157.000000,22,22.4277,185.6117,15.3332,-29.4365,-29.4758
2157.000000,23,22.4277,185.7596,16.9274,-27.9902,-28.0558
2157.000000,24,22.4277,185.9063,17.6833,-27.3811,-27.4637
2158.000000,0,22.3380,185.0043,16.8557,-27.3067,-27.3710
2158.000000,1,22.3380,185.1651,16.4640,-27.8592,-27.9130
2158.000000,2,22.3380,185.3243,15.1530,-29.3293,-29.3634
2158.000000,3,22.3380,185.4820,12.7420,-31.8980,-31.9138
2158.000000,4,22.3380,185.6381,9.1997,-35.5964,-35.6014
2158.000000,5,22.3380,185.0835,17.8712,-26.3703,-26.4716
2158.000000,6,22.3380,185.2415,17.8247,-26.5748,-26.6876
2158.000000,7,22.3380,185.3980,17.6551,-26.9010,-26.9992
2158.000000,8,22.3380,185.5532,16.8073,-27.9039,-27.9728
2158.000000,9,22.3380,185.7068,15.3436,-29.5212,-29.5597
2158.000000,10,22.3380,185.1654,17.4315,-26.8919,-26.9729
2158.000000,11,22.3380,185.3206,17.8682,-26.6104,-26.7290
2158.000000,12,22.3380,185.4745,17.8070,-26.8255,-26.9597
2158.000000,13,22.3380,185.6270,17.8587,-26.9263,-27.0484
2158.000000,14,22.3380,185.7781,17.6158,-27.3204,-27.4120
2158.000000,15,22.3380,185.2500,14.8515,-29.5565,-29.5872
2158.000000,16,22.3380,185.4023,16.6817,-27.8787,-27.9449
2158.000000,17,22.3380,185.5534,17.6715,-27.0400,-27.1405
2158.000000,18,22.3380,185.7033,17.8345,-27.0269,-27.1454
2158.000000,19,22.3380,185.8520,17.8722,-27.1379,-27.2510
2158.000000,20,22.3380,185.3370,8.0117,-36.4834,-36.4868
2158.000000,21,22.3380,185.4865,12.6240,-32.0205,-32.0365
2158.000000,22,22.3380,185.6348,15.3620,-29.4308,-29.4704
2158.000000,23,22.3380,185.7821,16.9680,-27.9721,-28.0374
2158.000000,24,22.3380,185.9282,17.6764,-27.4098,-27.4914
2159.000000,0,22.2479,185.0265,16.9642,-27.2203,-27.2881
2159.000000,1,22.2479,185.1865,16.5622,-27.7824,-27.8384
2159.000000,2,22.2479,185.3451,15.1988,-29.3043,-29.3394
2159.000000,3,22.2479,185.5021,12.7352,-31.9250,-31.9411
2159.000000,4,22.2479,185.6576,9.2200,-35.5956,-35.6006
2159.000000,5,22.2479,185.1063,17.8656,-26.3987,-26.5035
2159.000000,6,22.2479,185.2636,17.8147,-26.6069,-26.7220
2159.000000,7,22.2479,185.4195,17.6389,-26.9386,-27.0378
2159.000000,8,22.2479,185.5740,16.8244,-27.9076,-27.9763
2159.000000,9,22.2479,185.7270,15.3081,-29.5769,-29.6149
2159.000000,10,22.2479,185.1889,17.4686,-26.8783,-26.9610
2159.000000,11,22.2479,185.3434,17.8608,-26.6406,-26.7605
2159.000000,12,22.2479,185.4966,17.8332,-26.8214,-26.9556
2159.000000,13,22.2479,185.6484,17.8476,-26.9588,-27.0798
2159.000000,14,22.2479,185.7990,17.6315,-27.3255,-27.4152
2159.000000,15,22.2479,185.2741,14.8739,-29.5583,-29.5895
2159.000000,16,22.2479,185.4257,16.6623,-27.9214,-27.9883
2159.000000,17,22.2479,185.5761,17.6761,-27.0580,-27.1584
2159.000000,18,22.2479,185.7254,17.8338,-27.0496,-27.1670
2159.000000,19,22.2479,185.8734,17.8662,-27.1652,-27.2761
2159.000000,20,22.2479,185.3617,8.0756,-36.4442,-36.4476
2159.000000,21,22.2479,185.5104,12.6967,-31.9718,-31.9880
2159.000000,22,22.2479,185.6581,15.3850,-29.4312,-29.4710
2159.000000,23,22.2479,185.8047,17.0034,-27.9593,-28.0243
2159.000000,24,22.2479,185.9501,17.6648,-27.4434,-27.5237
2160.000000,0,22.1574,185.0488,17.0618,-27.1450,-27.2163
2160.000000,1,22.1574,185.2081,16.6504,-27.7158,-27.7739
2160.000000,2,22.1574,185.3660,15.2366,-29.2875,-29.3234
2160.000000,3,22.1574,185.5224,12.7219,-31.9586,-31.9749
2160.000000,4,22.1574,185.6772,9.2358,-35.5995,-35.6044
2160.000000,5,22.1574,185.1293,17.8513,-26.4361,-26.5442
2160.000000,6,22.1574,185.2859,17.8366,-26.6073,-26.7245
2160.000000,7,22.1574,185.4411,17.6149,-26.9842,-27.0842
2160.000000,8,22.1574,185.5949,16.8349,-27.9180,-27.9865
2160.000000,9,22.1574,185.7473,15.2672,-29.6382,-29.6756
2160.000000,10,22.1574,185.2126,17.4985,-26.8721,-26.9564
2160.000000,11,22.1574,185.3663,17.8473,-26.6771,-26.7981
2160.000000,12,22.1574,185.5188,17.8529,-26.8239,-26.9580
2160.000000,13,22.1574,185.6700,17.8297,-26.9983,-27.1181
2160.000000,14,22.1574,185.8199,17.6414,-27.3365,-27.4244
2160.000000,15,22.1574,185.2984,14.8896,-29.5668,-29.5986
2160.000000,16,22.1574,185.4492,16.6711,-27.9362,-28.0035
2160.000000,17,22.1574,185.5990,17.6754,-27.0816,-27.1818
2160.000000,18,22.1574,185.7475,17.8278,-27.0777,-27.1937
2160.000000,19,22.1574,185.8949,17.8552,-27.1978,-27.3064
2160.000000,20,22.1574,185.3866,8.1332,-36.4114,-36.4149
2160.000000,21,22.1574,185.5345,12.7630,-31.9295,-31.9460
2160.000000,22,22.1574,185.6815,15.4021,-29.4375,-29.4775
2160.000000,23,22.1574,185.8274,17.0337,-27.9518,-28.0163
2160.000000,24,22.1574,185.9722,17.6485,-27.4817,-27.5607
2161.000000,0,22.0666,185.0712,17.1486,-27.0806,-27.1555
2161.000000,1,22.0666,185.2299,16.7287,-27.6592,-27.7194
2161.000000,2,22.0666,185.3871,15.2664,-29.2788,-29.3157
2161.000000,3,22.0666,185.5428,12.7551,-31.9458,-31.9624
2161.000000,4,22.0666,185.6971,9.2471,-35.6080,-35.6130
2161.000000,5,22.0666,185.1524,17.8281,-26.4823,-26.5936
2161.000000,6,22.0666,185.3083,17.8494,-26.6169,-26.7361
2161.000000,7,22.0666,185.4628,17.5830,-27.0379,-27.1385
2161.000000,8,22.0666,185.6160,16.8388,-27.9353,-28.0034
2161.000000,9,22.0666,185.7678,15.2264,-29.6994,-29.7363
2161.000000,10,22.0666,185.2363,17.5212,-26.8732,-26.9590
2161.000000,11,22.0666,185.3894,17.8276,-26.7198,-26.8417
2161.000000,12,22.0666,185.5412,17.8662,-26.8330,-26.9668
2161.000000,13,22.0666,185.6917,17.8095,-27.0402,-27.1586
2161.000000,14,22.0666,185.8410,17.6453,-27.3537,-27.4396
2161.000000,15,22.0666,185.3228,14.8986,-29.5822,-29.6144
2161.000000,16,22.0666,185.4729,16.7086,-27.9223,-27.9899
2161.000000,17,22.0666,185.6219,17.6693,-27.1107,-27.2104
2161.000000,18,22.0666,185.7698,17.8269,-27.1010,-27.2154
2161.000000,19,22.0666,185.9165,17.8390,-27.2356,-27.3418
2161.000000,20,22.0666,185.4115,8.1845,-36.3850,-36.3887
2161.000000,21,22.0666,185.5587,12.8231,-31.8937,-31.9104
2161.000000,22,22.0666,185.7050,15.4133,-29.4497,-29.4899
2161.000000,23,22.0666,185.8502,17.0587,-27.9495,-28.0135
2161.000000,24,22.0666,185.9943,17.6276,-27.5247,-27.6024
2162.000000,0,21.9755,185.0938,17.2491,-27.0027,-27.0810
2162.000000,1,21.9755,185.2518,16.7973,-27.6125,-27.6747
2162.000000,2,21.9755,185.4083,15.2881,-29.2782,-29.3160
2162.000000,3,21.9755,185.5634,12.8165,-31.9049,-31.9217
2162.000000,4,21.9755,185.7170,9.2538,-35.6213,-35.6262
2162.000000,5,21.9755,185.1757,17.8144,-26.5194,-26.6337
2162.000000,6,21.9755,185.3309,17.8533,-26.6356,-26.7566
2162.000000,7,21.9755,185.4847,17.5951,-27.0477,-27.1488
2162.000000,8,21.9755,185.6372,16.8360,-27.9593,-28.0271
2162.000000,9,21.9755,185.7884,15.2528,-29.6936,-29.7298
2162.000000,10,21.9755,185.2603,17.5368,-26.8815,-26.9686
2162.000000,11,21.9755,185.4126,17.8018,-26.7688,-26.8915
2162.000000,12,21.9755,185.5637,17.8730,-26.8487,-26.9820
2162.000000,13,21.9755,185.7135,17.8120,-27.0596,-27.1765
2162.000000,14,21.9755,185.8621,17.6434,-27.3768,-27.4607
2162.000000,15,21.9755,185.3473,14.9010,-29.6043,-29.6370
2162.000000,16,21.9755,185.4967,16.7400,-27.9147,-27.9825
2162.000000,17,21.9755,185.6450,17.6579,-27.1452,-27.2444
2162.000000,18,21.9755,185.7922,17.8358,-27.1144,-27.2273
2162.000000,19,21.9755,185.9383,17.8178,-27.2786,-27.3823
2162.000000,20,21.9755,185.4365,8.2293,-36.3652,-36.3690
2162.000000,21,21.9755,185.5830,12.8769,-31.8642,-31.8811
2162.000000,22,21.9755,185.7286,15.4668,-29.4199,-29.4600
2162.000000,23,21.9755,185.8731,17.0787,-27.9525,-28.0159
2162.000000,24,21.9755,186.0166,17.6021,-27.5726,-27.6488
2163.000000,0,21.8841,185.1165,17.3572,-26.9174,-26.9990
2163.000000,1,21.8841,185.2738,16.8563,-27.5756,-27.6398
2163.000000,2,21.8841,185.4297,15.3019,-29.2859,-29.3245
2163.000000,3,21.8841,185.5842,12.8714,-31.8708,-31.8878
2163.000000,4,21.8841,185.7371,9.2558,-35.6394,-35.6443
2163.000000,5,21.8841,185.1991,17.8220,-26.5351,-26.6522
2163.000000,6,21.8841,185.3536,17.8482,-26.6634,-26.7860
2163.000000,7,21.8841,185.5067,17.6316,-27.0332,-27.1346
2163.000000,8,21.8841,185.6586,16.8266,-27.9900,-28.0574
2163.000000,9,21.8841,185.8091,15.2737,-29.6934,-29.7289
2163.000000,10,21.8841,185.2843,17.5453,-26.8970,-26.9853
2163.000000,11,21.8841,185.4359,17.7998,-26.7941,-26.9173
2163.000000,12,21.8841,185.5863,17.8734,-26.8709,-27.0036
2163.000000,13,21.8841,185.7355,17.8083,-27.0853,-27.2005
2163.000000,14,21.8841,185.8835,17.6356,-27.4059,-27.4878
2163.000000,15,21.8841,185.3719,14.8968,-29.6331,-29.6662
2163.000000,16,21.8841,185.5206,16.7653,-27.9133,-27.9812
2163.000000,17,21.8841,185.6682,17.6410,-27.1852,-27.2838
2163.000000,18,21.8841,185.8147,17.8402,-27.1326,-27.2437
2163.000000,19,21.8841,185.9601,17.8141,-27.3040,-27.4052
2163.000000,20,21.8841,185.4617,8.2678,-36.3519,-36.3558
2163.000000,21,21.8841,185.6075,12.9245,-31.8410,-31.8581
2163.000000,22,21.8841,185.7523,15.5283,-29.3820,-29.4221
2163.000000,23,21.8841,185.8962,17.0935,-27.9607,-28.0234
2163.000000,24,21.8841,186.0390,17.5718,-27.6252,-27.6998
2164.000000,0,21.7923,185.1395,17.4533,-26.8442,-26.9291
2164.000000,1,21.7923,185.2960,16.9056,-27.5485,-27.6146
2164.000000,2,21.7923,185.4512,15.3075,-29.3017,-29.3412
2164.000000,3,21.7923,185.6050,12.9196,-31.8435,-31.8606
2164.000000,4,21.7923,185.7574,9.2531,-35.6624,-35.6673
2164.000000,5,21.7923,185.2227,17.8216,-26.5591,-26.6787
2164.000000,6,21.7923,185.3764,17.8341,-26.7003,-26.8243
2164.000000,7,21.7923,185.5289,17.6602,-27.0268,-27.1283
2164.000000,8,21.7923,185.6801,16.8106,-28.0276,-28.0944
2164.000000,9,21.7923,185.8299,15.2891,-29.6989,-29.7337
2164.000000,10,21.7923,185.3085,17.5469,-26.9196,-27.0089
2164.000000,11,21.7923,185.4593,17.7975,-26.8198,-26.9432
2164.000000,12,21.7923,185.6090,17.8674,-26.8997,-27.0315
2164.000000,13,21.7923,185.7576,17.8137,-27.1019,-27.2154
2164.000000,14,21.7923,185.9049,17.6219,-27.4410,-27.5209
2164.000000,15,21.7923,185.3966,14.8860,-29.6686,-29.7020
2164.000000,16,21.7923,185.5446,16.7845,-27.9181,-27.9860
2164.000000,17,21.7923,185.6915,17.6189,-27.2307,-27.3285
2164.000000,18,21.7923,185.8374,17.8400,-27.1554,-27.2646
2164.000000,19,21.7923,185.9821,17.8231,-27.3171,-27.4156
2164.000000,20,21.7923,185.4869,8.2998,-36.3452,-36.3491
2164.000000,21,21.7923,185.6320,12.9659,-31.8241,-31.8414
2164.000000,22,21.7923,185.7761,15.5842,-29.3500,-29.3900
2164.000000,23,21.7923,185.9193,17.1033,-27.9740,-28.0360
2164.000000,24,21.7923,186.0615,17.5370,-27.6825,-27.7556
2165.000000,0,21.7003,185.1625,17.5378,-26.7828,-26.8709
2165.000000,1,21.7003,185.3184,16.9454,-27.5310,-27.5990
2165.000000,2,21.7003,185.4729,15.3051,-29.3258,-29.3660
2165.000000,3,21.7003,185.6260,12.9612,-31.8229,-31.8401
2165.000000,4,21.7003,185.7778,9.2455,-35.6903,-35.6952
2165.000000,5,21.7003,185.2464,17.8195,-26.5850,-26.7070
2165.000000,6,21.7003,185.3994,17.8289,-26.7285,-26.8538
2165.000000,7,21.7003,185.5512,17.6809,-27.0284,-27.1299
2165.000000,8,21.7003,185.7017,16.7878,-28.0719,-28.1382
2165.000000,9,21.7003,185.8509,15.2991,-29.7099,-29.7439
2165.000000,10,21.7003,185.3327,17.5414,-26.9493,-27.0395
2165.000000,11,21.7003,185.4829,17.8184,-26.8225,-26.9459
2165.000000,12,21.7003,185.6319,17.8550,-26.9350,-27.0658
2165.000000,13,21.7003,185.7798,17.8380,-27.0999,-27.2114
2165.000000,14,21.7003,185.9265,17.6024,-27.4821,-27.5599
2165.000000,15,21.7003,185.4214,14.8687,-29.7108,-29.7445
2165.000000,16,21.7003,185.5687,16.7977,-27.9290,-27.9968
2165.000000,17,21.7003,185.7149,17.6085,-27.2645,-27.3614
2165.000000,18,21.7003,185.8601,17.8352,-27.1829,-27.2901
2165.000000,19,21.7003,186.0042,17.8264,-27.3359,-27.4317
2165.000000,20,21.7003,185.5123,8.3750,-36.2953,-36.2993
2165.000000,21,21.7003,185.6566,13.0011,-31.8136,-31.8309
2165.000000,22,21.7003,185.8000,15.6343,-29.3238,-29.3636
2165.000000,23,21.7003,185.9425,17.1079,-27.9926,-28.0537
2165.000000,24,21.7003,186.0840,17.4974,-27.7447,-27.8160
2166.000000,0,21.6080,185.1857,17.6108,-26.7330,-26.8243
2166.000000,1,21.6080,185.3409,16.9758,-27.5231,-27.5929
2166.000000,2,21.6080,185.4947,15.3391,-29.3137,-29.3545
2166.000000,3,21.6080,185.6472,12.9962,-31.8090,-31.8264
2166.000000,4,21.6080,185.7983,9.2664,-35.6899,-35.6948
2166.000000,5,21.6080,185.2702,17.8384,-26.5899,-26.7140
2166.000000,6,21.6080,185.4225,17.8448,-26.7358,-26.8620
2166.000000,7,21.6080,185.5736,17.6937,-27.0379,-27.1394
2166.000000,8,21.6080,185.7235,16.7584,-28.1231,-28.1888
2166.000000,9,21.6080,185.8720,15.3036,-29.7264,-29.7598
2166.000000,10,21.6080,185.3572,17.5291,-26.9861,-27.0770
2166.000000,11,21.6080,185.5066,17.8411,-26.8235,-26.9468
2166.000000,12,21.6080,185.6549,17.8362,-26.9768,-27.1064
2166.000000,13,21.6080,185.8021,17.8554,-27.1047,-27.2143
2166.000000,14,21.6080,185.9481,17.5770,-27.5292,-27.6049
2166.000000,15,21.6080,185.4464,14.8448,-29.7597,-29.7936
2166.000000,16,21.6080,185.5929,16.8049,-27.9460,-28.0136
2166.000000,17,21.6080,185.7384,17.6417,-27.2548,-27.3506
2166.000000,18,21.6080,185.8829,17.8260,-27.2150,-27.3202
2166.000000,19,21.6080,186.0264,17.8240,-27.3604,-27.4535
2166.000000,20,21.6080,185.5377,8.4558,-36.2399,-36.2440
2166.000000,21,21.6080,185.6813,13.0301,-31.8092,-31.8267
2166.000000,22,21.6080,185.8241,15.6787,-29.3034,-29.3430
2166.000000,23,21.6080,185.9659,17.1075,-28.0164,-28.0765
2166.000000,24,21.6080,186.1067,17.4792,-27.7856,-27.8552
2167.000000,0,21.5154,185.2090,17.6725,-26.6946,-26.7889
2167.000000,1,21.5154,185.3635,16.9967,-27.5249,-27.5963
2167.000000,2,21.5154,185.5166,15.4093,-29.2654,-29.3068
2167.000000,3,21.5154,185.6685,13.0246,-31.8020,-31.8194
2167.000000,4,21.5154,185.8189,9.3365,-35.6404,-35.6453
2167.000000,5,21.5154,185.2942,17.8485,-26.6037,-26.7297
2167.000000,6,21.5154,185.4457,17.8524,-26.7514,-26.8784
2167.000000,7,21.5154,185.5961,17.6988,-27.0554,-27.1566
2167.000000,8,21.5154,185.7453,16.7758,-28.1276,-28.1925
2167.000000,9,21.5154,185.8933,15.3027,-29.7486,-29.7812
2167.000000,10,21.5154,185.3817,17.5099,-27.0299,-27.1213
2167.000000,11,21.5154,185.5304,17.8576,-26.8308,-26.9538
2167.000000,12,21.5154,185.6780,17.8110,-27.0251,-27.1534
2167.000000,13,21.5154,185.8245,17.8660,-27.1165,-27.2240
2167.000000,14,21.5154,185.9699,17.5457,-27.5822,-27.6558
2167.000000,15,21.5154,185.4715,14.8143,-29.8152,-29.8492
2167.000000,16,21.5154,185.6172,16.8062,-27.9691,-28.0364
2167.000000,17,21.5154,185.7621,17.6695,-27.2506,-27.3452
2167.000000,18,21.5154,185.9059,17.8226,-27.2413,-27.3443
2167.000000,19,21.5154,186.0487,17.8209,-27.3858,-27.4762
2167.000000,20,21.5154,185.5633,8.5303,-36.1911,-36.1952
2167.000000,21,21.5154,185.7061,13.0530,-31.8112,-31.8287
2167.000000,22,21.5154,185.8482,15.7175,-29.2887,-29.3280
2167.000000,23,21.5154,185.9893,17.1021,-28.0453,-28.1044
2167.000000,24,21.5154,186.1295,17.4686,-27.8190,-27.8867
2168.000000,0,21.4226,185.2325,17.7231,-26.6674,-26.7646
2168.000000,1,21.4226,185.3862,17.0082,-27.5361,-27.6092
2168.000000,2,21.4226,185.5387,15.4713,-29.2255,-29.2675
2168.000000,3,21.4226,185.6899,13.0462,-31.8017,-31.8193
2168.000000,4,21.4226,185.8397,9.4016,-35.5962,-35.6010
2168.000000,5,21.4226,185.3182,17.8500,-26.6263,-26.7539
2168.000000,6,21.4226,185.4691,17.8518,-26.7754,-26.9029
2168.000000,7,21.4226,185.6188,17.6961,-27.0807,-27.1816
2168.000000,8,21.4226,185.7673,16.8136,-28.1118,-28.1758
2168.000000,9,21.4226,185.9146,15.2964,-29.7763,-29.8082
2168.000000,10,21.4226,185.4063,17.4837,-27.0806,-27.1725
2168.000000,11,21.4226,185.5543,17.8680,-26.8444,-26.9668
2168.000000,12,21.4226,185.7012,17.7794,-27.0799,-27.2068
2168.000000,13,21.4226,185.8471,17.8699,-27.1352,-27.2405
2168.000000,14,21.4226,185.9918,17.5086,-27.6412,-27.7128
2168.000000,15,21.4226,185.4966,14.8299,-29.8248,-29.8589
2168.000000,16,21.4226,185.6417,16.8015,-27.9982,-28.0652
2168.000000,17,21.4226,185.7858,17.6921,-27.2518,-27.3450
2168.000000,18,21.4226,185.9290,17.8406,-27.2463,-27.3470
2168.000000,19,21.4226,186.0711,17.8347,-27.3945,-27.4820
2168.000000,20,21.4226,185.5889,8.5984,-36.1486,-36.1528
2168.000000,21,21.4226,185.7311,13.0697,-31.8194,-31.8370
2168.000000,22,21.4226,185.8724,15.7507,-29.2797,-29.3187
2168.000000,23,21.4226,186.0128,17.0915,-28.0793,-28.1374
2168.000000,24,21.4226,186.1524,17.4530,-27.8574,-27.9233
2169.000000,0,21.3295,185.2561,17.7628,-26.6514,-26.7513
2169.000000,1,21.3295,185.4091,17.0103,-27.5569,-27.6315
2169.000000,2,21.3295,185.5609,15.5250,-29.1940,-29.2365
2169.000000,3,21.3295,185.7114,13.0612,-31.8083,-31.8259
2169.000000,4,21.3295,185.8606,9.4614,-35.5572,-35.5620
2169.000000,5,21.3295,185.3424,17.8430,-26.6575,-26.7866
2169.000000,6,21.3295,185.4926,17.8430,-26.8076,-26.9356
2169.000000,7,21.3295,185.6416,17.6857,-27.1139,-27.2143
2169.000000,8,21.3295,185.7895,16.8447,-28.1028,-28.1659
2169.000000,9,21.3295,185.9361,15.2845,-29.8096,-29.8407
2169.000000,10,21.3295,185.4311,17.4508,-27.1384,-27.2305
2169.000000,11,21.3295,185.5783,17.8723,-26.8640,-26.9858
2169.000000,12,21.3295,185.7246,17.7873,-27.0953,-27.2205
2169.000000,13,21.3295,185.8697,17.8671,-27.1607,-27.2638
2169.000000,14,21.3295,186.0138,17.4656,-27.7063,-27.7757
2169.000000,15,21.3295,185.5219,14.8574,-29.8225,-29.8567
2169.000000,16,21.3295,185.6662,16.7909,-28.0333,-28.0998
2169.000000,17,21.3295,185.8096,17.7093,-27.2584,-27.3502
2169.000000,18,21.3295,185.9521,17.8536,-27.2566,-27.3549
2169.000000,19,21.3295,186.0936,17.8435,-27.4082,-27.4929
2169.000000,20,21.3295,185.6147,8.6602,-36.1125,-36.1167
2169.000000,21,21.3295,185.7561,13.0803,-31.8338,-31.8514
2169.000000,22,21.3295,185.8967,15.7783,-29.2764,-29.3149
2169.000000,23,21.3295,186.0365,17.0760,-28.1185,-28.1755
2169.000000,24,21.3295,186.1753,17.4324,-27.9010,-27.9649
2170.000000,0,21.2362,185.2799,17.7917,-26.6462,-26.7488
2170.000000,1,21.2362,185.4322,17.0030,-27.5872,-27.6632
2170.000000,2,21.2362,185.5833,15.5705,-29.1708,-29.2137
2170.000000,3,21.2362,185.7331,13.0694,-31.8218,-31.8394
2170.000000,4,21.2362,185.8817,9.5162,-35.5236,-35.5283
2170.000000,5,21.2362,185.3668,17.8274,-26.6975,-26.8278
2170.000000,6,21.2362,185.5162,17.8262,-26.8481,-26.9762
2170.000000,7,21.2362,185.6645,17.6676,-27.1550,-27.2548
2170.000000,8,21.2362,185.8117,16.8690,-28.1007,-28.1628
2170.000000,9,21.2362,185.9577,15.2673,-29.8485,-29.8788
2170.000000,10,21.2362,185.4560,17.4110,-27.2030,-27.2952
2170.000000,11,21.2362,185.6025,17.8707,-26.8899,-27.0107
2170.000000,12,21.2362,185.7480,17.8173,-27.0887,-27.2121
2170.000000,13,21.2362,185.8925,17.8575,-27.1930,-27.2938
2170.000000,14,21.2362,186.0359,17.4166,-27.7773,-27.8446
2170.000000,15,21.2362,185.5473,14.8783,-29.8270,-29.8610
2170.000000,16,21.2362,185.6908,16.7745,-28.0744,-28.1403
2170.000000,17,21.2362,185.8336,17.7213,-27.2703,-27.3606
2170.000000,18,21.2362,185.9754,17.8615,-27.2720,-27.3678
2170.000000,19,21.2362,186.1162,17.8474,-27.4268,-27.5087
2170.000000,20,21.2362,185.6405,8.7159,-36.0827,-36.0869
2170.000000,21,21.2362,185.7812,13.1227,-31.8165,-31.8341
2170.000000,22,21.2362,185.9211,15.8004,-29.2787,-29.3168
2170.000000,23,21.2362,186.0602,17.0554,-28.1628,-28.2186
2170.000000,24,21.2362,186.1984,17.4068,-27.9496,-28.0115
2171.000000,0,21.1427,185.3037,17.8099,-26.6518,-26.7569
2171.000000,1,21.1427,185.4553,17.0085,-27.6048,-27.6821
2171.000000,2,21.1427,185.6057,15.6079,-29.1559,-29.1991
2171.000000,3,21.1427,185.7549,13.1243,-31.7887,-31.8064
2171.000000,4,21.1427,185.9029,9.5657,-35.4952,-35.4998
2171.000000,5,21.1427,185.3912,17.8325,-26.7167,-26.8480
2171.000000,6,21.1427,185.5399,17.8209,-26.8771,-27.0052
2171.000000,7,21.1427,185.6876,17.6417,-27.2039,-27.3029
2171.000000,8,21.1427,185.8341,16.8867,-28.1054,-28.1665
2171.000000,9,21.1427,185.9794,15.2445,-29.8930,-29.9225
2171.000000,10,21.1427,185.4809,17.4170,-27.2219,-27.3140
2171.000000,11,21.1427,185.6267,17.8630,-26.9218,-27.0416
2171.000000,12,21.1427,185.7716,17.8409,-27.0887,-27.2100
2171.000000,13,21.1427,185.9154,17.8413,-27.2321,-27.3306
2171.000000,14,21.1427,186.0582,17.3618,-27.8544,-27.9196
2171.000000,15,21.1427,185.5727,14.8927,-29.8380,-29.8719
2171.000000,16,21.1427,185.7156,16.7522,-28.1215,-28.1867
2171.000000,17,21.1427,185.8576,17.7281,-27.2876,-27.3762
2171.000000,18,21.1427,185.9987,17.8643,-27.2925,-27.3858
2171.000000,19,21.1427,186.1389,17.8465,-27.4505,-27.5295
2171.000000,20,21.1427,185.6664,8.7653,-36.0591,-36.0634
2171.000000,21,21.1427,185.8063,13.1846,-31.7798,-31.7974
2171.000000,22,21.1427,185.9455,15.8171,-29.2865,-29.3241
2171.000000,23,21.1427,186.0840,17.0297,-28.2123,-28.2668
2171.000000,24,21.1427,186.2215,17.3763,-28.0033,-28.0633
2172.000000,0,21.0489,185.3277,17.8176,-26.6682,-26.7756
2172.000000,1,21.0489,185.4786,17.0730,-27.5636,-27.6418
2172.000000,2,21.0489,185.6283,15.6371,-29.1492,-29.1928
2172.000000,3,21.0489,185.7769,13.2050,-31.7299,-31.7476
2172.000000,4,21.0489,185.9241,9.6100,-35.4722,-35.4767
2172.000000,5,21.0489,185.4158,17.8503,-26.7235,-26.8554
2172.000000,6,21.0489,185.5638,17.8223,-26.8995,-27.0273
2172.000000,7,21.0489,185.7107,17.6256,-27.2431,-27.3413
2172.000000,8,21.0489,185.8565,16.8977,-28.1169,-28.1769
2172.000000,9,21.0489,186.0013,15.2162,-29.9431,-29.9718
2172.000000,10,21.0489,185.5060,17.4389,-27.2252,-27.3169
2172.000000,11,21.0489,185.6511,17.8494,-26.9597,-27.0784
2172.000000,12,21.0489,185.7952,17.8582,-27.0951,-27.2143
2172.000000,13,21.0489,185.9384,17.8184,-27.2780,-27.3740
2172.000000,14,21.0489,186.0805,17.3009,-27.9376,-28.0006
2172.000000,15,21.0489,185.5983,14.9008,-29.8556,-29.8893
2172.000000,16,21.0489,185.7404,16.7240,-28.1745,-28.2390
2172.000000,17,21.0489,185.8817,17.7297,-27.3101,-27.3970
2172.000000,18,21.0489,186.0222,17.8621,-27.3181,-27.4089
2172.000000,19,21.0489,186.1617,17.8407,-27.4790,-27.5552
2172.000000,20,21.0489,185.6924,8.8086,-36.0418,-36.0462
2172.000000,21,21.0489,185.8316,13.2404,-31.7493,-31.7667
2172.000000,22,21.0489,185.9701,15.8282,-29.2999,-29.3369
2172.000000,23,21.0489,186.1079,16.9990,-28.2669,-28.3201
2172.000000,24,21.0489,186.2448,17.3408,-28.0620,-28.1200
2173.000000,0,20.9550,185.3519,17.8148,-26.6951,-26.8046
2173.000000,1,20.9550,185.5020,17.1280,-27.5321,-27.6112
2173.000000,2,20.9550,185.6510,15.6583,-29.1508,-29.1946
2173.000000,3,20.9550,185.7989,13.2786,-31.6783,-31.6959
2173.000000,4,20.9550,185.9456,9.6491,-35.4545,-35.4590
2173.000000,5,20.9550,185.4405,17.8601,-26.7384,-26.8707
2173.000000,6,20.9550,185.5877,17.8151,-26.9306,-27.0581
2173.000000,7,20.9550,185.7339,17.6670,-27.2250,-27.3220
2173.000000,8,20.9550,185.8791,16.9021,-28.1351,-28.1940
2173.000000,9,20.9550,186.0232,15.1824,-29.9988,-30.0268
2173.000000,10,20.9550,185.5312,17.4538,-27.2355,-27.3267
2173.000000,11,20.9550,185.6755,17.8298,-27.0038,-27.1211
2173.000000,12,20.9550,185.8190,17.8691,-27.1079,-27.2250
2173.000000,13,20.9550,185.9614,17.7993,-27.3202,-27.4137
2173.000000,14,20.9550,186.1029,17.2341,-28.0269,-28.0878
2173.000000,15,20.9550,185.6239,14.9024,-29.8796,-29.9131
2173.000000,16,20.9550,185.7653,16.7483,-28.1750,-28.2387
2173.000000,17,20.9550,185.9060,17.7261,-27.3379,-27.4229
2173.000000,18,20.9550,186.0457,17.8550,-27.3488,-27.4370
2173.000000,19,20.9550,186.1846,17.8301,-27.5125,-27.5858
2173.000000,20,20.9550,185.7185,8.8458,-36.0308,-36.0351
2173.000000,21,20.9550,185.8570,13.2902,-31.7248,-31.7422
2173.000000,22,20.9550,185.9948,15.8340,-29.3188,-29.3552
2173.000000,23,20.9550,186.1318,16.9633,-28.3266,-28.3785
2173.000000,24,20.9550,186.2681,17.3003,-28.1259,-28.1818
2174.000000,0,20.8609,185.3761,17.8015,-26.7327,-26.8441
2174.000000,1,20.8609,185.5255,17.1734,-27.5102,-27.5901
2174.000000,2,20.8609,185.6739,15.6714,-29.1606,-29.2046
2174.000000,3,20.8609,185.8211,13.3453,-31.6338,-31.6513
2174.000000,4,20.8609,185.9671,9.6829,-35.4422,-35.4467
2174.000000,5,20.8609,185.4653,17.8621,-26.7612,-26.8937
2174.000000,6,20.8609,185.6118,17.8175,-26.9524,-27.0791
2174.000000,7,20.8609,185.7573,17.7005,-27.2148,-27.3107
2174.000000,8,20.8609,185.9018,16.8999,-28.1600,-28.2177
2174.000000,9,20.8609,186.0452,15.1430,-30.0602,-30.0874
2174.000000,10,20.8609,185.5565,17.4618,-27.2527,-27.3433
2174.000000,11,20.8609,185.7001,17.8043,-27.0538,-27.1697
2174.000000,12,20.8609,185.8428,17.8737,-27.1272,-27.2419
2174.000000,13,20.8609,185.9846,17.8024,-27.3403,-27.4313
2174.000000,14,20.8609,186.1254,17.1612,-28.1223,-28.1811
2174.000000,15,20.8609,185.6497,14.8978,-29.9099,-29.9433
2174.000000,16,20.8609,185.7903,16.7766,-28.1718,-28.2345
2174.000000,17,20.8609,185.9303,17.7175,-27.3708,-27.4540
2174.000000,18,20.8609,186.0694,17.8428,-27.3846,-27.4701
2174.000000,19,20.8609,186.2076,17.8147,-27.5509,-27.6213
2174.000000,20,20.8609,185.7446,8.8768,-36.0259,-36.0302
2174.000000,21,20.8609,185.8824,13.3341,-31.7064,-31.7236
2174.000000,22,20.8609,186.0195,15.8343,-29.3432,-29.3790
2174.000000,23,20.8609,186.1559,16.9225,-28.3914,-28.4419
2174.000000,24,20.8609,186.2915,17.2548,-28.1947,-28.2487
2175.000000,0,20.7666,185.4005,17.7779,-26.7807,-26.8938
2175.000000,1,20.7666,185.5492,17.2095,-27.4978,-27.5783
2175.000000,2,20.7666,185.6968,15.6764,-29.1785,-29.2227
2175.000000,3,20.7666,185.8434,13.4050,-31.5964,-31.6138
2175.000000,4,20.7666,185.9887,9.7114,-35.4353,-35.4397
2175.000000,5,20.7666,185.4901,17.8563,-26.7919,-26.9244
2175.000000,6,20.7666,185.6359,17.8431,-26.9509,-27.0768
2175.000000,7,20.7666,185.7808,17.7262,-27.2126,-27.3071
2175.000000,8,20.7666,185.9246,16.8911,-28.1916,-28.2481
2175.000000,9,20.7666,186.0674,15.0981,-30.1273,-30.1537
2175.000000,10,20.7666,185.5819,17.4632,-27.2767,-27.3665
2175.000000,11,20.7666,185.7247,17.7748,-27.1080,-27.2222
2175.000000,12,20.7666,185.8668,17.8721,-27.1527,-27.2650
2175.000000,13,20.7666,186.0079,17.7995,-27.3665,-27.4548
2175.000000,14,20.7666,186.1481,17.0822,-28.2239,-28.2806
2175.000000,15,20.7666,185.6755,14.8869,-29.9467,-29.9797
2175.000000,16,20.7666,185.8154,16.7989,-28.1746,-28.2362
2175.000000,17,20.7666,185.9547,17.7037,-27.4090,-27.4902
2175.000000,18,20.7666,186.0931,17.8258,-27.4253,-27.5082
2175.000000,19,20.7666,186.2306,17.7946,-27.5941,-27.6617
2175.000000,20,20.7666,185.7709,8.9017,-36.0272,-36.0316
2175.000000,21,20.7666,185.9079,13.3720,-31.6939,-31.7109
2175.000000,22,20.7666,186.0443,15.8292,-29.3731,-29.4082
2175.000000,23,20.7666,186.1800,16.8766,-28.4614,-28.5105
2175.000000,24,20.7666,186.3149,17.2043,-28.2687,-28.3206
2176.000000,0,20.6721,185.4250,17.7439,-26.8391,-26.9538
2176.000000,1,20.6721,185.5730,17.2362,-27.4948,-27.5759
2176.000000,2,20.6721,185.7199,15.7263,-29.1517,-29.1958
2176.000000,3,20.6721,185.8658,13.4578,-31.5660,-31.5833
2176.000000,4,20.6721,186.0105,9.7346,-35.4339,-35.4383
2176.000000,5,20.6721,185.5151,17.8428,-26.8304,-26.9627
2176.000000,6,20.6721,185.6602,17.8606,-26.9576,-27.0824
2176.000000,7,20.6721,185.8044,17.7443,-27.2181,-27.3112
2176.000000,8,20.6721,185.9475,16.8757,-28.2298,-28.2851
2176.000000,9,20.6721,186.0896,15.0475,-30.2002,-30.2258
2176.000000,10,20.6721,185.6073,17.4579,-27.3075,-27.3965
2176.000000,11,20.6721,185.7495,17.7919,-27.1156,-27.2280
2176.000000,12,20.6721,185.8908,17.8643,-27.1845,-27.2943
2176.000000,13,20.6721,186.0313,17.7907,-27.3986,-27.4843
2176.000000,14,20.6721,186.1708,16.9970,-28.3318,-28.3864
2176.000000,15,20.6721,185.7014,14.8698,-29.9897,-30.0223
2176.000000,16,20.6721,185.8406,16.8155,-28.1832,-28.2437
2176.000000,17,20.6721,185.9791,17.6849,-27.4523,-27.5315
2176.000000,18,20.6721,186.1169,17.8038,-27.4711,-27.5513
2176.000000,19,20.6721,186.2538,17.7697,-27.6421,-27.7070
2176.000000,20,20.6721,185.7972,8.9206,-36.0346,-36.0390
2176.000000,21,20.6721,185.9335,13.4042,-31.6873,-31.7042
2176.000000,22,20.6721,186.0692,15.8188,-29.4085,-29.4428
2176.000000,23,20.6721,186.2042,16.8257,-28.5366,-28.5842
2176.000000,24,20.6721,186.3385,17.1489,-28.3477,-28.3976
2177.000000,0,20.5774,185.4496,17.7826,-26.8250,-26.9409
2177.000000,1,20.5774,185.5968,17.2538,-27.5011,-27.5826
2177.000000,2,20.5774,185.7431,15.8015,-29.0996,-29.1436
2177.000000,3,20.5774,185.8883,13.5037,-31.5426,-31.5597
2177.000000,4,20.5774,186.0323,9.7523,-35.4381,-35.4423
2177.000000,5,20.5774,185.5402,17.8216,-26.8767,-27.0085
2177.000000,6,20.5774,185.6846,17.8702,-26.9725,-27.0960
2177.000000,7,20.5774,185.8280,17.7547,-27.2314,-27.3230
2177.000000,8,20.5774,185.9705,16.8538,-28.2747,-28.3288
2177.000000,9,20.5774,186.1120,14.9912,-30.2788,-30.3036
2177.000000,10,20.5774,185.6329,17.4459,-27.3450,-27.4329
2177.000000,11,20.5774,185.7743,17.8201,-27.1123,-27.2226
2177.000000,12,20.5774,185.9150,17.8504,-27.2226,-27.3297
2177.000000,13,20.5774,186.0547,17.7760,-27.4368,-27.5198
2177.000000,14,20.5774,186.1936,16.9057,-28.4460,-28.4985
2177.000000,15,20.5774,185.7274,14.8465,-30.0389,-30.0712
2177.000000,16,20.5774,185.8659,16.8263,-28.1976,-28.2569
2177.000000,17,20.5774,186.0037,17.6611,-27.5007,-27.5778
2177.000000,18,20.5774,186.1408,17.7770,-27.5218,-27.5994
2177.000000,19,20.5774,186.2770,17.7401,-27.6949,-27.7571
2177.000000,20,20.5774,185.8235,8.9333,-36.0483,-36.0527
2177.000000,21,20.5774,185.9591,13.4306,-31.6866,-31.7032
2177.000000,22,20.5774,186.0942,15.8029,-29.4492,-29.4829
2177.000000,23,20.5774,186.2285,16.7697,-28.6169,-28.6630
2177.000000,24,20.5774,186.3621,17.0884,-28.4318,-28.4796
2178.000000,0,20.4827,185.4743,17.8198,-26.8125,-26.9294
2178.000000,1,20.4827,185.6208,17.2622,-27.5167,-27.5985
2178.000000,2,20.4827,185.7664,15.8685,-29.0559,-29.0999
2178.000000,3,20.4827,185.9109,13.5427,-31.5262,-31.5432
2178.000000,4,20.4827,186.0543,9.7646,-35.4477,-35.4519
2178.000000,5,20.4827,185.5655,17.7962,-26.9273,-27.0584
2178.000000,6,20.4827,185.7091,17.8718,-26.9953,-27.1175
2178.000000,7,20.4827,185.8518,17.7575,-27.2524,-27.3423
2178.000000,8,20.4827,185.9936,16.8253,-28.3263,-28.3791
2178.000000,9,20.4827,186.1345,14.9292,-30.3633,-30.3873
2178.000000,10,20.4827,185.6586,17.4275,-27.3891,-27.4759
2178.000000,11,20.4827,185.7993,17.8422,-27.1151,-27.2233
2178.000000,12,20.4827,185.9392,17.8304,-27.2669,-27.3713
2178.000000,13,20.4827,186.0783,17.7554,-27.4809,-27.5613
2178.000000,14,20.4827,186.2165,16.8419,-28.5326,-28.5831
2178.000000,15,20.4827,185.7535,14.8171,-30.0944,-30.1262
2178.000000,16,20.4827,185.8913,16.8314,-28.2178,-28.2759
2178.000000,17,20.4827,186.0284,17.6322,-27.5542,-27.6292
2178.000000,18,20.4827,186.1648,17.7452,-27.5776,-27.6524
2178.000000,19,20.4827,186.3003,17.7058,-27.7526,-27.8120
2178.000000,20,20.4827,185.8500,8.9399,-36.0681,-36.0725
2178.000000,21,20.4827,185.9849,13.4513,-31.6916,-31.7080
2178.000000,22,20.4827,186.1192,15.7818,-29.4955,-29.5283
2178.000000,23,20.4827,186.2529,16.7086,-28.7023,-28.7470
2178.000000,24,20.4827,186.3858,17.0489,-28.4950,-28.5408
2179.000000,0,20.3877,185.4991,17.8465,-26.8106,-26.9282
2179.000000,1,20.3877,185.6449,17.2615,-27.5414,-27.6234
2179.000000,2,20.3877,185.7898,15.9271,-29.0207,-29.0644
2179.000000,3,20.3877,185.9336,13.5749,-31.5167,-31.5336
2179.000000,4,20.3877,186.0764,9.7714,-35.4630,-35.4671
2179.000000,5,20.3877,185.5908,17.7885,-26.9603,-27.0904
2179.000000,6,20.3877,185.7337,17.8655,-27.0262,-27.1467
2179.000000,7,20.3877,185.8757,17.7528,-27.2809,-27.3692
2179.000000,8,20.3877,186.0168,16.7903,-28.3846,-28.4360
2179.000000,9,20.3877,186.1570,14.8615,-30.4536,-30.4768
2179.000000,10,20.3877,185.6843,17.4025,-27.4398,-27.5253
2179.000000,11,20.3877,185.8243,17.8584,-27.1239,-27.2299
2179.000000,12,20.3877,185.9635,17.8043,-27.3173,-27.4190
2179.000000,13,20.3877,186.1019,17.7290,-27.5310,-27.6087
2179.000000,14,20.3877,186.2395,16.7823,-28.6153,-28.6637
2179.000000,15,20.3877,185.7796,14.7816,-30.1561,-30.1874
2179.000000,16,20.3877,185.9167,16.8310,-28.2437,-28.3005
2179.000000,17,20.3877,186.0531,17.5983,-27.6128,-27.6857
2179.000000,18,20.3877,186.1888,17.7090,-27.6379,-27.7100
2179.000000,19,20.3877,186.3238,17.6668,-27.8150,-27.8718
2179.000000,20,20.3877,185.8765,8.9856,-36.0490,-36.0534
2179.000000,21,20.3877,186.0107,13.4663,-31.7024,-31.7186
2179.000000,22,20.3877,186.1443,15.7552,-29.5471,-29.5791
2179.000000,23,20.3877,186.2773,16.6423,-28.7930,-28.8362
2179.000000,24,20.3877,186.4096,17.0138,-28.5539,-28.5977
2180.000000,0,20.2927,185.5240,17.8630,-26.8191,-26.9372
2180.000000,1,20.2927,185.6691,17.2518,-27.5754,-27.6573
2180.000000,2,20.2927,185.8133,15.9776,-28.9937,-29.0371
2180.000000,3,20.2927,185.9564,13.6002,-31.5143,-31.5310
2180.000000,4,20.2927,186.0986,9.7726,-35.4840,-35.4880
2180.000000,5,20.2927,185.6162,17.8075,-26.9667,-27.0956
2180.000000,6,20.2927,185.7583,17.8515,-27.0649,-27.1837
2180.000000,7,20.2927,185.8997,17.7407,-27.3170,-27.4035
2180.000000,8,20.2927,186.0401,16.7486,-28.4496,-28.4996
2180.000000,9,20.2927,186.1797,14.7878,-30.5499,-30.5723
2180.000000,10,20.2927,185.7101,17.3712,-27.4970,-27.5812
2180.000000,11,20.2927,185.8494,17.8687,-27.1387,-27.2423
2180.000000,12,20.2927,185.9879,17.7850,-27.3610,-27.4599
2180.000000,13,20.2927,186.1257,17.6968,-27.5869,-27.6620
2180.000000,14,20.2927,186.2626,16.7175,-28.7032,-28.7495
2180.000000,15,20.2927,185.8058,14.7617,-30.2021,-30.2330
2180.000000,16,20.2927,185.9422,16.8249,-28.2753,-28.3307
2180.000000,17,20.2927,186.0779,17.5594,-27.6765,-27.7472
2180.000000,18,20.2927,186.2129,17.6992,-27.6718,-27.7411
2180.000000,19,20.2927,186.3472,17.6231,-27.8822,-27.9364
2180.000000,20,20.2927,185.9031,9.0420,-36.0191,-36.0235
2180.000000,21,20.2927,186.0365,13.4756,-31.7190,-31.7349
2180.000000,22,20.2927,186.1695,15.7233,-29.6042,-29.6353
2180.000000,23,20.2927,186.3018,16.5709,-28.8889,-28.9306
2180.000000,24,20.2927,186.4335,16.9734,-28.6181,-28.6600
2181.000000,0,20.1975,185.5490,17.8693,-26.8377,-26.9562
2181.000000,1,20.1975,185.6934,17.2766,-27.5748,-27.6566
2181.000000,2,20.1975,185.8369,16.0201,-28.9749,-29.0180
2181.000000,3,20.1975,185.9794,13.6186,-31.5188,-31.5352
2181.000000,4,20.1975,186.1208,9.7683,-35.5106,-35.5146
2181.000000,5,20.1975,185.6416,17.8353,-26.9644,-27.0919
2181.000000,6,20.1975,185.7831,17.8298,-27.1114,-27.2284
2181.000000,7,20.1975,185.9237,17.7211,-27.3607,-27.4453
2181.000000,8,20.1975,186.0635,16.7004,-28.5212,-28.5699
2181.000000,9,20.1975,186.2024,14.7083,-30.6521,-30.6738
2181.000000,10,20.1975,185.7361,17.3334,-27.5607,-27.6434
2181.000000,11,20.1975,185.8746,17.8733,-27.1593,-27.2605
2181.000000,12,20.1975,186.0124,17.7912,-27.3793,-27.4753
2181.000000,13,20.1975,186.1495,17.6587,-27.6488,-27.7212
2181.000000,14,20.1975,186.2858,16.6474,-28.7964,-28.8407
2181.000000,15,20.1975,185.8321,14.7827,-30.2075,-30.2377
2181.000000,16,20.1975,185.9678,16.8134,-28.3124,-28.3664
2181.000000,17,20.1975,186.1028,17.5155,-27.7453,-27.8138
2181.000000,18,20.1975,186.2372,17.6841,-27.7111,-27.7777
2181.000000,19,20.1975,186.3708,17.5746,-27.9542,-28.0058
2181.000000,20,20.1975,185.9297,9.0926,-35.9952,-35.9995
2181.000000,21,20.1975,186.0625,13.4793,-31.7412,-31.7568
2181.000000,22,20.1975,186.1947,15.6861,-29.6667,-29.6970
2181.000000,23,20.1975,186.3264,16.4943,-28.9901,-29.0303
2181.000000,24,20.1975,186.4574,16.9277,-28.6877,-28.7276
2182.000000,0,20.1022,185.5742,17.8657,-26.8665,-26.9851
2182.000000,1,20.1022,185.7178,17.3361,-27.5398,-27.6212
2182.000000,2,20.1022,185.8606,16.0545,-28.9642,-29.0069
2182.000000,3,20.1022,186.0024,13.6302,-31.5302,-31.5465
2182.000000,4,20.1022,186.1432,9.7582,-35.5431,-35.5470
2182.000000,5,20.1022,185.6672,17.8553,-26.9699,-27.0958
2182.000000,6,20.1022,185.8080,17.8003,-27.1657,-27.2807
2182.000000,7,20.1022,185.9479,17.6942,-27.4118,-27.4945
2182.000000,8,20.1022,186.0870,16.6454,-28.5996,-28.6469
2182.000000,9,20.1022,186.2252,14.6228,-30.7605,-30.7814
2182.000000,10,20.1022,185.7621,17.2892,-27.6309,-27.7120
2182.000000,11,20.1022,185.8999,17.8721,-27.1858,-27.2844
2182.000000,12,20.1022,186.0370,17.8191,-27.3760,-27.4689
2182.000000,13,20.1022,186.1734,17.6148,-27.7166,-27.7863
2182.000000,14,20.1022,186.3090,16.5722,-28.8949,-28.9373
2182.000000,15,20.1022,185.8585,14.7975,-30.2190,-30.2486
2182.000000,16,20.1022,185.9934,16.7964,-28.3551,-28.4076
2182.000000,17,20.1022,186.1278,17.4666,-27.8192,-27.8854
2182.000000,18,20.1022,186.2614,17.6637,-27.7558,-27.8196
2182.000000,19,20.1022,186.3944,17.5215,-28.0309,-28.0800
2182.000000,20,20.1022,185.9565,9.1373,-35.9772,-35.9814
2182.000000,21,20.1022,186.0885,13.4774,-31.7691,-31.7844
2182.000000,22,20.1022,186.2200,15.6434,-29.7346,-29.7640
2182.000000,23,20.1022,186.3510,16.4125,-29.0965,-29.1352
2182.000000,24,20.1022,186.4814,16.8768,-28.7626,-28.8006
2183.000000,0,20.0068,185.5994,17.8521,-26.9053,-27.0238
2183.000000,1,20.0068,185.7423,17.3863,-27.5141,-27.5950
2183.000000,2,20.0068,185.8844,16.0809,-28.9615,-29.0038
2183.000000,3,20.0068,186.0255,13.6349,-31.5486,-31.5647
2183.000000,4,20.0068,186.1657,9.7424,-35.5814,-35.5852
2183.000000,5,20.0068,185.6929,17.8678,-26.9831,-27.1072
2183.000000,6,20.0068,185.8329,17.7768,-27.2141,-27.3270
2183.000000,7,20.0068,185.9722,17.6599,-27.4703,-27.5510
2183.000000,8,20.0068,186.1106,16.5839,-28.6848,-28.7307
2183.000000,9,20.0068,186.2482,14.5311,-30.8751,-30.8952
2183.000000,10,20.0068,185.7881,17.3078,-27.6384,-27.7178
2183.000000,11,20.0068,185.9252,17.8653,-27.2180,-27.3140
2183.000000,12,20.0068,186.0617,17.8408,-27.3789,-27.4688
2183.000000,13,20.0068,186.1974,17.5651,-27.7903,-27.8573
2183.000000,14,20.0068,186.3323,16.4917,-28.9987,-29.0392
2183.000000,15,20.0068,185.8850,14.8063,-30.2366,-30.2656
2183.000000,16,20.0068,186.0191,16.7739,-28.4033,-28.4543
2183.000000,17,20.0068,186.1528,17.4127,-27.8981,-27.9620
2183.000000,18,20.0068,186.2858,17.6381,-27.8058,-27.8669
2183.000000,19,20.0068,186.4181,17.4637,-28.1124,-28.1591
2183.000000,20,20.0068,185.9832,9.1763,-35.9649,-35.9692
2183.000000,21,20.0068,186.1145,13.4700,-31.8026,-31.8176
2183.000000,22,20.0068,186.2454,15.5954,-29.8080,-29.8365
2183.000000,23,20.0068,186.3757,16.3254,-29.2083,-29.2454
2183.000000,24,20.0068,186.5054,16.8206,-28.8428,-28.8790
2184.000000,0,19.9114,185.6247,17.8287,-26.9540,-27.0722
2184.000000,1,19.9114,185.7669,17.4273,-27.4976,-27.5779
2184.000000,2,19.9114,185.9083,16.0995,-28.9669,-29.0087
2184.000000,3,19.9114,186.0488,13.6328,-31.5740,-31.5898
2184.000000,4,19.9114,186.1883,9.7207,-35.6256,-35.6294
2184.000000,5,19.9114,185.7186,17.8728,-27.0039,-27.1259
2184.000000,6,19.9114,185.8579,17.8032,-27.2128,-27.3233
2184.000000,7,19.9114,185.9965,17.6182,-27.5363,-27.6150
2184.000000,8,19.9114,186.1343,16.5155,-28.7767,-28.8213
2184.000000,9,19.9114,186.2712,14.4333,-30.9959,-31.0153
2184.000000,10,19.9114,185.8143,17.3231,-27.6492,-27.7268
2184.000000,11,19.9114,185.9507,17.8528,-27.2559,-27.3493
2184.000000,12,19.9114,186.0864,17.8564,-27.3880,-27.4749
2184.000000,13,19.9114,186.2214,17.5096,-27.8699,-27.9342
2184.000000,14,19.9114,186.3557,16.4059,-29.1079,-29.1466
2184.000000,15,19.9114,185.9115,14.8092,-30.2603,-30.2885
2184.000000,16,19.9114,186.0449,16.7461,-28.4569,-28.5065
2184.000000,17,19.9114,186.1779,17.3538,-27.9821,-28.0438
2184.000000,18,19.9114,186.3102,17.6072,-27.8610,-27.9195
2184.000000,19,19.9114,186.4419,17.4013,-28.1987,-28.2430
2184.000000,20,19.9114,186.0100,9.2096,-35.9585,-35.9626
2184.000000,21,19.9114,186.1406,13.4569,-31.8418,-31.8564
2184.000000,22,19.9114,186.2708,15.5421,-29.8868,-29.9143
2184.000000,23,19.9114,186.4005,16.2574,-29.3011,-29.3367
2184.000000,24,19.9114,186.5295,16.7592,-28.9284,-28.9627
2185.000000,0,19.8158,185.6501,17.7956,-27.0126,-27.1302
2185.000000,1,19.8158,185.7916,17.4594,-27.4903,-27.5698
2185.000000,2,19.8158,185.9323,16.1101,-28.9802,-29.0215
2185.000000,3,19.8158,186.0721,13.6237,-31.6064,-31.6220
2185.000000,4,19.8158,186.2110,9.6931,-35.6759,-35.6796
2185.000000,5,19.8158,185.7445,17.8705,-27.0321,-27.1520
2185.000000,6,19.8158,185.8831,17.8306,-27.2105,-27.3186
2185.000000,7,19.8158,186.0209,17.5692,-27.6098,-27.6864
2185.000000,8,19.8158,186.1580,16.4405,-28.8756,-28.9187
2185.000000,9,19.8158,186.2943,14.3293,-31.1230,-31.1417
2185.000000,10,19.8158,185.8405,17.3320,-27.6665,-27.7422
2185.000000,11,19.8158,185.9762,17.8348,-27.2994,-27.3901
2185.000000,12,19.8158,186.1112,17.8661,-27.4032,-27.4870
2185.000000,13,19.8158,186.2456,17.4856,-27.9181,-27.9798
2185.000000,14,19.8158,186.3792,16.3147,-29.2226,-29.2594
2185.000000,15,19.8158,185.9380,14.8062,-30.2899,-30.3174
2185.000000,16,19.8158,186.0708,16.7129,-28.5160,-28.5640
2185.000000,17,19.8158,186.2030,17.2899,-28.0712,-28.1306
2185.000000,18,19.8158,186.3347,17.5712,-27.9216,-27.9774
2185.000000,19,19.8158,186.4657,17.3341,-28.2897,-28.3317
2185.000000,20,19.8158,186.0369,9.2372,-35.9577,-35.9618
2185.000000,21,19.8158,186.1668,13.4384,-31.8865,-31.9007
2185.000000,22,19.8158,186.2963,15.4833,-29.9711,-29.9977
2185.000000,23,19.8158,186.4253,16.1939,-29.3894,-29.4235
2185.000000,24,19.8158,186.5537,16.6924,-29.0193,-29.0519
2186.000000,0,19.7202,185.6756,17.7842,-27.0495,-27.1664
2186.000000,1,19.7202,185.8164,17.4825,-27.4919,-27.5706
2186.000000,2,19.7202,185.9564,16.1130,-29.0014,-29.0421
2186.000000,3,19.7202,186.0955,13.6077,-31.6459,-31.6611
2186.000000,4,19.7202,186.2337,9.6595,-35.7323,-35.7358
2186.000000,5,19.7202,185.7704,17.8608,-27.0676,-27.1853
2186.000000,6,19.7202,185.9082,17.8502,-27.2161,-27.3215
2186.000000,7,19.7202,186.0454,17.5128,-27.6906,-27.7651
2186.000000,8,19.7202,186.1818,16.3585,-28.9813,-29.0230
2186.000000,9,19.7202,186.3174,14.2188,-31.2567,-31.2746
2186.000000,10,19.7202,185.8668,17.3346,-27.6903,-27.7640
2186.000000,11,19.7202,186.0017,17.8112,-27.3486,-27.4365
2186.000000,12,19.7202,186.1361,17.8698,-27.4243,-27.5051
2186.000000,13,19.7202,186.2698,17.4620,-27.9658,-28.0248
2186.000000,14,19.7202,186.4028,16.2181,-29.3427,-29.3777
2186.000000,15,19.7202,185.9647,14.7974,-30.3253,-30.3521
2186.000000,16,19.7202,186.0967,16.6743,-28.5805,-28.6270
2186.000000,17,19.7202,186.2283,17.2210,-28.1653,-28.2224
2186.000000,18,19.7202,186.3593,17.5300,-27.9873,-28.0406
2186.000000,19,19.7202,186.4897,17.2622,-28.3855,-28.4253
2186.000000,20,19.7202,186.0639,9.2592,-35.9627,-35.9667
2186.000000,21,19.7202,186.1931,13.4143,-31.9368,-31.9507
2186.000000,22,19.7202,186.3218,15.4191,-30.0608,-30.0865
2186.000000,23,19.7202,186.4502,16.1249,-29.4833,-29.5158
2186.000000,24,19.7202,186.5779,16.6204,-29.1156,-29.1465
2187.000000,0,19.6245,185.7012,17.8122,-27.0470,-27.1629
2187.000000,1,19.6245,185.8413,17.4969,-27.5024,-27.5801
2187.000000,2,19.6245,185.9805,16.1081,-29.0305,-29.0706
2187.000000,3,19.6245,186.1190,13.5847,-31.6924,-31.7073
2187.000000,4,19.6245,186.2566,9.6198,-35.7948,-35.7983
2187.000000,5,19.6245,185.7964,17.8440,-27.1104,-27.2257
2187.000000,6,19.6245,185.9335,17.8622,-27.2293,-27.3321
2187.000000,7,19.6245,186.0700,17.4842,-27.7438,-27.8161
2187.000000,8,19.6245,186.2057,16.2697,-29.0941,-29.1344
2187.000000,9,19.6245,186.3407,14.1018,-31.3969,-31.4141
2187.000000,10,19.6245,185.8932,17.3309,-27.7203,-27.7920
2187.000000,11,19.6245,186.0274,17.7822,-27.4033,-27.4884
2187.000000,12,19.6245,186.1610,17.8677,-27.4514,-27.5291
2187.000000,13,19.6245,186.2941,17.4335,-28.0186,-28.0751
2187.000000,14,19.6245,186.4264,16.1161,-29.4684,-29.5017
2187.000000,15,19.6245,185.9913,14.7829,-30.3665,-30.3925
2187.000000,16,19.6245,186.1227,16.6304,-28.6503,-28.6953
2187.000000,17,19.6245,186.2536,17.1687,-28.2429,-28.2978
2187.000000,18,19.6245,186.3839,17.4836,-28.0584,-28.1091
2187.000000,19,19.6245,186.5136,17.1855,-28.4862,-28.5237
2187.000000,20,19.6245,186.0909,9.2757,-35.9732,-35.9772
2187.000000,21,19.6245,186.2193,13.3846,-31.9928,-32.0062
2187.000000,22,19.6245,186.3474,15.3494,-30.1561,-30.1808
2187.000000,23,19.6245,186.4751,16.0506,-29.5826,-29.6136
2187.000000,24,19.6245,186.6022,16.5430,-29.2173,-29.2465
2188.000000,0,19.5287,185.7269,17.8377,-27.0473,-27.1618
2188.000000,1,19.5287,185.8662,17.5026,-27.5217,-27.5983
2188.000000,2,19.5287,186.0048,16.0954,-29.0675,-29.1069
2188.000000,3,19.5287,186.1426,13.5547,-31.7460,-31.7607
2188.000000,4,19.5287,186.2795,9.5739,-35.8637,-35.8671
2188.000000,5,19.5287,185.8225,17.8200,-27.1605,-27.2732
2188.000000,6,19.5287,185.9589,17.8667,-27.2502,-27.3503
2188.000000,7,19.5287,186.0947,17.4663,-27.7864,-27.8565
2188.000000,8,19.5287,186.2297,16.1739,-29.2139,-29.2528
2188.000000,9,19.5287,186.3640,13.9782,-31.5439,-31.5604
2188.000000,10,19.5287,185.9196,17.3211,-27.7565,-27.8261
2188.000000,11,19.5287,186.0531,17.7477,-27.4635,-27.5458
2188.000000,12,19.5287,186.1861,17.8597,-27.4844,-27.5590
2188.000000,13,19.5287,186.3184,17.3998,-28.0766,-28.1305
2188.000000,14,19.5287,186.4501,16.0085,-29.5997,-29.6313
2188.000000,15,19.5287,186.0181,14.7628,-30.4134,-30.4387
2188.000000,16,19.5287,186.1487,16.5812,-28.7256,-28.7690
2188.000000,17,19.5287,186.2789,17.1179,-28.3191,-28.3716
2188.000000,18,19.5287,186.4086,17.4320,-28.1346,-28.1828
2188.000000,19,19.5287,186.5377,17.1041,-28.5916,-28.6271
2188.000000,20,19.5287,186.1179,9.2865,-35.9894,-35.9933
2188.000000,21,19.5287,186.2457,13.3494,-32.0543,-32.0674
2188.000000,22,19.5287,186.3731,15.2742,-30.2569,-30.2807
2188.000000,23,19.5287,186.5001,15.9708,-29.6874,-29.7170
2188.000000,24,19.5287,186.6266,16.4602,-29.3244,-29.3520
2189.000000,0,19.4329,185.7526,17.8534,-27.0573,-27.1705
2189.000000,1,19.4329,185.8913,17.4997,-27.5496,-27.6251
2189.000000,2,19.4329,186.0292,16.0749,-29.1123,-29.1510
2189.000000,3,19.4329,186.1663,13.5176,-31.8068,-31.8211
2189.000000,4,19.4329,186.3025,9.5216,-35.9390,-35.9423
2189.000000,5,19.4329,185.8486,17.8133,-27.1933,-27.3034
2189.000000,6,19.4329,185.9843,17.8638,-27.2786,-27.3758
2189.000000,7,19.4329,186.1194,17.4417,-27.8357,-27.9035
2189.000000,8,19.4329,186.2538,16.0710,-29.3409,-29.3783
2189.000000,9,19.4329,186.3875,13.8478,-31.6977,-31.7135
2189.000000,10,19.4329,185.9461,17.3052,-27.7989,-27.8664
2189.000000,11,19.4329,186.0789,17.7077,-27.5292,-27.6087
2189.000000,12,19.4329,186.2112,17.8461,-27.5231,-27.5947
2189.000000,13,19.4329,186.3429,17.3612,-28.1397,-28.1911
2189.000000,14,19.4329,186.4739,15.9038,-29.7282,-29.7582
2189.000000,15,19.4329,186.0449,14.7370,-30.4659,-30.4905
2189.000000,16,19.4329,186.1748,16.5267,-28.8062,-28.8480
2189.000000,17,19.4329,186.3043,17.0618,-28.4005,-28.4509
2189.000000,18,19.4329,186.4333,17.3754,-28.2160,-28.2619
2189.000000,19,19.4329,186.5618,17.0180,-28.7019,-28.7354
2189.000000,20,19.4329,186.1450,9.2918,-36.0112,-36.0150
2189.000000,21,19.4329,186.2721,13.3087,-32.1214,-32.1341
2189.000000,22,19.4329,186.3988,15.1935,-30.3633,-30.3862
2189.000000,23,19.4329,186.5251,15.8854,-29.7977,-29.8259
2189.000000,24,19.4329,186.6510,16.3721,-29.4369,-29.4630
2190.000000,0,19.3370,185.7785,17.8595,-27.0770,-27.1886
2190.000000,1,19.3370,185.9164,17.4882,-27.5862,-27.6604
2190.000000,2,19.3370,186.0536,16.0466,-29.1650,-29.2030
2190.000000,3,19.3370,186.1900,13.4733,-31.8748,-31.8888
2190.000000,4,19.3370,186.3257,9.4629,-36.0208,-36.0240
2190.000000,5,19.3370,185.8748,17.8269,-27.2060,-27.3132
2190.000000,6,19.3370,186.0098,17.8535,-27.3143,-27.4087
2190.000000,7,19.3370,186.1442,17.4106,-27.8916,-27.9571
2190.000000,8,19.3370,186.2779,15.9609,-29.4751,-29.5112
2190.000000,9,19.3370,186.4109,13.7105,-31.8585,-31.8737
2190.000000,10,19.3370,185.9726,17.2834,-27.8473,-27.9126
2190.000000,11,19.3370,186.1047,17.6763,-27.5865,-27.6631
2190.000000,12,19.3370,186.2363,17.8267,-27.5676,-27.6362
2190.000000,13,19.3370,186.3673,17.3175,-28.2079,-28.2568
2190.000000,14,19.3370,186.4977,15.8344,-29.8214,-29.8498
2190.000000,15,19.3370,186.0718,14.7057,-30.5241,-30.5478
2190.000000,16,19.3370,186.2010,16.4669,-28.8922,-28.9324
2190.000000,17,19.3370,186.3298,17.0005,-28.4873,-28.5354
2190.000000,18,19.3370,186.4581,17.3135,-28.3027,-28.3462
2190.000000,19,19.3370,186.5860,16.9270,-28.8170,-28.8486
2190.000000,20,19.3370,186.1721,9.2917,-36.0385,-36.0422
2190.000000,21,19.3370,186.2985,13.2624,-32.1941,-32.2064
2190.000000,22,19.3370,186.4245,15.1073,-30.4753,-30.4972
2190.000000,23,19.3370,186.5502,15.7946,-29.9137,-29.9405
2190.000000,24,19.3370,186.6754,16.2785,-29.5549,-29.5796
2191.000000,0,19.2411,185.8044,17.8563,-27.1062,-27.2161
2191.000000,1,19.2411,185.9416,17.4683,-27.6314,-27.7042
2191.000000,2,19.2411,186.0781,16.0105,-29.2256,-29.2628
2191.000000,3,19.2411,186.2139,13.4219,-31.9500,-31.9638
2191.000000,4,19.2411,186.3489,9.3976,-36.1092,-36.1124
2191.000000,5,19.2411,185.9011,17.8338,-27.2253,-27.3297
2191.000000,6,19.2411,186.0354,17.8360,-27.3574,-27.4489
2191.000000,7,19.2411,186.1691,17.3730,-27.9541,-28.0173
2191.000000,8,19.2411,186.3021,15.8906,-29.5696,-29.6042
2191.000000,9,19.2411,186.4345,13.5660,-32.0266,-32.0411
2191.000000,10,19.2411,185.9992,17.2557,-27.9016,-27.9648
2191.000000,11,19.2411,186.1306,17.6497,-27.6390,-27.7127
2191.000000,12,19.2411,186.2615,17.8018,-27.6178,-27.6834
2191.000000,13,19.2411,186.3919,17.2689,-28.2811,-28.3276
2191.000000,14,19.2411,186.5217,15.7606,-29.9191,-29.9459
2191.000000,15,19.2411,186.0987,14.6689,-30.5878,-30.6108
2191.000000,16,19.2411,186.2272,16.4018,-28.9835,-29.0221
2191.000000,17,19.2411,186.3553,16.9340,-28.5794,-28.6253
2191.000000,18,19.2411,186.4830,17.2465,-28.3946,-28.4357
2191.000000,19,19.2411,186.6102,16.8312,-28.9370,-28.9667
2191.000000,20,19.2411,186.1993,9.2860,-36.0714,-36.0750
2191.000000,21,19.2411,186.3250,13.2106,-32.2724,-32.2843
2191.000000,22,19.2411,186.4504,15.0154,-30.5930,-30.6140
2191.000000,23,19.2411,186.5754,15.6982,-30.0352,-30.0607
2191.000000,24,19.2411,186.7000,16.1795,-29.6785,-29.7017
2192.000000,0,19.1452,185.8304,17.8437,-27.1447,-27.2527
2192.000000,1,19.1452,185.9669,17.4399,-27.6850,-27.7564
2192.000000,2,19.1452,186.1027,15.9667,-29.2940,-29.3304
2192.000000,3,19.1452,186.2378,13.3631,-32.0327,-32.0461
2192.000000,4,19.1452,186.3721,9.3257,-36.2045,-36.2075
2192.000000,5,19.1452,185.9275,17.8342,-27.2513,-27.3526
2192.000000,6,19.1452,186.0610,17.8113,-27.4078,-27.4963
2192.000000,7,19.1452,186.1940,17.3289,-28.0231,-28.0840
2192.000000,8,19.1452,186.3264,15.8264,-29.6581,-29.6913
2192.000000,9,19.1452,186.4581,13.4142,-32.2020,-32.2158
2192.000000,10,19.1452,186.0259,17.2221,-27.9619,-28.0229
2192.000000,11,19.1452,186.1566,17.6173,-27.6973,-27.7681
2192.000000,12,19.1452,186.2868,17.7712,-27.6737,-27.7363
2192.000000,13,19.1452,186.4165,17.2152,-28.3594,-28.4035
2192.000000,14,19.1452,186.5456,15.6823,-30.0214,-30.0467
2192.000000,15,19.1452,186.1256,14.6266,-30.6571,-30.6792
2192.000000,16,19.1452,186.2535,16.3314,-29.0801,-29.1172
2192.000000,17,19.1452,186.3809,16.8622,-28.6768,-28.7205
2192.000000,18,19.1452,186.5079,17.1743,-28.4916,-28.5306
2192.000000,19,19.1452,186.6345,16.7306,-29.0619,-29.0899
2192.000000,20,19.1452,186.2265,9.2747,-36.1098,-36.1133
2192.000000,21,19.1452,186.3515,13.1532,-32.3564,-32.3678
2192.000000,22,19.1452,186.4762,14.9178,-30.7164,-30.7365
2192.000000,23,19.1452,186.6006,15.5961,-30.1625,-30.1866
2192.000000,24,19.1452,186.7245,16.0750,-29.8076,-29.8295
2193.000000,0,19.0493,185.8565,17.8220,-27.1925,-27.2985
2193.000000,1,19.0493,185.9922,17.4032,-27.7471,-27.8170
2193.000000,2,19.0493,186.1274,15.9150,-29.3704,-29.4059
2193.000000,3,19.0493,186.2618,13.2970,-32.1228,-32.1358
2193.000000,4,19.0493,186.3955,9.2468,-36.3067,-36.3096
2193.000000,5,19.0493,185.9539,17.8282,-27.2837,-27.3820
2193.000000,6,19.0493,186.0867,17.8310,-27.4138,-27.4993
2193.000000,7,19.0493,186.2191,17.2783,-28.0988,-28.1573
2193.000000,8,19.0493,186.3508,15.7562,-29.7527,-29.7844
2193.000000,9,19.0493,186.4819,13.2549,-32.3850,-32.3982
2193.000000,10,19.0493,186.0527,17.1827,-28.0280,-28.0868
2193.000000,11,19.0493,186.1826,17.5793,-27.7614,-27.8293
2193.000000,12,19.0493,186.3122,17.7351,-27.7351,-27.7949
2193.000000,13,19.0493,186.4412,17.1565,-28.4427,-28.4846
2193.000000,14,19.0493,186.5697,15.5995,-30.1282,-30.1521
2193.000000,15,19.0493,186.1526,14.5789,-30.7318,-30.7531
2193.000000,16,19.0493,186.2798,16.2557,-29.1821,-29.2177
2193.000000,17,19.0493,186.4065,16.7851,-28.7795,-28.8212
2193.000000,18,19.0493,186.5329,17.0970,-28.5940,-28.6308
2193.000000,19,19.0493,186.6588,16.6250,-29.1918,-29.2181
2193.000000,20,19.0493,186.2537,9.2580,-36.1537,-36.1572
2193.000000,21,19.0493,186.3780,13.0901,-32.4460,-32.4570
2193.000000,22,19.0493,186.5021,14.8145,-30.8456,-30.8648
2193.000000,23,19.0493,186.6258,15.4884,-30.2955,-30.3183
2193.000000,24,19.0493,186.7491,15.9649,-29.9423,-29.9630
2194.000000,0,18.9533,185.8826,17.8300,-27.2107,-27.3144
2194.000000,1,18.9533,186.0177,17.3580,-27.8177,-27.8860
2194.000000,2,18.9533,186.1521,15.8554,-29.4547,-29.4893
2194.000000,3,18.9533,186.2859,13.2235,-32.2204,-32.2331
2194.000000,4,18.9533,186.4189,9.1610,-36.4160,-36.4188
2194.000000,5,18.9533,185.9804,17.8337,-27.3048,-27.3999
2194.000000,6,18.9533,186.1125,17.8441,-27.4264,-27.5089
2194.000000,7,18.9533,186.2441,17.2213,-28.1809,-28.2372
2194.000000,8,18.9533,186.3752,15.6799,-29.8533,-29.8837
2194.000000,9,18.9533,186.5056,13.0879,-32.5758,-32.5884
2194.000000,10,18.9533,186.0794,17.1376,-28.0998,-28.1564
2194.000000,11,18.9533,186.2087,17.5356,-27.8311,-27.8962
2194.000000,12,18.9533,186.3376,17.6935,-27.8022,-27.8591
2194.000000,13,18.9533,186.4659,17.0928,-28.5312,-28.5709
2194.000000,14,18.9533,186.5938,15.5122,-30.2396,-30.2621
2194.000000,15,18.9533,186.1797,14.5258,-30.8120,-30.8325
2194.000000,16,18.9533,186.3061,16.1747,-29.2895,-29.3235
2194.000000,17,18.9533,186.4322,16.7027,-28.8876,-28.9272
2194.000000,18,18.9533,186.5579,17.0144,-28.7016,-28.7363
2194.000000,19,18.9533,186.6832,16.5145,-29.3267,-29.3515
2194.000000,20,18.9533,186.2810,9.2358,-36.2032,-36.2066
2194.000000,21,18.9533,186.4047,13.0214,-32.5413,-32.5519
2194.000000,22,18.9533,186.5280,14.7054,-30.9806,-30.9989
2194.000000,23,18.9533,186.6511,15.3749,-30.4343,-30.4559
2194.000000,24,18.9533,186.7738,15.8491,-30.0827,-30.1022
2195.000000,0,18.8574,185.9088,17.8512,-27.2157,-27.3170
2195.000000,1,18.8574,186.0432,17.3046,-27.8966,-27.9633
2195.000000,2,18.8574,186.1769,15.7879,-29.5470,-29.5807
2195.000000,3,18.8574,186.3100,13.1423,-32.3257,-32.3381
2195.000000,4,18.8574,186.4424,9.0679,-36.5325,-36.5353
2195.000000,5,18.8574,186.0069,17.8359,-27.3291,-27.4210
2195.000000,6,18.8574,186.1384,17.8506,-27.4458,-27.5251
2195.000000,7,18.8574,186.2693,17.1577,-28.2697,-28.3237
2195.000000,8,18.8574,186.3997,15.5977,-29.9601,-29.9891
2195.000000,9,18.8574,186.5295,12.9505,-32.7370,-32.7491
2195.000000,10,18.8574,186.1063,17.0869,-28.1774,-28.2319
2195.000000,11,18.8574,186.2348,17.4863,-27.9066,-27.9689
2195.000000,12,18.8574,186.3630,17.6463,-27.8747,-27.9289
2195.000000,13,18.8574,186.4907,17.0241,-28.6247,-28.6622
2195.000000,14,18.8574,186.6179,15.4204,-30.3556,-30.3767
2195.000000,15,18.8574,186.2068,14.4673,-30.8976,-30.9173
2195.000000,16,18.8574,186.3325,16.0883,-29.4022,-29.4347
2195.000000,17,18.8574,186.4580,16.6150,-29.0010,-29.0386
2195.000000,18,18.8574,186.5830,16.9266,-28.8144,-28.8472
2195.000000,19,18.8574,186.7076,16.3990,-29.4667,-29.4899
2195.000000,20,18.8574,186.3084,9.2081,-36.2583,-36.2616
2195.000000,21,18.8574,186.4313,12.9470,-32.6423,-32.6525
2195.000000,22,18.8574,186.5540,14.5905,-31.1216,-31.1390
2195.000000,23,18.8574,186.6764,15.2555,-30.5789,-30.5994
2195.000000,24,18.8574,186.7985,15.7276,-30.2289,-30.2473
2196.000000,0,18.7614,185.9351,17.8639,-27.2293,-27.3282
2196.000000,1,18.7614,186.0687,17.2427,-27.9840,-28.0490
2196.000000,2,18.7614,186.2018,15.7124,-29.6474,-29.6802
2196.000000,3,18.7614,186.3342,13.0534,-32.4388,-32.4508
2196.000000,4,18.7614,186.4660,8.9675,-36.6565,-36.6592
2196.000000,5,18.7614,186.0335,17.8313,-27.3603,-27.4490
2196.000000,6,18.7614,186.1642,17.8505,-27.4718,-27.5480
2196.000000,7,18.7614,186.2945,17.0913,-28.3613,-28.4130
2196.000000,8,18.7614,186.4242,15.5093,-30.0730,-30.1007
2196.000000,9,18.7614,186.5534,12.8421,-32.8693,-32.8807
2196.000000,10,18.7614,186.1332,17.0304,-28.2608,-28.3130
2196.000000,11,18.7614,186.2610,17.4314,-27.9876,-28.0471
2196.000000,12,18.7614,186.3885,17.5937,-27.9529,-28.0043
2196.000000,13,18.7614,186.5156,16.9503,-28.7233,-28.7587
2196.000000,14,18.7614,186.6421,15.3239,-30.4762,-30.4961
2196.000000,15,18.7614,186.2339,14.4034,-30.9886,-31.0076
2196.000000,16,18.7614,186.3590,15.9966,-29.5204,-29.5514
2196.000000,17,18.7614,186.4837,16.5219,-29.1198,-29.1554
2196.000000,18,18.7614,186.6081,16.8336,-28.9326,-28.9634
2196.000000,19,18.7614,186.7321,16.2784,-29.6118,-29.6336
2196.000000,20,18.7614,186.3357,9.1748,-36.3189,-36.3221
2196.000000,21,18.7614,186.4580,12.8669,-32.7491,-32.7589
2196.000000,22,18.7614,186.5800,14.4695,-31.2686,-31.2851
2196.000000,23,18.7614,186.7018,15.1303,-30.7296,-30.7489
2196.000000,24,18.7614,186.8232,15.6004,-30.3809,-30.3982
2197.000000,0,18.6655,185.9615,17.8680,-27.2515,-27.3478
2197.000000,1,18.6655,186.0944,17.1926,-28.0598,-28.1230
2197.000000,2,18.6655,186.2267,15.6288,-29.7559,-29.7878
2197.000000,3,18.6655,186.3585,12.9567,-32.5598,-32.5714
2197.000000,4,18.6655,186.4896,8.8594,-36.7882,-36.7908
2197.000000,5,18.6655,186.0602,17.8201,-27.3981,-27.4836
2197.000000,6,18.6655,186.1902,17.8440,-27.5043,-27.5774
2197.000000,7,18.6655,186.3198,17.0690,-28.4088,-28.4582
2197.000000,8,18.6655,186.4489,15.4147,-30.1922,-30.2186
2197.000000,9,18.6655,186.5773,12.7279,-33.0075,-33.0183
2197.000000,10,18.6655,186.1601,16.9684,-28.3497,-28.3998
2197.000000,11,18.6655,186.2873,17.3710,-28.0743,-28.1311
2197.000000,12,18.6655,186.4141,17.5357,-28.0365,-28.0852
2197.000000,13,18.6655,186.5405,16.8715,-28.8270,-28.8604
2197.000000,14,18.6655,186.6664,15.2228,-30.6016,-30.6203
2197.000000,15,18.6655,186.2611,14.3341,-31.0851,-31.1032
2197.000000,16,18.6655,186.3855,15.8995,-29.6440,-29.6735
2197.000000,17,18.6655,186.5096,16.4235,-29.2441,-29.2778
2197.000000,18,18.6655,186.6333,16.7353,-29.0560,-29.0851
2197.000000,19,18.6655,186.7566,16.1526,-29.7620,-29.7825
2197.000000,20,18.6655,186.3631,9.1360,-36.3852,-36.3882
2197.000000,21,18.6655,186.4847,12.7810,-32.8618,-32.8711
2197.000000,22,18.6655,186.6061,14.3425,-31.4216,-31.4374
2197.000000,23,18.6655,186.7272,14.9990,-30.8862,-30.9046
2197.000000,24,18.6655,186.8480,15.4673,-30.5388,-30.5552
2198.000000,0,18.5695,185.9879,17.8638,-27.2821,-27.3757
2198.000000,1,18.5695,186.1201,17.1774,-28.1007,-28.1620
2198.000000,2,18.5695,186.2518,15.5371,-29.8727,-29.9035
2198.000000,3,18.5695,186.3829,12.8520,-32.6889,-32.7001
2198.000000,4,18.5695,186.5133,8.7436,-36.9278,-36.9303
2198.000000,5,18.5695,186.0869,17.8023,-27.4426,-27.5249
2198.000000,6,18.5695,186.2162,17.8310,-27.5432,-27.6133
2198.000000,7,18.5695,186.3451,17.0410,-28.4621,-28.5093
2198.000000,8,18.5695,186.4735,15.3138,-30.3178,-30.3429
2198.000000,9,18.5695,186.6014,12.6078,-33.1517,-33.1619
2198.000000,10,18.5695,186.1871,16.9008,-28.4443,-28.4923
2198.000000,11,18.5695,186.3136,17.3050,-28.1666,-28.2207
2198.000000,12,18.5695,186.4397,17.4722,-28.1256,-28.1718
2198.000000,13,18.5695,186.5654,16.7877,-28.9358,-28.9673
2198.000000,14,18.5695,186.6907,15.1171,-30.7317,-30.7492
2198.000000,15,18.5695,186.2883,14.2594,-31.1869,-31.2043
2198.000000,16,18.5695,186.4120,15.7970,-29.7731,-29.8012
2198.000000,17,18.5695,186.5354,16.3197,-29.3738,-29.4056
2198.000000,18,18.5695,186.6585,16.6317,-29.1849,-29.2122
2198.000000,19,18.5695,186.7812,16.0217,-29.9175,-29.9368
2198.000000,20,18.5695,186.3905,9.0916,-36.4570,-36.4599
2198.000000,21,18.5695,186.5114,12.6892,-32.9803,-32.9892
2198.000000,22,18.5695,186.6322,14.2093,-31.5809,-31.5958
2198.000000,23,18.5695,186.7526,14.8936,-31.0171,-31.0344
2198.000000,24,18.5695,186.8728,15.3282,-30.7027,-30.7182
2199.000000,0,18.4736,186.0144,17.8515,-27.3209,-27.4118
2199.000000,1,18.4736,186.1459,17.1547,-28.1492,-28.2086
2199.000000,2,18.4736,186.2768,15.4372,-29.9977,-30.0276
2199.000000,3,18.4736,186.4073,12.7392,-32.8261,-32.8370
2199.000000,4,18.4736,186.5371,8.6197,-37.0754,-37.0779
2199.000000,5,18.4736,186.1137,17.7781,-27.4936,-27.5726
2199.000000,6,18.4736,186.2423,17.8118,-27.5886,-27.6556
2199.000000,7,18.4736,186.3705,17.0074,-28.5212,-28.5661
2199.000000,8,18.4736,186.4983,15.2066,-30.4497,-30.4736
2199.000000,9,18.4736,186.6255,12.4816,-33.3020,-33.3117
2199.000000,10,18.4736,186.2141,16.8276,-28.5446,-28.5904
2199.000000,11,18.4736,186.3399,17.2335,-28.2644,-28.3159
2199.000000,12,18.4736,186.4654,17.4032,-28.2202,-28.2639
2199.000000,13,18.4736,186.5905,16.6987,-29.0498,-29.0795
2199.000000,14,18.4736,186.7151,15.0065,-30.8666,-30.8831
2199.000000,15,18.4736,186.3156,14.1794,-31.2942,-31.3108
2199.000000,16,18.4736,186.4386,15.6890,-29.9076,-29.9343
2199.000000,17,18.4736,186.5613,16.2104,-29.5090,-29.5391
2199.000000,18,18.4736,186.6838,16.5227,-29.3191,-29.3448
2199.000000,19,18.4736,186.8059,15.8855,-30.0784,-30.0965
2199.000000,20,18.4736,186.4180,9.0416,-36.5345,-36.5373
2199.000000,21,18.4736,186.5382,12.5915,-33.1048,-33.1133
2199.000000,22,18.4736,186.6583,14.0699,-31.7465,-31.7606
2199.000000,23,18.4736,186.7781,14.7839,-31.1523,-31.1686
2199.000000,24,18.4736,186.8977,15.1830,-30.8727,-30.8874
2200.000000,0,18.3777,186.0409,17.8310,-27.3680,-27.4561
2200.000000,1,18.3777,186.1717,17.1245,-28.2053,-28.2627
2200.000000,2,18.3777,186.3020,15.3288,-30.1312,-30.1601
2200.000000,3,18.3777,186.4318,12.6180,-32.9718,-32.9823
2200.000000,4,18.3777,186.5609,8.4875,-37.2315,-37.2338
2200.000000,5,18.3777,186.1405,17.7475,-27.5511,-27.6268
2200.000000,6,18.3777,186.2684,17.7863,-27.6402,-27.7042
2200.000000,7,18.3777,186.3959,16.9680,-28.5860,-28.6287
2200.000000,8,18.3777,186.5230,15.0930,-30.5881,-30.6108
2200.000000,9,18.3777,186.6496,12.3491,-33.4585,-33.4677
2200.000000,10,18.3777,186.2412,16.7488,-28.6504,-28.6941
2200.000000,11,18.3777,186.3663,17.1565,-28.3679,-28.4167
2200.000000,12,18.3777,186.4911,17.3288,-28.3203,-28.3616
2200.000000,13,18.3777,186.6155,16.6046,-29.1689,-29.1969
2200.000000,14,18.3777,186.7395,14.8912,-31.0064,-31.0218
2200.000000,15,18.3777,186.3429,14.0940,-31.4069,-31.4227
2200.000000,16,18.3777,186.4652,15.5755,-30.0478,-30.0731
2200.000000,17,18.3777,186.5873,16.0956,-29.6497,-29.6781
2200.000000,18,18.3777,186.7091,16.4083,-29.4589,-29.4830
2200.000000,19,18.3777,186.8305,15.7440,-30.2446,-30.2616
2200.000000,20,18.3777,186.4455,8.9859,-36.6177,-36.6204
2200.000000,21,18.3777,186.5650,12.4878,-33.2352,-33.2434
2200.000000,22,18.3777,186.6844,13.9240,-31.9185,-31.9319
2200.000000,23,18.3777,186.8036,14.6682,-31.2935,-31.3089
2200.000000,24,18.3777,186.9226,15.0317,-31.0489,-31.0629
2201.000000,0,18.2818,186.0675,17.8025,-27.4231,-27.5083
2201.000000,1,18.2818,186.1976,17.0868,-28.2688,-28.3242
2201.000000,2,18.2818,186.3272,15.2597,-30.2255,-30.2534
2201.000000,3,18.2818,186.4563,12.4882,-33.1261,-33.1363
2201.000000,4,18.2818,186.5848,8.3467,-37.3962,-37.3984
2201.000000,5,18.2818,186.1673,17.7105,-27.6149,-27.6874
2201.000000,6,18.2818,186.2946,17.7546,-27.6980,-27.7591
2201.000000,7,18.2818,186.4214,16.9230,-28.6565,-28.6971
2201.000000,8,18.2818,186.5479,15.0197,-30.6862,-30.7077
2201.000000,9,18.2818,186.6738,12.2104,-33.6215,-33.6302
2201.000000,10,18.2818,186.2683,16.6645,-28.7618,-28.8034
2201.000000,11,18.2818,186.3927,17.0739,-28.4769,-28.5232
2201.000000,12,18.2818,186.5168,17.2490,-28.4258,-28.4648
2201.000000,13,18.2818,186.6406,16.5054,-29.2933,-29.3195
2201.000000,14,18.2818,186.7640,14.7709,-31.1511,-31.1656
2201.000000,15,18.2818,186.3702,14.0032,-31.5251,-31.5401
2201.000000,16,18.2818,186.4918,15.4564,-30.1935,-30.2175
2201.000000,17,18.2818,186.6133,15.9752,-29.7961,-29.8228
2201.000000,18,18.2818,186.7344,16.2884,-29.6041,-29.6268
2201.000000,19,18.2818,186.8553,15.5970,-30.4163,-30.4324
2201.000000,20,18.2818,186.4730,8.9245,-36.7066,-36.7092
2201.000000,21,18.2818,186.5919,12.3781,-33.3718,-33.3796
2201.000000,22,18.2818,186.7106,13.7716,-32.0971,-32.1098
2201.000000,23,18.2818,186.8292,14.5464,-31.4408,-31.4553
2201.000000,24,18.2818,186.9475,14.8740,-31.2315,-31.2449
2202.000000,0,18.1860,186.0941,17.7820,-27.4702,-27.5525
2202.000000,1,18.1860,186.2235,17.0418,-28.3398,-28.3933
2202.000000,2,18.1860,186.3525,15.2073,-30.3032,-30.3301
2202.000000,3,18.1860,186.4809,12.3497,-33.2892,-33.2990
2202.000000,4,18.1860,186.6088,8.1970,-37.5698,-37.5720
2202.000000,5,18.1860,186.1943,17.6673,-27.6850,-27.7543
2202.000000,6,18.1860,186.3208,17.7168,-27.7621,-27.8202
2202.000000,7,18.1860,186.4470,16.8724,-28.7326,-28.7712
2202.000000,8,18.1860,186.5728,14.9566,-30.7742,-30.7945
2202.000000,9,18.1860,186.6981,12.0651,-33.7910,-33.7993
2202.000000,10,18.1860,186.2954,16.5747,-28.8788,-28.9184
2202.000000,11,18.1860,186.4192,16.9858,-28.5914,-28.6353
2202.000000,12,18.1860,186.5426,17.1638,-28.5369,-28.5736
2202.000000,13,18.1860,186.6658,16.4009,-29.4229,-29.4476
2202.000000,14,18.1860,186.7885,14.6457,-31.3008,-31.3144
2202.000000,15,18.1860,186.3976,13.9069,-31.6487,-31.6630
2202.000000,16,18.1860,186.5185,15.3316,-30.3449,-30.3677
2202.000000,17,18.1860,186.6393,15.8579,-29.9394,-29.9647
2202.000000,18,18.1860,186.7598,16.1629,-29.7549,-29.7762
2202.000000,19,18.1860,186.8800,15.4444,-30.5936,-30.6088
2202.000000,20,18.1860,186.5005,8.8573,-36.8012,-36.8038
2202.000000,21,18.1860,186.6187,12.2622,-33.5146,-33.5220
2202.000000,22,18.1860,186.7369,13.6125,-32.2824,-32.2944
2202.000000,23,18.1860,186.8548,14.4185,-31.5944,-31.6081
2202.000000,24,18.1860,186.9725,14.7099,-31.4206,-31.4334
2203.000000,0,18.0902,186.1208,17.7974,-27.4814,-27.5608
2203.000000,1,18.0902,186.2495,16.9893,-28.4182,-28.4697
2203.000000,2,18.0902,186.3778,15.1477,-30.3881,-30.4139
2203.000000,3,18.0902,186.5056,12.2022,-33.4614,-33.4708
2203.000000,4,18.0902,186.6328,8.0381,-37.7527,-37.7549
2203.000000,5,18.0902,186.2212,17.6180,-27.7613,-27.8275
2203.000000,6,18.0902,186.3471,17.6729,-27.8322,-27.8876
2203.000000,7,18.0902,186.4726,16.8161,-28.8145,-28.8510
2203.000000,8,18.0902,186.5977,14.8883,-30.8675,-30.8867
2203.000000,9,18.0902,186.7224,11.9131,-33.9673,-33.9751
2203.000000,10,18.0902,186.3226,16.4793,-29.0013,-29.0390
2203.000000,11,18.0902,186.4457,16.8922,-28.7116,-28.7531
2203.000000,12,18.0902,186.5685,17.0730,-28.6535,-28.6880
2203.000000,13,18.0902,186.6910,16.2912,-29.5578,-29.5810
2203.000000,14,18.0902,186.8131,14.5155,-31.4556,-31.4684
2203.000000,15,18.0902,186.4250,13.8052,-31.7778,-31.7914
2203.000000,16,18.0902,186.5452,15.2011,-30.5021,-30.5236
2203.000000,17,18.0902,186.6653,15.7526,-30.0708,-30.0945
2203.000000,18,18.0902,186.7852,16.0318,-29.9114,-29.9314
2203.000000,19,18.0902,186.9048,15.2862,-30.7767,-30.7910
2203.000000,20,18.0902,186.5281,8.7843,-36.9018,-36.9042
2203.000000,21,18.0902,186.6456,12.1400,-33.6637,-33.6706
2203.000000,22,18.0902,186.7631,13.4466,-32.4745,-32.4860
2203.000000,23,18.0902,186.8804,14.2842,-31.7542,-31.7673
2203.000000,24,18.0902,186.9975,14.5393,-31.6163,-31.6285
2204.000000,0,17.9945,186.1476,17.8054,-27.5002,-27.5765
2204.000000,1,17.9945,186.2756,16.9295,-28.5041,-28.5536
2204.000000,2,17.9945,186.4032,15.0811,-30.4801,-30.5048
2204.000000,3,17.9945,186.5303,12.0454,-33.6429,-33.6520
2204.000000,4,17.9945,186.6569,7.8696,-37.9453,-37.9474
2204.000000,5,17.9945,186.2482,17.5625,-27.8438,-27.9069
2204.000000,6,17.9945,186.3734,17.6229,-27.9085,-27.9610
2204.000000,7,17.9945,186.4982,16.7542,-28.9021,-28.9366
2204.000000,8,17.9945,186.6227,14.8147,-30.9661,-30.9842
2204.000000,9,17.9945,186.7467,11.7542,-34.1506,-34.1579
2204.000000,10,17.9945,186.3498,16.3784,-29.1295,-29.1652
2204.000000,11,17.9945,186.4722,16.7930,-28.8373,-28.8765
2204.000000,12,17.9945,186.5944,16.9768,-28.7756,-28.8081
2204.000000,13,17.9945,186.7162,16.1762,-29.6981,-29.7198
2204.000000,14,17.9945,186.8377,14.3802,-31.6156,-31.6276
2204.000000,15,17.9945,186.4524,13.6980,-31.9124,-31.9253
2204.000000,16,17.9945,186.5720,15.0649,-30.6651,-30.6854
2204.000000,17,17.9945,186.6914,15.6417,-30.2078,-30.2301
2204.000000,18,17.9945,186.8107,15.8951,-30.0737,-30.0925
2204.000000,19,17.9945,186.9296,15.1222,-30.9655,-30.9791
2204.000000,20,17.9945,186.5557,8.7055,-37.0082,-37.0105
2204.000000,21,17.9945,186.6726,12.0115,-33.8191,-33.8258
2204.000000,22,17.9945,186.7894,13.2736,-32.6738,-32.6846
2204.000000,23,17.9945,186.9060,14.1435,-31.9206,-31.9330
2204.000000,24,17.9945,187.0225,14.3618,-31.8187,-31.8306
2205.000000,0,17.8989,186.1744,17.8060,-27.5264,-27.5997
2205.000000,1,17.8989,186.3017,16.8623,-28.5975,-28.6449
2205.000000,2,17.8989,186.4286,15.0074,-30.5793,-30.6030
2205.000000,3,17.8989,186.5551,11.9146,-33.7985,-33.8072
2205.000000,4,17.8989,186.6811,7.6911,-38.1480,-38.1499
2205.000000,5,17.8989,186.2753,17.5009,-27.9324,-27.9925
2205.000000,6,17.8989,186.3997,17.5670,-27.9908,-28.0406
2205.000000,7,17.8989,186.5239,16.6867,-28.9953,-29.0279
2205.000000,8,17.8989,186.6477,14.7358,-31.0700,-31.0871
2205.000000,9,17.8989,186.7712,11.5882,-34.3410,-34.3479
2205.000000,10,17.8989,186.3771,16.2719,-29.2632,-29.2971
2205.000000,11,17.8989,186.4988,16.6882,-28.9686,-29.0056
2205.000000,12,17.8989,186.6203,16.8751,-28.9033,-28.9338
2205.000000,13,17.8989,186.7415,16.0558,-29.8438,-29.8641
2205.000000,14,17.8989,186.8623,14.2396,-31.7808,-31.7921
2205.000000,15,17.8989,186.4798,13.5853,-32.0526,-32.0648
2205.000000,16,17.8989,186.5988,14.9228,-30.8340,-30.8532
2205.000000,17,17.8989,186.7176,15.5251,-30.3505,-30.3714
2205.000000,18,17.8989,186.8362,15.7525,-30.2417,-30.2594
2205.000000,19,17.8989,186.9545,14.9522,-31.1603,-31.1732
2205.000000,20,17.8989,186.5833,8.6207,-37.1207,-37.1228
2205.000000,21,17.8989,186.6995,11.8764,-33.9811,-33.9874
2205.000000,22,17.8989,186.8157,13.0935,-32.8802,-32.8905
2205.000000,23,17.8989,186.9317,13.9963,-32.0935,-32.1052
2205.000000,24,17.8989,187.0476,14.1774,-32.0282,-32.0397
2206.000000,0,17.8032,186.2012,17.7993,-27.5599,-27.6301
2206.000000,1,17.8032,186.3278,16.8276,-28.6583,-28.7037
2206.000000,2,17.8032,186.4541,14.9264,-30.6857,-30.7084
2206.000000,3,17.8032,186.5799,11.8302,-33.9077,-33.9161
2206.000000,4,17.8032,186.7052,7.5021,-38.3611,-38.3630
2206.000000,5,17.8032,186.3023,17.4333,-28.0271,-28.0842
2206.000000,6,17.8032,186.4261,17.5051,-28.0791,-28.1262
2206.000000,7,17.8032,186.5496,16.6135,-29.0942,-29.1250
2206.000000,8,17.8032,186.6728,14.6516,-31.1793,-31.1953
2206.000000,9,17.8032,186.7956,11.4673,-34.4864,-34.4929
2206.000000,10,17.8032,186.4044,16.1598,-29.4026,-29.4346
2206.000000,11,17.8032,186.5254,16.5778,-29.1056,-29.1405
2206.000000,12,17.8032,186.6462,16.7678,-29.0365,-29.0652
2206.000000,13,17.8032,186.7668,15.9299,-29.9949,-30.0141
2206.000000,14,17.8032,186.8870,14.0937,-31.9514,-31.9620
2206.000000,15,17.8032,186.5073,13.4669,-32.1984,-32.2099
2206.000000,16,17.8032,186.6256,14.7746,-31.0090,-31.0270
2206.000000,17,17.8032,186.7437,15.4027,-30.4991,-30.5187
2206.000000,18,17.8032,186.8617,15.6041,-30.4157,-30.4324
2206.000000,19,17.8032,186.9794,14.7762,-31.3612,-31.3735
2206.000000,20,17.8032,186.6109,8.5298,-37.2391,-37.2412
2206.000000,21,17.8032,186.7265,11.7347,-34.1498,-34.1557
2206.000000,22,17.8032,186.8420,12.9378,-33.0622,-33.0719
2206.000000,23,17.8032,186.9574,13.8424,-32.2730,-32.2843
2206.000000,24,17.8032,187.0727,13.9859,-32.2448,-32.2560
2207.000000,0,17.7077,186.2281,17.7855,-27.6006,-27.6678
2207.000000,1,17.7077,186.3540,16.8092,-28.7029,-28.7463
2207.000000,2,17.7077,186.4796,14.8381,-30.7995,-30.8212
2207.000000,3,17.7077,186.6048,11.7386,-34.0243,-34.0322
2207.000000,4,17.7077,186.7295,7.3023,-38.5853,-38.5871
2207.000000,5,17.7077,186.3295,17.3596,-28.1279,-28.1820
2207.000000,6,17.7077,186.4526,17.4372,-28.1734,-28.2180
2207.000000,7,17.7077,186.5754,16.5346,-29.1988,-29.2279
2207.000000,8,17.7077,186.6980,14.5620,-31.2940,-31.3091
2207.000000,9,17.7077,186.8201,11.3677,-34.6105,-34.6166
2207.000000,10,17.7077,186.4317,16.0421,-29.5477,-29.5779
2207.000000,11,17.7077,186.5521,16.4618,-29.2483,-29.2811
2207.000000,12,17.7077,186.6722,16.6549,-29.1754,-29.2023
2207.000000,13,17.7077,186.7921,15.7985,-30.1517,-30.1696
2207.000000,14,17.7077,186.9118,13.9423,-32.1275,-32.1375
2207.000000,15,17.7077,186.5348,13.3429,-32.3499,-32.3608
2207.000000,16,17.7077,186.6524,14.6204,-31.1900,-31.2070
2207.000000,17,17.7077,186.7699,15.2744,-30.6535,-30.6719
2207.000000,18,17.7077,186.8872,15.4496,-30.5957,-30.6114
2207.000000,19,17.7077,187.0044,14.5940,-31.5684,-31.5802
2207.000000,20,17.7077,186.6385,8.4327,-37.3638,-37.3658
2207.000000,21,17.7077,186.7534,11.5863,-34.3252,-34.3309
2207.000000,22,17.7077,186.8683,12.7812,-33.2452,-33.2544
2207.000000,23,17.7077,186.9831,13.6817,-32.4595,-32.4702
2207.000000,24,17.7077,187.0978,13.7870,-32.4688,-32.4798
2208.000000,0,17.6122,186.2550,17.7647,-27.6484,-27.7126
2208.000000,1,17.6122,186.3803,16.7841,-28.7542,-28.7956
2208.000000,2,17.6122,186.5052,14.7425,-30.9207,-30.9414
2208.000000,3,17.6122,186.6297,11.6396,-34.1481,-34.1557
2208.000000,4,17.6122,186.7538,7.0909,-38.8209,-38.8226
2208.000000,5,17.6122,186.3566,17.2800,-28.2346,-28.2860
2208.000000,6,17.6122,186.4790,17.3634,-28.2737,-28.3157
2208.000000,7,17.6122,186.6012,16.4501,-29.3092,-29.3365
2208.000000,8,17.6122,186.7231,14.4671,-31.4141,-31.4284
2208.000000,9,17.6122,186.8447,11.2629,-34.7398,-34.7456
2208.000000,10,17.6122,186.4591,15.9187,-29.6984,-29.7269
2208.000000,11,17.6122,186.5787,16.3579,-29.3789,-29.4097
2208.000000,12,17.6122,186.6982,16.5363,-29.3199,-29.3451
2208.000000,13,17.6122,186.8175,15.6615,-30.3140,-30.3309
2208.000000,14,17.6122,186.9365,13.7854,-32.3091,-32.3186
2208.000000,15,17.6122,186.5623,13.2132,-32.5071,-32.5174
2208.000000,16,17.6122,186.6792,14.4600,-31.3773,-31.3933
2208.000000,17,17.6122,186.7961,15.1403,-30.8138,-30.8311
2208.000000,18,17.6122,186.9128,15.2890,-30.7818,-30.7967
2208.000000,19,17.6122,187.0293,14.4054,-31.7820,-31.7933
2208.000000,20,17.6122,186.6662,8.3295,-37.4947,-37.4966
2208.000000,21,17.6122,186.7804,11.4309,-34.5076,-34.5130
2208.000000,22,17.6122,186.8947,12.6175,-33.4353,-33.4440
2208.000000,23,17.6122,187.0089,13.5141,-32.6529,-32.6632
2208.000000,24,17.6122,187.1229,13.5805,-32.7004,-32.7113
2209.000000,0,17.5168,186.2820,17.7369,-27.7032,-27.7644
2209.000000,1,17.5168,186.4066,16.7526,-28.8120,-28.8514
2209.000000,2,17.5168,186.5308,14.6395,-31.0494,-31.0691
2209.000000,3,17.5168,186.6547,11.5332,-34.2795,-34.2867
2209.000000,4,17.5168,186.7781,6.8675,-39.0686,-39.0703
2209.000000,5,17.5168,186.3838,17.1944,-28.3474,-28.3960
2209.000000,6,17.5168,186.5056,17.2837,-28.3799,-28.4196
2209.000000,7,17.5168,186.6271,16.3599,-29.4253,-29.4510
2209.000000,8,17.5168,186.7483,14.3666,-31.5398,-31.5532
2209.000000,9,17.5168,186.8692,11.1530,-34.8743,-34.8797
2209.000000,10,17.5168,186.4864,15.7896,-29.8549,-29.8817
2209.000000,11,17.5168,186.6054,16.2510,-29.5125,-29.5414
2209.000000,12,17.5168,186.7243,16.4121,-29.4702,-29.4938
2209.000000,13,17.5168,186.8430,15.5189,-30.4821,-30.4980
2209.000000,14,17.5168,186.9613,13.6229,-32.4965,-32.5056
2209.000000,15,17.5168,186.5898,13.0777,-32.6702,-32.6799
2209.000000,16,17.5168,186.7061,14.2932,-31.5710,-31.5860
2209.000000,17,17.5168,186.8223,15.0002,-30.9802,-30.9965
2209.000000,18,17.5168,186.9384,15.1222,-30.9743,-30.9884
2209.000000,19,17.5168,187.0543,14.2102,-32.0021,-32.0131
2209.000000,20,17.5168,186.6938,8.2198,-37.6320,-37.6338
2209.000000,21,17.5168,186.8075,11.2683,-34.6972,-34.7022
2209.000000,22,17.5168,186.9211,12.4466,-33.6326,-33.6409
2209.000000,23,17.5168,187.0347,13.3392,-32.8535,-32.8635
2209.000000,24,17.5168,187.1481,13.3662,-32.9399,-32.9507
2210.000000,0,17.4215,186.3090,17.7022,-27.7649,-27.8232
2210.000000,1,17.4215,186.4329,16.7146,-28.8764,-28.9138
2210.000000,2,17.4215,186.5565,14.5653,-31.1493,-31.1680
2210.000000,3,17.4215,186.6797,11.4192,-34.4186,-34.4254
2210.000000,4,17.4215,186.8025,6.6314,-39.3292,-39.3308
2210.000000,5,17.4215,186.4110,17.1029,-28.4662,-28.5121
2210.000000,6,17.4215,186.5321,17.1981,-28.4921,-28.5294
2210.000000,7,17.4215,186.6530,16.2639,-29.5471,-29.5713
2210.000000,8,17.4215,186.7736,14.2605,-31.6711,-31.6837
2210.000000,9,17.4215,186.8939,11.0378,-35.0141,-35.0193
2210.000000,10,17.4215,186.5138,15.6548,-30.0171,-30.0424
2210.000000,11,17.4215,186.6322,16.1383,-29.6519,-29.6790
2210.000000,12,17.4215,186.7504,16.2821,-29.6263,-29.6484
2210.000000,13,17.4215,186.8684,15.3704,-30.6561,-30.6710
2210.000000,14,17.4215,186.9862,13.4544,-32.6898,-32.6984
2210.000000,15,17.4215,186.6174,12.9362,-32.8392,-32.8483
2210.000000,16,17.4215,186.7330,14.1199,-31.7711,-31.7852
2210.000000,17,17.4215,186.8486,14.8540,-31.1527,-31.1680
2210.000000,18,17.4215,186.9641,14.9490,-31.1731,-31.1866
2210.000000,19,17.4215,187.0793,14.0083,-32.2291,-32.2398
2210.000000,20,17.4215,186.7215,8.1037,-37.7759,-37.7776
2210.000000,21,17.4215,186.8345,11.0985,-34.8941,-34.8989
2210.000000,22,17.4215,186.9475,12.2683,-33.8373,-33.8452
2210.000000,23,17.4215,187.0605,13.1570,-33.0614,-33.0712
2210.000000,24,17.4215,187.1733,13.1438,-33.1876,-33.1983
2211.000000,0,17.3263,186.3361,17.6607,-27.8334,-27.8888
2211.000000,1,17.3263,186.4593,16.6701,-28.9472,-28.9828
2211.000000,2,17.3263,186.5822,14.5207,-31.2195,-31.2373
2211.000000,3,17.3263,186.7048,11.2974,-34.5654,-34.5720
2211.000000,4,17.3263,186.8270,6.5043,-39.4807,-39.4823
2211.000000,5,17.3263,186.4383,17.0054,-28.5910,-28.6342
2211.000000,6,17.3263,186.5587,17.1065,-28.6102,-28.6454
2211.000000,7,17.3263,186.6789,16.1622,-29.6748,-29.6975
2211.000000,8,17.3263,186.7989,14.1489,-31.8081,-31.8199
2211.000000,9,17.3263,186.9186,10.9171,-35.1595,-35.1643
2211.000000,10,17.3263,186.5413,15.5141,-30.1852,-30.2090
2211.000000,11,17.3263,186.6589,16.0199,-29.7970,-29.8224
2211.000000,12,17.3263,186.7765,16.1463,-29.7882,-29.8090
2211.000000,13,17.3263,186.8939,15.2160,-30.8359,-30.8500
2211.000000,14,17.3263,187.0111,13.2800,-32.8891,-32.8973
2211.000000,15,17.3263,186.6449,12.7888,-33.0142,-33.0228
2211.000000,16,17.3263,186.7599,13.9400,-31.9780,-31.9912
2211.000000,17,17.3263,186.8749,14.7015,-31.3314,-31.3458
2211.000000,18,17.3263,186.9897,14.7692,-31.3786,-31.3914
2211.000000,19,17.3263,187.1044,13.7993,-32.4631,-32.4735
2211.000000,20,17.3263,186.7492,7.9809,-37.9263,-37.9279
2211.000000,21,17.3263,186.8615,10.9211,-35.0985,-35.1031
2211.000000,22,17.3263,186.9739,12.0823,-34.0496,-34.0572
2211.000000,23,17.3263,187.0863,12.9673,-33.2770,-33.2865
2211.000000,24,17.3263,187.1985,13.0514,-33.3051,-33.3158
2212.000000,0,17.2312,186.3632,17.6126,-27.9087,-27.9613
2212.000000,1,17.2312,186.4857,16.6192,-29.0245,-29.0582
2212.000000,2,17.2312,186.6079,14.4699,-31.2961,-31.3129
2212.000000,3,17.2312,186.7299,11.1676,-34.7203,-34.7265
2212.000000,4,17.2312,186.8515,6.3791,-39.6304,-39.6319
2212.000000,5,17.2312,186.4656,16.9019,-28.7217,-28.7625
2212.000000,6,17.2312,186.5853,17.0090,-28.7343,-28.7673
2212.000000,7,17.2312,186.7049,16.0546,-29.8083,-29.8297
2212.000000,8,17.2312,186.8242,14.0315,-31.9508,-31.9619
2212.000000,9,17.2312,186.9433,10.7909,-35.3104,-35.3150
2212.000000,10,17.2312,186.5687,15.3675,-30.3592,-30.3815
2212.000000,11,17.2312,186.6857,15.8957,-29.9480,-29.9718
2212.000000,12,17.2312,186.8027,16.0046,-29.9561,-29.9756
2212.000000,13,17.2312,186.9194,15.0556,-31.0219,-31.0352
2212.000000,14,17.2312,187.0360,13.0994,-33.0946,-33.1025
2212.000000,15,17.2312,186.6725,12.6353,-33.1953,-33.2034
2212.000000,16,17.2312,186.7869,13.7532,-32.1917,-32.2041
2212.000000,17,17.2312,186.9012,14.5428,-31.5164,-31.5301
2212.000000,18,17.2312,187.0154,14.5827,-31.5907,-31.6031
2212.000000,19,17.2312,187.1295,13.5831,-32.7044,-32.7146
2212.000000,20,17.2312,186.7769,7.8514,-38.0835,-38.0851
2212.000000,21,17.2312,186.8886,10.7359,-35.3107,-35.3151
2212.000000,22,17.2312,187.0004,11.8885,-34.2699,-34.2772
2212.000000,23,17.2312,187.1121,12.7697,-33.5004,-33.5097
2212.000000,24,17.2312,187.2237,13.2767,-33.1051,-33.1157
2213.000000,0,17.1361,186.3903,17.5577,-27.9907,-28.0405
2213.000000,1,17.1361,186.5121,16.5619,-29.1083,-29.1402
2213.000000,2,17.1361,186.6337,14.4129,-31.3789,-31.3948
2213.000000,3,17.1361,186.7550,11.0297,-34.8834,-34.8893
2213.000000,4,17.1361,186.8760,6.2455,-39.7885,-39.7899
2213.000000,5,17.1361,186.4929,16.7925,-28.8585,-28.8968
2213.000000,6,17.1361,186.6120,16.9055,-28.8644,-28.8954
2213.000000,7,17.1361,186.7309,15.9411,-29.9478,-29.9678
2213.000000,8,17.1361,186.8496,13.9083,-32.0993,-32.1098
2213.000000,9,17.1361,186.9680,10.6591,-35.4670,-35.4714
2213.000000,10,17.1361,186.5962,15.2150,-30.5392,-30.5602
2213.000000,11,17.1361,186.7125,15.7657,-30.1049,-30.1272
2213.000000,12,17.1361,186.8288,15.8568,-30.1300,-30.1483
2213.000000,13,17.1361,186.9450,14.8890,-31.2140,-31.2267
2213.000000,14,17.1361,187.0609,12.9125,-33.3064,-33.3141
2213.000000,15,17.1361,186.7001,12.4755,-33.3827,-33.3903
2213.000000,16,17.1361,186.8138,13.5807,-32.3912,-32.4029
2213.000000,17,17.1361,186.9275,14.3776,-31.7079,-31.7209
2213.000000,18,17.1361,187.0411,14.3893,-31.8099,-31.8218
2213.000000,19,17.1361,187.1546,13.3594,-32.9532,-32.9633
2213.000000,20,17.1361,186.8046,7.7149,-38.2477,-38.2492
2213.000000,21,17.1361,186.9157,10.5427,-35.5310,-35.5351
2213.000000,22,17.1361,187.0268,11.6866,-34.4983,-34.5053
2213.000000,23,17.1361,187.1379,12.5641,-33.7319,-33.7411
2213.000000,24,17.1361,187.2490,13.4915,-32.9156,-32.9261
2214.000000,0,17.0412,186.4175,17.4962,-28.0793,-28.1265
2214.000000,1,17.0412,186.5386,16.4982,-29.1985,-29.2286
2214.000000,2,17.0412,186.6596,14.3496,-31.4680,-31.4831
2214.000000,3,17.0412,186.7802,10.8833,-35.0549,-35.0606
2214.000000,4,17.0412,186.9006,6.1031,-39.9555,-39.9569
2214.000000,5,17.0412,186.5202,16.6770,-29.0012,-29.0372
2214.000000,6,17.0412,186.6386,16.7961,-29.0006,-29.0296
2214.000000,7,17.0412,186.7569,15.8217,-30.0932,-30.1120
2214.000000,8,17.0412,186.8750,13.7792,-32.2538,-32.2637
2214.000000,9,17.0412,186.9928,10.5214,-35.6294,-35.6336
2214.000000,10,17.0412,186.6237,15.0563,-30.7254,-30.7450
2214.000000,11,17.0412,186.7394,15.6297,-30.2678,-30.2886
2214.000000,12,17.0412,186.8550,15.7030,-30.3101,-30.3272
2214.000000,13,17.0412,186.9705,14.7161,-31.4125,-31.4245
2214.000000,14,17.0412,187.0859,12.7190,-33.5249,-33.5323
2214.000000,15,17.0412,186.7277,12.3093,-33.5764,-33.5835
2214.000000,16,17.0412,186.8408,13.4101,-32.5887,-32.5998
2214.000000,17,17.0412,186.9539,14.2058,-31.9061,-31.9183
2214.000000,18,17.0412,187.0669,14.1887,-32.0362,-32.0477
2214.000000,19,17.0412,187.1797,13.1280,-33.2098,-33.2199
2214.000000,20,17.0412,186.8323,7.5713,-38.4191,-38.4205
2214.000000,21,17.0412,186.9428,10.3412,-35.7596,-35.7635
2214.000000,22,17.0412,187.0533,11.4762,-34.7351,-34.7419
2214.000000,23,17.0412,187.1638,12.3502,-33.9717,-33.9809
2214.000000,24,17.0412,187.2743,13.6964,-32.7359,-32.7464
2215.000000,0,16.9463,186.4447,17.4282,-28.1746,-28.2191
2215.000000,1,16.9463,186.5651,16.4280,-29.2951,-29.3236
2215.000000,2,16.9463,186.6854,14.2801,-31.5634,-31.5776
2215.000000,3,16.9463,186.8055,10.7690,-35.1945,-35.1999
2215.000000,4,16.9463,186.9252,5.9516,-40.1316,-40.1329
2215.000000,5,16.9463,186.5476,16.5669,-29.1388,-29.1725
2215.000000,6,16.9463,186.6653,16.6807,-29.1427,-29.1699
2215.000000,7,16.9463,186.7830,15.6963,-30.2447,-30.2623
2215.000000,8,16.9463,186.9004,13.6441,-32.4144,-32.4237
2215.000000,9,16.9463,187.0176,10.3778,-35.7979,-35.8019
2215.000000,10,16.9463,186.6512,14.8915,-30.9177,-30.9360
2215.000000,11,16.9463,186.7662,15.4877,-30.4366,-30.4561
2215.000000,12,16.9463,186.8812,15.5429,-30.4963,-30.5125
2215.000000,13,16.9463,186.9961,14.5367,-31.6175,-31.6290
2215.000000,14,16.9463,187.1109,12.5188,-33.7501,-33.7573
2215.000000,15,16.9463,186.7554,12.1367,-33.7767,-33.7834
2215.000000,16,16.9463,186.8678,13.2328,-32.7931,-32.8034
2215.000000,17,16.9463,186.9802,14.0273,-32.1110,-32.1227
2215.000000,18,16.9463,187.0926,13.9808,-32.2698,-32.2811
2215.000000,19,16.9463,187.2049,12.8884,-33.4745,-33.4846
2215.000000,20,16.9463,186.8600,7.4203,-38.5977,-38.5990
2215.000000,21,16.9463,186.9699,10.1311,-35.9968,-36.0006
2215.000000,22,16.9463,187.0798,11.2571,-34.9807,-34.9873
2215.000000,23,16.9463,187.1897,12.2872,-34.0605,-34.0696
2215.000000,24,16.9463,187.2996,13.8920,-32.5656,-32.5761
2216.000000,0,16.8516,186.4719,17.3536,-28.2764,-28.3184
2216.000000,1,16.8516,186.5917,16.3515,-29.3982,-29.4250
2216.000000,2,16.8516,186.7113,14.2042,-31.6652,-31.6786
2216.000000,3,16.8516,186.8307,10.7000,-35.2887,-35.2938
2216.000000,4,16.8516,186.9498,5.7907,-40.3172,-40.3184
2216.000000,5,16.8516,186.5750,16.4548,-29.2782,-29.3098
2216.000000,6,16.8516,186.6921,16.5592,-29.2909,-29.3164
2216.000000,7,16.8516,186.8090,15.5648,-30.4023,-30.4188
2216.000000,8,16.8516,186.9259,13.5028,-32.5811,-32.5899
2216.000000,9,16.8516,187.0425,10.2280,-35.9725,-35.9763
2216.000000,10,16.8516,186.6787,14.7205,-31.1163,-31.1334
2216.000000,11,16.8516,186.7931,15.3396,-30.6115,-30.6297
2216.000000,12,16.8516,186.9075,15.3765,-30.6890,-30.7042
2216.000000,13,16.8516,187.0218,14.3506,-31.8292,-31.8402
2216.000000,14,16.8516,187.1359,12.3116,-33.9824,-33.9894
2216.000000,15,16.8516,186.7830,11.9574,-33.9836,-33.9899
2216.000000,16,16.8516,186.8948,13.0486,-33.0042,-33.0141
2216.000000,17,16.8516,187.0066,13.8418,-32.3228,-32.3340
2216.000000,18,16.8516,187.1184,13.7654,-32.5111,-32.5221
2216.000000,19,16.8516,187.2301,12.7412,-33.6469,-33.6570
2216.000000,20,16.8516,186.8878,7.2618,-38.7840,-38.7852
2216.000000,21,16.8516,186.9970,9.9120,-36.2430,-36.2466
2216.000000,22,16.8516,187.1063,11.0289,-35.2354,-35.2419
2216.000000,23,16.8516,187.2156,12.5443,-33.8293,-33.8383
2216.000000,24,16.8516,187.3249,14.0788,-32.4041,-32.4147
2217.000000,0,16.7570,186.4991,17.2724,-28.3847,-28.4243
2217.000000,1,16.7570,186.6183,16.2686,-29.5077,-29.5330
2217.000000,2,16.7570,186.7373,14.1220,-31.7733,-31.7860
2217.000000,3,16.7570,186.8560,10.6247,-35.3893,-35.3942
2217.000000,4,16.7570,186.9745,5.6199,-40.5127,-40.5138
2217.000000,5,16.7570,186.6024,16.3367,-29.4237,-29.4533
2217.000000,6,16.7570,186.7188,16.4316,-29.4453,-29.4691
2217.000000,7,16.7570,186.8352,15.4271,-30.5661,-30.5816
2217.000000,8,16.7570,186.9514,13.3553,-32.7541,-32.7625
2217.000000,9,16.7570,187.0673,10.0719,-36.1535,-36.1572
2217.000000,10,16.7570,186.7062,14.5429,-31.3213,-31.3374
2217.000000,11,16.7570,186.8200,15.1854,-30.7926,-30.8097
2217.000000,12,16.7570,186.9338,15.2037,-30.8881,-30.9026
2217.000000,13,16.7570,187.0474,14.1578,-32.0477,-32.0583
2217.000000,14,16.7570,187.1609,12.0971,-34.2219,-34.2289
2217.000000,15,16.7570,186.8106,11.7712,-34.1975,-34.2034
2217.000000,16,16.7570,186.9218,12.8573,-33.2225,-33.2318
2217.000000,17,16.7570,187.0330,13.6492,-32.5418,-32.5525
2217.000000,18,16.7570,187.1442,13.5420,-32.7602,-32.7711
2217.000000,19,16.7570,187.2553,12.9395,-33.4738,-33.4838
2217.000000,20,16.7570,186.9155,7.0956,-38.9779,-38.9791
2217.000000,21,16.7570,187.0241,9.6836,-36.4985,-36.5020
2217.000000,22,16.7570,187.1328,10.7913,-35.4995,-35.5059
2217.000000,23,16.7570,187.2415,12.7897,-33.6098,-33.6187
2217.000000,24,16.7570,187.3502,14.2572,-32.2510,-32.2618
2218.000000,0,16.6625,186.5264,17.1848,-28.4996,-28.5369
2218.000000,1,16.6625,186.6449,16.1792,-29.6237,-29.6474
2218.000000,2,16.6625,186.7632,14.0333,-31.8880,-31.8999
2218.000000,3,16.6625,186.8814,10.5429,-35.4965,-35.5010
2218.000000,4,16.6625,186.9992,5.4389,-40.7184,-40.7196
2218.000000,5,16.6625,186.6298,16.2126,-29.5753,-29.6030
2218.000000,6,16.6625,186.7456,16.2978,-29.6058,-29.6281
2218.000000,7,16.6625,186.8613,15.2831,-30.7362,-30.7509
2218.000000,8,16.6625,186.9769,13.2014,-32.9335,-32.9415
2218.000000,9,16.6625,187.0922,9.9093,-36.3410,-36.3445
2218.000000,10,16.6625,186.7338,14.3589,-31.5330,-31.5480
2218.000000,11,16.6625,186.8469,15.0250,-30.9800,-30.9960
2218.000000,12,16.6625,186.9600,15.0242,-31.0939,-31.1076
2218.000000,13,16.6625,187.0731,13.9578,-32.2733,-32.2836
2218.000000,14,16.6625,187.1860,11.8751,-34.4690,-34.4759
2218.000000,15,16.6625,186.8383,11.5780,-34.4183,-34.4239
2218.000000,16,16.6625,186.9488,12.6588,-33.4481,-33.4569
2218.000000,17,16.6625,187.0594,13.4493,-32.7681,-32.7785
2218.000000,18,16.6625,187.1700,13.3105,-33.0175,-33.0284
2218.000000,19,16.6625,187.2805,13.1285,-33.3100,-33.3200
2218.000000,20,16.6625,186.9432,6.9213,-39.1800,-39.1811
2218.000000,21,16.6625,187.0512,9.4455,-36.7637,-36.7671
2218.000000,22,16.6625,187.1593,10.5437,-35.7736,-35.7799
2218.000000,23,16.6625,187.2674,13.0240,-33.4014,-33.4103
2218.000000,24,16.6625,187.3755,14.4277,-32.1058,-32.1168
2219.000000,0,16.5681,186.5537,17.0907,-28.6210,-28.6560
2219.000000,1,16.5681,186.6715,16.0834,-29.7462,-29.7685
2219.000000,2,16.5681,186.7892,13.9382,-32.0091,-32.0203
2219.000000,3,16.5681,186.9067,10.4546,-35.6102,-35.6145
2219.000000,4,16.5681,187.0240,5.2471,-40.9350,-40.9361
2219.000000,5,16.5681,186.6572,16.0823,-29.7330,-29.7588
2219.000000,6,16.5681,186.7724,16.1578,-29.7726,-29.7935
2219.000000,7,16.5681,186.8874,15.1327,-30.9127,-30.9266
2219.000000,8,16.5681,187.0024,13.0409,-33.1196,-33.1272
2219.000000,9,16.5681,187.1172,9.7400,-36.5352,-36.5387
2219.000000,10,16.5681,186.7613,14.1681,-31.7513,-31.7653
2219.000000,11,16.5681,186.8738,14.8582,-31.1737,-31.1887
2219.000000,12,16.5681,186.9863,14.8379,-31.3065,-31.3196
2219.000000,13,16.5681,187.0988,13.7506,-32.5062,-32.5163
2219.000000,14,16.5681,187.2111,11.6452,-34.7239,-34.7309
2219.000000,15,16.5681,186.8659,11.3775,-34.6465,-34.6517
2219.000000,16,16.5681,186.9758,12.4527,-33.6811,-33.6895
2219.000000,17,16.5681,187.0858,13.2419,-33.0019,-33.0121
2219.000000,18,16.5681,187.1958,13.0705,-33.2834,-33.2942
2219.000000,19,16.5681,187.3057,13.3087,-33.1550,-33.1650
2219.000000,20,16.5681,186.9710,6.7386,-39.3903,-39.3914
2219.000000,21,16.5681,187.0783,9.1971,-37.0392,-37.0425
2219.000000,22,16.5681,187.1858,10.5831,-35.7607,-35.7670
2219.000000,23,16.5681,187.2933,13.2479,-33.2035,-33.2124
2219.000000,24,16.5681,187.4009,14.5906,-31.9683,-31.9795
2220.000000,0,16.4739,186.5810,16.9902,-28.7489,-28.7818
2220.000000,1,16.4739,186.6982,15.9811,-29.8751,-29.8961
2220.000000,2,16.4739,186.8153,13.8365,-32.1368,-32.1474
2220.000000,3,16.4739,186.9321,10.3596,-35.7306,-35.7347
2220.000000,4,16.4739,187.0488,5.0441,-41.1628,-41.1638
2220.000000,5,16.4739,186.6847,15.9459,-29.8968,-29.9209
2220.000000,6,16.4739,186.7992,16.0115,-29.9457,-29.9653
2220.000000,7,16.4739,186.9136,14.9758,-31.0958,-31.1089
2220.000000,8,16.4739,187.0280,12.8737,-33.3124,-33.3197
2220.000000,9,16.4739,187.1421,9.5638,-36.7364,-36.7398
2220.000000,10,16.4739,186.7889,13.9704,-31.9765,-31.9897
2220.000000,11,16.4739,186.9008,14.6849,-31.3739,-31.3881
2220.000000,12,16.4739,187.0127,14.6446,-31.5261,-31.5386
2220.000000,13,16.4739,187.1245,13.5359,-32.7467,-32.7565
2220.000000,14,16.4739,187.2362,11.4072,-34.9871,-34.9940
2220.000000,15,16.4739,186.8936,11.1695,-34.8822,-34.8871
2220.000000,16,16.4739,187.0029,12.2390,-33.9219,-33.9299
2220.000000,17,16.4739,187.1122,13.0266,-33.2436,-33.2535
2220.000000,18,16.4739,187.2216,13.1496,-33.2300,-33.2408
2220.000000,19,16.4739,187.3310,13.4807,-33.0083,-33.0184
2220.000000,20,16.4739,186.9987,6.5474,-39.6093,-39.6104
2220.000000,21,16.4739,187.1054,8.9381,-37.3253,-37.3286
2220.000000,22,16.4739,187.2123,10.8741,-35.4963,-35.5024
2220.000000,23,16.4739,187.3193,13.4618,-33.0154,-33.0244
2220.000000,24,16.4739,187.4262,14.7463,-31.8379,-31.8495
2221.000000,0,16.3797,186.6084,16.8831,-28.8833,-28.9141
2221.000000,1,16.3797,186.7249,15.8722,-30.0107,-30.0304
2221.000000,2,16.3797,186.8413,13.7282,-32.2712,-32.2812
2221.000000,3,16.3797,186.9576,10.2578,-35.8578,-35.8617
2221.000000,4,16.3797,187.0736,4.8292,-41.4024,-41.4035
2221.000000,5,16.3797,186.7122,15.8034,-30.0668,-30.0893
2221.000000,6,16.3797,186.8260,15.8588,-30.1253,-30.1436
2221.000000,7,16.3797,186.9398,14.8123,-31.2856,-31.2980
2221.000000,8,16.3797,187.0536,12.6995,-33.5121,-33.5192
2221.000000,9,16.3797,187.1671,9.3804,-36.9447,-36.9481
2221.000000,10,16.3797,186.8165,13.7657,-32.2089,-32.2212
2221.000000,11,16.3797,186.9277,14.5050,-31.5808,-31.5942
2221.000000,12,16.3797,187.0390,14.4442,-31.7528,-31.7649
2221.000000,13,16.3797,187.1502,13.3133,-32.9949,-33.0047
2221.000000,14,16.3797,187.2614,11.1607,-35.2587,-35.2658
2221.000000,15,16.3797,186.9213,10.9537,-35.1256,-35.1302
2221.000000,16,16.3797,187.0299,12.0172,-34.1708,-34.1785
2221.000000,17,16.3797,187.1387,12.8033,-33.4934,-33.5032
2221.000000,18,16.3797,187.2475,13.3703,-33.0352,-33.0459
2221.000000,19,16.3797,187.3562,13.6447,-32.8696,-32.8798
2221.000000,20,16.3797,187.0264,6.3471,-39.8373,-39.8383
2221.000000,21,16.3797,187.1325,8.6678,-37.6228,-37.6260
2221.000000,22,16.3797,187.2388,11.1518,-35.2450,-35.2512
2221.000000,23,16.3797,187.3452,13.6665,-32.8367,-32.8458
2221.000000,24,16.3797,187.4516,14.8952,-31.7145,-31.7263
2222.000000,0,16.2857,186.6358,16.7695,-29.0243,-29.0531
2222.000000,1,16.2857,186.7516,15.7568,-30.1528,-30.1713
2222.000000,2,16.2857,186.8674,13.6132,-32.4123,-32.4217
2222.000000,3,16.2857,186.9830,10.1491,-35.9920,-35.9957
2222.000000,4,16.2857,187.0985,4.6893,-41.5672,-41.5682
2222.000000,5,16.2857,186.7397,15.6546,-30.2431,-30.2641
2222.000000,6,16.2857,186.8529,15.6996,-30.3113,-30.3285
2222.000000,7,16.2857,186.9661,14.6419,-31.4822,-31.4939
2222.000000,8,16.2857,187.0792,12.5182,-33.7190,-33.7259
2222.000000,9,16.2857,187.1922,9.1896,-37.1606,-37.1639
2222.000000,10,16.2857,186.8441,13.5712,-32.4309,-32.4424
2222.000000,11,16.2857,186.9547,14.3183,-31.7944,-31.8071
2222.000000,12,16.2857,187.0653,14.2364,-31.9870,-31.9986
2222.000000,13,16.2857,187.1760,13.0827,-33.2513,-33.2610
2222.000000,14,16.2857,187.2865,11.0648,-35.3798,-35.3869
2222.000000,15,16.2857,186.9489,10.7299,-35.3771,-35.3815
2222.000000,16,16.2857,187.0570,11.7871,-34.4280,-34.4354
2222.000000,17,16.2857,187.1651,12.5716,-33.7516,-33.7613
2222.000000,18,16.2857,187.2733,13.5807,-32.8507,-32.8613
2222.000000,19,16.2857,187.3815,13.8012,-32.7383,-32.7487
2222.000000,20,16.2857,187.0541,6.1376,-40.0746,-40.0756
2222.000000,21,16.2857,187.1597,8.3856,-37.9321,-37.9353
2222.000000,22,16.2857,187.2654,11.4172,-35.0062,-35.0123
2222.000000,23,16.2857,187.3711,13.8624,-32.6668,-32.6761
2222.000000,24,16.2857,187.4770,15.0375,-31.5975,-31.6098
2223.000000,0,16.1919,186.6631,16.6494,-29.1717,-29.1987
2223.000000,1,16.1919,186.7783,15.6347,-30.3017,-30.3190
2223.000000,2,16.1919,186.8935,13.4913,-32.5602,-32.5692
2223.000000,3,16.1919,187.0085,10.0333,-36.1332,-36.1368
2223.000000,4,16.1919,187.1233,4.5970,-41.6844,-41.6854
2223.000000,5,16.1919,186.7672,15.4996,-30.4256,-30.4453
2223.000000,6,16.1919,186.8797,15.5338,-30.5040,-30.5202
2223.000000,7,16.1919,186.9923,14.4646,-31.6857,-31.6970
2223.000000,8,16.1919,187.1048,12.3296,-33.9333,-33.9400
2223.000000,9,16.1919,187.2172,8.9911,-37.3842,-37.3875
2223.000000,10,16.1919,186.8717,13.3766,-32.6531,-32.6639
2223.000000,11,16.1919,186.9817,14.1247,-32.0150,-32.0271
2223.000000,12,16.1919,187.0917,14.0210,-32.2287,-32.2401
2223.000000,13,16.1919,187.2017,12.8436,-33.5162,-33.5258
2223.000000,14,16.1919,187.3117,11.2490,-35.2207,-35.2279
2223.000000,15,16.1919,186.9766,10.4977,-35.6369,-35.6411
2223.000000,16,16.1919,187.0840,11.5483,-34.6938,-34.7010
2223.000000,17,16.1919,187.1916,12.4256,-33.9240,-33.9336
2223.000000,18,16.1919,187.2992,13.7813,-32.6759,-32.6866
2223.000000,19,16.1919,187.4068,13.9507,-32.6141,-32.6247
2223.000000,20,16.1919,187.0819,5.9182,-40.3217,-40.3227
2223.000000,21,16.1919,187.1868,8.0909,-38.2540,-38.2571
2223.000000,22,16.1919,187.2919,11.6709,-34.7790,-34.7851
2223.000000,23,16.1919,187.3971,14.0498,-32.5053,-32.5148
2223.000000,24,16.1919,187.5024,15.1735,-31.4869,-31.4996
2224.000000,0,16.0981,186.6905,16.5228,-29.3258,-29.3510
2224.000000,1,16.0981,186.8051,15.5059,-30.4573,-30.4736
2224.000000,2,16.0981,186.9196,13.3625,-32.7152,-32.7237
2224.000000,3,16.0981,187.0340,9.9103,-36.2817,-36.2852
2224.000000,4,16.0981,187.1483,4.4970,-41.8093,-41.8103
2224.000000,5,16.0981,186.7947,15.3382,-30.6146,-30.6329
2224.000000,6,16.0981,186.9066,15.3612,-30.7034,-30.7187
2224.000000,7,16.0981,187.0186,14.2802,-31.8964,-31.9072
2224.000000,8,16.0981,187.1305,12.1333,-34.1552,-34.1618
2224.000000,9,16.0981,187.2423,8.7844,-37.6158,-37.6192
2224.000000,10,16.0981,186.8993,13.1750,-32.8823,-32.8925
2224.000000,11,16.0981,187.0086,13.9240,-32.2427,-32.2542
2224.000000,12,16.0981,187.1181,13.7977,-32.4784,-32.4896
2224.000000,13,16.0981,187.2275,12.5957,-33.7898,-33.7995
2224.000000,14,16.0981,187.3369,11.4765,-35.0184,-35.0256
2224.000000,15,16.0981,187.0043,10.2568,-35.9055,-35.9095
2224.000000,16,16.0981,187.1111,11.3005,-34.9686,-34.9757
2224.000000,17,16.0981,187.2180,12.6790,-33.6971,-33.7065
2224.000000,18,16.0981,187.3251,13.9728,-32.5103,-32.5210
2224.000000,19,16.0981,187.4321,14.0934,-32.4967,-32.5076
2224.000000,20,16.0981,187.1096,5.6886,-40.5790,-40.5799
2224.000000,21,16.0981,187.2139,7.9333,-38.4387,-38.4419
2224.000000,22,16.0981,187.3184,11.9137,-34.5627,-34.5689
2224.000000,23,16.0981,187.4231,14.2293,-32.3518,-32.3615
2224.000000,24,16.0981,187.5278,15.3035,-31.3823,-31.3954
2225.000000,0,16.0045,186.7180,16.3895,-29.4865,-29.5100
2225.000000,1,16.0045,186.8319,15.3702,-30.6197,-30.6350
2225.000000,2,16.0045,186.9458,13.2266,-32.8772,-32.8853
2225.000000,3,16.0045,187.0596,9.7800,-36.4376,-36.4410
2225.000000,4,16.0045,187.1732,4.3891,-41.9422,-41.9431
2225.000000,5,16.0045,186.8222,15.1703,-30.8100,-30.8271
2225.000000,6,16.0045,186.9335,15.1818,-30.9098,-30.9242
2225.000000,7,16.0045,187.0448,14.0883,-32.1145,-32.1249
2225.000000,8,16.0045,187.1561,11.9293,-34.3849,-34.3914
2225.000000,9,16.0045,187.2673,8.5695,-37.8559,-37.8593
2225.000000,10,16.0045,186.9269,12.9663,-33.1187,-33.1282
2225.000000,11,16.0045,187.0356,13.7159,-32.4778,-32.4888
2225.000000,12,16.0045,187.1445,13.5662,-32.7363,-32.7473
2225.000000,13,16.0045,187.2533,12.5810,-33.8304,-33.8401
2225.000000,14,16.0045,187.3621,11.6986,-34.8216,-34.8288
2225.000000,15,16.0045,187.0320,10.0069,-36.1831,-36.1870
2225.000000,16,16.0045,187.1382,11.0433,-35.2529,-35.2598
2225.000000,17,16.0045,187.2445,12.9203,-33.4822,-33.4916
2225.000000,18,16.0045,187.3509,14.1556,-32.3534,-32.3643
2225.000000,19,16.0045,187.4574,14.2297,-32.3858,-32.3969
2225.000000,20,16.0045,187.1373,5.4483,-40.8470,-40.8480
2225.000000,21,16.0045,187.2410,8.2508,-38.1482,-38.1514
2225.000000,22,16.0045,187.3450,12.1462,-34.3568,-34.3630
2225.000000,23,16.0045,187.4490,14.4012,-32.2058,-32.2159
2225.000000,24,16.0045,187.5532,15.4278,-31.2834,-31.2970
2226.000000,0,15.9111,186.7454,16.2496,-29.6538,-29.6759
2226.000000,1,15.9111,186.8587,15.2277,-30.7890,-30.8035
2226.000000,2,15.9111,186.9719,13.0835,-33.0464,-33.0541
2226.000000,3,15.9111,187.0851,9.6420,-36.6011,-36.6044
2226.000000,4,15.9111,187.1982,4.2730,-42.0832,-42.0842
2226.000000,5,15.9111,186.8497,14.9958,-31.0120,-31.0280
2226.000000,6,15.9111,186.9604,14.9953,-31.1231,-31.1368
2226.000000,7,15.9111,187.0711,13.8890,-32.3402,-32.3503
2226.000000,8,15.9111,187.1818,11.7170,-34.6228,-34.6293
2226.000000,9,15.9111,187.2924,8.3457,-38.1048,-38.1082
2226.000000,10,15.9111,186.9545,12.7502,-33.3624,-33.3714
2226.000000,11,15.9111,187.0626,13.5003,-32.7204,-32.7310
2226.000000,12,15.9111,187.1708,13.3262,-33.0026,-33.0135
2226.000000,13,15.9111,187.2791,12.7877,-33.6495,-33.6592
2226.000000,14,15.9111,187.3873,11.9103,-34.6351,-34.6424
2226.000000,15,15.9111,187.0596,9.7474,-36.4703,-36.4740
2226.000000,16,15.9111,187.1652,10.7762,-35.5470,-35.5539
2226.000000,17,15.9111,187.2710,13.1504,-33.2787,-33.2879
2226.000000,18,15.9111,187.3768,14.3302,-32.2047,-32.2157
2226.000000,19,15.9111,187.4827,14.3598,-32.2810,-32.2924
2226.000000,20,15.9111,187.1650,5.1967,-41.1264,-41.1273
2226.000000,21,15.9111,187.2681,8.5546,-37.8716,-37.8747
2226.000000,22,15.9111,187.3715,12.3689,-34.1606,-34.1669
2226.000000,23,15.9111,187.4750,14.5659,-32.0671,-32.0775
2226.000000,24,15.9111,187.5786,15.5466,-31.1900,-31.2041
2227.000000,0,15.8178,186.7728,16.1029,-29.8279,-29.8485
2227.000000,1,15.8178,186.8855,15.0781,-30.9654,-30.9790
2227.000000,2,15.8178,186.9981,12.9331,-33.2231,-33.2304
2227.000000,3,15.8178,187.1107,9.4963,-36.7724,-36.7756
2227.000000,4,15.8178,187.2231,4.1485,-42.2327,-42.2336
2227.000000,5,15.8178,186.8773,14.8147,-31.2206,-31.2356
2227.000000,6,15.8178,186.9873,14.8016,-31.3437,-31.3568
2227.000000,7,15.8178,187.0974,13.6818,-32.5737,-32.5835
2227.000000,8,15.8178,187.2075,11.4963,-34.8693,-34.8757
2227.000000,9,15.8178,187.3176,8.5088,-37.9668,-37.9703
2227.000000,10,15.8178,186.9821,12.5264,-33.6138,-33.6223
2227.000000,11,15.8178,187.0896,13.2769,-32.9708,-32.9811
2227.000000,12,15.8178,187.1972,13.0774,-33.2778,-33.2887
2227.000000,13,15.8178,187.3049,12.9849,-33.4781,-33.4878
2227.000000,14,15.8178,187.4126,12.1122,-34.4584,-34.4658
2227.000000,15,15.8178,187.0873,9.4779,-36.7674,-36.7710
2227.000000,16,15.8178,187.1923,10.9112,-35.4392,-35.4459
2227.000000,17,15.8178,187.2975,13.3698,-33.0857,-33.0950
2227.000000,18,15.8178,187.4027,14.4970,-32.0638,-32.0751
2227.000000,19,15.8178,187.5081,14.4841,-32.1820,-32.1938
2227.000000,20,15.8178,187.1927,4.9332,-41.4176,-41.4185
2227.000000,21,15.8178,187.2953,8.8453,-37.6080,-37.6111
2227.000000,22,15.8178,187.3980,12.5824,-33.9736,-33.9801
2227.000000,23,15.8178,187.5010,14.7237,-31.9353,-31.9461
2227.000000,24,15.8178,187.6040,15.6602,-31.1019,-31.1165
2228.000000,0,15.7247,186.8003,15.9495,-30.0088,-30.0281
2228.000000,1,15.7247,186.9123,14.9214,-31.1490,-31.1618
2228.000000,2,15.7247,187.0243,12.7751,-33.4072,-33.4143
2228.000000,3,15.7247,187.1363,9.3426,-36.9517,-36.9548
2228.000000,4,15.7247,187.2481,4.0153,-42.3908,-42.3918
2228.000000,5,15.7247,186.9048,14.6268,-31.4361,-31.4502
2228.000000,6,15.7247,187.0143,14.6006,-31.5717,-31.5842
2228.000000,7,15.7247,187.1238,13.4666,-32.8152,-32.8249
2228.000000,8,15.7247,187.2333,11.2668,-35.1245,-35.1310
2228.000000,9,15.7247,187.3427,8.8351,-37.6656,-37.6691
2228.000000,10,15.7247,187.0098,12.2948,-33.8730,-33.8812
2228.000000,11,15.7247,187.1166,13.0454,-33.2292,-33.2394
2228.000000,12,15.7247,187.2236,13.0607,-33.3210,-33.3319
2228.000000,13,15.7247,187.3307,13.1731,-33.3157,-33.3255
2228.000000,14,15.7247,187.4378,12.3050,-34.2908,-34.2984
2228.000000,15,15.7247,187.1150,9.1980,-37.0750,-37.0785
2228.000000,16,15.7247,187.2194,11.1876,-35.1898,-35.1963
2228.000000,17,15.7247,187.3239,13.5793,-32.9027,-32.9120
2228.000000,18,15.7247,187.4286,14.6564,-31.9303,-31.9418
2228.000000,19,15.7247,187.5334,14.6027,-32.0887,-32.1009
2228.000000,20,15.7247,187.2204,4.6570,-41.7214,-41.7223
2228.000000,21,15.7247,187.3224,9.1239,-37.3565,-37.3596
2228.000000,22,15.7247,187.4246,12.7872,-33.7954,-33.8020
2228.000000,23,15.7247,187.5269,14.8749,-31.8100,-31.8212
2228.000000,24,15.7247,187.6294,15.7686,-31.0188,-31.0340
2229.000000,0,15.6317,186.8278,15.7891,-30.1967,-30.2147
2229.000000,1,15.6317,186.9391,14.7574,-31.3398,-31.3520
2229.000000,2,15.6317,187.0505,12.6094,-33.5992,-33.6060
2229.000000,3,15.6317,187.1619,9.1807,-37.1393,-37.1424
2229.000000,4,15.6317,187.2732,3.8732,-42.5580,-42.5590
2229.000000,5,15.6317,186.9324,14.4320,-31.6585,-31.6718
2229.000000,6,15.6317,187.0412,14.3919,-31.8073,-31.8193
2229.000000,7,15.6317,187.1501,13.2430,-33.0652,-33.0747
2229.000000,8,15.6317,187.2590,11.0281,-35.3889,-35.3955
2229.000000,9,15.6317,187.3679,9.1448,-37.3811,-37.3846
2229.000000,10,15.6317,187.0374,12.0550,-34.1404,-34.1482
2229.000000,11,15.6317,187.1436,12.8056,-33.4961,-33.5060
2229.000000,12,15.6317,187.2501,13.2887,-33.1194,-33.1302
2229.000000,13,15.6317,187.3566,13.3528,-33.1618,-33.1717
2229.000000,14,15.6317,187.4631,12.4892,-34.1319,-34.1397
2229.000000,15,15.6317,187.1426,8.9070,-37.3937,-37.3971
2229.000000,16,15.6317,187.2464,11.4510,-34.9535,-34.9600
2229.000000,17,15.6317,187.3504,13.7794,-32.7291,-32.7385
2229.000000,18,15.6317,187.4546,14.8088,-31.8038,-31.8157
2229.000000,19,15.6317,187.5588,14.7161,-32.0007,-32.0133
2229.000000,20,15.6317,187.2481,4.3675,-42.0386,-42.0396
2229.000000,21,15.6317,187.3495,9.3910,-37.1164,-37.1196
2229.000000,22,15.6317,187.4511,12.9836,-33.6255,-33.6324
2229.000000,23,15.6317,187.5529,15.0198,-31.6911,-31.7027
2229.000000,24,15.6317,187.6548,15.8722,-30.9406,-30.9564
2230.000000,0,15.5388,186.8552,15.6218,-30.3915,-30.4084
2230.000000,1,15.5388,186.9660,14.5859,-31.5381,-31.5497
2230.000000,2,15.5388,187.0768,12.4358,-33.7990,-33.8057
2230.000000,3,15.5388,187.1875,9.0103,-37.3353,-37.3384
2230.000000,4,15.5388,187.2982,4.1345,-42.3218,-42.3228
2230.000000,5,15.5388,186.9599,14.2300,-31.8880,-31.9006
2230.000000,6,15.5388,187.0681,14.1754,-32.0508,-32.0624
2230.000000,7,15.5388,187.1764,13.0107,-33.3238,-33.3332
2230.000000,8,15.5388,187.2847,10.7798,-35.6630,-35.6697
2230.000000,9,15.5388,187.3930,9.4390,-37.1120,-37.1156
2230.000000,10,15.5388,187.0650,11.8067,-34.4163,-34.4238
2230.000000,11,15.5388,187.1707,12.5571,-33.7716,-33.7814
2230.000000,12,15.5388,187.2765,13.5058,-32.9287,-32.9393
2230.000000,13,15.5388,187.3824,13.5246,-33.0159,-33.0259
2230.000000,14,15.5388,187.4883,12.6652,-33.9812,-33.9892
2230.000000,15,15.5388,187.1703,8.6043,-37.7241,-37.7275
2230.000000,16,15.5388,187.2735,11.7021,-34.7295,-34.7359
2230.000000,17,15.5388,187.3769,13.9706,-32.5644,-32.5740
2230.000000,18,15.5388,187.4805,14.9544,-31.6841,-31.6963
2230.000000,19,15.5388,187.5841,14.8243,-31.9179,-31.9309
2230.000000,20,15.5388,187.2758,4.0638,-42.3700,-42.3710
2230.000000,21,15.5388,187.3765,9.6474,-36.8872,-36.8904
2230.000000,22,15.5388,187.4776,13.1721,-33.4635,-33.4706
2230.000000,23,15.5388,187.5789,15.1587,-31.5782,-31.5903
2230.000000,24,15.5388,187.6802,15.9712,-30.8671,-30.8835
2231.000000,0,15.4461,186.8827,15.4474,-30.5934,-30.6093
2231.000000,1,15.4461,186.9929,14.4069,-31.7440,-31.7551
2231.000000,2,15.4461,187.1030,12.2540,-34.0071,-34.0136
2231.000000,3,15.4461,187.2132,8.8310,-37.5402,-37.5433
2231.000000,4,15.4461,187.3233,4.5296,-41.9517,-41.9527
2231.000000,5,15.4461,186.9875,14.0208,-32.1248,-32.1367
2231.000000,6,15.4461,187.0951,13.9508,-32.3023,-32.3136
2231.000000,7,15.4461,187.2028,12.7694,-33.5914,-33.6009
2231.000000,8,15.4461,187.3105,10.9908,-35.4777,-35.4845
2231.000000,9,15.4461,187.4182,9.7190,-36.8573,-36.8609
2231.000000,10,15.4461,187.0926,11.5496,-34.7010,-34.7083
2231.000000,11,15.4461,187.1977,12.5120,-33.8437,-33.8535
2231.000000,12,15.4461,187.3029,13.7129,-32.7481,-32.7588
2231.000000,13,15.4461,187.4082,13.6887,-32.8776,-32.8879
2231.000000,14,15.4461,187.5136,12.8334,-33.8382,-33.8464
2231.000000,15,15.4461,187.1979,8.2892,-38.0668,-38.0702
2231.000000,16,15.4461,187.3005,11.9417,-34.5169,-34.5233
2231.000000,17,15.4461,187.4034,14.1533,-32.4081,-32.4179
2231.000000,18,15.4461,187.5064,15.0937,-31.5707,-31.5834
2231.000000,19,15.4461,187.6095,14.9276,-31.8399,-31.8534
2231.000000,20,15.4461,187.3034,3.9906,-42.4708,-42.4718
2231.000000,21,15.4461,187.4036,9.8935,-36.6681,-36.6714
2231.000000,22,15.4461,187.5041,13.3531,-33.3090,-33.3164
2231.000000,23,15.4461,187.6048,15.2918,-31.4710,-31.4836
2231.000000,24,15.4461,187.7057,16.0656,-30.7981,-30.8151
2232.000000,0,15.3536,186.9102,15.2657,-30.8026,-30.8176
2232.000000,1,15.3536,187.0197,14.2201,-31.9577,-31.9684
2232.000000,2,15.3536,187.1293,12.0638,-34.2235,-34.2300
2232.000000,3,15.3536,187.2389,8.6426,-37.7543,-37.7574
2232.000000,4,15.3536,187.3484,4.9050,-41.6014,-41.6024
2232.000000,5,15.3536,187.0151,13.8041,-32.3691,-32.3805
2232.000000,6,15.3536,187.1220,13.7179,-32.5622,-32.5733
2232.000000,7,15.3536,187.2291,12.5187,-33.8684,-33.8780
2232.000000,8,15.3536,187.3363,11.2441,-35.2502,-35.2570
2232.000000,9,15.3536,187.4434,9.9856,-36.6158,-36.6195
2232.000000,10,15.3536,187.1202,11.2833,-34.9949,-35.0020
2232.000000,11,15.3536,187.2247,12.7628,-33.6199,-33.6295
2232.000000,12,15.3536,187.3293,13.9103,-32.5771,-32.5879
2232.000000,13,15.3536,187.4341,13.8456,-32.7465,-32.7571
2232.000000,14,15.3536,187.5389,12.9944,-33.7026,-33.7111
2232.000000,15,15.3536,187.2256,8.3546,-38.0289,-38.0323
2232.000000,16,15.3536,187.3276,12.1706,-34.3151,-34.3215
2232.000000,17,15.3536,187.4299,14.3281,-32.2598,-32.2699
2232.000000,18,15.3536,187.5323,15.2269,-31.4634,-31.4765
2232.000000,19,15.3536,187.6348,15.0262,-31.7667,-31.7807
2232.000000,20,15.3536,187.3311,4.3268,-42.1623,-42.1633
2232.000000,21,15.3536,187.4307,10.1300,-36.4587,-36.4621
2232.000000,22,15.3536,187.5306,13.5269,-33.1617,-33.1694
2232.000000,23,15.3536,187.6308,15.4194,-31.3694,-31.3826
2232.000000,24,15.3536,187.7311,16.1557,-30.7334,-30.7511
2233.000000,0,15.2613,186.9377,15.0766,-31.0192,-31.0333
2233.000000,1,15.2613,187.0466,14.0252,-32.1794,-32.1897
2233.000000,2,15.2613,187.1556,11.8649,-34.4487,-34.4551
2233.000000,3,15.2613,187.2645,8.4448,-37.9778,-37.9810
2233.000000,4,15.2613,187.3735,5.2622,-41.2693,-41.2703
2233.000000,5,15.2613,187.0426,13.5796,-32.6210,-32.6320
2233.000000,6,15.2613,187.1490,13.4762,-32.8308,-32.8418
2233.000000,7,15.2613,187.2555,12.4169,-33.9966,-34.0062
2233.000000,8,15.2613,187.3620,11.4856,-35.0345,-35.0414
2233.000000,9,15.2613,187.4686,10.2398,-36.3868,-36.3906
2233.000000,10,15.2613,187.1478,11.0074,-35.2985,-35.3055
2233.000000,11,15.2613,187.2517,13.0014,-33.4083,-33.4178
2233.000000,12,15.2613,187.3558,14.0987,-32.4151,-32.4260
2233.000000,13,15.2613,187.4599,13.9956,-32.6223,-32.6332
2233.000000,14,15.2613,187.5642,13.1483,-33.5740,-33.5827
2233.000000,15,15.2613,187.2532,8.6457,-37.7655,-37.7688
2233.000000,16,15.2613,187.3546,12.3893,-34.1234,-34.1299
2233.000000,17,15.2613,187.4563,14.4953,-32.1191,-32.1295
2233.000000,18,15.2613,187.5582,15.3542,-31.3620,-31.3756
2233.000000,19,15.2613,187.6602,15.1203,-31.6980,-31.7125
2233.000000,20,15.2613,187.3587,4.6499,-41.8668,-41.8679
2233.000000,21,15.2613,187.4578,10.3574,-36.2584,-36.2619
2233.000000,22,15.2613,187.5571,13.6939,-33.0213,-33.0293
2233.000000,23,15.2613,187.6567,15.5417,-31.2731,-31.2868
2233.000000,24,15.2613,187.7565,16.2417,-30.6728,-30.6912
2234.000000,0,15.1691,186.9652,14.8800,-31.2433,-31.2568
2234.000000,1,15.1691,187.0735,13.8222,-32.4094,-32.4194
2234.000000,2,15.1691,187.1819,11.6570,-34.6829,-34.6892
2234.000000,3,15.1691,187.2902,8.2371,-38.2112,-38.2145
2234.000000,4,15.1691,187.3986,5.6027,-40.9540,-40.9550
2234.000000,5,15.1691,187.0702,13.3473,-32.8810,-32.8915
2234.000000,6,15.1691,187.1759,13.2256,-33.1084,-33.1193
2234.000000,7,15.1691,187.2818,12.6394,-33.8005,-33.8101
2234.000000,8,15.1691,187.3878,11.7159,-34.8299,-34.8369
2234.000000,9,15.1691,187.4938,10.4825,-36.1694,-36.1732
2234.000000,10,15.1691,187.1754,10.8046,-35.5288,-35.5357
2234.000000,11,15.1691,187.2787,13.2285,-33.2083,-33.2177
2234.000000,12,15.1691,187.3822,14.2785,-32.2617,-32.2728
2234.000000,13,15.1691,187.4858,14.1392,-32.5047,-32.5159
2234.000000,14,15.1691,187.5895,13.3261,-33.4215,-33.4305
2234.000000,15,15.1691,187.2808,8.9235,-37.5153,-37.5186
2234.000000,16,15.1691,187.3817,12.5984,-33.9413,-33.9479
2234.000000,17,15.1691,187.4828,14.6553,-31.9856,-31.9963
2234.000000,18,15.1691,187.5841,15.4760,-31.2661,-31.2802
2234.000000,19,15.1691,187.6856,15.2100,-31.6336,-31.6487
2234.000000,20,15.1691,187.3863,4.9607,-41.5836,-41.5847
2234.000000,21,15.1691,187.4848,10.5761,-36.0668,-36.0704
2234.000000,22,15.1691,187.5836,13.8543,-32.8874,-32.8958
2234.000000,23,15.1691,187.6827,15.6588,-31.1819,-31.1962
2234.000000,24,15.1691,187.7819,16.3236,-30.6163,-30.6354
2235.000000,0,15.0770,186.9927,14.6756,-31.4752,-31.4880
2235.000000,1,15.0770,187.1004,13.6106,-32.6478,-32.6576
2235.000000,2,15.0770,187.2081,11.4398,-34.9264,-34.9328
2235.000000,3,15.0770,187.3159,8.4516,-38.0224,-38.0257
2235.000000,4,15.0770,187.4237,5.9277,-40.6541,-40.6551
2235.000000,5,15.0770,187.0977,13.1067,-33.1491,-33.1594
2235.000000,6,15.0770,187.2029,12.9655,-33.3954,-33.4064
2235.000000,7,15.0770,187.3082,12.8516,-33.6146,-33.6243
2235.000000,8,15.0770,187.4136,11.9359,-34.6357,-34.6429
2235.000000,9,15.0770,187.5191,10.7143,-35.9628,-35.9668
2235.000000,10,15.0770,187.2030,11.0824,-35.2786,-35.2853
2235.000000,11,15.0770,187.3057,13.4448,-33.0190,-33.0284
2235.000000,12,15.0770,187.4086,14.4503,-32.1164,-32.1277
2235.000000,13,15.0770,187.5117,14.2764,-32.3933,-32.4048
2235.000000,14,15.0770,187.6148,13.5052,-33.2677,-33.2770
2235.000000,15,15.0770,187.3084,9.1889,-37.2775,-37.2808
2235.000000,16,15.0770,187.4087,12.7986,-33.7682,-33.7749
2235.000000,17,15.0770,187.5093,14.8084,-31.8589,-31.8700
2235.000000,18,15.0770,187.6100,15.5924,-31.1756,-31.1903
2235.000000,19,15.0770,187.7109,15.2956,-31.5734,-31.5890
2235.000000,20,15.0770,187.4139,5.2600,-41.3120,-41.3131
2235.000000,21,15.0770,187.5119,10.7865,-35.8834,-35.8872
2235.000000,22,15.0770,187.6101,14.0084,-32.7598,-32.7685
2235.000000,23,15.0770,187.7086,15.7711,-31.0956,-31.1105
2235.000000,24,15.0770,187.8073,16.4017,-30.5636,-30.5834
2236.000000,0,14.9852,187.0202,14.4633,-31.7150,-31.7273
2236.000000,1,14.9852,187.1273,13.3903,-32.8950,-32.9047
2236.000000,2,14.9852,187.2344,11.2129,-35.1796,-35.1861
2236.000000,3,14.9852,187.3417,8.7980,-37.7017,-37.7050
2236.000000,4,14.9852,187.4489,6.2383,-40.3686,-40.3697
2236.000000,5,14.9852,187.1253,12.8576,-33.4257,-33.4358
2236.000000,6,14.9852,187.2299,13.0654,-33.3225,-33.3333
2236.000000,7,14.9852,187.3346,13.0542,-33.4384,-33.4481
2236.000000,8,14.9852,187.4394,12.1461,-34.4514,-34.4587
2236.000000,9,14.9852,187.5443,10.9359,-35.7665,-35.7706
2236.000000,10,14.9852,187.2306,11.3463,-35.0424,-35.0489
2236.000000,11,14.9852,187.3327,13.6509,-32.8398,-32.8493
2236.000000,12,14.9852,187.4350,14.6143,-31.9787,-31.9903
2236.000000,13,14.9852,187.5375,14.4078,-32.2878,-32.2997
2236.000000,14,14.9852,187.6401,13.6763,-33.1219,-33.1315
2236.000000,15,14.9852,187.3360,9.4427,-37.0513,-37.0546
2236.000000,16,14.9852,187.4357,12.9901,-33.6036,-33.6106
2236.000000,17,14.9852,187.5357,14.9550,-31.7388,-31.7503
2236.000000,18,14.9852,187.6359,15.7038,-31.0902,-31.1054
2236.000000,19,14.9852,187.7363,15.3920,-31.5024,-31.5185
2236.000000,20,14.9852,187.4415,5.5483,-41.0513,-41.0524
2236.000000,21,14.9852,187.5389,10.9891,-35.7079,-35.7118
2236.000000,22,14.9852,187.6366,14.1565,-32.6382,-32.6473
2236.000000,23,14.9852,187.7346,15.8786,-31.0140,-31.0295
2236.000000,24,14.9852,187.8327,16.4761,-30.5147,-30.5352
2237.000000,0,14.8935,187.0477,14.2428,-31.9630,-31.9749
2237.000000,1,14.8935,187.1542,13.1609,-33.1513,-33.1609
2237.000000,2,14.8935,187.2608,10.9758,-35.4430,-35.4496
2237.000000,3,14.8935,187.3674,9.1269,-37.3985,-37.4018
2237.000000,4,14.8935,187.4740,6.5355,-40.0966,-40.0977
2237.000000,5,14.8935,187.1529,12.5997,-33.7112,-33.7211
2237.000000,6,14.8935,187.2568,13.2985,-33.1163,-33.1270
2237.000000,7,14.8935,187.3610,13.2478,-33.2712,-33.2811
2237.000000,8,14.8935,187.4652,12.3470,-34.2763,-34.2838
2237.000000,9,14.8935,187.5695,11.1478,-35.5797,-35.5840
2237.000000,10,14.8935,187.2582,11.5971,-34.8191,-34.8255
2237.000000,11,14.8935,187.3597,13.8476,-32.6701,-32.6797
2237.000000,12,14.8935,187.4614,14.7711,-31.8483,-31.8603
2237.000000,13,14.8935,187.5634,14.5334,-32.1880,-32.2004
2237.000000,14,14.8935,187.6654,13.8399,-32.9835,-32.9935
2237.000000,15,14.8935,187.3636,9.6856,-36.8360,-36.8393
2237.000000,16,14.8935,187.4627,13.1736,-33.4471,-33.4543
2237.000000,17,14.8935,187.5622,15.0953,-31.6249,-31.6369
2237.000000,18,14.8935,187.6618,15.8102,-31.0097,-31.0255
2237.000000,19,14.8935,187.7617,15.4979,-31.4218,-31.4385
2237.000000,20,14.8935,187.4691,5.8262,-40.8009,-40.8021
2237.000000,21,14.8935,187.5659,11.1841,-35.5398,-35.5440
2237.000000,22,14.8935,187.6631,14.2988,-32.5223,-32.5318
2237.000000,23,14.8935,187.7605,15.9816,-30.9370,-30.9531
2237.000000,24,14.8935,187.8581,16.5468,-30.4694,-30.4905
2238.000000,0,14.8020,187.0753,14.0139,-32.2194,-32.2309
2238.000000,1,14.8020,187.1811,12.9221,-33.4171,-33.4266
2238.000000,2,14.8020,187.2871,10.7470,-35.6981,-35.7048
2238.000000,3,14.8020,187.3931,9.4397,-37.1114,-37.1148
2238.000000,4,14.8020,187.4992,6.8202,-39.8370,-39.8382
2238.000000,5,14.8020,187.1804,12.3326,-34.0058,-34.0157
2238.000000,6,14.8020,187.2838,13.5204,-32.9214,-32.9321
2238.000000,7,14.8020,187.3873,13.4328,-33.1126,-33.1226
2238.000000,8,14.8020,187.4910,12.5392,-34.1099,-34.1176
2238.000000,9,14.8020,187.5948,11.3508,-35.4021,-35.4065
2238.000000,10,14.8020,187.2857,11.8359,-34.6079,-34.6143
2238.000000,11,14.8020,187.3867,14.0353,-32.5094,-32.5192
2238.000000,12,14.8020,187.4879,14.9210,-31.7249,-31.7372
2238.000000,13,14.8020,187.5892,14.6536,-32.0937,-32.1065
2238.000000,14,14.8020,187.6908,13.9964,-32.8524,-32.8627
2238.000000,15,14.8020,187.3912,9.9182,-36.6310,-36.6343
2238.000000,16,14.8020,187.4897,13.3494,-33.2983,-33.3057
2238.000000,17,14.8020,187.5886,15.2297,-31.5170,-31.5294
2238.000000,18,14.8020,187.6877,15.9119,-30.9339,-30.9503
2238.000000,19,14.8020,187.7870,15.5990,-31.3460,-31.3633
2238.000000,20,14.8020,187.4966,6.0943,-40.5604,-40.5616
2238.000000,21,14.8020,187.5929,11.3720,-35.3789,-35.3833
2238.000000,22,14.8020,187.6895,14.4356,-32.4119,-32.4219
2238.000000,23,14.8020,187.7864,16.0802,-30.8643,-30.8811
2238.000000,24,14.8020,187.8835,16.6141,-30.4275,-30.4494
2239.000000,0,14.7106,187.1028,13.7763,-32.4845,-32.4958
2239.000000,1,14.7106,187.2080,12.6734,-33.6926,-33.7022
2239.000000,2,14.7106,187.3134,11.0279,-35.4435,-35.4503
2239.000000,3,14.7106,187.4189,9.7375,-36.8394,-36.8428
2239.000000,4,14.7106,187.5244,7.0932,-39.5892,-39.5904
2239.000000,5,14.7106,187.2079,12.5919,-33.7741,-33.7837
2239.000000,6,14.7106,187.3107,13.7317,-32.7371,-32.7478
2239.000000,7,14.7106,187.4137,13.6097,-32.9621,-32.9724
2239.000000,8,14.7106,187.5168,12.7612,-33.9137,-33.9216
2239.000000,9,14.7106,187.6200,11.5451,-35.2329,-35.2375
2239.000000,10,14.7106,187.3133,12.0632,-34.4081,-34.4145
2239.000000,11,14.7106,187.4136,14.2144,-32.3573,-32.3672
2239.000000,12,14.7106,187.5143,15.0643,-31.6080,-31.6208
2239.000000,13,14.7106,187.6151,14.7686,-32.0045,-32.0178
2239.000000,14,14.7106,187.7161,14.1462,-32.7279,-32.7387
2239.000000,15,14.7106,187.4187,10.1412,-36.4356,-36.4390
2239.000000,16,14.7106,187.5167,13.5179,-33.1568,-33.1645
2239.000000,17,14.7106,187.6151,15.3583,-31.4148,-31.4277
2239.000000,18,14.7106,187.7136,16.0091,-30.8626,-30.8797
2239.000000,19,14.7106,187.8124,15.6957,-31.2747,-31.2926
2239.000000,20,14.7106,187.5242,6.3530,-40.3292,-40.3305
2239.000000,21,14.7106,187.6199,11.5531,-35.2248,-35.2294
2239.000000,22,14.7106,187.7160,14.5671,-32.3069,-32.3174
2239.000000,23,14.7106,187.8123,16.1746,-30.7958,-30.8133
2239.000000,24,14.7106,187.9089,16.6780,-30.3889,-30.4115
2240.000000,0,14.6195,187.1303,13.5297,-32.7586,-32.7697
2240.000000,1,14.6195,187.2349,12.4145,-33.9784,-33.9881
2240.000000,2,14.6195,187.3397,11.2954,-35.2023,-35.2091
2240.000000,3,14.6195,187.4446,10.0214,-36.5812,-36.5848
2240.000000,4,14.6195,187.5496,7.3551,-39.3524,-39.3537
2240.000000,5,14.6195,187.2355,12.8382,-33.5553,-33.5648
2240.000000,6,14.6195,187.3377,13.9331,-32.5626,-32.5735
2240.000000,7,14.6195,187.4401,13.7788,-32.8193,-32.8299
2240.000000,8,14.6195,187.5426,12.9747,-33.7260,-33.7343
2240.000000,9,14.6195,187.6453,11.7314,-35.0719,-35.0767
2240.000000,10,14.6195,187.3408,12.2800,-34.2188,-34.2253
2240.000000,11,14.6195,187.4406,14.3855,-32.2131,-32.2233
2240.000000,12,14.6195,187.5407,15.2013,-31.4974,-31.5106
2240.000000,13,14.6195,187.6410,14.8787,-31.9203,-31.9341
2240.000000,14,14.6195,187.7414,14.2894,-32.6100,-32.6211
2240.000000,15,14.6195,187.4462,10.3550,-36.2493,-36.2528
2240.000000,16,14.6195,187.5437,13.6795,-33.0223,-33.0302
2240.000000,17,14.6195,187.6415,15.4815,-31.3180,-31.3315
2240.000000,18,14.6195,187.7395,16.1019,-30.7957,-30.8134
2240.000000,19,14.6195,187.8377,15.7880,-31.2078,-31.2262
2240.000000,20,14.6195,187.5517,6.6029,-40.1069,-40.1082
2240.000000,21,14.6195,187.6469,11.7276,-35.0773,-35.0821
2240.000000,22,14.6195,187.7424,14.6935,-32.2069,-32.2179
2240.000000,23,14.6195,187.8382,16.2649,-30.7313,-30.7495
2240.000000,24,14.6195,187.9343,16.7387,-30.3536,-30.3770
2241.000000,0,14.5285,187.1578,13.2737,-33.0421,-33.0531
2241.000000,1,14.5285,187.2618,12.4723,-33.9475,-33.9572
2241.000000,2,14.5285,187.3660,11.5505,-34.9735,-34.9804
2241.000000,3,14.5285,187.4704,10.2923,-36.3361,-36.3398
2241.000000,4,14.5285,187.5747,7.6068,-39.1260,-39.1273
2241.000000,5,14.5285,187.2630,13.0722,-33.3489,-33.3582
2241.000000,6,14.5285,187.3646,14.1251,-32.3975,-32.4085
2241.000000,7,14.5285,187.4664,13.9407,-32.6838,-32.6947
2241.000000,8,14.5285,187.5685,13.1785,-33.5480,-33.5565
2241.000000,9,14.5285,187.6706,11.9100,-34.9186,-34.9236
2241.000000,10,14.5285,187.3683,12.4868,-34.0396,-34.0461
2241.000000,11,14.5285,187.4676,14.5490,-32.0766,-32.0871
2241.000000,12,14.5285,187.5671,15.3323,-31.3928,-31.4065
2241.000000,13,14.5285,187.6668,15.0073,-31.8176,-31.8319
2241.000000,14,14.5285,187.7667,14.4266,-32.4982,-32.5097
2241.000000,15,14.5285,187.4738,10.5602,-36.0716,-36.0752
2241.000000,16,14.5285,187.5707,13.8344,-32.8943,-32.9026
2241.000000,17,14.5285,187.6679,15.5995,-31.2265,-31.2405
2241.000000,18,14.5285,187.7654,16.1905,-30.7329,-30.7513
2241.000000,19,14.5285,187.8631,15.8761,-31.1450,-31.1641
2241.000000,20,14.5285,187.5792,6.8442,-39.8930,-39.8944
2241.000000,21,14.5285,187.6738,11.8958,-34.9360,-34.9411
2241.000000,22,14.5285,187.7688,14.8150,-32.1119,-32.1233
2241.000000,23,14.5285,187.8641,16.3513,-30.6708,-30.6897
2241.000000,24,14.5285,187.9597,16.7962,-30.3215,-30.3455
2242.000000,0,14.4377,187.1853,13.0080,-33.3353,-33.3462
2242.000000,1,14.4377,187.2887,12.7053,-33.7414,-33.7512
2242.000000,2,14.4377,187.3924,11.7940,-34.7564,-34.7635
2242.000000,3,14.4377,187.4961,10.5510,-36.1031,-36.1069
2242.000000,4,14.4377,187.6000,7.8486,-38.9094,-38.9108
2242.000000,5,14.4377,187.2905,13.2945,-33.1540,-33.1633
2242.000000,6,14.4377,187.3915,14.3083,-32.2413,-32.2525
2242.000000,7,14.4377,187.4928,14.0956,-32.5553,-32.5665
2242.000000,8,14.4377,187.5943,13.3732,-33.3791,-33.3879
2242.000000,9,14.4377,187.6958,12.0813,-34.7726,-34.7777
2242.000000,10,14.4377,187.3959,12.6842,-33.8697,-33.8764
2242.000000,11,14.4377,187.4945,14.7053,-31.9473,-31.9581
2242.000000,12,14.4377,187.5935,15.4576,-31.2940,-31.3082
2242.000000,13,14.4377,187.6927,15.1343,-31.7165,-31.7313
2242.000000,14,14.4377,187.7920,14.5578,-32.3923,-32.4041
2242.000000,15,14.4377,187.5013,10.7572,-35.9021,-35.9058
2242.000000,16,14.4377,187.5976,13.9830,-32.7727,-32.7813
2242.000000,17,14.4377,187.6943,15.7124,-31.1399,-31.1545
2242.000000,18,14.4377,187.7913,16.2752,-30.6741,-30.6932
2242.000000,19,14.4377,187.8884,15.9602,-31.0863,-31.1059
2242.000000,20,14.4377,187.6066,7.0775,-39.6872,-39.6886
2242.000000,21,14.4377,187.7007,12.0581,-34.8007,-34.8060
2242.000000,22,14.4377,187.7952,14.9317,-32.0215,-32.0335
2242.000000,23,14.4377,187.8900,16.4340,-30.6141,-30.6336
2242.000000,24,14.4377,187.9850,16.8508,-30.2923,-30.3171
2243.000000,0,14.3471,187.2127,12.9304,-33.4404,-33.4513
2243.000000,1,14.3471,187.3156,12.9276,-33.5461,-33.5559
2243.000000,2,14.3471,187.4187,12.0265,-34.5503,-34.5575
2243.000000,3,14.3471,187.5219,10.7984,-35.8815,-35.8855
2243.000000,4,14.3471,187.6252,8.0812,-38.7020,-38.7034
2243.000000,5,14.3471,187.3180,13.5061,-32.9700,-32.9793
2243.000000,6,14.3471,187.4185,14.4831,-32.0934,-32.1048
2243.000000,7,14.3471,187.5192,14.2439,-32.4334,-32.4450
2243.000000,8,14.3471,187.6201,13.5593,-33.2188,-33.2280
2243.000000,9,14.3471,187.7211,12.2457,-34.6335,-34.6388
2243.000000,10,14.3471,187.4234,12.8727,-33.7087,-33.7155
2243.000000,11,14.3471,187.5215,14.8547,-31.8249,-31.8361
2243.000000,12,14.3471,187.6199,15.5774,-31.2006,-31.2153
2243.000000,13,14.3471,187.7185,15.2557,-31.6209,-31.6363
2243.000000,14,14.3471,187.8173,14.6834,-32.2919,-32.3042
2243.000000,15,14.3471,187.5287,10.9465,-35.7403,-35.7442
2243.000000,16,14.3471,187.6246,14.1255,-32.6571,-32.6661
2243.000000,17,14.3471,187.7207,15.8205,-31.0582,-31.0734
2243.000000,18,14.3471,187.8171,16.3559,-30.6192,-30.6390
2243.000000,19,14.3471,187.9138,16.0404,-31.0314,-31.0517
2243.000000,20,14.3471,187.6341,7.3031,-39.4891,-39.4906
2243.000000,21,14.3471,187.7277,12.2145,-34.6712,-34.6768
2243.000000,22,14.3471,187.8216,15.0439,-31.9357,-31.9482
2243.000000,23,14.3471,187.9159,16.5130,-30.5610,-30.5812
2243.000000,24,14.3471,188.0104,16.9024,-30.2661,-30.2916
2244.000000,0,14.2567,187.2402,13.1762,-33.2221,-33.2328
2244.000000,1,14.2567,187.3425,13.1397,-33.3609,-33.3708
2244.000000,2,14.2567,187.4450,12.2634,-34.3396,-34.3471
2244.000000,3,14.2567,187.5476,11.0350,-35.6707,-35.6748
2244.000000,4,14.2567,187.6504,8.3051,-38.5033,-38.5049
2244.000000,5,14.2567,187.3455,13.7074,-32.7961,-32.8056
2244.000000,6,14.2567,187.4454,14.6501,-31.9534,-31.9651
2244.000000,7,14.2567,187.5455,14.3858,-32.3178,-32.3299
2244.000000,8,14.2567,187.6459,13.7373,-33.0666,-33.0762
2244.000000,9,14.2567,187.7464,12.4034,-34.5010,-34.5066
2244.000000,10,14.2567,187.4508,13.0528,-33.5561,-33.5630
2244.000000,11,14.2567,187.5484,14.9975,-31.7090,-31.7206
2244.000000,12,14.2567,187.6463,15.6919,-31.1124,-31.1278
2244.000000,13,14.2567,187.7444,15.3719,-31.5305,-31.5465
2244.000000,14,14.2567,187.8426,14.8037,-32.1970,-32.2097
2244.000000,15,14.2567,187.5562,11.1284,-35.5859,-35.5899
2244.000000,16,14.2567,187.6515,14.2623,-32.5472,-32.5566
2244.000000,17,14.2567,187.7471,15.9241,-30.9811,-30.9969
2244.000000,18,14.2567,187.8430,16.4330,-30.5681,-30.5885
2244.000000,19,14.2567,187.9391,16.1169,-30.9803,-31.0011
2244.000000,20,14.2567,187.6615,7.5212,-39.2983,-39.3000
2244.000000,21,14.2567,187.7546,12.3654,-34.5472,-34.5531
2244.000000,22,14.2567,187.8480,15.1518,-31.8543,-31.8673
2244.000000,23,14.2567,187.9417,16.5884,-30.5114,-30.5323
2244.000000,24,14.2567,188.0357,16.9511,-30.2426,-30.2689
2245.000000,0,14.1664,187.2677,13.4098,-33.0160,-33.0267
2245.000000,1,14.1664,187.3694,13.3423,-33.1852,-33.1953
2245.000000,2,14.1664,187.4713,12.5130,-34.1164,-34.1241
2245.000000,3,14.1664,187.5734,11.2615,-35.4699,-35.4742
2245.000000,4,14.1664,187.6756,8.5206,-38.3130,-38.3146
2245.000000,5,14.1664,187.3730,13.8992,-32.6318,-32.6414
2245.000000,6,14.1664,187.4723,14.8095,-31.8208,-31.8330
2245.000000,7,14.1664,187.5719,14.5217,-32.2082,-32.2207
2245.000000,8,14.1664,187.6717,13.9076,-32.9222,-32.9321
2245.000000,9,14.1664,187.7716,12.5549,-34.3747,-34.3806
2245.000000,10,14.1664,187.4783,13.2250,-33.4113,-33.4185
2245.000000,11,14.1664,187.5753,15.1340,-31.5993,-31.6114
2245.000000,12,14.1664,187.6726,15.8014,-31.0292,-31.0452
2245.000000,13,14.1664,187.7702,15.4830,-31.4452,-31.4618
2245.000000,14,14.1664,187.8679,14.9188,-32.1072,-32.1203
2245.000000,15,14.1664,187.5837,11.3033,-35.4384,-35.4427
2245.000000,16,14.1664,187.6784,14.3935,-32.4429,-32.4527
2245.000000,17,14.1664,187.7735,16.0231,-30.9084,-30.9248
2245.000000,18,14.1664,187.8688,16.5064,-30.5205,-30.5417
2245.000000,19,14.1664,187.9644,16.1898,-30.9327,-30.9542
2245.000000,20,14.1664,187.6889,7.7323,-39.1146,-39.1164
2245.000000,21,14.1664,187.7814,12.5110,-34.4285,-34.4347
2245.000000,22,14.1664,187.8743,15.2553,-31.7770,-31.7906
2245.000000,23,14.1664,187.9676,16.6604,-30.4652,-30.4869
2245.000000,24,14.1664,188.0611,16.9972,-30.2219,-30.2489
2246.000000,0,14.0763,187.2952,13.6318,-32.8214,-32.8321
2246.000000,1,14.0763,187.3963,13.5359,-33.0185,-33.0288
2246.000000,2,14.0763,187.4976,12.7508,-33.9049,-33.9129
2246.000000,3,14.0763,187.5992,11.4785,-35.2787,-35.2831
2246.000000,4,14.0763,187.7008,8.7283,-38.1305,-38.1322
2246.000000,5,14.0763,187.4005,14.0819,-32.4765,-32.4863
2246.000000,6,14.0763,187.4992,14.9618,-31.6954,-31.7080
2246.000000,7,14.0763,187.5982,14.6564,-32.0999,-32.1130
2246.000000,8,14.0763,187.6975,14.0705,-32.7851,-32.7954
2246.000000,9,14.0763,187.7969,12.7004,-34.2545,-34.2606
2246.000000,10,14.0763,187.5058,13.3897,-33.2741,-33.2815
2246.000000,11,14.0763,187.6022,15.2646,-31.4956,-31.5082
2246.000000,12,14.0763,187.6990,15.9061,-30.9509,-30.9675
2246.000000,13,14.0763,187.7960,15.5893,-31.3648,-31.3819
2246.000000,14,14.0763,187.8932,15.0290,-32.0223,-32.0358
2246.000000,15,14.0763,187.6111,11.4714,-35.2977,-35.3021
2246.000000,16,14.0763,187.7053,14.5195,-32.3438,-32.3540
2246.000000,17,14.0763,187.7998,16.1179,-30.8400,-30.8570
2246.000000,18,14.0763,187.8947,16.5764,-30.4763,-30.4982
2246.000000,19,14.0763,187.9898,16.2592,-30.8886,-30.9107
2246.000000,20,14.0763,187.7163,7.9366,-38.9377,-38.9396
2246.000000,21,14.0763,187.8083,12.6514,-34.3149,-34.3214
2246.000000,22,14.0763,187.9007,15.3548,-31.7039,-31.7180
2246.000000,23,14.0763,187.9934,16.7292,-30.4222,-30.4447
2246.000000,24,14.0763,188.0864,17.0406,-30.2039,-30.2316
2247.000000,0,13.9865,187.3226,13.8432,-32.6375,-32.6483
2247.000000,1,13.9865,187.4232,13.7209,-32.8603,-32.8709
2247.000000,2,13.9865,187.5240,12.9775,-33.7045,-33.7127
2247.000000,3,13.9865,187.6249,11.6865,-35.0964,-35.1011
2247.000000,4,13.9865,187.7260,8.9285,-37.9555,-37.9573
2247.000000,5,13.9865,187.4279,14.2562,-32.3298,-32.3397
2247.000000,6,13.9865,187.5261,15.1073,-31.5768,-31.5898
2247.000000,7,13.9865,187.6246,14.8056,-31.9770,-31.9906
2247.000000,8,13.9865,187.7233,14.2264,-32.6549,-32.6657
2247.000000,9,13.9865,187.8222,12.8402,-34.1400,-34.1464
2247.000000,10,13.9865,187.5332,13.5473,-33.1440,-33.1516
2247.000000,11,13.9865,187.6291,15.3896,-31.3976,-31.4107
2247.000000,12,13.9865,187.7253,16.0062,-30.8771,-30.8944
2247.000000,13,13.9865,187.8218,15.6909,-31.2889,-31.3067
2247.000000,14,13.9865,187.9185,15.1345,-31.9421,-31.9561
2247.000000,15,13.9865,187.6385,11.6332,-35.1633,-35.1679
2247.000000,16,13.9865,187.7321,14.6404,-32.2498,-32.2605
2247.000000,17,13.9865,187.8261,16.2086,-30.7756,-30.7934
2247.000000,18,13.9865,187.9205,16.6430,-30.4355,-30.4582
2247.000000,19,13.9865,188.0151,16.3253,-30.8478,-30.8705
2247.000000,20,13.9865,187.7437,8.1344,-38.7673,-38.7693
2247.000000,21,13.9865,187.8351,12.7869,-34.2062,-34.2130
2247.000000,22,13.9865,187.9270,15.4504,-31.6346,-31.6493
2247.000000,23,13.9865,188.0192,16.7948,-30.3825,-30.4056
2247.000000,24,13.9865,188.1117,17.0814,-30.1884,-30.2168
2248.000000,0,13.8968,187.3501,14.0444,-32.4637,-32.4747
2248.000000,1,13.8968,187.4500,13.8979,-32.7102,-32.7212
2248.000000,2,13.8968,187.5503,13.1939,-33.5144,-33.5230
2248.000000,3,13.8968,187.6507,11.8860,-34.9227,-34.9276
2248.000000,4,13.8968,187.7512,9.1216,-37.7877,-37.7895
2248.000000,5,13.8968,187.4553,14.4224,-32.1910,-32.2013
2248.000000,6,13.8968,187.5530,15.2464,-31.4646,-31.4781
2248.000000,7,13.8968,187.6509,14.9483,-31.8607,-31.8748
2248.000000,8,13.8968,187.7491,14.3757,-32.5314,-32.5426
2248.000000,9,13.8968,187.8474,12.9744,-34.0311,-34.0376
2248.000000,10,13.8968,187.5606,13.6981,-33.0206,-33.0285
2248.000000,11,13.8968,187.6560,15.5090,-31.3050,-31.3186
2248.000000,12,13.8968,187.7517,16.1019,-30.8078,-30.8257
2248.000000,13,13.8968,187.8476,15.7881,-31.2175,-31.2360
2248.000000,14,13.8968,187.9438,15.2354,-31.8664,-31.8809
2248.000000,15,13.8968,187.6659,11.7890,-35.0350,-35.0398
2248.000000,16,13.8968,187.7590,14.7564,-32.1607,-32.1718
2248.000000,17,13.8968,187.8525,16.2953,-30.7152,-30.7336
2248.000000,18,13.8968,187.9463,16.7064,-30.3979,-30.4213
2248.000000,19,13.8968,188.0404,16.3882,-30.8102,-30.8335
2248.000000,20,13.8968,187.7710,8.3259,-38.6031,-38.6052
2248.000000,21,13.8968,187.8619,12.9177,-34.1023,-34.1094
2248.000000,22,13.8968,187.9533,15.5422,-31.5692,-31.5844
2248.000000,23,13.8968,188.0450,16.8572,-30.3458,-30.3697
2248.000000,24,13.8968,188.1370,17.1197,-30.1753,-30.2044
2249.000000,0,13.8073,187.3775,14.2361,-32.2994,-32.3106
2249.000000,1,13.8073,187.4769,14.0671,-32.5678,-32.5791
2249.000000,2,13.8073,187.5766,13.4005,-33.3341,-33.3430
2249.000000,3,13.8073,187.6764,12.0774,-34.7571,-34.7622
2249.000000,4,13.8073,187.7765,9.3079,-37.6266,-37.6286
2249.000000,5,13.8073,187.4828,14.5809,-32.0599,-32.0705
2249.000000,6,13.8073,187.5798,15.3793,-31.3585,-31.3725
2249.000000,7,13.8073,187.6772,15.0848,-31.7505,-31.7651
2249.000000,8,13.8073,187.7749,14.5186,-32.4143,-32.4259
2249.000000,9,13.8073,187.8727,13.1034,-33.9273,-33.9342
2249.000000,10,13.8073,187.5880,13.8424,-32.9037,-32.9119
2249.000000,11,13.8073,187.6828,15.6233,-31.2176,-31.2317
2249.000000,12,13.8073,187.7780,16.1933,-30.7428,-30.7614
2249.000000,13,13.8073,187.8734,15.8810,-31.1504,-31.1695
2249.000000,14,13.8073,187.9691,15.3320,-31.7951,-31.8100
2249.000000,15,13.8073,187.6932,11.9388,-34.9124,-34.9175
2249.000000,16,13.8073,187.7858,14.8677,-32.0762,-32.0878
2249.000000,17,13.8073,187.8788,16.3782,-30.6587,-30.6777
2249.000000,18,13.8073,187.9721,16.7666,-30.3635,-30.3876
2249.000000,19,13.8073,188.0656,16.4479,-30.7758,-30.7997
2249.000000,20,13.8073,187.7983,8.5114,-38.4449,-38.4472
2249.000000,21,13.8073,187.8887,13.0439,-34.0029,-34.0104
2249.000000,22,13.8073,187.9796,15.6302,-31.5074,-31.5232
2249.000000,23,13.8073,188.0708,16.9167,-30.3121,-30.3367
2249.000000,24,13.8073,188.1623,17.1556,-30.1647,-30.1945
2250.000000,0,13.7180,187.4049,14.4188,-32.1441,-32.1555
2250.000000,1,13.7180,187.5038,14.2291,-32.4327,-32.4444
2250.000000,2,13.7180,187.6029,13.5978,-33.1631,-33.1723
2250.000000,3,13.7180,187.7022,12.2611,-34.5991,-34.6045
2250.000000,4,13.7180,187.8017,9.4876,-37.4721,-37.4742
2250.000000,5,13.7180,187.5102,14.7322,-31.9360,-31.9469
2250.000000,6,13.7180,187.6067,15.5064,-31.2584,-31.2729
2250.000000,7,13.7180,187.7035,15.2153,-31.6462,-31.6614
2250.000000,8,13.7180,187.8006,14.6555,-32.3031,-32.3152
2250.000000,9,13.7180,187.8979,13.2274,-33.8286,-33.8357
2250.000000,10,13.7180,187.6154,13.9806,-32.7929,-32.8014
2250.000000,11,13.7180,187.7097,15.7326,-31.1351,-31.1499
2250.000000,12,13.7180,187.8043,16.2806,-30.6818,-30.7011
2250.000000,13,13.7180,187.8992,15.9698,-31.0875,-31.1072
2250.000000,14,13.7180,187.9944,15.4244,-31.7280,-31.7433
2250.000000,15,13.7180,187.7206,12.0831,-34.7955,-34.8008
2250.000000,16,13.7180,187.8126,14.9745,-31.9961,-32.0082
2250.000000,17,13.7180,187.9051,16.4574,-30.6057,-30.6255
2250.000000,18,13.7180,187.9979,16.8239,-30.3320,-30.3568
2250.000000,19,13.7180,188.0909,16.5047,-30.7443,-30.7688
2250.000000,20,13.7180,187.8256,8.6911,-38.2925,-38.2949
2250.000000,21,13.7180,187.9155,13.1656,-33.9079,-33.9158
2250.000000,22,13.7180,188.0058,15.7148,-31.4491,-31.4655
2250.000000,23,13.7180,188.0965,16.9733,-30.2812,-30.3066
2250.000000,24,13.7180,188.1875,17.1893,-30.1563,-30.1868
2251.000000,0,13.6289,187.4323,14.5931,-31.9973,-32.0090
2251.000000,1,13.6289,187.5306,14.3842,-32.3045,-32.3166
2251.000000,2,13.6289,187.6292,13.7865,-33.0007,-33.0104
2251.000000,3,13.6289,187.7280,12.4375,-34.4485,-34.4541
2251.000000,4,13.6289,187.8269,9.6612,-37.3238,-37.3260
2251.000000,5,13.6289,187.5376,14.8766,-31.8190,-31.8303
2251.000000,6,13.6289,187.6335,15.6278,-31.1638,-31.1789
2251.000000,7,13.6289,187.7298,15.3403,-31.5476,-31.5634
2251.000000,8,13.6289,187.8264,14.7867,-32.1978,-32.2103
2251.000000,9,13.6289,187.9232,13.3465,-33.7347,-33.7421
2251.000000,10,13.6289,187.6428,14.1129,-32.6879,-32.6968
2251.000000,11,13.6289,187.7365,15.8371,-31.0575,-31.0728
2251.000000,12,13.6289,187.8306,16.3639,-30.6247,-30.6447
2251.000000,13,13.6289,187.9250,16.0546,-31.0284,-31.0488
2251.000000,14,13.6289,188.0196,15.5128,-31.6648,-31.6806
2251.000000,15,13.6289,187.7479,12.2221,-34.6838,-34.6894
2251.000000,16,13.6289,187.8394,15.0770,-31.9204,-31.9330
2251.000000,17,13.6289,187.9313,16.5330,-30.5563,-30.5768
2251.000000,18,13.6289,188.0236,16.8783,-30.3034,-30.3290
2251.000000,19,13.6289,188.1162,16.5728,-30.7014,-30.7265
2251.000000,20,13.6289,187.8528,8.8801,-38.1308,-38.1333
2251.000000,21,13.6289,187.9422,13.2831,-33.8172,-33.8254
2251.000000,22,13.6289,188.0321,15.7959,-31.3942,-31.4113
2251.000000,23,13.6289,188.1223,17.0272,-30.2532,-30.2792
2251.000000,24,13.6289,188.2128,17.2206,-30.1502,-30.1814
2252.000000,0,13.5400,187.4597,14.7592,-31.8585,-31.8706
2252.000000,1,13.5400,187.5574,14.5326,-32.1829,-32.1955
2252.000000,2,13.5400,187.6555,13.9668,-32.8467,-32.8567
2252.000000,3,13.5400,187.7537,12.6069,-34.3048,-34.3107
2252.000000,4,13.5400,187.8521,9.8287,-37.1814,-37.1837
2252.000000,5,13.5400,187.5649,15.0145,-31.7085,-31.7202
2252.000000,6,13.5400,187.6604,15.7439,-31.0745,-31.0902
2252.000000,7,13.5400,187.7561,15.4598,-31.4544,-31.4708
2252.000000,8,13.5400,187.8522,14.9123,-32.0979,-32.1109
2252.000000,9,13.5400,187.9484,13.4610,-33.6454,-33.6531
2252.000000,10,13.5400,187.6701,14.2396,-32.5885,-32.5978
2252.000000,11,13.5400,187.7633,15.9370,-30.9843,-31.0003
2252.000000,12,13.5400,187.8569,16.4435,-30.5714,-30.5922
2252.000000,13,13.5400,187.9507,16.1356,-30.9732,-30.9942
2252.000000,14,13.5400,188.0449,15.5974,-31.6056,-31.6218
2252.000000,15,13.5400,187.7752,12.3559,-34.5773,-34.5831
2252.000000,16,13.5400,187.8662,15.1753,-31.8489,-31.8620
2252.000000,17,13.5400,187.9576,16.6053,-30.5104,-30.5315
2252.000000,18,13.5400,188.0494,16.9298,-30.2776,-30.3039
2252.000000,19,13.5400,188.1414,16.6422,-30.6573,-30.6830
2252.000000,20,13.5400,187.8801,9.0821,-37.9560,-37.9586
2252.000000,21,13.5400,187.9690,13.3964,-33.7306,-33.7391
2252.000000,22,13.5400,188.0583,15.8736,-31.3427,-31.3603
2252.000000,23,13.5400,188.1480,17.0783,-30.2278,-30.2546
2252.000000,24,13.5400,188.2380,17.2498,-30.1463,-30.1782
2253.000000,0,13.4513,187.4871,14.9178,-31.7273,-31.7398
2253.000000,1,13.4513,187.5843,14.6785,-32.0638,-32.0770
2253.000000,2,13.4513,187.6817,14.1393,-32.7004,-32.7109
2253.000000,3,13.4513,187.7794,12.7697,-34.1678,-34.1739
2253.000000,4,13.4513,187.8773,9.9906,-37.0447,-37.0472
2253.000000,5,13.4513,187.5923,15.1462,-31.6042,-31.6163
2253.000000,6,13.4513,187.6872,15.8548,-30.9904,-31.0068
2253.000000,7,13.4513,187.7824,15.5741,-31.3664,-31.3834
2253.000000,8,13.4513,187.8779,15.0326,-32.0034,-32.0168
2253.000000,9,13.4513,187.9737,13.5711,-33.5606,-33.5686
2253.000000,10,13.4513,187.6974,14.3610,-32.4944,-32.5041
2253.000000,11,13.4513,187.7901,16.0325,-30.9156,-30.9322
2253.000000,12,13.4513,187.8831,16.5194,-30.5218,-30.5433
2253.000000,13,13.4513,187.9765,16.2129,-30.9216,-30.9432
2253.000000,14,13.4513,188.0701,15.6782,-31.5500,-31.5667
2253.000000,15,13.4513,187.8024,12.4849,-34.4756,-34.4817
2253.000000,16,13.4513,187.8929,15.2697,-31.7813,-31.7949
2253.000000,17,13.4513,187.9838,16.6742,-30.4677,-30.4895
2253.000000,18,13.4513,188.0751,16.9786,-30.2545,-30.2816
2253.000000,19,13.4513,188.1667,16.7082,-30.6165,-30.6427
2253.000000,20,13.4513,187.9073,9.2775,-37.7878,-37.7906
2253.000000,21,13.4513,187.9956,13.5058,-33.6479,-33.6568
2253.000000,22,13.4513,188.0845,15.9482,-31.2943,-31.3125
2253.000000,23,13.4513,188.1737,17.1267,-30.2050,-30.2325
2253.000000,24,13.4513,188.2633,17.2768,-30.1445,-30.1770
2254.000000,0,13.3628,187.5145,15.0691,-31.6034,-31.6162
2254.000000,1,13.3628,187.6111,14.8350,-31.9341,-31.9478
2254.000000,2,13.3628,187.7080,14.3044,-32.5616,-32.5726
2254.000000,3,13.3628,187.8052,12.9261,-34.0371,-34.0435
2254.000000,4,13.3628,187.9025,10.1470,-36.9136,-36.9161
2254.000000,5,13.3628,187.6196,15.2719,-31.5058,-31.5184
2254.000000,6,13.3628,187.7140,15.9608,-30.9112,-30.9282
2254.000000,7,13.3628,187.8087,15.6834,-31.2833,-31.3010
2254.000000,8,13.3628,187.9037,15.1478,-31.9139,-31.9278
2254.000000,9,13.3628,187.9989,13.6768,-33.4801,-33.4883
2254.000000,10,13.3628,187.7247,14.4773,-32.4054,-32.4156
2254.000000,11,13.3628,187.8168,16.1238,-30.8511,-30.8683
2254.000000,12,13.3628,187.9094,16.5917,-30.4757,-30.4979
2254.000000,13,13.3628,188.0022,16.2867,-30.8736,-30.8958
2254.000000,14,13.3628,188.0954,15.7554,-31.4980,-31.5152
2254.000000,15,13.3628,187.8297,12.6091,-34.3786,-34.3850
2254.000000,16,13.3628,187.9196,15.3602,-31.7175,-31.7317
2254.000000,17,13.3628,188.0100,16.7400,-30.4281,-30.4507
2254.000000,18,13.3628,188.1008,17.0248,-30.2341,-30.2619
2254.000000,19,13.3628,188.1919,16.7711,-30.5789,-30.6057
2254.000000,20,13.3628,187.9344,9.4667,-37.6258,-37.6287
2254.000000,21,13.3628,188.0223,13.6113,-33.5690,-33.5783
2254.000000,22,13.3628,188.1106,16.0196,-31.2490,-31.2679
2254.000000,23,13.3628,188.1994,17.1727,-30.1847,-30.2129
2254.000000,24,13.3628,188.2885,17.3018,-30.1447,-30.1778
2255.000000,0,13.2744,187.5418,15.2136,-31.4862,-31.4996
2255.000000,1,13.2744,187.6379,14.9846,-31.8113,-31.8255
2255.000000,2,13.2744,187.7342,14.4624,-32.4299,-32.4413
2255.000000,3,13.2744,187.8309,13.0765,-33.9124,-33.9192
2255.000000,4,13.2744,187.9277,10.2982,-36.7876,-36.7903
2255.000000,5,13.2744,187.6469,15.3919,-31.4130,-31.4262
2255.000000,6,13.2744,187.7407,16.0621,-30.8367,-30.8544
2255.000000,7,13.2744,187.8349,15.7880,-31.2049,-31.2233
2255.000000,8,13.2744,187.9294,15.2582,-31.8292,-31.8437
2255.000000,9,13.2744,188.0241,13.7785,-33.4036,-33.4122
2255.000000,10,13.2744,187.7520,14.5887,-32.3213,-32.3319
2255.000000,11,13.2744,187.8436,16.2110,-30.7906,-30.8085
2255.000000,12,13.2744,187.9356,16.6607,-30.4329,-30.4559
2255.000000,13,13.2744,188.0279,16.3571,-30.8289,-30.8519
2255.000000,14,13.2744,188.1206,15.8291,-31.4495,-31.4671
2255.000000,15,13.2744,187.8569,12.7287,-34.2862,-34.2928
2255.000000,16,13.2744,187.9463,15.4469,-31.6575,-31.6722
2255.000000,17,13.2744,188.0362,16.8026,-30.3917,-30.4149
2255.000000,18,13.2744,188.1265,17.0684,-30.2161,-30.2446
2255.000000,19,13.2744,188.2171,16.8309,-30.5443,-30.5717
2255.000000,20,13.2744,187.9616,9.6497,-37.4699,-37.4729
2255.000000,21,13.2744,188.0490,13.7131,-33.4939,-33.5035
2255.000000,22,13.2744,188.1368,16.0881,-31.2068,-31.2262
2255.000000,23,13.2744,188.2250,17.2162,-30.1669,-30.1958
2255.000000,24,13.2744,188.3136,17.3249,-30.1468,-30.1806
2256.000000,0,13.1863,187.5691,15.3515,-31.3757,-31.3895
2256.000000,1,13.1863,187.6646,15.1276,-31.6951,-31.7099
2256.000000,2,13.1863,187.7605,14.6135,-32.3050,-32.3169
2256.000000,3,13.1863,187.8566,13.2210,-33.7936,-33.8007
2256.000000,4,13.1863,187.9529,10.4442,-36.6667,-36.6696
2256.000000,5,13.1863,187.6742,15.5066,-31.3257,-31.3393
2256.000000,6,13.1863,187.7675,16.1588,-30.7667,-30.7850
2256.000000,7,13.1863,187.8611,15.8880,-31.1311,-31.1502
2256.000000,8,13.1863,187.9551,15.3639,-31.7493,-31.7642
2256.000000,9,13.1863,188.0493,13.8762,-33.3312,-33.3400
2256.000000,10,13.1863,187.7792,14.6954,-32.2419,-32.2529
2256.000000,11,13.1863,187.8703,16.2943,-30.7340,-30.7525
2256.000000,12,13.1863,187.9618,16.7264,-30.3934,-30.4171
2256.000000,13,13.1863,188.0536,16.4241,-30.7875,-30.8111
2256.000000,14,13.1863,188.1458,15.8995,-31.4043,-31.4224
2256.000000,15,13.1863,187.8840,12.8440,-34.1981,-34.2050
2256.000000,16,13.1863,187.9730,15.5301,-31.6010,-31.6162
2256.000000,17,13.1863,188.0624,16.8623,-30.3581,-30.3821
2256.000000,18,13.1863,188.1522,17.1096,-30.2006,-30.2298
2256.000000,19,13.1863,188.2423,16.8876,-30.5127,-30.5406
2256.000000,20,13.1863,187.9887,9.8271,-37.3197,-37.3229
2256.000000,21,13.1863,188.0756,13.8113,-33.4223,-33.4323
2256.000000,22,13.1863,188.1629,16.1536,-31.1674,-31.1874
2256.000000,23,13.1863,188.2507,17.2573,-30.1515,-30.1811
2256.000000,24,13.1863,188.3388,17.3459,-30.1509,-30.1853
2257.000000,0,13.0984,187.5964,15.4832,-31.2713,-31.2857
2257.000000,1,13.0984,187.6914,15.2642,-31.5852,-31.6006
2257.000000,2,13.0984,187.7867,14.7583,-32.1865,-32.1989
2257.000000,3,13.0984,187.8823,13.3600,-33.6803,-33.6877
2257.000000,4,13.0984,187.9781,10.5855,-36.5507,-36.5537
2257.000000,5,13.0984,187.7015,15.6161,-31.2434,-31.2577
2257.000000,6,13.0984,187.7942,16.2512,-30.7010,-30.7201
2257.000000,7,13.0984,187.8874,15.9837,-31.0617,-31.0815
2257.000000,8,13.0984,187.9808,15.4651,-31.6737,-31.6892
2257.000000,9,13.0984,188.0745,13.9700,-33.2625,-33.2717
2257.000000,10,13.0984,187.8064,14.7975,-32.1669,-32.1784
2257.000000,11,13.0984,187.8970,16.3739,-30.6812,-30.7003
2257.000000,12,13.0984,187.9880,16.7890,-30.3570,-30.3815
2257.000000,13,13.0984,188.0793,16.4948,-30.7425,-30.7668
2257.000000,14,13.0984,188.1710,15.9667,-31.3623,-31.3808
2257.000000,15,13.0984,187.9112,12.9551,-34.1141,-34.1214
2257.000000,16,13.0984,187.9997,15.6098,-31.5479,-31.5637
2257.000000,17,13.0984,188.0886,16.9191,-30.3275,-30.3522
2257.000000,18,13.0984,188.1779,17.1484,-30.1875,-30.2174
2257.000000,19,13.0984,188.2675,16.9416,-30.4840,-30.5124
2257.000000,20,13.0984,188.0158,9.9988,-37.1750,-37.1784
2257.000000,21,13.0984,188.1022,13.9060,-33.3542,-33.3646
2257.000000,22,13.0984,188.1890,16.2163,-31.1308,-31.1514
2257.000000,23,13.0984,188.2763,17.2961,-30.1383,-30.1686
2257.000000,24,13.0984,188.3640,17.3681,-30.1539,-30.1890
2258.000000,0,13.0107,187.6237,15.6089,-31.1729,-31.1879
2258.000000,1,13.0107,187.7182,15.3949,-31.4813,-31.4974
2258.000000,2,13.0107,187.8129,14.8969,-32.0741,-32.0870
2258.000000,3,13.0107,187.9080,13.4936,-33.5724,-33.5801
2258.000000,4,13.0107,188.0033,10.7220,-36.4393,-36.4425
2258.000000,5,13.0107,187.7287,15.7206,-31.1662,-31.1809
2258.000000,6,13.0107,187.8210,16.3395,-30.6395,-30.6593
2258.000000,7,13.0107,187.9136,16.0750,-30.9966,-31.0169
2258.000000,8,13.0107,188.0065,15.5620,-31.6025,-31.6185
2258.000000,9,13.0107,188.0997,14.0602,-33.1975,-33.2070
2258.000000,10,13.0107,187.8336,14.8954,-32.0963,-32.1081
2258.000000,11,13.0107,187.9237,16.4498,-30.6319,-30.6518
2258.000000,12,13.0107,188.0142,16.8485,-30.3237,-30.3489
2258.000000,13,13.0107,188.1050,16.5709,-30.6921,-30.7170
2258.000000,14,13.0107,188.1962,16.0308,-31.3234,-31.3424
2258.000000,15,13.0107,187.9383,13.0622,-34.0342,-34.0418
2258.000000,16,13.0107,188.0263,15.6861,-31.4982,-31.5145
2258.000000,17,13.0107,188.1147,16.9731,-30.2996,-30.3250
2258.000000,18,13.0107,188.2035,17.1849,-30.1766,-30.2073
2258.000000,19,13.0107,188.2926,16.9927,-30.4580,-30.4870
2258.000000,20,13.0107,188.0428,10.1653,-37.0356,-37.0391
2258.000000,21,13.0107,188.1287,13.9973,-33.2894,-33.3002
2258.000000,22,13.0107,188.2151,16.2762,-31.0969,-31.1181
2258.000000,23,13.0107,188.3019,17.3326,-30.1274,-30.1583
2258.000000,24,13.0107,188.3891,17.4008,-30.1463,-30.1820
2259.000000,0,12.9232,187.6510,15.7289,-31.0801,-31.0957
2259.000000,1,12.9232,187.7449,15.5198,-31.3831,-31.3998
2259.000000,2,12.9232,187.8391,15.0296,-31.9676,-31.9810
2259.000000,3,12.9232,187.9337,13.6222,-33.4696,-33.4776
2259.000000,4,12.9232,188.0285,10.8540,-36.3325,-36.3358
2259.000000,5,12.9232,187.7560,15.8204,-31.0936,-31.1089
2259.000000,6,12.9232,187.8477,16.4237,-30.5820,-30.6025
2259.000000,7,12.9232,187.9397,16.1624,-30.9354,-30.9565
2259.000000,8,12.9232,188.0322,15.6548,-31.5354,-31.5519
2259.000000,9,12.9232,188.1249,14.1468,-33.1361,-33.1458
2259.000000,10,12.9232,187.8608,14.9891,-32.0297,-32.0421
2259.000000,11,12.9232,187.9503,16.5222,-30.5861,-30.6067
2259.000000,12,12.9232,188.0403,16.9050,-30.2933,-30.3193
2259.000000,13,12.9232,188.1307,16.6435,-30.6452,-30.6707
2259.000000,14,12.9232,188.2213,16.0918,-31.2875,-31.3069
2259.000000,15,12.9232,187.9654,13.1653,-33.9581,-33.9660
2259.000000,16,12.9232,188.0529,15.7593,-31.4516,-31.4685
2259.000000,17,12.9232,188.1408,17.0245,-30.2744,-30.3005
2259.000000,18,12.9232,188.2291,17.2191,-30.1680,-30.1993
2259.000000,19,12.9232,188.3178,17.0411,-30.4347,-30.4642
2259.000000,20,12.9232,188.0698,10.3266,-36.9013,-36.9050
2259.000000,21,12.9232,188.1552,14.0854,-33.2279,-33.2391
2259.000000,22,12.9232,188.2411,16.3335,-31.0657,-31.0875
2259.000000,23,12.9232,188.3275,17.3670,-30.1186,-30.1502
2259.000000,24,12.9232,188.4142,17.4314,-30.1409,-30.1771
2260.000000,0,12.8358,187.6782,15.8435,-30.9928,-31.0090
2260.000000,1,12.8358,187.7716,15.6392,-31.2904,-31.3078
2260.000000,2,12.8358,187.8653,15.1567,-31.8667,-31.8807
2260.000000,3,12.8358,187.9594,13.7458,-33.3717,-33.3800
2260.000000,4,12.8358,188.0536,10.9817,-36.2300,-36.2335
2260.000000,5,12.8358,187.7832,15.9157,-31.0255,-31.0415
2260.000000,6,12.8358,187.8743,16.5041,-30.5283,-30.5495
2260.000000,7,12.8358,187.9659,16.2458,-30.8781,-30.8999
2260.000000,8,12.8358,188.0578,15.7435,-31.4723,-31.4893
2260.000000,9,12.8358,188.1500,14.2300,-33.0780,-33.0881
2260.000000,10,12.8358,187.8879,15.0788,-31.9671,-31.9799
2260.000000,11,12.8358,187.9770,16.5913,-30.5437,-30.5649
2260.000000,12,12.8358,188.0664,16.9587,-30.2657,-30.2924
2260.000000,13,12.8358,188.1563,16.7127,-30.6017,-30.6278
2260.000000,14,12.8358,188.2465,16.1500,-31.2545,-31.2744
2260.000000,15,12.8358,187.9925,13.2647,-33.8858,-33.8940
2260.000000,16,12.8358,188.0794,15.8293,-31.4082,-31.4256
2260.000000,17,12.8358,188.1669,17.0732,-30.2517,-30.2785
2260.000000,18,12.8358,188.2547,17.2512,-30.1615,-30.1935
2260.000000,19,12.8358,188.3429,17.0869,-30.4140,-30.4440
2260.000000,20,12.8358,188.0968,10.4830,-36.7718,-36.7758
2260.000000,21,12.8358,188.1817,14.1703,-33.1695,-33.1811
2260.000000,22,12.8358,188.2672,16.3882,-31.0370,-31.0594
2260.000000,23,12.8358,188.3530,17.3992,-30.1118,-30.1441
2260.000000,24,12.8358,188.4393,17.4599,-30.1374,-30.1742
2261.000000,0,12.7487,187.7055,15.9529,-30.9106,-30.9275
2261.000000,1,12.7487,187.7983,15.7533,-31.2030,-31.2211
2261.000000,2,12.7487,187.8915,15.2783,-31.7712,-31.7857
2261.000000,3,12.7487,187.9850,13.8646,-33.2785,-33.2872
2261.000000,4,12.7487,188.0788,11.1052,-36.1317,-36.1353
2261.000000,5,12.7487,187.8103,16.0066,-30.9618,-30.9784
2261.000000,6,12.7487,187.9010,16.5807,-30.4783,-30.5003
2261.000000,7,12.7487,187.9921,16.3255,-30.8246,-30.8471
2261.000000,8,12.7487,188.0835,15.8285,-31.4130,-31.4306
2261.000000,9,12.7487,188.1752,14.3099,-33.0233,-33.0337
2261.000000,10,12.7487,187.9150,15.1647,-31.9083,-31.9216
2261.000000,11,12.7487,188.0036,16.6571,-30.5045,-30.5263
2261.000000,12,12.7487,188.0925,17.0097,-30.2409,-30.2683
2261.000000,13,12.7487,188.1819,16.7785,-30.5614,-30.5882
2261.000000,14,12.7487,188.2716,16.2053,-31.2243,-31.2446
2261.000000,15,12.7487,188.0195,13.3605,-33.8171,-33.8256
2261.000000,16,12.7487,188.1060,15.8963,-31.3677,-31.3857
2261.000000,17,12.7487,188.1929,17.1194,-30.2316,-30.2591
2261.000000,18,12.7487,188.2803,17.2812,-30.1571,-30.1898
2261.000000,19,12.7487,188.3680,17.1303,-30.3958,-30.4263
2261.000000,20,12.7487,188.1238,10.6347,-36.6471,-36.6512
2261.000000,21,12.7487,188.2082,14.2521,-33.1141,-33.1261
2261.000000,22,12.7487,188.2932,16.4404,-31.0108,-31.0337
2261.000000,23,12.7487,188.3786,17.4294,-30.1072,-30.1401
2261.000000,24,12.7487,188.4644,17.4864,-30.1360,-30.1733
2262.000000,0,12.6618,187.7327,16.0573,-30.8334,-30.8509
2262.000000,1,12.6618,187.8250,15.8624,-31.1206,-31.1393
2262.000000,2,12.6618,187.9177,15.3948,-31.6809,-31.6959
2262.000000,3,12.6618,188.0107,13.9789,-33.1898,-33.1989
2262.000000,4,12.6618,188.1039,11.2246,-36.0374,-36.0412
2262.000000,5,12.6618,187.8375,16.0933,-30.9022,-30.9194
2262.000000,6,12.6618,187.9276,16.6538,-30.4319,-30.4546
2262.000000,7,12.6618,188.0182,16.4015,-30.7747,-30.7979
2262.000000,8,12.6618,188.1091,15.9097,-31.3575,-31.3755
2262.000000,9,12.6618,188.2003,14.3866,-32.9718,-32.9824
2262.000000,10,12.6618,187.9421,15.2469,-31.8532,-31.8670
2262.000000,11,12.6618,188.0301,16.7198,-30.4683,-30.4909
2262.000000,12,12.6618,188.1186,17.0580,-30.2187,-30.2468
2262.000000,13,12.6618,188.2075,16.8412,-30.5244,-30.5517
2262.000000,14,12.6618,188.2967,16.2580,-31.1968,-31.2175
2262.000000,15,12.6618,188.0465,13.4527,-33.7518,-33.7607
2262.000000,16,12.6618,188.1325,15.9604,-31.3302,-31.3487
2262.000000,17,12.6618,188.2190,17.1631,-30.2139,-30.2420
2262.000000,18,12.6618,188.3058,17.3092,-30.1547,-30.1880
2262.000000,19,12.6618,188.3931,17.1711,-30.3800,-30.4110
2262.000000,20,12.6618,188.1507,10.7818,-36.5269,-36.5312
2262.000000,21,12.6618,188.2347,14.3310,-33.0617,-33.0741
2262.000000,22,12.6618,188.3191,16.4902,-30.9869,-31.0105
2262.000000,23,12.6618,188.4041,17.4577,-30.1044,-30.1380
2262.000000,24,12.6618,188.4894,17.5109,-30.1365,-30.1743
2263.000000,0,12.5751,187.7598,16.1569,-30.7610,-30.7792
2263.000000,1,12.5751,187.8516,15.9667,-31.0430,-31.0624
2263.000000,2,12.5751,187.9438,15.5064,-31.5955,-31.6111
2263.000000,3,12.5751,188.0363,14.0888,-33.1055,-33.1150
2263.000000,4,12.5751,188.1291,11.3401,-35.9470,-35.9510
2263.000000,5,12.5751,187.8646,16.1760,-30.8466,-30.8644
2263.000000,6,12.5751,187.9542,16.7234,-30.3889,-30.4124
2263.000000,7,12.5751,188.0443,16.4740,-30.7283,-30.7522
2263.000000,8,12.5751,188.1347,15.9873,-31.3054,-31.3240
2263.000000,9,12.5751,188.2254,14.4602,-32.9233,-32.9343
2263.000000,10,12.5751,187.9692,15.3256,-31.8016,-31.8159
2263.000000,11,12.5751,188.0567,16.7795,-30.4352,-30.4584
2263.000000,12,12.5751,188.1447,17.1037,-30.1990,-30.2279
2263.000000,13,12.5751,188.2331,16.9008,-30.4904,-30.5183
2263.000000,14,12.5751,188.3218,16.3080,-31.1719,-31.1930
2263.000000,15,12.5751,188.0735,13.5416,-33.6899,-33.6991
2263.000000,16,12.5751,188.1590,16.0216,-31.2954,-31.3144
2263.000000,17,12.5751,188.2450,17.2045,-30.1985,-30.2273
2263.000000,18,12.5751,188.3314,17.3352,-30.1542,-30.1882
2263.000000,19,12.5751,188.4182,17.2096,-30.3666,-30.3981
2263.000000,20,12.5751,188.1776,10.9245,-36.4111,-36.4155
2263.000000,21,12.5751,188.2611,14.4070,-33.0121,-33.0249
2263.000000,22,12.5751,188.3451,16.5377,-30.9654,-30.9895
2263.000000,23,12.5751,188.4296,17.4840,-30.1036,-30.1377
2263.000000,24,12.5751,188.5144,17.5336,-30.1389,-30.1772
2264.000000,0,12.4886,187.7870,16.2520,-30.6930,-30.7120
2264.000000,1,12.4886,187.8783,16.0663,-30.9700,-30.9902
2264.000000,2,12.4886,187.9699,15.6132,-31.5148,-31.5310
2264.000000,3,12.4886,188.0619,14.1945,-33.0254,-33.0353
2264.000000,4,12.4886,188.1542,11.4519,-35.8604,-35.8645
2264.000000,5,12.4886,187.8917,16.2549,-30.7949,-30.8133
2264.000000,6,12.4886,187.9808,16.7896,-30.3492,-30.3734
2264.000000,7,12.4886,188.0704,16.5432,-30.6852,-30.7098
2264.000000,8,12.4886,188.1603,16.0615,-31.2568,-31.2759
2264.000000,9,12.4886,188.2506,14.5308,-32.8778,-32.8891
2264.000000,10,12.4886,187.9962,15.4008,-31.7534,-31.7682
2264.000000,11,12.4886,188.0832,16.8363,-30.4050,-30.4289
2264.000000,12,12.4886,188.1707,17.1470,-30.1818,-30.2114
2264.000000,13,12.4886,188.2586,16.9574,-30.4593,-30.4879
2264.000000,14,12.4886,188.3469,16.3555,-31.1495,-31.1710
2264.000000,15,12.4886,188.1004,13.6272,-33.6312,-33.6408
2264.000000,16,12.4886,188.1854,16.0802,-31.2633,-31.2829
2264.000000,17,12.4886,188.2710,17.2436,-30.1854,-30.2149
2264.000000,18,12.4886,188.3569,17.3593,-30.1556,-30.1902
2264.000000,19,12.4886,188.4432,17.2458,-30.3554,-30.3874
2264.000000,20,12.4886,188.2044,11.0630,-36.2994,-36.3041
2264.000000,21,12.4886,188.2874,14.4801,-32.9654,-32.9785
2264.000000,22,12.4886,188.3710,16.5829,-30.9462,-30.9709
2264.000000,23,12.4886,188.4550,17.5084,-30.1046,-30.1394
2264.000000,24,12.4886,188.5394,17.5544,-30.1430,-30.1819
2265.000000,0,12.4023,187.8141,16.3427,-30.6295,-30.6491
2265.000000,1,12.4023,187.9049,16.1615,-30.9015,-30.9224
2265.000000,2,12.4023,187.9960,15.7154,-31.4387,-31.4555
2265.000000,3,12.4023,188.0875,14.2962,-32.9494,-32.9596
2265.000000,4,12.4023,188.1793,11.5599,-35.7774,-35.7817
2265.000000,5,12.4023,187.9188,16.3300,-30.7468,-30.7659
2265.000000,6,12.4023,188.0074,16.8527,-30.3127,-30.3377
2265.000000,7,12.4023,188.0964,16.6091,-30.6454,-30.6707
2265.000000,8,12.4023,188.1859,16.1324,-31.2115,-31.2311
2265.000000,9,12.4023,188.2756,14.5985,-32.8352,-32.8468
2265.000000,10,12.4023,188.0232,15.4728,-31.7085,-31.7237
2265.000000,11,12.4023,188.1097,16.8902,-30.3775,-30.4021
2265.000000,12,12.4023,188.1968,17.1878,-30.1670,-30.1973
2265.000000,13,12.4023,188.2842,17.0112,-30.4311,-30.4602
2265.000000,14,12.4023,188.3720,16.4005,-31.1295,-31.1514
2265.000000,15,12.4023,188.1273,13.7097,-33.5757,-33.5856
2265.000000,16,12.4023,188.2119,16.1361,-31.2338,-31.2540
2265.000000,17,12.4023,188.2969,17.2805,-30.1744,-30.2046
2265.000000,18,12.4023,188.3824,17.3835,-30.1569,-30.1922
2265.000000,19,12.4023,188.4682,17.2798,-30.3465,-30.3789
2265.000000,20,12.4023,188.2312,11.1974,-36.1918,-36.1967
2265.000000,21,12.4023,188.3138,14.5506,-32.9212,-32.9348
2265.000000,22,12.4023,188.3969,16.6258,-30.9291,-30.9543
2265.000000,23,12.4023,188.4804,17.5311,-30.1074,-30.1427
2265.000000,24,12.4023,188.5644,17.5735,-30.1490,-30.1883
2266.000000,0,12.3162,187.8412,16.4291,-30.5701,-30.5905
2266.000000,1,12.3162,187.9315,16.2523,-30.8372,-30.8588
2266.000000,2,12.3162,188.0221,15.8132,-31.3670,-31.3844
2266.000000,3,12.3162,188.1131,14.3939,-32.8773,-32.8879
2266.000000,4,12.3162,188.2044,11.6645,-35.6980,-35.7025
2266.000000,5,12.3162,187.9458,16.4016,-30.7023,-30.7219
2266.000000,6,12.3162,188.0339,16.9127,-30.2792,-30.3050
2266.000000,7,12.3162,188.1225,16.6783,-30.6022,-30.6282
2266.000000,8,12.3162,188.2114,16.2001,-31.1694,-31.1895
2266.000000,9,12.3162,188.3007,14.6634,-32.7954,-32.8073
2266.000000,10,12.3162,188.0501,15.5415,-31.6667,-31.6824
2266.000000,11,12.3162,188.1362,16.9415,-30.3528,-30.3780
2266.000000,12,12.3162,188.2227,17.2263,-30.1545,-30.1855
2266.000000,13,12.3162,188.3097,17.0622,-30.4056,-30.4353
2266.000000,14,12.3162,188.3970,16.4432,-31.1119,-31.1342
2266.000000,15,12.3162,188.1542,13.7891,-33.5232,-33.5334
2266.000000,16,12.3162,188.2383,16.1894,-31.2069,-31.2276
2266.000000,17,12.3162,188.3228,17.3152,-30.1656,-30.1964
2266.000000,18,12.3162,188.4078,17.4158,-30.1501,-30.1859
2266.000000,19,12.3162,188.4932,17.3116,-30.3396,-30.3725
2266.000000,20,12.3162,188.2580,11.3279,-36.0882,-36.0932
2266.000000,21,12.3162,188.3401,14.6184,-32.8797,-32.8937
2266.000000,22,12.3162,188.4227,16.6666,-30.9142,-30.9399
2266.000000,23,12.3162,188.5058,17.5520,-30.1119,-30.1478
2266.000000,24,12.3162,188.5894,17.5908,-30.1566,-30.1964
2267.000000,0,12.2303,187.8683,16.5116,-30.5148,-30.5359
2267.000000,1,12.2303,187.9581,16.3391,-30.7770,-30.7994
2267.000000,2,12.2303,188.0482,15.9068,-31.2995,-31.3175
2267.000000,3,12.2303,188.1387,14.4878,-32.8090,-32.8199
2267.000000,4,12.2303,188.2295,11.7656,-35.6219,-35.6266
2267.000000,5,12.2303,187.9728,16.4697,-30.6611,-30.6814
2267.000000,6,12.2303,188.0604,16.9697,-30.2488,-30.2752
2267.000000,7,12.2303,188.1485,16.7488,-30.5577,-30.5843
2267.000000,8,12.2303,188.2370,16.2646,-31.1304,-31.1510
2267.000000,9,12.2303,188.3258,14.7256,-32.7582,-32.7704
2267.000000,10,12.2303,188.0771,15.6072,-31.6279,-31.6441
2267.000000,11,12.2303,188.1627,16.9901,-30.3306,-30.3565
2267.000000,12,12.2303,188.2487,17.2626,-30.1442,-30.1759
2267.000000,13,12.2303,188.3352,17.1105,-30.3828,-30.4131
2267.000000,14,12.2303,188.4220,16.4835,-31.0966,-31.1193
2267.000000,15,12.2303,188.1811,13.8655,-33.4736,-33.4841
2267.000000,16,12.2303,188.2646,16.2403,-31.1824,-31.2036
2267.000000,17,12.2303,188.3487,17.3479,-30.1589,-30.1903
2267.000000,18,12.2303,188.4333,17.4460,-30.1453,-30.1817
2267.000000,19,12.2303,188.5182,17.3414,-30.3349,-30.3682
2267.000000,20,12.2303,188.2847,11.4545,-35.9882,-35.9934
2267.000000,21,12.2303,188.3664,14.6837,-32.8407,-32.8551
2267.000000,22,12.2303,188.4486,16.7053,-30.9012,-30.9276
2267.000000,23,12.2303,188.5312,17.5712,-30.1181,-30.1546
2267.000000,24,12.2303,188.6143,17.6064,-30.1659,-30.2061
2268.000000,0,12.1446,187.8954,16.5901,-30.4633,-30.4851
2268.000000,1,12.1446,187.9846,16.4219,-30.7208,-30.7439
2268.000000,2,12.1446,188.0742,15.9962,-31.2360,-31.2546
2268.000000,3,12.1446,188.1642,14.5780,-32.7443,-32.7556
2268.000000,4,12.1446,188.2546,11.8634,-35.5492,-35.5541
2268.000000,5,12.1446,187.9998,16.5346,-30.6233,-30.6442
2268.000000,6,12.1446,188.0869,17.0238,-30.2211,-30.2483
2268.000000,7,12.1446,188.1745,16.8160,-30.5165,-30.5439
2268.000000,8,12.1446,188.2625,16.3262,-31.0943,-31.1155
2268.000000,9,12.1446,188.3508,14.7852,-32.7237,-32.7362
2268.000000,10,12.1446,188.1040,15.6700,-31.5920,-31.6088
2268.000000,11,12.1446,188.1891,17.0362,-30.3110,-30.3375
2268.000000,12,12.1446,188.2747,17.2967,-30.1360,-30.1684
2268.000000,13,12.1446,188.3607,17.1562,-30.3625,-30.3934
2268.000000,14,12.1446,188.4470,16.5216,-31.0835,-31.1066
2268.000000,15,12.1446,188.2079,13.9391,-33.4268,-33.4377
2268.000000,16,12.1446,188.2910,16.2888,-31.1602,-31.1820
2268.000000,17,12.1446,188.3746,17.3785,-30.1541,-30.1861
2268.000000,18,12.1446,188.4587,17.4743,-30.1425,-30.1794
2268.000000,19,12.1446,188.5432,17.3691,-30.3321,-30.3658
2268.000000,20,12.1446,188.3114,11.5775,-35.8920,-35.8974
2268.000000,21,12.1446,188.3926,14.7518,-32.7989,-32.8137
2268.000000,22,12.1446,188.4744,16.7421,-30.8903,-30.9172
2268.000000,23,12.1446,188.5566,17.5887,-30.1259,-30.1629
2268.000000,24,12.1446,188.6392,17.6205,-30.1768,-30.2174
2269.000000,0,12.0591,187.9224,16.6649,-30.4156,-30.4381
2269.000000,1,12.0591,188.0111,16.5008,-30.6683,-30.6922
2269.000000,2,12.0591,188.1003,16.0818,-31.1765,-31.1957
2269.000000,3,12.0591,188.1898,14.6647,-32.6831,-32.6948
2269.000000,4,12.0591,188.2796,11.9579,-35.4797,-35.4847
2269.000000,5,12.0591,188.0267,16.5962,-30.5885,-30.6102
2269.000000,6,12.0591,188.1134,17.0752,-30.1962,-30.2242
2269.000000,7,12.0591,188.2005,16.8799,-30.4787,-30.5066
2269.000000,8,12.0591,188.2880,16.3849,-31.0612,-31.0828
2269.000000,9,12.0591,188.3759,14.8422,-32.6917,-32.7045
2269.000000,10,12.0591,188.1308,15.7299,-31.5590,-31.5762
2269.000000,11,12.0591,188.2155,17.0798,-30.2937,-30.3209
2269.000000,12,12.0591,188.3006,17.3287,-30.1300,-30.1630
2269.000000,13,12.0591,188.3861,17.1994,-30.3448,-30.3762
2269.000000,14,12.0591,188.4720,16.5575,-31.0725,-31.0960
2269.000000,15,12.0591,188.2346,14.0099,-33.3827,-33.3939
2269.000000,16,12.0591,188.3173,16.3350,-31.1404,-31.1626
2269.000000,17,12.0591,188.4005,17.4072,-30.1513,-30.1839
2269.000000,18,12.0591,188.4841,17.5005,-30.1416,-30.1791
2269.000000,19,12.0591,188.5681,17.3949,-30.3313,-30.3654
2269.000000,20,12.0591,188.3381,11.6969,-35.7992,-35.8048
2269.000000,21,12.0591,188.4188,14.8343,-32.7426,-32.7577
2269.000000,22,12.0591,188.5001,16.7768,-30.8814,-30.9087
2269.000000,23,12.0591,188.5819,17.6046,-30.1353,-30.1729
2269.000000,24,12.0591,188.6641,17.6329,-30.1892,-30.2302
2270.000000,0,11.9739,187.9494,16.7361,-30.3714,-30.3947
2270.000000,1,11.9739,188.0376,16.5761,-30.6196,-30.6442
2270.000000,2,11.9739,188.1263,16.1636,-31.1207,-31.1405
2270.000000,3,11.9739,188.2153,14.7480,-32.6253,-32.6374
2270.000000,4,11.9739,188.3047,12.0494,-35.4133,-35.4185
2270.000000,5,11.9739,188.0537,16.6548,-30.5569,-30.5791
2270.000000,6,11.9739,188.1398,17.1238,-30.1740,-30.2027
2270.000000,7,11.9739,188.2264,16.9406,-30.4439,-30.4725
2270.000000,8,11.9739,188.3135,16.4407,-31.0308,-31.0529
2270.000000,9,11.9739,188.4009,14.8968,-32.6621,-32.6752
2270.000000,10,11.9739,188.1577,15.7870,-31.5287,-31.5464
2270.000000,11,11.9739,188.2418,17.1210,-30.2789,-30.3067
2270.000000,12,11.9739,188.3265,17.3586,-30.1259,-30.1596
2270.000000,13,11.9739,188.4115,17.2401,-30.3294,-30.3614
2270.000000,14,11.9739,188.4970,16.5914,-31.0636,-31.0875
2270.000000,15,11.9739,188.2614,14.0781,-33.3413,-33.3529
2270.000000,16,11.9739,188.3436,16.3789,-31.1227,-31.1455
2270.000000,17,11.9739,188.4263,17.4340,-30.1503,-30.1835
2270.000000,18,11.9739,188.5094,17.5249,-30.1426,-30.1806
2270.000000,19,11.9739,188.5930,17.4188,-30.3323,-30.3668
2270.000000,20,11.9739,188.3647,11.8129,-35.7099,-35.7157
2270.000000,21,11.9739,188.4450,14.9141,-32.6890,-32.7045
2270.000000,22,11.9739,188.5259,16.8096,-30.8742,-30.9021
2270.000000,23,11.9739,188.6072,17.6190,-30.1462,-30.1843
2270.000000,24,11.9739,188.6889,17.6439,-30.2031,-30.2446
2271.000000,0,11.8888,187.9764,16.8038,-30.3307,-30.3547
2271.000000,1,11.8888,188.0641,16.6478,-30.5743,-30.5996
2271.000000,2,11.8888,188.1523,16.2417,-31.0686,-31.0889
2271.000000,3,11.8888,188.2408,14.8280,-32.5708,-32.5833
2271.000000,4,11.8888,188.3297,12.1378,-35.3499,-35.3553
2271.000000,5,11.8888,188.0806,16.7105,-30.5281,-30.5510
2271.000000,6,11.8888,188.1662,17.1699,-30.1544,-30.1838
2271.000000,7,11.8888,188.2524,16.9982,-30.4122,-30.4415
2271.000000,8,11.8888,188.3389,16.4939,-31.0031,-31.0257
2271.000000,9,11.8888,188.4258,14.9490,-32.6349,-32.6483
2271.000000,10,11.8888,188.1845,15.8415,-31.5010,-31.5192
2271.000000,11,11.8888,188.2681,17.1599,-30.2663,-30.2947
2271.000000,12,11.8888,188.3523,17.3865,-30.1238,-30.1582
2271.000000,13,11.8888,188.4369,17.2786,-30.3164,-30.3489
2271.000000,14,11.8888,188.5219,16.6232,-31.0568,-31.0810
2271.000000,15,11.8888,188.2881,14.1437,-33.3025,-33.3144
2271.000000,16,11.8888,188.3698,16.4206,-31.1072,-31.1305
2271.000000,17,11.8888,188.4521,17.4590,-30.1511,-30.1849
2271.000000,18,11.8888,188.5348,17.5475,-30.1453,-30.1839
2271.000000,19,11.8888,188.6179,17.4408,-30.3352,-30.3700
2271.000000,20,11.8888,188.3913,11.9256,-35.6238,-35.6298
2271.000000,21,11.8888,188.4712,14.9913,-32.6379,-32.6538
2271.000000,22,11.8888,188.5516,16.8406,-30.8690,-30.8973
2271.000000,23,11.8888,188.6324,17.6319,-30.1586,-30.1972
2271.000000,24,11.8888,188.7138,17.6533,-30.2185,-30.2603
2272.000000,0,11.8039,188.0033,16.8681,-30.2932,-30.3180
2272.000000,1,11.8039,188.0905,16.7162,-30.5324,-30.5585
2272.000000,2,11.8039,188.1782,16.3163,-31.0199,-31.0409
2272.000000,3,11.8039,188.2663,14.9048,-32.5195,-32.5324
2272.000000,4,11.8039,188.3547,12.2233,-35.2894,-35.2950
2272.000000,5,11.8039,188.1074,16.7633,-30.5022,-30.5257
2272.000000,6,11.8039,188.1926,17.2134,-30.1372,-30.1673
2272.000000,7,11.8039,188.2783,17.0529,-30.3834,-30.4133
2272.000000,8,11.8039,188.3644,16.5444,-30.9780,-31.0011
2272.000000,9,11.8039,188.4508,14.9989,-32.6100,-32.6237
2272.000000,10,11.8039,188.2112,15.8934,-31.4759,-31.4946
2272.000000,11,11.8039,188.2944,17.1966,-30.2558,-30.2849
2272.000000,12,11.8039,188.3782,17.4126,-30.1236,-30.1586
2272.000000,13,11.8039,188.4623,17.3147,-30.3056,-30.3387
2272.000000,14,11.8039,188.5469,16.6531,-31.0518,-31.0764
2272.000000,15,11.8039,188.3147,14.2067,-33.2661,-33.2783
2272.000000,16,11.8039,188.3960,16.4603,-31.0938,-31.1176
2272.000000,17,11.8039,188.4778,17.4822,-30.1537,-30.1881
2272.000000,18,11.8039,188.5601,17.5683,-30.1498,-30.1889
2272.000000,19,11.8039,188.6428,17.4611,-30.3398,-30.3750
2272.000000,20,11.8039,188.4179,12.0350,-35.5409,-35.5471
2272.000000,21,11.8039,188.4973,15.0659,-32.5895,-32.6057
2272.000000,22,11.8039,188.5772,16.8698,-30.8654,-30.8943
2272.000000,23,11.8039,188.6577,17.6433,-30.1724,-30.2115
2272.000000,24,11.8039,188.7386,17.6613,-30.2353,-30.2775
2273.000000,0,11.7193,188.0302,16.9293,-30.2590,-30.2845
2273.000000,1,11.7193,188.1170,16.7812,-30.4938,-30.5206
2273.000000,2,11.7193,188.2042,16.3875,-30.9747,-30.9962
2273.000000,3,11.7193,188.2917,14.9785,-32.4713,-32.4845
2273.000000,4,11.7193,188.3797,12.3060,-35.2317,-35.2375
2273.000000,5,11.7193,188.1343,16.8133,-30.4790,-30.5031
2273.000000,6,11.7193,188.2190,17.2546,-30.1225,-30.1533
2273.000000,7,11.7193,188.3042,17.1047,-30.3575,-30.3880
2273.000000,8,11.7193,188.3898,16.5924,-30.9555,-30.9790
2273.000000,9,11.7193,188.4758,15.0465,-32.5873,-32.6014
2273.000000,10,11.7193,188.2380,15.9428,-31.4532,-31.4723
2273.000000,11,11.7193,188.3207,17.2312,-30.2475,-30.2773
2273.000000,12,11.7193,188.4040,17.4368,-30.1252,-30.1609
2273.000000,13,11.7193,188.4877,17.3486,-30.2971,-30.3306
2273.000000,14,11.7193,188.5718,16.6810,-31.0488,-31.0737
2273.000000,15,11.7193,188.3414,14.2673,-33.2321,-33.2447
2273.000000,16,11.7193,188.4222,16.4979,-31.0824,-31.1067
2273.000000,17,11.7193,188.5035,17.5036,-30.1580,-30.1929
2273.000000,18,11.7193,188.5854,17.5873,-30.1561,-30.1956
2273.000000,19,11.7193,188.6676,17.4796,-30.3461,-30.3817
2273.000000,20,11.7193,188.4444,12.1413,-35.4611,-35.4675
2273.000000,21,11.7193,188.5234,15.1380,-32.5434,-32.5600
2273.000000,22,11.7193,188.6029,16.8973,-30.8636,-30.8930
2273.000000,23,11.7193,188.6829,17.6532,-30.1877,-30.2272
2273.000000,24,11.7193,188.7633,17.6679,-30.2534,-30.2960
2274.000000,0,11.6349,188.0571,16.9873,-30.2278,-30.2541
2274.000000,1,11.6349,188.1434,16.8430,-30.4584,-30.4859
2274.000000,2,11.6349,188.2301,16.4555,-30.9326,-30.9548
2274.000000,3,11.6349,188.3172,15.0492,-32.4260,-32.4396
2274.000000,4,11.6349,188.4046,12.3859,-35.1768,-35.1828
2274.000000,5,11.6349,188.1611,16.8607,-30.4584,-30.4832
2274.000000,6,11.6349,188.2453,17.2933,-30.1100,-30.1415
2274.000000,7,11.6349,188.3300,17.1538,-30.3342,-30.3654
2274.000000,8,11.6349,188.4152,16.6379,-30.9353,-30.9594
2274.000000,9,11.6349,188.5007,15.0919,-32.5668,-32.5811
2274.000000,10,11.6349,188.2647,15.9899,-31.4329,-31.4525
2274.000000,11,11.6349,188.3470,17.2637,-30.2413,-30.2716
2274.000000,12,11.6349,188.4297,17.4591,-30.1286,-30.1649
2274.000000,13,11.6349,188.5130,17.3804,-30.2906,-30.3246
2274.000000,14,11.6349,188.5966,16.7071,-31.0476,-31.0729
2274.000000,15,11.6349,188.3680,14.3256,-33.2005,-33.2133
2274.000000,16,11.6349,188.4483,16.5335,-31.0729,-31.0977
2274.000000,17,11.6349,188.5292,17.5234,-30.1639,-30.1994
2274.000000,18,11.6349,188.6106,17.6047,-30.1639,-30.2040
2274.000000,19,11.6349,188.6924,17.4964,-30.3540,-30.3900
2274.000000,20,11.6349,188.4709,12.2446,-35.3843,-35.3909
2274.000000,21,11.6349,188.5494,15.2077,-32.4997,-32.5167
2274.000000,22,11.6349,188.6285,16.9231,-30.8634,-30.8933
2274.000000,23,11.6349,188.7080,17.6619,-30.2042,-30.2442
2274.000000,24,11.6349,188.7881,17.6732,-30.2729,-30.3158
2275.000000,0,11.5506,188.0840,17.0424,-30.1996,-30.2266
2275.000000,1,11.5506,188.1697,16.9018,-30.4260,-30.4542
2275.000000,2,11.5506,188.2560,16.5202,-30.8938,-30.9165
2275.000000,3,11.5506,188.3426,15.1170,-32.3836,-32.3976
2275.000000,4,11.5506,188.4296,12.4631,-35.1245,-35.1307
2275.000000,5,11.5506,188.1878,16.9055,-30.4404,-30.4657
2275.000000,6,11.5506,188.2716,17.3298,-30.0998,-30.1320
2275.000000,7,11.5506,188.3558,17.2002,-30.3137,-30.3455
2275.000000,8,11.5506,188.4405,16.6810,-30.9176,-30.9421
2275.000000,9,11.5506,188.5256,15.1353,-32.5484,-32.5630
2275.000000,10,11.5506,188.2913,16.0346,-31.4148,-31.4349
2275.000000,11,11.5506,188.3732,17.2941,-30.2370,-30.2679
2275.000000,12,11.5506,188.4555,17.4798,-30.1338,-30.1706
2275.000000,13,11.5506,188.5383,17.4102,-30.2862,-30.3206
2275.000000,14,11.5506,188.6215,16.7314,-31.0481,-31.0738
2275.000000,15,11.5506,188.3945,14.4025,-33.1501,-33.1633
2275.000000,16,11.5506,188.4744,16.5671,-31.0653,-31.0906
2275.000000,17,11.5506,188.5549,17.5415,-30.1714,-30.2074
2275.000000,18,11.5506,188.6359,17.6205,-30.1734,-30.2139
2275.000000,19,11.5506,188.7172,17.5117,-30.3636,-30.3999
2275.000000,20,11.5506,188.4973,12.3450,-35.3104,-35.3172
2275.000000,21,11.5506,188.5754,15.2751,-32.4584,-32.4757
2275.000000,22,11.5506,188.6540,16.9472,-30.8649,-30.8952
2275.000000,23,11.5506,188.7332,17.6691,-30.2221,-30.2625
2275.000000,24,11.5506,188.8128,17.6772,-30.2937,-30.3369
2276.000000,0,11.4666,188.1108,17.0945,-30.1743,-30.2020
2276.000000,1,11.4666,188.1961,16.9576,-30.3965,-30.4255
2276.000000,2,11.4666,188.2818,16.5819,-30.8580,-30.8812
2276.000000,3,11.4666,188.3680,15.1820,-32.3440,-32.3584
2276.000000,4,11.4666,188.4545,12.5377,-35.0749,-35.0813
2276.000000,5,11.4666,188.2146,16.9478,-30.4248,-30.4507
2276.000000,6,11.4666,188.2978,17.3641,-30.0918,-30.1246
2276.000000,7,11.4666,188.3816,17.2440,-30.2956,-30.3281
2276.000000,8,11.4666,188.4659,16.7218,-30.9021,-30.9270
2276.000000,9,11.4666,188.5505,15.1766,-32.5319,-32.5469
2276.000000,10,11.4666,188.3180,16.0770,-31.3990,-31.4195
2276.000000,11,11.4666,188.3993,17.3227,-30.2347,-30.2662
2276.000000,12,11.4666,188.4812,17.4987,-30.1405,-30.1779
2276.000000,13,11.4666,188.5636,17.4379,-30.2837,-30.3187
2276.000000,14,11.4666,188.6463,16.7540,-31.0504,-31.0763
2276.000000,15,11.4666,188.4211,14.4809,-33.0982,-33.1117
2276.000000,16,11.4666,188.5005,16.5990,-31.0596,-31.0853
2276.000000,17,11.4666,188.5805,17.5581,-30.1804,-30.2170
2276.000000,18,11.4666,188.6611,17.6347,-30.1844,-30.2253
2276.000000,19,11.4666,188.7420,17.5253,-30.3747,-30.4113
2276.000000,20,11.4666,188.5238,12.4425,-35.2393,-35.2463
2276.000000,21,11.4666,188.6014,15.3402,-32.4192,-32.4369
2276.000000,22,11.4666,188.6796,16.9697,-30.8679,-30.8987
2276.000000,23,11.4666,188.7583,17.6751,-30.2412,-30.2821
2276.000000,24,11.4666,188.8375,17.6799,-30.3157,-30.3592
2277.000000,0,11.3828,188.1376,17.1439,-30.1517,-30.1802
2277.000000,1,11.3828,188.2224,17.0106,-30.3699,-30.3996
2277.000000,2,11.3828,188.3077,16.6406,-30.8251,-30.8489
2277.000000,3,11.3828,188.3934,15.2443,-32.3071,-32.3219
2277.000000,4,11.3828,188.4794,12.6097,-35.0277,-35.0343
2277.000000,5,11.3828,188.2413,16.9877,-30.4115,-30.4381
2277.000000,6,11.3828,188.3241,17.3963,-30.0858,-30.1194
2277.000000,7,11.3828,188.4074,17.2853,-30.2801,-30.3131
2277.000000,8,11.3828,188.4912,16.7604,-30.8888,-30.9142
2277.000000,9,11.3828,188.5753,15.2159,-32.5175,-32.5327
2277.000000,10,11.3828,188.3446,16.1173,-31.3853,-31.4063
2277.000000,11,11.3828,188.4255,17.3493,-30.2342,-30.2663
2277.000000,12,11.3828,188.5069,17.5160,-30.1489,-30.1869
2277.000000,13,11.3828,188.5888,17.4637,-30.2832,-30.3186
2277.000000,14,11.3828,188.6711,16.7749,-31.0543,-31.0806
2277.000000,15,11.3828,188.4475,14.5567,-33.0489,-33.0627
2277.000000,16,11.3828,188.5266,16.6290,-31.0556,-31.0818
2277.000000,17,11.3828,188.6061,17.5732,-30.1910,-30.2280
2277.000000,18,11.3828,188.6862,17.6474,-30.1968,-30.2382
2277.000000,19,11.3828,188.7667,17.5374,-30.3874,-30.4243
2277.000000,20,11.3828,188.5501,12.5373,-35.1708,-35.1780
2277.000000,21,11.3828,188.6273,15.4032,-32.3822,-32.4002
2277.000000,22,11.3828,188.7051,16.9907,-30.8724,-30.9036
2277.000000,23,11.3828,188.7834,17.6799,-30.2616,-30.3029
2277.000000,24,11.3828,188.8622,17.6813,-30.3389,-30.3827
2278.000000,0,11.2991,188.1644,17.1906,-30.1318,-30.1610
2278.000000,1,11.2991,188.2487,17.0608,-30.3460,-30.3764
2278.000000,2,11.2991,188.3335,16.6965,-30.7950,-30.8195
2278.000000,3,11.2991,188.4187,15.3039,-32.2729,-32.2880
2278.000000,4,11.2991,188.5043,12.6794,-34.9830,-34.9898
2278.000000,5,11.2991,188.2679,17.0254,-30.4006,-30.4277
2278.000000,6,11.2991,188.3503,17.4264,-30.0819,-30.1161
2278.000000,7,11.2991,188.4331,17.3242,-30.2669,-30.3005
2278.000000,8,11.2991,188.5165,16.7968,-30.8777,-30.9035
2278.000000,9,11.2991,188.6002,15.2533,-32.5050,-32.5205
2278.000000,10,11.2991,188.3711,16.1555,-31.3737,-31.3951
2278.000000,11,11.2991,188.4516,17.3741,-30.2355,-30.2681
2278.000000,12,11.2991,188.5326,17.5354,-30.1552,-30.1937
2278.000000,13,11.2991,188.6140,17.4875,-30.2845,-30.3203
2278.000000,14,11.2991,188.6959,16.7941,-31.0598,-31.0864
2278.000000,15,11.2991,188.4740,14.6299,-33.0021,-33.0162
2278.000000,16,11.2991,188.5526,16.6572,-31.0534,-31.0800
2278.000000,17,11.2991,188.6317,17.5868,-30.2030,-30.2405
2278.000000,18,11.2991,188.7114,17.6586,-30.2108,-30.2526
2278.000000,19,11.2991,188.7915,17.5480,-30.4014,-30.4386
2278.000000,20,11.2991,188.5764,12.6294,-35.1050,-35.1124
2278.000000,21,11.2991,188.6532,15.4640,-32.3473,-32.3657
2278.000000,22,11.2991,188.7306,17.0102,-30.8784,-30.9100
2278.000000,23,11.2991,188.8084,17.6834,-30.2831,-30.3248
2278.000000,24,11.2991,188.8868,17.6816,-30.3632,-30.4073
2279.000000,0,11.2157,188.1911,17.2347,-30.1145,-30.1443
2279.000000,1,11.2157,188.2749,17.1083,-30.3247,-30.3558
2279.000000,2,11.2157,188.3593,16.7496,-30.7677,-30.7927
2279.000000,3,11.2157,188.4440,15.3610,-32.2411,-32.2566
2279.000000,4,11.2157,188.5292,12.7466,-34.9407,-34.9476
2279.000000,5,11.2157,188.2945,17.0608,-30.3918,-30.4195
2279.000000,6,11.2157,188.3764,17.4545,-30.0799,-30.1148
2279.000000,7,11.2157,188.4588,17.3608,-30.2561,-30.2902
2279.000000,8,11.2157,188.5417,16.8311,-30.8686,-30.8949
2279.000000,9,11.2157,188.6250,15.2887,-32.4943,-32.5101
2279.000000,10,11.2157,188.3977,16.1916,-31.3640,-31.3859
2279.000000,11,11.2157,188.4777,17.3971,-30.2386,-30.2717
2279.000000,12,11.2157,188.5582,17.5570,-30.1592,-30.1983
2279.000000,13,11.2157,188.6392,17.5096,-30.2876,-30.3239
2279.000000,14,11.2157,188.7207,16.8118,-31.0670,-31.0939
2279.000000,15,11.2157,188.5004,14.7007,-32.9577,-32.9722
2279.000000,16,11.2157,188.5785,16.6838,-31.0528,-31.0799
2279.000000,17,11.2157,188.6573,17.5989,-30.2164,-30.2543
2279.000000,18,11.2157,188.7365,17.6684,-30.2261,-30.2683
2279.000000,19,11.2157,188.8161,17.5572,-30.4169,-30.4544
2279.000000,20,11.2157,188.6027,12.7190,-35.0418,-35.0494
2279.000000,21,11.2157,188.6791,15.5227,-32.3144,-32.3331
2279.000000,22,11.2157,188.7560,17.0282,-30.8858,-30.9179
2279.000000,23,11.2157,188.8335,17.6857,-30.3058,-30.3479
2279.000000,24,11.2157,188.9114,17.6807,-30.3887,-30.4331
2280.000000,0,11.1325,188.2178,17.2762,-30.0996,-30.1301
2280.000000,1,11.1325,188.3012,17.1532,-30.3060,-30.3378
2280.000000,2,11.1325,188.3850,16.8000,-30.7431,-30.7686
2280.000000,3,11.1325,188.4693,15.4155,-32.2118,-32.2277
2280.000000,4,11.1325,188.5540,12.8115,-34.9006,-34.9078
2280.000000,5,11.1325,188.3211,17.0940,-30.3852,-30.4134
2280.000000,6,11.1325,188.4026,17.4807,-30.0799,-30.1153
2280.000000,7,11.1325,188.4845,17.3951,-30.2475,-30.2822
2280.000000,8,11.1325,188.5670,16.8634,-30.8616,-30.8883
2280.000000,9,11.1325,188.6498,15.3224,-32.4854,-32.5014
2280.000000,10,11.1325,188.4241,16.2258,-31.3564,-31.3787
2280.000000,11,11.1325,188.5037,17.4184,-30.2433,-30.2770
2280.000000,12,11.1325,188.5838,17.5768,-30.1650,-30.2046
2280.000000,13,11.1325,188.6644,17.5299,-30.2925,-30.3292
2280.000000,14,11.1325,188.7454,16.8279,-31.0756,-31.1028
2280.000000,15,11.1325,188.5268,14.7691,-32.9157,-32.9304
2280.000000,16,11.1325,188.6045,16.7087,-31.0538,-31.0813
2280.000000,17,11.1325,188.6828,17.6097,-30.2311,-30.2695
2280.000000,18,11.1325,188.7615,17.6768,-30.2428,-30.2853
2280.000000,19,11.1325,188.8408,17.5650,-30.4338,-30.4716
2280.000000,20,11.1325,188.6290,12.8060,-34.9810,-34.9888
2280.000000,21,11.1325,188.7049,15.5795,-32.2835,-32.3025
2280.000000,22,11.1325,188.7814,17.0448,-30.8946,-30.9271
2280.000000,23,11.1325,188.8585,17.6869,-30.3296,-30.3720
2280.000000,24,11.1325,188.9360,17.6787,-30.4153,-30.4599
2281.000000,0,11.0495,188.2445,17.3154,-30.0871,-30.1183
2281.000000,1,11.0495,188.3274,17.1956,-30.2898,-30.3223
2281.000000,2,11.0495,188.4108,16.8478,-30.7210,-30.7471
2281.000000,3,11.0495,188.4946,15.4677,-32.1849,-32.2012
2281.000000,4,11.0495,188.5789,12.8741,-34.8628,-34.8702
2281.000000,5,11.0495,188.3477,17.1252,-30.3806,-30.4094
2281.000000,6,11.0495,188.4287,17.5051,-30.0816,-30.1177
2281.000000,7,11.0495,188.5102,17.4272,-30.2410,-30.2763
2281.000000,8,11.0495,188.5922,16.8937,-30.8565,-30.8836
2281.000000,9,11.0495,188.6746,15.3543,-32.4783,-32.4946
2281.000000,10,11.0495,188.4506,16.2581,-31.3505,-31.3732
2281.000000,11,11.0495,188.5297,17.4380,-30.2497,-30.2838
2281.000000,12,11.0495,188.6094,17.5949,-30.1725,-30.2125
2281.000000,13,11.0495,188.6895,17.5485,-30.2991,-30.3361
2281.000000,14,11.0495,188.7701,16.8425,-31.0857,-31.1131
2281.000000,15,11.0495,188.5531,14.8352,-32.8759,-32.8909
2281.000000,16,11.0495,188.6304,16.7320,-31.0564,-31.0843
2281.000000,17,11.0495,188.7082,17.6191,-30.2471,-30.2860
2281.000000,18,11.0495,188.7866,17.6839,-30.2608,-30.3037
2281.000000,19,11.0495,188.8654,17.5715,-30.4520,-30.4900
2281.000000,20,11.0495,188.6552,12.8906,-34.9226,-34.9306
2281.000000,21,11.0495,188.7307,15.6343,-32.2544,-32.2738
2281.000000,22,11.0495,188.8068,17.0653,-30.8995,-30.9324
2281.000000,23,11.0495,188.8834,17.6870,-30.3545,-30.3972
2281.000000,24,11.0495,188.9605,17.6756,-30.4429,-30.4877
2282.000000,0,10.9668,188.2711,17.3522,-30.0769,-30.1088
2282.000000,1,10.9668,188.3535,17.2356,-30.2760,-30.3091
2282.000000,2,10.9668,188.4365,16.8931,-30.7014,-30.7281
2282.000000,3,10.9668,188.5199,15.5176,-32.1603,-32.1770
2282.000000,4,10.9668,188.6037,12.9345,-34.8272,-34.8348
2282.000000,5,10.9668,188.3742,17.1543,-30.3779,-30.4073
2282.000000,6,10.9668,188.4548,17.5276,-30.0852,-30.1218
2282.000000,7,10.9668,188.5358,17.4572,-30.2367,-30.2724
2282.000000,8,10.9668,188.6173,16.9221,-30.8533,-30.8808
2282.000000,9,10.9668,188.6993,15.3845,-32.4728,-32.4894
2282.000000,10,10.9668,188.4770,16.2885,-31.3465,-31.3696
2282.000000,11,10.9668,188.5557,17.4561,-30.2576,-30.2923
2282.000000,12,10.9668,188.6349,17.6114,-30.1815,-30.2220
2282.000000,13,10.9668,188.7146,17.5654,-30.3073,-30.3447
2282.000000,14,10.9668,188.7948,16.8556,-31.0972,-31.1249
2282.000000,15,10.9668,188.5794,14.8991,-32.8383,-32.8536
2282.000000,16,10.9668,188.6562,16.7538,-31.0605,-31.0888
2282.000000,17,10.9668,188.7337,17.6272,-30.2645,-30.3038
2282.000000,18,10.9668,188.8116,17.6896,-30.2800,-30.3233
2282.000000,19,10.9668,188.8900,17.5766,-30.4715,-30.5097
2282.000000,20,10.9668,188.6813,12.9728,-34.8666,-34.8748
2282.000000,21,10.9668,188.7564,15.6872,-32.2272,-32.2470
2282.000000,22,10.9668,188.8321,17.0984,-30.8918,-30.9250
2282.000000,23,10.9668,188.9083,17.6860,-30.3804,-30.4235
2282.000000,24,10.9668,188.9850,17.6715,-30.4716,-30.5166
2283.000000,0,10.8842,188.2977,17.3867,-30.0690,-30.1015
2283.000000,1,10.8842,188.3797,17.2775,-30.2602,-30.2939
2283.000000,2,10.8842,188.4621,16.9359,-30.6843,-30.7114
2283.000000,3,10.8842,188.5451,15.5651,-32.1380,-32.1550
2283.000000,4,10.8842,188.6284,12.9928,-34.7937,-34.8014
2283.000000,5,10.8842,188.4007,17.1815,-30.3772,-30.4071
2283.000000,6,10.8842,188.4808,17.5484,-30.0904,-30.1276
2283.000000,7,10.8842,188.5614,17.4851,-30.2343,-30.2706
2283.000000,8,10.8842,188.6425,16.9486,-30.8519,-30.8799
2283.000000,9,10.8842,188.7240,15.4130,-32.4690,-32.4858
2283.000000,10,10.8842,188.5034,16.3172,-31.3442,-31.3678
2283.000000,11,10.8842,188.5816,17.4725,-30.2671,-30.3022
2283.000000,12,10.8842,188.6604,17.6264,-30.1921,-30.2330
2283.000000,13,10.8842,188.7397,17.5807,-30.3170,-30.3549
2283.000000,14,10.8842,188.8194,16.8674,-31.1101,-31.1381
2283.000000,15,10.8842,188.6056,14.9608,-32.8028,-32.8184
2283.000000,16,10.8842,188.6821,16.7741,-31.0660,-31.0948
2283.000000,17,10.8842,188.7591,17.6341,-30.2830,-30.3227
2283.000000,18,10.8842,188.8366,17.6941,-30.3005,-30.3442
2283.000000,19,10.8842,188.9146,17.5804,-30.4922,-30.5307
2283.000000,20,10.8842,188.7075,13.0527,-34.8128,-34.8212
2283.000000,21,10.8842,188.7821,15.7383,-32.2018,-32.2219
2283.000000,22,10.8842,188.8574,17.1300,-30.8855,-30.9190
2283.000000,23,10.8842,188.9332,17.6840,-30.4073,-30.4507
2283.000000,24,10.8842,189.0095,17.6664,-30.5012,-30.5465
2284.000000,0,10.8018,188.3242,17.4191,-30.0632,-30.0964
2284.000000,1,10.8018,188.4058,17.3173,-30.2465,-30.2809
2284.000000,2,10.8018,188.4878,16.9764,-30.6694,-30.6971
2284.000000,3,10.8018,188.5703,15.6105,-32.1178,-32.1352
2284.000000,4,10.8018,188.6532,13.0490,-34.7622,-34.7702
2284.000000,5,10.8018,188.4272,17.2068,-30.3784,-30.4088
2284.000000,6,10.8018,188.5068,17.5675,-30.0973,-30.1351
2284.000000,7,10.8018,188.5870,17.5111,-30.2339,-30.2707
2284.000000,8,10.8018,188.6676,16.9733,-30.8523,-30.8807
2284.000000,9,10.8018,188.7487,15.4399,-32.4668,-32.4839
2284.000000,10,10.8018,188.5297,16.3441,-31.3436,-31.3676
2284.000000,11,10.8018,188.6075,17.4875,-30.2780,-30.3136
2284.000000,12,10.8018,188.6859,17.6397,-30.2042,-30.2456
2284.000000,13,10.8018,188.7647,17.5944,-30.3284,-30.3666
2284.000000,14,10.8018,188.8440,16.8778,-31.1243,-31.1526
2284.000000,15,10.8018,188.6318,15.0205,-32.7694,-32.7853
2284.000000,16,10.8018,188.7079,16.7929,-31.0730,-31.1021
2284.000000,17,10.8018,188.7844,17.6397,-30.3028,-30.3429
2284.000000,18,10.8018,188.8615,17.6974,-30.3222,-30.3662
2284.000000,19,10.8018,188.9391,17.5830,-30.5141,-30.5528
2284.000000,20,10.8018,188.7336,13.1304,-34.7611,-34.7698
2284.000000,21,10.8018,188.8078,15.7877,-32.1782,-32.1985
2284.000000,22,10.8018,188.8827,17.1602,-30.8806,-30.9145
2284.000000,23,10.8018,188.9581,17.6810,-30.4352,-30.4789
2284.000000,24,10.8018,189.0340,17.6662,-30.5258,-30.5712
2285.000000,0,10.7196,188.3508,17.4493,-30.0595,-30.0933
2285.000000,1,10.7196,188.4318,17.3545,-30.2354,-30.2704
2285.000000,2,10.7196,188.5134,17.0146,-30.6568,-30.6850
2285.000000,3,10.7196,188.5955,15.6537,-32.0998,-32.1175
2285.000000,4,10.7196,188.6779,13.1032,-34.7328,-34.7410
2285.000000,5,10.7196,188.4536,17.2303,-30.3813,-30.4122
2285.000000,6,10.7196,188.5328,17.5849,-30.1059,-30.1442
2285.000000,7,10.7196,188.6125,17.5351,-30.2355,-30.2727
2285.000000,8,10.7196,188.6927,16.9963,-30.8545,-30.8832
2285.000000,9,10.7196,188.7734,15.4653,-32.4661,-32.4835
2285.000000,10,10.7196,188.5560,16.3694,-31.3447,-31.3690
2285.000000,11,10.7196,188.6334,17.5010,-30.2904,-30.3264
2285.000000,12,10.7196,188.7113,17.6516,-30.2177,-30.2595
2285.000000,13,10.7196,188.7897,17.6066,-30.3412,-30.3797
2285.000000,14,10.7196,188.8686,16.8868,-31.1398,-31.1683
2285.000000,15,10.7196,188.6580,15.0781,-32.7379,-32.7541
2285.000000,16,10.7196,188.7336,16.8103,-31.0814,-31.1109
2285.000000,17,10.7196,188.8098,17.6441,-30.3237,-30.3641
2285.000000,18,10.7196,188.8865,17.6994,-30.3451,-30.3893
2285.000000,19,10.7196,188.9636,17.5845,-30.5372,-30.5761
2285.000000,20,10.7196,188.7596,13.2060,-34.7117,-34.7205
2285.000000,21,10.7196,188.8334,15.8353,-32.1562,-32.1768
2285.000000,22,10.7196,188.9079,17.1889,-30.8770,-30.9112
2285.000000,23,10.7196,188.9829,17.6770,-30.4640,-30.5080
2285.000000,24,10.7196,189.0584,17.6670,-30.5494,-30.5950
2286.000000,0,10.6377,188.3773,17.4775,-30.0578,-30.0922
2286.000000,1,10.6377,188.4579,17.3894,-30.2265,-30.2621
2286.000000,2,10.6377,188.5390,17.0506,-30.6464,-30.6751
2286.000000,3,10.6377,188.6206,15.6949,-32.0838,-32.1018
2286.000000,4,10.6377,188.7026,13.1554,-34.7053,-34.7137
2286.000000,5,10.6377,188.4800,17.2520,-30.3860,-30.4174
2286.000000,6,10.6377,188.5587,17.6008,-30.1159,-30.1548
2286.000000,7,10.6377,188.6380,17.5572,-30.2388,-30.2766
2286.000000,8,10.6377,188.7178,17.0176,-30.8583,-30.8874
2286.000000,9,10.6377,188.7980,15.4891,-32.4670,-32.4846
2286.000000,10,10.6377,188.5823,16.3930,-31.3473,-31.3720
2286.000000,11,10.6377,188.6592,17.5131,-30.3041,-30.3406
2286.000000,12,10.6377,188.7367,17.6621,-30.2326,-30.2749
2286.000000,13,10.6377,188.8147,17.6173,-30.3554,-30.3943
2286.000000,14,10.6377,188.8932,16.8946,-31.1566,-31.1854
2286.000000,15,10.6377,188.6842,15.1338,-32.7084,-32.7249
2286.000000,16,10.6377,188.7593,16.8263,-31.0911,-31.1209
2286.000000,17,10.6377,188.8351,17.6474,-30.3457,-30.3865
2286.000000,18,10.6377,188.9114,17.7004,-30.3690,-30.4136
2286.000000,19,10.6377,188.9881,17.5847,-30.5615,-30.6005
2286.000000,20,10.6377,188.7856,13.2794,-34.6642,-34.6732
2286.000000,21,10.6377,188.8590,15.8812,-32.1358,-32.1568
2286.000000,22,10.6377,188.9331,17.2163,-30.8748,-30.9093
2286.000000,23,10.6377,189.0077,17.6720,-30.4937,-30.5380
2286.000000,24,10.6377,189.0828,17.6667,-30.5741,-30.6198
2287.000000,0,10.5559,188.4037,17.5037,-30.0581,-30.0931
2287.000000,1,10.5559,188.4839,17.4220,-30.2199,-30.2561
2287.000000,2,10.5559,188.5646,17.0845,-30.6381,-30.6673
2287.000000,3,10.5559,188.6457,15.7340,-32.0698,-32.0882
2287.000000,4,10.5559,188.7273,13.2057,-34.6797,-34.6883
2287.000000,5,10.5559,188.5063,17.2720,-30.3923,-30.4242
2287.000000,6,10.5559,188.5846,17.6151,-30.1275,-30.1669
2287.000000,7,10.5559,188.6635,17.5775,-30.2440,-30.2822
2287.000000,8,10.5559,188.7428,17.0372,-30.8637,-30.8931
2287.000000,9,10.5559,188.8226,15.5114,-32.4693,-32.4871
2287.000000,10,10.5559,188.6085,16.4150,-31.3515,-31.3766
2287.000000,11,10.5559,188.6850,17.5238,-30.3192,-30.3561
2287.000000,12,10.5559,188.7621,17.6712,-30.2489,-30.2916
2287.000000,13,10.5559,188.8397,17.6266,-30.3711,-30.4103
2287.000000,14,10.5559,188.9177,16.9012,-31.1746,-31.2036
2287.000000,15,10.5559,188.7102,15.1875,-32.6807,-32.6974
2287.000000,16,10.5559,188.7850,16.8549,-31.0881,-31.1183
2287.000000,17,10.5559,188.8603,17.6496,-30.3688,-30.4100
2287.000000,18,10.5559,188.9362,17.7002,-30.3941,-30.4389
2287.000000,19,10.5559,189.0126,17.5838,-30.5868,-30.6260
2287.000000,20,10.5559,188.8116,13.3508,-34.6188,-34.6280
2287.000000,21,10.5559,188.8846,15.9256,-32.1171,-32.1383
2287.000000,22,10.5559,188.9582,17.2424,-30.8739,-30.9087
2287.000000,23,10.5559,189.0324,17.6662,-30.5243,-30.5689
2287.000000,24,10.5559,189.1072,17.6653,-30.5999,-30.6457
2288.000000,0,10.4744,188.4301,17.5280,-30.0602,-30.0958
2288.000000,1,10.4744,188.5098,17.4523,-30.2156,-30.2523
2288.000000,2,10.4744,188.5901,17.1162,-30.6319,-30.6616
2288.000000,3,10.4744,188.6708,15.7712,-32.0577,-32.0764
2288.000000,4,10.4744,188.7520,13.2541,-34.6559,-34.6647
2288.000000,5,10.4744,188.5326,17.2904,-30.4003,-30.4326
2288.000000,6,10.4744,188.6105,17.6280,-30.1406,-30.1804
2288.000000,7,10.4744,188.6889,17.5961,-30.2508,-30.2895
2288.000000,8,10.4744,188.7678,17.0552,-30.8707,-30.9005
2288.000000,9,10.4744,188.8472,15.5323,-32.4730,-32.4911
2288.000000,10,10.4744,188.6347,16.4356,-31.3571,-31.3826
2288.000000,11,10.4744,188.7107,17.5332,-30.3356,-30.3729
2288.000000,12,10.4744,188.7874,17.6789,-30.2666,-30.3096
2288.000000,13,10.4744,188.8646,17.6345,-30.3881,-30.4276
2288.000000,14,10.4744,188.9422,16.9065,-31.1938,-31.2230
2288.000000,15,10.4744,188.7363,15.2395,-32.6549,-32.6718
2288.000000,16,10.4744,188.8106,16.8893,-31.0794,-31.1099
2288.000000,17,10.4744,188.8856,17.6507,-30.3929,-30.4344
2288.000000,18,10.4744,188.9610,17.6989,-30.4202,-30.4652
2288.000000,19,10.4744,189.0370,17.5819,-30.6132,-30.6526
2288.000000,20,10.4744,188.8375,13.4202,-34.5753,-34.5847
2288.000000,21,10.4744,188.9101,15.9683,-32.0998,-32.1213
2288.000000,22,10.4744,188.9834,17.2673,-30.8741,-30.9093
2288.000000,23,10.4744,189.0572,17.6594,-30.5558,-30.6006
2288.000000,24,10.4744,189.1315,17.6629,-30.6267,-30.6727
2289.000000,0,10.3930,188.4565,17.5504,-30.0641,-30.1003
2289.000000,1,10.3930,188.5358,17.4805,-30.2133,-30.2506
2289.000000,2,10.3930,188.6156,17.1460,-30.6277,-30.6578
2289.000000,3,10.3930,188.6959,15.8065,-32.0475,-32.0666
2289.000000,4,10.3930,188.7766,13.3007,-34.6340,-34.6429
2289.000000,5,10.3930,188.5589,17.3071,-30.4098,-30.4425
2289.000000,6,10.3930,188.6363,17.6393,-30.1550,-30.1953
2289.000000,7,10.3930,188.7143,17.6130,-30.2594,-30.2984
2289.000000,8,10.3930,188.7928,17.0717,-30.8792,-30.9093
2289.000000,9,10.3930,188.8718,15.5517,-32.4781,-32.4964
2289.000000,10,10.3930,188.6608,16.4546,-31.3642,-31.3900
2289.000000,11,10.3930,188.7365,17.5413,-30.3532,-30.3909
2289.000000,12,10.3930,188.8127,17.6853,-30.2855,-30.3288
2289.000000,13,10.3930,188.8895,17.6411,-30.4064,-30.4462
2289.000000,14,10.3930,188.9667,16.9106,-31.2141,-31.2435
2289.000000,15,10.3930,188.7623,15.2896,-32.6307,-32.6479
2289.000000,16,10.3930,188.8362,16.9222,-31.0721,-31.1029
2289.000000,17,10.3930,188.9108,17.6507,-30.4180,-30.4599
2289.000000,18,10.3930,188.9858,17.6966,-30.4473,-30.4926
2289.000000,19,10.3930,189.0614,17.5788,-30.6406,-30.6802
2289.000000,20,10.3930,188.8633,13.4877,-34.5337,-34.5433
2289.000000,21,10.3930,188.9356,16.0096,-32.0841,-32.1058
2289.000000,22,10.3930,189.0084,17.2908,-30.8756,-30.9111
2289.000000,23,10.3930,189.0819,17.6519,-30.5880,-30.6330
2289.000000,24,10.3930,189.1558,17.6594,-30.6545,-30.7006
2290.000000,0,10.3119,188.4828,17.5711,-30.0698,-30.1065
2290.000000,1,10.3119,188.5617,17.5066,-30.2131,-30.2510
2290.000000,2,10.3119,188.6411,17.1738,-30.6253,-30.6560
2290.000000,3,10.3119,188.7209,15.8399,-32.0391,-32.0585
2290.000000,4,10.3119,188.8012,13.3455,-34.6138,-34.6229
2290.000000,5,10.3119,188.5851,17.3223,-30.4208,-30.4540
2290.000000,6,10.3119,188.6621,17.6493,-30.1708,-30.2116
2290.000000,7,10.3119,188.7397,17.6282,-30.2695,-30.3090
2290.000000,8,10.3119,188.8178,17.0866,-30.8892,-30.9196
2290.000000,9,10.3119,188.8963,15.5698,-32.4845,-32.5031
2290.000000,10,10.3119,188.6869,16.4722,-31.3727,-31.3988
2290.000000,11,10.3119,188.7621,17.5481,-30.3721,-30.4101
2290.000000,12,10.3119,188.8380,17.6904,-30.3056,-30.3493
2290.000000,13,10.3119,188.9143,17.6464,-30.4260,-30.4661
2290.000000,14,10.3119,188.9912,16.9136,-31.2356,-31.2652
2290.000000,15,10.3119,188.7883,15.3380,-32.6083,-32.6257
2290.000000,16,10.3119,188.8618,16.9537,-31.0661,-31.0973
2290.000000,17,10.3119,188.9359,17.6498,-30.4442,-30.4863
2290.000000,18,10.3119,189.0106,17.6932,-30.4754,-30.5209
2290.000000,19,10.3119,189.0858,17.5748,-30.6690,-30.7087
2290.000000,20,10.3119,188.8892,13.5533,-34.4939,-34.5037
2290.000000,21,10.3119,188.9610,16.0493,-32.0698,-32.0918
2290.000000,22,10.3119,189.0335,17.3132,-30.8783,-30.9140
2290.000000,23,10.3119,189.1065,17.6435,-30.6211,-30.6663
2290.000000,24,10.3119,189.1800,17.6549,-30.6832,-30.7295
2291.000000,0,10.2310,188.5092,17.5900,-30.0772,-30.1145
2291.000000,1,10.2310,188.5875,17.5307,-30.2149,-30.2533
2291.000000,2,10.2310,188.6665,17.1996,-30.6249,-30.6560
2291.000000,3,10.2310,188.7459,15.8715,-32.0324,-32.0522
2291.000000,4,10.2310,188.8258,13.3886,-34.5953,-34.6046
2291.000000,5,10.2310,188.6113,17.3360,-30.4333,-30.4669
2291.000000,6,10.2310,188.6879,17.6580,-30.1879,-30.2291
2291.000000,7,10.2310,188.7650,17.6418,-30.2813,-30.3211
2291.000000,8,10.2310,188.8427,17.1001,-30.9006,-30.9314
2291.000000,9,10.2310,188.9208,15.5866,-32.4923,-32.5110
2291.000000,10,10.2310,188.7130,16.4885,-31.3825,-31.4089
2291.000000,11,10.2310,188.7878,17.5538,-30.3921,-30.4305
2291.000000,12,10.2310,188.8632,17.6943,-30.3269,-30.3710
2291.000000,13,10.2310,188.9392,17.6504,-30.4468,-30.4872
2291.000000,14,10.2310,189.0156,16.9155,-31.2581,-31.2879
2291.000000,15,10.2310,188.8142,15.3848,-32.5874,-32.6052
2291.000000,16,10.2310,188.8873,16.9837,-31.0616,-31.0930
2291.000000,17,10.2310,188.9610,17.6478,-30.4712,-30.5137
2291.000000,18,10.2310,189.0353,17.6889,-30.5044,-30.5502
2291.000000,19,10.2310,189.1101,17.5698,-30.6984,-30.7382
2291.000000,20,10.2310,188.9150,13.6345,-34.4385,-34.4485
2291.000000,21,10.2310,188.9864,16.0876,-32.0568,-32.0792
2291.000000,22,10.2310,189.0585,17.3345,-30.8821,-30.9180
2291.000000,23,10.2310,189.1311,17.6343,-30.6549,-30.7003
2291.000000,24,10.2310,189.2043,17.6494,-30.7129,-30.7593
2292.000000,0,10.1502,188.5354,17.6072,-30.0863,-30.1240
2292.000000,1,10.1502,188.6134,17.5528,-30.2186,-30.2575
2292.000000,2,10.1502,188.6919,17.2237,-30.6262,-30.6578
2292.000000,3,10.1502,188.7709,15.9014,-32.0275,-32.0476
2292.000000,4,10.1502,188.8504,13.4601,-34.5483,-34.5578
2292.000000,5,10.1502,188.6374,17.3483,-30.4471,-30.4811
2292.000000,6,10.1502,188.7136,17.6653,-30.2063,-30.2479
2292.000000,7,10.1502,188.7903,17.6539,-30.2945,-30.3347
2292.000000,8,10.1502,188.8676,17.1122,-30.9134,-30.9445
2292.000000,9,10.1502,188.9453,15.6021,-32.5013,-32.5202
2292.000000,10,10.1502,188.7390,16.5244,-31.3726,-31.3994
2292.000000,11,10.1502,188.8134,17.5582,-30.4132,-30.4520
2292.000000,12,10.1502,188.8884,17.6970,-30.3494,-30.3938
2292.000000,13,10.1502,188.9639,17.6531,-30.4688,-30.5094
2292.000000,14,10.1502,189.0400,16.9164,-31.2816,-31.3116
2292.000000,15,10.1502,188.8401,15.4299,-32.5682,-32.5862
2292.000000,16,10.1502,188.9128,17.0124,-31.0584,-31.0901
2292.000000,17,10.1502,188.9861,17.6450,-30.4992,-30.5419
2292.000000,18,10.1502,189.0600,17.6837,-30.5344,-30.5803
2292.000000,19,10.1502,189.1344,17.5638,-30.7287,-30.7687
2292.000000,20,10.1502,188.9407,13.7136,-34.3852,-34.3953
2292.000000,21,10.1502,189.0118,16.1245,-32.0453,-32.0679
2292.000000,22,10.1502,189.0834,17.3546,-30.8869,-30.9231
2292.000000,23,10.1502,189.1557,17.6243,-30.6894,-30.7351
2292.000000,24,10.1502,189.2285,17.6430,-30.7435,-30.7900
2293.000000,0,10.0697,188.5617,17.6228,-30.0969,-30.1351
2293.000000,1,10.0697,188.6392,17.5731,-30.2242,-30.2636
2293.000000,2,10.0697,188.7173,17.2460,-30.6293,-30.6613
2293.000000,3,10.0697,188.7959,15.9296,-32.0243,-32.0447
2293.000000,4,10.0697,188.8749,13.5336,-34.4993,-34.5090
2293.000000,5,10.0697,188.6635,17.3592,-30.4624,-30.4968
2293.000000,6,10.0697,188.7393,17.6714,-30.2259,-30.2680
2293.000000,7,10.0697,188.8156,17.6644,-30.3092,-30.3498
2293.000000,8,10.0697,188.8924,17.1229,-30.9275,-30.9589
2293.000000,9,10.0697,188.9697,15.6163,-32.5115,-32.5306
2293.000000,10,10.0697,188.7649,16.5609,-31.3621,-31.3891
2293.000000,11,10.0697,188.8390,17.5616,-30.4354,-30.4746
2293.000000,12,10.0697,188.9136,17.6986,-30.3730,-30.4177
2293.000000,13,10.0697,188.9887,17.6547,-30.4920,-30.5328
2293.000000,14,10.0697,189.0643,16.9162,-31.3062,-31.3364
2293.000000,15,10.0697,188.8659,15.4735,-32.5505,-32.5687
2293.000000,16,10.0697,188.9382,17.0398,-31.0564,-31.0884
2293.000000,17,10.0697,189.0112,17.6412,-30.5280,-30.5710
2293.000000,18,10.0697,189.0846,17.6775,-30.5652,-30.6113
2293.000000,19,10.0697,189.1586,17.5568,-30.7599,-30.8000
2293.000000,20,10.0697,188.9664,13.7906,-34.3338,-34.3441
2293.000000,21,10.0697,189.0371,16.1601,-32.0351,-32.0579
2293.000000,22,10.0697,189.1084,17.3736,-30.8929,-30.9293
2293.000000,23,10.0697,189.1802,17.6170,-30.7213,-30.7671
2293.000000,24,10.0697,189.2526,17.6356,-30.7750,-30.8215
2294.000000,0,9.9894,188.5878,17.6369,-30.1090,-30.1478
2294.000000,1,9.9894,188.6649,17.5915,-30.2315,-30.2714
2294.000000,2,9.9894,188.7426,17.2665,-30.6342,-30.6665
2294.000000,3,9.9894,188.8208,15.9562,-32.0226,-32.0434
2294.000000,4,9.9894,188.8994,13.6050,-34.4524,-34.4623
2294.000000,5,9.9894,188.6896,17.3687,-30.4789,-30.5137
2294.000000,6,9.9894,188.7649,17.6762,-30.2467,-30.2892
2294.000000,7,9.9894,188.8408,17.6735,-30.3253,-30.3663
2294.000000,8,9.9894,188.9173,17.1323,-30.9430,-30.9747
2294.000000,9,9.9894,188.9942,15.6309,-32.5213,-32.5407
2294.000000,10,9.9894,188.7909,16.5958,-31.3531,-31.3804
2294.000000,11,9.9894,188.8645,17.5638,-30.4587,-30.4982
2294.000000,12,9.9894,188.9387,17.6990,-30.3977,-30.4426
2294.000000,13,9.9894,189.0134,17.6552,-30.5163,-30.5574
2294.000000,14,9.9894,189.0887,16.9150,-31.3317,-31.3621
2294.000000,15,9.9894,188.8917,15.5155,-32.5343,-32.5527
2294.000000,16,9.9894,188.9636,17.0659,-31.0557,-31.0880
2294.000000,17,9.9894,189.0362,17.6365,-30.5577,-30.6009
2294.000000,18,9.9894,189.1093,17.6704,-30.5969,-30.6432
2294.000000,19,9.9894,189.1829,17.5490,-30.7919,-30.8322
2294.000000,20,9.9894,188.9920,13.8656,-34.2845,-34.2949
2294.000000,21,9.9894,189.0623,16.1943,-32.0261,-32.0491
2294.000000,22,9.9894,189.1333,17.3915,-30.8998,-30.9365
2294.000000,23,9.9894,189.2047,17.6233,-30.7395,-30.7855
2294.000000,24,9.9894,189.2768,17.6274,-30.8074,-30.8539
2295.000000,0,9.9093,188.6140,17.6494,-30.1227,-30.1619
2295.000000,1,9.9093,188.6907,17.6081,-30.2406,-30.2810
2295.000000,2,9.9093,188.7679,17.2853,-30.6406,-30.6734
2295.000000,3,9.9093,188.8457,15.9811,-32.0226,-32.0436
2295.000000,4,9.9093,188.9239,13.6742,-34.4077,-34.4178
2295.000000,5,9.9093,188.7156,17.3769,-30.4967,-30.5319
2295.000000,6,9.9093,188.7905,17.6799,-30.2687,-30.3115
2295.000000,7,9.9093,188.8660,17.6812,-30.3428,-30.3841
2295.000000,8,9.9093,188.9420,17.1404,-30.9597,-30.9917
2295.000000,9,9.9093,189.0185,15.6738,-32.5028,-32.5223
2295.000000,10,9.9093,188.8168,16.6293,-31.3455,-31.3731
2295.000000,11,9.9093,188.8900,17.5650,-30.4830,-30.5228
2295.000000,12,9.9093,188.9638,17.6984,-30.4234,-30.4686
2295.000000,13,9.9093,189.0381,17.6545,-30.5417,-30.5829
2295.000000,14,9.9093,189.1130,16.9128,-31.3582,-31.3887
2295.000000,15,9.9093,188.9175,15.5560,-32.5195,-32.5381
2295.000000,16,9.9093,188.9890,17.0908,-31.0562,-31.0887
2295.000000,17,9.9093,189.0611,17.6309,-30.5883,-30.6317
2295.000000,18,9.9093,189.1338,17.6625,-30.6294,-30.6759
2295.000000,19,9.9093,189.2071,17.5403,-30.8248,-30.8652
2295.000000,20,9.9093,189.0177,13.9387,-34.2370,-34.2476
2295.000000,21,9.9093,189.0876,16.2272,-32.0184,-32.0417
2295.000000,22,9.9093,189.1581,17.4084,-30.9077,-30.9446
2295.000000,23,9.9093,189.2292,17.6287,-30.7586,-30.8046
2295.000000,24,9.9093,189.3009,17.6222,-30.8368,-30.8833
2296.000000,0,9.8294,188.6401,17.6604,-30.1377,-30.1774
2296.000000,1,9.8294,188.7164,17.6230,-30.2514,-30.2922
2296.000000,2,9.8294,188.7932,17.3026,-30.6487,-30.6818
2296.000000,3,9.8294,188.8705,16.0045,-32.0241,-32.0454
2296.000000,4,9.8294,188.9483,13.7413,-34.3651,-34.3753
2296.000000,5,9.8294,188.7416,17.3839,-30.5158,-30.5513
2296.000000,6,9.8294,188.8161,17.6824,-30.2918,-30.3349
2296.000000,7,9.8294,188.8912,17.6876,-30.3617,-30.4033
2296.000000,8,9.8294,188.9668,17.1472,-30.9776,-31.0099
2296.000000,9,9.8294,189.0429,15.7151,-32.4858,-32.5056
2296.000000,10,9.8294,188.8426,16.6613,-31.3394,-31.3672
2296.000000,11,9.8294,188.9154,17.5651,-30.5083,-30.5483
2296.000000,12,9.8294,188.9888,17.6967,-30.4502,-30.4956
2296.000000,13,9.8294,189.0628,17.6527,-30.5681,-30.6096
2296.000000,14,9.8294,189.1372,16.9143,-31.3810,-31.4117
2296.000000,15,9.8294,188.9432,15.5951,-32.5061,-32.5250
2296.000000,16,9.8294,189.0143,17.1145,-31.0579,-31.0906
2296.000000,17,9.8294,189.0861,17.6245,-30.6196,-30.6632
2296.000000,18,9.8294,189.1584,17.6537,-30.6627,-30.7093
2296.000000,19,9.8294,189.2312,17.5307,-30.8586,-30.8990
2296.000000,20,9.8294,189.0432,14.0099,-34.1914,-34.2022
2296.000000,21,9.8294,189.1128,16.2589,-32.0119,-32.0354
2296.000000,22,9.8294,189.1829,17.4243,-30.9166,-30.9537
2296.000000,23,9.8294,189.2537,17.6334,-30.7783,-30.8245
2296.000000,24,9.8294,189.3249,17.6318,-30.8512,-30.8978
2297.000000,0,9.7497,188.6662,17.6701,-30.1542,-30.1942
2297.000000,1,9.7497,188.7420,17.6363,-30.2638,-30.3050
2297.000000,2,9.7497,188.8184,17.3182,-30.6582,-30.6918
2297.000000,3,9.7497,188.8953,16.0264,-32.0270,-32.0486
2297.000000,4,9.7497,188.9727,13.8063,-34.3244,-34.3348
2297.000000,5,9.7497,188.7675,17.3896,-30.5360,-30.5718
2297.000000,6,9.7497,188.8416,17.6838,-30.3159,-30.3594
2297.000000,7,9.7497,188.9163,17.6926,-30.3818,-30.4237
2297.000000,8,9.7497,188.9915,17.1528,-30.9968,-31.0292
2297.000000,9,9.7497,189.0672,15.7548,-32.4705,-32.4904
2297.000000,10,9.7497,188.8684,16.6918,-31.3346,-31.3627
2297.000000,11,9.7497,188.9408,17.5643,-30.5346,-30.5749
2297.000000,12,9.7497,189.0138,17.6940,-30.4779,-30.5236
2297.000000,13,9.7497,189.0874,17.6499,-30.5955,-30.6372
2297.000000,14,9.7497,189.1615,16.9388,-31.3807,-31.4114
2297.000000,15,9.7497,188.9688,15.6328,-32.4940,-32.5131
2297.000000,16,9.7497,189.0396,17.1370,-31.0607,-31.0936
2297.000000,17,9.7497,189.1110,17.6174,-30.6516,-30.6955
2297.000000,18,9.7497,189.1829,17.6441,-30.6968,-30.7436
2297.000000,19,9.7497,189.2554,17.5203,-30.8931,-30.9335
2297.000000,20,9.7497,189.0687,14.0792,-34.1475,-34.1585
2297.000000,21,9.7497,189.1379,16.2894,-32.0065,-32.0302
2297.000000,22,9.7497,189.2077,17.4393,-30.9264,-30.9637
2297.000000,23,9.7497,189.2781,17.6373,-30.7988,-30.8451
2297.000000,24,9.7497,189.3490,17.6405,-30.8665,-30.9131
2298.000000,0,9.6702,188.6922,17.6783,-30.1720,-30.2124
2298.000000,1,9.6702,188.7676,17.6479,-30.2778,-30.3194
2298.000000,2,9.6702,188.8436,17.3323,-30.6693,-30.7033
2298.000000,3,9.6702,188.9201,16.0468,-32.0314,-32.0533
2298.000000,4,9.6702,188.9971,13.8694,-34.2857,-34.2963
2298.000000,5,9.6702,188.7934,17.3941,-30.5574,-30.5935
2298.000000,6,9.6702,188.8671,17.6841,-30.3411,-30.3849
2298.000000,7,9.6702,188.9414,17.6963,-30.4032,-30.4454
2298.000000,8,9.6702,189.0162,17.1572,-31.0170,-31.0498
2298.000000,9,9.6702,189.0915,15.7929,-32.4567,-32.4767
2298.000000,10,9.6702,188.8942,16.7210,-31.3312,-31.3595
2298.000000,11,9.6702,188.9662,17.5625,-30.5617,-30.6023
2298.000000,12,9.6702,189.0388,17.6903,-30.5066,-30.5525
2298.000000,13,9.6702,189.1120,17.6461,-30.6240,-30.6658
2298.000000,14,9.6702,189.1857,16.9621,-31.3816,-31.4125
2298.000000,15,9.6702,188.9945,15.6692,-32.4833,-32.5026
2298.000000,16,9.6702,189.0648,17.1583,-31.0645,-31.0977
2298.000000,17,9.6702,189.1358,17.6191,-30.6747,-30.7188
2298.000000,18,9.6702,189.2074,17.6338,-30.7316,-30.7785
2298.000000,19,9.6702,189.2795,17.5223,-30.9152,-30.9557
2298.000000,20,9.6702,189.0942,14.1468,-34.1054,-34.1166
2298.000000,21,9.6702,189.1630,16.3188,-32.0023,-32.0262
2298.000000,22,9.6702,189.2324,17.4533,-30.9371,-30.9746
2298.000000,23,9.6702,189.3024,17.6404,-30.8200,-30.8664
2298.000000,24,9.6702,189.3730,17.6483,-30.8826,-30.9293
2299.000000,0,9.5909,188.7182,17.6852,-30.1910,-30.2319
2299.000000,1,9.5909,188.7932,17.6580,-30.2933,-30.3353
2299.000000,2,9.5909,188.8688,17.3449,-30.6819,-30.7162
2299.000000,3,9.5909,188.9449,16.0658,-32.0372,-32.0593
2299.000000,4,9.5909,189.0215,13.9306,-34.2489,-34.2596
2299.000000,5,9.5909,188.8193,17.3975,-30.5799,-30.6163
2299.000000,6,9.5909,188.8926,17.6834,-30.3673,-30.4114
2299.000000,7,9.5909,188.9665,17.6987,-30.4258,-30.4683
2299.000000,8,9.5909,189.0409,17.1605,-31.0384,-31.0714
2299.000000,9,9.5909,189.1158,15.8295,-32.4443,-32.4645
2299.000000,10,9.5909,188.9199,16.7489,-31.3290,-31.3576
2299.000000,11,9.5909,188.9915,17.5598,-30.5898,-30.6306
2299.000000,12,9.5909,189.0638,17.6857,-30.5361,-30.5823
2299.000000,13,9.5909,189.1365,17.6412,-30.6533,-30.6953
2299.000000,14,9.5909,189.2098,16.9841,-31.3837,-31.4147
2299.000000,15,9.5909,189.0200,15.7043,-32.4738,-32.4933
2299.000000,16,9.5909,189.0900,17.1786,-31.0694,-31.1028
2299.000000,17,9.5909,189.1606,17.6296,-30.6891,-30.7333
2299.000000,18,9.5909,189.2318,17.6227,-30.7672,-30.8141
2299.000000,19,9.5909,189.3035,17.5370,-30.9246,-30.9652
2299.000000,20,9.5909,189.1197,14.2127,-34.0650,-34.0763
2299.000000,21,9.5909,189.1881,16.3470,-31.9991,-32.0233
2299.000000,22,9.5909,189.2571,17.4665,-30.9487,-30.9863
2299.000000,23,9.5909,189.3267,17.6429,-30.8419,-30.8884
2299.000000,24,9.5909,189.3969,17.6553,-30.8997,-30.9463
2300.000000,0,9.5118,188.7442,17.6909,-30.2113,-30.2526
2300.000000,1,9.5118,188.8188,17.6665,-30.3103,-30.3527
2300.000000,2,9.5118,188.8939,17.3561,-30.6959,-30.7305
2300.000000,3,9.5118,188.9696,16.0834,-32.0443,-32.0667
2300.000000,4,9.5118,189.0458,13.9899,-34.2139,-34.2248
2300.000000,5,9.5118,188.8451,17.3998,-30.6034,-30.6401
2300.000000,6,9.5118,188.9180,17.6816,-30.3944,-30.4389
2300.000000,7,9.5118,188.9915,17.7000,-30.4495,-30.4923
2300.000000,8,9.5118,189.0655,17.1627,-31.0609,-31.0941
2300.000000,9,9.5118,189.1400,15.8647,-32.4333,-32.4537
2300.000000,10,9.5118,188.9456,16.7755,-31.3281,-31.3569
2300.000000,11,9.5118,189.0168,17.5562,-30.6187,-30.6597
2300.000000,12,9.5118,189.0887,17.6801,-30.5666,-30.6129
2300.000000,13,9.5118,189.1611,17.6355,-30.6836,-30.7258
2300.000000,14,9.5118,189.2340,17.0049,-31.3871,-31.4182
2300.000000,15,9.5118,189.0456,15.7380,-32.4656,-32.4853
2300.000000,16,9.5118,189.1152,17.1979,-31.0754,-31.1090
2300.000000,17,9.5118,189.1854,17.6392,-30.7042,-30.7486
2300.000000,18,9.5118,189.2562,17.6109,-30.8034,-30.8505
2300.000000,19,9.5118,189.3276,17.5505,-30.9351,-30.9757
2300.000000,20,9.5118,189.1450,14.2768,-34.0263,-34.0377
2300.000000,21,9.5118,189.2131,16.3741,-31.9971,-32.0214
2300.000000,22,9.5118,189.2818,17.4787,-30.9611,-30.9989
2300.000000,23,9.5118,189.3510,17.6497,-30.8594,-30.9059
2300.000000,24,9.5118,189.4208,17.6614,-30.9175,-30.9641
2301.000000,0,9.4329,188.7701,17.6953,-30.2329,-30.2745
2301.000000,1,9.4329,188.8443,17.6736,-30.3287,-30.3715
2301.000000,2,9.4329,188.9190,17.3659,-30.7112,-30.7461
2301.000000,3,9.4329,188.9943,16.0996,-32.0527,-32.0755
2301.000000,4,9.4329,189.0701,14.0474,-34.1808,-34.1918
2301.000000,5,9.4329,188.8709,17.4010,-30.6280,-30.6650
2301.000000,6,9.4329,188.9434,17.6789,-30.4225,-30.4672
2301.000000,7,9.4329,189.0165,17.7001,-30.4744,-30.5175
2301.000000,8,9.4329,189.0901,17.1637,-31.0844,-31.1178
2301.000000,9,9.4329,189.1642,15.8985,-32.4238,-32.4443
2301.000000,10,9.4329,188.9712,16.8009,-31.3284,-31.3574
2301.000000,11,9.4329,189.0421,17.5517,-30.6484,-30.6897
2301.000000,12,9.4329,189.1135,17.6736,-30.5979,-30.6444
2301.000000,13,9.4329,189.1855,17.6288,-30.7148,-30.7571
2301.000000,14,9.4329,189.2581,17.0246,-31.3915,-31.4227
2301.000000,15,9.4329,189.0711,15.7706,-32.4585,-32.4784
2301.000000,16,9.4329,189.1403,17.2161,-31.0823,-31.1161
2301.000000,17,9.4329,189.2102,17.6480,-30.7202,-30.7647
2301.000000,18,9.4329,189.2806,17.6163,-30.8223,-30.8694
2301.000000,19,9.4329,189.3516,17.5631,-30.9465,-30.9872
2301.000000,20,9.4329,189.1704,14.3394,-33.9891,-34.0007
2301.000000,21,9.4329,189.2381,16.4001,-31.9960,-32.0206
2301.000000,22,9.4329,189.3064,17.4901,-30.9743,-31.0123
2301.000000,23,9.4329,189.3753,17.6572,-30.8761,-30.9227
2301.000000,24,9.4329,189.4447,17.6667,-30.9361,-30.9826
2302.000000,0,9.3542,188.7960,17.6985,-30.2555,-30.2975
2302.000000,1,9.3542,188.8697,17.6793,-30.3485,-30.3916
2302.000000,2,9.3542,188.9441,17.3743,-30.7278,-30.7631
2302.000000,3,9.3542,189.0190,16.1248,-32.0522,-32.0752
2302.000000,4,9.3542,189.0944,14.1031,-34.1493,-34.1605
2302.000000,5,9.3542,188.8966,17.4011,-30.6535,-30.6908
2302.000000,6,9.3542,188.9687,17.6753,-30.4515,-30.4965
2302.000000,7,9.3542,189.0414,17.6990,-30.5004,-30.5437
2302.000000,8,9.3542,189.1147,17.1638,-31.1089,-31.1426
2302.000000,9,9.3542,189.1884,15.9308,-32.4156,-32.4363
2302.000000,10,9.3542,188.9968,16.8250,-31.3298,-31.3590
2302.000000,11,9.3542,189.0673,17.5551,-30.6702,-30.7117
2302.000000,12,9.3542,189.1383,17.6663,-30.6300,-30.6767
2302.000000,13,9.3542,189.2100,17.6212,-30.7468,-30.7892
2302.000000,14,9.3542,189.2821,17.0430,-31.3971,-31.4284
2302.000000,15,9.3542,189.0965,15.8019,-32.4526,-32.4727
2302.000000,16,9.3542,189.1654,17.2333,-31.0901,-31.1241
2302.000000,17,9.3542,189.2349,17.6559,-30.7370,-30.7816
2302.000000,18,9.3542,189.3049,17.6280,-30.8349,-30.8821
2302.000000,19,9.3542,189.3755,17.5746,-30.9590,-30.9996
2302.000000,20,9.3542,189.1957,14.4003,-33.9534,-33.9652
2302.000000,21,9.3542,189.2630,16.4250,-31.9960,-32.0207
2302.000000,22,9.3542,189.3309,17.5007,-30.9883,-31.0264
2302.000000,23,9.3542,189.3995,17.6639,-30.8936,-30.9403
2302.000000,24,9.3542,189.4686,17.6712,-30.9554,-31.0019
2303.000000,0,9.2757,188.8218,17.7005,-30.2793,-30.3216
2303.000000,1,9.2757,188.8952,17.6836,-30.3696,-30.4131
2303.000000,2,9.2757,188.9691,17.3814,-30.7457,-30.7813
2303.000000,3,9.2757,189.0436,16.1679,-32.0338,-32.0570
2303.000000,4,9.2757,189.1186,14.1571,-34.1195,-34.1309
2303.000000,5,9.2757,188.9223,17.4003,-30.6801,-30.7176
2303.000000,6,9.2757,188.9940,17.6707,-30.4814,-30.5266
2303.000000,7,9.2757,189.0663,17.6969,-30.5275,-30.5710
2303.000000,8,9.2757,189.1392,17.1628,-31.1344,-31.1683
2303.000000,9,9.2757,189.2125,15.9619,-32.4087,-32.4295
2303.000000,10,9.2757,189.0224,16.8480,-31.3324,-31.3618
2303.000000,11,9.2757,189.0925,17.5697,-30.6807,-30.7224
2303.000000,12,9.2757,189.1631,17.6582,-30.6630,-30.7098
2303.000000,13,9.2757,189.2344,17.6127,-30.7797,-30.8222
2303.000000,14,9.2757,189.3062,17.0604,-31.4038,-31.4352
2303.000000,15,9.2757,189.1219,15.8321,-32.4478,-32.4681
2303.000000,16,9.2757,189.1904,17.2495,-31.0989,-31.1331
2303.000000,17,9.2757,189.2595,17.6631,-30.7545,-30.7992
2303.000000,18,9.2757,189.3292,17.6388,-30.8485,-30.8957
2303.000000,19,9.2757,189.3995,17.5851,-30.9724,-31.0130
2303.000000,20,9.2757,189.2209,14.4597,-33.9193,-33.9312
2303.000000,21,9.2757,189.2879,16.4490,-31.9969,-32.0218
2303.000000,22,9.2757,189.3555,17.5104,-31.0031,-31.0413
2303.000000,23,9.2757,189.4237,17.6698,-30.9119,-30.9586
2303.000000,24,9.2757,189.4924,17.6749,-30.9755,-31.0220
2304.000000,0,9.1974,188.8476,17.7014,-30.3042,-30.3468
2304.000000,1,9.1974,188.9206,17.6865,-30.3920,-30.4358
2304.000000,2,9.1974,188.9941,17.3872,-30.7649,-30.8008
2304.000000,3,9.1974,189.0682,16.2093,-32.0170,-32.0404
2304.000000,4,9.1974,189.1428,14.2094,-34.0914,-34.1029
2304.000000,5,9.1974,188.9480,17.3985,-30.7075,-30.7453
2304.000000,6,9.1974,189.0193,17.6653,-30.5120,-30.5575
2304.000000,7,9.1974,189.0912,17.6937,-30.5555,-30.5993
2304.000000,8,9.1974,189.1637,17.1693,-31.1524,-31.1864
2304.000000,9,9.1974,189.2366,15.9916,-32.4031,-32.4240
2304.000000,10,9.1974,189.0479,16.8699,-31.3361,-31.3656
2304.000000,11,9.1974,189.1176,17.5834,-30.6922,-30.7341
2304.000000,12,9.1974,189.1879,17.6493,-30.6967,-30.7437
2304.000000,13,9.1974,189.2588,17.6035,-30.8134,-30.8560
2304.000000,14,9.1974,189.3302,17.0767,-31.4115,-31.4429
2304.000000,15,9.1974,189.1473,15.8612,-32.4441,-32.4645
2304.000000,16,9.1974,189.2154,17.2649,-31.1086,-31.1429
2304.000000,17,9.1974,189.2841,17.6694,-30.7728,-30.8176
2304.000000,18,9.1974,189.3535,17.6486,-30.8629,-30.9102
2304.000000,19,9.1974,189.4234,17.5947,-30.9867,-31.0273
2304.000000,20,9.1974,189.2461,14.5176,-33.8866,-33.8986
2304.000000,21,9.1974,189.3127,16.4720,-31.9988,-32.0238
2304.000000,22,9.1974,189.3800,17.5194,-31.0186,-31.0569
2304.000000,23,9.1974,189.4478,17.6750,-30.9308,-30.9775
2304.000000,24,9.1974,189.5162,17.6779,-30.9963,-31.0427
2305.000000,0,9.1193,188.8733,17.7012,-30.3302,-30.3731
2305.000000,1,9.1193,188.9459,17.6882,-30.4157,-30.4598
2305.000000,2,9.1193,189.0191,17.3918,-30.7853,-30.8215
2305.000000,3,9.1193,189.0928,16.2490,-32.0018,-32.0255
2305.000000,4,9.1193,189.1670,14.2601,-34.0649,-34.0766
2305.000000,5,9.1193,188.9736,17.3958,-30.7359,-30.7738
2305.000000,6,9.1193,189.0445,17.6590,-30.5436,-30.5892
2305.000000,7,9.1193,189.1160,17.6895,-30.5846,-30.6285
2305.000000,8,9.1193,189.1881,17.1936,-31.1525,-31.1867
2305.000000,9,9.1193,189.2607,16.0201,-32.3987,-32.4198
2305.000000,10,9.1193,189.0734,16.8906,-31.3408,-31.3705
2305.000000,11,9.1193,189.1427,17.5961,-30.7046,-30.7466
2305.000000,12,9.1193,189.2126,17.6395,-30.7311,-30.7782
2305.000000,13,9.1193,189.2831,17.5934,-30.8478,-30.8905
2305.000000,14,9.1193,189.3541,17.0920,-31.4202,-31.4517
2305.000000,15,9.1193,189.1726,15.8892,-32.4415,-32.4620
2305.000000,16,9.1193,189.2404,17.2793,-31.1191,-31.1536
2305.000000,17,9.1193,189.3087,17.6751,-30.7917,-30.8366
2305.000000,18,9.1193,189.3777,17.6575,-30.8782,-30.9255
2305.000000,19,9.1193,189.4472,17.6034,-31.0019,-31.0425
2305.000000,20,9.1193,189.2713,14.5741,-33.8553,-33.8675
2305.000000,21,9.1193,189.3375,16.4941,-32.0015,-32.0268
2305.000000,22,9.1193,189.4044,17.5277,-31.0347,-31.0732
2305.000000,23,9.1193,189.4719,17.6795,-30.9504,-30.9972
2305.000000,24,9.1193,189.5399,17.6802,-31.0177,-31.0641
2306.000000,0,9.0414,188.8991,17.7000,-30.3571,-30.4003
2306.000000,1,9.0414,188.9712,17.6887,-30.4406,-30.4850
2306.000000,2,9.0414,189.0440,17.3952,-30.8068,-30.8433
2306.000000,3,9.0414,189.1173,16.2871,-31.9882,-32.0121
2306.000000,4,9.0414,189.1911,14.3092,-34.0399,-34.0518
2306.000000,5,9.0414,188.9992,17.4106,-30.7466,-30.7848
2306.000000,6,9.0414,189.0697,17.6519,-30.5758,-30.6217
2306.000000,7,9.0414,189.1408,17.6842,-30.6146,-30.6587
2306.000000,8,9.0414,189.2125,17.2166,-31.1539,-31.1883
2306.000000,9,9.0414,189.2848,16.0473,-32.3954,-32.4167
2306.000000,10,9.0414,189.0988,16.9104,-31.3465,-31.3764
2306.000000,11,9.0414,189.1677,17.6079,-30.7179,-30.7600
2306.000000,12,9.0414,189.2373,17.6291,-30.7662,-30.8135
2306.000000,13,9.0414,189.3074,17.5910,-30.8745,-30.9173
2306.000000,14,9.0414,189.3781,17.1062,-31.4299,-31.4615
2306.000000,15,9.0414,189.1979,15.9161,-32.4398,-32.4605
2306.000000,16,9.0414,189.2653,17.2928,-31.1305,-31.1651
2306.000000,17,9.0414,189.3333,17.6800,-30.8114,-30.8564
2306.000000,18,9.0414,189.4019,17.6655,-30.8944,-30.9417
2306.000000,19,9.0414,189.4710,17.6111,-31.0180,-31.0585
2306.000000,20,9.0414,189.2964,14.6291,-33.8254,-33.8377
2306.000000,21,9.0414,189.3623,16.5152,-32.0052,-32.0306
2306.000000,22,9.0414,189.4288,17.5352,-31.0516,-31.0902
2306.000000,23,9.0414,189.4959,17.6832,-30.9707,-31.0175
2306.000000,24,9.0414,189.5636,17.6818,-31.0399,-31.0862
2307.000000,0,8.9637,188.9247,17.6977,-30.3850,-30.4285
2307.000000,1,8.9637,188.9965,17.6879,-30.4667,-30.5113
2307.000000,2,8.9637,189.0689,17.3974,-30.8295,-30.8662
2307.000000,3,8.9637,189.1418,16.3237,-31.9762,-32.0002
2307.000000,4,8.9637,189.2152,14.3568,-34.0165,-34.0285
2307.000000,5,8.9637,189.0247,17.4283,-30.7544,-30.7927
2307.000000,6,8.9637,189.0948,17.6440,-30.6089,-30.6549
2307.000000,7,8.9637,189.1656,17.6780,-30.6456,-30.6899
2307.000000,8,8.9637,189.2369,17.2384,-31.1566,-31.1911
2307.000000,9,8.9637,189.3088,16.0734,-32.3934,-32.4148
2307.000000,10,8.9637,189.1242,16.9291,-31.3531,-31.3832
2307.000000,11,8.9637,189.1927,17.6187,-30.7320,-30.7743
2307.000000,12,8.9637,189.2619,17.6179,-30.8021,-30.8494
2307.000000,13,8.9637,189.3317,17.6047,-30.8850,-30.9279
2307.000000,14,8.9637,189.4020,17.1195,-31.4405,-31.4722
2307.000000,15,8.9637,189.2231,15.9420,-32.4391,-32.4600
2307.000000,16,8.9637,189.2901,17.3055,-31.1426,-31.1774
2307.000000,17,8.9637,189.3578,17.6842,-30.8316,-30.8767
2307.000000,18,8.9637,189.4260,17.6727,-30.9114,-30.9587
2307.000000,19,8.9637,189.4948,17.6180,-31.0348,-31.0754
2307.000000,20,8.9637,189.3215,14.6827,-33.7968,-33.8093
2307.000000,21,8.9637,189.3870,16.5354,-32.0097,-32.0352
2307.000000,22,8.9637,189.4532,17.5421,-31.0691,-31.1078
2307.000000,23,8.9637,189.5200,17.6863,-30.9917,-31.0384
2307.000000,24,8.9637,189.5873,17.6827,-31.0626,-31.1088
2308.000000,0,8.8862,188.9503,17.6945,-30.4139,-30.4576
2308.000000,1,8.8862,189.0217,17.6859,-30.4938,-30.5387
2308.000000,2,8.8862,189.0937,17.3985,-30.8532,-30.8902
2308.000000,3,8.8862,189.1662,16.3587,-31.9656,-31.9899
2308.000000,4,8.8862,189.2393,14.4028,-33.9945,-34.0066
2308.000000,5,8.8862,189.0502,17.4450,-30.7632,-30.8017
2308.000000,6,8.8862,189.1199,17.6354,-30.6426,-30.6888
2308.000000,7,8.8862,189.1903,17.6709,-30.6775,-30.7219
2308.000000,8,8.8862,189.2613,17.2588,-31.1605,-31.1951
2308.000000,9,8.8862,189.3327,16.0983,-32.3925,-32.4140
2308.000000,10,8.8862,189.1495,16.9468,-31.3608,-31.3910
2308.000000,11,8.8862,189.2177,17.6288,-30.7469,-30.7893
2308.000000,12,8.8862,189.2865,17.6229,-30.8216,-30.8690
2308.000000,13,8.8862,189.3559,17.6174,-30.8966,-30.9395
2308.000000,14,8.8862,189.4258,17.1318,-31.4521,-31.4838
2308.000000,15,8.8862,189.2483,15.9669,-32.4394,-32.4604
2308.000000,16,8.8862,189.3149,17.3174,-31.1556,-31.1904
2308.000000,17,8.8862,189.3822,17.6877,-30.8526,-30.8977
2308.000000,18,8.8862,189.4501,17.6791,-30.9291,-30.9764
2308.000000,19,8.8862,189.5186,17.6241,-31.0525,-31.0931
2308.000000,20,8.8862,189.3465,14.7350,-33.7695,-33.7822
2308.000000,21,8.8862,189.4117,16.5548,-32.0150,-32.0407
2308.000000,22,8.8862,189.4775,17.5483,-31.0873,-31.1260
2308.000000,23,8.8862,189.5439,17.6888,-31.0132,-31.0600
2308.000000,24,8.8862,189.6109,17.6830,-31.0860,-31.1321
2309.000000,0,8.8089,188.9759,17.6903,-30.4436,-30.4875
2309.000000,1,8.8089,189.0469,17.6828,-30.5221,-30.5673
2309.000000,2,8.8089,189.1185,17.3985,-30.8781,-30.9153
2309.000000,3,8.8089,189.1907,16.3923,-31.9564,-31.9809
2309.000000,4,8.8089,189.2633,14.4474,-33.9739,-33.9862
2309.000000,5,8.8089,189.0756,17.4607,-30.7730,-30.8116
2309.000000,6,8.8089,189.1450,17.6260,-30.6771,-30.7235
2309.000000,7,8.8089,189.2150,17.6629,-30.7102,-30.7548
2309.000000,8,8.8089,189.2856,17.2781,-31.1655,-31.2002
2309.000000,9,8.8089,189.3567,16.1221,-32.3926,-32.4142
2309.000000,10,8.8089,189.1748,16.9635,-31.3693,-31.3997
2309.000000,11,8.8089,189.2426,17.6380,-30.7627,-30.8051
2309.000000,12,8.8089,189.3111,17.6313,-30.8378,-30.8853
2309.000000,13,8.8089,189.3801,17.6290,-30.9091,-30.9521
2309.000000,14,8.8089,189.4497,17.1432,-31.4645,-31.4962
2309.000000,15,8.8089,189.2734,15.9908,-32.4406,-32.4618
2309.000000,16,8.8089,189.3397,17.3285,-31.1693,-31.2042
2309.000000,17,8.8089,189.4067,17.6906,-30.8741,-30.9193
2309.000000,18,8.8089,189.4742,17.6847,-30.9476,-30.9948
2309.000000,19,8.8089,189.5423,17.6294,-31.0710,-31.1115
2309.000000,20,8.8089,189.3715,14.7860,-33.7435,-33.7563
2309.000000,21,8.8089,189.4363,16.5850,-32.0094,-32.0352
2309.000000,22,8.8089,189.5018,17.5538,-31.1061,-31.1449
2309.000000,23,8.8089,189.5679,17.6906,-31.0353,-31.0821
2309.000000,24,8.8089,189.6345,17.6827,-31.1099,-31.1560
2310.000000,0,8.7318,189.0015,17.6852,-30.4743,-30.5184
2310.000000,1,8.7318,189.0721,17.6787,-30.5514,-30.5968
2310.000000,2,8.7318,189.1433,17.3974,-30.9039,-30.9413
2310.000000,3,8.7318,189.2151,16.4244,-31.9487,-31.9734
2310.000000,4,8.7318,189.2874,14.4906,-33.9548,-33.9672
2310.000000,5,8.7318,189.1010,17.4753,-30.7838,-30.8225
2310.000000,6,8.7318,189.1700,17.6159,-30.7122,-30.7587
2310.000000,7,8.7318,189.2396,17.6540,-30.7437,-30.7885
2310.000000,8,8.7318,189.3099,17.2963,-31.1716,-31.2065
2310.000000,9,8.7318,189.3806,16.1448,-32.3938,-32.4156
2310.000000,10,8.7318,189.2000,16.9793,-31.3787,-31.4092
2310.000000,11,8.7318,189.2675,17.6464,-30.7791,-30.8217
2310.000000,12,8.7318,189.3356,17.6388,-30.8548,-30.9023
2310.000000,13,8.7318,189.4042,17.6397,-30.9226,-30.9656
2310.000000,14,8.7318,189.4735,17.1537,-31.4778,-31.5096
2310.000000,15,8.7318,189.2985,16.0138,-32.4427,-32.4640
2310.000000,16,8.7318,189.3645,17.3388,-31.1837,-31.2187
2310.000000,17,8.7318,189.4310,17.6929,-30.8962,-30.9414
2310.000000,18,8.7318,189.4982,17.6895,-30.9668,-31.0140
2310.000000,19,8.7318,189.5660,17.6338,-31.0902,-31.1306
2310.000000,20,8.7318,189.3964,14.8358,-33.7187,-33.7316
2310.000000,21,8.7318,189.4609,16.6166,-32.0024,-32.0283
2310.000000,22,8.7318,189.5261,17.5587,-31.1254,-31.1643
2310.000000,23,8.7318,189.5918,17.6918,-31.0580,-31.1047
2310.000000,24,8.7318,189.6581,17.6817,-31.1344,-31.1804
2311.000000,0,8.6549,189.0270,17.6793,-30.5057,-30.5500
2311.000000,1,8.6549,189.0972,17.6734,-30.5818,-30.6274
2311.000000,2,8.6549,189.1680,17.3953,-30.9307,-30.9684
2311.000000,3,8.6549,189.2394,16.4551,-31.9423,-31.9672
2311.000000,4,8.6549,189.3113,14.5324,-33.9370,-33.9495
2311.000000,5,8.6549,189.1264,17.4889,-30.7955,-30.8344
2311.000000,6,8.6549,189.1950,17.6075,-30.7455,-30.7922
2311.000000,7,8.6549,189.2643,17.6442,-30.7781,-30.8229
2311.000000,8,8.6549,189.3341,17.3133,-31.1788,-31.2138
2311.000000,9,8.6549,189.4045,16.1664,-32.3961,-32.4179
2311.000000,10,8.6549,189.2252,16.9942,-31.3890,-31.4196
2311.000000,11,8.6549,189.2923,17.6540,-30.7964,-30.8390
2311.000000,12,8.6549,189.3600,17.6455,-30.8725,-30.9201
2311.000000,13,8.6549,189.4284,17.6494,-30.9370,-30.9801
2311.000000,14,8.6549,189.4972,17.1633,-31.4920,-31.5237
2311.000000,15,8.6549,189.3235,16.0359,-32.4457,-32.4671
2311.000000,16,8.6549,189.3891,17.3484,-31.1988,-31.2339
2311.000000,17,8.6549,189.4554,17.6945,-30.9189,-30.9641
2311.000000,18,8.6549,189.5222,17.6936,-30.9867,-31.0339
2311.000000,19,8.6549,189.5896,17.6376,-31.1101,-31.1505
2311.000000,20,8.6549,189.4213,14.8843,-33.6951,-33.7081
2311.000000,21,8.6549,189.4855,16.6472,-31.9963,-32.0224
2311.000000,22,8.6549,189.5503,17.5629,-31.1454,-31.1843
2311.000000,23,8.6549,189.6156,17.6924,-31.0813,-31.1280
2311.000000,24,8.6549,189.6816,17.6802,-31.1594,-31.2053
2312.000000,0,8.5782,189.0524,17.6725,-30.5380,-30.5825
2312.000000,1,8.5782,189.1223,17.6672,-30.6131,-30.6589
2312.000000,2,8.5782,189.1927,17.3975,-30.9533,-30.9911
2312.000000,3,8.5782,189.2637,16.4845,-31.9372,-31.9623
2312.000000,4,8.5782,189.3353,14.5729,-33.9205,-33.9331
2312.000000,5,8.5782,189.1517,17.5016,-30.8081,-30.8471
2312.000000,6,8.5782,189.2199,17.6195,-30.7584,-30.8052
2312.000000,7,8.5782,189.2888,17.6336,-30.8132,-30.8582
2312.000000,8,8.5782,189.3583,17.3292,-31.1871,-31.2222
2312.000000,9,8.5782,189.4283,16.1870,-32.3993,-32.4213
2312.000000,10,8.5782,189.2504,17.0083,-31.4001,-31.4308
2312.000000,11,8.5782,189.3171,17.6609,-30.8143,-30.8570
2312.000000,12,8.5782,189.3845,17.6515,-30.8910,-30.9386
2312.000000,13,8.5782,189.4524,17.6581,-30.9524,-30.9954
2312.000000,14,8.5782,189.5210,17.1721,-31.5069,-31.5387
2312.000000,15,8.5782,189.3485,16.0657,-32.4409,-32.4624
2312.000000,16,8.5782,189.4138,17.3573,-31.2145,-31.2498
2312.000000,17,8.5782,189.4797,17.6956,-30.9421,-30.9874
2312.000000,18,8.5782,189.5462,17.6969,-31.0073,-31.0545
2312.000000,19,8.5782,189.6132,17.6405,-31.1307,-31.1711
2312.000000,20,8.5782,189.4462,14.9316,-33.6726,-33.6858
2312.000000,21,8.5782,189.5100,16.6768,-31.9912,-32.0174
2312.000000,22,8.5782,189.5744,17.5666,-31.1658,-31.2048
2312.000000,23,8.5782,189.6395,17.6924,-31.1051,-31.1517
2312.000000,24,8.5782,189.7051,17.6781,-31.1850,-31.2308
2313.000000,0,8.5017,189.0778,17.6648,-30.5710,-30.6157
2313.000000,1,8.5017,189.1473,17.6599,-30.6454,-30.6914
2313.000000,2,8.5017,189.2174,17.4193,-30.9561,-30.9942
2313.000000,3,8.5017,189.2880,16.5126,-31.9334,-31.9586
2313.000000,4,8.5017,189.3592,14.6120,-33.9052,-33.9180
2313.000000,5,8.5017,189.1769,17.5134,-30.8215,-30.8607
2313.000000,6,8.5017,189.2448,17.6306,-30.7722,-30.8191
2313.000000,7,8.5017,189.3133,17.6223,-30.8491,-30.8942
2313.000000,8,8.5017,189.3825,17.3440,-31.1964,-31.2316
2313.000000,9,8.5017,189.4521,16.2066,-32.4035,-32.4256
2313.000000,10,8.5017,189.2755,17.0215,-31.4120,-31.4428
2313.000000,11,8.5017,189.3419,17.6670,-30.8329,-30.8757
2313.000000,12,8.5017,189.4089,17.6567,-30.9102,-30.9578
2313.000000,13,8.5017,189.4765,17.6660,-30.9685,-31.0116
2313.000000,14,8.5017,189.5446,17.1801,-31.5226,-31.5544
2313.000000,15,8.5017,189.3735,16.1016,-32.4300,-32.4516
2313.000000,16,8.5017,189.4384,17.3655,-31.2310,-31.2663
2313.000000,17,8.5017,189.5039,17.6961,-30.9658,-31.0111
2313.000000,18,8.5017,189.5701,17.6996,-31.0285,-31.0757
2313.000000,19,8.5017,189.6368,17.6428,-31.1520,-31.1923
2313.000000,20,8.5017,189.4710,14.9777,-33.6513,-33.6645
2313.000000,21,8.5017,189.5344,16.7056,-31.9869,-32.0132
2313.000000,22,8.5017,189.5985,17.5698,-31.1868,-31.2259
2313.000000,23,8.5017,189.6633,17.6919,-31.1294,-31.1759
2313.000000,24,8.5017,189.7285,17.6755,-31.2111,-31.2567
2314.000000,0,8.4253,189.1032,17.6564,-30.6048,-30.6497
2314.000000,1,8.4253,189.1723,17.6517,-30.6786,-30.7248
2314.000000,2,8.4253,189.2420,17.4398,-30.9602,-30.9985
2314.000000,3,8.4253,189.3123,16.5394,-31.9309,-31.9563
2314.000000,4,8.4253,189.3831,14.6499,-33.8912,-33.9042
2314.000000,5,8.4253,189.2021,17.5243,-30.8358,-30.8751
2314.000000,6,8.4253,189.2697,17.6408,-30.7869,-30.8338
2314.000000,7,8.4253,189.3378,17.6101,-30.8857,-30.9309
2314.000000,8,8.4253,189.4066,17.3579,-31.2067,-31.2420
2314.000000,9,8.4253,189.4759,16.2252,-32.4087,-32.4308
2314.000000,10,8.4253,189.3005,17.0339,-31.4246,-31.4556
2314.000000,11,8.4253,189.3666,17.6725,-30.8521,-30.8950
2314.000000,12,8.4253,189.4332,17.6612,-30.9300,-30.9777
2314.000000,13,8.4253,189.5005,17.6730,-30.9856,-31.0286
2314.000000,14,8.4253,189.5683,17.1873,-31.5391,-31.5709
2314.000000,15,8.4253,189.3984,16.1364,-32.4200,-32.4418
2314.000000,16,8.4253,189.4630,17.3730,-31.2480,-31.2834
2314.000000,17,8.4253,189.5282,17.6961,-30.9901,-31.0354
2314.000000,18,8.4253,189.5940,17.7016,-31.0504,-31.0975
2314.000000,19,8.4253,189.6603,17.6444,-31.1740,-31.2142
2314.000000,20,8.4253,189.4957,15.0227,-33.6310,-33.6444
2314.000000,21,8.4253,189.5588,16.7334,-31.9835,-32.0099
2314.000000,22,8.4253,189.6226,17.5723,-31.2083,-31.2474
2314.000000,23,8.4253,189.6870,17.6909,-31.1541,-31.2006
2314.000000,24,8.4253,189.7520,17.6724,-31.2376,-31.2832
2315.000000,0,8.3492,189.1285,17.6472,-30.6394,-30.6843
2315.000000,1,8.3492,189.1972,17.6426,-30.7127,-30.7590
2315.000000,2,8.3492,189.2666,17.4590,-30.9656,-31.0040
2315.000000,3,8.3492,189.3365,16.5650,-31.9295,-31.9551
2315.000000,4,8.3492,189.4069,14.6865,-33.8785,-33.8915
2315.000000,5,8.3492,189.2273,17.5344,-30.8510,-30.8903
2315.000000,6,8.3492,189.2945,17.6501,-30.8024,-30.8494
2315.000000,7,8.3492,189.3623,17.6173,-30.9030,-30.9482
2315.000000,8,8.3492,189.4307,17.3707,-31.2180,-31.2533
2315.000000,9,8.3492,189.4996,16.2429,-32.4147,-32.4369
2315.000000,10,8.3492,189.3256,17.0456,-31.4380,-31.4690
2315.000000,11,8.3492,189.3912,17.6772,-30.8720,-30.9149
2315.000000,12,8.3492,189.4575,17.6650,-30.9505,-30.9982
2315.000000,13,8.3492,189.5245,17.6791,-31.0034,-31.0464
2315.000000,14,8.3492,189.5919,17.1937,-31.5563,-31.5881
2315.000000,15,8.3492,189.4233,16.1702,-32.4111,-32.4330
2315.000000,16,8.3492,189.4875,17.3798,-31.2657,-31.3011
2315.000000,17,8.3492,189.5523,17.6956,-31.0148,-31.0601
2315.000000,18,8.3492,189.6178,17.7030,-31.0729,-31.1199
2315.000000,19,8.3492,189.6838,17.6453,-31.1966,-31.2367
2315.000000,20,8.3492,189.5204,15.0666,-33.6118,-33.6253
2315.000000,21,8.3492,189.5832,16.7603,-31.9809,-32.0074
2315.000000,22,8.3492,189.6466,17.5744,-31.2303,-31.2694
2315.000000,23,8.3492,189.7107,17.6894,-31.1794,-31.2258
2315.000000,24,8.3492,189.7753,17.6687,-31.2646,-31.3100
2316.000000,0,8.2733,189.1538,17.6373,-30.6746,-30.7197
2316.000000,1,8.2733,189.2221,17.6325,-30.7477,-30.7941
2316.000000,2,8.2733,189.2911,17.4770,-30.9721,-31.0106
2316.000000,3,8.2733,189.3606,16.5893,-31.9293,-31.9550
2316.000000,4,8.2733,189.4307,14.7219,-33.8669,-33.8801
2316.000000,5,8.2733,189.2524,17.5436,-30.8669,-30.9063
2316.000000,6,8.2733,189.3193,17.6585,-30.8188,-30.8658
2316.000000,7,8.2733,189.3867,17.6276,-30.9171,-30.9624
2316.000000,8,8.2733,189.4547,17.3826,-31.2302,-31.2656
2316.000000,9,8.2733,189.5233,16.2597,-32.4217,-32.4439
2316.000000,10,8.2733,189.3505,17.0564,-31.4521,-31.4832
2316.000000,11,8.2733,189.4159,17.6814,-30.8925,-30.9354
2316.000000,12,8.2733,189.4818,17.6682,-30.9717,-31.0193
2316.000000,13,8.2733,189.5484,17.6844,-31.0220,-31.0650
2316.000000,14,8.2733,189.6155,17.1994,-31.5741,-31.6060
2316.000000,15,8.2733,189.4481,16.2030,-32.4031,-32.4251
2316.000000,16,8.2733,189.5120,17.3861,-31.2839,-31.3194
2316.000000,17,8.2733,189.5765,17.6945,-31.0400,-31.0852
2316.000000,18,8.2733,189.6416,17.7037,-31.0959,-31.1429
2316.000000,19,8.2733,189.7073,17.6456,-31.2197,-31.2598
2316.000000,20,8.2733,189.5451,15.1095,-33.5936,-33.6073
2316.000000,21,8.2733,189.6075,16.7864,-31.9791,-32.0057
2316.000000,22,8.2733,189.6706,17.5759,-31.2527,-31.2919
2316.000000,23,8.2733,189.7344,17.6874,-31.2050,-31.2514
2316.000000,24,8.2733,189.7987,17.6646,-31.2921,-31.3374
2317.000000,0,8.1975,189.1790,17.6266,-30.7104,-30.7557
2317.000000,1,8.1975,189.2470,17.6216,-30.7834,-30.8300
2317.000000,2,8.1975,189.3156,17.4939,-30.9798,-31.0184
2317.000000,3,8.1975,189.3848,16.6125,-31.9303,-31.9561
2317.000000,4,8.1975,189.4545,14.7561,-33.8564,-33.8697
2317.000000,5,8.1975,189.2775,17.5520,-30.8835,-30.9230
2317.000000,6,8.1975,189.3440,17.6661,-30.8359,-30.8830
2317.000000,7,8.1975,189.4111,17.6369,-30.9322,-30.9775
2317.000000,8,8.1975,189.4787,17.3935,-31.2433,-31.2787
2317.000000,9,8.1975,189.5470,16.2756,-32.4294,-32.4518
2317.000000,10,8.1975,189.3755,17.0666,-31.4669,-31.4981
2317.000000,11,8.1975,189.4404,17.6849,-30.9136,-30.9565
2317.000000,12,8.1975,189.5061,17.6707,-30.9934,-31.0410
2317.000000,13,8.1975,189.5723,17.6889,-31.0414,-31.0844
2317.000000,14,8.1975,189.6390,17.2044,-31.5927,-31.6246
2317.000000,15,8.1975,189.4728,16.2348,-32.3960,-32.4181
2317.000000,16,8.1975,189.5364,17.3917,-31.3027,-31.3383
2317.000000,17,8.1975,189.6006,17.6930,-31.0656,-31.1108
2317.000000,18,8.1975,189.6654,17.7038,-31.1196,-31.1664
2317.000000,19,8.1975,189.7307,17.6452,-31.2435,-31.2835
2317.000000,20,8.1975,189.5697,15.1512,-33.5765,-33.5902
2317.000000,21,8.1975,189.6318,16.8117,-31.9781,-32.0048
2317.000000,22,8.1975,189.6946,17.5770,-31.2756,-31.3148
2317.000000,23,8.1975,189.7580,17.6849,-31.2312,-31.2775
2317.000000,24,8.1975,189.8220,17.6600,-31.3200,-31.3651
2318.000000,0,8.1220,189.2042,17.6181,-30.7442,-30.7895
2318.000000,1,8.1220,189.2718,17.6193,-30.8106,-30.8573
2318.000000,2,8.1220,189.3401,17.5095,-30.9886,-31.0274
2318.000000,3,8.1220,189.4089,16.6346,-31.9323,-31.9583
2318.000000,4,8.1220,189.4782,14.7892,-33.8471,-33.8605
2318.000000,5,8.1220,189.3026,17.5597,-30.9009,-30.9404
2318.000000,6,8.1220,189.3687,17.6729,-30.8538,-30.9009
2318.000000,7,8.1220,189.4354,17.6452,-30.9482,-30.9936
2318.000000,8,8.1220,189.5027,17.4035,-31.2572,-31.2927
2318.000000,9,8.1220,189.5706,16.2906,-32.4380,-32.4605
2318.000000,10,8.1220,189.4003,17.0760,-31.4824,-31.5136
2318.000000,11,8.1220,189.4650,17.6878,-30.9353,-30.9782
2318.000000,12,8.1220,189.5302,17.6725,-31.0157,-31.0633
2318.000000,13,8.1220,189.5961,17.6927,-31.0615,-31.1044
2318.000000,14,8.1220,189.6625,17.2086,-31.6120,-31.6438
2318.000000,15,8.1220,189.4976,16.2657,-32.3899,-32.4120
2318.000000,16,8.1220,189.5608,17.3968,-31.3220,-31.3576
2318.000000,17,8.1220,189.6246,17.6910,-31.0916,-31.1368
2318.000000,18,8.1220,189.6891,17.7034,-31.1437,-31.1905
2318.000000,19,8.1220,189.7541,17.6443,-31.2678,-31.3077
2318.000000,20,8.1220,189.5942,15.1920,-33.5603,-33.5741
2318.000000,21,8.1220,189.6560,16.8362,-31.9779,-32.0046
2318.000000,22,8.1220,189.7185,17.5776,-31.2990,-31.3381
2318.000000,23,8.1220,189.7816,17.6819,-31.2577,-31.3039
2318.000000,24,8.1220,189.8452,17.6550,-31.3483,-31.3933
2319.000000,0,8.0466,189.2294,17.6282,-30.7592,-30.8046
2319.000000,1,8.0466,189.2966,17.6311,-30.8236,-30.8704
2319.000000,2,8.0466,189.3645,17.5241,-30.9984,-31.0373
2319.000000,3,8.0466,189.4330,16.6556,-31.9354,-31.9615
2319.000000,4,8.0466,189.5019,14.8212,-33.8388,-33.8524
2319.000000,5,8.0466,189.3276,17.5666,-30.9190,-30.9586
2319.000000,6,8.0466,189.3933,17.6789,-30.8724,-30.9195
2319.000000,7,8.0466,189.4597,17.6526,-30.9652,-31.0105
2319.000000,8,8.0466,189.5267,17.4127,-31.2720,-31.3076
2319.000000,9,8.0466,189.5942,16.3048,-32.4475,-32.4700
2319.000000,10,8.0466,189.4252,17.0848,-31.4985,-31.5298
2319.000000,11,8.0466,189.4895,17.6901,-30.9574,-31.0004
2319.000000,12,8.0466,189.5544,17.6738,-31.0386,-31.0861
2319.000000,13,8.0466,189.6199,17.6957,-31.0823,-31.1252
2319.000000,14,8.0466,189.6860,17.2122,-31.6318,-31.6637
2319.000000,15,8.0466,189.5222,16.2957,-32.3846,-32.4068
2319.000000,16,8.0466,189.5851,17.4013,-31.3419,-31.3775
2319.000000,17,8.0466,189.6486,17.6886,-31.1181,-31.1632
2319.000000,18,8.0466,189.7127,17.7024,-31.1684,-31.2151
2319.000000,19,8.0466,189.7774,17.6428,-31.2927,-31.3325
2319.000000,20,8.0466,189.6187,15.2318,-33.5450,-33.5590
2319.000000,21,8.0466,189.6802,16.8599,-31.9783,-32.0052
2319.000000,22,8.0466,189.7424,17.5777,-31.3227,-31.3619
2319.000000,23,8.0466,189.8051,17.6786,-31.2846,-31.3307
2319.000000,24,8.0466,189.8684,17.6527,-31.3738,-31.4187
2320.000000,0,7.9714,189.2545,17.6375,-30.7750,-30.8204
2320.000000,1,7.9714,189.3214,17.6418,-30.8376,-30.8844
2320.000000,2,7.9714,189.3889,17.5376,-31.0093,-31.0483
2320.000000,3,7.9714,189.4570,16.6755,-31.9396,-31.9658
2320.000000,4,7.9714,189.5256,14.8529,-33.8307,-33.8444
2320.000000,5,7.9714,189.3525,17.5728,-30.9377,-30.9773
2320.000000,6,7.9714,189.4179,17.6842,-30.8917,-30.9389
2320.000000,7,7.9714,189.4839,17.6590,-30.9829,-31.0283
2320.000000,8,7.9714,189.5506,17.4210,-31.2876,-31.3232
2320.000000,9,7.9714,189.6177,16.3181,-32.4576,-32.4802
2320.000000,10,7.9714,189.4500,17.0928,-31.5152,-31.5465
2320.000000,11,7.9714,189.5139,17.6918,-30.9802,-31.0231
2320.000000,12,7.9714,189.5785,17.6745,-31.0620,-31.1095
2320.000000,13,7.9714,189.6437,17.6980,-31.1038,-31.1466
2320.000000,14,7.9714,189.7094,17.2152,-31.6523,-31.6841
2320.000000,15,7.9714,189.5469,16.3248,-32.3801,-32.4024
2320.000000,16,7.9714,189.6094,17.4052,-31.3622,-31.3979
2320.000000,17,7.9714,189.6726,17.6857,-31.1449,-31.1900
2320.000000,18,7.9714,189.7364,17.7008,-31.1936,-31.2402
2320.000000,19,7.9714,189.8008,17.6407,-31.3181,-31.3578
2320.000000,20,7.9714,189.6432,15.2706,-33.5307,-33.5447
2320.000000,21,7.9714,189.7044,16.8829,-31.9795,-32.0064
2320.000000,22,7.9714,189.7662,17.5774,-31.3468,-31.3860
2320.000000,23,7.9714,189.8286,17.6748,-31.3119,-31.3579
2320.000000,24,7.9714,189.8916,17.6501,-31.3995,-31.4443
2321.000000,0,7.8965,189.2795,17.6460,-30.7916,-30.8371
2321.000000,1,7.8965,189.3461,17.6516,-30.8525,-30.8994
2321.000000,2,7.8965,189.4132,17.5500,-31.0212,-31.0604
2321.000000,3,7.8965,189.4810,16.6943,-31.9447,-31.9710
2321.000000,4,7.8965,189.5493,14.9070,-33.8003,-33.8141
2321.000000,5,7.8965,189.3774,17.5783,-30.9571,-30.9968
2321.000000,6,7.8965,189.4425,17.6888,-30.9117,-30.9589
2321.000000,7,7.8965,189.5081,17.6646,-31.0015,-31.0469
2321.000000,8,7.8965,189.5744,17.4284,-31.3040,-31.3397
2321.000000,9,7.8965,189.6413,16.3307,-32.4686,-32.4912
2321.000000,10,7.8965,189.4747,17.1003,-31.5325,-31.5639
2321.000000,11,7.8965,189.5383,17.6930,-31.0034,-31.0463
2321.000000,12,7.8965,189.6026,17.6746,-31.0860,-31.1334
2321.000000,13,7.8965,189.6674,17.6996,-31.1259,-31.1687
2321.000000,14,7.8965,189.7328,17.2175,-31.6734,-31.7052
2321.000000,15,7.8965,189.5715,16.3530,-32.3765,-32.3989
2321.000000,16,7.8965,189.6337,17.4087,-31.3830,-31.4187
2321.000000,17,7.8965,189.6965,17.6824,-31.1721,-31.2172
2321.000000,18,7.8965,189.7600,17.6988,-31.2193,-31.2657
2321.000000,19,7.8965,189.8240,17.6381,-31.3440,-31.3836
2321.000000,20,7.8965,189.6676,15.3084,-33.5172,-33.5314
2321.000000,21,7.8965,189.7285,16.9051,-31.9814,-32.0084
2321.000000,22,7.8965,189.7900,17.5767,-31.3713,-31.4105
2321.000000,23,7.8965,189.8521,17.6706,-31.3395,-31.3855
2321.000000,24,7.8965,189.9148,17.6471,-31.4258,-31.4703
2322.000000,0,7.8217,189.3045,17.6537,-30.8089,-30.8545
2322.000000,1,7.8217,189.3707,17.6605,-30.8683,-30.9152
2322.000000,2,7.8217,189.4375,17.5614,-31.0341,-31.0733
2322.000000,3,7.8217,189.5049,16.7122,-31.9508,-31.9773
2322.000000,4,7.8217,189.5729,14.9596,-33.7713,-33.7852
2322.000000,5,7.8217,189.4023,17.5832,-30.9771,-31.0168
2322.000000,6,7.8217,189.4670,17.6926,-30.9324,-30.9795
2322.000000,7,7.8217,189.5323,17.6694,-31.0209,-31.0663
2322.000000,8,7.8217,189.5982,17.4351,-31.3212,-31.3568
2322.000000,9,7.8217,189.6647,16.3425,-32.4803,-32.5030
2322.000000,10,7.8217,189.4994,17.1071,-31.5503,-31.5818
2322.000000,11,7.8217,189.5627,17.6937,-31.0271,-31.0700
2322.000000,12,7.8217,189.6266,17.6742,-31.1104,-31.1578
2322.000000,13,7.8217,189.6911,17.7005,-31.1487,-31.1914
2322.000000,14,7.8217,189.7562,17.2193,-31.6950,-31.7268
2322.000000,15,7.8217,189.5960,16.3804,-32.3737,-32.3961
2322.000000,16,7.8217,189.6579,17.4116,-31.4043,-31.4400
2322.000000,17,7.8217,189.7204,17.6788,-31.1997,-31.2447
2322.000000,18,7.8217,189.7835,17.6962,-31.2454,-31.2918
2322.000000,19,7.8217,189.8473,17.6349,-31.3703,-31.4099
2322.000000,20,7.8217,189.6920,15.3454,-33.5046,-33.5189
2322.000000,21,7.8217,189.7525,16.9266,-31.9839,-32.0110
2322.000000,22,7.8217,189.8137,17.5755,-31.3962,-31.4353
2322.000000,23,7.8217,189.8755,17.6660,-31.3675,-31.4134
2322.000000,24,7.8217,189.9379,17.6435,-31.4524,-31.4968
2323.000000,0,7.7471,189.3295,17.6606,-30.8270,-30.8725
2323.000000,1,7.7471,189.3953,17.6684,-30.8849,-30.9319
2323.000000,2,7.7471,189.4618,17.5719,-31.0480,-31.0872
2323.000000,3,7.7471,189.5288,16.7290,-31.9578,-31.9844
2323.000000,4,7.7471,189.5964,15.0108,-33.7437,-33.7577
2323.000000,5,7.7471,189.4271,17.5874,-30.9977,-31.0374
2323.000000,6,7.7471,189.4914,17.6958,-30.9537,-31.0008
2323.000000,7,7.7471,189.5564,17.6734,-31.0411,-31.0865
2323.000000,8,7.7471,189.6220,17.4410,-31.3391,-31.3748
2323.000000,9,7.7471,189.6882,16.3536,-32.4926,-32.5154
2323.000000,10,7.7471,189.5241,17.1134,-31.5687,-31.6002
2323.000000,11,7.7471,189.5870,17.6938,-31.0512,-31.0941
2323.000000,12,7.7471,189.6506,17.6733,-31.1353,-31.1826
2323.000000,13,7.7471,189.7148,17.7008,-31.1720,-31.2147
2323.000000,14,7.7471,189.7795,17.2204,-31.7172,-31.7490
2323.000000,15,7.7471,189.6205,16.4069,-32.3716,-32.3941
2323.000000,16,7.7471,189.6820,17.4140,-31.4260,-31.4618
2323.000000,17,7.7471,189.7442,17.6747,-31.2276,-31.2725
2323.000000,18,7.7471,189.8071,17.6931,-31.2720,-31.3182
2323.000000,19,7.7471,189.8705,17.6313,-31.3972,-31.4366
2323.000000,20,7.7471,189.7163,15.3815,-33.4929,-33.5072
2323.000000,21,7.7471,189.7765,16.9475,-31.9871,-32.0142
2323.000000,22,7.7471,189.8374,17.5740,-31.4214,-31.4605
2323.000000,23,7.7471,189.8989,17.6611,-31.3959,-31.4416
2323.000000,24,7.7471,189.9610,17.6395,-31.4795,-31.5238
2324.000000,0,7.6727,189.3544,17.6668,-30.8457,-30.8913
2324.000000,1,7.6727,189.4199,17.6755,-30.9024,-30.9495
2324.000000,2,7.6727,189.4860,17.5814,-31.0627,-31.1021
2324.000000,3,7.6727,189.5527,16.7450,-31.9658,-31.9925
2324.000000,4,7.6727,189.6200,15.0606,-33.7174,-33.7315
2324.000000,5,7.6727,189.4518,17.5910,-31.0189,-31.0586
2324.000000,6,7.6727,189.5159,17.6983,-30.9756,-31.0227
2324.000000,7,7.6727,189.5805,17.6765,-31.0620,-31.1074
2324.000000,8,7.6727,189.6458,17.4461,-31.3577,-31.3934
2324.000000,9,7.6727,189.7116,16.3640,-32.5057,-32.5285
2324.000000,10,7.6727,189.5487,17.1191,-31.5877,-31.6192
2324.000000,11,7.6727,189.6113,17.6935,-31.0758,-31.1186
2324.000000,12,7.6727,189.6745,17.6719,-31.1607,-31.2079
2324.000000,13,7.6727,189.7384,17.7004,-31.1960,-31.2386
2324.000000,14,7.6727,189.8028,17.2210,-31.7399,-31.7716
2324.000000,15,7.6727,189.6449,16.4327,-32.3702,-32.3928
2324.000000,16,7.6727,189.7062,17.4160,-31.4482,-31.4839
2324.000000,17,7.6727,189.7680,17.6703,-31.2558,-31.3006
2324.000000,18,7.6727,189.8305,17.6896,-31.2990,-31.3451
2324.000000,19,7.6727,189.8936,17.6272,-31.4245,-31.4637
2324.000000,20,7.6727,189.7406,15.4167,-33.4820,-33.4964
2324.000000,21,7.6727,189.8005,16.9676,-31.9909,-32.0180
2324.000000,22,7.6727,189.8611,17.5721,-31.4469,-31.4860
2324.000000,23,7.6727,189.9222,17.6558,-31.4245,-31.4701
2324.000000,24,7.6727,189.9840,17.6350,-31.5070,-31.5511
2325.000000,0,7.5984,189.3793,17.6722,-30.8651,-30.9107
2325.000000,1,7.5984,189.4444,17.6817,-30.9208,-30.9678
2325.000000,2,7.5984,189.5102,17.5899,-31.0783,-31.1177
2325.000000,3,7.5984,189.5765,16.7600,-31.9746,-32.0014
2325.000000,4,7.5984,189.6434,15.1090,-33.6925,-33.7067
2325.000000,5,7.5984,189.4766,17.5939,-31.0407,-31.0803
2325.000000,6,7.5984,189.5402,17.7002,-30.9981,-31.0451
2325.000000,7,7.5984,189.6046,17.6789,-31.0837,-31.1290
2325.000000,8,7.5984,189.6695,17.4506,-31.3770,-31.4127
2325.000000,9,7.5984,189.7350,16.3936,-32.4994,-32.5222
2325.000000,10,7.5984,189.5732,17.1242,-31.6071,-31.6386
2325.000000,11,7.5984,189.6355,17.6928,-31.1008,-31.1436
2325.000000,12,7.5984,189.6984,17.6699,-31.1865,-31.2337
2325.000000,13,7.5984,189.7620,17.6995,-31.2205,-31.2631
2325.000000,14,7.5984,189.8261,17.2210,-31.7631,-31.7948
2325.000000,15,7.5984,189.6693,16.4577,-32.3696,-32.3923
2325.000000,16,7.5984,189.7302,17.4176,-31.4707,-31.5065
2325.000000,17,7.5984,189.7918,17.6656,-31.2843,-31.3291
2325.000000,18,7.5984,189.8540,17.6857,-31.3264,-31.3724
2325.000000,19,7.5984,189.9167,17.6226,-31.4522,-31.4913
2325.000000,20,7.5984,189.7648,15.4511,-33.4718,-33.4863
2325.000000,21,7.5984,189.8244,16.9871,-31.9953,-32.0225
2325.000000,22,7.5984,189.8847,17.5757,-31.4670,-31.5061
2325.000000,23,7.5984,189.9455,17.6501,-31.4534,-31.4989
2325.000000,24,7.5984,190.0070,17.6300,-31.5350,-31.5789
2326.000000,0,7.5244,189.4042,17.6770,-30.8852,-30.9308
2326.000000,1,7.5244,189.4689,17.6871,-30.9399,-30.9869
2326.000000,2,7.5244,189.5343,17.5976,-31.0948,-31.1343
2326.000000,3,7.5244,189.6003,16.7741,-31.9843,-32.0112
2326.000000,4,7.5244,189.6669,15.1561,-33.6688,-33.6831
2326.000000,5,7.5244,189.5012,17.5964,-31.0629,-31.1026
2326.000000,6,7.5244,189.5646,17.7015,-31.0211,-31.0681
2326.000000,7,7.5244,189.6286,17.6806,-31.1060,-31.1513
2326.000000,8,7.5244,189.6931,17.4543,-31.3969,-31.4326
2326.000000,9,7.5244,189.7583,16.4240,-32.4923,-32.5152
2326.000000,10,7.5244,189.5977,17.1288,-31.6270,-31.6585
2326.000000,11,7.5244,189.6597,17.6915,-31.1262,-31.1690
2326.000000,12,7.5244,189.7223,17.6676,-31.2128,-31.2598
2326.000000,13,7.5244,189.7855,17.6979,-31.2456,-31.2881
2326.000000,14,7.5244,189.8493,17.2205,-31.7868,-31.8185
2326.000000,15,7.5244,189.6937,16.4820,-32.3697,-32.3924
2326.000000,16,7.5244,189.7543,17.4187,-31.4937,-31.5294
2326.000000,17,7.5244,189.8155,17.6605,-31.3131,-31.3578
2326.000000,18,7.5244,189.8774,17.6813,-31.3541,-31.4000
2326.000000,19,7.5244,189.9398,17.6176,-31.4803,-31.5193
2326.000000,20,7.5244,189.7890,15.4846,-33.4625,-33.4771
2326.000000,21,7.5244,189.8483,17.0060,-32.0003,-32.0275
2326.000000,22,7.5244,189.9082,17.5849,-31.4814,-31.5203
2326.000000,23,7.5244,189.9688,17.6442,-31.4826,-31.5280
2326.000000,24,7.5244,190.0299,17.6247,-31.5633,-31.6070
2327.000000,0,7.4505,189.4289,17.6811,-30.9059,-30.9514
2327.000000,1,7.4505,189.4934,17.6917,-30.9597,-31.0068
2327.000000,2,7.4505,189.5584,17.6044,-31.1121,-31.1516
2327.000000,3,7.4505,189.6241,16.7873,-31.9948,-32.0218
2327.000000,4,7.4505,189.6903,15.2020,-33.6464,-33.6607
2327.000000,5,7.4505,189.5259,17.5982,-31.0857,-31.1253
2327.000000,6,7.4505,189.5889,17.7022,-31.0447,-31.0916
2327.000000,7,7.4505,189.6525,17.6815,-31.1290,-31.1743
2327.000000,8,7.4505,189.7168,17.4573,-31.4175,-31.4532
2327.000000,9,7.4505,189.7816,16.4534,-32.4863,-32.5092
2327.000000,10,7.4505,189.6222,17.1329,-31.6474,-31.6789
2327.000000,11,7.4505,189.6838,17.6899,-31.1520,-31.1947
2327.000000,12,7.4505,189.7461,17.6647,-31.2394,-31.2864
2327.000000,13,7.4505,189.8090,17.6958,-31.2712,-31.3136
2327.000000,14,7.4505,189.8724,17.2195,-31.8110,-31.8426
2327.000000,15,7.4505,189.7180,16.5056,-32.3705,-32.3932
2327.000000,16,7.4505,189.7783,17.4221,-31.5142,-31.5499
2327.000000,17,7.4505,189.8392,17.6551,-31.3422,-31.3868
2327.000000,18,7.4505,189.9007,17.6765,-31.3823,-31.4281
2327.000000,19,7.4505,189.9629,17.6121,-31.5088,-31.5477
2327.000000,20,7.4505,189.8132,15.5174,-33.4538,-33.4685
2327.000000,21,7.4505,189.8721,17.0243,-32.0059,-32.0331
2327.000000,22,7.4505,189.9318,17.5937,-31.4961,-31.5350
2327.000000,23,7.4505,189.9920,17.6379,-31.5121,-31.5573
2327.000000,24,7.4505,190.0528,17.6189,-31.5919,-31.6355
2328.000000,0,7.3769,189.4537,17.6846,-30.9271,-30.9727
2328.000000,1,7.3769,189.5178,17.6955,-30.9803,-31.0273
2328.000000,2,7.3769,189.5825,17.6103,-31.1302,-31.1698
2328.000000,3,7.3769,189.6478,16.7997,-32.0062,-32.0332
2328.000000,4,7.3769,189.7137,15.2466,-33.6252,-33.6396
2328.000000,5,7.3769,189.5504,17.5995,-31.1090,-31.1486
2328.000000,6,7.3769,189.6131,17.7024,-31.0688,-31.1157
2328.000000,7,7.3769,189.6764,17.6818,-31.1527,-31.1979
2328.000000,8,7.3769,189.7404,17.4597,-31.4387,-31.4744
2328.000000,9,7.3769,189.8049,16.4818,-32.4811,-32.5041
2328.000000,10,7.3769,189.6466,17.1364,-31.6682,-31.6998
2328.000000,11,7.3769,189.7079,17.6878,-31.1782,-31.2208
2328.000000,12,7.3769,189.7699,17.6615,-31.2664,-31.3133
2328.000000,13,7.3769,189.8324,17.6932,-31.2973,-31.3396
2328.000000,14,7.3769,189.8956,17.2222,-31.8315,-31.8631
2328.000000,15,7.3769,189.7422,16.5284,-32.3719,-32.3946
2328.000000,16,7.3769,189.8022,17.4355,-31.5247,-31.5604
2328.000000,17,7.3769,189.8628,17.6494,-31.3715,-31.4160
2328.000000,18,7.3769,189.9240,17.6713,-31.4108,-31.4564
2328.000000,19,7.3769,189.9859,17.6062,-31.5377,-31.5765
2328.000000,20,7.3769,189.8373,15.5494,-33.4459,-33.4607
2328.000000,21,7.3769,189.8959,17.0420,-32.0120,-32.0393
2328.000000,22,7.3769,189.9552,17.6020,-31.5113,-31.5501
2328.000000,23,7.3769,190.0152,17.6314,-31.5418,-31.5869
2328.000000,24,7.3769,190.0757,17.6128,-31.6209,-31.6644
2329.000000,0,7.3034,189.4784,17.6875,-30.9490,-30.9945
2329.000000,1,7.3034,189.5421,17.6986,-31.0015,-31.0486
2329.000000,2,7.3034,189.6065,17.6155,-31.1491,-31.1887
2329.000000,3,7.3034,189.6715,16.8113,-32.0183,-32.0454
2329.000000,4,7.3034,189.7371,15.2900,-33.6051,-33.6196
2329.000000,5,7.3034,189.5750,17.6003,-31.1327,-31.1723
2329.000000,6,7.3034,189.6373,17.7020,-31.0934,-31.1402
2329.000000,7,7.3034,189.7003,17.6814,-31.1770,-31.2221
2329.000000,8,7.3034,189.7639,17.4614,-31.4605,-31.4962
2329.000000,9,7.3034,189.8281,16.5092,-32.4769,-32.4999
2329.000000,10,7.3034,189.6710,17.1440,-31.6850,-31.7166
2329.000000,11,7.3034,189.7320,17.6853,-31.2047,-31.2473
2329.000000,12,7.3034,189.7936,17.6578,-31.2938,-31.3406
2329.000000,13,7.3034,189.8559,17.6900,-31.3239,-31.3661
2329.000000,14,7.3034,189.9187,17.2397,-31.8370,-31.8685
2329.000000,15,7.3034,189.7664,16.5506,-32.3739,-32.3967
2329.000000,16,7.3034,189.8261,17.4484,-31.5357,-31.5713
2329.000000,17,7.3034,189.8864,17.6434,-31.4011,-31.4455
2329.000000,18,7.3034,189.9473,17.6657,-31.4397,-31.4851
2329.000000,19,7.3034,190.0088,17.6000,-31.5669,-31.6056
2329.000000,20,7.3034,189.8613,15.5806,-33.4388,-33.4536
2329.000000,21,7.3034,189.9197,17.0591,-32.0186,-32.0459
2329.000000,22,7.3034,189.9787,17.6099,-31.5268,-31.5656
2329.000000,23,7.3034,190.0383,17.6245,-31.5718,-31.6167
2329.000000,24,7.3034,190.0985,17.6172,-31.6393,-31.6826
2330.000000,0,7.2301,189.5030,17.6897,-30.9713,-31.0168
2330.000000,1,7.2301,189.5665,17.7010,-31.0235,-31.0705
2330.000000,2,7.2301,189.6305,17.6199,-31.1687,-31.2083
2330.000000,3,7.2301,189.6952,16.8221,-32.0311,-32.0583
2330.000000,4,7.2301,189.7604,15.3322,-33.5862,-33.6008
2330.000000,5,7.2301,189.5995,17.6007,-31.1569,-31.1964
2330.000000,6,7.2301,189.6615,17.7011,-31.1185,-31.1652
2330.000000,7,7.2301,189.7242,17.6803,-31.2019,-31.2469
2330.000000,8,7.2301,189.7874,17.4626,-31.4829,-31.5186
2330.000000,9,7.2301,189.8513,16.5358,-32.4735,-32.4965
2330.000000,10,7.2301,189.6953,17.1612,-31.6921,-31.7237
2330.000000,11,7.2301,189.7560,17.6825,-31.2315,-31.2741
2330.000000,12,7.2301,189.8173,17.6538,-31.3216,-31.3682
2330.000000,13,7.2301,189.8792,17.6863,-31.3510,-31.3931
2330.000000,14,7.2301,189.9417,17.2565,-31.8433,-31.8747
2330.000000,15,7.2301,189.7906,16.5721,-32.3765,-32.3994
2330.000000,16,7.2301,189.8499,17.4608,-31.5472,-31.5828
2330.000000,17,7.2301,189.9099,17.6371,-31.4309,-31.4752
2330.000000,18,7.2301,189.9706,17.6597,-31.4689,-31.5142
2330.000000,19,7.2301,190.0318,17.5933,-31.5965,-31.6350
2330.000000,20,7.2301,189.8853,15.6111,-33.4323,-33.4472
2330.000000,21,7.2301,189.9434,17.0756,-32.0258,-32.0531
2330.000000,22,7.2301,190.0021,17.6173,-31.5428,-31.5815
2330.000000,23,7.2301,190.0614,17.6174,-31.6020,-31.6468
2330.000000,24,7.2301,190.1213,17.6250,-31.6544,-31.6974
2331.000000,0,7.1569,189.5276,17.6914,-30.9943,-31.0397
2331.000000,1,7.1569,189.5907,17.7027,-31.0461,-31.0931
2331.000000,2,7.1569,189.6544,17.6235,-31.1890,-31.2287
2331.000000,3,7.1569,189.7188,16.8321,-32.0447,-32.0720
2331.000000,4,7.1569,189.7836,15.3733,-33.5684,-33.5831
2331.000000,5,7.1569,189.6239,17.6005,-31.1815,-31.2210
2331.000000,6,7.1569,189.6856,17.6997,-31.1440,-31.1906
2331.000000,7,7.1569,189.7480,17.6787,-31.2273,-31.2723
2331.000000,8,7.1569,189.8109,17.4631,-31.5058,-31.5415
2331.000000,9,7.1569,189.8744,16.5614,-32.4711,-32.4941
2331.000000,10,7.1569,189.7196,17.1778,-31.6999,-31.7314
2331.000000,11,7.1569,189.7800,17.6793,-31.2587,-31.3011
2331.000000,12,7.1569,189.8410,17.6494,-31.3496,-31.3962
2331.000000,13,7.1569,189.9026,17.6821,-31.3785,-31.4205
2331.000000,14,7.1569,189.9648,17.2726,-31.8502,-31.8816
2331.000000,15,7.1569,189.8147,16.5930,-32.3798,-32.4027
2331.000000,16,7.1569,189.8738,17.4726,-31.5592,-31.5947
2331.000000,17,7.1569,189.9334,17.6306,-31.4609,-31.5051
2331.000000,18,7.1569,189.9938,17.6535,-31.4983,-31.5435
2331.000000,19,7.1569,190.0546,17.5863,-31.6264,-31.6648
2331.000000,20,7.1569,189.9092,15.6409,-33.4264,-33.4414
2331.000000,21,7.1569,189.9670,17.0916,-32.0334,-32.0607
2331.000000,22,7.1569,190.0254,17.6244,-31.5591,-31.5977
2331.000000,23,7.1569,190.0845,17.6101,-31.6324,-31.6770
2331.000000,24,7.1569,190.1441,17.6322,-31.6699,-31.7127
2332.000000,0,7.0840,189.5522,17.6926,-31.0177,-31.0630
2332.000000,1,7.0840,189.6150,17.7037,-31.0693,-31.1162
2332.000000,2,7.0840,189.6783,17.6263,-31.2100,-31.2497
2332.000000,3,7.0840,189.7423,16.8414,-32.0590,-32.0863
2332.000000,4,7.0840,189.8069,15.4133,-33.5517,-33.5665
2332.000000,5,7.0840,189.6483,17.5999,-31.2065,-31.2459
2332.000000,6,7.0840,189.7097,17.6978,-31.1699,-31.2165
2332.000000,7,7.0840,189.7717,17.6764,-31.2533,-31.2982
2332.000000,8,7.0840,189.8343,17.4631,-31.5293,-31.5649
2332.000000,9,7.0840,189.8975,16.5862,-32.4694,-32.4924
2332.000000,10,7.0840,189.7438,17.1937,-31.7082,-31.7397
2332.000000,11,7.0840,189.8039,17.6758,-31.2862,-31.3285
2332.000000,12,7.0840,189.8646,17.6446,-31.3780,-31.4244
2332.000000,13,7.0840,189.9259,17.6775,-31.4064,-31.4483
2332.000000,14,7.0840,189.9877,17.2880,-31.8578,-31.8891
2332.000000,15,7.0840,189.8388,16.6132,-32.3836,-32.4065
2332.000000,16,7.0840,189.8975,17.4840,-31.5716,-31.6071
2332.000000,17,7.0840,189.9569,17.6238,-31.4911,-31.5352
2332.000000,18,7.0840,190.0169,17.6468,-31.5281,-31.5731
2332.000000,19,7.0840,190.0775,17.5846,-31.6509,-31.6892
2332.000000,20,7.0840,189.9331,15.6700,-33.4212,-33.4363
2332.000000,21,7.0840,189.9906,17.1071,-32.0415,-32.0689
2332.000000,22,7.0840,190.0487,17.6310,-31.5757,-31.6143
2332.000000,23,7.0840,190.1075,17.6132,-31.6523,-31.6968
2332.000000,24,7.0840,190.1668,17.6390,-31.6858,-31.7285
2333.000000,0,7.0113,189.5767,17.6932,-31.0416,-31.0869
2333.000000,1,7.0113,189.6391,17.7041,-31.0931,-31.1400
2333.000000,2,7.0113,189.7022,17.6285,-31.2317,-31.2714
2333.000000,3,7.0113,189.7659,16.8500,-32.0739,-32.1014
2333.000000,4,7.0113,189.8301,15.4521,-33.5360,-33.5509
2333.000000,5,7.0113,189.6727,17.5988,-31.2319,-31.2712
2333.000000,6,7.0113,189.7337,17.6954,-31.1963,-31.2428
2333.000000,7,7.0113,189.7954,17.6736,-31.2799,-31.3247
2333.000000,8,7.0113,189.8577,17.4625,-31.5532,-31.5889
2333.000000,9,7.0113,189.9206,16.6101,-32.4685,-32.4916
2333.000000,10,7.0113,189.7680,17.2090,-31.7170,-31.7485
2333.000000,11,7.0113,189.8278,17.6719,-31.3139,-31.3562
2333.000000,12,7.0113,189.8881,17.6394,-31.4067,-31.4530
2333.000000,13,7.0113,189.9491,17.6724,-31.4347,-31.4765
2333.000000,14,7.0113,190.0107,17.3027,-31.8661,-31.8973
2333.000000,15,7.0113,189.8628,16.6329,-32.3880,-32.4109
2333.000000,16,7.0113,189.9212,17.4948,-31.5845,-31.6199
2333.000000,17,7.0113,189.9803,17.6168,-31.5216,-31.5655
2333.000000,18,7.0113,190.0400,17.6399,-31.5582,-31.6030
2333.000000,19,7.0113,190.1003,17.5946,-31.6637,-31.7019
2333.000000,20,7.0113,189.9570,15.6984,-33.4167,-33.4318
2333.000000,21,7.0113,190.0142,17.1221,-32.0501,-32.0775
2333.000000,22,7.0113,190.0720,17.6373,-31.5928,-31.6313
2333.000000,23,7.0113,190.1304,17.6175,-31.6710,-31.7153
2333.000000,24,7.0113,190.1895,17.6453,-31.7022,-31.7447
2334.000000,0,6.9387,189.6012,17.6933,-31.0659,-31.1112
2334.000000,1,6.9387,189.6633,17.7038,-31.1175,-31.1643
2334.000000,2,6.9387,189.7260,17.6300,-31.2541,-31.2937
2334.000000,3,6.9387,189.7893,16.8763,-32.0711,-32.0985
2334.000000,4,6.9387,189.8533,15.4899,-33.5214,-33.5363
2334.000000,5,6.9387,189.6970,17.5974,-31.2576,-31.2970
2334.000000,6,6.9387,189.7577,17.6926,-31.2231,-31.2695
2334.000000,7,6.9387,189.8191,17.6702,-31.3069,-31.3517
2334.000000,8,6.9387,189.8811,17.4614,-31.5777,-31.6133
2334.000000,9,6.9387,189.9436,16.6332,-32.4685,-32.4915
2334.000000,10,6.9387,189.7922,17.2238,-31.7264,-31.7579
2334.000000,11,6.9387,189.8516,17.6677,-31.3419,-31.3841
2334.000000,12,6.9387,189.9116,17.6340,-31.4357,-31.4819
2334.000000,13,6.9387,189.9723,17.6669,-31.4635,-31.5051
2334.000000,14,6.9387,190.0336,17.3167,-31.8749,-31.9061
2334.000000,15,6.9387,189.8868,16.6520,-32.3929,-32.4158
2334.000000,16,6.9387,189.9449,17.5052,-31.5978,-31.6332
2334.000000,17,6.9387,190.0037,17.6096,-31.5522,-31.5960
2334.000000,18,6.9387,190.0631,17.6326,-31.5885,-31.6332
2334.000000,19,6.9387,190.1231,17.6040,-31.6771,-31.7151
2334.000000,20,6.9387,189.9808,15.7261,-33.4127,-33.4279
2334.000000,21,6.9387,190.0377,17.1366,-32.0591,-32.0865
2334.000000,22,6.9387,190.0952,17.6432,-31.6101,-31.6485
2334.000000,23,6.9387,190.1534,17.6214,-31.6900,-31.7342
2334.000000,24,6.9387,190.2121,17.6512,-31.7190,-31.7612
2335.000000,0,6.8663,189.6256,17.6929,-31.0907,-31.1359
2335.000000,1,6.8663,189.6874,17.7030,-31.1425,-31.1892
2335.000000,2,6.8663,189.7498,17.6308,-31.2770,-31.3167
2335.000000,3,6.8663,189.8128,16.9032,-32.0676,-32.0951
2335.000000,4,6.8663,189.8764,15.5267,-33.5077,-33.5227
2335.000000,5,6.8663,189.7212,17.5955,-31.2838,-31.3230
2335.000000,6,6.8663,189.7816,17.6894,-31.2503,-31.2965
2335.000000,7,6.8663,189.8427,17.6663,-31.3345,-31.3791
2335.000000,8,6.8663,189.9044,17.4598,-31.6026,-31.6382
2335.000000,9,6.8663,189.9666,16.6555,-32.4691,-32.4922
2335.000000,10,6.8663,189.8163,17.2380,-31.7363,-31.7677
2335.000000,11,6.8663,189.8754,17.6632,-31.3702,-31.4123
2335.000000,12,6.8663,189.9351,17.6285,-31.4647,-31.5107
2335.000000,13,6.8663,189.9955,17.6610,-31.4926,-31.5341
2335.000000,14,6.8663,190.0564,17.3301,-31.8844,-31.9155
2335.000000,15,6.8663,189.9107,16.6705,-32.3983,-32.4213
2335.000000,16,6.8663,189.9685,17.5151,-31.6115,-31.6468
2335.000000,17,6.8663,190.0270,17.6146,-31.5705,-31.6142
2335.000000,18,6.8663,190.0861,17.6251,-31.6190,-31.6636
2335.000000,19,6.8663,190.1458,17.6128,-31.6910,-31.7288
2335.000000,20,6.8663,190.0046,15.7533,-33.4093,-33.4246
2335.000000,21,6.8663,190.0611,17.1506,-32.0686,-32.0960
2335.000000,22,6.8663,190.1184,17.6487,-31.6277,-31.6661
2335.000000,23,6.8663,190.1763,17.6250,-31.7093,-31.7533
2335.000000,24,6.8663,190.2347,17.6567,-31.7361,-31.7781
2336.000000,0,6.7941,189.6500,17.6921,-31.1159,-31.1610
2336.000000,1,6.7941,189.7114,17.7015,-31.1679,-31.2146
2336.000000,2,6.7941,189.7735,17.6310,-31.3006,-31.3402
2336.000000,3,6.7941,189.8362,16.9292,-32.0651,-32.0926
2336.000000,4,6.7941,189.8995,15.5625,-33.4950,-33.5101
2336.000000,5,6.7941,189.7454,17.5933,-31.3102,-31.3494
2336.000000,6,6.7941,189.8055,17.6858,-31.2778,-31.3240
2336.000000,7,6.7941,189.8663,17.6618,-31.3625,-31.4071
2336.000000,8,6.7941,189.9277,17.4576,-31.6280,-31.6635
2336.000000,9,6.7941,189.9896,16.6771,-32.4705,-32.4936
2336.000000,10,6.7941,189.8403,17.2516,-31.7467,-31.7781
2336.000000,11,6.7941,189.8991,17.6584,-31.3988,-31.4408
2336.000000,12,6.7941,189.9586,17.6229,-31.4937,-31.5395
2336.000000,13,6.7941,190.0186,17.6546,-31.5220,-31.5635
2336.000000,14,6.7941,190.0793,17.3428,-31.8945,-31.9255
2336.000000,15,6.7941,189.9346,16.6884,-32.4042,-32.4272
2336.000000,16,6.7941,189.9921,17.5246,-31.6256,-31.6609
2336.000000,17,6.7941,190.0503,17.6219,-31.5864,-31.6299
2336.000000,18,6.7941,190.1091,17.6173,-31.6498,-31.6942
2336.000000,19,6.7941,190.1685,17.6211,-31.7054,-31.7431
2336.000000,20,6.7941,190.0283,15.7798,-33.4065,-33.4219
2336.000000,21,6.7941,190.0846,17.1641,-32.0785,-32.1059
2336.000000,22,6.7941,190.1415,17.6539,-31.6457,-31.6839
2336.000000,23,6.7941,190.1991,17.6282,-31.7289,-31.7727
2336.000000,24,6.7941,190.2573,17.6617,-31.7536,-31.7955
2337.000000,0,6.7220,189.6743,17.6908,-31.1416,-31.1866
2337.000000,1,6.7220,189.7354,17.6996,-31.1939,-31.2405
2337.000000,2,6.7220,189.7972,17.6305,-31.3247,-31.3643
2337.000000,3,6.7220,189.8596,16.9541,-32.0635,-32.0910
2337.000000,4,6.7220,189.9225,15.5973,-33.4833,-33.4984
2337.000000,5,6.7220,189.7696,17.5906,-31.3370,-31.3761
2337.000000,6,6.7220,189.8294,17.6817,-31.3057,-31.3517
2337.000000,7,6.7220,189.8898,17.6569,-31.3910,-31.4354
2337.000000,8,6.7220,189.9509,17.4550,-31.6539,-31.6893
2337.000000,9,6.7220,190.0125,16.6979,-32.4727,-32.4958
2337.000000,10,6.7220,189.8643,17.2647,-31.7576,-31.7889
2337.000000,11,6.7220,189.9228,17.6533,-31.4275,-31.4694
2337.000000,12,6.7220,189.9820,17.6170,-31.5230,-31.5687
2337.000000,13,6.7220,190.0417,17.6479,-31.5518,-31.5931
2337.000000,14,6.7220,190.1021,17.3550,-31.9051,-31.9361
2337.000000,15,6.7220,189.9584,16.7058,-32.4106,-32.4336
2337.000000,16,6.7220,190.0157,17.5336,-31.6401,-31.6753
2337.000000,17,6.7220,190.0735,17.6289,-31.6027,-31.6461
2337.000000,18,6.7220,190.1321,17.6092,-31.6809,-31.7251
2337.000000,19,6.7220,190.1912,17.6289,-31.7203,-31.7578
2337.000000,20,6.7220,190.0519,15.8057,-33.4043,-33.4197
2337.000000,21,6.7220,190.1079,17.1772,-32.0888,-32.1162
2337.000000,22,6.7220,190.1646,17.6587,-31.6639,-31.7021
2337.000000,23,6.7220,190.2219,17.6312,-31.7488,-31.7924
2337.000000,24,6.7220,190.2798,17.6664,-31.7715,-31.8131
2338.000000,0,6.6502,189.6986,17.6891,-31.1676,-31.2125
2338.000000,1,6.6502,189.7594,17.6970,-31.2204,-31.2669
2338.000000,2,6.6502,189.8208,17.6295,-31.3494,-31.3890
2338.000000,3,6.6502,189.8829,16.9782,-32.0627,-32.0903
2338.000000,4,6.6502,189.9455,15.6311,-33.4725,-33.4877
2338.000000,5,6.6502,189.7937,17.5877,-31.3641,-31.4031
2338.000000,6,6.6502,189.8532,17.6773,-31.3339,-31.3798
2338.000000,7,6.6502,189.9133,17.6515,-31.4199,-31.4642
2338.000000,8,6.6502,189.9741,17.4663,-31.6659,-31.7013
2338.000000,9,6.6502,190.0354,16.7179,-32.4755,-32.4986
2338.000000,10,6.6502,189.8883,17.2773,-31.7690,-31.8002
2338.000000,11,6.6502,189.9465,17.6480,-31.4565,-31.4983
2338.000000,12,6.6502,190.0053,17.6107,-31.5526,-31.5982
2338.000000,13,6.6502,190.0648,17.6408,-31.5820,-31.6231
2338.000000,14,6.6502,190.1248,17.3665,-31.9163,-31.9472
2338.000000,15,6.6502,189.9822,16.7228,-32.4175,-32.4405
2338.000000,16,6.6502,190.0392,17.5423,-31.6549,-31.6901
2338.000000,17,6.6502,190.0967,17.6354,-31.6194,-31.6626
2338.000000,18,6.6502,190.1550,17.6124,-31.7006,-31.7446
2338.000000,19,6.6502,190.2138,17.6362,-31.7356,-31.7730
2338.000000,20,6.6502,190.0756,15.8310,-33.4026,-33.4181
2338.000000,21,6.6502,190.1313,17.1899,-32.0995,-32.1268
2338.000000,22,6.6502,190.1877,17.6632,-31.6824,-31.7205
2338.000000,23,6.6502,190.2447,17.6363,-31.7664,-31.8098
2338.000000,24,6.6502,190.3023,17.6706,-31.7897,-31.8311
2339.000000,0,6.5785,189.7228,17.6869,-31.1940,-31.2387
2339.000000,1,6.5785,189.7833,17.6940,-31.2474,-31.2938
2339.000000,2,6.5785,189.8445,17.6279,-31.3746,-31.4142
2339.000000,3,6.5785,189.9062,17.0014,-32.0628,-32.0904
2339.000000,4,6.5785,189.9685,15.6640,-33.4625,-33.4778
2339.000000,5,6.5785,189.8178,17.5844,-31.3915,-31.4304
2339.000000,6,6.5785,189.8770,17.6726,-31.3624,-31.4082
2339.000000,7,6.5785,189.9368,17.6456,-31.4492,-31.4935
2339.000000,8,6.5785,189.9972,17.4805,-31.6747,-31.7101
2339.000000,9,6.5785,190.0582,16.7373,-32.4790,-32.5021
2339.000000,10,6.5785,189.9122,17.2895,-31.7808,-31.8120
2339.000000,11,6.5785,189.9701,17.6424,-31.4857,-31.5273
2339.000000,12,6.5785,190.0286,17.6045,-31.5821,-31.6276
2339.000000,13,6.5785,190.0878,17.6334,-31.6124,-31.6535
2339.000000,14,6.5785,190.1475,17.3775,-31.9281,-31.9589
2339.000000,15,6.5785,190.0060,16.7392,-32.4248,-32.4479
2339.000000,16,6.5785,190.0626,17.5505,-31.6701,-31.7052
2339.000000,17,6.5785,190.1199,17.6416,-31.6364,-31.6795
2339.000000,18,6.5785,190.1778,17.6195,-31.7164,-31.7602
2339.000000,19,6.5785,190.2363,17.6429,-31.7514,-31.7886
2339.000000,20,6.5785,190.0991,15.8557,-33.4014,-33.4169
2339.000000,21,6.5785,190.1546,17.2021,-32.1105,-32.1379
2339.000000,22,6.5785,190.2107,17.6675,-31.7012,-31.7392
2339.000000,23,6.5785,190.2674,17.6417,-31.7837,-31.8270
2339.000000,24,6.5785,190.3247,17.6745,-31.8082,-31.8495
2340.000000,0,6.5070,189.7470,17.6844,-31.2207,-31.2654
2340.000000,1,6.5070,189.8072,17.6905,-31.2748,-31.3211
2340.000000,2,6.5070,189.8680,17.6257,-31.4004,-31.4399
2340.000000,3,6.5070,189.9294,17.0237,-32.0638,-32.0914
2340.000000,4,6.5070,189.9914,15.6960,-33.4534,-33.4688
2340.000000,5,6.5070,189.8418,17.5807,-31.4191,-31.4580
2340.000000,6,6.5070,189.9007,17.6675,-31.3913,-31.4369
2340.000000,7,6.5070,189.9602,17.6393,-31.4790,-31.5231
2340.000000,8,6.5070,190.0203,17.4941,-31.6843,-31.7195
2340.000000,9,6.5070,190.0810,16.7560,-32.4831,-32.5062
2340.000000,10,6.5070,189.9360,17.3011,-31.7930,-31.8242
2340.000000,11,6.5070,189.9936,17.6366,-31.5150,-31.5566
2340.000000,12,6.5070,190.0519,17.6128,-31.5971,-31.6423
2340.000000,13,6.5070,190.1107,17.6256,-31.6432,-31.6841
2340.000000,14,6.5070,190.1702,17.3879,-31.9403,-31.9710
2340.000000,15,6.5070,190.0296,16.7551,-32.4326,-32.4556
2340.000000,16,6.5070,190.0860,17.5584,-31.6857,-31.7207
2340.000000,17,6.5070,190.1430,17.6473,-31.6537,-31.6967
2340.000000,18,6.5070,190.2006,17.6261,-31.7326,-31.7762
2340.000000,19,6.5070,190.2589,17.6493,-31.7677,-31.8047
2340.000000,20,6.5070,190.1227,15.8799,-33.4008,-33.4163
2340.000000,21,6.5070,190.1778,17.2139,-32.1219,-32.1493
2340.000000,22,6.5070,190.2336,17.6714,-31.7203,-31.7581
2340.000000,23,6.5070,190.2901,17.6467,-31.8014,-31.8445
2340.000000,24,6.5070,190.3471,17.6781,-31.8271,-31.8681
2341.000000,0,6.4356,189.7712,17.6814,-31.2478,-31.2923
2341.000000,1,6.4356,189.8310,17.6865,-31.3026,-31.3488
2341.000000,2,6.4356,189.8915,17.6230,-31.4266,-31.4661
2341.000000,3,6.4356,189.9527,17.0452,-32.0655,-32.0932
2341.000000,4,6.4356,190.0143,15.7272,-33.4452,-33.4606
2341.000000,5,6.4356,189.8658,17.5768,-31.4470,-31.4858
2341.000000,6,6.4356,189.9244,17.6620,-31.4204,-31.4659
2341.000000,7,6.4356,189.9836,17.6326,-31.5091,-31.5530
2341.000000,8,6.4356,190.0434,17.5070,-31.6944,-31.7296
2341.000000,9,6.4356,190.1038,16.7740,-32.4879,-32.5110
2341.000000,10,6.4356,189.9598,17.3123,-31.8056,-31.8367
2341.000000,11,6.4356,190.0171,17.6306,-31.5446,-31.5860
2341.000000,12,6.4356,190.0751,17.6207,-31.6124,-31.6575
2341.000000,13,6.4356,190.1337,17.6175,-31.6742,-31.7149
2341.000000,14,6.4356,190.1928,17.3978,-31.9530,-31.9836
2341.000000,15,6.4356,190.0533,16.7705,-32.4408,-32.4638
2341.000000,16,6.4356,190.1094,17.5658,-31.7015,-31.7365
2341.000000,17,6.4356,190.1661,17.6527,-31.6714,-31.7142
2341.000000,18,6.4356,190.2234,17.6323,-31.7492,-31.7926
2341.000000,19,6.4356,190.2814,17.6551,-31.7843,-31.8212
2341.000000,20,6.4356,190.1461,15.9036,-33.4006,-33.4162
2341.000000,21,6.4356,190.2010,17.2254,-32.1337,-32.1610
2341.000000,22,6.4356,190.2565,17.6750,-31.7396,-31.7773
2341.000000,23,6.4356,190.3127,17.6514,-31.8194,-31.8623
2341.000000,24,6.4356,190.3694,17.6813,-31.8462,-31.8871
2342.000000,0,6.3645,189.7953,17.6782,-31.2752,-31.3196
2342.000000,1,6.3645,189.8548,17.6820,-31.3308,-31.3770
2342.000000,2,6.3645,189.9150,17.6198,-31.4533,-31.4927
2342.000000,3,6.3645,189.9758,17.0658,-32.0680,-32.0957
2342.000000,4,6.3645,190.0372,15.7575,-33.4378,-33.4532
2342.000000,5,6.3645,189.8897,17.5726,-31.4752,-31.5138
2342.000000,6,6.3645,189.9480,17.6563,-31.4498,-31.4951
2342.000000,7,6.3645,190.0069,17.6254,-31.5395,-31.5834
2342.000000,8,6.3645,190.0664,17.5193,-31.7052,-31.7403
2342.000000,9,6.3645,190.1265,16.7913,-32.4933,-32.5163
2342.000000,10,6.3645,189.9836,17.3230,-31.8187,-31.8497
2342.000000,11,6.3645,190.0406,17.6244,-31.5743,-31.6156
2342.000000,12,6.3645,190.0983,17.6281,-31.6282,-31.6731
2342.000000,13,6.3645,190.1566,17.6120,-31.7026,-31.7432
2342.000000,14,6.3645,190.2154,17.4072,-31.9662,-31.9968
2342.000000,15,6.3645,190.0769,16.7855,-32.4494,-32.4724
2342.000000,16,6.3645,190.1327,17.5730,-31.7177,-31.7526
2342.000000,17,6.3645,190.1891,17.6578,-31.6893,-31.7320
2342.000000,18,6.3645,190.2462,17.6381,-31.7661,-31.8094
2342.000000,19,6.3645,190.3038,17.6605,-31.8013,-31.8381
2342.000000,20,6.3645,190.1696,15.9267,-33.4009,-33.4166
2342.000000,21,6.3645,190.2242,17.2364,-32.1458,-32.1731
2342.000000,22,6.3645,190.2794,17.6784,-31.7591,-31.7967
2342.000000,23,6.3645,190.3353,17.6557,-31.8377,-31.8804
2342.000000,24,6.3645,190.3918,17.6842,-31.8656,-31.9063
2343.000000,0,6.2935,189.8193,17.6745,-31.3028,-31.3471
2343.000000,1,6.2935,189.8786,17.6771,-31.3595,-31.4055
2343.000000,2,6.2935,189.9385,17.6160,-31.4804,-31.5198
2343.000000,3,6.2935,189.9989,17.0857,-32.0713,-32.0990
2343.000000,4,6.2935,190.0600,15.7869,-33.4312,-33.4467
2343.000000,5,6.2935,189.9136,17.5681,-31.5036,-31.5421
2343.000000,6,6.2935,189.9716,17.6502,-31.4794,-31.5246
2343.000000,7,6.2935,190.0302,17.6179,-31.5703,-31.6141
2343.000000,8,6.2935,190.0894,17.5309,-31.7165,-31.7516
2343.000000,9,6.2935,190.1492,16.8080,-32.4992,-32.5223
2343.000000,10,6.2935,190.0073,17.3333,-31.8321,-31.8631
2343.000000,11,6.2935,190.0640,17.6179,-31.6042,-31.6453
2343.000000,12,6.2935,190.1214,17.6351,-31.6444,-31.6891
2343.000000,13,6.2935,190.1794,17.6194,-31.7180,-31.7585
2343.000000,14,6.2935,190.2380,17.4161,-31.9799,-32.0103
2343.000000,15,6.2935,190.1004,16.8001,-32.4584,-32.4814
2343.000000,16,6.2935,190.1559,17.5798,-31.7342,-31.7690
2343.000000,17,6.2935,190.2121,17.6625,-31.7076,-31.7501
2343.000000,18,6.2935,190.2689,17.6434,-31.7835,-31.8265
2343.000000,19,6.2935,190.3262,17.6655,-31.8188,-31.8553
2343.000000,20,6.2935,190.1929,15.9493,-33.4017,-33.4174
2343.000000,21,6.2935,190.2473,17.2471,-32.1582,-32.1855
2343.000000,22,6.2935,190.3022,17.6815,-31.7788,-31.8164
2343.000000,23,6.2935,190.3578,17.6597,-31.8562,-31.8988
2343.000000,24,6.2935,190.4140,17.6867,-31.8854,-31.9258
2344.000000,0,6.2227,189.8433,17.6706,-31.3308,-31.3750
2344.000000,1,6.2227,189.9023,17.6718,-31.3885,-31.4344
2344.000000,2,6.2227,189.9618,17.6118,-31.5080,-31.5474
2344.000000,3,6.2227,190.0220,17.1048,-32.0753,-32.1030
2344.000000,4,6.2227,190.0828,15.8155,-33.4253,-33.4409
2344.000000,5,6.2227,189.9375,17.5633,-31.5322,-31.5706
2344.000000,6,6.2227,189.9951,17.6439,-31.5093,-31.5543
2344.000000,7,6.2227,190.0534,17.6100,-31.6015,-31.6451
2344.000000,8,6.2227,190.1124,17.5419,-31.7285,-31.7634
2344.000000,9,6.2227,190.1719,16.8241,-32.5058,-32.5288
2344.000000,10,6.2227,190.0310,17.3432,-31.8459,-31.8768
2344.000000,11,6.2227,190.0874,17.6158,-31.6297,-31.6707
2344.000000,12,6.2227,190.1445,17.6416,-31.6609,-31.7055
2344.000000,13,6.2227,190.2022,17.6263,-31.7339,-31.7742
2344.000000,14,6.2227,190.2605,17.4245,-31.9940,-32.0244
2344.000000,15,6.2227,190.1239,16.8142,-32.4678,-32.4908
2344.000000,16,6.2227,190.1792,17.5862,-31.7510,-31.7856
2344.000000,17,6.2227,190.2350,17.6669,-31.7261,-31.7684
2344.000000,18,6.2227,190.2915,17.6484,-31.8012,-31.8440
2344.000000,19,6.2227,190.3486,17.6701,-31.8366,-31.8730
2344.000000,20,6.2227,190.2163,15.9714,-33.4029,-33.4186
2344.000000,21,6.2227,190.2703,17.2574,-32.1710,-32.1982
2344.000000,22,6.2227,190.3250,17.6843,-31.7988,-31.8362
2344.000000,23,6.2227,190.3804,17.6634,-31.8750,-31.9174
2344.000000,24,6.2227,190.4363,17.6890,-31.9054,-31.9456
2345.000000,0,6.1521,189.8673,17.6663,-31.3591,-31.4031
2345.000000,1,6.1521,189.9259,17.6661,-31.4179,-31.4636
2345.000000,2,6.1521,189.9852,17.6072,-31.5360,-31.5753
2345.000000,3,6.1521,190.0451,17.1231,-32.0800,-32.1077
2345.000000,4,6.1521,190.1056,15.8434,-33.4202,-33.4358
2345.000000,5,6.1521,189.9613,17.5707,-31.5486,-31.5868
2345.000000,6,6.1521,190.0186,17.6373,-31.5394,-31.5843
2345.000000,7,6.1521,190.0766,17.6146,-31.6201,-31.6635
2345.000000,8,6.1521,190.1353,17.5523,-31.7410,-31.7758
2345.000000,9,6.1521,190.1945,16.8396,-32.5129,-32.5359
2345.000000,10,6.1521,190.0546,17.3527,-31.8600,-31.8909
2345.000000,11,6.1521,190.1108,17.6212,-31.6476,-31.6884
2345.000000,12,6.1521,190.1675,17.6477,-31.6779,-31.7222
2345.000000,13,6.1521,190.2250,17.6327,-31.7503,-31.7905
2345.000000,14,6.1521,190.2830,17.4324,-32.0086,-32.0388
2345.000000,15,6.1521,190.1474,16.8279,-32.4775,-32.5005
2345.000000,16,6.1521,190.2023,17.5923,-31.7680,-31.8026
2345.000000,17,6.1521,190.2579,17.6710,-31.7449,-31.7871
2345.000000,18,6.1521,190.3141,17.6530,-31.8192,-31.8619
2345.000000,19,6.1521,190.3710,17.6743,-31.8547,-31.8910
2345.000000,20,6.1521,190.2396,15.9930,-33.4046,-33.4203
2345.000000,21,6.1521,190.2933,17.2674,-32.1840,-32.2113
2345.000000,22,6.1521,190.3478,17.6869,-31.8189,-31.8562
2345.000000,23,6.1521,190.4028,17.6667,-31.8941,-31.9363
2345.000000,24,6.1521,190.4585,17.6909,-31.9256,-31.9656
2346.000000,0,6.0816,189.8912,17.6617,-31.3876,-31.4314
2346.000000,1,6.0816,189.9495,17.6600,-31.4476,-31.4932
2346.000000,2,6.0816,190.0085,17.6021,-31.5645,-31.6036
2346.000000,3,6.0816,190.0681,17.1407,-32.0854,-32.1131
2346.000000,4,6.0816,190.1283,15.8705,-33.4158,-33.4315
2346.000000,5,6.0816,189.9850,17.5790,-31.5640,-31.6022
2346.000000,6,6.0816,190.0421,17.6304,-31.5697,-31.6144
2346.000000,7,6.0816,190.0998,17.6229,-31.6349,-31.6782
2346.000000,8,6.0816,190.1581,17.5622,-31.7540,-31.7888
2346.000000,9,6.0816,190.2171,16.8546,-32.5205,-32.5435
2346.000000,10,6.0816,190.0782,17.3618,-31.8745,-31.9053
2346.000000,11,6.0816,190.1341,17.6264,-31.6657,-31.7064
2346.000000,12,6.0816,190.1906,17.6534,-31.6951,-31.7393
2346.000000,13,6.0816,190.2477,17.6386,-31.7671,-31.8071
2346.000000,14,6.0816,190.3054,17.4399,-32.0235,-32.0537
2346.000000,15,6.0816,190.1708,16.8413,-32.4876,-32.5106
2346.000000,16,6.0816,190.2255,17.5982,-31.7853,-31.8198
2346.000000,17,6.0816,190.2808,17.6748,-31.7640,-31.8060
2346.000000,18,6.0816,190.3367,17.6572,-31.8376,-31.8800
2346.000000,19,6.0816,190.3933,17.6781,-31.8732,-31.9093
2346.000000,20,6.0816,190.2628,16.0142,-33.4066,-33.4224
2346.000000,21,6.0816,190.3163,17.2770,-32.1973,-32.2246
2346.000000,22,6.0816,190.3705,17.6892,-31.8393,-31.8765
2346.000000,23,6.0816,190.4252,17.6699,-31.9134,-31.9554
2346.000000,24,6.0816,190.4806,17.6926,-31.9461,-31.9859
2347.000000,0,6.0113,189.9151,17.6568,-31.4163,-31.4600
2347.000000,1,6.0113,189.9731,17.6535,-31.4776,-31.5231
2347.000000,2,6.0113,190.0318,17.5966,-31.5932,-31.6324
2347.000000,3,6.0113,190.0911,17.1576,-32.0915,-32.1191
2347.000000,4,6.0113,190.1509,15.8968,-33.4122,-33.4279
2347.000000,5,6.0113,190.0087,17.5869,-31.5799,-31.6179
2347.000000,6,6.0113,190.0655,17.6233,-31.6002,-31.6447
2347.000000,7,6.0113,190.1229,17.6308,-31.6502,-31.6933
2347.000000,8,6.0113,190.1810,17.5714,-31.7676,-31.8023
2347.000000,9,6.0113,190.2396,16.8690,-32.5287,-32.5517
2347.000000,10,6.0113,190.1017,17.3705,-31.8893,-31.9200
2347.000000,11,6.0113,190.1573,17.6313,-31.6841,-31.7247
2347.000000,12,6.0113,190.2135,17.6588,-31.7128,-31.7568
2347.000000,13,6.0113,190.2704,17.6441,-31.7843,-31.8242
2347.000000,14,6.0113,190.3278,17.4470,-32.0389,-32.0689
2347.000000,15,6.0113,190.1942,16.8542,-32.4980,-32.5210
2347.000000,16,6.0113,190.2485,17.6037,-31.8029,-31.8373
2347.000000,17,6.0113,190.3036,17.6783,-31.7833,-31.8251
2347.000000,18,6.0113,190.3593,17.6611,-31.8562,-31.8985
2347.000000,19,6.0113,190.4155,17.6815,-31.8921,-31.9280
2347.000000,20,6.0113,190.2860,16.0349,-33.4091,-33.4250
2347.000000,21,6.0113,190.3392,17.2863,-32.2109,-32.2381
2347.000000,22,6.0113,190.3931,17.6914,-31.8598,-31.8969
2347.000000,23,6.0113,190.4476,17.6727,-31.9330,-31.9748
2347.000000,24,6.0113,190.5027,17.6940,-31.9668,-32.0064
2348.000000,0,5.9412,189.9389,17.6517,-31.4453,-31.4888
2348.000000,1,5.9412,189.9966,17.6467,-31.5080,-31.5533
2348.000000,2,5.9412,190.0550,17.6020,-31.6110,-31.6501
2348.000000,3,5.9412,190.1140,17.1739,-32.0982,-32.1258
2348.000000,4,5.9412,190.1736,15.9224,-33.4092,-33.4249
2348.000000,5,5.9412,190.0324,17.5944,-31.5960,-31.6339
2348.000000,6,5.9412,190.0888,17.6160,-31.6309,-31.6753
2348.000000,7,5.9412,190.1460,17.6381,-31.6659,-31.7089
2348.000000,8,5.9412,190.2037,17.5802,-31.7816,-31.8162
2348.000000,9,5.9412,190.2621,16.8828,-32.5373,-32.5603
2348.000000,10,5.9412,190.1252,17.3788,-31.9044,-31.9350
2348.000000,11,5.9412,190.1805,17.6358,-31.7028,-31.7432
2348.000000,12,5.9412,190.2364,17.6638,-31.7307,-31.7745
2348.000000,13,5.9412,190.2930,17.6491,-31.8020,-31.8416
2348.000000,14,5.9412,190.3501,17.4536,-32.0546,-32.0846
2348.000000,15,5.9412,190.2175,16.8667,-32.5088,-32.5318
2348.000000,16,5.9412,190.2716,17.6089,-31.8207,-31.8550
2348.000000,17,5.9412,190.3264,17.6816,-31.8028,-31.8445
2348.000000,18,5.9412,190.3817,17.6646,-31.8752,-31.9173
2348.000000,19,5.9412,190.4377,17.6846,-31.9112,-31.9469
2348.000000,20,5.9412,190.3091,16.0552,-33.4120,-33.4279
2348.000000,21,5.9412,190.3621,17.2953,-32.2248,-32.2520
2348.000000,22,5.9412,190.4157,17.6933,-31.8805,-31.9174
2348.000000,23,5.9412,190.4700,17.6752,-31.9528,-31.9944
2348.000000,24,5.9412,190.5248,17.6952,-31.9877,-32.0271
2349.000000,0,5.8712,189.9627,17.6463,-31.4744,-31.5178
2349.000000,1,5.8712,190.0201,17.6395,-31.5386,-31.5838
2349.000000,2,5.8712,190.0782,17.6118,-31.6244,-31.6634
2349.000000,3,5.8712,190.1369,17.1894,-32.1055,-32.1331
2349.000000,4,5.8712,190.1962,15.9473,-33.4069,-33.4227
2349.000000,5,5.8712,190.0560,17.6014,-31.6126,-31.6503
2349.000000,6,5.8712,190.1122,17.6151,-31.6551,-31.6993
2349.000000,7,5.8712,190.1690,17.6449,-31.6821,-31.7249
2349.000000,8,5.8712,190.2265,17.5884,-31.7962,-31.8307
2349.000000,9,5.8712,190.2845,16.8961,-32.5465,-32.5694
2349.000000,10,5.8712,190.1487,17.3868,-31.9199,-31.9504
2349.000000,11,5.8712,190.2037,17.6400,-31.7217,-31.7619
2349.000000,12,5.8712,190.2593,17.6684,-31.7490,-31.7926
2349.000000,13,5.8712,190.3156,17.6536,-31.8200,-31.8595
2349.000000,14,5.8712,190.3725,17.4598,-32.0707,-32.1006
2349.000000,15,5.8712,190.2407,16.8789,-32.5199,-32.5428
2349.000000,16,5.8712,190.2946,17.6139,-31.8388,-31.8729
2349.000000,17,5.8712,190.3491,17.6845,-31.8226,-31.8640
2349.000000,18,5.8712,190.4042,17.6678,-31.8944,-31.9363
2349.000000,19,5.8712,190.4599,17.6873,-31.9307,-31.9662
2349.000000,20,5.8712,190.3322,16.0750,-33.4152,-33.4312
2349.000000,21,5.8712,190.3849,17.3040,-32.2389,-32.2661
2349.000000,22,5.8712,190.4383,17.6950,-31.9014,-31.9382
2349.000000,23,5.8712,190.4923,17.6776,-31.9728,-32.0142
2349.000000,24,5.8712,190.5469,17.6960,-32.0089,-32.0481
2350.000000,0,5.8015,189.9864,17.6406,-31.5038,-31.5471
2350.000000,1,5.8015,190.0435,17.6320,-31.5695,-31.6146
2350.000000,2,5.8015,190.1013,17.6210,-31.6383,-31.6772
2350.000000,3,5.8015,190.1597,17.2043,-32.1134,-32.1411
2350.000000,4,5.8015,190.2187,15.9715,-33.4053,-33.4211
2350.000000,5,5.8015,190.0795,17.6082,-31.6294,-31.6670
2350.000000,6,5.8015,190.1354,17.6215,-31.6720,-31.7161
2350.000000,7,5.8015,190.1920,17.6513,-31.6987,-31.7414
2350.000000,8,5.8015,190.2492,17.5961,-31.8112,-31.8456
2350.000000,9,5.8015,190.3070,16.9089,-32.5561,-32.5790
2350.000000,10,5.8015,190.1720,17.3945,-31.9356,-31.9660
2350.000000,11,5.8015,190.2268,17.6440,-31.7408,-31.7809
2350.000000,12,5.8015,190.2821,17.6727,-31.7675,-31.8109
2350.000000,13,5.8015,190.3381,17.6578,-31.8384,-31.8778
2350.000000,14,5.8015,190.3947,17.4656,-32.0872,-32.1170
2350.000000,15,5.8015,190.2640,16.8908,-32.5312,-32.5542
2350.000000,16,5.8015,190.3175,17.6186,-31.8570,-31.8911
2350.000000,17,5.8015,190.3718,17.6872,-31.8426,-31.8838
2350.000000,18,5.8015,190.4266,17.6707,-31.9140,-31.9557
2350.000000,19,5.8015,190.4820,17.6897,-31.9504,-31.9858
2350.000000,20,5.8015,190.3553,16.0944,-33.4189,-33.4348
2350.000000,21,5.8015,190.4077,17.3124,-32.2533,-32.2804
2350.000000,22,5.8015,190.4608,17.6965,-31.9224,-31.9591
2350.000000,23,5.8015,190.5145,17.6796,-31.9929,-32.0342
2350.000000,24,5.8015,190.5689,17.6967,-32.0302,-32.0692
2351.000000,0,5.7318,190.0101,17.6348,-31.5334,-31.5765
2351.000000,1,5.7318,190.0669,17.6243,-31.6007,-31.6456
2351.000000,2,5.7318,190.1244,17.6296,-31.6528,-31.6916
2351.000000,3,5.7318,190.1825,17.2186,-32.1219,-32.1496
2351.000000,4,5.7318,190.2412,15.9950,-33.4042,-33.4201
2351.000000,5,5.7318,190.1030,17.6145,-31.6465,-31.6840
2351.000000,6,5.7318,190.1587,17.6274,-31.6893,-31.7331
2351.000000,7,5.7318,190.2149,17.6572,-31.7157,-31.7582
2351.000000,8,5.7318,190.2718,17.6033,-31.8266,-31.8609
2351.000000,9,5.7318,190.3293,16.9212,-32.5662,-32.5891
2351.000000,10,5.7318,190.1954,17.4019,-31.9516,-31.9820
2351.000000,11,5.7318,190.2498,17.6477,-31.7602,-31.8001
2351.000000,12,5.7318,190.3049,17.6766,-31.7864,-31.8296
2351.000000,13,5.7318,190.3607,17.6615,-31.8572,-31.8964
2351.000000,14,5.7318,190.4170,17.4710,-32.1040,-32.1337
2351.000000,15,5.7318,190.2871,16.9023,-32.5429,-32.5658
2351.000000,16,5.7318,190.3404,17.6230,-31.8755,-31.9095
2351.000000,17,5.7318,190.3944,17.6897,-31.8627,-31.9038
2351.000000,18,5.7318,190.4490,17.6732,-31.9338,-31.9753
2351.000000,19,5.7318,190.5041,17.6918,-31.9704,-32.0057
2351.000000,20,5.7318,190.3783,16.1135,-33.4229,-33.4388
2351.000000,21,5.7318,190.4305,17.3206,-32.2679,-32.2950
2351.000000,22,5.7318,190.4833,17.6978,-31.9436,-31.9801
2351.000000,23,5.7318,190.5368,17.6815,-32.0133,-32.0544
2351.000000,24,5.7318,190.5908,17.6971,-32.0517,-32.0905
2352.000000,0,5.6624,190.0337,17.6287,-31.5631,-31.6060
2352.000000,1,5.6624,190.0903,17.6162,-31.6321,-31.6769
2352.000000,2,5.6624,190.1475,17.6376,-31.6679,-31.7065
2352.000000,3,5.6624,190.2053,17.2323,-32.1310,-32.1586
2352.000000,4,5.6624,190.2637,16.0179,-33.4038,-33.4197
2352.000000,5,5.6624,190.1265,17.6206,-31.6640,-31.7013
2352.000000,6,5.6624,190.1818,17.6330,-31.7068,-31.7505
2352.000000,7,5.6624,190.2378,17.6627,-31.7331,-31.7755
2352.000000,8,5.6624,190.2945,17.6100,-31.8425,-31.8767
2352.000000,9,5.6624,190.3517,16.9330,-32.5767,-32.5995
2352.000000,10,5.6624,190.2187,17.4089,-31.9678,-31.9981
2352.000000,11,5.6624,190.2729,17.6511,-31.7798,-31.8196
2352.000000,12,5.6624,190.3277,17.6802,-31.8055,-31.8485
2352.000000,13,5.6624,190.3831,17.6649,-31.8763,-31.9153
2352.000000,14,5.6624,190.4392,17.4760,-32.1212,-32.1507
2352.000000,15,5.6624,190.3103,16.9134,-32.5549,-32.5778
2352.000000,16,5.6624,190.3633,17.6272,-31.8942,-31.9280
2352.000000,17,5.6624,190.4170,17.6919,-31.8831,-31.9240
2352.000000,18,5.6624,190.4713,17.6755,-31.9538,-31.9951
2352.000000,19,5.6624,190.5262,17.6935,-31.9907,-32.0258
2352.000000,20,5.6624,190.4012,16.1321,-33.4272,-33.4432
2352.000000,21,5.6624,190.4532,17.3284,-32.2828,-32.3098
2352.000000,22,5.6624,190.5057,17.6989,-31.9649,-32.0013
2352.000000,23,5.6624,190.5589,17.6831,-32.0339,-32.0747
2352.000000,24,5.6624,190.6127,17.6973,-32.0734,-32.1120
2353.000000,0,5.5931,190.0573,17.6224,-31.5930,-31.6357
2353.000000,1,5.5931,190.1136,17.6141,-31.6575,-31.7021
2353.000000,2,5.5931,190.1705,17.6451,-31.6834,-31.7220
2353.000000,3,5.5931,190.2280,17.2454,-32.1407,-32.1683
2353.000000,4,5.5931,190.2861,16.0401,-33.4040,-33.4199
2353.000000,5,5.5931,190.1499,17.6262,-31.6817,-31.7189
2353.000000,6,5.5931,190.2050,17.6383,-31.7247,-31.7682
2353.000000,7,5.5931,190.2607,17.6678,-31.7509,-31.7931
2353.000000,8,5.5931,190.3170,17.6163,-31.8588,-31.8929
2353.000000,9,5.5931,190.3740,16.9444,-32.5876,-32.6105
2353.000000,10,5.5931,190.2419,17.4156,-31.9844,-32.0146
2353.000000,11,5.5931,190.2958,17.6543,-31.7996,-31.8392
2353.000000,12,5.5931,190.3504,17.6836,-31.8248,-31.8677
2353.000000,13,5.5931,190.4056,17.6678,-31.8958,-31.9346
2353.000000,14,5.5931,190.4613,17.4807,-32.1386,-32.1681
2353.000000,15,5.5931,190.3333,16.9243,-32.5671,-32.5900
2353.000000,16,5.5931,190.3861,17.6311,-31.9130,-31.9468
2353.000000,17,5.5931,190.4395,17.6939,-31.9037,-31.9444
2353.000000,18,5.5931,190.4936,17.6775,-31.9741,-32.0152
2353.000000,19,5.5931,190.5482,17.6950,-32.0113,-32.0462
2353.000000,20,5.5931,190.4241,16.1503,-33.4319,-33.4479
2353.000000,21,5.5931,190.4758,17.3360,-32.2979,-32.3248
2353.000000,22,5.5931,190.5281,17.6998,-31.9863,-32.0226
2353.000000,23,5.5931,190.5811,17.6845,-32.0546,-32.0953
2353.000000,24,5.5931,190.6346,17.6973,-32.0953,-32.1337
2354.000000,0,5.5240,190.0808,17.6159,-31.6230,-31.6656
2354.000000,1,5.5240,190.1368,17.6215,-31.6733,-31.7178
2354.000000,2,5.5240,190.1934,17.6520,-31.6995,-31.7380
2354.000000,3,5.5240,190.2507,17.2579,-32.1508,-32.1784
2354.000000,4,5.5240,190.3085,16.0618,-33.4048,-33.4207
2354.000000,5,5.5240,190.1733,17.6316,-31.6997,-31.7367
2354.000000,6,5.5240,190.2281,17.6432,-31.7429,-31.7862
2354.000000,7,5.5240,190.2835,17.6725,-31.7690,-31.8110
2354.000000,8,5.5240,190.3396,17.6221,-31.8755,-31.9095
2354.000000,9,5.5240,190.3962,16.9553,-32.5990,-32.6218
2354.000000,10,5.5240,190.2651,17.4221,-32.0011,-32.0312
2354.000000,11,5.5240,190.3188,17.6572,-31.8196,-31.8590
2354.000000,12,5.5240,190.3730,17.6866,-31.8445,-31.8871
2354.000000,13,5.5240,190.4279,17.6704,-31.9156,-31.9542
2354.000000,14,5.5240,190.4834,17.4851,-32.1564,-32.1858
2354.000000,15,5.5240,190.3564,16.9348,-32.5796,-32.6024
2354.000000,16,5.5240,190.4089,17.6348,-31.9321,-31.9657
2354.000000,17,5.5240,190.4620,17.6957,-31.9244,-31.9649
2354.000000,18,5.5240,190.5158,17.6792,-31.9946,-32.0355
2354.000000,19,5.5240,190.5702,17.6962,-32.0320,-32.0668
2354.000000,20,5.5240,190.4470,16.1682,-33.4369,-33.4529
2354.000000,21,5.5240,190.4984,17.3433,-32.3131,-32.3400
2354.000000,22,5.5240,190.5505,17.7006,-32.0079,-32.0441
2354.000000,23,5.5240,190.6032,17.6856,-32.0755,-32.1160
2354.000000,24,5.5240,190.6564,17.6971,-32.1173,-32.1555
2355.000000,0,5.4550,190.1043,17.6175,-31.6449,-31.6873
2355.000000,1,5.4550,190.1600,17.6285,-31.6896,-31.7339
2355.000000,2,5.4550,190.2164,17.6583,-31.7161,-31.7544
2355.000000,3,5.4550,190.2733,17.2699,-32.1615,-32.1891
2355.000000,4,5.4550,190.3309,16.0828,-33.4061,-33.4221
2355.000000,5,5.4550,190.1966,17.6367,-31.7180,-31.7549
2355.000000,6,5.4550,190.2511,17.6478,-31.7613,-31.8044
2355.000000,7,5.4550,190.3063,17.6768,-31.7875,-31.8293
2355.000000,8,5.4550,190.3621,17.6275,-31.8926,-31.9265
2355.000000,9,5.4550,190.4184,16.9658,-32.6107,-32.6335
2355.000000,10,5.4550,190.2883,17.4282,-32.0181,-32.0481
2355.000000,11,5.4550,190.3416,17.6599,-31.8398,-31.8791
2355.000000,12,5.4550,190.3957,17.6894,-31.8643,-31.9068
2355.000000,13,5.4550,190.4503,17.6727,-31.9357,-31.9742
2355.000000,14,5.4550,190.5055,17.4891,-32.1745,-32.2037
2355.000000,15,5.4550,190.3794,16.9451,-32.5923,-32.6152
2355.000000,16,5.4550,190.4316,17.6383,-31.9513,-31.9848
2355.000000,17,5.4550,190.4845,17.6972,-31.9453,-31.9857
2355.000000,18,5.4550,190.5380,17.6807,-32.0153,-32.0560
2355.000000,19,5.4550,190.5921,17.6971,-32.0531,-32.0876
2355.000000,20,5.4550,190.4698,16.1857,-33.4422,-33.4583
2355.000000,21,5.4550,190.5210,17.3504,-32.3286,-32.3555
2355.000000,22,5.4550,190.5728,17.7012,-32.0296,-32.0656
2355.000000,23,5.4550,190.6252,17.6866,-32.0966,-32.1369
2355.000000,24,5.4550,190.6782,17.6967,-32.1395,-32.1775
2356.000000,0,5.3862,190.1278,17.6234,-31.6624,-31.7046
2356.000000,1,5.3862,190.1832,17.6350,-31.7062,-31.7503
2356.000000,2,5.3862,190.2393,17.6642,-31.7331,-31.7713
2356.000000,3,5.3862,190.2959,17.2813,-32.1727,-32.2002
2356.000000,4,5.3862,190.3532,16.1033,-33.4080,-33.4240
2356.000000,5,5.3862,190.2199,17.6415,-31.7365,-31.7732
2356.000000,6,5.3862,190.2741,17.6521,-31.7800,-31.8229
2356.000000,7,5.3862,190.3290,17.6807,-31.8063,-31.8480
2356.000000,8,5.3862,190.3845,17.6325,-31.9101,-31.9438
2356.000000,9,5.3862,190.4406,16.9758,-32.6228,-32.6456
2356.000000,10,5.3862,190.3114,17.4341,-32.0353,-32.0653
2356.000000,11,5.3862,190.3645,17.6624,-31.8601,-31.8993
2356.000000,12,5.3862,190.4182,17.6918,-31.8844,-31.9267
2356.000000,13,5.3862,190.4726,17.6746,-31.9560,-31.9944
2356.000000,14,5.3862,190.5276,17.4928,-32.1928,-32.2220
2356.000000,15,5.3862,190.4023,16.9550,-32.6053,-32.6281
2356.000000,16,5.3862,190.4543,17.6416,-31.9707,-32.0041
2356.000000,17,5.3862,190.5069,17.6986,-31.9663,-32.0065
2356.000000,18,5.3862,190.5602,17.6819,-32.0363,-32.0768
2356.000000,19,5.3862,190.6140,17.6978,-32.0743,-32.1087
2356.000000,20,5.3862,190.4926,16.2028,-33.4478,-33.4639
2356.000000,21,5.3862,190.5435,17.3573,-32.3443,-32.3711
2356.000000,22,5.3862,190.5950,17.7017,-32.0514,-32.0873
2356.000000,23,5.3862,190.6472,17.6874,-32.1178,-32.1579
2356.000000,24,5.3862,190.8800,17.6962,-32.3419,-32.3781
2357.000000,0,5.3176,190.1512,17.6290,-31.6802,-31.7222
2357.000000,1,5.3176,190.2063,17.6411,-31.7232,-31.7671
2357.000000,2,5.3176,190.2621,17.6695,-31.7506,-31.7887
2357.000000,3,5.3176,190.3185,17.2922,-32.1843,-32.2118
2357.000000,4,5.3176,190.3755,16.1231,-33.4104,-33.4264
2357.000000,5,5.3176,190.2431,17.6460,-31.7552,-31.7918
2357.000000,6,5.3176,190.2971,17.6562,-31.7990,-31.8417
2357.000000,7,5.3176,190.3517,17.6843,-31.8254,-31.8669
2357.000000,8,5.3176,190.4069,17.6371,-31.9279,-31.9616
2357.000000,9,5.3176,190.4628,16.9854,-32.6353,-32.6581
2357.000000,10,5.3176,190.3345,17.4397,-32.0528,-32.0826
2357.000000,11,5.3176,190.3873,17.6646,-31.8807,-31.9196
2357.000000,12,5.3176,190.4408,17.6940,-31.9048,-31.9468
2357.000000,13,5.3176,190.4949,17.6762,-31.9767,-32.0149
2357.000000,14,5.3176,190.5496,17.4962,-32.2114,-32.2405
2357.000000,15,5.3176,190.4252,16.9647,-32.6185,-32.6413
2357.000000,16,5.3176,190.4769,17.6447,-31.9902,-32.0236
2357.000000,17,5.3176,190.5293,17.6998,-31.9875,-32.0275
2357.000000,18,5.3176,190.5823,17.6829,-32.0574,-32.0977
2357.000000,19,5.3176,190.6359,17.6982,-32.0957,-32.1300
2357.000000,20,5.3176,190.5153,16.2197,-33.4537,-33.4698
2357.000000,21,5.3176,190.5660,17.3639,-32.3601,-32.3869
2357.000000,22,5.3176,190.6173,17.7020,-32.0733,-32.1091
2357.000000,23,5.3176,190.6692,17.6881,-32.1391,-32.1790
2357.000000,24,5.3176,190.9017,17.6954,-32.3643,-32.4004
2358.000000,0,5.2492,190.1745,17.6343,-31.6983,-31.7401
2358.000000,1,5.2492,190.2294,17.6469,-31.7406,-31.7843
2358.000000,2,5.2492,190.2849,17.6744,-31.7685,-31.8065
2358.000000,3,5.2492,190.3410,17.3026,-32.1965,-32.2239
2358.000000,4,5.2492,190.3977,16.1425,-33.4133,-33.4294
2358.000000,5,5.2492,190.2663,17.6502,-31.7742,-31.8106
2358.000000,6,5.2492,190.3200,17.6599,-31.8182,-31.8607
2358.000000,7,5.2492,190.3743,17.6875,-31.8449,-31.8862
2358.000000,8,5.2492,190.4293,17.6413,-31.9460,-31.9796
2358.000000,9,5.2492,190.4849,16.9947,-32.6482,-32.6709
2358.000000,10,5.2492,190.3575,17.4451,-32.0704,-32.1002
2358.000000,11,5.2492,190.4100,17.6667,-31.9014,-31.9402
2358.000000,12,5.2492,190.4632,17.6960,-31.9253,-31.9671
2358.000000,13,5.2492,190.5171,17.6775,-31.9977,-32.0357
2358.000000,14,5.2492,190.5715,17.4993,-32.2303,-32.2592
2358.000000,15,5.2492,190.4480,16.9741,-32.6320,-32.6547
2358.000000,16,5.2492,190.4995,17.6476,-32.0099,-32.0431
2358.000000,17,5.2492,190.5516,17.7008,-32.0088,-32.0487
2358.000000,18,5.2492,190.6044,17.6837,-32.0787,-32.1188
2358.000000,19,5.2492,190.6577,17.6983,-32.1174,-32.1515
2358.000000,20,5.2492,190.5380,16.2361,-33.4599,-33.4760
2358.000000,21,5.2492,190.5884,17.3703,-32.3761,-32.4028
2358.000000,22,5.2492,190.6394,17.7022,-32.0953,-32.1309
2358.000000,23,5.2492,190.6911,17.6885,-32.1606,-32.2003
2358.000000,24,5.2492,190.9234,17.6945,-32.3869,-32.4228
2359.000000,0,5.1809,190.1978,17.6392,-31.7167,-31.7584
2359.000000,1,5.1809,190.2524,17.6522,-31.7583,-31.8018
2359.000000,2,5.1809,190.3076,17.6789,-31.7868,-31.8247
2359.000000,3,5.1809,190.3635,17.3125,-32.2090,-32.2364
2359.000000,4,5.1809,190.4199,16.1613,-33.4167,-33.4328
2359.000000,5,5.1809,190.2894,17.6541,-31.7934,-31.8296
2359.000000,6,5.1809,190.3429,17.6633,-31.8376,-31.8799
2359.000000,7,5.1809,190.3969,17.6904,-31.8646,-31.9057
2359.000000,8,5.1809,190.4516,17.6451,-31.9645,-31.9980
2359.000000,9,5.1809,190.5069,17.0035,-32.6614,-32.6840
2359.000000,10,5.1809,190.3804,17.4502,-32.0882,-32.1179
2359.000000,11,5.1809,190.4327,17.6686,-31.9222,-31.9608
2359.000000,12,5.1809,190.4857,17.6977,-31.9460,-31.9877
2359.000000,13,5.1809,190.5393,17.6784,-32.0189,-32.0567
2359.000000,14,5.1809,190.5934,17.5021,-32.2494,-32.2782
2359.000000,15,5.1809,190.4708,16.9833,-32.6456,-32.6683
2359.000000,16,5.1809,190.5220,17.6503,-32.0298,-32.0629
2359.000000,17,5.1809,190.5739,17.7016,-32.0303,-32.0699
2359.000000,18,5.1809,190.6264,17.6842,-32.1002,-32.1401
2359.000000,19,5.1809,190.6795,17.6983,-32.1392,-32.1731
2359.000000,20,5.1809,190.5606,16.2523,-33.4663,-33.4825
2359.000000,21,5.1809,190.6108,17.3765,-32.3923,-32.4190
2359.000000,22,5.1809,190.6616,17.7023,-32.1173,-32.1529
2359.000000,23,5.1809,190.8930,17.6888,-32.3622,-32.4001
2359.000000,24,5.1809,190.9450,17.6934,-32.4096,-32.4453
2360.000000,0,5.1127,190.2211,17.6437,-31.7354,-31.7769
2360.000000,1,5.1127,190.2754,17.6572,-31.7763,-31.8196
2360.000000,2,5.1127,190.3303,17.6828,-31.8056,-31.8433
2360.000000,3,5.1127,190.3859,17.3219,-32.2220,-32.2494
2360.000000,4,5.1127,190.4421,16.1795,-33.4206,-33.4367
2360.000000,5,5.1127,190.3125,17.6578,-31.8127,-31.8489
2360.000000,6,5.1127,190.3657,17.6665,-31.8572,-31.8994
2360.000000,7,5.1127,190.4195,17.6929,-31.8846,-31.9255
2360.000000,8,5.1127,190.4739,17.6486,-31.9834,-32.0167
2360.000000,9,5.1127,190.5289,17.0120,-32.6749,-32.6975
2360.000000,10,5.1127,190.4034,17.4551,-32.1063,-32.1358
2360.000000,11,5.1127,190.4554,17.6702,-31.9432,-31.9816
2360.000000,12,5.1127,190.5081,17.6992,-31.9669,-32.0084
2360.000000,13,5.1127,190.5614,17.6791,-32.0403,-32.0780
2360.000000,14,5.1127,190.6153,17.5046,-32.2687,-32.2975
2360.000000,15,5.1127,190.4936,16.9922,-32.6594,-32.6821
2360.000000,16,5.1127,190.5445,17.6528,-32.0498,-32.0827
2360.000000,17,5.1127,190.5961,17.7023,-32.0519,-32.0913
2360.000000,18,5.1127,190.6484,17.6845,-32.1219,-32.1616
2360.000000,19,5.1127,190.8812,17.6980,-32.3412,-32.3736
2360.000000,20,5.1127,190.5832,16.2682,-33.4731,-33.4893
2360.000000,21,5.1127,190.6331,17.3825,-32.4086,-32.4353
2360.000000,22,5.1127,190.6836,17.7022,-32.1395,-32.1749
2360.000000,23,5.1127,190.9148,17.6889,-32.3839,-32.4216
2360.000000,24,5.1127,190.9666,17.6922,-32.4324,-32.4679
