time_s,cell_idx,elevation_deg,path_loss_dB,beam_gain_dB,snr_dB,sinr_dB
0.000000,0,52.9158,180.2349,6.8902,-32.5028,-32.5258
0.000000,1,52.9158,180.0960,6.3549,-32.8992,-32.9131
0.000000,2,52.9158,179.9258,12.0246,-27.0592,-27.0824
0.000000,3,52.9158,179.8051,19.2865,-19.6766,-19.9000
0.000000,4,52.9158,179.6947,20.8792,-17.9736,-18.7017
0.000000,5,52.9158,180.3761,4.2800,-35.2542,-35.2590
0.000000,6,52.9158,180.2414,12.6235,-26.7760,-26.8110
0.000000,7,52.9158,180.1153,19.7184,-19.5549,-20.0536
0.000000,8,52.9158,179.9584,19.7287,-19.3878,-19.7208
0.000000,9,52.9158,179.8517,12.8696,-26.1402,-26.1710
0.000000,10,52.9158,180.5246,6.5498,-33.1329,-33.1391
0.000000,11,52.9158,180.3942,12.6875,-26.8648,-26.9039
0.000000,12,52.9158,180.2722,19.6985,-19.7317,-20.0773
0.000000,13,52.9158,180.1593,18.9079,-20.4095,-20.7552
0.000000,14,52.9158,180.0163,7.5903,-31.5840,-31.5915
0.000000,15,52.9158,180.6797,17.4500,-22.3878,-22.5726
0.000000,16,52.9158,180.5536,19.4578,-20.2538,-20.6415
0.000000,17,52.9158,180.4357,15.9909,-23.6029,-23.6746
0.000000,18,52.9158,180.3268,10.1289,-29.3559,-29.3694
0.000000,19,52.9158,180.2274,6.9835,-32.4019,-32.4267
0.000000,20,52.9158,180.8405,18.8019,-21.1967,-21.4208
0.000000,21,52.9158,180.7187,19.4754,-20.4014,-20.8671
0.000000,22,52.9158,180.6050,15.6512,-24.1118,-24.2105
0.000000,23,52.9158,180.4999,2.8901,-36.7679,-36.7702
0.000000,24,52.9158,180.4042,4.1307,-35.4316,-35.4364
1.000000,0,53.2927,180.2021,6.9505,-32.4096,-32.4331
1.000000,1,53.2927,180.0622,5.9023,-33.3180,-33.3292
1.000000,2,53.2927,179.8911,9.2459,-29.8032,-29.8167
1.000000,3,53.2927,179.7695,20.3041,-18.6235,-19.0183
1.000000,4,53.2927,179.6583,21.0046,-17.8117,-18.6230
1.000000,5,53.2927,180.3412,5.6078,-33.8914,-33.8996
1.000000,6,53.2927,180.2055,13.3664,-25.9971,-26.0384
1.000000,7,53.2927,180.0784,19.5446,-19.6918,-20.1346
1.000000,8,53.2927,179.9206,18.6016,-20.4771,-20.6635
1.000000,9,53.2927,179.8130,15.4191,-23.5520,-23.6196
1.000000,10,53.2927,180.4877,5.5374,-34.1084,-34.1121
1.000000,11,53.2927,180.3563,15.0588,-24.4555,-24.5078
1.000000,12,53.2927,180.2333,20.1631,-19.2283,-19.7289
1.000000,13,53.2927,180.1195,19.0967,-20.1808,-20.5308
1.000000,14,53.2927,179.9755,5.4852,-33.6484,-33.6532
1.000000,15,53.2927,180.6411,17.2452,-22.5539,-22.7418
1.000000,16,53.2927,180.5139,19.0166,-20.6554,-20.9408
1.000000,17,53.2927,180.3951,13.5853,-25.9678,-26.0240
1.000000,18,53.2927,180.2851,11.1420,-28.3012,-28.3252
1.000000,19,53.2927,180.1849,6.9278,-32.4152,-32.4433
1.000000,20,53.2927,180.8003,19.1844,-20.7740,-21.0867
1.000000,21,53.2927,180.6775,19.4503,-20.3853,-20.8729
1.000000,22,53.2927,180.5628,14.5016,-25.2192,-25.2934
1.000000,23,53.2927,180.4568,1.0903,-38.5245,-38.5259
1.000000,24,53.2927,180.3602,5.7104,-33.8079,-33.8169
2.000000,0,53.6699,180.1699,6.8212,-32.5067,-32.5286
2.000000,1,53.6699,179.9890,5.3374,-33.8097,-33.8176
2.000000,2,53.6699,179.8570,10.0664,-28.9485,-28.9631
2.000000,3,53.6699,179.7345,20.6012,-18.2913,-18.8685
2.000000,4,53.6699,179.6224,20.9304,-17.8501,-18.6306
2.000000,5,53.6699,180.3067,6.4454,-33.0193,-33.0321
2.000000,6,53.6699,180.1700,13.5986,-25.7295,-25.7738
2.000000,7,53.6699,180.0020,19.3065,-19.8535,-20.2029
2.000000,8,53.6699,179.8833,16.5333,-22.5080,-22.6187
2.000000,9,53.6699,179.7748,16.9212,-22.0116,-22.1477
2.000000,10,53.6699,180.4513,4.1389,-35.4704,-35.4724
2.000000,11,53.6699,180.3188,16.5853,-22.8916,-22.9864
2.000000,12,53.6699,180.1949,20.1381,-19.2148,-19.8530
2.000000,13,53.6699,180.0801,18.7149,-20.5232,-20.8389
2.000000,14,53.6699,179.9353,2.5058,-36.5875,-36.5898
2.000000,15,53.6699,180.6028,17.0519,-22.7089,-22.8856
2.000000,16,53.6699,180.4746,18.1891,-21.4436,-21.6292
2.000000,17,53.6699,180.3548,15.7233,-23.7895,-23.8628
2.000000,18,53.6699,180.2439,12.0688,-27.3332,-27.3676
2.000000,19,53.6699,180.1428,6.9479,-32.3530,-32.3805
2.000000,20,53.6699,180.7605,19.3525,-20.5660,-20.9648
2.000000,21,53.6699,180.6366,19.4612,-20.3335,-20.8037
2.000000,22,53.6699,180.5209,13.3189,-26.3600,-26.4081
2.000000,23,53.6699,180.4140,0.3737,-39.1983,-39.1997
2.000000,24,53.6699,180.3165,6.5261,-32.9484,-32.9629
3.000000,0,54.0474,180.1382,6.5677,-32.7285,-32.7473
3.000000,1,54.0474,179.9564,4.4266,-34.6879,-34.6926
3.000000,2,54.0474,179.8234,11.5653,-27.4161,-27.4430
3.000000,3,54.0474,179.7001,20.8097,-18.0484,-18.7590
3.000000,4,54.0474,179.5872,20.7817,-17.9636,-18.6011
3.000000,5,54.0474,180.2728,6.8751,-32.5557,-32.5735
3.000000,6,54.0474,180.1351,13.3505,-25.9426,-25.9863
3.000000,7,54.0474,179.9661,18.7162,-20.4079,-20.6436
3.000000,8,54.0474,179.8465,16.9424,-22.0622,-22.1884
3.000000,9,54.0474,179.7372,17.6545,-21.2408,-21.4608
3.000000,10,54.0474,180.4153,1.8652,-37.7082,-37.7098
3.000000,11,54.0474,180.2818,17.5136,-21.9263,-22.0867
3.000000,12,54.0474,180.1569,20.1307,-19.1842,-19.9090
3.000000,13,54.0474,180.0012,18.1337,-21.0255,-21.2750
3.000000,14,54.0474,179.8955,-0.5802,-39.6338,-39.6350
3.000000,15,54.0474,180.5650,16.7890,-22.9340,-23.0865
3.000000,16,54.0474,180.4358,16.7970,-22.7969,-22.9084
3.000000,17,54.0474,180.3149,17.5635,-21.9095,-22.0412
3.000000,18,54.0474,180.2031,12.8183,-26.5429,-26.5848
3.000000,19,54.0474,180.1011,6.9833,-32.2759,-32.2990
3.000000,20,54.0474,180.7210,19.4579,-20.4212,-20.8901
3.000000,21,54.0474,180.5961,19.3285,-20.4257,-20.8423
3.000000,22,54.0474,180.4794,11.7325,-27.9049,-27.9314
3.000000,23,54.0474,180.3715,2.9055,-36.6240,-36.6265
3.000000,24,54.0474,180.2732,6.6905,-32.7407,-32.7604
4.000000,0,54.4248,180.1071,6.3567,-32.9084,-32.9229
4.000000,1,54.4248,179.9244,2.8065,-36.2760,-36.2790
4.000000,2,54.4248,179.7905,12.9214,-26.0271,-26.0720
4.000000,3,54.4248,179.6663,20.9529,-17.8714,-18.6308
4.000000,4,54.4248,179.5526,20.4746,-18.2360,-18.6600
4.000000,5,54.4248,180.2394,6.9321,-32.4653,-32.4878
4.000000,6,54.4248,180.1007,12.5976,-26.6612,-26.7005
4.000000,7,54.4248,179.9307,17.4599,-21.6289,-21.7648
4.000000,8,54.4248,179.8103,19.1275,-19.8408,-20.0822
4.000000,9,54.4248,179.7001,18.3551,-20.5031,-20.7941
4.000000,10,54.4248,180.3798,2.8709,-36.6670,-36.6693
4.000000,11,54.4248,180.2453,18.1388,-21.2646,-21.5008
4.000000,12,54.4248,180.1194,20.1886,-19.0889,-19.8302
4.000000,13,54.4248,179.9628,17.3856,-21.7352,-21.8990
4.000000,14,54.4248,179.8562,3.4422,-35.5721,-35.5740
4.000000,15,54.4248,180.5276,16.5790,-23.1066,-23.2253
4.000000,16,54.4248,180.3973,14.7950,-24.7604,-24.8430
4.000000,17,54.4248,180.2755,18.6848,-20.7488,-20.9693
4.000000,18,54.4248,180.1628,13.3855,-25.9353,-25.9795
4.000000,19,54.4248,180.0599,6.6423,-32.5756,-32.5919
4.000000,20,54.4248,180.6819,19.5086,-20.3313,-20.8438
4.000000,21,54.4248,180.5560,19.0029,-20.7111,-21.0467
4.000000,22,54.4248,180.4382,9.8322,-29.7640,-29.7773
4.000000,23,54.4248,180.3294,4.4951,-34.9924,-34.9978
4.000000,24,54.4248,180.2302,6.8595,-32.5288,-32.5513
5.000000,0,54.8020,180.0766,5.8132,-33.4214,-33.4314
5.000000,1,54.8020,179.8930,2.1256,-36.9254,-36.9287
5.000000,2,54.8020,179.7582,14.1472,-24.7690,-24.8303
5.000000,3,54.8020,179.6331,20.7858,-18.0053,-18.7191
5.000000,4,54.8020,179.5187,19.3112,-19.3655,-19.5918
5.000000,5,54.8020,180.2065,6.9749,-32.3897,-32.4154
5.000000,6,54.8020,180.0669,11.6882,-27.5368,-27.5683
5.000000,7,54.8020,179.8960,15.2902,-23.7638,-23.8411
5.000000,8,54.8020,179.7746,20.4212,-18.5114,-18.9513
5.000000,9,54.8020,179.6637,18.9550,-19.8667,-20.1926
5.000000,10,54.8020,180.3448,5.5791,-33.9237,-33.9282
5.000000,11,54.8020,180.2093,18.6513,-20.7161,-21.0231
5.000000,12,54.8020,180.0824,20.1944,-19.0460,-19.7299
5.000000,13,54.8020,179.9248,16.2448,-22.8381,-22.9270
5.000000,14,54.8020,179.8175,5.8780,-33.0975,-33.1028
5.000000,15,54.8020,180.4906,15.9543,-23.6943,-23.7775
5.000000,16,54.8020,180.3593,16.7951,-22.7223,-22.8178
5.000000,17,54.8020,180.2365,19.2434,-20.1512,-20.4703
5.000000,18,54.8020,180.1228,13.3736,-25.9073,-25.9485
5.000000,19,54.8020,179.9791,5.4971,-33.6401,-33.6496
5.000000,20,54.8020,180.6432,19.4881,-20.3131,-20.8354
5.000000,21,54.8020,180.5162,18.6751,-20.9991,-21.2386
5.000000,22,54.8020,180.3975,7.9511,-31.6044,-31.6146
5.000000,23,54.8020,180.2877,5.6591,-33.7867,-33.7963
5.000000,24,54.8020,180.1876,6.9527,-32.3930,-32.4153
6.000000,0,55.1788,180.0068,4.8007,-34.3641,-34.3703
6.000000,1,55.1788,179.8622,4.6432,-34.3770,-34.3825
6.000000,2,55.1788,179.7265,14.9099,-23.9747,-24.0464
6.000000,3,55.1788,179.6006,20.5467,-18.2119,-18.7939
6.000000,4,55.1788,179.4854,16.9645,-21.6789,-21.8174
6.000000,5,55.1788,180.1742,6.8687,-32.4635,-32.4907
6.000000,6,55.1788,179.9936,10.6583,-28.4934,-28.5156
6.000000,7,55.1788,179.8618,15.1299,-23.8899,-23.9575
6.000000,8,55.1788,179.7395,20.9948,-17.9028,-18.5693
6.000000,9,55.1788,179.6278,18.9285,-19.8573,-20.1726
6.000000,10,55.1788,180.3102,7.6721,-31.7962,-31.8044
6.000000,11,55.1788,180.1738,19.1850,-20.1468,-20.5046
6.000000,12,55.1788,180.0059,20.1999,-18.9640,-19.5302
6.000000,13,55.1788,179.8875,14.1603,-24.8852,-24.9380
6.000000,14,55.1788,179.7792,7.8107,-31.1266,-31.1372
6.000000,15,55.1788,180.4541,14.8206,-24.7915,-24.8448
6.000000,16,55.1788,180.3218,18.4965,-20.9833,-21.1484
6.000000,17,55.1788,180.1980,19.3498,-20.0062,-20.4110
6.000000,18,55.1788,180.0834,12.7776,-26.4639,-26.4978
6.000000,19,55.1788,179.9388,3.4027,-35.6942,-35.6992
6.000000,20,55.1788,180.6049,19.4406,-20.3223,-20.8176
6.000000,21,55.1788,180.4769,17.8946,-21.7403,-21.8902
6.000000,22,55.1788,180.3571,10.5391,-28.9760,-28.9891
6.000000,23,55.1788,180.2464,6.4327,-32.9718,-32.9862
6.000000,24,55.1788,180.1455,6.5999,-32.7037,-32.7228
7.000000,0,55.5550,179.9775,3.2019,-35.9337,-35.9373
7.000000,1,55.5550,179.8321,6.2614,-32.7288,-32.7391
7.000000,2,55.5550,179.6955,15.0151,-23.8385,-23.9126
7.000000,3,55.5550,179.5688,20.0935,-18.6333,-19.0340
7.000000,4,55.5550,179.4527,18.5067,-20.1040,-20.2974
7.000000,5,55.5550,180.1425,6.8789,-32.4216,-32.4480
7.000000,6,55.5550,179.9610,9.6911,-29.4279,-29.4407
7.000000,7,55.5550,179.8282,17.2923,-21.6939,-21.8039
7.000000,8,55.5550,179.7051,21.0049,-17.8582,-18.7176
7.000000,9,55.5550,179.5925,18.1725,-20.5780,-20.8386
7.000000,10,55.5550,180.2762,9.6464,-29.7878,-29.8005
7.000000,11,55.5550,180.1388,19.2421,-20.0548,-20.4377
7.000000,12,55.5550,179.9700,19.9290,-19.1990,-19.6038
7.000000,13,55.5550,179.8506,14.7933,-24.2154,-24.2781
7.000000,14,55.5550,179.7415,9.3408,-29.5587,-29.5752
7.000000,15,55.5550,180.4180,12.9820,-26.5940,-26.6309
7.000000,16,55.5550,180.2847,19.5561,-19.8867,-20.1690
7.000000,17,55.5550,180.1599,19.5211,-19.7969,-20.2508
7.000000,18,55.5550,180.0044,11.5058,-27.6567,-27.6810
7.000000,19,55.5550,179.8989,3.4497,-35.6072,-35.6116
7.000000,20,55.5550,180.5670,19.5093,-20.2157,-20.6482
7.000000,21,55.5550,180.4379,16.5682,-23.0277,-23.1127
7.000000,22,55.5550,180.3172,12.0543,-27.4209,-27.4441
7.000000,23,55.5550,180.2056,6.8895,-32.4741,-32.4927
7.000000,24,55.5550,180.1037,6.0414,-33.2204,-33.2342
8.000000,0,55.9305,179.9489,0.7573,-38.3497,-38.3524
8.000000,1,55.9305,179.8026,7.2550,-31.7056,-31.7228
8.000000,2,55.9305,179.6652,14.5156,-24.3077,-24.3761
8.000000,3,55.9305,179.5376,18.8699,-19.8258,-20.0539
8.000000,4,55.9305,179.4208,20.6411,-17.9378,-18.3465
8.000000,5,55.9305,180.1113,6.9643,-32.3051,-32.3286
8.000000,6,55.9305,179.9289,8.0700,-31.0169,-31.0233
8.000000,7,55.9305,179.7952,18.5522,-20.4010,-20.6053
8.000000,8,55.9305,179.6712,20.9829,-17.8464,-18.8099
8.000000,9,55.9305,179.5578,17.2436,-21.4722,-21.6464
8.000000,10,55.9305,180.2428,10.9931,-28.4078,-28.4258
8.000000,11,55.9305,180.1043,19.0332,-20.2291,-20.6045
8.000000,12,55.9305,179.9346,19.1491,-19.9435,-20.1903
8.000000,13,55.9305,179.8143,17.2567,-21.7157,-21.8381
8.000000,14,55.9305,179.7044,10.7389,-28.1235,-28.1441
8.000000,15,55.9305,180.3824,12.9469,-26.5935,-26.6292
8.000000,16,55.9305,180.2481,20.1047,-19.3015,-19.7270
8.000000,17,55.9305,180.1224,19.6762,-19.6042,-20.0599
8.000000,18,55.9305,179.9659,9.3156,-29.8084,-29.8230
8.000000,19,55.9305,179.8596,5.8998,-33.1178,-33.1259
8.000000,20,55.9305,180.5295,19.2823,-20.4052,-20.7512
8.000000,21,55.9305,180.3994,14.4973,-25.0601,-25.1185
8.000000,22,55.9305,180.2777,12.8481,-26.5876,-26.6243
8.000000,23,55.9305,180.1651,6.8844,-32.4387,-32.4597
8.000000,24,55.9305,180.0624,4.9490,-34.2714,-34.2795
9.000000,0,56.3049,179.9210,2.2689,-36.8102,-36.8129
9.000000,1,56.3049,179.7738,7.7489,-31.1829,-31.2079
9.000000,2,56.3049,179.6355,13.3812,-25.4123,-25.4689
9.000000,3,56.3049,179.5071,16.6191,-22.0461,-22.1636
9.000000,4,56.3049,179.3896,21.7710,-16.7766,-17.5025
9.000000,5,56.3049,180.0808,6.6956,-32.5432,-32.5624
9.000000,6,56.3049,179.8974,5.4878,-33.5676,-33.5716
9.000000,7,56.3049,179.7628,19.1550,-19.7659,-20.0915
9.000000,8,56.3049,179.6380,21.0046,-17.7914,-18.7439
9.000000,9,56.3049,179.5238,16.1487,-22.5331,-22.6246
9.000000,10,56.3049,180.2098,11.8638,-27.5041,-27.5277
9.000000,11,56.3049,180.0704,18.7788,-20.4497,-20.7837
9.000000,12,56.3049,179.8997,17.6769,-21.3809,-21.5190
9.000000,13,56.3049,179.7786,18.7212,-20.2154,-20.4428
9.000000,14,56.3049,179.6678,11.3701,-27.4557,-27.4778
9.000000,15,56.3049,180.3473,15.0342,-24.4712,-24.5245
9.000000,16,56.3049,180.2120,20.1941,-19.1760,-19.7434
9.000000,17,56.3049,180.0853,19.4675,-19.7758,-20.1878
9.000000,18,56.3049,179.9279,6.8401,-32.2459,-32.2529
9.000000,19,56.3049,179.8207,7.2295,-31.7492,-31.7656
9.000000,20,56.3049,180.4924,18.7945,-20.8560,-21.1053
9.000000,21,56.3049,180.3613,14.8101,-24.7092,-24.7765
9.000000,22,56.3049,180.2386,13.1274,-26.2692,-26.3183
9.000000,23,56.3049,180.1251,6.8708,-32.4123,-32.4329
9.000000,24,56.3049,179.9815,3.3791,-35.7605,-35.7643
10.000000,0,56.6780,179.8937,3.7792,-35.2725,-35.2768
10.000000,1,56.6780,179.7457,7.7971,-31.1066,-31.1388
10.000000,2,56.6780,179.6066,12.3219,-26.4427,-26.4825
10.000000,3,56.6780,179.4774,15.8831,-22.7523,-22.8428
10.000000,4,56.6780,179.3591,22.0807,-16.4364,-17.4759
10.000000,5,56.6780,180.0109,6.4567,-32.7122,-32.7265
10.000000,6,56.6780,179.8666,4.9887,-34.0359,-34.0408
10.000000,7,56.6780,179.7311,19.7416,-19.1476,-19.5855
10.000000,8,56.6780,179.6054,20.9734,-17.7901,-18.6175
10.000000,9,56.6780,179.4904,13.8577,-24.7908,-24.8512
10.000000,10,56.6780,180.1775,12.3295,-27.0060,-27.0346
10.000000,11,56.6780,179.9971,18.6674,-20.4877,-20.7550
10.000000,12,56.6780,179.8655,16.0515,-22.9720,-23.0842
10.000000,13,56.6780,179.7434,19.4594,-19.4420,-19.7926
10.000000,14,56.6780,179.6318,11.2890,-27.5009,-27.5212
10.000000,15,56.6780,180.3127,16.4690,-23.0018,-23.0982
10.000000,16,56.6780,180.1764,20.2163,-19.1182,-19.7960
10.000000,17,56.6780,180.0087,18.9256,-20.2412,-20.5753
10.000000,18,56.6780,179.8905,3.8827,-35.1657,-35.1701
10.000000,19,56.6780,179.7824,7.7167,-31.2237,-31.2507
10.000000,20,56.6780,180.4558,17.9888,-21.6251,-21.7860
10.000000,21,56.6780,180.3237,16.8727,-22.6090,-22.7181
10.000000,22,56.6780,180.2000,13.4601,-25.8980,-25.9533
10.000000,23,56.6780,180.0856,6.8233,-32.4203,-32.4375
10.000000,24,56.6780,179.9411,0.5559,-38.5433,-38.5458
11.000000,0,57.0497,179.8671,4.7077,-34.3175,-34.3246
11.000000,1,57.0497,179.7182,7.8003,-31.0759,-31.1132
11.000000,2,57.0497,179.5783,11.1254,-27.6109,-27.6342
11.000000,3,57.0497,179.4483,18.1421,-20.4643,-20.6093
11.000000,4,57.0497,179.3293,22.1103,-16.3770,-17.6239
11.000000,5,57.0497,179.9816,5.8571,-33.2825,-33.2919
11.000000,6,57.0497,179.8363,7.5763,-31.4181,-31.4266
11.000000,7,57.0497,179.7000,20.2334,-18.6246,-19.1395
11.000000,8,57.0497,179.5735,20.9992,-17.7324,-18.3471
11.000000,9,57.0497,179.4577,16.2450,-22.3708,-22.4633
11.000000,10,57.0497,180.1457,12.4152,-26.8886,-26.9209
11.000000,11,57.0497,179.9644,18.0678,-21.0546,-21.2429
11.000000,12,57.0497,179.8318,18.5015,-20.4884,-20.6519
11.000000,13,57.0497,179.7089,19.7227,-19.1442,-19.6021
11.000000,14,57.0497,179.5965,10.4190,-28.3355,-28.3511
11.000000,15,57.0497,180.2787,17.4183,-22.0183,-22.1804
11.000000,16,57.0497,180.1414,20.1782,-19.1212,-19.8584
11.000000,17,57.0497,179.9727,18.1607,-20.9701,-21.2027
11.000000,18,57.0497,179.8535,7.5822,-31.4294,-31.4345
11.000000,19,57.0497,179.7446,7.8266,-31.0761,-31.1122
11.000000,20,57.0497,180.4197,16.7671,-22.8106,-22.9110
11.000000,21,57.0497,180.2865,18.1683,-21.2763,-21.4555
11.000000,22,57.0497,180.1619,13.7340,-25.5859,-25.6402
11.000000,23,57.0497,180.0065,6.2986,-32.8659,-32.8782
11.000000,24,57.0497,179.9012,3.3759,-35.6833,-35.6870
12.000000,0,57.4195,179.8412,5.6279,-33.3713,-33.3818
12.000000,1,57.4195,179.6915,7.8046,-31.0449,-31.0840
12.000000,2,57.4195,179.5508,9.4974,-29.2114,-29.2224
12.000000,3,57.4195,179.4201,19.3251,-19.2530,-19.5252
12.000000,4,57.4195,179.3003,22.0605,-16.3979,-17.6871
12.000000,5,57.4195,179.9529,4.8333,-34.2776,-34.2834
12.000000,6,57.4195,179.8068,9.6931,-29.2717,-29.2863
12.000000,7,57.4195,179.6696,20.2153,-18.6123,-19.1569
12.000000,8,57.4195,179.5423,20.3778,-18.3225,-18.7035
12.000000,9,57.4195,179.4257,18.7329,-19.8508,-20.0571
12.000000,10,57.4195,180.1145,12.1103,-27.1622,-27.1964
12.000000,11,57.4195,179.9322,16.8924,-22.1978,-22.3152
12.000000,12,57.4195,179.7987,19.9907,-18.9661,-19.2728
12.000000,13,57.4195,179.6749,19.9138,-18.9192,-19.4359
12.000000,14,57.4195,179.5617,8.4873,-30.2324,-30.2422
12.000000,15,57.4195,180.2451,18.2495,-21.1536,-21.3945
12.000000,16,57.4195,180.1068,20.1476,-19.1173,-19.8510
12.000000,17,57.4195,179.9372,17.2772,-21.8181,-21.9537
12.000000,18,57.4195,179.8171,9.7154,-29.2598,-29.2712
12.000000,19,57.4195,179.7074,7.8293,-31.0362,-31.0769
12.000000,20,57.4195,180.3840,14.9522,-24.5899,-24.6735
12.000000,21,57.4195,180.2499,18.8987,-20.5092,-20.7691
12.000000,22,57.4195,180.1242,13.6328,-25.6494,-25.6964
12.000000,23,57.4195,179.9679,4.9460,-34.1800,-34.1873
12.000000,24,57.4195,179.8617,5.4576,-33.5622,-33.5697
13.000000,0,57.7874,179.8160,6.2348,-32.7392,-32.7532
13.000000,1,57.7874,179.6655,7.7995,-31.0240,-31.0615
13.000000,2,57.7874,179.5240,6.9813,-31.7007,-31.7052
13.000000,3,57.7874,179.3925,20.0041,-18.5464,-18.9667
13.000000,4,57.7874,179.2721,22.0807,-16.3494,-17.5010
13.000000,5,57.7874,179.9249,3.2805,-35.8024,-35.8063
13.000000,6,57.7874,179.7779,11.3912,-27.5448,-27.5664
13.000000,7,57.7874,179.6399,19.9924,-18.8055,-19.3233
13.000000,8,57.7874,179.5117,18.9922,-19.6776,-19.8812
13.000000,9,57.7874,179.3944,20.1550,-18.3974,-18.7815
13.000000,10,57.7874,180.0838,11.8258,-27.4160,-27.4491
13.000000,11,57.7874,179.9006,14.9376,-24.1211,-24.1929
13.000000,12,57.7874,179.7663,20.7979,-18.1264,-18.6329
13.000000,13,57.7874,179.6416,20.1662,-18.6334,-19.1422
13.000000,14,57.7874,179.5276,5.4122,-33.2734,-33.2784
13.000000,15,57.7874,180.2121,18.8793,-20.4909,-20.8135
13.000000,16,57.7874,180.0729,20.1827,-19.0482,-19.7146
13.000000,17,57.7874,179.9023,15.6890,-23.3713,-23.4438
13.000000,18,57.7874,179.7813,10.9185,-28.0209,-28.0421
13.000000,19,57.7874,179.6707,7.7647,-31.0640,-31.1028
13.000000,20,57.7874,180.3488,17.1473,-22.3595,-22.4616
13.000000,21,57.7874,180.2137,19.1534,-20.2183,-20.5509
13.000000,22,57.7874,180.0871,12.9919,-26.2532,-26.2891
13.000000,23,57.7874,179.9298,2.7258,-36.3621,-36.3663
13.000000,24,57.7874,179.8228,6.5191,-32.4617,-32.4746
14.000000,0,58.1529,179.7915,6.9307,-32.0188,-32.0356
14.000000,1,58.1529,179.6402,7.7705,-31.0277,-31.0603
14.000000,2,58.1529,179.4979,3.0142,-35.6418,-35.6452
14.000000,3,58.1529,179.3657,20.6015,-17.9223,-18.4590
14.000000,4,58.1529,179.2446,22.0366,-16.3661,-17.2355
14.000000,5,58.1529,179.8975,2.0977,-36.9579,-36.9619
14.000000,6,58.1529,179.7497,12.4026,-26.5051,-26.5337
14.000000,7,58.1529,179.6108,19.7302,-19.0386,-19.4779
14.000000,8,58.1529,179.4819,16.8631,-21.7768,-21.9279
14.000000,9,58.1529,179.3638,20.7725,-17.7493,-18.3264
14.000000,10,58.1529,180.0138,11.5234,-27.6485,-27.6778
14.000000,11,58.1529,179.8697,14.0297,-24.9980,-25.0574
14.000000,12,58.1529,179.7344,21.0348,-17.8577,-18.5726
14.000000,13,58.1529,179.6090,19.8062,-18.9608,-19.4024
14.000000,14,58.1529,179.4941,4.8774,-33.7748,-33.7784
14.000000,15,58.1529,180.1796,19.4535,-19.8841,-20.2786
14.000000,16,58.1529,179.9994,20.1876,-18.9699,-19.5212
14.000000,17,58.1529,179.8680,13.0773,-25.9487,-26.0098
14.000000,18,58.1529,179.7461,11.6013,-27.3028,-27.3342
14.000000,19,58.1529,179.6347,7.7511,-31.0416,-31.0723
14.000000,20,58.1529,180.3142,18.5882,-20.8839,-21.0550
14.000000,21,58.1529,180.1780,19.1326,-20.2034,-20.5834
14.000000,22,58.1529,180.0104,11.7628,-27.4057,-27.4298
14.000000,23,58.1529,179.8923,3.6355,-35.4148,-35.4189
14.000000,24,58.1529,179.7844,6.7761,-32.1663,-32.1840
15.000000,0,58.5158,179.7677,7.2548,-31.6709,-31.6898
15.000000,1,58.5158,179.6156,7.6861,-31.0876,-31.1131
15.000000,2,58.5158,179.4727,5.0046,-33.6260,-33.6305
15.000000,3,58.5158,179.3398,20.8642,-17.6336,-18.2261
15.000000,4,58.5158,179.2180,21.4342,-16.9418,-17.4769
15.000000,5,58.5158,179.8708,4.1578,-34.8710,-34.8767
15.000000,6,58.5158,179.7221,12.8903,-25.9899,-26.0243
15.000000,7,58.5158,179.5825,19.3928,-19.3477,-19.6750
15.000000,8,58.5158,179.4527,19.5632,-19.0476,-19.2652
15.000000,9,58.5158,179.3339,21.1341,-17.3579,-18.0800
15.000000,10,58.5158,179.9844,11.3566,-27.7858,-27.8087
15.000000,11,58.5158,179.8394,16.2779,-22.7195,-22.8010
15.000000,12,58.5158,179.7033,21.0576,-17.8037,-18.6854
15.000000,13,58.5158,179.5770,19.0996,-19.6354,-19.9643
15.000000,14,58.5158,179.4614,8.9094,-29.7100,-29.7177
15.000000,15,58.5158,180.1478,19.6289,-19.6769,-20.1253
15.000000,16,58.5158,179.9666,20.0097,-19.1150,-19.5161
15.000000,17,58.5158,179.8342,15.8830,-23.1093,-23.1975
15.000000,18,58.5158,179.7114,12.1606,-26.7089,-26.7468
15.000000,19,58.5158,179.5992,7.1842,-31.5731,-31.5929
15.000000,20,58.5158,180.2800,19.4855,-19.9526,-20.2323
15.000000,21,58.5158,180.1428,19.0918,-20.2091,-20.5994
15.000000,22,58.5158,179.9743,9.8068,-29.3256,-29.3391
15.000000,23,58.5158,179.8553,5.8810,-33.1323,-33.1403
15.000000,24,58.5158,179.7465,7.0164,-31.8882,-31.9082
16.000000,0,58.8757,179.7447,7.2429,-31.6598,-31.6798
16.000000,1,58.8757,179.5919,7.3287,-31.4212,-31.4390
16.000000,2,58.8757,179.4482,7.6513,-30.9549,-30.9620
16.000000,3,58.8757,179.3146,20.4672,-18.0054,-18.5866
16.000000,4,58.8757,179.1821,19.9730,-18.3671,-18.6446
16.000000,5,58.8757,179.8448,5.5507,-33.4522,-33.4612
16.000000,6,58.8757,179.6953,12.9274,-25.9260,-25.9640
16.000000,7,58.8757,179.5548,18.4725,-20.2404,-20.4528
16.000000,8,58.8757,179.4244,21.1387,-17.4437,-17.8677
16.000000,9,58.8757,179.3049,21.4153,-17.0476,-17.8203
16.000000,10,58.8757,179.9557,10.7684,-28.3454,-28.3614
16.000000,11,58.8757,179.8098,17.7268,-21.2410,-21.3895
16.000000,12,58.8757,179.6728,21.0283,-17.8025,-18.7743
16.000000,13,58.8757,179.5456,18.1666,-20.5370,-20.7394
16.000000,14,58.8757,179.4293,11.3639,-27.2234,-27.2437
16.000000,15,58.8757,180.1165,19.5994,-19.6751,-20.1495
16.000000,16,58.8757,179.9343,19.3633,-19.7291,-19.9845
16.000000,17,58.8757,179.8010,17.8226,-21.1365,-21.2973
16.000000,18,58.8757,179.6774,12.7472,-26.0882,-26.1268
16.000000,19,58.8757,179.5644,5.7865,-32.9359,-32.9462
16.000000,20,58.8757,180.2464,19.9374,-19.4670,-19.8756
16.000000,21,58.8757,180.1082,19.1319,-20.1344,-20.4954
16.000000,22,58.8757,179.9387,6.7929,-32.3038,-32.3102
16.000000,23,58.8757,179.8188,7.1375,-31.8394,-31.8555
16.000000,24,58.8757,179.7092,7.2007,-31.6665,-31.6854
17.000000,0,59.2324,179.7224,6.9891,-31.8913,-31.9112
17.000000,1,59.2324,179.5689,6.5620,-32.1649,-32.1763
17.000000,2,59.2324,179.4244,9.1954,-29.3870,-29.3974
17.000000,3,59.2324,179.2902,20.0954,-18.3528,-18.8536
17.000000,4,59.2324,179.1571,18.3309,-19.9842,-20.1870
17.000000,5,59.2324,179.8195,6.5433,-32.4342,-32.4480
17.000000,6,59.2324,179.6692,12.5351,-26.2922,-26.3309
17.000000,7,59.2324,179.5280,16.8396,-21.8464,-21.9679
17.000000,8,59.2324,179.3967,21.9381,-16.6167,-17.3231
17.000000,9,59.2324,179.2765,21.3543,-17.0803,-17.7946
17.000000,10,59.2324,179.9276,9.6561,-29.4295,-29.4400
17.000000,11,59.2324,179.7808,18.6075,-20.3313,-20.5812
17.000000,12,59.2324,179.6429,20.9842,-17.8168,-18.7853
17.000000,13,59.2324,179.5150,16.8065,-21.8665,-21.9735
17.000000,14,59.2324,179.3979,12.8443,-25.7116,-25.7521
17.000000,15,59.2324,180.0857,19.5801,-19.6637,-20.1296
17.000000,16,59.2324,179.9027,18.1661,-20.8946,-21.0433
17.000000,17,59.2324,179.7685,18.9723,-19.9542,-20.2140
17.000000,18,59.2324,179.6440,12.7382,-26.0639,-26.0980
17.000000,19,59.2324,179.5302,3.0384,-35.6498,-35.6558
17.000000,20,59.2324,180.2133,20.1897,-19.1816,-19.7141
17.000000,21,59.2324,180.0741,18.7957,-20.4365,-20.7390
17.000000,22,59.2324,179.9037,2.9721,-36.0896,-36.0926
17.000000,23,59.2324,179.7829,7.6282,-31.3127,-31.3395
17.000000,24,59.2324,179.6724,6.7296,-32.1008,-32.1157
18.000000,0,59.5855,179.7009,6.8814,-31.9775,-31.9962
18.000000,1,59.5855,179.5466,5.3233,-33.3814,-33.3887
18.000000,2,59.5855,179.4015,9.8560,-28.7036,-28.7170
18.000000,3,59.5855,179.2666,19.6732,-18.7514,-19.1272
18.000000,4,59.5855,179.1330,20.9526,-17.3384,-17.6491
18.000000,5,59.5855,179.7949,7.2701,-31.6829,-31.7019
18.000000,6,59.5855,179.6439,12.0011,-26.8008,-26.8369
18.000000,7,59.5855,179.5018,14.3081,-24.3518,-24.4268
18.000000,8,59.5855,179.3699,22.0953,-16.4326,-17.4182
18.000000,9,59.5855,179.2490,20.8208,-17.5862,-18.1484
18.000000,10,59.5855,179.9001,7.8031,-31.2550,-31.2628
18.000000,11,59.5855,179.7525,19.4320,-19.4785,-19.8427
18.000000,12,59.5855,179.6138,21.0425,-17.7293,-18.6002
18.000000,13,59.5855,179.4851,14.3670,-24.2761,-24.3611
18.000000,14,59.5855,179.3672,13.8437,-24.6815,-24.7446
18.000000,15,59.5855,180.0156,19.6830,-19.4907,-19.9163
18.000000,16,59.5855,179.8717,16.2331,-22.7966,-22.9063
18.000000,17,59.5855,179.7366,19.5227,-19.3719,-19.7315
18.000000,18,59.5855,179.6113,12.1010,-26.6683,-26.6944
18.000000,19,59.5855,179.4966,5.7458,-32.9088,-32.9161
18.000000,20,59.5855,180.1807,20.1828,-19.1560,-19.7871
18.000000,21,59.5855,180.0006,17.9883,-21.1704,-21.3997
18.000000,22,59.5855,179.8693,4.0752,-34.9521,-34.9541
18.000000,23,59.5855,179.7475,7.8237,-31.0819,-31.1184
18.000000,24,59.5855,179.6363,5.3723,-33.4220,-33.4316
19.000000,0,59.9347,179.6801,6.7156,-32.1226,-32.1390
19.000000,1,59.9347,179.5252,3.4762,-35.2071,-35.2136
19.000000,2,59.9347,179.3795,9.8638,-28.6737,-28.6894
19.000000,3,59.9347,179.2439,18.8194,-19.5826,-19.8253
19.000000,4,59.9347,179.1096,22.3809,-15.8867,-16.4872
19.000000,5,59.9347,179.7711,7.6831,-31.2460,-31.2700
19.000000,6,59.9347,179.6192,11.4538,-27.3235,-27.3541
19.000000,7,59.9347,179.4765,15.1354,-23.4991,-23.5690
19.000000,8,59.9347,179.3438,22.0730,-16.4288,-17.6165
19.000000,9,59.9347,179.2222,20.1077,-18.2726,-18.6331
19.000000,10,59.9347,179.8733,6.2224,-32.8090,-32.8180
19.000000,11,59.9347,179.7249,20.0747,-18.8082,-19.2810
19.000000,12,59.9347,179.5854,21.0540,-17.6894,-18.3883
19.000000,13,59.9347,179.4558,17.0100,-21.6039,-21.7351
19.000000,14,59.9347,179.3372,14.6583,-23.8370,-23.9176
19.000000,15,59.9347,179.9862,19.4775,-19.6667,-20.0224
19.000000,16,59.9347,179.8413,17.7870,-21.2123,-21.3426
19.000000,17,59.9347,179.7053,19.5501,-19.3132,-19.7494
19.000000,18,59.9347,179.5792,10.7404,-27.9968,-28.0136
19.000000,19,59.9347,179.4637,7.5515,-31.0703,-31.0860
19.000000,20,59.9347,180.1487,20.1778,-19.1290,-19.8147
19.000000,21,59.9347,179.9677,16.7953,-22.3305,-22.4817
19.000000,22,59.9347,179.8354,6.3659,-32.6276,-32.6311
19.000000,23,59.9347,179.7128,7.8377,-31.0332,-31.0756
19.000000,24,59.9347,179.6007,3.4782,-35.2805,-35.2854
20.000000,0,60.2795,179.6602,6.5714,-32.2468,-32.2605
20.000000,1,60.2795,179.5046,5.4435,-33.2191,-33.2270
20.000000,2,60.2795,179.3582,9.3199,-29.1963,-29.2133
20.000000,3,60.2795,179.2221,17.2724,-21.1077,-21.2415
20.000000,4,60.2795,179.0872,22.9771,-15.2682,-16.2242
20.000000,5,60.2795,179.7480,7.8247,-31.0813,-31.1095
20.000000,6,60.2795,179.5954,11.1438,-27.6096,-27.6324
20.000000,7,60.2795,179.4519,16.8718,-21.7381,-21.8515
20.000000,8,60.2795,179.3185,22.0973,-16.3792,-17.6492
20.000000,9,60.2795,179.1863,18.9107,-19.4336,-19.6287
20.000000,10,60.2795,179.8473,8.9781,-30.0272,-30.0408
20.000000,11,60.2795,179.6979,20.4458,-18.4102,-18.9692
20.000000,12,60.2795,179.5577,20.7998,-17.9159,-18.4067
20.000000,13,60.2795,179.4274,19.1353,-19.4501,-19.7080
20.000000,14,60.2795,179.3080,15.3585,-23.1076,-23.1936
20.000000,15,60.2795,179.9573,18.8606,-20.2547,-20.5272
20.000000,16,60.2795,179.8116,19.3345,-19.6351,-19.8593
20.000000,17,60.2795,179.6747,19.6804,-19.1524,-19.6187
20.000000,18,60.2795,179.5477,8.3850,-30.3208,-30.3295
20.000000,19,60.2795,179.4315,8.3502,-30.2393,-30.2682
20.000000,20,60.2795,180.1173,20.1433,-19.1321,-19.8204
20.000000,21,60.2795,179.9353,15.2620,-23.8314,-23.9171
20.000000,22,60.2795,179.8022,7.5011,-31.4591,-31.4656
20.000000,23,60.2795,179.6787,7.8397,-30.9970,-31.0392
20.000000,24,60.2795,179.5657,0.5903,-38.1335,-38.1359
21.000000,0,60.6197,179.6410,6.1745,-32.6246,-32.6354
21.000000,1,60.6197,179.4848,6.8933,-31.7495,-31.7620
21.000000,2,60.6197,179.3378,8.2596,-30.2362,-30.2534
21.000000,3,60.6197,179.1911,14.8164,-23.5327,-23.6009
21.000000,4,60.6197,179.0657,23.2145,-15.0092,-16.2638
21.000000,5,60.6197,179.7256,7.7250,-31.1587,-31.1895
21.000000,6,60.6197,179.5723,10.4328,-28.2975,-28.3127
21.000000,7,60.6197,179.4281,17.9933,-20.5928,-20.7899
21.000000,8,60.6197,179.2940,22.1076,-16.3444,-17.5657
21.000000,9,60.6197,179.1612,16.7850,-21.5342,-21.6915
21.000000,10,60.6197,179.8219,11.1249,-27.8550,-27.8799
21.000000,11,60.6197,179.6718,20.3902,-18.4396,-19.0520
21.000000,12,60.6197,179.5307,20.0249,-18.6638,-18.9627
21.000000,13,60.6197,179.3996,20.5094,-18.0482,-18.4845
21.000000,14,60.6197,179.2796,15.3649,-23.0727,-23.1514
21.000000,15,60.6197,179.9291,18.0379,-21.0493,-21.2384
21.000000,16,60.6197,179.7825,20.2663,-18.6742,-19.0492
21.000000,17,60.6197,179.6448,19.7309,-19.0719,-19.5177
21.000000,18,60.6197,179.5170,4.5500,-34.1250,-34.1297
21.000000,19,60.6197,179.4000,8.8407,-29.7174,-29.7593
21.000000,20,60.6197,180.0865,20.2163,-19.0282,-19.6655
21.000000,21,60.6197,179.9036,13.3376,-25.7240,-25.7684
21.000000,22,60.6197,179.7695,7.8498,-31.0777,-31.0875
21.000000,23,60.6197,179.6452,7.8343,-30.9689,-31.0048
21.000000,24,60.6197,179.5314,2.0053,-36.6841,-36.6869
22.000000,0,60.9547,179.6226,5.5209,-33.2597,-33.2679
22.000000,1,60.9547,179.4658,7.8645,-30.7593,-30.7792
22.000000,2,60.9547,179.3182,6.6713,-31.8050,-31.8216
22.000000,3,60.9547,179.1709,11.8436,-26.4854,-26.5327
22.000000,4,60.9547,179.0450,23.3525,-14.8506,-16.2692
22.000000,5,60.9547,179.7040,7.8316,-31.0305,-31.0620
22.000000,6,60.9547,179.5500,9.2588,-29.4492,-29.4583
22.000000,7,60.9547,179.4051,18.9658,-19.5973,-19.8941
22.000000,8,60.9547,179.2704,22.0722,-16.3563,-17.4109
22.000000,9,60.9547,179.1369,19.6641,-18.6308,-18.8862
22.000000,10,60.9547,179.7972,13.2542,-25.7010,-25.7434
22.000000,11,60.9547,179.6463,20.4367,-18.3677,-18.9869
22.000000,12,60.9547,179.5045,18.6324,-20.0301,-20.2048
22.000000,13,60.9547,179.3727,21.2197,-17.3110,-17.9337
22.000000,14,60.9547,179.2520,14.6225,-23.7875,-23.8478
22.000000,15,60.9547,179.9016,17.0543,-22.0053,-22.1289
22.000000,16,60.9547,179.7541,20.7454,-18.1668,-18.7167
22.000000,17,60.9547,179.6156,19.5360,-19.2376,-19.6190
22.000000,18,60.9547,179.4870,5.7158,-32.9292,-32.9332
22.000000,19,60.9547,179.3692,8.7813,-29.7460,-29.7962
22.000000,20,60.9547,180.0563,20.0357,-19.1787,-19.7229
22.000000,21,60.9547,179.8725,10.7038,-28.3267,-28.3587
22.000000,22,60.9547,179.7375,7.6042,-31.2914,-31.3036
22.000000,23,60.9547,179.6123,7.5515,-31.2188,-31.2444
22.000000,24,60.9547,179.4978,5.0278,-33.6280,-33.6341
23.000000,0,61.2843,179.6051,4.5910,-34.1721,-34.1780
23.000000,1,61.2843,179.4477,8.4680,-30.1378,-30.1667
23.000000,2,61.2843,179.2995,6.5494,-31.9082,-31.9225
23.000000,3,61.2843,179.1517,13.5422,-24.7675,-24.8212
23.000000,4,61.2843,179.0253,23.2311,-14.9522,-16.3782
23.000000,5,61.2843,179.6831,7.7253,-31.1158,-31.1464
23.000000,6,61.2843,179.5284,7.4839,-31.2026,-31.2078
23.000000,7,61.2843,179.3829,19.8912,-18.6498,-19.0388
23.000000,8,61.2843,179.2476,21.8860,-16.5196,-17.3264
23.000000,9,61.2843,179.1135,21.4644,-16.8071,-17.3282
23.000000,10,61.2843,179.7732,14.7892,-24.1421,-24.2089
23.000000,11,61.2843,179.6216,20.4229,-18.3567,-18.9381
23.000000,12,61.2843,179.4790,17.4640,-21.1730,-21.3222
23.000000,13,61.2843,179.3465,21.3676,-17.1369,-17.9108
23.000000,14,61.2843,179.2251,12.9110,-25.4722,-25.5105
23.000000,15,61.2843,179.8747,15.7118,-23.3209,-23.4152
23.000000,16,61.2843,179.7264,21.0139,-17.8705,-18.5829
23.000000,17,61.2843,179.5870,18.8387,-19.9064,-20.1969
23.000000,18,61.2843,179.4576,9.0047,-29.6109,-29.6188
23.000000,19,61.2843,179.3392,8.8435,-29.6537,-29.7041
23.000000,20,61.2843,179.9867,19.7191,-19.4257,-19.8527
23.000000,21,61.2843,179.8420,12.6469,-26.3532,-26.3906
23.000000,22,61.2843,179.7061,7.3569,-31.5073,-31.5204
23.000000,23,61.2843,179.5801,6.8161,-31.9220,-31.9368
23.000000,24,61.2843,179.4648,6.6823,-31.9406,-31.9521
24.000000,0,61.6080,179.5884,3.3427,-35.4037,-35.4079
24.000000,1,61.6080,179.4304,8.7701,-29.8183,-29.8569
24.000000,2,61.6080,179.2817,6.5030,-31.9367,-31.9483
24.000000,3,61.6080,179.1334,15.1494,-23.1420,-23.2239
24.000000,4,61.6080,179.0065,23.0325,-15.1320,-16.4145
24.000000,5,61.6080,179.6631,7.8225,-30.9986,-31.0265
24.000000,6,61.6080,179.5077,4.7977,-33.8681,-33.8723
24.000000,7,61.6080,179.3615,20.3049,-18.2147,-18.6767
24.000000,8,61.6080,179.2256,21.2735,-17.1102,-17.6481
24.000000,9,61.6080,179.0910,22.6391,-15.6099,-16.4904
24.000000,10,61.6080,179.7500,15.8932,-23.0149,-23.1120
24.000000,11,61.6080,179.5976,20.3660,-18.3896,-18.8945
24.000000,12,61.6080,179.4543,19.6126,-18.9997,-19.2110
24.000000,13,61.6080,179.3211,21.5242,-16.9550,-17.8041
24.000000,14,61.6080,179.1891,10.2711,-28.0760,-28.0993
24.000000,15,61.6080,179.8485,16.8249,-22.1817,-22.2823
24.000000,16,61.6080,179.6994,21.0627,-17.7947,-18.6294
24.000000,17,61.6080,179.5592,17.6028,-21.1144,-21.3080
24.000000,18,61.6080,179.4291,10.9866,-27.6005,-27.6171
24.000000,19,61.6080,179.3099,8.8725,-29.5954,-29.6378
24.000000,20,61.6080,179.9578,19.0123,-20.1036,-20.4031
24.000000,21,61.6080,179.8122,14.6131,-24.3571,-24.4153
24.000000,22,61.6080,179.6754,6.9133,-31.9201,-31.9327
24.000000,23,61.6080,179.5486,5.3227,-33.3839,-33.3916
24.000000,24,61.6080,179.4325,7.4100,-31.1805,-31.1979
25.000000,0,61.9253,179.5725,1.7776,-36.9529,-36.9561
25.000000,1,61.9253,179.4140,8.8139,-29.7581,-29.8058
25.000000,2,61.9253,179.2648,6.1105,-32.3124,-32.3212
25.000000,3,61.9253,179.1160,16.5964,-21.6776,-21.7908
25.000000,4,61.9253,178.9886,22.8629,-15.2837,-16.3079
25.000000,5,61.9253,179.6438,7.7207,-31.0812,-31.1053
25.000000,6,61.9253,179.4878,4.3716,-34.2742,-34.2791
25.000000,7,61.9253,179.3410,20.2835,-18.2155,-18.7210
25.000000,8,61.9253,179.1945,20.2707,-18.0819,-18.3963
25.000000,9,61.9253,179.0693,23.2376,-14.9898,-16.2294
25.000000,10,61.9253,179.7276,16.6534,-22.2322,-22.3638
25.000000,11,61.9253,179.5744,19.9212,-18.8112,-19.2174
25.000000,12,61.9253,179.4304,20.9658,-17.6226,-17.9972
25.000000,13,61.9253,179.2965,21.6073,-16.8472,-17.6823
25.000000,14,61.9253,179.1639,10.4617,-27.8602,-27.8857
25.000000,15,61.9253,179.8230,18.4846,-20.4965,-20.6504
25.000000,16,61.9253,179.6731,21.0429,-17.7882,-18.6850
25.000000,17,61.9253,179.5321,16.1296,-22.5606,-22.6715
25.000000,18,61.9253,179.4012,12.1545,-26.4048,-26.4329
25.000000,19,61.9253,179.2814,8.3496,-30.0898,-30.1195
25.000000,20,61.9253,179.9295,18.1238,-20.9638,-21.1499
25.000000,21,61.9253,179.7830,15.7363,-23.2047,-23.2900
25.000000,22,61.9253,179.6454,6.0493,-32.7541,-32.7652
25.000000,23,61.9253,179.5177,4.7401,-33.9356,-33.9423
25.000000,24,61.9253,179.4009,7.5398,-31.0191,-31.0405
26.000000,0,62.2358,179.5574,0.3290,-38.3864,-38.3893
26.000000,1,62.2358,179.3984,8.8403,-29.7162,-29.7714
26.000000,2,62.2358,179.2488,5.3576,-33.0492,-33.0557
26.000000,3,62.2358,179.0995,17.3125,-20.9449,-21.0828
26.000000,4,62.2358,178.9716,22.1067,-16.0230,-16.7474
26.000000,5,62.2358,179.6254,7.4328,-31.3506,-31.3705
26.000000,6,62.2358,179.4687,7.5677,-31.0591,-31.0658
26.000000,7,62.2358,179.3214,20.1213,-18.3581,-18.8697
26.000000,8,62.2358,179.1743,18.6243,-19.7080,-19.9039
26.000000,9,62.2358,179.0486,23.3800,-14.8266,-16.3439
26.000000,10,62.2358,179.7059,17.1188,-21.7451,-21.9129
26.000000,11,62.2358,179.5520,19.1532,-19.5569,-19.8573
26.000000,12,62.2358,179.4073,21.7555,-16.8098,-17.4106
26.000000,13,62.2358,179.2728,21.5199,-16.9109,-17.6481
26.000000,14,62.2358,179.1395,14.4689,-23.8287,-23.8822
26.000000,15,62.2358,179.7983,19.6352,-19.3211,-19.5767
26.000000,16,62.2358,179.6475,21.0100,-17.7955,-18.6867
26.000000,17,62.2358,179.5058,14.1944,-24.4694,-24.5328
26.000000,18,62.2358,179.3742,12.7031,-25.8291,-25.8685
26.000000,19,62.2358,179.2536,7.2980,-31.1137,-31.1303
26.000000,20,62.2358,179.9019,16.7543,-22.3056,-22.4123
26.000000,21,62.2358,179.7545,16.2572,-22.6553,-22.7641
26.000000,22,62.2358,179.6161,5.0347,-33.7394,-33.7482
26.000000,23,62.2358,179.4876,7.0563,-31.5893,-31.6013
26.000000,24,62.2358,179.3700,7.6170,-30.9110,-30.9328
27.000000,0,62.5391,179.5432,0.6773,-38.0240,-38.0269
27.000000,1,62.5391,179.3838,8.8627,-29.6791,-29.7397
27.000000,2,62.5391,179.2336,4.2036,-34.1881,-34.1927
27.000000,3,62.5391,179.0839,17.4470,-20.7949,-20.9442
27.000000,4,62.5391,178.9557,20.7279,-17.3858,-17.8350
27.000000,5,62.5391,179.6077,6.9660,-31.7997,-31.8153
27.000000,6,62.5391,179.4505,9.7008,-28.9077,-28.9187
27.000000,7,62.5391,179.3026,19.9170,-18.5436,-19.0258
27.000000,8,62.5391,179.1549,18.8526,-19.4603,-19.6496
27.000000,9,62.5391,179.0287,23.3917,-14.7950,-16.4526
27.000000,10,62.5391,179.6849,17.3156,-21.5274,-21.7303
27.000000,11,62.5391,179.5304,18.2395,-20.4489,-20.6530
27.000000,12,62.5391,179.3850,22.0933,-16.4497,-17.2926
27.000000,13,62.5391,179.2499,20.9400,-17.4679,-18.0500
27.000000,14,62.5391,179.1160,16.9793,-21.2947,-21.4131
27.000000,15,62.5391,179.7742,20.3940,-18.5382,-18.9312
27.000000,16,62.5391,179.6227,21.0696,-17.7111,-18.5301
27.000000,17,62.5391,179.4802,13.2304,-25.4079,-25.4655
27.000000,18,62.5391,179.3479,12.8931,-25.6128,-25.6601
27.000000,19,62.5391,179.2266,5.1797,-33.2050,-33.2132
27.000000,20,62.5391,179.8749,14.7831,-24.2498,-24.3202
27.000000,21,62.5391,179.7266,16.2867,-22.5980,-22.7198
27.000000,22,62.5391,179.5874,4.6930,-34.0524,-34.0583
27.000000,23,62.5391,179.4581,8.3394,-30.2768,-30.3007
27.000000,24,62.5391,179.3398,7.6072,-30.8906,-30.9089
28.000000,0,62.8347,179.5299,2.1541,-36.5339,-36.5374
28.000000,1,62.8347,179.3700,8.8288,-29.6992,-29.7629
28.000000,2,62.8347,179.2194,2.7112,-35.6663,-35.6698
28.000000,3,62.8347,179.0693,17.1078,-21.1195,-21.2659
28.000000,4,62.8347,178.9407,19.0298,-19.0689,-19.3154
28.000000,5,62.8347,179.5909,6.3225,-32.4264,-32.4381
28.000000,6,62.8347,179.4331,11.1734,-27.4178,-27.4350
28.000000,7,62.8347,179.2846,19.9097,-18.5330,-18.9545
28.000000,8,62.8347,179.1365,20.5379,-17.7566,-18.0455
28.000000,9,62.8347,179.0098,23.3707,-14.7972,-16.4385
28.000000,10,62.8347,179.6648,17.6529,-21.1699,-21.4010
28.000000,11,62.8347,179.5096,17.3212,-21.3464,-21.4807
28.000000,12,62.8347,179.3636,22.0331,-16.4885,-17.5479
28.000000,13,62.8347,179.2278,20.2030,-18.1828,-18.5839
28.000000,14,62.8347,179.0933,18.6005,-19.6508,-19.8658
28.000000,15,62.8347,179.7509,20.8258,-18.0832,-18.6309
28.000000,16,62.8347,179.5986,20.8920,-17.8647,-18.5621
28.000000,17,62.8347,179.4554,15.4794,-23.1341,-23.2207
28.000000,18,62.8347,179.3224,12.9894,-25.4911,-25.5402
28.000000,19,62.8347,179.1905,3.8479,-34.5006,-34.5069
28.000000,20,62.8347,179.8486,14.7890,-24.2177,-24.2854
28.000000,21,62.8347,179.6995,15.8733,-22.9842,-23.1058
28.000000,22,62.8347,179.5595,3.5004,-35.2171,-35.2205
28.000000,23,62.8347,179.4294,8.8590,-29.7284,-29.7679
28.000000,24,62.8347,179.3104,6.8128,-31.6557,-31.6684
29.000000,0,63.1221,179.5174,3.4444,-35.2310,-35.2357
29.000000,1,63.1221,179.3571,8.8816,-29.6335,-29.6980
29.000000,2,63.1221,179.1961,1.2821,-37.0721,-37.0752
29.000000,3,63.1221,179.0556,16.3520,-21.8617,-21.9935
29.000000,4,63.1221,178.9266,16.8490,-21.2356,-21.3792
29.000000,5,63.1221,179.5749,5.5000,-33.2329,-33.2412
29.000000,6,63.1221,179.4166,12.2058,-26.3689,-26.3939
29.000000,7,63.1221,179.2676,19.5935,-18.8321,-19.1787
29.000000,8,63.1221,179.1190,21.5404,-16.7366,-17.2146
29.000000,9,63.1221,178.9918,23.3962,-14.7536,-16.2296
29.000000,10,63.1221,179.6454,17.8587,-20.9448,-21.1968
29.000000,11,63.1221,179.4896,15.9551,-22.6925,-22.8008
29.000000,12,63.1221,179.3429,22.1135,-16.3875,-17.5997
29.000000,13,63.1221,179.1966,19.1808,-19.1738,-19.4181
29.000000,14,63.1221,179.0716,19.5712,-18.6584,-18.9860
29.000000,15,63.1221,179.7283,21.0091,-17.8773,-18.5770
29.000000,16,63.1221,179.5753,20.5655,-18.1679,-18.7125
29.000000,17,63.1221,179.4314,17.1496,-21.4398,-21.5886
29.000000,18,63.1221,179.2977,13.1114,-25.3443,-25.3885
29.000000,19,63.1221,179.1652,6.2489,-32.0743,-32.0843
29.000000,20,63.1221,179.8230,15.9487,-23.0323,-23.1253
29.000000,21,63.1221,179.6731,15.3818,-23.4493,-23.5571
29.000000,22,63.1221,179.5323,1.0852,-37.6051,-37.6071
29.000000,23,63.1221,179.4015,8.8272,-29.7323,-29.7864
29.000000,24,63.1221,179.2817,5.0599,-33.3799,-33.3870
30.000000,0,63.4008,179.5058,4.4455,-34.2183,-34.2247
30.000000,1,63.4008,179.3451,8.7931,-29.7101,-29.7736
30.000000,2,63.4008,179.1838,1.9396,-36.4022,-36.4059
30.000000,3,63.4008,179.0429,15.6672,-22.5337,-22.6415
30.000000,4,63.4008,178.9136,16.0686,-22.0030,-22.1232
30.000000,5,63.4008,179.5597,4.4920,-34.2258,-34.2315
30.000000,6,63.4008,179.4010,12.9172,-25.6418,-25.6757
30.000000,7,63.4008,179.2515,18.9559,-19.4536,-19.7219
30.000000,8,63.4008,179.1024,22.1314,-16.1290,-16.8324
30.000000,9,63.4008,178.9747,23.3344,-14.7984,-15.9967
30.000000,10,63.4008,179.6268,18.2974,-20.4875,-20.7484
30.000000,11,63.4008,179.4704,16.9879,-21.6405,-21.7583
30.000000,12,63.4008,179.3232,22.0815,-16.3997,-17.6912
30.000000,13,63.4008,179.1762,17.6943,-20.6400,-20.7988
30.000000,14,63.4008,179.0507,19.9954,-18.2133,-18.6474
30.000000,15,63.4008,179.7065,21.0485,-17.8161,-18.6462
30.000000,16,63.4008,179.5528,19.9163,-18.7946,-19.1822
30.000000,17,63.4008,179.4082,18.4818,-20.0845,-20.3105
30.000000,18,63.4008,179.2738,12.8128,-25.6191,-25.6539
30.000000,19,63.4008,179.1407,7.9760,-30.3227,-30.3413
30.000000,20,63.4008,179.7981,16.8831,-22.0731,-22.2084
30.000000,21,63.4008,179.6475,14.6428,-24.1627,-24.2484
30.000000,22,63.4008,179.5058,-1.1319,-39.7958,-39.7977
30.000000,23,63.4008,179.3743,8.7769,-29.7554,-29.8185
30.000000,24,63.4008,179.2539,2.2095,-36.2024,-36.2062
31.000000,0,63.6704,179.4951,5.2665,-33.3866,-33.3951
31.000000,1,63.6704,179.3341,8.8675,-29.6246,-29.6855
31.000000,2,63.6704,179.1724,4.0493,-34.2811,-34.2861
31.000000,3,63.6704,179.0311,14.8750,-23.3142,-23.3957
31.000000,4,63.6704,178.9015,17.3226,-20.7369,-20.8802
31.000000,5,63.6704,179.5454,3.2866,-35.4169,-35.4206
31.000000,6,63.6704,179.3862,13.3805,-25.1637,-25.2069
31.000000,7,63.6704,179.2362,17.9866,-20.4076,-20.6038
31.000000,8,63.6704,179.0867,22.5935,-15.6512,-16.5653
31.000000,9,63.6704,178.9587,23.0881,-15.0286,-15.8960
31.000000,10,63.6704,179.6091,18.5108,-20.2564,-20.5171
31.000000,11,63.6704,179.4520,18.4539,-20.1562,-20.3278
31.000000,12,63.6704,179.3043,22.0709,-16.3914,-17.6833
31.000000,13,63.6704,179.1568,18.0663,-20.2485,-20.4081
31.000000,14,63.6704,179.0307,20.3671,-17.8217,-18.3277
31.000000,15,63.6704,179.6855,21.0442,-17.7993,-18.7237
31.000000,16,63.6704,179.5310,19.0388,-19.6503,-19.9006
31.000000,17,63.6704,179.3858,19.2787,-19.2652,-19.5682
31.000000,18,63.6704,179.2508,12.0043,-26.4045,-26.4283
31.000000,19,63.6704,179.1170,9.2351,-29.0400,-29.0682
31.000000,20,63.6704,179.7740,17.5734,-21.3586,-21.5374
31.000000,21,63.6704,179.6225,13.9768,-24.8037,-24.8636
31.000000,22,63.6704,179.4802,2.6157,-36.0225,-36.0255
31.000000,23,63.6704,179.3479,8.8260,-29.6800,-29.7439
31.000000,24,63.6704,179.2268,2.1704,-36.2144,-36.2183
32.000000,0,63.9304,179.4853,6.0823,-32.5610,-32.5718
32.000000,1,63.9304,179.3239,8.8730,-29.6090,-29.6663
32.000000,2,63.9304,179.1619,5.6113,-32.7087,-32.7163
32.000000,3,63.9304,179.0204,14.1589,-24.0195,-24.0764
32.000000,4,63.9304,178.8905,18.4675,-19.5810,-19.7666
32.000000,5,63.9304,179.5320,1.8665,-36.8236,-36.8261
32.000000,6,63.9304,179.3723,13.6448,-24.8855,-24.9381
32.000000,7,63.9304,179.2219,16.7026,-21.6774,-21.8143
32.000000,8,63.9304,179.0719,23.0012,-15.2288,-16.3062
32.000000,9,63.9304,178.9435,22.4014,-15.7001,-16.2639
32.000000,10,63.9304,179.5922,18.5104,-20.2398,-20.4916
32.000000,11,63.9304,179.4346,19.4969,-19.0957,-19.3635
32.000000,12,63.9304,179.2862,22.1131,-16.3312,-17.5501
32.000000,13,63.9304,179.1382,20.0158,-18.2805,-18.5327
32.000000,14,63.9304,179.0117,20.6107,-17.5590,-18.0875
32.000000,15,63.9304,179.6652,21.0351,-17.7882,-18.7627
32.000000,16,63.9304,179.5101,17.8128,-20.8554,-21.0100
32.000000,17,63.9304,179.3642,19.6578,-18.8645,-19.2296
32.000000,18,63.9304,179.2286,10.5968,-27.7898,-27.8036
32.000000,19,63.9304,179.0943,9.7798,-28.4725,-28.5083
32.000000,20,63.9304,179.7506,18.0760,-20.8326,-21.0426
32.000000,21,63.9304,179.5983,12.8677,-25.8887,-25.9258
32.000000,22,63.9304,179.4552,5.3811,-33.2322,-33.2385
32.000000,23,63.9304,179.3223,8.8523,-29.6281,-29.6847
32.000000,24,63.9304,179.1905,5.3520,-32.9965,-33.0047
33.000000,0,64.1803,179.4763,6.7231,-31.9113,-31.9248
33.000000,1,64.1803,179.3147,8.7934,-29.6793,-29.7326
33.000000,2,64.1803,179.1524,6.7894,-31.5210,-31.5325
33.000000,3,64.1803,179.0106,13.1363,-25.0323,-25.0701
33.000000,4,64.1803,178.8804,19.2156,-18.8229,-19.0432
33.000000,5,64.1803,179.5194,0.2066,-38.4708,-38.4727
33.000000,6,64.1803,179.3593,13.7457,-24.7717,-24.8334
33.000000,7,64.1803,179.1985,15.4996,-22.8570,-22.9495
33.000000,8,64.1803,179.0582,23.0617,-15.1545,-16.3397
33.000000,9,64.1803,178.9294,21.2487,-16.8387,-17.1983
33.000000,10,64.1803,179.5761,18.3002,-20.4339,-20.6695
33.000000,11,64.1803,179.4179,20.3204,-18.2556,-18.6493
33.000000,12,64.1803,179.2691,22.0351,-16.3920,-17.4809
33.000000,13,64.1803,179.1206,21.3104,-16.9682,-17.4044
33.000000,14,64.1803,178.9936,20.8289,-17.3227,-17.8174
33.000000,15,64.1803,179.6457,21.0379,-17.7659,-18.7434
33.000000,16,64.1803,179.4900,16.0916,-22.5565,-22.6694
33.000000,17,64.1803,179.3435,19.6823,-18.8192,-19.2220
33.000000,18,64.1803,179.1973,8.3692,-29.9861,-29.9940
33.000000,19,64.1803,179.0724,9.6296,-28.6009,-28.6399
33.000000,20,64.1803,179.7279,18.1906,-20.6953,-20.9184
33.000000,21,64.1803,179.5749,11.2892,-27.4438,-27.4637
33.000000,22,64.1803,179.4311,7.0978,-31.4914,-31.5033
33.000000,23,64.1803,179.2975,8.8393,-29.6163,-29.6597
33.000000,24,64.1803,179.1651,7.5092,-30.8139,-30.8307
34.000000,0,64.4195,179.4683,7.2279,-31.3984,-31.4148
34.000000,1,64.4195,179.3064,8.8501,-29.6143,-29.6632
34.000000,2,64.4195,179.1438,7.6826,-30.6192,-30.6354
34.000000,3,64.4195,179.0018,11.8289,-26.3309,-26.3555
34.000000,4,64.4195,178.8714,19.3856,-18.6439,-18.8793
34.000000,5,64.4195,179.5077,-1.7278,-40.3936,-40.3952
34.000000,6,64.4195,179.3472,14.1203,-24.3850,-24.4540
34.000000,7,64.4195,179.1860,14.1787,-24.1654,-24.2315
34.000000,8,64.4195,179.0453,22.9192,-15.2842,-16.5157
34.000000,9,64.4195,178.9162,19.5535,-18.5208,-18.8196
34.000000,10,64.4195,179.5608,17.8762,-20.8426,-21.0567
34.000000,11,64.4195,179.4022,20.9994,-17.5608,-18.0955
34.000000,12,64.4195,179.2528,22.1095,-16.3014,-17.2168
34.000000,13,64.4195,179.1039,22.1358,-16.1261,-16.8024
34.000000,14,64.4195,178.9764,20.6294,-17.5050,-17.9236
34.000000,15,64.4195,179.6271,21.0645,-17.7207,-18.6562
34.000000,16,64.4195,179.4707,16.8933,-21.7355,-21.8460
34.000000,17,64.4195,179.3236,19.4468,-19.0348,-19.4463
34.000000,18,64.4195,179.1768,4.8588,-33.4761,-33.4840
34.000000,19,64.4195,179.0514,9.5427,-28.6667,-28.7032
34.000000,20,64.4195,179.7060,17.9627,-20.9013,-21.1176
34.000000,21,64.4195,179.5523,9.1763,-29.5340,-29.5431
34.000000,22,64.4195,179.4078,8.0982,-30.4677,-30.4868
34.000000,23,64.4195,179.2735,8.4937,-29.9379,-29.9663
34.000000,24,64.4195,179.1404,8.9343,-29.3642,-29.3920
35.000000,0,64.6476,179.4611,7.6245,-30.9947,-31.0139
35.000000,1,64.6476,179.2990,8.8752,-29.5818,-29.6264
35.000000,2,64.6476,179.1362,8.3576,-29.9367,-29.9582
35.000000,3,64.6476,178.9940,10.2485,-27.9035,-27.9199
35.000000,4,64.6476,178.8634,19.0997,-18.9218,-19.1490
35.000000,5,64.6476,179.4969,-1.5940,-40.2489,-40.2503
35.000000,6,64.6476,179.3360,14.3723,-24.1218,-24.1975
35.000000,7,64.6476,179.1745,12.9250,-25.4076,-25.4638
35.000000,8,64.6476,179.0335,22.8935,-15.2980,-16.5132
35.000000,9,64.6476,178.9040,21.1399,-16.9222,-17.2533
35.000000,10,64.6476,179.5464,17.6368,-21.0677,-21.2546
35.000000,11,64.6476,179.3873,21.4860,-17.0594,-17.7381
35.000000,12,64.6476,179.2375,21.9679,-16.4276,-17.1547
35.000000,13,64.6476,179.0881,22.6876,-15.5585,-16.4892
35.000000,14,64.6476,178.9602,20.0075,-18.1107,-18.4305
35.000000,15,64.6476,179.6092,21.0175,-17.7498,-18.6060
35.000000,16,64.6476,179.4523,18.2268,-20.3836,-20.5331
35.000000,17,64.6476,179.3046,19.3288,-19.1339,-19.5225
35.000000,18,64.6476,179.1572,8.3118,-30.0035,-30.0152
35.000000,19,64.6476,179.0313,9.4913,-28.6980,-28.7276
35.000000,20,64.6476,179.6848,17.4152,-21.4276,-21.6201
35.000000,21,64.6476,179.5304,6.4015,-32.2870,-32.2905
35.000000,22,64.6476,179.3853,8.5278,-30.0155,-30.0423
35.000000,23,64.6476,179.2503,7.5196,-30.8888,-30.9048
35.000000,24,64.6476,179.1167,9.6324,-28.6423,-28.6811
36.000000,0,64.8642,179.4549,7.9330,-30.6799,-30.7022
36.000000,1,64.8642,179.2926,8.8494,-29.6012,-29.6420
36.000000,2,64.8642,179.1296,8.8624,-29.4253,-29.4523
36.000000,3,64.8642,178.9872,8.3982,-29.7470,-29.7590
36.000000,4,64.8642,178.8564,18.4255,-19.5889,-19.7889
36.000000,5,64.8642,179.4870,-1.2235,-39.8685,-39.8700
36.000000,6,64.8642,179.3258,14.8155,-23.6683,-23.7490
36.000000,7,64.8642,179.1639,12.9023,-25.4197,-25.4770
36.000000,8,64.8642,179.0226,22.7901,-15.3905,-16.5427
36.000000,9,64.8642,178.8929,22.3058,-15.7451,-16.2184
36.000000,10,64.8642,179.5329,17.3798,-21.3111,-21.4703
36.000000,11,64.8642,179.3733,21.8613,-16.6700,-17.4843
36.000000,12,64.8642,179.2230,21.5974,-16.7836,-17.3306
36.000000,13,64.8642,179.0732,23.0809,-15.1504,-16.3149
36.000000,14,64.8642,178.9449,18.9207,-19.1823,-19.4091
36.000000,15,64.8642,179.5922,21.0073,-17.7429,-18.4903
36.000000,16,64.8642,179.4347,19.0975,-19.4952,-19.7167
36.000000,17,64.8642,179.2864,19.0410,-19.4035,-19.7470
36.000000,18,64.8642,179.1386,11.3451,-26.9515,-26.9735
36.000000,19,64.8642,179.0121,8.8806,-29.2896,-29.3110
36.000000,20,64.8642,179.6644,16.5554,-22.2671,-22.4247
36.000000,21,64.8642,179.5094,2.7100,-35.9575,-35.9591
36.000000,22,64.8642,179.3636,8.6601,-29.8615,-29.8950
36.000000,23,64.8642,179.2280,5.7839,-32.6022,-32.6120
36.000000,24,64.8642,179.0938,9.7176,-28.5342,-28.5811
37.000000,0,65.0687,179.4496,8.1678,-30.4398,-30.4650
37.000000,1,65.0687,179.2871,8.7881,-29.6570,-29.6946
37.000000,2,65.0687,179.1239,9.2338,-29.0482,-29.0807
37.000000,3,65.0687,178.9814,6.2711,-31.8683,-31.8782
37.000000,4,65.0687,178.8505,17.3987,-20.6098,-20.7717
37.000000,5,65.0687,179.4779,0.1326,-38.5034,-38.5050
37.000000,6,65.0687,179.3164,15.2159,-23.2585,-23.3437
37.000000,7,65.0687,179.1543,14.5197,-23.7926,-23.8566
37.000000,8,65.0687,179.0127,22.7468,-15.4239,-16.4770
37.000000,9,65.0687,178.8827,22.9895,-15.0513,-15.7285
37.000000,10,65.0687,179.5202,17.2726,-21.4056,-21.5385
37.000000,11,65.0687,179.3602,22.0407,-16.4775,-17.4131
37.000000,12,65.0687,179.1995,21.0113,-17.3462,-17.7420
37.000000,13,65.0687,179.0593,23.2520,-14.9654,-16.3234
37.000000,14,65.0687,178.9307,17.4539,-20.6348,-20.8051
37.000000,15,65.0687,179.5760,20.8291,-17.9049,-18.5283
37.000000,16,65.0687,179.4179,19.6237,-18.9523,-19.2619
37.000000,17,65.0687,179.2692,18.8180,-19.6092,-19.8916
37.000000,18,65.0687,179.1208,13.4079,-24.8710,-24.9101
37.000000,19,65.0687,178.9939,7.6156,-30.5364,-30.5504
37.000000,20,65.0687,179.6449,15.6256,-23.1773,-23.2949
37.000000,21,65.0687,179.4892,-0.7941,-39.4413,-39.4429
37.000000,22,65.0687,179.3427,8.7213,-29.7795,-29.8169
37.000000,23,65.0687,179.1966,6.2746,-32.0800,-32.0900
37.000000,24,65.0687,179.0718,9.7652,-28.4646,-28.5137
38.000000,0,65.2606,179.4452,8.3387,-30.2645,-30.2925
38.000000,1,65.2606,179.2825,8.7041,-29.7365,-29.7714
38.000000,2,65.2606,179.1193,9.5005,-28.7768,-28.8144
38.000000,3,65.2606,178.9766,6.1478,-31.9869,-31.9950
38.000000,4,65.2606,178.8456,16.2964,-21.7072,-21.8272
38.000000,5,65.2606,179.4698,2.3927,-36.2351,-36.2370
38.000000,6,65.2606,179.3080,15.5288,-22.9372,-23.0266
38.000000,7,65.2606,179.1456,15.7308,-22.5728,-22.6503
38.000000,8,65.2606,179.0038,22.5183,-15.6435,-16.5812
38.000000,9,65.2606,178.8735,23.4715,-14.5601,-15.4473
38.000000,10,65.2606,179.5084,17.0292,-21.6372,-21.7506
38.000000,11,65.2606,179.3480,22.0560,-16.4500,-17.4881
38.000000,12,65.2606,179.1869,20.2152,-18.1298,-18.4154
38.000000,13,65.2606,179.0463,23.3915,-14.8129,-16.3092
38.000000,14,65.2606,178.9174,17.5959,-20.4795,-20.6435
38.000000,15,65.2606,179.5606,20.4561,-18.2625,-18.7595
38.000000,16,65.2606,179.4021,19.9844,-18.5757,-18.9728
38.000000,17,65.2606,179.2528,18.3490,-20.0618,-20.2794
38.000000,18,65.2606,179.1039,14.8772,-23.3848,-23.4462
38.000000,19,65.2606,178.9766,5.5846,-32.5501,-32.5585
38.000000,20,65.2606,179.6261,14.4731,-24.3110,-24.3910
38.000000,21,65.2606,179.4698,1.7701,-36.8577,-36.8598
38.000000,22,65.2606,179.3227,8.8681,-29.6127,-29.6505
38.000000,23,65.2606,179.1760,8.1545,-30.1796,-30.1964
38.000000,24,65.2606,179.0506,9.7558,-28.4529,-28.4981
39.000000,0,65.4396,179.4417,8.4514,-30.1483,-30.1788
39.000000,1,65.4396,179.2789,8.6075,-29.8294,-29.8625
39.000000,2,65.4396,179.1156,9.6853,-28.5883,-28.6305
39.000000,3,65.4396,178.9728,6.4143,-31.7165,-31.7239
39.000000,4,65.4396,178.8417,15.0438,-22.9560,-23.0388
39.000000,5,65.4396,179.4625,4.3440,-34.2765,-34.2792
39.000000,6,65.4396,179.3005,15.7758,-22.6828,-22.7766
39.000000,7,65.4396,179.1379,16.5797,-21.7163,-21.8112
39.000000,8,65.4396,178.9958,22.1393,-16.0146,-16.8324
39.000000,9,65.4396,178.8654,23.8597,-14.1638,-15.2283
39.000000,10,65.4396,179.4974,16.6540,-22.0014,-22.1041
39.000000,11,65.4396,179.3367,22.0523,-16.4424,-17.5599
39.000000,12,65.4396,179.1753,19.2076,-19.1257,-19.3501
39.000000,13,65.4396,179.0344,23.3503,-14.8421,-16.4233
39.000000,14,65.4396,178.9051,19.7943,-18.2688,-18.4856
39.000000,15,65.4396,179.5461,19.8948,-18.8094,-19.1882
39.000000,16,65.4396,179.3871,20.3040,-18.2411,-18.7117
39.000000,17,65.4396,179.2373,17.6474,-20.7479,-20.9051
39.000000,18,65.4396,179.0880,15.9342,-22.3119,-22.3988
39.000000,19,65.4396,178.9603,2.5529,-35.5654,-35.5702
39.000000,20,65.4396,179.6081,12.9714,-25.7948,-25.8443
39.000000,21,65.4396,179.4512,2.8330,-35.7762,-35.7799
39.000000,22,65.4396,179.3036,8.6201,-29.8415,-29.8768
39.000000,23,65.4396,179.1563,9.2937,-29.0206,-29.0507
39.000000,24,65.4396,179.0304,9.5693,-28.6192,-28.6556
40.000000,0,65.6051,179.4391,8.5080,-30.0892,-30.1218
40.000000,1,65.6051,179.2763,8.5054,-29.9289,-29.9607
40.000000,2,65.6051,179.1129,9.8058,-28.4651,-28.5112
40.000000,3,65.6051,178.9700,6.6211,-31.5070,-31.5145
40.000000,4,65.6051,178.8389,13.7339,-24.2630,-24.3181
40.000000,5,65.6051,179.4562,6.0496,-32.5646,-32.5684
40.000000,6,65.6051,179.2940,15.9757,-22.4763,-22.5750
40.000000,7,65.6051,179.1312,17.1721,-21.1171,-21.2307
40.000000,8,65.6051,178.9889,21.6415,-16.5054,-17.2081
40.000000,9,65.6051,178.8583,24.1748,-13.8416,-15.0309
40.000000,10,65.6051,179.4874,16.1515,-22.4939,-22.5959
40.000000,11,65.6051,179.3263,22.1163,-16.3680,-17.5409
40.000000,12,65.6051,179.1646,17.9793,-20.3433,-20.5541
40.000000,13,65.6051,179.0234,23.3742,-14.8072,-16.4187
40.000000,14,65.6051,178.8938,21.3875,-16.6643,-17.0133
40.000000,15,65.6051,179.5324,19.1717,-19.5188,-19.7961
40.000000,16,65.6051,179.3729,20.4751,-18.0559,-18.5805
40.000000,17,65.6051,179.2228,16.7176,-21.6633,-21.7706
40.000000,18,65.6051,179.0730,16.6824,-21.5487,-21.6621
40.000000,19,65.6051,178.9449,2.3212,-35.7818,-35.7842
40.000000,20,65.6051,179.5910,11.2877,-27.4613,-27.4888
40.000000,21,65.6051,179.4335,4.7528,-33.8388,-33.8447
40.000000,22,65.6051,179.2853,8.4528,-29.9905,-30.0204
40.000000,23,65.6051,179.1375,9.8976,-28.3980,-28.4448
40.000000,24,65.6051,179.0111,8.8692,-29.3000,-29.3257
41.000000,0,65.7569,179.4374,8.5067,-30.0888,-30.1230
41.000000,1,65.7569,179.2746,8.4013,-30.0314,-30.0624
41.000000,2,65.7569,179.1112,9.8748,-28.3944,-28.4435
41.000000,3,65.7569,178.9683,6.8109,-31.3154,-31.3235
41.000000,4,65.7569,178.8371,12.2069,-25.7883,-25.8275
41.000000,5,65.7569,179.4507,7.5540,-31.0548,-31.0606
41.000000,6,65.7569,179.2884,16.1459,-22.3005,-22.4050
41.000000,7,65.7569,179.1254,17.5757,-20.7077,-20.8392
41.000000,8,65.7569,178.9830,21.1490,-16.9921,-17.5890
41.000000,9,65.7569,178.8522,24.2583,-13.7520,-15.0126
41.000000,10,65.7569,179.4782,15.5262,-23.1100,-23.2215
41.000000,11,65.7569,179.3168,22.0662,-16.4087,-17.6184
41.000000,12,65.7569,179.1548,18.9884,-19.3244,-19.5411
41.000000,13,65.7569,179.0133,23.3935,-14.7779,-16.3750
41.000000,14,65.7569,178.8835,22.5595,-15.4820,-16.0284
41.000000,15,65.7569,179.5196,18.2914,-20.3863,-20.5838
41.000000,16,65.7569,179.3597,20.6843,-17.8335,-18.3875
41.000000,17,65.7569,179.1991,15.5545,-22.8026,-22.8745
41.000000,18,65.7569,179.0590,17.1884,-21.0286,-21.1673
41.000000,19,65.7569,178.9305,1.0650,-37.0236,-37.0266
41.000000,20,65.7569,179.5746,9.1924,-29.5402,-29.5541
41.000000,21,65.7569,179.4166,6.1080,-32.4666,-32.4758
41.000000,22,65.7569,179.2679,8.0349,-30.3911,-30.4143
41.000000,23,65.7569,179.1196,10.0712,-28.2064,-28.2705
41.000000,24,65.7569,178.9928,7.5999,-30.5509,-30.5673
42.000000,0,65.8944,179.4367,8.5657,-30.0290,-30.0641
42.000000,1,65.8944,179.2739,8.4188,-30.0131,-30.0439
42.000000,2,65.8944,179.1104,9.9006,-28.3678,-28.4191
42.000000,3,65.8944,178.9675,7.0168,-31.1088,-31.1179
42.000000,4,65.8944,178.8364,10.2153,-27.7792,-27.8142
42.000000,5,65.8944,179.4462,8.8893,-29.7149,-29.7237
42.000000,6,65.8944,179.2837,16.3017,-22.1400,-22.2515
42.000000,7,65.8944,179.1206,17.8372,-20.4414,-20.5887
42.000000,8,65.8944,178.9781,20.7136,-17.4225,-17.9265
42.000000,9,65.8944,178.8472,24.1568,-13.8484,-15.1280
42.000000,10,65.8944,179.4700,16.0369,-22.5911,-22.7154
42.000000,11,65.8944,179.3083,22.0867,-16.3796,-17.6075
42.000000,12,65.8944,179.1460,19.9420,-18.3621,-18.6150
42.000000,13,65.8944,179.0043,23.3078,-14.8545,-16.4055
42.000000,14,65.8944,178.8742,23.4184,-14.6138,-15.3989
42.000000,15,65.8944,179.5077,17.2419,-21.4239,-21.5646
42.000000,16,65.8944,179.3474,20.7398,-17.7656,-18.3275
42.000000,17,65.8944,179.1864,14.1427,-24.2018,-24.2532
42.000000,18,65.8944,179.0459,17.5000,-20.7040,-20.8650
42.000000,19,65.8944,178.9170,5.5207,-32.5544,-32.5600
42.000000,20,65.8944,179.5592,6.5363,-32.1809,-32.1875
42.000000,21,65.8944,179.4006,7.0151,-31.5435,-31.5572
42.000000,22,65.8944,179.2514,7.6511,-30.7583,-30.7747
42.000000,23,65.8944,179.1026,10.0750,-28.1857,-28.2642
42.000000,24,65.8944,178.9753,5.7265,-32.4068,-32.4185
43.000000,0,66.0173,179.4369,8.6052,-29.9897,-30.0247
43.000000,1,66.0173,179.2741,8.4670,-29.9651,-29.9963
43.000000,2,66.0173,179.1107,9.9409,-28.3278,-28.3802
43.000000,3,66.0173,178.9678,7.2610,-30.8649,-30.8753
43.000000,4,66.0173,178.8367,10.5073,-27.4874,-27.5238
43.000000,5,66.0173,179.4426,10.0794,-28.5213,-28.5343
43.000000,6,66.0173,179.2800,16.4573,-21.9807,-22.1007
43.000000,7,66.0173,179.1168,17.9903,-20.2846,-20.4445
43.000000,8,66.0173,178.9742,20.2496,-17.8825,-18.3096
43.000000,9,66.0173,178.8432,23.9069,-14.0944,-15.3467
43.000000,10,66.0173,179.4626,17.0151,-21.6055,-21.7470
43.000000,11,66.0173,179.3007,22.0931,-16.3657,-17.5981
43.000000,12,66.0173,179.1382,20.6496,-17.6466,-17.9580
43.000000,13,66.0173,178.9962,23.3802,-14.7740,-16.2523
43.000000,14,66.0173,178.8659,24.0364,-13.9876,-15.0265
43.000000,15,66.0173,179.4967,16.0201,-22.6346,-22.7398
43.000000,16,66.0173,179.3360,20.6699,-17.8241,-18.3750
43.000000,17,66.0173,179.1747,12.4511,-25.8816,-25.9267
43.000000,18,66.0173,179.0338,17.6542,-20.5377,-20.7171
43.000000,19,66.0173,178.9046,8.9506,-29.1120,-29.1252
43.000000,20,66.0173,179.5445,3.1293,-35.5733,-35.5766
43.000000,21,66.0173,179.3855,7.6827,-30.8609,-30.8800
43.000000,22,66.0173,179.2358,6.8951,-31.4987,-31.5098
43.000000,23,66.0173,179.0866,10.0830,-28.1616,-28.2497
43.000000,24,66.0173,178.9589,6.8542,-31.2627,-31.2745
44.000000,0,66.1254,179.4380,8.5827,-30.0133,-30.0473
44.000000,1,66.1254,179.2752,8.5226,-29.9107,-29.9429
44.000000,2,66.1254,179.1119,10.0035,-28.2665,-28.3189
44.000000,3,66.1254,178.9691,7.5542,-30.5729,-30.5851
44.000000,4,66.1254,178.8381,11.1213,-26.8748,-26.9194
44.000000,5,66.1254,179.4399,11.1413,-27.4567,-27.4752
44.000000,6,66.1254,179.2772,16.6250,-21.8102,-21.9407
44.000000,7,66.1254,179.1140,18.0598,-20.2122,-20.3812
44.000000,8,66.1254,178.9713,19.7832,-18.3461,-18.7115
44.000000,9,66.1254,178.8403,23.5379,-14.4604,-15.6479
44.000000,10,66.1254,179.4561,17.7944,-20.8197,-20.9839
44.000000,11,66.1254,179.2940,22.0402,-16.4119,-17.6399
44.000000,12,66.1254,179.1313,21.1739,-17.1155,-17.4968
44.000000,13,66.1254,178.9892,23.3957,-14.7515,-16.1461
44.000000,14,66.1254,178.8587,24.4660,-13.5508,-14.8364
44.000000,15,66.1254,179.4865,14.6214,-24.0232,-24.1100
44.000000,16,66.1254,179.3255,20.4981,-17.9854,-18.5104
44.000000,17,66.1254,179.1638,13.3510,-24.9709,-25.0149
44.000000,18,66.1254,179.0227,17.6829,-20.4978,-20.6911
44.000000,19,66.1254,178.8932,11.6368,-26.4144,-26.4430
44.000000,20,66.1254,179.5307,-0.4063,-39.0951,-39.0972
44.000000,21,66.1254,179.3713,8.2634,-30.2659,-30.2910
44.000000,22,66.1254,179.2211,5.7374,-32.6418,-32.6498
44.000000,23,66.1254,179.0715,10.1516,-28.0779,-28.1698
44.000000,24,66.1254,178.9433,8.8713,-29.2301,-29.2484
45.000000,0,66.2183,179.4400,8.4820,-30.1161,-30.1481
45.000000,1,66.2183,179.2774,8.5720,-29.8634,-29.8969
45.000000,2,66.2183,179.1141,10.0401,-28.2321,-28.2836
45.000000,3,66.2183,178.9714,7.8961,-30.2334,-30.2478
45.000000,4,66.2183,178.8405,11.5057,-26.4928,-26.5505
45.000000,5,66.2183,179.4382,12.0873,-26.5089,-26.5341
45.000000,6,66.2183,179.2754,16.8150,-21.6185,-21.7618
45.000000,7,66.2183,179.1121,18.0642,-20.2059,-20.3803
45.000000,8,66.2183,178.9694,19.3382,-18.7893,-19.1066
45.000000,9,66.2183,178.8384,23.2523,-14.7441,-15.8339
45.000000,10,66.2183,179.4506,18.4119,-20.1967,-20.3867
45.000000,11,66.2183,179.2883,22.0644,-16.3819,-17.5978
45.000000,12,66.2183,179.1254,21.5578,-16.7257,-17.1797
45.000000,13,66.2183,178.9831,23.3592,-14.7819,-16.0917
45.000000,14,66.2183,178.8525,24.7479,-13.2626,-14.7718
45.000000,15,66.2183,179.4772,14.7879,-23.8473,-23.9219
45.000000,16,66.2183,179.3159,20.2453,-18.2287,-18.7170
45.000000,17,66.2183,179.1540,14.5068,-23.8052,-23.8566
45.000000,18,66.2183,179.0125,17.6156,-20.5550,-20.7579
45.000000,19,66.2183,178.8828,13.8483,-24.1925,-24.2474
45.000000,20,66.2183,179.5178,-0.1661,-38.8420,-38.8435
45.000000,21,66.2183,179.3579,8.5355,-29.9805,-30.0116
45.000000,22,66.2183,179.1974,4.1076,-34.2478,-34.2555
45.000000,23,66.2183,179.0573,10.0710,-28.1444,-28.2347
45.000000,24,66.2183,178.9288,10.1738,-27.9130,-27.9447
46.000000,0,66.2957,179.4430,8.3161,-30.2849,-30.3140
46.000000,1,66.2957,179.2804,8.5983,-29.8402,-29.8755
46.000000,2,66.2957,179.1173,10.0432,-28.2322,-28.2816
46.000000,3,66.2957,178.9748,8.2765,-29.8563,-29.8735
46.000000,4,66.2957,178.8439,11.6898,-26.3121,-26.3853
46.000000,5,66.2957,179.4373,12.9254,-25.6699,-25.7028
46.000000,6,66.2957,179.2746,17.0350,-21.3976,-21.5568
46.000000,7,66.2957,179.1113,18.0164,-20.2529,-20.4289
46.000000,8,66.2957,178.9685,18.9476,-19.1790,-19.4597
46.000000,9,66.2957,178.8375,22.8938,-15.1017,-16.0748
46.000000,10,66.2957,179.4460,18.8935,-19.7105,-19.9268
46.000000,11,66.2957,179.2835,22.1005,-16.3411,-17.5415
46.000000,12,66.2957,179.1205,21.8317,-16.4468,-16.9691
46.000000,13,66.2957,178.9781,23.3115,-14.8246,-16.0550
46.000000,14,66.2957,178.8473,24.9149,-13.0905,-14.7901
46.000000,15,66.2957,179.4689,15.3072,-23.3197,-23.3886
46.000000,16,66.2957,179.3072,19.9305,-18.5348,-18.9802
46.000000,17,66.2957,179.1450,15.3807,-22.9224,-22.9879
46.000000,18,66.2957,179.0034,17.6831,-20.4783,-20.6855
46.000000,19,66.2957,178.8734,15.6812,-22.3501,-22.4456
46.000000,20,66.2957,179.5058,0.1668,-38.4970,-38.4988
46.000000,21,66.2957,179.3455,8.8082,-29.6953,-29.7315
46.000000,22,66.2957,179.1846,5.2870,-33.0556,-33.0645
46.000000,23,66.2957,179.0441,10.1661,-28.0360,-28.1201
46.000000,24,66.2957,178.9153,10.9553,-27.1180,-27.1678
47.000000,0,66.3574,179.4468,8.2170,-30.3879,-30.4130
47.000000,1,66.3574,179.2845,8.7113,-29.7312,-29.7686
47.000000,2,66.3574,179.1215,10.0005,-28.2791,-28.3254
47.000000,3,66.3574,178.9791,8.6778,-29.4594,-29.4803
47.000000,4,66.3574,178.8484,11.6837,-26.3228,-26.4111
47.000000,5,66.3574,179.4374,13.6602,-24.9352,-24.9764
47.000000,6,66.3574,179.2747,17.2898,-21.1429,-21.3213
47.000000,7,66.3574,179.1114,17.9243,-20.3451,-20.5189
47.000000,8,66.3574,178.9687,18.6478,-19.4789,-19.7322
47.000000,9,66.3574,178.8377,22.4385,-15.5572,-16.4034
47.000000,10,66.3574,179.4422,19.2574,-19.3429,-19.5834
47.000000,11,66.3574,179.2797,22.1066,-16.3312,-17.5164
47.000000,12,66.3574,179.1166,22.0178,-16.2568,-16.8380
47.000000,13,66.3574,178.9741,23.2746,-14.8575,-16.0195
47.000000,14,66.3574,178.8432,24.9932,-13.0081,-14.8599
47.000000,15,66.3574,179.4614,15.5840,-23.0354,-23.1031
47.000000,16,66.3574,179.2995,19.5715,-18.8860,-19.2859
47.000000,17,66.3574,179.1371,16.0519,-22.2433,-22.3268
47.000000,18,66.3574,178.9952,17.7565,-20.3967,-20.6053
47.000000,19,66.3574,178.8650,17.1787,-20.8443,-20.9969
47.000000,20,66.3574,179.4946,2.3284,-36.3243,-36.3268
47.000000,21,66.3574,179.3340,8.8757,-29.6163,-29.6566
47.000000,22,66.3574,179.1727,6.8455,-31.4852,-31.4971
47.000000,23,66.3574,179.0319,10.0640,-28.1259,-28.2009
47.000000,24,66.3574,178.9027,11.3185,-26.7422,-26.8120
48.000000,0,66.4033,179.4516,7.9809,-30.6288,-30.6494
48.000000,1,66.4033,179.2894,8.8366,-29.6109,-29.6504
48.000000,2,66.4033,179.1267,9.8948,-28.3899,-28.4320
48.000000,3,66.4033,178.9845,9.0772,-29.0653,-29.0912
48.000000,4,66.4033,178.8540,11.7626,-26.2494,-26.3500
48.000000,5,66.4033,179.4384,14.2928,-24.3037,-24.3531
48.000000,6,66.4033,179.2757,17.5810,-20.8528,-21.0542
48.000000,7,66.4033,179.1125,17.7916,-20.4790,-20.6468
48.000000,8,66.4033,178.9698,18.3790,-19.7489,-19.9829
48.000000,9,66.4033,178.8389,21.8928,-16.1042,-16.8202
48.000000,10,66.4033,179.4394,19.5166,-19.0809,-19.3413
48.000000,11,66.4033,179.2768,22.0926,-16.3423,-17.5146
48.000000,12,66.4033,179.1136,22.1556,-16.1161,-16.7429
48.000000,13,66.4033,178.9710,23.2320,-14.8971,-16.0061
48.000000,14,66.4033,178.8401,25.0033,-12.9949,-14.9592
48.000000,15,66.4033,179.4548,15.6641,-22.9488,-23.0166
48.000000,16,66.4033,179.2928,19.1851,-19.2657,-19.6204
48.000000,17,66.4033,179.1301,16.5732,-21.7149,-21.8182
48.000000,18,66.4033,178.9880,17.8023,-20.3438,-20.5528
48.000000,19,66.4033,178.8576,18.4170,-19.5986,-19.8260
48.000000,20,66.4033,179.4843,4.2490,-34.3934,-34.3974
48.000000,21,66.4033,179.3233,8.7974,-29.6840,-29.7269
48.000000,22,66.4033,179.1617,7.9426,-30.3771,-30.3939
48.000000,23,66.4033,179.0206,10.1307,-28.0480,-28.1121
48.000000,24,66.4033,178.8911,11.6647,-26.3845,-26.4722
49.000000,0,66.4333,179.4573,7.5738,-31.0416,-31.0575
49.000000,1,66.4333,179.2954,8.8782,-29.5752,-29.6166
49.000000,2,66.4333,179.1328,9.7039,-28.5870,-28.6240
49.000000,3,66.4333,178.9908,9.4490,-28.6999,-28.7320
49.000000,4,66.4333,178.8605,11.7305,-26.2881,-26.3965
49.000000,5,66.4333,179.4403,14.8210,-23.7773,-23.8342
49.000000,6,66.4333,179.2777,17.9068,-20.5289,-20.7578
49.000000,7,66.4333,179.1146,17.6172,-20.6555,-20.8139
49.000000,8,66.4333,178.9720,18.1411,-19.9890,-20.2102
49.000000,9,66.4333,178.8412,21.2562,-16.7431,-17.3311
49.000000,10,66.4333,179.4376,19.6800,-18.9156,-19.1899
49.000000,11,66.4333,179.2749,22.0664,-16.3666,-17.5297
49.000000,12,66.4333,179.1117,22.2646,-16.0051,-16.6620
49.000000,13,66.4333,178.9690,23.1969,-14.9301,-16.0039
49.000000,14,66.4333,178.8381,24.9665,-13.0297,-15.0663
49.000000,15,66.4333,179.4492,15.5789,-23.0282,-23.0954
49.000000,16,66.4333,179.2869,18.7867,-19.6582,-19.9701
49.000000,17,66.4333,179.1241,16.9819,-21.3002,-21.4229
49.000000,18,66.4333,178.9818,17.8455,-20.2943,-20.5040
49.000000,19,66.4333,178.8513,19.4485,-18.5609,-18.8802
49.000000,20,66.4333,179.4750,5.6576,-32.9754,-32.9819
49.000000,21,66.4333,179.3136,8.8692,-29.6024,-29.6462
49.000000,22,66.4333,179.1517,8.7188,-29.5910,-29.6137
49.000000,23,66.4333,179.0103,10.0615,-28.1068,-28.1599
49.000000,24,66.4333,178.8806,11.7372,-26.3014,-26.4030
50.000000,0,66.4471,179.4639,6.9538,-31.6681,-31.6796
50.000000,1,66.4471,179.3022,8.8071,-29.6532,-29.6962
50.000000,2,66.4471,179.1399,9.3990,-28.8989,-28.9302
50.000000,3,66.4471,178.9982,9.7658,-28.3904,-28.4303
50.000000,4,66.4471,178.8681,11.6918,-26.3344,-26.4447
50.000000,5,66.4471,179.4431,15.2398,-23.3613,-23.4243
50.000000,6,66.4471,179.2807,18.2623,-20.1765,-20.4374
50.000000,7,66.4471,179.1177,17.3956,-20.8801,-21.0257
50.000000,8,66.4471,178.9752,17.9441,-20.1891,-20.4026
50.000000,9,66.4471,178.8445,20.5647,-17.4379,-17.9042
50.000000,10,66.4471,179.4366,19.7531,-18.8415,-19.1225
50.000000,11,66.4471,179.2739,22.0336,-16.3984,-17.5571
50.000000,12,66.4471,179.1107,22.3129,-15.9558,-16.6268
50.000000,13,66.4471,178.9680,23.1785,-14.9476,-16.0048
50.000000,14,66.4471,178.8371,24.9947,-13.0004,-15.0668
50.000000,15,66.4471,179.4444,15.3509,-23.2515,-23.3160
50.000000,16,66.4471,179.2820,18.3908,-20.0493,-20.3222
50.000000,17,66.4471,179.1191,17.3050,-20.9720,-21.1125
50.000000,18,66.4471,178.9767,17.9097,-20.2250,-20.4368
50.000000,19,66.4471,178.8460,20.3100,-17.6940,-18.1210
50.000000,20,66.4471,179.4665,6.6821,-31.9424,-31.9525
50.000000,21,66.4471,179.3049,8.7723,-29.6906,-29.7341
50.000000,22,66.4471,179.1427,9.2606,-29.0401,-29.0692
50.000000,23,66.4471,179.0010,9.8576,-28.3014,-28.3444
50.000000,24,66.4471,178.8710,11.6982,-26.3308,-26.4402
51.000000,0,66.4449,179.4714,6.0675,-32.5620,-32.5697
51.000000,1,66.4449,179.3100,8.8511,-29.6169,-29.6606
51.000000,2,66.4449,179.1480,8.9432,-29.3628,-29.3879
51.000000,3,66.4449,179.0065,9.9993,-28.1653,-28.2145
51.000000,4,66.4449,178.8767,11.6973,-26.3375,-26.4430
51.000000,5,66.4449,179.4469,15.5404,-23.0645,-23.1316
51.000000,6,66.4449,179.2846,18.6392,-19.8035,-20.1010
51.000000,7,66.4449,179.1217,17.1167,-21.1631,-21.2932
51.000000,8,66.4449,178.9795,17.8449,-20.2926,-20.5015
51.000000,9,66.4449,178.8489,19.7765,-18.2304,-18.5858
51.000000,10,66.4449,179.4366,19.7384,-18.8562,-19.1359
51.000000,11,66.4449,179.2739,22.0526,-16.3793,-17.5379
51.000000,12,66.4449,179.1107,22.3045,-15.9642,-16.6329
51.000000,13,66.4449,178.9681,23.1808,-14.9454,-16.0053
51.000000,14,66.4449,178.8372,24.9793,-13.0159,-15.0736
51.000000,15,66.4449,179.4406,14.9962,-23.6024,-23.6621
51.000000,16,66.4449,179.2781,18.0097,-20.4264,-20.6649
51.000000,17,66.4449,179.1150,17.5623,-20.7107,-20.8664
51.000000,18,66.4449,178.9725,18.0564,-20.0741,-20.2906
51.000000,19,66.4449,178.8417,21.0277,-16.9721,-17.5199
51.000000,20,66.4449,179.4589,7.4078,-31.2091,-31.2236
51.000000,21,66.4449,179.2970,8.8689,-29.5862,-29.6281
51.000000,22,66.4449,179.1346,9.6267,-28.6659,-28.7012
51.000000,23,66.4449,178.9927,9.5503,-28.6004,-28.6347
51.000000,24,66.4449,178.8625,11.6749,-26.3457,-26.4559
52.000000,0,66.4266,179.4798,4.8425,-33.7954,-33.8002
52.000000,1,66.4266,179.3187,8.8455,-29.6313,-29.6744
52.000000,2,66.4266,179.1570,8.2869,-30.0282,-30.0473
52.000000,3,66.4266,179.0159,10.1194,-28.0545,-28.1142
52.000000,4,66.4266,178.8864,11.7303,-26.3141,-26.4082
52.000000,5,66.4266,179.4515,15.7099,-22.8997,-22.9687
52.000000,6,66.4266,179.2894,19.0269,-19.4206,-19.7591
52.000000,7,66.4266,179.1268,16.7646,-21.5202,-21.6325
52.000000,8,66.4266,178.9847,17.7794,-20.3633,-20.5698
52.000000,9,66.4266,178.8543,18.8332,-19.1791,-19.4380
52.000000,10,66.4266,179.4374,19.6356,-18.9599,-19.2307
52.000000,11,66.4266,179.2749,22.0790,-16.3539,-17.5173
52.000000,12,66.4266,179.1117,22.2387,-16.0310,-16.6811
52.000000,13,66.4266,178.9691,23.2031,-14.9241,-16.0059
52.000000,14,66.4266,178.8383,24.9904,-13.0059,-15.0142
52.000000,15,66.4266,179.4377,14.5261,-24.0696,-24.1227
52.000000,16,66.4266,179.2751,17.6538,-20.7793,-20.9881
52.000000,17,66.4266,179.1119,17.7674,-20.5025,-20.6704
52.000000,18,66.4266,178.9693,18.2706,-19.8568,-20.0820
52.000000,19,66.4266,178.8385,21.6999,-16.2966,-16.9733
52.000000,20,66.4266,179.4522,7.8961,-30.7141,-30.7335
52.000000,21,66.4266,179.2901,8.8563,-29.5919,-29.6317
52.000000,22,66.4266,179.1275,9.8602,-28.4253,-28.4663
52.000000,23,66.4266,178.9854,9.1689,-28.9745,-29.0018
52.000000,24,66.4266,178.8550,11.7726,-26.2404,-26.3448
53.000000,0,66.3922,179.4891,3.1747,-35.4724,-35.4754
53.000000,1,66.3922,179.3284,8.8377,-29.6487,-29.6899
53.000000,2,66.3922,179.1670,7.3598,-30.9653,-30.9791
53.000000,3,66.3922,179.0262,10.0931,-28.0911,-28.1617
53.000000,4,66.3922,178.8970,11.4779,-26.5772,-26.6551
53.000000,5,66.3922,179.4571,15.7304,-22.8847,-22.9542
53.000000,6,66.3922,179.2952,19.4127,-19.0406,-19.4234
53.000000,7,66.3922,179.1328,16.3174,-21.9734,-22.0667
53.000000,8,66.3922,178.9909,17.7268,-20.4221,-20.6275
53.000000,9,66.3922,178.8607,17.7046,-20.3142,-20.4929
53.000000,10,66.3922,179.4392,19.4416,-19.1557,-19.4106
53.000000,11,66.3922,179.2767,22.0975,-16.3373,-17.5101
53.000000,12,66.3922,179.1137,22.1246,-16.1471,-16.7626
53.000000,13,66.3922,178.9712,23.2397,-14.8895,-16.0116
53.000000,14,66.3922,178.8404,25.0014,-12.9971,-14.9153
53.000000,15,66.3922,179.4357,13.9483,-24.6454,-24.6907
53.000000,16,66.3922,179.2730,17.3306,-21.1005,-21.2840
53.000000,17,66.3922,179.1098,17.9292,-20.3387,-20.5154
53.000000,18,66.3922,178.9672,18.5143,-19.6110,-19.8504
53.000000,19,66.3922,178.8363,22.2833,-15.7111,-16.5212
53.000000,20,66.3922,179.4464,8.1938,-30.4106,-30.4348
53.000000,21,66.3922,179.2842,8.7441,-29.6981,-29.7356
53.000000,22,66.3922,179.1213,9.9940,-28.2854,-28.3313
53.000000,23,66.3922,178.9791,8.7420,-29.3952,-29.4170
53.000000,24,66.3922,178.8485,11.6633,-26.3433,-26.4369
54.000000,0,66.3419,179.4993,0.9002,-37.7572,-37.7592
54.000000,1,66.3419,179.3390,8.8642,-29.6328,-29.6706
54.000000,2,66.3419,179.1780,6.0536,-32.2824,-32.2925
54.000000,3,66.3419,179.0375,10.1453,-28.0502,-28.1306
54.000000,4,66.3419,178.9087,11.1826,-26.8842,-26.9428
54.000000,5,66.3419,179.4636,15.5769,-23.0447,-23.1145
54.000000,6,66.3419,179.3020,19.7820,-18.6780,-19.1067
54.000000,7,66.3419,179.1398,15.7448,-22.5531,-22.6277
54.000000,8,66.3419,178.9981,17.6632,-20.4929,-20.6970
54.000000,9,66.3419,178.8682,16.3481,-21.6781,-21.7938
54.000000,10,66.3419,179.4420,19.1503,-19.4497,-19.6831
54.000000,11,66.3419,179.2796,22.1021,-16.3355,-17.5212
54.000000,12,66.3419,179.1166,21.9916,-16.2830,-16.8486
54.000000,13,66.3419,178.9743,23.2803,-14.8520,-16.0314
54.000000,14,66.3419,178.8436,24.9546,-13.0470,-14.8358
54.000000,15,66.3419,179.4346,13.2669,-25.3258,-25.3629
54.000000,16,66.3419,179.2719,17.0445,-21.3855,-21.5481
54.000000,17,66.3419,179.1087,18.0516,-20.2151,-20.3970
54.000000,18,66.3419,178.9661,18.7913,-19.3328,-19.5936
54.000000,19,66.3419,178.8352,22.7797,-15.2136,-16.1569
54.000000,20,66.3419,179.4415,8.3387,-30.2609,-30.2896
54.000000,21,66.3419,179.2791,8.5726,-29.8646,-29.8998
54.000000,22,66.3419,179.1162,10.0538,-28.2204,-28.2702
54.000000,23,66.3419,178.9738,8.2972,-29.8346,-29.8522
54.000000,24,66.3419,178.8431,11.7254,-26.2758,-26.3547
55.000000,0,66.2758,179.5104,-0.1176,-38.7861,-38.7875
55.000000,1,66.2758,179.3504,8.6585,-29.8500,-29.8831
55.000000,2,66.2758,179.1899,4.1846,-34.1633,-34.1715
55.000000,3,66.2758,179.0498,10.1298,-28.0780,-28.1661
55.000000,4,66.2758,178.9213,10.6005,-27.4789,-27.5184
55.000000,5,66.2758,179.4710,15.2140,-23.4150,-23.4877
55.000000,6,66.2758,179.3097,20.1191,-18.3486,-18.8223
55.000000,7,66.2758,179.1477,15.0044,-23.3014,-23.3599
55.000000,8,66.2758,179.0064,17.5631,-20.6013,-20.8024
55.000000,9,66.2758,178.8767,14.7029,-23.3318,-23.4012
55.000000,10,66.2758,179.4456,18.7521,-19.8515,-20.0597
55.000000,11,66.2758,179.2834,22.0845,-16.3569,-17.5573
55.000000,12,66.2758,179.1206,21.7827,-16.4959,-16.9995
55.000000,13,66.2758,178.9783,23.3169,-14.8195,-16.0705
55.000000,14,66.2758,178.8478,24.8334,-13.1725,-14.7931
55.000000,15,66.2758,179.4344,12.4827,-26.1097,-26.1389
55.000000,16,66.2758,179.2718,16.7963,-21.6335,-21.7787
55.000000,17,66.2758,179.1086,18.1344,-20.1323,-20.3155
55.000000,18,66.2758,178.9660,19.0999,-19.0241,-19.3151
55.000000,19,66.2758,178.8351,23.1870,-14.8062,-15.8763
55.000000,20,66.2758,179.4376,8.4814,-30.1143,-30.1465
55.000000,21,66.2758,179.2751,8.5407,-29.8924,-29.9254
55.000000,22,66.2758,179.1120,10.0600,-28.2100,-28.2625
55.000000,23,66.2758,178.9695,7.8608,-30.2668,-30.2812
55.000000,24,66.2758,178.8387,11.5995,-26.3972,-26.4605
56.000000,0,66.1940,179.5223,-0.7257,-39.4060,-39.4077
56.000000,1,66.1940,179.3628,8.4020,-30.1189,-30.1464
56.000000,2,66.1940,179.2127,5.0060,-33.3647,-33.3722
56.000000,3,66.1940,179.0631,10.1487,-28.0724,-28.1643
56.000000,4,66.1940,178.9350,9.5635,-28.5295,-28.5533
56.000000,5,66.1940,179.4793,14.5895,-24.0478,-24.1295
56.000000,6,66.1940,179.3183,20.4072,-18.0691,-18.5839
56.000000,7,66.1940,179.1567,14.0352,-24.2795,-24.3268
56.000000,8,66.1940,179.0156,17.5687,-20.6049,-20.7992
56.000000,9,66.1940,178.8862,12.6781,-25.3661,-25.4042
56.000000,10,66.1940,179.4502,18.2331,-20.3751,-20.5567
56.000000,11,66.1940,179.2881,22.0429,-16.4032,-17.6179
56.000000,12,66.1940,179.1255,21.4805,-16.8030,-17.2364
56.000000,13,66.1940,178.9834,23.3761,-14.7653,-16.0969
56.000000,14,66.1940,178.8531,24.6151,-13.3961,-14.8126
56.000000,15,66.1940,179.4352,11.5936,-26.9996,-27.0215
56.000000,16,66.1940,179.2726,16.5838,-21.8468,-21.9779
56.000000,17,66.1940,179.1095,18.1726,-20.0949,-20.2756
56.000000,18,66.1940,178.9669,19.4941,-18.6309,-18.9621
56.000000,19,66.1940,178.8361,23.4962,-14.4980,-15.6815
56.000000,20,66.1940,179.4346,8.6132,-29.9794,-30.0142
56.000000,21,66.1940,179.2720,8.4766,-29.9534,-29.9846
56.000000,22,66.1940,179.1088,10.0281,-28.2387,-28.2928
56.000000,23,66.1940,178.9662,7.4554,-30.6689,-30.6809
56.000000,24,66.1940,178.8354,11.2777,-26.7157,-26.7647
57.000000,0,66.0969,179.5352,1.5729,-37.1202,-37.1228
57.000000,1,66.0969,179.3761,7.9704,-30.5638,-30.5854
57.000000,2,66.0969,179.2265,6.3600,-32.0245,-32.0337
57.000000,3,66.0969,179.0773,10.0886,-28.1467,-28.2375
57.000000,4,66.0969,178.9496,7.9337,-30.1739,-30.1878
57.000000,5,66.0969,179.4885,15.2527,-23.3938,-23.4892
57.000000,6,66.0969,179.3278,20.6282,-17.8577,-18.4055
57.000000,7,66.0969,179.1665,12.7428,-25.5817,-25.6258
57.000000,8,66.0969,179.0258,17.5935,-20.5903,-20.7731
57.000000,9,66.0969,178.8967,10.1718,-27.8829,-27.9018
57.000000,10,66.0969,179.4556,17.5735,-21.0402,-21.1962
57.000000,11,66.0969,179.2938,22.0571,-16.3947,-17.6188
57.000000,12,66.0969,179.1314,21.0610,-17.2284,-17.5891
57.000000,13,66.0969,178.9895,23.3993,-14.7483,-16.1642
57.000000,14,66.0969,178.8594,24.2713,-13.7462,-14.9296
57.000000,15,66.0969,179.4369,10.5938,-28.0011,-28.0169
57.000000,16,66.0969,179.2744,16.4013,-22.0311,-22.1507
57.000000,17,66.0969,179.1113,18.1569,-20.1124,-20.2868
57.000000,18,66.0969,178.9689,19.9523,-18.1745,-18.5581
57.000000,19,66.0969,178.8381,23.8023,-14.1938,-15.4660
57.000000,20,66.0969,179.4325,8.6591,-29.9314,-29.9677
57.000000,21,66.0969,179.2698,8.4001,-30.0278,-30.0576
57.000000,22,66.0969,179.1066,9.9689,-28.2958,-28.3505
57.000000,23,66.0969,178.9639,7.0977,-31.0243,-31.0345
57.000000,24,66.0969,178.8331,10.7394,-27.2517,-27.2905
58.000000,0,65.9846,179.5488,5.3420,-33.3649,-33.3696
58.000000,1,65.9846,179.3903,7.2630,-31.2854,-31.3014
58.000000,2,65.9846,179.2411,7.2959,-31.1033,-31.1166
58.000000,3,65.9846,179.0924,10.1273,-28.1231,-28.2072
58.000000,4,65.9846,178.9652,5.4365,-32.6868,-32.6979
58.000000,5,65.9846,179.4986,16.5542,-22.1024,-22.2225
58.000000,6,65.9846,179.3383,20.7626,-17.7337,-18.3021
58.000000,7,65.9846,179.1774,13.1901,-25.1453,-25.1918
58.000000,8,65.9846,179.0370,17.5131,-20.6819,-20.8491
58.000000,9,65.9846,178.9082,7.1488,-30.9175,-30.9258
58.000000,10,65.9846,179.4620,16.7456,-21.8744,-22.0086
58.000000,11,65.9846,179.3004,22.0913,-16.3672,-17.5931
58.000000,12,65.9846,179.1383,20.4905,-17.8058,-18.0988
58.000000,13,65.9846,178.9967,23.3633,-14.7914,-16.2876
58.000000,14,65.9846,178.8668,23.7665,-14.2582,-15.1915
58.000000,15,65.9846,179.4395,9.4738,-29.1238,-29.1348
58.000000,16,65.9846,179.2771,16.2403,-22.1949,-22.3052
58.000000,17,65.9846,179.1142,18.0730,-20.1992,-20.3634
58.000000,18,65.9846,178.9718,20.4263,-17.7036,-18.1541
58.000000,19,65.9846,178.8412,24.1219,-13.8774,-15.2027
58.000000,20,65.9846,179.4313,8.6377,-29.9516,-29.9884
58.000000,21,65.9846,179.2686,8.3274,-30.0993,-30.1283
58.000000,22,65.9846,179.1054,9.9734,-28.2900,-28.3441
58.000000,23,65.9846,178.9627,6.7957,-31.3251,-31.3337
58.000000,24,65.9846,178.8318,9.9391,-28.0508,-28.0863
59.000000,0,65.8575,179.5634,8.2612,-30.4602,-30.4703
59.000000,1,65.8575,179.4054,6.5411,-32.0224,-32.0335
59.000000,2,65.8575,179.2567,7.8569,-30.5579,-30.5774
59.000000,3,65.8575,179.1085,10.0669,-28.1997,-28.2718
59.000000,4,65.8575,178.9818,6.6495,-31.4903,-31.5034
59.000000,5,65.8575,179.5095,17.6872,-20.9804,-21.1439
59.000000,6,65.8575,179.3496,20.7889,-17.7188,-18.2911
59.000000,7,65.8575,179.1891,14.7548,-23.5924,-23.6507
59.000000,8,65.8575,179.0491,17.2974,-20.9098,-21.0574
59.000000,9,65.8575,178.9208,3.2221,-34.8567,-34.8605
59.000000,10,65.8575,179.4693,15.7101,-22.9172,-23.0355
59.000000,11,65.8575,179.3080,22.0617,-16.4043,-17.6224
59.000000,12,65.8575,179.1461,19.7215,-18.5826,-18.8224
59.000000,13,65.8575,179.0048,23.3417,-14.8211,-16.3818
59.000000,14,65.8575,178.8751,23.0565,-14.9766,-15.6610
59.000000,15,65.8575,179.4430,8.2194,-30.3817,-30.3891
59.000000,16,65.8575,179.2808,16.0899,-22.3490,-22.4519
59.000000,17,65.8575,179.1180,17.9009,-20.3751,-20.5255
59.000000,18,65.8575,178.9758,20.8909,-17.2429,-17.7764
59.000000,19,65.8575,178.8453,24.3150,-13.6883,-15.0252
59.000000,20,65.8575,179.4310,8.5812,-30.0078,-30.0442
59.000000,21,65.8575,179.2683,8.2808,-30.1456,-30.1744
59.000000,22,65.8575,179.1051,9.9693,-28.2938,-28.3463
59.000000,23,65.8575,178.9625,6.5461,-31.5745,-31.5820
59.000000,24,65.8575,178.8316,11.7317,-26.2579,-26.2950
60.000000,0,65.7159,179.5788,10.5730,-28.1638,-28.1847
60.000000,1,65.7159,179.4213,5.4145,-33.1649,-33.1723
60.000000,2,65.7159,179.2732,8.1929,-30.2383,-30.2646
60.000000,3,65.7159,179.1255,10.0501,-28.2334,-28.2894
60.000000,4,65.7159,178.9993,8.2492,-29.9081,-29.9282
60.000000,5,65.7159,179.5214,18.6600,-20.0195,-20.2485
60.000000,6,65.7159,179.3619,20.6823,-17.8376,-18.3938
60.000000,7,65.7159,179.2119,16.0604,-22.3095,-22.3942
60.000000,8,65.7159,179.0623,16.9128,-21.3075,-21.4321
60.000000,9,65.7159,178.9343,1.2560,-36.8363,-36.8386
60.000000,10,65.7159,179.4775,15.5223,-23.1132,-23.2184
60.000000,11,65.7159,179.3165,22.0922,-16.3824,-17.5769
60.000000,12,65.7159,179.1549,18.6836,-19.6294,-19.8412
60.000000,13,65.7159,179.0139,23.3995,-14.7724,-16.3693
60.000000,14,65.7159,178.8845,22.0829,-15.9597,-16.4199
60.000000,15,65.7159,179.4475,6.8110,-31.7945,-31.7995
60.000000,16,65.7159,179.2854,15.9371,-22.5064,-22.6032
60.000000,17,65.7159,179.1228,17.6138,-20.6670,-20.8005
60.000000,18,65.7159,178.9808,21.3193,-16.8195,-17.4525
60.000000,19,65.7159,178.8504,24.3499,-13.6585,-14.9572
60.000000,20,65.7159,179.4317,8.6117,-29.9780,-30.0131
60.000000,21,65.7159,179.2690,8.3784,-30.0487,-30.0777
60.000000,22,65.7159,179.1059,9.9288,-28.3351,-28.3851
60.000000,23,65.7159,178.9633,6.3332,-31.7881,-31.7948
60.000000,24,65.7159,178.8325,13.4510,-24.5394,-24.5887
61.000000,0,65.5601,179.5950,12.4013,-26.3518,-26.3913
61.000000,1,65.5601,179.4381,3.7912,-34.8050,-34.8098
61.000000,2,65.5601,179.2906,8.5672,-29.8815,-29.9138
61.000000,3,65.5601,179.1434,9.6846,-28.6169,-28.6556
61.000000,4,65.5601,179.0177,9.2281,-28.9477,-28.9778
61.000000,5,65.5601,179.5341,19.5043,-19.1878,-19.5047
61.000000,6,65.5601,179.3751,20.4554,-18.0778,-18.5951
61.000000,7,65.5601,179.2255,17.1294,-21.2541,-21.3805
61.000000,8,65.5601,179.0763,16.3188,-21.9155,-22.0149
61.000000,9,65.5601,178.9488,1.9601,-36.1467,-36.1499
61.000000,10,65.5601,179.4866,16.0990,-22.5456,-22.6432
61.000000,11,65.5601,179.3259,22.1084,-16.3755,-17.5287
61.000000,12,65.5601,179.1647,18.3713,-19.9514,-20.1614
61.000000,13,65.5601,179.0240,23.3427,-14.8393,-16.4374
61.000000,14,65.5601,178.8949,20.7634,-17.2895,-17.5759
61.000000,15,65.5601,179.4528,5.2220,-33.3889,-33.3923
61.000000,16,65.5601,179.2910,15.7675,-22.6816,-22.7735
61.000000,17,65.5601,179.1286,17.1754,-21.1112,-21.2258
61.000000,18,65.5601,178.9867,21.8308,-16.3140,-17.0584
61.000000,19,65.5601,178.8566,24.1871,-13.8276,-15.0333
61.000000,20,65.5601,179.4333,8.5866,-30.0046,-30.0378
61.000000,21,65.5601,179.2707,8.4798,-29.9489,-29.9787
61.000000,22,65.5601,179.1076,9.8465,-28.4191,-28.4657
61.000000,23,65.5601,178.9651,6.1291,-31.9940,-32.0004
61.000000,24,65.5601,178.8343,14.7749,-23.2175,-23.2923
62.000000,0,65.3907,179.6121,13.9277,-24.8424,-24.9098
62.000000,1,65.3907,179.4558,2.8414,-35.7724,-35.7753
62.000000,2,65.3907,179.3089,8.7807,-29.6862,-29.7226
62.000000,3,65.3907,179.1623,8.8534,-29.4669,-29.4902
62.000000,4,65.3907,179.0371,9.6795,-28.5156,-28.5557
62.000000,5,65.3907,179.5477,20.1680,-18.5377,-18.9626
62.000000,6,65.3907,179.3892,20.2723,-18.2750,-18.7291
62.000000,7,65.3907,179.2401,17.9717,-20.4264,-20.6074
62.000000,8,65.3907,179.0914,15.4620,-22.7874,-22.8613
62.000000,9,65.3907,178.9643,4.1784,-33.9438,-33.9500
62.000000,10,65.3907,179.4965,16.5530,-22.1016,-22.2013
62.000000,11,65.3907,179.3363,22.0041,-16.4902,-17.5830
62.000000,12,65.3907,179.1754,19.5308,-18.8027,-19.0395
62.000000,13,65.3907,179.0350,23.3753,-14.8177,-16.3676
62.000000,14,65.3907,178.9063,18.9700,-19.0944,-19.2776
62.000000,15,65.3907,179.4591,3.4158,-35.2014,-35.2039
62.000000,16,65.3907,179.2975,15.5649,-22.8906,-22.9783
62.000000,17,65.3907,179.1353,16.5351,-21.7582,-21.8534
62.000000,18,65.3907,178.9937,22.3029,-15.8489,-16.7137
62.000000,19,65.3907,178.8638,23.8422,-14.1797,-15.2367
62.000000,20,65.3907,179.4358,8.5103,-30.0835,-30.1143
62.000000,21,65.3907,179.2733,8.5840,-29.8474,-29.8786
62.000000,22,65.3907,179.1103,9.7127,-28.5556,-28.5981
62.000000,23,65.3907,178.9679,5.8943,-32.2317,-32.2383
62.000000,24,65.3907,178.8373,16.0704,-21.9249,-22.0369
63.000000,0,65.2079,179.6299,15.2513,-23.5367,-23.6402
63.000000,1,65.2079,179.4743,1.2918,-37.3406,-37.3424
63.000000,2,65.2079,179.3280,8.8334,-29.6527,-29.6903
63.000000,3,65.2079,179.1820,7.4163,-30.9237,-30.9365
63.000000,4,65.2079,179.0574,9.6286,-28.5868,-28.6336
63.000000,5,65.2079,179.5621,20.6493,-18.0708,-18.6176
63.000000,6,65.2079,179.4041,19.8737,-18.6885,-19.0627
63.000000,7,65.2079,179.2555,18.5879,-19.8257,-20.0699
63.000000,8,65.2079,179.1073,14.2648,-24.0006,-24.0507
63.000000,9,65.2079,178.9807,6.7070,-31.4317,-31.4425
63.000000,10,65.2079,179.5074,16.8795,-21.7859,-21.8974
63.000000,11,65.2079,179.3475,22.0583,-16.4473,-17.4540
63.000000,12,65.2079,179.1870,20.4741,-17.8710,-18.1834
63.000000,13,65.2079,179.0471,23.3663,-14.8387,-16.2863
63.000000,14,65.2079,178.9187,16.4728,-21.6039,-21.7626
63.000000,15,65.2079,179.4663,1.3417,-37.2826,-37.2847
63.000000,16,65.2079,179.3050,15.3118,-23.1512,-23.2351
63.000000,17,65.2079,179.1431,15.6187,-22.6824,-22.7598
63.000000,18,65.2079,179.0017,22.6462,-15.5135,-16.5016
63.000000,19,65.2079,178.8721,23.4211,-14.6090,-15.4677
63.000000,20,65.2079,179.4392,8.3832,-30.2140,-30.2422
63.000000,21,65.2079,179.2769,8.6858,-29.7491,-29.7825
63.000000,22,65.2079,179.1140,9.5130,-28.7590,-28.7966
63.000000,23,65.2079,178.9718,5.5784,-32.5514,-32.5594
63.000000,24,65.2079,178.8412,17.1616,-20.8377,-20.9962
64.000000,0,65.0122,179.6486,16.2423,-22.5644,-22.7097
64.000000,1,65.0122,179.4937,0.2948,-38.3569,-38.3586
64.000000,2,65.0122,179.3480,8.7423,-29.7637,-29.7993
64.000000,3,65.0122,179.2126,5.0852,-33.2854,-33.2948
64.000000,4,65.0122,179.0786,9.6961,-28.5405,-28.5882
64.000000,5,65.0122,179.5774,20.9436,-17.7918,-18.4648
64.000000,6,65.0122,179.4200,19.5305,-19.0475,-19.3303
64.000000,7,65.0122,179.2719,18.9700,-19.4599,-19.7689
64.000000,8,65.0122,179.1242,12.6018,-25.6805,-25.7109
64.000000,9,65.0122,178.9981,8.3562,-29.7999,-29.8175
64.000000,10,65.0122,179.5191,17.0739,-21.6032,-21.7345
64.000000,11,65.0122,179.3597,21.9974,-16.5203,-17.4200
64.000000,12,65.0122,179.1996,21.2077,-17.1500,-17.5859
64.000000,13,65.0122,179.0601,23.1710,-15.0471,-16.3393
64.000000,14,65.0122,178.9321,17.7975,-20.2926,-20.4702
64.000000,15,65.0122,179.4744,-0.4173,-39.0497,-39.0515
64.000000,16,65.0122,179.3133,14.9887,-23.4827,-23.5629
64.000000,17,65.0122,179.1517,14.3074,-24.0024,-24.0665
64.000000,18,65.0122,179.0107,22.8285,-15.3402,-16.4439
64.000000,19,65.0122,178.8813,22.9751,-15.0643,-15.6983
64.000000,20,65.0122,179.4435,8.2021,-30.3994,-30.4247
64.000000,21,65.0122,179.2814,8.7771,-29.6623,-29.6985
64.000000,22,65.0122,179.1187,9.2284,-29.0484,-29.0806
64.000000,23,65.0122,178.9766,7.3134,-30.8212,-30.8309
64.000000,24,65.0122,178.8463,18.2533,-19.7510,-19.9570
65.000000,0,64.8041,179.6681,17.1334,-21.6928,-21.8789
65.000000,1,64.8041,179.5138,4.7058,-33.9661,-33.9684
65.000000,2,64.8041,179.3688,8.5318,-29.9950,-30.0254
65.000000,3,64.8041,179.2341,6.6757,-31.7165,-31.7281
65.000000,4,64.8041,179.1007,9.7010,-28.5577,-28.6002
65.000000,5,64.8041,179.5935,21.0429,-17.7086,-18.5009
65.000000,6,64.8041,179.4367,18.8950,-19.6997,-19.8968
65.000000,7,64.8041,179.2892,19.1287,-19.3185,-19.6851
65.000000,8,64.8041,179.1420,10.2410,-28.0591,-28.0755
65.000000,9,64.8041,179.0164,9.3094,-28.8651,-28.8911
65.000000,10,64.8041,179.5317,17.1773,-21.5124,-21.6690
65.000000,11,64.8041,179.3728,21.7644,-16.7664,-17.5413
65.000000,12,64.8041,179.2232,21.7307,-16.6505,-17.2476
65.000000,13,64.8041,179.0740,22.9605,-15.2716,-16.3555
65.000000,14,64.8041,178.9465,19.2154,-18.8891,-19.1353
65.000000,15,64.8041,179.4833,-0.4916,-39.1330,-39.1346
65.000000,16,64.8041,179.3227,14.5732,-23.9075,-23.9838
65.000000,17,64.8041,179.1614,12.7507,-25.5687,-25.6266
65.000000,18,64.8041,179.0207,22.8135,-15.3652,-16.5642
65.000000,19,64.8041,178.8916,22.1523,-15.8973,-16.3313
65.000000,20,64.8041,179.4488,7.9605,-30.6463,-30.6686
65.000000,21,64.8041,179.2868,8.8466,-29.5983,-29.6378
65.000000,22,64.8041,179.1244,8.8346,-29.4478,-29.4744
65.000000,23,64.8041,178.9825,9.3395,-28.8011,-28.8139
65.000000,24,64.8041,178.8523,19.1393,-18.8710,-19.1174
66.000000,0,64.5841,179.6884,17.8556,-20.9909,-21.2093
66.000000,1,64.5841,179.5348,7.9381,-30.7548,-30.7606
66.000000,2,64.5841,179.3905,8.3835,-30.1650,-30.1882
66.000000,3,64.5841,179.2564,8.0389,-30.3756,-30.3965
66.000000,4,64.5841,179.1236,9.3452,-28.9364,-28.9694
66.000000,5,64.5841,179.6105,20.9923,-17.7762,-18.6683
66.000000,6,64.5841,179.4542,17.8831,-20.7291,-20.8630
66.000000,7,64.5841,179.3073,19.4336,-19.0317,-19.4355
66.000000,8,64.5841,179.1608,6.9854,-31.3334,-31.3423
66.000000,9,64.5841,179.0357,9.6333,-28.5604,-28.5948
66.000000,10,64.5841,179.5452,17.4999,-21.2033,-21.3855
66.000000,11,64.5841,179.3867,21.3249,-17.2198,-17.8576
66.000000,12,64.5841,179.2376,22.0354,-16.3603,-17.1425
66.000000,13,64.5841,179.0889,22.4723,-15.7746,-16.6172
66.000000,14,64.5841,178.9618,20.1347,-17.9852,-18.3251
66.000000,15,64.5841,179.4932,-0.9680,-39.6192,-39.6208
66.000000,16,64.5841,179.3329,14.2009,-24.2900,-24.3614
66.000000,17,64.5841,179.1720,13.1603,-25.1698,-25.2275
66.000000,18,64.5841,179.0316,22.9750,-15.2146,-16.4656
66.000000,19,64.5841,178.9029,20.7986,-17.2624,-17.5757
66.000000,20,64.5841,179.4549,7.6475,-30.9655,-30.9847
66.000000,21,64.5841,179.2932,8.8805,-29.5708,-29.6144
66.000000,22,64.5841,179.1310,8.3013,-29.9877,-30.0086
66.000000,23,64.5841,178.9893,11.1005,-27.0469,-27.0662
66.000000,24,64.5841,178.8594,19.6751,-18.3424,-18.6132
67.000000,0,64.3525,179.7095,18.2692,-20.5983,-20.8345
67.000000,1,64.3525,179.5566,10.3929,-28.3218,-28.3358
67.000000,2,64.3525,179.4130,7.7085,-30.8626,-30.8782
67.000000,3,64.3525,179.2796,8.7221,-29.7155,-29.7505
67.000000,4,64.3525,179.1475,8.3433,-29.9623,-29.9842
67.000000,5,64.3525,179.6282,21.0492,-17.7370,-18.6949
67.000000,6,64.3525,179.4726,16.3516,-22.2791,-22.3885
67.000000,7,64.3525,179.3263,19.5409,-18.9435,-19.3598
67.000000,8,64.3525,179.1804,6.2589,-32.0795,-32.0864
67.000000,9,64.3525,179.0558,9.7341,-28.4798,-28.5197
67.000000,10,64.3525,179.5595,17.8487,-20.8689,-21.0748
67.000000,11,64.3525,179.4016,20.8189,-17.7407,-18.2346
67.000000,12,64.3525,179.2530,22.1058,-16.3052,-17.2744
67.000000,13,64.3525,179.1048,21.8541,-16.4087,-16.9984
67.000000,14,64.3525,178.9781,20.6065,-17.5297,-17.9585
67.000000,15,64.3525,179.5040,-1.5821,-40.2441,-40.2459
67.000000,16,64.3525,179.3441,13.9330,-24.5691,-24.6343
67.000000,17,64.3525,179.1835,14.3868,-23.9548,-24.0257
67.000000,18,64.3525,179.0435,22.9622,-15.2394,-16.4931
67.000000,19,64.3525,178.9152,20.0922,-17.9810,-18.2832
67.000000,20,64.3525,179.4620,7.2479,-31.3721,-31.3884
67.000000,21,64.3525,179.3006,8.8623,-29.5963,-29.6444
67.000000,22,64.3525,179.1386,7.5901,-30.7065,-30.7221
67.000000,23,64.3525,178.9972,12.5970,-25.5583,-25.5885
67.000000,24,64.3525,178.8675,19.8150,-18.2106,-18.4821
68.000000,0,64.1100,179.7313,18.3613,-20.5281,-20.7624
68.000000,1,64.1100,179.5792,12.2564,-26.4808,-26.5092
68.000000,2,64.1100,179.4363,6.4147,-32.1797,-32.1888
68.000000,3,64.1100,179.3036,8.8032,-29.6584,-29.7083
68.000000,4,64.1100,179.1721,6.5214,-31.8088,-31.8208
68.000000,5,64.1100,179.6468,21.0701,-17.7348,-18.7182
68.000000,6,64.1100,179.4919,16.8346,-21.8153,-21.9379
68.000000,7,64.1100,179.3462,19.7305,-18.7738,-19.1702
68.000000,8,64.1100,179.2109,9.2485,-29.1204,-29.1296
68.000000,9,64.1100,179.0769,9.8318,-28.4032,-28.4433
68.000000,10,64.1100,179.5747,18.2060,-20.5268,-20.7518
68.000000,11,64.1100,179.4173,20.0641,-18.5113,-18.8682
68.000000,12,64.1100,179.2692,22.0711,-16.3561,-17.4888
68.000000,13,64.1100,179.1216,20.8854,-17.3942,-17.7591
68.000000,14,64.1100,178.9954,20.6596,-17.4938,-17.9814
68.000000,15,64.1100,179.5156,0.3785,-38.2952,-38.2973
68.000000,16,64.1100,179.3561,13.6457,-24.8684,-24.9264
68.000000,17,64.1100,179.1960,15.7956,-22.5585,-22.6594
68.000000,18,64.1100,179.0564,23.1210,-15.0935,-16.2822
68.000000,19,64.1100,178.9285,21.6222,-16.4642,-16.8683
68.000000,20,64.1100,179.4700,6.7409,-31.8871,-31.9006
68.000000,21,64.1100,179.3089,8.7763,-29.6906,-29.7433
68.000000,22,64.1100,179.1472,6.6504,-31.6548,-31.6657
68.000000,23,64.1100,179.0061,13.8215,-24.3426,-24.3898
68.000000,24,64.1100,178.8767,19.4787,-18.5560,-18.8017
69.000000,0,63.8569,179.7539,18.1018,-20.8101,-21.0219
69.000000,1,63.8569,179.6026,13.6241,-25.1365,-25.1859
69.000000,2,63.8569,179.4604,4.2957,-34.3228,-34.3273
69.000000,3,63.8569,179.3284,8.8619,-29.6246,-29.6854
69.000000,4,63.8569,179.2077,4.0156,-34.3501,-34.3555
69.000000,5,63.8569,179.6662,21.0102,-17.8141,-18.7786
69.000000,6,63.8569,179.5120,18.3620,-20.3080,-20.4918
69.000000,7,63.8569,179.3669,19.5903,-18.9347,-19.2833
69.000000,8,63.8569,179.2322,11.1326,-27.2577,-27.2745
69.000000,9,63.8569,179.0989,9.6938,-28.5631,-28.5977
69.000000,10,63.8569,179.5908,18.3519,-20.3969,-20.6356
69.000000,11,63.8569,179.4339,19.2324,-19.3595,-19.5971
69.000000,12,63.8569,179.2864,22.0883,-16.3561,-17.6046
69.000000,13,63.8569,179.1393,19.3983,-18.8990,-19.1076
69.000000,14,63.8569,179.0136,20.2968,-17.8749,-18.3765
69.000000,15,63.8569,179.5281,2.0391,-36.6471,-36.6500
69.000000,16,63.8569,179.3691,13.5244,-25.0027,-25.0519
69.000000,17,63.8569,179.2194,17.0202,-21.3573,-21.5067
69.000000,18,63.8569,179.0703,22.9631,-15.2652,-16.3281
69.000000,19,63.8569,178.9427,22.6324,-15.4683,-16.1105
69.000000,20,63.8569,179.4788,6.0977,-32.5392,-32.5501
69.000000,21,63.8569,179.3181,8.8675,-29.6086,-29.6656
69.000000,22,63.8569,179.1567,5.4123,-32.9025,-32.9097
69.000000,23,63.8569,179.0159,14.7589,-23.4150,-23.4857
69.000000,24,63.8569,178.8868,18.5218,-19.5230,-19.7235
70.000000,0,63.5939,179.7772,17.4454,-21.4899,-21.6627
70.000000,1,63.5939,179.6267,14.5426,-24.2421,-24.3175
70.000000,2,63.5939,179.4853,1.0178,-37.6255,-37.6277
70.000000,3,63.5939,179.3541,8.8822,-29.6299,-29.6945
70.000000,4,63.5939,179.2340,0.0220,-38.3701,-38.3735
70.000000,5,63.5939,179.6864,21.0335,-17.8110,-18.7094
70.000000,6,63.5939,179.5328,19.4331,-19.2578,-19.5544
70.000000,7,63.5939,179.3885,19.0789,-19.4677,-19.7468
70.000000,8,63.5939,179.2545,12.3038,-26.1087,-26.1360
70.000000,9,63.5939,179.1217,8.7969,-29.4829,-29.5084
70.000000,10,63.5939,179.6076,18.2881,-20.4776,-20.7225
70.000000,11,63.5939,179.4514,18.0940,-20.5154,-20.6672
70.000000,12,63.5939,179.3044,22.1072,-16.3553,-17.6558
70.000000,13,63.5939,179.1579,17.1588,-21.1571,-21.3084
70.000000,14,63.5939,179.0328,20.0652,-18.1256,-18.5854
70.000000,15,63.5939,179.5415,3.4397,-35.2598,-35.2641
70.000000,16,63.5939,179.3830,13.2314,-25.3096,-25.3498
70.000000,17,63.5939,179.2338,18.2727,-20.1192,-20.3320
70.000000,18,63.5939,179.0851,22.5736,-15.6695,-16.5495
70.000000,19,63.5939,178.9580,23.1838,-14.9322,-15.8925
70.000000,20,63.5939,179.4886,5.2781,-33.3685,-33.3770
70.000000,21,63.5939,179.3282,8.8693,-29.6169,-29.6777
70.000000,22,63.5939,179.1672,3.7710,-34.5543,-34.5589
70.000000,23,63.5939,179.0268,15.3875,-22.7974,-22.8974
70.000000,24,63.5939,178.8980,17.4224,-20.6336,-20.7841
71.000000,0,63.3213,179.8013,16.7362,-22.2231,-22.3480
71.000000,1,63.3213,179.6516,15.1937,-23.6159,-23.7180
71.000000,2,63.3213,179.5110,-0.8069,-39.4759,-39.4776
71.000000,3,63.3213,179.3805,8.8766,-29.6619,-29.7220
71.000000,4,63.3213,179.2611,3.4268,-34.9924,-34.9971
71.000000,5,63.3213,179.7074,21.0721,-17.7933,-18.5835
71.000000,6,63.3213,179.5545,20.2066,-18.5060,-18.9508
71.000000,7,63.3213,179.4109,18.1180,-20.4509,-20.6503
71.000000,8,63.3213,179.2775,12.9208,-25.5148,-25.5525
71.000000,9,63.3213,179.1454,7.4988,-30.8047,-30.8199
71.000000,10,63.3213,179.6253,18.0089,-20.7744,-21.0175
71.000000,11,63.3213,179.4697,16.4927,-22.1351,-22.2455
71.000000,12,63.3213,179.3233,22.0217,-16.4597,-17.7387
71.000000,13,63.3213,179.1774,18.2259,-20.1096,-20.2838
71.000000,14,63.3213,179.0528,19.7084,-18.5025,-18.8783
71.000000,15,63.3213,179.5557,4.6078,-34.1060,-34.1123
71.000000,16,63.3213,179.3977,12.7289,-25.8268,-25.8581
71.000000,17,63.3213,179.2490,19.1652,-19.2419,-19.5306
71.000000,18,63.3213,179.1008,22.0515,-16.2073,-16.8644
71.000000,19,63.3213,178.9742,23.3261,-14.8061,-16.0873
71.000000,20,63.3213,179.4993,4.4202,-34.2371,-34.2434
71.000000,21,63.3213,179.3393,8.7890,-29.7083,-29.7719
71.000000,22,63.3213,179.1787,1.5514,-36.7853,-36.7886
71.000000,23,63.3213,179.0386,16.2193,-21.9773,-22.1065
71.000000,24,63.3213,178.9102,16.2208,-21.8474,-21.9793
72.000000,0,63.0396,179.8261,15.7812,-23.2030,-23.2874
72.000000,1,63.0396,179.6772,15.7605,-23.0748,-23.1976
72.000000,2,63.0396,179.5374,2.2245,-36.4709,-36.4733
72.000000,3,63.0396,179.4077,8.8538,-29.7120,-29.7602
72.000000,4,63.0396,179.2891,5.9116,-32.5355,-32.5447
72.000000,5,63.0396,179.7291,20.9331,-17.9541,-18.6060
72.000000,6,63.0396,179.5770,20.7343,-18.0008,-18.6053
72.000000,7,63.0396,179.4341,16.6024,-21.9898,-22.1150
72.000000,8,63.0396,179.3014,13.0423,-25.4172,-25.4627
72.000000,9,63.0396,179.1700,5.4446,-32.8834,-32.8914
72.000000,10,63.0396,179.6438,17.6273,-21.1746,-21.4062
72.000000,11,63.0396,179.4888,16.2640,-22.3829,-22.4919
72.000000,12,63.0396,179.3431,22.1119,-16.3893,-17.5647
72.000000,13,63.0396,179.1978,19.4897,-18.8661,-19.1537
72.000000,14,63.0396,179.0738,19.0914,-19.1404,-19.4097
72.000000,15,63.0396,179.5708,5.6011,-33.1277,-33.1369
72.000000,16,63.0396,179.4133,11.9638,-26.6075,-26.6305
72.000000,17,63.0396,179.2652,19.7275,-18.6957,-19.0648
72.000000,18,63.0396,179.1175,21.4167,-16.8588,-17.2885
72.000000,19,63.0396,178.9913,23.3522,-14.7971,-16.3241
72.000000,20,63.0396,179.5108,3.4232,-35.2457,-35.2503
72.000000,21,63.0396,179.3512,8.8817,-29.6275,-29.6921
72.000000,22,63.0396,179.1910,1.1975,-37.1516,-37.1545
72.000000,23,63.0396,179.0514,16.9424,-21.2670,-21.4210
72.000000,24,63.0396,178.9233,17.6429,-20.4385,-20.6086
73.000000,0,62.7494,179.8516,14.3488,-24.6609,-24.7300
73.000000,1,62.7494,179.7035,16.2613,-22.6002,-22.7320
73.000000,2,62.7494,179.5646,4.0156,-34.7071,-34.7114
73.000000,3,62.7494,179.4357,8.7197,-29.8739,-29.9066
73.000000,4,62.7494,179.3178,7.2112,-31.2646,-31.2795
73.000000,5,62.7494,179.7516,20.6877,-18.2219,-18.7189
73.000000,6,62.7494,179.6003,20.9876,-17.7707,-18.5214
73.000000,7,62.7494,179.4581,14.7477,-23.8684,-23.9411
73.000000,8,62.7494,179.3262,12.9296,-25.5546,-25.6026
73.000000,9,62.7494,179.2054,3.6145,-34.7489,-34.7556
73.000000,10,62.7494,179.6631,17.3601,-21.4610,-21.6712
73.000000,11,62.7494,179.5088,17.5008,-21.1660,-21.3127
73.000000,12,62.7494,179.3638,22.0907,-16.4311,-17.4320
73.000000,13,62.7494,179.2290,20.4558,-17.9312,-18.3868
73.000000,14,62.7494,179.0957,17.8995,-20.3542,-20.5198
73.000000,15,62.7494,179.5868,6.4093,-32.3355,-32.3483
73.000000,16,62.7494,179.4298,10.8555,-27.7324,-27.7480
73.000000,17,62.7494,179.2823,19.9647,-18.4756,-18.9193
73.000000,18,62.7494,179.1351,20.2438,-18.0494,-18.3049
73.000000,19,62.7494,179.0094,23.3541,-14.8134,-16.4589
73.000000,20,62.7494,179.5232,2.1329,-36.5483,-36.5518
73.000000,21,62.7494,179.3641,8.8263,-29.6958,-29.7596
73.000000,22,62.7494,179.2144,2.5899,-35.7825,-35.7859
73.000000,23,62.7494,179.0651,17.5849,-20.6383,-20.8057
73.000000,24,62.7494,178.9375,19.7090,-18.3865,-18.6896
74.000000,0,62.4512,179.8778,15.7532,-23.2826,-23.3639
74.000000,1,62.4512,179.7306,16.5052,-22.3834,-22.5095
74.000000,2,62.4512,179.5925,4.7898,-33.9608,-33.9679
74.000000,3,62.4512,179.4644,7.8884,-30.7341,-30.7522
74.000000,4,62.4512,179.3472,7.6561,-30.8492,-30.8689
74.000000,5,62.4512,179.7748,20.1572,-18.7756,-19.1217
74.000000,6,62.4512,179.6243,21.0585,-17.7238,-18.5824
74.000000,7,62.4512,179.4829,12.7047,-25.9362,-25.9936
74.000000,8,62.4512,179.3517,12.6527,-25.8571,-25.9013
74.000000,9,62.4512,179.2316,6.2720,-32.1177,-32.1289
74.000000,10,62.4512,179.6832,17.0964,-21.7449,-21.9263
74.000000,11,62.4512,179.5296,18.4692,-20.2184,-20.4421
74.000000,12,62.4512,179.3852,22.0346,-16.5086,-17.2812
74.000000,13,62.4512,179.2511,21.1494,-17.2597,-17.8908
74.000000,14,62.4512,179.1184,15.9931,-22.2833,-22.3674
74.000000,15,62.4512,179.6035,7.0369,-31.7246,-31.7417
74.000000,16,62.4512,179.4472,9.2691,-29.3362,-29.3460
74.000000,17,62.4512,179.3002,20.0431,-18.4152,-18.9143
74.000000,18,62.4512,179.1536,18.3049,-20.0067,-20.1923
74.000000,19,62.4512,179.0284,23.3745,-14.8120,-16.4223
74.000000,20,62.4512,179.5365,0.6493,-38.0453,-38.0481
74.000000,21,62.4512,179.3779,8.8626,-29.6734,-29.7339
74.000000,22,62.4512,179.2286,4.1594,-34.2273,-34.2318
74.000000,23,62.4512,179.0798,17.7986,-20.4392,-20.6059
74.000000,24,62.4512,178.9526,21.2762,-16.8344,-17.3733
75.000000,0,62.1453,179.9047,17.4644,-21.5983,-21.7330
75.000000,1,62.1453,179.7584,16.2958,-22.6206,-22.7277
75.000000,2,62.1453,179.6211,5.6030,-33.1761,-33.1860
75.000000,3,62.1453,179.4938,6.2079,-32.4439,-32.4527
75.000000,4,62.1453,179.3775,7.5521,-30.9834,-31.0050
75.000000,5,62.1453,179.7988,19.2850,-19.6719,-19.8904
75.000000,6,62.1453,179.6491,21.0554,-17.7517,-18.6607
75.000000,7,62.1453,179.5085,14.9896,-23.6770,-23.7536
75.000000,8,62.1453,179.3780,12.4532,-26.0829,-26.1175
75.000000,9,62.1453,179.2587,7.8913,-30.5254,-30.5477
75.000000,10,62.1453,179.7040,16.8280,-22.0341,-22.1822
75.000000,11,62.1453,179.5512,19.3125,-19.3967,-19.7201
75.000000,12,62.1453,179.4075,21.5670,-16.9985,-17.5283
75.000000,13,62.1453,179.2741,21.5734,-16.8587,-17.6276
75.000000,14,62.1453,179.1420,13.0489,-25.2511,-25.2871
75.000000,15,62.1453,179.6211,7.4864,-31.2928,-31.3143
75.000000,16,62.1453,179.4654,6.9462,-31.6773,-31.6834
75.000000,17,62.1453,179.3190,20.1529,-18.3241,-18.8469
75.000000,18,62.1453,179.1730,19.1838,-19.1472,-19.3653
75.000000,19,62.1453,179.0484,23.3817,-14.8247,-16.2457
75.000000,20,62.1453,179.5507,0.0926,-38.6161,-38.6189
75.000000,21,62.1453,179.3925,8.8281,-29.7225,-29.7774
75.000000,22,62.1453,179.2438,5.2775,-33.1243,-33.1308
75.000000,23,62.1453,179.0955,17.5167,-20.7368,-20.8865
75.000000,24,62.1453,178.9687,22.4739,-15.6529,-16.4909
76.000000,0,61.8323,179.9322,18.6313,-20.4589,-20.6889
76.000000,1,61.8323,179.7868,15.5657,-23.3792,-23.4586
76.000000,2,61.8323,179.6504,6.8245,-31.9839,-31.9958
76.000000,3,61.8323,179.5240,3.9241,-34.7579,-34.7645
76.000000,4,61.8323,179.4084,7.3969,-31.1695,-31.1891
76.000000,5,61.8323,179.8235,17.9943,-20.9873,-21.1182
76.000000,6,61.8323,179.6746,21.0141,-17.8185,-18.7110
76.000000,7,61.8323,179.5348,16.7816,-21.9112,-22.0504
76.000000,8,61.8323,179.4051,11.6903,-26.8728,-26.8960
76.000000,9,61.8323,179.2865,8.6724,-29.7721,-29.8082
76.000000,10,61.8323,179.7257,16.2857,-22.5980,-22.7124
76.000000,11,61.8323,179.5736,20.0498,-18.6818,-19.1091
76.000000,12,61.8323,179.4306,20.6195,-17.9691,-18.2862
76.000000,13,61.8323,179.2979,21.5075,-16.9485,-17.7895
76.000000,14,61.8323,179.1665,8.2401,-30.0844,-30.1060
76.000000,15,61.8323,179.6395,7.7552,-31.0423,-31.0682
76.000000,16,61.8323,179.4845,3.8048,-34.8377,-34.8423
76.000000,17,61.8323,179.3387,20.3781,-18.1187,-18.6252
76.000000,18,61.8323,179.1933,20.6414,-17.7099,-18.0819
76.000000,19,61.8323,179.0693,23.0626,-15.1647,-16.2768
76.000000,20,61.8323,179.5657,1.6465,-37.0772,-37.0802
76.000000,21,61.8323,179.4081,8.8035,-29.7626,-29.8098
76.000000,22,61.8323,179.2598,5.9843,-32.4335,-32.4426
76.000000,23,61.8323,179.1120,16.6114,-21.6587,-21.7778
76.000000,24,61.8323,178.9858,23.0547,-15.0891,-16.2319
77.000000,0,61.5126,179.9604,19.3741,-19.7444,-20.0979
77.000000,1,61.5126,179.8159,14.1688,-24.8052,-24.8569
77.000000,2,61.5126,179.6804,7.4143,-31.4241,-31.4374
77.000000,3,61.5126,179.5548,6.0753,-32.6376,-32.6477
77.000000,4,61.5126,179.4401,7.1215,-31.4766,-31.4912
77.000000,5,61.5126,179.8489,16.1434,-22.8636,-22.9567
77.000000,6,61.5126,179.7009,21.0547,-17.8041,-18.6116
77.000000,7,61.5126,179.5619,18.1084,-20.6115,-20.8427
77.000000,8,61.5126,179.4330,10.2540,-28.3370,-28.3495
77.000000,9,61.5126,179.3151,8.8360,-29.6371,-29.6847
77.000000,10,61.5126,179.7481,15.4384,-23.4677,-23.5507
77.000000,11,61.5126,179.5967,20.3793,-18.3754,-18.8963
77.000000,12,61.5126,179.4545,19.0527,-19.5598,-19.7407
77.000000,13,61.5126,179.3225,21.4585,-17.0221,-17.8454
77.000000,14,61.5126,179.1918,10.9074,-27.4425,-27.4677
77.000000,15,61.5126,179.6587,7.8359,-30.9808,-31.0104
77.000000,16,61.5126,179.5043,5.3436,-33.3187,-33.3228
77.000000,17,61.5126,179.3592,20.2874,-18.2298,-18.6847
77.000000,18,61.5126,179.2244,21.4893,-16.8932,-17.5111
77.000000,19,61.5126,179.0910,22.2677,-15.9813,-16.7275
77.000000,20,61.5126,179.5815,3.3030,-35.4365,-35.4406
77.000000,21,61.5126,179.4245,8.7342,-29.8483,-29.8861
77.000000,22,61.5126,179.2768,6.3209,-32.1139,-32.1259
77.000000,23,61.5126,179.1295,15.2298,-23.0578,-23.1401
77.000000,24,61.5126,179.0038,23.1686,-14.9932,-16.3745
78.000000,0,61.1866,179.9893,19.9311,-19.2162,-19.6994
78.000000,1,61.1866,179.8457,11.8816,-27.1222,-27.1574
78.000000,2,61.1866,179.7111,7.8175,-31.0517,-31.0650
78.000000,3,61.1866,179.5864,7.1541,-31.5903,-31.6096
78.000000,4,61.1866,179.4724,6.0181,-32.6123,-32.6210
78.000000,5,61.1866,179.8750,16.0151,-23.0180,-23.1141
78.000000,6,61.1866,179.7278,20.9829,-17.9029,-18.5702
78.000000,7,61.1866,179.5897,19.1724,-19.5754,-19.9049
78.000000,8,61.1866,179.4616,7.8725,-30.7471,-30.7526
78.000000,9,61.1866,179.3445,8.7996,-29.7029,-29.7554
78.000000,10,61.1866,179.7713,14.2292,-24.7001,-24.7559
78.000000,11,61.1866,179.6207,20.3230,-18.4557,-19.0444
78.000000,12,61.1866,179.4792,17.1783,-21.4590,-21.6087
78.000000,13,61.1866,179.3480,21.3332,-17.1728,-17.8930
78.000000,14,61.1866,179.2279,13.4144,-24.9715,-25.0139
78.000000,15,61.1866,179.6787,7.7449,-31.0918,-31.1239
78.000000,16,61.1866,179.5250,7.8039,-30.8792,-30.8848
78.000000,17,61.1866,179.3806,19.7432,-18.7955,-19.1701
78.000000,18,61.1866,179.2465,22.0077,-16.3968,-17.2862
78.000000,19,61.1866,179.1137,20.8352,-17.4366,-17.8485
78.000000,20,61.1866,179.5982,4.5543,-34.2020,-34.2076
78.000000,21,61.1866,179.4417,8.3963,-30.2035,-30.2315
78.000000,22,61.1866,179.2946,6.3004,-32.1523,-32.1674
78.000000,23,61.1866,179.1479,13.6993,-24.6066,-24.6604
78.000000,24,61.1866,179.0227,23.2395,-14.9412,-16.4293
79.000000,0,60.8549,180.0588,20.1243,-19.0925,-19.6862
79.000000,1,60.8549,179.8762,12.0756,-26.9586,-26.9936
79.000000,2,60.8549,179.7424,7.9912,-30.9093,-30.9212
79.000000,3,60.8549,179.6186,7.7670,-31.0096,-31.0399
79.000000,4,60.8549,179.5054,3.8499,-34.8136,-34.8177
79.000000,5,60.8549,179.9018,17.1784,-21.8815,-22.0181
79.000000,6,60.8549,179.7555,20.6369,-18.2766,-18.7724
79.000000,7,60.8549,179.6182,19.6948,-19.0814,-19.4955
79.000000,8,60.8549,179.4909,3.8051,-34.8439,-34.8477
79.000000,9,60.8549,179.3746,8.8039,-29.7287,-29.7773
79.000000,10,60.8549,179.7951,12.5565,-26.3967,-26.4314
79.000000,11,60.8549,179.6454,20.4020,-18.4014,-19.0152
79.000000,12,60.8549,179.5047,19.1282,-19.5345,-19.7378
79.000000,13,60.8549,179.3742,21.0075,-17.5248,-18.0787
79.000000,14,60.8549,179.2548,14.7389,-23.6740,-23.7364
79.000000,15,60.8549,179.6995,7.8384,-31.0192,-31.0520
79.000000,16,60.8549,179.5465,9.4389,-29.2657,-29.2757
79.000000,17,60.8549,179.4028,18.8366,-19.7243,-20.0007
79.000000,18,60.8549,179.2693,22.0764,-16.3509,-17.4728
79.000000,19,60.8549,179.1372,18.7096,-19.5856,-19.7841
79.000000,20,60.8549,179.6157,5.4817,-33.2920,-33.3000
79.000000,21,60.8549,179.4599,7.7445,-30.8734,-30.8924
79.000000,22,60.8549,179.3133,7.5788,-30.8926,-30.9097
79.000000,23,60.8549,179.1672,12.2960,-26.0292,-26.0832
79.000000,24,60.8549,179.0425,23.3518,-14.8488,-16.2787
80.000000,0,60.5177,180.0889,20.1981,-19.0488,-19.7221
80.000000,1,60.5177,179.9072,14.3275,-24.7377,-24.7973
80.000000,2,60.5177,179.7744,8.0316,-30.9009,-30.9099
80.000000,3,60.5177,179.6514,7.7360,-31.0734,-31.1129
80.000000,4,60.5177,179.5391,-0.1190,-38.8161,-38.8185
80.000000,5,60.5177,179.9293,18.1935,-20.8938,-21.1004
80.000000,6,60.5177,179.7839,20.0380,-18.9039,-19.2272
80.000000,7,60.5177,179.6474,19.7237,-19.0818,-19.5470
80.000000,8,60.5177,179.5210,6.0640,-32.6150,-32.6207
80.000000,9,60.5177,179.4054,8.7161,-29.8473,-29.8849
80.000000,10,60.5177,179.8198,10.3830,-28.5948,-28.6146
80.000000,11,60.5177,179.6708,20.4222,-18.4066,-19.0005
80.000000,12,60.5177,179.5309,20.3183,-18.3707,-18.7246
80.000000,13,60.5177,179.4012,20.0943,-18.4650,-18.8316
80.000000,14,60.5177,179.2826,15.1953,-23.2453,-23.3211
80.000000,15,60.5177,179.7211,7.7499,-31.1292,-31.1609
80.000000,16,60.5177,179.5688,10.5088,-28.2180,-28.2344
80.000000,17,60.5177,179.4258,17.7764,-20.8075,-20.9844
80.000000,18,60.5177,179.2931,22.0957,-16.3554,-17.6128
80.000000,19,60.5177,179.1615,17.3749,-20.9447,-21.0921
80.000000,20,60.5177,179.6340,6.1281,-32.6639,-32.6746
80.000000,21,60.5177,179.4788,6.7073,-31.9296,-31.9414
80.000000,22,60.5177,179.3329,9.0185,-29.4725,-29.4903
80.000000,23,60.5177,179.1874,15.7361,-22.6094,-22.6948
80.000000,24,60.5177,179.0633,23.2055,-15.0158,-16.2297
81.000000,0,60.1755,180.1196,20.1803,-19.0974,-19.8020
81.000000,1,60.1755,179.9389,16.0711,-23.0259,-23.1392
81.000000,2,60.1755,179.8071,7.3905,-31.5746,-31.5802
81.000000,3,60.1755,179.6850,7.7601,-31.0829,-31.1261
81.000000,4,60.1755,179.5735,1.8663,-36.8652,-36.8683
81.000000,5,60.1755,179.9574,19.0298,-20.0857,-20.3740
81.000000,6,60.1755,179.8129,18.9173,-20.0537,-20.2405
81.000000,7,60.1755,179.6774,19.7119,-19.1235,-19.5903
81.000000,8,60.1755,179.5517,9.3797,-29.3301,-29.3415
81.000000,9,60.1755,179.4370,8.1860,-30.4090,-30.4325
81.000000,10,60.1755,179.8451,8.0590,-30.9441,-30.9550
81.000000,11,60.1755,179.6970,20.3518,-18.5032,-19.0348
81.000000,12,60.1755,179.5579,20.9285,-17.7874,-18.3448
81.000000,13,60.1755,179.4290,18.4551,-20.1319,-20.3354
81.000000,14,60.1755,179.3111,14.9340,-23.5351,-23.6130
81.000000,15,60.1755,179.7434,7.8305,-31.0710,-31.0996
81.000000,16,60.1755,179.5919,11.1313,-27.6187,-27.6427
81.000000,17,60.1755,179.4496,16.6012,-22.0065,-22.1058
81.000000,18,60.1755,179.3176,22.1097,-16.3659,-17.6324
81.000000,19,60.1755,179.1868,19.2854,-19.0594,-19.2914
81.000000,20,60.1755,179.6531,6.5133,-32.2979,-32.3114
81.000000,21,60.1755,179.4986,5.1637,-33.4930,-33.5005
81.000000,22,60.1755,179.3534,9.9366,-28.5749,-28.5926
81.000000,23,60.1755,179.2185,17.9257,-20.4508,-20.6184
81.000000,24,60.1755,179.0850,22.9639,-15.2791,-16.1550
82.000000,0,59.8287,180.1510,20.1974,-19.1116,-19.7933
82.000000,1,59.8287,179.9712,17.3643,-21.7650,-21.9537
82.000000,2,59.8287,179.8403,5.8585,-33.1399,-33.1427
82.000000,3,59.8287,179.7191,7.7873,-31.0898,-31.1303
82.000000,4,59.8287,179.6085,4.3813,-34.3852,-34.3919
82.000000,5,59.8287,179.9862,19.5030,-19.6412,-20.0078
82.000000,6,59.8287,179.8426,17.1104,-21.8902,-22.0067
82.000000,7,59.8287,179.7080,19.6198,-19.2462,-19.6640
82.000000,8,59.8287,179.5832,11.3193,-27.4219,-27.4421
82.000000,9,59.8287,179.4692,6.9884,-31.6389,-31.6505
82.000000,10,59.8287,179.8711,5.2954,-33.7337,-33.7416
82.000000,11,59.8287,179.7238,19.8451,-19.0368,-19.4763
82.000000,12,59.8287,179.5857,21.0305,-17.7131,-18.4738
82.000000,13,59.8287,179.4575,16.0219,-22.5937,-22.6977
82.000000,14,59.8287,179.3403,14.0637,-24.4347,-24.5032
82.000000,15,59.8287,179.7665,7.6584,-31.2661,-31.2902
82.000000,16,59.8287,179.6158,11.5303,-27.2435,-27.2749
82.000000,17,59.8287,179.4743,14.6086,-24.0237,-24.0921
82.000000,18,59.8287,179.3429,22.0747,-16.4262,-17.5712
82.000000,19,59.8287,179.2228,20.1867,-18.1941,-18.6096
82.000000,20,59.8287,179.6730,6.6405,-32.1906,-32.2069
82.000000,21,59.8287,179.5192,3.7407,-34.9366,-34.9429
82.000000,22,59.8287,179.3747,10.3338,-28.1989,-28.2154
82.000000,23,59.8287,179.2404,19.2744,-19.1241,-19.4163
82.000000,24,59.8287,179.1075,22.1249,-16.1406,-16.6564
83.000000,0,59.4777,180.1829,20.1792,-19.1617,-19.7701
83.000000,1,59.4777,180.0041,18.4439,-20.7182,-20.9887
83.000000,2,59.4777,179.8741,2.8844,-36.1478,-36.1502
83.000000,3,59.4777,179.7538,7.8011,-31.1107,-31.1433
83.000000,4,59.4777,179.6441,6.0717,-32.7304,-32.7423
83.000000,5,59.4777,180.0556,19.5779,-19.6357,-20.0600
83.000000,6,59.4777,179.8730,16.9593,-22.0717,-22.1861
83.000000,7,59.4777,179.7392,19.4154,-19.4818,-19.8109
83.000000,8,59.4777,179.6153,12.3946,-26.3787,-26.4080
83.000000,9,59.4777,179.5022,4.6226,-34.0376,-34.0436
83.000000,10,59.4777,179.8978,8.0058,-31.0501,-31.0572
83.000000,11,59.4777,179.7514,19.1945,-19.7149,-20.0430
83.000000,12,59.4777,179.6141,21.0665,-17.7056,-18.6176
83.000000,13,59.4777,179.4868,15.3294,-23.3154,-23.3969
83.000000,14,59.4777,179.3704,13.0916,-25.4368,-25.4868
83.000000,15,59.4777,179.7903,7.2078,-31.7405,-31.7593
83.000000,16,59.4777,179.6404,12.0138,-26.7846,-26.8212
83.000000,17,59.4777,179.4997,15.0865,-23.5712,-23.6548
83.000000,18,59.4777,179.3691,22.1148,-16.4123,-17.3229
83.000000,19,59.4777,179.2496,20.8598,-17.5479,-18.1496
83.000000,20,59.4777,179.6937,6.8616,-31.9902,-32.0087
83.000000,21,59.4777,179.5406,5.5122,-33.1865,-33.1941
83.000000,22,59.4777,179.3968,10.1615,-28.3933,-28.4074
83.000000,23,59.4777,179.2632,19.9537,-18.4676,-18.9022
83.000000,24,59.4777,179.1310,20.3745,-17.9145,-18.1758
84.000000,0,59.1228,180.2153,20.1462,-19.2272,-19.7234
84.000000,1,59.1228,180.0775,19.0704,-20.1652,-20.5061
84.000000,2,59.1228,179.9085,4.8702,-34.1964,-34.2006
84.000000,3,59.1228,179.7892,7.4992,-31.4480,-31.4699
84.000000,4,59.1228,179.6803,7.0175,-31.8208,-31.8375
84.000000,5,59.1228,180.0857,19.5451,-19.6986,-20.1549
84.000000,6,59.1228,179.9039,18.6194,-20.4426,-20.6211
84.000000,7,59.1228,179.7711,18.6689,-20.2602,-20.4853
84.000000,8,59.1228,179.6481,12.7946,-26.0115,-26.0476
84.000000,9,59.1228,179.5358,4.4456,-34.2482,-34.2553
84.000000,10,59.1228,179.9252,9.6325,-29.4507,-29.4611
84.000000,11,59.1228,179.7797,18.3709,-20.5668,-20.7832
84.000000,12,59.1228,179.6432,21.0544,-17.7469,-18.7280
84.000000,13,59.1228,179.5167,17.3409,-21.3339,-21.4660
84.000000,14,59.1228,179.4011,12.0083,-26.5508,-26.5800
84.000000,15,59.1228,179.8148,6.4330,-32.5398,-32.5532
84.000000,16,59.1228,179.6657,12.6507,-26.1731,-26.2114
84.000000,17,59.1228,179.5258,17.4162,-21.2677,-21.4117
84.000000,18,59.1228,179.3960,21.7599,-16.7941,-17.4140
84.000000,19,59.1228,179.2773,21.3618,-17.0735,-17.7924
84.000000,20,59.1228,179.7152,6.9478,-31.9254,-31.9451
84.000000,21,59.1228,179.5629,6.6895,-32.0314,-32.0435
84.000000,22,59.1228,179.4197,9.2948,-29.2830,-29.2938
84.000000,23,59.1228,179.2868,20.3947,-18.0501,-18.6063
84.000000,24,59.1228,179.1552,18.2962,-20.0171,-20.2259
85.000000,0,58.7644,180.2483,19.8629,-19.5435,-19.9091
85.000000,1,58.7644,180.1116,19.2399,-20.0297,-20.4205
85.000000,2,58.7644,179.9435,8.3473,-30.7543,-30.7639
85.000000,3,58.7644,179.8251,6.6834,-32.2997,-32.3118
85.000000,4,58.7644,179.7170,7.1438,-31.7313,-31.7509
85.000000,5,58.7644,180.1163,19.4499,-19.8245,-20.2795
85.000000,6,58.7644,179.9355,19.6201,-19.4735,-19.7757
85.000000,7,58.7644,179.8037,17.2724,-21.6893,-21.8209
85.000000,8,58.7644,179.6815,12.5734,-26.2662,-26.3047
85.000000,9,58.7644,179.5700,6.5398,-32.1883,-32.2024
85.000000,10,58.7644,179.9533,10.5882,-28.5232,-28.5390
85.000000,11,58.7644,179.8087,17.3410,-21.6257,-21.7497
85.000000,12,58.7644,179.6731,20.9947,-17.8364,-18.7916
85.000000,13,58.7644,179.5474,18.4159,-20.2895,-20.5330
85.000000,14,58.7644,179.4326,10.1849,-28.4057,-28.4188
85.000000,15,58.7644,179.8401,5.4245,-33.5736,-33.5823
85.000000,16,58.7644,179.6918,12.9395,-25.9103,-25.9473
85.000000,17,58.7644,179.5527,18.8278,-19.8829,-20.1287
85.000000,18,58.7644,179.4237,20.7303,-17.8515,-18.2016
85.000000,19,58.7644,179.3057,21.1903,-17.2734,-18.0131
85.000000,20,58.7644,179.7375,7.2441,-31.6514,-31.6711
85.000000,21,58.7644,179.5859,7.3996,-31.3444,-31.3633
85.000000,22,58.7644,179.4435,7.4471,-31.1545,-31.1618
85.000000,23,58.7644,179.3113,20.7805,-17.6888,-18.3112
85.000000,24,58.7644,179.1804,20.5484,-17.7900,-18.1309
86.000000,0,58.4028,180.2819,19.2531,-20.1868,-20.4268
86.000000,1,58.4028,180.1461,19.2475,-20.0567,-20.4616
86.000000,2,58.4028,179.9791,10.8816,-28.2555,-28.2743
86.000000,3,58.4028,179.8616,5.0284,-33.9912,-33.9969
86.000000,4,58.4028,179.7544,6.9589,-31.9535,-31.9727
86.000000,5,58.4028,180.1475,19.5347,-19.7709,-20.1903
86.000000,6,58.4028,179.9678,20.1043,-19.0215,-19.4751
86.000000,7,58.4028,179.8368,14.9665,-24.0284,-24.1018
86.000000,8,58.4028,179.7156,11.9783,-26.8953,-26.9308
86.000000,9,58.4028,179.6049,7.5082,-31.2548,-31.2798
86.000000,10,58.4028,179.9820,11.0516,-28.0884,-28.1105
86.000000,11,58.4028,179.8383,15.6910,-23.3053,-23.3748
86.000000,12,58.4028,179.7036,21.0004,-17.8612,-18.6987
86.000000,13,58.4028,179.5788,19.2978,-19.4390,-19.8073
86.000000,14,58.4028,179.4648,7.2302,-31.3926,-31.3971
86.000000,15,58.4028,179.8660,3.9341,-35.0900,-35.0954
86.000000,16,58.4028,179.7186,12.7943,-26.0824,-26.1154
86.000000,17,58.4028,179.5804,19.5731,-19.1653,-19.5302
86.000000,18,58.4028,179.4521,18.8420,-19.7681,-19.9490
86.000000,19,58.4028,179.3349,20.8872,-17.6057,-18.2600
86.000000,20,58.4028,179.7605,7.2159,-31.7027,-31.7212
86.000000,21,58.4028,179.6096,7.6994,-31.0682,-31.0948
86.000000,22,58.4028,179.4680,4.9615,-33.6645,-33.6690
86.000000,23,58.4028,179.3366,20.9810,-17.5136,-18.1280
86.000000,24,58.4028,179.2163,21.7295,-16.6448,-17.2812
87.000000,0,58.0383,180.3160,18.1713,-21.3028,-21.4451
87.000000,1,58.0383,180.1812,19.1680,-20.1713,-20.5507
87.000000,2,58.0383,180.0552,12.5228,-26.6904,-26.7212
87.000000,3,58.0383,179.8986,2.1779,-36.8787,-36.8825
87.000000,4,58.0383,179.7923,6.7142,-32.2361,-32.2517
87.000000,5,58.0383,180.1794,19.2270,-20.1104,-20.4712
87.000000,6,58.0383,180.0006,20.1975,-18.9611,-19.5586
87.000000,7,58.0383,179.8706,14.2466,-24.7820,-24.8416
87.000000,8,58.0383,179.7502,11.2219,-27.6864,-27.7138
87.000000,9,58.0383,179.6404,7.7857,-31.0127,-31.0480
87.000000,10,58.0383,180.0513,11.2064,-28.0029,-28.0304
87.000000,11,58.0383,179.8686,13.1247,-25.9019,-25.9625
87.000000,12,58.0383,179.7348,21.0135,-17.8793,-18.5302
87.000000,13,58.0383,179.6108,19.9650,-18.8039,-19.2698
87.000000,14,58.0383,179.4976,2.6579,-35.9978,-36.0013
87.000000,15,58.0383,179.8927,1.7229,-37.3278,-37.3319
87.000000,16,58.0383,179.7462,12.1817,-26.7225,-26.7494
87.000000,17,58.0383,179.6087,19.7526,-19.0141,-19.4876
87.000000,18,58.0383,179.4813,17.4485,-21.1908,-21.3436
87.000000,19,58.0383,179.3648,20.4953,-18.0276,-18.5179
87.000000,20,58.0383,179.7842,6.8421,-32.1002,-32.1166
87.000000,21,58.0383,179.6342,7.8015,-30.9907,-31.0240
87.000000,22,58.0383,179.4933,4.4622,-34.1892,-34.1929
87.000000,23,58.0383,179.3626,20.5064,-18.0142,-18.5513
87.000000,24,58.0383,179.2431,22.0938,-16.3073,-17.2750
88.000000,0,57.6713,180.3506,16.4888,-23.0198,-23.1095
88.000000,1,57.6713,180.2169,19.1930,-20.1819,-20.4994
88.000000,2,57.6713,180.0918,13.5053,-25.7445,-25.7880
88.000000,3,57.6713,179.9361,3.7386,-35.3556,-35.3608
88.000000,4,57.6713,179.8307,6.1094,-32.8794,-32.8896
88.000000,5,57.6713,180.2118,18.5649,-20.8049,-21.0926
88.000000,6,57.6713,180.0739,20.1866,-19.0454,-19.7418
88.000000,7,57.6713,179.9049,16.4288,-22.6341,-22.7259
88.000000,8,57.6713,179.7855,10.4656,-28.4780,-28.4949
88.000000,9,57.6713,179.6766,7.7320,-31.1026,-31.1436
88.000000,10,57.6713,180.0813,11.5422,-27.6972,-27.7276
88.000000,11,57.6713,179.8995,15.5808,-23.4767,-23.5567
88.000000,12,57.6713,179.7666,20.5921,-18.3325,-18.7715
88.000000,13,57.6713,179.6435,20.1156,-18.6860,-19.1982
88.000000,14,57.6713,179.5312,6.1171,-32.5720,-32.5781
88.000000,15,57.6713,179.9200,3.6549,-35.4231,-35.4273
88.000000,16,57.6713,179.7744,11.0100,-27.9224,-27.9423
88.000000,17,57.6713,179.6378,20.0533,-18.7425,-19.2820
88.000000,18,57.6713,179.5112,19.5269,-19.1423,-19.3918
88.000000,19,57.6713,179.3955,19.6099,-18.9437,-19.2462
88.000000,20,57.6713,179.8087,6.1725,-32.7942,-32.8077
88.000000,21,57.6713,179.6595,7.7711,-31.0464,-31.0841
88.000000,22,57.6713,179.5194,7.9863,-30.6911,-30.6972
88.000000,23,57.6713,179.3895,19.9205,-18.6270,-19.0269
88.000000,24,57.6713,179.2706,22.1149,-16.3138,-17.5238
89.000000,0,57.3020,180.3857,15.5286,-24.0151,-24.0991
89.000000,1,57.3020,180.2530,18.7661,-20.6450,-20.8816
89.000000,2,57.3020,180.1289,13.9265,-25.3605,-25.4143
89.000000,3,57.3020,179.9742,5.6697,-33.4625,-33.4718
89.000000,4,57.3020,179.8697,4.6289,-34.3988,-34.4042
89.000000,5,57.3020,180.2447,17.8657,-21.5370,-21.7452
89.000000,6,57.3020,180.1079,20.1845,-19.0814,-19.8240
89.000000,7,57.3020,179.9398,17.7364,-21.3615,-21.5328
89.000000,8,57.3020,179.8213,8.9412,-30.0382,-30.0464
89.000000,9,57.3020,179.7133,7.7874,-31.0840,-31.1241
89.000000,10,57.3020,180.1119,11.9571,-27.3128,-27.3434
89.000000,11,57.3020,179.9310,17.2657,-21.8233,-21.9573
89.000000,12,57.3020,179.7991,19.5715,-19.3856,-19.6376
89.000000,13,57.3020,179.6769,19.8618,-18.9731,-19.4686
89.000000,14,57.3020,179.5653,9.0595,-29.6639,-29.6748
89.000000,15,57.3020,179.9480,5.1095,-33.9966,-34.0030
89.000000,16,57.3020,179.8033,9.0769,-29.8844,-29.8975
89.000000,17,57.3020,179.6676,20.3136,-18.5120,-19.0616
89.000000,18,57.3020,179.5418,20.6543,-18.0455,-18.4997
89.000000,19,57.3020,179.4269,17.8544,-20.7305,-20.8793
89.000000,20,57.3020,179.8339,5.5063,-33.4856,-33.4956
89.000000,21,57.3020,179.6855,7.7826,-31.0610,-31.0997
89.000000,22,57.3020,179.5462,10.2472,-28.4571,-28.4719
89.000000,23,57.3020,179.4171,19.2604,-19.3147,-19.5574
89.000000,24,57.3020,179.2990,22.0808,-16.3762,-17.6666
90.000000,0,56.9307,180.4213,17.1727,-22.4066,-22.5233
90.000000,1,56.9307,180.2896,17.8384,-21.6092,-21.7641
90.000000,2,56.9307,180.1665,13.8084,-25.5162,-25.5753
90.000000,3,56.9307,180.0528,6.6139,-32.5969,-32.6113
90.000000,4,56.9307,179.9092,1.9131,-37.1541,-37.1569
90.000000,5,56.9307,180.2782,17.0249,-22.4113,-22.5460
90.000000,6,56.9307,180.1424,20.1324,-19.1680,-19.8927
90.000000,7,56.9307,179.9753,18.5233,-20.6101,-20.8850
90.000000,8,56.9307,179.8577,6.3115,-32.7043,-32.7083
90.000000,9,56.9307,179.7505,7.7688,-31.1397,-31.1728
90.000000,10,56.9307,180.1430,12.1493,-27.1518,-27.1802
90.000000,11,56.9307,179.9632,18.2498,-20.8714,-21.0799
90.000000,12,56.9307,179.8321,17.7968,-21.1934,-21.3292
90.000000,13,56.9307,179.7108,19.5386,-19.3303,-19.7484
90.000000,14,56.9307,179.6002,10.5385,-28.2197,-28.2359
90.000000,15,56.9307,179.9766,6.0546,-33.0801,-33.0905
90.000000,16,56.9307,179.8328,7.0282,-31.9627,-31.9700
90.000000,17,56.9307,179.6980,20.1535,-18.7026,-19.2076
90.000000,18,56.9307,179.5731,21.0628,-17.6684,-18.3578
90.000000,19,56.9307,179.4590,14.8513,-23.7657,-23.8345
90.000000,20,56.9307,179.8598,4.6331,-34.3847,-34.3914
90.000000,21,56.9307,179.7122,7.8140,-31.0562,-31.0924
90.000000,22,56.9307,179.5738,11.6865,-27.0454,-27.0751
90.000000,23,56.9307,179.4454,17.7936,-20.8099,-20.9359
90.000000,24,56.9307,179.3281,22.0980,-16.3881,-17.5777
91.000000,0,56.5578,180.4574,18.2146,-21.4008,-21.5893
91.000000,1,56.5578,180.3268,16.2887,-23.1961,-23.2877
91.000000,2,56.5578,180.2047,13.5653,-25.7974,-25.8542
91.000000,3,56.5578,180.0919,6.8065,-32.4434,-32.4623
91.000000,4,56.5578,179.9491,2.0754,-37.0317,-37.0345
91.000000,5,56.5578,180.3122,15.9321,-23.5382,-23.6156
91.000000,6,56.5578,180.1774,20.1821,-19.1534,-19.7989
91.000000,7,56.5578,180.0513,19.1170,-20.0923,-20.4628
91.000000,8,56.5578,179.8947,4.8101,-34.2426,-34.2474
91.000000,9,56.5578,179.7884,7.6257,-31.3207,-31.3433
91.000000,10,56.5578,180.1748,11.9555,-27.3774,-27.4021
91.000000,11,56.5578,179.9959,18.6916,-20.4624,-20.7482
91.000000,12,56.5578,179.8658,16.1464,-22.8775,-22.9902
91.000000,13,56.5578,179.7454,19.2109,-19.6925,-19.9937
91.000000,14,56.5578,179.6356,11.0883,-27.7053,-27.7248
91.000000,15,56.5578,180.0059,6.5840,-32.5799,-32.5955
91.000000,16,56.5578,179.8630,4.5416,-34.4795,-34.4839
91.000000,17,56.5578,179.7291,19.6728,-19.2143,-19.6279
91.000000,18,56.5578,179.6051,21.0500,-17.7131,-18.5918
91.000000,19,56.5578,179.4918,14.6662,-23.9836,-24.0436
91.000000,20,56.5578,179.8863,3.6287,-35.4156,-35.4196
91.000000,21,56.5578,179.7397,7.8103,-31.0874,-31.1180
91.000000,22,56.5578,179.6021,12.9140,-25.8461,-25.8942
91.000000,23,56.5578,179.4745,15.0823,-23.5503,-23.6471
91.000000,24,56.5578,179.3580,22.0503,-16.4657,-17.4025
92.000000,0,56.1833,180.4939,18.9754,-20.6765,-20.9569
92.000000,1,56.1833,180.3643,13.9447,-25.5776,-25.6405
92.000000,2,56.1833,180.2432,13.1989,-26.2024,-26.2494
92.000000,3,56.1833,180.1314,6.9038,-32.3857,-32.4065
92.000000,4,56.1833,179.9896,4.2435,-34.9041,-34.9096
92.000000,5,56.1833,180.3468,14.3127,-25.1921,-25.2353
92.000000,6,56.1833,180.2130,20.2158,-19.1552,-19.6756
92.000000,7,56.1833,180.0879,19.6248,-19.6211,-20.0601
92.000000,8,56.1833,179.9322,7.9553,-31.1349,-31.1445
92.000000,9,56.1833,179.8267,6.7789,-32.2059,-32.2183
92.000000,10,56.1833,180.2071,11.3765,-27.9887,-28.0087
92.000000,11,56.1833,180.0692,18.8569,-20.3704,-20.7151
92.000000,12,56.1833,179.9001,18.2463,-20.8119,-20.9790
92.000000,13,56.1833,179.7806,18.2286,-20.7100,-20.8921
92.000000,14,56.1833,179.6716,10.8916,-27.9380,-27.9580
92.000000,15,56.1833,180.0758,6.7736,-32.4603,-32.4808
92.000000,16,56.1833,179.8939,6.2276,-32.8243,-32.8284
92.000000,17,56.1833,179.7609,19.0993,-19.8197,-20.1129
92.000000,18,56.1833,179.6377,21.0511,-17.7447,-18.7125
92.000000,19,56.1833,179.5252,16.4652,-22.2181,-22.3299
92.000000,20,56.1833,179.9136,2.0044,-37.0672,-37.0698
92.000000,21,56.1833,179.7678,7.6798,-31.2460,-31.2691
92.000000,22,56.1833,179.6311,14.0023,-24.7868,-24.8522
92.000000,23,56.1833,179.5044,17.5264,-21.1361,-21.2821
92.000000,24,56.1833,179.3886,21.4503,-17.0963,-17.7069
93.000000,0,55.8077,180.5309,19.3923,-20.2966,-20.6705
93.000000,1,55.8077,180.4024,15.4864,-24.0740,-24.1393
93.000000,2,55.8077,180.2823,12.7548,-26.6855,-26.7184
93.000000,3,55.8077,180.1714,6.9642,-32.3652,-32.3851
93.000000,4,55.8077,180.0705,5.4493,-33.7792,-33.7899
93.000000,5,55.8077,180.3818,11.9536,-27.5862,-27.6197
93.000000,6,55.8077,180.2491,19.9652,-19.4419,-19.8165
93.000000,7,55.8077,180.1249,19.6542,-19.6287,-20.0954
93.000000,8,55.8077,179.9702,10.3052,-28.8230,-28.8415
93.000000,9,55.8077,179.8656,4.9974,-34.0262,-34.0321
93.000000,10,55.8077,180.2400,10.3758,-29.0222,-29.0373
93.000000,11,55.8077,180.1031,18.9797,-20.2814,-20.6587
93.000000,12,55.8077,179.9349,19.4710,-19.6219,-19.9200
93.000000,13,55.8077,179.8164,16.4463,-22.5281,-22.6205
93.000000,14,55.8077,179.7083,9.9739,-28.8924,-28.9100
93.000000,15,55.8077,180.1063,6.9810,-32.2834,-32.3081
93.000000,16,55.8077,179.9253,8.5132,-30.5702,-30.5779
93.000000,17,55.8077,179.7933,18.3112,-20.6401,-20.8148
93.000000,18,55.8077,179.6710,21.0581,-17.7709,-18.7094
93.000000,19,55.8077,179.5594,17.5034,-21.2140,-21.4102
93.000000,20,55.8077,179.9415,1.2189,-37.8806,-37.8833
93.000000,21,55.8077,179.7967,7.0920,-31.8627,-31.8781
93.000000,22,55.8077,179.6608,14.9475,-23.8713,-23.9482
93.000000,23,55.8077,179.5349,19.4179,-19.2750,-19.5596
93.000000,24,55.8077,179.4199,19.9999,-18.5780,-18.8952
94.000000,0,55.4311,180.5683,19.5010,-20.2253,-20.6774
94.000000,1,55.4311,180.4408,17.2359,-22.3630,-22.4720
94.000000,2,55.4311,180.3218,11.6872,-27.7926,-27.8120
94.000000,3,55.4311,180.2118,6.6578,-32.7121,-32.7288
94.000000,4,55.4311,180.1118,6.3703,-32.8995,-32.9160
94.000000,5,55.4311,180.4173,13.4930,-26.0823,-26.1202
94.000000,6,55.4311,180.2856,19.2415,-20.2022,-20.4394
94.000000,7,55.4311,180.1625,19.5386,-19.7819,-20.2272
94.000000,8,55.4311,180.0087,12.0964,-27.0703,-27.0989
94.000000,9,55.4311,179.9050,1.8216,-37.2415,-37.2459
94.000000,10,55.4311,180.2734,8.8640,-30.5674,-30.5778
94.000000,11,55.4311,180.1375,19.2425,-20.0531,-20.4268
94.000000,12,55.4311,179.9704,20.0565,-19.0719,-19.5351
94.000000,13,55.4311,179.8527,13.4721,-25.5386,-25.5929
94.000000,14,55.4311,179.7455,8.3533,-30.5502,-30.5633
94.000000,15,55.4311,180.1374,6.8551,-32.4403,-32.4676
94.000000,16,55.4311,179.9574,9.9435,-29.1720,-29.1871
94.000000,17,55.4311,179.8263,16.8017,-22.1826,-22.2750
94.000000,18,55.4311,179.7049,21.0400,-17.8230,-18.6230
94.000000,19,55.4311,179.5941,18.3549,-20.3973,-20.6674
94.000000,20,55.4311,179.9701,3.5046,-35.6236,-35.6275
94.000000,21,55.4311,179.8262,5.9818,-33.0024,-33.0113
94.000000,22,55.4311,179.6912,15.2696,-23.5796,-23.6604
94.000000,23,55.4311,179.5662,20.3831,-18.3411,-18.8127
94.000000,24,55.4311,179.4519,17.3690,-21.2410,-21.3970
95.000000,0,55.0537,180.6062,19.5042,-20.2600,-20.7614
95.000000,1,55.0537,180.4797,18.3334,-21.3043,-21.4917
95.000000,2,55.0537,180.3617,9.7896,-29.7301,-29.7415
95.000000,3,55.0537,180.2527,6.1313,-33.2795,-33.2915
95.000000,4,55.0537,180.1536,6.8464,-32.4652,-32.4862
95.000000,5,55.0537,180.4533,15.0676,-24.5438,-24.6019
95.000000,6,55.0537,180.3227,17.9691,-21.5116,-21.6459
95.000000,7,55.0537,180.2005,19.3537,-20.0048,-20.3845
95.000000,8,55.0537,180.0877,13.0877,-26.1581,-26.1955
95.000000,9,55.0537,179.9449,4.4587,-34.6443,-34.6510
95.000000,10,55.0537,180.3074,6.6501,-32.8153,-32.8218
95.000000,11,55.0537,180.1725,19.0286,-20.3020,-20.6426
95.000000,12,55.0537,180.0063,20.1949,-18.9695,-19.5861
95.000000,13,55.0537,179.8896,15.0406,-24.0071,-24.0668
95.000000,14,55.0537,179.7832,6.5742,-32.3671,-32.3748
95.000000,15,55.0537,180.1691,6.8680,-32.4591,-32.4868
95.000000,16,55.0537,179.9901,10.8916,-28.2566,-28.2814
95.000000,17,55.0537,179.8599,14.2504,-24.7676,-24.8357
95.000000,18,55.0537,179.7394,20.8558,-18.0417,-18.6301
95.000000,19,55.0537,179.6295,18.8629,-19.9247,-20.2314
95.000000,20,55.0537,179.9993,4.9974,-34.1599,-34.1667
95.000000,21,55.0537,179.8563,4.2035,-34.8108,-34.8155
95.000000,22,55.0537,179.7223,14.9760,-23.9043,-23.9800
95.000000,23,55.0537,179.5981,20.6106,-18.1455,-18.7953
95.000000,24,55.0537,179.4847,17.8557,-20.7870,-20.9348
96.000000,0,54.6758,180.6444,19.4306,-20.3719,-20.8873
96.000000,1,54.6758,180.5190,18.9281,-20.7490,-21.0328
96.000000,2,54.6758,180.4020,8.5434,-31.0166,-31.0278
96.000000,3,54.6758,180.2940,5.0311,-34.4210,-34.4284
96.000000,4,54.6758,180.1957,6.8899,-32.4639,-32.4868
96.000000,5,54.6758,180.4898,16.0159,-23.6320,-23.7211
96.000000,6,54.6758,180.3602,15.9712,-23.5470,-23.6317
96.000000,7,54.6758,180.2390,19.1144,-20.2827,-20.5675
96.000000,8,54.6758,180.1272,13.4489,-25.8363,-25.8793
96.000000,9,54.6758,179.9853,6.1371,-33.0062,-33.0189
96.000000,10,54.6758,180.3419,4.5816,-34.9184,-34.9217
96.000000,11,54.6758,180.2080,18.4882,-20.8778,-21.1608
96.000000,12,54.6758,180.0828,20.1856,-19.0553,-19.7694
96.000000,13,54.6758,179.9270,16.7320,-22.3531,-22.4659
96.000000,14,54.6758,179.8215,4.4638,-34.5158,-34.5191
96.000000,15,54.6758,180.2014,6.9588,-32.4006,-32.4263
96.000000,16,54.6758,180.0634,11.8865,-27.3349,-27.3689
96.000000,17,54.6758,179.8941,16.1402,-22.9120,-23.0027
96.000000,18,54.6758,179.7746,20.0448,-18.8878,-19.2518
96.000000,19,54.6758,179.6655,18.6284,-20.1952,-20.4947
96.000000,20,54.6758,180.0692,5.9258,-33.3015,-33.3122
96.000000,21,54.6758,179.8871,1.4277,-37.6175,-37.6206
96.000000,22,54.6758,179.7540,13.9853,-24.9267,-24.9891
96.000000,23,54.6758,179.6307,20.8391,-17.9495,-18.7096
96.000000,24,54.6758,179.5181,19.7477,-18.9284,-19.2086
97.000000,0,54.2976,180.6831,19.4946,-20.3465,-20.8386
97.000000,1,54.2976,180.5587,19.2047,-20.5121,-20.8903
97.000000,2,54.2976,180.4427,10.9665,-28.6342,-28.6528
97.000000,3,54.2976,180.3357,3.8157,-35.6780,-35.6818
97.000000,4,54.2976,180.2383,6.8245,-32.5719,-32.5934
97.000000,5,54.2976,180.5267,16.4920,-23.1928,-23.3159
97.000000,6,54.2976,180.3981,15.5214,-24.0348,-24.1214
97.000000,7,54.2976,180.2780,18.3545,-21.0815,-21.2673
97.000000,8,54.2976,180.1671,13.2344,-26.0907,-26.1345
97.000000,9,54.2976,180.0661,6.8917,-32.3324,-32.3522
97.000000,10,54.2976,180.3769,1.8114,-37.7235,-37.7254
97.000000,11,54.2976,180.2440,17.8343,-21.5678,-21.7783
97.000000,12,54.2976,180.1198,20.2171,-19.0608,-19.8063
97.000000,13,54.2976,179.9650,17.5964,-21.5267,-21.7220
97.000000,14,54.2976,179.8604,1.4837,-37.5347,-37.5359
97.000000,15,54.2976,180.2342,6.9559,-32.4363,-32.4583
97.000000,16,54.2976,180.0972,12.8806,-26.3746,-26.4154
97.000000,17,54.2976,179.9289,17.9757,-21.1113,-21.2773
97.000000,18,54.2976,179.8103,18.4524,-20.5159,-20.7049
97.000000,19,54.2976,179.7020,17.9828,-20.8773,-21.1282
97.000000,20,54.2976,180.0996,6.3931,-32.8646,-32.8799
97.000000,21,54.2976,179.9185,3.1802,-35.8963,-35.8995
97.000000,22,54.2976,179.7863,12.8306,-26.1138,-26.1568
97.000000,23,54.2976,179.6639,20.9908,-17.8311,-18.6060
97.000000,24,54.2976,179.5521,20.5978,-18.1124,-18.6020
98.000000,0,53.9192,180.7221,19.4306,-20.4495,-20.8876
98.000000,1,53.9192,180.5988,19.3907,-20.3662,-20.8176
98.000000,2,53.9192,180.4838,12.5479,-27.0940,-27.1309
98.000000,3,53.9192,180.3778,1.8192,-37.7166,-37.7183
98.000000,4,53.9192,180.2813,6.6793,-32.7601,-32.7774
98.000000,5,53.9192,180.5641,16.6592,-23.0629,-23.2162
98.000000,6,53.9192,180.4366,17.3504,-22.2442,-22.3774
98.000000,7,53.9192,180.3174,16.9853,-22.4901,-22.5957
98.000000,8,53.9192,180.2075,12.4176,-26.9479,-26.9874
98.000000,9,53.9192,180.1074,6.9001,-32.3653,-32.3913
98.000000,10,53.9192,180.4123,2.1413,-37.4291,-37.4305
98.000000,11,53.9192,180.2805,17.2384,-22.2002,-22.3364
98.000000,12,53.9192,180.1573,20.1879,-19.1274,-19.8301
98.000000,13,53.9192,180.0034,18.3225,-20.8390,-21.1154
98.000000,14,53.9192,179.8997,-0.0553,-39.1130,-39.1144
98.000000,15,53.9192,180.2676,6.8266,-32.5990,-32.6160
98.000000,16,53.9192,180.1316,13.4799,-25.8097,-25.8540
98.000000,17,53.9192,179.9643,18.9985,-20.1238,-20.3990
98.000000,18,53.9192,179.8465,15.8050,-23.1996,-23.3114
98.000000,19,53.9192,179.7392,17.2077,-21.6895,-21.8657
98.000000,20,53.9192,180.1307,6.6488,-32.6400,-32.6595
98.000000,21,53.9192,179.9506,4.6311,-34.4774,-34.4827
98.000000,22,53.9192,179.8193,11.5667,-27.4106,-27.4348
98.000000,23,53.9192,179.6977,20.8525,-18.0032,-18.6968
98.000000,24,53.9192,179.5868,20.8260,-17.9188,-18.6004
99.000000,0,53.5408,180.7615,19.1910,-20.7285,-21.0909
99.000000,1,53.5408,180.6393,19.5097,-20.2876,-20.7788
99.000000,2,53.5408,180.5253,14.0448,-25.6386,-25.7006
99.000000,3,53.5408,180.4202,-0.4702,-40.0484,-40.0497
99.000000,4,53.5408,180.3246,6.2111,-33.2715,-33.2833
99.000000,5,53.5408,180.6019,16.9280,-22.8319,-23.0043
99.000000,6,53.5408,180.4754,18.5124,-21.1210,-21.3400
99.000000,7,53.5408,180.3573,14.7885,-24.7268,-24.7893
99.000000,8,53.5408,180.2483,11.6758,-27.7305,-27.7608
99.000000,9,53.5408,180.1491,6.8822,-32.4249,-32.4536
99.000000,10,53.5408,180.4483,4.1142,-35.4921,-35.4942
99.000000,11,53.5408,180.3175,16.1275,-23.3481,-23.4255
99.000000,12,53.5408,180.1953,20.2007,-19.1527,-19.7474
99.000000,13,53.5408,180.0824,18.8908,-20.3496,-20.6792
99.000000,14,53.5408,179.9395,3.1794,-35.9181,-35.9212
99.000000,15,53.5408,180.3015,6.3167,-33.1428,-33.1547
99.000000,16,53.5408,180.1665,13.5836,-25.7409,-25.7849
99.000000,17,53.5408,180.0002,19.3945,-19.7638,-20.1530
99.000000,18,53.5408,179.8834,17.3748,-21.6666,-21.7928
99.000000,19,53.5408,179.7769,16.2030,-22.7319,-22.8318
99.000000,20,53.5408,180.1624,6.8176,-32.5028,-32.5253
99.000000,21,53.5408,179.9832,5.4117,-33.7295,-33.7380
99.000000,22,53.5408,179.8528,9.7414,-29.2695,-29.2838
99.000000,23,53.5408,179.7322,20.6558,-18.2344,-18.7686
99.000000,24,53.5408,179.6221,20.9719,-17.8083,-18.5924
100.000000,0,53.1626,180.8013,19.0188,-20.9406,-21.2150
100.000000,1,53.1626,180.6802,19.4450,-20.3932,-20.8861
100.000000,2,53.1626,180.5672,15.1699,-24.5553,-24.6448
100.000000,3,53.1626,180.4630,1.9944,-37.6267,-37.6283
100.000000,4,53.1626,180.3683,5.0502,-34.4762,-34.4829
100.000000,5,53.1626,180.6401,17.2160,-22.5821,-22.7604
100.000000,6,53.1626,180.5146,19.2362,-20.4365,-20.7582
100.000000,7,53.1626,180.3975,14.7030,-24.8526,-24.9103
100.000000,8,53.1626,180.2895,10.7493,-28.6982,-28.7175
100.000000,9,53.1626,180.1912,6.9043,-32.4449,-32.4724
100.000000,10,53.1626,180.4847,5.3202,-34.3225,-34.3265
100.000000,11,53.1626,180.3550,14.3538,-25.1592,-25.2033
100.000000,12,53.1626,180.2338,20.0532,-19.3386,-19.7849
100.000000,13,53.1626,180.1218,19.0579,-20.2219,-20.5708
100.000000,14,53.1626,179.9798,6.1513,-32.9866,-32.9922
100.000000,15,53.1626,180.3360,5.3826,-34.1114,-34.1189
100.000000,16,53.1626,180.2020,13.1998,-26.1602,-26.2002
100.000000,17,53.1626,180.0766,19.6640,-19.5706,-20.0427
100.000000,18,53.1626,179.9207,19.0759,-20.0029,-20.2355
100.000000,19,53.1626,179.8151,14.3372,-24.6360,-24.6816
100.000000,20,53.1626,180.1946,6.9742,-32.3784,-32.4020
100.000000,21,53.1626,180.0564,6.0026,-33.2119,-33.2235
100.000000,22,53.1626,179.8870,10.4043,-28.6407,-28.6565
100.000000,23,53.1626,179.7673,20.1205,-18.8048,-19.1486
100.000000,24,53.1626,179.6581,20.8506,-17.9655,-18.7389
101.000000,0,52.7848,180.8414,18.4994,-21.5000,-21.6896
101.000000,1,52.7848,180.7213,19.4464,-20.4330,-20.8883
101.000000,2,52.7848,180.6094,16.0946,-23.6728,-23.7862
101.000000,3,52.7848,180.5062,3.3078,-36.3564,-36.3594
101.000000,4,52.7848,180.4124,3.0047,-36.5658,-36.5694
101.000000,5,52.7848,180.6787,17.2871,-22.5497,-22.7212
101.000000,6,52.7848,180.5543,19.5073,-20.2050,-20.6251
101.000000,7,52.7848,180.4382,16.7049,-22.8914,-22.9825
101.000000,8,52.7848,180.3311,9.4414,-30.0478,-30.0578
101.000000,9,52.7848,180.2337,6.8936,-32.4982,-32.5209
101.000000,10,52.7848,180.5216,6.5600,-33.1196,-33.1260
101.000000,11,52.7848,180.3929,12.5530,-26.9980,-27.0371
101.000000,12,52.7848,180.2727,19.4024,-20.0283,-20.3206
101.000000,13,52.7848,180.1617,18.6752,-20.6445,-20.9741
101.000000,14,52.7848,180.0606,7.7993,-31.4193,-31.4273
101.000000,15,52.7848,180.3709,3.9270,-35.6019,-35.6062
101.000000,16,52.7848,180.2379,12.2785,-27.1175,-27.1504
101.000000,17,52.7848,180.1136,19.8664,-19.4052,-19.9171
101.000000,18,52.7848,179.9586,19.9432,-19.1735,-19.5653
101.000000,19,52.7848,179.8539,11.2174,-27.7946,-27.8190
101.000000,20,52.7848,180.2274,6.8177,-32.5677,-32.5906
101.000000,21,52.7848,180.0902,6.3430,-32.9052,-32.9193
101.000000,22,52.7848,179.9218,12.8062,-26.2736,-26.3045
101.000000,23,52.7848,179.8030,18.8167,-20.1443,-20.3276
101.000000,24,52.7848,179.6946,20.6807,-18.1720,-18.8274
102.000000,0,52.4075,180.8819,17.6052,-22.4348,-22.5536
102.000000,1,52.4075,180.7629,19.4511,-20.4698,-20.8556
102.000000,2,52.4075,180.6519,16.5396,-23.2704,-23.4002
102.000000,3,52.4075,180.5497,3.8575,-35.8502,-35.8549
102.000000,4,52.4075,180.4568,1.6529,-37.9619,-37.9648
102.000000,5,52.4075,180.7177,16.9952,-22.8805,-23.0353
102.000000,6,52.4075,180.5944,19.4681,-20.2843,-20.7792
102.000000,7,52.4075,180.4793,17.9286,-21.7087,-21.8691
102.000000,8,52.4075,180.3731,7.2361,-32.2950,-32.3005
102.000000,9,52.4075,180.2766,6.7380,-32.6966,-32.7127
102.000000,10,52.4075,180.5589,7.5451,-32.1719,-32.1806
102.000000,11,52.4075,180.4313,14.8877,-24.7016,-24.7549
102.000000,12,52.4075,180.3120,18.2023,-21.2677,-21.4339
102.000000,13,52.4075,180.2020,18.3432,-21.0168,-21.2903
102.000000,14,52.4075,180.1018,8.5851,-30.6748,-30.6846
102.000000,15,52.4075,180.4063,1.7470,-37.8174,-37.8203
102.000000,16,52.4075,180.2744,11.0160,-28.4164,-28.4404
102.000000,17,52.4075,180.1510,19.8528,-19.4562,-19.9554
102.000000,18,52.4075,179.9970,20.1558,-18.9993,-19.5496
102.000000,19,52.4075,179.8932,12.3919,-26.6594,-26.6872
102.000000,20,52.4075,180.2607,6.7588,-32.6600,-32.6802
102.000000,21,52.4075,180.1245,6.7209,-32.5617,-32.5767
102.000000,22,52.4075,179.9571,14.2608,-24.8543,-24.9153
102.000000,23,52.4075,179.8392,16.4780,-22.5192,-22.6227
102.000000,24,52.4075,179.7317,20.4071,-18.4826,-18.9508
103.000000,0,52.0309,180.9227,16.2682,-23.8126,-23.8831
103.000000,1,52.0309,180.8047,19.2353,-20.7275,-21.0258
103.000000,2,52.0309,180.6948,16.5519,-23.3009,-23.4366
103.000000,3,52.0309,180.5935,4.4417,-35.3098,-35.3159
103.000000,4,52.0309,180.5015,4.0443,-35.6152,-35.6198
103.000000,5,52.0309,180.7571,16.3336,-23.5815,-23.7122
103.000000,6,52.0309,180.6348,19.4514,-20.3414,-20.8733
103.000000,7,52.0309,180.5207,18.5821,-21.0967,-21.3443
103.000000,8,52.0309,180.4155,6.7502,-32.8234,-32.8291
103.000000,9,52.0309,180.3199,6.0210,-33.4569,-33.4665
103.000000,10,52.0309,180.5966,8.7540,-31.0007,-31.0111
103.000000,11,52.0309,180.4701,16.3340,-23.2941,-23.3849
103.000000,12,52.0309,180.3518,16.2403,-23.2696,-23.3650
103.000000,13,52.0309,180.2428,17.9320,-21.4688,-21.6655
103.000000,14,52.0309,180.1435,8.7000,-30.6015,-30.6118
103.000000,15,52.0309,180.4422,2.3027,-37.2975,-37.3003
103.000000,16,52.0309,180.3113,9.5728,-29.8966,-29.9116
103.000000,17,52.0309,180.1890,19.6233,-19.7237,-20.1612
103.000000,18,52.0309,180.0759,20.2100,-19.0240,-19.6782
103.000000,19,52.0309,179.9330,14.0123,-25.0787,-25.1331
103.000000,20,52.0309,180.2946,6.5089,-32.9438,-32.9599
103.000000,21,52.0309,180.1594,6.6865,-32.6309,-32.6453
103.000000,22,52.0309,179.9929,15.2245,-23.9265,-24.0257
103.000000,23,52.0309,179.8760,16.4770,-22.5570,-22.6711
103.000000,24,52.0309,179.7694,19.4770,-19.4504,-19.7247
104.000000,0,51.6550,180.9638,14.3488,-25.7731,-25.8216
104.000000,1,51.6550,180.8469,18.6421,-21.3628,-21.5713
104.000000,2,51.6550,180.7379,16.1529,-23.7430,-23.8729
104.000000,3,51.6550,180.6376,4.8794,-34.9162,-34.9232
104.000000,4,51.6550,180.5465,5.4285,-34.2760,-34.2846
104.000000,5,51.6550,180.7968,15.6617,-24.2931,-24.3946
104.000000,6,51.6550,180.6756,19.4692,-20.3644,-20.8913
104.000000,7,51.6550,180.5625,18.8953,-20.8253,-21.1574
104.000000,8,51.6550,180.4583,8.9350,-30.6813,-30.6921
104.000000,9,51.6550,180.3636,4.5692,-34.9524,-34.9572
104.000000,10,51.6550,180.6348,9.4601,-30.3328,-30.3442
104.000000,11,51.6550,180.5093,17.1725,-22.4948,-22.6370
104.000000,12,51.6550,180.3921,15.2945,-24.2556,-24.3421
104.000000,13,51.6550,180.2839,17.0903,-22.3517,-22.4721
104.000000,14,51.6550,180.1856,8.1998,-31.1438,-31.1533
104.000000,15,51.6550,180.4786,4.0133,-35.6233,-35.6274
104.000000,16,51.6550,180.3487,8.2778,-31.2290,-31.2369
104.000000,17,51.6550,180.2274,19.3278,-20.0576,-20.3972
104.000000,18,51.6550,180.1153,20.1911,-19.0822,-19.7715
104.000000,19,51.6550,179.9733,15.0672,-24.0641,-24.1556
104.000000,20,51.6550,180.3290,6.1595,-33.3275,-33.3390
104.000000,21,51.6550,180.1948,6.1881,-33.1648,-33.1773
104.000000,22,51.6550,180.0693,16.0510,-23.1763,-23.3106
104.000000,23,51.6550,179.9133,18.6175,-20.4538,-20.6627
104.000000,24,51.6550,179.8076,17.6661,-21.2995,-21.4310
105.000000,0,51.2801,181.0053,13.9937,-26.1696,-26.2175
105.000000,1,51.2801,180.8894,17.6295,-22.4179,-22.5495
105.000000,2,51.2801,180.7814,15.8736,-24.0659,-24.1774
105.000000,3,51.2801,180.6820,5.1584,-34.6816,-34.6887
105.000000,4,51.2801,180.5918,6.1101,-33.6397,-33.6537
105.000000,5,51.2801,180.8369,14.8166,-25.1783,-25.2504
105.000000,6,51.2801,180.7167,19.5130,-20.3617,-20.8438
105.000000,7,51.2801,180.6047,19.1252,-20.6375,-21.0325
105.000000,8,51.2801,180.5014,10.6187,-29.0407,-29.0614
105.000000,9,51.2801,180.4076,2.1230,-37.4426,-37.4455
105.000000,10,51.2801,180.6734,9.7572,-30.0742,-30.0859
105.000000,11,51.2801,180.5489,17.5301,-22.1768,-22.3731
105.000000,12,51.2801,180.4327,17.3291,-22.2616,-22.3922
105.000000,13,51.2801,180.3255,15.5776,-23.9059,-23.9694
105.000000,14,51.2801,180.2280,7.0424,-32.3437,-32.3514
105.000000,15,51.2801,180.5154,5.1034,-34.5701,-34.5767
105.000000,16,51.2801,180.3866,6.1640,-33.3807,-33.3862
105.000000,17,51.2801,180.2663,18.8587,-20.5656,-20.7941
105.000000,18,51.2801,180.1551,20.2151,-19.0981,-19.7428
105.000000,19,51.2801,180.0540,15.9455,-23.2666,-23.3886
105.000000,20,51.2801,180.3639,5.3467,-34.1752,-34.1824
105.000000,21,51.2801,180.2307,5.7243,-33.6645,-33.6742
105.000000,22,51.2801,180.1062,16.9157,-22.3486,-22.5069
105.000000,23,51.2801,179.9512,19.7677,-19.3415,-19.7072
105.000000,24,51.2801,179.8463,14.5630,-24.4413,-24.5181
106.000000,0,50.9062,181.0470,15.7487,-24.4563,-24.5209
106.000000,1,50.9062,180.9321,16.1010,-23.9892,-24.0693
106.000000,2,50.9062,180.8252,15.4861,-24.4971,-24.5828
106.000000,3,50.9062,180.7267,4.9124,-34.9723,-34.9788
106.000000,4,50.9062,180.6374,6.2147,-33.5806,-33.5998
106.000000,5,50.9062,180.8773,14.0394,-25.9959,-26.0416
106.000000,6,50.9062,180.7582,19.4320,-20.4842,-20.8912
106.000000,7,50.9062,180.6471,19.3555,-20.4496,-20.8741
106.000000,8,50.9062,180.5448,11.9642,-27.7387,-27.7716
106.000000,9,50.9062,180.4519,2.6199,-36.9900,-36.9931
106.000000,10,50.9062,180.7123,9.6873,-30.1830,-30.1942
106.000000,11,50.9062,180.5889,17.9293,-21.8176,-22.0574
106.000000,12,50.9062,180.4737,18.6135,-21.0182,-21.2414
106.000000,13,50.9062,180.3675,13.1369,-26.3887,-26.4265
106.000000,14,50.9062,180.2709,5.0565,-34.3724,-34.3778
106.000000,15,50.9062,180.5527,5.7241,-33.9867,-33.9966
106.000000,16,50.9062,180.4249,7.8032,-31.7798,-31.7862
106.000000,17,50.9062,180.3056,17.8086,-21.6551,-21.7877
106.000000,18,50.9062,180.1954,20.1552,-19.1983,-19.7331
106.000000,19,50.9062,180.0952,16.6025,-22.6507,-22.7886
106.000000,20,50.9062,180.3993,3.9738,-35.5835,-35.5878
106.000000,21,50.9062,180.2672,4.7906,-34.6346,-34.6413
106.000000,22,50.9062,180.1437,17.1777,-22.1240,-22.2912
106.000000,23,50.9062,179.9895,20.1886,-18.9590,-19.4921
106.000000,24,50.9062,179.8856,16.5483,-22.4953,-22.5880
107.000000,0,50.5335,181.0890,16.8995,-23.3475,-23.4461
107.000000,1,50.5335,180.9752,13.8520,-26.2812,-26.3429
107.000000,2,50.5335,180.8692,14.9160,-25.1112,-25.1692
107.000000,3,50.5335,180.7717,4.1570,-35.7727,-35.7783
107.000000,4,50.5335,180.6832,6.1978,-33.6435,-33.6664
107.000000,5,50.5335,180.9181,12.8567,-27.2193,-27.2458
107.000000,6,50.5335,180.8000,19.3210,-20.6371,-20.9504
107.000000,7,50.5335,180.6900,19.2322,-20.6158,-21.0348
107.000000,8,50.5335,180.5886,13.2674,-26.4792,-26.5233
107.000000,9,50.5335,180.4966,4.5664,-35.0882,-35.0935
107.000000,10,50.5335,180.7516,9.2573,-30.6523,-30.6624
107.000000,11,50.5335,180.6293,18.2404,-21.5469,-21.8125
107.000000,12,50.5335,180.5151,19.3103,-20.3628,-20.7015
107.000000,13,50.5335,180.4098,13.7413,-25.8266,-25.8660
107.000000,14,50.5335,180.3141,2.9601,-36.5121,-36.5149
107.000000,15,50.5335,180.5904,5.9485,-33.7999,-33.8131
107.000000,16,50.5335,180.4637,9.6837,-29.9381,-29.9500
107.000000,17,50.5335,180.3454,16.0280,-23.4754,-23.5490
107.000000,18,50.5335,180.2362,19.9169,-19.4773,-19.8642
107.000000,19,50.5335,180.1368,16.5970,-22.6978,-22.8343
107.000000,20,50.5335,180.4351,1.8288,-37.7644,-37.7675
107.000000,21,50.5335,180.3041,3.8420,-35.6201,-35.6241
107.000000,22,50.5335,180.1816,16.8694,-22.4702,-22.6292
107.000000,23,50.5335,180.0684,20.2031,-19.0233,-19.6792
107.000000,24,50.5335,179.9253,18.1574,-20.9260,-21.1022
108.000000,0,50.1620,181.1313,17.6111,-22.6782,-22.8205
108.000000,1,50.1620,181.0185,15.5092,-24.6673,-24.7351
108.000000,2,50.1620,180.9135,13.8660,-26.2056,-26.2407
108.000000,3,50.1620,180.8169,2.8469,-37.1281,-37.1324
108.000000,4,50.1620,180.7293,6.2785,-33.6088,-33.6330
108.000000,5,50.1620,180.9591,11.1611,-28.9560,-28.9719
108.000000,6,50.1620,180.8421,18.8264,-21.1737,-21.3923
108.000000,7,50.1620,180.7331,19.1706,-20.7205,-21.0983
108.000000,8,50.1620,180.6327,14.0378,-25.7529,-25.8054
108.000000,9,50.1620,180.5415,5.6261,-34.0734,-34.0824
108.000000,10,50.1620,180.7913,8.4418,-31.5076,-31.5160
108.000000,11,50.1620,180.6700,18.4286,-21.3994,-21.6694
108.000000,12,50.1620,180.5569,19.5140,-20.2009,-20.6507
108.000000,13,50.1620,180.4526,15.6108,-23.9998,-24.0681
108.000000,14,50.1620,180.3578,0.0860,-39.4297,-39.4310
108.000000,15,50.1620,180.6285,6.1862,-33.6003,-33.6161
108.000000,16,50.1620,180.5029,10.8663,-28.7946,-28.8165
108.000000,17,50.1620,180.3855,13.9053,-25.6382,-25.7001
108.000000,18,50.1620,180.2773,19.1030,-20.3323,-20.5724
108.000000,19,50.1620,180.1788,15.9713,-23.3655,-23.4849
108.000000,20,50.1620,180.4715,2.5229,-37.1066,-37.1100
108.000000,21,50.1620,180.3415,2.3323,-37.1672,-37.1692
108.000000,22,50.1620,180.2200,16.2739,-23.1041,-23.2380
108.000000,23,50.1620,180.1077,20.1965,-19.0692,-19.7801
108.000000,24,50.1620,179.9655,18.8739,-20.2497,-20.5391
109.000000,0,49.7918,181.1738,17.9694,-22.3624,-22.5504
109.000000,1,49.7918,181.0620,17.0505,-23.1696,-23.2737
109.000000,2,49.7918,180.9581,12.2049,-27.9112,-27.9332
109.000000,3,49.7918,180.8624,1.4128,-38.6077,-38.6107
109.000000,4,49.7918,180.7757,6.2304,-33.7033,-33.7262
109.000000,5,49.7918,181.0005,9.2140,-30.9446,-30.9583
109.000000,6,49.7918,180.8845,17.9174,-22.1252,-22.2626
109.000000,7,49.7918,180.7765,19.0132,-20.9213,-21.2318
109.000000,8,49.7918,180.6771,14.3175,-25.5176,-25.5743
109.000000,9,49.7918,180.5868,6.0336,-33.7112,-33.7242
109.000000,10,49.7918,180.8314,7.1722,-32.8173,-32.8238
109.000000,11,49.7918,180.7111,18.2066,-21.6625,-21.9175
109.000000,12,49.7918,180.5990,19.4786,-20.2784,-20.8109
109.000000,13,49.7918,180.4956,16.6974,-22.9563,-23.0750
109.000000,14,49.7918,180.4017,-2.9475,-42.5073,-42.5080
109.000000,15,49.7918,180.6671,6.1723,-33.6528,-33.6700
109.000000,16,49.7918,180.5424,12.0617,-27.6388,-27.6722
109.000000,17,49.7918,180.4261,16.3676,-23.2165,-23.3020
109.000000,18,49.7918,180.3188,17.6193,-21.8576,-21.9863
109.000000,19,49.7918,180.2213,15.0585,-24.3208,-24.4114
109.000000,20,49.7918,180.5083,4.3228,-35.3436,-35.3490
109.000000,21,49.7918,180.3793,0.0972,-39.4402,-39.4411
109.000000,22,49.7918,180.2588,15.6202,-23.7967,-23.8942
109.000000,23,49.7918,180.1475,20.1846,-19.1210,-19.8042
109.000000,24,49.7918,180.0462,19.2249,-19.9794,-20.3629
110.000000,0,49.4232,181.2666,18.0373,-22.3873,-22.6135
110.000000,1,49.4232,181.1059,18.0578,-22.2061,-22.3700
110.000000,2,49.4232,181.0029,10.8834,-29.2775,-29.2978
110.000000,3,49.4232,180.9081,-0.5257,-40.5918,-40.5936
110.000000,4,49.4232,180.8222,6.2416,-33.7387,-33.7581
110.000000,5,49.4232,181.0422,11.2120,-28.9882,-29.0040
110.000000,6,49.4232,180.9273,16.5131,-23.5722,-23.6538
110.000000,7,49.4232,180.8202,18.7315,-21.2467,-21.4763
110.000000,8,49.4232,180.7217,14.1461,-25.7337,-25.7893
110.000000,9,49.4232,180.6323,6.1988,-33.5915,-33.6075
110.000000,10,49.4232,180.8718,5.5671,-34.4627,-34.4673
110.000000,11,49.4232,180.7525,17.8333,-22.0773,-22.2993
110.000000,12,49.4232,180.6414,19.4851,-20.3143,-20.8849
110.000000,13,49.4232,180.5390,17.2011,-22.4959,-22.6726
110.000000,14,49.4232,180.4460,-0.2463,-39.8503,-39.8515
110.000000,15,49.4232,180.7060,6.2744,-33.5896,-33.6068
110.000000,16,49.4232,180.5824,13.0478,-26.6927,-26.7374
110.000000,17,49.4232,180.4671,17.8631,-21.7620,-21.9126
110.000000,18,49.4232,180.3608,15.2156,-24.3032,-24.3806
110.000000,19,49.4232,180.2641,13.9591,-25.4630,-25.5211
110.000000,20,49.4232,180.5455,5.4534,-34.2502,-34.2593
110.000000,21,49.4232,180.4176,-1.7679,-41.3436,-41.3443
110.000000,22,49.4232,180.2981,14.8843,-24.5719,-24.6316
110.000000,23,49.4232,180.1878,20.1937,-19.1522,-19.7336
110.000000,24,49.4232,180.0874,19.5038,-19.7416,-20.1750
111.000000,0,49.0560,181.3096,18.2588,-22.2089,-22.4630
111.000000,1,49.0560,181.1499,18.6579,-21.6500,-21.8861
111.000000,2,49.0560,181.0479,13.1101,-27.0958,-27.1233
111.000000,3,49.0560,180.9541,-2.7688,-42.8809,-42.8819
111.000000,4,49.0560,180.8691,6.0780,-33.9491,-33.9638
111.000000,5,49.0560,181.0842,12.5179,-27.7243,-27.7488
111.000000,6,49.0560,180.9703,14.4400,-25.6883,-25.7460
111.000000,7,49.0560,180.8642,18.0374,-21.9849,-22.1367
111.000000,8,49.0560,180.7666,13.5143,-26.4104,-26.4602
111.000000,9,49.0560,180.6781,6.1969,-33.6392,-33.6567
111.000000,10,49.0560,180.9125,4.0030,-36.0676,-36.0703
111.000000,11,49.0560,180.7943,17.3563,-22.5960,-22.7729
111.000000,12,49.0560,180.6842,19.4317,-20.4105,-20.9709
111.000000,13,49.0560,180.5827,17.7567,-21.9841,-22.2092
111.000000,14,49.0560,180.4906,2.5643,-37.0844,-37.0869
111.000000,15,49.0560,180.7453,6.1863,-33.7170,-33.7330
111.000000,16,49.0560,180.6228,13.9462,-25.8346,-25.8877
111.000000,17,49.0560,180.5085,18.7022,-20.9643,-21.2040
111.000000,18,49.0560,180.4031,15.8452,-23.7159,-23.7969
111.000000,19,49.0560,180.3073,12.7110,-26.7544,-26.7848
111.000000,20,49.0560,180.5832,6.0804,-33.6608,-33.6745
111.000000,21,49.0560,180.4563,0.0863,-39.5281,-39.5292
111.000000,22,49.0560,180.3378,13.4531,-26.0428,-26.0754
111.000000,23,49.0560,180.2285,20.0650,-19.3215,-19.7536
111.000000,24,49.0560,180.1290,19.5248,-19.7622,-20.1892
112.000000,0,48.6905,181.3529,18.3804,-22.1305,-22.3986
112.000000,1,48.6905,181.2442,18.9174,-21.4848,-21.7901
112.000000,2,48.6905,181.0931,14.6088,-25.6423,-25.6898
112.000000,3,48.6905,181.0003,-5.3610,-45.5193,-45.5198
112.000000,4,48.6905,180.9161,5.4399,-34.6342,-34.6439
112.000000,5,48.6905,181.1264,13.3442,-26.9402,-26.9778
112.000000,6,48.6905,181.0135,14.9134,-25.2582,-25.3177
112.000000,7,48.6905,180.9085,16.8745,-23.1920,-23.2826
112.000000,8,48.6905,180.8118,12.7604,-27.2095,-27.2494
112.000000,9,48.6905,180.7242,6.2262,-33.6560,-33.6728
112.000000,10,48.6905,180.9535,2.1657,-37.9459,-37.9474
112.000000,11,48.6905,180.8364,16.9836,-23.0108,-23.1372
112.000000,12,48.6905,180.7273,19.4489,-20.4364,-20.9411
112.000000,13,48.6905,180.6268,18.1811,-21.6037,-21.8581
112.000000,14,48.6905,180.5355,4.8982,-34.7954,-34.7997
112.000000,15,48.6905,180.7849,6.0741,-33.8689,-33.8825
112.000000,16,48.6905,180.6635,14.3728,-25.4487,-25.5068
112.000000,17,48.6905,180.5502,19.0200,-20.6882,-21.0199
112.000000,18,48.6905,180.4458,17.7113,-21.8926,-22.0297
112.000000,19,48.6905,180.3509,10.6551,-28.8539,-28.8683
112.000000,20,48.6905,180.6213,6.2818,-33.4976,-33.5159
112.000000,21,48.6905,180.4955,1.1070,-38.5465,-38.5486
112.000000,22,48.6905,180.3780,11.0300,-28.5060,-28.5300
112.000000,23,48.6905,180.2696,19.3387,-20.0889,-20.3649
112.000000,24,48.6905,180.1710,19.1048,-20.2242,-20.5953
113.000000,0,48.3267,181.3964,18.4765,-22.0779,-22.3448
113.000000,1,48.3267,181.2887,18.8694,-21.5773,-21.9444
113.000000,2,48.3267,181.1386,15.5958,-24.7009,-24.7779
113.000000,3,48.3267,181.0466,-3.8532,-44.0579,-44.0585
113.000000,4,48.3267,180.9633,4.3204,-35.8009,-35.8067
113.000000,5,48.3267,181.1689,13.7993,-26.5276,-26.5803
113.000000,6,48.3267,181.0571,16.6242,-23.5909,-23.6775
113.000000,7,48.3267,180.9530,15.1142,-24.9968,-25.0529
113.000000,8,48.3267,180.8573,11.8027,-28.2126,-28.2407
113.000000,9,48.3267,180.7705,6.1570,-33.7715,-33.7862
113.000000,10,48.3267,180.9949,0.2892,-39.8638,-39.8647
113.000000,11,48.3267,180.8788,16.2073,-23.8295,-23.9106
113.000000,12,48.3267,180.7707,19.5115,-20.4172,-20.8316
113.000000,13,48.3267,180.6711,18.3362,-21.4930,-21.7532
113.000000,14,48.3267,180.5808,6.6283,-33.1105,-33.1165
113.000000,15,48.3267,180.8250,5.7441,-34.2389,-34.2497
113.000000,16,48.3267,180.7046,14.3771,-25.4855,-25.5442
113.000000,17,48.3267,180.5923,19.2469,-20.5034,-20.9079
113.000000,18,48.3267,180.4888,18.7872,-20.8597,-21.0911
113.000000,19,48.3267,180.3948,8.5424,-31.0104,-31.0216
113.000000,20,48.3267,180.6598,6.1779,-33.6400,-33.6621
113.000000,21,48.3267,180.5350,2.2612,-37.4318,-37.4353
113.000000,22,48.3267,180.4186,12.9751,-26.6015,-26.6313
113.000000,23,48.3267,180.3111,17.9312,-21.5379,-21.6896
113.000000,24,48.3267,180.2134,18.5584,-20.8131,-21.0932
114.000000,0,47.9646,181.4401,18.2956,-22.3026,-22.5553
114.000000,1,47.9646,181.3334,18.9392,-21.5523,-21.9609
114.000000,2,47.9646,181.1843,16.1784,-24.1639,-24.2754
114.000000,3,47.9646,181.0932,-0.2022,-40.4535,-40.4546
114.000000,4,47.9646,181.0107,2.5753,-37.5934,-37.5968
114.000000,5,47.9646,181.2617,14.4463,-25.9734,-26.0388
114.000000,6,47.9646,181.1008,17.7386,-22.5203,-22.6565
114.000000,7,47.9646,180.9978,13.7098,-26.4460,-26.4963
114.000000,8,47.9646,180.9030,10.9383,-29.1227,-29.1396
114.000000,9,47.9646,180.8170,5.7970,-34.1781,-34.1895
114.000000,10,47.9646,181.0365,0.4806,-39.7139,-39.7149
114.000000,11,47.9646,180.9215,14.9612,-25.1183,-25.1661
114.000000,12,47.9646,180.8144,19.2540,-20.7184,-21.0269
114.000000,13,47.9646,180.7158,18.0463,-21.8275,-22.0711
114.000000,14,47.9646,180.6263,7.6289,-32.1554,-32.1626
114.000000,15,47.9646,180.8653,5.3840,-34.6394,-34.6471
114.000000,16,47.9646,180.7460,13.9646,-25.9394,-25.9943
114.000000,17,47.9646,180.6347,19.3735,-20.4192,-20.8641
114.000000,18,47.9646,180.5322,19.2770,-20.4132,-20.7496
114.000000,19,47.9646,180.4391,10.9392,-28.6579,-28.6742
114.000000,20,47.9646,180.6987,6.2047,-33.6520,-33.6764
114.000000,21,47.9646,180.5750,2.9321,-36.8009,-36.8058
114.000000,22,47.9646,180.4595,14.7778,-24.8398,-24.8952
114.000000,23,47.9646,180.3530,15.6058,-23.9053,-23.9947
114.000000,24,47.9646,180.2562,17.9600,-21.4542,-21.6327
115.000000,0,47.6043,181.4840,18.0497,-22.5924,-22.8193
115.000000,1,47.6043,181.3783,18.8926,-21.6438,-22.0707
115.000000,2,47.6043,181.2802,16.7609,-23.6773,-23.8200
115.000000,3,47.6043,181.1400,2.3596,-37.9384,-37.9406
115.000000,4,47.6043,181.0583,0.6287,-39.5876,-39.5905
115.000000,5,47.6043,181.3047,14.9291,-25.5336,-25.6097
115.000000,6,47.6043,181.1449,18.4118,-21.8911,-22.0891
115.000000,7,47.6043,181.0428,15.8082,-24.3926,-24.4589
115.000000,8,47.6043,180.9489,9.5138,-30.5932,-30.6026
115.000000,9,47.6043,180.8638,5.4343,-34.5875,-34.5954
115.000000,10,47.6043,181.0785,2.1751,-38.0614,-38.0630
115.000000,11,47.6043,180.9645,13.1010,-27.0215,-27.0524
115.000000,12,47.6043,180.8583,18.5800,-21.4364,-21.6422
115.000000,13,47.6043,180.7607,17.6685,-22.2502,-22.4569
115.000000,14,47.6043,180.6720,8.0752,-31.7549,-31.7627
115.000000,15,47.6043,180.9060,4.6679,-35.3962,-35.4012
115.000000,16,47.6043,180.7877,13.2018,-26.7440,-26.7912
115.000000,17,47.6043,180.6775,19.3914,-20.4441,-20.8911
115.000000,18,47.6043,180.5759,19.3437,-20.3902,-20.8161
115.000000,19,47.6043,180.4837,12.3153,-27.3264,-27.3569
115.000000,20,47.6043,180.7380,6.2290,-33.6670,-33.6918
115.000000,21,47.6043,180.6153,4.3487,-35.4246,-35.4304
115.000000,22,47.6043,180.5009,15.8611,-23.7978,-23.8947
115.000000,23,47.6043,180.3953,15.7837,-23.7697,-23.8599
115.000000,24,47.6043,180.2994,16.7055,-22.7520,-22.8472
116.000000,0,47.2460,181.5281,17.7533,-22.9329,-23.1256
116.000000,1,47.2460,181.4234,18.8529,-21.7286,-22.1490
116.000000,2,47.2460,181.3262,17.1235,-23.3608,-23.5304
116.000000,3,47.2460,181.1869,4.5334,-35.8116,-35.8151
116.000000,4,47.2460,181.1061,2.9217,-37.3424,-37.3460
116.000000,5,47.2460,181.3479,15.4169,-25.0891,-25.1712
116.000000,6,47.2460,181.1891,18.7237,-21.6234,-21.8849
116.000000,7,47.2460,181.0880,17.1861,-23.0599,-23.1680
116.000000,8,47.2460,180.9950,7.3126,-32.8405,-32.8477
116.000000,9,47.2460,180.9108,4.5805,-35.4883,-35.4930
116.000000,10,47.2460,181.1207,4.1530,-36.1257,-36.1285
116.000000,11,47.2460,181.0077,12.3820,-27.7837,-27.8126
116.000000,12,47.2460,180.9026,17.4372,-22.6234,-22.7473
116.000000,13,47.2460,180.8058,17.1630,-22.8008,-22.9586
116.000000,14,47.2460,180.7181,8.0408,-31.8353,-31.8429
116.000000,15,47.2460,180.9470,3.5502,-36.5549,-36.5578
116.000000,16,47.2460,180.8298,12.5172,-27.4707,-27.5070
116.000000,17,47.2460,180.7205,19.3122,-20.5664,-20.9780
116.000000,18,47.2460,180.6199,19.4246,-20.3533,-20.8318
116.000000,19,47.2460,180.5286,13.2268,-26.4598,-26.5082
116.000000,20,47.2460,180.7776,6.2717,-33.6640,-33.6872
116.000000,21,47.2460,180.6560,5.3788,-34.4353,-34.4416
116.000000,22,47.2460,180.5426,16.5875,-23.1132,-23.2579
116.000000,23,47.2460,180.4380,17.7560,-21.8400,-21.9907
116.000000,24,47.2460,180.3430,14.6223,-24.8787,-24.9266
117.000000,0,46.8896,181.5724,17.4869,-23.2435,-23.3972
117.000000,1,46.8896,181.4687,18.9407,-21.6861,-22.0761
117.000000,2,46.8896,181.3724,17.5868,-22.9437,-23.1295
117.000000,3,46.8896,181.2840,6.3976,-34.0444,-34.0493
117.000000,4,46.8896,181.1540,4.3619,-35.9501,-35.9561
117.000000,5,46.8896,181.3914,15.6000,-24.9494,-25.0335
117.000000,6,46.8896,181.2836,18.7482,-21.6934,-22.0068
117.000000,7,46.8896,181.1334,18.0597,-22.2317,-22.3982
117.000000,8,46.8896,181.0414,9.0354,-31.1640,-31.1724
117.000000,9,46.8896,180.9580,3.1615,-36.9545,-36.9570
117.000000,10,46.8896,181.1632,5.5364,-34.7848,-34.7891
117.000000,11,46.8896,181.0512,14.2868,-25.9224,-25.9614
117.000000,12,46.8896,180.9471,15.7023,-24.4028,-24.4782
117.000000,13,46.8896,180.8512,16.6261,-23.3831,-23.4892
117.000000,14,46.8896,180.7644,7.5383,-32.3841,-32.3908
117.000000,15,46.8896,180.9884,1.9346,-38.2118,-38.2136
117.000000,16,46.8896,180.8721,11.8033,-28.2269,-28.2516
117.000000,17,46.8896,180.7639,19.1579,-20.7641,-21.1103
117.000000,18,46.8896,180.6642,19.5044,-20.3178,-20.8038
117.000000,19,46.8896,180.5738,13.9799,-25.7519,-25.8162
117.000000,20,46.8896,180.8176,6.1723,-33.8033,-33.8234
117.000000,21,46.8896,180.6971,5.9366,-33.9185,-33.9249
117.000000,22,46.8896,180.5846,17.1804,-22.5623,-22.7501
117.000000,23,46.8896,180.4810,18.8853,-20.7537,-21.0115
117.000000,24,46.8896,180.3869,12.9483,-26.5966,-26.6362
118.000000,0,46.5352,181.6169,17.1004,-23.6746,-23.7893
118.000000,1,46.5352,181.5142,18.9028,-21.7694,-22.1111
118.000000,2,46.5352,181.4188,17.7378,-22.8390,-23.0302
118.000000,3,46.5352,181.3313,7.7106,-32.7787,-32.7850
118.000000,4,46.5352,181.2521,5.2193,-35.1909,-35.2001
118.000000,5,46.5352,181.4350,15.5052,-25.0878,-25.1696
118.000000,6,46.5352,181.3283,18.8785,-21.6078,-21.9586
118.000000,7,46.5352,181.1791,18.5367,-21.8005,-22.0314
118.000000,8,46.5352,181.0879,10.8196,-29.4264,-29.4410
118.000000,9,46.5352,181.0054,0.9947,-39.1687,-39.1702
118.000000,10,46.5352,181.2559,7.1493,-33.2646,-33.2704
118.000000,11,46.5352,181.0950,15.5383,-24.7147,-24.7780
118.000000,12,46.5352,180.9918,13.9158,-26.2340,-26.2986
118.000000,13,46.5352,180.8969,15.6254,-24.4296,-24.4927
118.000000,14,46.5352,180.8109,6.5246,-33.4443,-33.4497
118.000000,15,46.5352,181.0300,-0.3777,-40.5658,-40.5672
118.000000,16,46.5352,180.9148,10.8512,-29.2216,-29.2365
118.000000,17,46.5352,180.8076,18.9727,-20.9929,-21.2555
118.000000,18,46.5352,180.7088,19.4189,-20.4480,-20.8986
118.000000,19,46.5352,180.6192,14.7857,-24.9915,-25.0649
118.000000,20,46.5352,180.8580,6.1200,-33.8960,-33.9118
118.000000,21,46.5352,180.7384,6.0476,-33.8489,-33.8550
118.000000,22,46.5352,180.6270,17.8208,-21.9643,-22.1808
118.000000,23,46.5352,180.5244,19.4166,-20.2658,-20.6460
118.000000,24,46.5352,180.4311,15.2634,-24.3258,-24.3849
119.000000,0,46.1828,181.6615,16.4564,-24.3632,-24.4433
119.000000,1,46.1828,181.5598,18.8855,-21.8323,-22.1132
119.000000,2,46.1828,181.4654,17.5963,-23.0271,-23.2124
119.000000,3,46.1828,181.3787,8.5987,-31.9381,-31.9456
119.000000,4,46.1828,181.3003,5.6213,-34.8370,-34.8498
119.000000,5,46.1828,181.4789,15.1400,-25.4969,-25.5727
119.000000,6,46.1828,181.3732,18.9177,-21.6135,-21.9816
119.000000,7,46.1828,181.2749,18.6720,-21.7610,-22.0487
119.000000,8,46.1828,181.1347,12.0011,-28.2916,-28.3170
119.000000,9,46.1828,181.0529,0.7329,-39.4780,-39.4794
119.000000,10,46.1828,181.2989,8.2712,-32.1857,-32.1929
119.000000,11,46.1828,181.1390,16.3210,-23.9760,-24.0729
119.000000,12,46.1828,181.0368,16.0555,-24.1393,-24.2208
119.000000,13,46.1828,180.9428,14.0612,-26.0396,-26.0756
119.000000,14,46.1828,180.8576,4.8765,-35.1392,-35.1430
119.000000,15,46.1828,181.0719,1.5048,-38.7251,-38.7267
119.000000,16,46.1828,180.9578,9.3352,-30.7806,-30.7894
119.000000,17,46.1828,180.8515,18.3629,-21.6467,-21.8254
119.000000,18,46.1828,180.7537,19.2310,-20.6807,-21.0609
119.000000,19,46.1828,180.6650,15.0760,-24.7471,-24.8225
119.000000,20,46.1828,180.8987,5.7282,-34.3285,-34.3399
119.000000,21,46.1828,180.7802,5.6942,-34.2440,-34.2494
119.000000,22,46.1828,180.6698,17.9927,-21.8351,-22.0631
119.000000,23,46.1828,180.5681,19.4523,-20.2738,-20.7619
119.000000,24,46.1828,180.4757,16.5820,-23.0517,-23.1569
120.000000,0,45.8326,181.7063,15.5274,-25.3369,-25.3895
120.000000,1,45.8326,181.6056,18.6059,-22.1577,-22.3741
120.000000,2,45.8326,181.5121,17.3068,-23.3633,-23.5321
120.000000,3,45.8326,181.4263,9.1284,-31.4559,-31.4643
120.000000,4,45.8326,181.3487,5.6302,-34.8765,-34.8924
120.000000,5,45.8326,181.5230,14.5452,-26.1359,-26.2025
120.000000,6,45.8326,181.4182,18.8822,-21.6941,-22.0582
120.000000,7,45.8326,181.3209,18.8213,-21.6577,-21.9898
120.000000,8,45.8326,181.1816,12.8086,-27.5310,-27.5696
120.000000,9,45.8326,181.1007,2.5230,-37.7357,-37.7377
120.000000,10,45.8326,181.3421,8.9997,-31.5004,-31.5087
120.000000,11,45.8326,181.1832,16.7284,-23.6128,-23.7468
120.000000,12,45.8326,181.0820,17.4575,-22.7825,-22.9128
120.000000,13,45.8326,180.9889,11.7083,-28.4386,-28.4668
120.000000,14,45.8326,180.9046,2.8155,-37.2471,-37.2494
120.000000,15,45.8326,181.1141,2.9368,-37.3353,-37.3377
120.000000,16,45.8326,181.0010,7.0068,-33.1523,-33.1600
120.000000,17,45.8326,180.8957,17.2804,-22.7734,-22.8825
120.000000,18,45.8326,180.7989,19.1106,-20.8463,-21.1341
120.000000,19,45.8326,180.7110,14.8887,-24.9804,-25.0509
120.000000,20,45.8326,180.9397,4.9471,-35.1506,-35.1580
120.000000,21,45.8326,180.8222,4.8066,-35.1737,-35.1781
120.000000,22,45.8326,180.7128,17.7097,-22.1612,-22.3819
120.000000,23,45.8326,180.6121,19.4804,-20.2898,-20.8454
120.000000,24,45.8326,180.5206,17.2179,-22.4607,-22.6221
121.000000,0,45.4844,181.7513,14.2603,-26.6491,-26.6829
121.000000,1,45.4844,181.6515,18.0579,-22.7516,-22.9070
121.000000,2,45.4844,181.5589,17.0259,-23.6911,-23.8344
121.000000,3,45.4844,181.4740,9.3324,-31.2996,-31.3084
121.000000,4,45.4844,181.3971,5.7061,-34.8491,-34.8670
121.000000,5,45.4844,181.5673,14.0940,-26.6313,-26.6862
121.000000,6,45.4844,181.4635,18.8748,-21.7467,-22.0865
121.000000,7,45.4844,181.3671,18.8159,-21.7093,-22.0665
121.000000,8,45.4844,181.2787,13.6571,-26.7796,-26.8306
121.000000,9,45.4844,181.1486,3.5957,-36.7108,-36.7142
121.000000,10,45.4844,181.3855,9.4045,-31.1391,-31.1482
121.000000,11,45.4844,181.2776,17.2019,-23.2338,-23.3991
121.000000,12,45.4844,181.1274,18.3387,-21.9467,-22.1463
121.000000,13,45.4844,181.0352,13.5400,-26.6532,-26.6862
121.000000,14,45.4844,180.9518,0.5026,-39.6072,-39.6083
121.000000,15,45.4844,181.1566,3.8676,-36.4470,-36.4506
121.000000,16,45.4844,181.0445,9.2151,-30.9874,-30.9966
121.000000,17,45.4844,180.9402,15.6073,-24.4909,-24.5562
121.000000,18,45.4844,180.8443,18.5723,-21.4300,-21.6242
121.000000,19,45.4844,180.7573,14.2313,-25.6841,-25.7441
121.000000,20,45.4844,180.9810,3.7120,-36.4270,-36.4316
121.000000,21,45.4844,180.8646,3.4183,-36.6044,-36.6076
121.000000,22,45.4844,180.7562,17.4657,-22.4485,-22.6423
121.000000,23,45.4844,180.6564,19.5108,-20.3036,-20.8753
121.000000,24,45.4844,180.5658,17.5941,-22.1297,-22.3399
122.000000,0,45.1385,181.7964,12.5560,-28.3984,-28.4232
122.000000,1,45.1385,181.6975,17.2210,-23.6346,-23.7390
122.000000,2,45.1385,181.6059,16.7256,-24.0383,-24.1513
122.000000,3,45.1385,181.5218,9.2193,-31.4605,-31.4692
122.000000,4,45.1385,181.4457,5.5985,-35.0053,-35.0240
122.000000,5,45.1385,181.6117,13.4872,-27.2826,-27.3250
122.000000,6,45.1385,181.5089,18.7151,-21.9518,-22.2517
122.000000,7,45.1385,181.4135,18.9267,-21.6448,-22.0039
122.000000,8,45.1385,181.3259,14.3252,-26.1587,-26.2206
122.000000,9,45.1385,181.2466,4.1491,-36.2556,-36.2605
122.000000,10,45.1385,181.4292,9.5220,-31.0652,-31.0747
122.000000,11,45.1385,181.3223,17.5252,-22.9551,-23.1457
122.000000,12,45.1385,181.1730,18.8135,-21.5175,-21.7935
122.000000,13,45.1385,181.0818,15.1602,-25.0796,-25.1334
122.000000,14,45.1385,180.9991,-2.2201,-42.3773,-42.3779
122.000000,15,45.1385,181.2493,4.4126,-35.9947,-35.9996
122.000000,16,45.1385,181.0882,10.7531,-29.4932,-29.5089
122.000000,17,45.1385,180.9849,13.3528,-26.7902,-26.8430
122.000000,18,45.1385,180.8899,17.5707,-22.4772,-22.5936
122.000000,19,45.1385,180.8038,13.1764,-26.7854,-26.8315
122.000000,20,45.1385,181.0226,1.8870,-38.2936,-38.2967
122.000000,21,45.1385,180.9072,2.2202,-37.8451,-37.8471
122.000000,22,45.1385,180.7998,17.1562,-22.8017,-22.9551
122.000000,23,45.1385,180.7010,19.4783,-20.3807,-20.9172
122.000000,24,45.1385,180.6113,17.8801,-21.8892,-22.1285
123.000000,0,44.7947,181.8416,12.0295,-28.9702,-28.9932
123.000000,1,44.7947,181.7437,16.0807,-24.8210,-24.8892
123.000000,2,44.7947,181.6529,16.3145,-24.4965,-24.5787
123.000000,3,44.7947,181.5697,8.7753,-31.9525,-31.9604
123.000000,4,44.7947,181.4944,5.6359,-35.0165,-35.0346
123.000000,5,44.7947,181.6563,12.9724,-27.8420,-27.8722
123.000000,6,44.7947,181.5545,18.7105,-22.0021,-22.2499
123.000000,7,44.7947,181.4600,18.8284,-21.7896,-22.1301
123.000000,8,44.7947,181.3733,14.9197,-25.6117,-25.6804
123.000000,9,44.7947,181.2948,4.7022,-35.7506,-35.7570
123.000000,10,44.7947,181.4730,9.3669,-31.2642,-31.2735
123.000000,11,44.7947,181.3672,17.8659,-22.6593,-22.8638
123.000000,12,44.7947,181.2688,18.9401,-21.4867,-21.8296
123.000000,13,44.7947,181.1285,16.1947,-24.0918,-24.1784
123.000000,14,44.7947,181.0467,-0.1586,-40.3633,-40.3640
123.000000,15,44.7947,181.2922,4.6339,-35.8164,-35.8228
123.000000,16,44.7947,181.1322,11.7717,-28.5186,-28.5449
123.000000,17,44.7947,181.0299,15.6163,-24.5716,-24.6332
123.000000,18,44.7947,180.9358,16.0085,-24.0853,-24.1521
123.000000,19,44.7947,180.8505,12.0931,-27.9154,-27.9464
123.000000,20,44.7947,181.0645,1.1623,-39.0603,-39.0632
123.000000,21,44.7947,180.9502,0.8224,-39.2859,-39.2870
123.000000,22,44.7947,180.8438,16.7117,-23.2902,-23.3981
123.000000,23,44.7947,180.7459,19.4944,-20.4095,-20.8670
123.000000,24,44.7947,180.6570,18.1507,-21.6644,-21.9071
124.000000,0,44.4532,181.8870,13.5570,-27.4881,-27.5150
124.000000,1,44.4532,181.7900,14.5299,-26.4182,-26.4679
124.000000,2,44.4532,181.7001,15.6081,-25.2501,-25.3055
124.000000,3,44.4532,181.6177,7.9588,-32.8170,-32.8238
124.000000,4,44.4532,181.5433,5.6900,-35.0113,-35.0276
124.000000,5,44.4532,181.7011,12.1862,-28.6729,-28.6930
124.000000,6,44.4532,181.6003,18.4392,-22.3191,-22.5113
124.000000,7,44.4532,181.5067,18.7857,-21.8790,-22.1821
124.000000,8,44.4532,181.4208,15.1772,-25.4016,-25.4731
124.000000,9,44.4532,181.3431,4.9868,-35.5143,-35.5219
124.000000,10,44.4532,181.5171,8.9357,-31.7394,-31.7481
124.000000,11,44.4532,181.4122,17.8982,-22.6720,-22.8793
124.000000,12,44.4532,181.3148,18.9061,-21.5668,-21.9632
124.000000,13,44.4532,181.1754,16.7869,-23.5465,-23.6711
124.000000,14,44.4532,181.0944,1.8502,-38.4022,-38.4037
124.000000,15,44.4532,181.3354,5.0080,-35.4855,-35.4929
124.000000,16,44.4532,181.1764,12.8622,-27.4723,-27.5110
124.000000,17,44.4532,181.0751,17.0847,-23.1484,-23.2474
124.000000,18,44.4532,180.9819,13.6653,-26.4747,-26.5265
124.000000,19,44.4532,180.8975,10.8705,-29.1850,-29.2029
124.000000,20,44.4532,181.1067,3.0547,-37.2101,-37.2138
124.000000,21,44.4532,180.9934,-0.7202,-40.8717,-40.8723
124.000000,22,44.4532,180.8880,15.8007,-24.2453,-24.3130
124.000000,23,44.4532,180.7910,19.3967,-20.5523,-20.9042
124.000000,24,44.4532,180.7030,17.9417,-21.9193,-22.1436
125.000000,0,44.1139,181.9325,14.6385,-26.4520,-26.4900
125.000000,1,44.1139,181.8365,13.9047,-27.0898,-27.1369
125.000000,2,44.1139,181.7475,14.5629,-26.3426,-26.3784
125.000000,3,44.1139,181.6659,6.8269,-33.9970,-34.0024
125.000000,4,44.1139,181.5922,5.6522,-35.0979,-35.1115
125.000000,5,44.1139,181.7460,11.0858,-29.8182,-29.8309
125.000000,6,44.1139,181.6462,17.8965,-22.9077,-23.0468
125.000000,7,44.1139,181.5535,18.6779,-22.0337,-22.2866
125.000000,8,44.1139,181.4685,15.1268,-25.4997,-25.5696
125.000000,9,44.1139,181.3916,5.3784,-35.1712,-35.1792
125.000000,10,44.1139,181.5613,8.2057,-32.5136,-32.5214
125.000000,11,44.1139,181.4575,17.6368,-22.9787,-23.1777
125.000000,12,44.1139,181.3610,18.8548,-21.6643,-22.0903
125.000000,13,44.1139,181.2724,17.0673,-23.3631,-23.5224
125.000000,14,44.1139,181.1423,3.8321,-36.4682,-36.4710
125.000000,15,44.1139,181.3789,5.1173,-35.4196,-35.4276
125.000000,16,44.1139,181.2709,13.6914,-26.7375,-26.7884
125.000000,17,44.1139,181.1205,18.0109,-22.2676,-22.4238
125.000000,18,44.1139,181.0282,15.2348,-24.9515,-25.0126
125.000000,19,44.1139,180.9446,9.3104,-30.7922,-30.8016
125.000000,20,44.1139,181.1491,4.3152,-35.9920,-35.9978
125.000000,21,44.1139,181.0369,-1.0142,-41.2092,-41.2100
125.000000,22,44.1139,180.9325,14.3215,-25.7690,-25.8091
125.000000,23,44.1139,180.8364,18.8785,-21.1159,-21.3577
125.000000,24,44.1139,180.7493,17.3371,-22.5702,-22.7586
126.000000,0,43.7769,181.9781,15.3906,-25.7456,-25.7998
126.000000,1,43.7769,181.8830,15.5356,-25.5055,-25.5624
126.000000,2,43.7769,181.7949,13.0954,-27.8575,-27.8834
126.000000,3,43.7769,181.7141,5.8333,-35.0388,-35.0426
126.000000,4,43.7769,181.6411,5.5343,-35.2649,-35.2754
126.000000,5,43.7769,181.7911,9.5920,-31.3572,-31.3657
126.000000,6,43.7769,181.6922,17.0586,-23.7916,-23.8857
126.000000,7,43.7769,181.6004,18.4949,-22.2636,-22.4600
126.000000,8,43.7769,181.5163,14.7740,-25.9003,-25.9645
126.000000,9,43.7769,181.4402,5.4334,-35.1649,-35.1727
126.000000,10,43.7769,181.6058,7.2530,-33.5108,-33.5173
126.000000,11,43.7769,181.5029,17.4668,-23.1941,-23.3735
126.000000,12,43.7769,181.4073,18.9357,-21.6296,-22.0582
126.000000,13,43.7769,181.3197,17.4334,-23.0443,-23.2308
126.000000,14,43.7769,181.2403,5.3022,-35.0961,-35.1004
126.000000,15,43.7769,181.4225,5.3855,-35.1951,-35.2031
126.000000,16,43.7769,181.3155,14.5567,-25.9169,-25.9783
126.000000,17,43.7769,181.1661,18.5175,-21.8066,-22.0291
126.000000,18,43.7769,181.0747,16.8480,-23.3848,-23.4823
126.000000,19,43.7769,180.9920,6.9751,-33.1750,-33.1817
126.000000,20,43.7769,181.2418,5.1193,-35.2806,-35.2892
126.000000,21,43.7769,181.0806,2.0018,-38.2369,-38.2384
126.000000,22,43.7769,180.9772,12.0452,-28.0900,-28.1201
126.000000,23,43.7769,180.8820,17.9497,-22.0904,-22.2377
126.000000,24,43.7769,180.7958,16.7154,-23.2384,-23.3797
127.000000,0,43.4422,182.0238,15.8802,-25.3017,-25.3750
127.000000,1,43.4422,181.9296,16.6983,-24.3894,-24.4708
127.000000,2,43.4422,181.8424,11.8708,-29.1296,-29.1550
127.000000,3,43.4422,181.7624,4.4657,-36.4547,-36.4572
127.000000,4,43.4422,181.6902,5.1000,-35.7483,-35.7558
127.000000,5,43.4422,181.8363,7.5541,-33.4403,-33.4479
127.000000,6,43.4422,181.7384,15.8757,-25.0206,-25.0818
127.000000,7,43.4422,181.6475,18.0403,-22.7653,-22.9070
127.000000,8,43.4422,181.5642,14.1026,-26.6196,-26.6750
127.000000,9,43.4422,181.4889,5.1417,-35.5052,-35.5125
127.000000,10,43.4422,181.6504,6.4715,-34.3369,-34.3418
127.000000,11,43.4422,181.5485,17.1504,-23.5561,-23.7086
127.000000,12,43.4422,181.4538,18.9035,-21.7084,-22.1147
127.000000,13,43.4422,181.3670,17.6988,-22.8262,-23.0282
127.000000,14,43.4422,181.2885,6.7745,-33.6721,-33.6778
127.000000,15,43.4422,181.4664,5.4073,-35.2171,-35.2247
127.000000,16,43.4422,181.3604,15.0547,-25.4637,-25.5330
127.000000,17,43.4422,181.2619,18.6663,-21.7536,-22.0369
127.000000,18,43.4422,181.1214,17.8695,-22.4100,-22.5632
127.000000,19,43.4422,181.0395,8.7590,-31.4386,-31.4461
127.000000,20,43.4422,181.2848,5.5573,-34.8856,-34.8973
127.000000,21,43.4422,181.1246,4.2702,-36.0125,-36.0154
127.000000,22,43.4422,181.0221,13.5133,-26.6669,-26.6997
127.000000,23,43.4422,180.9279,16.4678,-23.6181,-23.7031
127.000000,24,43.4422,180.8425,16.0051,-23.9954,-24.0885
128.000000,0,43.1098,182.0696,16.1479,-25.0798,-25.1730
128.000000,1,43.1098,181.9764,17.5159,-23.6185,-23.7352
128.000000,2,43.1098,181.8900,13.7747,-27.2733,-27.3042
128.000000,3,43.1098,181.8108,3.2984,-37.6704,-37.6721
128.000000,4,43.1098,181.7393,4.3323,-36.5651,-36.5700
128.000000,5,43.1098,181.8817,9.0495,-31.9902,-31.9981
128.000000,6,43.1098,181.7846,14.2534,-26.6893,-26.7322
128.000000,7,43.1098,181.6947,17.2963,-23.5564,-23.6514
128.000000,8,43.1098,181.6122,13.5420,-27.2282,-27.2721
128.000000,9,43.1098,181.5376,4.7890,-35.9067,-35.9130
128.000000,10,43.1098,181.6951,5.4339,-35.4192,-35.4227
128.000000,11,43.1098,181.5942,16.9677,-23.7845,-23.9050
128.000000,12,43.1098,181.5005,18.8615,-21.7971,-22.1597
128.000000,13,43.1098,181.4146,17.8851,-22.6875,-22.8913
128.000000,14,43.1098,181.3368,7.8685,-32.6263,-32.6332
128.000000,15,43.1098,181.5104,5.1695,-35.4989,-35.5058
128.000000,16,43.1098,181.4054,15.2331,-25.3303,-25.4038
128.000000,17,43.1098,181.3079,18.8467,-21.6192,-21.9522
128.000000,18,43.1098,181.1683,18.4459,-21.8805,-22.0968
128.000000,19,43.1098,181.0872,10.4646,-29.7807,-29.7935
128.000000,20,43.1098,181.3280,5.6768,-34.8092,-34.8238
128.000000,21,43.1098,181.1688,6.3860,-33.9408,-33.9457
128.000000,22,43.1098,181.0673,15.1681,-25.0573,-25.1100
128.000000,23,43.1098,180.9740,14.2268,-25.9053,-25.9692
128.000000,24,43.1098,180.8895,14.9628,-25.0847,-25.1383
129.000000,0,42.7798,182.1156,16.5192,-24.7544,-24.8654
129.000000,1,42.7798,182.0232,18.0583,-23.1229,-23.2811
129.000000,2,42.7798,181.9376,15.1400,-25.9557,-26.0014
129.000000,3,42.7798,181.8593,2.8082,-38.2091,-38.2107
129.000000,4,42.7798,181.7885,3.1844,-37.7622,-37.7653
129.000000,5,42.7798,181.9272,10.3060,-30.7793,-30.7902
129.000000,6,42.7798,181.8311,13.2557,-27.7334,-27.7715
129.000000,7,42.7798,181.7420,16.2217,-24.6783,-24.7394
129.000000,8,42.7798,181.6603,12.7399,-28.0785,-28.1107
129.000000,9,42.7798,181.5865,4.2991,-36.4455,-36.4505
129.000000,10,42.7798,181.7401,4.6296,-36.2684,-36.2706
129.000000,11,42.7798,181.6401,16.5154,-24.2827,-24.3715
129.000000,12,42.7798,181.5473,18.9313,-21.7741,-22.0769
129.000000,13,42.7798,181.4622,17.7665,-22.8538,-23.0473
129.000000,14,42.7798,181.3852,8.5409,-32.0024,-32.0100
129.000000,15,42.7798,181.5546,4.6705,-36.0422,-36.0480
129.000000,16,42.7798,181.4506,15.1128,-25.4959,-25.5696
129.000000,17,42.7798,181.3541,18.8848,-21.6273,-21.9909
129.000000,18,42.7798,181.2654,18.6515,-21.7720,-22.0444
129.000000,19,42.7798,181.1351,11.5419,-28.7513,-28.7728
129.000000,20,42.7798,181.3714,5.6675,-34.8619,-34.8788
129.000000,21,42.7798,181.2633,8.0828,-32.3385,-32.3454
129.000000,22,42.7798,181.1127,16.2419,-24.0289,-24.1164
129.000000,23,42.7798,181.0203,15.6646,-24.5138,-24.5876
129.000000,24,42.7798,180.9366,13.3454,-26.7493,-26.7785
130.000000,0,42.4521,182.1616,16.7496,-24.5700,-24.6959
130.000000,1,42.4521,182.0701,18.3676,-22.8606,-23.0617
130.000000,2,42.4521,181.9854,16.1217,-25.0217,-25.0896
130.000000,3,42.4521,181.9078,5.0856,-35.9803,-35.9823
130.000000,4,42.4521,181.8378,1.5604,-39.4355,-39.4375
130.000000,5,42.4521,181.9728,11.1990,-29.9318,-29.9481
130.000000,6,42.4521,181.8776,14.9625,-26.0731,-26.1160
130.000000,7,42.4521,181.7893,14.7368,-26.2106,-26.2538
130.000000,8,42.4521,181.7085,12.0677,-28.7989,-28.8202
130.000000,9,42.4521,181.6355,3.7298,-37.0638,-37.0674
130.000000,10,42.4521,181.7851,3.4656,-37.4775,-37.4788
130.000000,11,42.4521,181.6861,15.7745,-25.0697,-25.1307
130.000000,12,42.4521,181.5942,18.7239,-22.0284,-22.2652
130.000000,13,42.4521,181.5100,17.3486,-23.3194,-23.4926
130.000000,14,42.4521,181.4338,8.8616,-31.7303,-31.7381
130.000000,15,42.4521,181.5991,4.1340,-36.6231,-36.6278
130.000000,16,42.4521,181.4960,14.6930,-25.9611,-26.0311
130.000000,17,42.4521,181.4004,18.9150,-21.6435,-22.0149
130.000000,18,42.4521,181.3126,18.7364,-21.7343,-22.0512
130.000000,19,42.4521,181.1831,12.1598,-28.1814,-28.2131
130.000000,20,42.4521,181.4151,5.6825,-34.8906,-34.9086
130.000000,21,42.4521,181.3079,9.2643,-31.2016,-31.2108
130.000000,22,42.4521,181.1583,16.8747,-23.4417,-23.5725
130.000000,23,42.4521,181.0668,17.1930,-23.0319,-23.1494
130.000000,24,42.4521,180.9840,10.9289,-29.2131,-29.2353
131.000000,0,42.1268,182.2076,17.0713,-24.2944,-24.4304
131.000000,1,42.1268,182.1170,18.4689,-22.8062,-23.0476
131.000000,2,42.1268,182.0332,16.8056,-24.3856,-24.4805
131.000000,3,42.1268,181.9564,6.7631,-34.3514,-34.3548
131.000000,4,42.1268,181.8871,0.0431,-41.0021,-41.0037
131.000000,5,42.1268,182.0185,11.8446,-29.3319,-29.3551
131.000000,6,42.1268,181.9242,16.1731,-24.9091,-24.9695
131.000000,7,42.1268,181.8368,13.0067,-27.9881,-28.0297
131.000000,8,42.1268,181.7568,11.0512,-29.8636,-29.8771
131.000000,9,42.1268,181.6845,3.0661,-37.7764,-37.7789
131.000000,10,42.1268,181.8303,1.8262,-39.1622,-39.1631
131.000000,11,42.1268,181.7322,14.7019,-26.1883,-26.2281
131.000000,12,42.1268,181.6413,18.2617,-22.5376,-22.7099
131.000000,13,42.1268,181.5579,17.0450,-23.6709,-23.8150
131.000000,14,42.1268,181.4825,8.8642,-31.7763,-31.7839
131.000000,15,42.1268,181.6437,3.4599,-37.3418,-37.3453
131.000000,16,42.1268,181.5416,14.4012,-26.2985,-26.3604
131.000000,17,42.1268,181.4469,18.9039,-21.7011,-22.0578
131.000000,18,42.1268,181.3600,18.7658,-21.7522,-22.0934
131.000000,19,42.1268,181.2813,12.9272,-27.5122,-27.5524
131.000000,20,42.1268,181.4589,5.6711,-34.9458,-34.9640
131.000000,21,42.1268,181.3528,10.0444,-30.4664,-30.4777
131.000000,22,42.1268,181.2541,17.3890,-23.0232,-23.1958
131.000000,23,42.1268,181.1136,18.1921,-22.0795,-22.2647
131.000000,24,42.1268,181.0315,12.7343,-27.4553,-27.4812
132.000000,0,41.8038,182.2538,17.2686,-24.1433,-24.2848
132.000000,1,41.8038,182.1641,18.4018,-22.9203,-23.1957
132.000000,2,41.8038,182.0810,17.2424,-23.9967,-24.1204
132.000000,3,41.8038,182.0050,8.0191,-33.1440,-33.1499
132.000000,4,41.8038,181.9365,1.8774,-39.2171,-39.2189
132.000000,5,41.8038,182.0643,12.6489,-28.5734,-28.6039
132.000000,6,41.8038,181.9709,17.0242,-24.1048,-24.1924
132.000000,7,41.8038,181.8844,14.8503,-26.1921,-26.2415
132.000000,8,41.8038,181.8052,9.6071,-31.3562,-31.3656
132.000000,9,41.8038,181.7337,2.0631,-38.8286,-38.8301
132.000000,10,41.8038,181.8757,0.7423,-40.2914,-40.2924
132.000000,11,41.8038,181.7785,13.2159,-27.7207,-27.7475
132.000000,12,41.8038,181.6884,17.5503,-23.2962,-23.4124
132.000000,13,41.8038,181.6059,16.5632,-24.2007,-24.3124
132.000000,14,41.8038,181.5313,8.5570,-32.1322,-32.1392
132.000000,15,41.8038,181.6884,2.4974,-38.3491,-38.3515
132.000000,16,41.8038,181.5873,13.9491,-26.7963,-26.8476
132.000000,17,41.8038,181.4935,18.7969,-21.8547,-22.1774
132.000000,18,41.8038,181.4075,18.8819,-21.6837,-22.0258
132.000000,19,41.8038,181.3296,13.4840,-27.0037,-27.0506
132.000000,20,41.8038,181.5030,5.6035,-35.0575,-35.0747
132.000000,21,41.8038,181.3978,10.4829,-30.0730,-30.0859
132.000000,22,41.8038,181.3001,17.7426,-22.7155,-22.9253
132.000000,23,41.8038,181.1604,18.7433,-21.5751,-21.8375
132.000000,24,41.8038,181.0792,14.3572,-25.8801,-25.9224
133.000000,0,41.4833,182.3000,17.2880,-24.1701,-24.3125
133.000000,1,41.4833,182.2112,18.4837,-22.8855,-23.1846
133.000000,2,41.4833,182.1290,17.4630,-23.8240,-23.9756
133.000000,3,41.4833,182.0537,8.9503,-32.2615,-32.2706
133.000000,4,41.4833,181.9858,3.1252,-38.0187,-38.0212
133.000000,5,41.4833,182.1102,13.1957,-28.0725,-28.1102
133.000000,6,41.4833,182.0177,17.5924,-23.5833,-23.7042
133.000000,7,41.4833,181.9321,16.1966,-24.8935,-24.9645
133.000000,8,41.4833,181.8536,8.6565,-32.3552,-32.3644
133.000000,9,41.4833,181.7828,0.6626,-40.2783,-40.2791
133.000000,10,41.4833,181.9211,2.3620,-38.7172,-38.7187
133.000000,11,41.4833,181.8249,11.1576,-29.8254,-29.8484
133.000000,12,41.4833,181.7357,16.5159,-24.3778,-24.4527
133.000000,13,41.4833,181.6540,16.1086,-24.7034,-24.7827
133.000000,14,41.4833,181.5801,7.9249,-32.8133,-32.8192
133.000000,15,41.4833,181.7333,1.3934,-39.4979,-39.4995
133.000000,16,41.4833,181.6332,13.6531,-27.1382,-27.1773
133.000000,17,41.4833,181.5403,18.8287,-21.8697,-22.1426
133.000000,18,41.4833,181.4551,18.7683,-21.8448,-22.1677
133.000000,19,41.4833,181.3781,14.0146,-26.5215,-26.5715
133.000000,20,41.4833,181.5472,5.5974,-35.1079,-35.1232
133.000000,21,41.4833,181.4430,10.6085,-29.9926,-30.0067
133.000000,22,41.4833,181.3463,18.1758,-22.3286,-22.5632
133.000000,23,41.4833,181.2575,18.9194,-21.4962,-21.8278
133.000000,24,41.4833,181.1271,15.3631,-24.9221,-24.9893
134.000000,0,41.1651,182.3463,17.1392,-24.3652,-24.5041
134.000000,1,41.1651,182.2583,18.4179,-22.9985,-23.3111
134.000000,2,41.1651,182.1769,17.6399,-23.6951,-23.8706
134.000000,3,41.1651,182.1025,9.8717,-31.3888,-31.4016
134.000000,4,41.1651,182.0353,3.9563,-37.2370,-37.2405
134.000000,5,41.1651,182.1561,13.9016,-27.4125,-27.4563
134.000000,6,41.1651,182.0646,17.9235,-23.2991,-23.4555
134.000000,7,41.1651,181.9798,17.1534,-23.9845,-24.0874
134.000000,8,41.1651,181.9022,10.6593,-30.4009,-30.4122
134.000000,9,41.1651,181.8321,-1.2512,-42.2413,-42.2418
134.000000,10,41.1651,181.9667,4.2686,-36.8561,-36.8584
134.000000,11,41.1651,181.8714,12.9058,-28.1236,-28.1474
134.000000,12,41.1651,181.7831,15.0853,-25.8559,-25.9076
134.000000,13,41.1651,181.7022,15.3543,-25.5059,-25.5580
134.000000,14,41.1651,181.6291,6.9233,-33.8638,-33.8684
134.000000,15,41.1651,181.7784,0.2076,-40.7289,-40.7298
134.000000,16,41.1651,181.6792,13.0715,-27.7658,-27.7934
134.000000,17,41.1651,181.5873,18.6113,-22.1340,-22.3501
134.000000,18,41.1651,181.5029,18.6723,-21.9886,-22.2741
134.000000,19,41.1651,181.4266,14.1995,-26.3852,-26.4350
134.000000,20,41.1651,181.5916,5.6837,-35.0660,-35.0789
134.000000,21,41.1651,181.4884,10.4273,-30.2192,-30.2336
134.000000,22,41.1651,181.3926,18.2858,-22.2649,-22.5110
134.000000,23,41.1651,181.3047,18.9022,-21.5605,-21.9479
134.000000,24,41.1651,181.1751,15.9085,-24.4246,-24.5199
135.000000,0,40.8493,182.3927,16.8666,-24.6842,-24.8156
135.000000,1,40.8493,182.3055,18.4620,-23.0016,-23.3159
135.000000,2,40.8493,182.2249,17.8317,-23.5513,-23.7444
135.000000,3,40.8493,182.1512,10.6813,-30.6280,-30.6446
135.000000,4,40.8493,182.0847,4.4626,-36.7802,-36.7849
135.000000,5,40.8493,182.2022,14.3901,-26.9702,-27.0189
135.000000,6,40.8493,182.1115,18.0451,-23.2245,-23.4149
135.000000,7,40.8493,182.0276,17.8100,-23.3756,-23.5167
135.000000,8,40.8493,181.9507,12.0946,-29.0142,-29.0316
135.000000,9,40.8493,181.8814,-2.9828,-44.0222,-44.0227
135.000000,10,40.8493,182.0124,5.6654,-35.5050,-35.5086
135.000000,11,40.8493,181.9180,14.2396,-26.8364,-26.8693
135.000000,12,40.8493,181.8306,13.6629,-27.3258,-27.3726
135.000000,13,40.8493,181.7505,14.2573,-26.6512,-26.6840
135.000000,14,40.8493,181.6781,5.4614,-35.3747,-35.3781
135.000000,15,40.8493,181.8236,-1.3448,-42.3264,-42.3270
135.000000,16,40.8493,181.7254,12.1687,-28.7147,-28.7329
135.000000,17,40.8493,181.6343,18.1083,-22.6840,-22.8434
135.000000,18,40.8493,181.5508,18.4178,-22.2910,-22.5275
135.000000,19,40.8493,181.4753,14.0699,-26.5635,-26.6102
135.000000,20,40.8493,181.6362,5.6214,-35.1728,-35.1829
135.000000,21,40.8493,181.5340,9.9239,-30.7682,-30.7821
135.000000,22,40.8493,181.4392,18.0805,-22.5167,-22.7601
135.000000,23,40.8493,181.3521,18.9026,-21.6076,-22.0260
135.000000,24,40.8493,181.2733,16.1972,-24.2342,-24.3533
136.000000,0,40.5359,182.4391,16.7438,-24.8533,-24.9730
136.000000,1,40.5359,182.3528,18.4321,-23.0787,-23.3841
136.000000,2,40.5359,182.2730,17.9207,-23.5103,-23.7142
136.000000,3,40.5359,182.2000,11.3257,-30.0323,-30.0525
136.000000,4,40.5359,182.1342,4.6972,-36.5951,-36.6011
136.000000,5,40.5359,182.2484,14.6754,-26.7310,-26.7831
136.000000,6,40.5359,182.1586,18.2221,-23.0945,-23.3134
136.000000,7,40.5359,182.0754,18.2192,-23.0142,-23.1952
136.000000,8,40.5359,181.9994,13.1303,-28.0271,-28.0537
136.000000,9,40.5359,181.9307,-1.5488,-42.6376,-42.6381
136.000000,10,40.5359,182.0582,7.0596,-34.1567,-34.1616
136.000000,11,40.5359,181.9647,15.1884,-25.9344,-25.9832
136.000000,12,40.5359,181.8781,15.3788,-25.6574,-25.7113
136.000000,13,40.5359,181.7989,12.7331,-28.2237,-28.2470
136.000000,14,40.5359,181.7272,3.9112,-36.9741,-36.9764
136.000000,15,40.5359,181.8689,-3.2470,-44.2740,-44.2745
136.000000,16,40.5359,181.7717,10.8752,-30.0545,-30.0665
136.000000,17,40.5359,181.6815,17.2979,-23.5416,-23.6510
136.000000,18,40.5359,181.5988,18.2325,-22.5244,-22.7057
136.000000,19,40.5359,181.5241,13.6321,-27.0500,-27.0911
136.000000,20,40.5359,181.6810,5.3047,-35.5343,-35.5417
136.000000,21,40.5359,181.5797,9.4471,-31.2907,-31.3030
136.000000,22,40.5359,181.4858,18.0391,-22.6047,-22.8295
136.000000,23,40.5359,181.3996,18.9354,-21.6223,-22.0442
136.000000,24,40.5359,181.3216,16.5195,-23.9602,-24.0966
137.000000,0,40.2249,182.4856,16.4663,-25.1773,-25.2831
137.000000,1,40.2249,182.4001,18.4826,-23.0755,-23.3619
137.000000,2,40.2249,182.3211,18.1009,-23.3782,-23.5845
137.000000,3,40.2249,182.2488,12.0537,-29.3531,-29.3762
137.000000,4,40.2249,182.1837,4.9000,-36.4418,-36.4489
137.000000,5,40.2249,182.2946,14.7788,-26.6738,-26.7277
137.000000,6,40.2249,182.2056,18.2878,-23.0759,-23.3163
137.000000,7,40.2249,182.1233,18.4131,-22.8683,-23.0870
137.000000,8,40.2249,182.0480,13.8578,-27.3483,-27.3862
137.000000,9,40.2249,181.9801,-0.5851,-41.7232,-41.7241
137.000000,10,40.2249,182.1041,8.2972,-32.9649,-32.9713
137.000000,11,40.2249,182.0115,15.8394,-25.3302,-25.3996
137.000000,12,40.2249,181.9258,16.5905,-24.4933,-24.5702
137.000000,13,40.2249,181.8473,11.4761,-29.5293,-29.5520
137.000000,14,40.2249,181.7764,2.1653,-38.7692,-38.7705
137.000000,15,40.2249,181.9144,-1.3483,-42.4207,-42.4212
137.000000,16,40.2249,181.8181,9.0578,-31.9183,-31.9278
137.000000,17,40.2249,181.7288,16.1306,-24.7562,-24.8276
137.000000,18,40.2249,181.6469,17.7651,-23.0399,-23.1686
137.000000,19,40.2249,181.5730,12.8693,-27.8617,-27.8956
137.000000,20,40.2249,181.7259,4.7270,-36.1570,-36.1621
137.000000,21,40.2249,181.6256,8.8666,-31.9171,-31.9273
137.000000,22,40.2249,181.5326,17.8720,-22.8186,-23.0136
137.000000,23,40.2249,181.4473,18.9002,-21.7051,-22.1046
137.000000,24,40.2249,181.3701,16.8237,-23.7045,-23.8482
138.000000,0,39.9163,182.5321,16.3092,-25.3809,-25.4708
138.000000,1,39.9163,182.4474,18.4214,-23.1841,-23.4442
138.000000,2,39.9163,182.3692,18.1079,-23.4193,-23.6211
138.000000,3,39.9163,182.2977,12.5567,-28.8990,-28.9243
138.000000,4,39.9163,182.2332,5.0749,-36.3164,-36.3243
138.000000,5,39.9163,182.3409,14.7120,-26.7869,-26.8408
138.000000,6,39.9163,182.2528,18.4066,-23.0042,-23.2570
138.000000,7,39.9163,182.1713,18.4102,-22.9191,-23.1699
138.000000,8,39.9163,182.0968,14.3308,-26.9240,-26.9742
138.000000,9,39.9163,182.0295,0.6359,-40.5517,-40.5530
138.000000,10,39.9163,182.1501,9.2128,-32.0954,-32.1033
138.000000,11,39.9163,182.0584,16.2444,-24.9721,-25.0647
138.000000,12,39.9163,181.9735,17.4365,-23.6951,-23.8071
138.000000,13,39.9163,181.8958,13.3966,-27.6572,-27.6850
138.000000,14,39.9163,181.8257,0.1082,-40.8755,-40.8765
138.000000,15,39.9163,181.9600,-0.0380,-41.1560,-41.1567
138.000000,16,39.9163,181.8646,9.3416,-31.6810,-31.6906
138.000000,17,39.9163,181.7761,14.6367,-26.2975,-26.3461
138.000000,18,39.9163,181.6951,16.9986,-23.8546,-23.9392
138.000000,19,39.9163,181.6219,11.8784,-28.9015,-28.9275
138.000000,20,39.9163,181.7710,3.8653,-37.0637,-37.0670
138.000000,21,39.9163,181.6717,8.4440,-32.3857,-32.3932
138.000000,22,39.9163,181.5795,17.7386,-22.9989,-23.1561
138.000000,23,39.9163,181.4951,18.8775,-21.7756,-22.1303
138.000000,24,39.9163,181.4187,16.9689,-23.6078,-23.7489
139.000000,0,39.6101,182.5786,16.0786,-25.6580,-25.7316
139.000000,1,39.6101,182.4948,18.4495,-23.2033,-23.4309
139.000000,2,39.6101,182.4173,17.9491,-23.6263,-23.8171
139.000000,3,39.6101,182.3465,12.8611,-28.6435,-28.6700
139.000000,4,39.6101,182.2827,5.1182,-36.3225,-36.3308
139.000000,5,39.6101,182.3872,14.4799,-27.0654,-27.1178
139.000000,6,39.6101,182.3000,18.4238,-23.0343,-23.2906
139.000000,7,39.6101,182.2193,18.4641,-22.9133,-23.1869
139.000000,8,39.6101,182.1455,14.6980,-26.6056,-26.6676
139.000000,9,39.6101,182.0790,1.4290,-39.8080,-39.8098
139.000000,10,39.6101,182.1961,9.8722,-31.4820,-31.4914
139.000000,11,39.6101,182.1053,16.6719,-24.5915,-24.7066
139.000000,12,39.6101,182.0213,17.9940,-23.1853,-23.3395
139.000000,13,39.6101,181.9444,14.7552,-26.3472,-26.3882
139.000000,14,39.6101,181.8749,1.2758,-39.7572,-39.7580
139.000000,15,39.6101,182.0057,0.8649,-40.2988,-40.2999
139.000000,16,39.6101,181.9112,10.8743,-30.1949,-30.2078
139.000000,17,39.6101,181.8236,13.3222,-27.6594,-27.7011
139.000000,18,39.6101,181.7434,15.8909,-25.0106,-25.0640
139.000000,19,39.6101,181.6710,10.9082,-29.9208,-29.9389
139.000000,20,39.6101,181.8162,2.6736,-38.3006,-38.3027
139.000000,21,39.6101,181.7178,7.8087,-33.0672,-33.0722
139.000000,22,39.6101,181.6266,17.3180,-23.4666,-23.5847
139.000000,23,39.6101,181.5430,18.9414,-21.7596,-22.0535
139.000000,24,39.6101,181.4673,16.7994,-23.8260,-23.9562
140.000000,0,39.3063,182.6252,15.7025,-26.0807,-26.1388
140.000000,1,39.3063,182.5422,18.3605,-23.3397,-23.5320
140.000000,2,39.3063,182.4654,17.8131,-23.8104,-23.9841
140.000000,3,39.3063,182.3954,12.9828,-28.5706,-28.5975
140.000000,4,39.3063,182.3322,5.2430,-36.2472,-36.2555
140.000000,5,39.3063,182.4336,14.0823,-27.5094,-27.5588
140.000000,6,39.3063,182.3472,18.3122,-23.1931,-23.4445
140.000000,7,39.3063,182.2673,18.4581,-22.9673,-23.2537
140.000000,8,39.3063,182.1943,15.1219,-26.2304,-26.3024
140.000000,9,39.3063,182.1284,2.2122,-39.0742,-39.0766
140.000000,10,39.3063,182.2423,10.3159,-31.0844,-31.0950
140.000000,11,39.3063,182.1524,16.9955,-24.3149,-24.4502
140.000000,12,39.3063,182.0691,18.3119,-22.9152,-23.1138
140.000000,13,39.3063,181.9930,15.7182,-25.4328,-25.4930
140.000000,14,39.3063,181.9243,3.3275,-37.7548,-37.7560
140.000000,15,39.3063,182.0515,1.4578,-39.7517,-39.7533
140.000000,16,39.3063,181.9579,11.9848,-29.1312,-29.1509
140.000000,17,39.3063,181.8712,15.1190,-25.9102,-25.9558
140.000000,18,39.3063,181.7918,14.3590,-26.5908,-26.6285
140.000000,19,39.3063,181.7201,9.7331,-31.1450,-31.1566
140.000000,20,39.3063,181.8615,1.0670,-39.9525,-39.9541
140.000000,21,39.3063,181.7641,6.7963,-34.1258,-34.1291
140.000000,22,39.3063,181.6738,16.5915,-24.2403,-24.3226
140.000000,23,39.3063,181.5910,18.7842,-21.9648,-22.1916
140.000000,24,39.3063,181.5161,16.3208,-24.3533,-24.4662
141.000000,0,39.0048,182.6718,15.1749,-26.6549,-26.6991
141.000000,1,39.0048,182.5896,18.1288,-23.6188,-23.7754
141.000000,2,39.0048,182.5136,17.6378,-24.0338,-24.1863
141.000000,3,39.0048,182.4442,12.9298,-28.6724,-28.6986
141.000000,4,39.0048,182.3817,5.1611,-36.3786,-36.3866
141.000000,5,39.0048,182.4801,13.8934,-27.7447,-27.7894
141.000000,6,39.0048,182.3945,18.3408,-23.2117,-23.4492
141.000000,7,39.0048,182.3154,18.4538,-23.0197,-23.3080
141.000000,8,39.0048,182.2431,15.3756,-26.0255,-26.1051
141.000000,9,39.0048,182.1779,2.9017,-38.4343,-38.4371
141.000000,10,39.0048,182.2885,10.5691,-30.8774,-30.8889
141.000000,11,39.0048,182.1995,17.3334,-24.0241,-24.1751
141.000000,12,39.0048,182.1171,18.4697,-22.8054,-23.0457
141.000000,13,39.0048,182.0417,16.3764,-24.8233,-24.9062
141.000000,14,39.0048,181.9737,4.8182,-36.3135,-36.3156
141.000000,15,39.0048,182.0974,1.7981,-39.4573,-39.4594
141.000000,16,39.0048,182.0047,12.7755,-28.3873,-28.4168
141.000000,17,39.0048,181.9188,16.3872,-24.6896,-24.7540
141.000000,18,39.0048,181.8402,12.7241,-28.2741,-28.3111
141.000000,19,39.0048,181.7693,8.5520,-32.3753,-32.3824
141.000000,20,39.0048,181.9070,0.0992,-40.9659,-40.9674
141.000000,21,39.0048,181.8105,5.2965,-35.6720,-35.6744
141.000000,22,39.0048,181.7211,15.5143,-25.3648,-25.4189
141.000000,23,39.0048,181.6391,18.3436,-22.4535,-22.6157
141.000000,24,39.0048,181.5650,15.6821,-25.0409,-25.1322
142.000000,0,38.7058,182.7184,14.4833,-27.3931,-27.4256
142.000000,1,38.7058,182.6370,17.7477,-24.0473,-24.1699
142.000000,2,38.7058,182.5618,17.4224,-24.2974,-24.4261
142.000000,3,38.7058,182.4931,12.7031,-28.9480,-28.9727
142.000000,4,38.7058,182.4312,5.0453,-36.5439,-36.5513
142.000000,5,38.7058,182.5266,13.5486,-28.1360,-28.1751
142.000000,6,38.7058,182.4418,18.2040,-23.3959,-23.6133
142.000000,7,38.7058,182.3635,18.4582,-23.0633,-23.3432
142.000000,8,38.7058,182.2919,15.7707,-25.6792,-25.7629
142.000000,9,38.7058,182.2274,3.3058,-38.0796,-38.0828
142.000000,10,38.7058,182.3348,10.6468,-30.8460,-30.8581
142.000000,11,38.7058,182.2466,17.5860,-23.8186,-23.9801
142.000000,12,38.7058,182.1650,18.4286,-22.8944,-23.1704
142.000000,13,38.7058,182.0904,16.7831,-24.4653,-24.5720
142.000000,14,38.7058,182.0231,5.9115,-35.2696,-35.2730
142.000000,15,38.7058,182.1433,2.1790,-39.1224,-39.1250
142.000000,16,38.7058,182.0516,13.6105,-27.5991,-27.6398
142.000000,17,38.7058,181.9666,17.2767,-23.8479,-23.9429
142.000000,18,38.7058,181.8887,14.6235,-26.4233,-26.4682
142.000000,19,38.7058,181.8185,6.9132,-34.0634,-34.0685
142.000000,20,38.7058,181.9526,1.8069,-39.3037,-39.3056
142.000000,21,38.7058,181.8570,3.6959,-37.3192,-37.3217
142.000000,22,38.7058,181.7685,13.9984,-26.9281,-26.9645
142.000000,23,38.7058,181.6873,17.6041,-23.2413,-23.3486
142.000000,24,38.7058,181.6140,14.9992,-25.7728,-25.8411
143.000000,0,38.4091,182.7651,13.6068,-28.3163,-28.3397
143.000000,1,38.4091,182.6844,17.2109,-24.6315,-24.7241
143.000000,2,38.4091,182.6099,17.2364,-24.5315,-24.6354
143.000000,3,38.4091,182.5419,12.2964,-29.4035,-29.4259
143.000000,4,38.4091,182.4807,4.9241,-36.7146,-36.7211
143.000000,5,38.4091,182.5731,13.2817,-28.4494,-28.4822
143.000000,6,38.4091,182.4892,18.2205,-23.4267,-23.6182
143.000000,7,38.4091,182.4116,18.4631,-23.1066,-23.3687
143.000000,8,38.4091,182.3408,15.9728,-25.5260,-25.6107
143.000000,9,38.4091,182.2769,3.4681,-37.9668,-37.9702
143.000000,10,38.4091,182.3811,10.5561,-30.9831,-30.9954
143.000000,11,38.4091,182.2938,17.6503,-23.8016,-23.9681
143.000000,12,38.4091,182.2130,18.4681,-22.9029,-23.2043
143.000000,13,38.4091,182.1391,16.9704,-24.3268,-24.4558
143.000000,14,38.4091,182.0725,6.7713,-34.4592,-34.4643
143.000000,15,38.4091,182.1894,2.5314,-38.8161,-38.8190
143.000000,16,38.4091,182.0985,14.2742,-26.9824,-27.0350
143.000000,17,38.4091,182.0143,17.8700,-23.3024,-23.4353
143.000000,18,38.4091,181.9373,15.9760,-25.1194,-25.1845
143.000000,19,38.4091,181.8678,7.2584,-33.7675,-33.7725
143.000000,20,38.4091,181.9983,3.0234,-38.1329,-38.1355
143.000000,21,38.4091,181.9036,5.5463,-35.5154,-35.5187
143.000000,22,38.4091,181.8159,11.9594,-29.0145,-29.0453
143.000000,23,38.4091,181.7356,16.5251,-24.3685,-24.4366
143.000000,24,38.4091,181.6630,14.2499,-26.5712,-26.6179
144.000000,0,38.1147,182.8917,12.5116,-29.5381,-29.5550
144.000000,1,38.1147,182.7318,16.5051,-25.3847,-25.4525
144.000000,2,38.1147,182.6581,16.8991,-24.9170,-24.9974
144.000000,3,38.1147,182.5908,11.6956,-30.0533,-30.0729
144.000000,4,38.1147,182.5302,4.6169,-37.0713,-37.0768
144.000000,5,38.1147,182.6197,13.0007,-28.7770,-28.8034
144.000000,6,38.1147,182.5365,18.1167,-23.5778,-23.7408
144.000000,7,38.1147,182.4598,18.4379,-23.1799,-23.4168
144.000000,8,38.1147,182.3896,15.9973,-25.5503,-25.6331
144.000000,9,38.1147,182.3264,3.4147,-38.0697,-38.0733
144.000000,10,38.1147,182.4275,10.2973,-31.2883,-31.3004
144.000000,11,38.1147,182.3410,17.5369,-23.9621,-24.1282
144.000000,12,38.1147,182.2610,18.4001,-23.0190,-23.3349
144.000000,13,38.1147,182.1879,17.1682,-24.1778,-24.3248
144.000000,14,38.1147,182.1220,7.7481,-33.5319,-33.5386
144.000000,15,38.1147,182.2356,2.6959,-38.6977,-38.7010
144.000000,16,38.1147,182.1455,14.9404,-26.3632,-26.4267
144.000000,17,38.1147,182.0622,18.2162,-23.0041,-23.1780
144.000000,18,38.1147,181.9860,16.9286,-24.2154,-24.3095
144.000000,19,38.1147,181.9171,9.1018,-31.9734,-31.9801
144.000000,20,38.1147,182.0441,3.8834,-37.3187,-37.3223
144.000000,21,38.1147,181.9503,7.0357,-34.0727,-34.0780
144.000000,22,38.1147,181.8635,13.8918,-27.1297,-27.1614
144.000000,23,38.1147,181.7840,15.0268,-25.9152,-25.9628
144.000000,24,38.1147,181.7122,13.3671,-27.5031,-27.5324
145.000000,0,37.8228,182.9384,11.1434,-30.9530,-30.9667
145.000000,1,37.8228,182.7793,15.6591,-26.2782,-26.3273
145.000000,2,37.8228,182.7063,16.4046,-25.4597,-25.5196
145.000000,3,37.8228,182.6396,11.0685,-30.7291,-30.7455
145.000000,4,37.8228,182.5796,4.4286,-37.3091,-37.3135
145.000000,5,37.8228,182.6663,12.5703,-29.2540,-29.2744
145.000000,6,37.8228,182.5839,17.8609,-23.8811,-24.0148
145.000000,7,37.8228,182.5079,18.3634,-23.3026,-23.5092
145.000000,8,37.8228,182.4385,15.8518,-25.7447,-25.8228
145.000000,9,37.8228,182.3759,3.8485,-37.6855,-37.6889
145.000000,10,37.8228,182.4740,9.8640,-31.7680,-31.7796
145.000000,11,37.8228,182.3883,17.4045,-24.1419,-24.3017
145.000000,12,37.8228,182.3091,18.4871,-22.9800,-23.2980
145.000000,13,37.8228,182.2367,17.3372,-24.0576,-24.2171
145.000000,14,37.8228,182.1714,8.4444,-32.8850,-32.8934
145.000000,15,37.8228,182.2818,3.1469,-38.2929,-38.2964
145.000000,16,37.8228,182.1926,15.4957,-25.8550,-25.9279
145.000000,17,37.8228,182.1101,18.3442,-22.9239,-23.1375
145.000000,18,37.8228,182.0346,17.5742,-23.6185,-23.7463
145.000000,19,37.8228,181.9665,10.4091,-30.7154,-30.7259
145.000000,20,37.8228,182.0900,4.4632,-36.7848,-36.7894
145.000000,21,37.8228,181.9972,8.5785,-32.5767,-32.5850
145.000000,22,37.8228,181.9112,15.2602,-25.8091,-25.8534
145.000000,23,37.8228,181.8325,13.6876,-27.3029,-27.3482
145.000000,24,37.8228,181.7614,12.1186,-28.8008,-28.8189
146.000000,0,37.5332,182.9851,10.2592,-31.8839,-31.8966
146.000000,1,37.5332,182.9067,14.6456,-27.4192,-27.4558
146.000000,2,37.5332,182.7544,15.7401,-26.1723,-26.2156
146.000000,3,37.5332,182.6884,10.4699,-31.3766,-31.3895
146.000000,4,37.5332,182.6290,4.1070,-37.6800,-37.6834
146.000000,5,37.5332,182.7129,11.9806,-29.8903,-29.9055
146.000000,6,37.5332,182.6314,17.4511,-24.3383,-24.4440
146.000000,7,37.5332,182.5561,18.3149,-23.3992,-23.5722
146.000000,8,37.5332,182.4873,15.5369,-26.1084,-26.1796
146.000000,9,37.5332,182.4254,4.1441,-37.4393,-37.4426
146.000000,10,37.5332,182.5205,9.5049,-32.1736,-32.1842
146.000000,11,37.5332,182.4356,17.3177,-24.2759,-24.4242
146.000000,12,37.5332,182.3572,18.3977,-23.1175,-23.4269
146.000000,13,37.5332,182.2855,17.4702,-23.9734,-24.1391
146.000000,14,37.5332,182.2209,9.2213,-32.1576,-32.1673
146.000000,15,37.5332,182.3281,3.5422,-37.9439,-37.9474
146.000000,16,37.5332,182.2398,15.8346,-25.5632,-25.6434
146.000000,17,37.5332,182.1581,18.4200,-22.8961,-23.1437
146.000000,18,37.5332,182.0834,17.9671,-23.2743,-23.4367
146.000000,19,37.5332,182.0159,11.3340,-29.8399,-29.8557
146.000000,20,37.5332,182.1360,4.8089,-36.4852,-36.4908
146.000000,21,37.5332,182.0440,9.7250,-31.4771,-31.4894
146.000000,22,37.5332,181.9589,16.2305,-24.8865,-24.9530
146.000000,23,37.5332,181.8810,15.2914,-25.7476,-25.8027
146.000000,24,37.5332,181.8106,10.4024,-30.5663,-30.5799
147.000000,0,37.2459,183.0318,11.5179,-30.6720,-30.6849
147.000000,1,37.2459,182.9542,13.3836,-28.7286,-28.7606
147.000000,2,37.2459,182.8825,14.8844,-27.1562,-27.1872
147.000000,3,37.2459,182.7372,9.6576,-32.2377,-32.2475
147.000000,4,37.2459,182.6784,3.6118,-38.2247,-38.2272
147.000000,5,37.2459,182.7595,11.2137,-30.7039,-30.7149
147.000000,6,37.2459,182.6788,16.8792,-24.9577,-25.0381
147.000000,7,37.2459,182.6042,18.1167,-23.6456,-23.7849
147.000000,8,37.2459,182.5362,15.0464,-26.6478,-26.7104
147.000000,9,37.2459,182.4748,4.2542,-37.3787,-37.3817
147.000000,10,37.2459,182.5670,9.1473,-32.5777,-32.5870
147.000000,11,37.2459,182.4830,17.1343,-24.5067,-24.6397
147.000000,12,37.2459,182.4053,18.4690,-23.0944,-23.3844
147.000000,13,37.2459,182.3344,17.6361,-23.8564,-24.0215
147.000000,14,37.2459,182.2704,9.8601,-31.5684,-31.5790
147.000000,15,37.2459,182.3744,3.7538,-37.7786,-37.7821
147.000000,16,37.2459,182.2870,15.9800,-25.4650,-25.5500
147.000000,17,37.2459,182.2061,18.4651,-22.8990,-23.1720
147.000000,18,37.2459,182.1321,18.1400,-23.1501,-23.3443
147.000000,19,37.2459,182.0654,11.9612,-29.2623,-29.2841
147.000000,20,37.2459,182.1821,4.9487,-36.3914,-36.3979
147.000000,21,37.2459,182.0910,10.9669,-30.2822,-30.2987
147.000000,22,37.2459,182.0067,16.8932,-24.2716,-24.3672
147.000000,23,37.2459,181.9296,16.4802,-24.6074,-24.6874
147.000000,24,37.2459,181.8599,10.4950,-30.5230,-30.5370
148.000000,0,36.9609,183.0785,12.4954,-29.7411,-29.7567
148.000000,1,36.9609,183.0016,14.0335,-28.1262,-28.1574
148.000000,2,36.9609,182.9307,13.8025,-28.2862,-28.3110
148.000000,3,36.9609,182.7860,9.0457,-32.8983,-32.9054
148.000000,4,36.9609,182.7278,2.9357,-38.9501,-38.9519
148.000000,5,36.9609,182.8862,10.2409,-31.8034,-31.8111
148.000000,6,36.9609,182.7262,16.1297,-25.7545,-25.8138
148.000000,7,36.9609,182.6524,17.7688,-24.0416,-24.1494
148.000000,8,36.9609,182.5850,14.6731,-27.0699,-27.1226
148.000000,9,36.9609,182.5243,4.1798,-37.5025,-37.5052
148.000000,10,36.9609,182.6136,8.6821,-33.0895,-33.0973
148.000000,11,36.9609,182.5303,17.0842,-24.6042,-24.7187
148.000000,12,36.9609,182.4535,18.4132,-23.1983,-23.4612
148.000000,13,36.9609,182.3832,17.6255,-23.9157,-24.0747
148.000000,14,36.9609,182.3199,10.2800,-31.1980,-31.2092
148.000000,15,36.9609,182.4208,3.7854,-37.7934,-37.7968
148.000000,16,36.9609,182.3342,15.9445,-25.5478,-25.6348
148.000000,17,36.9609,182.2541,18.4578,-22.9543,-23.2428
148.000000,18,36.9609,182.1809,18.1132,-23.2258,-23.4461
148.000000,19,36.9609,182.1149,12.3403,-28.9326,-28.9608
148.000000,20,36.9609,182.2282,4.9018,-36.4845,-36.4917
148.000000,21,36.9609,182.1380,11.9322,-29.3639,-29.3848
148.000000,22,36.9609,182.0546,17.3011,-23.9115,-24.0395
148.000000,23,36.9609,181.9782,17.3502,-23.7861,-23.9016
148.000000,24,36.9609,181.9093,12.2560,-28.8114,-28.8299
149.000000,0,36.6782,183.1251,13.2575,-29.0257,-29.0460
149.000000,1,36.6782,183.0490,15.1574,-27.0496,-27.0853
149.000000,2,36.6782,182.9788,12.4375,-29.6993,-29.7232
149.000000,3,36.6782,182.9147,8.2542,-33.8185,-33.8237
149.000000,4,36.6782,182.7771,2.0636,-39.8715,-39.8727
149.000000,5,36.6782,182.9328,9.0160,-33.0749,-33.0809
149.000000,6,36.6782,182.7736,15.1770,-26.7547,-26.7978
149.000000,7,36.6782,182.7005,17.2660,-24.5926,-24.6727
149.000000,8,36.6782,182.6338,14.1694,-27.6224,-27.6649
149.000000,9,36.6782,182.5738,3.9145,-37.8173,-37.8195
149.000000,10,36.6782,182.6602,8.4095,-33.4087,-33.4149
149.000000,11,36.6782,182.5777,16.8812,-24.8546,-24.9497
149.000000,12,36.6782,182.5016,18.4728,-23.1868,-23.4161
149.000000,13,36.6782,182.4321,17.4464,-24.1437,-24.2917
149.000000,14,36.6782,182.3694,10.5060,-31.0215,-31.0328
149.000000,15,36.6782,182.4673,3.6339,-37.9915,-37.9946
149.000000,16,36.6782,182.3815,15.7328,-25.8068,-25.8928
149.000000,17,36.6782,182.3022,18.4311,-23.0292,-23.3223
149.000000,18,36.6782,182.2297,18.2748,-23.1129,-23.3501
149.000000,19,36.6782,182.1643,12.8518,-28.4706,-28.5043
149.000000,20,36.6782,182.2744,5.0624,-36.3700,-36.3776
149.000000,21,36.6782,182.1851,12.6276,-28.7156,-28.7407
149.000000,22,36.6782,182.1025,17.5876,-23.6729,-23.8330
149.000000,23,36.6782,182.0269,17.9233,-23.2617,-23.4187
149.000000,24,36.6782,181.9587,13.4922,-27.6246,-27.6524
150.000000,0,36.3979,183.1718,13.8462,-28.4836,-28.5103
150.000000,1,36.3979,183.0964,16.0329,-26.2215,-26.2669
150.000000,2,36.3979,183.0268,12.9572,-29.2277,-29.2536
150.000000,3,36.3979,182.9634,7.2164,-34.9050,-34.9094
150.000000,4,36.3979,182.9064,0.9686,-41.0958,-41.0965
150.000000,5,36.3979,182.9795,7.4623,-34.6753,-34.6808
150.000000,6,36.3979,182.9011,14.0267,-28.0325,-28.0643
150.000000,7,36.3979,182.7487,16.5965,-25.3102,-25.3681
150.000000,8,36.3979,182.6826,13.6585,-28.1821,-28.2148
150.000000,9,36.3979,182.6232,3.4430,-38.3382,-38.3400
150.000000,10,36.3979,182.7068,7.9788,-33.8860,-33.8907
150.000000,11,36.3979,182.6252,16.5244,-25.2587,-25.3348
150.000000,12,36.3979,182.5498,18.3823,-23.3256,-23.5184
150.000000,13,36.3979,182.4809,17.0994,-24.5395,-24.6726
150.000000,14,36.3979,182.4189,10.5527,-31.0243,-31.0354
150.000000,15,36.3979,182.5138,3.2884,-38.3834,-38.3863
150.000000,16,36.3979,182.4288,15.6096,-25.9772,-26.0590
150.000000,17,36.3979,182.3503,18.4707,-23.0376,-23.3243
150.000000,18,36.3979,182.2785,18.2481,-23.1885,-23.4339
150.000000,19,36.3979,182.2138,13.1961,-28.1758,-28.2139
150.000000,20,36.3979,182.3207,5.0439,-36.4349,-36.4425
150.000000,21,36.3979,182.2323,13.0953,-28.2951,-28.3240
150.000000,22,36.3979,182.1505,17.8841,-23.4244,-23.6127
150.000000,23,36.3979,182.0757,18.2813,-22.9524,-23.1517
150.000000,24,36.3979,182.0081,14.3520,-26.8142,-26.8543
151.000000,0,36.1198,183.2185,14.2901,-28.0864,-28.1205
151.000000,1,36.1198,183.1438,16.7126,-25.5892,-25.6487
151.000000,2,36.1198,183.0749,14.2299,-28.0030,-28.0345
151.000000,3,36.1198,183.0121,6.6825,-35.4876,-35.4920
151.000000,4,36.1198,182.9556,-0.3938,-42.5075,-42.5080
151.000000,5,36.1198,183.0262,7.9585,-34.2258,-34.2313
151.000000,6,36.1198,182.9485,12.6934,-29.4131,-29.4400
151.000000,7,36.1198,182.8768,15.7399,-26.2950,-26.3362
151.000000,8,36.1198,182.7314,13.1497,-28.7398,-28.7637
151.000000,9,36.1198,182.6726,2.7376,-39.0930,-39.0944
151.000000,10,36.1198,182.7534,7.3751,-34.5364,-34.5398
151.000000,11,36.1198,182.6726,16.0073,-25.8233,-25.8818
151.000000,12,36.1198,182.5979,18.2010,-23.5550,-23.7109
151.000000,13,36.1198,182.5298,16.8857,-24.8021,-24.9168
151.000000,14,36.1198,182.4684,10.4266,-31.1998,-31.2103
151.000000,15,36.1198,182.5603,2.7283,-38.9901,-38.9926
151.000000,16,36.1198,182.4762,15.4376,-26.1966,-26.2716
151.000000,17,36.1198,182.3984,18.4584,-23.0981,-23.3689
151.000000,18,36.1198,182.3274,18.3676,-23.1178,-23.3613
151.000000,19,36.1198,182.2634,13.6009,-27.8205,-27.8613
151.000000,20,36.1198,182.3671,5.1264,-36.3988,-36.4061
151.000000,21,36.1198,182.2795,13.3612,-28.0764,-28.1084
151.000000,22,36.1198,182.1985,18.0648,-23.2918,-23.5024
151.000000,23,36.1198,182.1244,18.4693,-22.8132,-23.0509
151.000000,24,36.1198,182.0576,14.9177,-26.2979,-26.3520
152.000000,0,35.8440,183.2651,14.6091,-27.8141,-27.8564
152.000000,1,35.8440,183.1911,17.2311,-25.1180,-25.1947
152.000000,2,35.8440,183.1229,15.2404,-27.0405,-27.0817
152.000000,3,35.8440,183.0607,8.3863,-33.8325,-33.8374
152.000000,4,35.8440,183.0048,-2.0989,-44.2617,-44.2621
152.000000,5,35.8440,183.0729,9.0709,-33.1600,-33.1664
152.000000,6,35.8440,182.9959,13.2009,-28.9531,-28.9783
152.000000,7,35.8440,182.9249,14.6632,-27.4198,-27.4521
152.000000,8,35.8440,182.7802,12.4630,-29.4752,-29.4924
152.000000,9,35.8440,182.7219,1.7517,-40.1282,-40.1293
152.000000,10,35.8440,182.8801,6.5742,-35.4640,-35.4663
152.000000,11,35.8440,182.7200,15.3161,-26.5619,-26.6054
152.000000,12,35.8440,182.6461,17.8705,-23.9336,-24.0547
152.000000,13,35.8440,182.5786,16.5132,-25.2234,-25.3187
152.000000,14,35.8440,182.5179,10.1274,-31.5485,-31.5580
152.000000,15,35.8440,182.6069,2.1755,-39.5894,-39.5916
152.000000,16,35.8440,182.5236,15.2666,-26.4150,-26.4812
152.000000,17,35.8440,182.4466,18.4525,-23.1521,-23.3990
152.000000,18,35.8440,182.3762,18.3550,-23.1793,-23.4123
152.000000,19,35.8440,182.3129,13.9281,-27.5428,-27.5846
152.000000,20,35.8440,182.4135,5.1471,-36.4245,-36.4312
152.000000,21,35.8440,182.3268,13.4403,-28.0445,-28.0786
152.000000,22,35.8440,182.2466,18.2653,-23.1393,-23.3644
152.000000,23,35.8440,182.1732,18.4546,-22.8766,-23.1459
152.000000,24,35.8440,182.1071,15.2378,-26.0273,-26.0951
153.000000,0,35.5705,183.3118,15.0444,-27.4254,-27.4757
153.000000,1,35.5705,183.2385,17.6124,-24.7841,-24.8799
153.000000,2,35.5705,183.1709,16.0349,-26.2940,-26.3481
153.000000,3,35.5705,183.1093,9.7215,-32.5459,-32.5523
153.000000,4,35.5705,183.0540,-2.9867,-45.1988,-45.1991
153.000000,5,35.5705,183.1196,9.9473,-32.3303,-32.3387
153.000000,6,35.5705,183.0433,14.3834,-27.8180,-27.8456
153.000000,7,35.5705,182.9730,13.3128,-28.8183,-28.8485
153.000000,8,35.5705,182.9089,11.5735,-30.4934,-30.5058
153.000000,9,35.5705,182.7712,0.4052,-41.5241,-41.5249
153.000000,10,35.5705,182.9267,5.5370,-36.5478,-36.5496
153.000000,11,35.5705,182.7675,14.4275,-27.4980,-27.5296
153.000000,12,35.5705,182.6943,17.3864,-24.4659,-24.5563
153.000000,13,35.5705,182.6275,16.1889,-25.5966,-25.6722
153.000000,14,35.5705,182.5673,9.6471,-32.0783,-32.0867
153.000000,15,35.5705,182.6535,1.7553,-40.0563,-40.0580
153.000000,16,35.5705,182.5710,15.1434,-26.5856,-26.6416
153.000000,17,35.5705,182.4947,18.4656,-23.1872,-23.4039
153.000000,18,35.5705,182.4251,18.1737,-23.4095,-23.6253
153.000000,19,35.5705,182.3624,14.0646,-27.4559,-27.4971
153.000000,20,35.5705,182.4600,5.0064,-36.6117,-36.6177
153.000000,21,35.5705,182.3741,13.3393,-28.1928,-28.2278
153.000000,22,35.5705,182.2947,18.2734,-23.1793,-23.4110
153.000000,23,35.5705,182.2221,18.4554,-22.9247,-23.2151
153.000000,24,35.5705,182.1566,15.4191,-25.8955,-25.9754
154.000000,0,35.2992,183.3584,15.3938,-27.1226,-27.1807
154.000000,1,35.2992,183.2858,17.8733,-24.5705,-24.6863
154.000000,2,35.2992,183.2189,16.6552,-25.7216,-25.7911
154.000000,3,35.2992,183.1579,10.7863,-31.5297,-31.5386
154.000000,4,35.2992,183.1031,-2.0657,-44.3268,-44.3272
154.000000,5,35.2992,183.1662,10.6367,-31.6875,-31.6988
154.000000,6,35.2992,183.0907,15.3039,-26.9449,-26.9796
154.000000,7,35.2992,183.0211,13.8687,-28.3105,-28.3423
154.000000,8,35.2992,182.9576,10.4409,-31.6748,-31.6852
154.000000,9,35.2992,182.9005,-1.4465,-43.5051,-43.5057
154.000000,10,35.2992,182.9734,4.1996,-37.9319,-37.9334
154.000000,11,35.2992,182.8949,13.3036,-28.7493,-28.7725
154.000000,12,35.2992,182.7424,16.7377,-25.1628,-25.2282
154.000000,13,35.2992,182.6763,15.7982,-26.0361,-26.0934
154.000000,14,35.2992,182.6167,8.9688,-32.8060,-32.8131
154.000000,15,35.2992,182.7001,1.1097,-40.7484,-40.7498
154.000000,16,35.2992,182.6184,14.8653,-26.9111,-26.9566
154.000000,17,35.2992,182.5429,18.3186,-23.3823,-23.5660
154.000000,18,35.2992,182.4740,18.0957,-23.5363,-23.7284
154.000000,19,35.2992,182.4119,14.0243,-27.5456,-27.5849
154.000000,20,35.2992,182.5065,4.7074,-36.9571,-36.9624
154.000000,21,35.2992,182.4214,13.0576,-28.5219,-28.5566
154.000000,22,35.2992,182.3428,18.1682,-23.3326,-23.5626
154.000000,23,35.2992,182.2709,18.4453,-22.9836,-23.2837
154.000000,24,35.2992,182.2061,15.7149,-25.6493,-25.7378
155.000000,0,35.0301,183.4050,15.6345,-26.9285,-26.9939
155.000000,1,35.0301,183.3330,18.0258,-24.4653,-24.6009
155.000000,2,35.0301,183.2668,17.1296,-25.2952,-25.3814
155.000000,3,35.0301,183.2064,11.6403,-30.7242,-30.7366
155.000000,4,35.0301,183.1522,-1.4410,-43.7512,-43.7517
155.000000,5,35.0301,183.2129,11.2810,-31.0899,-31.1047
155.000000,6,35.0301,183.1381,16.0201,-26.2761,-26.3217
155.000000,7,35.0301,183.0692,14.9248,-27.3024,-27.3409
155.000000,8,35.0301,183.0063,9.3753,-32.7890,-32.7997
155.000000,9,35.0301,182.9498,-2.7210,-44.8288,-44.8292
155.000000,10,35.0301,183.0201,2.6497,-39.5285,-39.5301
155.000000,11,35.0301,182.9423,11.8822,-30.2181,-30.2372
155.000000,12,35.0301,182.7906,15.9055,-26.0431,-26.0904
155.000000,13,35.0301,182.7251,15.2459,-26.6372,-26.6790
155.000000,14,35.0301,182.6661,8.0631,-33.7611,-33.7668
155.000000,15,35.0301,182.7468,0.7060,-41.1988,-41.1998
155.000000,16,35.0301,182.6658,14.4272,-27.3967,-27.4323
155.000000,17,35.0301,182.5911,18.0138,-23.7353,-23.8853
155.000000,18,35.0301,182.5228,17.8757,-23.8051,-23.9702
155.000000,19,35.0301,182.4614,13.8135,-27.8059,-27.8420
155.000000,20,35.0301,182.5531,4.2480,-37.4631,-37.4676
155.000000,21,35.0301,182.4688,12.9519,-28.6750,-28.7078
155.000000,22,35.0301,182.3909,18.1925,-23.3565,-23.5760
155.000000,23,35.0301,182.3198,18.4651,-23.0128,-23.3109
155.000000,24,35.0301,182.2557,15.8358,-25.5779,-25.6718
156.000000,0,34.7632,183.4515,16.0127,-26.5969,-26.6682
156.000000,1,34.7632,183.3803,18.0783,-24.4600,-24.6141
156.000000,2,34.7632,183.3146,17.4779,-24.9948,-25.0983
156.000000,3,34.7632,183.2549,12.3223,-30.0906,-30.1071
156.000000,4,34.7632,183.2012,-0.4928,-42.8520,-42.8527
156.000000,5,34.7632,183.2595,11.9863,-30.4312,-30.4499
156.000000,6,34.7632,183.1855,16.5695,-25.7740,-25.8334
156.000000,7,34.7632,183.1172,15.7852,-26.4900,-26.5400
156.000000,8,34.7632,183.0549,10.9962,-31.2168,-31.2285
156.000000,9,34.7632,182.9990,-4.2680,-46.4250,-46.4253
156.000000,10,34.7632,183.0668,3.9694,-38.2555,-38.2573
156.000000,11,34.7632,182.9897,11.6219,-30.5258,-30.5435
156.000000,12,34.7632,182.9187,14.8587,-27.2180,-27.2538
156.000000,13,34.7632,182.7738,14.5172,-27.4147,-27.4444
156.000000,14,34.7632,182.7155,6.9744,-34.8991,-34.9036
156.000000,15,34.7632,182.8734,0.2386,-41.7929,-41.7936
156.000000,16,34.7632,182.7133,13.8171,-28.0542,-28.0810
156.000000,17,34.7632,182.6393,17.6107,-24.1866,-24.3042
156.000000,18,34.7632,182.5717,17.6946,-24.0351,-24.1710
156.000000,19,34.7632,182.5109,13.4311,-28.2377,-28.2698
156.000000,20,34.7632,182.5997,3.8183,-37.9394,-37.9430
156.000000,21,34.7632,182.5162,12.7230,-28.9512,-28.9812
156.000000,22,34.7632,182.4391,18.0492,-23.5479,-23.7506
156.000000,23,34.7632,182.3687,18.4199,-23.1068,-23.3926
156.000000,24,34.7632,182.3052,16.1231,-25.3401,-25.4349
157.000000,0,34.4986,183.4981,16.2858,-26.3702,-26.4465
157.000000,1,34.4986,183.4275,18.0430,-24.5425,-24.7133
157.000000,2,34.4986,183.3625,17.7142,-24.8063,-24.9266
157.000000,3,34.4986,183.3033,12.8590,-29.6023,-29.6235
157.000000,4,34.4986,183.2501,0.2289,-42.1793,-42.1802
157.000000,5,34.4986,183.3062,12.5395,-29.9248,-29.9475
157.000000,6,34.4986,183.2328,16.9780,-25.4129,-25.4881
157.000000,7,34.4986,183.1652,16.5005,-25.8227,-25.8881
157.000000,8,34.4986,183.1035,12.2532,-30.0084,-30.0233
157.000000,9,34.4986,183.0481,-1.9279,-44.1341,-44.1344
157.000000,10,34.4986,183.1135,5.1148,-37.1568,-37.1592
157.000000,11,34.4986,183.0372,12.8947,-29.3005,-29.3191
157.000000,12,34.4986,182.9668,13.5474,-28.5774,-28.6100
157.000000,13,34.4986,182.9026,13.5873,-28.4733,-28.4948
157.000000,14,34.4986,182.7648,6.0685,-35.8543,-35.8576
157.000000,15,34.4986,182.9201,-0.4651,-42.5432,-42.5436
157.000000,16,34.4986,182.7607,13.0140,-28.9047,-28.9244
157.000000,17,34.4986,182.6874,17.0712,-24.7743,-24.8629
157.000000,18,34.4986,182.6205,17.4439,-24.3347,-24.4419
157.000000,19,34.4986,182.5603,12.8689,-28.8495,-28.8770
157.000000,20,34.4986,182.6463,3.2710,-38.5333,-38.5360
157.000000,21,34.4986,182.5636,12.5672,-29.1545,-29.1807
157.000000,22,34.4986,182.4873,18.1005,-23.5448,-23.7244
157.000000,23,34.4986,182.4175,18.4815,-23.0941,-23.3576
157.000000,24,34.4986,182.3547,16.2205,-25.2922,-25.3844
158.000000,0,34.2361,183.5446,16.4626,-26.2400,-26.3200
158.000000,1,34.2361,183.4746,18.1257,-24.5070,-24.6910
158.000000,2,34.2361,183.4103,17.8489,-24.7194,-24.8554
158.000000,3,34.2361,183.3516,13.2690,-29.2407,-29.2667
158.000000,4,34.2361,183.2990,0.7337,-41.7233,-41.7245
158.000000,5,34.2361,183.3528,13.0607,-29.4501,-29.4770
158.000000,6,34.2361,183.2801,17.2634,-25.1747,-25.2667
158.000000,7,34.2361,183.2131,17.0508,-25.3203,-25.4040
158.000000,8,34.2361,183.1521,13.2436,-29.0665,-29.0865
158.000000,9,34.2361,183.0972,-0.1034,-42.3586,-42.3590
158.000000,10,34.2361,183.1601,6.4133,-35.9049,-35.9083
158.000000,11,34.2361,183.0846,13.8876,-28.3550,-28.3780
158.000000,12,34.2361,183.0149,14.3361,-27.8368,-27.8699
158.000000,13,34.2361,182.9513,12.4159,-29.6935,-29.7113
158.000000,14,34.2361,182.8941,4.8903,-37.1619,-37.1642
158.000000,15,34.2361,182.9668,-1.4572,-43.5821,-43.5824
158.000000,16,34.2361,182.8882,11.9840,-30.0622,-30.0765
158.000000,17,34.2361,182.7356,16.3559,-25.5377,-25.6024
158.000000,18,34.2361,182.6694,17.0391,-24.7883,-24.8694
158.000000,19,34.2361,182.6098,12.1092,-29.6586,-29.6813
158.000000,20,34.2361,182.6929,2.5584,-39.2926,-39.2946
158.000000,21,34.2361,182.6111,12.3998,-29.3693,-29.3911
158.000000,22,34.2361,182.5355,17.9897,-23.7038,-23.8573
158.000000,23,34.2361,182.4664,18.4340,-23.1905,-23.4252
158.000000,24,34.2361,182.4042,16.1417,-25.4206,-25.5072
159.000000,0,33.9758,183.5910,16.5509,-26.1982,-26.2806
159.000000,1,33.9758,183.5218,18.1179,-24.5619,-24.7563
159.000000,2,33.9758,183.4580,17.8892,-24.7269,-24.8768
159.000000,3,33.9758,183.3999,13.5658,-28.9922,-29.0233
159.000000,4,33.9758,183.3478,1.3157,-41.1901,-41.1914
159.000000,5,33.9758,183.3994,13.6340,-28.9235,-28.9542
159.000000,6,33.9758,183.3274,17.4387,-25.0467,-25.1555
159.000000,7,33.9758,183.2610,17.4613,-24.9577,-25.0612
159.000000,8,33.9758,183.2006,14.0267,-28.3319,-28.3586
159.000000,9,33.9758,183.1463,1.3651,-40.9392,-40.9398
159.000000,10,33.9758,183.2068,7.4528,-34.9120,-34.9166
159.000000,11,33.9758,183.1319,14.6648,-27.6251,-27.6555
159.000000,12,33.9758,183.0629,15.4022,-26.8188,-26.8580
159.000000,13,33.9758,183.0000,10.9362,-31.2219,-31.2402
159.000000,14,33.9758,182.9434,3.6386,-38.4628,-38.4646
159.000000,15,33.9758,183.0135,-2.8277,-44.9992,-44.9995
159.000000,16,33.9758,182.9356,10.6712,-31.4225,-31.4339
159.000000,17,33.9758,182.7837,15.5054,-26.4364,-26.4833
159.000000,18,33.9758,182.7182,16.4732,-25.4031,-25.4621
159.000000,19,33.9758,182.6592,11.4296,-30.3876,-30.4054
159.000000,20,33.9758,182.7396,1.6644,-40.2332,-40.2347
159.000000,21,33.9758,182.6585,12.0707,-29.7459,-29.7633
159.000000,22,33.9758,182.5837,17.7200,-24.0217,-24.1481
159.000000,23,33.9758,182.5153,18.3882,-23.2851,-23.4862
159.000000,24,33.9758,182.4538,15.8926,-25.7192,-25.7979
160.000000,0,33.7176,183.6375,16.5563,-26.2392,-26.3228
160.000000,1,33.7176,183.5688,18.0517,-24.6752,-24.8766
160.000000,2,33.7176,183.5057,17.8682,-24.7955,-24.9569
160.000000,3,33.7176,183.4482,13.8000,-28.8062,-28.8422
160.000000,4,33.7176,183.3965,1.8967,-40.6578,-40.6594
160.000000,5,33.7176,183.4459,14.0791,-28.5248,-28.5591
160.000000,6,33.7176,183.3746,17.5401,-24.9926,-25.1174
160.000000,7,33.7176,183.3089,17.7497,-24.7172,-24.8410
160.000000,8,33.7176,183.2491,14.6410,-27.7661,-27.8005
160.000000,9,33.7176,183.1953,2.5673,-39.7861,-39.7869
160.000000,10,33.7176,183.2535,8.2908,-34.1207,-34.1268
160.000000,11,33.7176,183.1793,15.2677,-27.0697,-27.1098
160.000000,12,33.7176,183.1109,16.2311,-26.0379,-26.0888
160.000000,13,33.7176,183.0486,12.5075,-29.6991,-29.7192
160.000000,14,33.7176,182.9926,2.4853,-39.6653,-39.6669
160.000000,15,33.7176,183.0602,-3.2012,-45.4194,-45.4198
160.000000,16,33.7176,182.9830,9.3101,-32.8310,-32.8418
160.000000,17,33.7176,182.9119,14.5059,-27.5641,-27.5991
160.000000,18,33.7176,182.7670,15.7315,-26.1935,-26.2355
160.000000,19,33.7176,182.7085,10.6503,-31.2163,-31.2296
160.000000,20,33.7176,182.7863,0.5629,-41.3814,-41.3824
160.000000,21,33.7176,182.7060,11.5696,-30.2945,-30.3078
160.000000,22,33.7176,182.6319,17.2881,-24.5018,-24.6018
160.000000,23,33.7176,182.5642,18.2956,-23.4267,-23.5921
160.000000,24,33.7176,182.5033,15.4719,-26.1894,-26.2584
161.000000,0,33.4616,183.6839,16.4828,-26.3591,-26.4428
161.000000,1,33.4616,183.6159,18.1048,-24.6691,-24.8736
161.000000,2,33.4616,183.5533,17.9878,-24.7235,-24.8931
161.000000,3,33.4616,183.4963,14.1581,-28.4963,-28.5364
161.000000,4,33.4616,183.4452,2.3084,-40.2948,-40.2966
161.000000,5,33.4616,183.4925,14.4126,-28.2379,-28.2752
161.000000,6,33.4616,183.4218,17.7369,-24.8429,-24.9817
161.000000,7,33.4616,183.3567,17.9614,-24.5534,-24.6967
161.000000,8,33.4616,183.2975,15.1128,-27.3427,-27.3857
161.000000,9,33.4616,183.2442,3.5587,-38.8436,-38.8449
161.000000,10,33.4616,183.3001,9.3065,-33.1517,-33.1593
161.000000,11,33.4616,183.2266,15.7241,-26.6606,-26.7123
161.000000,12,33.4616,183.1589,16.8712,-25.4458,-25.5126
161.000000,13,33.4616,183.0972,13.7346,-28.5207,-28.5459
161.000000,14,33.4616,183.0418,4.1005,-38.0993,-38.1008
161.000000,15,33.4616,183.1069,-1.2001,-43.4650,-43.4655
161.000000,16,33.4616,183.0305,10.7042,-31.4843,-31.4951
161.000000,17,33.4616,182.9600,13.2501,-28.8679,-28.8990
161.000000,18,33.4616,182.8957,14.7896,-27.2641,-27.2943
161.000000,19,33.4616,182.7579,9.7253,-32.1907,-32.2003
161.000000,20,33.4616,182.9130,-0.5436,-42.6146,-42.6153
161.000000,21,33.4616,182.7534,10.8780,-31.0335,-31.0434
161.000000,22,33.4616,182.6800,16.6844,-25.1536,-25.2299
161.000000,23,33.4616,182.6131,18.0495,-23.7216,-23.8523
161.000000,24,33.4616,182.5527,14.8710,-26.8398,-26.8982
162.000000,0,33.2076,183.7302,16.3324,-26.5559,-26.6382
162.000000,1,33.2076,183.6628,18.0994,-24.7214,-24.9258
162.000000,2,33.2076,183.6009,18.0218,-24.7371,-24.9120
162.000000,3,33.2076,183.5445,14.4148,-28.2877,-28.3315
162.000000,4,33.2076,183.4938,2.5760,-40.0759,-40.0778
162.000000,5,33.2076,183.5390,14.6463,-28.0507,-28.0906
162.000000,6,33.2076,183.4690,17.8362,-24.7908,-24.9417
162.000000,7,33.2076,183.4045,18.0940,-24.4686,-24.6300
162.000000,8,33.2076,183.3458,15.4606,-27.0433,-27.0950
162.000000,9,33.2076,183.2931,4.3761,-38.0750,-38.0769
162.000000,10,33.2076,183.3467,10.1429,-32.3619,-32.3711
162.000000,11,33.2076,183.2739,16.0536,-26.3784,-26.4426
162.000000,12,33.2076,183.2069,17.3546,-25.0103,-25.0962
162.000000,13,33.2076,183.1458,14.6946,-27.6093,-27.6425
162.000000,14,33.2076,183.0909,5.6774,-36.5715,-36.5733
162.000000,15,33.2076,183.1536,0.4085,-41.9031,-41.9038
162.000000,16,33.2076,183.0779,11.7962,-30.4397,-30.4529
162.000000,17,33.2076,183.0081,14.1807,-27.9854,-28.0160
162.000000,18,33.2076,182.9444,13.6077,-28.4948,-28.5197
162.000000,19,33.2076,182.8872,8.9371,-33.1082,-33.1149
162.000000,20,33.2076,182.9597,-1.7708,-43.8885,-43.8890
162.000000,21,33.2076,182.8809,9.9653,-32.0737,-32.0808
162.000000,22,33.2076,182.7282,15.8907,-25.9955,-26.0518
162.000000,23,33.2076,182.6619,17.6491,-24.1708,-24.2699
162.000000,24,33.2076,182.6022,14.4081,-27.3522,-27.3992
163.000000,0,32.9558,183.7765,16.2320,-26.7026,-26.7823
163.000000,1,32.9558,183.7098,18.0906,-24.7772,-24.9780
163.000000,2,32.9558,183.6484,17.9745,-24.8319,-25.0092
163.000000,3,32.9558,183.5925,14.5782,-28.1724,-28.2192
163.000000,4,32.9558,183.5424,2.7171,-39.9833,-39.9854
163.000000,5,32.9558,183.5854,14.7890,-27.9544,-27.9964
163.000000,6,32.9558,183.5161,17.8947,-24.7794,-24.9397
163.000000,7,32.9558,183.4522,18.1321,-24.4782,-24.6554
163.000000,8,32.9558,183.3941,15.6977,-26.8545,-26.9148
163.000000,9,32.9558,183.3419,5.0449,-37.4550,-37.4575
163.000000,10,32.9558,183.3933,10.8174,-31.7339,-31.7448
163.000000,11,32.9558,183.3212,16.3260,-26.1532,-26.2302
163.000000,12,32.9558,183.2548,17.7036,-24.7092,-24.8161
163.000000,13,32.9558,183.1943,15.4473,-26.9051,-26.9487
163.000000,14,32.9558,183.1399,6.9207,-35.3772,-35.3798
163.000000,15,32.9558,183.2003,2.3192,-40.0391,-40.0400
163.000000,16,32.9558,183.1253,12.6583,-29.6250,-29.6425
163.000000,17,32.9558,183.0562,15.2791,-26.9351,-26.9707
163.000000,18,32.9558,182.9931,12.1199,-30.0313,-30.0567
163.000000,19,32.9558,182.9365,7.9307,-34.1638,-34.1689
163.000000,20,32.9558,183.0064,-3.2455,-45.4099,-45.4103
163.000000,21,32.9558,182.9284,8.7815,-33.3049,-33.3105
163.000000,22,32.9558,182.7764,14.9285,-27.0060,-27.0470
163.000000,23,32.9558,182.7107,17.0874,-24.7814,-24.8535
163.000000,24,32.9558,182.6516,13.7754,-28.0343,-28.0707
164.000000,0,32.7060,183.8228,16.1826,-26.7982,-26.8742
164.000000,1,32.7060,183.7567,18.1237,-24.7910,-24.9852
164.000000,2,32.7060,183.6958,18.0600,-24.7939,-24.9702
164.000000,3,32.7060,183.6405,14.8677,-27.9308,-27.9795
164.000000,4,32.7060,183.5909,2.7446,-40.0043,-40.0066
164.000000,5,32.7060,183.6319,14.8470,-27.9429,-27.9863
164.000000,6,32.7060,183.5632,18.0202,-24.7010,-24.8677
164.000000,7,32.7060,183.4999,18.0810,-24.5770,-24.7672
164.000000,8,32.7060,183.4424,15.8336,-26.7668,-26.8351
164.000000,9,32.7060,183.3907,5.8635,-36.6852,-36.6883
164.000000,10,32.7060,183.4399,11.3558,-31.2421,-31.2546
164.000000,11,32.7060,183.3685,16.6666,-25.8599,-25.9490
164.000000,12,32.7060,183.3027,17.9338,-24.5269,-24.6552
164.000000,13,32.7060,183.2428,16.0315,-26.3693,-26.4247
164.000000,14,32.7060,183.1889,7.9150,-34.4320,-34.4356
164.000000,15,32.7060,183.2469,3.8304,-38.5746,-38.5759
164.000000,16,32.7060,183.1727,13.3365,-28.9942,-29.0179
164.000000,17,32.7060,183.1042,16.1334,-26.1289,-26.1749
164.000000,18,32.7060,183.0418,13.4696,-28.7302,-28.7581
164.000000,19,32.7060,182.9857,6.6555,-35.4883,-35.4928
164.000000,20,32.7060,183.0531,-3.0692,-45.2803,-45.2807
164.000000,21,32.7060,182.9758,7.2423,-34.8916,-34.8969
164.000000,22,32.7060,182.9046,13.8280,-28.2346,-28.2653
164.000000,23,32.7060,182.7595,16.3502,-25.5673,-25.6188
164.000000,24,32.7060,182.7010,13.1402,-28.7188,-28.7457
165.000000,0,32.4583,183.8690,16.0633,-26.9638,-27.0351
165.000000,1,32.4583,183.8035,18.0813,-24.8802,-25.0655
165.000000,2,32.4583,183.7432,18.1009,-24.8004,-24.9728
165.000000,3,32.4583,183.6884,15.1038,-27.7426,-27.7924
165.000000,4,32.4583,183.6392,3.3694,-39.4278,-39.4302
165.000000,5,32.4583,183.6783,14.8245,-28.0118,-28.0558
165.000000,6,32.4583,183.6102,18.0578,-24.7104,-24.8808
165.000000,7,32.4583,183.5476,18.0852,-24.6204,-24.8199
165.000000,8,32.4583,183.4905,15.9779,-26.6707,-26.7459
165.000000,9,32.4583,183.4394,6.5551,-36.0423,-36.0460
165.000000,10,32.4583,183.4864,11.7765,-30.8680,-30.8821
165.000000,11,32.4583,183.4157,16.8977,-25.6760,-25.7764
165.000000,12,32.4583,183.3505,18.0564,-24.4522,-24.6014
165.000000,13,32.4583,183.2912,16.4738,-25.9755,-26.0435
165.000000,14,32.4583,183.2379,8.7125,-33.6834,-33.6885
165.000000,15,32.4583,183.2936,5.0544,-37.3972,-37.3989
165.000000,16,32.4583,183.2200,13.8612,-28.5168,-28.5479
165.000000,17,32.4583,183.1522,16.7942,-25.5160,-25.5768
165.000000,18,32.4583,183.0904,14.5430,-27.7054,-27.7404
165.000000,19,32.4583,183.0349,7.5768,-34.6161,-34.6207
165.000000,20,32.4583,183.0998,-1.7288,-43.9867,-43.9870
165.000000,21,32.4583,183.0233,7.7171,-34.4643,-34.4696
165.000000,22,32.4583,182.9527,12.4721,-29.6387,-29.6653
165.000000,23,32.4583,182.8883,15.4135,-26.6328,-26.6698
165.000000,24,32.4583,182.7504,12.4847,-29.4237,-29.4427
166.000000,0,32.2126,183.9152,15.8915,-27.1817,-27.2479
166.000000,1,32.2126,183.8503,18.0799,-24.9284,-25.1023
166.000000,2,32.2126,183.7906,18.0680,-24.8806,-25.0469
166.000000,3,32.2126,183.7363,15.2553,-27.6390,-27.6891
166.000000,4,32.2126,183.6876,3.9764,-38.8692,-38.8715
166.000000,5,32.2126,183.7246,14.7244,-28.1583,-28.2024
166.000000,6,32.2126,183.6572,18.0123,-24.8029,-24.9743
166.000000,7,32.2126,183.5951,18.1062,-24.6470,-24.8522
166.000000,8,32.2126,183.5387,16.1884,-26.5083,-26.5890
166.000000,9,32.2126,183.4880,7.1175,-35.5285,-35.5328
166.000000,10,32.2126,183.5329,12.0925,-30.5984,-30.6140
166.000000,11,32.2126,183.4628,17.1036,-25.5173,-25.6274
166.000000,12,32.2126,183.3983,18.1047,-24.4517,-24.6202
166.000000,13,32.2126,183.3396,16.7927,-25.7049,-25.7857
166.000000,14,32.2126,183.2868,9.3479,-33.0969,-33.1036
166.000000,15,32.2126,183.3402,6.0586,-36.4397,-36.4419
166.000000,16,32.2126,183.2673,14.3670,-28.0584,-28.0977
166.000000,17,32.2126,183.2002,17.2953,-25.0630,-25.1416
166.000000,18,32.2126,183.1390,15.4609,-26.8361,-26.8819
166.000000,19,32.2126,183.0840,9.0482,-33.1938,-33.1994
166.000000,20,32.2126,183.1465,-0.7307,-43.0352,-43.0357
166.000000,21,32.2126,183.0707,8.9409,-33.2879,-33.2943
166.000000,22,32.2126,183.0008,13.5156,-28.6433,-28.6688
166.000000,23,32.2126,182.9371,14.2381,-27.8570,-27.8874
166.000000,24,32.2126,182.8797,11.6405,-30.3973,-30.4105
167.000000,0,31.9690,183.9613,15.8750,-27.2443,-27.3044
167.000000,1,31.9690,183.8970,18.1305,-24.9245,-25.0852
167.000000,2,31.9690,183.8378,17.9640,-25.0319,-25.1899
167.000000,3,31.9690,183.7840,15.3276,-27.6145,-27.6640
167.000000,4,31.9690,183.7358,4.4772,-38.4167,-38.4191
167.000000,5,31.9690,183.7709,14.5478,-28.3812,-28.4247
167.000000,6,31.9690,183.7041,17.9374,-24.9247,-25.0943
167.000000,7,31.9690,183.6426,18.0613,-24.7394,-24.9469
167.000000,8,31.9690,183.5867,16.3074,-26.4374,-26.5222
167.000000,9,31.9690,183.5365,7.6230,-35.0716,-35.0765
167.000000,10,31.9690,183.5794,12.3138,-30.4237,-30.4405
167.000000,11,31.9690,183.5100,17.3516,-25.3164,-25.4343
167.000000,12,31.9690,183.4461,18.0949,-24.5092,-24.6945
167.000000,13,31.9690,183.3879,17.0017,-25.5442,-25.6372
167.000000,14,31.9690,183.3356,9.8452,-32.6485,-32.6570
167.000000,15,31.9690,183.3868,6.8859,-35.6589,-35.6617
167.000000,16,31.9690,183.3146,14.8881,-27.5846,-27.6323
167.000000,17,31.9690,183.2481,17.6596,-24.7465,-24.8450
167.000000,18,31.9690,183.1875,16.2063,-26.1392,-26.1987
167.000000,19,31.9690,183.1331,10.1960,-32.0951,-32.1025
167.000000,20,31.9690,183.1932,0.0121,-42.3392,-42.3397
167.000000,21,31.9690,183.1181,9.9175,-32.3586,-32.3673
167.000000,22,31.9690,183.0489,14.6633,-27.5436,-27.5728
167.000000,23,31.9690,182.9858,13.1006,-29.0432,-29.0734
167.000000,24,31.9690,182.9290,10.5754,-31.5116,-31.5217
168.000000,0,31.7273,184.0074,15.7947,-27.3707,-27.4246
168.000000,1,31.7273,183.9436,18.1119,-24.9898,-25.1361
168.000000,2,31.7273,183.8850,17.9613,-25.0817,-25.2292
168.000000,3,31.7273,183.8317,15.3245,-27.6653,-27.7136
168.000000,4,31.7273,183.7840,4.8800,-38.0620,-38.0644
168.000000,5,31.7273,183.8172,14.4522,-28.5231,-28.5653
168.000000,6,31.7273,183.7510,17.9844,-24.9246,-25.0894
168.000000,7,31.7273,183.6901,18.1205,-24.7276,-24.9335
168.000000,8,31.7273,183.6347,16.3797,-26.4131,-26.5005
168.000000,9,31.7273,183.5850,8.2356,-34.5075,-34.5129
168.000000,10,31.7273,183.6258,12.4471,-30.3367,-30.3546
168.000000,11,31.7273,183.5571,17.5033,-25.2118,-25.3356
168.000000,12,31.7273,183.4937,18.1014,-24.5503,-24.7492
168.000000,13,31.7273,183.4361,17.1103,-25.4838,-25.5881
168.000000,14,31.7273,183.3844,10.2211,-32.3213,-32.3318
168.000000,15,31.7273,183.4334,7.5656,-35.0258,-35.0291
168.000000,16,31.7273,183.3619,15.2815,-27.2384,-27.2947
168.000000,17,31.7273,183.2960,17.9036,-24.5505,-24.6695
168.000000,18,31.7273,183.2360,16.7822,-25.6119,-25.6869
168.000000,19,31.7273,183.1821,11.1015,-31.2386,-31.2487
168.000000,20,31.7273,183.2399,0.5531,-41.8449,-41.8456
168.000000,21,31.7273,183.1655,10.6983,-31.6253,-31.6373
168.000000,22,31.7273,183.0970,15.5582,-26.6968,-26.7345
168.000000,23,31.7273,183.0345,14.3060,-27.8865,-27.9196
168.000000,24,31.7273,182.9783,9.2370,-32.8993,-32.9086
169.000000,0,31.4877,184.0534,15.6521,-27.5593,-27.6069
169.000000,1,31.4877,183.9902,18.0270,-25.1212,-25.2526
169.000000,2,31.4877,183.9322,17.9053,-25.1849,-25.3206
169.000000,3,31.4877,183.8794,15.2484,-27.7890,-27.8353
169.000000,4,31.4877,183.8321,5.1912,-37.7989,-37.8012
169.000000,5,31.4877,183.8634,14.3840,-28.6375,-28.6777
169.000000,6,31.4877,183.7978,17.9554,-25.0005,-25.1584
169.000000,7,31.4877,183.7375,18.1133,-24.7822,-24.9834
169.000000,8,31.4877,183.6826,16.5800,-26.2607,-26.3488
169.000000,9,31.4877,183.6334,8.7330,-34.0585,-34.0643
169.000000,10,31.4877,183.6723,12.4977,-30.3326,-30.3512
169.000000,11,31.4877,183.6041,17.5659,-25.1962,-25.3240
169.000000,12,31.4877,183.5414,18.1163,-24.5831,-24.7919
169.000000,13,31.4877,183.4843,17.1252,-25.5172,-25.6311
169.000000,14,31.4877,183.4331,10.5648,-32.0263,-32.0387
169.000000,15,31.4877,183.4799,8.1185,-34.5195,-34.5235
169.000000,16,31.4877,183.4091,15.6757,-26.8914,-26.9557
169.000000,17,31.4877,183.3439,18.0388,-24.4631,-24.6025
169.000000,18,31.4877,183.2844,17.2153,-25.2271,-25.3185
169.000000,19,31.4877,183.2311,11.8154,-30.5737,-30.5871
169.000000,20,31.4877,183.2866,0.9276,-41.5170,-41.5180
169.000000,21,31.4877,183.2129,11.5557,-30.8152,-30.8312
169.000000,22,31.4877,183.1450,16.2539,-26.0492,-26.0993
169.000000,23,31.4877,183.0831,15.2377,-27.0035,-27.0451
169.000000,24,31.4877,183.0275,9.8254,-32.3601,-32.3698
170.000000,0,31.2500,184.0994,15.4479,-27.8095,-27.8510
170.000000,1,31.2500,184.0368,17.8776,-25.3172,-25.4335
170.000000,2,31.2500,183.9792,17.7834,-25.3538,-25.4769
170.000000,3,31.2500,183.9269,15.1005,-27.9844,-28.0282
170.000000,4,31.2500,183.8801,5.4153,-37.6228,-37.6251
170.000000,5,31.2500,183.9096,14.2463,-28.8213,-28.8591
170.000000,6,31.2500,183.8446,17.8534,-25.1493,-25.2985
170.000000,7,31.2500,183.7848,18.0316,-24.9113,-25.1050
170.000000,8,31.2500,183.7305,16.6970,-26.1916,-26.2791
170.000000,9,31.2500,183.6817,9.1280,-33.7117,-33.7179
170.000000,10,31.2500,183.7186,12.4686,-30.4081,-30.4272
170.000000,11,31.2500,183.6511,17.5444,-25.2647,-25.3943
170.000000,12,31.2500,183.5890,18.0498,-24.6972,-24.9124
170.000000,13,31.2500,183.5324,17.2675,-25.4229,-25.5441
170.000000,14,31.2500,183.4817,11.0040,-31.6357,-31.6498
170.000000,15,31.2500,183.5265,8.5592,-34.1253,-34.1298
170.000000,16,31.2500,183.4563,16.0742,-26.5401,-26.6114
170.000000,17,31.2500,183.3917,18.0732,-24.4765,-24.6348
170.000000,18,31.2500,183.3328,17.5248,-24.9660,-25.0738
170.000000,19,31.2500,183.2800,12.3712,-30.0668,-30.0840
170.000000,20,31.2500,183.3332,1.1597,-41.3316,-41.3328
170.000000,21,31.2500,183.2602,12.3089,-30.1094,-30.1300
170.000000,22,31.2500,183.1930,16.7857,-25.5654,-25.6309
170.000000,23,31.2500,183.1317,16.0142,-26.2755,-26.3302
170.000000,24,31.2500,183.0766,11.2393,-30.9954,-31.0069
171.000000,0,31.0142,184.1453,15.1816,-28.1217,-28.1573
171.000000,1,31.0142,184.0832,17.6831,-25.5581,-25.6595
171.000000,2,31.0142,184.0262,17.7024,-25.4818,-25.5915
171.000000,3,31.0142,183.9744,14.8809,-28.2516,-28.2924
171.000000,4,31.0142,183.9280,5.5554,-37.5307,-37.5328
171.000000,5,31.0142,183.9557,14.0791,-29.0347,-29.0697
171.000000,6,31.0142,183.8913,17.8864,-25.1630,-25.3015
171.000000,7,31.0142,183.8321,18.1143,-24.8758,-25.0590
171.000000,8,31.0142,183.7783,16.7359,-26.2004,-26.2859
171.000000,9,31.0142,183.7300,9.4302,-33.4578,-33.4642
171.000000,10,31.0142,183.7649,12.3615,-30.5614,-30.5807
171.000000,11,31.0142,183.6980,17.4422,-25.4139,-25.5434
171.000000,12,31.0142,183.6365,18.1103,-24.6842,-24.9016
171.000000,13,31.0142,183.5805,17.3656,-25.3729,-25.4992
171.000000,14,31.0142,183.5302,11.3347,-31.3536,-31.3692
171.000000,15,31.0142,183.5729,8.8988,-33.8322,-33.8372
171.000000,16,31.0142,183.5034,16.3634,-26.2981,-26.3755
171.000000,17,31.0142,183.4394,18.0824,-24.5151,-24.6900
171.000000,18,31.0142,183.3811,17.7241,-24.8151,-24.9384
171.000000,19,31.0142,183.3288,12.7923,-29.6946,-29.7158
171.000000,20,31.0142,183.3798,1.2666,-41.2713,-41.2728
171.000000,21,31.0142,183.3075,12.9064,-29.5592,-29.5850
171.000000,22,31.0142,183.2409,17.1778,-25.2212,-25.3041
171.000000,23,31.0142,183.1803,16.6595,-25.6788,-25.7498
171.000000,24,31.0142,183.1257,12.3356,-29.9481,-29.9633
172.000000,0,30.7804,184.1911,14.8519,-28.4972,-28.5273
172.000000,1,30.7804,184.1296,17.4647,-25.8230,-25.9100
172.000000,2,30.7804,184.0731,17.6309,-25.6002,-25.6964
172.000000,3,30.7804,184.0218,14.5882,-28.5917,-28.6291
172.000000,4,30.7804,183.9758,5.6132,-37.5207,-37.5227
172.000000,5,30.7804,184.0018,14.0506,-29.1092,-29.1410
172.000000,6,30.7804,183.9380,17.8834,-25.2127,-25.3393
172.000000,7,30.7804,183.8793,18.1280,-24.9093,-25.0802
172.000000,8,30.7804,183.8260,16.7007,-26.2833,-26.3656
172.000000,9,30.7804,183.7781,9.6466,-33.2896,-33.2961
172.000000,10,30.7804,183.8112,12.1769,-30.7924,-30.8116
172.000000,11,30.7804,183.7449,17.4179,-25.4851,-25.6121
172.000000,12,30.7804,183.6840,18.1308,-24.7112,-24.9272
172.000000,13,30.7804,183.6285,17.3787,-25.4079,-25.5371
172.000000,14,30.7804,183.5787,11.5672,-31.1696,-31.1866
172.000000,15,30.7804,183.6194,9.1453,-33.6321,-33.6377
172.000000,16,30.7804,183.5505,16.5538,-26.1548,-26.2372
172.000000,17,30.7804,183.4871,18.1323,-24.5128,-24.7013
172.000000,18,30.7804,183.4294,17.8229,-24.7645,-24.9019
172.000000,19,30.7804,183.3776,13.0949,-29.4407,-29.4660
172.000000,20,30.7804,183.4264,1.8490,-40.7355,-40.7372
172.000000,21,30.7804,183.3548,13.5607,-28.9521,-28.9830
172.000000,22,30.7804,183.2889,17.4473,-24.9996,-25.1009
172.000000,23,30.7804,183.2288,17.1476,-25.2392,-25.3287
172.000000,24,30.7804,183.1748,13.1935,-29.1393,-29.1594
173.000000,0,30.5485,184.2369,14.4564,-28.9385,-28.9636
173.000000,1,30.5485,184.1760,17.1849,-26.1491,-26.2227
173.000000,2,30.5485,184.1200,17.4984,-25.7796,-25.8625
173.000000,3,30.5485,184.0691,14.2197,-29.0074,-29.0413
173.000000,4,30.5485,184.0236,5.5891,-37.5925,-37.5944
173.000000,5,30.5485,184.0478,13.9589,-29.2470,-29.2753
173.000000,6,30.5485,183.9846,17.8137,-25.3290,-25.4432
173.000000,7,30.5485,183.9264,18.0738,-25.0107,-25.1677
173.000000,8,30.5485,183.8736,16.5938,-26.4379,-26.5159
173.000000,9,30.5485,183.8262,9.7822,-33.2021,-33.2086
173.000000,10,30.5485,183.8574,12.0823,-30.9331,-30.9519
173.000000,11,30.5485,183.7918,17.4139,-25.5359,-25.6585
173.000000,12,30.5485,183.7314,18.0730,-24.8164,-25.0278
173.000000,13,30.5485,183.6764,17.4657,-25.3687,-25.4984
173.000000,14,30.5485,183.6271,11.9506,-30.8346,-30.8524
173.000000,15,30.5485,183.6658,9.3043,-33.5195,-33.5255
173.000000,16,30.5485,183.5976,16.6533,-26.1024,-26.1885
173.000000,17,30.5485,183.5348,18.0914,-24.6014,-24.8003
173.000000,18,30.5485,183.4776,17.8280,-24.8076,-24.9568
173.000000,19,30.5485,183.4263,13.2909,-29.2934,-29.3225
173.000000,20,30.5485,183.4730,2.6562,-39.9749,-39.9767
173.000000,21,30.5485,183.4021,14.1462,-28.4139,-28.4498
173.000000,22,30.5485,183.3367,17.6063,-24.8885,-25.0081
173.000000,23,30.5485,183.2772,17.5013,-24.9340,-25.0430
173.000000,24,30.5485,183.2238,13.8625,-28.5193,-28.5454
174.000000,0,30.3184,184.2826,13.9914,-29.4492,-29.4699
174.000000,1,30.3184,184.2222,16.8424,-26.5378,-26.5991
174.000000,2,30.3184,184.1668,17.3057,-26.0190,-26.0894
174.000000,3,30.3184,184.1164,13.9597,-29.3147,-29.3446
174.000000,4,30.3184,184.0712,5.4821,-37.7471,-37.7489
174.000000,5,30.3184,184.0938,13.8048,-29.4470,-29.4720
174.000000,6,30.3184,184.0311,17.6792,-25.5099,-25.6115
174.000000,7,30.3184,183.9735,18.0868,-25.0448,-25.1866
174.000000,8,30.3184,183.9212,16.4163,-26.6629,-26.7359
174.000000,9,30.3184,183.8742,9.8407,-33.1916,-33.1980
174.000000,10,30.3184,183.9036,12.0144,-31.0473,-31.0652
174.000000,11,30.3184,183.8386,17.3362,-25.6604,-25.7771
174.000000,12,30.3184,183.7787,18.0850,-24.8518,-25.0552
174.000000,13,30.3184,183.7243,17.5670,-25.3153,-25.4431
174.000000,14,30.3184,183.6755,12.2567,-30.5769,-30.5953
174.000000,15,30.3184,183.7122,9.3798,-33.4904,-33.4968
174.000000,16,30.3184,183.6446,16.6672,-26.1354,-26.2240
174.000000,17,30.3184,183.5824,18.0792,-24.6612,-24.8667
174.000000,18,30.3184,183.5258,17.8414,-24.8424,-25.0007
174.000000,19,30.3184,183.4749,13.5103,-29.1227,-29.1552
174.000000,20,30.3184,183.5196,3.3331,-39.3445,-39.3465
174.000000,21,30.3184,183.4493,14.6028,-28.0045,-28.0452
174.000000,22,30.3184,183.3846,17.7418,-24.8008,-24.9375
174.000000,23,30.3184,183.3256,17.8015,-24.6822,-24.8103
174.000000,24,30.3184,183.2727,14.3755,-28.0552,-28.0880
175.000000,0,30.0903,184.3283,13.4516,-30.0348,-30.0516
175.000000,1,30.0903,184.2684,16.4350,-26.9914,-27.0419
175.000000,2,30.0903,184.2135,17.0528,-26.3186,-26.3774
175.000000,3,30.0903,184.1635,13.6644,-29.6572,-29.6833
175.000000,4,30.0903,184.1188,5.2899,-37.9870,-37.9885
175.000000,5,30.0903,184.1397,13.5884,-29.7093,-29.7310
175.000000,6,30.0903,184.0776,17.4810,-25.7546,-25.8436
175.000000,7,30.0903,184.0205,18.0761,-25.1025,-25.2286
175.000000,8,30.0903,183.9686,16.1683,-26.9584,-27.0257
175.000000,9,30.0903,183.9222,9.8243,-33.2559,-33.2622
175.000000,10,30.0903,183.9498,11.8761,-31.2317,-31.2487
175.000000,11,30.0903,183.8853,17.2537,-25.7896,-25.8990
175.000000,12,30.0903,183.8260,18.1222,-24.8618,-25.0545
175.000000,13,30.0903,183.7721,17.5907,-25.3395,-25.4634
175.000000,14,30.0903,183.7237,12.4735,-30.4083,-30.4270
175.000000,15,30.0903,183.7585,9.3741,-33.5425,-33.5492
175.000000,16,30.0903,183.6916,16.5992,-26.2504,-26.3399
175.000000,17,30.0903,183.6299,18.1289,-24.6591,-24.8674
175.000000,18,30.0903,183.5738,17.9332,-24.7987,-24.9630
175.000000,19,30.0903,183.5235,13.7823,-28.8993,-28.9346
175.000000,20,30.0903,183.5661,3.8931,-38.8310,-38.8332
175.000000,21,30.0903,183.4964,14.9462,-27.7083,-27.7533
175.000000,22,30.0903,183.4323,17.9060,-24.6844,-24.8361
175.000000,23,30.0903,183.3740,18.0032,-24.5288,-24.6750
175.000000,24,30.0903,183.3216,14.7553,-27.7243,-27.7639
176.000000,0,29.8640,184.3739,12.8296,-30.7023,-30.7161
176.000000,1,29.8640,184.3146,15.9677,-27.5049,-27.5460
176.000000,2,29.8640,184.2601,16.7387,-26.6794,-26.7278
176.000000,3,29.8640,184.2106,13.2976,-30.0711,-30.0934
176.000000,4,29.8640,184.1663,5.0081,-38.3163,-38.3177
176.000000,5,29.8640,184.1856,13.3086,-30.0350,-30.0535
176.000000,6,29.8640,184.1240,17.2189,-26.0632,-26.1400
176.000000,7,29.8640,184.0674,18.0028,-25.2227,-25.3332
176.000000,8,29.8640,184.0161,15.8951,-27.2790,-27.3400
176.000000,9,29.8640,183.9700,9.7339,-33.3941,-33.4002
176.000000,10,29.8640,183.9958,11.7069,-31.4470,-31.4628
176.000000,11,29.8640,183.9319,17.2764,-25.8136,-25.9143
176.000000,12,29.8640,183.8732,18.0878,-24.9434,-25.1234
176.000000,13,29.8640,183.8198,17.5405,-25.4373,-25.5558
176.000000,14,29.8640,183.7719,12.6077,-30.3222,-30.3409
176.000000,15,29.8640,183.8048,9.2879,-33.6750,-33.6818
176.000000,16,29.8640,183.7385,16.4644,-26.4321,-26.5211
176.000000,17,29.8640,183.6774,18.0958,-24.7397,-24.9475
176.000000,18,29.8640,183.6219,17.9397,-24.8402,-25.0075
176.000000,19,29.8640,183.5720,13.9579,-28.7722,-28.8097
176.000000,20,29.8640,183.6125,4.3461,-38.4245,-38.4268
176.000000,21,29.8640,183.5436,15.1878,-27.5138,-27.5625
176.000000,22,29.8640,183.4801,17.9728,-24.6654,-24.8300
176.000000,23,29.8640,183.4223,18.1038,-24.4765,-24.6388
176.000000,24,29.8640,183.3704,15.0180,-27.5104,-27.5568
177.000000,0,29.6395,184.4195,12.1156,-31.4619,-31.4733
177.000000,1,29.6395,184.3606,15.5009,-28.0178,-28.0512
177.000000,2,29.6395,184.3066,16.3615,-27.1032,-27.1426
177.000000,3,29.6395,184.2576,12.8897,-30.5260,-30.5448
177.000000,4,29.6395,184.2137,4.6303,-38.7415,-38.7427
177.000000,5,29.6395,184.2313,12.9634,-30.4260,-30.4416
177.000000,6,29.6395,184.1703,16.8917,-26.4367,-26.5020
177.000000,7,29.6395,184.1143,17.8688,-25.4035,-25.4988
177.000000,8,29.6395,184.0634,15.7026,-27.5188,-27.5731
177.000000,9,29.6395,184.0178,9.5692,-33.6066,-33.6123
177.000000,10,29.6395,184.0419,11.6850,-31.5150,-31.5293
177.000000,11,29.6395,183.9785,17.2316,-25.9050,-25.9963
177.000000,12,29.6395,183.9203,18.0970,-24.9814,-25.1468
177.000000,13,29.6395,183.8674,17.4192,-25.6063,-25.7180
177.000000,14,29.6395,183.8200,12.6644,-30.3137,-30.3320
177.000000,15,29.6395,183.8511,9.1207,-33.8884,-33.8953
177.000000,16,29.6395,183.7853,16.4957,-26.4477,-26.5344
177.000000,17,29.6395,183.7248,18.0806,-24.8022,-25.0060
177.000000,18,29.6395,183.6698,17.9091,-24.9187,-25.0862
177.000000,19,29.6395,183.6204,14.0983,-28.6802,-28.7193
177.000000,20,29.6395,183.6590,4.6995,-38.1175,-38.1199
177.000000,21,29.6395,183.5906,15.3360,-27.4127,-27.4645
177.000000,22,29.6395,183.5277,18.0345,-24.6513,-24.8258
177.000000,23,29.6395,183.4705,18.1104,-24.5182,-24.6942
177.000000,24,29.6395,183.4191,15.1752,-27.4020,-27.4547
178.000000,0,29.4168,184.4649,11.2958,-32.3272,-32.3369
178.000000,1,29.4168,184.4066,14.9640,-28.6006,-28.6280
178.000000,2,29.4168,184.3531,15.9179,-27.5932,-27.6252
178.000000,3,29.4168,184.3045,12.6001,-30.8625,-30.8780
178.000000,4,29.4168,184.2610,4.1472,-39.2719,-39.2730
178.000000,5,29.4168,184.2771,12.5494,-30.8857,-30.8986
178.000000,6,29.4168,184.2166,16.4973,-26.8773,-26.9321
178.000000,7,29.4168,184.1611,17.6749,-25.6442,-25.7250
178.000000,8,29.4168,184.1106,15.4440,-27.8246,-27.8722
178.000000,9,29.4168,184.0654,9.3286,-33.8948,-33.9001
178.000000,10,29.4168,184.0879,11.5991,-31.6468,-31.6596
178.000000,11,29.4168,184.0251,17.1215,-26.0616,-26.1433
178.000000,12,29.4168,183.9674,18.0998,-25.0256,-25.1754
178.000000,13,29.4168,183.9150,17.2278,-25.8452,-25.9490
178.000000,14,29.4168,183.8680,12.6467,-30.3794,-30.3971
178.000000,15,29.4168,183.8973,8.9998,-34.0555,-34.0624
178.000000,16,29.4168,183.8321,16.4520,-26.5382,-26.6215
178.000000,17,29.4168,183.7722,18.1075,-24.8227,-25.0194
178.000000,18,29.4168,183.7177,18.0068,-24.8689,-25.0334
178.000000,19,29.4168,183.6688,14.3566,-28.4702,-28.5099
178.000000,20,29.4168,183.7054,4.9586,-37.9049,-37.9073
178.000000,21,29.4168,183.6377,15.3966,-27.3992,-27.4532
178.000000,22,29.4168,183.5754,18.1140,-24.6194,-24.8006
178.000000,23,29.4168,183.5187,18.0274,-24.6493,-24.8360
178.000000,24,29.4168,183.4678,15.2350,-27.3908,-27.4491
179.000000,0,29.1960,184.5103,10.3511,-33.3172,-33.3260
179.000000,1,29.1960,184.4525,14.3506,-29.2600,-29.2831
179.000000,2,29.1960,184.3995,15.4036,-28.1539,-28.1801
179.000000,3,29.1960,184.3513,12.2436,-31.2658,-31.2784
179.000000,4,29.1960,184.3083,3.5456,-39.9207,-39.9216
179.000000,5,29.1960,184.3227,12.0621,-31.4187,-31.4294
179.000000,6,29.1960,184.2628,16.0321,-27.3887,-27.4341
179.000000,7,29.1960,184.2078,17.4214,-25.9445,-26.0120
179.000000,8,29.1960,184.1578,15.1181,-28.1978,-28.2388
179.000000,9,29.1960,184.1130,9.0091,-34.2619,-34.2668
179.000000,10,29.1960,184.1338,11.4497,-31.8421,-31.8534
179.000000,11,29.1960,184.0716,16.9472,-26.2824,-26.3544
179.000000,12,29.1960,184.0144,18.0820,-25.0905,-25.2239
179.000000,13,29.1960,183.9625,17.0559,-26.0647,-26.1596
179.000000,14,29.1960,183.9160,12.5568,-30.5173,-30.5342
179.000000,15,29.1960,183.9434,8.9600,-34.1415,-34.1481
179.000000,16,29.1960,183.8789,16.3355,-26.7014,-26.7804
179.000000,17,29.1960,183.8195,18.0931,-24.8844,-25.0713
179.000000,18,29.1960,183.7655,18.0268,-24.8968,-25.0558
179.000000,19,29.1960,183.7171,14.5271,-28.3480,-28.3876
179.000000,20,29.1960,183.7517,5.1269,-37.7829,-37.7854
179.000000,21,29.1960,183.6847,15.3735,-27.4692,-27.5247
179.000000,22,29.1960,183.6229,18.1059,-24.6750,-24.8598
179.000000,23,29.1960,183.5668,18.1167,-24.6081,-24.8013
179.000000,24,29.1960,183.5164,15.4510,-27.2234,-27.2860
180.000000,0,28.9769,184.5557,9.3460,-34.3677,-34.3762
180.000000,1,28.9769,184.4984,13.6518,-30.0046,-30.0251
180.000000,2,28.9769,184.4458,14.8123,-28.7915,-28.8135
180.000000,3,28.9769,184.3981,11.8165,-31.7397,-31.7500
180.000000,4,28.9769,184.3554,2.8068,-40.7066,-40.7075
180.000000,5,28.9769,184.3684,11.4947,-32.0317,-32.0404
180.000000,6,28.9769,184.3089,15.5485,-27.9185,-27.9557
180.000000,7,28.9769,184.2544,17.1071,-26.3053,-26.3609
180.000000,8,28.9769,184.2049,14.8507,-28.5122,-28.5469
180.000000,9,28.9769,184.1605,8.6059,-34.7126,-34.7170
180.000000,10,28.9769,184.1796,11.2360,-32.1016,-32.1114
180.000000,11,28.9769,184.1180,16.7088,-26.5672,-26.6297
180.000000,12,28.9769,184.0614,18.0164,-25.2030,-25.3200
180.000000,13,28.9769,184.0099,16.9113,-26.2567,-26.3419
180.000000,14,28.9769,183.9638,12.3953,-30.7266,-30.7424
180.000000,15,28.9769,183.9895,8.8468,-34.3008,-34.3071
180.000000,16,28.9769,183.9255,16.3218,-26.7618,-26.8353
180.000000,17,28.9769,183.8667,18.0972,-24.9275,-25.1025
180.000000,18,28.9769,183.8132,17.9729,-24.9984,-25.1500
180.000000,19,28.9769,183.7653,14.6164,-28.3069,-28.3459
180.000000,20,28.9769,183.7981,5.2064,-37.7497,-37.7522
180.000000,21,28.9769,183.7316,15.2690,-27.6206,-27.6767
180.000000,22,28.9769,183.6704,18.0142,-24.8143,-24.9998
180.000000,23,28.9769,183.6148,18.1264,-24.6465,-24.8430
180.000000,24,28.9769,183.5649,15.5942,-27.1287,-27.1944
181.000000,0,28.7596,184.6010,10.2245,-33.5345,-33.5424
181.000000,1,28.7596,184.5441,12.8558,-30.8463,-30.8659
181.000000,2,28.7596,184.4920,14.1356,-29.5145,-29.5338
181.000000,3,28.7596,184.4447,11.3132,-32.2896,-32.2982
181.000000,4,28.7596,184.4024,1.9033,-41.6571,-41.6578
181.000000,5,28.7596,184.4139,10.8383,-32.7337,-32.7409
181.000000,6,28.7596,184.3550,15.0232,-28.4898,-28.5201
181.000000,7,28.7596,184.3009,16.7305,-26.7285,-26.7738
181.000000,8,28.7596,184.2519,14.5896,-28.8203,-28.8491
181.000000,9,28.7596,184.2079,8.1121,-35.2539,-35.2578
181.000000,10,28.7596,184.2254,10.9564,-32.4271,-32.4354
181.000000,11,28.7596,184.1643,16.4055,-26.9169,-26.9704
181.000000,12,28.7596,184.1082,17.8899,-25.3764,-25.4774
181.000000,13,28.7596,184.0573,16.7016,-26.5137,-26.5892
181.000000,14,28.7596,184.0116,12.1619,-31.0077,-31.0224
181.000000,15,28.7596,184.0356,8.6590,-34.5346,-34.5406
181.000000,16,28.7596,183.9722,16.3107,-26.8195,-26.8867
181.000000,17,28.7596,183.9139,18.1134,-24.9585,-25.1197
181.000000,18,28.7596,183.8609,17.8478,-25.1711,-25.3136
181.000000,19,28.7596,183.8134,14.6293,-28.3421,-28.3799
181.000000,20,28.7596,183.8443,5.1976,-37.8048,-37.8073
181.000000,21,28.7596,183.7785,15.2113,-27.7252,-27.7808
181.000000,22,28.7596,183.7179,18.0884,-24.7875,-24.9700
181.000000,23,28.7596,183.6628,18.0546,-24.7662,-24.9628
181.000000,24,28.7596,183.6133,15.6491,-27.1223,-27.1900
182.000000,0,28.5440,184.6462,10.9731,-32.8311,-32.8393
182.000000,1,28.5440,184.5898,13.4504,-30.2975,-30.3164
182.000000,2,28.5440,184.5382,13.3619,-30.3343,-30.3526
182.000000,3,28.5440,184.4913,10.7263,-32.9230,-32.9305
182.000000,4,28.5440,184.4494,1.1191,-42.4883,-42.4889
182.000000,5,28.5440,184.4594,10.0805,-33.5369,-33.5430
182.000000,6,28.5440,184.4010,14.4191,-29.1400,-29.1648
182.000000,7,28.5440,184.3474,16.2884,-27.2171,-27.2537
182.000000,8,28.5440,184.2988,14.2654,-29.1914,-29.2150
182.000000,9,28.5440,184.2553,7.5178,-35.8955,-35.8989
182.000000,10,28.5440,184.2712,10.6081,-32.8212,-32.8282
182.000000,11,28.5440,184.2106,16.0351,-27.3335,-27.3786
182.000000,12,28.5440,184.1550,17.7035,-25.6095,-25.6953
182.000000,13,28.5440,184.1045,16.4265,-26.8361,-26.9019
182.000000,14,28.5440,184.0593,11.8547,-31.3626,-31.3760
182.000000,15,28.5440,184.0816,8.6582,-34.5814,-34.5868
182.000000,16,28.5440,184.0187,16.2334,-26.9434,-27.0039
182.000000,17,28.5440,183.9610,18.0770,-25.0420,-25.1883
182.000000,18,28.5440,183.9085,17.7662,-25.3003,-25.4319
182.000000,19,28.5440,183.8614,14.5690,-28.4505,-28.4864
182.000000,20,28.5440,183.8906,5.0992,-37.9494,-37.9519
182.000000,21,28.5440,183.8253,15.2116,-27.7718,-27.8258
182.000000,22,28.5440,183.7653,18.0936,-24.8297,-25.0066
182.000000,23,28.5440,183.7107,18.1037,-24.7651,-24.9580
182.000000,24,28.5440,183.6617,15.8079,-27.0119,-27.0801
183.000000,0,28.3301,184.6913,11.6151,-32.2343,-32.2432
183.000000,1,28.3301,184.6355,14.1857,-29.6078,-29.6273
183.000000,2,28.3301,184.5842,12.6002,-31.1421,-31.1608
183.000000,3,28.3301,184.5378,10.0457,-33.6501,-33.6571
183.000000,4,28.3301,184.4963,0.4461,-43.2082,-43.2087
183.000000,5,28.3301,184.5048,9.2044,-34.4585,-34.4639
183.000000,6,28.3301,184.4469,13.7270,-29.8779,-29.8989
183.000000,7,28.3301,184.3938,15.7766,-27.7752,-27.8051
183.000000,8,28.3301,184.3456,13.8756,-29.6281,-29.6473
183.000000,9,28.3301,184.3025,6.8093,-36.6512,-36.6542
183.000000,10,28.3301,184.3169,10.1867,-33.2882,-33.2940
183.000000,11,28.3301,184.2568,15.5945,-27.8204,-27.8579
183.000000,12,28.3301,184.2017,17.4575,-25.9023,-25.9741
183.000000,13,28.3301,184.1517,16.2632,-27.0465,-27.1027
183.000000,14,28.3301,184.1069,11.4706,-31.7943,-31.8063
183.000000,15,28.3301,184.1275,8.6044,-34.6812,-34.6860
183.000000,16,28.3301,184.0652,16.0911,-27.1322,-27.1860
183.000000,17,28.3301,184.0080,18.0240,-25.1420,-25.2728
183.000000,18,28.3301,183.9560,17.6802,-25.4338,-25.5535
183.000000,19,28.3301,183.9094,14.4375,-28.6299,-28.6638
183.000000,20,28.3301,183.9367,4.9084,-38.1864,-38.1888
183.000000,21,28.3301,183.8720,15.1376,-27.8925,-27.9444
183.000000,22,28.3301,183.8126,18.0226,-24.9480,-25.1171
183.000000,23,28.3301,183.7585,18.1280,-24.7886,-24.9749
183.000000,24,28.3301,183.7100,15.9512,-26.9168,-26.9843
184.000000,0,28.1180,184.7364,12.1677,-31.7267,-31.7370
184.000000,1,28.1180,184.6810,14.8138,-29.0253,-29.0467
184.000000,2,28.1180,184.6302,13.3837,-30.4046,-30.4238
184.000000,3,28.1180,184.5842,9.2573,-34.4849,-34.4919
184.000000,4,28.1180,184.5430,-0.3833,-44.0844,-44.0849
184.000000,5,28.1180,184.5501,8.1857,-35.5225,-35.5276
184.000000,6,28.1180,184.4928,13.0332,-30.6176,-30.6360
184.000000,7,28.1180,184.4401,15.1893,-28.4089,-28.4338
184.000000,8,28.1180,184.3924,13.4163,-30.1342,-30.1497
184.000000,9,28.1180,184.3496,6.2309,-37.2768,-37.2793
184.000000,10,28.1180,184.3625,9.6865,-33.8340,-33.8388
184.000000,11,28.1180,184.3030,15.0788,-28.3822,-28.4131
184.000000,12,28.1180,184.2484,17.1511,-26.2553,-26.3145
184.000000,13,28.1180,184.1988,16.0433,-27.3136,-27.3608
184.000000,14,28.1180,184.1544,11.0047,-32.3078,-32.3184
184.000000,15,28.1180,184.1734,8.4837,-34.8477,-34.8519
184.000000,16,28.1180,184.1116,15.8841,-27.3856,-27.4327
184.000000,17,28.1180,184.0549,17.9070,-25.3060,-25.4211
184.000000,18,28.1180,184.0034,17.5284,-25.6330,-25.7403
184.000000,19,28.1180,183.9573,14.2354,-28.8799,-28.9112
184.000000,20,28.1180,183.9828,4.9108,-38.2301,-38.2325
184.000000,21,28.1180,183.9188,15.0259,-28.0508,-28.0998
184.000000,22,28.1180,183.8598,18.0448,-24.9731,-25.1318
184.000000,23,28.1180,183.8063,18.0781,-24.8862,-25.0636
184.000000,24,28.1180,183.7582,16.0139,-26.9023,-26.9681
185.000000,0,27.9075,184.7814,12.6439,-31.2955,-31.3075
185.000000,1,27.9075,184.7265,15.3519,-28.5326,-28.5571
185.000000,2,27.9075,184.6761,14.0542,-29.7800,-29.8010
185.000000,3,27.9075,184.6305,9.3876,-34.4009,-34.4082
185.000000,4,27.9075,184.5897,-1.3254,-45.0731,-45.0736
185.000000,5,27.9075,184.5954,8.0209,-35.7326,-35.7376
185.000000,6,27.9075,184.5385,12.2753,-31.4213,-31.4384
185.000000,7,27.9075,184.4864,14.5182,-29.1262,-29.1479
185.000000,8,27.9075,184.4390,12.8821,-30.7150,-30.7279
185.000000,9,27.9075,184.3967,5.6632,-37.8916,-37.8936
185.000000,10,27.9075,184.4080,9.0992,-34.4668,-34.4708
185.000000,11,27.9075,184.3491,14.4814,-29.0257,-29.0511
185.000000,12,27.9075,184.2949,16.7826,-26.6704,-26.7187
185.000000,13,27.9075,184.2458,15.7623,-27.6416,-27.6806
185.000000,14,27.9075,184.2018,10.4497,-32.9102,-32.9195
185.000000,15,27.9075,184.2192,8.2951,-35.0822,-35.0858
185.000000,16,27.9075,184.1580,15.6118,-27.7043,-27.7448
185.000000,17,27.9075,184.1018,17.7273,-25.5326,-25.6324
185.000000,18,27.9075,184.0508,17.3454,-25.8634,-25.9581
185.000000,19,27.9075,184.0050,13.9622,-29.2008,-29.2295
185.000000,20,27.9075,184.0289,4.8753,-38.3116,-38.3139
185.000000,21,27.9075,183.9654,15.0578,-28.0657,-28.1109
185.000000,22,27.9075,183.9070,18.0731,-24.9920,-25.1387
185.000000,23,27.9075,183.8540,18.0857,-24.9263,-25.0924
185.000000,24,27.9075,183.8064,16.0007,-26.9637,-27.0268
186.000000,0,27.6987,184.8263,13.0537,-30.9306,-30.9449
186.000000,1,27.6987,184.7719,15.8131,-28.1168,-28.1454
186.000000,2,27.6987,184.7220,14.6303,-29.2497,-29.2737
186.000000,3,27.6987,184.6767,10.4171,-33.4177,-33.4255
186.000000,4,27.6987,184.6363,0.2530,-43.5413,-43.5417
186.000000,5,27.6987,184.6406,8.8415,-34.9572,-34.9622
186.000000,6,27.6987,184.5842,12.7825,-30.9597,-30.9761
186.000000,7,27.6987,184.5325,13.7525,-29.9381,-29.9584
186.000000,8,27.6987,184.4856,12.2656,-31.3780,-31.3891
186.000000,9,27.6987,184.4436,4.9869,-38.6148,-38.6165
186.000000,10,27.6987,184.4535,8.4138,-35.1978,-35.2011
186.000000,11,27.6987,184.3951,13.7929,-29.7602,-29.7811
186.000000,12,27.6987,184.3414,16.3492,-27.1503,-27.1894
186.000000,13,27.6987,184.2927,15.4188,-28.0320,-28.0639
186.000000,14,27.6987,184.2491,9.9378,-33.4694,-33.4773
186.000000,15,27.6987,184.2649,8.0360,-35.3870,-35.3901
186.000000,16,27.6987,184.2043,15.2723,-28.0901,-28.1245
186.000000,17,27.6987,184.1486,17.4850,-25.8217,-25.9069
186.000000,18,27.6987,184.0981,17.2364,-26.0197,-26.1016
186.000000,19,27.6987,184.0527,13.6161,-29.5947,-29.6204
186.000000,20,27.6987,184.0749,4.7567,-38.4763,-38.4784
186.000000,21,27.6987,184.0120,15.0218,-28.1482,-28.1894
186.000000,22,27.6987,183.9541,18.0316,-25.0806,-25.2143
186.000000,23,27.6987,183.9016,18.0676,-24.9920,-25.1451
186.000000,24,27.6987,183.8545,15.9148,-27.0977,-27.1573
187.000000,0,27.4915,184.8712,13.4050,-30.6242,-30.6410
187.000000,1,27.4915,184.8172,16.2072,-27.7680,-27.8014
187.000000,2,27.4915,184.7677,15.1259,-28.7998,-28.8279
187.000000,3,27.4915,184.7229,11.2953,-32.5856,-32.5944
187.000000,4,27.4915,184.6828,1.5861,-42.2547,-42.2551
187.000000,5,27.4915,184.6858,9.5476,-34.2962,-34.3017
187.000000,6,27.4915,184.6299,13.5494,-30.2385,-30.2551
187.000000,7,27.4915,184.5786,13.0946,-30.6420,-30.6624
187.000000,8,27.4915,184.5321,11.5568,-32.1333,-32.1436
187.000000,9,27.4915,184.4905,4.1841,-39.4644,-39.4659
187.000000,10,27.4915,184.4989,7.6148,-36.0422,-36.0451
187.000000,11,27.4915,184.4410,13.0965,-30.5025,-30.5201
187.000000,12,27.4915,184.3878,15.8468,-27.6990,-27.7308
187.000000,13,27.4915,184.3396,15.0102,-28.4874,-28.5132
187.000000,14,27.4915,184.2964,9.4784,-33.9760,-33.9826
187.000000,15,27.4915,184.3106,7.7029,-35.7658,-35.7684
187.000000,16,27.4915,184.2505,14.8627,-28.5459,-28.5747
187.000000,17,27.4915,184.1954,17.2104,-26.1430,-26.2145
187.000000,18,27.4915,184.1453,17.0665,-26.2367,-26.3065
187.000000,19,27.4915,184.1004,13.1938,-30.0646,-30.0875
187.000000,20,27.4915,184.1209,4.6575,-38.6214,-38.6233
187.000000,21,27.4915,184.0585,14.9197,-28.2968,-28.3338
187.000000,22,27.4915,184.0012,17.9227,-25.2365,-25.3565
187.000000,23,27.4915,183.9491,17.9817,-25.1255,-25.2646
187.000000,24,27.4915,183.9024,15.7580,-27.3024,-27.3580
188.000000,0,27.2860,184.9159,13.7040,-30.3699,-30.3895
188.000000,1,27.2860,184.8624,16.5424,-27.4781,-27.5171
188.000000,2,27.2860,184.8134,15.5592,-28.4122,-28.4451
188.000000,3,27.2860,184.7689,12.0516,-31.8753,-31.8857
188.000000,4,27.2860,184.7292,2.7327,-41.1546,-41.1551
188.000000,5,27.2860,184.7308,10.1583,-33.7306,-33.7368
188.000000,6,27.2860,184.6754,14.2045,-29.6289,-29.6470
188.000000,7,27.2860,184.6246,13.8778,-29.9048,-29.9255
188.000000,8,27.2860,184.5785,10.7417,-32.9948,-33.0051
188.000000,9,27.2860,184.5373,3.4406,-40.2548,-40.2561
188.000000,10,27.2860,184.5443,6.6806,-37.0217,-37.0245
188.000000,11,27.2860,184.4869,12.3415,-31.3034,-31.3187
188.000000,12,27.2860,184.4342,15.2699,-28.3223,-28.3487
188.000000,13,27.2860,184.3863,14.5328,-29.0115,-29.0325
188.000000,14,27.2860,184.3435,8.9344,-34.5671,-34.5726
188.000000,15,27.2860,184.3563,7.2904,-36.2239,-36.2261
188.000000,16,27.2860,184.2967,14.3785,-29.0762,-29.1001
188.000000,17,27.2860,184.2420,16.9178,-26.4822,-26.5414
188.000000,18,27.2860,184.1924,16.8363,-26.5141,-26.5726
188.000000,19,27.2860,184.1479,12.7064,-30.5995,-30.6195
188.000000,20,27.2860,184.1668,4.6896,-38.6352,-38.6369
188.000000,21,27.2860,184.1050,14.7519,-28.5111,-28.5437
188.000000,22,27.2860,184.0482,17.7480,-25.4582,-25.5643
188.000000,23,27.2860,183.9966,17.8874,-25.2672,-25.3917
188.000000,24,27.2860,183.9503,15.5310,-27.5773,-27.6284
189.000000,0,27.0821,184.9607,13.9560,-30.1627,-30.1852
189.000000,1,27.0821,184.9076,16.8247,-27.2409,-27.2860
189.000000,2,27.0821,184.8589,15.9830,-28.0340,-28.0724
189.000000,3,27.0821,184.8149,12.7071,-31.2658,-31.2781
189.000000,4,27.0821,184.7755,3.7315,-40.2020,-40.2026
189.000000,5,27.0821,184.7759,10.6879,-33.2460,-33.2533
189.000000,6,27.0821,184.7209,14.7662,-29.1128,-29.1332
189.000000,7,27.0821,184.6705,14.5462,-29.2823,-29.3047
189.000000,8,27.0821,184.6248,10.5190,-33.2639,-33.2746
189.000000,9,27.0821,184.5840,2.8167,-40.9253,-40.9266
189.000000,10,27.0821,184.5896,5.5801,-38.1675,-38.1703
189.000000,11,27.0821,184.5326,11.4734,-32.2172,-32.2314
189.000000,12,27.0821,184.4804,14.6105,-29.0279,-29.0508
189.000000,13,27.0821,184.4330,13.9812,-29.6098,-29.6270
189.000000,14,27.0821,184.3906,8.2963,-35.2523,-35.2568
189.000000,15,27.0821,184.4018,6.7913,-36.7686,-36.7704
189.000000,16,27.0821,184.3428,13.8134,-29.6875,-29.7071
189.000000,17,27.0821,184.2886,16.5632,-26.8834,-26.9317
189.000000,18,27.0821,184.2394,16.5451,-26.8523,-26.9006
189.000000,19,27.0821,184.1953,12.3528,-31.0005,-31.0175
189.000000,20,27.0821,184.2126,4.6469,-38.7238,-38.7252
189.000000,21,27.0821,184.1513,14.5180,-28.7913,-28.8197
189.000000,22,27.0821,184.0951,17.5077,-25.7454,-25.8378
189.000000,23,27.0821,184.0439,17.8373,-25.3647,-25.4740
189.000000,24,27.0821,183.9981,15.2332,-27.9230,-27.9693
190.000000,0,26.8798,185.1853,14.2616,-30.0817,-30.1062
190.000000,1,26.8798,184.9526,17.0596,-27.0511,-27.1027
190.000000,2,26.8798,184.9044,16.3464,-27.7160,-27.7605
190.000000,3,26.8798,184.8607,13.2773,-30.7415,-30.7561
190.000000,4,26.8798,184.8217,4.6096,-39.3701,-39.3709
190.000000,5,26.8798,184.8208,11.1473,-32.8315,-32.8402
190.000000,6,26.8798,184.7663,15.2482,-28.6761,-28.7000
190.000000,7,26.8798,184.7163,15.1190,-28.7554,-28.7808
190.000000,8,26.8798,184.6710,11.4361,-32.3930,-32.4044
190.000000,9,26.8798,184.6306,3.5934,-40.1952,-40.1965
190.000000,10,26.8798,184.6348,6.1789,-37.6139,-37.6167
190.000000,11,26.8798,184.5784,11.8314,-31.9050,-31.9184
190.000000,12,26.8798,184.5266,13.8583,-29.8264,-29.8475
190.000000,13,26.8798,184.4796,13.3481,-30.2895,-30.3043
190.000000,14,26.8798,184.4376,7.6932,-35.9024,-35.9061
190.000000,15,26.8798,184.4474,6.1954,-37.4100,-37.4115
190.000000,16,26.8798,184.3888,13.1586,-30.3883,-30.4045
190.000000,17,26.8798,184.3351,16.1439,-27.3492,-27.3884
190.000000,18,26.8798,184.2863,16.1917,-27.2527,-27.2920
190.000000,19,26.8798,184.2427,11.9272,-31.4736,-31.4879
190.000000,20,26.8798,184.2584,4.5277,-38.8887,-38.8900
190.000000,21,26.8798,184.1977,14.2165,-29.1393,-29.1635
190.000000,22,26.8798,184.1419,17.2386,-26.0614,-26.1407
190.000000,23,26.8798,184.0912,17.7249,-25.5244,-25.6190
190.000000,24,26.8798,184.0459,14.8626,-28.3413,-28.3826
191.000000,0,26.6791,185.2299,14.5738,-29.8141,-29.8416
191.000000,1,26.6791,185.1776,17.2510,-27.0847,-27.1406
191.000000,2,26.6791,184.9498,16.6562,-27.4516,-27.5026
191.000000,3,26.6791,184.9065,13.7741,-30.2904,-30.3077
191.000000,4,26.6791,184.8678,5.3867,-38.6392,-38.6402
191.000000,5,26.6791,184.8656,11.5452,-32.4785,-32.4889
191.000000,6,26.6791,184.8116,15.6613,-28.3084,-28.3364
191.000000,7,26.6791,184.7621,15.6103,-28.3098,-28.3394
191.000000,8,26.6791,184.7172,12.2963,-31.5789,-31.5918
191.000000,9,26.6791,184.6771,4.8160,-39.0191,-39.0204
191.000000,10,26.6791,184.6800,6.9664,-36.8716,-36.8746
191.000000,11,26.6791,184.6240,12.6374,-31.1446,-31.1580
191.000000,12,26.6791,184.5727,13.2743,-30.4564,-30.4773
191.000000,13,26.6791,184.5261,12.6233,-31.0608,-31.0743
191.000000,14,26.6791,184.4844,7.1730,-36.4695,-36.4726
191.000000,15,26.6791,184.4928,5.4888,-38.1620,-38.1633
191.000000,16,26.6791,184.4348,12.4022,-31.1906,-31.2043
191.000000,17,26.6791,184.3815,15.6561,-27.8834,-27.9153
191.000000,18,26.6791,184.3332,15.7735,-27.7178,-27.7496
191.000000,19,26.6791,184.2899,11.4243,-32.0236,-32.0355
191.000000,20,26.6791,184.3041,4.3294,-39.1328,-39.1338
191.000000,21,26.6791,184.2439,13.8444,-29.5575,-29.5780
191.000000,22,26.6791,184.1887,16.9474,-26.3993,-26.4662
191.000000,23,26.6791,184.1385,17.5515,-25.7450,-25.8255
191.000000,24,26.6791,184.0935,14.5092,-28.7424,-28.7786
192.000000,0,26.4800,185.2744,14.8402,-29.5922,-29.6226
192.000000,1,26.4800,185.2226,17.4027,-26.9780,-27.0404
192.000000,2,26.4800,185.1751,16.9178,-27.4154,-27.4708
192.000000,3,26.4800,184.9522,14.2069,-29.9034,-29.9236
192.000000,4,26.4800,184.9138,6.0772,-37.9946,-37.9960
192.000000,5,26.4800,184.9104,11.9485,-32.1200,-32.1322
192.000000,6,26.4800,184.8568,16.0136,-28.0013,-28.0341
192.000000,7,26.4800,184.8077,16.0311,-27.9347,-27.9694
192.000000,8,26.4800,184.7632,13.0342,-30.8871,-30.9020
192.000000,9,26.4800,184.7235,5.8595,-38.0219,-38.0234
192.000000,10,26.4800,184.7250,7.6514,-36.2317,-36.2351
192.000000,11,26.4800,184.6695,13.3265,-30.5011,-30.5154
192.000000,12,26.4800,184.6187,14.0653,-29.7114,-29.7323
192.000000,13,26.4800,184.5725,11.7933,-31.9373,-31.9507
192.000000,14,26.4800,184.5312,6.5646,-37.1247,-37.1275
192.000000,15,26.4800,184.5382,4.6522,-39.0440,-39.0453
192.000000,16,26.4800,184.4806,11.5275,-32.1112,-32.1231
192.000000,17,26.4800,184.4279,15.0943,-28.4916,-28.5180
192.000000,18,26.4800,184.3800,15.2866,-28.2514,-28.2771
192.000000,19,26.4800,184.3371,10.8766,-32.6186,-32.6283
192.000000,20,26.4800,184.3498,4.0475,-39.4603,-39.4611
192.000000,21,26.4800,184.2901,13.3978,-30.0504,-30.0675
192.000000,22,26.4800,184.2353,16.5910,-26.8024,-26.8580
192.000000,23,26.4800,184.1856,17.3176,-26.0260,-26.0934
192.000000,24,26.4800,184.1411,14.1958,-29.1033,-29.1345
193.000000,0,26.2823,185.3188,15.0650,-29.4118,-29.4451
193.000000,1,26.2823,185.2674,17.5174,-26.9081,-26.9769
193.000000,2,26.2823,185.2204,17.1354,-27.2430,-27.3049
193.000000,3,26.2823,185.1778,14.5829,-29.7530,-29.7753
193.000000,4,26.2823,184.9598,6.6927,-37.4251,-37.4268
193.000000,5,26.2823,184.9552,12.4103,-31.7029,-31.7171
193.000000,6,26.2823,184.9020,16.3119,-27.7481,-27.7863
193.000000,7,26.2823,184.8533,16.3900,-27.6213,-27.6619
193.000000,8,26.2823,184.8092,13.6710,-30.2962,-30.3137
193.000000,9,26.2823,184.7698,6.7616,-37.1662,-37.1680
193.000000,10,26.2823,184.7701,8.2497,-35.6784,-35.6824
193.000000,11,26.2823,184.7150,13.9184,-29.9547,-29.9709
193.000000,12,26.2823,184.6646,14.7394,-29.0832,-29.1057
193.000000,13,26.2823,184.6188,11.5417,-32.2351,-32.2491
193.000000,14,26.2823,184.5779,5.8559,-37.8800,-37.8828
193.000000,15,26.2823,184.5835,3.6574,-40.0841,-40.0853
193.000000,16,26.2823,184.5264,10.6387,-33.0458,-33.0568
193.000000,17,26.2823,184.4741,14.4511,-29.1811,-29.2038
193.000000,18,26.2823,184.4267,14.7259,-28.8588,-28.8800
193.000000,19,26.2823,184.3842,10.4575,-33.0847,-33.0926
193.000000,20,26.2823,184.3954,3.6758,-39.8776,-39.8783
193.000000,21,26.2823,184.3362,12.8705,-30.6238,-30.6379
193.000000,22,26.2823,184.2819,16.1666,-27.2734,-27.3191
193.000000,23,26.2823,184.2327,17.0228,-26.3679,-26.4234
193.000000,24,26.2823,184.1885,13.8138,-29.5328,-29.5592
194.000000,0,26.0863,185.3631,15.2517,-29.2695,-29.3056
194.000000,1,26.0863,185.3122,17.5976,-26.8726,-26.9477
194.000000,2,26.0863,185.2655,17.3129,-27.1107,-27.1791
194.000000,3,26.0863,185.2233,14.9081,-29.4732,-29.4988
194.000000,4,26.0863,185.1856,7.2419,-37.1017,-37.1038
194.000000,5,26.0863,185.1798,12.8122,-31.5256,-31.5412
194.000000,6,26.0863,184.9471,16.5616,-27.5435,-27.5874
194.000000,7,26.0863,184.8988,16.6938,-27.3630,-27.4101
194.000000,8,26.0863,184.8551,14.2227,-29.7904,-29.8110
194.000000,9,26.0863,184.8160,7.5483,-36.4258,-36.4279
194.000000,10,26.0863,184.8150,8.8147,-35.1583,-35.1632
194.000000,11,26.0863,184.7604,14.4277,-29.4908,-29.5097
194.000000,12,26.0863,184.7104,15.3162,-28.5522,-28.5777
194.000000,13,26.0863,184.6651,12.3881,-31.4350,-31.4500
194.000000,14,26.0863,184.6245,5.9230,-37.8595,-37.8623
194.000000,15,26.0863,184.6287,2.7836,-41.0031,-41.0045
194.000000,16,26.0863,184.5722,10.6133,-33.1169,-33.1273
194.000000,17,26.0863,184.5203,13.7162,-29.9621,-29.9830
194.000000,18,26.0863,184.4733,14.0839,-29.5474,-29.5655
194.000000,19,26.0863,184.4312,9.9659,-33.6233,-33.6297
194.000000,20,26.0863,184.4409,3.2053,-40.3936,-40.3942
194.000000,21,26.0863,184.3823,12.2544,-31.2859,-31.2976
194.000000,22,26.0863,184.3285,15.7009,-27.7856,-27.8228
194.000000,23,26.0863,184.2796,16.6656,-26.7720,-26.8172
194.000000,24,26.0863,184.2359,13.3597,-30.0342,-30.0563
195.000000,0,25.8917,185.4074,15.4810,-29.0845,-29.1232
195.000000,1,25.8917,185.3569,17.6455,-26.8694,-26.9505
195.000000,2,25.8917,185.3106,17.4532,-27.0154,-27.0903
195.000000,3,25.8917,185.2687,15.1874,-29.2394,-29.2681
195.000000,4,25.8917,185.2313,7.7321,-36.6573,-36.6598
195.000000,5,25.8917,185.2244,13.1611,-31.2213,-31.2389
195.000000,6,25.8917,185.1721,16.7670,-27.5631,-27.6109
195.000000,7,25.8917,184.9442,16.9481,-27.1542,-27.2082
195.000000,8,25.8917,184.9009,14.7011,-29.3578,-29.3819
195.000000,9,25.8917,184.8621,8.2385,-35.7816,-35.7843
195.000000,10,25.8917,184.8599,9.4838,-34.5342,-34.5400
195.000000,11,25.8917,184.8058,14.8656,-29.0982,-29.1205
195.000000,12,25.8917,184.7562,15.8105,-28.1038,-28.1333
195.000000,13,25.8917,184.7112,13.1116,-30.7577,-30.7744
195.000000,14,25.8917,184.6710,7.0812,-36.7478,-36.7507
195.000000,15,25.8917,184.6739,3.6815,-40.1505,-40.1519
195.000000,16,25.8917,184.6178,11.4653,-32.3106,-32.3208
195.000000,17,25.8917,184.5664,13.1982,-30.5262,-30.5466
195.000000,18,25.8917,184.5198,13.3507,-30.3271,-30.3436
195.000000,19,25.8917,184.4781,9.3953,-34.2408,-34.2462
195.000000,20,25.8917,184.4863,2.6236,-41.0208,-41.0213
195.000000,21,25.8917,184.4282,11.5380,-32.0483,-32.0581
195.000000,22,25.8917,184.3749,15.2317,-28.3012,-28.3315
195.000000,23,25.8917,184.3265,16.2436,-27.2409,-27.2774
195.000000,24,25.8917,184.2832,12.9716,-30.4696,-30.4877
196.000000,0,25.6986,185.4516,15.7232,-28.8865,-28.9276
196.000000,1,25.6986,185.4015,17.6627,-26.8968,-26.9835
196.000000,2,25.6986,185.3556,17.5987,-26.9149,-26.9958
196.000000,3,25.6986,185.3141,15.4248,-29.0473,-29.0792
196.000000,4,25.6986,185.2770,8.1690,-36.2661,-36.2690
196.000000,5,25.6986,185.2689,13.4623,-30.9646,-30.9844
196.000000,6,25.6986,185.2170,16.9319,-27.4432,-27.4967
196.000000,7,25.6986,185.1696,17.1573,-27.1703,-27.2290
196.000000,8,25.6986,184.9466,15.1157,-28.9889,-29.0168
196.000000,9,25.6986,184.9081,8.8466,-35.2196,-35.2229
196.000000,10,25.6986,184.9047,10.0692,-33.9935,-34.0004
196.000000,11,25.6986,184.8510,15.2410,-28.7681,-28.7943
196.000000,12,25.6986,184.8019,16.2333,-27.7266,-27.7612
196.000000,13,25.6986,184.7573,13.7336,-30.1817,-30.2011
196.000000,14,25.6986,184.7175,8.0647,-35.8108,-35.8139
196.000000,15,25.6986,184.7190,4.5459,-39.3311,-39.3327
196.000000,16,25.6986,184.6634,12.1947,-31.6267,-31.6376
196.000000,17,25.6986,184.6124,14.0028,-29.7676,-29.7879
196.000000,18,25.6986,184.5662,12.5127,-31.2116,-31.2279
196.000000,19,25.6986,184.5249,8.7366,-34.9463,-34.9511
196.000000,20,25.6986,184.5317,1.9132,-41.7766,-41.7770
196.000000,21,25.6986,184.4741,10.7057,-32.9265,-32.9351
196.000000,22,25.6986,184.4213,14.6888,-28.8905,-28.9155
196.000000,23,25.6986,184.3733,15.7530,-27.7783,-27.8079
196.000000,24,25.6986,184.3304,12.5874,-30.9010,-30.9156
197.000000,0,25.5070,185.4957,15.9282,-28.7256,-28.7689
197.000000,1,25.5070,185.4460,17.7129,-26.8911,-26.9830
197.000000,2,25.5070,185.4005,17.7117,-26.8469,-26.9336
197.000000,3,25.5070,185.3593,15.6237,-28.8936,-28.9288
197.000000,4,25.5070,185.3226,8.5574,-35.9232,-35.9267
197.000000,5,25.5070,185.3133,13.7538,-30.7175,-30.7394
197.000000,6,25.5070,185.2619,17.0593,-27.3606,-27.4200
197.000000,7,25.5070,185.2148,17.3253,-27.0476,-27.1134
197.000000,8,25.5070,185.1722,15.4739,-28.8563,-28.8871
197.000000,9,25.5070,184.9541,9.3834,-34.7287,-34.7328
197.000000,10,25.5070,184.9494,10.5826,-33.5249,-33.5330
197.000000,11,25.5070,184.8962,15.5608,-28.4934,-28.5242
197.000000,12,25.5070,184.8474,16.5936,-27.4119,-27.4525
197.000000,13,25.5070,184.8033,14.3061,-29.6552,-29.6779
197.000000,14,25.5070,184.7638,8.9101,-35.0117,-35.0154
197.000000,15,25.5070,184.7640,5.5248,-38.3972,-38.3992
197.000000,16,25.5070,184.7089,12.8228,-31.0441,-31.0564
197.000000,17,25.5070,184.6584,14.6881,-29.1284,-29.1500
197.000000,18,25.5070,184.6126,12.4761,-31.2945,-31.3113
197.000000,19,25.5070,184.5716,7.9777,-35.7520,-35.7567
197.000000,20,25.5070,184.5771,1.0490,-42.6861,-42.6866
197.000000,21,25.5070,184.5200,9.7351,-33.9429,-33.9508
197.000000,22,25.5070,184.4676,14.0650,-29.5606,-29.5820
197.000000,23,25.5070,184.4200,15.1885,-28.3896,-28.4139
197.000000,24,25.5070,184.3775,12.1355,-31.4001,-31.4118
198.000000,0,25.3169,185.5398,16.0990,-28.5989,-28.6443
198.000000,1,25.3169,185.4904,17.7829,-26.8656,-26.9621
198.000000,2,25.3169,185.4453,17.7932,-26.8102,-26.9023
198.000000,3,25.3169,185.4045,15.7870,-28.7755,-28.8139
198.000000,4,25.3169,185.3680,8.9014,-35.6246,-35.6287
198.000000,5,25.3169,185.3576,14.1124,-30.4033,-30.4271
198.000000,6,25.3169,185.3066,17.1516,-27.3130,-27.3781
198.000000,7,25.3169,185.2600,17.4924,-26.9256,-26.9982
198.000000,8,25.3169,185.2177,15.7816,-28.5942,-28.6289
198.000000,9,25.3169,185.1799,9.8575,-34.4805,-34.4851
198.000000,10,25.3169,185.1741,11.0330,-33.2991,-33.3082
198.000000,11,25.3169,184.9413,15.8307,-28.2686,-28.3042
198.000000,12,25.3169,184.8930,16.8982,-27.1528,-27.1999
198.000000,13,25.3169,184.8492,14.8481,-29.1591,-29.1857
198.000000,14,25.3169,184.8100,9.6429,-34.3251,-34.3295
198.000000,15,25.3169,184.8090,6.3752,-37.5918,-37.5942
198.000000,16,25.3169,184.7543,13.3651,-30.5472,-30.5615
198.000000,17,25.3169,184.7042,15.2743,-28.5880,-28.6123
198.000000,18,25.3169,184.6588,13.1819,-30.6350,-30.6529
198.000000,19,25.3169,184.6182,7.6350,-36.1412,-36.1461
198.000000,20,25.3169,184.6223,-0.0060,-43.7864,-43.7869
198.000000,21,25.3169,184.5657,9.1281,-34.5956,-34.6033
198.000000,22,25.3169,184.5138,13.3506,-30.3212,-30.3408
198.000000,23,25.3169,184.4667,14.5427,-29.0820,-29.1027
198.000000,24,25.3169,184.4245,11.6109,-31.9716,-31.9812
199.000000,0,25.1282,185.5838,16.2380,-28.5038,-28.5510
199.000000,1,25.1282,185.5348,17.8237,-26.8692,-26.9697
199.000000,2,25.1282,185.4900,17.8451,-26.8030,-26.9000
199.000000,3,25.1282,185.4495,15.9169,-28.6907,-28.7320
199.000000,4,25.1282,185.4134,9.2043,-35.3671,-35.3717
199.000000,5,25.1282,185.4019,14.4243,-30.1357,-30.1614
199.000000,6,25.1282,185.3513,17.2115,-27.2979,-27.3684
199.000000,7,25.1282,185.3050,17.6315,-26.8315,-26.9110
199.000000,8,25.1282,185.2631,16.0437,-28.3774,-28.4163
199.000000,9,25.1282,185.2257,10.2758,-34.1079,-34.1134
199.000000,10,25.1282,185.2186,11.4276,-32.9491,-32.9595
199.000000,11,25.1282,185.1663,16.0553,-28.2691,-28.3080
199.000000,12,25.1282,184.9384,17.1529,-26.9435,-26.9976
199.000000,13,25.1282,184.8950,15.3166,-28.7364,-28.7673
199.000000,14,25.1282,184.8562,10.2818,-33.7324,-33.7377
199.000000,15,25.1282,184.8539,7.1197,-36.8922,-36.8950
199.000000,16,25.1282,184.7997,13.8336,-30.1241,-30.1411
199.000000,17,25.1282,184.7500,15.7765,-28.1315,-28.1597
199.000000,18,25.1282,184.7050,13.7862,-30.0769,-30.0970
199.000000,19,25.1282,184.6648,8.7500,-35.0728,-35.0778
199.000000,20,25.1282,184.6675,-0.0041,-43.8297,-43.8302
199.000000,21,25.1282,184.6114,10.0327,-33.7367,-33.7441
199.000000,22,25.1282,184.5599,12.9078,-30.8102,-30.8291
199.000000,23,25.1282,184.5132,13.8058,-29.8655,-29.8844
199.000000,24,25.1282,184.4714,11.0070,-32.6224,-32.6305
200.000000,0,24.9410,185.6277,16.3474,-28.4383,-28.4871
200.000000,1,24.9410,185.5791,17.8368,-26.9003,-27.0044
200.000000,2,24.9410,185.5347,17.8690,-26.8237,-26.9251
200.000000,3,24.9410,185.4945,16.0156,-28.6369,-28.6812
200.000000,4,24.9410,185.4587,9.4690,-35.1477,-35.1529
200.000000,5,24.9410,185.4461,14.6940,-29.9101,-29.9378
200.000000,6,24.9410,185.3960,17.3548,-27.1991,-27.2747
200.000000,7,24.9410,185.3500,17.7360,-26.7721,-26.8580
200.000000,8,24.9410,185.3084,16.2644,-28.2021,-28.2451
200.000000,9,24.9410,185.2713,10.6439,-33.7855,-33.7919
200.000000,10,24.9410,185.2632,11.9304,-32.4908,-32.5025
200.000000,11,24.9410,185.2113,16.2384,-28.1309,-28.1748
200.000000,12,24.9410,185.1637,17.3623,-26.9595,-27.0185
200.000000,13,24.9410,184.9407,15.7211,-28.3776,-28.4132
200.000000,14,24.9410,184.9022,10.8406,-33.2196,-33.2260
200.000000,15,24.9410,184.8987,7.7750,-36.2817,-36.2852
200.000000,16,24.9410,184.8449,14.2374,-29.7656,-29.7857
200.000000,17,24.9410,184.7957,16.2064,-27.7474,-27.7805
200.000000,18,24.9410,184.7511,14.3962,-29.5130,-29.5362
200.000000,19,24.9410,184.7112,9.6936,-34.1757,-34.1812
200.000000,20,24.9410,184.7126,1.2716,-42.5991,-42.5997
200.000000,21,24.9410,184.6570,10.8090,-33.0060,-33.0138
200.000000,22,24.9410,184.6060,13.7299,-30.0341,-30.0528
200.000000,23,24.9410,184.5597,12.9640,-30.7537,-30.7723
200.000000,24,24.9410,184.5183,10.3145,-33.3618,-33.3690
201.000000,0,24.7551,185.6715,16.4291,-28.4004,-28.4506
201.000000,1,24.7551,185.6233,17.8236,-26.9577,-27.0648
201.000000,2,24.7551,185.5793,17.8664,-26.8709,-26.9762
201.000000,3,24.7551,185.5394,16.0848,-28.6127,-28.6596
201.000000,4,24.7551,185.5039,9.6978,-34.9641,-34.9699
201.000000,5,24.7551,185.4903,14.9253,-29.7230,-29.7524
201.000000,6,24.7551,185.4405,17.4648,-27.1337,-27.2140
201.000000,7,24.7551,185.3949,17.8080,-26.7450,-26.8371
201.000000,8,24.7551,185.3537,16.4469,-28.0649,-28.1118
201.000000,9,24.7551,185.3169,10.9663,-33.5086,-33.5159
201.000000,10,24.7551,185.3076,12.3807,-32.0849,-32.0981
201.000000,11,24.7551,185.2561,16.3832,-28.0310,-28.0800
201.000000,12,24.7551,185.2090,17.5301,-26.8369,-26.9030
201.000000,13,24.7551,185.1663,16.0693,-28.2551,-28.2940
201.000000,14,24.7551,184.9481,11.3301,-32.7761,-32.7837
201.000000,15,24.7551,184.9434,8.3537,-35.7477,-35.7519
201.000000,16,24.7551,184.8901,14.5839,-29.4643,-29.4879
201.000000,17,24.7551,184.8413,16.5728,-27.4266,-27.4654
201.000000,18,24.7551,184.7971,14.9231,-29.0321,-29.0592
201.000000,19,24.7551,184.7575,10.5014,-33.4141,-33.4205
201.000000,20,24.7551,184.7577,2.3719,-41.5439,-41.5446
201.000000,21,24.7551,184.7025,11.4795,-32.3810,-32.3898
201.000000,22,24.7551,184.6519,14.4302,-29.3798,-29.3997
201.000000,23,24.7551,184.6060,13.1906,-30.5735,-30.5924
201.000000,24,24.7551,184.5650,9.5208,-34.2023,-34.2093
202.000000,0,24.5707,185.7153,16.4846,-28.3887,-28.4400
202.000000,1,24.5707,185.6674,17.8163,-27.0092,-27.1186
202.000000,2,24.5707,185.6237,17.8382,-26.9436,-27.0522
202.000000,3,24.5707,185.5842,16.1259,-28.6164,-28.6658
202.000000,4,24.5707,185.5490,9.9269,-34.7801,-34.7865
202.000000,5,24.5707,185.5343,15.1212,-29.5711,-29.6022
202.000000,6,24.5707,185.4849,17.5434,-27.0995,-27.1841
202.000000,7,24.5707,185.4398,17.8494,-26.7484,-26.8462
202.000000,8,24.5707,185.3989,16.5941,-27.9628,-28.0136
202.000000,9,24.5707,185.3624,11.2470,-33.2734,-33.2817
202.000000,10,24.5707,185.3520,12.7766,-31.7334,-31.7480
202.000000,11,24.5707,185.3009,16.5484,-27.9105,-27.9644
202.000000,12,24.5707,185.2541,17.6595,-26.7527,-26.8259
202.000000,13,24.5707,185.2118,16.3670,-28.0029,-28.0467
202.000000,14,24.5707,185.1740,11.7587,-32.5733,-32.5820
202.000000,15,24.5707,185.1681,9.0334,-35.2927,-35.2974
202.000000,16,24.5707,184.9352,14.8790,-29.2143,-29.2418
202.000000,17,24.5707,184.8868,16.8829,-27.1619,-27.2071
202.000000,18,24.5707,184.8430,15.3763,-28.6247,-28.6565
202.000000,19,24.5707,184.8038,11.1987,-32.7631,-32.7706
202.000000,20,24.5707,184.8027,3.3325,-40.6283,-40.6292
202.000000,21,24.5707,184.7480,12.0608,-31.8452,-31.8554
202.000000,22,24.5707,184.6978,15.0296,-28.8262,-28.8485
202.000000,23,24.5707,184.6523,13.8862,-29.9241,-29.9442
202.000000,24,24.5707,184.6116,8.9250,-34.8447,-34.8521
203.000000,0,24.3876,185.7589,16.5151,-28.4019,-28.4540
203.000000,1,24.3876,185.7115,17.8547,-27.0149,-27.1259
203.000000,2,24.3876,185.6681,17.7854,-27.0407,-27.1521
203.000000,3,24.3876,185.6289,16.1483,-28.6387,-28.6903
203.000000,4,24.3876,185.5940,10.2327,-34.5193,-34.5262
203.000000,5,24.3876,185.5783,15.2844,-29.4519,-29.4845
203.000000,6,24.3876,185.5293,17.5926,-27.0947,-27.1831
203.000000,7,24.3876,185.4845,17.8618,-26.7807,-26.8837
203.000000,8,24.3876,185.4439,16.7085,-27.8935,-27.9481
203.000000,9,24.3876,185.4077,11.4890,-33.0767,-33.0860
203.000000,10,24.3876,185.3962,13.1238,-31.4305,-31.4464
203.000000,11,24.3876,185.3456,16.7422,-27.7615,-27.8200
203.000000,12,24.3876,185.2992,17.7532,-26.7041,-26.7843
203.000000,13,24.3876,185.2573,16.6192,-27.7961,-27.8448
203.000000,14,24.3876,185.2198,12.1331,-32.2447,-32.2547
203.000000,15,24.3876,185.2127,9.6705,-34.7002,-34.7057
203.000000,16,24.3876,185.1603,15.1275,-29.1908,-29.2212
203.000000,17,24.3876,184.9323,17.1426,-26.9477,-26.9998
203.000000,18,24.3876,184.8888,15.7653,-28.2816,-28.3185
203.000000,19,24.3876,184.8499,11.8037,-32.2043,-32.2133
203.000000,20,24.3876,184.8476,4.1784,-39.8273,-39.8285
203.000000,21,24.3876,184.7933,12.5655,-31.3859,-31.3981
203.000000,22,24.3876,184.7436,15.5437,-28.3579,-28.3838
203.000000,23,24.3876,184.6985,14.4806,-29.3759,-29.3985
203.000000,24,24.3876,184.6582,10.0080,-33.8082,-33.8159
204.000000,0,24.2059,185.8025,16.5219,-28.4387,-28.4914
204.000000,1,24.2059,185.7555,17.8680,-27.0455,-27.1577
204.000000,2,24.2059,185.7125,17.8148,-27.0556,-27.1689
204.000000,3,24.2059,185.6736,16.2774,-28.5542,-28.6076
204.000000,4,24.2059,185.6389,10.5032,-34.2937,-34.3012
204.000000,5,24.2059,185.6222,15.4172,-29.3631,-29.3970
204.000000,6,24.2059,185.5736,17.6139,-27.1177,-27.2096
204.000000,7,24.2059,185.5291,17.8466,-26.8406,-26.9483
204.000000,8,24.2059,185.4889,16.7920,-27.8550,-27.9130
204.000000,9,24.2059,185.4530,11.6952,-32.9159,-32.9262
204.000000,10,24.2059,185.4405,13.4271,-31.1714,-31.1887
204.000000,11,24.2059,185.3902,16.8992,-27.6490,-27.7120
204.000000,12,24.2059,185.3442,17.8134,-26.6889,-26.7758
204.000000,13,24.2059,185.3026,16.8301,-27.6306,-27.6842
204.000000,14,24.2059,185.2654,12.4588,-31.9647,-31.9761
204.000000,15,24.2059,185.2572,10.2333,-34.1819,-34.1882
204.000000,16,24.2059,185.2052,15.3335,-29.0298,-29.0643
204.000000,17,24.2059,185.1576,17.3564,-26.9593,-27.0161
204.000000,18,24.2059,184.9345,16.0974,-27.9951,-28.0376
204.000000,19,24.2059,184.8960,12.3300,-31.7241,-31.7347
204.000000,20,24.2059,184.8924,5.1713,-38.8791,-38.8806
204.000000,21,24.2059,184.8386,13.0032,-30.9934,-31.0080
204.000000,22,24.2059,184.7893,15.9842,-27.9631,-27.9935
204.000000,23,24.2059,184.7446,14.9894,-28.9132,-28.9394
204.000000,24,24.2059,184.7047,10.9225,-32.9402,-32.9486
205.000000,0,24.0256,185.8461,16.5060,-28.4982,-28.5513
205.000000,1,24.0256,185.7994,17.8575,-27.0999,-27.2127
205.000000,2,24.0256,185.7567,17.8534,-27.0614,-27.1760
205.000000,3,24.0256,185.7181,16.3792,-28.4969,-28.5519
205.000000,4,24.0256,185.6837,10.7409,-34.1009,-34.1089
205.000000,5,24.0256,185.6661,15.5213,-29.3028,-29.3379
205.000000,6,24.0256,185.6178,17.6904,-27.0854,-27.1801
205.000000,7,24.0256,185.5737,17.8048,-26.9270,-27.0388
205.000000,8,24.0256,185.5338,16.8463,-27.8455,-27.9067
205.000000,9,24.0256,185.4982,11.8678,-32.7885,-32.7998
205.000000,10,24.0256,185.4846,13.6904,-30.9522,-30.9708
205.000000,11,24.0256,185.4348,17.0223,-27.5705,-27.6377
205.000000,12,24.0256,185.3891,17.8420,-26.7052,-26.7985
205.000000,13,24.0256,185.3479,17.0029,-27.5030,-27.5613
205.000000,14,24.0256,185.3110,12.7403,-31.7287,-31.7417
205.000000,15,24.0256,185.3017,10.7314,-33.7283,-33.7355
205.000000,16,24.0256,185.2501,15.6228,-28.7854,-28.8240
205.000000,17,24.0256,185.2029,17.5283,-26.8326,-26.8964
205.000000,18,24.0256,185.1602,16.4289,-27.8892,-27.9355
205.000000,19,24.0256,184.9420,12.7881,-31.3119,-31.3244
205.000000,20,24.0256,184.9372,6.0775,-38.0177,-38.0196
205.000000,21,24.0256,184.8838,13.3818,-30.6601,-30.6774
205.000000,22,24.0256,184.8349,16.3605,-27.6325,-27.6683
205.000000,23,24.0256,184.7906,15.4245,-28.5242,-28.5548
205.000000,24,24.0256,184.7510,11.7035,-32.2056,-32.2153
206.000000,0,23.8466,185.8896,16.4681,-28.5795,-28.6328
206.000000,1,23.8466,185.8432,17.8240,-27.1772,-27.2901
206.000000,2,23.8466,185.8008,17.8686,-27.0903,-27.2057
206.000000,3,23.8466,185.7626,16.4552,-28.4654,-28.5216
206.000000,4,23.8466,185.7284,10.9477,-33.9388,-33.9473
206.000000,5,23.8466,185.7098,15.5986,-29.2693,-29.3055
206.000000,6,23.8466,185.6620,17.7610,-27.0591,-27.1559
206.000000,7,23.8466,185.6182,17.7924,-26.9838,-27.0991
206.000000,8,23.8466,185.5786,16.8731,-27.8636,-27.9277
206.000000,9,23.8466,185.5433,12.0087,-32.6926,-32.7049
206.000000,10,23.8466,185.5287,13.9171,-30.7696,-30.7894
206.000000,11,23.8466,185.4792,17.1136,-27.5237,-27.5949
206.000000,12,23.8466,185.4340,17.8405,-26.7515,-26.8508
206.000000,13,23.8466,185.3930,17.1407,-27.4104,-27.4733
206.000000,14,23.8466,185.3565,12.9813,-31.5332,-31.5476
206.000000,15,23.8466,185.3460,11.1724,-33.3317,-33.3398
206.000000,16,23.8466,185.2949,15.8754,-28.5775,-28.6202
206.000000,17,23.8466,185.2481,17.6616,-26.7446,-26.8154
206.000000,18,23.8466,185.2057,16.7219,-27.6419,-27.6938
206.000000,19,23.8466,185.1678,13.1864,-31.1394,-31.1534
206.000000,20,23.8466,185.1619,6.8740,-37.4460,-37.4481
206.000000,21,23.8466,184.9290,13.7073,-30.3797,-30.4001
206.000000,22,23.8466,184.8805,16.6797,-27.3588,-27.4006
206.000000,23,23.8466,184.8366,15.7952,-28.1994,-28.2353
206.000000,24,23.8466,184.7973,12.3755,-31.5798,-31.5912
207.000000,0,23.6689,185.9329,16.4089,-28.6821,-28.7353
207.000000,1,23.6689,185.8869,17.7753,-27.2696,-27.3821
207.000000,2,23.6689,185.8449,17.8615,-27.1414,-27.2570
207.000000,3,23.6689,185.8069,16.5067,-28.4583,-28.5154
207.000000,4,23.6689,185.7731,11.1255,-33.8056,-33.8146
207.000000,5,23.6689,185.7535,15.6503,-29.2612,-29.2983
207.000000,6,23.6689,185.7060,17.8049,-27.0592,-27.1578
207.000000,7,23.6689,185.6626,17.8439,-26.9768,-27.0946
207.000000,8,23.6689,185.6234,16.8734,-27.9080,-27.9746
207.000000,9,23.6689,185.5883,12.1464,-32.6000,-32.6132
207.000000,10,23.6689,185.5727,14.1098,-30.6209,-30.6419
207.000000,11,23.6689,185.5236,17.2040,-27.4777,-27.5524
207.000000,12,23.6689,185.4787,17.8364,-26.8004,-26.9050
207.000000,13,23.6689,185.4381,17.2457,-27.3505,-27.4177
207.000000,14,23.6689,185.4019,13.1850,-31.3749,-31.3908
207.000000,15,23.6689,185.3904,11.5624,-32.9860,-32.9950
207.000000,16,23.6689,185.3396,16.0874,-28.4103,-28.4569
207.000000,17,23.6689,185.2932,17.7588,-26.6924,-26.7702
207.000000,18,23.6689,185.2512,16.9692,-27.4400,-27.4975
207.000000,19,23.6689,185.2136,13.5316,-30.8401,-30.8560
207.000000,20,23.6689,185.2065,7.5784,-36.7862,-36.7887
207.000000,21,23.6689,185.1540,14.0539,-30.2582,-30.2808
207.000000,22,23.6689,184.9259,16.9477,-27.1362,-27.1845
207.000000,23,23.6689,184.8824,16.1708,-27.8696,-27.9112
207.000000,24,23.6689,184.8435,12.9564,-31.0451,-31.0585
208.000000,0,23.4926,185.9763,16.3290,-28.8053,-28.8582
208.000000,1,23.4926,185.9306,17.8249,-27.2637,-27.3750
208.000000,2,23.4926,185.8889,17.8332,-27.2137,-27.3290
208.000000,3,23.4926,185.8512,16.5349,-28.4744,-28.5322
208.000000,4,23.4926,185.8176,11.2760,-33.6997,-33.7092
208.000000,5,23.4926,185.7971,15.6778,-29.2774,-29.3152
208.000000,6,23.4926,185.7500,17.8236,-27.0845,-27.1844
208.000000,7,23.4926,185.7069,17.8700,-26.9950,-27.1149
208.000000,8,23.4926,185.6680,16.9199,-27.9061,-27.9749
208.000000,9,23.4926,185.6333,12.3716,-32.4197,-32.4337
208.000000,10,23.4926,185.6166,14.2711,-30.5036,-30.5257
208.000000,11,23.4926,185.5679,17.3427,-27.3833,-27.4610
208.000000,12,23.4926,185.5234,17.8238,-26.8577,-26.9671
208.000000,13,23.4926,185.4831,17.3200,-27.3211,-27.3923
208.000000,14,23.4926,185.4472,13.3540,-31.2512,-31.2686
208.000000,15,23.4926,185.4346,11.9064,-32.6862,-32.6960
208.000000,16,23.4926,185.3843,16.2619,-28.2804,-28.3309
208.000000,17,23.4926,185.3382,17.8223,-26.6739,-26.7583
208.000000,18,23.4926,185.2965,17.1752,-27.2794,-27.3425
208.000000,19,23.4926,185.2593,13.8289,-30.5884,-30.6065
208.000000,20,23.4926,185.2511,8.2040,-36.2051,-36.2081
208.000000,21,23.4926,185.1990,14.4258,-29.9313,-29.9571
208.000000,22,23.4926,185.1513,17.1695,-27.1399,-27.1927
208.000000,23,23.4926,184.9281,16.4982,-27.5880,-27.6358
208.000000,24,23.4926,184.8896,13.4598,-30.5878,-30.6036
209.000000,0,23.3175,186.0195,16.3614,-28.8162,-28.8684
209.000000,1,23.3175,185.9742,17.8598,-27.2724,-27.3822
209.000000,2,23.3175,185.9328,17.8121,-27.2788,-27.3932
209.000000,3,23.3175,185.8954,16.5407,-28.5127,-28.5710
209.000000,4,23.3175,185.8621,11.4922,-33.5279,-33.5378
209.000000,5,23.3175,185.8407,15.6819,-29.3168,-29.3551
209.000000,6,23.3175,185.7939,17.8182,-27.1338,-27.2345
209.000000,7,23.3175,185.7512,17.8720,-27.0372,-27.1585
209.000000,8,23.3175,185.7125,17.0100,-27.8606,-27.9309
209.000000,9,23.3175,185.6781,12.5655,-32.2707,-32.2854
209.000000,10,23.3175,185.6604,14.4028,-30.4157,-30.4388
209.000000,11,23.3175,185.6121,17.4510,-27.3192,-27.3996
209.000000,12,23.3175,185.5680,17.8187,-26.9073,-27.0209
209.000000,13,23.3175,185.5280,17.3655,-27.3206,-27.3954
209.000000,14,23.3175,185.4924,13.4906,-31.1598,-31.1787
209.000000,15,23.3175,185.4787,12.2088,-32.4280,-32.4388
209.000000,16,23.3175,185.4288,16.4017,-28.1851,-28.2394
209.000000,17,23.3175,185.3832,17.8540,-26.6872,-26.7780
209.000000,18,23.3175,185.3418,17.3431,-27.1567,-27.2252
209.000000,19,23.3175,185.3049,14.0829,-30.3801,-30.4002
209.000000,20,23.3175,185.2955,8.7611,-35.6924,-35.6959
209.000000,21,23.3175,185.2439,14.7471,-29.6548,-29.6839
209.000000,22,23.3175,185.1966,17.3488,-27.0059,-27.0654
209.000000,23,23.3175,185.1538,16.7747,-27.5372,-27.5893
209.000000,24,23.3175,184.9355,13.8958,-30.1977,-30.2160
210.000000,0,23.1437,186.0627,16.3747,-28.8461,-28.8975
210.000000,1,23.1437,186.0177,17.8736,-27.3022,-27.4100
210.000000,2,23.1437,185.9766,17.8363,-27.2984,-27.4114
210.000000,3,23.1437,185.9395,16.6289,-28.4687,-28.5270
210.000000,4,23.1437,185.9065,11.7200,-33.3445,-33.3547
210.000000,5,23.1437,185.8841,15.6637,-29.3785,-29.4172
210.000000,6,23.1437,185.8377,17.7897,-27.2061,-27.3071
210.000000,7,23.1437,185.7953,17.8509,-27.1025,-27.2246
210.000000,8,23.1437,185.7570,17.0746,-27.8405,-27.9121
210.000000,9,23.1437,185.7228,12.7300,-32.1508,-32.1663
210.000000,10,23.1437,185.7042,14.5067,-30.3556,-30.3796
210.000000,11,23.1437,185.6563,17.5307,-27.2837,-27.3663
210.000000,12,23.1437,185.6125,17.8561,-26.9145,-27.0315
210.000000,13,23.1437,185.5729,17.3834,-27.3475,-27.4255
210.000000,14,23.1437,185.5375,13.5966,-31.0990,-31.1192
210.000000,15,23.1437,185.5228,12.4728,-32.2081,-32.2198
210.000000,16,23.1437,185.4733,16.5945,-28.0369,-28.0945
210.000000,17,23.1437,185.4280,17.8555,-26.7306,-26.8273
210.000000,18,23.1437,185.3870,17.4760,-27.0691,-27.1427
210.000000,19,23.1437,185.3504,14.2971,-30.2113,-30.2335
210.000000,20,23.1437,185.3399,9.2580,-35.2400,-35.2440
210.000000,21,23.1437,185.2887,15.0227,-29.4241,-29.4565
210.000000,22,23.1437,185.2418,17.4890,-26.9109,-26.9771
210.000000,23,23.1437,185.1994,17.0052,-27.3522,-27.4106
210.000000,24,23.1437,185.1614,14.2729,-30.0466,-30.0668
211.000000,0,22.9712,186.1058,16.3686,-28.8952,-28.9456
211.000000,1,22.9712,186.0612,17.8672,-27.3520,-27.4575
211.000000,2,22.9712,186.0204,17.8402,-27.3382,-27.4494
211.000000,3,22.9712,185.9836,16.7197,-28.4219,-28.4800
211.000000,4,22.9712,185.9508,11.9206,-33.1882,-33.1986
211.000000,5,22.9712,185.9275,15.6237,-29.4619,-29.5008
211.000000,6,22.9712,185.8815,17.7389,-27.3006,-27.4015
211.000000,7,22.9712,185.8394,17.8076,-27.1898,-27.3121
211.000000,8,22.9712,185.8014,17.1150,-27.8445,-27.9170
211.000000,9,22.9712,185.7675,12.8670,-32.0585,-32.0746
211.000000,10,22.9712,185.7479,14.5842,-30.3217,-30.3466
211.000000,11,22.9712,185.7004,17.5834,-27.2750,-27.3595
211.000000,12,22.9712,185.6569,17.8672,-26.9478,-27.0675
211.000000,13,22.9712,185.6176,17.3751,-27.4005,-27.4813
211.000000,14,22.9712,185.5825,13.6736,-31.0669,-31.0885
211.000000,15,22.9712,185.5668,12.7014,-32.0234,-32.0360
211.000000,16,22.9712,185.5177,16.7796,-27.8962,-27.9568
211.000000,17,22.9712,185.4728,17.8280,-26.8028,-26.9050
211.000000,18,22.9712,185.4321,17.5761,-27.0141,-27.0925
211.000000,19,22.9712,185.3958,14.4748,-30.0790,-30.1033
211.000000,20,22.9712,185.3843,9.7010,-34.8413,-34.8458
211.000000,21,22.9712,185.3335,15.2566,-29.2349,-29.2706
211.000000,22,22.9712,185.2870,17.5929,-26.8521,-26.9250
211.000000,23,22.9712,185.2449,17.1939,-27.2090,-27.2737
211.000000,24,22.9712,185.2072,14.5974,-29.7679,-29.7908
212.000000,0,22.7999,186.1488,16.3440,-28.9629,-29.0121
212.000000,1,22.7999,186.1045,17.8414,-27.4211,-27.5240
212.000000,2,22.7999,186.0641,17.8351,-27.3870,-27.4959
212.000000,3,22.7999,186.0275,16.7887,-28.3968,-28.4543
212.000000,4,22.7999,185.9950,12.0957,-33.0573,-33.0679
212.000000,5,22.7999,185.9709,15.5627,-29.5662,-29.6052
212.000000,6,22.7999,185.9252,17.7271,-27.3561,-27.4564
212.000000,7,22.7999,185.8834,17.7925,-27.2489,-27.3708
212.000000,8,22.7999,185.8457,17.1323,-27.8714,-27.9446
212.000000,9,22.7999,185.8120,12.9779,-31.9921,-32.0088
212.000000,10,22.7999,185.7915,14.6368,-30.3128,-30.3384
212.000000,11,22.7999,185.7444,17.6106,-27.2918,-27.3776
212.000000,12,22.7999,185.7012,17.8533,-27.0060,-27.1279
212.000000,13,22.7999,185.6622,17.3482,-27.4721,-27.5553
212.000000,14,22.7999,185.6275,13.7924,-30.9931,-31.0158
212.000000,15,22.7999,185.6108,12.8973,-31.8716,-31.8849
212.000000,16,22.7999,185.5620,16.9314,-27.7887,-27.8521
212.000000,17,22.7999,185.5175,17.8261,-26.8494,-26.9564
212.000000,18,22.7999,185.4771,17.6456,-26.9896,-27.0725
212.000000,19,22.7999,185.4411,14.6185,-29.9807,-30.0070
212.000000,20,22.7999,185.4285,10.0956,-34.4909,-34.4960
212.000000,21,22.7999,185.3781,15.4851,-29.0511,-29.0900
212.000000,22,22.7999,185.3320,17.6627,-26.8273,-26.9067
212.000000,23,22.7999,185.2902,17.3441,-27.1042,-27.1752
212.000000,24,22.7999,185.2530,14.8747,-29.5363,-29.5620
213.000000,0,22.6298,186.1918,16.3015,-29.0484,-29.0964
213.000000,1,22.6298,186.1478,17.7971,-27.5088,-27.6088
213.000000,2,22.6298,186.1076,17.8356,-27.4301,-27.5364
213.000000,3,22.6298,186.0714,16.8372,-28.3922,-28.4490
213.000000,4,22.6298,186.0391,12.2468,-32.9503,-32.9611
213.000000,5,22.6298,186.0141,15.5181,-29.6541,-29.6929
213.000000,6,22.6298,185.9688,17.7677,-27.3591,-27.4581
213.000000,7,22.6298,185.9273,17.8338,-27.2516,-27.3724
213.000000,8,22.6298,185.8899,17.1276,-27.9203,-27.9937
213.000000,9,22.6298,185.8565,13.0641,-31.9505,-31.9677
213.000000,10,22.6298,185.8351,14.6653,-30.3278,-30.3539
213.000000,11,22.6298,185.7883,17.6135,-27.3328,-27.4197
213.000000,12,22.6298,185.7455,17.8154,-27.0881,-27.2116
213.000000,13,22.6298,185.7068,17.4314,-27.4334,-27.5184
213.000000,14,22.6298,185.6723,13.9570,-30.8733,-30.8970
213.000000,15,22.6298,185.6546,13.0623,-31.7504,-31.7645
213.000000,16,22.6298,185.6063,17.0522,-27.7121,-27.7780
213.000000,17,22.6298,185.5621,17.8465,-26.8735,-26.9847
213.000000,18,22.6298,185.5220,17.6861,-26.9939,-27.0808
213.000000,19,22.6298,185.4863,14.7304,-29.9140,-29.9422
213.000000,20,22.6298,185.4727,10.4462,-34.1845,-34.1902
213.000000,21,22.6298,185.4227,15.7635,-28.8172,-28.8591
213.000000,22,22.6298,185.3770,17.7004,-26.8346,-26.9201
213.000000,23,22.6298,185.3355,17.5039,-26.9897,-27.0666
213.000000,24,22.6298,185.2986,15.1093,-29.3474,-29.3759
214.000000,0,22.4610,186.2347,16.2415,-29.1513,-29.1979
214.000000,1,22.4610,186.1910,17.7919,-27.5571,-27.6539
214.000000,2,22.4610,186.1512,17.8181,-27.4911,-27.5945
214.000000,3,22.4610,186.1152,16.8661,-28.4071,-28.4630
214.000000,4,22.4610,186.0831,12.3751,-32.8661,-32.8770
214.000000,5,22.4610,186.0573,15.5508,-29.6646,-29.7030
214.000000,6,22.4610,186.0123,17.7871,-27.3832,-27.4807
214.000000,7,22.4610,185.9711,17.8591,-27.2700,-27.3893
214.000000,8,22.4610,185.9340,17.1369,-27.9551,-28.0284
214.000000,9,22.4610,185.9009,13.2357,-31.8233,-31.8408
214.000000,10,22.4610,185.8786,14.6709,-30.3658,-30.3924
214.000000,11,22.4610,185.8321,17.5930,-27.3971,-27.4846
214.000000,12,22.4610,185.7896,17.7796,-27.1680,-27.2924
214.000000,13,22.4610,185.7513,17.4892,-27.4201,-27.5064
214.000000,14,22.4610,185.7171,14.0931,-30.7820,-30.8065
214.000000,15,22.4610,185.6984,13.1985,-31.6580,-31.6729
214.000000,16,22.4610,185.6504,17.1440,-27.6645,-27.7326
214.000000,17,22.4610,185.6066,17.8399,-26.9247,-27.0393
214.000000,18,22.4610,185.5669,17.6993,-27.0256,-27.1160
214.000000,19,22.4610,185.5315,14.8123,-29.8772,-29.9072
214.000000,20,22.4610,185.5168,10.7564,-33.9184,-33.9246
214.000000,21,22.4610,185.4672,16.0019,-28.6233,-28.6681
214.000000,22,22.4610,185.4218,17.7076,-26.8723,-26.9636
214.000000,23,22.4610,185.3808,17.6351,-26.9037,-26.9862
214.000000,24,22.4610,185.3441,15.3046,-29.1975,-29.2288
215.000000,0,22.2934,186.2775,16.2066,-29.2290,-29.2740
215.000000,1,22.2934,186.2342,17.8341,-27.5581,-27.6514
215.000000,2,22.2934,186.1946,17.8196,-27.5331,-27.6332
215.000000,3,22.2934,186.1589,16.8762,-28.4407,-28.4955
215.000000,4,22.2934,186.1271,12.4816,-32.8035,-32.8144
215.000000,5,22.2934,186.1004,15.5636,-29.6948,-29.7327
215.000000,6,22.2934,186.0557,17.7862,-27.4276,-27.5233
215.000000,7,22.2934,186.0149,17.8642,-27.3087,-27.4260
215.000000,8,22.2934,185.9780,17.2190,-27.9171,-27.9897
215.000000,9,22.2934,185.9452,13.4037,-31.6996,-31.7173
215.000000,10,22.2934,185.9220,14.6541,-30.4259,-30.4529
215.000000,11,22.2934,185.8759,17.5501,-27.4839,-27.5714
215.000000,12,22.2934,185.8337,17.8338,-27.1580,-27.2824
215.000000,13,22.2934,185.7957,17.5229,-27.4308,-27.5179
215.000000,14,22.2934,185.7617,14.2025,-30.7173,-30.7426
215.000000,15,22.2934,185.7421,13.3073,-31.5929,-31.6084
215.000000,16,22.2934,185.6945,17.2083,-27.6442,-27.7141
215.000000,17,22.2934,185.6510,17.8362,-26.9729,-27.0904
215.000000,18,22.2934,185.6116,17.6864,-27.0833,-27.1768
215.000000,19,22.2934,185.5765,14.8659,-29.8687,-29.9003
215.000000,20,22.2934,185.5608,11.0295,-33.6894,-33.6962
215.000000,21,22.2934,185.5116,16.2036,-28.4661,-28.5135
215.000000,22,22.2934,185.4666,17.7846,-26.8400,-26.9365
215.000000,23,22.2934,185.4259,17.7336,-26.8503,-26.9381
215.000000,24,22.2934,185.3895,15.4638,-29.0838,-29.1177
216.000000,0,22.1270,186.3203,16.2349,-29.2434,-29.2867
216.000000,1,22.1270,186.2772,17.8582,-27.5771,-27.6666
216.000000,2,22.1270,186.2380,17.8524,-27.5436,-27.6402
216.000000,3,22.1270,186.2025,16.8683,-28.4922,-28.5457
216.000000,4,22.1270,186.1709,12.5676,-32.7614,-32.7724
216.000000,5,22.1270,186.1435,15.5575,-29.7440,-29.7812
216.000000,6,22.1270,186.0991,17.7657,-27.4914,-27.5849
216.000000,7,22.1270,186.0586,17.8498,-27.3668,-27.4816
216.000000,8,22.1270,186.0220,17.2795,-27.9005,-27.9723
216.000000,9,22.1270,185.9894,13.5471,-31.6003,-31.6182
216.000000,10,22.1270,185.9653,14.6158,-30.5075,-30.5348
216.000000,11,22.1270,185.9196,17.4853,-27.5923,-27.6796
216.000000,12,22.1270,185.8777,17.8649,-27.1709,-27.2948
216.000000,13,22.1270,185.8400,17.5337,-27.4643,-27.5519
216.000000,14,22.1270,185.8063,14.2865,-30.6778,-30.7038
216.000000,15,22.1270,185.7858,13.3901,-31.5537,-31.5699
216.000000,16,22.1270,185.7385,17.2468,-27.6498,-27.7211
216.000000,17,22.1270,185.6954,17.8255,-27.0279,-27.1476
216.000000,18,22.1270,185.6563,17.6483,-27.1661,-27.2621
216.000000,19,22.1270,185.6215,14.8925,-29.8870,-29.9202
216.000000,20,22.1270,185.6048,11.2679,-33.4949,-33.5023
216.000000,21,22.1270,185.5560,16.3712,-28.3428,-28.3927
216.000000,22,22.1270,185.5113,17.8371,-26.8323,-26.9334
216.000000,23,22.1270,185.4709,17.8013,-26.8276,-26.9201
216.000000,24,22.1270,185.4349,15.5895,-29.0034,-29.0399
217.000000,0,21.9617,186.3630,16.2467,-29.2744,-29.3159
217.000000,1,21.9617,186.3202,17.8652,-27.6131,-27.6988
217.000000,2,21.9617,186.2812,17.8679,-27.5713,-27.6642
217.000000,3,21.9617,186.2460,16.8431,-28.5610,-28.6130
217.000000,4,21.9617,186.2147,12.6336,-32.7391,-32.7501
217.000000,5,21.9617,186.1864,15.5330,-29.8115,-29.8479
217.000000,6,21.9617,186.1424,17.7265,-27.5739,-27.6649
217.000000,7,21.9617,186.1022,17.8168,-27.4434,-27.5555
217.000000,8,21.9617,186.0659,17.3196,-27.9043,-27.9749
217.000000,9,21.9617,186.0335,13.6675,-31.5240,-31.5420
217.000000,10,21.9617,186.0086,14.5564,-30.6102,-30.6376
217.000000,11,21.9617,185.9632,17.5277,-27.5935,-27.6801
217.000000,12,21.9617,185.9217,17.8740,-27.2057,-27.3287
217.000000,13,21.9617,185.8842,17.5226,-27.5197,-27.6072
217.000000,14,21.9617,185.8508,14.3465,-30.6623,-30.6888
217.000000,15,21.9617,185.8294,13.4481,-31.5393,-31.5560
217.000000,16,21.9617,185.7825,17.2605,-27.6800,-27.7525
217.000000,17,21.9617,185.7396,17.8155,-27.0822,-27.2035
217.000000,18,21.9617,185.7009,17.6792,-27.1797,-27.2776
217.000000,19,21.9617,185.6663,15.0328,-29.7916,-29.8260
217.000000,20,21.9617,185.6487,11.4741,-33.3326,-33.3406
217.000000,21,21.9617,185.6002,16.5072,-28.2511,-28.3032
217.000000,22,21.9617,185.5559,17.8608,-26.8532,-26.9584
217.000000,23,21.9617,185.5159,17.8401,-26.8338,-26.9306
217.000000,24,21.9617,185.4801,15.6837,-28.9544,-28.9933
218.000000,0,21.7977,186.4056,16.2425,-29.3211,-29.3608
218.000000,1,21.7977,186.3632,17.8557,-27.6655,-27.7473
218.000000,2,21.7977,186.3244,17.8670,-27.6155,-27.7044
218.000000,3,21.7977,186.2895,16.8010,-28.6465,-28.6969
218.000000,4,21.7977,186.2584,12.6806,-32.7358,-32.7467
218.000000,5,21.7977,186.2293,15.4906,-29.8967,-29.9323
218.000000,6,21.7977,186.1856,17.6692,-27.6745,-27.7628
218.000000,7,21.7977,186.1457,17.8258,-27.4779,-27.5868
218.000000,8,21.7977,186.1097,17.3404,-27.9273,-27.9966
218.000000,9,21.7977,186.0776,13.7660,-31.4696,-31.4876
218.000000,10,21.7977,186.0518,14.5543,-30.6555,-30.6828
218.000000,11,21.7977,186.0067,17.5553,-27.6094,-27.6949
218.000000,12,21.7977,185.9655,17.8621,-27.2615,-27.3829
218.000000,13,21.7977,185.9283,17.4904,-27.5959,-27.6832
218.000000,14,21.7977,185.8952,14.4116,-30.6416,-30.6685
218.000000,15,21.7977,185.8729,13.4822,-31.5487,-31.5659
218.000000,16,21.7977,185.8263,17.2505,-27.7338,-27.8070
218.000000,17,21.7977,185.7838,17.8519,-27.0899,-27.2121
218.000000,18,21.7977,185.7454,17.7335,-27.1699,-27.2690
218.000000,19,21.7977,185.7111,15.1488,-29.7203,-29.7557
218.000000,20,21.7977,185.6925,11.6499,-33.2007,-33.2091
218.000000,21,21.7977,185.6444,16.6136,-28.1889,-28.2430
218.000000,22,21.7977,185.6005,17.8573,-26.9012,-27.0100
218.000000,23,21.7977,185.5607,17.8515,-26.8673,-26.9678
218.000000,24,21.7977,185.5253,15.7484,-28.9349,-28.9759
219.000000,0,21.6347,186.4482,16.2231,-29.3831,-29.4209
219.000000,1,21.6347,186.4060,17.8304,-27.7337,-27.8115
219.000000,2,21.6347,186.3676,17.8503,-27.6753,-27.7602
219.000000,3,21.6347,186.3329,16.7427,-28.7482,-28.7969
219.000000,4,21.6347,186.3020,12.7093,-32.7508,-32.7616
219.000000,5,21.6347,186.2722,15.4310,-29.9992,-30.0338
219.000000,6,21.6347,186.2288,17.7070,-27.6798,-27.7651
219.000000,7,21.6347,186.1891,17.8419,-27.5052,-27.6107
219.000000,8,21.6347,186.1534,17.3425,-27.9689,-28.0365
219.000000,9,21.6347,186.1215,13.8438,-31.4358,-31.4538
219.000000,10,21.6347,186.0949,14.5897,-30.6632,-30.6903
219.000000,11,21.6347,186.0501,17.5623,-27.6459,-27.7299
219.000000,12,21.6347,186.0093,17.8300,-27.3373,-27.4568
219.000000,13,21.6347,185.9724,17.5441,-27.5863,-27.6726
219.000000,14,21.6347,185.9395,14.5568,-30.5407,-30.5678
219.000000,15,21.6347,185.9163,13.4933,-31.5810,-31.5986
219.000000,16,21.6347,185.8701,17.2178,-27.8103,-27.8840
219.000000,17,21.6347,185.8279,17.8646,-27.1214,-27.2438
219.000000,18,21.6347,185.7898,17.7638,-27.1840,-27.2839
219.000000,19,21.6347,185.7558,15.2386,-29.6753,-29.7115
219.000000,20,21.6347,185.7362,11.7969,-33.0973,-33.1063
219.000000,21,21.6347,185.6885,16.6921,-28.1545,-28.2103
219.000000,22,21.6347,185.6449,17.8277,-26.9753,-27.0870
219.000000,23,21.6347,185.6055,17.8367,-26.9269,-27.0307
219.000000,24,21.6347,185.5703,15.7851,-28.9432,-28.9863
220.000000,0,21.4730,186.4907,16.1889,-29.4598,-29.4957
220.000000,1,21.4730,186.4488,17.7898,-27.8170,-27.8909
220.000000,2,21.4730,186.4106,17.8184,-27.7502,-27.8311
220.000000,3,21.4730,186.3762,16.6686,-28.8657,-28.9126
220.000000,4,21.4730,186.3456,12.7201,-32.7836,-32.7942
220.000000,5,21.4730,186.3149,15.4312,-30.0418,-30.0753
220.000000,6,21.4730,186.2718,17.7369,-27.6930,-27.7750
220.000000,7,21.4730,186.2325,17.8403,-27.5502,-27.6520
220.000000,8,21.4730,186.1970,17.3269,-28.0282,-28.0940
220.000000,9,21.4730,186.1654,13.9016,-31.4218,-31.4396
220.000000,10,21.4730,186.1380,14.6056,-30.6904,-30.7172
220.000000,11,21.4730,186.0935,17.5496,-27.7019,-27.7843
220.000000,12,21.4730,186.0530,17.7785,-27.4325,-27.5496
220.000000,13,21.4730,186.0163,17.5997,-27.5747,-27.6598
220.000000,14,21.4730,185.9837,14.6781,-30.4636,-30.4907
220.000000,15,21.4730,185.9596,13.4820,-31.6356,-31.6536
220.000000,16,21.4730,185.9138,17.1630,-27.9088,-27.9825
220.000000,17,21.4730,185.8719,17.8545,-27.1754,-27.2976
220.000000,18,21.4730,185.8341,17.7712,-27.2210,-27.3212
220.000000,19,21.4730,185.8004,15.3034,-29.6550,-29.6919
220.000000,20,21.4730,185.7799,11.9167,-33.0212,-33.0307
220.000000,21,21.4730,185.7326,16.7441,-28.1465,-28.2038
220.000000,22,21.4730,185.6893,17.8200,-27.0274,-27.1414
220.000000,23,21.4730,185.6502,17.7967,-27.0115,-27.1180
220.000000,24,21.4730,185.6153,15.7952,-28.9781,-29.0230
221.000000,0,21.3123,186.5331,16.1404,-29.5507,-29.5848
221.000000,1,21.3123,186.4915,17.7345,-27.9151,-27.9849
221.000000,2,21.3123,186.4536,17.7719,-27.8397,-27.9165
221.000000,3,21.3123,186.4194,16.5789,-28.9986,-29.0437
221.000000,4,21.3123,186.3890,12.7136,-32.8335,-32.8440
221.000000,5,21.3123,186.3576,15.4607,-30.0550,-30.0872
221.000000,6,21.3123,186.3148,17.7494,-27.7234,-27.8021
221.000000,7,21.3123,186.2758,17.8354,-27.5984,-27.6963
221.000000,8,21.3123,186.2405,17.2941,-28.1045,-28.1684
221.000000,9,21.3123,186.2092,13.9405,-31.4267,-31.4443
221.000000,10,21.3123,186.1809,14.6025,-30.7365,-30.7629
221.000000,11,21.3123,186.1368,17.5180,-27.7769,-27.8573
221.000000,12,21.3123,186.0966,17.8115,-27.4431,-27.5574
221.000000,13,21.3123,186.0602,17.6349,-27.5834,-27.6669
221.000000,14,21.3123,186.0278,14.7769,-30.4090,-30.4360
221.000000,15,21.3123,186.0029,13.4490,-31.7119,-31.7301
221.000000,16,21.3123,185.9574,17.1543,-27.9612,-28.0346
221.000000,17,21.3123,185.9159,17.8228,-27.2511,-27.3724
221.000000,18,21.3123,185.8783,17.7567,-27.2797,-27.3798
221.000000,19,21.3123,185.8449,15.3447,-29.6582,-29.6957
221.000000,20,21.3123,185.8235,12.0105,-32.9710,-32.9810
221.000000,21,21.3123,185.7765,16.7710,-28.1635,-28.2220
221.000000,22,21.3123,185.7336,17.8358,-27.0558,-27.1715
221.000000,23,21.3123,185.6948,17.7798,-27.0730,-27.1815
221.000000,24,21.3123,185.6602,15.8661,-28.9521,-28.9984
222.000000,0,21.1528,186.5755,16.0780,-29.6555,-29.6877
222.000000,1,21.1528,186.5342,17.6649,-28.0273,-28.0931
222.000000,2,21.1528,186.4965,17.7630,-27.8916,-27.9642
222.000000,3,21.1528,186.4626,16.4740,-29.1466,-29.1898
222.000000,4,21.1528,186.4324,12.6902,-32.9003,-32.9105
222.000000,5,21.1528,186.4003,15.4739,-30.0845,-30.1154
222.000000,6,21.1528,186.3578,17.7454,-27.7704,-27.8456
222.000000,7,21.1528,186.3190,17.8363,-27.6407,-27.7344
222.000000,8,21.1528,186.2840,17.2447,-28.1974,-28.2591
222.000000,9,21.1528,186.2529,13.9611,-31.4499,-31.4672
222.000000,10,21.1528,186.2238,14.5811,-30.8008,-30.8267
222.000000,11,21.1528,186.1801,17.4680,-27.8701,-27.9484
222.000000,12,21.1528,186.1401,17.8480,-27.4501,-27.5611
222.000000,13,21.1528,186.1040,17.6508,-27.6113,-27.6930
222.000000,14,21.1528,186.0719,14.8543,-30.3756,-30.4025
222.000000,15,21.1528,186.0461,13.3947,-31.8094,-31.8278
222.000000,16,21.1528,186.0010,17.1923,-27.9667,-28.0394
222.000000,17,21.1528,185.9597,17.7985,-27.3192,-27.4392
222.000000,18,21.1528,185.9225,17.7212,-27.3593,-27.4588
222.000000,19,21.1528,185.8893,15.3634,-29.6839,-29.7217
222.000000,20,21.1528,185.8670,12.0792,-32.9458,-32.9561
222.000000,21,21.1528,185.8204,16.7739,-28.2046,-28.2639
222.000000,22,21.1528,185.7778,17.8334,-27.1025,-27.2192
222.000000,23,21.1528,185.7393,17.8331,-27.0642,-27.1739
222.000000,24,21.1528,185.7050,15.9675,-28.8955,-28.9430
223.000000,0,20.9943,186.6178,16.0019,-29.7739,-29.8042
223.000000,1,20.9943,186.5768,17.5814,-28.1534,-28.2153
223.000000,2,20.9943,186.5394,17.7648,-27.9326,-28.0010
223.000000,3,20.9943,186.5057,16.3541,-29.3096,-29.3508
223.000000,4,20.9943,186.4757,12.6503,-32.9835,-32.9935
223.000000,5,20.9943,186.4428,15.4714,-30.1295,-30.1591
223.000000,6,20.9943,186.4006,17.7254,-27.8333,-27.9050
223.000000,7,20.9943,186.3621,17.8214,-27.6987,-27.7882
223.000000,8,20.9943,186.3274,17.1792,-28.3062,-28.3657
223.000000,9,20.9943,186.2965,13.9640,-31.4905,-31.5076
223.000000,10,20.9943,186.2667,14.5420,-30.8828,-30.9081
223.000000,11,20.9943,186.2232,17.4520,-27.9293,-28.0051
223.000000,12,20.9943,186.1835,17.8659,-27.4757,-27.5831
223.000000,13,20.9943,186.1477,17.6482,-27.6576,-27.7372
223.000000,14,20.9943,186.1159,14.9115,-30.3624,-30.3890
223.000000,15,20.9943,186.0893,13.4401,-31.8072,-31.8256
223.000000,16,20.9943,186.0444,17.2095,-27.9930,-28.0647
223.000000,17,20.9943,186.0035,17.8164,-27.3451,-27.4632
223.000000,18,20.9943,185.9665,17.7226,-27.4020,-27.5004
223.000000,19,20.9943,185.9336,15.4593,-29.6324,-29.6702
223.000000,20,20.9943,185.9104,12.1239,-32.9445,-32.9553
223.000000,21,20.9943,185.8642,16.7535,-28.2687,-28.3287
223.000000,22,20.9943,185.8219,17.8493,-27.1306,-27.2477
223.000000,23,20.9943,185.7837,17.8624,-27.0794,-27.1898
223.000000,24,20.9943,185.7497,16.0428,-28.8649,-28.9133
224.000000,0,20.8370,186.6600,15.9125,-29.9055,-29.9340
224.000000,1,20.8370,186.6193,17.5040,-28.2733,-28.3314
224.000000,2,20.8370,186.5821,17.7528,-27.9874,-28.0517
224.000000,3,20.8370,186.5487,16.2194,-29.4873,-29.5265
224.000000,4,20.8370,186.5189,12.5941,-33.0828,-33.0925
224.000000,5,20.8370,186.4853,15.4537,-30.1897,-30.2179
224.000000,6,20.8370,186.4434,17.6900,-27.9115,-27.9796
224.000000,7,20.8370,186.4052,17.8154,-27.7479,-27.8330
224.000000,8,20.8370,186.3707,17.0981,-28.4307,-28.4878
224.000000,9,20.8370,186.3401,13.9499,-31.5482,-31.5649
224.000000,10,20.8370,186.3095,14.4854,-30.9821,-31.0068
224.000000,11,20.8370,186.2663,17.4898,-27.9345,-28.0076
224.000000,12,20.8370,186.2269,17.8660,-27.5190,-27.6226
224.000000,13,20.8370,186.1914,17.6279,-27.7215,-27.7988
224.000000,14,20.8370,186.1597,14.9494,-30.3684,-30.3946
224.000000,15,20.8370,186.1323,13.4820,-31.8084,-31.8267
224.000000,16,20.8370,186.0878,17.2066,-28.0393,-28.1098
224.000000,17,20.8370,186.0472,17.8539,-27.3514,-27.4670
224.000000,18,20.8370,186.0105,17.7758,-27.3927,-27.4896
224.000000,19,20.8370,185.9778,15.5644,-29.5714,-29.6091
224.000000,20,20.8370,185.9538,12.1453,-32.9665,-32.9776
224.000000,21,20.8370,185.9079,16.7108,-28.3552,-28.4155
224.000000,22,20.8370,185.8660,17.8424,-27.1816,-27.2985
224.000000,23,20.8370,185.8281,17.8687,-27.1174,-27.2281
224.000000,24,20.8370,185.7943,16.0937,-28.8587,-28.9077
225.000000,0,20.6807,186.7022,15.8101,-30.0502,-30.0768
225.000000,1,20.6807,186.6617,17.4311,-28.3886,-28.4429
225.000000,2,20.6807,186.6248,17.7272,-28.0556,-28.1158
225.000000,3,20.6807,186.5916,16.1521,-29.5976,-29.6347
225.000000,4,20.6807,186.5621,12.5220,-33.1981,-33.2075
225.000000,5,20.6807,186.5278,15.4214,-30.2644,-30.2913
225.000000,6,20.6807,186.4861,17.6397,-28.0044,-28.0690
225.000000,7,20.6807,186.4482,17.8472,-27.7590,-27.8397
225.000000,8,20.6807,186.4140,17.0017,-28.5703,-28.6250
225.000000,9,20.6807,186.3835,13.9191,-31.6225,-31.6387
225.000000,10,20.6807,186.3522,14.5265,-30.9837,-31.0077
225.000000,11,20.6807,186.3093,17.5101,-27.9573,-28.0275
225.000000,12,20.6807,186.2702,17.8490,-27.5793,-27.6790
225.000000,13,20.6807,186.2349,17.5905,-27.8024,-27.8773
225.000000,14,20.6807,186.2035,14.9687,-30.3929,-30.4186
225.000000,15,20.6807,186.1753,13.5043,-31.8290,-31.8472
225.000000,16,20.6807,186.1312,17.1845,-28.1047,-28.1737
225.000000,17,20.6807,186.0908,17.8712,-27.3777,-27.4906
225.000000,18,20.6807,186.0544,17.8087,-27.4038,-27.4987
225.000000,19,20.6807,186.0220,15.6475,-29.5326,-29.5700
225.000000,20,20.6807,185.9971,12.1440,-33.0112,-33.0225
225.000000,21,20.6807,185.9515,16.6577,-28.4519,-28.5122
225.000000,22,20.6807,185.9099,17.8136,-27.2543,-27.3706
225.000000,23,20.6807,185.8723,17.8531,-27.1772,-27.2876
225.000000,24,20.6807,185.8388,16.1211,-28.8757,-28.9252
226.000000,0,20.5256,186.7443,15.6947,-30.2076,-30.2325
226.000000,1,20.5256,186.7041,17.3456,-28.5165,-28.5670
226.000000,2,20.5256,186.6675,17.6888,-28.1367,-28.1929
226.000000,3,20.5256,186.6345,16.0750,-29.7175,-29.7525
226.000000,4,20.5256,186.6052,12.4341,-33.3291,-33.3382
226.000000,5,20.5256,186.5701,15.3748,-30.3534,-30.3788
226.000000,6,20.5256,186.5288,17.5751,-28.1117,-28.1727
226.000000,7,20.5256,186.4911,17.8638,-27.7854,-27.8616
226.000000,8,20.5256,186.4571,16.8902,-28.7250,-28.7772
226.000000,9,20.5256,186.4269,13.8721,-31.7128,-31.7286
226.000000,10,20.5256,186.3948,14.5600,-30.9928,-31.0159
226.000000,11,20.5256,186.3523,17.5134,-27.9969,-28.0641
226.000000,12,20.5256,186.3134,17.8156,-27.6559,-27.7515
226.000000,13,20.5256,186.2784,17.5367,-27.8997,-27.9719
226.000000,14,20.5256,186.2472,14.9702,-30.4350,-30.4602
226.000000,15,20.5256,186.2182,13.5077,-31.8686,-31.8866
226.000000,16,20.5256,186.1744,17.1437,-28.1887,-28.2561
226.000000,17,20.5256,186.1344,17.8693,-27.4231,-27.5329
226.000000,18,20.5256,186.0982,17.8222,-27.4340,-27.5267
226.000000,19,20.5256,186.0661,15.7095,-29.5146,-29.5516
226.000000,20,20.5256,186.0403,12.1205,-33.0779,-33.0894
226.000000,21,20.5256,185.9951,16.7082,-28.4449,-28.5050
226.000000,22,20.5256,185.9538,17.8353,-27.2765,-27.3916
226.000000,23,20.5256,185.9165,17.8165,-27.2580,-27.3676
226.000000,24,20.5256,185.8832,16.1264,-28.9149,-28.9646
227.000000,0,20.3714,186.7863,15.5666,-30.3778,-30.4010
227.000000,1,20.3714,186.7464,17.2479,-28.6566,-28.7035
227.000000,2,20.3714,186.7100,17.6379,-28.2302,-28.2825
227.000000,3,20.3714,186.6773,15.9846,-29.8508,-29.8837
227.000000,4,20.3714,186.6482,12.3305,-33.4757,-33.4845
227.000000,5,20.3714,186.6124,15.3143,-30.4562,-30.4803
227.000000,6,20.3714,186.5714,17.4964,-28.2330,-28.2904
227.000000,7,20.3714,186.5339,17.8658,-27.8262,-27.8980
227.000000,8,20.3714,186.5002,16.8181,-28.8401,-28.8897
227.000000,9,20.3714,186.4702,13.8093,-31.8190,-31.8342
227.000000,10,20.3714,186.4374,14.5774,-31.0180,-31.0403
227.000000,11,20.3714,186.3951,17.5007,-28.0525,-28.1168
227.000000,12,20.3714,186.3566,17.8166,-27.6980,-27.7893
227.000000,13,20.3714,186.3218,17.4669,-28.0130,-28.0824
227.000000,14,20.3714,186.2909,14.9546,-30.4943,-30.5189
227.000000,15,20.3714,186.2611,13.4926,-31.9266,-31.9443
227.000000,16,20.3714,186.2176,17.0850,-28.2906,-28.3561
227.000000,17,20.3714,186.1778,17.8491,-27.4868,-27.5932
227.000000,18,20.3714,186.1420,17.8173,-27.4827,-27.5729
227.000000,19,20.3714,186.1100,15.7516,-29.5165,-29.5529
227.000000,20,20.3714,186.0835,12.0988,-33.1427,-33.1545
227.000000,21,20.3714,186.0386,16.7374,-28.4592,-28.5187
227.000000,22,20.3714,185.9976,17.8511,-27.3045,-27.4179
227.000000,23,20.3714,185.9606,17.7752,-27.3434,-27.4517
227.000000,24,20.3714,185.9276,16.1637,-28.9219,-28.9715
228.000000,0,20.2183,186.8283,15.4257,-30.5606,-30.5822
228.000000,1,20.2183,186.7887,17.1381,-28.8086,-28.8522
228.000000,2,20.2183,186.7525,17.5748,-28.3358,-28.3843
228.000000,3,20.2183,186.7200,15.8810,-29.9971,-30.0279
228.000000,4,20.2183,186.6911,12.2112,-33.6379,-33.6463
228.000000,5,20.2183,186.6547,15.2402,-30.5725,-30.5952
228.000000,6,20.2183,186.6139,17.4041,-28.3678,-28.4218
228.000000,7,20.2183,186.5767,17.8538,-27.8809,-27.9484
228.000000,8,20.2183,186.5432,16.7603,-28.9410,-28.9880
228.000000,9,20.2183,186.5134,13.7309,-31.9406,-31.9553
228.000000,10,20.2183,186.4799,14.5791,-31.0588,-31.0801
228.000000,11,20.2183,186.4379,17.4723,-28.1236,-28.1848
228.000000,12,20.2183,186.3997,17.8291,-27.7286,-27.8155
228.000000,13,20.2183,186.3651,17.3815,-28.1417,-28.2082
228.000000,14,20.2183,186.3344,14.9223,-30.5701,-30.5940
228.000000,15,20.2183,186.3039,13.4595,-32.0024,-32.0198
228.000000,16,20.2183,186.2607,17.1287,-28.2901,-28.3534
228.000000,17,20.2183,186.2212,17.8112,-27.5681,-27.6709
228.000000,18,20.2183,186.1856,17.7947,-27.5490,-27.6364
228.000000,19,20.2183,186.1539,15.7747,-29.5372,-29.5729
228.000000,20,20.2183,186.1266,12.1719,-33.1127,-33.1245
228.000000,21,20.2183,186.0820,16.7462,-28.4939,-28.5525
228.000000,22,20.2183,186.0413,17.8463,-27.3530,-27.4643
228.000000,23,20.2183,186.0046,17.8281,-27.3346,-27.4410
228.000000,24,20.2183,185.9719,16.2569,-28.8730,-28.9222
229.000000,0,20.0663,186.8703,15.2723,-30.7560,-30.7760
229.000000,1,20.0663,186.8309,17.0164,-28.9725,-29.0127
229.000000,2,20.0663,186.7950,17.5000,-28.4530,-28.4980
229.000000,3,20.0663,186.7626,15.7645,-30.1562,-30.1851
229.000000,4,20.0663,186.7339,12.0763,-33.8157,-33.8237
229.000000,5,20.0663,186.6968,15.1528,-30.7021,-30.7235
229.000000,6,20.0663,186.6563,17.2983,-28.5161,-28.5666
229.000000,7,20.0663,186.6194,17.8284,-27.9490,-28.0122
229.000000,8,20.0663,186.5862,16.6886,-29.0556,-29.0999
229.000000,9,20.0663,186.5566,13.6371,-32.0776,-32.0917
229.000000,10,20.0663,186.5223,14.5657,-31.1147,-31.1351
229.000000,11,20.0663,186.4807,17.4290,-28.2097,-28.2678
229.000000,12,20.0663,186.4427,17.8292,-27.7715,-27.8539
229.000000,13,20.0663,186.4084,17.3061,-28.2604,-28.3239
229.000000,14,20.0663,186.3779,14.8739,-30.6621,-30.6852
229.000000,15,20.0663,186.3466,13.4385,-32.0662,-32.0832
229.000000,16,20.0663,186.3037,17.1583,-28.3034,-28.3644
229.000000,17,20.0663,186.2645,17.7798,-27.6428,-27.7418
229.000000,18,20.0663,186.2292,17.7550,-27.6322,-27.7167
229.000000,19,20.0663,186.1978,15.7796,-29.5762,-29.6110
229.000000,20,20.0663,186.1696,12.2245,-33.1031,-33.1150
229.000000,21,20.0663,186.1254,16.7354,-28.5480,-28.6056
229.000000,22,20.0663,186.0850,17.8311,-27.4120,-27.5207
229.000000,23,20.0663,186.0485,17.8605,-27.3460,-27.4503
229.000000,24,20.0663,186.0160,16.3281,-28.8460,-28.8946
230.000000,0,19.9152,186.9121,15.1063,-30.9639,-30.9824
230.000000,1,19.9152,186.8730,16.8830,-29.1480,-29.1851
230.000000,2,19.9152,186.8373,17.4136,-28.5818,-28.6232
230.000000,3,19.9152,186.8052,15.6351,-30.3281,-30.3551
230.000000,4,19.9152,186.7767,11.9257,-34.0091,-34.0168
230.000000,5,19.9152,186.7390,15.0522,-30.8448,-30.8649
230.000000,6,19.9152,186.6987,17.1794,-28.6774,-28.7246
230.000000,7,19.9152,186.6621,17.7901,-28.0300,-28.0889
230.000000,8,19.9152,186.6290,16.6036,-29.1835,-29.2252
230.000000,9,19.9152,186.5997,13.5280,-32.2297,-32.2433
230.000000,10,19.9152,186.5647,14.5376,-31.1851,-31.2046
230.000000,11,19.9152,186.5233,17.3710,-28.3103,-28.3653
230.000000,12,19.9152,186.4856,17.8479,-27.7957,-27.8736
230.000000,13,19.9152,186.4516,17.2711,-28.3385,-28.3990
230.000000,14,19.9152,186.4213,14.8096,-30.7697,-30.7920
230.000000,15,19.9152,186.3893,13.4959,-32.0514,-32.0680
230.000000,16,19.9152,186.3467,17.1709,-28.3338,-28.3924
230.000000,17,19.9152,186.3078,17.8277,-27.6382,-27.7330
230.000000,18,19.9152,186.2727,17.6989,-27.7318,-27.8132
230.000000,19,19.9152,186.2415,15.7671,-29.6325,-29.6664
230.000000,20,19.9152,186.2125,12.2572,-33.1133,-33.1252
230.000000,21,19.9152,186.1686,16.7057,-28.6210,-28.6774
230.000000,22,19.9152,186.1285,17.8323,-27.4543,-27.5601
230.000000,23,19.9152,186.0923,17.8736,-27.3768,-27.4785
230.000000,24,19.9152,186.0601,16.3786,-28.8396,-28.8874
231.000000,0,19.7652,186.9540,14.9276,-31.1844,-31.2015
231.000000,1,19.7652,186.9151,16.7380,-29.3350,-29.3692
231.000000,2,19.7652,186.8796,17.3160,-28.7217,-28.7598
231.000000,3,19.7652,186.8478,15.4931,-30.5127,-30.5377
231.000000,4,19.7652,186.8194,11.7592,-34.2183,-34.2256
231.000000,5,19.7652,186.7810,14.9386,-31.0005,-31.0192
231.000000,6,19.7652,186.7410,17.0474,-28.8517,-28.8956
231.000000,7,19.7652,186.7046,17.7393,-28.1234,-28.1782
231.000000,8,19.7652,186.6718,16.5054,-29.3245,-29.3636
231.000000,9,19.7652,186.6427,13.4039,-32.3968,-32.4098
231.000000,10,19.7652,186.6070,14.4952,-31.2699,-31.2883
231.000000,11,19.7652,186.5659,17.2989,-28.4250,-28.4769
231.000000,12,19.7652,186.5284,17.8520,-27.8345,-27.9079
231.000000,13,19.7652,186.4947,17.2216,-28.4311,-28.4884
231.000000,14,19.7652,186.4646,14.7299,-30.8927,-30.9142
231.000000,15,19.7652,186.4319,13.5364,-32.0535,-32.0695
231.000000,16,19.7652,186.3895,17.1670,-28.3806,-28.4367
231.000000,17,19.7652,186.3509,17.8583,-27.6507,-27.7412
231.000000,18,19.7652,186.3161,17.6269,-27.8473,-27.9254
231.000000,19,19.7652,186.2851,15.7376,-29.7056,-29.7386
231.000000,20,19.7652,186.2554,12.2707,-33.1427,-33.1545
231.000000,21,19.7652,186.2118,16.6576,-28.7122,-28.7673
231.000000,22,19.7652,186.1720,17.8151,-27.5150,-27.6177
231.000000,23,19.7652,186.1361,17.8682,-27.4260,-27.5248
231.000000,24,19.7652,186.1041,16.4094,-28.8528,-28.8997
232.000000,0,19.6161,186.9957,14.7361,-31.4176,-31.4334
232.000000,1,19.6161,186.9571,16.5816,-29.5335,-29.5649
232.000000,2,19.6161,186.9219,17.2074,-28.8725,-28.9076
232.000000,3,19.6161,186.8902,15.3700,-30.6782,-30.7014
232.000000,4,19.6161,186.8621,11.5766,-34.4435,-34.4504
232.000000,5,19.6161,186.8230,14.8121,-31.1689,-31.1864
232.000000,6,19.6161,186.7833,16.9026,-29.0388,-29.0796
232.000000,7,19.6161,186.7471,17.6764,-28.2288,-28.2797
232.000000,8,19.6161,186.7146,16.3943,-29.4783,-29.5150
232.000000,9,19.6161,186.6856,13.2646,-32.5790,-32.5914
232.000000,10,19.6161,186.6493,14.4388,-31.3685,-31.3860
232.000000,11,19.6161,186.6084,17.2130,-28.5535,-28.6023
232.000000,12,19.6161,186.5712,17.8420,-27.8873,-27.9562
232.000000,13,19.6161,186.5377,17.1581,-28.5376,-28.5918
232.000000,14,19.6161,186.5079,14.6350,-31.0309,-31.0515
232.000000,15,19.6161,186.4744,13.5607,-32.0717,-32.0871
232.000000,16,19.6161,186.4324,17.1473,-28.4431,-28.4966
232.000000,17,19.6161,186.3940,17.8724,-27.6796,-27.7658
232.000000,18,19.6161,186.3595,17.6135,-27.9040,-27.9787
232.000000,19,19.6161,186.3287,15.6917,-29.7950,-29.8269
232.000000,20,19.6161,186.2982,12.2654,-33.1908,-33.2025
232.000000,21,19.6161,186.2549,16.6617,-28.7513,-28.8048
232.000000,22,19.6161,186.2154,17.8282,-27.5453,-27.6445
232.000000,23,19.6161,186.1798,17.8450,-27.4928,-27.5885
232.000000,24,19.6161,186.1480,16.4214,-28.8847,-28.9306
233.000000,0,19.4681,187.0374,14.5318,-31.6637,-31.6782
233.000000,1,19.4681,186.9990,16.4147,-29.7423,-29.7710
233.000000,2,19.4681,186.9641,17.0879,-29.0342,-29.0663
233.000000,3,19.4681,186.9326,15.2852,-30.8054,-30.8269
233.000000,4,19.4681,186.9047,11.3777,-34.6850,-34.6915
233.000000,5,19.4681,186.8650,14.6729,-31.3501,-31.3664
233.000000,6,19.4681,186.8255,16.7869,-29.1967,-29.2345
233.000000,7,19.4681,186.7896,17.6017,-28.3459,-28.3931
233.000000,8,19.4681,186.7572,16.2704,-29.6448,-29.6790
233.000000,9,19.4681,186.7285,13.1103,-32.7762,-32.7880
233.000000,10,19.4681,186.6915,14.3687,-31.4808,-31.4973
233.000000,11,19.4681,186.6509,17.1135,-28.6954,-28.7412
233.000000,12,19.4681,186.6139,17.8185,-27.9535,-28.0180
233.000000,13,19.4681,186.5806,17.0810,-28.6577,-28.7087
233.000000,14,19.4681,186.5510,14.5251,-31.1839,-31.2036
233.000000,15,19.4681,186.5168,13.5693,-32.1056,-32.1204
233.000000,16,19.4681,186.4751,17.1124,-28.5207,-28.5717
233.000000,17,19.4681,186.4370,17.8709,-27.7242,-27.8060
233.000000,18,19.4681,186.4027,17.5897,-27.9710,-28.0422
233.000000,19,19.4681,186.3722,15.6300,-29.9002,-29.9310
233.000000,20,19.4681,186.3410,12.2418,-33.2572,-33.2687
233.000000,21,19.4681,186.2980,16.7024,-28.7536,-28.8053
233.000000,22,19.4681,186.2588,17.8540,-27.5628,-27.6583
233.000000,23,19.4681,186.2234,17.8048,-27.5766,-27.6690
233.000000,24,19.4681,186.1919,16.4154,-28.9345,-28.9792
234.000000,0,19.3210,187.0791,14.3144,-31.9228,-31.9361
234.000000,1,19.3210,187.0409,16.2768,-29.9222,-29.9484
234.000000,2,19.3210,187.0062,16.9577,-29.2065,-29.2358
234.000000,3,19.3210,186.9749,15.1891,-30.9439,-30.9636
234.000000,4,19.3210,186.9472,11.1622,-34.9430,-34.9492
234.000000,5,19.3210,186.9068,14.5208,-31.5440,-31.5591
234.000000,6,19.3210,186.8676,16.6599,-29.3658,-29.4007
234.000000,7,19.3210,186.8319,17.5155,-28.4745,-28.5180
234.000000,8,19.3210,186.7998,16.1498,-29.8081,-29.8399
234.000000,9,19.3210,186.7713,12.9407,-32.9886,-32.9997
234.000000,10,19.3210,186.7336,14.2851,-31.6065,-31.6221
234.000000,11,19.3210,186.6933,17.0008,-28.8506,-28.8935
234.000000,12,19.3210,186.6566,17.7820,-28.0326,-28.0929
234.000000,13,19.3210,186.6235,16.9906,-28.7910,-28.8389
234.000000,14,19.3210,186.5941,14.4004,-31.3518,-31.3706
234.000000,15,19.3210,186.5592,13.5627,-32.1546,-32.1688
234.000000,16,19.3210,186.5178,17.0627,-28.6131,-28.6615
234.000000,17,19.3210,186.4800,17.8543,-27.7838,-27.8611
234.000000,18,19.3210,186.4459,17.5511,-28.0529,-28.1205
234.000000,19,19.3210,186.4156,15.5528,-30.0209,-30.0505
234.000000,20,19.3210,186.3836,12.2694,-33.2723,-33.2835
234.000000,21,19.3210,186.3410,16.7257,-28.7733,-28.8231
234.000000,22,19.3210,186.3020,17.8623,-27.5978,-27.6894
234.000000,23,19.3210,186.2669,17.7907,-27.6343,-27.7231
234.000000,24,19.3210,186.2356,16.3921,-29.0016,-29.0449
235.000000,0,19.1749,187.1207,14.0836,-32.1951,-32.2073
235.000000,1,19.1749,187.0827,16.1284,-30.1124,-30.1363
235.000000,2,19.1749,187.0482,16.8170,-29.3893,-29.4161
235.000000,3,19.1749,187.0172,15.0818,-31.0934,-31.1115
235.000000,4,19.1749,186.9896,10.9295,-35.2182,-35.2240
235.000000,5,19.1749,186.9487,14.3560,-31.7507,-31.7647
235.000000,6,19.1749,186.9097,16.5213,-29.5465,-29.5787
235.000000,7,19.1749,186.8742,17.4180,-28.6142,-28.6543
235.000000,8,19.1749,186.8423,16.0790,-29.9213,-29.9508
235.000000,9,19.1749,186.8140,12.7558,-33.2162,-33.2267
235.000000,10,19.1749,186.7756,14.1882,-31.7455,-31.7601
235.000000,11,19.1749,186.7356,16.8749,-29.0188,-29.0588
235.000000,12,19.1749,186.6992,17.7329,-28.1243,-28.1804
235.000000,13,19.1749,186.6663,16.8871,-28.9372,-28.9822
235.000000,14,19.1749,186.6371,14.2609,-31.5343,-31.5522
235.000000,15,19.1749,186.6015,13.5412,-32.2184,-32.2320
235.000000,16,19.1749,186.5604,16.9986,-28.7198,-28.7655
235.000000,17,19.1749,186.5229,17.8232,-27.8577,-27.9307
235.000000,18,19.1749,186.4890,17.4980,-28.1491,-28.2131
235.000000,19,19.1749,186.4589,15.4603,-30.1567,-30.1850
235.000000,20,19.1749,186.4262,12.3373,-33.2470,-33.2580
235.000000,21,19.1749,186.3839,16.7322,-28.8097,-28.8575
235.000000,22,19.1749,186.3452,17.8537,-27.6495,-27.7372
235.000000,23,19.1749,186.3103,17.7965,-27.6719,-27.7570
235.000000,24,19.1749,186.2793,16.3520,-29.0853,-29.1272
236.000000,0,19.0297,187.1622,13.8393,-32.4810,-32.4922
236.000000,1,19.0297,187.1245,15.9698,-30.3127,-30.3345
236.000000,2,19.0297,187.0902,16.6657,-29.5825,-29.6070
236.000000,3,19.0297,187.0594,14.9636,-31.2538,-31.2704
236.000000,4,19.0297,187.0320,10.7550,-35.4351,-35.4405
236.000000,5,19.0297,186.9904,14.1783,-31.9702,-31.9831
236.000000,6,19.0297,186.9517,16.3711,-29.7387,-29.7683
236.000000,7,19.0297,186.9165,17.3096,-28.7649,-28.8017
236.000000,8,19.0297,186.8848,15.9967,-30.0461,-30.0733
236.000000,9,19.0297,186.8566,12.5554,-33.4593,-33.4692
236.000000,10,19.0297,186.8176,14.0782,-31.8975,-31.9112
236.000000,11,19.0297,186.7779,16.7360,-29.1999,-29.2372
236.000000,12,19.0297,186.7417,17.6717,-28.2280,-28.2801
236.000000,13,19.0297,186.7090,16.7708,-29.0962,-29.1382
236.000000,14,19.0297,186.6801,14.1066,-31.7315,-31.7484
236.000000,15,19.0297,186.6438,13.5052,-32.2966,-32.3096
236.000000,16,19.0297,186.6029,16.9205,-28.8405,-28.8836
236.000000,17,19.0297,186.5657,17.7781,-27.9456,-28.0143
236.000000,18,19.0297,186.5321,17.4309,-28.2592,-28.3196
236.000000,19,19.0297,186.5022,15.3529,-30.3074,-30.3344
236.000000,20,19.0297,186.4688,12.3881,-33.2387,-33.2494
236.000000,21,19.0297,186.4267,16.7227,-28.8621,-28.9078
236.000000,22,19.0297,186.3883,17.8290,-27.7174,-27.8009
236.000000,23,19.0297,186.3537,17.7862,-27.7256,-27.8068
236.000000,24,19.0297,186.3229,16.2958,-29.1851,-29.2255
237.000000,0,18.8855,187.2037,13.5809,-32.7809,-32.7911
237.000000,1,18.8855,187.1663,15.8010,-30.5233,-30.5432
237.000000,2,18.8855,187.1322,16.5040,-29.7862,-29.8085
237.000000,3,18.8855,187.1015,14.8345,-31.4250,-31.4402
237.000000,4,18.8855,187.0743,10.6080,-35.6244,-35.6294
237.000000,5,18.8855,187.0321,13.9875,-32.2026,-32.2146
237.000000,6,18.8855,186.9937,16.2094,-29.9423,-29.9695
237.000000,7,18.8855,186.9587,17.1904,-28.9263,-28.9600
237.000000,8,18.8855,186.9272,15.9032,-30.1820,-30.2071
237.000000,9,18.8855,186.8992,12.3391,-33.7182,-33.7275
237.000000,10,18.8855,186.8596,13.9550,-32.0626,-32.0754
237.000000,11,18.8855,186.8201,16.5843,-29.3939,-29.4284
237.000000,12,18.8855,186.7841,17.5987,-28.3434,-28.3917
237.000000,13,18.8855,186.7517,16.7149,-29.1949,-29.2339
237.000000,14,18.8855,186.7229,13.9376,-31.9434,-31.9594
237.000000,15,18.8855,186.6860,13.4551,-32.3890,-32.4013
237.000000,16,18.8855,186.6454,16.8287,-28.9748,-29.0153
237.000000,17,18.8855,186.6084,17.7194,-28.0470,-28.1113
237.000000,18,18.8855,186.5750,17.3503,-28.3828,-28.4396
237.000000,19,18.8855,186.5454,15.2307,-30.4727,-30.4985
237.000000,20,18.8855,186.5112,12.4225,-33.2468,-33.2571
237.000000,21,18.8855,186.4695,16.6976,-28.9299,-28.9736
237.000000,22,18.8855,186.4313,17.8159,-27.7735,-27.8528
237.000000,23,18.8855,186.3970,17.7604,-27.7946,-27.8720
237.000000,24,18.8855,186.3664,16.2239,-29.3005,-29.3393
238.000000,0,18.7422,187.2452,13.3081,-33.0951,-33.1045
238.000000,1,18.7422,187.2079,15.6218,-30.7442,-30.7622
238.000000,2,18.7422,187.1740,16.3318,-30.0002,-30.0205
238.000000,3,18.7422,187.1436,14.6946,-31.6070,-31.6209
238.000000,4,18.7422,187.1166,10.4471,-35.8275,-35.8322
238.000000,5,18.7422,187.0738,13.7837,-32.4482,-32.4592
238.000000,6,18.7422,187.0356,16.0362,-30.1574,-30.1823
238.000000,7,18.7422,187.0008,17.0605,-29.0983,-29.1292
238.000000,8,18.7422,186.9695,15.7985,-30.3290,-30.3520
238.000000,9,18.7422,186.9417,12.1752,-33.9245,-33.9332
238.000000,10,18.7422,186.9015,13.8189,-32.2407,-32.2526
238.000000,11,18.7422,186.8622,16.4197,-29.6006,-29.6326
238.000000,12,18.7422,186.8265,17.5142,-28.4704,-28.5149
238.000000,13,18.7422,186.7943,16.6492,-29.3031,-29.3394
238.000000,14,18.7422,186.7657,13.7537,-32.1701,-32.1852
238.000000,15,18.7422,186.7281,13.3910,-32.4952,-32.5068
238.000000,16,18.7422,186.6878,16.7234,-29.1225,-29.1605
238.000000,17,18.7422,186.6510,17.6764,-28.1327,-28.1928
238.000000,18,18.7422,186.6179,17.2564,-28.5195,-28.5729
238.000000,19,18.7422,186.5885,15.0939,-30.6526,-30.6771
238.000000,20,18.7422,186.5537,12.4409,-33.2708,-33.2807
238.000000,21,18.7422,186.5122,16.6574,-29.0128,-29.0543
238.000000,22,18.7422,186.4743,17.8021,-27.8302,-27.9053
238.000000,23,18.7422,186.4402,17.7197,-27.8786,-27.9519
238.000000,24,18.7422,186.4098,16.1366,-29.4312,-29.4684
239.000000,0,18.5999,187.2866,13.0204,-33.4242,-33.4329
239.000000,1,18.5999,187.2495,15.4323,-30.9753,-30.9917
239.000000,2,18.5999,187.2159,16.1492,-30.2247,-30.2431
239.000000,3,18.5999,187.1856,14.5439,-31.7998,-31.8125
239.000000,4,18.5999,187.1588,10.2721,-36.0447,-36.0491
239.000000,5,18.5999,187.1154,13.5664,-32.7070,-32.7172
239.000000,6,18.5999,187.0774,15.8514,-30.3841,-30.4068
239.000000,7,18.5999,187.0428,16.9200,-29.2808,-29.3090
239.000000,8,18.5999,187.0117,15.6830,-30.4868,-30.5079
239.000000,9,18.5999,186.9842,12.0348,-34.1074,-34.1155
239.000000,10,18.5999,186.9433,13.6696,-32.4317,-32.4428
239.000000,11,18.5999,186.9043,16.2423,-29.8200,-29.8497
239.000000,12,18.5999,186.8688,17.4184,-28.6085,-28.6495
239.000000,13,18.5999,186.8368,16.5719,-29.4230,-29.4565
239.000000,14,18.5999,186.8084,13.5547,-32.4117,-32.4259
239.000000,15,18.5999,186.7702,13.3132,-32.6150,-32.6260
239.000000,16,18.5999,186.7301,16.6048,-29.2834,-29.3189
239.000000,17,18.5999,186.6936,17.6305,-28.2212,-28.2772
239.000000,18,18.5999,186.6607,17.2007,-28.6181,-28.6680
239.000000,19,18.5999,186.6315,14.9426,-30.8470,-30.8702
239.000000,20,18.5999,186.5960,12.4438,-33.3102,-33.3198
239.000000,21,18.5999,186.5548,16.6027,-29.1102,-29.1495
239.000000,22,18.5999,186.5172,17.7738,-27.9015,-27.9724
239.000000,23,18.5999,186.4833,17.6645,-27.9768,-28.0462
239.000000,24,18.5999,186.4532,16.0343,-29.5769,-29.6125
240.000000,0,18.4584,187.3279,12.7171,-33.7689,-33.7769
240.000000,1,18.4584,187.2911,15.2324,-31.2167,-31.2318
240.000000,2,18.4584,187.2576,15.9561,-30.4596,-30.4764
240.000000,3,18.4584,187.2276,14.3823,-32.0033,-32.0149
240.000000,4,18.4584,187.2009,10.0828,-36.2762,-36.2802
240.000000,5,18.4584,187.1569,13.3355,-32.9795,-32.9888
240.000000,6,18.4584,187.1192,15.6550,-30.6222,-30.6430
240.000000,7,18.4584,187.0848,16.7691,-29.4738,-29.4994
240.000000,8,18.4584,187.0539,15.5567,-30.6553,-30.6747
240.000000,9,18.4584,187.0265,11.8811,-34.3034,-34.3110
240.000000,10,18.4584,186.9851,13.5073,-32.6358,-32.6461
240.000000,11,18.4584,186.9463,16.0636,-30.0407,-30.0680
240.000000,12,18.4584,186.9111,17.3116,-28.7575,-28.7952
240.000000,13,18.4584,186.8793,16.4832,-29.5541,-29.5850
240.000000,14,18.4584,186.8511,13.3957,-32.6135,-32.6268
240.000000,15,18.4584,186.8122,13.2219,-32.7484,-32.7588
240.000000,16,18.4584,186.7724,16.4732,-29.4573,-29.4905
240.000000,17,18.4584,186.7362,17.5723,-28.3219,-28.3740
240.000000,18,18.4584,186.7035,17.1545,-28.7070,-28.7535
240.000000,19,18.4584,186.6744,14.7767,-31.0558,-31.0777
240.000000,20,18.4584,186.6383,12.4316,-33.3647,-33.3739
240.000000,21,18.4584,186.5973,16.5336,-29.2217,-29.2589
240.000000,22,18.4584,186.5600,17.7313,-27.9867,-28.0535
240.000000,23,18.4584,186.5264,17.5955,-28.0889,-28.1544
240.000000,24,18.4584,186.4964,15.9171,-29.7374,-29.7712
241.000000,0,18.3179,187.3692,12.4099,-34.1174,-34.1248
241.000000,1,18.3179,187.3326,15.0220,-31.4686,-31.4824
241.000000,2,18.3179,187.2994,15.7524,-30.7050,-30.7204
241.000000,3,18.3179,187.2695,14.2100,-32.2175,-32.2281
241.000000,4,18.3179,187.2430,9.8788,-36.5222,-36.5260
241.000000,5,18.3179,187.1984,13.0905,-33.2660,-33.2745
241.000000,6,18.3179,187.1609,15.4528,-30.8661,-30.8851
241.000000,7,18.3179,187.1268,16.6078,-29.6770,-29.7004
241.000000,8,18.3179,187.0961,15.4196,-30.8345,-30.8522
241.000000,9,18.3179,187.0689,11.7143,-34.5126,-34.5196
241.000000,10,18.3179,187.0268,13.3318,-32.8530,-32.8625
241.000000,11,18.3179,186.9883,15.9094,-30.2370,-30.2620
241.000000,12,18.3179,186.9532,17.1939,-28.9174,-28.9519
241.000000,13,18.3179,186.9217,16.3833,-29.6964,-29.7248
241.000000,14,18.3179,186.8937,13.2648,-32.7869,-32.7993
241.000000,15,18.3179,186.8542,13.1170,-32.8952,-32.9049
241.000000,16,18.3179,186.8146,16.3285,-29.6442,-29.6751
241.000000,17,18.3179,186.7786,17.5022,-28.4345,-28.4827
241.000000,18,18.3179,186.7462,17.0960,-28.8082,-28.8513
241.000000,19,18.3179,186.7173,14.5963,-31.2791,-31.2997
241.000000,20,18.3179,186.6805,12.4046,-33.4339,-33.4427
241.000000,21,18.3179,186.6398,16.4507,-29.3472,-29.3823
241.000000,22,18.3179,186.6028,17.6752,-28.0856,-28.1482
241.000000,23,18.3179,186.5693,17.5417,-28.1857,-28.2472
241.000000,24,18.3179,186.5396,15.7854,-29.9123,-29.9444
242.000000,0,18.1782,187.4105,12.1472,-34.4213,-34.4282
242.000000,1,18.1782,187.3741,14.8010,-31.7312,-31.7438
242.000000,2,18.1782,187.3410,15.5380,-30.9611,-30.9752
242.000000,3,18.1782,187.3113,14.0267,-32.4426,-32.4523
242.000000,4,18.1782,187.2850,9.6598,-36.7832,-36.7867
242.000000,5,18.1782,187.2399,12.8312,-33.5668,-33.5746
242.000000,6,18.1782,187.2026,15.2815,-31.0792,-31.0964
242.000000,7,18.1782,187.1687,16.4361,-29.8906,-29.9118
242.000000,8,18.1782,187.1382,15.2719,-31.0243,-31.0404
242.000000,9,18.1782,187.1111,11.5340,-34.7352,-34.7416
242.000000,10,18.1782,187.0685,13.1430,-33.0835,-33.0923
242.000000,11,18.1782,187.0302,15.7435,-30.4447,-30.4677
242.000000,12,18.1782,186.9954,17.0656,-29.0878,-29.1194
242.000000,13,18.1782,186.9640,16.2725,-29.8495,-29.8756
242.000000,14,18.1782,186.9362,13.1213,-32.9730,-32.9845
242.000000,15,18.1782,186.8961,12.9988,-33.0553,-33.0644
242.000000,16,18.1782,186.8568,16.1708,-29.8440,-29.8727
242.000000,17,18.1782,186.8210,17.4205,-28.5585,-28.6031
242.000000,18,18.1782,186.7888,17.0256,-28.9212,-28.9611
242.000000,19,18.1782,186.7601,14.4390,-31.4792,-31.4985
242.000000,20,18.1782,186.7227,12.3631,-33.5176,-33.5260
242.000000,21,18.1782,186.6823,16.3540,-29.4863,-29.5192
242.000000,22,18.1782,186.6454,17.6059,-28.1976,-28.2562
242.000000,23,18.1782,186.6123,17.5179,-28.2524,-28.3100
242.000000,24,18.1782,186.5828,15.6391,-30.1017,-30.1321
243.000000,0,18.0395,187.4517,11.8709,-34.7388,-34.7452
243.000000,1,18.0395,187.4155,14.5691,-32.0045,-32.0162
243.000000,2,18.0395,187.3827,15.3127,-31.2280,-31.2410
243.000000,3,18.0395,187.3531,13.8325,-32.6787,-32.6876
243.000000,4,18.0395,187.3270,9.4254,-37.0596,-37.0628
243.000000,5,18.0395,187.2813,12.5569,-33.8824,-33.8897
243.000000,6,18.0395,187.2442,15.0998,-31.3025,-31.3183
243.000000,7,18.0395,187.2105,16.2540,-30.1145,-30.1339
243.000000,8,18.0395,187.1802,15.1137,-31.2246,-31.2393
243.000000,9,18.0395,187.1533,11.3401,-34.9712,-34.9772
243.000000,10,18.0395,187.1101,12.9406,-33.3275,-33.3356
243.000000,11,18.0395,187.0720,15.5660,-30.6641,-30.6851
243.000000,12,18.0395,187.0374,16.9267,-29.2688,-29.2976
243.000000,13,18.0395,187.0063,16.1509,-30.0134,-30.0373
243.000000,14,18.0395,186.9787,12.9650,-33.1717,-33.1824
243.000000,15,18.0395,186.9379,12.8672,-33.2288,-33.2373
243.000000,16,18.0395,186.8989,16.0002,-30.0567,-30.0832
243.000000,17,18.0395,186.8633,17.3275,-28.6939,-28.7349
243.000000,18,18.0395,186.8313,16.9437,-29.0456,-29.0826
243.000000,19,18.0395,186.8029,14.3205,-31.6404,-31.6585
243.000000,20,18.0395,186.7647,12.3073,-33.6155,-33.6235
243.000000,21,18.0395,186.7246,16.2439,-29.6388,-29.6697
243.000000,22,18.0395,186.6880,17.5237,-28.3224,-28.3771
243.000000,23,18.0395,186.6551,17.4810,-28.3321,-28.3859
243.000000,24,18.0395,186.6258,15.4784,-30.3054,-30.3341
244.000000,0,17.9016,187.4929,11.5805,-35.0704,-35.0764
244.000000,1,17.9016,187.4569,14.3260,-32.2889,-32.2998
244.000000,2,17.9016,187.4242,15.0763,-31.5060,-31.5180
244.000000,3,17.9016,187.3949,13.6271,-32.9258,-32.9341
244.000000,4,17.9016,187.3689,9.1750,-37.3519,-37.3549
244.000000,5,17.9016,187.3226,12.2671,-34.2135,-34.2202
244.000000,6,17.9016,187.2858,14.9076,-31.5362,-31.5506
244.000000,7,17.9016,187.2523,16.0615,-30.3489,-30.3665
244.000000,8,17.9016,187.2221,14.9448,-31.4354,-31.4488
244.000000,9,17.9016,187.1954,11.1324,-35.2211,-35.2266
244.000000,10,17.9016,187.1516,12.7245,-33.5852,-33.5927
244.000000,11,17.9016,187.1138,15.3769,-30.8950,-30.9143
244.000000,12,17.9016,187.0794,16.7773,-29.4602,-29.4864
244.000000,13,17.9016,187.0485,16.0186,-30.1879,-30.2097
244.000000,14,17.9016,187.0211,12.7958,-33.3833,-33.3932
244.000000,15,17.9016,186.9797,12.7222,-33.4155,-33.4235
244.000000,16,17.9016,186.9409,15.8166,-30.2823,-30.3069
244.000000,17,17.9016,186.9056,17.2234,-28.8402,-28.8779
244.000000,18,17.9016,186.8738,16.8504,-29.1814,-29.2154
244.000000,19,17.9016,186.8455,14.1893,-31.8142,-31.8311
244.000000,20,17.9016,186.8068,12.2373,-33.7275,-33.7350
244.000000,21,17.9016,186.7669,16.1205,-29.8045,-29.8334
244.000000,22,17.9016,186.7306,17.4289,-28.4597,-28.5106
244.000000,23,17.9016,186.6979,17.4315,-28.4244,-28.4744
244.000000,24,17.9016,186.6688,15.3218,-30.5050,-30.5321
245.000000,0,17.7645,187.5340,11.2753,-35.4167,-35.4224
245.000000,1,17.7645,187.4982,14.0717,-32.5846,-32.5949
245.000000,2,17.7645,187.4657,14.8286,-31.7952,-31.8064
245.000000,3,17.7645,187.4366,13.4103,-33.1843,-33.1919
245.000000,4,17.7645,187.4107,9.0237,-37.5451,-37.5479
245.000000,5,17.7645,187.3640,11.9612,-34.5608,-34.5670
245.000000,6,17.7645,187.3273,14.7050,-31.7804,-31.7936
245.000000,7,17.7645,187.2940,15.8584,-30.5936,-30.6097
245.000000,8,17.7645,187.2641,14.7652,-31.6569,-31.6691
245.000000,9,17.7645,187.2375,10.9105,-35.4851,-35.4902
245.000000,10,17.7645,187.1931,12.4942,-33.8570,-33.8639
245.000000,11,17.7645,187.1556,15.1759,-31.1377,-31.1553
245.000000,12,17.7645,187.1214,16.6175,-29.6619,-29.6858
245.000000,13,17.7645,187.0906,15.8758,-30.3729,-30.3928
245.000000,14,17.7645,187.0634,12.6137,-33.6077,-33.6168
245.000000,15,17.7645,187.0214,12.5637,-33.6158,-33.6231
245.000000,16,17.7645,186.9829,15.6200,-30.5210,-30.5436
245.000000,17,17.7645,186.9478,17.1084,-28.9974,-29.0320
245.000000,18,17.7645,186.9162,16.7461,-29.3282,-29.3594
245.000000,19,17.7645,186.8881,14.0457,-32.0005,-32.0162
245.000000,20,17.7645,186.8488,12.1534,-33.8534,-33.8605
245.000000,21,17.7645,186.8091,15.9838,-29.9834,-30.0103
245.000000,22,17.7645,186.7731,17.3217,-28.6093,-28.6565
245.000000,23,17.7645,186.7406,17.3698,-28.5288,-28.5752
245.000000,24,17.7645,186.7117,15.2180,-30.6517,-30.6770
246.000000,0,17.6283,187.5751,10.9547,-35.7785,-35.7840
246.000000,1,17.6283,187.5395,13.8056,-32.8920,-32.9017
246.000000,2,17.6283,187.5072,14.5694,-32.0959,-32.1065
246.000000,3,17.6283,187.4782,13.1820,-33.4542,-33.4614
246.000000,4,17.6283,187.4525,8.8666,-37.7439,-37.7466
246.000000,5,17.6283,187.4052,11.6384,-34.9248,-34.9306
246.000000,6,17.6283,187.3688,14.4916,-32.0352,-32.0473
246.000000,7,17.6283,187.3357,15.6447,-30.8490,-30.8637
246.000000,8,17.6283,187.3059,14.5750,-31.8890,-31.9002
246.000000,9,17.6283,187.2795,10.6854,-35.7522,-35.7570
246.000000,10,17.6283,187.2346,12.2494,-34.1433,-34.1496
246.000000,11,17.6283,187.1972,14.9631,-31.3922,-31.4083
246.000000,12,17.6283,187.1633,16.4474,-29.8739,-29.8957
246.000000,13,17.6283,187.1327,15.7224,-30.5684,-30.5865
246.000000,14,17.6283,187.1056,12.4186,-33.8451,-33.8535
246.000000,15,17.6283,187.0631,12.3916,-33.8296,-33.8364
246.000000,16,17.6283,187.0248,15.4101,-30.7728,-30.7936
246.000000,17,17.6283,186.9899,16.9827,-29.1653,-29.1969
246.000000,18,17.6283,186.9585,16.6308,-29.4858,-29.5144
246.000000,19,17.6283,186.9307,13.8895,-32.1993,-32.2137
246.000000,20,17.6283,186.8907,12.0556,-33.9931,-33.9998
246.000000,21,17.6283,186.8513,15.8340,-30.1753,-30.2004
246.000000,22,17.6283,186.8155,17.2430,-28.7305,-28.7742
246.000000,23,17.6283,186.7832,17.2962,-28.6450,-28.6880
246.000000,24,17.6283,186.7545,15.1015,-30.8111,-30.8347
247.000000,0,17.4930,187.6162,10.6177,-36.1565,-36.1618
247.000000,1,17.4930,187.5808,13.5275,-33.2113,-33.2207
247.000000,2,17.4930,187.5487,14.2982,-32.4085,-32.4186
247.000000,3,17.4930,187.5198,12.9419,-33.7360,-33.7428
247.000000,4,17.4930,187.4943,8.6972,-37.9551,-37.9576
247.000000,5,17.4930,187.4464,11.2978,-35.3067,-35.3121
247.000000,6,17.4930,187.4102,14.2675,-32.3008,-32.3120
247.000000,7,17.4930,187.3773,15.4202,-31.1151,-31.1287
247.000000,8,17.4930,187.3477,14.3739,-32.1319,-32.1421
247.000000,9,17.4930,187.3215,10.5425,-35.9371,-35.9414
247.000000,10,17.4930,187.2760,11.9896,-34.4444,-34.4503
247.000000,11,17.4930,187.2389,14.7381,-31.6588,-31.6736
247.000000,12,17.4930,187.2051,16.2669,-30.0963,-30.1161
247.000000,13,17.4930,187.1748,15.5585,-30.7743,-30.7908
247.000000,14,17.4930,187.1479,12.2101,-34.0958,-34.1035
247.000000,15,17.4930,187.1047,12.2057,-34.0571,-34.0634
247.000000,16,17.4930,187.0667,15.1925,-31.0322,-31.0513
247.000000,17,17.4930,187.0320,16.8464,-29.3437,-29.3726
247.000000,18,17.4930,187.0008,16.5048,-29.6541,-29.6803
247.000000,19,17.4930,186.9731,13.7207,-32.4105,-32.4239
247.000000,20,17.4930,186.9325,11.9440,-34.1465,-34.1528
247.000000,21,17.4930,186.8934,15.6711,-30.3803,-30.4036
247.000000,22,17.4930,186.8578,17.1537,-28.8621,-28.9024
247.000000,23,17.4930,186.8257,17.2110,-28.7727,-28.8124
247.000000,24,17.4930,186.7973,14.9724,-30.9829,-31.0049
248.000000,0,17.3585,187.6572,10.2635,-36.5517,-36.5569
248.000000,1,17.3585,187.6220,13.2368,-33.5432,-33.5523
248.000000,2,17.3585,187.5900,14.0146,-32.7335,-32.7432
248.000000,3,17.3585,187.5614,12.6895,-34.0299,-34.0363
248.000000,4,17.3585,187.5360,8.5153,-38.1787,-38.1811
248.000000,5,17.3585,187.4876,10.9804,-35.6652,-35.6703
248.000000,6,17.3585,187.4516,14.0322,-32.5774,-32.5878
248.000000,7,17.3585,187.4189,15.1848,-31.3921,-31.4047
248.000000,8,17.3585,187.3895,14.1618,-32.3857,-32.3951
248.000000,9,17.3585,187.3634,10.3882,-36.1333,-36.1373
248.000000,10,17.3585,187.3174,11.7144,-34.7610,-34.7665
248.000000,11,17.3585,187.2805,14.5007,-31.9377,-31.9513
248.000000,12,17.3585,187.2469,16.0759,-30.3290,-30.3471
248.000000,13,17.3585,187.2167,15.3841,-30.9907,-31.0057
248.000000,14,17.3585,187.1900,12.0052,-34.3428,-34.3500
248.000000,15,17.3585,187.1463,12.0058,-34.2986,-34.3044
248.000000,16,17.3585,187.1085,15.0115,-31.2550,-31.2725
248.000000,17,17.3585,187.0740,16.6995,-29.5326,-29.5589
248.000000,18,17.3585,187.0430,16.3682,-29.8329,-29.8568
248.000000,19,17.3585,187.0156,13.5393,-32.6343,-32.6466
248.000000,20,17.3585,186.9743,11.8186,-34.3138,-34.3197
248.000000,21,17.3585,186.9355,15.4951,-30.5984,-30.6199
248.000000,22,17.3585,186.9001,17.0532,-29.0049,-29.0419
248.000000,23,17.3585,186.8682,17.1146,-28.9117,-28.9482
248.000000,24,17.3585,186.8399,14.8309,-31.1671,-31.1876
249.000000,0,17.2248,187.6982,10.1643,-36.6920,-36.6970
249.000000,1,17.2248,187.6632,12.9332,-33.8880,-33.8969
249.000000,2,17.2248,187.6314,13.7183,-33.0712,-33.0806
249.000000,3,17.2248,187.6029,12.4247,-34.3362,-34.3425
249.000000,4,17.2248,187.5776,8.3205,-38.4151,-38.4174
249.000000,5,17.2248,187.5287,10.6908,-35.9960,-36.0008
249.000000,6,17.2248,187.4929,13.7857,-32.8653,-32.8751
249.000000,7,17.2248,187.4604,14.9381,-31.6803,-31.6920
249.000000,8,17.2248,187.4312,13.9386,-32.6506,-32.6594
249.000000,9,17.2248,187.4053,10.2224,-36.3409,-36.3446
249.000000,10,17.2248,187.3587,11.4230,-35.0937,-35.0988
249.000000,11,17.2248,187.3220,14.2997,-32.1803,-32.1927
249.000000,12,17.2248,187.2886,15.8744,-30.5722,-30.5887
249.000000,13,17.2248,187.2586,15.1992,-31.2175,-31.2312
249.000000,14,17.2248,187.2321,11.8675,-34.5226,-34.5291
249.000000,15,17.2248,187.1878,11.7915,-34.5543,-34.5598
249.000000,16,17.2248,187.1502,14.8186,-31.4897,-31.5057
249.000000,17,17.2248,187.1160,16.5422,-29.7318,-29.7558
249.000000,18,17.2248,187.0852,16.2210,-30.0222,-30.0440
249.000000,19,17.2248,187.0579,13.3452,-32.8707,-32.8821
249.000000,20,17.2248,187.0161,11.6792,-34.4949,-34.5004
249.000000,21,17.2248,186.9775,15.3058,-30.8297,-30.8496
249.000000,22,17.2248,186.9423,16.9418,-29.1585,-29.1925
249.000000,23,17.2248,186.9107,17.0070,-29.0617,-29.0952
249.000000,24,17.2248,186.8826,14.6769,-31.3637,-31.3826
250.000000,0,17.0920,187.7391,10.5208,-36.3764,-36.3813
250.000000,1,17.0920,187.7043,12.6554,-34.2069,-34.2157
250.000000,2,17.0920,187.6727,13.4086,-33.4221,-33.4314
250.000000,3,17.0920,187.6443,12.1468,-34.6556,-34.6617
250.000000,4,17.0920,187.6193,8.1127,-38.6647,-38.6668
250.000000,5,17.0920,187.5698,10.3858,-36.3421,-36.3467
250.000000,6,17.0920,187.5342,13.5275,-33.1647,-33.1740
250.000000,7,17.0920,187.5019,14.6799,-31.9800,-31.9910
250.000000,8,17.0920,187.4728,13.7040,-32.9268,-32.9350
250.000000,9,17.0920,187.4471,10.0450,-36.5602,-36.5636
250.000000,10,17.0920,187.3999,11.1147,-35.4433,-35.4480
250.000000,11,17.0920,187.3635,14.0950,-32.4265,-32.4379
250.000000,12,17.0920,187.3303,15.6624,-30.8260,-30.8410
250.000000,13,17.0920,187.3005,15.0036,-31.4549,-31.4674
250.000000,14,17.0920,187.2741,11.7189,-34.7132,-34.7192
250.000000,15,17.0920,187.2293,11.5626,-34.8247,-34.8298
250.000000,16,17.0920,187.1919,14.6136,-31.7363,-31.7510
250.000000,17,17.0920,187.1579,16.3745,-29.9414,-29.9633
250.000000,18,17.0920,187.1273,16.0634,-30.2219,-30.2418
250.000000,19,17.0920,187.1002,13.1538,-33.1044,-33.1149
250.000000,20,17.0920,187.0578,11.5258,-34.6900,-34.6951
250.000000,21,17.0920,187.0194,15.1032,-31.0743,-31.0926
250.000000,22,17.0920,186.9845,16.8195,-29.3230,-29.3540
250.000000,23,17.0920,186.9530,16.8886,-29.2225,-29.2532
250.000000,24,17.0920,186.9251,14.5105,-31.5726,-31.5901
251.000000,0,16.9599,187.7800,10.8537,-36.0844,-36.0892
251.000000,1,16.9599,187.7454,12.9836,-33.9198,-33.9285
251.000000,2,16.9599,187.7140,13.0850,-33.7870,-33.7963
251.000000,3,16.9599,187.6858,11.8554,-34.9884,-34.9944
251.000000,4,16.9599,187.6608,7.8912,-38.9276,-38.9297
251.000000,5,16.9599,187.6109,10.0647,-36.7042,-36.7087
251.000000,6,16.9599,187.5755,13.2573,-33.4762,-33.4850
251.000000,7,16.9599,187.5433,14.4099,-32.2914,-32.3018
251.000000,8,16.9599,187.5144,13.4577,-33.2147,-33.2224
251.000000,9,16.9599,187.4888,9.8557,-36.7912,-36.7944
251.000000,10,16.9599,187.4412,10.7887,-35.8105,-35.8150
251.000000,11,16.9599,187.4049,13.8793,-32.6836,-32.6941
251.000000,12,16.9599,187.3719,15.4395,-31.0904,-31.1043
251.000000,13,16.9599,187.3423,14.7974,-31.7030,-31.7145
251.000000,14,16.9599,187.3161,11.5594,-34.9147,-34.9202
251.000000,15,16.9599,187.2707,11.3185,-35.1102,-35.1149
251.000000,16,16.9599,187.2335,14.3965,-31.9951,-32.0086
251.000000,17,16.9599,187.1997,16.1963,-30.1614,-30.1813
251.000000,18,16.9599,187.1693,15.8953,-30.4320,-30.4501
251.000000,19,16.9599,187.1424,13.0239,-33.2765,-33.2861
251.000000,20,16.9599,187.0994,11.3583,-34.8992,-34.9039
251.000000,21,16.9599,187.0613,14.8870,-31.3323,-31.3492
251.000000,22,16.9599,187.0266,16.6866,-29.4980,-29.5264
251.000000,23,16.9599,186.9953,16.7594,-29.3939,-29.4220
251.000000,24,16.9599,186.9676,14.3317,-31.7939,-31.8100
252.000000,0,16.8287,187.8209,11.1651,-35.8138,-35.8187
252.000000,1,16.8287,187.7865,13.2895,-33.6550,-33.6635
252.000000,2,16.8287,187.7552,13.0893,-33.8240,-33.8332
252.000000,3,16.8287,187.7271,11.5500,-35.3352,-35.3413
252.000000,4,16.8287,187.7024,7.6559,-39.2045,-39.2066
252.000000,5,16.8287,187.6519,9.7266,-37.0834,-37.0877
252.000000,6,16.8287,187.6167,12.9748,-33.7999,-33.8085
252.000000,7,16.8287,187.5847,14.1277,-32.6150,-32.6250
252.000000,8,16.8287,187.5560,13.1995,-33.5145,-33.5219
252.000000,9,16.8287,187.5306,9.6544,-37.0342,-37.0373
252.000000,10,16.8287,187.4823,10.4439,-36.1965,-36.2006
252.000000,11,16.8287,187.4463,13.6526,-32.9517,-32.9615
252.000000,12,16.8287,187.4135,15.2058,-31.3658,-31.3786
252.000000,13,16.8287,187.3841,14.5803,-31.9619,-31.9724
252.000000,14,16.8287,187.3580,11.3888,-35.1273,-35.1324
252.000000,15,16.8287,187.3121,11.0588,-35.4113,-35.4156
252.000000,16,16.8287,187.2751,14.1669,-32.2663,-32.2786
252.000000,17,16.8287,187.2415,16.0077,-30.3918,-30.4099
252.000000,18,16.8287,187.2113,15.7168,-30.6525,-30.6690
252.000000,19,16.8287,187.1845,12.8833,-33.4593,-33.4680
252.000000,20,16.8287,187.1410,11.1764,-35.1227,-35.1271
252.000000,21,16.8287,187.1031,14.6571,-31.6041,-31.6196
252.000000,22,16.8287,187.0686,16.5430,-29.6837,-29.7095
252.000000,23,16.8287,187.0376,16.6197,-29.5759,-29.6015
252.000000,24,16.8287,187.0100,14.1499,-32.0181,-32.0330
253.000000,0,16.6982,187.8618,11.4569,-35.5629,-35.5678
253.000000,1,16.6982,187.8275,13.5750,-33.4105,-33.4190
253.000000,2,16.6982,187.7964,13.3941,-33.5604,-33.5695
253.000000,3,16.6982,187.7685,11.2297,-35.6968,-35.7029
253.000000,4,16.6982,187.7439,7.4060,-39.4959,-39.4980
253.000000,5,16.6982,187.6929,9.3704,-37.4805,-37.4848
253.000000,6,16.6982,187.6578,12.6793,-34.1365,-34.1449
253.000000,7,16.6982,187.6260,13.8329,-32.9512,-32.9609
253.000000,8,16.6982,187.5975,12.9289,-33.8266,-33.8337
253.000000,9,16.6982,187.5722,9.4407,-37.2896,-37.2925
253.000000,10,16.6982,187.5235,10.0793,-36.6023,-36.6062
253.000000,11,16.6982,187.4876,13.4145,-33.2311,-33.2403
253.000000,12,16.6982,187.4550,14.9608,-31.6523,-31.6642
253.000000,13,16.6982,187.4258,14.3521,-32.2317,-32.2415
253.000000,14,16.6982,187.3999,11.2070,-35.3510,-35.3556
253.000000,15,16.6982,187.3534,10.7829,-35.7286,-35.7326
253.000000,16,16.6982,187.3167,13.9246,-32.5501,-32.5614
253.000000,17,16.6982,187.2833,15.8086,-30.6327,-30.6492
253.000000,18,16.6982,187.2532,15.5279,-30.8834,-30.8984
253.000000,19,16.6982,187.2266,12.7320,-33.6526,-33.6606
253.000000,20,16.6982,187.1825,10.9798,-35.3608,-35.3649
253.000000,21,16.6982,187.1449,14.4130,-31.8899,-31.9041
253.000000,22,16.6982,187.1106,16.3889,-29.8797,-29.9033
253.000000,23,16.6982,187.0797,16.4694,-29.7684,-29.7917
253.000000,24,16.6982,187.0524,14.0300,-32.1804,-32.1940
254.000000,0,16.5685,187.9026,11.7307,-35.3300,-35.3349
254.000000,1,16.5685,187.8685,13.8420,-33.1845,-33.1931
254.000000,2,16.5685,187.8375,13.6788,-33.3168,-33.3260
254.000000,3,16.5685,187.8098,11.1911,-35.7767,-35.7829
254.000000,4,16.5685,187.7853,7.1411,-39.8022,-39.8044
254.000000,5,16.5685,187.7338,9.6616,-37.2303,-37.2345
254.000000,6,16.5685,187.6990,12.3704,-34.4866,-34.4949
254.000000,7,16.5685,187.6673,13.5249,-33.3005,-33.3101
254.000000,8,16.5685,187.6389,12.6455,-34.1515,-34.1584
254.000000,9,16.5685,187.6138,9.2143,-37.5576,-37.5604
254.000000,10,16.5685,187.5646,9.7096,-37.0130,-37.0168
254.000000,11,16.5685,187.5289,13.1648,-33.5221,-33.5308
254.000000,12,16.5685,187.4965,14.7044,-31.9501,-31.9613
254.000000,13,16.5685,187.4674,14.1126,-32.5128,-32.5220
254.000000,14,16.5685,187.4417,11.0138,-35.5859,-35.5903
254.000000,15,16.5685,187.3947,10.4900,-36.0627,-36.0665
254.000000,16,16.5685,187.3582,13.6692,-32.8470,-32.8574
254.000000,17,16.5685,187.3250,15.5989,-30.8841,-30.8992
254.000000,18,16.5685,187.2951,15.3283,-31.1249,-31.1385
254.000000,19,16.5685,187.2687,12.5701,-33.8566,-33.8640
254.000000,20,16.5685,187.2240,10.7682,-35.6138,-35.6176
254.000000,21,16.5685,187.1866,14.1821,-32.1625,-32.1756
254.000000,22,16.5685,187.1525,16.2243,-30.0862,-30.1077
254.000000,23,16.5685,187.1219,16.3087,-29.9712,-29.9924
254.000000,24,16.5685,187.0947,13.8994,-32.3533,-32.3658
255.000000,0,16.4396,187.9434,11.9878,-35.1136,-35.1186
255.000000,1,16.4396,187.9094,14.0918,-32.9757,-32.9844
255.000000,2,16.4396,187.8787,13.9451,-33.0916,-33.1009
255.000000,3,16.4396,187.8511,11.5008,-35.5083,-35.5145
255.000000,4,16.4396,187.8267,6.8604,-40.1243,-40.1265
255.000000,5,16.4396,187.7748,10.0121,-36.9207,-36.9248
255.000000,6,16.4396,187.7401,12.6561,-34.2420,-34.2501
255.000000,7,16.4396,187.7086,13.2031,-33.6635,-33.6731
255.000000,8,16.4396,187.6804,12.3487,-34.4897,-34.4965
255.000000,9,16.4396,187.6554,8.9748,-37.8387,-37.8414
255.000000,10,16.4396,187.6056,9.4051,-37.3585,-37.3622
255.000000,11,16.4396,187.5702,12.9032,-33.8251,-33.8333
255.000000,12,16.4396,187.5380,14.4363,-32.2597,-32.2703
255.000000,13,16.4396,187.5090,13.8616,-32.8055,-32.8140
255.000000,14,16.4396,187.4834,10.8091,-35.8324,-35.8364
255.000000,15,16.4396,187.4359,10.1793,-36.4146,-36.4181
255.000000,16,16.4396,187.3996,13.4075,-33.1501,-33.1598
255.000000,17,16.4396,187.3666,15.3783,-31.1463,-31.1602
255.000000,18,16.4396,187.3369,15.1181,-31.3769,-31.3894
255.000000,19,16.4396,187.3107,12.3973,-34.0714,-34.0781
255.000000,20,16.4396,187.2655,10.5413,-35.8822,-35.8857
255.000000,21,16.4396,187.2282,13.9735,-32.4128,-32.4248
255.000000,22,16.4396,187.1944,16.0492,-30.3032,-30.3227
255.000000,23,16.4396,187.1639,16.1375,-30.1845,-30.2037
255.000000,24,16.4396,187.1369,13.7582,-32.5367,-32.5481
256.000000,0,16.3115,187.9842,12.2296,-34.9126,-34.9177
256.000000,1,16.3115,187.9504,14.3259,-32.7825,-32.7915
256.000000,2,16.3115,187.9198,14.1945,-32.8833,-32.8928
256.000000,3,16.3115,187.8923,11.7915,-35.2589,-35.2652
256.000000,4,16.3115,187.8681,7.2587,-39.7674,-39.7697
256.000000,5,16.3115,187.8156,10.3402,-36.6334,-36.6375
256.000000,6,16.3115,187.7811,12.9701,-33.9691,-33.9771
256.000000,7,16.3115,187.7498,13.1937,-33.7142,-33.7237
256.000000,8,16.3115,187.7217,12.0381,-34.8417,-34.8485
256.000000,9,16.3115,187.6969,8.7217,-38.1332,-38.1360
256.000000,10,16.3115,187.6467,9.0837,-37.7210,-37.7245
256.000000,11,16.3115,187.6114,12.6291,-34.1403,-34.1483
256.000000,12,16.3115,187.5794,14.1560,-32.5814,-32.5916
256.000000,13,16.3115,187.5506,13.5987,-33.1099,-33.1181
256.000000,14,16.3115,187.5252,10.5926,-36.0905,-36.0944
256.000000,15,16.3115,187.4771,9.8499,-36.7852,-36.7886
256.000000,16,16.3115,187.4410,13.1900,-33.4091,-33.4180
256.000000,17,16.3115,187.4082,15.1468,-31.4194,-31.4322
256.000000,18,16.3115,187.3787,14.8971,-31.6397,-31.6512
256.000000,19,16.3115,187.3526,12.2137,-34.2969,-34.3030
256.000000,20,16.3115,187.3068,10.2984,-36.1664,-36.1697
256.000000,21,16.3115,187.2698,13.7523,-32.6756,-32.6866
256.000000,22,16.3115,187.2362,15.8636,-30.5306,-30.5484
256.000000,23,16.3115,187.2059,15.9559,-30.4081,-30.4256
256.000000,24,16.3115,187.1791,13.6065,-32.7306,-32.7410
257.000000,0,16.1841,188.6249,12.4573,-35.3257,-35.3304
257.000000,1,16.1841,187.9913,14.5454,-32.6039,-32.6132
257.000000,2,16.1841,187.9608,14.4283,-32.6906,-32.7004
257.000000,3,16.1841,187.9335,12.0646,-35.0269,-35.0334
257.000000,4,16.1841,187.9094,7.7436,-39.3239,-39.3262
257.000000,5,16.1841,187.8565,10.6479,-36.3666,-36.3707
257.000000,6,16.1841,187.8222,13.2632,-33.7170,-33.7249
257.000000,7,16.1841,187.7910,13.4992,-33.4498,-33.4592
257.000000,8,16.1841,187.7631,11.7129,-35.2082,-35.2151
257.000000,9,16.1841,187.7384,8.4546,-38.4418,-38.4446
257.000000,10,16.1841,187.6877,8.7445,-38.1012,-38.1048
257.000000,11,16.1841,187.6526,12.3422,-34.4684,-34.4761
257.000000,12,16.1841,187.6207,13.8631,-32.9156,-32.9255
257.000000,13,16.1841,187.5921,13.3236,-33.4266,-33.4344
257.000000,14,16.1841,187.5668,10.3641,-36.3608,-36.3644
257.000000,15,16.1841,187.5183,9.5007,-37.1756,-37.1788
257.000000,16,16.1841,187.4824,12.9610,-33.6794,-33.6878
257.000000,17,16.1841,187.4497,14.9042,-31.7036,-31.7155
257.000000,18,16.1841,187.4204,14.6650,-31.9134,-31.9241
257.000000,19,16.1841,187.3945,12.0192,-34.5333,-34.5390
257.000000,20,16.1841,187.3482,10.0391,-36.4671,-36.4702
257.000000,21,16.1841,187.3114,13.5183,-32.9512,-32.9613
257.000000,22,16.1841,187.2779,15.6674,-30.7686,-30.7849
257.000000,23,16.1841,187.2479,15.7638,-30.6421,-30.6580
257.000000,24,16.1841,187.2212,13.4442,-32.9350,-32.9445
258.000000,0,16.0575,188.6656,12.6717,-35.1520,-35.1569
258.000000,1,16.0575,188.6322,14.7514,-33.0388,-33.0472
258.000000,2,16.0575,188.0019,14.6476,-32.5123,-32.5224
258.000000,3,16.0575,187.9747,12.3216,-34.8111,-34.8178
258.000000,4,16.0575,187.9507,8.1954,-38.9133,-38.9156
258.000000,5,16.0575,187.8973,10.9369,-36.1185,-36.1226
258.000000,6,16.0575,187.8632,13.5373,-33.4839,-33.4919
258.000000,7,16.0575,187.8322,13.7845,-33.2057,-33.2151
258.000000,8,16.0575,187.8044,11.7588,-35.2037,-35.2106
258.000000,9,16.0575,187.7799,8.1728,-38.7651,-38.7679
258.000000,10,16.0575,187.7286,8.7269,-38.1598,-38.1633
258.000000,11,16.0575,187.6937,12.0420,-34.8097,-34.8174
258.000000,12,16.0575,187.6620,13.5572,-33.2629,-33.2726
258.000000,13,16.0575,187.6336,13.0357,-33.7559,-33.7635
258.000000,14,16.0575,187.6084,10.1231,-36.6434,-36.6469
258.000000,15,16.0575,187.5594,9.1303,-37.5872,-37.5902
258.000000,16,16.0575,187.5237,12.7204,-33.9613,-33.9693
258.000000,17,16.0575,187.4912,14.6500,-31.9992,-32.0104
258.000000,18,16.0575,187.4621,14.4217,-32.1984,-32.2083
258.000000,19,16.0575,187.4363,11.8134,-34.7809,-34.7862
258.000000,20,16.0575,187.3895,9.7626,-36.7849,-36.7877
258.000000,21,16.0575,187.3529,13.2711,-33.2399,-33.2492
258.000000,22,16.0575,187.3196,15.4604,-31.0172,-31.0321
258.000000,23,16.0575,187.2897,15.5612,-30.8866,-30.9012
258.000000,24,16.0575,187.2633,13.2713,-33.1499,-33.1586
259.000000,0,15.9316,188.7064,12.8738,-34.9905,-34.9957
259.000000,1,15.9316,188.6730,14.9448,-32.8863,-32.8951
259.000000,2,15.9316,188.6429,14.8535,-32.9474,-32.9566
259.000000,3,15.9316,188.6159,12.5636,-35.2103,-35.2163
259.000000,4,15.9316,187.9920,8.6178,-38.5323,-38.5347
259.000000,5,15.9316,187.9381,11.2086,-35.8876,-35.8918
259.000000,6,15.9316,187.9041,13.7939,-33.2683,-33.2764
259.000000,7,15.9316,187.8733,14.0512,-32.9802,-32.9896
259.000000,8,15.9316,187.8457,12.0611,-34.9426,-34.9496
259.000000,9,15.9316,187.8213,7.8756,-39.1037,-39.1065
259.000000,10,15.9316,187.7695,9.0962,-37.8314,-37.8348
259.000000,11,15.9316,187.7348,12.2754,-34.6174,-34.6250
259.000000,12,15.9316,187.7033,13.2376,-33.6238,-33.6334
259.000000,13,15.9316,187.6750,12.7347,-34.0984,-34.1059
259.000000,14,15.9316,187.6500,9.8693,-36.9388,-36.9422
259.000000,15,15.9316,187.6004,8.7372,-38.0213,-38.0242
259.000000,16,15.9316,187.5649,12.4677,-34.2553,-34.2628
259.000000,17,15.9316,187.5327,14.3842,-32.3065,-32.3172
259.000000,18,15.9316,187.5037,14.1670,-32.4948,-32.5041
259.000000,19,15.9316,187.4781,11.5963,-35.0398,-35.0447
259.000000,20,15.9316,187.4307,9.4682,-37.1205,-37.1232
259.000000,21,15.9316,187.3943,13.0103,-33.5421,-33.5508
259.000000,22,15.9316,187.3613,15.2427,-31.2766,-31.2903
259.000000,23,15.9316,187.3316,15.3479,-31.1418,-31.1551
259.000000,24,15.9316,187.3053,13.0878,-33.3754,-33.3833
260.000000,0,15.8064,188.7470,13.0645,-34.8406,-34.8460
260.000000,1,15.8064,188.7139,15.1264,-32.7455,-32.7547
260.000000,2,15.8064,188.6839,15.0469,-32.7950,-32.8046
260.000000,3,15.8064,188.6570,12.8076,-35.0075,-35.0138
260.000000,4,15.8064,188.6333,9.0135,-38.7778,-38.7800
260.000000,5,15.8064,187.9789,11.4644,-35.6725,-35.6769
260.000000,6,15.8064,187.9451,14.0343,-33.0688,-33.0771
260.000000,7,15.8064,187.9144,14.3008,-32.7717,-32.7813
260.000000,8,15.8064,187.8869,12.3444,-34.7005,-34.7076
260.000000,9,15.8064,187.8626,8.1323,-38.8884,-38.8913
260.000000,10,15.8064,187.8104,9.4421,-37.5263,-37.5297
260.000000,11,15.8064,187.7759,12.5979,-34.3360,-34.3434
260.000000,12,15.8064,187.7445,13.2364,-33.6662,-33.6757
260.000000,13,15.8064,187.7164,12.4199,-34.4546,-34.4621
260.000000,14,15.8064,187.6915,9.6021,-37.2475,-37.2508
260.000000,15,15.8064,187.6415,8.3324,-38.4671,-38.4700
260.000000,16,15.8064,187.6062,12.2026,-34.5616,-34.5689
260.000000,17,15.8064,187.5741,14.1061,-32.6260,-32.6361
260.000000,18,15.8064,187.5453,13.9003,-32.8030,-32.8118
260.000000,19,15.8064,187.5198,11.3675,-35.3103,-35.3149
260.000000,20,15.8064,187.4719,9.1549,-37.4750,-37.4776
260.000000,21,15.8064,187.4358,12.7355,-33.8583,-33.8664
260.000000,22,15.8064,187.4029,15.0139,-31.5470,-31.5596
260.000000,23,15.8064,187.3734,15.1237,-31.4077,-31.4199
260.000000,24,15.8064,187.3472,12.8936,-33.6116,-33.6189
261.000000,0,15.6820,188.7877,13.2444,-34.7014,-34.7071
261.000000,1,15.6820,188.7547,15.2971,-32.6157,-32.6253
261.000000,2,15.6820,188.7248,15.2286,-32.6543,-32.6643
261.000000,3,15.6820,188.6981,13.0613,-34.7948,-34.8015
261.000000,4,15.6820,188.6745,9.3851,-38.4474,-38.4497
261.000000,5,15.6820,188.6196,11.7054,-36.0722,-36.0762
261.000000,6,15.6820,187.9860,14.2599,-32.8841,-32.8927
261.000000,7,15.6820,187.9555,14.5346,-32.5789,-32.5888
261.000000,8,15.6820,187.9281,12.6104,-34.4758,-34.4830
261.000000,9,15.6820,187.9040,8.5222,-38.5398,-38.5427
261.000000,10,15.6820,187.8513,9.7669,-37.2424,-37.2458
261.000000,11,15.6820,187.8169,12.8991,-34.0759,-34.0832
261.000000,12,15.6820,187.7857,13.5433,-33.4005,-33.4099
261.000000,13,15.6820,187.7578,12.0906,-34.8252,-34.8328
261.000000,14,15.6820,187.7330,9.3211,-37.5699,-37.5733
261.000000,15,15.6820,187.6825,8.0107,-38.8298,-38.8326
261.000000,16,15.6820,187.6473,11.9247,-34.8807,-34.8878
261.000000,17,15.6820,187.6154,13.8156,-32.9579,-32.9678
261.000000,18,15.6820,187.5868,13.6215,-33.1233,-33.1319
261.000000,19,15.6820,187.5615,11.1269,-35.5926,-35.5970
261.000000,20,15.6820,187.5131,8.8217,-37.8494,-37.8519
261.000000,21,15.6820,187.4771,12.4462,-34.1890,-34.1966
261.000000,22,15.6820,187.4444,14.7739,-31.8286,-31.8403
261.000000,23,15.6820,187.4151,14.8886,-31.6845,-31.6959
261.000000,24,15.6820,187.3891,12.6885,-33.8587,-33.8653
262.000000,0,15.5583,188.8284,13.4142,-34.5722,-34.5782
262.000000,1,15.5583,188.7955,15.4575,-32.4961,-32.5062
262.000000,2,15.5583,188.7658,15.3994,-32.5244,-32.5350
262.000000,3,15.5583,188.7391,13.3003,-34.5968,-34.6038
262.000000,4,15.5583,188.7157,9.7348,-38.1389,-38.1413
262.000000,5,15.5583,188.6603,11.9328,-35.8856,-35.8897
262.000000,6,15.5583,188.6268,14.4716,-33.3133,-33.3210
262.000000,7,15.5583,187.9965,14.7539,-32.4006,-32.4109
262.000000,8,15.5583,187.9693,12.8602,-34.2671,-34.2745
262.000000,9,15.5583,187.9453,8.8883,-38.2150,-38.2180
262.000000,10,15.5583,187.8921,10.0722,-36.9780,-36.9814
262.000000,11,15.5583,187.8579,13.1807,-33.8352,-33.8426
262.000000,12,15.5583,187.8269,13.8297,-33.1552,-33.1646
262.000000,13,15.5583,187.7991,12.2326,-34.7245,-34.7320
262.000000,14,15.5583,187.7745,9.0257,-37.9069,-37.9103
262.000000,15,15.5583,187.7234,7.7137,-39.1678,-39.1707
262.000000,16,15.5583,187.6885,11.6333,-35.2132,-35.2202
262.000000,17,15.5583,187.6568,13.5119,-33.3029,-33.3125
262.000000,18,15.5583,187.6283,13.3300,-33.4563,-33.4646
262.000000,19,15.5583,187.6031,10.8739,-35.8872,-35.8915
262.000000,20,15.5583,187.5542,8.4673,-38.2450,-38.2473
262.000000,21,15.5583,187.5184,12.1956,-34.4809,-34.4880
262.000000,22,15.5583,187.4860,14.5224,-32.1216,-32.1326
262.000000,23,15.5583,187.4568,14.6422,-31.9726,-31.9831
262.000000,24,15.5583,187.4309,12.4722,-34.1167,-34.1229
263.000000,0,15.4353,188.8690,13.5745,-34.4525,-34.4588
263.000000,1,15.4353,188.8363,15.6082,-32.3861,-32.3967
263.000000,2,15.4353,188.8067,15.5600,-32.4047,-32.4158
263.000000,3,15.4353,188.7802,13.5258,-34.4124,-34.4197
263.000000,4,15.4353,188.7569,10.0644,-37.8505,-37.8530
263.000000,5,15.4353,188.7010,12.1474,-35.7117,-35.7160
263.000000,6,15.4353,188.6677,14.6705,-33.1552,-33.1634
263.000000,7,15.4353,188.6375,14.9596,-32.8359,-32.8452
263.000000,8,15.4353,188.0104,13.0952,-34.0732,-34.0809
263.000000,9,15.4353,187.9866,9.2947,-37.8499,-37.8529
263.000000,10,15.4353,187.9329,10.3595,-36.7314,-36.7349
263.000000,11,15.4353,187.8989,13.4445,-33.6123,-33.6198
263.000000,12,15.4353,187.8680,14.0974,-32.9287,-32.9382
263.000000,13,15.4353,187.8403,12.5289,-34.4695,-34.4770
263.000000,14,15.4353,187.8159,8.7150,-38.2589,-38.2624
263.000000,15,15.4353,187.7644,8.1030,-38.8194,-38.8222
263.000000,16,15.4353,187.7296,11.8467,-35.0409,-35.0478
263.000000,17,15.4353,187.6980,13.1946,-33.6614,-33.6710
263.000000,18,15.4353,187.6697,13.0253,-33.8024,-33.8106
263.000000,19,15.4353,187.6447,10.6082,-36.1945,-36.1986
263.000000,20,15.4353,187.5953,8.0902,-38.6632,-38.6655
263.000000,21,15.4353,187.5597,11.9525,-34.7653,-34.7722
263.000000,22,15.4353,187.5274,14.2591,-32.4264,-32.4368
263.000000,23,15.4353,187.4984,14.3843,-32.2721,-32.2820
263.000000,24,15.4353,187.4727,12.2447,-34.3860,-34.3918
264.000000,0,15.3130,188.9096,13.7260,-34.3417,-34.3484
264.000000,1,15.3130,188.8771,15.7499,-32.2852,-32.2964
264.000000,2,15.3130,188.8476,15.7110,-32.2947,-32.3063
264.000000,3,15.3130,188.8212,13.7386,-34.2406,-34.2483
264.000000,4,15.3130,188.7980,10.3755,-37.5805,-37.5832
264.000000,5,15.3130,188.7417,12.3501,-35.5496,-35.5542
264.000000,6,15.3130,188.7085,14.8574,-33.0092,-33.0177
264.000000,7,15.3130,188.6785,15.1528,-32.6838,-32.6934
264.000000,8,15.3130,188.6516,13.3164,-34.4932,-34.5001
264.000000,9,15.3130,188.6278,9.6797,-38.1062,-38.1089
264.000000,10,15.3130,187.9737,10.6304,-36.5013,-36.5049
264.000000,11,15.3130,187.9398,13.6919,-33.4059,-33.4136
264.000000,12,15.3130,187.9091,14.3478,-32.7193,-32.7290
264.000000,13,15.3130,187.8816,12.8063,-34.2333,-34.2409
264.000000,14,15.3130,187.8573,8.9535,-38.0619,-38.0654
264.000000,15,15.3130,187.8053,8.4681,-38.4952,-38.4979
264.000000,16,15.3130,187.7707,12.1780,-34.7507,-34.7575
264.000000,17,15.3130,187.7393,13.2264,-33.6709,-33.6804
264.000000,18,15.3130,187.7111,12.7069,-34.1623,-34.1704
264.000000,19,15.3130,187.6862,10.3293,-36.5149,-36.5190
264.000000,20,15.3130,187.6363,7.6887,-39.1057,-39.1080
264.000000,21,15.3130,187.6010,11.6968,-35.0622,-35.0689
264.000000,22,15.3130,187.5688,13.9836,-32.7433,-32.7533
264.000000,23,15.3130,187.5400,14.1146,-32.5835,-32.5929
264.000000,24,15.3130,187.5145,12.0057,-34.6668,-34.6722
265.000000,0,15.1914,188.9503,13.8690,-34.2393,-34.2463
265.000000,1,15.1914,188.9178,15.8830,-32.1928,-32.2045
265.000000,2,15.1914,188.8885,15.8529,-32.1936,-32.2059
265.000000,3,15.1914,188.8623,13.9397,-34.0806,-34.0887
265.000000,4,15.1914,188.8391,10.6697,-37.3274,-37.3303
265.000000,5,15.1914,188.7824,12.5417,-35.3987,-35.4035
265.000000,6,15.1914,188.7494,15.0331,-32.8743,-32.8832
265.000000,7,15.1914,188.7194,15.3342,-32.5433,-32.5534
265.000000,8,15.1914,188.6927,13.5248,-34.3259,-34.3332
265.000000,9,15.1914,188.6690,10.0408,-37.7863,-37.7892
265.000000,10,15.1914,188.6144,10.8860,-36.8865,-36.8897
265.000000,11,15.1914,187.9807,13.9240,-33.2147,-33.2226
265.000000,12,15.1914,187.9502,14.5824,-32.5258,-32.5358
265.000000,13,15.1914,187.9228,13.0665,-34.0144,-34.0222
265.000000,14,15.1914,187.8986,9.3301,-37.7266,-37.7302
265.000000,15,15.1914,187.8461,8.8112,-38.1930,-38.1957
265.000000,16,15.1914,187.8117,12.4875,-34.4823,-34.4890
265.000000,17,15.1914,187.7805,13.5350,-33.4035,-33.4129
265.000000,18,15.1914,187.7525,12.3740,-34.5365,-34.5446
265.000000,19,15.1914,187.7277,10.0367,-36.8491,-36.8531
265.000000,20,15.1914,187.6774,7.2608,-39.5746,-39.5768
265.000000,21,15.1914,187.6422,11.4281,-35.3721,-35.3785
265.000000,22,15.1914,187.6102,13.6955,-33.0728,-33.0824
265.000000,23,15.1914,187.5815,13.8326,-32.9070,-32.9160
265.000000,24,15.1914,187.5562,11.7547,-34.9595,-34.9646
266.000000,0,15.0705,188.9909,14.0041,-34.1448,-34.1522
266.000000,1,15.0705,188.9586,16.0081,-32.1085,-32.1208
266.000000,2,15.0705,188.9294,15.9864,-32.1010,-32.1139
266.000000,3,15.0705,188.9033,14.1296,-33.9317,-33.9402
266.000000,4,15.0705,188.8802,10.9482,-37.0901,-37.0931
266.000000,5,15.0705,188.8230,12.7229,-35.2582,-35.2633
266.000000,6,15.0705,188.7902,15.1984,-32.7498,-32.7592
266.000000,7,15.0705,188.7604,15.5046,-32.4138,-32.4245
266.000000,8,15.0705,188.7337,13.7211,-34.1706,-34.1783
266.000000,9,15.0705,188.7102,10.3801,-37.4882,-37.4912
266.000000,10,15.0705,188.6551,11.1274,-36.6858,-36.6892
266.000000,11,15.0705,188.6216,14.1420,-33.6376,-33.6448
266.000000,12,15.0705,187.9912,14.8022,-32.3470,-32.3572
266.000000,13,15.0705,187.9640,13.3106,-33.8114,-33.8194
266.000000,14,15.0705,187.9399,9.6832,-37.4148,-37.4185
266.000000,15,15.0705,187.8870,9.1340,-37.9110,-37.9137
266.000000,16,15.0705,187.8527,12.7771,-34.2336,-34.2404
266.000000,17,15.0705,187.8217,13.8229,-33.1568,-33.1661
266.000000,18,15.0705,187.7938,12.6285,-34.3233,-34.3314
266.000000,19,15.0705,187.7692,9.7297,-37.1975,-37.2016
266.000000,20,15.0705,187.7183,6.8423,-40.0340,-40.0363
266.000000,21,15.0705,187.6833,11.1460,-35.6954,-35.7017
266.000000,22,15.0705,187.6515,13.3943,-33.4153,-33.4248
266.000000,23,15.0705,187.6230,13.5379,-33.2432,-33.2520
266.000000,24,15.0705,187.5978,11.4915,-35.2643,-35.2693
267.000000,0,14.9503,189.0315,14.1317,-34.0578,-34.0657
267.000000,1,14.9503,188.9993,16.1256,-32.0317,-32.0446
267.000000,2,14.9503,188.9702,16.1118,-32.0165,-32.0300
267.000000,3,14.9503,188.9442,14.3092,-33.7930,-33.8020
267.000000,4,14.9503,188.9213,11.2121,-36.8673,-36.8705
267.000000,5,14.9503,188.8637,12.8942,-35.1275,-35.1329
267.000000,6,14.9503,188.8309,15.3538,-32.6352,-32.6451
267.000000,7,14.9503,188.8013,15.6647,-32.2946,-32.3058
267.000000,8,14.9503,188.7748,13.9063,-34.0266,-34.0346
267.000000,9,14.9503,188.7514,10.6996,-37.2099,-37.2131
267.000000,10,14.9503,188.6958,11.3556,-36.4983,-36.5019
267.000000,11,14.9503,188.6625,14.3470,-33.4735,-33.4810
267.000000,12,14.9503,188.6322,15.0085,-32.7818,-32.7910
267.000000,13,14.9503,188.0051,13.5400,-33.6232,-33.6315
267.000000,14,14.9503,187.9812,10.0148,-37.1245,-37.1282
267.000000,15,14.9503,187.9278,9.4383,-37.6475,-37.6503
267.000000,16,14.9503,187.8937,13.0485,-34.0032,-34.0101
267.000000,17,14.9503,187.8628,14.0920,-32.9289,-32.9383
267.000000,18,14.9503,187.8351,12.9198,-34.0734,-34.0815
267.000000,19,14.9503,187.8106,9.4076,-37.5611,-37.5653
267.000000,20,14.9503,187.7593,7.0267,-39.8906,-39.8929
267.000000,21,14.9503,187.7245,11.3740,-35.5085,-35.5147
267.000000,22,14.9503,187.6928,13.0794,-33.7715,-33.7809
267.000000,23,14.9503,187.6645,13.2300,-33.5925,-33.6012
267.000000,24,14.9503,187.6394,11.2157,-35.5818,-35.5866
268.000000,0,14.8307,189.0721,14.2522,-33.9780,-33.9862
268.000000,1,14.8307,189.0401,16.2360,-31.9621,-31.9756
268.000000,2,14.8307,189.0111,16.2296,-31.9395,-31.9537
268.000000,3,14.8307,188.9852,14.4791,-33.6641,-33.6736
268.000000,4,14.8307,188.9624,11.4625,-36.6580,-36.6614
268.000000,5,14.8307,188.9043,13.0563,-35.0060,-35.0117
268.000000,6,14.8307,188.8717,15.5000,-32.5298,-32.5401
268.000000,7,14.8307,188.8422,15.8152,-32.1850,-32.1967
268.000000,8,14.8307,188.8158,14.0809,-33.8930,-33.9015
268.000000,9,14.8307,188.7925,11.0008,-36.9498,-36.9531
268.000000,10,14.8307,188.7365,11.5714,-36.3232,-36.3269
268.000000,11,14.8307,188.7033,14.5397,-33.3217,-33.3295
268.000000,12,14.8307,188.6732,15.2020,-32.6292,-32.6389
268.000000,13,14.8307,188.6462,13.7556,-34.0486,-34.0562
268.000000,14,14.8307,188.6225,10.3268,-37.4537,-37.4571
268.000000,15,14.8307,187.9685,9.7255,-37.4011,-37.4040
268.000000,16,14.8307,187.9346,13.3031,-33.7896,-33.7966
268.000000,17,14.8307,187.9039,14.3437,-32.7183,-32.7278
268.000000,18,14.8307,187.8763,13.1923,-33.8421,-33.8503
268.000000,19,14.8307,187.8520,9.6643,-37.3458,-37.3500
268.000000,20,14.8307,187.8002,7.4125,-39.5458,-39.5480
268.000000,21,14.8307,187.7655,11.7142,-35.2094,-35.2155
268.000000,22,14.8307,187.7341,13.1712,-33.7209,-33.7302
268.000000,23,14.8307,187.7059,12.9084,-33.9556,-33.9642
268.000000,24,14.8307,187.6810,10.9266,-35.9124,-35.9171
269.000000,0,14.7118,189.1127,14.3659,-33.9048,-33.9134
269.000000,1,14.7118,189.0808,16.3395,-31.8994,-31.9135
269.000000,2,14.7118,189.0519,16.3403,-31.8697,-31.8845
269.000000,3,14.7118,189.0262,14.6399,-33.5443,-33.5543
269.000000,4,14.7118,189.0035,11.7002,-36.4613,-36.4649
269.000000,5,14.7118,188.9449,13.2097,-34.8932,-34.8992
269.000000,6,14.7118,188.9125,15.6374,-32.4331,-32.4439
269.000000,7,14.7118,188.8831,15.9567,-32.0845,-32.0968
269.000000,8,14.7118,188.8568,14.2733,-33.7416,-33.7505
269.000000,9,14.7118,188.8337,11.2853,-36.7065,-36.7100
269.000000,10,14.7118,188.7772,11.7757,-36.1595,-36.1635
269.000000,11,14.7118,188.7441,14.7210,-33.1812,-33.1894
269.000000,12,14.7118,188.7142,15.3838,-32.4884,-32.4985
269.000000,13,14.7118,188.6873,13.9585,-33.8869,-33.8948
269.000000,14,14.7118,188.6637,10.6208,-37.2009,-37.2044
269.000000,15,14.7118,188.0093,9.9968,-37.1705,-37.1736
269.000000,16,14.7118,187.9756,13.5422,-33.5914,-33.5986
269.000000,17,14.7118,187.9450,14.5794,-32.5236,-32.5334
269.000000,18,14.7118,187.9176,13.4475,-33.6281,-33.6364
269.000000,19,14.7118,187.8933,10.0294,-37.0220,-37.0263
269.000000,20,14.7118,187.8411,7.7754,-39.2237,-39.2259
269.000000,21,14.7118,187.8066,12.0322,-34.9324,-34.9385
269.000000,22,14.7118,187.7753,13.4816,-33.4518,-33.4609
269.000000,23,14.7118,187.7473,12.6520,-34.2534,-34.2620
269.000000,24,14.7118,187.7225,10.6238,-36.2567,-36.2614
270.000000,0,14.5936,189.1533,14.4733,-33.8381,-33.8471
270.000000,1,14.5936,189.1215,16.4365,-31.8430,-31.8578
270.000000,2,14.5936,189.0928,16.4442,-31.8067,-31.8222
270.000000,3,14.5936,189.0671,14.7920,-33.4332,-33.4436
270.000000,4,14.5936,189.0446,11.9261,-36.2765,-36.2803
270.000000,5,14.5936,188.9855,13.3549,-34.7887,-34.7950
270.000000,6,14.5936,188.9532,15.7667,-32.3445,-32.3560
270.000000,7,14.5936,188.9240,16.0895,-31.9925,-32.0054
270.000000,8,14.5936,188.8978,14.4590,-33.5969,-33.6062
270.000000,9,14.5936,188.8748,11.5542,-36.4786,-36.4824
270.000000,10,14.5936,188.8178,11.9692,-36.0067,-36.0109
270.000000,11,14.5936,188.7849,14.8916,-33.0514,-33.0600
270.000000,12,14.5936,188.7551,15.5545,-32.3587,-32.3693
270.000000,13,14.5936,188.7284,14.1495,-33.7370,-33.7452
270.000000,14,14.5936,188.7049,10.9346,-36.9283,-36.9320
270.000000,15,14.5936,188.6500,10.2534,-37.5546,-37.5574
270.000000,16,14.5936,188.6165,13.7669,-34.0076,-34.0141
270.000000,17,14.5936,187.9860,14.8003,-32.3438,-32.3539
270.000000,18,14.5936,187.9587,13.6869,-33.4298,-33.4385
270.000000,19,14.5936,187.9347,10.3713,-36.7214,-36.7258
270.000000,20,14.5936,187.8819,8.1173,-38.9226,-38.9249
270.000000,21,14.5936,187.8476,12.3300,-34.6757,-34.6817
270.000000,22,14.5936,187.8165,13.7712,-33.2034,-33.2125
270.000000,23,14.5936,187.7886,12.9591,-33.9876,-33.9961
270.000000,24,14.5936,187.7639,10.3066,-36.6154,-36.6202
271.000000,0,14.4760,189.1939,14.5745,-33.7774,-33.7868
271.000000,1,14.4760,189.1622,16.5275,-31.7928,-31.8082
271.000000,2,14.4760,189.1336,16.5416,-31.7501,-31.7663
271.000000,3,14.4760,189.1081,14.9360,-33.3301,-33.3410
271.000000,4,14.4760,189.0856,12.1410,-36.1027,-36.1068
271.000000,5,14.4760,189.0261,13.4923,-34.6919,-34.6985
271.000000,6,14.4760,188.9939,15.8883,-32.2637,-32.2757
271.000000,7,14.4760,188.9648,16.2144,-31.9085,-31.9221
271.000000,8,14.4760,188.9388,14.6344,-33.4624,-33.4723
271.000000,9,14.4760,188.9159,11.8088,-36.2652,-36.2691
271.000000,10,14.4760,188.8585,12.1525,-35.8640,-35.8685
271.000000,11,14.4760,188.8257,15.0522,-32.9315,-32.9406
271.000000,12,14.4760,188.7960,15.7149,-32.2392,-32.2503
271.000000,13,14.4760,188.7695,14.3293,-33.5982,-33.6069
271.000000,14,14.4760,188.7461,11.2455,-36.6586,-36.6625
271.000000,15,14.4760,188.6907,10.4964,-37.3524,-37.3553
271.000000,16,14.4760,188.6573,13.9783,-33.8371,-33.8439
271.000000,17,14.4760,188.6270,15.0075,-32.7776,-32.7867
271.000000,18,14.4760,187.9999,13.9116,-33.2463,-33.2552
271.000000,19,14.4760,187.9760,10.6921,-36.4419,-36.4463
271.000000,20,14.4760,187.9227,8.4400,-38.6407,-38.6430
271.000000,21,14.4760,187.8886,12.6092,-34.4374,-34.4436
271.000000,22,14.4760,187.8577,14.0418,-32.9739,-32.9831
271.000000,23,14.4760,187.8299,13.2459,-33.7421,-33.7506
271.000000,24,14.4760,187.8054,9.9743,-36.9892,-36.9941
272.000000,0,14.3590,189.2345,14.6701,-33.7225,-33.7324
272.000000,1,14.3590,189.2030,16.6126,-31.7484,-31.7645
272.000000,2,14.3590,189.1745,16.6329,-31.6996,-31.7165
272.000000,3,14.3590,189.1490,15.0723,-33.2348,-33.2462
272.000000,4,14.3590,189.1267,12.3454,-35.9393,-35.9436
272.000000,5,14.3590,189.0667,13.6224,-34.6024,-34.6094
272.000000,6,14.3590,189.0347,16.0025,-32.1902,-32.2028
272.000000,7,14.3590,189.0057,16.3316,-31.8322,-31.8464
272.000000,8,14.3590,188.9798,14.8002,-33.3376,-33.3480
272.000000,9,14.3590,188.9570,12.0500,-36.0650,-36.0693
272.000000,10,14.3590,188.8991,12.3263,-35.7309,-35.7356
272.000000,11,14.3590,188.8665,15.2034,-32.8211,-32.8307
272.000000,12,14.3590,188.8369,15.8655,-32.1295,-32.1411
272.000000,13,14.3590,188.8105,14.4987,-33.4698,-33.4790
272.000000,14,14.3590,188.7872,11.5383,-36.4069,-36.4110
272.000000,15,14.3590,188.7314,10.7265,-37.1630,-37.1661
272.000000,16,14.3590,188.6982,14.1772,-33.6790,-33.6861
272.000000,17,14.3590,188.6680,15.2020,-32.6241,-32.6337
272.000000,18,14.3590,188.6410,14.1227,-33.6764,-33.6844
272.000000,19,14.3590,188.6172,10.9937,-36.7816,-36.7856
272.000000,20,14.3590,187.9635,8.7450,-38.3766,-38.3789
272.000000,21,14.3590,187.9296,12.8714,-34.2162,-34.2225
272.000000,22,14.3590,187.8988,14.2950,-32.7618,-32.7712
272.000000,23,14.3590,187.8712,13.5141,-33.5151,-33.5238
272.000000,24,14.3590,187.8468,10.2855,-36.7194,-36.7243
273.000000,0,14.2428,189.2751,14.7601,-33.6731,-33.6834
273.000000,1,14.2428,189.2437,16.6922,-31.7096,-31.7262
273.000000,2,14.2428,189.2153,16.7184,-31.6550,-31.6725
273.000000,3,14.2428,189.1900,15.2014,-33.1467,-33.1586
273.000000,4,14.2428,189.1677,12.5401,-35.7856,-35.7902
273.000000,5,14.2428,189.1073,13.7455,-34.5199,-34.5273
273.000000,6,14.2428,189.0754,16.1099,-32.1236,-32.1368
273.000000,7,14.2428,189.0465,16.4416,-31.7630,-31.7779
273.000000,8,14.2428,189.0207,14.9568,-33.2220,-33.2328
273.000000,9,14.2428,188.9980,12.2787,-35.8774,-35.8818
273.000000,10,14.2428,188.9397,12.4910,-35.6067,-35.6117
273.000000,11,14.2428,188.9072,15.3458,-32.7195,-32.7296
273.000000,12,14.2428,188.8778,16.0071,-32.0288,-32.0411
273.000000,13,14.2428,188.8515,14.6583,-33.3512,-33.3609
273.000000,14,14.2428,188.8283,11.8145,-36.1718,-36.1762
273.000000,15,14.2428,188.7721,10.9447,-36.9855,-36.9888
273.000000,16,14.2428,188.7390,14.3645,-33.5325,-33.5400
273.000000,17,14.2428,188.7090,15.3845,-32.4825,-32.4925
273.000000,18,14.2428,188.6821,14.3211,-33.5191,-33.5275
273.000000,19,14.2428,188.6584,11.2774,-36.5390,-36.5432
273.000000,20,14.2428,188.0043,9.0335,-38.1288,-38.1313
273.000000,21,14.2428,187.9705,13.1178,-34.0108,-34.0173
273.000000,22,14.2428,187.9399,14.5321,-32.5658,-32.5754
273.000000,23,14.2428,187.9124,13.7651,-33.3053,-33.3141
273.000000,24,14.2428,187.8882,10.6403,-36.4059,-36.4109
274.000000,0,14.1271,189.3158,14.8449,-33.6289,-33.6397
274.000000,1,14.1271,189.2844,16.7665,-31.6760,-31.6933
274.000000,2,14.1271,189.2562,16.7984,-31.6159,-31.6341
274.000000,3,14.1271,189.2309,15.3235,-33.0654,-33.0779
274.000000,4,14.1271,189.2088,12.7256,-35.6412,-35.6460
274.000000,5,14.1271,189.1479,13.8620,-34.4440,-34.4518
274.000000,6,14.1271,189.1161,16.2106,-32.0635,-32.0773
274.000000,7,14.1271,189.0874,16.5448,-31.7006,-31.7162
274.000000,8,14.1271,189.0617,15.1049,-33.1148,-33.1262
274.000000,9,14.1271,189.0391,12.4958,-35.7013,-35.7060
274.000000,10,14.1271,188.9803,12.6473,-35.4911,-35.4964
274.000000,11,14.1271,188.9480,15.4798,-32.6262,-32.6368
274.000000,12,14.1271,188.9187,16.1400,-31.9367,-31.9496
274.000000,13,14.1271,188.8925,14.8087,-33.2418,-33.2520
274.000000,14,14.1271,188.8694,12.0754,-35.9521,-35.9566
274.000000,15,14.1271,188.8128,11.1516,-36.8192,-36.8227
274.000000,16,14.1271,188.7798,14.5410,-33.3968,-33.4047
274.000000,17,14.1271,188.7499,15.5560,-32.3520,-32.3625
274.000000,18,14.1271,188.7232,14.5076,-33.3737,-33.3825
274.000000,19,14.1271,188.6996,11.5449,-36.3128,-36.3172
274.000000,20,14.1271,188.6450,9.3067,-38.4963,-38.4986
274.000000,21,14.1271,188.6114,13.3495,-34.4199,-34.4258
274.000000,22,14.1271,187.9809,14.7544,-32.3846,-32.3945
274.000000,23,14.1271,187.9536,14.0004,-33.1112,-33.1203
274.000000,24,14.1271,187.9295,10.9723,-36.1153,-36.1203
275.000000,0,14.0121,189.3564,14.9246,-33.5898,-33.6009
275.000000,1,14.0121,189.3252,16.8359,-31.6474,-31.6653
275.000000,2,14.0121,189.2970,16.8731,-31.5820,-31.6009
275.000000,3,14.0121,189.2719,15.4392,-32.9908,-33.0037
275.000000,4,14.0121,189.2498,12.9024,-35.5055,-35.5105
275.000000,5,14.0121,189.1885,13.9721,-34.3744,-34.3825
275.000000,6,14.0121,189.1568,16.3052,-32.0097,-32.0241
275.000000,7,14.0121,189.1282,16.6415,-31.6447,-31.6610
275.000000,8,14.0121,189.1026,15.2449,-33.0158,-33.0277
275.000000,9,14.0121,189.0801,12.7020,-35.5361,-35.5411
275.000000,10,14.0121,189.0209,12.7955,-35.3835,-35.3891
275.000000,11,14.0121,188.9887,15.6059,-32.5408,-32.5519
275.000000,12,14.0121,188.9596,16.2649,-31.8527,-31.8663
275.000000,13,14.0121,188.9335,14.9504,-33.1411,-33.1517
275.000000,14,14.0121,188.9105,12.3221,-35.7465,-35.7513
275.000000,15,14.0121,188.8534,11.3480,-36.6634,-36.6671
275.000000,16,14.0121,188.8206,14.7073,-33.2714,-33.2797
275.000000,17,14.0121,188.7909,15.7171,-32.2318,-32.2429
275.000000,18,14.0121,188.7643,14.6831,-33.2392,-33.2485
275.000000,19,14.0121,188.7408,11.7972,-36.1016,-36.1062
275.000000,20,14.0121,188.6858,9.5658,-38.2780,-38.2804
275.000000,21,14.0121,188.6523,13.5677,-34.2426,-34.2488
275.000000,22,14.0121,188.6220,14.9628,-32.8172,-32.8261
275.000000,23,14.0121,187.9948,14.2212,-32.9317,-32.9411
275.000000,24,14.0121,187.9708,11.2835,-35.8453,-35.8505
276.000000,0,13.8976,189.3971,14.9997,-33.5554,-33.5670
276.000000,1,13.8976,189.3660,16.9004,-31.6236,-31.6421
276.000000,2,13.8976,189.3379,16.9428,-31.5532,-31.5727
276.000000,3,13.8976,189.3129,15.5486,-32.9223,-32.9358
276.000000,4,13.8976,189.2909,13.0710,-35.3779,-35.3833
276.000000,5,13.8976,189.2291,14.0764,-34.3108,-34.3193
276.000000,6,13.8976,189.1976,16.3938,-31.9618,-31.9769
276.000000,7,13.8976,189.1690,16.7321,-31.5949,-31.6119
276.000000,8,13.8976,189.1436,15.3773,-32.9243,-32.9368
276.000000,9,13.8976,189.1212,12.8980,-35.3812,-35.3864
276.000000,10,13.8976,189.0615,12.9360,-35.2836,-35.2895
276.000000,11,13.8976,189.0294,15.7246,-32.4629,-32.4745
276.000000,12,13.8976,189.0004,16.3821,-31.7764,-31.7906
276.000000,13,13.8976,188.9745,15.0840,-33.0485,-33.0597
276.000000,14,13.8976,188.9516,12.5556,-35.5541,-35.5592
276.000000,15,13.8976,188.8941,11.5345,-36.5176,-36.5215
276.000000,16,13.8976,188.8614,14.8639,-33.1555,-33.1642
276.000000,17,13.8976,188.8318,15.8684,-32.1214,-32.1330
276.000000,18,13.8976,188.8053,14.8482,-33.1151,-33.1249
276.000000,19,13.8976,188.7820,12.0356,-35.9044,-35.9093
276.000000,20,13.8976,188.7265,9.8116,-38.0730,-38.0755
276.000000,21,13.8976,188.6932,13.7732,-34.0780,-34.0844
276.000000,22,13.8976,188.6630,15.1585,-32.6625,-32.6719
276.000000,23,13.8976,188.6359,14.4283,-33.3657,-33.3742
276.000000,24,13.8976,188.6121,11.5757,-36.1944,-36.1991
277.000000,0,13.7838,189.4377,15.1008,-33.4949,-33.5069
277.000000,1,13.7838,189.4067,16.9604,-31.6044,-31.6235
277.000000,2,13.7838,189.3788,17.0077,-31.5291,-31.5494
277.000000,3,13.7838,189.3538,15.6684,-32.8434,-32.8574
277.000000,4,13.7838,189.3319,13.2318,-35.2582,-35.2638
277.000000,5,13.7838,189.2697,14.1749,-34.2529,-34.2618
277.000000,6,13.7838,189.2383,16.4768,-31.9196,-31.9352
277.000000,7,13.7838,189.2099,16.8169,-31.5510,-31.5686
277.000000,8,13.7838,189.1845,15.5024,-32.8401,-32.8531
277.000000,9,13.7838,189.1622,13.0844,-35.2358,-35.2414
277.000000,10,13.7838,189.1021,13.0693,-35.1908,-35.1971
277.000000,11,13.7838,189.0702,15.8363,-32.3920,-32.4042
277.000000,12,13.7838,189.0413,16.4921,-31.7072,-31.7221
277.000000,13,13.7838,189.0154,15.2131,-32.9604,-32.9721
277.000000,14,13.7838,188.9927,12.7767,-35.3740,-35.3794
277.000000,15,13.7838,188.9347,11.7117,-36.3811,-36.3852
277.000000,16,13.7838,188.9021,15.0116,-33.0486,-33.0578
277.000000,17,13.7838,188.8727,16.0105,-32.0202,-32.0323
277.000000,18,13.7838,188.8463,15.0036,-33.0008,-33.0110
277.000000,19,13.7838,188.8231,12.2721,-35.7091,-35.7142
277.000000,20,13.7838,188.7672,10.0449,-37.8803,-37.8829
277.000000,21,13.7838,188.7340,13.9669,-33.9251,-33.9319
277.000000,22,13.7838,188.7039,15.3422,-32.5198,-32.5296
277.000000,23,13.7838,188.6770,14.6229,-33.2122,-33.2211
277.000000,24,13.7838,188.6533,11.8505,-35.9608,-35.9657
278.000000,0,13.6706,189.4784,15.2048,-33.4316,-33.4440
278.000000,1,13.6706,189.4475,17.0161,-31.5895,-31.6092
278.000000,2,13.6706,189.4196,17.0680,-31.5097,-31.5305
278.000000,3,13.6706,189.3948,15.7861,-32.7667,-32.7812
278.000000,4,13.6706,189.3730,13.3852,-35.1458,-35.1516
278.000000,5,13.6706,189.3104,14.2894,-34.1790,-34.1882
278.000000,6,13.6706,189.2790,16.5544,-31.8827,-31.8989
278.000000,7,13.6706,189.2507,16.8962,-31.5126,-31.5309
278.000000,8,13.6706,189.2255,15.6208,-32.7627,-32.7763
278.000000,9,13.6706,189.2033,13.2618,-35.0995,-35.1054
278.000000,10,13.6706,189.1427,13.1958,-35.1050,-35.1116
278.000000,11,13.6706,189.1109,15.9412,-32.3277,-32.3405
278.000000,12,13.6706,189.0821,16.5952,-31.6449,-31.6605
278.000000,13,13.6706,189.0564,15.3579,-32.8565,-32.8688
278.000000,14,13.6706,189.0337,12.9864,-35.2054,-35.2110
278.000000,15,13.6706,188.9753,11.8800,-36.2534,-36.2578
278.000000,16,13.6706,188.9429,15.1508,-32.9501,-32.9598
278.000000,17,13.6706,188.9136,16.1441,-31.9276,-31.9403
278.000000,18,13.6706,188.8873,15.1499,-32.8955,-32.9063
278.000000,19,13.6706,188.8642,12.5259,-35.4963,-35.5017
278.000000,20,13.6706,188.8078,10.2666,-37.6992,-37.7021
278.000000,21,13.6706,188.7748,14.1496,-33.7833,-33.7904
278.000000,22,13.6706,188.7449,15.5148,-32.3881,-32.3984
278.000000,23,13.6706,188.7181,14.8057,-33.0705,-33.0798
278.000000,24,13.6706,188.6945,12.1093,-35.7433,-35.7484
279.000000,0,13.5580,189.5191,15.3034,-33.3737,-33.3865
279.000000,1,13.5580,189.4883,17.0676,-31.5788,-31.5991
279.000000,2,13.5580,189.4606,17.1240,-31.4946,-31.5161
279.000000,3,13.5580,189.4358,15.8978,-32.6961,-32.7111
279.000000,4,13.5580,189.4141,13.5317,-35.0404,-35.0465
279.000000,5,13.5580,189.3510,14.4187,-34.0903,-34.1000
279.000000,6,13.5580,189.3198,16.6270,-31.8508,-31.8677
279.000000,7,13.5580,189.2916,16.9701,-31.4795,-31.4985
279.000000,8,13.5580,189.2664,15.7326,-32.6918,-32.7059
279.000000,9,13.5580,189.2443,13.4306,-34.9717,-34.9779
279.000000,10,13.5580,189.1833,13.3276,-35.0138,-35.0207
279.000000,11,13.5580,189.1516,16.0398,-32.2698,-32.2832
279.000000,12,13.5580,189.1229,16.6919,-31.5891,-31.6053
279.000000,13,13.5580,189.0973,15.4948,-32.7606,-32.7734
279.000000,14,13.5580,189.0748,13.1854,-35.0475,-35.0534
279.000000,15,13.5580,189.0159,12.0399,-36.1340,-36.1387
279.000000,16,13.5580,188.9836,15.2820,-32.8597,-32.8699
279.000000,17,13.5580,188.9544,16.2694,-31.8430,-31.8564
279.000000,18,13.5580,188.9283,15.2875,-32.7988,-32.8102
279.000000,19,13.5580,188.9053,12.7658,-35.2976,-35.3033
279.000000,20,13.5580,188.8485,10.4774,-37.5291,-37.5322
279.000000,21,13.5580,188.8156,14.3219,-33.6518,-33.6593
279.000000,22,13.5580,188.7859,15.6769,-32.2670,-32.2778
279.000000,23,13.5580,188.7592,14.9775,-32.9398,-32.9495
279.000000,24,13.5580,188.7357,12.3531,-35.5406,-35.5460
280.000000,0,13.4460,189.5599,15.3969,-33.3210,-33.3341
280.000000,1,13.4460,189.5292,17.1151,-31.5721,-31.5930
280.000000,2,13.4460,189.5015,17.1759,-31.4836,-31.5058
280.000000,3,13.4460,189.4768,16.0036,-32.6313,-32.6468
280.000000,4,13.4460,189.4552,13.6716,-34.9417,-34.9481
280.000000,5,13.4460,189.3916,14.5415,-34.0082,-34.0182
280.000000,6,13.4460,189.3605,16.6947,-31.8239,-31.8413
280.000000,7,13.4460,189.3324,17.0391,-31.4514,-31.4710
280.000000,8,13.4460,189.3074,15.8383,-32.6271,-32.6417
280.000000,9,13.4460,189.2853,13.5914,-34.8520,-34.8584
280.000000,10,13.4460,189.2239,13.4870,-34.8950,-34.9022
280.000000,11,13.4460,189.1923,16.1324,-32.2179,-32.2319
280.000000,12,13.4460,189.1638,16.7824,-31.5394,-31.5563
280.000000,13,13.4460,189.1383,15.6240,-32.6723,-32.6857
280.000000,14,13.4460,189.1158,13.3742,-34.8996,-34.9059
280.000000,15,13.4460,189.0565,12.1938,-36.0208,-36.0257
280.000000,16,13.4460,189.0244,15.4055,-32.7769,-32.7876
280.000000,17,13.4460,188.9953,16.3871,-31.7662,-31.7802
280.000000,18,13.4460,188.9693,15.4171,-32.7103,-32.7222
280.000000,19,13.4460,188.9464,12.9925,-35.1119,-35.1179
280.000000,20,13.4460,188.8891,10.6779,-37.3693,-37.3725
280.000000,21,13.4460,188.8564,14.4844,-33.5301,-33.5380
280.000000,22,13.4460,188.8268,15.8293,-32.1556,-32.1669
280.000000,23,13.4460,188.8003,15.1390,-32.8193,-32.8295
280.000000,24,13.4460,188.7769,12.5832,-35.3517,-35.3573
281.000000,0,13.3346,189.6006,15.4855,-33.2732,-33.2867
281.000000,1,13.3346,189.5700,17.1589,-31.5692,-31.5907
281.000000,2,13.3346,189.5424,17.2237,-31.4767,-31.4995
281.000000,3,13.3346,189.5178,16.1039,-32.5720,-32.5879
281.000000,4,13.3346,189.4963,13.8051,-34.8492,-34.8559
281.000000,5,13.3346,189.4323,14.6581,-33.9323,-33.9426
281.000000,6,13.3346,189.4013,16.7577,-31.8016,-31.8196
281.000000,7,13.3346,189.3733,17.1033,-31.4280,-31.4484
281.000000,8,13.3346,189.3483,15.9381,-32.5682,-32.5834
281.000000,9,13.3346,189.3264,13.7445,-34.7399,-34.7466
281.000000,10,13.3346,189.2645,13.6386,-34.7840,-34.7916
281.000000,11,13.3346,189.2331,16.2193,-32.1718,-32.1863
281.000000,12,13.3346,189.2046,16.8671,-31.4956,-31.5132
281.000000,13,13.3346,189.1792,15.7461,-32.5911,-32.6051
281.000000,14,13.3346,189.1569,13.5537,-34.7613,-34.7679
281.000000,15,13.3346,189.0971,12.3896,-35.8656,-35.8708
281.000000,16,13.3346,189.0651,15.5219,-32.7012,-32.7125
281.000000,17,13.3346,189.0361,16.4976,-31.6966,-31.7113
281.000000,18,13.3346,189.0103,15.5389,-32.6294,-32.6418
281.000000,19,13.3346,188.9875,13.2071,-34.9384,-34.9447
281.000000,20,13.3346,188.9298,10.8686,-37.2192,-37.2226
281.000000,21,13.3346,188.8972,14.6378,-33.4175,-33.4259
281.000000,22,13.3346,188.8677,15.9724,-32.0533,-32.0653
281.000000,23,13.3346,188.8413,15.2909,-32.7084,-32.7192
281.000000,24,13.3346,188.8180,12.8005,-35.1756,-35.1815
282.000000,0,13.2238,189.6414,15.5694,-33.2300,-33.2439
282.000000,1,13.2238,189.6109,17.1990,-31.5699,-31.5920
282.000000,2,13.2238,189.5834,17.2678,-31.4736,-31.4970
282.000000,3,13.2238,189.5589,16.1990,-32.5179,-32.5344
282.000000,4,13.2238,189.5374,13.9326,-34.7629,-34.7698
282.000000,5,13.2238,189.4730,14.7689,-33.8621,-33.8729
282.000000,6,13.2238,189.4421,16.8164,-31.7837,-31.8023
282.000000,7,13.2238,189.4142,17.1629,-31.4093,-31.4303
282.000000,8,13.2238,189.3893,16.0324,-32.5149,-32.5306
282.000000,9,13.2238,189.3675,13.8904,-34.6351,-34.6421
282.000000,10,13.2238,189.3052,13.7828,-34.6804,-34.6883
282.000000,11,13.2238,189.2738,16.3008,-32.1311,-32.1462
282.000000,12,13.2238,189.2454,16.9462,-31.4573,-31.4756
282.000000,13,13.2238,189.2202,15.8614,-32.5168,-32.5314
282.000000,14,13.2238,189.1979,13.7242,-34.6318,-34.6387
282.000000,15,13.2238,189.1377,12.5757,-35.7200,-35.7255
282.000000,16,13.2238,189.1058,15.6315,-32.6323,-32.6442
282.000000,17,13.2238,189.0770,16.6012,-31.6339,-31.6493
282.000000,18,13.2238,189.0512,15.6536,-32.5557,-32.5688
282.000000,19,13.2238,189.0286,13.4104,-34.7762,-34.7828
282.000000,20,13.2238,188.9704,11.1006,-37.0279,-37.0315
282.000000,21,13.2238,188.9379,14.7825,-33.3135,-33.3224
282.000000,22,13.2238,188.9086,16.1068,-31.9598,-31.9723
282.000000,23,13.2238,188.8823,15.4337,-32.6066,-32.6180
282.000000,24,13.2238,188.8592,13.0058,-35.0114,-35.0177
283.000000,0,13.1136,189.6822,15.6489,-33.1914,-33.2056
283.000000,1,13.1136,189.6518,17.2357,-31.5742,-31.5968
283.000000,2,13.1136,189.6244,17.3083,-31.4742,-31.4981
283.000000,3,13.1136,189.6000,16.2891,-32.4689,-32.4858
283.000000,4,13.1136,189.5786,14.0544,-34.6822,-34.6894
283.000000,5,13.1136,189.5137,14.8741,-33.7976,-33.8087
283.000000,6,13.1136,189.4829,16.8708,-31.7701,-31.7893
283.000000,7,13.1136,189.4551,17.2182,-31.3949,-31.4166
283.000000,8,13.1136,189.4303,16.1215,-32.4669,-32.4831
283.000000,9,13.1136,189.4085,14.0295,-34.5370,-34.5444
283.000000,10,13.1136,189.3458,13.9199,-34.5839,-34.5922
283.000000,11,13.1136,189.3145,16.3770,-32.0956,-32.1113
283.000000,12,13.1136,189.2863,17.0200,-31.4243,-31.4433
283.000000,13,13.1136,189.2611,15.9702,-32.4489,-32.4640
283.000000,14,13.1136,189.2390,13.8863,-34.5107,-34.5180
283.000000,15,13.1136,189.1783,12.7528,-35.5835,-35.5893
283.000000,16,13.1136,189.1466,15.7347,-32.5699,-32.5823
283.000000,17,13.1136,189.1178,16.6982,-31.5777,-31.5937
283.000000,18,13.1136,189.0922,15.7613,-32.4889,-32.5026
283.000000,19,13.1136,189.0696,13.6031,-34.6245,-34.6315
283.000000,20,13.1136,189.0110,11.3286,-36.8404,-36.8443
283.000000,21,13.1136,188.9787,14.9191,-33.2177,-33.2270
283.000000,22,13.1136,188.9495,16.2331,-31.8744,-31.8876
283.000000,23,13.1136,188.9233,15.5680,-32.5134,-32.5253
283.000000,24,13.1136,188.9003,13.2000,-34.8584,-34.8650
284.000000,0,13.0039,189.7231,15.7241,-33.1571,-33.1716
284.000000,1,13.0039,189.6927,17.2690,-31.5818,-31.6049
284.000000,2,13.0039,189.6654,17.3452,-31.4782,-31.5027
284.000000,3,13.0039,189.6411,16.3745,-32.4246,-32.4420
284.000000,4,13.0039,189.6198,14.1708,-34.6070,-34.6145
284.000000,5,13.0039,189.5544,14.9741,-33.7384,-33.7498
284.000000,6,13.0039,189.5237,16.9212,-31.7605,-31.7803
284.000000,7,13.0039,189.4960,17.2693,-31.3847,-31.4071
284.000000,8,13.0039,189.4713,16.2054,-32.4239,-32.4407
284.000000,9,13.0039,189.4496,14.1621,-34.4455,-34.4531
284.000000,10,13.0039,189.3864,14.0504,-34.4941,-34.5027
284.000000,11,13.0039,189.3553,16.4483,-32.0650,-32.0813
284.000000,12,13.0039,189.3271,17.0888,-31.3964,-31.4161
284.000000,13,13.0039,189.3020,16.0730,-32.3871,-32.4028
284.000000,14,13.0039,189.2800,14.0404,-34.3976,-34.4052
284.000000,15,13.0039,189.2189,12.9214,-35.4556,-35.4617
284.000000,16,13.0039,189.1873,15.8317,-32.5136,-32.5266
284.000000,17,13.0039,189.1587,16.7891,-31.5276,-31.5444
284.000000,18,13.0039,189.1331,15.8626,-32.4286,-32.4429
284.000000,19,13.0039,189.1107,13.7858,-34.4829,-34.4902
284.000000,20,13.0039,189.0516,11.5455,-36.6642,-36.6683
284.000000,21,13.0039,189.0194,15.0479,-33.1296,-33.1394
284.000000,22,13.0039,188.9903,16.3517,-31.7967,-31.8105
284.000000,23,13.0039,188.9643,15.6942,-32.4281,-32.4407
284.000000,24,13.0039,188.9414,13.3836,-34.7158,-34.7227
285.000000,0,12.8948,189.7640,15.7952,-33.1268,-33.1417
285.000000,1,12.8948,189.7337,17.2991,-31.5926,-31.6162
285.000000,2,12.8948,189.7065,17.3788,-31.4857,-31.5107
285.000000,3,12.8948,189.6822,16.4553,-32.3849,-32.4027
285.000000,4,12.8948,189.6610,14.2819,-34.5371,-34.5449
285.000000,5,12.8948,189.5952,15.0690,-33.6842,-33.6960
285.000000,6,12.8948,189.5645,16.9678,-31.7548,-31.7751
285.000000,7,12.8948,189.5369,17.3164,-31.3786,-31.4015
285.000000,8,12.8948,189.5123,16.2846,-32.3857,-32.4030
285.000000,9,12.8948,189.4907,14.2886,-34.3602,-34.3681
285.000000,10,12.8948,189.4271,14.1745,-34.4106,-34.4196
285.000000,11,12.8948,189.3960,16.5149,-32.0392,-32.0560
285.000000,12,12.8948,189.3680,17.1528,-31.3733,-31.3936
285.000000,13,12.8948,189.3430,16.1699,-32.3311,-32.3474
285.000000,14,12.8948,189.3211,14.1871,-34.2920,-34.2999
285.000000,15,12.8948,189.2595,13.0819,-35.3357,-35.3421
285.000000,16,12.8948,189.2280,15.9229,-32.4632,-32.4767
285.000000,17,12.8948,189.1995,16.8741,-31.4835,-31.5009
285.000000,18,12.8948,189.1741,15.9576,-32.3745,-32.3894
285.000000,19,12.8948,189.1517,13.9592,-34.3505,-34.3582
285.000000,20,12.8948,189.0922,11.7518,-36.4985,-36.5028
285.000000,21,12.8948,189.0602,15.1694,-33.0488,-33.0591
285.000000,22,12.8948,189.0312,16.4629,-31.7263,-31.7408
285.000000,23,12.8948,189.0053,15.8128,-32.3505,-32.3636
285.000000,24,12.8948,188.9825,13.5802,-34.5602,-34.5676
286.000000,0,12.7862,189.8049,15.8625,-33.1005,-33.1157
286.000000,1,12.7862,189.7747,17.3262,-31.6065,-31.6306
286.000000,2,12.7862,189.7475,17.4093,-31.4963,-31.5219
286.000000,3,12.7862,189.7234,16.5319,-32.3495,-32.3678
286.000000,4,12.7862,189.7022,14.3881,-34.4722,-34.4802
286.000000,5,12.7862,189.6359,15.1591,-33.6349,-33.6471
286.000000,6,12.7862,189.6054,17.0106,-31.7528,-31.7737
286.000000,7,12.7862,189.5779,17.3597,-31.3762,-31.3997
286.000000,8,12.7862,189.5533,16.3592,-32.3522,-32.3700
286.000000,9,12.7862,189.5318,14.4091,-34.2808,-34.2890
286.000000,10,12.7862,189.4678,14.2926,-34.3332,-34.3424
286.000000,11,12.7862,189.4368,16.5770,-32.0179,-32.0353
286.000000,12,12.7862,189.4089,17.2122,-31.3547,-31.3757
286.000000,13,12.7862,189.3840,16.2613,-32.2807,-32.2975
286.000000,14,12.7862,189.3621,14.3267,-34.1934,-34.2017
286.000000,15,12.7862,189.3002,13.2347,-35.2235,-35.2302
286.000000,16,12.7862,189.2687,16.0085,-32.4183,-32.4323
286.000000,17,12.7862,189.2404,16.9535,-31.4449,-31.4630
286.000000,18,12.7862,189.2150,16.0527,-32.3203,-32.3358
286.000000,19,12.7862,189.1928,14.1238,-34.2269,-34.2350
286.000000,20,12.7862,189.1329,11.9482,-36.3427,-36.3473
286.000000,21,12.7862,189.1009,15.2841,-32.9749,-32.9857
286.000000,22,12.7862,189.0721,16.5673,-31.6628,-31.6779
286.000000,23,12.7862,189.0462,15.9242,-32.2801,-32.2938
286.000000,24,12.7862,189.0235,13.7778,-34.4037,-34.4114
287.000000,0,12.6782,189.8459,15.9260,-33.0779,-33.0935
287.000000,1,12.6782,189.8158,17.3504,-31.6234,-31.6479
287.000000,2,12.6782,189.7887,17.4366,-31.5101,-31.5362
287.000000,3,12.6782,189.7646,16.6042,-32.3184,-32.3370
287.000000,4,12.6782,189.7435,14.4895,-34.4120,-34.4203
287.000000,5,12.6782,189.6768,15.2446,-33.5902,-33.6027
287.000000,6,12.6782,189.6463,17.0499,-31.7544,-31.7758
287.000000,7,12.6782,189.6188,17.3994,-31.3775,-31.4016
287.000000,8,12.6782,189.5944,16.4356,-32.3168,-32.3351
287.000000,9,12.6782,189.5730,14.5241,-34.2069,-34.2155
287.000000,10,12.6782,189.5085,14.4050,-34.2615,-34.2711
287.000000,11,12.6782,189.4776,16.6348,-32.0009,-32.0188
287.000000,12,12.6782,189.4498,17.2672,-31.3406,-31.3622
287.000000,13,12.6782,189.4250,16.3475,-32.2355,-32.2529
287.000000,14,12.6782,189.4032,14.4596,-34.1016,-34.1102
287.000000,15,12.6782,189.3408,13.3803,-35.1186,-35.1256
287.000000,16,12.6782,189.3095,16.0889,-32.3787,-32.3933
287.000000,17,12.6782,189.2812,17.0276,-31.4116,-31.4304
287.000000,18,12.6782,189.2560,16.1592,-32.2548,-32.2709
287.000000,19,12.6782,189.2338,14.2802,-34.1117,-34.1201
287.000000,20,12.6782,189.1735,12.1353,-36.1962,-36.2011
287.000000,21,12.6782,189.1417,15.3921,-32.9076,-32.9190
287.000000,22,12.6782,189.1129,16.6651,-31.6058,-31.6217
287.000000,23,12.6782,189.0872,16.0288,-32.2164,-32.2308
287.000000,24,12.6782,189.0646,13.9650,-34.2577,-34.2657
288.000000,0,12.5707,189.8869,15.9860,-33.0589,-33.0748
288.000000,1,12.5707,189.8569,17.3718,-31.6431,-31.6681
288.000000,2,12.5707,189.8298,17.4611,-31.5268,-31.5534
288.000000,3,12.5707,189.8058,16.6727,-32.2911,-32.3102
288.000000,4,12.5707,189.7848,14.5864,-34.3564,-34.3650
288.000000,5,12.5707,189.7176,15.3257,-33.5500,-33.5628
288.000000,6,12.5707,189.6872,17.0859,-31.7594,-31.7812
288.000000,7,12.5707,189.6599,17.4356,-31.3823,-31.4069
288.000000,8,12.5707,189.6355,16.5189,-32.2746,-32.2934
288.000000,9,12.5707,189.6141,14.6337,-34.1385,-34.1473
288.000000,10,12.5707,189.5492,14.5119,-34.1953,-34.2052
288.000000,11,12.5707,189.5184,16.6885,-31.9880,-32.0065
288.000000,12,12.5707,189.4907,17.3181,-31.3306,-31.3529
288.000000,13,12.5707,189.4660,16.4287,-32.1953,-32.2133
288.000000,14,12.5707,189.4443,14.5861,-34.0162,-34.0251
288.000000,15,12.5707,189.3814,13.5190,-35.0205,-35.0278
288.000000,16,12.5707,189.3502,16.1642,-32.3441,-32.3592
288.000000,17,12.5707,189.3221,17.0967,-31.3834,-31.4029
288.000000,18,12.5707,189.2969,16.2595,-32.1954,-32.2121
288.000000,19,12.5707,189.2748,14.4287,-34.0042,-34.0130
288.000000,20,12.5707,189.2141,12.3135,-36.0586,-36.0637
288.000000,21,12.5707,189.1824,15.4939,-32.8465,-32.8584
288.000000,22,12.5707,189.1538,16.7567,-31.5551,-31.5716
288.000000,23,12.5707,189.1282,16.1269,-32.1593,-32.1743
288.000000,24,12.5707,189.1057,14.1423,-34.1214,-34.1298
289.000000,0,12.4638,189.9280,16.0426,-33.0434,-33.0596
289.000000,1,12.4638,189.8980,17.3905,-31.6656,-31.6910
289.000000,2,12.4638,189.8711,17.4827,-31.5464,-31.5734
289.000000,3,12.4638,189.8471,16.7374,-32.2677,-32.2872
289.000000,4,12.4638,189.8261,14.6789,-34.3053,-34.3141
289.000000,5,12.4638,189.7585,15.4026,-33.5139,-33.5271
289.000000,6,12.4638,189.7282,17.1186,-31.7676,-31.7900
289.000000,7,12.4638,189.7009,17.4685,-31.3904,-31.4157
289.000000,8,12.4638,189.6766,16.5977,-32.2370,-32.2562
289.000000,9,12.4638,189.6553,14.7383,-34.0751,-34.0842
289.000000,10,12.4638,189.5899,14.6136,-34.1343,-34.1446
289.000000,11,12.4638,189.5593,16.7383,-31.9791,-31.9981
289.000000,12,12.4638,189.5316,17.3650,-31.3246,-31.3475
289.000000,13,12.4638,189.5070,16.5051,-32.1599,-32.1784
289.000000,14,12.4638,189.4854,14.7065,-33.9369,-33.9461
289.000000,15,12.4638,189.4221,13.6511,-34.9290,-34.9366
289.000000,16,12.4638,189.3910,16.2347,-32.3143,-32.3300
289.000000,17,12.4638,189.3629,17.1610,-31.3600,-31.3802
289.000000,18,12.4638,189.3379,16.3541,-32.1418,-32.1591
289.000000,19,12.4638,189.3159,14.5698,-33.9041,-33.9133
289.000000,20,12.4638,189.2547,12.4835,-35.9293,-35.9346
289.000000,21,12.4638,189.2231,15.5898,-32.7914,-32.8038
289.000000,22,12.4638,189.1946,16.8425,-31.5102,-31.5274
289.000000,23,12.4638,189.1691,16.2189,-32.1082,-32.1239
289.000000,24,12.4638,189.1467,14.3104,-33.9944,-34.0032
290.000000,0,12.3575,189.9692,16.0959,-33.0313,-33.0477
290.000000,1,12.3575,189.9392,17.4066,-31.6907,-31.7165
290.000000,2,12.3575,189.9123,17.5016,-31.5687,-31.5962
290.000000,3,12.3575,189.8884,16.7984,-32.2480,-32.2679
290.000000,4,12.3575,189.8675,14.7673,-34.2583,-34.2673
290.000000,5,12.3575,189.7994,15.4755,-33.4819,-33.4954
290.000000,6,12.3575,189.7692,17.1482,-31.7790,-31.8019
290.000000,7,12.3575,189.7420,17.4982,-31.4018,-31.4276
290.000000,8,12.3575,189.7178,16.6722,-32.2036,-32.2233
290.000000,9,12.3575,189.6966,14.8380,-34.0166,-34.0260
290.000000,10,12.3575,189.6307,14.7104,-34.0784,-34.0889
290.000000,11,12.3575,189.6001,16.7843,-31.9739,-31.9935
290.000000,12,12.3575,189.5726,17.4081,-31.3225,-31.3460
290.000000,13,12.3575,189.5480,16.5770,-32.1291,-32.1481
290.000000,14,12.3575,189.5265,14.8212,-33.8633,-33.8729
290.000000,15,12.3575,189.4628,13.7771,-34.8437,-34.8516
290.000000,16,12.3575,189.4318,16.3006,-32.2892,-32.3054
290.000000,17,12.3575,189.4038,17.2206,-31.3412,-31.3621
290.000000,18,12.3575,189.3789,16.4433,-32.0936,-32.1115
290.000000,19,12.3575,189.3570,14.7040,-33.8110,-33.8205
290.000000,20,12.3575,189.2954,12.6455,-35.8078,-35.8135
290.000000,21,12.3575,189.2639,15.6800,-32.7419,-32.7549
290.000000,22,12.3575,189.2355,16.9226,-31.4709,-31.4888
290.000000,23,12.3575,189.2101,16.3051,-32.0630,-32.0793
290.000000,24,12.3575,189.1878,14.4698,-33.8760,-33.8852
291.000000,0,12.2516,190.0104,16.1461,-33.0223,-33.0390
291.000000,1,12.2516,189.9805,17.4203,-31.7183,-31.7444
291.000000,2,12.2516,189.9536,17.5179,-31.5937,-31.6216
291.000000,3,12.2516,189.9298,16.8561,-32.2318,-32.2520
291.000000,4,12.2516,189.9090,14.8516,-34.2153,-34.2246
291.000000,5,12.2516,189.8404,15.5446,-33.4538,-33.4676
291.000000,6,12.2516,189.8102,17.1749,-31.7934,-31.8167
291.000000,7,12.2516,189.7831,17.5248,-31.4163,-31.4426
291.000000,8,12.2516,189.7590,16.7425,-32.1745,-32.1946
291.000000,9,12.2516,189.7378,14.9331,-33.9628,-33.9725
291.000000,10,12.2516,189.6715,14.8024,-34.0271,-34.0380
291.000000,11,12.2516,189.6410,16.8267,-31.9724,-31.9925
291.000000,12,12.2516,189.6135,17.4476,-31.3240,-31.3481
291.000000,13,12.2516,189.5891,16.6445,-32.1026,-32.1221
291.000000,14,12.2516,189.5676,14.9304,-33.7953,-33.8052
291.000000,15,12.2516,189.5035,13.8971,-34.7644,-34.7726
291.000000,16,12.2516,189.4726,16.3622,-32.2684,-32.2852
291.000000,17,12.2516,189.4447,17.2759,-31.3268,-31.3483
291.000000,18,12.2516,189.4199,16.5272,-32.0507,-32.0692
291.000000,19,12.2516,189.3980,14.8315,-33.7246,-33.7345
291.000000,20,12.2516,189.3360,12.8001,-35.6939,-35.6998
291.000000,21,12.2516,189.3046,15.7648,-32.6979,-32.7113
291.000000,22,12.2516,189.2763,16.9973,-31.4370,-31.4556
291.000000,23,12.2516,189.2510,16.3858,-32.0233,-32.0402
291.000000,24,12.2516,189.2288,14.6211,-33.7658,-33.7754
292.000000,0,12.1463,190.0516,16.1933,-33.0163,-33.0333
292.000000,1,12.1463,190.0218,17.4315,-31.7483,-31.7749
292.000000,2,12.1463,189.9950,17.5382,-31.6149,-31.6432
292.000000,3,12.1463,189.9712,16.9104,-32.2189,-32.2395
292.000000,4,12.1463,189.9504,14.9322,-34.1763,-34.1858
292.000000,5,12.1463,189.8814,15.6100,-33.4294,-33.4435
292.000000,6,12.1463,189.8513,17.1986,-31.8107,-31.8345
292.000000,7,12.1463,189.8242,17.5486,-31.4337,-31.4605
292.000000,8,12.1463,189.8002,16.8090,-32.1492,-32.1698
292.000000,9,12.1463,189.7791,15.0237,-33.9134,-33.9234
292.000000,10,12.1463,189.7124,14.8899,-33.9805,-33.9917
292.000000,11,12.1463,189.6820,16.8656,-31.9743,-31.9949
292.000000,12,12.1463,189.6545,17.4835,-31.3290,-31.3537
292.000000,13,12.1463,189.6302,16.7079,-32.0803,-32.1003
292.000000,14,12.1463,189.6088,15.0343,-33.7325,-33.7427
292.000000,15,12.1463,189.5442,14.0116,-34.6907,-34.6992
292.000000,16,12.1463,189.5134,16.4195,-32.2519,-32.2692
292.000000,17,12.1463,189.4856,17.3270,-31.3167,-31.3388
292.000000,18,12.1463,189.4609,16.6061,-32.0128,-32.0318
292.000000,19,12.1463,189.4391,14.9528,-33.6444,-33.6547
292.000000,20,12.1463,189.3767,12.9476,-35.5871,-35.5932
292.000000,21,12.1463,189.3454,15.8445,-32.6589,-32.6729
292.000000,22,12.1463,189.3172,17.0671,-31.4082,-31.4274
292.000000,23,12.1463,189.2920,16.4612,-31.9889,-32.0064
292.000000,24,12.1463,189.2699,14.7646,-33.6633,-33.6733
293.000000,0,12.0415,190.0929,16.2377,-33.0133,-33.0306
293.000000,1,12.0415,190.0632,17.4405,-31.7807,-31.8076
293.000000,2,12.0415,190.0364,17.5639,-31.6306,-31.6593
293.000000,3,12.0415,190.0127,16.9615,-32.2092,-32.2301
293.000000,4,12.0415,189.9920,15.0091,-34.1409,-34.1507
293.000000,5,12.0415,189.9225,15.6719,-33.4086,-33.4230
293.000000,6,12.0415,189.8925,17.2197,-31.8308,-31.8550
293.000000,7,12.0415,189.8654,17.5695,-31.4540,-31.4813
293.000000,8,12.0415,189.8414,16.8717,-32.1278,-32.1487
293.000000,9,12.0415,189.8205,15.1101,-33.8684,-33.8786
293.000000,10,12.0415,189.7532,14.9731,-33.9382,-33.9497
293.000000,11,12.0415,189.7229,16.9013,-31.9796,-32.0007
293.000000,12,12.0415,189.6956,17.5162,-31.3375,-31.3627
293.000000,13,12.0415,189.6713,16.7674,-32.0620,-32.0825
293.000000,14,12.0415,189.6500,15.1333,-33.6747,-33.6852
293.000000,15,12.0415,189.5850,14.1206,-34.6224,-34.6312
293.000000,16,12.0415,189.5542,16.4729,-32.2394,-32.2572
293.000000,17,12.0415,189.5266,17.3741,-31.3105,-31.3333
293.000000,18,12.0415,189.5019,16.6803,-31.9796,-31.9992
293.000000,19,12.0415,189.4802,15.0680,-33.5702,-33.5808
293.000000,20,12.0415,189.4173,13.0884,-35.4870,-35.4934
293.000000,21,12.0415,189.3862,15.9193,-32.6249,-32.6394
293.000000,22,12.0415,189.3581,17.1319,-31.3842,-31.4041
293.000000,23,12.0415,189.3330,16.5316,-31.9595,-31.9777
293.000000,24,12.0415,189.3110,14.9009,-33.5681,-33.5785
294.000000,0,11.9372,190.1343,16.2792,-33.0131,-33.0307
294.000000,1,11.9372,190.1046,17.4474,-31.8153,-31.8425
294.000000,2,11.9372,190.0779,17.5871,-31.6489,-31.6779
294.000000,3,11.9372,190.0542,17.0096,-32.2026,-32.2239
294.000000,4,11.9372,190.0336,15.0825,-34.1091,-34.1192
294.000000,5,11.9372,189.9636,15.7304,-33.3912,-33.4058
294.000000,6,11.9372,189.9336,17.2381,-31.8535,-31.8781
294.000000,7,11.9372,189.9067,17.5877,-31.4771,-31.5047
294.000000,8,11.9372,189.8828,16.9308,-32.1100,-32.1313
294.000000,9,11.9372,189.8618,15.1925,-33.8274,-33.8379
294.000000,10,11.9372,189.7942,15.0521,-33.9001,-33.9119
294.000000,11,11.9372,189.7639,16.9338,-31.9881,-32.0097
294.000000,12,11.9372,189.7367,17.5456,-31.3491,-31.3749
294.000000,13,11.9372,189.7124,16.8230,-32.0474,-32.0684
294.000000,14,11.9372,189.6912,15.2276,-33.6217,-33.6325
294.000000,15,11.9372,189.6257,14.2245,-34.5592,-34.5683
294.000000,16,11.9372,189.5951,16.5224,-32.2307,-32.2490
294.000000,17,11.9372,189.5675,17.4174,-31.3082,-31.3316
294.000000,18,11.9372,189.5429,16.7500,-31.9509,-31.9711
294.000000,19,11.9372,189.5213,15.1777,-33.5017,-33.5127
294.000000,20,11.9372,189.4580,13.2227,-35.3933,-35.4000
294.000000,21,11.9372,189.4270,15.9894,-32.5956,-32.6106
294.000000,22,11.9372,189.3990,17.1922,-31.3648,-31.3854
294.000000,23,11.9372,189.3740,16.5971,-31.9349,-31.9537
294.000000,24,11.9372,189.3520,15.0303,-33.4798,-33.4906
295.000000,0,11.8335,190.1758,16.3268,-33.0070,-33.0248
295.000000,1,11.8335,190.1461,17.4536,-31.8505,-31.8781
295.000000,2,11.8335,190.1194,17.6079,-31.6696,-31.6989
295.000000,3,11.8335,190.0958,17.0548,-32.1990,-32.2206
295.000000,4,11.8335,190.0752,15.1525,-34.0808,-34.0910
295.000000,5,11.8335,190.0048,15.7857,-33.3771,-33.3920
295.000000,6,11.8335,189.9749,17.2540,-31.8789,-31.9038
295.000000,7,11.8335,189.9480,17.6033,-31.5027,-31.5308
295.000000,8,11.8335,189.9241,16.9865,-32.0956,-32.1174
295.000000,9,11.8335,189.9033,15.2710,-33.7903,-33.8011
295.000000,10,11.8335,189.8351,15.1272,-33.8660,-33.8780
295.000000,11,11.8335,189.8049,16.9633,-31.9997,-32.0217
295.000000,12,11.8335,189.7778,17.5720,-31.3638,-31.3901
295.000000,13,11.8335,189.7536,16.8751,-32.0366,-32.0580
295.000000,14,11.8335,189.7324,15.3173,-33.5732,-33.5844
295.000000,15,11.8335,189.6665,14.3236,-34.5010,-34.5104
295.000000,16,11.8335,189.6360,16.5683,-32.2257,-32.2446
295.000000,17,11.8335,189.6085,17.4570,-31.3096,-31.3335
295.000000,18,11.8335,189.5840,16.8154,-31.9266,-31.9473
295.000000,19,11.8335,189.5625,15.2819,-33.4386,-33.4500
295.000000,20,11.8335,189.4987,13.3510,-35.3058,-35.3128
295.000000,21,11.8335,189.4678,16.0551,-32.5707,-32.5863
295.000000,22,11.8335,189.4399,17.2480,-31.3499,-31.3711
295.000000,23,11.8335,189.4150,16.6658,-31.9072,-31.9266
295.000000,24,11.8335,189.3931,15.1532,-33.3980,-33.4092
296.000000,0,11.7302,190.2173,16.3898,-32.9855,-33.0035
296.000000,1,11.7302,190.1877,17.4821,-31.8636,-31.8914
296.000000,2,11.7302,190.1611,17.6264,-31.6927,-31.7224
296.000000,3,11.7302,190.1375,17.0973,-32.1983,-32.2201
296.000000,4,11.7302,190.1170,15.2192,-34.0558,-34.0662
296.000000,5,11.7302,190.0460,15.8490,-33.3550,-33.3702
296.000000,6,11.7302,190.0162,17.2676,-31.9066,-31.9320
296.000000,7,11.7302,189.9893,17.6164,-31.5309,-31.5594
296.000000,8,11.7302,189.9655,17.0390,-32.0846,-32.1067
296.000000,9,11.7302,189.9447,15.3458,-33.7570,-33.7681
296.000000,10,11.7302,189.8761,15.1985,-33.8357,-33.8481
296.000000,11,11.7302,189.8460,16.9899,-32.0142,-32.0366
296.000000,12,11.7302,189.8189,17.5954,-31.3815,-31.4083
296.000000,13,11.7302,189.7948,16.9237,-32.0292,-32.0511
296.000000,14,11.7302,189.7737,15.4026,-33.5291,-33.5406
296.000000,15,11.7302,189.7074,14.4179,-34.4475,-34.4572
296.000000,16,11.7302,189.6769,16.6107,-32.2243,-32.2436
296.000000,17,11.7302,189.6495,17.4931,-31.3144,-31.3390
296.000000,18,11.7302,189.6251,16.8767,-31.9064,-31.9276
296.000000,19,11.7302,189.6037,15.3810,-33.3807,-33.3924
296.000000,20,11.7302,189.5395,13.4734,-35.2241,-35.2313
296.000000,21,11.7302,189.5086,16.1165,-32.5502,-32.5662
296.000000,22,11.7302,189.4808,17.2997,-31.3392,-31.3610
296.000000,23,11.7302,189.4560,16.7430,-31.8710,-31.8910
296.000000,24,11.7302,189.4342,15.2698,-33.3224,-33.3340
297.000000,0,11.6274,190.2589,16.4497,-32.9672,-32.9854
297.000000,1,11.6274,190.2293,17.5083,-31.8791,-31.9072
297.000000,2,11.6274,190.2028,17.6427,-31.7181,-31.7480
297.000000,3,11.6274,190.1792,17.1370,-32.2003,-32.2224
297.000000,4,11.6274,190.1587,15.2829,-34.0339,-34.0446
297.000000,5,11.6274,190.0873,15.9265,-33.3188,-33.3342
297.000000,6,11.6274,190.0575,17.3044,-31.9112,-31.9368
297.000000,7,11.6274,190.0307,17.6272,-31.5616,-31.5905
297.000000,8,11.6274,190.0070,17.0883,-32.0768,-32.0992
297.000000,9,11.6274,189.9863,15.4170,-33.7273,-33.7386
297.000000,10,11.6274,189.9172,15.2803,-33.7950,-33.8076
297.000000,11,11.6274,189.8871,17.0137,-32.0315,-32.0544
297.000000,12,11.6274,189.8601,17.6161,-31.4021,-31.4293
297.000000,13,11.6274,189.8361,16.9690,-32.0251,-32.0475
297.000000,14,11.6274,189.8151,15.4839,-33.4892,-33.5010
297.000000,15,11.6274,189.7483,14.5078,-34.3985,-34.4085
297.000000,16,11.6274,189.7179,16.6496,-32.2263,-32.2461
297.000000,17,11.6274,189.6905,17.5259,-31.3227,-31.3478
297.000000,18,11.6274,189.6662,16.9341,-31.8901,-31.9118
297.000000,19,11.6274,189.6448,15.4752,-33.3277,-33.3397
297.000000,20,11.6274,189.5802,13.5903,-35.1480,-35.1555
297.000000,21,11.6274,189.5495,16.1738,-32.5337,-32.5503
297.000000,22,11.6274,189.5217,17.3473,-31.3325,-31.3550
297.000000,23,11.6274,189.4970,16.8154,-31.8396,-31.8602
297.000000,24,11.6274,189.4753,15.3806,-33.2527,-33.2647
298.000000,0,11.5252,190.3006,16.5066,-32.9520,-32.9704
298.000000,1,11.5252,190.2710,17.5321,-31.8970,-31.9253
298.000000,2,11.5252,190.2445,17.6569,-31.7456,-31.7759
298.000000,3,11.5252,190.2210,17.1742,-32.2049,-32.2273
298.000000,4,11.5252,190.2006,15.3435,-34.0151,-34.0260
298.000000,5,11.5252,190.1287,16.0004,-33.2863,-33.3019
298.000000,6,11.5252,190.0989,17.3396,-31.9173,-31.9433
298.000000,7,11.5252,190.0722,17.6357,-31.5945,-31.6238
298.000000,8,11.5252,190.0485,17.1345,-32.0720,-32.0948
298.000000,9,11.5252,190.0278,15.4848,-33.7011,-33.7127
298.000000,10,11.5252,189.9583,15.3747,-33.7416,-33.7546
298.000000,11,11.5252,189.9283,17.0587,-32.0277,-32.0509
298.000000,12,11.5252,189.9013,17.6340,-31.4254,-31.4531
298.000000,13,11.5252,189.8774,17.0246,-32.0108,-32.0336
298.000000,14,11.5252,189.8564,15.5611,-33.4533,-33.4654
298.000000,15,11.5252,189.7892,14.6115,-34.3357,-34.3459
298.000000,16,11.5252,189.7589,16.6854,-32.2315,-32.2518
298.000000,17,11.5252,189.7316,17.5554,-31.3342,-31.3598
298.000000,18,11.5252,189.7073,16.9877,-31.8777,-31.8999
298.000000,19,11.5252,189.6861,15.5647,-33.2794,-33.2917
298.000000,20,11.5252,189.6210,13.7019,-35.0771,-35.0849
298.000000,21,11.5252,189.5903,16.2272,-32.5212,-32.5382
298.000000,22,11.5252,189.5627,17.3911,-31.3297,-31.3527
298.000000,23,11.5252,189.5381,16.8834,-31.8127,-31.8339
298.000000,24,11.5252,189.5164,15.4858,-33.1886,-33.2010
299.000000,0,11.4234,190.3423,16.5606,-32.9398,-32.9584
299.000000,1,11.4234,190.3128,17.5537,-31.9172,-31.9458
299.000000,2,11.4234,190.2864,17.6691,-31.7753,-31.8058
299.000000,3,11.4234,190.2629,17.2089,-32.2120,-32.2347
299.000000,4,11.4234,190.2425,15.4013,-33.9993,-34.0104
299.000000,5,11.4234,190.1701,16.0708,-33.2573,-33.2732
299.000000,6,11.4234,190.1404,17.3722,-31.9262,-31.9525
299.000000,7,11.4234,190.1137,17.6420,-31.6298,-31.6594
299.000000,8,11.4234,190.0901,17.1780,-32.0702,-32.0933
299.000000,9,11.4234,190.0695,15.5493,-33.6782,-33.6900
299.000000,10,11.4234,189.9995,15.4648,-33.6927,-33.7058
299.000000,11,11.4234,189.9696,17.1047,-32.0229,-32.0465
299.000000,12,11.4234,189.9426,17.6493,-31.4513,-31.4795
299.000000,13,11.4234,189.9187,17.0789,-31.9979,-32.0210
299.000000,14,11.4234,189.8978,15.6346,-33.4213,-33.4336
299.000000,15,11.4234,189.8302,14.7257,-34.2625,-34.2730
299.000000,16,11.4234,189.7999,16.7403,-32.2177,-32.2383
299.000000,17,11.4234,189.7727,17.5819,-31.3488,-31.3750
299.000000,18,11.4234,189.7485,17.0377,-31.8688,-31.8915
299.000000,19,11.4234,189.7273,15.6498,-33.2355,-33.2482
299.000000,20,11.4234,189.6618,13.8320,-34.9879,-34.9959
299.000000,21,11.4234,189.6312,16.2768,-32.5125,-32.5300
299.000000,22,11.4234,189.6037,17.4312,-31.3305,-31.3542
299.000000,23,11.4234,189.5791,16.9470,-31.7901,-31.8118
299.000000,24,11.4234,189.5576,15.5858,-33.1299,-33.1426
300.000000,0,11.3221,190.3842,16.6119,-32.9304,-32.9491
300.000000,1,11.3221,190.3547,17.5731,-31.9397,-31.9684
300.000000,2,11.3221,190.3283,17.6793,-31.8070,-31.8377
300.000000,3,11.3221,190.3049,17.2413,-32.2217,-32.2446
300.000000,4,11.3221,190.2845,15.4563,-33.9862,-33.9975
300.000000,5,11.3221,190.2116,16.1378,-33.2318,-33.2479
300.000000,6,11.3221,190.1820,17.4023,-31.9377,-31.9642
300.000000,7,11.3221,190.1553,17.6462,-31.6672,-31.6971
300.000000,8,11.3221,190.1317,17.2186,-32.0712,-32.0946
300.000000,9,11.3221,190.1112,15.6107,-33.6585,-33.6706
300.000000,10,11.3221,190.0407,15.5509,-33.6479,-33.6613
300.000000,11,11.3221,190.0108,17.1476,-32.0212,-32.0452
300.000000,12,11.3221,189.9840,17.6622,-31.4798,-31.5083
300.000000,13,11.3221,189.9601,17.1299,-31.9883,-32.0118
300.000000,14,11.3221,189.9393,15.7045,-33.3929,-33.4055
300.000000,15,11.3221,189.8712,14.8348,-34.1944,-34.2052
300.000000,16,11.3221,189.8410,16.7988,-32.2002,-32.2213
300.000000,17,11.3221,189.8139,17.6055,-31.3664,-31.3931
300.000000,18,11.3221,189.7897,17.0843,-31.8635,-31.8866
300.000000,19,11.3221,189.7686,15.7307,-33.1960,-33.2090
300.000000,20,11.3221,189.7027,13.9691,-34.8916,-34.8999
300.000000,21,11.3221,189.6722,16.3435,-32.4867,-32.5047
300.000000,22,11.3221,189.6447,17.4678,-31.3350,-31.3592
300.000000,23,11.3221,189.6202,17.0066,-31.7716,-31.7938
300.000000,24,11.3221,189.5988,15.6806,-33.0762,-33.0893
301.000000,0,11.2213,190.4262,16.6605,-32.9237,-32.9426
301.000000,1,11.2213,190.3967,17.5905,-31.9642,-31.9932
301.000000,2,11.2213,190.3703,17.6877,-31.8407,-31.8716
301.000000,3,11.2213,190.3470,17.2714,-32.2336,-32.2567
301.000000,4,11.2213,190.3266,15.5087,-33.9760,-33.9875
301.000000,5,11.2213,190.2532,16.2016,-33.2096,-33.2259
301.000000,6,11.2213,190.2236,17.4299,-31.9517,-31.9785
301.000000,7,11.2213,190.1970,17.6484,-31.7066,-31.7369
301.000000,8,11.2213,190.1735,17.2566,-32.0749,-32.0986
301.000000,9,11.2213,190.1529,15.6690,-33.6420,-33.6542
301.000000,10,11.2213,190.0820,15.6330,-33.6070,-33.6207
301.000000,11,11.2213,190.0522,17.1876,-32.0226,-32.0469
301.000000,12,11.2213,190.0254,17.6727,-31.5107,-31.5396
301.000000,13,11.2213,190.0016,17.1778,-31.9819,-32.0057
301.000000,14,11.2213,189.9808,15.7708,-33.3680,-33.3809
301.000000,15,11.2213,189.9122,14.9390,-34.1313,-34.1423
301.000000,16,11.2213,189.8821,16.8538,-32.1864,-32.2078
301.000000,17,11.2213,189.8551,17.6262,-31.3869,-31.4140
301.000000,18,11.2213,189.8310,17.1276,-31.8614,-31.8849
301.000000,19,11.2213,189.8099,15.8074,-33.1605,-33.1739
301.000000,20,11.2213,189.7436,14.1003,-34.8013,-34.8099
301.000000,21,11.2213,189.7131,16.4166,-32.4546,-32.4730
301.000000,22,11.2213,189.6857,17.5010,-31.3428,-31.3676
301.000000,23,11.2213,189.6613,17.0623,-31.7570,-31.7798
301.000000,24,11.2213,189.6400,15.7706,-33.0274,-33.0409
302.000000,0,11.1210,190.4682,16.7066,-32.9197,-32.9388
302.000000,1,11.1210,190.4388,17.6060,-31.9909,-32.0200
302.000000,2,11.1210,190.4124,17.6942,-31.8762,-31.9073
302.000000,3,11.1210,190.3891,17.2993,-32.2478,-32.2712
302.000000,4,11.1210,190.3688,15.5585,-33.9684,-33.9800
302.000000,5,11.1210,190.2949,16.2623,-33.1906,-33.2070
302.000000,6,11.1210,190.2653,17.4552,-31.9682,-31.9952
302.000000,7,11.1210,190.2388,17.6487,-31.7481,-31.7787
302.000000,8,11.1210,190.2153,17.2920,-32.0813,-32.1052
302.000000,9,11.1210,190.1948,15.7245,-33.6283,-33.6408
302.000000,10,11.1210,190.1233,15.7114,-33.5700,-33.5839
302.000000,11,11.1210,190.0936,17.2248,-32.0268,-32.0514
302.000000,12,11.1210,190.0668,17.6809,-31.5439,-31.5732
302.000000,13,11.1210,190.0431,17.2227,-31.9785,-32.0027
302.000000,14,11.1210,190.0224,15.8339,-33.3465,-33.3597
302.000000,15,11.1210,189.9533,15.0386,-34.0727,-34.0840
302.000000,16,11.1210,189.9233,16.9054,-32.1760,-32.1978
302.000000,17,11.1210,189.8963,17.6442,-31.4101,-31.4377
302.000000,18,11.1210,189.8723,17.1678,-31.8625,-31.8865
302.000000,19,11.1210,189.8513,15.8803,-33.1290,-33.1426
302.000000,20,11.1210,189.7845,14.2257,-34.7168,-34.7256
302.000000,21,11.1210,189.7541,16.4856,-32.4266,-32.4455
302.000000,22,11.1210,189.7268,17.5310,-31.3538,-31.3792
302.000000,23,11.1210,189.7025,17.1143,-31.7462,-31.7695
302.000000,24,11.1210,189.6812,15.8561,-32.9831,-32.9970
303.000000,0,11.0211,190.5104,16.7502,-32.9183,-32.9374
303.000000,1,11.0211,190.4810,17.6195,-32.0195,-32.0487
303.000000,2,11.0211,190.4546,17.6991,-31.9136,-31.9449
303.000000,3,11.0211,190.4313,17.3251,-32.2642,-32.2878
303.000000,4,11.0211,190.4111,15.6058,-33.9633,-33.9752
303.000000,5,11.0211,190.3366,16.3201,-33.1745,-33.1912
303.000000,6,11.0211,190.3071,17.4782,-31.9869,-32.0142
303.000000,7,11.0211,190.2806,17.6522,-31.7864,-31.8172
303.000000,8,11.0211,190.2571,17.3251,-32.0901,-32.1143
303.000000,9,11.0211,190.2367,15.7772,-33.6176,-33.6303
303.000000,10,11.0211,190.1648,15.7861,-33.5367,-33.5508
303.000000,11,11.0211,190.1351,17.2593,-32.0338,-32.0587
303.000000,12,11.0211,190.1084,17.6869,-31.5794,-31.6091
303.000000,13,11.0211,190.0847,17.2647,-31.9780,-32.0025
303.000000,14,11.0211,190.0640,15.8937,-33.3283,-33.3417
303.000000,15,11.0211,189.9945,15.1339,-34.0187,-34.0302
303.000000,16,11.0211,189.9645,16.9537,-32.1689,-32.1911
303.000000,17,11.0211,189.9376,17.6597,-31.4360,-31.4640
303.000000,18,11.0211,189.9136,17.2050,-31.8667,-31.8911
303.000000,19,11.0211,189.8927,15.9495,-33.1012,-33.1152
303.000000,20,11.0211,189.8255,14.3457,-34.6378,-34.6469
303.000000,21,11.0211,189.7952,16.5506,-32.4026,-32.4219
303.000000,22,11.0211,189.7679,17.5580,-31.3680,-31.3939
303.000000,23,11.0211,189.7437,17.1627,-31.7390,-31.7627
303.000000,24,11.0211,189.7225,15.9372,-32.9433,-32.9575
304.000000,0,10.9218,190.5527,16.7915,-32.9192,-32.9385
304.000000,1,10.9218,190.5233,17.6313,-32.0500,-32.0794
304.000000,2,10.9218,190.4970,17.7023,-31.9527,-31.9842
304.000000,3,10.9218,190.4737,17.3490,-32.2828,-32.3065
304.000000,4,10.9218,190.4535,15.6508,-33.9607,-33.9727
304.000000,5,10.9218,190.3785,16.3751,-33.1614,-33.1783
304.000000,6,10.9218,190.3490,17.4990,-32.0080,-32.0355
304.000000,7,10.9218,190.3225,17.6625,-31.8180,-31.8490
304.000000,8,10.9218,190.2991,17.3558,-32.1014,-32.1258
304.000000,9,10.9218,190.2787,15.8272,-33.6096,-33.6225
304.000000,10,10.9218,190.2063,15.8575,-33.5068,-33.5211
304.000000,11,10.9218,190.1766,17.2912,-32.0435,-32.0687
304.000000,12,10.9218,190.1499,17.6909,-31.6171,-31.6471
304.000000,13,10.9218,190.1263,17.3040,-31.9804,-32.0052
304.000000,14,10.9218,190.1057,15.9505,-33.3132,-33.3269
304.000000,15,10.9218,190.0357,15.2249,-33.9689,-33.9806
304.000000,16,10.9218,190.0058,16.9989,-32.1649,-32.1875
304.000000,17,10.9218,189.9789,17.6726,-31.4643,-31.4928
304.000000,18,10.9218,189.9550,17.2392,-31.8739,-31.8986
304.000000,19,10.9218,189.9342,16.0151,-33.0771,-33.0913
304.000000,20,10.9218,189.8665,14.4605,-34.5640,-34.5733
304.000000,21,10.9218,189.8363,16.6118,-32.3825,-32.4021
304.000000,22,10.9218,189.8091,17.5819,-31.3852,-31.4116
304.000000,23,10.9218,189.7849,17.2077,-31.7353,-31.7594
304.000000,24,10.9218,189.7638,16.0141,-32.9077,-32.9223
305.000000,0,10.8228,190.5951,16.8305,-32.9226,-32.9420
305.000000,1,10.8228,190.5657,17.6413,-32.0824,-32.1119
305.000000,2,10.8228,190.5394,17.7039,-31.9936,-32.0251
305.000000,3,10.8228,190.5161,17.3709,-32.3033,-32.3272
305.000000,4,10.8228,190.4960,15.6935,-33.9605,-33.9727
305.000000,5,10.8228,190.4204,16.4273,-33.1512,-33.1682
305.000000,6,10.8228,190.3909,17.5178,-32.0312,-32.0588
305.000000,7,10.8228,190.3645,17.6710,-31.8515,-31.8827
305.000000,8,10.8228,190.3411,17.3842,-32.1150,-32.1396
305.000000,9,10.8228,190.3208,15.8746,-33.6042,-33.6173
305.000000,10,10.8228,190.2478,15.9255,-33.4804,-33.4949
305.000000,11,10.8228,190.2182,17.3206,-32.0557,-32.0811
305.000000,12,10.8228,190.1916,17.6928,-31.6569,-31.6872
305.000000,13,10.8228,190.1680,17.3407,-31.9854,-32.0105
305.000000,14,10.8228,190.1475,16.0044,-33.3012,-33.3150
305.000000,15,10.8228,190.0770,15.3119,-33.9231,-33.9351
305.000000,16,10.8228,190.0472,17.0411,-32.1640,-32.1869
305.000000,17,10.8228,190.0203,17.6832,-31.4952,-31.5240
305.000000,18,10.8228,189.9965,17.2707,-31.8838,-31.9089
305.000000,19,10.8228,189.9757,16.0773,-33.0564,-33.0709
305.000000,20,10.8228,189.9075,14.5704,-34.4952,-34.5048
305.000000,21,10.8228,189.8774,16.6695,-32.3659,-32.3860
305.000000,22,10.8228,189.8503,17.6031,-31.4053,-31.4321
305.000000,23,10.8228,189.8262,17.2494,-31.7348,-31.7594
305.000000,24,10.8228,189.8051,16.0870,-32.8762,-32.8911
306.000000,0,10.7244,190.6376,16.8674,-32.9282,-32.9477
306.000000,1,10.7244,190.6082,17.6497,-32.1165,-32.1461
306.000000,2,10.7244,190.5819,17.7039,-32.0360,-32.0677
306.000000,3,10.7244,190.5587,17.3909,-32.3258,-32.3498
306.000000,4,10.7244,190.5385,15.7340,-33.9626,-33.9749
306.000000,5,10.7244,190.4624,16.4769,-33.1436,-33.1608
306.000000,6,10.7244,190.4330,17.5346,-32.0564,-32.0843
306.000000,7,10.7244,190.4066,17.6777,-31.8869,-31.9183
306.000000,8,10.7244,190.3832,17.4105,-32.1308,-32.1557
306.000000,9,10.7244,190.3629,15.9195,-33.6014,-33.6147
306.000000,10,10.7244,190.2895,15.9903,-33.4572,-33.4719
306.000000,11,10.7244,190.2599,17.3476,-32.0704,-32.0961
306.000000,12,10.7244,190.2333,17.6927,-31.6987,-31.7292
306.000000,13,10.7244,190.2098,17.3748,-31.9931,-32.0184
306.000000,14,10.7244,190.1893,16.0554,-33.2920,-33.3061
306.000000,15,10.7244,190.1184,15.3950,-33.8814,-33.8936
306.000000,16,10.7244,190.0886,17.0805,-32.1661,-32.1893
306.000000,17,10.7244,190.0618,17.6914,-31.5284,-31.5576
306.000000,18,10.7244,190.0380,17.2996,-31.8964,-31.9219
306.000000,19,10.7244,190.0173,16.1363,-33.0390,-33.0538
306.000000,20,10.7244,189.9487,14.6755,-34.4312,-34.4410
306.000000,21,10.7244,189.9186,16.7237,-32.3529,-32.3733
306.000000,22,10.7244,189.8915,17.6215,-31.4281,-31.4554
306.000000,23,10.7244,189.8675,17.2880,-31.7375,-31.7625
306.000000,24,10.7244,189.8465,16.1560,-32.8485,-32.8637
307.000000,0,10.6264,190.6802,16.9022,-32.9360,-32.9556
307.000000,1,10.6264,190.6508,17.6564,-32.1524,-32.1821
307.000000,2,10.6264,190.6245,17.7026,-32.0800,-32.1118
307.000000,3,10.6264,190.6013,17.4092,-32.3502,-32.3744
307.000000,4,10.6264,190.5812,15.7724,-33.9668,-33.9793
307.000000,5,10.6264,190.5046,16.5240,-33.1386,-33.1559
307.000000,6,10.6264,190.4751,17.5495,-32.0837,-32.1117
307.000000,7,10.6264,190.4488,17.6827,-31.9241,-31.9557
307.000000,8,10.6264,190.4255,17.4347,-32.1488,-32.1738
307.000000,9,10.6264,190.4052,15.9621,-33.6011,-33.6146
307.000000,10,10.6264,190.3312,16.0522,-33.4371,-33.4520
307.000000,11,10.6264,190.3017,17.3723,-32.0874,-32.1133
307.000000,12,10.6264,190.2752,17.6908,-31.7424,-31.7732
307.000000,13,10.6264,190.2517,17.4065,-32.0032,-32.0288
307.000000,14,10.6264,190.2312,16.1037,-33.2856,-33.2999
307.000000,15,10.6264,190.1598,15.4745,-33.8433,-33.8558
307.000000,16,10.6264,190.1300,17.1171,-32.1709,-32.1944
307.000000,17,10.6264,190.1033,17.6975,-31.5638,-31.5933
307.000000,18,10.6264,190.0796,17.3259,-31.9117,-31.9375
307.000000,19,10.6264,190.0589,16.1921,-33.0248,-33.0399
307.000000,20,10.6264,189.9898,14.7761,-34.3718,-34.3818
307.000000,21,10.6264,189.9598,16.7746,-32.3432,-32.3640
307.000000,22,10.6264,189.9328,17.6373,-31.4536,-31.4813
307.000000,23,10.6264,189.9089,17.3237,-31.7432,-31.7687
307.000000,24,10.6264,189.8879,16.2215,-32.8245,-32.8400
308.000000,0,10.5288,190.7230,16.9350,-32.9460,-32.9657
308.000000,1,10.5288,190.6936,17.6617,-32.1899,-32.2197
308.000000,2,10.5288,190.6673,17.6998,-32.1256,-32.1574
308.000000,3,10.5288,190.6441,17.4257,-32.3764,-32.4007
308.000000,4,10.5288,190.6240,15.8088,-33.9733,-33.9859
308.000000,5,10.5288,190.5468,16.5687,-33.1362,-33.1536
308.000000,6,10.5288,190.5174,17.5625,-32.1129,-32.1411
308.000000,7,10.5288,190.4911,17.6860,-31.9631,-31.9948
308.000000,8,10.5288,190.4678,17.4570,-32.1689,-32.1941
308.000000,9,10.5288,190.4475,16.0024,-33.6032,-33.6168
308.000000,10,10.5288,190.3731,16.1111,-33.4200,-33.4351
308.000000,11,10.5288,190.3435,17.3949,-32.1067,-32.1329
308.000000,12,10.5288,190.3171,17.6872,-31.7879,-31.8190
308.000000,13,10.5288,190.2936,17.4359,-32.0157,-32.0416
308.000000,14,10.5288,190.2732,16.1494,-33.2818,-33.2964
308.000000,15,10.5288,190.2013,15.5504,-33.8089,-33.8216
308.000000,16,10.5288,190.1716,17.1511,-32.1785,-32.2023
308.000000,17,10.5288,190.1449,17.7015,-31.6015,-31.6313
308.000000,18,10.5288,190.1212,17.3570,-31.9223,-31.9484
308.000000,19,10.5288,190.1006,16.2449,-33.0137,-33.0290
308.000000,20,10.5288,190.0311,14.8724,-34.3167,-34.3270
308.000000,21,10.5288,190.0011,16.8224,-32.3368,-32.3579
308.000000,22,10.5288,189.9742,17.6506,-31.4816,-31.5098
308.000000,23,10.5288,189.9503,17.3564,-31.7519,-31.7777
308.000000,24,10.5288,189.9294,16.2834,-32.8040,-32.8198
309.000000,0,10.4317,190.7658,16.9659,-32.9580,-32.9777
309.000000,1,10.4317,190.7365,17.6654,-32.2291,-32.2589
309.000000,2,10.4317,190.7102,17.6957,-32.1726,-32.2045
309.000000,3,10.4317,190.6870,17.4407,-32.4044,-32.4288
309.000000,4,10.4317,190.6670,15.8432,-33.9818,-33.9946
309.000000,5,10.4317,190.5892,16.6111,-33.1362,-33.1537
309.000000,6,10.4317,190.5598,17.5738,-32.1440,-32.1723
309.000000,7,10.4317,190.5334,17.6877,-32.0038,-32.0357
309.000000,8,10.4317,190.5102,17.4773,-32.1909,-32.2163
309.000000,9,10.4317,190.4900,16.0405,-33.6075,-33.6213
309.000000,10,10.4317,190.4150,16.1672,-33.4059,-33.4211
309.000000,11,10.4317,190.3855,17.4153,-32.1283,-32.1546
309.000000,12,10.4317,190.3590,17.6818,-31.8353,-31.8666
309.000000,13,10.4317,190.3356,17.4631,-32.0306,-32.0566
309.000000,14,10.4317,190.3153,16.1926,-33.2807,-33.2954
309.000000,15,10.4317,190.2428,15.6229,-33.7780,-33.7908
309.000000,16,10.4317,190.2132,17.1826,-32.1886,-32.2127
309.000000,17,10.4317,190.1865,17.7034,-31.6412,-31.6713
309.000000,18,10.4317,190.1629,17.3927,-31.9283,-31.9547
309.000000,19,10.4317,190.1423,16.2949,-33.0055,-33.0210
309.000000,20,10.4317,190.0724,14.9645,-34.2659,-34.2763
309.000000,21,10.4317,190.0425,16.8671,-32.3334,-32.3549
309.000000,22,10.4317,190.0156,17.6615,-31.5121,-31.5407
309.000000,23,10.4317,189.9917,17.3864,-31.7633,-31.7896
309.000000,24,10.4317,189.9709,16.3420,-32.7869,-32.8031
310.000000,0,10.3350,190.8089,16.9950,-32.9719,-32.9918
310.000000,1,10.3350,190.7795,17.6678,-32.2698,-32.2996
310.000000,2,10.3350,190.7532,17.6903,-32.2210,-32.2529
310.000000,3,10.3350,190.7301,17.4540,-32.4341,-32.4586
310.000000,4,10.3350,190.7100,15.8757,-33.9923,-34.0052
310.000000,5,10.3350,190.6317,16.6512,-33.1385,-33.1562
310.000000,6,10.3350,190.6023,17.5834,-32.1769,-32.2053
310.000000,7,10.3350,190.5759,17.6879,-32.0461,-32.0781
310.000000,8,10.3350,190.5527,17.4958,-32.2149,-32.2405
310.000000,9,10.3350,190.5325,16.0765,-33.6141,-33.6280
310.000000,10,10.3350,190.4570,16.2206,-33.3945,-33.4099
310.000000,11,10.3350,190.4275,17.4337,-32.1519,-32.1784
310.000000,12,10.3350,190.4011,17.6747,-31.8844,-31.9159
310.000000,13,10.3350,190.3777,17.4882,-32.0476,-32.0739
310.000000,14,10.3350,190.3574,16.2334,-33.2820,-33.2970
310.000000,15,10.3350,190.2845,15.6921,-33.7504,-33.7634
310.000000,16,10.3350,190.2549,17.2116,-32.2013,-32.2256
310.000000,17,10.3350,190.2283,17.7034,-31.6829,-31.7134
310.000000,18,10.3350,190.2047,17.4259,-31.9369,-31.9636
310.000000,19,10.3350,190.1842,16.3421,-33.0001,-33.0159
310.000000,20,10.3350,190.1137,15.0527,-34.2191,-34.2297
310.000000,21,10.3350,190.0839,16.9089,-32.3331,-32.3548
310.000000,22,10.3350,190.0570,17.6701,-31.5450,-31.5739
310.000000,23,10.3350,190.0332,17.4138,-31.7775,-31.8040
310.000000,24,10.3350,190.0125,16.3974,-32.7731,-32.7895
311.000000,0,10.2388,190.8520,17.0223,-32.9878,-33.0077
311.000000,1,10.2388,190.8226,17.6687,-32.3119,-32.3418
311.000000,2,10.2388,190.7964,17.6836,-32.2708,-32.3028
311.000000,3,10.2388,190.7732,17.4658,-32.4654,-32.4900
311.000000,4,10.2388,190.7532,15.9064,-34.0048,-34.0178
311.000000,5,10.2388,190.6743,16.6892,-33.1431,-33.1609
311.000000,6,10.2388,190.6449,17.5913,-32.2116,-32.2401
311.000000,7,10.2388,190.6186,17.6866,-32.0900,-32.1221
311.000000,8,10.2388,190.5954,17.5126,-32.2408,-32.2665
311.000000,9,10.2388,190.5752,16.1105,-33.6228,-33.6369
311.000000,10,10.2388,190.4991,16.2714,-33.3858,-33.4013
311.000000,11,10.2388,190.4697,17.4501,-32.1776,-32.2043
311.000000,12,10.2388,190.4433,17.6661,-31.9352,-31.9669
311.000000,13,10.2388,190.4199,17.5112,-32.0668,-32.0933
311.000000,14,10.2388,190.3996,16.2719,-33.2858,-33.3009
311.000000,15,10.2388,190.3262,15.7583,-33.7260,-33.7392
311.000000,16,10.2388,190.2966,17.2383,-32.2164,-32.2409
311.000000,17,10.2388,190.2701,17.7015,-31.7266,-31.7573
311.000000,18,10.2388,190.2466,17.4566,-31.9480,-31.9749
311.000000,19,10.2388,190.2261,16.3866,-32.9975,-33.0135
311.000000,20,10.2388,190.1551,15.1371,-34.1761,-34.1870
311.000000,21,10.2388,190.1253,16.9479,-32.3355,-32.3576
311.000000,22,10.2388,190.0986,17.6765,-31.5801,-31.6094
311.000000,23,10.2388,190.0748,17.4387,-31.7942,-31.8211
311.000000,24,10.2388,190.0541,16.4497,-32.7624,-32.7791
312.000000,0,10.1430,190.8954,17.0478,-33.0056,-33.0255
312.000000,1,10.1430,190.8659,17.6684,-32.3556,-32.3854
312.000000,2,10.1430,190.8397,17.6758,-32.3219,-32.3539
312.000000,3,10.1430,190.8165,17.4762,-32.4984,-32.5230
312.000000,4,10.1430,190.7965,15.9354,-34.0192,-34.0323
312.000000,5,10.1430,190.7170,16.7252,-33.1499,-33.1678
312.000000,6,10.1430,190.6876,17.5977,-32.2479,-32.2765
312.000000,7,10.1430,190.6613,17.6839,-32.1354,-32.1675
312.000000,8,10.1430,190.6381,17.5276,-32.2685,-32.2943
312.000000,9,10.1430,190.6180,16.1424,-33.6336,-33.6478
312.000000,10,10.1430,190.5414,16.3198,-33.3796,-33.3953
312.000000,11,10.1430,190.5119,17.4647,-32.2052,-32.2321
312.000000,12,10.1430,190.4856,17.6560,-31.9876,-32.0194
312.000000,13,10.1430,190.4622,17.5322,-32.0881,-32.1147
312.000000,14,10.1430,190.4420,16.3082,-33.2918,-33.3071
312.000000,15,10.1430,190.3681,15.8214,-33.7047,-33.7181
312.000000,16,10.1430,190.3385,17.2628,-32.2337,-32.2585
312.000000,17,10.1430,190.3120,17.6979,-31.7722,-31.8031
312.000000,18,10.1430,190.2885,17.4851,-31.9615,-31.9886
312.000000,19,10.1430,190.2680,16.4286,-32.9975,-33.0137
312.000000,20,10.1430,190.1966,15.2178,-34.1369,-34.1480
312.000000,21,10.1430,190.1669,16.9842,-32.3408,-32.3631
312.000000,22,10.1430,190.1402,17.6808,-31.6174,-31.6470
312.000000,23,10.1430,190.1165,17.4611,-31.8134,-31.8406
312.000000,24,10.1430,190.0958,16.4991,-32.7548,-32.7717
313.000000,0,10.0476,190.9389,17.0718,-33.0251,-33.0451
313.000000,1,10.0476,190.9094,17.6668,-32.4006,-32.4304
313.000000,2,10.0476,190.8831,17.6669,-32.3743,-32.4063
313.000000,3,10.0476,190.8600,17.4852,-32.5328,-32.5575
313.000000,4,10.0476,190.8400,15.9627,-34.0354,-34.0486
313.000000,5,10.0476,190.7599,16.7592,-33.1587,-33.1767
313.000000,6,10.0476,190.7305,17.6026,-32.2858,-32.3145
313.000000,7,10.0476,190.7042,17.6799,-32.1823,-32.2145
313.000000,8,10.0476,190.6810,17.5411,-32.2979,-32.3238
313.000000,9,10.0476,190.6609,16.1726,-33.6464,-33.6608
313.000000,10,10.0476,190.5837,16.3657,-33.3760,-33.3919
313.000000,11,10.0476,190.5543,17.4775,-32.2348,-32.2618
313.000000,12,10.0476,190.5279,17.6444,-32.0416,-32.0735
313.000000,13,10.0476,190.5046,17.5513,-32.1113,-32.1381
313.000000,14,10.0476,190.4844,16.3423,-33.3001,-33.3156
313.000000,15,10.0476,190.4100,15.8816,-33.6864,-33.6999
313.000000,16,10.0476,190.3805,17.2851,-32.2534,-32.2783
313.000000,17,10.0476,190.3540,17.6925,-31.8195,-31.8507
313.000000,18,10.0476,190.3305,17.5113,-31.9772,-32.0046
313.000000,19,10.0476,190.3101,16.4682,-33.0000,-33.0164
313.000000,20,10.0476,190.2382,15.2951,-34.1012,-34.1125
313.000000,21,10.0476,190.2085,17.0179,-32.3486,-32.3713
313.000000,22,10.0476,190.1818,17.6830,-31.6568,-31.6867
313.000000,23,10.0476,190.1582,17.4812,-31.8350,-31.8625
313.000000,24,10.0476,190.1375,16.5456,-32.7500,-32.7671
314.000000,0,9.9527,190.9825,17.0941,-33.0464,-33.0664
314.000000,1,9.9527,190.9530,17.6641,-32.4470,-32.4768
314.000000,2,9.9527,190.9267,17.6569,-32.4279,-32.4599
314.000000,3,9.9527,190.9036,17.4929,-32.5688,-32.5935
314.000000,4,9.9527,190.8836,15.9883,-34.0533,-34.0667
314.000000,5,9.9527,190.8029,16.7912,-33.1697,-33.1877
314.000000,6,9.9527,190.7734,17.6061,-32.3254,-32.3540
314.000000,7,9.9527,190.7472,17.6746,-32.2306,-32.2628
314.000000,8,9.9527,190.7240,17.5530,-32.3290,-32.3550
314.000000,9,9.9527,190.7039,16.2008,-33.6611,-33.6756
314.000000,10,9.9527,190.6262,16.4094,-33.3748,-33.3908
314.000000,11,9.9527,190.5968,17.4886,-32.2662,-32.2933
314.000000,12,9.9527,190.5704,17.6419,-32.0866,-32.1186
314.000000,13,9.9527,190.5472,17.5687,-32.1365,-32.1634
314.000000,14,9.9527,190.5270,16.3744,-33.3106,-33.3262
314.000000,15,9.9527,190.4520,15.9391,-33.6709,-33.6847
314.000000,16,9.9527,190.4225,17.3054,-32.2751,-32.3003
314.000000,17,9.9527,190.3960,17.6855,-31.8686,-31.9000
314.000000,18,9.9527,190.3726,17.5354,-31.9952,-32.0228
314.000000,19,9.9527,190.3523,16.5054,-33.0049,-33.0215
314.000000,20,9.9527,190.2799,15.3690,-34.0690,-34.0804
314.000000,21,9.9527,190.2502,17.0492,-32.3590,-32.3819
314.000000,22,9.9527,190.2236,17.6833,-31.6983,-31.7285
314.000000,23,9.9527,190.2000,17.4991,-31.8589,-31.8867
314.000000,24,9.9527,190.1794,16.5895,-32.7479,-32.7654
315.000000,0,9.8582,191.0263,17.1149,-33.0694,-33.0894
315.000000,1,9.8582,190.9968,17.6602,-32.4947,-32.5245
315.000000,2,9.8582,190.9705,17.6458,-32.4827,-32.5147
315.000000,3,9.8582,190.9474,17.4992,-32.6062,-32.6310
315.000000,4,9.8582,190.9274,16.0124,-34.0730,-34.0864
315.000000,5,9.8582,190.8460,16.8215,-33.1826,-33.2007
315.000000,6,9.8582,190.8166,17.6082,-32.3664,-32.3951
315.000000,7,9.8582,190.7903,17.6681,-32.2802,-32.3125
315.000000,8,9.8582,190.7671,17.5634,-32.3618,-32.3878
315.000000,9,9.8582,190.7471,16.2274,-33.6777,-33.6923
315.000000,10,9.8582,190.6688,16.4509,-33.3759,-33.3920
315.000000,11,9.8582,190.6393,17.4981,-32.2993,-32.3266
315.000000,12,9.8582,190.6130,17.6410,-32.1300,-32.1622
315.000000,13,9.8582,190.5898,17.5843,-32.1635,-32.1906
315.000000,14,9.8582,190.5696,16.4046,-33.3231,-33.3388
315.000000,15,9.8582,190.4941,15.9939,-33.6582,-33.6721
315.000000,16,9.8582,190.4646,17.3237,-32.2990,-32.3243
315.000000,17,9.8582,190.4382,17.6768,-31.9194,-31.9510
315.000000,18,9.8582,190.4148,17.5575,-32.0153,-32.0431
315.000000,19,9.8582,190.3945,16.5404,-33.0122,-33.0289
315.000000,20,9.8582,190.3216,15.4396,-34.0400,-34.0517
315.000000,21,9.8582,190.2920,17.0781,-32.3719,-32.3950
315.000000,22,9.8582,190.2654,17.6817,-31.7417,-31.7722
315.000000,23,9.8582,190.2418,17.5149,-31.8850,-31.9130
315.000000,24,9.8582,190.2213,16.6307,-32.7486,-32.7662
316.000000,0,9.7641,191.0703,17.1343,-33.0940,-33.1141
316.000000,1,9.7641,191.0408,17.6552,-32.5436,-32.5734
316.000000,2,9.7641,191.0144,17.6338,-32.5387,-32.5706
316.000000,3,9.7641,190.9913,17.5044,-32.6450,-32.6698
316.000000,4,9.7641,190.9713,16.0350,-34.0943,-34.1079
316.000000,5,9.7641,190.8893,16.8500,-33.1974,-33.2156
316.000000,6,9.7641,190.8598,17.6090,-32.4089,-32.4376
316.000000,7,9.7641,190.8336,17.6604,-32.3312,-32.3635
316.000000,8,9.7641,190.8104,17.5724,-32.3961,-32.4222
316.000000,9,9.7641,190.7904,16.2523,-33.6961,-33.7109
316.000000,10,9.7641,190.7115,16.4902,-33.3793,-33.3955
316.000000,11,9.7641,190.6821,17.5059,-32.3342,-32.3615
316.000000,12,9.7641,190.6557,17.6387,-32.1750,-32.2073
316.000000,13,9.7641,190.6325,17.5982,-32.1923,-32.2195
316.000000,14,9.7641,190.6124,16.4328,-33.3376,-33.3535
316.000000,15,9.7641,190.5364,16.0462,-33.6482,-33.6622
316.000000,16,9.7641,190.5069,17.3401,-32.3248,-32.3504
316.000000,17,9.7641,190.4805,17.6667,-31.9718,-32.0035
316.000000,18,9.7641,190.4571,17.5777,-32.0375,-32.0654
316.000000,19,9.7641,190.4368,16.5732,-33.0217,-33.0386
316.000000,20,9.7641,190.3634,15.5072,-34.0143,-34.0261
316.000000,21,9.7641,190.3338,17.1047,-32.3872,-32.4105
316.000000,22,9.7641,190.3073,17.6783,-31.7870,-31.8177
316.000000,23,9.7641,190.2838,17.5286,-31.9132,-31.9415
316.000000,24,9.7641,190.2633,16.6695,-32.7518,-32.7697
317.000000,0,9.6704,191.1145,17.1523,-33.1202,-33.1402
317.000000,1,9.6704,191.0849,17.6491,-32.5938,-32.6235
317.000000,2,9.6704,191.0585,17.6208,-32.5958,-32.6277
317.000000,3,9.6704,191.0354,17.5083,-32.6851,-32.7099
317.000000,4,9.6704,191.0154,16.0562,-34.1173,-34.1309
317.000000,5,9.6704,190.9327,16.8768,-33.2140,-33.2323
317.000000,6,9.6704,190.9033,17.6085,-32.4528,-32.4816
317.000000,7,9.6704,190.8770,17.6515,-32.3835,-32.4158
317.000000,8,9.6704,190.8538,17.5800,-32.4319,-32.4580
317.000000,9,9.6704,190.8338,16.2755,-33.7163,-33.7311
317.000000,10,9.6704,190.7543,16.5275,-33.3848,-33.4011
317.000000,11,9.6704,190.7249,17.5122,-32.3707,-32.3981
317.000000,12,9.6704,190.6986,17.6351,-32.2215,-32.2538
317.000000,13,9.6704,190.6754,17.6105,-32.2229,-32.2501
317.000000,14,9.6704,190.6553,16.4592,-33.3541,-33.3701
317.000000,15,9.6704,190.5787,16.0960,-33.6407,-33.6549
317.000000,16,9.6704,190.5492,17.3546,-32.3526,-32.3783
317.000000,17,9.6704,190.5228,17.6551,-32.0257,-32.0576
317.000000,18,9.6704,190.4995,17.5959,-32.0616,-32.0897
317.000000,19,9.6704,190.4792,16.6039,-33.0334,-33.0505
317.000000,20,9.6704,190.4054,15.5719,-33.9916,-34.0036
317.000000,21,9.6704,190.3758,17.1292,-32.4047,-32.4282
317.000000,22,9.6704,190.3493,17.6732,-31.8341,-31.8650
317.000000,23,9.6704,190.3258,17.5404,-31.9435,-31.9720
317.000000,24,9.6704,190.3053,16.7059,-32.7575,-32.7755
318.000000,0,9.5771,191.1588,17.1689,-33.1479,-33.1680
318.000000,1,9.5771,191.1292,17.6420,-32.6452,-32.6749
318.000000,2,9.5771,191.1028,17.6193,-32.6415,-32.6733
318.000000,3,9.5771,191.0796,17.5111,-32.7266,-32.7514
318.000000,4,9.5771,191.0597,16.0759,-34.1418,-34.1555
318.000000,5,9.5771,190.9763,16.9019,-33.2325,-33.2508
318.000000,6,9.5771,190.9469,17.6068,-32.4981,-32.5269
318.000000,7,9.5771,190.9206,17.6416,-32.4370,-32.4693
318.000000,8,9.5771,190.8974,17.5863,-32.4692,-32.4953
318.000000,9,9.5771,190.8774,16.2972,-33.7382,-33.7531
318.000000,10,9.5771,190.7973,16.5629,-33.3925,-33.4088
318.000000,11,9.5771,190.7679,17.5171,-32.4088,-32.4363
318.000000,12,9.5771,190.7416,17.6302,-32.2694,-32.3018
318.000000,13,9.5771,190.7184,17.6213,-32.2551,-32.2824
318.000000,14,9.5771,190.6983,16.4838,-33.3725,-33.3886
318.000000,15,9.5771,190.6211,16.1434,-33.6358,-33.6501
318.000000,16,9.5771,190.5917,17.3674,-32.3823,-32.4081
318.000000,17,9.5771,190.5653,17.6421,-32.0812,-32.1132
318.000000,18,9.5771,190.5420,17.6124,-32.0877,-32.1158
318.000000,19,9.5771,190.5218,16.6326,-33.0472,-33.0645
318.000000,20,9.5771,190.4474,15.6336,-33.9718,-33.9840
318.000000,21,9.5771,190.4178,17.1515,-32.4244,-32.4481
318.000000,22,9.5771,190.3913,17.6664,-31.8829,-31.9141
318.000000,23,9.5771,190.3679,17.5550,-31.9710,-31.9997
318.000000,24,9.5771,190.3475,16.7400,-32.7655,-32.7838
319.000000,0,9.4842,191.2034,17.1843,-33.1772,-33.1972
319.000000,1,9.4842,191.1737,17.6464,-32.6854,-32.7149
319.000000,2,9.4842,191.1473,17.6239,-32.6814,-32.7132
319.000000,3,9.4842,191.1241,17.5128,-32.7693,-32.7941
319.000000,4,9.4842,191.1041,16.0943,-34.1678,-34.1816
319.000000,5,9.4842,191.0201,16.9255,-33.2526,-33.2710
319.000000,6,9.4842,190.9906,17.6079,-32.5408,-32.5695
319.000000,7,9.4842,190.9643,17.6492,-32.4731,-32.5054
319.000000,8,9.4842,190.9411,17.5913,-32.5079,-32.5341
319.000000,9,9.4842,190.9211,16.3174,-33.7617,-33.7767
319.000000,10,9.4842,190.8404,16.5963,-33.4021,-33.4186
319.000000,11,9.4842,190.8110,17.5205,-32.4485,-32.4760
319.000000,12,9.4842,190.7847,17.6285,-32.3142,-32.3466
319.000000,13,9.4842,190.7615,17.6306,-32.2889,-32.3162
319.000000,14,9.4842,190.7414,16.5068,-33.3926,-33.4089
319.000000,15,9.4842,190.6637,16.1886,-33.6332,-33.6476
319.000000,16,9.4842,190.6343,17.3785,-32.4138,-32.4397
319.000000,17,9.4842,190.6079,17.6278,-32.1381,-32.1702
319.000000,18,9.4842,190.5846,17.6271,-32.1156,-32.1438
319.000000,19,9.4842,190.5644,16.6594,-33.0630,-33.0804
319.000000,20,9.4842,190.4895,15.6926,-33.9549,-33.9672
319.000000,21,9.4842,190.4600,17.1718,-32.4462,-32.4701
319.000000,22,9.4842,190.4335,17.6581,-31.9335,-31.9648
319.000000,23,9.4842,190.4101,17.5764,-31.9917,-32.0206
319.000000,24,9.4842,190.3897,16.7719,-32.7759,-32.7943
320.000000,0,9.3917,191.2482,17.1984,-33.2078,-33.2278
320.000000,1,9.3917,191.2184,17.6552,-32.7213,-32.7507
320.000000,2,9.3917,191.1920,17.6273,-32.7227,-32.7543
320.000000,3,9.3917,191.1688,17.5135,-32.8133,-32.8381
320.000000,4,9.3917,191.1488,16.1115,-34.1953,-34.2091
320.000000,5,9.3917,191.0641,16.9476,-33.2745,-33.2929
320.000000,6,9.3917,191.0345,17.6224,-32.5702,-32.5989
320.000000,7,9.3917,191.0082,17.6570,-32.5093,-32.5414
320.000000,8,9.3917,190.9850,17.5951,-32.5479,-32.5742
320.000000,9,9.3917,190.9650,16.3362,-33.7868,-33.8019
320.000000,10,9.3917,190.8837,16.6280,-33.4138,-33.4303
320.000000,11,9.3917,190.8542,17.5366,-32.4757,-32.5032
320.000000,12,9.3917,190.8279,17.6416,-32.3443,-32.3767
320.000000,13,9.3917,190.8047,17.6385,-32.3242,-32.3517
320.000000,14,9.3917,190.7847,16.5282,-33.4145,-33.4309
320.000000,15,9.3917,190.7064,16.2315,-33.6329,-33.6475
320.000000,16,9.3917,190.6770,17.3924,-32.4426,-32.4686
320.000000,17,9.3917,190.6506,17.6133,-32.1954,-32.2276
320.000000,18,9.3917,190.6274,17.6402,-32.1452,-32.1736
320.000000,19,9.3917,190.6072,16.6844,-33.0808,-33.0984
320.000000,20,9.3917,190.5317,15.7490,-33.9407,-33.9532
320.000000,21,9.3917,190.5022,17.1902,-32.4701,-32.4942
320.000000,22,9.3917,190.4758,17.6482,-31.9856,-32.0171
320.000000,23,9.3917,190.4524,17.5959,-32.0145,-32.0436
320.000000,24,9.3917,190.4321,16.8016,-32.7885,-32.8071
321.000000,0,9.2996,191.2931,17.2112,-33.2399,-33.2599
321.000000,1,9.2996,191.2633,17.6628,-32.7585,-32.7879
321.000000,2,9.2996,191.2368,17.6297,-32.7651,-32.7966
321.000000,3,9.2996,191.2136,17.5132,-32.8584,-32.8832
321.000000,4,9.2996,191.1936,16.1274,-34.2243,-34.2381
321.000000,5,9.2996,191.1082,16.9683,-33.2980,-33.3164
321.000000,6,9.2996,191.0786,17.6356,-32.6011,-32.6297
321.000000,7,9.2996,191.0522,17.6635,-32.5468,-32.5789
321.000000,8,9.2996,191.0291,17.5978,-32.5893,-32.6156
321.000000,9,9.2996,191.0091,16.3536,-33.8135,-33.8287
321.000000,10,9.2996,190.9271,16.6579,-33.4273,-33.4439
321.000000,11,9.2996,190.8976,17.5565,-32.4992,-32.5267
321.000000,12,9.2996,190.8713,17.6533,-32.3760,-32.4084
321.000000,13,9.2996,190.8481,17.6451,-32.3611,-32.3886
321.000000,14,9.2996,190.8281,16.5479,-33.4382,-33.4546
321.000000,15,9.2996,190.7493,16.2724,-33.6349,-33.6496
321.000000,16,9.2996,190.7198,17.4205,-32.4574,-32.4834
321.000000,17,9.2996,190.6935,17.6175,-32.2340,-32.2662
321.000000,18,9.2996,190.6702,17.6517,-32.1766,-32.2050
321.000000,19,9.2996,190.6501,16.7076,-33.1005,-33.1182
321.000000,20,9.2996,190.5741,15.8029,-33.9292,-33.9418
321.000000,21,9.2996,190.5446,17.2215,-32.4811,-32.5053
321.000000,22,9.2996,190.5182,17.6443,-32.0319,-32.0635
321.000000,23,9.2996,190.4948,17.6135,-32.0393,-32.0685
321.000000,24,9.2996,190.4745,16.8294,-32.8032,-32.8219
322.000000,0,9.2080,191.3383,17.2230,-33.2734,-33.2933
322.000000,1,9.2080,191.3085,17.6694,-32.7971,-32.8264
322.000000,2,9.2080,191.2819,17.6335,-32.8065,-32.8378
322.000000,3,9.2080,191.2586,17.5119,-32.9048,-32.9295
322.000000,4,9.2080,191.2386,16.1420,-34.2546,-34.2685
322.000000,5,9.2080,191.1525,16.9875,-33.3231,-33.3415
322.000000,6,9.2080,191.1229,17.6474,-32.6335,-32.6621
322.000000,7,9.2080,191.0965,17.6688,-32.5857,-32.6178
322.000000,8,9.2080,191.0733,17.5993,-32.6320,-32.6583
322.000000,9,9.2080,191.0533,16.3697,-33.8417,-33.8569
322.000000,10,9.2080,190.9707,16.6861,-33.4427,-33.4594
322.000000,11,9.2080,190.9412,17.5748,-32.5244,-32.5520
322.000000,12,9.2080,190.9149,17.6636,-32.4093,-32.4417
322.000000,13,9.2080,190.8917,17.6503,-32.3994,-32.4269
322.000000,14,9.2080,190.8716,16.5662,-33.4635,-33.4800
322.000000,15,9.2080,190.7922,16.3112,-33.6390,-33.6538
322.000000,16,9.2080,190.7628,17.4467,-32.4741,-32.5003
322.000000,17,9.2080,190.7364,17.6203,-32.2741,-32.3064
322.000000,18,9.2080,190.7132,17.6616,-32.2096,-32.2381
322.000000,19,9.2080,190.6931,16.7291,-33.1220,-33.1398
322.000000,20,9.2080,190.6165,15.8543,-33.9203,-33.9330
322.000000,21,9.2080,190.5870,17.2572,-32.4879,-32.5123
322.000000,22,9.2080,190.5606,17.6531,-32.0656,-32.0973
322.000000,23,9.2080,190.5373,17.6293,-32.0660,-32.0953
322.000000,24,9.2080,190.5170,16.8551,-32.8199,-32.8388
323.000000,0,9.1167,191.3837,17.2336,-33.3082,-33.3281
323.000000,1,9.1167,191.3538,17.6748,-32.8370,-32.8661
323.000000,2,9.1167,191.3272,17.6436,-32.8416,-32.8729
323.000000,3,9.1167,191.3039,17.5097,-32.9522,-32.9769
323.000000,4,9.1167,191.2839,16.1556,-34.2863,-34.3003
323.000000,5,9.1167,191.1971,17.0054,-33.3497,-33.3681
323.000000,6,9.1167,191.1674,17.6580,-32.6675,-32.6960
323.000000,7,9.1167,191.1409,17.6730,-32.6260,-32.6580
323.000000,8,9.1167,191.1177,17.5998,-32.6760,-32.7022
323.000000,9,9.1167,191.0977,16.3844,-33.8713,-33.8866
323.000000,10,9.1167,191.0145,16.7126,-33.4599,-33.4766
323.000000,11,9.1167,190.9849,17.5916,-32.5513,-32.5789
323.000000,12,9.1167,190.9586,17.6725,-32.4441,-32.4764
323.000000,13,9.1167,190.9354,17.6543,-32.4391,-32.4666
323.000000,14,9.1167,190.9154,16.5831,-33.4903,-33.5069
323.000000,15,9.1167,190.8353,16.3481,-33.6453,-33.6601
323.000000,16,9.1167,190.8059,17.4710,-32.4929,-32.5191
323.000000,17,9.1167,190.7795,17.6262,-32.3114,-32.3437
323.000000,18,9.1167,190.7563,17.6701,-32.2442,-32.2728
323.000000,19,9.1167,190.7362,16.7489,-33.1453,-33.1632
323.000000,20,9.1167,190.6591,15.9034,-33.9138,-33.9267
323.000000,21,9.1167,190.6296,17.2906,-32.4971,-32.5216
323.000000,22,9.1167,190.6032,17.6602,-32.1010,-32.1329
323.000000,23,9.1167,190.5799,17.6435,-32.0945,-32.1239
323.000000,24,9.1167,190.5597,16.8791,-32.8387,-32.8577
324.000000,0,9.0258,191.4294,17.2432,-33.3443,-33.3641
324.000000,1,9.0258,191.3994,17.6793,-32.8782,-32.9071
324.000000,2,9.0258,191.3727,17.6527,-32.8781,-32.9092
324.000000,3,9.0258,191.3494,17.5067,-33.0008,-33.0254
324.000000,4,9.0258,191.3293,16.1680,-34.3194,-34.3334
324.000000,5,9.0258,191.2418,17.0220,-33.3778,-33.3962
324.000000,6,9.0258,191.2120,17.6673,-32.7028,-32.7312
324.000000,7,9.0258,191.1856,17.6761,-32.6675,-32.6994
324.000000,8,9.0258,191.1623,17.5992,-32.7212,-32.7473
324.000000,9,9.0258,191.1423,16.3980,-33.9024,-33.9177
324.000000,10,9.0258,191.0584,16.7377,-33.4788,-33.4955
324.000000,11,9.0258,191.0288,17.6070,-32.5799,-32.6074
324.000000,12,9.0258,191.0025,17.6802,-32.4803,-32.5126
324.000000,13,9.0258,190.9793,17.6571,-32.4802,-32.5077
324.000000,14,9.0258,190.9592,16.5985,-33.5187,-33.5354
324.000000,15,9.0258,190.8786,16.3831,-33.6535,-33.6685
324.000000,16,9.0258,190.8491,17.4937,-32.5135,-32.5397
324.000000,17,9.0258,190.8228,17.6395,-32.3413,-32.3737
324.000000,18,9.0258,190.7995,17.6772,-32.2804,-32.3090
324.000000,19,9.0258,190.7794,16.7672,-33.1703,-33.1882
324.000000,20,9.0258,190.7018,15.9502,-33.9097,-33.9227
324.000000,21,9.0258,190.6723,17.3220,-32.5084,-32.5330
324.000000,22,9.0258,190.6459,17.6658,-32.1382,-32.1701
324.000000,23,9.0258,190.6226,17.6559,-32.1248,-32.1543
324.000000,24,9.0258,190.6024,16.9012,-32.8593,-32.8785
325.000000,0,8.9352,191.4753,17.2517,-33.3816,-33.4014
325.000000,1,8.9352,191.4452,17.6827,-32.9205,-32.9494
325.000000,2,8.9352,191.4185,17.6608,-32.9158,-32.9467
325.000000,3,8.9352,191.3951,17.5027,-33.0504,-33.0750
325.000000,4,8.9352,191.3750,16.1794,-34.3537,-34.3677
325.000000,5,8.9352,191.2867,17.0374,-33.4074,-33.4258
325.000000,6,8.9352,191.2569,17.6754,-32.7395,-32.7678
325.000000,7,8.9352,191.2304,17.6781,-32.7103,-32.7421
325.000000,8,8.9352,191.2071,17.5976,-32.7675,-32.7936
325.000000,9,8.9352,191.1871,16.4103,-33.9348,-33.9502
325.000000,10,8.9352,191.1025,16.7612,-33.4994,-33.5162
325.000000,11,8.9352,191.0729,17.6209,-32.6100,-32.6375
325.000000,12,8.9352,191.0465,17.6866,-32.5180,-32.5502
325.000000,13,8.9352,191.0233,17.6587,-32.5226,-32.5501
325.000000,14,8.9352,191.0033,16.6126,-33.5487,-33.5654
325.000000,15,8.9352,190.9220,16.4163,-33.6638,-33.6788
325.000000,16,8.9352,190.8925,17.5146,-32.5359,-32.5622
325.000000,17,8.9352,190.8662,17.6513,-32.3729,-32.4052
325.000000,18,8.9352,190.8429,17.6830,-32.3180,-32.3467
325.000000,19,8.9352,190.8228,16.7840,-33.1969,-33.2150
325.000000,20,8.9352,190.7447,15.9948,-33.9079,-33.9210
325.000000,21,8.9352,190.7152,17.3514,-32.5218,-32.5465
325.000000,22,8.9352,190.6888,17.6698,-32.1770,-32.2090
325.000000,23,8.9352,190.6655,17.6668,-32.1567,-32.1863
325.000000,24,8.9352,190.6453,16.9215,-32.8818,-32.9011
326.000000,0,8.8451,191.5215,17.2593,-33.4202,-33.4399
326.000000,1,8.8451,191.4913,17.6852,-32.9641,-32.9928
326.000000,2,8.8451,191.4645,17.6679,-32.9547,-32.9854
326.000000,3,8.8451,191.4411,17.4980,-33.1011,-33.1256
326.000000,4,8.8451,191.4210,16.1898,-34.3893,-34.4033
326.000000,5,8.8451,191.3319,17.0516,-33.4383,-33.4567
326.000000,6,8.8451,191.3020,17.6825,-32.7776,-32.8058
326.000000,7,8.8451,191.2754,17.6792,-32.7543,-32.7859
326.000000,8,8.8451,191.2521,17.5952,-32.8150,-32.8411
326.000000,9,8.8451,191.2321,16.4215,-33.9686,-33.9840
326.000000,10,8.8451,191.1468,16.7833,-33.5216,-33.5384
326.000000,11,8.8451,191.1171,17.6335,-32.6417,-32.6691
326.000000,12,8.8451,191.0907,17.6918,-32.5570,-32.5891
326.000000,13,8.8451,191.0675,17.6593,-32.5663,-32.5937
326.000000,14,8.8451,191.0475,16.6255,-33.5800,-33.5968
326.000000,15,8.8451,190.9656,16.4477,-33.6759,-33.6910
326.000000,16,8.8451,190.9361,17.5340,-32.5601,-32.5864
326.000000,17,8.8451,190.9097,17.6617,-32.4060,-32.4384
326.000000,18,8.8451,190.8865,17.6874,-32.3571,-32.3858
326.000000,19,8.8451,190.8664,16.7993,-33.2252,-33.2433
326.000000,20,8.8451,190.7876,16.0373,-33.9084,-33.9216
326.000000,21,8.8451,190.7581,17.3789,-32.5373,-32.5621
326.000000,22,8.8451,190.7318,17.6723,-32.2174,-32.2495
326.000000,23,8.8451,190.7085,17.6761,-32.1904,-32.2200
326.000000,24,8.8451,190.6883,16.9403,-32.9061,-32.9255
327.000000,0,8.7553,191.5679,17.2659,-33.4600,-33.4797
327.000000,1,8.7553,191.5376,17.6868,-33.0088,-33.0373
327.000000,2,8.7553,191.5108,17.6741,-32.9947,-33.0253
327.000000,3,8.7553,191.4873,17.4925,-33.1528,-33.1772
327.000000,4,8.7553,191.4671,16.1991,-34.4261,-34.4401
327.000000,5,8.7553,191.3772,17.0646,-33.4707,-33.4890
327.000000,6,8.7553,191.3473,17.6884,-32.8169,-32.8451
327.000000,7,8.7553,191.3207,17.6793,-32.7995,-32.8310
327.000000,8,8.7553,191.2974,17.5918,-32.8636,-32.8896
327.000000,9,8.7553,191.2773,16.4317,-34.0037,-34.0191
327.000000,10,8.7553,191.1913,16.8039,-33.5454,-33.5622
327.000000,11,8.7553,191.1616,17.6448,-32.6748,-32.7022
327.000000,12,8.7553,191.1351,17.6958,-32.5973,-32.6294
327.000000,13,8.7553,191.1119,17.6588,-32.6112,-32.6386
327.000000,14,8.7553,191.0919,16.6371,-33.6128,-33.6296
327.000000,15,8.7553,191.0093,16.4775,-33.6899,-33.7050
327.000000,16,8.7553,190.9798,17.5518,-32.5860,-32.6123
327.000000,17,8.7553,190.9534,17.6707,-32.4407,-32.4730
327.000000,18,8.7553,190.9302,17.6906,-32.3976,-32.4263
327.000000,19,8.7553,190.9101,16.8132,-33.2549,-33.2731
327.000000,20,8.7553,190.8308,16.0778,-33.9110,-33.9243
327.000000,21,8.7553,190.8012,17.4045,-32.5548,-32.5796
327.000000,22,8.7553,190.7749,17.6735,-32.2594,-32.2915
327.000000,23,8.7553,190.7516,17.6841,-32.2256,-32.2553
327.000000,24,8.7553,190.7314,16.9574,-32.9321,-32.9516
328.000000,0,8.6660,191.6146,17.2716,-33.5010,-33.5206
328.000000,1,8.6660,191.5842,17.6876,-33.0547,-33.0830
328.000000,2,8.6660,191.5573,17.6793,-33.0360,-33.0664
328.000000,3,8.6660,191.5337,17.4863,-33.2055,-33.2298
328.000000,4,8.6660,191.5136,16.2076,-34.4641,-34.4781
328.000000,5,8.6660,191.4228,17.0765,-33.5043,-33.5227
328.000000,6,8.6660,191.3928,17.6933,-32.8576,-32.8856
328.000000,7,8.6660,191.3662,17.6784,-32.8458,-32.8771
328.000000,8,8.6660,191.3428,17.5875,-32.9133,-32.9392
328.000000,9,8.6660,191.3227,16.4407,-34.0400,-34.0555
328.000000,10,8.6660,191.2360,16.8233,-33.5707,-33.5876
328.000000,11,8.6660,191.2062,17.6549,-32.7094,-32.7367
328.000000,12,8.6660,191.1797,17.6988,-32.6390,-32.6709
328.000000,13,8.6660,191.1565,17.6572,-32.6573,-32.6847
328.000000,14,8.6660,191.1364,16.6475,-33.6469,-33.6638
328.000000,15,8.6660,191.0533,16.5057,-33.7056,-33.7208
328.000000,16,8.6660,191.0237,17.5682,-32.6135,-32.6398
328.000000,17,8.6660,190.9972,17.6785,-32.4768,-32.5090
328.000000,18,8.6660,190.9740,17.6926,-32.4394,-32.4681
328.000000,19,8.6660,190.9540,16.8258,-33.2862,-33.3045
328.000000,20,8.6660,190.8740,16.1164,-33.9157,-33.9291
328.000000,21,8.6660,190.8445,17.4284,-32.5741,-32.5990
328.000000,22,8.6660,190.8181,17.6733,-32.3029,-32.3349
328.000000,23,8.6660,190.7948,17.6906,-32.2623,-32.2920
328.000000,24,8.6660,190.7747,16.9730,-32.9598,-32.9793
329.000000,0,8.5769,191.6616,17.2765,-33.5431,-33.5626
329.000000,1,8.5769,191.6311,17.6875,-33.1016,-33.1298
329.000000,2,8.5769,191.6041,17.6837,-33.0783,-33.1086
329.000000,3,8.5769,191.5805,17.4794,-33.2591,-33.2833
329.000000,4,8.5769,191.5603,16.2151,-34.5032,-34.5173
329.000000,5,8.5769,191.4687,17.0874,-33.5393,-33.5576
329.000000,6,8.5769,191.4386,17.6972,-32.8994,-32.9273
329.000000,7,8.5769,191.4119,17.6767,-32.8932,-32.9244
329.000000,8,8.5769,191.3885,17.5825,-32.9641,-32.9899
329.000000,9,8.5769,191.3684,16.4488,-34.0776,-34.0931
329.000000,10,8.5769,191.2809,16.8414,-33.5976,-33.6145
329.000000,11,8.5769,191.2511,17.6637,-32.7454,-32.7726
329.000000,12,8.5769,191.2245,17.7007,-32.6818,-32.7137
329.000000,13,8.5769,191.2012,17.6547,-32.7045,-32.7319
329.000000,14,8.5769,191.1812,16.6568,-33.6824,-33.6993
329.000000,15,8.5769,191.0974,16.5323,-33.7231,-33.7384
329.000000,16,8.5769,191.0677,17.5831,-32.6427,-32.6689
329.000000,17,8.5769,191.0413,17.6850,-32.5143,-32.5465
329.000000,18,8.5769,191.0180,17.6935,-32.4826,-32.5112
329.000000,19,8.5769,190.9980,16.8370,-33.3190,-33.3373
329.000000,20,8.5769,190.9174,16.1531,-33.9224,-33.9359
329.000000,21,8.5769,190.8879,17.4506,-32.5953,-32.6203
329.000000,22,8.5769,190.8615,17.6718,-32.3478,-32.3798
329.000000,23,8.5769,190.8382,17.6957,-32.3005,-32.3303
329.000000,24,8.5769,190.8181,16.9871,-32.9890,-33.0087
330.000000,0,8.4883,191.7088,17.2805,-33.5863,-33.6058
330.000000,1,8.4883,191.6782,17.6866,-33.1497,-33.1777
330.000000,2,8.4883,191.6511,17.6873,-33.1218,-33.1519
330.000000,3,8.4883,191.6275,17.4718,-33.3137,-33.3378
330.000000,4,8.4883,191.6072,16.2330,-34.5323,-34.5463
330.000000,5,8.4883,191.5148,17.0973,-33.5756,-33.5939
330.000000,6,8.4883,191.4846,17.7001,-32.9425,-32.9703
330.000000,7,8.4883,191.4578,17.6741,-32.9417,-32.9728
330.000000,8,8.4883,191.4344,17.5766,-33.0158,-33.0416
330.000000,9,8.4883,191.4143,16.4559,-34.1164,-34.1319
330.000000,10,8.4883,191.3260,16.8582,-33.6259,-33.6428
330.000000,11,8.4883,191.2961,17.6715,-32.7827,-32.8098
330.000000,12,8.4883,191.2695,17.7017,-32.7259,-32.7576
330.000000,13,8.4883,191.2462,17.6513,-32.7529,-32.7802
330.000000,14,8.4883,191.2262,16.6650,-33.7192,-33.7361
330.000000,15,8.4883,191.1416,16.5574,-33.7423,-33.7576
330.000000,16,8.4883,191.1119,17.5966,-32.6734,-32.6996
330.000000,17,8.4883,191.0855,17.6903,-32.5532,-32.5853
330.000000,18,8.4883,191.0622,17.6933,-32.5270,-32.5556
330.000000,19,8.4883,191.0422,16.8471,-33.3531,-33.3715
330.000000,20,8.4883,190.9610,16.1880,-33.9311,-33.9447
330.000000,21,8.4883,190.9314,17.4712,-32.6183,-32.6433
330.000000,22,8.4883,190.9050,17.6690,-32.3940,-32.4261
330.000000,23,8.4883,190.8818,17.6996,-32.3402,-32.3699
330.000000,24,8.4883,190.8616,16.9998,-33.0199,-33.0396
331.000000,0,8.4000,191.7564,17.2837,-33.6307,-33.6500
331.000000,1,8.4000,191.7257,17.6849,-33.1988,-33.2266
331.000000,2,8.4000,191.6985,17.6902,-33.1664,-33.1962
331.000000,3,8.4000,191.6748,17.4685,-33.3643,-33.3883
331.000000,4,8.4000,191.6545,16.2632,-34.5493,-34.5634
331.000000,5,8.4000,191.5612,17.1061,-33.6131,-33.6313
331.000000,6,8.4000,191.5309,17.7022,-32.9868,-33.0144
331.000000,7,8.4000,191.5040,17.6708,-32.9913,-33.0222
331.000000,8,8.4000,191.4805,17.5700,-33.0686,-33.0942
331.000000,9,8.4000,191.4604,16.4620,-34.1564,-34.1719
331.000000,10,8.4000,191.3714,16.8738,-33.6556,-33.6725
331.000000,11,8.4000,191.3414,17.6781,-32.8213,-32.8484
331.000000,12,8.4000,191.3148,17.7016,-32.7712,-32.8028
331.000000,13,8.4000,191.2914,17.6470,-32.8025,-32.8296
331.000000,14,8.4000,191.2713,16.6722,-33.7572,-33.7742
331.000000,15,8.4000,191.1861,16.5810,-33.7631,-33.7785
331.000000,16,8.4000,191.1564,17.6089,-32.7056,-32.7317
331.000000,17,8.4000,191.1299,17.6945,-32.5935,-32.6255
331.000000,18,8.4000,191.1066,17.6921,-32.5726,-32.6012
331.000000,19,8.4000,191.0865,16.8559,-33.3887,-33.4070
331.000000,20,8.4000,191.0047,16.2211,-33.9417,-33.9553
331.000000,21,8.4000,190.9751,17.4901,-32.6430,-32.6680
331.000000,22,8.4000,190.9487,17.6651,-32.4417,-32.4737
331.000000,23,8.4000,190.9255,17.7022,-32.3813,-32.4110
331.000000,24,8.4000,190.9053,17.0111,-33.0523,-33.0720
332.000000,0,8.3121,191.8043,17.2862,-33.6761,-33.6954
332.000000,1,8.3121,191.7734,17.6825,-33.2490,-33.2766
332.000000,2,8.3121,191.7461,17.6922,-33.2120,-33.2416
332.000000,3,8.3121,191.7223,17.4838,-33.3966,-33.4205
332.000000,4,8.3121,191.7020,16.2922,-34.5678,-34.5819
332.000000,5,8.3121,191.6078,17.1140,-33.6518,-33.6700
332.000000,6,8.3121,191.5774,17.7033,-33.0322,-33.0596
332.000000,7,8.3121,191.5505,17.6666,-33.0419,-33.0726
332.000000,8,8.3121,191.5269,17.5627,-33.1223,-33.1479
332.000000,9,8.3121,191.5068,16.4673,-34.1975,-34.2130
332.000000,10,8.3121,191.4169,16.8883,-33.6867,-33.7036
332.000000,11,8.3121,191.3869,17.6837,-32.8613,-32.8882
332.000000,12,8.3121,191.3602,17.7007,-32.8176,-32.8490
332.000000,13,8.3121,191.3368,17.6418,-32.8530,-32.8801
332.000000,14,8.3121,191.3167,16.6783,-33.7965,-33.8134
332.000000,15,8.3121,191.2308,16.6033,-33.7855,-33.8009
332.000000,16,8.3121,191.2010,17.6198,-32.7392,-32.7654
332.000000,17,8.3121,191.1745,17.6975,-32.6350,-32.6669
332.000000,18,8.3121,191.1512,17.6898,-32.6194,-32.6479
332.000000,19,8.3121,191.1311,16.8636,-33.4255,-33.4439
332.000000,20,8.3121,191.0487,16.2526,-33.9541,-33.9678
332.000000,21,8.3121,191.0190,17.5076,-32.6694,-32.6944
332.000000,22,8.3121,190.9926,17.6600,-32.4906,-32.5226
332.000000,23,8.3121,190.9693,17.7037,-32.4236,-32.4533
332.000000,24,8.3121,190.9492,17.0212,-33.0861,-33.1059
333.000000,0,8.2245,191.8525,17.2879,-33.7226,-33.7418
333.000000,1,8.2245,191.8215,17.6794,-33.3001,-33.3276
333.000000,2,8.2245,191.7941,17.6936,-33.2586,-33.2880
333.000000,3,8.2245,191.7702,17.4981,-33.4301,-33.4539
333.000000,4,8.2245,191.7499,16.3201,-34.5878,-34.6018
333.000000,5,8.2245,191.6547,17.1211,-33.6917,-33.7098
333.000000,6,8.2245,191.6243,17.7036,-33.0787,-33.1060
333.000000,7,8.2245,191.5972,17.6618,-33.0935,-33.1240
333.000000,8,8.2245,191.5736,17.5547,-33.1770,-33.2024
333.000000,9,8.2245,191.5534,16.4717,-34.2397,-34.2552
333.000000,10,8.2245,191.4628,16.9016,-33.7191,-33.7360
333.000000,11,8.2245,191.4326,17.6882,-32.9025,-32.9293
333.000000,12,8.2245,191.4059,17.6988,-32.8651,-32.8964
333.000000,13,8.2245,191.3825,17.6359,-32.9046,-32.9316
333.000000,14,8.2245,191.3623,16.6835,-33.8369,-33.8539
333.000000,15,8.2245,191.2757,16.6242,-33.8095,-33.8249
333.000000,16,8.2245,191.2458,17.6296,-32.7743,-32.8004
333.000000,17,8.2245,191.2193,17.6995,-32.6778,-32.7095
333.000000,18,8.2245,191.1959,17.6866,-32.6674,-32.6958
333.000000,19,8.2245,191.1759,16.8702,-33.4637,-33.4821
333.000000,20,8.2245,191.0928,16.2825,-33.9683,-33.9821
333.000000,21,8.2245,191.0631,17.5237,-32.6974,-32.7224
333.000000,22,8.2245,191.0366,17.6605,-32.5341,-32.5661
333.000000,23,8.2245,191.0133,17.7040,-32.4673,-32.4970
333.000000,24,8.2245,190.9932,17.0299,-33.1213,-33.1412
334.000000,0,8.1373,191.9011,17.2890,-33.7701,-33.7892
334.000000,1,8.1373,191.8699,17.6757,-33.3523,-33.3795
334.000000,2,8.1373,191.8424,17.6942,-33.3062,-33.3354
334.000000,3,8.1373,191.8185,17.5116,-33.4649,-33.4885
334.000000,4,8.1373,191.7980,16.3469,-34.6091,-34.6232
334.000000,5,8.1373,191.7020,17.1272,-33.7328,-33.7508
334.000000,6,8.1373,191.6714,17.7031,-33.1263,-33.1534
334.000000,7,8.1373,191.6442,17.6562,-33.1461,-33.1764
334.000000,8,8.1373,191.6206,17.5460,-33.2326,-33.2579
334.000000,9,8.1373,191.6003,16.4753,-34.2830,-34.2985
334.000000,10,8.1373,191.5088,16.9140,-33.7529,-33.7697
334.000000,11,8.1373,191.4786,17.6918,-32.9449,-32.9716
334.000000,12,8.1373,191.4518,17.6961,-32.9137,-32.9448
334.000000,13,8.1373,191.4283,17.6291,-32.9572,-32.9841
334.000000,14,8.1373,191.4082,16.6877,-33.8785,-33.8954
334.000000,15,8.1373,191.3208,16.6439,-33.8350,-33.8504
334.000000,16,8.1373,191.2909,17.6382,-32.8107,-32.8367
334.000000,17,8.1373,191.2642,17.7005,-32.7217,-32.7534
334.000000,18,8.1373,191.2409,17.6824,-32.7165,-32.7448
334.000000,19,8.1373,191.2208,16.8758,-33.5030,-33.5215
334.000000,20,8.1373,191.1370,16.3108,-33.9843,-33.9982
334.000000,21,8.1373,191.1073,17.5383,-32.7270,-32.7520
334.000000,22,8.1373,191.0808,17.6661,-32.5727,-32.6046
334.000000,23,8.1373,191.0575,17.7033,-32.5123,-32.5419
334.000000,24,8.1373,191.0374,17.0375,-33.1579,-33.1778
335.000000,0,8.0504,191.9500,17.2893,-33.8187,-33.8376
335.000000,1,8.0504,191.9187,17.6713,-33.4054,-33.4325
335.000000,2,8.0504,191.8911,17.6942,-33.3549,-33.3838
335.000000,3,8.0504,191.8670,17.5242,-33.5009,-33.5243
335.000000,4,8.0504,191.8465,16.3726,-34.6319,-34.6459
335.000000,5,8.0504,191.7495,17.1326,-33.7750,-33.7929
335.000000,6,8.0504,191.7187,17.7019,-33.1749,-33.2019
335.000000,7,8.0504,191.6915,17.6582,-33.1914,-33.2215
335.000000,8,8.0504,191.6678,17.5367,-33.2891,-33.3143
335.000000,9,8.0504,191.6475,16.4978,-34.3077,-34.3232
335.000000,10,8.0504,191.5552,16.9253,-33.7879,-33.8047
335.000000,11,8.0504,191.5249,17.6944,-32.9885,-33.0151
335.000000,12,8.0504,191.4980,17.6927,-32.9634,-32.9943
335.000000,13,8.0504,191.4745,17.6217,-33.0108,-33.0376
335.000000,14,8.0504,191.4543,16.6911,-33.9212,-33.9382
335.000000,15,8.0504,191.3661,16.6623,-33.8619,-33.8773
335.000000,16,8.0504,191.3361,17.6456,-32.8485,-32.8744
335.000000,17,8.0504,191.3095,17.7006,-32.7669,-32.7984
335.000000,18,8.0504,191.2861,17.6774,-32.7667,-32.7949
335.000000,19,8.0504,191.2660,16.8803,-33.5437,-33.5621
335.000000,20,8.0504,191.1815,16.3376,-34.0020,-34.0159
335.000000,21,8.0504,191.1517,17.5517,-32.7581,-32.7831
335.000000,22,8.0504,191.1252,17.6706,-32.6127,-32.6445
335.000000,23,8.0504,191.1019,17.7015,-32.5584,-32.5880
335.000000,24,8.0504,191.0818,17.0439,-33.1959,-33.2158
336.000000,0,7.9639,191.9992,17.2890,-33.8682,-33.8871
336.000000,1,7.9639,191.9678,17.6663,-33.4595,-33.4863
336.000000,2,7.9639,191.9400,17.6936,-33.4045,-33.4332
336.000000,3,7.9639,191.9159,17.5359,-33.5380,-33.5613
336.000000,4,7.9639,191.8953,16.3973,-34.6560,-34.6700
336.000000,5,7.9639,191.7973,17.1371,-33.8183,-33.8362
336.000000,6,7.9639,191.7664,17.6998,-33.2246,-33.2514
336.000000,7,7.9639,191.7391,17.6605,-33.2367,-33.2666
336.000000,8,7.9639,191.7153,17.5396,-33.3338,-33.3589
336.000000,9,7.9639,191.6950,16.5241,-34.3290,-34.3444
336.000000,10,7.9639,191.6018,16.9356,-33.8242,-33.8410
336.000000,11,7.9639,191.5714,17.6962,-33.0332,-33.0597
336.000000,12,7.9639,191.5444,17.6884,-33.0140,-33.0448
336.000000,13,7.9639,191.5208,17.6135,-33.0654,-33.0921
336.000000,14,7.9639,191.5006,16.6936,-33.9651,-33.9820
336.000000,15,7.9639,191.4117,16.6795,-33.8902,-33.9057
336.000000,16,7.9639,191.3816,17.6521,-32.8876,-32.9134
336.000000,17,7.9639,191.3549,17.6997,-32.8132,-32.8446
336.000000,18,7.9639,191.3315,17.6716,-32.8179,-32.8461
336.000000,19,7.9639,191.3113,16.8839,-33.5855,-33.6039
336.000000,20,7.9639,191.2262,16.3629,-34.0213,-34.0353
336.000000,21,7.9639,191.1964,17.5637,-32.7907,-32.8156
336.000000,22,7.9639,191.1698,17.6739,-32.6539,-32.6856
336.000000,23,7.9639,191.1465,17.6987,-32.6058,-32.6353
336.000000,24,7.9639,191.1263,17.0493,-33.2351,-33.2550
337.000000,0,7.8777,192.0489,17.2881,-33.9188,-33.9375
337.000000,1,7.8777,192.0173,17.6607,-33.5146,-33.5412
337.000000,2,7.8777,191.9894,17.6923,-33.4551,-33.4836
337.000000,3,7.8777,191.9651,17.5469,-33.5763,-33.5995
337.000000,4,7.8777,191.9445,16.4211,-34.6815,-34.6954
337.000000,5,7.8777,191.8455,17.1408,-33.8627,-33.8805
337.000000,6,7.8777,191.8145,17.6971,-33.2754,-33.3020
337.000000,7,7.8777,191.7871,17.6620,-33.2831,-33.3127
337.000000,8,7.8777,191.7632,17.5530,-33.3682,-33.3931
337.000000,9,7.8777,191.7428,16.5492,-34.3516,-34.3670
337.000000,10,7.8777,191.6486,16.9449,-33.8617,-33.8785
337.000000,11,7.8777,191.6181,17.6971,-33.0791,-33.1054
337.000000,12,7.8777,191.5911,17.6834,-33.0657,-33.0963
337.000000,13,7.8777,191.5675,17.6046,-33.1209,-33.1474
337.000000,14,7.8777,191.5472,16.6953,-34.0100,-34.0269
337.000000,15,7.8777,191.4575,16.6955,-33.9200,-33.9354
337.000000,16,7.8777,191.4273,17.6574,-32.9279,-32.9537
337.000000,17,7.8777,191.4005,17.6979,-32.8607,-32.8919
337.000000,18,7.8777,191.3771,17.6649,-32.8702,-32.8982
337.000000,19,7.8777,191.3569,16.8866,-33.6284,-33.6468
337.000000,20,7.8777,191.2711,16.3869,-34.0422,-34.0562
337.000000,21,7.8777,191.2412,17.5745,-32.8247,-32.8496
337.000000,22,7.8777,191.2146,17.6762,-32.6964,-32.7280
337.000000,23,7.8777,191.1912,17.6950,-32.6543,-32.6837
337.000000,24,7.8777,191.1711,17.0535,-33.2756,-33.2955
338.000000,0,7.7918,192.0989,17.2867,-33.9703,-33.9889
338.000000,1,7.7918,192.0672,17.6546,-33.5706,-33.5969
338.000000,2,7.7918,192.0391,17.6905,-33.5066,-33.5348
338.000000,3,7.7918,192.0148,17.5570,-33.6158,-33.6387
338.000000,4,7.7918,191.9941,16.4439,-34.7082,-34.7221
338.000000,5,7.7918,191.8939,17.1439,-33.9081,-33.9259
338.000000,6,7.7918,191.8628,17.6937,-33.3271,-33.3535
338.000000,7,7.7918,191.8353,17.6629,-33.3305,-33.3599
338.000000,8,7.7918,191.8113,17.5656,-33.4037,-33.4285
338.000000,9,7.7918,191.7909,16.5733,-34.3756,-34.3910
338.000000,10,7.7918,191.6958,16.9534,-33.9005,-33.9171
338.000000,11,7.7918,191.6652,17.6972,-33.1261,-33.1523
338.000000,12,7.7918,191.6381,17.6777,-33.1184,-33.1488
338.000000,13,7.7918,191.6144,17.5951,-33.1773,-33.2037
338.000000,14,7.7918,191.5941,16.6962,-34.0559,-34.0728
338.000000,15,7.7918,191.5035,16.7105,-33.9511,-33.9665
338.000000,16,7.7918,191.4733,17.6618,-32.9695,-32.9952
338.000000,17,7.7918,191.4464,17.6953,-32.9092,-32.9403
338.000000,18,7.7918,191.4229,17.6575,-32.9235,-32.9514
338.000000,19,7.7918,191.4028,16.8883,-33.6725,-33.6908
338.000000,20,7.7918,191.3162,16.4095,-34.0647,-34.0787
338.000000,21,7.7918,191.2862,17.5841,-32.8601,-32.8850
338.000000,22,7.7918,191.2596,17.6774,-32.7402,-32.7716
338.000000,23,7.7918,191.2362,17.6903,-32.7039,-32.7332
338.000000,24,7.7918,191.2160,17.0567,-33.3173,-33.3372
339.000000,0,7.7063,192.1494,17.2846,-34.0228,-34.0413
339.000000,1,7.7063,192.1174,17.6553,-33.6202,-33.6463
339.000000,2,7.7063,192.0892,17.6882,-33.5591,-33.5871
339.000000,3,7.7063,192.0648,17.5665,-33.6563,-33.6791
339.000000,4,7.7063,192.0440,16.4657,-34.7363,-34.7501
339.000000,5,7.7063,191.9428,17.1462,-33.9546,-33.9723
339.000000,6,7.7063,191.9115,17.6897,-33.3799,-33.4061
339.000000,7,7.7063,191.8839,17.6631,-33.3788,-33.4080
339.000000,8,7.7063,191.8598,17.5774,-33.4405,-33.4651
339.000000,9,7.7063,191.8393,16.5963,-34.4010,-34.4163
339.000000,10,7.7063,191.7433,16.9610,-33.9403,-33.9570
339.000000,11,7.7063,191.7126,17.6965,-33.1741,-33.2002
339.000000,12,7.7063,191.6853,17.6713,-33.1720,-33.2022
339.000000,13,7.7063,191.6616,17.5850,-33.2346,-33.2609
339.000000,14,7.7063,191.6412,16.7040,-34.0953,-34.1121
339.000000,15,7.7063,191.5498,16.7243,-33.9835,-33.9989
339.000000,16,7.7063,191.5195,17.6652,-33.0123,-33.0378
339.000000,17,7.7063,191.4926,17.6919,-32.9588,-32.9897
339.000000,18,7.7063,191.4690,17.6494,-32.9777,-33.0055
339.000000,19,7.7063,191.4488,16.8892,-33.7176,-33.7360
339.000000,20,7.7063,191.3615,16.4309,-34.0887,-34.1027
339.000000,21,7.7063,191.3315,17.5926,-32.8969,-32.9217
339.000000,22,7.7063,191.3048,17.6777,-32.7851,-32.8164
339.000000,23,7.7063,191.2813,17.6848,-32.7546,-32.7838
339.000000,24,7.7063,191.2612,17.0590,-33.3602,-33.3801
340.000000,0,7.6212,192.2003,17.2820,-34.0763,-34.0946
340.000000,1,7.6212,192.1681,17.6576,-33.6686,-33.6944
340.000000,2,7.6212,192.1397,17.6853,-33.6125,-33.6402
340.000000,3,7.6212,192.1152,17.5752,-33.6980,-33.7206
340.000000,4,7.6212,192.0943,16.4867,-34.7656,-34.7794
340.000000,5,7.6212,191.9920,17.1478,-34.0022,-34.0198
340.000000,6,7.6212,191.9606,17.6850,-33.4336,-33.4596
340.000000,7,7.6212,191.9328,17.6626,-33.4282,-33.4572
340.000000,8,7.6212,191.9086,17.5883,-33.4784,-33.5028
340.000000,9,7.6212,191.8880,16.6184,-34.4277,-34.4429
340.000000,10,7.6212,191.7911,16.9677,-33.9814,-33.9979
340.000000,11,7.6212,191.7602,17.6950,-33.2232,-33.2491
340.000000,12,7.6212,191.7329,17.6643,-33.2266,-33.2566
340.000000,13,7.6212,191.7091,17.5743,-33.2928,-33.3189
340.000000,14,7.6212,191.6887,16.7278,-34.1189,-34.1357
340.000000,15,7.6212,191.5964,16.7372,-34.0172,-34.0326
340.000000,16,7.6212,191.5660,17.6678,-33.0563,-33.0817
340.000000,17,7.6212,191.5390,17.6877,-33.0094,-33.0401
340.000000,18,7.6212,191.5154,17.6405,-33.0329,-33.0606
340.000000,19,7.6212,191.4952,16.8893,-33.7639,-33.7822
340.000000,20,7.6212,191.4070,16.4510,-34.1141,-34.1282
340.000000,21,7.6212,191.3769,17.6000,-32.9350,-32.9597
340.000000,22,7.6212,191.3502,17.6771,-32.8312,-32.8624
340.000000,23,7.6212,191.3267,17.6784,-32.8063,-32.8354
340.000000,24,7.6212,191.3066,17.0603,-33.4043,-33.4241
341.000000,0,7.5363,192.2516,17.2789,-34.1307,-34.1489
341.000000,1,7.5363,192.2192,17.6593,-33.7180,-33.7436
341.000000,2,7.5363,192.1907,17.6820,-33.6668,-33.6942
341.000000,3,7.5363,192.1660,17.5833,-33.7408,-33.7632
341.000000,4,7.5363,192.1450,16.5068,-34.7962,-34.8099
341.000000,5,7.5363,192.0416,17.1488,-34.0508,-34.0682
341.000000,6,7.5363,192.0100,17.6798,-33.4882,-33.5140
341.000000,7,7.5363,191.9821,17.6616,-33.4785,-33.5073
341.000000,8,7.5363,191.9578,17.5984,-33.5175,-33.5417
341.000000,9,7.5363,191.9372,16.6395,-34.4557,-34.4709
341.000000,10,7.5363,191.8392,16.9737,-34.0235,-34.0400
341.000000,11,7.5363,191.8082,17.6928,-33.2734,-33.2991
341.000000,12,7.5363,191.7808,17.6567,-33.2821,-33.3119
341.000000,13,7.5363,191.7568,17.5870,-33.3279,-33.3538
341.000000,14,7.5363,191.7364,16.7505,-34.1440,-34.1607
341.000000,15,7.5363,191.6433,16.7491,-34.0522,-34.0676
341.000000,16,7.5363,191.6127,17.6694,-33.1014,-33.1267
341.000000,17,7.5363,191.5857,17.6827,-33.0610,-33.0915
341.000000,18,7.5363,191.5620,17.6310,-33.0890,-33.1165
341.000000,19,7.5363,191.5417,16.8886,-33.8111,-33.8294
341.000000,20,7.5363,191.4528,16.4699,-34.1410,-34.1551
341.000000,21,7.5363,191.4227,17.6063,-32.9744,-32.9990
341.000000,22,7.5363,191.3958,17.6755,-32.8784,-32.9094
341.000000,23,7.5363,191.3723,17.6713,-32.8591,-32.8881
341.000000,24,7.5363,191.3522,17.0607,-33.4495,-33.4693
342.000000,0,7.4518,192.3033,17.2754,-34.1860,-34.2041
342.000000,1,7.4518,192.2707,17.6604,-33.7684,-33.7938
342.000000,2,7.4518,192.2421,17.6781,-33.7220,-33.7492
342.000000,3,7.4518,192.2172,17.5907,-33.7846,-33.8069
342.000000,4,7.4518,192.1962,16.5262,-34.8280,-34.8417
342.000000,5,7.4518,192.0915,17.1492,-34.1004,-34.1177
342.000000,6,7.4518,192.0598,17.6740,-33.5438,-33.5694
342.000000,7,7.4518,192.0317,17.6599,-33.5298,-33.5583
342.000000,8,7.4518,192.0074,17.6077,-33.5576,-33.5817
342.000000,9,7.4518,191.9866,16.6597,-34.4849,-34.5000
342.000000,10,7.4518,191.8876,16.9789,-34.0668,-34.0832
342.000000,11,7.4518,191.8565,17.6900,-33.3246,-33.3501
342.000000,12,7.4518,191.8289,17.6485,-33.3385,-33.3680
342.000000,13,7.4518,191.8050,17.5989,-33.3640,-33.3898
342.000000,14,7.4518,191.7845,16.7722,-34.1703,-34.1870
342.000000,15,7.4518,191.6904,16.7600,-34.0884,-34.1038
342.000000,16,7.4518,191.6598,17.6702,-33.1476,-33.1727
342.000000,17,7.4518,191.6326,17.6771,-33.1136,-33.1439
342.000000,18,7.4518,191.6089,17.6209,-33.1460,-33.1734
342.000000,19,7.4518,191.5886,16.8872,-33.8594,-33.8777
342.000000,20,7.4518,191.4989,16.4876,-34.1693,-34.1834
342.000000,21,7.4518,191.4686,17.6116,-33.0150,-33.0395
342.000000,22,7.4518,191.4417,17.6731,-32.9266,-32.9575
342.000000,23,7.4518,191.4182,17.6634,-32.9128,-32.9417
342.000000,24,7.4518,191.3980,17.0603,-33.4957,-33.5155
343.000000,0,7.3676,192.3556,17.2713,-34.2423,-34.2602
343.000000,1,7.3676,192.3228,17.6610,-33.8198,-33.8449
343.000000,2,7.3676,192.2939,17.6738,-33.7781,-33.8050
343.000000,3,7.3676,192.2689,17.5974,-33.8295,-33.8516
343.000000,4,7.3676,192.2477,16.5447,-34.8611,-34.8747
343.000000,5,7.3676,192.1419,17.1490,-34.1509,-34.1682
343.000000,6,7.3676,192.1099,17.6677,-33.6003,-33.6257
343.000000,7,7.3676,192.0818,17.6578,-33.5820,-33.6102
343.000000,8,7.3676,192.0573,17.6164,-33.5989,-33.6228
343.000000,9,7.3676,192.0365,16.6791,-34.5154,-34.5305
343.000000,10,7.3676,191.9364,16.9833,-34.1111,-34.1275
343.000000,11,7.3676,191.9051,17.6864,-33.3767,-33.4021
343.000000,12,7.3676,191.8775,17.6397,-33.3958,-33.4251
343.000000,13,7.3676,191.8534,17.6100,-33.4014,-33.4270
343.000000,14,7.3676,191.8329,16.7929,-34.1980,-34.2146
343.000000,15,7.3676,191.7379,16.7700,-34.1259,-34.1412
343.000000,16,7.3676,191.7071,17.6703,-33.1949,-33.2199
343.000000,17,7.3676,191.6798,17.6707,-33.1671,-33.1973
343.000000,18,7.3676,191.6561,17.6101,-33.2039,-33.2312
343.000000,19,7.3676,191.6357,16.8850,-33.9087,-33.9269
343.000000,20,7.3676,191.5452,16.5042,-34.1990,-34.2131
343.000000,21,7.3676,191.5148,17.6160,-33.0569,-33.0813
343.000000,22,7.3676,191.4879,17.6699,-32.9760,-33.0067
343.000000,23,7.3676,191.4643,17.6548,-32.9676,-32.9963
343.000000,24,7.3676,191.4440,17.0590,-33.5430,-33.5628
344.000000,0,7.2838,192.4083,17.2669,-34.2995,-34.3172
344.000000,1,7.2838,192.3752,17.6611,-33.8722,-33.8970
344.000000,2,7.2838,192.3462,17.6691,-33.8351,-33.8618
344.000000,3,7.2838,192.3211,17.6036,-33.8755,-33.8974
344.000000,4,7.2838,192.2998,16.5624,-34.8954,-34.9089
344.000000,5,7.2838,192.1927,17.1483,-34.2025,-34.2196
344.000000,6,7.2838,192.1605,17.6608,-33.6578,-33.6829
344.000000,7,7.2838,192.1322,17.6551,-33.6352,-33.6631
344.000000,8,7.2838,192.1076,17.6243,-33.6413,-33.6650
344.000000,9,7.2838,192.0867,16.6976,-34.5472,-34.5622
344.000000,10,7.2838,191.9856,16.9871,-34.1565,-34.1729
344.000000,11,7.2838,191.9541,17.6823,-33.4299,-33.4550
344.000000,12,7.2838,191.9263,17.6304,-33.4539,-33.4830
344.000000,13,7.2838,191.9022,17.6203,-33.4399,-33.4653
344.000000,14,7.2838,191.8816,16.8126,-34.2270,-34.2435
344.000000,15,7.2838,191.7856,16.7792,-34.1645,-34.1798
344.000000,16,7.2838,191.7547,17.6695,-33.2433,-33.2682
344.000000,17,7.2838,191.7274,17.6638,-33.2216,-33.2516
344.000000,18,7.2838,191.7035,17.5988,-33.2627,-33.2898
344.000000,19,7.2838,191.6831,16.9060,-33.9352,-33.9533
344.000000,20,7.2838,191.5918,16.5198,-34.2300,-34.2441
344.000000,21,7.2838,191.5613,17.6194,-33.0999,-33.1242
344.000000,22,7.2838,191.5343,17.6659,-33.0264,-33.0569
344.000000,23,7.2838,191.5106,17.6454,-33.0232,-33.0518
344.000000,24,7.2838,191.4904,17.0570,-33.5914,-33.6111
345.000000,0,7.2003,192.4615,17.2620,-34.3576,-34.3752
345.000000,1,7.2003,192.4282,17.6607,-33.9255,-33.9502
345.000000,2,7.2003,192.3990,17.6640,-33.8930,-33.9194
345.000000,3,7.2003,192.3737,17.6092,-33.9225,-33.9443
345.000000,4,7.2003,192.3523,16.5795,-34.9309,-34.9443
345.000000,5,7.2003,192.2439,17.1469,-34.2550,-34.2720
345.000000,6,7.2003,192.2116,17.6535,-33.7161,-33.7411
345.000000,7,7.2003,192.1831,17.6519,-33.6892,-33.7169
345.000000,8,7.2003,192.1583,17.6316,-33.6848,-33.7083
345.000000,9,7.2003,192.1374,16.7153,-34.5801,-34.5950
345.000000,10,7.2003,192.0351,16.9901,-34.2030,-34.2192
345.000000,11,7.2003,192.0035,17.6776,-33.4840,-33.5089
345.000000,12,7.2003,191.9756,17.6207,-33.5129,-33.5418
345.000000,13,7.2003,191.9513,17.6298,-33.4796,-33.5048
345.000000,14,7.2003,191.9306,16.8315,-34.2572,-34.2736
345.000000,15,7.2003,191.8337,16.7875,-34.2043,-34.2195
345.000000,16,7.2003,191.8027,17.6680,-33.2927,-33.3174
345.000000,17,7.2003,191.7752,17.6562,-33.2771,-33.3068
345.000000,18,7.2003,191.7513,17.6017,-33.3076,-33.3345
345.000000,19,7.2003,191.7308,16.9266,-33.9623,-33.9803
345.000000,20,7.2003,191.6386,16.5343,-34.2623,-34.2764
345.000000,21,7.2003,191.6080,17.6220,-33.1441,-33.1683
345.000000,22,7.2003,191.5809,17.6612,-33.0778,-33.1082
345.000000,23,7.2003,191.5572,17.6355,-33.0798,-33.1082
345.000000,24,7.2003,191.5369,17.0542,-33.6408,-33.6604
346.000000,0,7.1170,192.5153,17.2567,-34.4166,-34.4341
346.000000,1,7.1170,192.4817,17.6599,-33.9799,-34.0043
346.000000,2,7.1170,192.4523,17.6585,-33.9518,-33.9779
346.000000,3,7.1170,192.4268,17.6142,-33.9706,-33.9921
346.000000,4,7.1170,192.4053,16.5958,-34.9675,-34.9809
346.000000,5,7.1170,192.2956,17.1451,-34.3085,-34.3254
346.000000,6,7.1170,192.2630,17.6457,-33.7754,-33.8001
346.000000,7,7.1170,192.2343,17.6482,-33.7442,-33.7716
346.000000,8,7.1170,192.2095,17.6382,-33.7293,-33.7526
346.000000,9,7.1170,192.1884,16.7322,-34.6143,-34.6291
346.000000,10,7.1170,192.0850,16.9925,-34.2505,-34.2667
346.000000,11,7.1170,192.0532,17.6722,-33.5390,-33.5638
346.000000,12,7.1170,192.0252,17.6104,-33.5728,-33.6014
346.000000,13,7.1170,192.0008,17.6385,-33.5203,-33.5453
346.000000,14,7.1170,191.9800,16.8495,-34.2886,-34.3050
346.000000,15,7.1170,191.8821,16.7950,-34.2452,-34.2604
346.000000,16,7.1170,191.8510,17.6658,-33.3431,-33.3677
346.000000,17,7.1170,191.8234,17.6480,-33.3334,-33.3629
346.000000,18,7.1170,191.7994,17.6132,-33.3442,-33.3709
346.000000,19,7.1170,191.7789,16.9461,-33.9907,-34.0087
346.000000,20,7.1170,191.6858,16.5479,-34.2959,-34.3100
346.000000,21,7.1170,191.6551,17.6237,-33.1894,-33.2136
346.000000,22,7.1170,191.6279,17.6557,-33.1302,-33.1604
346.000000,23,7.1170,191.6041,17.6249,-33.1373,-33.1655
346.000000,24,7.1170,191.5838,17.0507,-33.6911,-33.7107
347.000000,0,7.0341,192.5696,17.2510,-34.4766,-34.4939
347.000000,1,7.0341,192.5357,17.6586,-34.0352,-34.0593
347.000000,2,7.0341,192.5061,17.6526,-34.0115,-34.0373
347.000000,3,7.0341,192.4804,17.6187,-34.0197,-34.0411
347.000000,4,7.0341,192.4588,16.6115,-35.0054,-35.0187
347.000000,5,7.0341,192.3478,17.1428,-34.3630,-34.3798
347.000000,6,7.0341,192.3149,17.6375,-33.8355,-33.8600
347.000000,7,7.0341,192.2861,17.6441,-33.8000,-33.8272
347.000000,8,7.0341,192.2611,17.6442,-33.7749,-33.7980
347.000000,9,7.0341,192.2399,16.7483,-34.6497,-34.6644
347.000000,10,7.0341,192.1353,16.9943,-34.2990,-34.3151
347.000000,11,7.0341,192.1034,17.6664,-33.5950,-33.6196
347.000000,12,7.0341,192.0752,17.6080,-33.6252,-33.6535
347.000000,13,7.0341,192.0507,17.6465,-33.5622,-33.5870
347.000000,14,7.0341,192.0298,16.8666,-34.3213,-34.3376
347.000000,15,7.0341,191.9309,16.8017,-34.2872,-34.3024
347.000000,16,7.0341,191.8996,17.6630,-33.3946,-33.4190
347.000000,17,7.0341,191.8719,17.6393,-33.3906,-33.4199
347.000000,18,7.0341,191.8478,17.6238,-33.3820,-33.4085
347.000000,19,7.0341,191.8272,16.9648,-34.0205,-34.0383
347.000000,20,7.0341,191.7332,16.5605,-34.3308,-34.3448
347.000000,21,7.0341,191.7024,17.6246,-33.2359,-33.2599
347.000000,22,7.0341,191.6751,17.6496,-33.1835,-33.2135
347.000000,23,7.0341,191.6513,17.6169,-33.1924,-33.2205
347.000000,24,7.0341,191.6309,17.0465,-33.7425,-33.7620
348.000000,0,6.9515,192.6244,17.2450,-34.5375,-34.5546
348.000000,1,6.9515,192.5903,17.6569,-34.0915,-34.1154
348.000000,2,6.9515,192.5604,17.6464,-34.0720,-34.0976
348.000000,3,6.9515,192.5346,17.6227,-34.0699,-34.0910
348.000000,4,6.9515,192.5129,16.6265,-35.0444,-35.0576
348.000000,5,6.9515,192.4004,17.1401,-34.4184,-34.4350
348.000000,6,6.9515,192.3673,17.6289,-33.8965,-33.9208
348.000000,7,6.9515,192.3383,17.6395,-33.8568,-33.8837
348.000000,8,6.9515,192.3132,17.6496,-33.8216,-33.8445
348.000000,9,6.9515,192.2919,16.7637,-34.6862,-34.7009
348.000000,10,6.9515,192.1861,16.9955,-34.3486,-34.3646
348.000000,11,6.9515,192.1539,17.6600,-33.6519,-33.6763
348.000000,12,6.9515,192.1255,17.6057,-33.6779,-33.7060
348.000000,13,6.9515,192.1009,17.6538,-33.6051,-33.6297
348.000000,14,6.9515,192.0800,16.8829,-34.3552,-34.3714
348.000000,15,6.9515,191.9800,16.8077,-34.3304,-34.3455
348.000000,16,6.9515,191.9485,17.6595,-33.4471,-33.4713
348.000000,17,6.9515,191.9207,17.6301,-33.4487,-33.4777
348.000000,18,6.9515,191.8965,17.6336,-33.4210,-33.4473
348.000000,19,6.9515,191.8759,16.9825,-34.0514,-34.0692
348.000000,20,6.9515,191.7809,16.5721,-34.3669,-34.3809
348.000000,21,6.9515,191.7500,17.6246,-33.2834,-33.3073
348.000000,22,6.9515,191.7226,17.6428,-33.2378,-33.2676
348.000000,23,6.9515,191.6987,17.6209,-33.2359,-33.2637
348.000000,24,6.9515,191.6783,17.0609,-33.7754,-33.7948
349.000000,0,6.8693,192.6799,17.2387,-34.5993,-34.6163
349.000000,1,6.8693,192.6455,17.6547,-34.1488,-34.1724
349.000000,2,6.8693,192.6153,17.6403,-34.1331,-34.1583
349.000000,3,6.8693,192.5894,17.6263,-34.1211,-34.1420
349.000000,4,6.8693,192.5675,16.6408,-35.0847,-35.0978
349.000000,5,6.8693,192.4535,17.1368,-34.4747,-34.4912
349.000000,6,6.8693,192.4202,17.6198,-33.9584,-33.9824
349.000000,7,6.8693,192.3910,17.6403,-33.9087,-33.9353
349.000000,8,6.8693,192.3657,17.6545,-33.8693,-33.8919
349.000000,9,6.8693,192.3443,16.7785,-34.7239,-34.7385
349.000000,10,6.8693,192.2372,16.9962,-34.3991,-34.4150
349.000000,11,6.8693,192.2049,17.6531,-33.7098,-33.7339
349.000000,12,6.8693,192.1763,17.6138,-33.7206,-33.7484
349.000000,13,6.8693,192.1516,17.6605,-33.6491,-33.6735
349.000000,14,6.8693,192.1306,16.8984,-34.3902,-34.4063
349.000000,15,6.8693,192.0295,16.8129,-34.3746,-34.3897
349.000000,16,6.8693,191.9979,17.6554,-33.5005,-33.5246
349.000000,17,6.8693,191.9699,17.6284,-33.4996,-33.5284
349.000000,18,6.8693,191.9456,17.6426,-33.4611,-33.4872
349.000000,19,6.8693,191.9249,16.9993,-34.0836,-34.1013
349.000000,20,6.8693,191.8290,16.5829,-34.4041,-34.4182
349.000000,21,6.8693,191.7980,17.6240,-33.3320,-33.3557
349.000000,22,6.8693,191.7705,17.6482,-33.2803,-33.3099
349.000000,23,6.8693,191.7465,17.6241,-33.2804,-33.3081
349.000000,24,6.8693,191.7260,17.0796,-33.8044,-33.8237
350.000000,0,6.7873,192.7360,17.2320,-34.6620,-34.6788
350.000000,1,6.7873,192.7013,17.6522,-34.2071,-34.2304
350.000000,2,6.7873,192.6709,17.6454,-34.1835,-34.2085
350.000000,3,6.7873,192.6447,17.6293,-34.1734,-34.1941
350.000000,4,6.7873,192.6226,16.6546,-35.1261,-35.1391
350.000000,5,6.7873,192.5072,17.1332,-34.5320,-34.5484
350.000000,6,6.7873,192.4736,17.6114,-34.0202,-34.0440
350.000000,7,6.7873,192.4442,17.6474,-33.9548,-33.9811
350.000000,8,6.7873,192.4187,17.6588,-33.9180,-33.9404
350.000000,9,6.7873,192.3972,16.7925,-34.7627,-34.7772
350.000000,10,6.7873,192.2888,16.9962,-34.4506,-34.4664
350.000000,11,6.7873,192.2563,17.6458,-33.7685,-33.7925
350.000000,12,6.7873,192.2276,17.6233,-33.7623,-33.7898
350.000000,13,6.7873,192.2027,17.6665,-33.6942,-33.7184
350.000000,14,6.7873,192.1816,16.9132,-34.4264,-34.4425
350.000000,15,6.7873,192.0794,16.8175,-34.4199,-34.4349
350.000000,16,6.7873,192.0476,17.6507,-33.5549,-33.5788
350.000000,17,6.7873,192.0195,17.6317,-33.5458,-33.5744
350.000000,18,6.7873,191.9951,17.6508,-33.5023,-33.5281
350.000000,19,6.7873,191.9743,17.0153,-34.1170,-34.1346
350.000000,20,6.7873,191.8774,16.5929,-34.4426,-34.4566
350.000000,21,6.7873,191.8462,17.6226,-33.3816,-33.4052
350.000000,22,6.7873,191.8186,17.6543,-33.3224,-33.3517
350.000000,23,6.7873,191.7945,17.6266,-33.3260,-33.3535
350.000000,24,6.7873,191.7740,17.0973,-33.8347,-33.8539
351.000000,0,6.7056,192.7927,17.2290,-34.7217,-34.7383
351.000000,1,6.7056,192.7576,17.6494,-34.2663,-34.2893
351.000000,2,6.7056,192.7270,17.6499,-34.2351,-34.2597
351.000000,3,6.7056,192.7006,17.6319,-34.2267,-34.2472
351.000000,4,6.7056,192.6784,16.6678,-35.1686,-35.1816
351.000000,5,6.7056,192.5614,17.1292,-34.5902,-34.6065
351.000000,6,6.7056,192.5276,17.6108,-34.0748,-34.0983
351.000000,7,6.7056,192.4979,17.6539,-34.0021,-34.0281
351.000000,8,6.7056,192.4723,17.6625,-33.9678,-33.9900
351.000000,9,6.7056,192.4506,16.8059,-34.8028,-34.8171
351.000000,10,6.7056,192.3409,16.9958,-34.5032,-34.5188
351.000000,11,6.7056,192.3081,17.6380,-33.8281,-33.8519
351.000000,12,6.7056,192.2793,17.6323,-33.8050,-33.8323
351.000000,13,6.7056,192.2542,17.6720,-33.7403,-33.7643
351.000000,14,6.7056,192.2331,16.9273,-34.4638,-34.4797
351.000000,15,6.7056,192.1297,16.8214,-34.4663,-34.4812
351.000000,16,6.7056,192.0977,17.6455,-33.6102,-33.6339
351.000000,17,6.7056,192.0694,17.6343,-33.5931,-33.6214
351.000000,18,6.7056,192.0449,17.6584,-33.5446,-33.5702
351.000000,19,6.7056,192.0241,17.0305,-34.1516,-34.1691
351.000000,20,6.7056,191.9262,16.6020,-34.4822,-34.4962
351.000000,21,6.7056,191.8948,17.6206,-33.4323,-33.4557
351.000000,22,6.7056,191.8671,17.6596,-33.3655,-33.3947
351.000000,23,6.7056,191.8429,17.6284,-33.3726,-33.3999
351.000000,24,6.7056,191.8223,17.1141,-33.8663,-33.8854
352.000000,0,6.6242,192.8501,17.2408,-34.7673,-34.7838
352.000000,1,6.6242,192.8147,17.6462,-34.3265,-34.3493
352.000000,2,6.6242,192.7837,17.6541,-34.2877,-34.3121
352.000000,3,6.6242,192.7571,17.6341,-34.2810,-34.3013
352.000000,4,6.6242,192.7348,16.6804,-35.2124,-35.2252
352.000000,5,6.6242,192.6161,17.1248,-34.6494,-34.6656
352.000000,6,6.6242,192.5821,17.6098,-34.1303,-34.1535
352.000000,7,6.6242,192.5521,17.6598,-34.0504,-34.0761
352.000000,8,6.6242,192.5263,17.6658,-34.0185,-34.0405
352.000000,9,6.6242,192.5046,16.8187,-34.8439,-34.8582
352.000000,10,6.6242,192.3935,16.9949,-34.5567,-34.5722
352.000000,11,6.6242,192.3605,17.6298,-33.8887,-33.9122
352.000000,12,6.6242,192.3314,17.6405,-33.8489,-33.8759
352.000000,13,6.6242,192.3062,17.6768,-33.7875,-33.8112
352.000000,14,6.6242,192.2849,16.9406,-34.5024,-34.5182
352.000000,15,6.6242,192.1804,16.8247,-34.5137,-34.5285
352.000000,16,6.6242,192.1482,17.6397,-33.6665,-33.6900
352.000000,17,6.6242,192.1198,17.6364,-33.6415,-33.6695
352.000000,18,6.6242,192.0951,17.6653,-33.5879,-33.6133
352.000000,19,6.6242,192.0742,17.0449,-34.1874,-34.2048
352.000000,20,6.6242,191.9753,16.6103,-34.5230,-34.5369
352.000000,21,6.6242,191.9438,17.6179,-33.4840,-33.5072
352.000000,22,6.6242,191.9159,17.6641,-33.4098,-33.4387
352.000000,23,6.6242,191.8917,17.6295,-33.4202,-33.4473
352.000000,24,6.6242,191.8710,17.1300,-33.8990,-33.9180
353.000000,0,6.5432,192.9081,17.2521,-34.8141,-34.8304
353.000000,1,6.5432,192.8724,17.6426,-34.3878,-34.4103
353.000000,2,6.5432,192.8412,17.6577,-34.3415,-34.3655
353.000000,3,6.5432,192.8143,17.6359,-34.3364,-34.3564
353.000000,4,6.5432,192.7918,16.6925,-35.2573,-35.2701
353.000000,5,6.5432,192.6715,17.1200,-34.7095,-34.7255
353.000000,6,6.5432,192.6371,17.6102,-34.1849,-34.2079
353.000000,7,6.5432,192.6070,17.6652,-34.0998,-34.1253
353.000000,8,6.5432,192.5810,17.6687,-34.0704,-34.0921
353.000000,9,6.5432,192.5591,16.8309,-34.8862,-34.9004
353.000000,10,6.5432,192.4466,16.9935,-34.6111,-34.6266
353.000000,11,6.5432,192.4133,17.6212,-33.9501,-33.9734
353.000000,12,6.5432,192.3840,17.6481,-33.8939,-33.9206
353.000000,13,6.5432,192.3587,17.6811,-33.8357,-33.8592
353.000000,14,6.5432,192.3373,16.9533,-34.5420,-34.5577
353.000000,15,6.5432,192.2315,16.8274,-34.5621,-34.5769
353.000000,16,6.5432,192.1991,17.6334,-33.7237,-33.7470
353.000000,17,6.5432,192.1705,17.6378,-33.6908,-33.7186
353.000000,18,6.5432,192.1458,17.6715,-33.6323,-33.6575
353.000000,19,6.5432,192.1248,17.0585,-34.2243,-34.2416
353.000000,20,6.5432,192.0248,16.6179,-34.5649,-34.5787
353.000000,21,6.5432,191.9931,17.6145,-33.5366,-33.5597
353.000000,22,6.5432,191.9651,17.6680,-33.4552,-33.4838
353.000000,23,6.5432,191.9408,17.6381,-33.4607,-33.4876
353.000000,24,6.5432,191.9200,17.1451,-33.9330,-33.9519
354.000000,0,6.4624,192.9669,17.2627,-34.8622,-34.8783
354.000000,1,6.4624,192.9308,17.6394,-34.4494,-34.4716
354.000000,2,6.4624,192.8993,17.6610,-34.3963,-34.4201
354.000000,3,6.4624,192.8722,17.6374,-34.3929,-34.4127
354.000000,4,6.4624,192.8495,16.7041,-35.3034,-35.3161
354.000000,5,6.4624,192.7274,17.1149,-34.7706,-34.7865
354.000000,6,6.4624,192.6928,17.6190,-34.2318,-34.2545
354.000000,7,6.4624,192.6624,17.6701,-34.1503,-34.1755
354.000000,8,6.4624,192.6362,17.6710,-34.1232,-34.1447
354.000000,9,6.4624,192.6141,16.8425,-34.9297,-34.9437
354.000000,10,6.4624,192.5001,16.9916,-34.6666,-34.6819
354.000000,11,6.4624,192.4666,17.6122,-34.0124,-34.0355
354.000000,12,6.4624,192.4371,17.6552,-33.9400,-33.9664
354.000000,13,6.4624,192.4117,17.6848,-33.8849,-33.9082
354.000000,14,6.4624,192.3901,16.9654,-34.5828,-34.5984
354.000000,15,6.4624,192.2831,16.8295,-34.6116,-34.6263
354.000000,16,6.4624,192.2505,17.6267,-33.7818,-33.8050
354.000000,17,6.4624,192.2217,17.6386,-33.7412,-33.7687
354.000000,18,6.4624,192.1968,17.6771,-33.6778,-33.7028
354.000000,19,6.4624,192.1757,17.0714,-34.2624,-34.2795
354.000000,20,6.4624,192.0746,16.6248,-34.6079,-34.6217
354.000000,21,6.4624,192.0428,17.6106,-33.5902,-33.6132
354.000000,22,6.4624,192.0147,17.6711,-33.5016,-33.5300
354.000000,23,6.4624,191.9902,17.6460,-33.5022,-33.5289
354.000000,24,6.4624,191.9694,17.1593,-33.9681,-33.9869
355.000000,0,6.3819,193.0264,17.2729,-34.9115,-34.9275
355.000000,1,6.3819,192.9899,17.6452,-34.5027,-34.5246
355.000000,2,6.3819,192.9581,17.6638,-34.4523,-34.4757
355.000000,3,6.3819,192.9307,17.6384,-34.4504,-34.4700
355.000000,4,6.3819,192.9079,16.7152,-35.3507,-35.3633
355.000000,5,6.3819,192.7840,17.1094,-34.8326,-34.8483
355.000000,6,6.3819,192.7490,17.6272,-34.2799,-34.3023
355.000000,7,6.3819,192.7184,17.6745,-34.2019,-34.2268
355.000000,8,6.3819,192.6920,17.6730,-34.1771,-34.1984
355.000000,9,6.3819,192.6698,16.8536,-34.9742,-34.9882
355.000000,10,6.3819,192.5543,16.9893,-34.7230,-34.7382
355.000000,11,6.3819,192.5205,17.6029,-34.0756,-34.0984
355.000000,12,6.3819,192.4908,17.6616,-33.9872,-34.0133
355.000000,13,6.3819,192.4651,17.6880,-33.9351,-33.9582
355.000000,14,6.3819,192.4435,16.9768,-34.6248,-34.6402
355.000000,15,6.3819,192.3351,16.8311,-34.6621,-34.6767
355.000000,16,6.3819,192.3023,17.6195,-33.8409,-33.8638
355.000000,17,6.3819,192.2734,17.6389,-33.7926,-33.8198
355.000000,18,6.3819,192.2483,17.6821,-33.7243,-33.7491
355.000000,19,6.3819,192.2271,17.0836,-34.3016,-34.3186
355.000000,20,6.3819,192.1249,16.6310,-34.6520,-34.6657
355.000000,21,6.3819,192.0929,17.6061,-33.6448,-33.6676
355.000000,22,6.3819,192.0646,17.6736,-33.5491,-33.5772
355.000000,23,6.3819,192.0400,17.6533,-33.5448,-33.5712
355.000000,24,6.3819,192.0191,17.1727,-34.0045,-34.0231
356.000000,0,6.3017,193.0867,17.2826,-34.9621,-34.9779
356.000000,1,6.3017,193.0498,17.6506,-34.5573,-34.5789
356.000000,2,6.3017,193.0176,17.6663,-34.5094,-34.5325
356.000000,3,6.3017,192.9900,17.6391,-34.5090,-34.5283
356.000000,4,6.3017,192.9670,16.7258,-35.3992,-35.4117
356.000000,5,6.3017,192.8413,17.1096,-34.8897,-34.9053
356.000000,6,6.3017,192.8059,17.6349,-34.3291,-34.3513
356.000000,7,6.3017,192.7750,17.6784,-34.2546,-34.2792
356.000000,8,6.3017,192.7484,17.6745,-34.2320,-34.2531
356.000000,9,6.3017,192.7260,16.8641,-35.0200,-35.0338
356.000000,10,6.3017,192.6090,16.9867,-34.7803,-34.7955
356.000000,11,6.3017,192.5749,17.5932,-34.1397,-34.1623
356.000000,12,6.3017,192.5450,17.6675,-34.0355,-34.0613
356.000000,13,6.3017,192.5191,17.6908,-33.9864,-34.0092
356.000000,14,6.3017,192.4974,16.9876,-34.6678,-34.6831
356.000000,15,6.3017,192.3876,16.8321,-34.7135,-34.7280
356.000000,16,6.3017,192.3546,17.6118,-33.9008,-33.9235
356.000000,17,6.3017,192.3255,17.6386,-33.8449,-33.8719
356.000000,18,6.3017,192.3003,17.6865,-33.7719,-33.7964
356.000000,19,6.3017,192.2790,17.0951,-34.3419,-34.3588
356.000000,20,6.3017,192.1756,16.6365,-34.6971,-34.7108
356.000000,21,6.3017,192.1433,17.6010,-33.7004,-33.7230
356.000000,22,6.3017,192.1149,17.6754,-33.5976,-33.6255
356.000000,23,6.3017,192.0903,17.6598,-33.5885,-33.6146
356.000000,24,6.3017,192.0693,17.1854,-34.0419,-34.0605
357.000000,0,6.2218,193.1478,17.2918,-35.0140,-35.0296
357.000000,1,6.2218,193.1105,17.6555,-34.6130,-34.6344
357.000000,2,6.2218,193.0780,17.6684,-34.5676,-34.5905
357.000000,3,6.2218,193.0501,17.6395,-34.5687,-34.5878
357.000000,4,6.2218,193.0268,16.7359,-35.4489,-35.4612
357.000000,5,6.2218,192.8992,17.1225,-34.9348,-34.9502
357.000000,6,6.2218,192.8635,17.6420,-34.3796,-34.4015
357.000000,7,6.2218,192.8323,17.6819,-34.3084,-34.3326
357.000000,8,6.2218,192.8055,17.6756,-34.2879,-34.3088
357.000000,9,6.2218,192.7829,16.8741,-35.0668,-35.0806
357.000000,10,6.2218,192.6642,16.9836,-34.8387,-34.8537
357.000000,11,6.2218,192.6298,17.6014,-34.1865,-34.2089
357.000000,12,6.2218,192.5997,17.6729,-34.0848,-34.1103
357.000000,13,6.2218,192.5737,17.6931,-34.0387,-34.0612
357.000000,14,6.2218,192.5518,16.9979,-34.7119,-34.7272
357.000000,15,6.2218,192.4406,16.8327,-34.7660,-34.7804
357.000000,16,6.2218,192.4073,17.6038,-33.9616,-33.9841
357.000000,17,6.2218,192.3781,17.6395,-33.8966,-33.9233
357.000000,18,6.2218,192.3527,17.6903,-33.8204,-33.8447
357.000000,19,6.2218,192.3313,17.1060,-34.3833,-34.4001
357.000000,20,6.2218,192.2267,16.6414,-34.7434,-34.7570
357.000000,21,6.2218,192.1943,17.5955,-33.7568,-33.7793
357.000000,22,6.2218,192.1657,17.6766,-33.6471,-33.6747
357.000000,23,6.2218,192.1409,17.6657,-33.6332,-33.6591
357.000000,24,6.2218,192.1198,17.1973,-34.0805,-34.0990
358.000000,0,6.1422,193.2098,17.3006,-35.0672,-35.0826
358.000000,1,6.1422,193.1720,17.6600,-34.6701,-34.6911
358.000000,2,6.1422,193.1391,17.6701,-34.6270,-34.6496
358.000000,3,6.1422,193.1109,17.6395,-34.6295,-34.6484
358.000000,4,6.1422,193.0874,16.7456,-35.4998,-35.5121
358.000000,5,6.1422,192.9579,17.1348,-34.9811,-34.9963
358.000000,6,6.1422,192.9218,17.6486,-34.4312,-34.4529
358.000000,7,6.1422,192.8903,17.6850,-34.3633,-34.3872
358.000000,8,6.1422,192.8632,17.6764,-34.3449,-34.3655
358.000000,9,6.1422,192.8405,16.8837,-35.1149,-35.1285
358.000000,10,6.1422,192.7201,16.9802,-34.8980,-34.9129
358.000000,11,6.1422,192.6854,17.6106,-34.2328,-34.2549
358.000000,12,6.1422,192.6550,17.6778,-34.1353,-34.1605
358.000000,13,6.1422,192.6288,17.6949,-34.0920,-34.1143
358.000000,14,6.1422,192.6068,17.0076,-34.7572,-34.7723
358.000000,15,6.1422,192.4942,16.8327,-34.8195,-34.8338
358.000000,16,6.1422,192.4606,17.5953,-34.0233,-34.0456
358.000000,17,6.1422,192.4311,17.6466,-33.9426,-33.9690
358.000000,18,6.1422,192.4056,17.6936,-33.8700,-33.8941
358.000000,19,6.1422,192.3841,17.1163,-34.4258,-34.4425
358.000000,20,6.1422,192.2782,16.6456,-34.7906,-34.8042
358.000000,21,6.1422,192.2456,17.5894,-33.8142,-33.8365
358.000000,22,6.1422,192.2168,17.6773,-33.6976,-33.7250
358.000000,23,6.1422,192.1919,17.6710,-33.6790,-33.7046
358.000000,24,6.1422,192.1708,17.2085,-34.1203,-34.1385
359.000000,0,6.0629,193.2726,17.3089,-35.1217,-35.1369
359.000000,1,6.0629,193.2344,17.6641,-34.7283,-34.7491
359.000000,2,6.0629,193.2011,17.6715,-34.6876,-34.7098
359.000000,3,6.0629,193.1726,17.6393,-34.6914,-34.7100
359.000000,4,6.0629,193.1489,16.7549,-35.5520,-35.5641
359.000000,5,6.0629,193.0173,17.1465,-35.0287,-35.0438
359.000000,6,6.0629,192.9808,17.6547,-34.4841,-34.5055
359.000000,7,6.0629,192.9490,17.6877,-34.4193,-34.4429
359.000000,8,6.0629,192.9216,17.6767,-34.4029,-34.4233
359.000000,9,6.0629,192.8987,16.8928,-35.1640,-35.1775
359.000000,10,6.0629,192.7766,16.9764,-34.9583,-34.9730
359.000000,11,6.0629,192.7416,17.6193,-34.2803,-34.3022
359.000000,12,6.0629,192.7109,17.6822,-34.1868,-34.2117
359.000000,13,6.0629,192.6845,17.6963,-34.1463,-34.1684
359.000000,14,6.0629,192.6623,17.0168,-34.8036,-34.8186
359.000000,15,6.0629,192.5483,16.8323,-34.8740,-34.8882
359.000000,16,6.0629,192.5144,17.5865,-34.0860,-34.1080
359.000000,17,6.0629,192.4847,17.6532,-33.9896,-34.0157
359.000000,18,6.0629,192.4591,17.6965,-33.9206,-33.9444
359.000000,19,6.0629,192.4374,17.1259,-34.4695,-34.4860
359.000000,20,6.0629,192.3303,16.6493,-34.8390,-34.8525
359.000000,21,6.0629,192.2974,17.5829,-33.8726,-33.8946
359.000000,22,6.0629,192.2685,17.6774,-33.7491,-33.7762
359.000000,23,6.0629,192.2434,17.6757,-33.7258,-33.7512
359.000000,24,6.0629,192.2221,17.2191,-34.1611,-34.1792
360.000000,0,5.9838,193.3363,17.3168,-35.1776,-35.1926
360.000000,1,5.9838,193.2976,17.6678,-34.7879,-34.8084
360.000000,2,5.9838,193.2639,17.6726,-34.7493,-34.7713
360.000000,3,5.9838,193.2352,17.6388,-34.7544,-34.7729
360.000000,4,5.9838,193.2112,16.7638,-35.6054,-35.6174
360.000000,5,5.9838,193.0774,17.1578,-35.0777,-35.0926
360.000000,6,5.9838,193.0405,17.6604,-34.5382,-34.5593
360.000000,7,5.9838,193.0084,17.6900,-34.4764,-34.4997
360.000000,8,5.9838,192.9808,17.6768,-34.4620,-34.4822
360.000000,9,5.9838,192.9577,16.9014,-35.2144,-35.2277
360.000000,10,5.9838,192.8338,16.9723,-35.0195,-35.0341
360.000000,11,5.9838,192.7984,17.6274,-34.3290,-34.3506
360.000000,12,5.9838,192.7675,17.6861,-34.2394,-34.2640
360.000000,13,5.9838,192.7409,17.6973,-34.2016,-34.2235
360.000000,14,5.9838,192.7185,17.0255,-34.8511,-34.8659
360.000000,15,5.9838,192.6029,16.8315,-34.9294,-34.9436
360.000000,16,5.9838,192.5688,17.5774,-34.1495,-34.1713
360.000000,17,5.9838,192.5389,17.6592,-34.0377,-34.0635
360.000000,18,5.9838,192.5130,17.6988,-33.9723,-33.9958
360.000000,19,5.9838,192.4912,17.1351,-34.5142,-34.5306
360.000000,20,5.9838,192.3828,16.6525,-34.8883,-34.9018
360.000000,21,5.9838,192.3497,17.5759,-33.9318,-33.9537
360.000000,22,5.9838,192.3205,17.6770,-33.8016,-33.8284
360.000000,23,5.9838,192.2953,17.6798,-33.7736,-33.7988
360.000000,24,5.9838,192.2740,17.2290,-34.2030,-34.2210
361.000000,0,5.9050,193.4010,17.3243,-35.2348,-35.2496
361.000000,1,5.9050,193.3618,17.6711,-34.8487,-34.8689
361.000000,2,5.9050,193.3277,17.6734,-34.8123,-34.8339
361.000000,3,5.9050,193.2986,17.6380,-34.8187,-34.8368
361.000000,4,5.9050,193.2744,16.7723,-35.6601,-35.6719
361.000000,5,5.9050,193.1384,17.1685,-35.1279,-35.1426
361.000000,6,5.9050,193.1011,17.6656,-34.5935,-34.6144
361.000000,7,5.9050,193.0686,17.6919,-34.5347,-34.5577
361.000000,8,5.9050,193.0407,17.6765,-34.5222,-34.5421
361.000000,9,5.9050,193.0174,16.9096,-35.2659,-35.2791
361.000000,10,5.9050,192.8916,16.9787,-35.0709,-35.0854
361.000000,11,5.9050,192.8559,17.6350,-34.3789,-34.4003
361.000000,12,5.9050,192.8247,17.6896,-34.2931,-34.3175
361.000000,13,5.9050,192.7978,17.6979,-34.2580,-34.2796
361.000000,14,5.9050,192.7753,17.0337,-34.8997,-34.9144
361.000000,15,5.9050,192.6581,16.8302,-34.9859,-34.9999
361.000000,16,5.9050,192.6237,17.5774,-34.2044,-34.2260
361.000000,17,5.9050,192.5935,17.6647,-34.0869,-34.1124
361.000000,18,5.9050,192.5675,17.7007,-34.0249,-34.0482
361.000000,19,5.9050,192.5456,17.1436,-34.5600,-34.5763
361.000000,20,5.9050,192.4358,16.6550,-34.9388,-34.9521
361.000000,21,5.9050,192.4024,17.5685,-33.9919,-34.0137
361.000000,22,5.9050,192.3731,17.6761,-33.8551,-33.8816
361.000000,23,5.9050,192.3477,17.6834,-33.8224,-33.8474
361.000000,24,5.9050,192.3263,17.2383,-34.2460,-34.2639
362.000000,0,5.8265,193.4667,17.3314,-35.2933,-35.3079
362.000000,1,5.8265,193.4269,17.6741,-34.9109,-34.9308
362.000000,2,5.8265,193.3924,17.6739,-34.8765,-34.8978
362.000000,3,5.8265,193.3629,17.6369,-34.8841,-34.9020
362.000000,4,5.8265,193.3385,16.7804,-35.7161,-35.7278
362.000000,5,5.8265,193.2002,17.1788,-35.1794,-35.1940
362.000000,6,5.8265,193.1624,17.6704,-34.6501,-34.6707
362.000000,7,5.8265,193.1296,17.6935,-34.5941,-34.6168
362.000000,8,5.8265,193.1014,17.6760,-34.5835,-34.6031
362.000000,9,5.8265,193.0779,16.9174,-35.3186,-35.3317
362.000000,10,5.8265,192.9501,16.9928,-35.1154,-35.1297
362.000000,11,5.8265,192.9141,17.6421,-34.4300,-34.4511
362.000000,12,5.8265,192.8826,17.6926,-34.3480,-34.3720
362.000000,13,5.8265,192.8555,17.6981,-34.3154,-34.3367
362.000000,14,5.8265,192.8328,17.0414,-34.9494,-34.9640
362.000000,15,5.8265,192.7139,16.8286,-35.0434,-35.0573
362.000000,16,5.8265,192.6792,17.5873,-34.2500,-34.2714
362.000000,17,5.8265,192.6488,17.6697,-34.1372,-34.1624
362.000000,18,5.8265,192.6226,17.7021,-34.0785,-34.1015
362.000000,19,5.8265,192.6005,17.1516,-34.6069,-34.6230
362.000000,20,5.8265,192.4893,16.6571,-34.9902,-35.0035
362.000000,21,5.8265,192.4557,17.5607,-34.0530,-34.0745
362.000000,22,5.8265,192.4262,17.6747,-33.9095,-33.9358
362.000000,23,5.8265,192.4006,17.6864,-33.8723,-33.8970
362.000000,24,5.8265,192.3790,17.2470,-34.2901,-34.3078
363.000000,0,5.7483,193.5334,17.3381,-35.3533,-35.3677
363.000000,1,5.7483,193.4931,17.6767,-34.9744,-34.9940
363.000000,2,5.7483,193.4581,17.6741,-34.9420,-34.9630
363.000000,3,5.7483,193.4283,17.6356,-34.9507,-34.9684
363.000000,4,5.7483,193.4035,16.7882,-35.7733,-35.7849
363.000000,5,5.7483,193.2628,17.1886,-35.2322,-35.2466
363.000000,6,5.7483,193.2246,17.6748,-34.7079,-34.7282
363.000000,7,5.7483,193.1914,17.6948,-34.6547,-34.6770
363.000000,8,5.7483,193.1629,17.6751,-34.6459,-34.6652
363.000000,9,5.7483,193.1392,16.9248,-35.3725,-35.3855
363.000000,10,5.7483,193.0094,17.0062,-35.1612,-35.1754
363.000000,11,5.7483,192.9730,17.6487,-34.4823,-34.5032
363.000000,12,5.7483,192.9412,17.6953,-34.4039,-34.4276
363.000000,13,5.7483,192.9138,17.6980,-34.3738,-34.3949
363.000000,14,5.7483,192.8909,17.0487,-35.0002,-35.0147
363.000000,15,5.7483,192.7704,16.8266,-35.1018,-35.1156
363.000000,16,5.7483,192.7353,17.5965,-34.2969,-34.3180
363.000000,17,5.7483,192.7047,17.6742,-34.1886,-34.2135
363.000000,18,5.7483,192.6782,17.7031,-34.1332,-34.1559
363.000000,19,5.7483,192.6560,17.1592,-34.6549,-34.6708
363.000000,20,5.7483,192.5433,16.6587,-35.0426,-35.0559
363.000000,21,5.7483,192.5095,17.5526,-34.1149,-34.1363
363.000000,22,5.7483,192.4797,17.6728,-33.9650,-33.9909
363.000000,23,5.7483,192.4540,17.6889,-33.9231,-33.9476
363.000000,24,5.7483,192.4323,17.2551,-34.3353,-34.3528
364.000000,0,5.6704,193.6012,17.3445,-35.4147,-35.4289
364.000000,1,5.6704,193.5603,17.6790,-35.0393,-35.0586
364.000000,2,5.6704,193.5248,17.6741,-35.0088,-35.0294
364.000000,3,5.6704,193.4946,17.6341,-35.0185,-35.0360
364.000000,4,5.6704,193.4696,16.7957,-35.8319,-35.8434
364.000000,5,5.6704,193.3264,17.1980,-35.2865,-35.3007
364.000000,6,5.6704,193.2877,17.6787,-34.7670,-34.7870
364.000000,7,5.6704,193.2541,17.6957,-34.7164,-34.7385
364.000000,8,5.6704,193.2253,17.6740,-34.7094,-34.7285
364.000000,9,5.6704,193.2013,16.9318,-35.4276,-35.4405
364.000000,10,5.6704,193.0695,17.0191,-35.2084,-35.2224
364.000000,11,5.6704,193.0326,17.6548,-34.5359,-34.5565
364.000000,12,5.6704,193.0005,17.6976,-34.4609,-34.4843
364.000000,13,5.6704,192.9729,17.6976,-34.4333,-34.4541
364.000000,14,5.6704,192.9498,17.0556,-35.0522,-35.0665
364.000000,15,5.6704,192.8275,16.8242,-35.1613,-35.1750
364.000000,16,5.6704,192.7921,17.6052,-34.3449,-34.3659
364.000000,17,5.6704,192.7612,17.6782,-34.2410,-34.2656
364.000000,18,5.6704,192.7345,17.7037,-34.1888,-34.2113
364.000000,19,5.6704,192.7121,17.1662,-34.7039,-34.7198
364.000000,20,5.6704,192.5979,16.6599,-35.0961,-35.1093
364.000000,21,5.6704,192.5638,17.5440,-34.1778,-34.1989
364.000000,22,5.6704,192.5338,17.6705,-34.0214,-34.0470
364.000000,23,5.6704,192.5080,17.6910,-33.9750,-33.9992
364.000000,24,5.6704,192.4861,17.2627,-34.3815,-34.3989
365.000000,0,5.5927,193.6701,17.3505,-35.4776,-35.4916
365.000000,1,5.5927,193.6286,17.6810,-35.1056,-35.1246
365.000000,2,5.5927,193.5926,17.6738,-35.0769,-35.0972
365.000000,3,5.5927,193.5620,17.6324,-35.0877,-35.1049
365.000000,4,5.5927,193.5367,16.8028,-35.8919,-35.9033
365.000000,5,5.5927,193.3909,17.2069,-35.3420,-35.3561
365.000000,6,5.5927,193.3517,17.6823,-34.8274,-34.8471
365.000000,7,5.5927,193.3177,17.6963,-34.7794,-34.8011
365.000000,8,5.5927,193.2886,17.6726,-34.7740,-34.7929
365.000000,9,5.5927,193.2644,16.9384,-35.4840,-35.4967
365.000000,10,5.5927,193.1303,17.0315,-35.2568,-35.2707
365.000000,11,5.5927,193.0931,17.6604,-34.5907,-34.6110
365.000000,12,5.5927,193.0605,17.6995,-34.5191,-34.5422
365.000000,13,5.5927,193.0327,17.6969,-34.4939,-34.5144
365.000000,14,5.5927,193.0094,17.0621,-35.1054,-35.1195
365.000000,15,5.5927,192.8852,16.8216,-35.2217,-35.2353
365.000000,16,5.5927,192.8495,17.6134,-34.3942,-34.4149
365.000000,17,5.5927,192.8183,17.6818,-34.2946,-34.3189
365.000000,18,5.5927,192.7914,17.7040,-34.2455,-34.2677
365.000000,19,5.5927,192.7689,17.1728,-34.7541,-34.7698
365.000000,20,5.5927,192.6531,16.6605,-35.1506,-35.1637
365.000000,21,5.5927,192.6187,17.5392,-34.2375,-34.2584
365.000000,22,5.5927,192.5885,17.6678,-34.0787,-34.1041
365.000000,23,5.5927,192.5624,17.6926,-34.0279,-34.0518
365.000000,24,5.5927,192.5404,17.2697,-34.4288,-34.4460
366.000000,0,5.5153,193.7402,17.3562,-35.5420,-35.5558
366.000000,1,5.5153,193.6981,17.6827,-35.1734,-35.1921
366.000000,2,5.5153,193.6616,17.6733,-35.1463,-35.1663
366.000000,3,5.5153,193.6306,17.6305,-35.1581,-35.1751
366.000000,4,5.5153,193.6049,16.8096,-35.9533,-35.9645
366.000000,5,5.5153,193.4564,17.2154,-35.3990,-35.4129
366.000000,6,5.5153,193.4167,17.6856,-34.8891,-34.9086
366.000000,7,5.5153,193.3822,17.6967,-34.8436,-34.8650
366.000000,8,5.5153,193.3528,17.6709,-34.8399,-34.8585
366.000000,9,5.5153,193.3283,16.9447,-35.5416,-35.5542
366.000000,10,5.5153,193.1920,17.0434,-35.3066,-35.3204
366.000000,11,5.5153,193.1543,17.6656,-34.6467,-34.6667
366.000000,12,5.5153,193.1214,17.7010,-34.5784,-34.6012
366.000000,13,5.5153,193.0933,17.6958,-34.5555,-34.5758
366.000000,14,5.5153,193.0698,17.0681,-35.1597,-35.1737
366.000000,15,5.5153,192.9437,16.8374,-35.2644,-35.2778
366.000000,16,5.5153,192.9077,17.6210,-34.4447,-34.4651
366.000000,17,5.5153,192.8761,17.6849,-34.3492,-34.3733
366.000000,18,5.5153,192.8490,17.7038,-34.3032,-34.3252
366.000000,19,5.5153,192.8263,17.1790,-34.8053,-34.8209
366.000000,20,5.5153,192.7089,16.6608,-35.2062,-35.2191
366.000000,21,5.5153,192.6742,17.5498,-34.2824,-34.3031
366.000000,22,5.5153,192.6437,17.6647,-34.1370,-34.1622
366.000000,23,5.5153,192.6175,17.6937,-34.0818,-34.1054
366.000000,24,5.5153,192.5953,17.2762,-34.4771,-34.4943
367.000000,0,5.4381,193.8115,17.3616,-35.6080,-35.6216
367.000000,1,5.4381,193.7687,17.6842,-35.2426,-35.2610
367.000000,2,5.4381,193.7317,17.6726,-35.2171,-35.2368
367.000000,3,5.4381,193.7002,17.6284,-35.2299,-35.2466
367.000000,4,5.4381,193.6742,16.8161,-36.0161,-36.0272
367.000000,5,5.4381,193.5229,17.2236,-35.4574,-35.4711
367.000000,6,5.4381,193.4827,17.6885,-34.9522,-34.9714
367.000000,7,5.4381,193.4477,17.6967,-34.9090,-34.9301
367.000000,8,5.4381,193.4179,17.6691,-34.9069,-34.9252
367.000000,9,5.4381,193.3932,16.9507,-35.6005,-35.6129
367.000000,10,5.4381,193.2545,17.0548,-35.3578,-35.3714
367.000000,11,5.4381,193.2164,17.6704,-34.7040,-34.7238
367.000000,12,5.4381,193.1831,17.7022,-34.6389,-34.6614
367.000000,13,5.4381,193.1547,17.6945,-34.6183,-34.6383
367.000000,14,5.4381,193.1309,17.0739,-35.2151,-35.2290
367.000000,15,5.4381,193.0029,16.8526,-35.3083,-35.3217
367.000000,16,5.4381,192.9665,17.6282,-34.4964,-34.5166
367.000000,17,5.4381,192.9346,17.6877,-34.4050,-34.4287
367.000000,18,5.4381,192.9073,17.7034,-34.3619,-34.3837
367.000000,19,5.4381,192.8844,17.1847,-34.8577,-34.8731
367.000000,20,5.4381,192.7653,16.6607,-35.2627,-35.2756
367.000000,21,5.4381,192.7303,17.5598,-34.3286,-34.3490
367.000000,22,5.4381,192.6996,17.6613,-34.1963,-34.2212
367.000000,23,5.4381,192.6731,17.6945,-34.1367,-34.1600
367.000000,24,5.4381,192.6508,17.2823,-34.5266,-34.5435
368.000000,0,5.3613,193.8842,17.3667,-35.6755,-35.6889
368.000000,1,5.3613,193.8407,17.6853,-35.3134,-35.3314
368.000000,2,5.3613,193.8030,17.6717,-35.2894,-35.3088
368.000000,3,5.3613,193.7711,17.6261,-35.3031,-35.3195
368.000000,4,5.3613,193.7448,16.8224,-36.0804,-36.0914
368.000000,5,5.3613,193.5905,17.2313,-35.5172,-35.5307
368.000000,6,5.3613,193.5497,17.6911,-35.0166,-35.0355
368.000000,7,5.3613,193.5143,17.6965,-34.9758,-34.9965
368.000000,8,5.3613,193.4841,17.6670,-34.9751,-34.9932
368.000000,9,5.3613,193.4590,16.9564,-35.6607,-35.6730
368.000000,10,5.3613,193.3180,17.0657,-35.4103,-35.4237
368.000000,11,5.3613,193.2793,17.6748,-34.7626,-34.7821
368.000000,12,5.3613,193.2457,17.7031,-34.7006,-34.7227
368.000000,13,5.3613,193.2169,17.6929,-34.6821,-34.7019
368.000000,14,5.3613,193.1930,17.0792,-35.2718,-35.2855
368.000000,15,5.3613,193.0629,16.8673,-35.3536,-35.3668
368.000000,16,5.3613,193.0261,17.6348,-34.5493,-34.5693
368.000000,17,5.3613,192.9939,17.6900,-34.4619,-34.4853
368.000000,18,5.3613,192.9663,17.7026,-34.4217,-34.4432
368.000000,19,5.3613,192.9431,17.1900,-34.9112,-34.9264
368.000000,20,5.3613,192.8224,16.6602,-35.3203,-35.3331
368.000000,21,5.3613,192.7870,17.5692,-34.3759,-34.3961
368.000000,22,5.3613,192.7560,17.6574,-34.2566,-34.2812
368.000000,23,5.3613,192.7294,17.6948,-34.1926,-34.2157
368.000000,24,5.3613,192.7069,17.2879,-34.5771,-34.5938
369.000000,0,5.2846,193.9581,17.3715,-35.7446,-35.7578
369.000000,1,5.2846,193.9139,17.6863,-35.3857,-35.4035
369.000000,2,5.2846,193.8757,17.6705,-35.3632,-35.3822
369.000000,3,5.2846,193.8433,17.6237,-35.3776,-35.3938
369.000000,4,5.2846,193.8165,16.8284,-36.1462,-36.1570
369.000000,5,5.2846,193.6592,17.2387,-35.5786,-35.5919
369.000000,6,5.2846,193.6178,17.6933,-35.0825,-35.1011
369.000000,7,5.2846,193.5819,17.6961,-35.0438,-35.0643
369.000000,8,5.2846,193.5513,17.6647,-35.0446,-35.0625
369.000000,9,5.2846,193.5260,16.9618,-35.7222,-35.7344
369.000000,10,5.2846,193.3824,17.0762,-35.4642,-35.4775
369.000000,11,5.2846,193.3432,17.6788,-34.8224,-34.8417
369.000000,12,5.2846,193.3092,17.7037,-34.7635,-34.7853
369.000000,13,5.2846,193.2801,17.6910,-34.7471,-34.7666
369.000000,14,5.2846,193.2558,17.0842,-35.3296,-35.3432
369.000000,15,5.2846,193.1237,16.8815,-35.4003,-35.4133
369.000000,16,5.2846,193.0864,17.6410,-34.6035,-34.6232
369.000000,17,5.2846,193.0539,17.6920,-34.5199,-34.5430
369.000000,18,5.2846,193.0260,17.7015,-34.4826,-34.5038
369.000000,19,5.2846,193.0027,17.1949,-34.9658,-34.9808
369.000000,20,5.2846,192.8802,16.6593,-35.3789,-35.3916
369.000000,21,5.2846,192.8444,17.5780,-34.4245,-34.4445
369.000000,22,5.2846,192.8131,17.6594,-34.3118,-34.3360
369.000000,23,5.2846,192.7862,17.6948,-34.2495,-34.2723
369.000000,24,5.2846,192.7636,17.2930,-34.6286,-34.6452
370.000000,0,5.2083,194.0335,17.3761,-35.8155,-35.8285
370.000000,1,5.2083,193.9885,17.6869,-35.4596,-35.4771
370.000000,2,5.2083,193.9496,17.6692,-35.4385,-35.4572
370.000000,3,5.2083,193.9167,17.6211,-35.4537,-35.4697
370.000000,4,5.2083,193.8896,16.8341,-36.2136,-36.2242
370.000000,5,5.2083,193.7291,17.2458,-35.6414,-35.6545
370.000000,6,5.2083,193.6870,17.6953,-35.1498,-35.1681
370.000000,7,5.2083,193.6506,17.6954,-35.1132,-35.1333
370.000000,8,5.2083,193.6196,17.6622,-35.1154,-35.1330
370.000000,9,5.2083,193.5939,16.9669,-35.7851,-35.7971
370.000000,10,5.2083,193.4477,17.0863,-35.5195,-35.5326
370.000000,11,5.2083,193.4080,17.6824,-34.8836,-34.9026
370.000000,12,5.2083,193.3736,17.7040,-34.8276,-34.8491
370.000000,13,5.2083,193.3441,17.6889,-34.8133,-34.8325
370.000000,14,5.2083,193.3196,17.0889,-35.3887,-35.4022
370.000000,15,5.2083,193.1853,16.8951,-35.4483,-35.4612
370.000000,16,5.2083,193.1476,17.6467,-34.6589,-34.6784
370.000000,17,5.2083,193.1147,17.6936,-34.5791,-34.6019
370.000000,18,5.2083,193.0865,17.7001,-34.5445,-34.5654
370.000000,19,5.2083,193.0630,17.1995,-35.0215,-35.0364
370.000000,20,5.2083,192.9386,16.6692,-35.4274,-35.4400
370.000000,21,5.2083,192.9025,17.5863,-34.4743,-34.4941
370.000000,22,5.2083,192.8709,17.6628,-34.3662,-34.3901
370.000000,23,5.2083,192.8438,17.6944,-34.3074,-34.3299
370.000000,24,5.2083,192.8210,17.2978,-34.6813,-34.6977
