time_s	sat_id	beam_id	throughput_mbps	avg_delay_ms	max_delay_ms	dwell_time_ms	slot_util_pct	drop_rate_pct	jain_fairness_index
10.503	0	1	0.10854	10	10	456	79.166667	1.041667	0.754118
10.503	0	2	0.029639	20	20	456	37.5	0	0.754118
10.503	1	1	0.10854	10	10	456	79.166667	1.041667	0.754118
10.503	1	2	0.029639	20	20	456	37.5	0	0.754118
10.503	2	1	0.10854	10	10	456	79.166667	1.041667	0.754118
10.503	2	2	0.029639	20	20	456	37.5	0	0.754118
10.503	3	1	0.10854	10	10	456	79.166667	1.041667	0.754118
10.503	3	2	0.029639	20	20	456	37.5	0	0.754118
10.503	4	1	0.10854	10	10	456	79.166667	1.041667	0.754118
10.503	4	2	0.029639	20	20	456	37.5	0	0.754118
10.503	5	1	0.10854	10	10	456	79.166667	1.041667	0.754118
10.503	5	2	0.029639	20	20	456	37.5	0	0.754118
10.503	6	1	0.10854	10	10	456	79.166667	1.041667	0.754118
10.503	6	2	0.029639	20	20	456	37.5	0	0.754118
10.503	7	1	0.10854	10	10	456	79.166667	1.041667	0.754118
10.503	7	2	0.029639	20	20	456	37.5	0	0.754118
10.503	8	1	0.10854	10	10	456	79.166667	1.041667	0.754118
10.503	8	2	0.029639	20	20	456	37.5	0	0.754118
10.503	9	1	0.10854	10	10	456	79.166667	1.041667	0.754118
10.503	9	2	0.029639	20	20	456	37.5	0	0.754118
10.503	10	1	0.10854	10	10	456	79.166667	1.041667	0.754118
10.503	10	2	0.029639	20	20	456	37.5	0	0.754118
10.503	11	1	0.10854	10	10	456	79.166667	1.041667	0.754118
10.503	11	2	0.029639	20	20	456	37.5	0	0.754118
10.503	12	1	0.10854	10	10	456	79.166667	1.041667	0.754118
10.503	12	2	0.029639	20	20	456	37.5	0	0.754118
10.503	13	1	0.10854	10	10	456	79.166667	1.041667	0.754118
10.503	13	2	0.029639	20	20	456	37.5	0	0.754118
10.503	14	1	0.10854	10	10	456	79.166667	1.041667	0.754118
10.503	14	2	0.029639	20	20	456	37.5	0	0.754118
10.503	15	1	0.10854	10	10	456	79.166667	1.041667	0.754118
10.503	15	2	0.029639	20	20	456	37.5	0	0.754118
10.503	16	1	0.10854	10	10	456	79.166667	1.041667	0.754118
10.503	16	2	0.029639	20	20	456	37.5	0	0.754118
10.503	17	1	0.10854	10	10	456	79.166667	1.041667	0.754118
10.503	17	2	0.029639	20	20	456	37.5	0	0.754118
10.503	18	1	0.10854	10	10	456	79.166667	1.041667	0.754118
10.503	18	2	0.029639	20	20	456	37.5	0	0.754118
10.503	19	1	0.10854	10	10	456	79.166667	1.041667	0.754118
10.503	19	2	0.029639	20	20	456	37.5	0	0.754118
10.503	20	1	0.10854	10	10	456	79.166667	1.041667	0.754118
10.503	20	2	0.029639	20	20	456	37.5	0	0.754118
10.503	21	1	0.10854	10	10	456	79.166667	1.041667	0.754118
10.503	21	2	0.029639	20	20	456	37.5	0	0.754118
10.503	22	1	0.10854	10	10	456	79.166667	1.041667	0.754118
10.503	22	2	0.029639	20	20	456	37.5	0	0.754118
10.503	23	1	0.10854	10	10	456	79.166667	1.041667	0.754118
10.503	23	2	0.029639	20	20	456	37.5	0	0.754118
10.503	24	1	0.10854	10	10	456	79.166667	1.041667	0.754118
10.503	24	2	0.029639	20	20	456	37.5	0	0.754118
10.503	25	1	0.10854	10	10	456	79.166667	1.041667	0.754118
10.503	25	2	0.029639	20	20	456	37.5	0	0.754118
10.503	26	1	0.10854	10	10	456	79.166667	1.041667	0.754118
10.503	26	2	0.029639	20	20	456	37.5	0	0.754118
10.503	27	1	0.10854	10	10	456	79.166667	1.041667	0.754118
10.503	27	2	0.029639	20	20	456	37.5	0	0.754118
10.503	28	1	0.10854	10	10	456	79.166667	1.041667	0.754118
10.503	28	2	0.029639	20	20	456	37.5	0	0.754118
10.503	29	1	0.10854	10	10	456	79.166667	1.041667	0.754118
10.503	29	2	0.029639	20	20	456	37.5	0	0.754118
10.503	30	1	0.10854	10	10	456	79.166667	1.041667	0.754118
10.503	30	2	0.029639	20	20	456	37.5	0	0.754118
10.503	31	1	0.10854	10	10	456	79.166667	1.041667	0.754118
10.503	31	2	0.029639	20	20	456	37.5	0	0.754118
10.503	32	1	0.10854	10	10	456	79.166667	1.041667	0.754118
10.503	32	2	0.029639	20	20	456	37.5	0	0.754118
10.503	33	1	0.10854	10	10	456	79.166667	1.041667	0.754118
10.503	33	2	0.029639	20	20	456	37.5	0	0.754118
10.503	34	1	0.10854	10	10	456	79.166667	1.041667	0.754118
10.503	34	2	0.029639	20	20	456	37.5	0	0.754118
10.503	35	1	0.10854	10	10	456	79.166667	1.041667	0.754118
10.503	35	2	0.029639	20	20	456	37.5	0	0.754118
10.503	36	1	0.10854	10	10	456	79.166667	1.041667	0.754118
10.503	36	2	0.029639	20	20	456	37.5	0	0.754118
10.503	37	1	0.10854	10	10	456	79.166667	1.041667	0.754118
10.503	37	2	0.029639	20	20	456	37.5	0	0.754118
10.503	38	1	0.10854	10	10	456	79.166667	1.041667	0.754118
10.503	38	2	0.029639	20	20	456	37.5	0	0.754118
10.503	39	1	0.10854	10	10	456	79.166667	1.041667	0.754118
10.503	39	2	0.029639	20	20	456	37.5	0	0.754118
10.503	40	1	0.10854	10	10	456	79.166667	1.041667	0.754118
10.503	40	2	0.029639	20	20	456	37.5	0	0.754118
10.503	41	1	0.10854	10	10	456	79.166667	1.041667	0.754118
10.503	41	2	0.029639	20	20	456	37.5	0	0.754118
10.503	42	1	0.10854	10	10	456	79.166667	1.041667	0.754118
10.503	42	2	0.029639	20	20	456	37.5	0	0.754118
10.503	43	1	0.10854	10	10	456	79.166667	1.041667	0.754118
10.503	43	2	0.029639	20	20	456	37.5	0	0.754118
10.503	44	1	0.10854	10	10	456	79.166667	1.041667	0.754118
10.503	44	2	0.029639	20	20	456	37.5	0	0.754118
10.503	45	1	0.10854	10	10	456	79.166667	1.041667	0.754118
10.503	45	2	0.029639	20	20	456	37.5	0	0.754118
10.503	46	1	0.10854	10	10	456	79.166667	1.041667	0.754118
10.503	46	2	0.029639	20	20	456	37.5	0	0.754118
10.503	47	1	0.10854	10	10	456	79.166667	1.041667	0.754118
10.503	47	2	0.029639	20	20	456	37.5	0	0.754118
10.503	48	1	0.10854	10	10	456	79.166667	1.041667	0.754118
10.503	48	2	0.029639	20	20	456	37.5	0	0.754118
10.503	49	1	0.10854	10	10	456	79.166667	1.041667	0.754118
10.503	49	2	0.029639	20	20	456	37.5	0	0.754118
10.503	50	1	0.10854	10	10	456	79.166667	1.041667	0.754118
10.503	50	2	0.029639	20	20	456	37.5	0	0.754118
10.503	51	1	0.10854	10	10	456	79.166667	1.041667	0.754118
10.503	51	2	0.029639	20	20	456	37.5	0	0.754118
10.503	52	1	0.10854	10	10	456	79.166667	1.041667	0.754118
10.503	52	2	0.029639	20	20	456	37.5	0	0.754118
10.503	53	1	0.10854	10	10	456	79.166667	1.041667	0.754118
10.503	53	2	0.029639	20	20	456	37.5	0	0.754118
10.503	54	1	0.10854	10	10	456	79.166667	1.041667	0.754118
10.503	54	2	0.029639	20	20	456	37.5	0	0.754118
10.503	55	1	0.10854	10	10	456	79.166667	1.041667	0.754118
10.503	55	2	0.029639	20	20	456	37.5	0	0.754118
10.503	56	1	0.10854	10	10	456	79.166667	1.041667	0.754118
10.503	56	2	0.029639	20	20	456	37.5	0	0.754118
10.503	57	1	0.10854	10	10	456	79.166667	1.041667	0.754118
10.503	57	2	0.029639	20	20	456	37.5	0	0.754118
10.503	58	1	0.10854	10	10	456	79.166667	1.041667	0.754118
10.503	58	2	0.029639	20	20	456	37.5	0	0.754118
10.503	59	1	0.10854	10	10	456	79.166667	1.041667	0.754118
10.503	59	2	0.029639	20	20	456	37.5	0	0.754118
10.503	60	1	0.10854	10	10	456	79.166667	1.041667	0.754118
10.503	60	2	0.029639	20	20	456	37.5	0	0.754118
10.503	61	1	0.10854	10	10	456	79.166667	1.041667	0.754118
10.503	61	2	0.029639	20	20	456	37.5	0	0.754118
10.503	62	1	0.10854	10	10	456	79.166667	1.041667	0.754118
10.503	62	2	0.029639	20	20	456	37.5	0	0.754118
10.503	63	1	0.10854	10	10	456	79.166667	1.041667	0.754118
10.503	63	2	0.029639	20	20	456	37.5	0	0.754118
10.503	64	1	0.10854	10	10	456	79.166667	1.041667	0.754118
10.503	64	2	0.029639	20	20	456	37.5	0	0.754118
10.503	65	1	0.10854	10	10	456	79.166667	1.041667	0.754118
10.503	65	2	0.029639	20	20	456	37.5	0	0.754118
11.006	0	1	2.385686	10	10	480	79.166667	0.990099	0.754118
11.006	0	2	0.651451	20	20	480	37.5	0	0.754118
11.006	1	1	2.385686	10	10	480	79.166667	0.990099	0.754118
11.006	1	2	0.651451	20	20	480	37.5	0	0.754118
11.006	2	1	2.385686	10	10	480	79.166667	0.990099	0.754118
11.006	2	2	0.651451	20	20	480	37.5	0	0.754118
11.006	3	1	2.385686	10	10	480	79.166667	0.990099	0.754118
11.006	3	2	0.651451	20	20	480	37.5	0	0.754118
11.006	4	1	2.385686	10	10	480	79.166667	0.990099	0.754118
11.006	4	2	0.651451	20	20	480	37.5	0	0.754118
11.006	5	1	2.385686	10	10	480	79.166667	0.990099	0.754118
11.006	5	2	0.651451	20	20	480	37.5	0	0.754118
11.006	6	1	2.385686	10	10	480	79.166667	0.990099	0.754118
11.006	6	2	0.651451	20	20	480	37.5	0	0.754118
11.006	7	1	2.385686	10	10	480	79.166667	0.990099	0.754118
11.006	7	2	0.651451	20	20	480	37.5	0	0.754118
11.006	8	1	2.385686	10	10	480	79.166667	0.990099	0.754118
11.006	8	2	0.651451	20	20	480	37.5	0	0.754118
11.006	9	1	2.385686	10	10	480	79.166667	0.990099	0.754118
11.006	9	2	0.651451	20	20	480	37.5	0	0.754118
11.006	10	1	2.385686	10	10	480	79.166667	0.990099	0.754118
11.006	10	2	0.651451	20	20	480	37.5	0	0.754118
11.006	11	1	2.385686	10	10	480	79.166667	0.990099	0.754118
11.006	11	2	0.651451	20	20	480	37.5	0	0.754118
11.006	12	1	2.385686	10	10	480	79.166667	0.990099	0.754118
11.006	12	2	0.651451	20	20	480	37.5	0	0.754118
11.006	13	1	2.385686	10	10	480	79.166667	0.990099	0.754118
11.006	13	2	0.651451	20	20	480	37.5	0	0.754118
11.006	14	1	2.385686	10	10	480	79.166667	0.990099	0.754118
11.006	14	2	0.651451	20	20	480	37.5	0	0.754118
11.006	15	1	2.385686	10	10	480	79.166667	0.990099	0.754118
11.006	15	2	0.651451	20	20	480	37.5	0	0.754118
11.006	16	1	2.385686	10	10	480	79.166667	0.990099	0.754118
11.006	16	2	0.651451	20	20	480	37.5	0	0.754118
11.006	17	1	2.385686	10	10	480	79.166667	0.990099	0.754118
11.006	17	2	0.651451	20	20	480	37.5	0	0.754118
11.006	18	1	2.385686	10	10	480	79.166667	0.990099	0.754118
11.006	18	2	0.651451	20	20	480	37.5	0	0.754118
11.006	19	1	2.385686	10	10	480	79.166667	0.990099	0.754118
11.006	19	2	0.651451	20	20	480	37.5	0	0.754118
11.006	20	1	2.385686	10	10	480	79.166667	0.990099	0.754118
11.006	20	2	0.651451	20	20	480	37.5	0	0.754118
11.006	21	1	2.385686	10	10	480	79.166667	0.990099	0.754118
11.006	21	2	0.651451	20	20	480	37.5	0	0.754118
11.006	22	1	2.385686	10	10	480	79.166667	0.990099	0.754118
11.006	22	2	0.651451	20	20	480	37.5	0	0.754118
11.006	23	1	2.385686	10	10	480	79.166667	0.990099	0.754118
11.006	23	2	0.651451	20	20	480	37.5	0	0.754118
11.006	24	1	2.385686	10	10	480	79.166667	0.990099	0.754118
11.006	24	2	0.651451	20	20	480	37.5	0	0.754118
11.006	25	1	2.385686	10	10	480	79.166667	0.990099	0.754118
11.006	25	2	0.651451	20	20	480	37.5	0	0.754118
11.006	26	1	2.385686	10	10	480	79.166667	0.990099	0.754118
11.006	26	2	0.651451	20	20	480	37.5	0	0.754118
11.006	27	1	2.385686	10	10	480	79.166667	0.990099	0.754118
11.006	27	2	0.651451	20	20	480	37.5	0	0.754118
11.006	28	1	2.385686	10	10	480	79.166667	0.990099	0.754118
11.006	28	2	0.651451	20	20	480	37.5	0	0.754118
11.006	29	1	2.385686	10	10	480	79.166667	0.990099	0.754118
11.006	29	2	0.651451	20	20	480	37.5	0	0.754118
11.006	30	1	2.385686	10	10	480	79.166667	0.990099	0.754118
11.006	30	2	0.651451	20	20	480	37.5	0	0.754118
11.006	31	1	2.385686	10	10	480	79.166667	0.990099	0.754118
11.006	31	2	0.651451	20	20	480	37.5	0	0.754118
11.006	32	1	2.385686	10	10	480	79.166667	0.990099	0.754118
11.006	32	2	0.651451	20	20	480	37.5	0	0.754118
11.006	33	1	2.385686	10	10	480	79.166667	0.990099	0.754118
11.006	33	2	0.651451	20	20	480	37.5	0	0.754118
11.006	34	1	2.385686	10	10	480	79.166667	0.990099	0.754118
11.006	34	2	0.651451	20	20	480	37.5	0	0.754118
11.006	35	1	2.385686	10	10	480	79.166667	0.990099	0.754118
11.006	35	2	0.651451	20	20	480	37.5	0	0.754118
11.006	36	1	2.385686	10	10	480	79.166667	0.990099	0.754118
11.006	36	2	0.651451	20	20	480	37.5	0	0.754118
11.006	37	1	2.385686	10	10	480	79.166667	0.990099	0.754118
11.006	37	2	0.651451	20	20	480	37.5	0	0.754118
11.006	38	1	2.385686	10	10	480	79.166667	0.990099	0.754118
11.006	38	2	0.651451	20	20	480	37.5	0	0.754118
11.006	39	1	2.385686	10	10	480	79.166667	0.990099	0.754118
11.006	39	2	0.651451	20	20	480	37.5	0	0.754118
11.006	40	1	2.385686	10	10	480	79.166667	0.990099	0.754118
11.006	40	2	0.651451	20	20	480	37.5	0	0.754118
11.006	41	1	2.385686	10	10	480	79.166667	0.990099	0.754118
11.006	41	2	0.651451	20	20	480	37.5	0	0.754118
11.006	42	1	2.385686	10	10	480	79.166667	0.990099	0.754118
11.006	42	2	0.651451	20	20	480	37.5	0	0.754118
11.006	43	1	2.385686	10	10	480	79.166667	0.990099	0.754118
11.006	43	2	0.651451	20	20	480	37.5	0	0.754118
11.006	44	1	2.385686	10	10	480	79.166667	0.990099	0.754118
11.006	44	2	0.651451	20	20	480	37.5	0	0.754118
11.006	45	1	2.385686	10	10	480	79.166667	0.990099	0.754118
11.006	45	2	0.651451	20	20	480	37.5	0	0.754118
11.006	46	1	2.385686	10	10	480	79.166667	0.990099	0.754118
11.006	46	2	0.651451	20	20	480	37.5	0	0.754118
11.006	47	1	2.385686	10	10	480	79.166667	0.990099	0.754118
11.006	47	2	0.651451	20	20	480	37.5	0	0.754118
11.006	48	1	2.385686	10	10	480	79.166667	0.990099	0.754118
11.006	48	2	0.651451	20	20	480	37.5	0	0.754118
11.006	49	1	2.385686	10	10	480	79.166667	0.990099	0.754118
11.006	49	2	0.651451	20	20	480	37.5	0	0.754118
11.006	50	1	2.385686	10	10	480	79.166667	0.990099	0.754118
11.006	50	2	0.651451	20	20	480	37.5	0	0.754118
11.006	51	1	2.385686	10	10	480	79.166667	0.990099	0.754118
11.006	51	2	0.651451	20	20	480	37.5	0	0.754118
11.006	52	1	2.385686	10	10	480	79.166667	0.990099	0.754118
11.006	52	2	0.651451	20	20	480	37.5	0	0.754118
11.006	53	1	2.385686	10	10	480	79.166667	0.990099	0.754118
11.006	53	2	0.651451	20	20	480	37.5	0	0.754118
11.006	54	1	2.385686	10	10	480	79.166667	0.990099	0.754118
11.006	54	2	0.651451	20	20	480	37.5	0	0.754118
11.006	55	1	2.385686	10	10	480	79.166667	0.990099	0.754118
11.006	55	2	0.651451	20	20	480	37.5	0	0.754118
11.006	56	1	2.385686	10	10	480	79.166667	0.990099	0.754118
11.006	56	2	0.651451	20	20	480	37.5	0	0.754118
11.006	57	1	2.385686	10	10	480	79.166667	0.990099	0.754118
11.006	57	2	0.651451	20	20	480	37.5	0	0.754118
11.006	58	1	2.385686	10	10	480	79.166667	0.990099	0.754118
11.006	58	2	0.651451	20	20	480	37.5	0	0.754118
11.006	59	1	2.385686	10	10	480	79.166667	0.990099	0.754118
11.006	59	2	0.651451	20	20	480	37.5	0	0.754118
11.006	60	1	2.385686	10	10	480	79.166667	0.990099	0.754118
11.006	60	2	0.651451	20	20	480	37.5	0	0.754118
11.006	61	1	2.385686	10	10	480	79.166667	0.990099	0.754118
11.006	61	2	0.651451	20	20	480	37.5	0	0.754118
11.006	62	1	2.385686	10	10	480	79.166667	0.990099	0.754118
11.006	62	2	0.651451	20	20	480	37.5	0	0.754118
11.006	63	1	2.385686	10	10	480	79.166667	0.990099	0.754118
11.006	63	2	0.651451	20	20	480	37.5	0	0.754118
11.006	64	1	2.385686	10	10	480	79.166667	0.990099	0.754118
11.006	64	2	0.651451	20	20	480	37.5	0	0.754118
11.006	65	1	2.385686	10	10	480	79.166667	0.990099	0.754118
11.006	65	2	0.651451	20	20	480	37.5	0	0.754118
11.509	0	1	2.266402	10	10	456	79.166667	1.041667	0.754118
11.509	0	2	0.618879	20	20	456	37.5	0	0.754118
11.509	1	1	2.266402	10	10	456	79.166667	1.041667	0.754118
11.509	1	2	0.618879	20	20	456	37.5	0	0.754118
11.509	2	1	2.266402	10	10	456	79.166667	1.041667	0.754118
11.509	2	2	0.618879	20	20	456	37.5	0	0.754118
11.509	3	1	2.266402	10	10	456	79.166667	1.041667	0.754118
11.509	3	2	0.618879	20	20	456	37.5	0	0.754118
11.509	4	1	2.266402	10	10	456	79.166667	1.041667	0.754118
11.509	4	2	0.618879	20	20	456	37.5	0	0.754118
11.509	5	1	2.266402	10	10	456	79.166667	1.041667	0.754118
11.509	5	2	0.618879	20	20	456	37.5	0	0.754118
11.509	6	1	2.266402	10	10	456	79.166667	1.041667	0.754118
11.509	6	2	0.618879	20	20	456	37.5	0	0.754118
11.509	7	1	2.266402	10	10	456	79.166667	1.041667	0.754118
11.509	7	2	0.618879	20	20	456	37.5	0	0.754118
11.509	8	1	2.266402	10	10	456	79.166667	1.041667	0.754118
11.509	8	2	0.618879	20	20	456	37.5	0	0.754118
11.509	9	1	2.266402	10	10	456	79.166667	1.041667	0.754118
11.509	9	2	0.618879	20	20	456	37.5	0	0.754118
11.509	10	1	2.266402	10	10	456	79.166667	1.041667	0.754118
11.509	10	2	0.618879	20	20	456	37.5	0	0.754118
11.509	11	1	2.266402	10	10	456	79.166667	1.041667	0.754118
11.509	11	2	0.618879	20	20	456	37.5	0	0.754118
11.509	12	1	2.266402	10	10	456	79.166667	1.041667	0.754118
11.509	12	2	0.618879	20	20	456	37.5	0	0.754118
11.509	13	1	2.266402	10	10	456	79.166667	1.041667	0.754118
11.509	13	2	0.618879	20	20	456	37.5	0	0.754118
11.509	14	1	2.266402	10	10	456	79.166667	1.041667	0.754118
11.509	14	2	0.618879	20	20	456	37.5	0	0.754118
11.509	15	1	2.266402	10	10	456	79.166667	1.041667	0.754118
11.509	15	2	0.618879	20	20	456	37.5	0	0.754118
11.509	16	1	2.266402	10	10	456	79.166667	1.041667	0.754118
11.509	16	2	0.618879	20	20	456	37.5	0	0.754118
11.509	17	1	2.266402	10	10	456	79.166667	1.041667	0.754118
11.509	17	2	0.618879	20	20	456	37.5	0	0.754118
11.509	18	1	2.266402	10	10	456	79.166667	1.041667	0.754118
11.509	18	2	0.618879	20	20	456	37.5	0	0.754118
11.509	19	1	2.266402	10	10	456	79.166667	1.041667	0.754118
11.509	19	2	0.618879	20	20	456	37.5	0	0.754118
11.509	20	1	2.266402	10	10	456	79.166667	1.041667	0.754118
11.509	20	2	0.618879	20	20	456	37.5	0	0.754118
11.509	21	1	2.266402	10	10	456	79.166667	1.041667	0.754118
11.509	21	2	0.618879	20	20	456	37.5	0	0.754118
11.509	22	1	2.266402	10	10	456	79.166667	1.041667	0.754118
11.509	22	2	0.618879	20	20	456	37.5	0	0.754118
11.509	23	1	2.266402	10	10	456	79.166667	1.041667	0.754118
11.509	23	2	0.618879	20	20	456	37.5	0	0.754118
11.509	24	1	2.266402	10	10	456	79.166667	1.041667	0.754118
11.509	24	2	0.618879	20	20	456	37.5	0	0.754118
11.509	25	1	2.266402	10	10	456	79.166667	1.041667	0.754118
11.509	25	2	0.618879	20	20	456	37.5	0	0.754118
11.509	26	1	2.266402	10	10	456	79.166667	1.041667	0.754118
11.509	26	2	0.618879	20	20	456	37.5	0	0.754118
11.509	27	1	2.266402	10	10	456	79.166667	1.041667	0.754118
11.509	27	2	0.618879	20	20	456	37.5	0	0.754118
11.509	28	1	2.266402	10	10	456	79.166667	1.041667	0.754118
11.509	28	2	0.618879	20	20	456	37.5	0	0.754118
11.509	29	1	2.266402	10	10	456	79.166667	1.041667	0.754118
11.509	29	2	0.618879	20	20	456	37.5	0	0.754118
11.509	30	1	2.266402	10	10	456	79.166667	1.041667	0.754118
11.509	30	2	0.618879	20	20	456	37.5	0	0.754118
11.509	31	1	2.266402	10	10	456	79.166667	1.041667	0.754118
11.509	31	2	0.618879	20	20	456	37.5	0	0.754118
11.509	32	1	2.266402	10	10	456	79.166667	1.041667	0.754118
11.509	32	2	0.618879	20	20	456	37.5	0	0.754118
11.509	33	1	2.266402	10	10	456	79.166667	1.041667	0.754118
11.509	33	2	0.618879	20	20	456	37.5	0	0.754118
11.509	34	1	2.266402	10	10	456	79.166667	1.041667	0.754118
11.509	34	2	0.618879	20	20	456	37.5	0	0.754118
11.509	35	1	2.266402	10	10	456	79.166667	1.041667	0.754118
11.509	35	2	0.618879	20	20	456	37.5	0	0.754118
11.509	36	1	2.266402	10	10	456	79.166667	1.041667	0.754118
11.509	36	2	0.618879	20	20	456	37.5	0	0.754118
11.509	37	1	2.266402	10	10	456	79.166667	1.041667	0.754118
11.509	37	2	0.618879	20	20	456	37.5	0	0.754118
11.509	38	1	2.266402	10	10	456	79.166667	1.041667	0.754118
11.509	38	2	0.618879	20	20	456	37.5	0	0.754118
11.509	39	1	2.266402	10	10	456	79.166667	1.041667	0.754118
11.509	39	2	0.618879	20	20	456	37.5	0	0.754118
11.509	40	1	2.266402	10	10	456	79.166667	1.041667	0.754118
11.509	40	2	0.618879	20	20	456	37.5	0	0.754118
11.509	41	1	2.266402	10	10	456	79.166667	1.041667	0.754118
11.509	41	2	0.618879	20	20	456	37.5	0	0.754118
11.509	42	1	2.266402	10	10	456	79.166667	1.041667	0.754118
11.509	42	2	0.618879	20	20	456	37.5	0	0.754118
11.509	43	1	2.266402	10	10	456	79.166667	1.041667	0.754118
11.509	43	2	0.618879	20	20	456	37.5	0	0.754118
11.509	44	1	2.266402	10	10	456	79.166667	1.041667	0.754118
11.509	44	2	0.618879	20	20	456	37.5	0	0.754118
11.509	45	1	2.266402	10	10	456	79.166667	1.041667	0.754118
11.509	45	2	0.618879	20	20	456	37.5	0	0.754118
11.509	46	1	2.266402	10	10	456	79.166667	1.041667	0.754118
11.509	46	2	0.618879	20	20	456	37.5	0	0.754118
11.509	47	1	2.266402	10	10	456	79.166667	1.041667	0.754118
11.509	47	2	0.618879	20	20	456	37.5	0	0.754118
11.509	48	1	2.266402	10	10	456	79.166667	1.041667	0.754118
11.509	48	2	0.618879	20	20	456	37.5	0	0.754118
11.509	49	1	2.266402	10	10	456	79.166667	1.041667	0.754118
11.509	49	2	0.618879	20	20	456	37.5	0	0.754118
11.509	50	1	2.266402	10	10	456	79.166667	1.041667	0.754118
11.509	50	2	0.618879	20	20	456	37.5	0	0.754118
11.509	51	1	2.266402	10	10	456	79.166667	1.041667	0.754118
11.509	51	2	0.618879	20	20	456	37.5	0	0.754118
11.509	52	1	2.266402	10	10	456	79.166667	1.041667	0.754118
11.509	52	2	0.618879	20	20	456	37.5	0	0.754118
11.509	53	1	2.266402	10	10	456	79.166667	1.041667	0.754118
11.509	53	2	0.618879	20	20	456	37.5	0	0.754118
11.509	54	1	2.266402	10	10	456	79.166667	1.041667	0.754118
11.509	54	2	0.618879	20	20	456	37.5	0	0.754118
11.509	55	1	2.266402	10	10	456	79.166667	1.041667	0.754118
11.509	55	2	0.618879	20	20	456	37.5	0	0.754118
11.509	56	1	2.266402	10	10	456	79.166667	1.041667	0.754118
11.509	56	2	0.618879	20	20	456	37.5	0	0.754118
11.509	57	1	2.266402	10	10	456	79.166667	1.041667	0.754118
11.509	57	2	0.618879	20	20	456	37.5	0	0.754118
11.509	58	1	2.266402	10	10	456	79.166667	1.041667	0.754118
11.509	58	2	0.618879	20	20	456	37.5	0	0.754118
11.509	59	1	2.266402	10	10	456	79.166667	1.041667	0.754118
11.509	59	2	0.618879	20	20	456	37.5	0	0.754118
11.509	60	1	2.266402	10	10	456	79.166667	1.041667	0.754118
11.509	60	2	0.618879	20	20	456	37.5	0	0.754118
11.509	61	1	2.266402	10	10	456	79.166667	1.041667	0.754118
11.509	61	2	0.618879	20	20	456	37.5	0	0.754118
11.509	62	1	2.266402	10	10	456	79.166667	1.041667	0.754118
11.509	62	2	0.618879	20	20	456	37.5	0	0.754118
11.509	63	1	2.266402	10	10	456	79.166667	1.041667	0.754118
11.509	63	2	0.618879	20	20	456	37.5	0	0.754118
11.509	64	1	2.266402	10	10	456	79.166667	1.041667	0.754118
11.509	64	2	0.618879	20	20	456	37.5	0	0.754118
11.509	65	1	2.266402	10	10	456	79.166667	1.041667	0.754118
11.509	65	2	0.618879	20	20	456	37.5	0	0.754118
12.012	0	1	2.266402	10	10	456	79.166667	1.041667	0.754118
12.012	0	2	0.618879	20	20	456	37.5	0	0.754118
12.012	1	1	2.266402	10	10	456	79.166667	1.041667	0.754118
12.012	1	2	0.618879	20	20	456	37.5	0	0.754118
12.012	2	1	2.266402	10	10	456	79.166667	1.041667	0.754118
12.012	2	2	0.618879	20	20	456	37.5	0	0.754118
12.012	3	1	2.266402	10	10	456	79.166667	1.041667	0.754118
12.012	3	2	0.618879	20	20	456	37.5	0	0.754118
12.012	4	1	2.266402	10	10	456	79.166667	1.041667	0.754118
12.012	4	2	0.618879	20	20	456	37.5	0	0.754118
12.012	5	1	2.266402	10	10	456	79.166667	1.041667	0.754118
12.012	5	2	0.618879	20	20	456	37.5	0	0.754118
12.012	6	1	2.266402	10	10	456	79.166667	1.041667	0.754118
12.012	6	2	0.618879	20	20	456	37.5	0	0.754118
12.012	7	1	2.266402	10	10	456	79.166667	1.041667	0.754118
12.012	7	2	0.618879	20	20	456	37.5	0	0.754118
12.012	8	1	2.266402	10	10	456	79.166667	1.041667	0.754118
12.012	8	2	0.618879	20	20	456	37.5	0	0.754118
12.012	9	1	2.266402	10	10	456	79.166667	1.041667	0.754118
12.012	9	2	0.618879	20	20	456	37.5	0	0.754118
12.012	10	1	2.266402	10	10	456	79.166667	1.041667	0.754118
12.012	10	2	0.618879	20	20	456	37.5	0	0.754118
12.012	11	1	2.266402	10	10	456	79.166667	1.041667	0.754118
12.012	11	2	0.618879	20	20	456	37.5	0	0.754118
12.012	12	1	2.266402	10	10	456	79.166667	1.041667	0.754118
12.012	12	2	0.618879	20	20	456	37.5	0	0.754118
12.012	13	1	2.266402	10	10	456	79.166667	1.041667	0.754118
12.012	13	2	0.618879	20	20	456	37.5	0	0.754118
12.012	14	1	2.266402	10	10	456	79.166667	1.041667	0.754118
12.012	14	2	0.618879	20	20	456	37.5	0	0.754118
12.012	15	1	2.266402	10	10	456	79.166667	1.041667	0.754118
12.012	15	2	0.618879	20	20	456	37.5	0	0.754118
12.012	16	1	2.266402	10	10	456	79.166667	1.041667	0.754118
12.012	16	2	0.618879	20	20	456	37.5	0	0.754118
12.012	17	1	2.266402	10	10	456	79.166667	1.041667	0.754118
12.012	17	2	0.618879	20	20	456	37.5	0	0.754118
12.012	18	1	2.266402	10	10	456	79.166667	1.041667	0.754118
12.012	18	2	0.618879	20	20	456	37.5	0	0.754118
12.012	19	1	2.266402	10	10	456	79.166667	1.041667	0.754118
12.012	19	2	0.618879	20	20	456	37.5	0	0.754118
12.012	20	1	2.266402	10	10	456	79.166667	1.041667	0.754118
12.012	20	2	0.618879	20	20	456	37.5	0	0.754118
12.012	21	1	2.266402	10	10	456	79.166667	1.041667	0.754118
12.012	21	2	0.618879	20	20	456	37.5	0	0.754118
12.012	22	1	2.266402	10	10	456	79.166667	1.041667	0.754118
12.012	22	2	0.618879	20	20	456	37.5	0	0.754118
12.012	23	1	2.266402	10	10	456	79.166667	1.041667	0.754118
12.012	23	2	0.618879	20	20	456	37.5	0	0.754118
12.012	24	1	2.266402	10	10	456	79.166667	1.041667	0.754118
12.012	24	2	0.618879	20	20	456	37.5	0	0.754118
12.012	25	1	2.266402	10	10	456	79.166667	1.041667	0.754118
12.012	25	2	0.618879	20	20	456	37.5	0	0.754118
12.012	26	1	2.266402	10	10	456	79.166667	1.041667	0.754118
12.012	26	2	0.618879	20	20	456	37.5	0	0.754118
12.012	27	1	2.266402	10	10	456	79.166667	1.041667	0.754118
12.012	27	2	0.618879	20	20	456	37.5	0	0.754118
12.012	28	1	2.266402	10	10	456	79.166667	1.041667	0.754118
12.012	28	2	0.618879	20	20	456	37.5	0	0.754118
12.012	29	1	2.266402	10	10	456	79.166667	1.041667	0.754118
12.012	29	2	0.618879	20	20	456	37.5	0	0.754118
12.012	30	1	2.266402	10	10	456	79.166667	1.041667	0.754118
12.012	30	2	0.618879	20	20	456	37.5	0	0.754118
12.012	31	1	2.266402	10	10	456	79.166667	1.041667	0.754118
12.012	31	2	0.618879	20	20	456	37.5	0	0.754118
12.012	32	1	2.266402	10	10	456	79.166667	1.041667	0.754118
12.012	32	2	0.618879	20	20	456	37.5	0	0.754118
12.012	33	1	2.266402	10	10	456	79.166667	1.041667	0.754118
12.012	33	2	0.618879	20	20	456	37.5	0	0.754118
12.012	34	1	2.266402	10	10	456	79.166667	1.041667	0.754118
12.012	34	2	0.618879	20	20	456	37.5	0	0.754118
12.012	35	1	2.266402	10	10	456	79.166667	1.041667	0.754118
12.012	35	2	0.618879	20	20	456	37.5	0	0.754118
12.012	36	1	2.266402	10	10	456	79.166667	1.041667	0.754118
12.012	36	2	0.618879	20	20	456	37.5	0	0.754118
12.012	37	1	2.266402	10	10	456	79.166667	1.041667	0.754118
12.012	37	2	0.618879	20	20	456	37.5	0	0.754118
12.012	38	1	2.266402	10	10	456	79.166667	1.041667	0.754118
12.012	38	2	0.618879	20	20	456	37.5	0	0.754118
12.012	39	1	2.266402	10	10	456	79.166667	1.041667	0.754118
12.012	39	2	0.618879	20	20	456	37.5	0	0.754118
12.012	40	1	2.266402	10	10	456	79.166667	1.041667	0.754118
12.012	40	2	0.618879	20	20	456	37.5	0	0.754118
12.012	41	1	2.266402	10	10	456	79.166667	1.041667	0.754118
12.012	41	2	0.618879	20	20	456	37.5	0	0.754118
12.012	42	1	2.266402	10	10	456	79.166667	1.041667	0.754118
12.012	42	2	0.618879	20	20	456	37.5	0	0.754118
12.012	43	1	2.266402	10	10	456	79.166667	1.041667	0.754118
12.012	43	2	0.618879	20	20	456	37.5	0	0.754118
12.012	44	1	2.266402	10	10	456	79.166667	1.041667	0.754118
12.012	44	2	0.618879	20	20	456	37.5	0	0.754118
12.012	45	1	2.266402	10	10	456	79.166667	1.041667	0.754118
12.012	45	2	0.618879	20	20	456	37.5	0	0.754118
12.012	46	1	2.266402	10	10	456	79.166667	1.041667	0.754118
12.012	46	2	0.618879	20	20	456	37.5	0	0.754118
12.012	47	1	2.266402	10	10	456	79.166667	1.041667	0.754118
12.012	47	2	0.618879	20	20	456	37.5	0	0.754118
12.012	48	1	2.266402	10	10	456	79.166667	1.041667	0.754118
12.012	48	2	0.618879	20	20	456	37.5	0	0.754118
12.012	49	1	2.266402	10	10	456	79.166667	1.041667	0.754118
12.012	49	2	0.618879	20	20	456	37.5	0	0.754118
12.012	50	1	2.266402	10	10	456	79.166667	1.041667	0.754118
12.012	50	2	0.618879	20	20	456	37.5	0	0.754118
12.012	51	1	2.266402	10	10	456	79.166667	1.041667	0.754118
12.012	51	2	0.618879	20	20	456	37.5	0	0.754118
12.012	52	1	2.266402	10	10	456	79.166667	1.041667	0.754118
12.012	52	2	0.618879	20	20	456	37.5	0	0.754118
12.012	53	1	2.266402	10	10	456	79.166667	1.041667	0.754118
12.012	53	2	0.618879	20	20	456	37.5	0	0.754118
12.012	54	1	2.266402	10	10	456	79.166667	1.041667	0.754118
12.012	54	2	0.618879	20	20	456	37.5	0	0.754118
12.012	55	1	2.266402	10	10	456	79.166667	1.041667	0.754118
12.012	55	2	0.618879	20	20	456	37.5	0	0.754118
12.012	56	1	2.266402	10	10	456	79.166667	1.041667	0.754118
12.012	56	2	0.618879	20	20	456	37.5	0	0.754118
12.012	57	1	2.266402	10	10	456	79.166667	1.041667	0.754118
12.012	57	2	0.618879	20	20	456	37.5	0	0.754118
12.012	58	1	2.266402	10	10	456	79.166667	1.041667	0.754118
12.012	58	2	0.618879	20	20	456	37.5	0	0.754118
12.012	59	1	2.266402	10	10	456	79.166667	1.041667	0.754118
12.012	59	2	0.618879	20	20	456	37.5	0	0.754118
12.012	60	1	2.266402	10	10	456	79.166667	1.041667	0.754118
12.012	60	2	0.618879	20	20	456	37.5	0	0.754118
12.012	61	1	2.266402	10	10	456	79.166667	1.041667	0.754118
12.012	61	2	0.618879	20	20	456	37.5	0	0.754118
12.012	62	1	2.266402	10	10	456	79.166667	1.041667	0.754118
12.012	62	2	0.618879	20	20	456	37.5	0	0.754118
12.012	63	1	2.266402	10	10	456	79.166667	1.041667	0.754118
12.012	63	2	0.618879	20	20	456	37.5	0	0.754118
12.012	64	1	2.266402	10	10	456	79.166667	1.041667	0.754118
12.012	64	2	0.618879	20	20	456	37.5	0	0.754118
12.012	65	1	2.266402	10	10	456	79.166667	1.041667	0.754118
12.012	65	2	0.618879	20	20	456	37.5	0	0.754118
12.515	0	1	2.385686	10	10	480	79.166667	0.990099	0.754118
12.515	0	2	0.651451	20	20	480	37.5	0	0.754118
12.515	1	1	2.385686	10	10	480	79.166667	0.990099	0.754118
12.515	1	2	0.651451	20	20	480	37.5	0	0.754118
12.515	2	1	2.385686	10	10	480	79.166667	0.990099	0.754118
12.515	2	2	0.651451	20	20	480	37.5	0	0.754118
12.515	3	1	2.385686	10	10	480	79.166667	0.990099	0.754118
12.515	3	2	0.651451	20	20	480	37.5	0	0.754118
12.515	4	1	2.385686	10	10	480	79.166667	0.990099	0.754118
12.515	4	2	0.651451	20	20	480	37.5	0	0.754118
12.515	5	1	2.385686	10	10	480	79.166667	0.990099	0.754118
12.515	5	2	0.651451	20	20	480	37.5	0	0.754118
12.515	6	1	2.385686	10	10	480	79.166667	0.990099	0.754118
12.515	6	2	0.651451	20	20	480	37.5	0	0.754118
12.515	7	1	2.385686	10	10	480	79.166667	0.990099	0.754118
12.515	7	2	0.651451	20	20	480	37.5	0	0.754118
12.515	8	1	2.385686	10	10	480	79.166667	0.990099	0.754118
12.515	8	2	0.651451	20	20	480	37.5	0	0.754118
12.515	9	1	2.385686	10	10	480	79.166667	0.990099	0.754118
12.515	9	2	0.651451	20	20	480	37.5	0	0.754118
12.515	10	1	2.385686	10	10	480	79.166667	0.990099	0.754118
12.515	10	2	0.651451	20	20	480	37.5	0	0.754118
12.515	11	1	2.385686	10	10	480	79.166667	0.990099	0.754118
12.515	11	2	0.651451	20	20	480	37.5	0	0.754118
12.515	12	1	2.385686	10	10	480	79.166667	0.990099	0.754118
12.515	12	2	0.651451	20	20	480	37.5	0	0.754118
12.515	13	1	2.385686	10	10	480	79.166667	0.990099	0.754118
12.515	13	2	0.651451	20	20	480	37.5	0	0.754118
12.515	14	1	2.385686	10	10	480	79.166667	0.990099	0.754118
12.515	14	2	0.651451	20	20	480	37.5	0	0.754118
12.515	15	1	2.385686	10	10	480	79.166667	0.990099	0.754118
12.515	15	2	0.651451	20	20	480	37.5	0	0.754118
12.515	16	1	2.385686	10	10	480	79.166667	0.990099	0.754118
12.515	16	2	0.651451	20	20	480	37.5	0	0.754118
12.515	17	1	2.385686	10	10	480	79.166667	0.990099	0.754118
12.515	17	2	0.651451	20	20	480	37.5	0	0.754118
12.515	18	1	2.385686	10	10	480	79.166667	0.990099	0.754118
12.515	18	2	0.651451	20	20	480	37.5	0	0.754118
12.515	19	1	2.385686	10	10	480	79.166667	0.990099	0.754118
12.515	19	2	0.651451	20	20	480	37.5	0	0.754118
12.515	20	1	2.385686	10	10	480	79.166667	0.990099	0.754118
12.515	20	2	0.651451	20	20	480	37.5	0	0.754118
12.515	21	1	2.385686	10	10	480	79.166667	0.990099	0.754118
12.515	21	2	0.651451	20	20	480	37.5	0	0.754118
12.515	22	1	2.385686	10	10	480	79.166667	0.990099	0.754118
12.515	22	2	0.651451	20	20	480	37.5	0	0.754118
12.515	23	1	2.385686	10	10	480	79.166667	0.990099	0.754118
12.515	23	2	0.651451	20	20	480	37.5	0	0.754118
12.515	24	1	2.385686	10	10	480	79.166667	0.990099	0.754118
12.515	24	2	0.651451	20	20	480	37.5	0	0.754118
12.515	25	1	2.385686	10	10	480	79.166667	0.990099	0.754118
12.515	25	2	0.651451	20	20	480	37.5	0	0.754118
12.515	26	1	2.385686	10	10	480	79.166667	0.990099	0.754118
12.515	26	2	0.651451	20	20	480	37.5	0	0.754118
12.515	27	1	2.385686	10	10	480	79.166667	0.990099	0.754118
12.515	27	2	0.651451	20	20	480	37.5	0	0.754118
12.515	28	1	2.385686	10	10	480	79.166667	0.990099	0.754118
12.515	28	2	0.651451	20	20	480	37.5	0	0.754118
12.515	29	1	2.385686	10	10	480	79.166667	0.990099	0.754118
12.515	29	2	0.651451	20	20	480	37.5	0	0.754118
12.515	30	1	2.385686	10	10	480	79.166667	0.990099	0.754118
12.515	30	2	0.651451	20	20	480	37.5	0	0.754118
12.515	31	1	2.385686	10	10	480	79.166667	0.990099	0.754118
12.515	31	2	0.651451	20	20	480	37.5	0	0.754118
12.515	32	1	2.385686	10	10	480	79.166667	0.990099	0.754118
12.515	32	2	0.651451	20	20	480	37.5	0	0.754118
12.515	33	1	2.385686	10	10	480	79.166667	0.990099	0.754118
12.515	33	2	0.651451	20	20	480	37.5	0	0.754118
12.515	34	1	2.385686	10	10	480	79.166667	0.990099	0.754118
12.515	34	2	0.651451	20	20	480	37.5	0	0.754118
12.515	35	1	2.385686	10	10	480	79.166667	0.990099	0.754118
12.515	35	2	0.651451	20	20	480	37.5	0	0.754118
12.515	36	1	2.385686	10	10	480	79.166667	0.990099	0.754118
12.515	36	2	0.651451	20	20	480	37.5	0	0.754118
12.515	37	1	2.385686	10	10	480	79.166667	0.990099	0.754118
12.515	37	2	0.651451	20	20	480	37.5	0	0.754118
12.515	38	1	2.385686	10	10	480	79.166667	0.990099	0.754118
12.515	38	2	0.651451	20	20	480	37.5	0	0.754118
12.515	39	1	2.385686	10	10	480	79.166667	0.990099	0.754118
12.515	39	2	0.651451	20	20	480	37.5	0	0.754118
12.515	40	1	2.385686	10	10	480	79.166667	0.990099	0.754118
12.515	40	2	0.651451	20	20	480	37.5	0	0.754118
12.515	41	1	2.385686	10	10	480	79.166667	0.990099	0.754118
12.515	41	2	0.651451	20	20	480	37.5	0	0.754118
12.515	42	1	2.385686	10	10	480	79.166667	0.990099	0.754118
12.515	42	2	0.651451	20	20	480	37.5	0	0.754118
12.515	43	1	2.385686	10	10	480	79.166667	0.990099	0.754118
12.515	43	2	0.651451	20	20	480	37.5	0	0.754118
12.515	44	1	2.385686	10	10	480	79.166667	0.990099	0.754118
12.515	44	2	0.651451	20	20	480	37.5	0	0.754118
12.515	45	1	2.385686	10	10	480	79.166667	0.990099	0.754118
12.515	45	2	0.651451	20	20	480	37.5	0	0.754118
12.515	46	1	2.385686	10	10	480	79.166667	0.990099	0.754118
12.515	46	2	0.651451	20	20	480	37.5	0	0.754118
12.515	47	1	2.385686	10	10	480	79.166667	0.990099	0.754118
12.515	47	2	0.651451	20	20	480	37.5	0	0.754118
12.515	48	1	2.385686	10	10	480	79.166667	0.990099	0.754118
12.515	48	2	0.651451	20	20	480	37.5	0	0.754118
12.515	49	1	2.385686	10	10	480	79.166667	0.990099	0.754118
12.515	49	2	0.651451	20	20	480	37.5	0	0.754118
12.515	50	1	2.385686	10	10	480	79.166667	0.990099	0.754118
12.515	50	2	0.651451	20	20	480	37.5	0	0.754118
12.515	51	1	2.385686	10	10	480	79.166667	0.990099	0.754118
12.515	51	2	0.651451	20	20	480	37.5	0	0.754118
12.515	52	1	2.385686	10	10	480	79.166667	0.990099	0.754118
12.515	52	2	0.651451	20	20	480	37.5	0	0.754118
12.515	53	1	2.385686	10	10	480	79.166667	0.990099	0.754118
12.515	53	2	0.651451	20	20	480	37.5	0	0.754118
12.515	54	1	2.385686	10	10	480	79.166667	0.990099	0.754118
12.515	54	2	0.651451	20	20	480	37.5	0	0.754118
12.515	55	1	2.385686	10	10	480	79.166667	0.990099	0.754118
12.515	55	2	0.651451	20	20	480	37.5	0	0.754118
12.515	56	1	2.385686	10	10	480	79.166667	0.990099	0.754118
12.515	56	2	0.651451	20	20	480	37.5	0	0.754118
12.515	57	1	2.385686	10	10	480	79.166667	0.990099	0.754118
12.515	57	2	0.651451	20	20	480	37.5	0	0.754118
12.515	58	1	2.385686	10	10	480	79.166667	0.990099	0.754118
12.515	58	2	0.651451	20	20	480	37.5	0	0.754118
12.515	59	1	2.385686	10	10	480	79.166667	0.990099	0.754118
12.515	59	2	0.651451	20	20	480	37.5	0	0.754118
12.515	60	1	2.385686	10	10	480	79.166667	0.990099	0.754118
12.515	60	2	0.651451	20	20	480	37.5	0	0.754118
12.515	61	1	2.385686	10	10	480	79.166667	0.990099	0.754118
12.515	61	2	0.651451	20	20	480	37.5	0	0.754118
12.515	62	1	2.385686	10	10	480	79.166667	0.990099	0.754118
12.515	62	2	0.651451	20	20	480	37.5	0	0.754118
12.515	63	1	2.385686	10	10	480	79.166667	0.990099	0.754118
12.515	63	2	0.651451	20	20	480	37.5	0	0.754118
12.515	64	1	2.385686	10	10	480	79.166667	0.990099	0.754118
12.515	64	2	0.651451	20	20	480	37.5	0	0.754118
12.515	65	1	2.385686	10	10	480	79.166667	0.990099	0.754118
12.515	65	2	0.651451	20	20	480	37.5	0	0.754118
13.018	0	1	2.266402	10	10	456	79.166667	1.041667	0.754118
13.018	0	2	0.618879	20	20	456	37.5	0	0.754118
13.018	1	1	2.266402	10	10	456	79.166667	1.041667	0.754118
13.018	1	2	0.618879	20	20	456	37.5	0	0.754118
13.018	2	1	2.266402	10	10	456	79.166667	1.041667	0.754118
13.018	2	2	0.618879	20	20	456	37.5	0	0.754118
13.018	3	1	2.266402	10	10	456	79.166667	1.041667	0.754118
13.018	3	2	0.618879	20	20	456	37.5	0	0.754118
13.018	4	1	2.266402	10	10	456	79.166667	1.041667	0.754118
13.018	4	2	0.618879	20	20	456	37.5	0	0.754118
13.018	5	1	2.266402	10	10	456	79.166667	1.041667	0.754118
13.018	5	2	0.618879	20	20	456	37.5	0	0.754118
13.018	6	1	2.266402	10	10	456	79.166667	1.041667	0.754118
13.018	6	2	0.618879	20	20	456	37.5	0	0.754118
13.018	7	1	2.266402	10	10	456	79.166667	1.041667	0.754118
13.018	7	2	0.618879	20	20	456	37.5	0	0.754118
13.018	8	1	2.266402	10	10	456	79.166667	1.041667	0.754118
13.018	8	2	0.618879	20	20	456	37.5	0	0.754118
13.018	9	1	2.266402	10	10	456	79.166667	1.041667	0.754118
13.018	9	2	0.618879	20	20	456	37.5	0	0.754118
13.018	10	1	2.266402	10	10	456	79.166667	1.041667	0.754118
13.018	10	2	0.618879	20	20	456	37.5	0	0.754118
13.018	11	1	2.266402	10	10	456	79.166667	1.041667	0.754118
13.018	11	2	0.618879	20	20	456	37.5	0	0.754118
13.018	12	1	2.266402	10	10	456	79.166667	1.041667	0.754118
13.018	12	2	0.618879	20	20	456	37.5	0	0.754118
13.018	13	1	2.266402	10	10	456	79.166667	1.041667	0.754118
13.018	13	2	0.618879	20	20	456	37.5	0	0.754118
13.018	14	1	2.266402	10	10	456	79.166667	1.041667	0.754118
13.018	14	2	0.618879	20	20	456	37.5	0	0.754118
13.018	15	1	2.266402	10	10	456	79.166667	1.041667	0.754118
13.018	15	2	0.618879	20	20	456	37.5	0	0.754118
13.018	16	1	2.266402	10	10	456	79.166667	1.041667	0.754118
13.018	16	2	0.618879	20	20	456	37.5	0	0.754118
13.018	17	1	2.266402	10	10	456	79.166667	1.041667	0.754118
13.018	17	2	0.618879	20	20	456	37.5	0	0.754118
13.018	18	1	2.266402	10	10	456	79.166667	1.041667	0.754118
13.018	18	2	0.618879	20	20	456	37.5	0	0.754118
13.018	19	1	2.266402	10	10	456	79.166667	1.041667	0.754118
13.018	19	2	0.618879	20	20	456	37.5	0	0.754118
13.018	20	1	2.266402	10	10	456	79.166667	1.041667	0.754118
13.018	20	2	0.618879	20	20	456	37.5	0	0.754118
13.018	21	1	2.266402	10	10	456	79.166667	1.041667	0.754118
13.018	21	2	0.618879	20	20	456	37.5	0	0.754118
13.018	22	1	2.266402	10	10	456	79.166667	1.041667	0.754118
13.018	22	2	0.618879	20	20	456	37.5	0	0.754118
13.018	23	1	2.266402	10	10	456	79.166667	1.041667	0.754118
13.018	23	2	0.618879	20	20	456	37.5	0	0.754118
13.018	24	1	2.266402	10	10	456	79.166667	1.041667	0.754118
13.018	24	2	0.618879	20	20	456	37.5	0	0.754118
13.018	25	1	2.266402	10	10	456	79.166667	1.041667	0.754118
13.018	25	2	0.618879	20	20	456	37.5	0	0.754118
13.018	26	1	2.266402	10	10	456	79.166667	1.041667	0.754118
13.018	26	2	0.618879	20	20	456	37.5	0	0.754118
13.018	27	1	2.266402	10	10	456	79.166667	1.041667	0.754118
13.018	27	2	0.618879	20	20	456	37.5	0	0.754118
13.018	28	1	2.266402	10	10	456	79.166667	1.041667	0.754118
13.018	28	2	0.618879	20	20	456	37.5	0	0.754118
13.018	29	1	2.266402	10	10	456	79.166667	1.041667	0.754118
13.018	29	2	0.618879	20	20	456	37.5	0	0.754118
13.018	30	1	2.266402	10	10	456	79.166667	1.041667	0.754118
13.018	30	2	0.618879	20	20	456	37.5	0	0.754118
13.018	31	1	2.266402	10	10	456	79.166667	1.041667	0.754118
13.018	31	2	0.618879	20	20	456	37.5	0	0.754118
13.018	32	1	2.266402	10	10	456	79.166667	1.041667	0.754118
13.018	32	2	0.618879	20	20	456	37.5	0	0.754118
13.018	33	1	2.266402	10	10	456	79.166667	1.041667	0.754118
13.018	33	2	0.618879	20	20	456	37.5	0	0.754118
13.018	34	1	2.266402	10	10	456	79.166667	1.041667	0.754118
13.018	34	2	0.618879	20	20	456	37.5	0	0.754118
13.018	35	1	2.266402	10	10	456	79.166667	1.041667	0.754118
13.018	35	2	0.618879	20	20	456	37.5	0	0.754118
13.018	36	1	2.266402	10	10	456	79.166667	1.041667	0.754118
13.018	36	2	0.618879	20	20	456	37.5	0	0.754118
13.018	37	1	2.266402	10	10	456	79.166667	1.041667	0.754118
13.018	37	2	0.618879	20	20	456	37.5	0	0.754118
13.018	38	1	2.266402	10	10	456	79.166667	1.041667	0.754118
13.018	38	2	0.618879	20	20	456	37.5	0	0.754118
13.018	39	1	2.266402	10	10	456	79.166667	1.041667	0.754118
13.018	39	2	0.618879	20	20	456	37.5	0	0.754118
13.018	40	1	2.266402	10	10	456	79.166667	1.041667	0.754118
13.018	40	2	0.618879	20	20	456	37.5	0	0.754118
13.018	41	1	2.266402	10	10	456	79.166667	1.041667	0.754118
13.018	41	2	0.618879	20	20	456	37.5	0	0.754118
13.018	42	1	2.266402	10	10	456	79.166667	1.041667	0.754118
13.018	42	2	0.618879	20	20	456	37.5	0	0.754118
13.018	43	1	2.266402	10	10	456	79.166667	1.041667	0.754118
13.018	43	2	0.618879	20	20	456	37.5	0	0.754118
13.018	44	1	2.266402	10	10	456	79.166667	1.041667	0.754118
13.018	44	2	0.618879	20	20	456	37.5	0	0.754118
13.018	45	1	2.266402	10	10	456	79.166667	1.041667	0.754118
13.018	45	2	0.618879	20	20	456	37.5	0	0.754118
13.018	46	1	2.266402	10	10	456	79.166667	1.041667	0.754118
13.018	46	2	0.618879	20	20	456	37.5	0	0.754118
13.018	47	1	2.266402	10	10	456	79.166667	1.041667	0.754118
13.018	47	2	0.618879	20	20	456	37.5	0	0.754118
13.018	48	1	2.266402	10	10	456	79.166667	1.041667	0.754118
13.018	48	2	0.618879	20	20	456	37.5	0	0.754118
13.018	49	1	2.266402	10	10	456	79.166667	1.041667	0.754118
13.018	49	2	0.618879	20	20	456	37.5	0	0.754118
13.018	50	1	2.266402	10	10	456	79.166667	1.041667	0.754118
13.018	50	2	0.618879	20	20	456	37.5	0	0.754118
13.018	51	1	2.266402	10	10	456	79.166667	1.041667	0.754118
13.018	51	2	0.618879	20	20	456	37.5	0	0.754118
13.018	52	1	2.266402	10	10	456	79.166667	1.041667	0.754118
13.018	52	2	0.618879	20	20	456	37.5	0	0.754118
13.018	53	1	2.266402	10	10	456	79.166667	1.041667	0.754118
13.018	53	2	0.618879	20	20	456	37.5	0	0.754118
13.018	54	1	2.266402	10	10	456	79.166667	1.041667	0.754118
13.018	54	2	0.618879	20	20	456	37.5	0	0.754118
13.018	55	1	2.266402	10	10	456	79.166667	1.041667	0.754118
13.018	55	2	0.618879	20	20	456	37.5	0	0.754118
13.018	56	1	2.266402	10	10	456	79.166667	1.041667	0.754118
13.018	56	2	0.618879	20	20	456	37.5	0	0.754118
13.018	57	1	2.266402	10	10	456	79.166667	1.041667	0.754118
13.018	57	2	0.618879	20	20	456	37.5	0	0.754118
13.018	58	1	2.266402	10	10	456	79.166667	1.041667	0.754118
13.018	58	2	0.618879	20	20	456	37.5	0	0.754118
13.018	59	1	2.266402	10	10	456	79.166667	1.041667	0.754118
13.018	59	2	0.618879	20	20	456	37.5	0	0.754118
13.018	60	1	2.266402	10	10	456	79.166667	1.041667	0.754118
13.018	60	2	0.618879	20	20	456	37.5	0	0.754118
13.018	61	1	2.266402	10	10	456	79.166667	1.041667	0.754118
13.018	61	2	0.618879	20	20	456	37.5	0	0.754118
13.018	62	1	2.266402	10	10	456	79.166667	1.041667	0.754118
13.018	62	2	0.618879	20	20	456	37.5	0	0.754118
13.018	63	1	2.266402	10	10	456	79.166667	1.041667	0.754118
13.018	63	2	0.618879	20	20	456	37.5	0	0.754118
13.018	64	1	2.266402	10	10	456	79.166667	1.041667	0.754118
13.018	64	2	0.618879	20	20	456	37.5	0	0.754118
13.018	65	1	2.266402	10	10	456	79.166667	1.041667	0.754118
13.018	65	2	0.618879	20	20	456	37.5	0	0.754118
13.521	0	1	2.385686	10	10	480	79.166667	0.990099	0.754118
13.521	0	2	0.651451	20	20	480	37.5	0	0.754118
13.521	1	1	2.385686	10	10	480	79.166667	0.990099	0.754118
13.521	1	2	0.651451	20	20	480	37.5	0	0.754118
13.521	2	1	2.385686	10	10	480	79.166667	0.990099	0.754118
13.521	2	2	0.651451	20	20	480	37.5	0	0.754118
13.521	3	1	2.385686	10	10	480	79.166667	0.990099	0.754118
13.521	3	2	0.651451	20	20	480	37.5	0	0.754118
13.521	4	1	2.385686	10	10	480	79.166667	0.990099	0.754118
13.521	4	2	0.651451	20	20	480	37.5	0	0.754118
13.521	5	1	2.385686	10	10	480	79.166667	0.990099	0.754118
13.521	5	2	0.651451	20	20	480	37.5	0	0.754118
13.521	6	1	2.385686	10	10	480	79.166667	0.990099	0.754118
13.521	6	2	0.651451	20	20	480	37.5	0	0.754118
13.521	7	1	2.385686	10	10	480	79.166667	0.990099	0.754118
13.521	7	2	0.651451	20	20	480	37.5	0	0.754118
13.521	8	1	2.385686	10	10	480	79.166667	0.990099	0.754118
13.521	8	2	0.651451	20	20	480	37.5	0	0.754118
13.521	9	1	2.385686	10	10	480	79.166667	0.990099	0.754118
13.521	9	2	0.651451	20	20	480	37.5	0	0.754118
13.521	10	1	2.385686	10	10	480	79.166667	0.990099	0.754118
13.521	10	2	0.651451	20	20	480	37.5	0	0.754118
13.521	11	1	2.385686	10	10	480	79.166667	0.990099	0.754118
13.521	11	2	0.651451	20	20	480	37.5	0	0.754118
13.521	12	1	2.385686	10	10	480	79.166667	0.990099	0.754118
13.521	12	2	0.651451	20	20	480	37.5	0	0.754118
13.521	13	1	2.385686	10	10	480	79.166667	0.990099	0.754118
13.521	13	2	0.651451	20	20	480	37.5	0	0.754118
13.521	14	1	2.385686	10	10	480	79.166667	0.990099	0.754118
13.521	14	2	0.651451	20	20	480	37.5	0	0.754118
13.521	15	1	2.385686	10	10	480	79.166667	0.990099	0.754118
13.521	15	2	0.651451	20	20	480	37.5	0	0.754118
13.521	16	1	2.385686	10	10	480	79.166667	0.990099	0.754118
13.521	16	2	0.651451	20	20	480	37.5	0	0.754118
13.521	17	1	2.385686	10	10	480	79.166667	0.990099	0.754118
13.521	17	2	0.651451	20	20	480	37.5	0	0.754118
13.521	18	1	2.385686	10	10	480	79.166667	0.990099	0.754118
13.521	18	2	0.651451	20	20	480	37.5	0	0.754118
13.521	19	1	2.385686	10	10	480	79.166667	0.990099	0.754118
13.521	19	2	0.651451	20	20	480	37.5	0	0.754118
13.521	20	1	2.385686	10	10	480	79.166667	0.990099	0.754118
13.521	20	2	0.651451	20	20	480	37.5	0	0.754118
13.521	21	1	2.385686	10	10	480	79.166667	0.990099	0.754118
13.521	21	2	0.651451	20	20	480	37.5	0	0.754118
13.521	22	1	2.385686	10	10	480	79.166667	0.990099	0.754118
13.521	22	2	0.651451	20	20	480	37.5	0	0.754118
13.521	23	1	2.385686	10	10	480	79.166667	0.990099	0.754118
13.521	23	2	0.651451	20	20	480	37.5	0	0.754118
13.521	24	1	2.385686	10	10	480	79.166667	0.990099	0.754118
13.521	24	2	0.651451	20	20	480	37.5	0	0.754118
13.521	25	1	2.385686	10	10	480	79.166667	0.990099	0.754118
13.521	25	2	0.651451	20	20	480	37.5	0	0.754118
13.521	26	1	2.385686	10	10	480	79.166667	0.990099	0.754118
13.521	26	2	0.651451	20	20	480	37.5	0	0.754118
13.521	27	1	2.385686	10	10	480	79.166667	0.990099	0.754118
13.521	27	2	0.651451	20	20	480	37.5	0	0.754118
13.521	28	1	2.385686	10	10	480	79.166667	0.990099	0.754118
13.521	28	2	0.651451	20	20	480	37.5	0	0.754118
13.521	29	1	2.385686	10	10	480	79.166667	0.990099	0.754118
13.521	29	2	0.651451	20	20	480	37.5	0	0.754118
13.521	30	1	2.385686	10	10	480	79.166667	0.990099	0.754118
13.521	30	2	0.651451	20	20	480	37.5	0	0.754118
13.521	31	1	2.385686	10	10	480	79.166667	0.990099	0.754118
13.521	31	2	0.651451	20	20	480	37.5	0	0.754118
13.521	32	1	2.385686	10	10	480	79.166667	0.990099	0.754118
13.521	32	2	0.651451	20	20	480	37.5	0	0.754118
13.521	33	1	2.385686	10	10	480	79.166667	0.990099	0.754118
13.521	33	2	0.651451	20	20	480	37.5	0	0.754118
13.521	34	1	2.385686	10	10	480	79.166667	0.990099	0.754118
13.521	34	2	0.651451	20	20	480	37.5	0	0.754118
13.521	35	1	2.385686	10	10	480	79.166667	0.990099	0.754118
13.521	35	2	0.651451	20	20	480	37.5	0	0.754118
13.521	36	1	2.385686	10	10	480	79.166667	0.990099	0.754118
13.521	36	2	0.651451	20	20	480	37.5	0	0.754118
13.521	37	1	2.385686	10	10	480	79.166667	0.990099	0.754118
13.521	37	2	0.651451	20	20	480	37.5	0	0.754118
13.521	38	1	2.385686	10	10	480	79.166667	0.990099	0.754118
13.521	38	2	0.651451	20	20	480	37.5	0	0.754118
13.521	39	1	2.385686	10	10	480	79.166667	0.990099	0.754118
13.521	39	2	0.651451	20	20	480	37.5	0	0.754118
13.521	40	1	2.385686	10	10	480	79.166667	0.990099	0.754118
13.521	40	2	0.651451	20	20	480	37.5	0	0.754118
13.521	41	1	2.385686	10	10	480	79.166667	0.990099	0.754118
13.521	41	2	0.651451	20	20	480	37.5	0	0.754118
13.521	42	1	2.385686	10	10	480	79.166667	0.990099	0.754118
13.521	42	2	0.651451	20	20	480	37.5	0	0.754118
13.521	43	1	2.385686	10	10	480	79.166667	0.990099	0.754118
13.521	43	2	0.651451	20	20	480	37.5	0	0.754118
13.521	44	1	2.385686	10	10	480	79.166667	0.990099	0.754118
13.521	44	2	0.651451	20	20	480	37.5	0	0.754118
13.521	45	1	2.385686	10	10	480	79.166667	0.990099	0.754118
13.521	45	2	0.651451	20	20	480	37.5	0	0.754118
13.521	46	1	2.385686	10	10	480	79.166667	0.990099	0.754118
13.521	46	2	0.651451	20	20	480	37.5	0	0.754118
13.521	47	1	2.385686	10	10	480	79.166667	0.990099	0.754118
13.521	47	2	0.651451	20	20	480	37.5	0	0.754118
13.521	48	1	2.385686	10	10	480	79.166667	0.990099	0.754118
13.521	48	2	0.651451	20	20	480	37.5	0	0.754118
13.521	49	1	2.385686	10	10	480	79.166667	0.990099	0.754118
13.521	49	2	0.651451	20	20	480	37.5	0	0.754118
13.521	50	1	2.385686	10	10	480	79.166667	0.990099	0.754118
13.521	50	2	0.651451	20	20	480	37.5	0	0.754118
13.521	51	1	2.385686	10	10	480	79.166667	0.990099	0.754118
13.521	51	2	0.651451	20	20	480	37.5	0	0.754118
13.521	52	1	2.385686	10	10	480	79.166667	0.990099	0.754118
13.521	52	2	0.651451	20	20	480	37.5	0	0.754118
13.521	53	1	2.385686	10	10	480	79.166667	0.990099	0.754118
13.521	53	2	0.651451	20	20	480	37.5	0	0.754118
13.521	54	1	2.385686	10	10	480	79.166667	0.990099	0.754118
13.521	54	2	0.651451	20	20	480	37.5	0	0.754118
13.521	55	1	2.385686	10	10	480	79.166667	0.990099	0.754118
13.521	55	2	0.651451	20	20	480	37.5	0	0.754118
13.521	56	1	2.385686	10	10	480	79.166667	0.990099	0.754118
13.521	56	2	0.651451	20	20	480	37.5	0	0.754118
13.521	57	1	2.385686	10	10	480	79.166667	0.990099	0.754118
13.521	57	2	0.651451	20	20	480	37.5	0	0.754118
13.521	58	1	2.385686	10	10	480	79.166667	0.990099	0.754118
13.521	58	2	0.651451	20	20	480	37.5	0	0.754118
13.521	59	1	2.385686	10	10	480	79.166667	0.990099	0.754118
13.521	59	2	0.651451	20	20	480	37.5	0	0.754118
13.521	60	1	2.385686	10	10	480	79.166667	0.990099	0.754118
13.521	60	2	0.651451	20	20	480	37.5	0	0.754118
13.521	61	1	2.385686	10	10	480	79.166667	0.990099	0.754118
13.521	61	2	0.651451	20	20	480	37.5	0	0.754118
13.521	62	1	2.385686	10	10	480	79.166667	0.990099	0.754118
13.521	62	2	0.651451	20	20	480	37.5	0	0.754118
13.521	63	1	2.385686	10	10	480	79.166667	0.990099	0.754118
13.521	63	2	0.651451	20	20	480	37.5	0	0.754118
13.521	64	1	2.385686	10	10	480	79.166667	0.990099	0.754118
13.521	64	2	0.651451	20	20	480	37.5	0	0.754118
13.521	65	1	2.385686	10	10	480	79.166667	0.990099	0.754118
13.521	65	2	0.651451	20	20	480	37.5	0	0.754118
14.024	0	1	2.266402	10	10	456	79.166667	1.041667	0.754118
14.024	0	2	0.618879	20	20	456	37.5	0	0.754118
14.024	1	1	2.266402	10	10	456	79.166667	1.041667	0.754118
14.024	1	2	0.618879	20	20	456	37.5	0	0.754118
14.024	2	1	2.266402	10	10	456	79.166667	1.041667	0.754118
14.024	2	2	0.618879	20	20	456	37.5	0	0.754118
14.024	3	1	2.266402	10	10	456	79.166667	1.041667	0.754118
14.024	3	2	0.618879	20	20	456	37.5	0	0.754118
14.024	4	1	2.266402	10	10	456	79.166667	1.041667	0.754118
14.024	4	2	0.618879	20	20	456	37.5	0	0.754118
14.024	5	1	2.266402	10	10	456	79.166667	1.041667	0.754118
14.024	5	2	0.618879	20	20	456	37.5	0	0.754118
14.024	6	1	2.266402	10	10	456	79.166667	1.041667	0.754118
14.024	6	2	0.618879	20	20	456	37.5	0	0.754118
14.024	7	1	2.266402	10	10	456	79.166667	1.041667	0.754118
14.024	7	2	0.618879	20	20	456	37.5	0	0.754118
14.024	8	1	2.266402	10	10	456	79.166667	1.041667	0.754118
14.024	8	2	0.618879	20	20	456	37.5	0	0.754118
14.024	9	1	2.266402	10	10	456	79.166667	1.041667	0.754118
14.024	9	2	0.618879	20	20	456	37.5	0	0.754118
14.024	10	1	2.266402	10	10	456	79.166667	1.041667	0.754118
14.024	10	2	0.618879	20	20	456	37.5	0	0.754118
14.024	11	1	2.266402	10	10	456	79.166667	1.041667	0.754118
14.024	11	2	0.618879	20	20	456	37.5	0	0.754118
14.024	12	1	2.266402	10	10	456	79.166667	1.041667	0.754118
14.024	12	2	0.618879	20	20	456	37.5	0	0.754118
14.024	13	1	2.266402	10	10	456	79.166667	1.041667	0.754118
14.024	13	2	0.618879	20	20	456	37.5	0	0.754118
14.024	14	1	2.266402	10	10	456	79.166667	1.041667	0.754118
14.024	14	2	0.618879	20	20	456	37.5	0	0.754118
14.024	15	1	2.266402	10	10	456	79.166667	1.041667	0.754118
14.024	15	2	0.618879	20	20	456	37.5	0	0.754118
14.024	16	1	2.266402	10	10	456	79.166667	1.041667	0.754118
14.024	16	2	0.618879	20	20	456	37.5	0	0.754118
14.024	17	1	2.266402	10	10	456	79.166667	1.041667	0.754118
14.024	17	2	0.618879	20	20	456	37.5	0	0.754118
14.024	18	1	2.266402	10	10	456	79.166667	1.041667	0.754118
14.024	18	2	0.618879	20	20	456	37.5	0	0.754118
14.024	19	1	2.266402	10	10	456	79.166667	1.041667	0.754118
14.024	19	2	0.618879	20	20	456	37.5	0	0.754118
14.024	20	1	2.266402	10	10	456	79.166667	1.041667	0.754118
14.024	20	2	0.618879	20	20	456	37.5	0	0.754118
14.024	21	1	2.266402	10	10	456	79.166667	1.041667	0.754118
14.024	21	2	0.618879	20	20	456	37.5	0	0.754118
14.024	22	1	2.266402	10	10	456	79.166667	1.041667	0.754118
14.024	22	2	0.618879	20	20	456	37.5	0	0.754118
14.024	23	1	2.266402	10	10	456	79.166667	1.041667	0.754118
14.024	23	2	0.618879	20	20	456	37.5	0	0.754118
14.024	24	1	2.266402	10	10	456	79.166667	1.041667	0.754118
14.024	24	2	0.618879	20	20	456	37.5	0	0.754118
14.024	25	1	2.266402	10	10	456	79.166667	1.041667	0.754118
14.024	25	2	0.618879	20	20	456	37.5	0	0.754118
14.024	26	1	2.266402	10	10	456	79.166667	1.041667	0.754118
14.024	26	2	0.618879	20	20	456	37.5	0	0.754118
14.024	27	1	2.266402	10	10	456	79.166667	1.041667	0.754118
14.024	27	2	0.618879	20	20	456	37.5	0	0.754118
14.024	28	1	2.266402	10	10	456	79.166667	1.041667	0.754118
14.024	28	2	0.618879	20	20	456	37.5	0	0.754118
14.024	29	1	2.266402	10	10	456	79.166667	1.041667	0.754118
14.024	29	2	0.618879	20	20	456	37.5	0	0.754118
14.024	30	1	2.266402	10	10	456	79.166667	1.041667	0.754118
14.024	30	2	0.618879	20	20	456	37.5	0	0.754118
14.024	31	1	2.266402	10	10	456	79.166667	1.041667	0.754118
14.024	31	2	0.618879	20	20	456	37.5	0	0.754118
14.024	32	1	2.266402	10	10	456	79.166667	1.041667	0.754118
14.024	32	2	0.618879	20	20	456	37.5	0	0.754118
14.024	33	1	2.266402	10	10	456	79.166667	1.041667	0.754118
14.024	33	2	0.618879	20	20	456	37.5	0	0.754118
14.024	34	1	2.266402	10	10	456	79.166667	1.041667	0.754118
14.024	34	2	0.618879	20	20	456	37.5	0	0.754118
14.024	35	1	2.266402	10	10	456	79.166667	1.041667	0.754118
14.024	35	2	0.618879	20	20	456	37.5	0	0.754118
14.024	36	1	2.266402	10	10	456	79.166667	1.041667	0.754118
14.024	36	2	0.618879	20	20	456	37.5	0	0.754118
14.024	37	1	2.266402	10	10	456	79.166667	1.041667	0.754118
14.024	37	2	0.618879	20	20	456	37.5	0	0.754118
14.024	38	1	2.266402	10	10	456	79.166667	1.041667	0.754118
14.024	38	2	0.618879	20	20	456	37.5	0	0.754118
14.024	39	1	2.266402	10	10	456	79.166667	1.041667	0.754118
14.024	39	2	0.618879	20	20	456	37.5	0	0.754118
14.024	40	1	2.266402	10	10	456	79.166667	1.041667	0.754118
14.024	40	2	0.618879	20	20	456	37.5	0	0.754118
14.024	41	1	2.266402	10	10	456	79.166667	1.041667	0.754118
14.024	41	2	0.618879	20	20	456	37.5	0	0.754118
14.024	42	1	2.266402	10	10	456	79.166667	1.041667	0.754118
14.024	42	2	0.618879	20	20	456	37.5	0	0.754118
14.024	43	1	2.266402	10	10	456	79.166667	1.041667	0.754118
14.024	43	2	0.618879	20	20	456	37.5	0	0.754118
14.024	44	1	2.266402	10	10	456	79.166667	1.041667	0.754118
14.024	44	2	0.618879	20	20	456	37.5	0	0.754118
14.024	45	1	2.266402	10	10	456	79.166667	1.041667	0.754118
14.024	45	2	0.618879	20	20	456	37.5	0	0.754118
14.024	46	1	2.266402	10	10	456	79.166667	1.041667	0.754118
14.024	46	2	0.618879	20	20	456	37.5	0	0.754118
14.024	47	1	2.266402	10	10	456	79.166667	1.041667	0.754118
14.024	47	2	0.618879	20	20	456	37.5	0	0.754118
14.024	48	1	2.266402	10	10	456	79.166667	1.041667	0.754118
14.024	48	2	0.618879	20	20	456	37.5	0	0.754118
14.024	49	1	2.266402	10	10	456	79.166667	1.041667	0.754118
14.024	49	2	0.618879	20	20	456	37.5	0	0.754118
14.024	50	1	2.266402	10	10	456	79.166667	1.041667	0.754118
14.024	50	2	0.618879	20	20	456	37.5	0	0.754118
14.024	51	1	2.266402	10	10	456	79.166667	1.041667	0.754118
14.024	51	2	0.618879	20	20	456	37.5	0	0.754118
14.024	52	1	2.266402	10	10	456	79.166667	1.041667	0.754118
14.024	52	2	0.618879	20	20	456	37.5	0	0.754118
14.024	53	1	2.266402	10	10	456	79.166667	1.041667	0.754118
14.024	53	2	0.618879	20	20	456	37.5	0	0.754118
14.024	54	1	2.266402	10	10	456	79.166667	1.041667	0.754118
14.024	54	2	0.618879	20	20	456	37.5	0	0.754118
14.024	55	1	2.266402	10	10	456	79.166667	1.041667	0.754118
14.024	55	2	0.618879	20	20	456	37.5	0	0.754118
14.024	56	1	2.266402	10	10	456	79.166667	1.041667	0.754118
14.024	56	2	0.618879	20	20	456	37.5	0	0.754118
14.024	57	1	2.266402	10	10	456	79.166667	1.041667	0.754118
14.024	57	2	0.618879	20	20	456	37.5	0	0.754118
14.024	58	1	2.266402	10	10	456	79.166667	1.041667	0.754118
14.024	58	2	0.618879	20	20	456	37.5	0	0.754118
14.024	59	1	2.266402	10	10	456	79.166667	1.041667	0.754118
14.024	59	2	0.618879	20	20	456	37.5	0	0.754118
14.024	60	1	2.266402	10	10	456	79.166667	1.041667	0.754118
14.024	60	2	0.618879	20	20	456	37.5	0	0.754118
14.024	61	1	2.266402	10	10	456	79.166667	1.041667	0.754118
14.024	61	2	0.618879	20	20	456	37.5	0	0.754118
14.024	62	1	2.266402	10	10	456	79.166667	1.041667	0.754118
14.024	62	2	0.618879	20	20	456	37.5	0	0.754118
14.024	63	1	2.266402	10	10	456	79.166667	1.041667	0.754118
14.024	63	2	0.618879	20	20	456	37.5	0	0.754118
14.024	64	1	2.266402	10	10	456	79.166667	1.041667	0.754118
14.024	64	2	0.618879	20	20	456	37.5	0	0.754118
14.024	65	1	2.266402	10	10	456	79.166667	1.041667	0.754118
14.024	65	2	0.618879	20	20	456	37.5	0	0.754118
14.527	0	1	2.266402	10	10	456	79.166667	1.041667	0.754118
14.527	0	2	0.618879	20	20	456	37.5	0	0.754118
14.527	1	1	2.266402	10	10	456	79.166667	1.041667	0.754118
14.527	1	2	0.618879	20	20	456	37.5	0	0.754118
14.527	2	1	2.266402	10	10	456	79.166667	1.041667	0.754118
14.527	2	2	0.618879	20	20	456	37.5	0	0.754118
14.527	3	1	2.266402	10	10	456	79.166667	1.041667	0.754118
14.527	3	2	0.618879	20	20	456	37.5	0	0.754118
14.527	4	1	2.266402	10	10	456	79.166667	1.041667	0.754118
14.527	4	2	0.618879	20	20	456	37.5	0	0.754118
14.527	5	1	2.266402	10	10	456	79.166667	1.041667	0.754118
14.527	5	2	0.618879	20	20	456	37.5	0	0.754118
14.527	6	1	2.266402	10	10	456	79.166667	1.041667	0.754118
14.527	6	2	0.618879	20	20	456	37.5	0	0.754118
14.527	7	1	2.266402	10	10	456	79.166667	1.041667	0.754118
14.527	7	2	0.618879	20	20	456	37.5	0	0.754118
14.527	8	1	2.266402	10	10	456	79.166667	1.041667	0.754118
14.527	8	2	0.618879	20	20	456	37.5	0	0.754118
14.527	9	1	2.266402	10	10	456	79.166667	1.041667	0.754118
14.527	9	2	0.618879	20	20	456	37.5	0	0.754118
14.527	10	1	2.266402	10	10	456	79.166667	1.041667	0.754118
14.527	10	2	0.618879	20	20	456	37.5	0	0.754118
14.527	11	1	2.266402	10	10	456	79.166667	1.041667	0.754118
14.527	11	2	0.618879	20	20	456	37.5	0	0.754118
14.527	12	1	2.266402	10	10	456	79.166667	1.041667	0.754118
14.527	12	2	0.618879	20	20	456	37.5	0	0.754118
14.527	13	1	2.266402	10	10	456	79.166667	1.041667	0.754118
14.527	13	2	0.618879	20	20	456	37.5	0	0.754118
14.527	14	1	2.266402	10	10	456	79.166667	1.041667	0.754118
14.527	14	2	0.618879	20	20	456	37.5	0	0.754118
14.527	15	1	2.266402	10	10	456	79.166667	1.041667	0.754118
14.527	15	2	0.618879	20	20	456	37.5	0	0.754118
14.527	16	1	2.266402	10	10	456	79.166667	1.041667	0.754118
14.527	16	2	0.618879	20	20	456	37.5	0	0.754118
14.527	17	1	2.266402	10	10	456	79.166667	1.041667	0.754118
14.527	17	2	0.618879	20	20	456	37.5	0	0.754118
14.527	18	1	2.266402	10	10	456	79.166667	1.041667	0.754118
14.527	18	2	0.618879	20	20	456	37.5	0	0.754118
14.527	19	1	2.266402	10	10	456	79.166667	1.041667	0.754118
14.527	19	2	0.618879	20	20	456	37.5	0	0.754118
14.527	20	1	2.266402	10	10	456	79.166667	1.041667	0.754118
14.527	20	2	0.618879	20	20	456	37.5	0	0.754118
14.527	21	1	2.266402	10	10	456	79.166667	1.041667	0.754118
14.527	21	2	0.618879	20	20	456	37.5	0	0.754118
14.527	22	1	2.266402	10	10	456	79.166667	1.041667	0.754118
14.527	22	2	0.618879	20	20	456	37.5	0	0.754118
14.527	23	1	2.266402	10	10	456	79.166667	1.041667	0.754118
14.527	23	2	0.618879	20	20	456	37.5	0	0.754118
14.527	24	1	2.266402	10	10	456	79.166667	1.041667	0.754118
14.527	24	2	0.618879	20	20	456	37.5	0	0.754118
14.527	25	1	2.266402	10	10	456	79.166667	1.041667	0.754118
14.527	25	2	0.618879	20	20	456	37.5	0	0.754118
14.527	26	1	2.266402	10	10	456	79.166667	1.041667	0.754118
14.527	26	2	0.618879	20	20	456	37.5	0	0.754118
14.527	27	1	2.266402	10	10	456	79.166667	1.041667	0.754118
14.527	27	2	0.618879	20	20	456	37.5	0	0.754118
14.527	28	1	2.266402	10	10	456	79.166667	1.041667	0.754118
14.527	28	2	0.618879	20	20	456	37.5	0	0.754118
14.527	29	1	2.266402	10	10	456	79.166667	1.041667	0.754118
14.527	29	2	0.618879	20	20	456	37.5	0	0.754118
14.527	30	1	2.266402	10	10	456	79.166667	1.041667	0.754118
14.527	30	2	0.618879	20	20	456	37.5	0	0.754118
14.527	31	1	2.266402	10	10	456	79.166667	1.041667	0.754118
14.527	31	2	0.618879	20	20	456	37.5	0	0.754118
14.527	32	1	2.266402	10	10	456	79.166667	1.041667	0.754118
14.527	32	2	0.618879	20	20	456	37.5	0	0.754118
14.527	33	1	2.266402	10	10	456	79.166667	1.041667	0.754118
14.527	33	2	0.618879	20	20	456	37.5	0	0.754118
14.527	34	1	2.266402	10	10	456	79.166667	1.041667	0.754118
14.527	34	2	0.618879	20	20	456	37.5	0	0.754118
14.527	35	1	2.266402	10	10	456	79.166667	1.041667	0.754118
14.527	35	2	0.618879	20	20	456	37.5	0	0.754118
14.527	36	1	2.266402	10	10	456	79.166667	1.041667	0.754118
14.527	36	2	0.618879	20	20	456	37.5	0	0.754118
14.527	37	1	2.266402	10	10	456	79.166667	1.041667	0.754118
14.527	37	2	0.618879	20	20	456	37.5	0	0.754118
14.527	38	1	2.266402	10	10	456	79.166667	1.041667	0.754118
14.527	38	2	0.618879	20	20	456	37.5	0	0.754118
14.527	39	1	2.266402	10	10	456	79.166667	1.041667	0.754118
14.527	39	2	0.618879	20	20	456	37.5	0	0.754118
14.527	40	1	2.266402	10	10	456	79.166667	1.041667	0.754118
14.527	40	2	0.618879	20	20	456	37.5	0	0.754118
14.527	41	1	2.266402	10	10	456	79.166667	1.041667	0.754118
14.527	41	2	0.618879	20	20	456	37.5	0	0.754118
14.527	42	1	2.266402	10	10	456	79.166667	1.041667	0.754118
14.527	42	2	0.618879	20	20	456	37.5	0	0.754118
14.527	43	1	2.266402	10	10	456	79.166667	1.041667	0.754118
14.527	43	2	0.618879	20	20	456	37.5	0	0.754118
14.527	44	1	2.266402	10	10	456	79.166667	1.041667	0.754118
14.527	44	2	0.618879	20	20	456	37.5	0	0.754118
14.527	45	1	2.266402	10	10	456	79.166667	1.041667	0.754118
14.527	45	2	0.618879	20	20	456	37.5	0	0.754118
14.527	46	1	2.266402	10	10	456	79.166667	1.041667	0.754118
14.527	46	2	0.618879	20	20	456	37.5	0	0.754118
14.527	47	1	2.266402	10	10	456	79.166667	1.041667	0.754118
14.527	47	2	0.618879	20	20	456	37.5	0	0.754118
14.527	48	1	2.266402	10	10	456	79.166667	1.041667	0.754118
14.527	48	2	0.618879	20	20	456	37.5	0	0.754118
14.527	49	1	2.266402	10	10	456	79.166667	1.041667	0.754118
14.527	49	2	0.618879	20	20	456	37.5	0	0.754118
14.527	50	1	2.266402	10	10	456	79.166667	1.041667	0.754118
14.527	50	2	0.618879	20	20	456	37.5	0	0.754118
14.527	51	1	2.266402	10	10	456	79.166667	1.041667	0.754118
14.527	51	2	0.618879	20	20	456	37.5	0	0.754118
14.527	52	1	2.266402	10	10	456	79.166667	1.041667	0.754118
14.527	52	2	0.618879	20	20	456	37.5	0	0.754118
14.527	53	1	2.266402	10	10	456	79.166667	1.041667	0.754118
14.527	53	2	0.618879	20	20	456	37.5	0	0.754118
14.527	54	1	2.266402	10	10	456	79.166667	1.041667	0.754118
14.527	54	2	0.618879	20	20	456	37.5	0	0.754118
14.527	55	1	2.266402	10	10	456	79.166667	1.041667	0.754118
14.527	55	2	0.618879	20	20	456	37.5	0	0.754118
14.527	56	1	2.266402	10	10	456	79.166667	1.041667	0.754118
14.527	56	2	0.618879	20	20	456	37.5	0	0.754118
14.527	57	1	2.266402	10	10	456	79.166667	1.041667	0.754118
14.527	57	2	0.618879	20	20	456	37.5	0	0.754118
14.527	58	1	2.266402	10	10	456	79.166667	1.041667	0.754118
14.527	58	2	0.618879	20	20	456	37.5	0	0.754118
14.527	59	1	2.266402	10	10	456	79.166667	1.041667	0.754118
14.527	59	2	0.618879	20	20	456	37.5	0	0.754118
14.527	60	1	2.266402	10	10	456	79.166667	1.041667	0.754118
14.527	60	2	0.618879	20	20	456	37.5	0	0.754118
14.527	61	1	2.266402	10	10	456	79.166667	1.041667	0.754118
14.527	61	2	0.618879	20	20	456	37.5	0	0.754118
14.527	62	1	2.266402	10	10	456	79.166667	1.041667	0.754118
14.527	62	2	0.618879	20	20	456	37.5	0	0.754118
14.527	63	1	2.266402	10	10	456	79.166667	1.041667	0.754118
14.527	63	2	0.618879	20	20	456	37.5	0	0.754118
14.527	64	1	2.266402	10	10	456	79.166667	1.041667	0.754118
14.527	64	2	0.618879	20	20	456	37.5	0	0.754118
14.527	65	1	2.266402	10	10	456	79.166667	1.041667	0.754118
14.527	65	2	0.618879	20	20	456	37.5	0	0.754118
15.03	0	1	2.385686	10	10	480	79.166667	0.990099	0.754118
15.03	0	2	0.651451	20	20	480	37.5	0	0.754118
15.03	1	1	2.385686	10	10	480	79.166667	0.990099	0.754118
15.03	1	2	0.651451	20	20	480	37.5	0	0.754118
15.03	2	1	2.385686	10	10	480	79.166667	0.990099	0.754118
15.03	2	2	0.651451	20	20	480	37.5	0	0.754118
15.03	3	1	2.385686	10	10	480	79.166667	0.990099	0.754118
15.03	3	2	0.651451	20	20	480	37.5	0	0.754118
15.03	4	1	2.385686	10	10	480	79.166667	0.990099	0.754118
15.03	4	2	0.651451	20	20	480	37.5	0	0.754118
15.03	5	1	2.385686	10	10	480	79.166667	0.990099	0.754118
15.03	5	2	0.651451	20	20	480	37.5	0	0.754118
15.03	6	1	2.385686	10	10	480	79.166667	0.990099	0.754118
15.03	6	2	0.651451	20	20	480	37.5	0	0.754118
15.03	7	1	2.385686	10	10	480	79.166667	0.990099	0.754118
15.03	7	2	0.651451	20	20	480	37.5	0	0.754118
15.03	8	1	2.385686	10	10	480	79.166667	0.990099	0.754118
15.03	8	2	0.651451	20	20	480	37.5	0	0.754118
15.03	9	1	2.385686	10	10	480	79.166667	0.990099	0.754118
15.03	9	2	0.651451	20	20	480	37.5	0	0.754118
15.03	10	1	2.385686	10	10	480	79.166667	0.990099	0.754118
15.03	10	2	0.651451	20	20	480	37.5	0	0.754118
15.03	11	1	2.385686	10	10	480	79.166667	0.990099	0.754118
15.03	11	2	0.651451	20	20	480	37.5	0	0.754118
15.03	12	1	2.385686	10	10	480	79.166667	0.990099	0.754118
15.03	12	2	0.651451	20	20	480	37.5	0	0.754118
15.03	13	1	2.385686	10	10	480	79.166667	0.990099	0.754118
15.03	13	2	0.651451	20	20	480	37.5	0	0.754118
15.03	14	1	2.385686	10	10	480	79.166667	0.990099	0.754118
15.03	14	2	0.651451	20	20	480	37.5	0	0.754118
15.03	15	1	2.385686	10	10	480	79.166667	0.990099	0.754118
15.03	15	2	0.651451	20	20	480	37.5	0	0.754118
15.03	16	1	2.385686	10	10	480	79.166667	0.990099	0.754118
15.03	16	2	0.651451	20	20	480	37.5	0	0.754118
15.03	17	1	2.385686	10	10	480	79.166667	0.990099	0.754118
15.03	17	2	0.651451	20	20	480	37.5	0	0.754118
15.03	18	1	2.385686	10	10	480	79.166667	0.990099	0.754118
15.03	18	2	0.651451	20	20	480	37.5	0	0.754118
15.03	19	1	2.385686	10	10	480	79.166667	0.990099	0.754118
15.03	19	2	0.651451	20	20	480	37.5	0	0.754118
15.03	20	1	2.385686	10	10	480	79.166667	0.990099	0.754118
15.03	20	2	0.651451	20	20	480	37.5	0	0.754118
15.03	21	1	2.385686	10	10	480	79.166667	0.990099	0.754118
15.03	21	2	0.651451	20	20	480	37.5	0	0.754118
15.03	22	1	2.385686	10	10	480	79.166667	0.990099	0.754118
15.03	22	2	0.651451	20	20	480	37.5	0	0.754118
15.03	23	1	2.385686	10	10	480	79.166667	0.990099	0.754118
15.03	23	2	0.651451	20	20	480	37.5	0	0.754118
15.03	24	1	2.385686	10	10	480	79.166667	0.990099	0.754118
15.03	24	2	0.651451	20	20	480	37.5	0	0.754118
15.03	25	1	2.385686	10	10	480	79.166667	0.990099	0.754118
15.03	25	2	0.651451	20	20	480	37.5	0	0.754118
15.03	26	1	2.385686	10	10	480	79.166667	0.990099	0.754118
15.03	26	2	0.651451	20	20	480	37.5	0	0.754118
15.03	27	1	2.385686	10	10	480	79.166667	0.990099	0.754118
15.03	27	2	0.651451	20	20	480	37.5	0	0.754118
15.03	28	1	2.385686	10	10	480	79.166667	0.990099	0.754118
15.03	28	2	0.651451	20	20	480	37.5	0	0.754118
15.03	29	1	2.385686	10	10	480	79.166667	0.990099	0.754118
15.03	29	2	0.651451	20	20	480	37.5	0	0.754118
15.03	30	1	2.385686	10	10	480	79.166667	0.990099	0.754118
15.03	30	2	0.651451	20	20	480	37.5	0	0.754118
15.03	31	1	2.385686	10	10	480	79.166667	0.990099	0.754118
15.03	31	2	0.651451	20	20	480	37.5	0	0.754118
15.03	32	1	2.385686	10	10	480	79.166667	0.990099	0.754118
15.03	32	2	0.651451	20	20	480	37.5	0	0.754118
15.03	33	1	2.385686	10	10	480	79.166667	0.990099	0.754118
15.03	33	2	0.651451	20	20	480	37.5	0	0.754118
15.03	34	1	2.385686	10	10	480	79.166667	0.990099	0.754118
15.03	34	2	0.651451	20	20	480	37.5	0	0.754118
15.03	35	1	2.385686	10	10	480	79.166667	0.990099	0.754118
15.03	35	2	0.651451	20	20	480	37.5	0	0.754118
15.03	36	1	2.385686	10	10	480	79.166667	0.990099	0.754118
15.03	36	2	0.651451	20	20	480	37.5	0	0.754118
15.03	37	1	2.385686	10	10	480	79.166667	0.990099	0.754118
15.03	37	2	0.651451	20	20	480	37.5	0	0.754118
15.03	38	1	2.385686	10	10	480	79.166667	0.990099	0.754118
15.03	38	2	0.651451	20	20	480	37.5	0	0.754118
15.03	39	1	2.385686	10	10	480	79.166667	0.990099	0.754118
15.03	39	2	0.651451	20	20	480	37.5	0	0.754118
15.03	40	1	2.385686	10	10	480	79.166667	0.990099	0.754118
15.03	40	2	0.651451	20	20	480	37.5	0	0.754118
15.03	41	1	2.385686	10	10	480	79.166667	0.990099	0.754118
15.03	41	2	0.651451	20	20	480	37.5	0	0.754118
15.03	42	1	2.385686	10	10	480	79.166667	0.990099	0.754118
15.03	42	2	0.651451	20	20	480	37.5	0	0.754118
15.03	43	1	2.385686	10	10	480	79.166667	0.990099	0.754118
15.03	43	2	0.651451	20	20	480	37.5	0	0.754118
15.03	44	1	2.385686	10	10	480	79.166667	0.990099	0.754118
15.03	44	2	0.651451	20	20	480	37.5	0	0.754118
15.03	45	1	2.385686	10	10	480	79.166667	0.990099	0.754118
15.03	45	2	0.651451	20	20	480	37.5	0	0.754118
15.03	46	1	2.385686	10	10	480	79.166667	0.990099	0.754118
15.03	46	2	0.651451	20	20	480	37.5	0	0.754118
15.03	47	1	2.385686	10	10	480	79.166667	0.990099	0.754118
15.03	47	2	0.651451	20	20	480	37.5	0	0.754118
15.03	48	1	2.385686	10	10	480	79.166667	0.990099	0.754118
15.03	48	2	0.651451	20	20	480	37.5	0	0.754118
15.03	49	1	2.385686	10	10	480	79.166667	0.990099	0.754118
15.03	49	2	0.651451	20	20	480	37.5	0	0.754118
15.03	50	1	2.385686	10	10	480	79.166667	0.990099	0.754118
15.03	50	2	0.651451	20	20	480	37.5	0	0.754118
15.03	51	1	2.385686	10	10	480	79.166667	0.990099	0.754118
15.03	51	2	0.651451	20	20	480	37.5	0	0.754118
15.03	52	1	2.385686	10	10	480	79.166667	0.990099	0.754118
15.03	52	2	0.651451	20	20	480	37.5	0	0.754118
15.03	53	1	2.385686	10	10	480	79.166667	0.990099	0.754118
15.03	53	2	0.651451	20	20	480	37.5	0	0.754118
15.03	54	1	2.385686	10	10	480	79.166667	0.990099	0.754118
15.03	54	2	0.651451	20	20	480	37.5	0	0.754118
15.03	55	1	2.385686	10	10	480	79.166667	0.990099	0.754118
15.03	55	2	0.651451	20	20	480	37.5	0	0.754118
15.03	56	1	2.385686	10	10	480	79.166667	0.990099	0.754118
15.03	56	2	0.651451	20	20	480	37.5	0	0.754118
15.03	57	1	2.385686	10	10	480	79.166667	0.990099	0.754118
15.03	57	2	0.651451	20	20	480	37.5	0	0.754118
15.03	58	1	2.385686	10	10	480	79.166667	0.990099	0.754118
15.03	58	2	0.651451	20	20	480	37.5	0	0.754118
15.03	59	1	2.385686	10	10	480	79.166667	0.990099	0.754118
15.03	59	2	0.651451	20	20	480	37.5	0	0.754118
15.03	60	1	2.385686	10	10	480	79.166667	0.990099	0.754118
15.03	60	2	0.651451	20	20	480	37.5	0	0.754118
15.03	61	1	2.385686	10	10	480	79.166667	0.990099	0.754118
15.03	61	2	0.651451	20	20	480	37.5	0	0.754118
15.03	62	1	2.385686	10	10	480	79.166667	0.990099	0.754118
15.03	62	2	0.651451	20	20	480	37.5	0	0.754118
15.03	63	1	2.385686	10	10	480	79.166667	0.990099	0.754118
15.03	63	2	0.651451	20	20	480	37.5	0	0.754118
15.03	64	1	2.385686	10	10	480	79.166667	0.990099	0.754118
15.03	64	2	0.651451	20	20	480	37.5	0	0.754118
15.03	65	1	2.385686	10	10	480	79.166667	0.990099	0.754118
15.03	65	2	0.651451	20	20	480	37.5	0	0.754118
15.533	0	1	2.266402	10	10	456	79.166667	1.041667	0.754118
15.533	0	2	0.618879	20	20	456	37.5	0	0.754118
15.533	1	1	2.266402	10	10	456	79.166667	1.041667	0.754118
15.533	1	2	0.618879	20	20	456	37.5	0	0.754118
15.533	2	1	2.266402	10	10	456	79.166667	1.041667	0.754118
15.533	2	2	0.618879	20	20	456	37.5	0	0.754118
15.533	3	1	2.266402	10	10	456	79.166667	1.041667	0.754118
15.533	3	2	0.618879	20	20	456	37.5	0	0.754118
15.533	4	1	2.266402	10	10	456	79.166667	1.041667	0.754118
15.533	4	2	0.618879	20	20	456	37.5	0	0.754118
15.533	5	1	2.266402	10	10	456	79.166667	1.041667	0.754118
15.533	5	2	0.618879	20	20	456	37.5	0	0.754118
15.533	6	1	2.266402	10	10	456	79.166667	1.041667	0.754118
15.533	6	2	0.618879	20	20	456	37.5	0	0.754118
15.533	7	1	2.266402	10	10	456	79.166667	1.041667	0.754118
15.533	7	2	0.618879	20	20	456	37.5	0	0.754118
15.533	8	1	2.266402	10	10	456	79.166667	1.041667	0.754118
15.533	8	2	0.618879	20	20	456	37.5	0	0.754118
15.533	9	1	2.266402	10	10	456	79.166667	1.041667	0.754118
15.533	9	2	0.618879	20	20	456	37.5	0	0.754118
15.533	10	1	2.266402	10	10	456	79.166667	1.041667	0.754118
15.533	10	2	0.618879	20	20	456	37.5	0	0.754118
15.533	11	1	2.266402	10	10	456	79.166667	1.041667	0.754118
15.533	11	2	0.618879	20	20	456	37.5	0	0.754118
15.533	12	1	2.266402	10	10	456	79.166667	1.041667	0.754118
15.533	12	2	0.618879	20	20	456	37.5	0	0.754118
15.533	13	1	2.266402	10	10	456	79.166667	1.041667	0.754118
15.533	13	2	0.618879	20	20	456	37.5	0	0.754118
15.533	14	1	2.266402	10	10	456	79.166667	1.041667	0.754118
15.533	14	2	0.618879	20	20	456	37.5	0	0.754118
15.533	15	1	2.266402	10	10	456	79.166667	1.041667	0.754118
15.533	15	2	0.618879	20	20	456	37.5	0	0.754118
15.533	16	1	2.266402	10	10	456	79.166667	1.041667	0.754118
15.533	16	2	0.618879	20	20	456	37.5	0	0.754118
15.533	17	1	2.266402	10	10	456	79.166667	1.041667	0.754118
15.533	17	2	0.618879	20	20	456	37.5	0	0.754118
15.533	18	1	2.266402	10	10	456	79.166667	1.041667	0.754118
15.533	18	2	0.618879	20	20	456	37.5	0	0.754118
15.533	19	1	2.266402	10	10	456	79.166667	1.041667	0.754118
15.533	19	2	0.618879	20	20	456	37.5	0	0.754118
15.533	20	1	2.266402	10	10	456	79.166667	1.041667	0.754118
15.533	20	2	0.618879	20	20	456	37.5	0	0.754118
15.533	21	1	2.266402	10	10	456	79.166667	1.041667	0.754118
15.533	21	2	0.618879	20	20	456	37.5	0	0.754118
15.533	22	1	2.266402	10	10	456	79.166667	1.041667	0.754118
15.533	22	2	0.618879	20	20	456	37.5	0	0.754118
15.533	23	1	2.266402	10	10	456	79.166667	1.041667	0.754118
15.533	23	2	0.618879	20	20	456	37.5	0	0.754118
15.533	24	1	2.266402	10	10	456	79.166667	1.041667	0.754118
15.533	24	2	0.618879	20	20	456	37.5	0	0.754118
15.533	25	1	2.266402	10	10	456	79.166667	1.041667	0.754118
15.533	25	2	0.618879	20	20	456	37.5	0	0.754118
15.533	26	1	2.266402	10	10	456	79.166667	1.041667	0.754118
15.533	26	2	0.618879	20	20	456	37.5	0	0.754118
15.533	27	1	2.266402	10	10	456	79.166667	1.041667	0.754118
15.533	27	2	0.618879	20	20	456	37.5	0	0.754118
15.533	28	1	2.266402	10	10	456	79.166667	1.041667	0.754118
15.533	28	2	0.618879	20	20	456	37.5	0	0.754118
15.533	29	1	2.266402	10	10	456	79.166667	1.041667	0.754118
15.533	29	2	0.618879	20	20	456	37.5	0	0.754118
15.533	30	1	2.266402	10	10	456	79.166667	1.041667	0.754118
15.533	30	2	0.618879	20	20	456	37.5	0	0.754118
15.533	31	1	2.266402	10	10	456	79.166667	1.041667	0.754118
15.533	31	2	0.618879	20	20	456	37.5	0	0.754118
15.533	32	1	2.266402	10	10	456	79.166667	1.041667	0.754118
15.533	32	2	0.618879	20	20	456	37.5	0	0.754118
15.533	33	1	2.266402	10	10	456	79.166667	1.041667	0.754118
15.533	33	2	0.618879	20	20	456	37.5	0	0.754118
15.533	34	1	2.266402	10	10	456	79.166667	1.041667	0.754118
15.533	34	2	0.618879	20	20	456	37.5	0	0.754118
15.533	35	1	2.266402	10	10	456	79.166667	1.041667	0.754118
15.533	35	2	0.618879	20	20	456	37.5	0	0.754118
15.533	36	1	2.266402	10	10	456	79.166667	1.041667	0.754118
15.533	36	2	0.618879	20	20	456	37.5	0	0.754118
15.533	37	1	2.266402	10	10	456	79.166667	1.041667	0.754118
15.533	37	2	0.618879	20	20	456	37.5	0	0.754118
15.533	38	1	2.266402	10	10	456	79.166667	1.041667	0.754118
15.533	38	2	0.618879	20	20	456	37.5	0	0.754118
15.533	39	1	2.266402	10	10	456	79.166667	1.041667	0.754118
15.533	39	2	0.618879	20	20	456	37.5	0	0.754118
15.533	40	1	2.266402	10	10	456	79.166667	1.041667	0.754118
15.533	40	2	0.618879	20	20	456	37.5	0	0.754118
15.533	41	1	2.266402	10	10	456	79.166667	1.041667	0.754118
15.533	41	2	0.618879	20	20	456	37.5	0	0.754118
15.533	42	1	2.266402	10	10	456	79.166667	1.041667	0.754118
15.533	42	2	0.618879	20	20	456	37.5	0	0.754118
15.533	43	1	2.266402	10	10	456	79.166667	1.041667	0.754118
15.533	43	2	0.618879	20	20	456	37.5	0	0.754118
15.533	44	1	2.266402	10	10	456	79.166667	1.041667	0.754118
15.533	44	2	0.618879	20	20	456	37.5	0	0.754118
15.533	45	1	2.266402	10	10	456	79.166667	1.041667	0.754118
15.533	45	2	0.618879	20	20	456	37.5	0	0.754118
15.533	46	1	2.266402	10	10	456	79.166667	1.041667	0.754118
15.533	46	2	0.618879	20	20	456	37.5	0	0.754118
15.533	47	1	2.266402	10	10	456	79.166667	1.041667	0.754118
15.533	47	2	0.618879	20	20	456	37.5	0	0.754118
15.533	48	1	2.266402	10	10	456	79.166667	1.041667	0.754118
15.533	48	2	0.618879	20	20	456	37.5	0	0.754118
15.533	49	1	2.266402	10	10	456	79.166667	1.041667	0.754118
15.533	49	2	0.618879	20	20	456	37.5	0	0.754118
15.533	50	1	2.266402	10	10	456	79.166667	1.041667	0.754118
15.533	50	2	0.618879	20	20	456	37.5	0	0.754118
15.533	51	1	2.266402	10	10	456	79.166667	1.041667	0.754118
15.533	51	2	0.618879	20	20	456	37.5	0	0.754118
15.533	52	1	2.266402	10	10	456	79.166667	1.041667	0.754118
15.533	52	2	0.618879	20	20	456	37.5	0	0.754118
15.533	53	1	2.266402	10	10	456	79.166667	1.041667	0.754118
15.533	53	2	0.618879	20	20	456	37.5	0	0.754118
15.533	54	1	2.266402	10	10	456	79.166667	1.041667	0.754118
15.533	54	2	0.618879	20	20	456	37.5	0	0.754118
15.533	55	1	2.266402	10	10	456	79.166667	1.041667	0.754118
15.533	55	2	0.618879	20	20	456	37.5	0	0.754118
15.533	56	1	2.266402	10	10	456	79.166667	1.041667	0.754118
15.533	56	2	0.618879	20	20	456	37.5	0	0.754118
15.533	57	1	2.266402	10	10	456	79.166667	1.041667	0.754118
15.533	57	2	0.618879	20	20	456	37.5	0	0.754118
15.533	58	1	2.266402	10	10	456	79.166667	1.041667	0.754118
15.533	58	2	0.618879	20	20	456	37.5	0	0.754118
15.533	59	1	2.266402	10	10	456	79.166667	1.041667	0.754118
15.533	59	2	0.618879	20	20	456	37.5	0	0.754118
15.533	60	1	2.266402	10	10	456	79.166667	1.041667	0.754118
15.533	60	2	0.618879	20	20	456	37.5	0	0.754118
15.533	61	1	2.266402	10	10	456	79.166667	1.041667	0.754118
15.533	61	2	0.618879	20	20	456	37.5	0	0.754118
15.533	62	1	2.266402	10	10	456	79.166667	1.041667	0.754118
15.533	62	2	0.618879	20	20	456	37.5	0	0.754118
15.533	63	1	2.266402	10	10	456	79.166667	1.041667	0.754118
15.533	63	2	0.618879	20	20	456	37.5	0	0.754118
15.533	64	1	2.266402	10	10	456	79.166667	1.041667	0.754118
15.533	64	2	0.618879	20	20	456	37.5	0	0.754118
15.533	65	1	2.266402	10	10	456	79.166667	1.041667	0.754118
15.533	65	2	0.618879	20	20	456	37.5	0	0.754118
16.036	0	1	2.266402	10	10	456	79.166667	1.041667	0.754118
16.036	0	2	0.618879	20	20	456	37.5	0	0.754118
16.036	1	1	2.266402	10	10	456	79.166667	1.041667	0.754118
16.036	1	2	0.618879	20	20	456	37.5	0	0.754118
16.036	2	1	2.266402	10	10	456	79.166667	1.041667	0.754118
16.036	2	2	0.618879	20	20	456	37.5	0	0.754118
16.036	3	1	2.266402	10	10	456	79.166667	1.041667	0.754118
16.036	3	2	0.618879	20	20	456	37.5	0	0.754118
16.036	4	1	2.266402	10	10	456	79.166667	1.041667	0.754118
16.036	4	2	0.618879	20	20	456	37.5	0	0.754118
16.036	5	1	2.266402	10	10	456	79.166667	1.041667	0.754118
16.036	5	2	0.618879	20	20	456	37.5	0	0.754118
16.036	6	1	2.266402	10	10	456	79.166667	1.041667	0.754118
16.036	6	2	0.618879	20	20	456	37.5	0	0.754118
16.036	7	1	2.266402	10	10	456	79.166667	1.041667	0.754118
16.036	7	2	0.618879	20	20	456	37.5	0	0.754118
16.036	8	1	2.266402	10	10	456	79.166667	1.041667	0.754118
16.036	8	2	0.618879	20	20	456	37.5	0	0.754118
16.036	9	1	2.266402	10	10	456	79.166667	1.041667	0.754118
16.036	9	2	0.618879	20	20	456	37.5	0	0.754118
16.036	10	1	2.266402	10	10	456	79.166667	1.041667	0.754118
16.036	10	2	0.618879	20	20	456	37.5	0	0.754118
16.036	11	1	2.266402	10	10	456	79.166667	1.041667	0.754118
16.036	11	2	0.618879	20	20	456	37.5	0	0.754118
16.036	12	1	2.266402	10	10	456	79.166667	1.041667	0.754118
16.036	12	2	0.618879	20	20	456	37.5	0	0.754118
16.036	13	1	2.266402	10	10	456	79.166667	1.041667	0.754118
16.036	13	2	0.618879	20	20	456	37.5	0	0.754118
16.036	14	1	2.266402	10	10	456	79.166667	1.041667	0.754118
16.036	14	2	0.618879	20	20	456	37.5	0	0.754118
16.036	15	1	2.266402	10	10	456	79.166667	1.041667	0.754118
16.036	15	2	0.618879	20	20	456	37.5	0	0.754118
16.036	16	1	2.266402	10	10	456	79.166667	1.041667	0.754118
16.036	16	2	0.618879	20	20	456	37.5	0	0.754118
16.036	17	1	2.266402	10	10	456	79.166667	1.041667	0.754118
16.036	17	2	0.618879	20	20	456	37.5	0	0.754118
16.036	18	1	2.266402	10	10	456	79.166667	1.041667	0.754118
16.036	18	2	0.618879	20	20	456	37.5	0	0.754118
16.036	19	1	2.266402	10	10	456	79.166667	1.041667	0.754118
16.036	19	2	0.618879	20	20	456	37.5	0	0.754118
16.036	20	1	2.266402	10	10	456	79.166667	1.041667	0.754118
16.036	20	2	0.618879	20	20	456	37.5	0	0.754118
16.036	21	1	2.266402	10	10	456	79.166667	1.041667	0.754118
16.036	21	2	0.618879	20	20	456	37.5	0	0.754118
16.036	22	1	2.266402	10	10	456	79.166667	1.041667	0.754118
16.036	22	2	0.618879	20	20	456	37.5	0	0.754118
16.036	23	1	2.266402	10	10	456	79.166667	1.041667	0.754118
16.036	23	2	0.618879	20	20	456	37.5	0	0.754118
16.036	24	1	2.266402	10	10	456	79.166667	1.041667	0.754118
16.036	24	2	0.618879	20	20	456	37.5	0	0.754118
16.036	25	1	2.266402	10	10	456	79.166667	1.041667	0.754118
16.036	25	2	0.618879	20	20	456	37.5	0	0.754118
16.036	26	1	2.266402	10	10	456	79.166667	1.041667	0.754118
16.036	26	2	0.618879	20	20	456	37.5	0	0.754118
16.036	27	1	2.266402	10	10	456	79.166667	1.041667	0.754118
16.036	27	2	0.618879	20	20	456	37.5	0	0.754118
16.036	28	1	2.266402	10	10	456	79.166667	1.041667	0.754118
16.036	28	2	0.618879	20	20	456	37.5	0	0.754118
16.036	29	1	2.266402	10	10	456	79.166667	1.041667	0.754118
16.036	29	2	0.618879	20	20	456	37.5	0	0.754118
16.036	30	1	2.266402	10	10	456	79.166667	1.041667	0.754118
16.036	30	2	0.618879	20	20	456	37.5	0	0.754118
16.036	31	1	2.266402	10	10	456	79.166667	1.041667	0.754118
16.036	31	2	0.618879	20	20	456	37.5	0	0.754118
16.036	32	1	2.266402	10	10	456	79.166667	1.041667	0.754118
16.036	32	2	0.618879	20	20	456	37.5	0	0.754118
16.036	33	1	2.266402	10	10	456	79.166667	1.041667	0.754118
16.036	33	2	0.618879	20	20	456	37.5	0	0.754118
16.036	34	1	2.266402	10	10	456	79.166667	1.041667	0.754118
16.036	34	2	0.618879	20	20	456	37.5	0	0.754118
16.036	35	1	2.266402	10	10	456	79.166667	1.041667	0.754118
16.036	35	2	0.618879	20	20	456	37.5	0	0.754118
16.036	36	1	2.266402	10	10	456	79.166667	1.041667	0.754118
16.036	36	2	0.618879	20	20	456	37.5	0	0.754118
16.036	37	1	2.266402	10	10	456	79.166667	1.041667	0.754118
16.036	37	2	0.618879	20	20	456	37.5	0	0.754118
16.036	38	1	2.266402	10	10	456	79.166667	1.041667	0.754118
16.036	38	2	0.618879	20	20	456	37.5	0	0.754118
16.036	39	1	2.266402	10	10	456	79.166667	1.041667	0.754118
16.036	39	2	0.618879	20	20	456	37.5	0	0.754118
16.036	40	1	2.266402	10	10	456	79.166667	1.041667	0.754118
16.036	40	2	0.618879	20	20	456	37.5	0	0.754118
16.036	41	1	2.266402	10	10	456	79.166667	1.041667	0.754118
16.036	41	2	0.618879	20	20	456	37.5	0	0.754118
16.036	42	1	2.266402	10	10	456	79.166667	1.041667	0.754118
16.036	42	2	0.618879	20	20	456	37.5	0	0.754118
16.036	43	1	2.266402	10	10	456	79.166667	1.041667	0.754118
16.036	43	2	0.618879	20	20	456	37.5	0	0.754118
16.036	44	1	2.266402	10	10	456	79.166667	1.041667	0.754118
16.036	44	2	0.618879	20	20	456	37.5	0	0.754118
16.036	45	1	2.266402	10	10	456	79.166667	1.041667	0.754118
16.036	45	2	0.618879	20	20	456	37.5	0	0.754118
16.036	46	1	2.266402	10	10	456	79.166667	1.041667	0.754118
16.036	46	2	0.618879	20	20	456	37.5	0	0.754118
16.036	47	1	2.266402	10	10	456	79.166667	1.041667	0.754118
16.036	47	2	0.618879	20	20	456	37.5	0	0.754118
16.036	48	1	2.266402	10	10	456	79.166667	1.041667	0.754118
16.036	48	2	0.618879	20	20	456	37.5	0	0.754118
16.036	49	1	2.266402	10	10	456	79.166667	1.041667	0.754118
16.036	49	2	0.618879	20	20	456	37.5	0	0.754118
16.036	50	1	2.266402	10	10	456	79.166667	1.041667	0.754118
16.036	50	2	0.618879	20	20	456	37.5	0	0.754118
16.036	51	1	2.266402	10	10	456	79.166667	1.041667	0.754118
16.036	51	2	0.618879	20	20	456	37.5	0	0.754118
16.036	52	1	2.266402	10	10	456	79.166667	1.041667	0.754118
16.036	52	2	0.618879	20	20	456	37.5	0	0.754118
16.036	53	1	2.266402	10	10	456	79.166667	1.041667	0.754118
16.036	53	2	0.618879	20	20	456	37.5	0	0.754118
16.036	54	1	2.266402	10	10	456	79.166667	1.041667	0.754118
16.036	54	2	0.618879	20	20	456	37.5	0	0.754118
16.036	55	1	2.266402	10	10	456	79.166667	1.041667	0.754118
16.036	55	2	0.618879	20	20	456	37.5	0	0.754118
16.036	56	1	2.266402	10	10	456	79.166667	1.041667	0.754118
16.036	56	2	0.618879	20	20	456	37.5	0	0.754118
16.036	57	1	2.266402	10	10	456	79.166667	1.041667	0.754118
16.036	57	2	0.618879	20	20	456	37.5	0	0.754118
16.036	58	1	2.266402	10	10	456	79.166667	1.041667	0.754118
16.036	58	2	0.618879	20	20	456	37.5	0	0.754118
16.036	59	1	2.266402	10	10	456	79.166667	1.041667	0.754118
16.036	59	2	0.618879	20	20	456	37.5	0	0.754118
16.036	60	1	2.266402	10	10	456	79.166667	1.041667	0.754118
16.036	60	2	0.618879	20	20	456	37.5	0	0.754118
16.036	61	1	2.266402	10	10	456	79.166667	1.041667	0.754118
16.036	61	2	0.618879	20	20	456	37.5	0	0.754118
16.036	62	1	2.266402	10	10	456	79.166667	1.041667	0.754118
16.036	62	2	0.618879	20	20	456	37.5	0	0.754118
16.036	63	1	2.266402	10	10	456	79.166667	1.041667	0.754118
16.036	63	2	0.618879	20	20	456	37.5	0	0.754118
16.036	64	1	2.266402	10	10	456	79.166667	1.041667	0.754118
16.036	64	2	0.618879	20	20	456	37.5	0	0.754118
16.036	65	1	2.266402	10	10	456	79.166667	1.041667	0.754118
16.036	65	2	0.618879	20	20	456	37.5	0	0.754118
16.539	0	1	2.385686	10	10	480	79.166667	0.990099	0.754118
16.539	0	2	0.651451	20	20	480	37.5	0	0.754118
16.539	1	1	2.385686	10	10	480	79.166667	0.990099	0.754118
16.539	1	2	0.651451	20	20	480	37.5	0	0.754118
16.539	2	1	2.385686	10	10	480	79.166667	0.990099	0.754118
16.539	2	2	0.651451	20	20	480	37.5	0	0.754118
16.539	3	1	2.385686	10	10	480	79.166667	0.990099	0.754118
16.539	3	2	0.651451	20	20	480	37.5	0	0.754118
16.539	4	1	2.385686	10	10	480	79.166667	0.990099	0.754118
16.539	4	2	0.651451	20	20	480	37.5	0	0.754118
16.539	5	1	2.385686	10	10	480	79.166667	0.990099	0.754118
16.539	5	2	0.651451	20	20	480	37.5	0	0.754118
16.539	6	1	2.385686	10	10	480	79.166667	0.990099	0.754118
16.539	6	2	0.651451	20	20	480	37.5	0	0.754118
16.539	7	1	2.385686	10	10	480	79.166667	0.990099	0.754118
16.539	7	2	0.651451	20	20	480	37.5	0	0.754118
16.539	8	1	2.385686	10	10	480	79.166667	0.990099	0.754118
16.539	8	2	0.651451	20	20	480	37.5	0	0.754118
16.539	9	1	2.385686	10	10	480	79.166667	0.990099	0.754118
16.539	9	2	0.651451	20	20	480	37.5	0	0.754118
16.539	10	1	2.385686	10	10	480	79.166667	0.990099	0.754118
16.539	10	2	0.651451	20	20	480	37.5	0	0.754118
16.539	11	1	2.385686	10	10	480	79.166667	0.990099	0.754118
16.539	11	2	0.651451	20	20	480	37.5	0	0.754118
16.539	12	1	2.385686	10	10	480	79.166667	0.990099	0.754118
16.539	12	2	0.651451	20	20	480	37.5	0	0.754118
16.539	13	1	2.385686	10	10	480	79.166667	0.990099	0.754118
16.539	13	2	0.651451	20	20	480	37.5	0	0.754118
16.539	14	1	2.385686	10	10	480	79.166667	0.990099	0.754118
16.539	14	2	0.651451	20	20	480	37.5	0	0.754118
16.539	15	1	2.385686	10	10	480	79.166667	0.990099	0.754118
16.539	15	2	0.651451	20	20	480	37.5	0	0.754118
16.539	16	1	2.385686	10	10	480	79.166667	0.990099	0.754118
16.539	16	2	0.651451	20	20	480	37.5	0	0.754118
16.539	17	1	2.385686	10	10	480	79.166667	0.990099	0.754118
16.539	17	2	0.651451	20	20	480	37.5	0	0.754118
16.539	18	1	2.385686	10	10	480	79.166667	0.990099	0.754118
16.539	18	2	0.651451	20	20	480	37.5	0	0.754118
16.539	19	1	2.385686	10	10	480	79.166667	0.990099	0.754118
16.539	19	2	0.651451	20	20	480	37.5	0	0.754118
16.539	20	1	2.385686	10	10	480	79.166667	0.990099	0.754118
16.539	20	2	0.651451	20	20	480	37.5	0	0.754118
16.539	21	1	2.385686	10	10	480	79.166667	0.990099	0.754118
16.539	21	2	0.651451	20	20	480	37.5	0	0.754118
16.539	22	1	2.385686	10	10	480	79.166667	0.990099	0.754118
16.539	22	2	0.651451	20	20	480	37.5	0	0.754118
16.539	23	1	2.385686	10	10	480	79.166667	0.990099	0.754118
16.539	23	2	0.651451	20	20	480	37.5	0	0.754118
16.539	24	1	2.385686	10	10	480	79.166667	0.990099	0.754118
16.539	24	2	0.651451	20	20	480	37.5	0	0.754118
16.539	25	1	2.385686	10	10	480	79.166667	0.990099	0.754118
16.539	25	2	0.651451	20	20	480	37.5	0	0.754118
16.539	26	1	2.385686	10	10	480	79.166667	0.990099	0.754118
16.539	26	2	0.651451	20	20	480	37.5	0	0.754118
16.539	27	1	2.385686	10	10	480	79.166667	0.990099	0.754118
16.539	27	2	0.651451	20	20	480	37.5	0	0.754118
16.539	28	1	2.385686	10	10	480	79.166667	0.990099	0.754118
16.539	28	2	0.651451	20	20	480	37.5	0	0.754118
16.539	29	1	2.385686	10	10	480	79.166667	0.990099	0.754118
16.539	29	2	0.651451	20	20	480	37.5	0	0.754118
16.539	30	1	2.385686	10	10	480	79.166667	0.990099	0.754118
16.539	30	2	0.651451	20	20	480	37.5	0	0.754118
16.539	31	1	2.385686	10	10	480	79.166667	0.990099	0.754118
16.539	31	2	0.651451	20	20	480	37.5	0	0.754118
16.539	32	1	2.385686	10	10	480	79.166667	0.990099	0.754118
16.539	32	2	0.651451	20	20	480	37.5	0	0.754118
16.539	33	1	2.385686	10	10	480	79.166667	0.990099	0.754118
16.539	33	2	0.651451	20	20	480	37.5	0	0.754118
16.539	34	1	2.385686	10	10	480	79.166667	0.990099	0.754118
16.539	34	2	0.651451	20	20	480	37.5	0	0.754118
16.539	35	1	2.385686	10	10	480	79.166667	0.990099	0.754118
16.539	35	2	0.651451	20	20	480	37.5	0	0.754118
16.539	36	1	2.385686	10	10	480	79.166667	0.990099	0.754118
16.539	36	2	0.651451	20	20	480	37.5	0	0.754118
16.539	37	1	2.385686	10	10	480	79.166667	0.990099	0.754118
16.539	37	2	0.651451	20	20	480	37.5	0	0.754118
16.539	38	1	2.385686	10	10	480	79.166667	0.990099	0.754118
16.539	38	2	0.651451	20	20	480	37.5	0	0.754118
16.539	39	1	2.385686	10	10	480	79.166667	0.990099	0.754118
16.539	39	2	0.651451	20	20	480	37.5	0	0.754118
16.539	40	1	2.385686	10	10	480	79.166667	0.990099	0.754118
16.539	40	2	0.651451	20	20	480	37.5	0	0.754118
16.539	41	1	2.385686	10	10	480	79.166667	0.990099	0.754118
16.539	41	2	0.651451	20	20	480	37.5	0	0.754118
16.539	42	1	2.385686	10	10	480	79.166667	0.990099	0.754118
16.539	42	2	0.651451	20	20	480	37.5	0	0.754118
16.539	43	1	2.385686	10	10	480	79.166667	0.990099	0.754118
16.539	43	2	0.651451	20	20	480	37.5	0	0.754118
16.539	44	1	2.385686	10	10	480	79.166667	0.990099	0.754118
16.539	44	2	0.651451	20	20	480	37.5	0	0.754118
16.539	45	1	2.385686	10	10	480	79.166667	0.990099	0.754118
16.539	45	2	0.651451	20	20	480	37.5	0	0.754118
16.539	46	1	2.385686	10	10	480	79.166667	0.990099	0.754118
16.539	46	2	0.651451	20	20	480	37.5	0	0.754118
16.539	47	1	2.385686	10	10	480	79.166667	0.990099	0.754118
16.539	47	2	0.651451	20	20	480	37.5	0	0.754118
16.539	48	1	2.385686	10	10	480	79.166667	0.990099	0.754118
16.539	48	2	0.651451	20	20	480	37.5	0	0.754118
16.539	49	1	2.385686	10	10	480	79.166667	0.990099	0.754118
16.539	49	2	0.651451	20	20	480	37.5	0	0.754118
16.539	50	1	2.385686	10	10	480	79.166667	0.990099	0.754118
16.539	50	2	0.651451	20	20	480	37.5	0	0.754118
16.539	51	1	2.385686	10	10	480	79.166667	0.990099	0.754118
16.539	51	2	0.651451	20	20	480	37.5	0	0.754118
16.539	52	1	2.385686	10	10	480	79.166667	0.990099	0.754118
16.539	52	2	0.651451	20	20	480	37.5	0	0.754118
16.539	53	1	2.385686	10	10	480	79.166667	0.990099	0.754118
16.539	53	2	0.651451	20	20	480	37.5	0	0.754118
16.539	54	1	2.385686	10	10	480	79.166667	0.990099	0.754118
16.539	54	2	0.651451	20	20	480	37.5	0	0.754118
16.539	55	1	2.385686	10	10	480	79.166667	0.990099	0.754118
16.539	55	2	0.651451	20	20	480	37.5	0	0.754118
16.539	56	1	2.385686	10	10	480	79.166667	0.990099	0.754118
16.539	56	2	0.651451	20	20	480	37.5	0	0.754118
16.539	57	1	2.385686	10	10	480	79.166667	0.990099	0.754118
16.539	57	2	0.651451	20	20	480	37.5	0	0.754118
16.539	58	1	2.385686	10	10	480	79.166667	0.990099	0.754118
16.539	58	2	0.651451	20	20	480	37.5	0	0.754118
16.539	59	1	2.385686	10	10	480	79.166667	0.990099	0.754118
16.539	59	2	0.651451	20	20	480	37.5	0	0.754118
16.539	60	1	2.385686	10	10	480	79.166667	0.990099	0.754118
16.539	60	2	0.651451	20	20	480	37.5	0	0.754118
16.539	61	1	2.385686	10	10	480	79.166667	0.990099	0.754118
16.539	61	2	0.651451	20	20	480	37.5	0	0.754118
16.539	62	1	2.385686	10	10	480	79.166667	0.990099	0.754118
16.539	62	2	0.651451	20	20	480	37.5	0	0.754118
16.539	63	1	2.385686	10	10	480	79.166667	0.990099	0.754118
16.539	63	2	0.651451	20	20	480	37.5	0	0.754118
16.539	64	1	2.385686	10	10	480	79.166667	0.990099	0.754118
16.539	64	2	0.651451	20	20	480	37.5	0	0.754118
16.539	65	1	2.385686	10	10	480	79.166667	0.990099	0.754118
16.539	65	2	0.651451	20	20	480	37.5	0	0.754118
17.042	0	1	2.266402	10	10	456	79.166667	1.041667	0.754118
17.042	0	2	0.618879	20	20	456	37.5	0	0.754118
17.042	1	1	2.266402	10	10	456	79.166667	1.041667	0.754118
17.042	1	2	0.618879	20	20	456	37.5	0	0.754118
17.042	2	1	2.266402	10	10	456	79.166667	1.041667	0.754118
17.042	2	2	0.618879	20	20	456	37.5	0	0.754118
17.042	3	1	2.266402	10	10	456	79.166667	1.041667	0.754118
17.042	3	2	0.618879	20	20	456	37.5	0	0.754118
17.042	4	1	2.266402	10	10	456	79.166667	1.041667	0.754118
17.042	4	2	0.618879	20	20	456	37.5	0	0.754118
17.042	5	1	2.266402	10	10	456	79.166667	1.041667	0.754118
17.042	5	2	0.618879	20	20	456	37.5	0	0.754118
17.042	6	1	2.266402	10	10	456	79.166667	1.041667	0.754118
17.042	6	2	0.618879	20	20	456	37.5	0	0.754118
17.042	7	1	2.266402	10	10	456	79.166667	1.041667	0.754118
17.042	7	2	0.618879	20	20	456	37.5	0	0.754118
17.042	8	1	2.266402	10	10	456	79.166667	1.041667	0.754118
17.042	8	2	0.618879	20	20	456	37.5	0	0.754118
17.042	9	1	2.266402	10	10	456	79.166667	1.041667	0.754118
17.042	9	2	0.618879	20	20	456	37.5	0	0.754118
17.042	10	1	2.266402	10	10	456	79.166667	1.041667	0.754118
17.042	10	2	0.618879	20	20	456	37.5	0	0.754118
17.042	11	1	2.266402	10	10	456	79.166667	1.041667	0.754118
17.042	11	2	0.618879	20	20	456	37.5	0	0.754118
17.042	12	1	2.266402	10	10	456	79.166667	1.041667	0.754118
17.042	12	2	0.618879	20	20	456	37.5	0	0.754118
17.042	13	1	2.266402	10	10	456	79.166667	1.041667	0.754118
17.042	13	2	0.618879	20	20	456	37.5	0	0.754118
17.042	14	1	2.266402	10	10	456	79.166667	1.041667	0.754118
17.042	14	2	0.618879	20	20	456	37.5	0	0.754118
17.042	15	1	2.266402	10	10	456	79.166667	1.041667	0.754118
17.042	15	2	0.618879	20	20	456	37.5	0	0.754118
17.042	16	1	2.266402	10	10	456	79.166667	1.041667	0.754118
17.042	16	2	0.618879	20	20	456	37.5	0	0.754118
17.042	17	1	2.266402	10	10	456	79.166667	1.041667	0.754118
17.042	17	2	0.618879	20	20	456	37.5	0	0.754118
17.042	18	1	2.266402	10	10	456	79.166667	1.041667	0.754118
17.042	18	2	0.618879	20	20	456	37.5	0	0.754118
17.042	19	1	2.266402	10	10	456	79.166667	1.041667	0.754118
17.042	19	2	0.618879	20	20	456	37.5	0	0.754118
17.042	20	1	2.266402	10	10	456	79.166667	1.041667	0.754118
17.042	20	2	0.618879	20	20	456	37.5	0	0.754118
17.042	21	1	2.266402	10	10	456	79.166667	1.041667	0.754118
17.042	21	2	0.618879	20	20	456	37.5	0	0.754118
17.042	22	1	2.266402	10	10	456	79.166667	1.041667	0.754118
17.042	22	2	0.618879	20	20	456	37.5	0	0.754118
17.042	23	1	2.266402	10	10	456	79.166667	1.041667	0.754118
17.042	23	2	0.618879	20	20	456	37.5	0	0.754118
17.042	24	1	2.266402	10	10	456	79.166667	1.041667	0.754118
17.042	24	2	0.618879	20	20	456	37.5	0	0.754118
17.042	25	1	2.266402	10	10	456	79.166667	1.041667	0.754118
17.042	25	2	0.618879	20	20	456	37.5	0	0.754118
17.042	26	1	2.266402	10	10	456	79.166667	1.041667	0.754118
17.042	26	2	0.618879	20	20	456	37.5	0	0.754118
17.042	27	1	2.266402	10	10	456	79.166667	1.041667	0.754118
17.042	27	2	0.618879	20	20	456	37.5	0	0.754118
17.042	28	1	2.266402	10	10	456	79.166667	1.041667	0.754118
17.042	28	2	0.618879	20	20	456	37.5	0	0.754118
17.042	29	1	2.266402	10	10	456	79.166667	1.041667	0.754118
17.042	29	2	0.618879	20	20	456	37.5	0	0.754118
17.042	30	1	2.266402	10	10	456	79.166667	1.041667	0.754118
17.042	30	2	0.618879	20	20	456	37.5	0	0.754118
17.042	31	1	2.266402	10	10	456	79.166667	1.041667	0.754118
17.042	31	2	0.618879	20	20	456	37.5	0	0.754118
17.042	32	1	2.266402	10	10	456	79.166667	1.041667	0.754118
17.042	32	2	0.618879	20	20	456	37.5	0	0.754118
17.042	33	1	2.266402	10	10	456	79.166667	1.041667	0.754118
17.042	33	2	0.618879	20	20	456	37.5	0	0.754118
17.042	34	1	2.266402	10	10	456	79.166667	1.041667	0.754118
17.042	34	2	0.618879	20	20	456	37.5	0	0.754118
17.042	35	1	2.266402	10	10	456	79.166667	1.041667	0.754118
17.042	35	2	0.618879	20	20	456	37.5	0	0.754118
17.042	36	1	2.266402	10	10	456	79.166667	1.041667	0.754118
17.042	36	2	0.618879	20	20	456	37.5	0	0.754118
17.042	37	1	2.266402	10	10	456	79.166667	1.041667	0.754118
17.042	37	2	0.618879	20	20	456	37.5	0	0.754118
17.042	38	1	2.266402	10	10	456	79.166667	1.041667	0.754118
17.042	38	2	0.618879	20	20	456	37.5	0	0.754118
17.042	39	1	2.266402	10	10	456	79.166667	1.041667	0.754118
17.042	39	2	0.618879	20	20	456	37.5	0	0.754118
17.042	40	1	2.266402	10	10	456	79.166667	1.041667	0.754118
17.042	40	2	0.618879	20	20	456	37.5	0	0.754118
17.042	41	1	2.266402	10	10	456	79.166667	1.041667	0.754118
17.042	41	2	0.618879	20	20	456	37.5	0	0.754118
17.042	42	1	2.266402	10	10	456	79.166667	1.041667	0.754118
17.042	42	2	0.618879	20	20	456	37.5	0	0.754118
17.042	43	1	2.266402	10	10	456	79.166667	1.041667	0.754118
17.042	43	2	0.618879	20	20	456	37.5	0	0.754118
17.042	44	1	2.266402	10	10	456	79.166667	1.041667	0.754118
17.042	44	2	0.618879	20	20	456	37.5	0	0.754118
17.042	45	1	2.266402	10	10	456	79.166667	1.041667	0.754118
17.042	45	2	0.618879	20	20	456	37.5	0	0.754118
17.042	46	1	2.266402	10	10	456	79.166667	1.041667	0.754118
17.042	46	2	0.618879	20	20	456	37.5	0	0.754118
17.042	47	1	2.266402	10	10	456	79.166667	1.041667	0.754118
17.042	47	2	0.618879	20	20	456	37.5	0	0.754118
17.042	48	1	2.266402	10	10	456	79.166667	1.041667	0.754118
17.042	48	2	0.618879	20	20	456	37.5	0	0.754118
17.042	49	1	2.266402	10	10	456	79.166667	1.041667	0.754118
17.042	49	2	0.618879	20	20	456	37.5	0	0.754118
17.042	50	1	2.266402	10	10	456	79.166667	1.041667	0.754118
17.042	50	2	0.618879	20	20	456	37.5	0	0.754118
17.042	51	1	2.266402	10	10	456	79.166667	1.041667	0.754118
17.042	51	2	0.618879	20	20	456	37.5	0	0.754118
17.042	52	1	2.266402	10	10	456	79.166667	1.041667	0.754118
17.042	52	2	0.618879	20	20	456	37.5	0	0.754118
17.042	53	1	2.266402	10	10	456	79.166667	1.041667	0.754118
17.042	53	2	0.618879	20	20	456	37.5	0	0.754118
17.042	54	1	2.266402	10	10	456	79.166667	1.041667	0.754118
17.042	54	2	0.618879	20	20	456	37.5	0	0.754118
17.042	55	1	2.266402	10	10	456	79.166667	1.041667	0.754118
17.042	55	2	0.618879	20	20	456	37.5	0	0.754118
17.042	56	1	2.266402	10	10	456	79.166667	1.041667	0.754118
17.042	56	2	0.618879	20	20	456	37.5	0	0.754118
17.042	57	1	2.266402	10	10	456	79.166667	1.041667	0.754118
17.042	57	2	0.618879	20	20	456	37.5	0	0.754118
17.042	58	1	2.266402	10	10	456	79.166667	1.041667	0.754118
17.042	58	2	0.618879	20	20	456	37.5	0	0.754118
17.042	59	1	2.266402	10	10	456	79.166667	1.041667	0.754118
17.042	59	2	0.618879	20	20	456	37.5	0	0.754118
17.042	60	1	2.266402	10	10	456	79.166667	1.041667	0.754118
17.042	60	2	0.618879	20	20	456	37.5	0	0.754118
17.042	61	1	2.266402	10	10	456	79.166667	1.041667	0.754118
17.042	61	2	0.618879	20	20	456	37.5	0	0.754118
17.042	62	1	2.266402	10	10	456	79.166667	1.041667	0.754118
17.042	62	2	0.618879	20	20	456	37.5	0	0.754118
17.042	63	1	2.266402	10	10	456	79.166667	1.041667	0.754118
17.042	63	2	0.618879	20	20	456	37.5	0	0.754118
17.042	64	1	2.266402	10	10	456	79.166667	1.041667	0.754118
17.042	64	2	0.618879	20	20	456	37.5	0	0.754118
17.042	65	1	2.266402	10	10	456	79.166667	1.041667	0.754118
17.042	65	2	0.618879	20	20	456	37.5	0	0.754118
17.545	0	1	2.266402	10	10	456	79.166667	1.041667	0.754118
17.545	0	2	0.618879	20	20	456	37.5	0	0.754118
17.545	1	1	2.266402	10	10	456	79.166667	1.041667	0.754118
17.545	1	2	0.618879	20	20	456	37.5	0	0.754118
17.545	2	1	2.266402	10	10	456	79.166667	1.041667	0.754118
17.545	2	2	0.618879	20	20	456	37.5	0	0.754118
17.545	3	1	2.266402	10	10	456	79.166667	1.041667	0.754118
17.545	3	2	0.618879	20	20	456	37.5	0	0.754118
17.545	4	1	2.266402	10	10	456	79.166667	1.041667	0.754118
17.545	4	2	0.618879	20	20	456	37.5	0	0.754118
17.545	5	1	2.266402	10	10	456	79.166667	1.041667	0.754118
17.545	5	2	0.618879	20	20	456	37.5	0	0.754118
17.545	6	1	2.266402	10	10	456	79.166667	1.041667	0.754118
17.545	6	2	0.618879	20	20	456	37.5	0	0.754118
17.545	7	1	2.266402	10	10	456	79.166667	1.041667	0.754118
17.545	7	2	0.618879	20	20	456	37.5	0	0.754118
17.545	8	1	2.266402	10	10	456	79.166667	1.041667	0.754118
17.545	8	2	0.618879	20	20	456	37.5	0	0.754118
17.545	9	1	2.266402	10	10	456	79.166667	1.041667	0.754118
17.545	9	2	0.618879	20	20	456	37.5	0	0.754118
17.545	10	1	2.266402	10	10	456	79.166667	1.041667	0.754118
17.545	10	2	0.618879	20	20	456	37.5	0	0.754118
17.545	11	1	2.266402	10	10	456	79.166667	1.041667	0.754118
17.545	11	2	0.618879	20	20	456	37.5	0	0.754118
17.545	12	1	2.266402	10	10	456	79.166667	1.041667	0.754118
17.545	12	2	0.618879	20	20	456	37.5	0	0.754118
17.545	13	1	2.266402	10	10	456	79.166667	1.041667	0.754118
17.545	13	2	0.618879	20	20	456	37.5	0	0.754118
17.545	14	1	2.266402	10	10	456	79.166667	1.041667	0.754118
17.545	14	2	0.618879	20	20	456	37.5	0	0.754118
17.545	15	1	2.266402	10	10	456	79.166667	1.041667	0.754118
17.545	15	2	0.618879	20	20	456	37.5	0	0.754118
17.545	16	1	2.266402	10	10	456	79.166667	1.041667	0.754118
17.545	16	2	0.618879	20	20	456	37.5	0	0.754118
17.545	17	1	2.266402	10	10	456	79.166667	1.041667	0.754118
17.545	17	2	0.618879	20	20	456	37.5	0	0.754118
17.545	18	1	2.266402	10	10	456	79.166667	1.041667	0.754118
17.545	18	2	0.618879	20	20	456	37.5	0	0.754118
17.545	19	1	2.266402	10	10	456	79.166667	1.041667	0.754118
17.545	19	2	0.618879	20	20	456	37.5	0	0.754118
17.545	20	1	2.266402	10	10	456	79.166667	1.041667	0.754118
17.545	20	2	0.618879	20	20	456	37.5	0	0.754118
17.545	21	1	2.266402	10	10	456	79.166667	1.041667	0.754118
17.545	21	2	0.618879	20	20	456	37.5	0	0.754118
17.545	22	1	2.266402	10	10	456	79.166667	1.041667	0.754118
17.545	22	2	0.618879	20	20	456	37.5	0	0.754118
17.545	23	1	2.266402	10	10	456	79.166667	1.041667	0.754118
17.545	23	2	0.618879	20	20	456	37.5	0	0.754118
17.545	24	1	2.266402	10	10	456	79.166667	1.041667	0.754118
17.545	24	2	0.618879	20	20	456	37.5	0	0.754118
17.545	25	1	2.266402	10	10	456	79.166667	1.041667	0.754118
17.545	25	2	0.618879	20	20	456	37.5	0	0.754118
17.545	26	1	2.266402	10	10	456	79.166667	1.041667	0.754118
17.545	26	2	0.618879	20	20	456	37.5	0	0.754118
17.545	27	1	2.266402	10	10	456	79.166667	1.041667	0.754118
17.545	27	2	0.618879	20	20	456	37.5	0	0.754118
17.545	28	1	2.266402	10	10	456	79.166667	1.041667	0.754118
17.545	28	2	0.618879	20	20	456	37.5	0	0.754118
17.545	29	1	2.266402	10	10	456	79.166667	1.041667	0.754118
17.545	29	2	0.618879	20	20	456	37.5	0	0.754118
17.545	30	1	2.266402	10	10	456	79.166667	1.041667	0.754118
17.545	30	2	0.618879	20	20	456	37.5	0	0.754118
17.545	31	1	2.266402	10	10	456	79.166667	1.041667	0.754118
17.545	31	2	0.618879	20	20	456	37.5	0	0.754118
17.545	32	1	2.266402	10	10	456	79.166667	1.041667	0.754118
17.545	32	2	0.618879	20	20	456	37.5	0	0.754118
17.545	33	1	2.266402	10	10	456	79.166667	1.041667	0.754118
17.545	33	2	0.618879	20	20	456	37.5	0	0.754118
17.545	34	1	2.266402	10	10	456	79.166667	1.041667	0.754118
17.545	34	2	0.618879	20	20	456	37.5	0	0.754118
17.545	35	1	2.266402	10	10	456	79.166667	1.041667	0.754118
17.545	35	2	0.618879	20	20	456	37.5	0	0.754118
17.545	36	1	2.266402	10	10	456	79.166667	1.041667	0.754118
17.545	36	2	0.618879	20	20	456	37.5	0	0.754118
17.545	37	1	2.266402	10	10	456	79.166667	1.041667	0.754118
17.545	37	2	0.618879	20	20	456	37.5	0	0.754118
17.545	38	1	2.266402	10	10	456	79.166667	1.041667	0.754118
17.545	38	2	0.618879	20	20	456	37.5	0	0.754118
17.545	39	1	2.266402	10	10	456	79.166667	1.041667	0.754118
17.545	39	2	0.618879	20	20	456	37.5	0	0.754118
17.545	40	1	2.266402	10	10	456	79.166667	1.041667	0.754118
17.545	40	2	0.618879	20	20	456	37.5	0	0.754118
17.545	41	1	2.266402	10	10	456	79.166667	1.041667	0.754118
17.545	41	2	0.618879	20	20	456	37.5	0	0.754118
17.545	42	1	2.266402	10	10	456	79.166667	1.041667	0.754118
17.545	42	2	0.618879	20	20	456	37.5	0	0.754118
17.545	43	1	2.266402	10	10	456	79.166667	1.041667	0.754118
17.545	43	2	0.618879	20	20	456	37.5	0	0.754118
17.545	44	1	2.266402	10	10	456	79.166667	1.041667	0.754118
17.545	44	2	0.618879	20	20	456	37.5	0	0.754118
17.545	45	1	2.266402	10	10	456	79.166667	1.041667	0.754118
17.545	45	2	0.618879	20	20	456	37.5	0	0.754118
17.545	46	1	2.266402	10	10	456	79.166667	1.041667	0.754118
17.545	46	2	0.618879	20	20	456	37.5	0	0.754118
17.545	47	1	2.266402	10	10	456	79.166667	1.041667	0.754118
17.545	47	2	0.618879	20	20	456	37.5	0	0.754118
17.545	48	1	2.266402	10	10	456	79.166667	1.041667	0.754118
17.545	48	2	0.618879	20	20	456	37.5	0	0.754118
17.545	49	1	2.266402	10	10	456	79.166667	1.041667	0.754118
17.545	49	2	0.618879	20	20	456	37.5	0	0.754118
17.545	50	1	2.266402	10	10	456	79.166667	1.041667	0.754118
17.545	50	2	0.618879	20	20	456	37.5	0	0.754118
17.545	51	1	2.266402	10	10	456	79.166667	1.041667	0.754118
17.545	51	2	0.618879	20	20	456	37.5	0	0.754118
17.545	52	1	2.266402	10	10	456	79.166667	1.041667	0.754118
17.545	52	2	0.618879	20	20	456	37.5	0	0.754118
17.545	53	1	2.266402	10	10	456	79.166667	1.041667	0.754118
17.545	53	2	0.618879	20	20	456	37.5	0	0.754118
17.545	54	1	2.266402	10	10	456	79.166667	1.041667	0.754118
17.545	54	2	0.618879	20	20	456	37.5	0	0.754118
17.545	55	1	2.266402	10	10	456	79.166667	1.041667	0.754118
17.545	55	2	0.618879	20	20	456	37.5	0	0.754118
17.545	56	1	2.266402	10	10	456	79.166667	1.041667	0.754118
17.545	56	2	0.618879	20	20	456	37.5	0	0.754118
17.545	57	1	2.266402	10	10	456	79.166667	1.041667	0.754118
17.545	57	2	0.618879	20	20	456	37.5	0	0.754118
17.545	58	1	2.266402	10	10	456	79.166667	1.041667	0.754118
17.545	58	2	0.618879	20	20	456	37.5	0	0.754118
17.545	59	1	2.266402	10	10	456	79.166667	1.041667	0.754118
17.545	59	2	0.618879	20	20	456	37.5	0	0.754118
17.545	60	1	2.266402	10	10	456	79.166667	1.041667	0.754118
17.545	60	2	0.618879	20	20	456	37.5	0	0.754118
17.545	61	1	2.266402	10	10	456	79.166667	1.041667	0.754118
17.545	61	2	0.618879	20	20	456	37.5	0	0.754118
17.545	62	1	2.266402	10	10	456	79.166667	1.041667	0.754118
17.545	62	2	0.618879	20	20	456	37.5	0	0.754118
17.545	63	1	2.266402	10	10	456	79.166667	1.041667	0.754118
17.545	63	2	0.618879	20	20	456	37.5	0	0.754118
17.545	64	1	2.266402	10	10	456	79.166667	1.041667	0.754118
17.545	64	2	0.618879	20	20	456	37.5	0	0.754118
17.545	65	1	2.266402	10	10	456	79.166667	1.041667	0.754118
17.545	65	2	0.618879	20	20	456	37.5	0	0.754118
18.048	0	1	2.385686	10	10	480	79.166667	0.990099	0.754118
18.048	0	2	0.651451	20	20	480	37.5	0	0.754118
18.048	1	1	2.385686	10	10	480	79.166667	0.990099	0.754118
18.048	1	2	0.651451	20	20	480	37.5	0	0.754118
18.048	2	1	2.385686	10	10	480	79.166667	0.990099	0.754118
18.048	2	2	0.651451	20	20	480	37.5	0	0.754118
18.048	3	1	2.385686	10	10	480	79.166667	0.990099	0.754118
18.048	3	2	0.651451	20	20	480	37.5	0	0.754118
18.048	4	1	2.385686	10	10	480	79.166667	0.990099	0.754118
18.048	4	2	0.651451	20	20	480	37.5	0	0.754118
18.048	5	1	2.385686	10	10	480	79.166667	0.990099	0.754118
18.048	5	2	0.651451	20	20	480	37.5	0	0.754118
18.048	6	1	2.385686	10	10	480	79.166667	0.990099	0.754118
18.048	6	2	0.651451	20	20	480	37.5	0	0.754118
18.048	7	1	2.385686	10	10	480	79.166667	0.990099	0.754118
18.048	7	2	0.651451	20	20	480	37.5	0	0.754118
18.048	8	1	2.385686	10	10	480	79.166667	0.990099	0.754118
18.048	8	2	0.651451	20	20	480	37.5	0	0.754118
18.048	9	1	2.385686	10	10	480	79.166667	0.990099	0.754118
18.048	9	2	0.651451	20	20	480	37.5	0	0.754118
18.048	10	1	2.385686	10	10	480	79.166667	0.990099	0.754118
18.048	10	2	0.651451	20	20	480	37.5	0	0.754118
18.048	11	1	2.385686	10	10	480	79.166667	0.990099	0.754118
18.048	11	2	0.651451	20	20	480	37.5	0	0.754118
18.048	12	1	2.385686	10	10	480	79.166667	0.990099	0.754118
18.048	12	2	0.651451	20	20	480	37.5	0	0.754118
18.048	13	1	2.385686	10	10	480	79.166667	0.990099	0.754118
18.048	13	2	0.651451	20	20	480	37.5	0	0.754118
18.048	14	1	2.385686	10	10	480	79.166667	0.990099	0.754118
18.048	14	2	0.651451	20	20	480	37.5	0	0.754118
18.048	15	1	2.385686	10	10	480	79.166667	0.990099	0.754118
18.048	15	2	0.651451	20	20	480	37.5	0	0.754118
18.048	16	1	2.385686	10	10	480	79.166667	0.990099	0.754118
18.048	16	2	0.651451	20	20	480	37.5	0	0.754118
18.048	17	1	2.385686	10	10	480	79.166667	0.990099	0.754118
18.048	17	2	0.651451	20	20	480	37.5	0	0.754118
18.048	18	1	2.385686	10	10	480	79.166667	0.990099	0.754118
18.048	18	2	0.651451	20	20	480	37.5	0	0.754118
18.048	19	1	2.385686	10	10	480	79.166667	0.990099	0.754118
18.048	19	2	0.651451	20	20	480	37.5	0	0.754118
18.048	20	1	2.385686	10	10	480	79.166667	0.990099	0.754118
18.048	20	2	0.651451	20	20	480	37.5	0	0.754118
18.048	21	1	2.385686	10	10	480	79.166667	0.990099	0.754118
18.048	21	2	0.651451	20	20	480	37.5	0	0.754118
18.048	22	1	2.385686	10	10	480	79.166667	0.990099	0.754118
18.048	22	2	0.651451	20	20	480	37.5	0	0.754118
18.048	23	1	2.385686	10	10	480	79.166667	0.990099	0.754118
18.048	23	2	0.651451	20	20	480	37.5	0	0.754118
18.048	24	1	2.385686	10	10	480	79.166667	0.990099	0.754118
18.048	24	2	0.651451	20	20	480	37.5	0	0.754118
18.048	25	1	2.385686	10	10	480	79.166667	0.990099	0.754118
18.048	25	2	0.651451	20	20	480	37.5	0	0.754118
18.048	26	1	2.385686	10	10	480	79.166667	0.990099	0.754118
18.048	26	2	0.651451	20	20	480	37.5	0	0.754118
18.048	27	1	2.385686	10	10	480	79.166667	0.990099	0.754118
18.048	27	2	0.651451	20	20	480	37.5	0	0.754118
18.048	28	1	2.385686	10	10	480	79.166667	0.990099	0.754118
18.048	28	2	0.651451	20	20	480	37.5	0	0.754118
18.048	29	1	2.385686	10	10	480	79.166667	0.990099	0.754118
18.048	29	2	0.651451	20	20	480	37.5	0	0.754118
18.048	30	1	2.385686	10	10	480	79.166667	0.990099	0.754118
18.048	30	2	0.651451	20	20	480	37.5	0	0.754118
18.048	31	1	2.385686	10	10	480	79.166667	0.990099	0.754118
18.048	31	2	0.651451	20	20	480	37.5	0	0.754118
18.048	32	1	2.385686	10	10	480	79.166667	0.990099	0.754118
18.048	32	2	0.651451	20	20	480	37.5	0	0.754118
18.048	33	1	2.385686	10	10	480	79.166667	0.990099	0.754118
18.048	33	2	0.651451	20	20	480	37.5	0	0.754118
18.048	34	1	2.385686	10	10	480	79.166667	0.990099	0.754118
18.048	34	2	0.651451	20	20	480	37.5	0	0.754118
18.048	35	1	2.385686	10	10	480	79.166667	0.990099	0.754118
18.048	35	2	0.651451	20	20	480	37.5	0	0.754118
18.048	36	1	2.385686	10	10	480	79.166667	0.990099	0.754118
18.048	36	2	0.651451	20	20	480	37.5	0	0.754118
18.048	37	1	2.385686	10	10	480	79.166667	0.990099	0.754118
18.048	37	2	0.651451	20	20	480	37.5	0	0.754118
18.048	38	1	2.385686	10	10	480	79.166667	0.990099	0.754118
18.048	38	2	0.651451	20	20	480	37.5	0	0.754118
18.048	39	1	2.385686	10	10	480	79.166667	0.990099	0.754118
18.048	39	2	0.651451	20	20	480	37.5	0	0.754118
18.048	40	1	2.385686	10	10	480	79.166667	0.990099	0.754118
18.048	40	2	0.651451	20	20	480	37.5	0	0.754118
18.048	41	1	2.385686	10	10	480	79.166667	0.990099	0.754118
18.048	41	2	0.651451	20	20	480	37.5	0	0.754118
18.048	42	1	2.385686	10	10	480	79.166667	0.990099	0.754118
18.048	42	2	0.651451	20	20	480	37.5	0	0.754118
18.048	43	1	2.385686	10	10	480	79.166667	0.990099	0.754118
18.048	43	2	0.651451	20	20	480	37.5	0	0.754118
18.048	44	1	2.385686	10	10	480	79.166667	0.990099	0.754118
18.048	44	2	0.651451	20	20	480	37.5	0	0.754118
18.048	45	1	2.385686	10	10	480	79.166667	0.990099	0.754118
18.048	45	2	0.651451	20	20	480	37.5	0	0.754118
18.048	46	1	2.385686	10	10	480	79.166667	0.990099	0.754118
18.048	46	2	0.651451	20	20	480	37.5	0	0.754118
18.048	47	1	2.385686	10	10	480	79.166667	0.990099	0.754118
18.048	47	2	0.651451	20	20	480	37.5	0	0.754118
18.048	48	1	2.385686	10	10	480	79.166667	0.990099	0.754118
18.048	48	2	0.651451	20	20	480	37.5	0	0.754118
18.048	49	1	2.385686	10	10	480	79.166667	0.990099	0.754118
18.048	49	2	0.651451	20	20	480	37.5	0	0.754118
18.048	50	1	2.385686	10	10	480	79.166667	0.990099	0.754118
18.048	50	2	0.651451	20	20	480	37.5	0	0.754118
18.048	51	1	2.385686	10	10	480	79.166667	0.990099	0.754118
18.048	51	2	0.651451	20	20	480	37.5	0	0.754118
18.048	52	1	2.385686	10	10	480	79.166667	0.990099	0.754118
18.048	52	2	0.651451	20	20	480	37.5	0	0.754118
18.048	53	1	2.385686	10	10	480	79.166667	0.990099	0.754118
18.048	53	2	0.651451	20	20	480	37.5	0	0.754118
18.048	54	1	2.385686	10	10	480	79.166667	0.990099	0.754118
18.048	54	2	0.651451	20	20	480	37.5	0	0.754118
18.048	55	1	2.385686	10	10	480	79.166667	0.990099	0.754118
18.048	55	2	0.651451	20	20	480	37.5	0	0.754118
18.048	56	1	2.385686	10	10	480	79.166667	0.990099	0.754118
18.048	56	2	0.651451	20	20	480	37.5	0	0.754118
18.048	57	1	2.385686	10	10	480	79.166667	0.990099	0.754118
18.048	57	2	0.651451	20	20	480	37.5	0	0.754118
18.048	58	1	2.385686	10	10	480	79.166667	0.990099	0.754118
18.048	58	2	0.651451	20	20	480	37.5	0	0.754118
18.048	59	1	2.385686	10	10	480	79.166667	0.990099	0.754118
18.048	59	2	0.651451	20	20	480	37.5	0	0.754118
18.048	60	1	2.385686	10	10	480	79.166667	0.990099	0.754118
18.048	60	2	0.651451	20	20	480	37.5	0	0.754118
18.048	61	1	2.385686	10	10	480	79.166667	0.990099	0.754118
18.048	61	2	0.651451	20	20	480	37.5	0	0.754118
18.048	62	1	2.385686	10	10	480	79.166667	0.990099	0.754118
18.048	62	2	0.651451	20	20	480	37.5	0	0.754118
18.048	63	1	2.385686	10	10	480	79.166667	0.990099	0.754118
18.048	63	2	0.651451	20	20	480	37.5	0	0.754118
18.048	64	1	2.385686	10	10	480	79.166667	0.990099	0.754118
18.048	64	2	0.651451	20	20	480	37.5	0	0.754118
18.048	65	1	2.385686	10	10	480	79.166667	0.990099	0.754118
18.048	65	2	0.651451	20	20	480	37.5	0	0.754118
18.551	0	1	2.266402	10	10	456	79.166667	1.041667	0.754118
18.551	0	2	0.618879	20	20	456	37.5	0	0.754118
18.551	1	1	2.266402	10	10	456	79.166667	1.041667	0.754118
18.551	1	2	0.618879	20	20	456	37.5	0	0.754118
18.551	2	1	2.266402	10	10	456	79.166667	1.041667	0.754118
18.551	2	2	0.618879	20	20	456	37.5	0	0.754118
18.551	3	1	2.266402	10	10	456	79.166667	1.041667	0.754118
18.551	3	2	0.618879	20	20	456	37.5	0	0.754118
18.551	4	1	2.266402	10	10	456	79.166667	1.041667	0.754118
18.551	4	2	0.618879	20	20	456	37.5	0	0.754118
18.551	5	1	2.266402	10	10	456	79.166667	1.041667	0.754118
18.551	5	2	0.618879	20	20	456	37.5	0	0.754118
18.551	6	1	2.266402	10	10	456	79.166667	1.041667	0.754118
18.551	6	2	0.618879	20	20	456	37.5	0	0.754118
18.551	7	1	2.266402	10	10	456	79.166667	1.041667	0.754118
18.551	7	2	0.618879	20	20	456	37.5	0	0.754118
18.551	8	1	2.266402	10	10	456	79.166667	1.041667	0.754118
18.551	8	2	0.618879	20	20	456	37.5	0	0.754118
18.551	9	1	2.266402	10	10	456	79.166667	1.041667	0.754118
18.551	9	2	0.618879	20	20	456	37.5	0	0.754118
18.551	10	1	2.266402	10	10	456	79.166667	1.041667	0.754118
18.551	10	2	0.618879	20	20	456	37.5	0	0.754118
18.551	11	1	2.266402	10	10	456	79.166667	1.041667	0.754118
18.551	11	2	0.618879	20	20	456	37.5	0	0.754118
18.551	12	1	2.266402	10	10	456	79.166667	1.041667	0.754118
18.551	12	2	0.618879	20	20	456	37.5	0	0.754118
18.551	13	1	2.266402	10	10	456	79.166667	1.041667	0.754118
18.551	13	2	0.618879	20	20	456	37.5	0	0.754118
18.551	14	1	2.266402	10	10	456	79.166667	1.041667	0.754118
18.551	14	2	0.618879	20	20	456	37.5	0	0.754118
18.551	15	1	2.266402	10	10	456	79.166667	1.041667	0.754118
18.551	15	2	0.618879	20	20	456	37.5	0	0.754118
18.551	16	1	2.266402	10	10	456	79.166667	1.041667	0.754118
18.551	16	2	0.618879	20	20	456	37.5	0	0.754118
18.551	17	1	2.266402	10	10	456	79.166667	1.041667	0.754118
18.551	17	2	0.618879	20	20	456	37.5	0	0.754118
18.551	18	1	2.266402	10	10	456	79.166667	1.041667	0.754118
18.551	18	2	0.618879	20	20	456	37.5	0	0.754118
18.551	19	1	2.266402	10	10	456	79.166667	1.041667	0.754118
18.551	19	2	0.618879	20	20	456	37.5	0	0.754118
18.551	20	1	2.266402	10	10	456	79.166667	1.041667	0.754118
18.551	20	2	0.618879	20	20	456	37.5	0	0.754118
18.551	21	1	2.266402	10	10	456	79.166667	1.041667	0.754118
18.551	21	2	0.618879	20	20	456	37.5	0	0.754118
18.551	22	1	2.266402	10	10	456	79.166667	1.041667	0.754118
18.551	22	2	0.618879	20	20	456	37.5	0	0.754118
18.551	23	1	2.266402	10	10	456	79.166667	1.041667	0.754118
18.551	23	2	0.618879	20	20	456	37.5	0	0.754118
18.551	24	1	2.266402	10	10	456	79.166667	1.041667	0.754118
18.551	24	2	0.618879	20	20	456	37.5	0	0.754118
18.551	25	1	2.266402	10	10	456	79.166667	1.041667	0.754118
18.551	25	2	0.618879	20	20	456	37.5	0	0.754118
18.551	26	1	2.266402	10	10	456	79.166667	1.041667	0.754118
18.551	26	2	0.618879	20	20	456	37.5	0	0.754118
18.551	27	1	2.266402	10	10	456	79.166667	1.041667	0.754118
18.551	27	2	0.618879	20	20	456	37.5	0	0.754118
18.551	28	1	2.266402	10	10	456	79.166667	1.041667	0.754118
18.551	28	2	0.618879	20	20	456	37.5	0	0.754118
18.551	29	1	2.266402	10	10	456	79.166667	1.041667	0.754118
18.551	29	2	0.618879	20	20	456	37.5	0	0.754118
18.551	30	1	2.266402	10	10	456	79.166667	1.041667	0.754118
18.551	30	2	0.618879	20	20	456	37.5	0	0.754118
18.551	31	1	2.266402	10	10	456	79.166667	1.041667	0.754118
18.551	31	2	0.618879	20	20	456	37.5	0	0.754118
18.551	32	1	2.266402	10	10	456	79.166667	1.041667	0.754118
18.551	32	2	0.618879	20	20	456	37.5	0	0.754118
18.551	33	1	2.266402	10	10	456	79.166667	1.041667	0.754118
18.551	33	2	0.618879	20	20	456	37.5	0	0.754118
18.551	34	1	2.266402	10	10	456	79.166667	1.041667	0.754118
18.551	34	2	0.618879	20	20	456	37.5	0	0.754118
18.551	35	1	2.266402	10	10	456	79.166667	1.041667	0.754118
18.551	35	2	0.618879	20	20	456	37.5	0	0.754118
18.551	36	1	2.266402	10	10	456	79.166667	1.041667	0.754118
18.551	36	2	0.618879	20	20	456	37.5	0	0.754118
18.551	37	1	2.266402	10	10	456	79.166667	1.041667	0.754118
18.551	37	2	0.618879	20	20	456	37.5	0	0.754118
18.551	38	1	2.266402	10	10	456	79.166667	1.041667	0.754118
18.551	38	2	0.618879	20	20	456	37.5	0	0.754118
18.551	39	1	2.266402	10	10	456	79.166667	1.041667	0.754118
18.551	39	2	0.618879	20	20	456	37.5	0	0.754118
18.551	40	1	2.266402	10	10	456	79.166667	1.041667	0.754118
18.551	40	2	0.618879	20	20	456	37.5	0	0.754118
18.551	41	1	2.266402	10	10	456	79.166667	1.041667	0.754118
18.551	41	2	0.618879	20	20	456	37.5	0	0.754118
18.551	42	1	2.266402	10	10	456	79.166667	1.041667	0.754118
18.551	42	2	0.618879	20	20	456	37.5	0	0.754118
18.551	43	1	2.266402	10	10	456	79.166667	1.041667	0.754118
18.551	43	2	0.618879	20	20	456	37.5	0	0.754118
18.551	44	1	2.266402	10	10	456	79.166667	1.041667	0.754118
18.551	44	2	0.618879	20	20	456	37.5	0	0.754118
18.551	45	1	2.266402	10	10	456	79.166667	1.041667	0.754118
18.551	45	2	0.618879	20	20	456	37.5	0	0.754118
18.551	46	1	2.266402	10	10	456	79.166667	1.041667	0.754118
18.551	46	2	0.618879	20	20	456	37.5	0	0.754118
18.551	47	1	2.266402	10	10	456	79.166667	1.041667	0.754118
18.551	47	2	0.618879	20	20	456	37.5	0	0.754118
18.551	48	1	2.266402	10	10	456	79.166667	1.041667	0.754118
18.551	48	2	0.618879	20	20	456	37.5	0	0.754118
18.551	49	1	2.266402	10	10	456	79.166667	1.041667	0.754118
18.551	49	2	0.618879	20	20	456	37.5	0	0.754118
18.551	50	1	2.266402	10	10	456	79.166667	1.041667	0.754118
18.551	50	2	0.618879	20	20	456	37.5	0	0.754118
18.551	51	1	2.266402	10	10	456	79.166667	1.041667	0.754118
18.551	51	2	0.618879	20	20	456	37.5	0	0.754118
18.551	52	1	2.266402	10	10	456	79.166667	1.041667	0.754118
18.551	52	2	0.618879	20	20	456	37.5	0	0.754118
18.551	53	1	2.266402	10	10	456	79.166667	1.041667	0.754118
18.551	53	2	0.618879	20	20	456	37.5	0	0.754118
18.551	54	1	2.266402	10	10	456	79.166667	1.041667	0.754118
18.551	54	2	0.618879	20	20	456	37.5	0	0.754118
18.551	55	1	2.266402	10	10	456	79.166667	1.041667	0.754118
18.551	55	2	0.618879	20	20	456	37.5	0	0.754118
18.551	56	1	2.266402	10	10	456	79.166667	1.041667	0.754118
18.551	56	2	0.618879	20	20	456	37.5	0	0.754118
18.551	57	1	2.266402	10	10	456	79.166667	1.041667	0.754118
18.551	57	2	0.618879	20	20	456	37.5	0	0.754118
18.551	58	1	2.266402	10	10	456	79.166667	1.041667	0.754118
18.551	58	2	0.618879	20	20	456	37.5	0	0.754118
18.551	59	1	2.266402	10	10	456	79.166667	1.041667	0.754118
18.551	59	2	0.618879	20	20	456	37.5	0	0.754118
18.551	60	1	2.266402	10	10	456	79.166667	1.041667	0.754118
18.551	60	2	0.618879	20	20	456	37.5	0	0.754118
18.551	61	1	2.266402	10	10	456	79.166667	1.041667	0.754118
18.551	61	2	0.618879	20	20	456	37.5	0	0.754118
18.551	62	1	2.266402	10	10	456	79.166667	1.041667	0.754118
18.551	62	2	0.618879	20	20	456	37.5	0	0.754118
18.551	63	1	2.266402	10	10	456	79.166667	1.041667	0.754118
18.551	63	2	0.618879	20	20	456	37.5	0	0.754118
18.551	64	1	2.266402	10	10	456	79.166667	1.041667	0.754118
18.551	64	2	0.618879	20	20	456	37.5	0	0.754118
18.551	65	1	2.266402	10	10	456	79.166667	1.041667	0.754118
18.551	65	2	0.618879	20	20	456	37.5	0	0.754118
19.054	0	1	2.266402	10	10	456	79.166667	1.041667	0.754118
19.054	0	2	0.618879	20	20	456	37.5	0	0.754118
19.054	1	1	2.266402	10	10	456	79.166667	1.041667	0.754118
19.054	1	2	0.618879	20	20	456	37.5	0	0.754118
19.054	2	1	2.266402	10	10	456	79.166667	1.041667	0.754118
19.054	2	2	0.618879	20	20	456	37.5	0	0.754118
19.054	3	1	2.266402	10	10	456	79.166667	1.041667	0.754118
19.054	3	2	0.618879	20	20	456	37.5	0	0.754118
19.054	4	1	2.266402	10	10	456	79.166667	1.041667	0.754118
19.054	4	2	0.618879	20	20	456	37.5	0	0.754118
19.054	5	1	2.266402	10	10	456	79.166667	1.041667	0.754118
19.054	5	2	0.618879	20	20	456	37.5	0	0.754118
19.054	6	1	2.266402	10	10	456	79.166667	1.041667	0.754118
19.054	6	2	0.618879	20	20	456	37.5	0	0.754118
19.054	7	1	2.266402	10	10	456	79.166667	1.041667	0.754118
19.054	7	2	0.618879	20	20	456	37.5	0	0.754118
19.054	8	1	2.266402	10	10	456	79.166667	1.041667	0.754118
19.054	8	2	0.618879	20	20	456	37.5	0	0.754118
19.054	9	1	2.266402	10	10	456	79.166667	1.041667	0.754118
19.054	9	2	0.618879	20	20	456	37.5	0	0.754118
19.054	10	1	2.266402	10	10	456	79.166667	1.041667	0.754118
19.054	10	2	0.618879	20	20	456	37.5	0	0.754118
19.054	11	1	2.266402	10	10	456	79.166667	1.041667	0.754118
19.054	11	2	0.618879	20	20	456	37.5	0	0.754118
19.054	12	1	2.266402	10	10	456	79.166667	1.041667	0.754118
19.054	12	2	0.618879	20	20	456	37.5	0	0.754118
19.054	13	1	2.266402	10	10	456	79.166667	1.041667	0.754118
19.054	13	2	0.618879	20	20	456	37.5	0	0.754118
19.054	14	1	2.266402	10	10	456	79.166667	1.041667	0.754118
19.054	14	2	0.618879	20	20	456	37.5	0	0.754118
19.054	15	1	2.266402	10	10	456	79.166667	1.041667	0.754118
19.054	15	2	0.618879	20	20	456	37.5	0	0.754118
19.054	16	1	2.266402	10	10	456	79.166667	1.041667	0.754118
19.054	16	2	0.618879	20	20	456	37.5	0	0.754118
19.054	17	1	2.266402	10	10	456	79.166667	1.041667	0.754118
19.054	17	2	0.618879	20	20	456	37.5	0	0.754118
19.054	18	1	2.266402	10	10	456	79.166667	1.041667	0.754118
19.054	18	2	0.618879	20	20	456	37.5	0	0.754118
19.054	19	1	2.266402	10	10	456	79.166667	1.041667	0.754118
19.054	19	2	0.618879	20	20	456	37.5	0	0.754118
19.054	20	1	2.266402	10	10	456	79.166667	1.041667	0.754118
19.054	20	2	0.618879	20	20	456	37.5	0	0.754118
19.054	21	1	2.266402	10	10	456	79.166667	1.041667	0.754118
19.054	21	2	0.618879	20	20	456	37.5	0	0.754118
19.054	22	1	2.266402	10	10	456	79.166667	1.041667	0.754118
19.054	22	2	0.618879	20	20	456	37.5	0	0.754118
19.054	23	1	2.266402	10	10	456	79.166667	1.041667	0.754118
19.054	23	2	0.618879	20	20	456	37.5	0	0.754118
19.054	24	1	2.266402	10	10	456	79.166667	1.041667	0.754118
19.054	24	2	0.618879	20	20	456	37.5	0	0.754118
19.054	25	1	2.266402	10	10	456	79.166667	1.041667	0.754118
19.054	25	2	0.618879	20	20	456	37.5	0	0.754118
19.054	26	1	2.266402	10	10	456	79.166667	1.041667	0.754118
19.054	26	2	0.618879	20	20	456	37.5	0	0.754118
19.054	27	1	2.266402	10	10	456	79.166667	1.041667	0.754118
19.054	27	2	0.618879	20	20	456	37.5	0	0.754118
19.054	28	1	2.266402	10	10	456	79.166667	1.041667	0.754118
19.054	28	2	0.618879	20	20	456	37.5	0	0.754118
19.054	29	1	2.266402	10	10	456	79.166667	1.041667	0.754118
19.054	29	2	0.618879	20	20	456	37.5	0	0.754118
19.054	30	1	2.266402	10	10	456	79.166667	1.041667	0.754118
19.054	30	2	0.618879	20	20	456	37.5	0	0.754118
19.054	31	1	2.266402	10	10	456	79.166667	1.041667	0.754118
19.054	31	2	0.618879	20	20	456	37.5	0	0.754118
19.054	32	1	2.266402	10	10	456	79.166667	1.041667	0.754118
19.054	32	2	0.618879	20	20	456	37.5	0	0.754118
19.054	33	1	2.266402	10	10	456	79.166667	1.041667	0.754118
19.054	33	2	0.618879	20	20	456	37.5	0	0.754118
19.054	34	1	2.266402	10	10	456	79.166667	1.041667	0.754118
19.054	34	2	0.618879	20	20	456	37.5	0	0.754118
19.054	35	1	2.266402	10	10	456	79.166667	1.041667	0.754118
19.054	35	2	0.618879	20	20	456	37.5	0	0.754118
19.054	36	1	2.266402	10	10	456	79.166667	1.041667	0.754118
19.054	36	2	0.618879	20	20	456	37.5	0	0.754118
19.054	37	1	2.266402	10	10	456	79.166667	1.041667	0.754118
19.054	37	2	0.618879	20	20	456	37.5	0	0.754118
19.054	38	1	2.266402	10	10	456	79.166667	1.041667	0.754118
19.054	38	2	0.618879	20	20	456	37.5	0	0.754118
19.054	39	1	2.266402	10	10	456	79.166667	1.041667	0.754118
19.054	39	2	0.618879	20	20	456	37.5	0	0.754118
19.054	40	1	2.266402	10	10	456	79.166667	1.041667	0.754118
19.054	40	2	0.618879	20	20	456	37.5	0	0.754118
19.054	41	1	2.266402	10	10	456	79.166667	1.041667	0.754118
19.054	41	2	0.618879	20	20	456	37.5	0	0.754118
19.054	42	1	2.266402	10	10	456	79.166667	1.041667	0.754118
19.054	42	2	0.618879	20	20	456	37.5	0	0.754118
19.054	43	1	2.266402	10	10	456	79.166667	1.041667	0.754118
19.054	43	2	0.618879	20	20	456	37.5	0	0.754118
19.054	44	1	2.266402	10	10	456	79.166667	1.041667	0.754118
19.054	44	2	0.618879	20	20	456	37.5	0	0.754118
19.054	45	1	2.266402	10	10	456	79.166667	1.041667	0.754118
19.054	45	2	0.618879	20	20	456	37.5	0	0.754118
19.054	46	1	2.266402	10	10	456	79.166667	1.041667	0.754118
19.054	46	2	0.618879	20	20	456	37.5	0	0.754118
19.054	47	1	2.266402	10	10	456	79.166667	1.041667	0.754118
19.054	47	2	0.618879	20	20	456	37.5	0	0.754118
19.054	48	1	2.266402	10	10	456	79.166667	1.041667	0.754118
19.054	48	2	0.618879	20	20	456	37.5	0	0.754118
19.054	49	1	2.266402	10	10	456	79.166667	1.041667	0.754118
19.054	49	2	0.618879	20	20	456	37.5	0	0.754118
19.054	50	1	2.266402	10	10	456	79.166667	1.041667	0.754118
19.054	50	2	0.618879	20	20	456	37.5	0	0.754118
19.054	51	1	2.266402	10	10	456	79.166667	1.041667	0.754118
19.054	51	2	0.618879	20	20	456	37.5	0	0.754118
19.054	52	1	2.266402	10	10	456	79.166667	1.041667	0.754118
19.054	52	2	0.618879	20	20	456	37.5	0	0.754118
19.054	53	1	2.266402	10	10	456	79.166667	1.041667	0.754118
19.054	53	2	0.618879	20	20	456	37.5	0	0.754118
19.054	54	1	2.266402	10	10	456	79.166667	1.041667	0.754118
19.054	54	2	0.618879	20	20	456	37.5	0	0.754118
19.054	55	1	2.266402	10	10	456	79.166667	1.041667	0.754118
19.054	55	2	0.618879	20	20	456	37.5	0	0.754118
19.054	56	1	2.266402	10	10	456	79.166667	1.041667	0.754118
19.054	56	2	0.618879	20	20	456	37.5	0	0.754118
19.054	57	1	2.266402	10	10	456	79.166667	1.041667	0.754118
19.054	57	2	0.618879	20	20	456	37.5	0	0.754118
19.054	58	1	2.266402	10	10	456	79.166667	1.041667	0.754118
19.054	58	2	0.618879	20	20	456	37.5	0	0.754118
19.054	59	1	2.266402	10	10	456	79.166667	1.041667	0.754118
19.054	59	2	0.618879	20	20	456	37.5	0	0.754118
19.054	60	1	2.266402	10	10	456	79.166667	1.041667	0.754118
19.054	60	2	0.618879	20	20	456	37.5	0	0.754118
19.054	61	1	2.266402	10	10	456	79.166667	1.041667	0.754118
19.054	61	2	0.618879	20	20	456	37.5	0	0.754118
19.054	62	1	2.266402	10	10	456	79.166667	1.041667	0.754118
19.054	62	2	0.618879	20	20	456	37.5	0	0.754118
19.054	63	1	2.266402	10	10	456	79.166667	1.041667	0.754118
19.054	63	2	0.618879	20	20	456	37.5	0	0.754118
19.054	64	1	2.266402	10	10	456	79.166667	1.041667	0.754118
19.054	64	2	0.618879	20	20	456	37.5	0	0.754118
19.054	65	1	2.266402	10	10	456	79.166667	1.041667	0.754118
19.054	65	2	0.618879	20	20	456	37.5	0	0.754118
19.557	0	1	2.385686	10	10	480	79.166667	0.990099	0.754118
19.557	0	2	0.651451	20	20	480	37.5	0	0.754118
19.557	1	1	2.385686	10	10	480	79.166667	0.990099	0.754118
19.557	1	2	0.651451	20	20	480	37.5	0	0.754118
19.557	2	1	2.385686	10	10	480	79.166667	0.990099	0.754118
19.557	2	2	0.651451	20	20	480	37.5	0	0.754118
19.557	3	1	2.385686	10	10	480	79.166667	0.990099	0.754118
19.557	3	2	0.651451	20	20	480	37.5	0	0.754118
19.557	4	1	2.385686	10	10	480	79.166667	0.990099	0.754118
19.557	4	2	0.651451	20	20	480	37.5	0	0.754118
19.557	5	1	2.385686	10	10	480	79.166667	0.990099	0.754118
19.557	5	2	0.651451	20	20	480	37.5	0	0.754118
19.557	6	1	2.385686	10	10	480	79.166667	0.990099	0.754118
19.557	6	2	0.651451	20	20	480	37.5	0	0.754118
19.557	7	1	2.385686	10	10	480	79.166667	0.990099	0.754118
19.557	7	2	0.651451	20	20	480	37.5	0	0.754118
19.557	8	1	2.385686	10	10	480	79.166667	0.990099	0.754118
19.557	8	2	0.651451	20	20	480	37.5	0	0.754118
19.557	9	1	2.385686	10	10	480	79.166667	0.990099	0.754118
19.557	9	2	0.651451	20	20	480	37.5	0	0.754118
19.557	10	1	2.385686	10	10	480	79.166667	0.990099	0.754118
19.557	10	2	0.651451	20	20	480	37.5	0	0.754118
19.557	11	1	2.385686	10	10	480	79.166667	0.990099	0.754118
19.557	11	2	0.651451	20	20	480	37.5	0	0.754118
19.557	12	1	2.385686	10	10	480	79.166667	0.990099	0.754118
19.557	12	2	0.651451	20	20	480	37.5	0	0.754118
19.557	13	1	2.385686	10	10	480	79.166667	0.990099	0.754118
19.557	13	2	0.651451	20	20	480	37.5	0	0.754118
19.557	14	1	2.385686	10	10	480	79.166667	0.990099	0.754118
19.557	14	2	0.651451	20	20	480	37.5	0	0.754118
19.557	15	1	2.385686	10	10	480	79.166667	0.990099	0.754118
19.557	15	2	0.651451	20	20	480	37.5	0	0.754118
19.557	16	1	2.385686	10	10	480	79.166667	0.990099	0.754118
19.557	16	2	0.651451	20	20	480	37.5	0	0.754118
19.557	17	1	2.385686	10	10	480	79.166667	0.990099	0.754118
19.557	17	2	0.651451	20	20	480	37.5	0	0.754118
19.557	18	1	2.385686	10	10	480	79.166667	0.990099	0.754118
19.557	18	2	0.651451	20	20	480	37.5	0	0.754118
19.557	19	1	2.385686	10	10	480	79.166667	0.990099	0.754118
19.557	19	2	0.651451	20	20	480	37.5	0	0.754118
19.557	20	1	2.385686	10	10	480	79.166667	0.990099	0.754118
19.557	20	2	0.651451	20	20	480	37.5	0	0.754118
19.557	21	1	2.385686	10	10	480	79.166667	0.990099	0.754118
19.557	21	2	0.651451	20	20	480	37.5	0	0.754118
19.557	22	1	2.385686	10	10	480	79.166667	0.990099	0.754118
19.557	22	2	0.651451	20	20	480	37.5	0	0.754118
19.557	23	1	2.385686	10	10	480	79.166667	0.990099	0.754118
19.557	23	2	0.651451	20	20	480	37.5	0	0.754118
19.557	24	1	2.385686	10	10	480	79.166667	0.990099	0.754118
19.557	24	2	0.651451	20	20	480	37.5	0	0.754118
19.557	25	1	2.385686	10	10	480	79.166667	0.990099	0.754118
19.557	25	2	0.651451	20	20	480	37.5	0	0.754118
19.557	26	1	2.385686	10	10	480	79.166667	0.990099	0.754118
19.557	26	2	0.651451	20	20	480	37.5	0	0.754118
19.557	27	1	2.385686	10	10	480	79.166667	0.990099	0.754118
19.557	27	2	0.651451	20	20	480	37.5	0	0.754118
19.557	28	1	2.385686	10	10	480	79.166667	0.990099	0.754118
19.557	28	2	0.651451	20	20	480	37.5	0	0.754118
19.557	29	1	2.385686	10	10	480	79.166667	0.990099	0.754118
19.557	29	2	0.651451	20	20	480	37.5	0	0.754118
19.557	30	1	2.385686	10	10	480	79.166667	0.990099	0.754118
19.557	30	2	0.651451	20	20	480	37.5	0	0.754118
19.557	31	1	2.385686	10	10	480	79.166667	0.990099	0.754118
19.557	31	2	0.651451	20	20	480	37.5	0	0.754118
19.557	32	1	2.385686	10	10	480	79.166667	0.990099	0.754118
19.557	32	2	0.651451	20	20	480	37.5	0	0.754118
19.557	33	1	2.385686	10	10	480	79.166667	0.990099	0.754118
19.557	33	2	0.651451	20	20	480	37.5	0	0.754118
19.557	34	1	2.385686	10	10	480	79.166667	0.990099	0.754118
19.557	34	2	0.651451	20	20	480	37.5	0	0.754118
19.557	35	1	2.385686	10	10	480	79.166667	0.990099	0.754118
19.557	35	2	0.651451	20	20	480	37.5	0	0.754118
19.557	36	1	2.385686	10	10	480	79.166667	0.990099	0.754118
19.557	36	2	0.651451	20	20	480	37.5	0	0.754118
19.557	37	1	2.385686	10	10	480	79.166667	0.990099	0.754118
19.557	37	2	0.651451	20	20	480	37.5	0	0.754118
19.557	38	1	2.385686	10	10	480	79.166667	0.990099	0.754118
19.557	38	2	0.651451	20	20	480	37.5	0	0.754118
19.557	39	1	2.385686	10	10	480	79.166667	0.990099	0.754118
19.557	39	2	0.651451	20	20	480	37.5	0	0.754118
19.557	40	1	2.385686	10	10	480	79.166667	0.990099	0.754118
19.557	40	2	0.651451	20	20	480	37.5	0	0.754118
19.557	41	1	2.385686	10	10	480	79.166667	0.990099	0.754118
19.557	41	2	0.651451	20	20	480	37.5	0	0.754118
19.557	42	1	2.385686	10	10	480	79.166667	0.990099	0.754118
19.557	42	2	0.651451	20	20	480	37.5	0	0.754118
19.557	43	1	2.385686	10	10	480	79.166667	0.990099	0.754118
19.557	43	2	0.651451	20	20	480	37.5	0	0.754118
19.557	44	1	2.385686	10	10	480	79.166667	0.990099	0.754118
19.557	44	2	0.651451	20	20	480	37.5	0	0.754118
19.557	45	1	2.385686	10	10	480	79.166667	0.990099	0.754118
19.557	45	2	0.651451	20	20	480	37.5	0	0.754118
19.557	46	1	2.385686	10	10	480	79.166667	0.990099	0.754118
19.557	46	2	0.651451	20	20	480	37.5	0	0.754118
19.557	47	1	2.385686	10	10	480	79.166667	0.990099	0.754118
19.557	47	2	0.651451	20	20	480	37.5	0	0.754118
19.557	48	1	2.385686	10	10	480	79.166667	0.990099	0.754118
19.557	48	2	0.651451	20	20	480	37.5	0	0.754118
19.557	49	1	2.385686	10	10	480	79.166667	0.990099	0.754118
19.557	49	2	0.651451	20	20	480	37.5	0	0.754118
19.557	50	1	2.385686	10	10	480	79.166667	0.990099	0.754118
19.557	50	2	0.651451	20	20	480	37.5	0	0.754118
19.557	51	1	2.385686	10	10	480	79.166667	0.990099	0.754118
19.557	51	2	0.651451	20	20	480	37.5	0	0.754118
19.557	52	1	2.385686	10	10	480	79.166667	0.990099	0.754118
19.557	52	2	0.651451	20	20	480	37.5	0	0.754118
19.557	53	1	2.385686	10	10	480	79.166667	0.990099	0.754118
19.557	53	2	0.651451	20	20	480	37.5	0	0.754118
19.557	54	1	2.385686	10	10	480	79.166667	0.990099	0.754118
19.557	54	2	0.651451	20	20	480	37.5	0	0.754118
19.557	55	1	2.385686	10	10	480	79.166667	0.990099	0.754118
19.557	55	2	0.651451	20	20	480	37.5	0	0.754118
19.557	56	1	2.385686	10	10	480	79.166667	0.990099	0.754118
19.557	56	2	0.651451	20	20	480	37.5	0	0.754118
19.557	57	1	2.385686	10	10	480	79.166667	0.990099	0.754118
19.557	57	2	0.651451	20	20	480	37.5	0	0.754118
19.557	58	1	2.385686	10	10	480	79.166667	0.990099	0.754118
19.557	58	2	0.651451	20	20	480	37.5	0	0.754118
19.557	59	1	2.385686	10	10	480	79.166667	0.990099	0.754118
19.557	59	2	0.651451	20	20	480	37.5	0	0.754118
19.557	60	1	2.385686	10	10	480	79.166667	0.990099	0.754118
19.557	60	2	0.651451	20	20	480	37.5	0	0.754118
19.557	61	1	2.385686	10	10	480	79.166667	0.990099	0.754118
19.557	61	2	0.651451	20	20	480	37.5	0	0.754118
19.557	62	1	2.385686	10	10	480	79.166667	0.990099	0.754118
19.557	62	2	0.651451	20	20	480	37.5	0	0.754118
19.557	63	1	2.385686	10	10	480	79.166667	0.990099	0.754118
19.557	63	2	0.651451	20	20	480	37.5	0	0.754118
19.557	64	1	2.385686	10	10	480	79.166667	0.990099	0.754118
19.557	64	2	0.651451	20	20	480	37.5	0	0.754118
19.557	65	1	2.385686	10	10	480	79.166667	0.990099	0.754118
19.557	65	2	0.651451	20	20	480	37.5	0	0.754118
20.06	0	1	2.266402	10	10	456	79.166667	1.041667	0.754118
20.06	0	2	0.618879	20	20	456	37.5	0	0.754118
20.06	1	1	2.266402	10	10	456	79.166667	1.041667	0.754118
20.06	1	2	0.618879	20	20	456	37.5	0	0.754118
20.06	2	1	2.266402	10	10	456	79.166667	1.041667	0.754118
20.06	2	2	0.618879	20	20	456	37.5	0	0.754118
20.06	3	1	2.266402	10	10	456	79.166667	1.041667	0.754118
20.06	3	2	0.618879	20	20	456	37.5	0	0.754118
20.06	4	1	2.266402	10	10	456	79.166667	1.041667	0.754118
20.06	4	2	0.618879	20	20	456	37.5	0	0.754118
20.06	5	1	2.266402	10	10	456	79.166667	1.041667	0.754118
20.06	5	2	0.618879	20	20	456	37.5	0	0.754118
20.06	6	1	2.266402	10	10	456	79.166667	1.041667	0.754118
20.06	6	2	0.618879	20	20	456	37.5	0	0.754118
20.06	7	1	2.266402	10	10	456	79.166667	1.041667	0.754118
20.06	7	2	0.618879	20	20	456	37.5	0	0.754118
20.06	8	1	2.266402	10	10	456	79.166667	1.041667	0.754118
20.06	8	2	0.618879	20	20	456	37.5	0	0.754118
20.06	9	1	2.266402	10	10	456	79.166667	1.041667	0.754118
20.06	9	2	0.618879	20	20	456	37.5	0	0.754118
20.06	10	1	2.266402	10	10	456	79.166667	1.041667	0.754118
20.06	10	2	0.618879	20	20	456	37.5	0	0.754118
20.06	11	1	2.266402	10	10	456	79.166667	1.041667	0.754118
20.06	11	2	0.618879	20	20	456	37.5	0	0.754118
20.06	12	1	2.266402	10	10	456	79.166667	1.041667	0.754118
20.06	12	2	0.618879	20	20	456	37.5	0	0.754118
20.06	13	1	2.266402	10	10	456	79.166667	1.041667	0.754118
20.06	13	2	0.618879	20	20	456	37.5	0	0.754118
20.06	14	1	2.266402	10	10	456	79.166667	1.041667	0.754118
20.06	14	2	0.618879	20	20	456	37.5	0	0.754118
20.06	15	1	2.266402	10	10	456	79.166667	1.041667	0.754118
20.06	15	2	0.618879	20	20	456	37.5	0	0.754118
20.06	16	1	2.266402	10	10	456	79.166667	1.041667	0.754118
20.06	16	2	0.618879	20	20	456	37.5	0	0.754118
20.06	17	1	2.266402	10	10	456	79.166667	1.041667	0.754118
20.06	17	2	0.618879	20	20	456	37.5	0	0.754118
20.06	18	1	2.266402	10	10	456	79.166667	1.041667	0.754118
20.06	18	2	0.618879	20	20	456	37.5	0	0.754118
20.06	19	1	2.266402	10	10	456	79.166667	1.041667	0.754118
20.06	19	2	0.618879	20	20	456	37.5	0	0.754118
20.06	20	1	2.266402	10	10	456	79.166667	1.041667	0.754118
20.06	20	2	0.618879	20	20	456	37.5	0	0.754118
20.06	21	1	2.266402	10	10	456	79.166667	1.041667	0.754118
20.06	21	2	0.618879	20	20	456	37.5	0	0.754118
20.06	22	1	2.266402	10	10	456	79.166667	1.041667	0.754118
20.06	22	2	0.618879	20	20	456	37.5	0	0.754118
20.06	23	1	2.266402	10	10	456	79.166667	1.041667	0.754118
20.06	23	2	0.618879	20	20	456	37.5	0	0.754118
20.06	24	1	2.266402	10	10	456	79.166667	1.041667	0.754118
20.06	24	2	0.618879	20	20	456	37.5	0	0.754118
20.06	25	1	2.266402	10	10	456	79.166667	1.041667	0.754118
20.06	25	2	0.618879	20	20	456	37.5	0	0.754118
20.06	26	1	2.266402	10	10	456	79.166667	1.041667	0.754118
20.06	26	2	0.618879	20	20	456	37.5	0	0.754118
20.06	27	1	2.266402	10	10	456	79.166667	1.041667	0.754118
20.06	27	2	0.618879	20	20	456	37.5	0	0.754118
20.06	28	1	2.266402	10	10	456	79.166667	1.041667	0.754118
20.06	28	2	0.618879	20	20	456	37.5	0	0.754118
20.06	29	1	2.266402	10	10	456	79.166667	1.041667	0.754118
20.06	29	2	0.618879	20	20	456	37.5	0	0.754118
20.06	30	1	2.266402	10	10	456	79.166667	1.041667	0.754118
20.06	30	2	0.618879	20	20	456	37.5	0	0.754118
20.06	31	1	2.266402	10	10	456	79.166667	1.041667	0.754118
20.06	31	2	0.618879	20	20	456	37.5	0	0.754118
20.06	32	1	2.266402	10	10	456	79.166667	1.041667	0.754118
20.06	32	2	0.618879	20	20	456	37.5	0	0.754118
20.06	33	1	2.266402	10	10	456	79.166667	1.041667	0.754118
20.06	33	2	0.618879	20	20	456	37.5	0	0.754118
20.06	34	1	2.266402	10	10	456	79.166667	1.041667	0.754118
20.06	34	2	0.618879	20	20	456	37.5	0	0.754118
20.06	35	1	2.266402	10	10	456	79.166667	1.041667	0.754118
20.06	35	2	0.618879	20	20	456	37.5	0	0.754118
20.06	36	1	2.266402	10	10	456	79.166667	1.041667	0.754118
20.06	36	2	0.618879	20	20	456	37.5	0	0.754118
20.06	37	1	2.266402	10	10	456	79.166667	1.041667	0.754118
20.06	37	2	0.618879	20	20	456	37.5	0	0.754118
20.06	38	1	2.266402	10	10	456	79.166667	1.041667	0.754118
20.06	38	2	0.618879	20	20	456	37.5	0	0.754118
20.06	39	1	2.266402	10	10	456	79.166667	1.041667	0.754118
20.06	39	2	0.618879	20	20	456	37.5	0	0.754118
20.06	40	1	2.266402	10	10	456	79.166667	1.041667	0.754118
20.06	40	2	0.618879	20	20	456	37.5	0	0.754118
20.06	41	1	2.266402	10	10	456	79.166667	1.041667	0.754118
20.06	41	2	0.618879	20	20	456	37.5	0	0.754118
20.06	42	1	2.266402	10	10	456	79.166667	1.041667	0.754118
20.06	42	2	0.618879	20	20	456	37.5	0	0.754118
20.06	43	1	2.266402	10	10	456	79.166667	1.041667	0.754118
20.06	43	2	0.618879	20	20	456	37.5	0	0.754118
20.06	44	1	2.266402	10	10	456	79.166667	1.041667	0.754118
20.06	44	2	0.618879	20	20	456	37.5	0	0.754118
20.06	45	1	2.266402	10	10	456	79.166667	1.041667	0.754118
20.06	45	2	0.618879	20	20	456	37.5	0	0.754118
20.06	46	1	2.266402	10	10	456	79.166667	1.041667	0.754118
20.06	46	2	0.618879	20	20	456	37.5	0	0.754118
20.06	47	1	2.266402	10	10	456	79.166667	1.041667	0.754118
20.06	47	2	0.618879	20	20	456	37.5	0	0.754118
20.06	48	1	2.266402	10	10	456	79.166667	1.041667	0.754118
20.06	48	2	0.618879	20	20	456	37.5	0	0.754118
20.06	49	1	2.266402	10	10	456	79.166667	1.041667	0.754118
20.06	49	2	0.618879	20	20	456	37.5	0	0.754118
20.06	50	1	2.266402	10	10	456	79.166667	1.041667	0.754118
20.06	50	2	0.618879	20	20	456	37.5	0	0.754118
20.06	51	1	2.266402	10	10	456	79.166667	1.041667	0.754118
20.06	51	2	0.618879	20	20	456	37.5	0	0.754118
20.06	52	1	2.266402	10	10	456	79.166667	1.041667	0.754118
20.06	52	2	0.618879	20	20	456	37.5	0	0.754118
20.06	53	1	2.266402	10	10	456	79.166667	1.041667	0.754118
20.06	53	2	0.618879	20	20	456	37.5	0	0.754118
20.06	54	1	2.266402	10	10	456	79.166667	1.041667	0.754118
20.06	54	2	0.618879	20	20	456	37.5	0	0.754118
20.06	55	1	2.266402	10	10	456	79.166667	1.041667	0.754118
20.06	55	2	0.618879	20	20	456	37.5	0	0.754118
20.06	56	1	2.266402	10	10	456	79.166667	1.041667	0.754118
20.06	56	2	0.618879	20	20	456	37.5	0	0.754118
20.06	57	1	2.266402	10	10	456	79.166667	1.041667	0.754118
20.06	57	2	0.618879	20	20	456	37.5	0	0.754118
20.06	58	1	2.266402	10	10	456	79.166667	1.041667	0.754118
20.06	58	2	0.618879	20	20	456	37.5	0	0.754118
20.06	59	1	2.266402	10	10	456	79.166667	1.041667	0.754118
20.06	59	2	0.618879	20	20	456	37.5	0	0.754118
20.06	60	1	2.266402	10	10	456	79.166667	1.041667	0.754118
20.06	60	2	0.618879	20	20	456	37.5	0	0.754118
20.06	61	1	2.266402	10	10	456	79.166667	1.041667	0.754118
20.06	61	2	0.618879	20	20	456	37.5	0	0.754118
20.06	62	1	2.266402	10	10	456	79.166667	1.041667	0.754118
20.06	62	2	0.618879	20	20	456	37.5	0	0.754118
20.06	63	1	2.266402	10	10	456	79.166667	1.041667	0.754118
20.06	63	2	0.618879	20	20	456	37.5	0	0.754118
20.06	64	1	2.266402	10	10	456	79.166667	1.041667	0.754118
20.06	64	2	0.618879	20	20	456	37.5	0	0.754118
20.06	65	1	2.266402	10	10	456	79.166667	1.041667	0.754118
20.06	65	2	0.618879	20	20	456	37.5	0	0.754118
20.563	0	1	2.266402	10	10	456	79.166667	1.041667	0.754118
20.563	0	2	0.618879	20	20	456	37.5	0	0.754118
20.563	1	1	2.266402	10	10	456	79.166667	1.041667	0.754118
20.563	1	2	0.618879	20	20	456	37.5	0	0.754118
20.563	2	1	2.266402	10	10	456	79.166667	1.041667	0.754118
20.563	2	2	0.618879	20	20	456	37.5	0	0.754118
20.563	3	1	2.266402	10	10	456	79.166667	1.041667	0.754118
20.563	3	2	0.618879	20	20	456	37.5	0	0.754118
20.563	4	1	2.266402	10	10	456	79.166667	1.041667	0.754118
20.563	4	2	0.618879	20	20	456	37.5	0	0.754118
20.563	5	1	2.266402	10	10	456	79.166667	1.041667	0.754118
20.563	5	2	0.618879	20	20	456	37.5	0	0.754118
20.563	6	1	2.266402	10	10	456	79.166667	1.041667	0.754118
20.563	6	2	0.618879	20	20	456	37.5	0	0.754118
20.563	7	1	2.266402	10	10	456	79.166667	1.041667	0.754118
20.563	7	2	0.618879	20	20	456	37.5	0	0.754118
20.563	8	1	2.266402	10	10	456	79.166667	1.041667	0.754118
20.563	8	2	0.618879	20	20	456	37.5	0	0.754118
20.563	9	1	2.266402	10	10	456	79.166667	1.041667	0.754118
20.563	9	2	0.618879	20	20	456	37.5	0	0.754118
20.563	10	1	2.266402	10	10	456	79.166667	1.041667	0.754118
20.563	10	2	0.618879	20	20	456	37.5	0	0.754118
20.563	11	1	2.266402	10	10	456	79.166667	1.041667	0.754118
20.563	11	2	0.618879	20	20	456	37.5	0	0.754118
20.563	12	1	2.266402	10	10	456	79.166667	1.041667	0.754118
20.563	12	2	0.618879	20	20	456	37.5	0	0.754118
20.563	13	1	2.266402	10	10	456	79.166667	1.041667	0.754118
20.563	13	2	0.618879	20	20	456	37.5	0	0.754118
20.563	14	1	2.266402	10	10	456	79.166667	1.041667	0.754118
20.563	14	2	0.618879	20	20	456	37.5	0	0.754118
20.563	15	1	2.266402	10	10	456	79.166667	1.041667	0.754118
20.563	15	2	0.618879	20	20	456	37.5	0	0.754118
20.563	16	1	2.266402	10	10	456	79.166667	1.041667	0.754118
20.563	16	2	0.618879	20	20	456	37.5	0	0.754118
20.563	17	1	2.266402	10	10	456	79.166667	1.041667	0.754118
20.563	17	2	0.618879	20	20	456	37.5	0	0.754118
20.563	18	1	2.266402	10	10	456	79.166667	1.041667	0.754118
20.563	18	2	0.618879	20	20	456	37.5	0	0.754118
20.563	19	1	2.266402	10	10	456	79.166667	1.041667	0.754118
20.563	19	2	0.618879	20	20	456	37.5	0	0.754118
20.563	20	1	2.266402	10	10	456	79.166667	1.041667	0.754118
20.563	20	2	0.618879	20	20	456	37.5	0	0.754118
20.563	21	1	2.266402	10	10	456	79.166667	1.041667	0.754118
20.563	21	2	0.618879	20	20	456	37.5	0	0.754118
20.563	22	1	2.266402	10	10	456	79.166667	1.041667	0.754118
20.563	22	2	0.618879	20	20	456	37.5	0	0.754118
20.563	23	1	2.266402	10	10	456	79.166667	1.041667	0.754118
20.563	23	2	0.618879	20	20	456	37.5	0	0.754118
20.563	24	1	2.266402	10	10	456	79.166667	1.041667	0.754118
20.563	24	2	0.618879	20	20	456	37.5	0	0.754118
20.563	25	1	2.266402	10	10	456	79.166667	1.041667	0.754118
20.563	25	2	0.618879	20	20	456	37.5	0	0.754118
20.563	26	1	2.266402	10	10	456	79.166667	1.041667	0.754118
20.563	26	2	0.618879	20	20	456	37.5	0	0.754118
20.563	27	1	2.266402	10	10	456	79.166667	1.041667	0.754118
20.563	27	2	0.618879	20	20	456	37.5	0	0.754118
20.563	28	1	2.266402	10	10	456	79.166667	1.041667	0.754118
20.563	28	2	0.618879	20	20	456	37.5	0	0.754118
20.563	29	1	2.266402	10	10	456	79.166667	1.041667	0.754118
20.563	29	2	0.618879	20	20	456	37.5	0	0.754118
20.563	30	1	2.266402	10	10	456	79.166667	1.041667	0.754118
20.563	30	2	0.618879	20	20	456	37.5	0	0.754118
20.563	31	1	2.266402	10	10	456	79.166667	1.041667	0.754118
20.563	31	2	0.618879	20	20	456	37.5	0	0.754118
20.563	32	1	2.266402	10	10	456	79.166667	1.041667	0.754118
20.563	32	2	0.618879	20	20	456	37.5	0	0.754118
20.563	33	1	2.266402	10	10	456	79.166667	1.041667	0.754118
20.563	33	2	0.618879	20	20	456	37.5	0	0.754118
20.563	34	1	2.266402	10	10	456	79.166667	1.041667	0.754118
20.563	34	2	0.618879	20	20	456	37.5	0	0.754118
20.563	35	1	2.266402	10	10	456	79.166667	1.041667	0.754118
20.563	35	2	0.618879	20	20	456	37.5	0	0.754118
20.563	36	1	2.266402	10	10	456	79.166667	1.041667	0.754118
20.563	36	2	0.618879	20	20	456	37.5	0	0.754118
20.563	37	1	2.266402	10	10	456	79.166667	1.041667	0.754118
20.563	37	2	0.618879	20	20	456	37.5	0	0.754118
20.563	38	1	2.266402	10	10	456	79.166667	1.041667	0.754118
20.563	38	2	0.618879	20	20	456	37.5	0	0.754118
20.563	39	1	2.266402	10	10	456	79.166667	1.041667	0.754118
20.563	39	2	0.618879	20	20	456	37.5	0	0.754118
20.563	40	1	2.266402	10	10	456	79.166667	1.041667	0.754118
20.563	40	2	0.618879	20	20	456	37.5	0	0.754118
20.563	41	1	2.266402	10	10	456	79.166667	1.041667	0.754118
20.563	41	2	0.618879	20	20	456	37.5	0	0.754118
20.563	42	1	2.266402	10	10	456	79.166667	1.041667	0.754118
20.563	42	2	0.618879	20	20	456	37.5	0	0.754118
20.563	43	1	2.266402	10	10	456	79.166667	1.041667	0.754118
20.563	43	2	0.618879	20	20	456	37.5	0	0.754118
20.563	44	1	2.266402	10	10	456	79.166667	1.041667	0.754118
20.563	44	2	0.618879	20	20	456	37.5	0	0.754118
20.563	45	1	2.266402	10	10	456	79.166667	1.041667	0.754118
20.563	45	2	0.618879	20	20	456	37.5	0	0.754118
20.563	46	1	2.266402	10	10	456	79.166667	1.041667	0.754118
20.563	46	2	0.618879	20	20	456	37.5	0	0.754118
20.563	47	1	2.266402	10	10	456	79.166667	1.041667	0.754118
20.563	47	2	0.618879	20	20	456	37.5	0	0.754118
20.563	48	1	2.266402	10	10	456	79.166667	1.041667	0.754118
20.563	48	2	0.618879	20	20	456	37.5	0	0.754118
20.563	49	1	2.266402	10	10	456	79.166667	1.041667	0.754118
20.563	49	2	0.618879	20	20	456	37.5	0	0.754118
20.563	50	1	2.266402	10	10	456	79.166667	1.041667	0.754118
20.563	50	2	0.618879	20	20	456	37.5	0	0.754118
20.563	51	1	2.266402	10	10	456	79.166667	1.041667	0.754118
20.563	51	2	0.618879	20	20	456	37.5	0	0.754118
20.563	52	1	2.266402	10	10	456	79.166667	1.041667	0.754118
20.563	52	2	0.618879	20	20	456	37.5	0	0.754118
20.563	53	1	2.266402	10	10	456	79.166667	1.041667	0.754118
20.563	53	2	0.618879	20	20	456	37.5	0	0.754118
20.563	54	1	2.266402	10	10	456	79.166667	1.041667	0.754118
20.563	54	2	0.618879	20	20	456	37.5	0	0.754118
20.563	55	1	2.266402	10	10	456	79.166667	1.041667	0.754118
20.563	55	2	0.618879	20	20	456	37.5	0	0.754118
20.563	56	1	2.266402	10	10	456	79.166667	1.041667	0.754118
20.563	56	2	0.618879	20	20	456	37.5	0	0.754118
20.563	57	1	2.266402	10	10	456	79.166667	1.041667	0.754118
20.563	57	2	0.618879	20	20	456	37.5	0	0.754118
20.563	58	1	2.266402	10	10	456	79.166667	1.041667	0.754118
20.563	58	2	0.618879	20	20	456	37.5	0	0.754118
20.563	59	1	2.266402	10	10	456	79.166667	1.041667	0.754118
20.563	59	2	0.618879	20	20	456	37.5	0	0.754118
20.563	60	1	2.266402	10	10	456	79.166667	1.041667	0.754118
20.563	60	2	0.618879	20	20	456	37.5	0	0.754118
20.563	61	1	2.266402	10	10	456	79.166667	1.041667	0.754118
20.563	61	2	0.618879	20	20	456	37.5	0	0.754118
20.563	62	1	2.266402	10	10	456	79.166667	1.041667	0.754118
20.563	62	2	0.618879	20	20	456	37.5	0	0.754118
20.563	63	1	2.266402	10	10	456	79.166667	1.041667	0.754118
20.563	63	2	0.618879	20	20	456	37.5	0	0.754118
20.563	64	1	2.266402	10	10	456	79.166667	1.041667	0.754118
20.563	64	2	0.618879	20	20	456	37.5	0	0.754118
20.563	65	1	2.266402	10	10	456	79.166667	1.041667	0.754118
20.563	65	2	0.618879	20	20	456	37.5	0	0.754118
21.066	0	1	2.385686	10	10	480	79.166667	0.990099	0.754118
21.066	0	2	0.651451	20	20	480	37.5	0	0.754118
21.066	1	1	2.385686	10	10	480	79.166667	0.990099	0.754118
21.066	1	2	0.651451	20	20	480	37.5	0	0.754118
21.066	2	1	2.385686	10	10	480	79.166667	0.990099	0.754118
21.066	2	2	0.651451	20	20	480	37.5	0	0.754118
21.066	3	1	2.385686	10	10	480	79.166667	0.990099	0.754118
21.066	3	2	0.651451	20	20	480	37.5	0	0.754118
21.066	4	1	2.385686	10	10	480	79.166667	0.990099	0.754118
21.066	4	2	0.651451	20	20	480	37.5	0	0.754118
21.066	5	1	2.385686	10	10	480	79.166667	0.990099	0.754118
21.066	5	2	0.651451	20	20	480	37.5	0	0.754118
21.066	6	1	2.385686	10	10	480	79.166667	0.990099	0.754118
21.066	6	2	0.651451	20	20	480	37.5	0	0.754118
21.066	7	1	2.385686	10	10	480	79.166667	0.990099	0.754118
21.066	7	2	0.651451	20	20	480	37.5	0	0.754118
21.066	8	1	2.385686	10	10	480	79.166667	0.990099	0.754118
21.066	8	2	0.651451	20	20	480	37.5	0	0.754118
21.066	9	1	2.385686	10	10	480	79.166667	0.990099	0.754118
21.066	9	2	0.651451	20	20	480	37.5	0	0.754118
21.066	10	1	2.385686	10	10	480	79.166667	0.990099	0.754118
21.066	10	2	0.651451	20	20	480	37.5	0	0.754118
21.066	11	1	2.385686	10	10	480	79.166667	0.990099	0.754118
21.066	11	2	0.651451	20	20	480	37.5	0	0.754118
21.066	12	1	2.385686	10	10	480	79.166667	0.990099	0.754118
21.066	12	2	0.651451	20	20	480	37.5	0	0.754118
21.066	13	1	2.385686	10	10	480	79.166667	0.990099	0.754118
21.066	13	2	0.651451	20	20	480	37.5	0	0.754118
21.066	14	1	2.385686	10	10	480	79.166667	0.990099	0.754118
21.066	14	2	0.651451	20	20	480	37.5	0	0.754118
21.066	15	1	2.385686	10	10	480	79.166667	0.990099	0.754118
21.066	15	2	0.651451	20	20	480	37.5	0	0.754118
21.066	16	1	2.385686	10	10	480	79.166667	0.990099	0.754118
21.066	16	2	0.651451	20	20	480	37.5	0	0.754118
21.066	17	1	2.385686	10	10	480	79.166667	0.990099	0.754118
21.066	17	2	0.651451	20	20	480	37.5	0	0.754118
21.066	18	1	2.385686	10	10	480	79.166667	0.990099	0.754118
21.066	18	2	0.651451	20	20	480	37.5	0	0.754118
21.066	19	1	2.385686	10	10	480	79.166667	0.990099	0.754118
21.066	19	2	0.651451	20	20	480	37.5	0	0.754118
21.066	20	1	2.385686	10	10	480	79.166667	0.990099	0.754118
21.066	20	2	0.651451	20	20	480	37.5	0	0.754118
21.066	21	1	2.385686	10	10	480	79.166667	0.990099	0.754118
21.066	21	2	0.651451	20	20	480	37.5	0	0.754118
21.066	22	1	2.385686	10	10	480	79.166667	0.990099	0.754118
21.066	22	2	0.651451	20	20	480	37.5	0	0.754118
21.066	23	1	2.385686	10	10	480	79.166667	0.990099	0.754118
21.066	23	2	0.651451	20	20	480	37.5	0	0.754118
21.066	24	1	2.385686	10	10	480	79.166667	0.990099	0.754118
21.066	24	2	0.651451	20	20	480	37.5	0	0.754118
21.066	25	1	2.385686	10	10	480	79.166667	0.990099	0.754118
21.066	25	2	0.651451	20	20	480	37.5	0	0.754118
21.066	26	1	2.385686	10	10	480	79.166667	0.990099	0.754118
21.066	26	2	0.651451	20	20	480	37.5	0	0.754118
21.066	27	1	2.385686	10	10	480	79.166667	0.990099	0.754118
21.066	27	2	0.651451	20	20	480	37.5	0	0.754118
21.066	28	1	2.385686	10	10	480	79.166667	0.990099	0.754118
21.066	28	2	0.651451	20	20	480	37.5	0	0.754118
21.066	29	1	2.385686	10	10	480	79.166667	0.990099	0.754118
21.066	29	2	0.651451	20	20	480	37.5	0	0.754118
21.066	30	1	2.385686	10	10	480	79.166667	0.990099	0.754118
21.066	30	2	0.651451	20	20	480	37.5	0	0.754118
21.066	31	1	2.385686	10	10	480	79.166667	0.990099	0.754118
21.066	31	2	0.651451	20	20	480	37.5	0	0.754118
21.066	32	1	2.385686	10	10	480	79.166667	0.990099	0.754118
21.066	32	2	0.651451	20	20	480	37.5	0	0.754118
21.066	33	1	2.385686	10	10	480	79.166667	0.990099	0.754118
21.066	33	2	0.651451	20	20	480	37.5	0	0.754118
21.066	34	1	2.385686	10	10	480	79.166667	0.990099	0.754118
21.066	34	2	0.651451	20	20	480	37.5	0	0.754118
21.066	35	1	2.385686	10	10	480	79.166667	0.990099	0.754118
21.066	35	2	0.651451	20	20	480	37.5	0	0.754118
21.066	36	1	2.385686	10	10	480	79.166667	0.990099	0.754118
21.066	36	2	0.651451	20	20	480	37.5	0	0.754118
21.066	37	1	2.385686	10	10	480	79.166667	0.990099	0.754118
21.066	37	2	0.651451	20	20	480	37.5	0	0.754118
21.066	38	1	2.385686	10	10	480	79.166667	0.990099	0.754118
21.066	38	2	0.651451	20	20	480	37.5	0	0.754118
21.066	39	1	2.385686	10	10	480	79.166667	0.990099	0.754118
21.066	39	2	0.651451	20	20	480	37.5	0	0.754118
21.066	40	1	2.385686	10	10	480	79.166667	0.990099	0.754118
21.066	40	2	0.651451	20	20	480	37.5	0	0.754118
21.066	41	1	2.385686	10	10	480	79.166667	0.990099	0.754118
21.066	41	2	0.651451	20	20	480	37.5	0	0.754118
21.066	42	1	2.385686	10	10	480	79.166667	0.990099	0.754118
21.066	42	2	0.651451	20	20	480	37.5	0	0.754118
21.066	43	1	2.385686	10	10	480	79.166667	0.990099	0.754118
21.066	43	2	0.651451	20	20	480	37.5	0	0.754118
21.066	44	1	2.385686	10	10	480	79.166667	0.990099	0.754118
21.066	44	2	0.651451	20	20	480	37.5	0	0.754118
21.066	45	1	2.385686	10	10	480	79.166667	0.990099	0.754118
21.066	45	2	0.651451	20	20	480	37.5	0	0.754118
21.066	46	1	2.385686	10	10	480	79.166667	0.990099	0.754118
21.066	46	2	0.651451	20	20	480	37.5	0	0.754118
21.066	47	1	2.385686	10	10	480	79.166667	0.990099	0.754118
21.066	47	2	0.651451	20	20	480	37.5	0	0.754118
21.066	48	1	2.385686	10	10	480	79.166667	0.990099	0.754118
21.066	48	2	0.651451	20	20	480	37.5	0	0.754118
21.066	49	1	2.385686	10	10	480	79.166667	0.990099	0.754118
21.066	49	2	0.651451	20	20	480	37.5	0	0.754118
21.066	50	1	2.385686	10	10	480	79.166667	0.990099	0.754118
21.066	50	2	0.651451	20	20	480	37.5	0	0.754118
21.066	51	1	2.385686	10	10	480	79.166667	0.990099	0.754118
21.066	51	2	0.651451	20	20	480	37.5	0	0.754118
21.066	52	1	2.385686	10	10	480	79.166667	0.990099	0.754118
21.066	52	2	0.651451	20	20	480	37.5	0	0.754118
21.066	53	1	2.385686	10	10	480	79.166667	0.990099	0.754118
21.066	53	2	0.651451	20	20	480	37.5	0	0.754118
21.066	54	1	2.385686	10	10	480	79.166667	0.990099	0.754118
21.066	54	2	0.651451	20	20	480	37.5	0	0.754118
21.066	55	1	2.385686	10	10	480	79.166667	0.990099	0.754118
21.066	55	2	0.651451	20	20	480	37.5	0	0.754118
21.066	56	1	2.385686	10	10	480	79.166667	0.990099	0.754118
21.066	56	2	0.651451	20	20	480	37.5	0	0.754118
21.066	57	1	2.385686	10	10	480	79.166667	0.990099	0.754118
21.066	57	2	0.651451	20	20	480	37.5	0	0.754118
21.066	58	1	2.385686	10	10	480	79.166667	0.990099	0.754118
21.066	58	2	0.651451	20	20	480	37.5	0	0.754118
21.066	59	1	2.385686	10	10	480	79.166667	0.990099	0.754118
21.066	59	2	0.651451	20	20	480	37.5	0	0.754118
21.066	60	1	2.385686	10	10	480	79.166667	0.990099	0.754118
21.066	60	2	0.651451	20	20	480	37.5	0	0.754118
21.066	61	1	2.385686	10	10	480	79.166667	0.990099	0.754118
21.066	61	2	0.651451	20	20	480	37.5	0	0.754118
21.066	62	1	2.385686	10	10	480	79.166667	0.990099	0.754118
21.066	62	2	0.651451	20	20	480	37.5	0	0.754118
21.066	63	1	2.385686	10	10	480	79.166667	0.990099	0.754118
21.066	63	2	0.651451	20	20	480	37.5	0	0.754118
21.066	64	1	2.385686	10	10	480	79.166667	0.990099	0.754118
21.066	64	2	0.651451	20	20	480	37.5	0	0.754118
21.066	65	1	2.385686	10	10	480	79.166667	0.990099	0.754118
21.066	65	2	0.651451	20	20	480	37.5	0	0.754118
21.569	0	1	2.266402	10	10	456	79.166667	1.041667	0.754118
21.569	0	2	0.618879	20	20	456	37.5	0	0.754118
21.569	1	1	2.266402	10	10	456	79.166667	1.041667	0.754118
21.569	1	2	0.618879	20	20	456	37.5	0	0.754118
21.569	2	1	2.266402	10	10	456	79.166667	1.041667	0.754118
21.569	2	2	0.618879	20	20	456	37.5	0	0.754118
21.569	3	1	2.266402	10	10	456	79.166667	1.041667	0.754118
21.569	3	2	0.618879	20	20	456	37.5	0	0.754118
21.569	4	1	2.266402	10	10	456	79.166667	1.041667	0.754118
21.569	4	2	0.618879	20	20	456	37.5	0	0.754118
21.569	5	1	2.266402	10	10	456	79.166667	1.041667	0.754118
21.569	5	2	0.618879	20	20	456	37.5	0	0.754118
21.569	6	1	2.266402	10	10	456	79.166667	1.041667	0.754118
21.569	6	2	0.618879	20	20	456	37.5	0	0.754118
21.569	7	1	2.266402	10	10	456	79.166667	1.041667	0.754118
21.569	7	2	0.618879	20	20	456	37.5	0	0.754118
21.569	8	1	2.266402	10	10	456	79.166667	1.041667	0.754118
21.569	8	2	0.618879	20	20	456	37.5	0	0.754118
21.569	9	1	2.266402	10	10	456	79.166667	1.041667	0.754118
21.569	9	2	0.618879	20	20	456	37.5	0	0.754118
21.569	10	1	2.266402	10	10	456	79.166667	1.041667	0.754118
21.569	10	2	0.618879	20	20	456	37.5	0	0.754118
21.569	11	1	2.266402	10	10	456	79.166667	1.041667	0.754118
21.569	11	2	0.618879	20	20	456	37.5	0	0.754118
21.569	12	1	2.266402	10	10	456	79.166667	1.041667	0.754118
21.569	12	2	0.618879	20	20	456	37.5	0	0.754118
21.569	13	1	2.266402	10	10	456	79.166667	1.041667	0.754118
21.569	13	2	0.618879	20	20	456	37.5	0	0.754118
21.569	14	1	2.266402	10	10	456	79.166667	1.041667	0.754118
21.569	14	2	0.618879	20	20	456	37.5	0	0.754118
21.569	15	1	2.266402	10	10	456	79.166667	1.041667	0.754118
21.569	15	2	0.618879	20	20	456	37.5	0	0.754118
21.569	16	1	2.266402	10	10	456	79.166667	1.041667	0.754118
21.569	16	2	0.618879	20	20	456	37.5	0	0.754118
21.569	17	1	2.266402	10	10	456	79.166667	1.041667	0.754118
21.569	17	2	0.618879	20	20	456	37.5	0	0.754118
21.569	18	1	2.266402	10	10	456	79.166667	1.041667	0.754118
21.569	18	2	0.618879	20	20	456	37.5	0	0.754118
21.569	19	1	2.266402	10	10	456	79.166667	1.041667	0.754118
21.569	19	2	0.618879	20	20	456	37.5	0	0.754118
21.569	20	1	2.266402	10	10	456	79.166667	1.041667	0.754118
21.569	20	2	0.618879	20	20	456	37.5	0	0.754118
21.569	21	1	2.266402	10	10	456	79.166667	1.041667	0.754118
21.569	21	2	0.618879	20	20	456	37.5	0	0.754118
21.569	22	1	2.266402	10	10	456	79.166667	1.041667	0.754118
21.569	22	2	0.618879	20	20	456	37.5	0	0.754118
21.569	23	1	2.266402	10	10	456	79.166667	1.041667	0.754118
21.569	23	2	0.618879	20	20	456	37.5	0	0.754118
21.569	24	1	2.266402	10	10	456	79.166667	1.041667	0.754118
21.569	24	2	0.618879	20	20	456	37.5	0	0.754118
21.569	25	1	2.266402	10	10	456	79.166667	1.041667	0.754118
21.569	25	2	0.618879	20	20	456	37.5	0	0.754118
21.569	26	1	2.266402	10	10	456	79.166667	1.041667	0.754118
21.569	26	2	0.618879	20	20	456	37.5	0	0.754118
21.569	27	1	2.266402	10	10	456	79.166667	1.041667	0.754118
21.569	27	2	0.618879	20	20	456	37.5	0	0.754118
21.569	28	1	2.266402	10	10	456	79.166667	1.041667	0.754118
21.569	28	2	0.618879	20	20	456	37.5	0	0.754118
21.569	29	1	2.266402	10	10	456	79.166667	1.041667	0.754118
21.569	29	2	0.618879	20	20	456	37.5	0	0.754118
21.569	30	1	2.266402	10	10	456	79.166667	1.041667	0.754118
21.569	30	2	0.618879	20	20	456	37.5	0	0.754118
21.569	31	1	2.266402	10	10	456	79.166667	1.041667	0.754118
21.569	31	2	0.618879	20	20	456	37.5	0	0.754118
21.569	32	1	2.266402	10	10	456	79.166667	1.041667	0.754118
21.569	32	2	0.618879	20	20	456	37.5	0	0.754118
21.569	33	1	2.266402	10	10	456	79.166667	1.041667	0.754118
21.569	33	2	0.618879	20	20	456	37.5	0	0.754118
21.569	34	1	2.266402	10	10	456	79.166667	1.041667	0.754118
21.569	34	2	0.618879	20	20	456	37.5	0	0.754118
21.569	35	1	2.266402	10	10	456	79.166667	1.041667	0.754118
21.569	35	2	0.618879	20	20	456	37.5	0	0.754118
21.569	36	1	2.266402	10	10	456	79.166667	1.041667	0.754118
21.569	36	2	0.618879	20	20	456	37.5	0	0.754118
21.569	37	1	2.266402	10	10	456	79.166667	1.041667	0.754118
21.569	37	2	0.618879	20	20	456	37.5	0	0.754118
21.569	38	1	2.266402	10	10	456	79.166667	1.041667	0.754118
21.569	38	2	0.618879	20	20	456	37.5	0	0.754118
21.569	39	1	2.266402	10	10	456	79.166667	1.041667	0.754118
21.569	39	2	0.618879	20	20	456	37.5	0	0.754118
21.569	40	1	2.266402	10	10	456	79.166667	1.041667	0.754118
21.569	40	2	0.618879	20	20	456	37.5	0	0.754118
21.569	41	1	2.266402	10	10	456	79.166667	1.041667	0.754118
21.569	41	2	0.618879	20	20	456	37.5	0	0.754118
21.569	42	1	2.266402	10	10	456	79.166667	1.041667	0.754118
21.569	42	2	0.618879	20	20	456	37.5	0	0.754118
21.569	43	1	2.266402	10	10	456	79.166667	1.041667	0.754118
21.569	43	2	0.618879	20	20	456	37.5	0	0.754118
21.569	44	1	2.266402	10	10	456	79.166667	1.041667	0.754118
21.569	44	2	0.618879	20	20	456	37.5	0	0.754118
21.569	45	1	2.266402	10	10	456	79.166667	1.041667	0.754118
21.569	45	2	0.618879	20	20	456	37.5	0	0.754118
21.569	46	1	2.266402	10	10	456	79.166667	1.041667	0.754118
21.569	46	2	0.618879	20	20	456	37.5	0	0.754118
21.569	47	1	2.266402	10	10	456	79.166667	1.041667	0.754118
21.569	47	2	0.618879	20	20	456	37.5	0	0.754118
21.569	48	1	2.266402	10	10	456	79.166667	1.041667	0.754118
21.569	48	2	0.618879	20	20	456	37.5	0	0.754118
21.569	49	1	2.266402	10	10	456	79.166667	1.041667	0.754118
21.569	49	2	0.618879	20	20	456	37.5	0	0.754118
21.569	50	1	2.266402	10	10	456	79.166667	1.041667	0.754118
21.569	50	2	0.618879	20	20	456	37.5	0	0.754118
21.569	51	1	2.266402	10	10	456	79.166667	1.041667	0.754118
21.569	51	2	0.618879	20	20	456	37.5	0	0.754118
21.569	52	1	2.266402	10	10	456	79.166667	1.041667	0.754118
21.569	52	2	0.618879	20	20	456	37.5	0	0.754118
21.569	53	1	2.266402	10	10	456	79.166667	1.041667	0.754118
21.569	53	2	0.618879	20	20	456	37.5	0	0.754118
21.569	54	1	2.266402	10	10	456	79.166667	1.041667	0.754118
21.569	54	2	0.618879	20	20	456	37.5	0	0.754118
21.569	55	1	2.266402	10	10	456	79.166667	1.041667	0.754118
21.569	55	2	0.618879	20	20	456	37.5	0	0.754118
21.569	56	1	2.266402	10	10	456	79.166667	1.041667	0.754118
21.569	56	2	0.618879	20	20	456	37.5	0	0.754118
21.569	57	1	2.266402	10	10	456	79.166667	1.041667	0.754118
21.569	57	2	0.618879	20	20	456	37.5	0	0.754118
21.569	58	1	2.266402	10	10	456	79.166667	1.041667	0.754118
21.569	58	2	0.618879	20	20	456	37.5	0	0.754118
21.569	59	1	2.266402	10	10	456	79.166667	1.041667	0.754118
21.569	59	2	0.618879	20	20	456	37.5	0	0.754118
21.569	60	1	2.266402	10	10	456	79.166667	1.041667	0.754118
21.569	60	2	0.618879	20	20	456	37.5	0	0.754118
21.569	61	1	2.266402	10	10	456	79.166667	1.041667	0.754118
21.569	61	2	0.618879	20	20	456	37.5	0	0.754118
21.569	62	1	2.266402	10	10	456	79.166667	1.041667	0.754118
21.569	62	2	0.618879	20	20	456	37.5	0	0.754118
21.569	63	1	2.266402	10	10	456	79.166667	1.041667	0.754118
21.569	63	2	0.618879	20	20	456	37.5	0	0.754118
21.569	64	1	2.266402	10	10	456	79.166667	1.041667	0.754118
21.569	64	2	0.618879	20	20	456	37.5	0	0.754118
21.569	65	1	2.266402	10	10	456	79.166667	1.041667	0.754118
21.569	65	2	0.618879	20	20	456	37.5	0	0.754118
22.072	0	1	2.266402	10	10	456	79.166667	1.041667	0.754118
22.072	0	2	0.618879	20	20	456	37.5	0	0.754118
22.072	1	1	2.266402	10	10	456	79.166667	1.041667	0.754118
22.072	1	2	0.618879	20	20	456	37.5	0	0.754118
22.072	2	1	2.266402	10	10	456	79.166667	1.041667	0.754118
22.072	2	2	0.618879	20	20	456	37.5	0	0.754118
22.072	3	1	2.266402	10	10	456	79.166667	1.041667	0.754118
22.072	3	2	0.618879	20	20	456	37.5	0	0.754118
22.072	4	1	2.266402	10	10	456	79.166667	1.041667	0.754118
22.072	4	2	0.618879	20	20	456	37.5	0	0.754118
22.072	5	1	2.266402	10	10	456	79.166667	1.041667	0.754118
22.072	5	2	0.618879	20	20	456	37.5	0	0.754118
22.072	6	1	2.266402	10	10	456	79.166667	1.041667	0.754118
22.072	6	2	0.618879	20	20	456	37.5	0	0.754118
22.072	7	1	2.266402	10	10	456	79.166667	1.041667	0.754118
22.072	7	2	0.618879	20	20	456	37.5	0	0.754118
22.072	8	1	2.266402	10	10	456	79.166667	1.041667	0.754118
22.072	8	2	0.618879	20	20	456	37.5	0	0.754118
22.072	9	1	2.266402	10	10	456	79.166667	1.041667	0.754118
22.072	9	2	0.618879	20	20	456	37.5	0	0.754118
22.072	10	1	2.266402	10	10	456	79.166667	1.041667	0.754118
22.072	10	2	0.618879	20	20	456	37.5	0	0.754118
22.072	11	1	2.266402	10	10	456	79.166667	1.041667	0.754118
22.072	11	2	0.618879	20	20	456	37.5	0	0.754118
22.072	12	1	2.266402	10	10	456	79.166667	1.041667	0.754118
22.072	12	2	0.618879	20	20	456	37.5	0	0.754118
22.072	13	1	2.266402	10	10	456	79.166667	1.041667	0.754118
22.072	13	2	0.618879	20	20	456	37.5	0	0.754118
22.072	14	1	2.266402	10	10	456	79.166667	1.041667	0.754118
22.072	14	2	0.618879	20	20	456	37.5	0	0.754118
22.072	15	1	2.266402	10	10	456	79.166667	1.041667	0.754118
22.072	15	2	0.618879	20	20	456	37.5	0	0.754118
22.072	16	1	2.266402	10	10	456	79.166667	1.041667	0.754118
22.072	16	2	0.618879	20	20	456	37.5	0	0.754118
22.072	17	1	2.266402	10	10	456	79.166667	1.041667	0.754118
22.072	17	2	0.618879	20	20	456	37.5	0	0.754118
22.072	18	1	2.266402	10	10	456	79.166667	1.041667	0.754118
22.072	18	2	0.618879	20	20	456	37.5	0	0.754118
22.072	19	1	2.266402	10	10	456	79.166667	1.041667	0.754118
22.072	19	2	0.618879	20	20	456	37.5	0	0.754118
22.072	20	1	2.266402	10	10	456	79.166667	1.041667	0.754118
22.072	20	2	0.618879	20	20	456	37.5	0	0.754118
22.072	21	1	2.266402	10	10	456	79.166667	1.041667	0.754118
22.072	21	2	0.618879	20	20	456	37.5	0	0.754118
22.072	22	1	2.266402	10	10	456	79.166667	1.041667	0.754118
22.072	22	2	0.618879	20	20	456	37.5	0	0.754118
22.072	23	1	2.266402	10	10	456	79.166667	1.041667	0.754118
22.072	23	2	0.618879	20	20	456	37.5	0	0.754118
22.072	24	1	2.266402	10	10	456	79.166667	1.041667	0.754118
22.072	24	2	0.618879	20	20	456	37.5	0	0.754118
22.072	25	1	2.266402	10	10	456	79.166667	1.041667	0.754118
22.072	25	2	0.618879	20	20	456	37.5	0	0.754118
22.072	26	1	2.266402	10	10	456	79.166667	1.041667	0.754118
22.072	26	2	0.618879	20	20	456	37.5	0	0.754118
22.072	27	1	2.266402	10	10	456	79.166667	1.041667	0.754118
22.072	27	2	0.618879	20	20	456	37.5	0	0.754118
22.072	28	1	2.266402	10	10	456	79.166667	1.041667	0.754118
22.072	28	2	0.618879	20	20	456	37.5	0	0.754118
22.072	29	1	2.266402	10	10	456	79.166667	1.041667	0.754118
22.072	29	2	0.618879	20	20	456	37.5	0	0.754118
22.072	30	1	2.266402	10	10	456	79.166667	1.041667	0.754118
22.072	30	2	0.618879	20	20	456	37.5	0	0.754118
22.072	31	1	2.266402	10	10	456	79.166667	1.041667	0.754118
22.072	31	2	0.618879	20	20	456	37.5	0	0.754118
22.072	32	1	2.266402	10	10	456	79.166667	1.041667	0.754118
22.072	32	2	0.618879	20	20	456	37.5	0	0.754118
22.072	33	1	2.266402	10	10	456	79.166667	1.041667	0.754118
22.072	33	2	0.618879	20	20	456	37.5	0	0.754118
22.072	34	1	2.266402	10	10	456	79.166667	1.041667	0.754118
22.072	34	2	0.618879	20	20	456	37.5	0	0.754118
22.072	35	1	2.266402	10	10	456	79.166667	1.041667	0.754118
22.072	35	2	0.618879	20	20	456	37.5	0	0.754118
22.072	36	1	2.266402	10	10	456	79.166667	1.041667	0.754118
22.072	36	2	0.618879	20	20	456	37.5	0	0.754118
22.072	37	1	2.266402	10	10	456	79.166667	1.041667	0.754118
22.072	37	2	0.618879	20	20	456	37.5	0	0.754118
22.072	38	1	2.266402	10	10	456	79.166667	1.041667	0.754118
22.072	38	2	0.618879	20	20	456	37.5	0	0.754118
22.072	39	1	2.266402	10	10	456	79.166667	1.041667	0.754118
22.072	39	2	0.618879	20	20	456	37.5	0	0.754118
22.072	40	1	2.266402	10	10	456	79.166667	1.041667	0.754118
22.072	40	2	0.618879	20	20	456	37.5	0	0.754118
22.072	41	1	2.266402	10	10	456	79.166667	1.041667	0.754118
22.072	41	2	0.618879	20	20	456	37.5	0	0.754118
22.072	42	1	2.266402	10	10	456	79.166667	1.041667	0.754118
22.072	42	2	0.618879	20	20	456	37.5	0	0.754118
22.072	43	1	2.266402	10	10	456	79.166667	1.041667	0.754118
22.072	43	2	0.618879	20	20	456	37.5	0	0.754118
22.072	44	1	2.266402	10	10	456	79.166667	1.041667	0.754118
22.072	44	2	0.618879	20	20	456	37.5	0	0.754118
22.072	45	1	2.266402	10	10	456	79.166667	1.041667	0.754118
22.072	45	2	0.618879	20	20	456	37.5	0	0.754118
22.072	46	1	2.266402	10	10	456	79.166667	1.041667	0.754118
22.072	46	2	0.618879	20	20	456	37.5	0	0.754118
22.072	47	1	2.266402	10	10	456	79.166667	1.041667	0.754118
22.072	47	2	0.618879	20	20	456	37.5	0	0.754118
22.072	48	1	2.266402	10	10	456	79.166667	1.041667	0.754118
22.072	48	2	0.618879	20	20	456	37.5	0	0.754118
22.072	49	1	2.266402	10	10	456	79.166667	1.041667	0.754118
22.072	49	2	0.618879	20	20	456	37.5	0	0.754118
22.072	50	1	2.266402	10	10	456	79.166667	1.041667	0.754118
22.072	50	2	0.618879	20	20	456	37.5	0	0.754118
22.072	51	1	2.266402	10	10	456	79.166667	1.041667	0.754118
22.072	51	2	0.618879	20	20	456	37.5	0	0.754118
22.072	52	1	2.266402	10	10	456	79.166667	1.041667	0.754118
22.072	52	2	0.618879	20	20	456	37.5	0	0.754118
22.072	53	1	2.266402	10	10	456	79.166667	1.041667	0.754118
22.072	53	2	0.618879	20	20	456	37.5	0	0.754118
22.072	54	1	2.266402	10	10	456	79.166667	1.041667	0.754118
22.072	54	2	0.618879	20	20	456	37.5	0	0.754118
22.072	55	1	2.266402	10	10	456	79.166667	1.041667	0.754118
22.072	55	2	0.618879	20	20	456	37.5	0	0.754118
22.072	56	1	2.266402	10	10	456	79.166667	1.041667	0.754118
22.072	56	2	0.618879	20	20	456	37.5	0	0.754118
22.072	57	1	2.266402	10	10	456	79.166667	1.041667	0.754118
22.072	57	2	0.618879	20	20	456	37.5	0	0.754118
22.072	58	1	2.266402	10	10	456	79.166667	1.041667	0.754118
22.072	58	2	0.618879	20	20	456	37.5	0	0.754118
22.072	59	1	2.266402	10	10	456	79.166667	1.041667	0.754118
22.072	59	2	0.618879	20	20	456	37.5	0	0.754118
22.072	60	1	2.266402	10	10	456	79.166667	1.041667	0.754118
22.072	60	2	0.618879	20	20	456	37.5	0	0.754118
22.072	61	1	2.266402	10	10	456	79.166667	1.041667	0.754118
22.072	61	2	0.618879	20	20	456	37.5	0	0.754118
22.072	62	1	2.266402	10	10	456	79.166667	1.041667	0.754118
22.072	62	2	0.618879	20	20	456	37.5	0	0.754118
22.072	63	1	2.266402	10	10	456	79.166667	1.041667	0.754118
22.072	63	2	0.618879	20	20	456	37.5	0	0.754118
22.072	64	1	2.266402	10	10	456	79.166667	1.041667	0.754118
22.072	64	2	0.618879	20	20	456	37.5	0	0.754118
22.072	65	1	2.266402	10	10	456	79.166667	1.041667	0.754118
22.072	65	2	0.618879	20	20	456	37.5	0	0.754118
22.575	0	1	2.385686	10	10	480	79.166667	0.990099	0.754118
22.575	0	2	0.651451	20	20	480	37.5	0	0.754118
22.575	1	1	2.385686	10	10	480	79.166667	0.990099	0.754118
22.575	1	2	0.651451	20	20	480	37.5	0	0.754118
22.575	2	1	2.385686	10	10	480	79.166667	0.990099	0.754118
22.575	2	2	0.651451	20	20	480	37.5	0	0.754118
22.575	3	1	2.385686	10	10	480	79.166667	0.990099	0.754118
22.575	3	2	0.651451	20	20	480	37.5	0	0.754118
22.575	4	1	2.385686	10	10	480	79.166667	0.990099	0.754118
22.575	4	2	0.651451	20	20	480	37.5	0	0.754118
22.575	5	1	2.385686	10	10	480	79.166667	0.990099	0.754118
22.575	5	2	0.651451	20	20	480	37.5	0	0.754118
22.575	6	1	2.385686	10	10	480	79.166667	0.990099	0.754118
22.575	6	2	0.651451	20	20	480	37.5	0	0.754118
22.575	7	1	2.385686	10	10	480	79.166667	0.990099	0.754118
22.575	7	2	0.651451	20	20	480	37.5	0	0.754118
22.575	8	1	2.385686	10	10	480	79.166667	0.990099	0.754118
22.575	8	2	0.651451	20	20	480	37.5	0	0.754118
22.575	9	1	2.385686	10	10	480	79.166667	0.990099	0.754118
22.575	9	2	0.651451	20	20	480	37.5	0	0.754118
22.575	10	1	2.385686	10	10	480	79.166667	0.990099	0.754118
22.575	10	2	0.651451	20	20	480	37.5	0	0.754118
22.575	11	1	2.385686	10	10	480	79.166667	0.990099	0.754118
22.575	11	2	0.651451	20	20	480	37.5	0	0.754118
22.575	12	1	2.385686	10	10	480	79.166667	0.990099	0.754118
22.575	12	2	0.651451	20	20	480	37.5	0	0.754118
22.575	13	1	2.385686	10	10	480	79.166667	0.990099	0.754118
22.575	13	2	0.651451	20	20	480	37.5	0	0.754118
22.575	14	1	2.385686	10	10	480	79.166667	0.990099	0.754118
22.575	14	2	0.651451	20	20	480	37.5	0	0.754118
22.575	15	1	2.385686	10	10	480	79.166667	0.990099	0.754118
22.575	15	2	0.651451	20	20	480	37.5	0	0.754118
22.575	16	1	2.385686	10	10	480	79.166667	0.990099	0.754118
22.575	16	2	0.651451	20	20	480	37.5	0	0.754118
22.575	17	1	2.385686	10	10	480	79.166667	0.990099	0.754118
22.575	17	2	0.651451	20	20	480	37.5	0	0.754118
22.575	18	1	2.385686	10	10	480	79.166667	0.990099	0.754118
22.575	18	2	0.651451	20	20	480	37.5	0	0.754118
22.575	19	1	2.385686	10	10	480	79.166667	0.990099	0.754118
22.575	19	2	0.651451	20	20	480	37.5	0	0.754118
22.575	20	1	2.385686	10	10	480	79.166667	0.990099	0.754118
22.575	20	2	0.651451	20	20	480	37.5	0	0.754118
22.575	21	1	2.385686	10	10	480	79.166667	0.990099	0.754118
22.575	21	2	0.651451	20	20	480	37.5	0	0.754118
22.575	22	1	2.385686	10	10	480	79.166667	0.990099	0.754118
22.575	22	2	0.651451	20	20	480	37.5	0	0.754118
22.575	23	1	2.385686	10	10	480	79.166667	0.990099	0.754118
22.575	23	2	0.651451	20	20	480	37.5	0	0.754118
22.575	24	1	2.385686	10	10	480	79.166667	0.990099	0.754118
22.575	24	2	0.651451	20	20	480	37.5	0	0.754118
22.575	25	1	2.385686	10	10	480	79.166667	0.990099	0.754118
22.575	25	2	0.651451	20	20	480	37.5	0	0.754118
22.575	26	1	2.385686	10	10	480	79.166667	0.990099	0.754118
22.575	26	2	0.651451	20	20	480	37.5	0	0.754118
22.575	27	1	2.385686	10	10	480	79.166667	0.990099	0.754118
22.575	27	2	0.651451	20	20	480	37.5	0	0.754118
22.575	28	1	2.385686	10	10	480	79.166667	0.990099	0.754118
22.575	28	2	0.651451	20	20	480	37.5	0	0.754118
22.575	29	1	2.385686	10	10	480	79.166667	0.990099	0.754118
22.575	29	2	0.651451	20	20	480	37.5	0	0.754118
22.575	30	1	2.385686	10	10	480	79.166667	0.990099	0.754118
22.575	30	2	0.651451	20	20	480	37.5	0	0.754118
22.575	31	1	2.385686	10	10	480	79.166667	0.990099	0.754118
22.575	31	2	0.651451	20	20	480	37.5	0	0.754118
22.575	32	1	2.385686	10	10	480	79.166667	0.990099	0.754118
22.575	32	2	0.651451	20	20	480	37.5	0	0.754118
22.575	33	1	2.385686	10	10	480	79.166667	0.990099	0.754118
22.575	33	2	0.651451	20	20	480	37.5	0	0.754118
22.575	34	1	2.385686	10	10	480	79.166667	0.990099	0.754118
22.575	34	2	0.651451	20	20	480	37.5	0	0.754118
22.575	35	1	2.385686	10	10	480	79.166667	0.990099	0.754118
22.575	35	2	0.651451	20	20	480	37.5	0	0.754118
22.575	36	1	2.385686	10	10	480	79.166667	0.990099	0.754118
22.575	36	2	0.651451	20	20	480	37.5	0	0.754118
22.575	37	1	2.385686	10	10	480	79.166667	0.990099	0.754118
22.575	37	2	0.651451	20	20	480	37.5	0	0.754118
22.575	38	1	2.385686	10	10	480	79.166667	0.990099	0.754118
22.575	38	2	0.651451	20	20	480	37.5	0	0.754118
22.575	39	1	2.385686	10	10	480	79.166667	0.990099	0.754118
22.575	39	2	0.651451	20	20	480	37.5	0	0.754118
22.575	40	1	2.385686	10	10	480	79.166667	0.990099	0.754118
22.575	40	2	0.651451	20	20	480	37.5	0	0.754118
22.575	41	1	2.385686	10	10	480	79.166667	0.990099	0.754118
22.575	41	2	0.651451	20	20	480	37.5	0	0.754118
22.575	42	1	2.385686	10	10	480	79.166667	0.990099	0.754118
22.575	42	2	0.651451	20	20	480	37.5	0	0.754118
22.575	43	1	2.385686	10	10	480	79.166667	0.990099	0.754118
22.575	43	2	0.651451	20	20	480	37.5	0	0.754118
22.575	44	1	2.385686	10	10	480	79.166667	0.990099	0.754118
22.575	44	2	0.651451	20	20	480	37.5	0	0.754118
22.575	45	1	2.385686	10	10	480	79.166667	0.990099	0.754118
22.575	45	2	0.651451	20	20	480	37.5	0	0.754118
22.575	46	1	2.385686	10	10	480	79.166667	0.990099	0.754118
22.575	46	2	0.651451	20	20	480	37.5	0	0.754118
22.575	47	1	2.385686	10	10	480	79.166667	0.990099	0.754118
22.575	47	2	0.651451	20	20	480	37.5	0	0.754118
22.575	48	1	2.385686	10	10	480	79.166667	0.990099	0.754118
22.575	48	2	0.651451	20	20	480	37.5	0	0.754118
22.575	49	1	2.385686	10	10	480	79.166667	0.990099	0.754118
22.575	49	2	0.651451	20	20	480	37.5	0	0.754118
22.575	50	1	2.385686	10	10	480	79.166667	0.990099	0.754118
22.575	50	2	0.651451	20	20	480	37.5	0	0.754118
22.575	51	1	2.385686	10	10	480	79.166667	0.990099	0.754118
22.575	51	2	0.651451	20	20	480	37.5	0	0.754118
22.575	52	1	2.385686	10	10	480	79.166667	0.990099	0.754118
22.575	52	2	0.651451	20	20	480	37.5	0	0.754118
22.575	53	1	2.385686	10	10	480	79.166667	0.990099	0.754118
22.575	53	2	0.651451	20	20	480	37.5	0	0.754118
22.575	54	1	2.385686	10	10	480	79.166667	0.990099	0.754118
22.575	54	2	0.651451	20	20	480	37.5	0	0.754118
22.575	55	1	2.385686	10	10	480	79.166667	0.990099	0.754118
22.575	55	2	0.651451	20	20	480	37.5	0	0.754118
22.575	56	1	2.385686	10	10	480	79.166667	0.990099	0.754118
22.575	56	2	0.651451	20	20	480	37.5	0	0.754118
22.575	57	1	2.385686	10	10	480	79.166667	0.990099	0.754118
22.575	57	2	0.651451	20	20	480	37.5	0	0.754118
22.575	58	1	2.385686	10	10	480	79.166667	0.990099	0.754118
22.575	58	2	0.651451	20	20	480	37.5	0	0.754118
22.575	59	1	2.385686	10	10	480	79.166667	0.990099	0.754118
22.575	59	2	0.651451	20	20	480	37.5	0	0.754118
22.575	60	1	2.385686	10	10	480	79.166667	0.990099	0.754118
22.575	60	2	0.651451	20	20	480	37.5	0	0.754118
22.575	61	1	2.385686	10	10	480	79.166667	0.990099	0.754118
22.575	61	2	0.651451	20	20	480	37.5	0	0.754118
22.575	62	1	2.385686	10	10	480	79.166667	0.990099	0.754118
22.575	62	2	0.651451	20	20	480	37.5	0	0.754118
22.575	63	1	2.385686	10	10	480	79.166667	0.990099	0.754118
22.575	63	2	0.651451	20	20	480	37.5	0	0.754118
22.575	64	1	2.385686	10	10	480	79.166667	0.990099	0.754118
22.575	64	2	0.651451	20	20	480	37.5	0	0.754118
22.575	65	1	2.385686	10	10	480	79.166667	0.990099	0.754118
22.575	65	2	0.651451	20	20	480	37.5	0	0.754118
23.078	0	1	2.266402	10	10	456	79.166667	1.041667	0.754118
23.078	0	2	0.618879	20	20	456	37.5	0	0.754118
23.078	1	1	2.266402	10	10	456	79.166667	1.041667	0.754118
23.078	1	2	0.618879	20	20	456	37.5	0	0.754118
23.078	2	1	2.266402	10	10	456	79.166667	1.041667	0.754118
23.078	2	2	0.618879	20	20	456	37.5	0	0.754118
23.078	3	1	2.266402	10	10	456	79.166667	1.041667	0.754118
23.078	3	2	0.618879	20	20	456	37.5	0	0.754118
23.078	4	1	2.266402	10	10	456	79.166667	1.041667	0.754118
23.078	4	2	0.618879	20	20	456	37.5	0	0.754118
23.078	5	1	2.266402	10	10	456	79.166667	1.041667	0.754118
23.078	5	2	0.618879	20	20	456	37.5	0	0.754118
23.078	6	1	2.266402	10	10	456	79.166667	1.041667	0.754118
23.078	6	2	0.618879	20	20	456	37.5	0	0.754118
23.078	7	1	2.266402	10	10	456	79.166667	1.041667	0.754118
23.078	7	2	0.618879	20	20	456	37.5	0	0.754118
23.078	8	1	2.266402	10	10	456	79.166667	1.041667	0.754118
23.078	8	2	0.618879	20	20	456	37.5	0	0.754118
23.078	9	1	2.266402	10	10	456	79.166667	1.041667	0.754118
23.078	9	2	0.618879	20	20	456	37.5	0	0.754118
23.078	10	1	2.266402	10	10	456	79.166667	1.041667	0.754118
23.078	10	2	0.618879	20	20	456	37.5	0	0.754118
23.078	11	1	2.266402	10	10	456	79.166667	1.041667	0.754118
23.078	11	2	0.618879	20	20	456	37.5	0	0.754118
23.078	12	1	2.266402	10	10	456	79.166667	1.041667	0.754118
23.078	12	2	0.618879	20	20	456	37.5	0	0.754118
23.078	13	1	2.266402	10	10	456	79.166667	1.041667	0.754118
23.078	13	2	0.618879	20	20	456	37.5	0	0.754118
23.078	14	1	2.266402	10	10	456	79.166667	1.041667	0.754118
23.078	14	2	0.618879	20	20	456	37.5	0	0.754118
23.078	15	1	2.266402	10	10	456	79.166667	1.041667	0.754118
23.078	15	2	0.618879	20	20	456	37.5	0	0.754118
23.078	16	1	2.266402	10	10	456	79.166667	1.041667	0.754118
23.078	16	2	0.618879	20	20	456	37.5	0	0.754118
23.078	17	1	2.266402	10	10	456	79.166667	1.041667	0.754118
23.078	17	2	0.618879	20	20	456	37.5	0	0.754118
23.078	18	1	2.266402	10	10	456	79.166667	1.041667	0.754118
23.078	18	2	0.618879	20	20	456	37.5	0	0.754118
23.078	19	1	2.266402	10	10	456	79.166667	1.041667	0.754118
23.078	19	2	0.618879	20	20	456	37.5	0	0.754118
23.078	20	1	2.266402	10	10	456	79.166667	1.041667	0.754118
23.078	20	2	0.618879	20	20	456	37.5	0	0.754118
23.078	21	1	2.266402	10	10	456	79.166667	1.041667	0.754118
23.078	21	2	0.618879	20	20	456	37.5	0	0.754118
23.078	22	1	2.266402	10	10	456	79.166667	1.041667	0.754118
23.078	22	2	0.618879	20	20	456	37.5	0	0.754118
23.078	23	1	2.266402	10	10	456	79.166667	1.041667	0.754118
23.078	23	2	0.618879	20	20	456	37.5	0	0.754118
23.078	24	1	2.266402	10	10	456	79.166667	1.041667	0.754118
23.078	24	2	0.618879	20	20	456	37.5	0	0.754118
23.078	25	1	2.266402	10	10	456	79.166667	1.041667	0.754118
23.078	25	2	0.618879	20	20	456	37.5	0	0.754118
23.078	26	1	2.266402	10	10	456	79.166667	1.041667	0.754118
23.078	26	2	0.618879	20	20	456	37.5	0	0.754118
23.078	27	1	2.266402	10	10	456	79.166667	1.041667	0.754118
23.078	27	2	0.618879	20	20	456	37.5	0	0.754118
23.078	28	1	2.266402	10	10	456	79.166667	1.041667	0.754118
23.078	28	2	0.618879	20	20	456	37.5	0	0.754118
23.078	29	1	2.266402	10	10	456	79.166667	1.041667	0.754118
23.078	29	2	0.618879	20	20	456	37.5	0	0.754118
23.078	30	1	2.266402	10	10	456	79.166667	1.041667	0.754118
23.078	30	2	0.618879	20	20	456	37.5	0	0.754118
23.078	31	1	2.266402	10	10	456	79.166667	1.041667	0.754118
23.078	31	2	0.618879	20	20	456	37.5	0	0.754118
23.078	32	1	2.266402	10	10	456	79.166667	1.041667	0.754118
23.078	32	2	0.618879	20	20	456	37.5	0	0.754118
23.078	33	1	2.266402	10	10	456	79.166667	1.041667	0.754118
23.078	33	2	0.618879	20	20	456	37.5	0	0.754118
23.078	34	1	2.266402	10	10	456	79.166667	1.041667	0.754118
23.078	34	2	0.618879	20	20	456	37.5	0	0.754118
23.078	35	1	2.266402	10	10	456	79.166667	1.041667	0.754118
23.078	35	2	0.618879	20	20	456	37.5	0	0.754118
23.078	36	1	2.266402	10	10	456	79.166667	1.041667	0.754118
23.078	36	2	0.618879	20	20	456	37.5	0	0.754118
23.078	37	1	2.266402	10	10	456	79.166667	1.041667	0.754118
23.078	37	2	0.618879	20	20	456	37.5	0	0.754118
23.078	38	1	2.266402	10	10	456	79.166667	1.041667	0.754118
23.078	38	2	0.618879	20	20	456	37.5	0	0.754118
23.078	39	1	2.266402	10	10	456	79.166667	1.041667	0.754118
23.078	39	2	0.618879	20	20	456	37.5	0	0.754118
23.078	40	1	2.266402	10	10	456	79.166667	1.041667	0.754118
23.078	40	2	0.618879	20	20	456	37.5	0	0.754118
23.078	41	1	2.266402	10	10	456	79.166667	1.041667	0.754118
23.078	41	2	0.618879	20	20	456	37.5	0	0.754118
23.078	42	1	2.266402	10	10	456	79.166667	1.041667	0.754118
23.078	42	2	0.618879	20	20	456	37.5	0	0.754118
23.078	43	1	2.266402	10	10	456	79.166667	1.041667	0.754118
23.078	43	2	0.618879	20	20	456	37.5	0	0.754118
23.078	44	1	2.266402	10	10	456	79.166667	1.041667	0.754118
23.078	44	2	0.618879	20	20	456	37.5	0	0.754118
23.078	45	1	2.266402	10	10	456	79.166667	1.041667	0.754118
23.078	45	2	0.618879	20	20	456	37.5	0	0.754118
23.078	46	1	2.266402	10	10	456	79.166667	1.041667	0.754118
23.078	46	2	0.618879	20	20	456	37.5	0	0.754118
23.078	47	1	2.266402	10	10	456	79.166667	1.041667	0.754118
23.078	47	2	0.618879	20	20	456	37.5	0	0.754118
23.078	48	1	2.266402	10	10	456	79.166667	1.041667	0.754118
23.078	48	2	0.618879	20	20	456	37.5	0	0.754118
23.078	49	1	2.266402	10	10	456	79.166667	1.041667	0.754118
23.078	49	2	0.618879	20	20	456	37.5	0	0.754118
23.078	50	1	2.266402	10	10	456	79.166667	1.041667	0.754118
23.078	50	2	0.618879	20	20	456	37.5	0	0.754118
23.078	51	1	2.266402	10	10	456	79.166667	1.041667	0.754118
23.078	51	2	0.618879	20	20	456	37.5	0	0.754118
23.078	52	1	2.266402	10	10	456	79.166667	1.041667	0.754118
23.078	52	2	0.618879	20	20	456	37.5	0	0.754118
23.078	53	1	2.266402	10	10	456	79.166667	1.041667	0.754118
23.078	53	2	0.618879	20	20	456	37.5	0	0.754118
23.078	54	1	2.266402	10	10	456	79.166667	1.041667	0.754118
23.078	54	2	0.618879	20	20	456	37.5	0	0.754118
23.078	55	1	2.266402	10	10	456	79.166667	1.041667	0.754118
23.078	55	2	0.618879	20	20	456	37.5	0	0.754118
23.078	56	1	2.266402	10	10	456	79.166667	1.041667	0.754118
23.078	56	2	0.618879	20	20	456	37.5	0	0.754118
23.078	57	1	2.266402	10	10	456	79.166667	1.041667	0.754118
23.078	57	2	0.618879	20	20	456	37.5	0	0.754118
23.078	58	1	2.266402	10	10	456	79.166667	1.041667	0.754118
23.078	58	2	0.618879	20	20	456	37.5	0	0.754118
23.078	59	1	2.266402	10	10	456	79.166667	1.041667	0.754118
23.078	59	2	0.618879	20	20	456	37.5	0	0.754118
23.078	60	1	2.266402	10	10	456	79.166667	1.041667	0.754118
23.078	60	2	0.618879	20	20	456	37.5	0	0.754118
23.078	61	1	2.266402	10	10	456	79.166667	1.041667	0.754118
23.078	61	2	0.618879	20	20	456	37.5	0	0.754118
23.078	62	1	2.266402	10	10	456	79.166667	1.041667	0.754118
23.078	62	2	0.618879	20	20	456	37.5	0	0.754118
23.078	63	1	2.266402	10	10	456	79.166667	1.041667	0.754118
23.078	63	2	0.618879	20	20	456	37.5	0	0.754118
23.078	64	1	2.266402	10	10	456	79.166667	1.041667	0.754118
23.078	64	2	0.618879	20	20	456	37.5	0	0.754118
23.078	65	1	2.266402	10	10	456	79.166667	1.041667	0.754118
23.078	65	2	0.618879	20	20	456	37.5	0	0.754118
23.581	0	1	2.266402	10	10	456	79.166667	1.041667	0.754118
23.581	0	2	0.618879	20	20	456	37.5	0	0.754118
23.581	1	1	2.266402	10	10	456	79.166667	1.041667	0.754118
23.581	1	2	0.618879	20	20	456	37.5	0	0.754118
23.581	2	1	2.266402	10	10	456	79.166667	1.041667	0.754118
23.581	2	2	0.618879	20	20	456	37.5	0	0.754118
23.581	3	1	2.266402	10	10	456	79.166667	1.041667	0.754118
23.581	3	2	0.618879	20	20	456	37.5	0	0.754118
23.581	4	1	2.266402	10	10	456	79.166667	1.041667	0.754118
23.581	4	2	0.618879	20	20	456	37.5	0	0.754118
23.581	5	1	2.266402	10	10	456	79.166667	1.041667	0.754118
23.581	5	2	0.618879	20	20	456	37.5	0	0.754118
23.581	6	1	2.266402	10	10	456	79.166667	1.041667	0.754118
23.581	6	2	0.618879	20	20	456	37.5	0	0.754118
23.581	7	1	2.266402	10	10	456	79.166667	1.041667	0.754118
23.581	7	2	0.618879	20	20	456	37.5	0	0.754118
23.581	8	1	2.266402	10	10	456	79.166667	1.041667	0.754118
23.581	8	2	0.618879	20	20	456	37.5	0	0.754118
23.581	9	1	2.266402	10	10	456	79.166667	1.041667	0.754118
23.581	9	2	0.618879	20	20	456	37.5	0	0.754118
23.581	10	1	2.266402	10	10	456	79.166667	1.041667	0.754118
23.581	10	2	0.618879	20	20	456	37.5	0	0.754118
23.581	11	1	2.266402	10	10	456	79.166667	1.041667	0.754118
23.581	11	2	0.618879	20	20	456	37.5	0	0.754118
23.581	12	1	2.266402	10	10	456	79.166667	1.041667	0.754118
23.581	12	2	0.618879	20	20	456	37.5	0	0.754118
23.581	13	1	2.266402	10	10	456	79.166667	1.041667	0.754118
23.581	13	2	0.618879	20	20	456	37.5	0	0.754118
23.581	14	1	2.266402	10	10	456	79.166667	1.041667	0.754118
23.581	14	2	0.618879	20	20	456	37.5	0	0.754118
23.581	15	1	2.266402	10	10	456	79.166667	1.041667	0.754118
23.581	15	2	0.618879	20	20	456	37.5	0	0.754118
23.581	16	1	2.266402	10	10	456	79.166667	1.041667	0.754118
23.581	16	2	0.618879	20	20	456	37.5	0	0.754118
23.581	17	1	2.266402	10	10	456	79.166667	1.041667	0.754118
23.581	17	2	0.618879	20	20	456	37.5	0	0.754118
23.581	18	1	2.266402	10	10	456	79.166667	1.041667	0.754118
23.581	18	2	0.618879	20	20	456	37.5	0	0.754118
23.581	19	1	2.266402	10	10	456	79.166667	1.041667	0.754118
23.581	19	2	0.618879	20	20	456	37.5	0	0.754118
23.581	20	1	2.266402	10	10	456	79.166667	1.041667	0.754118
23.581	20	2	0.618879	20	20	456	37.5	0	0.754118
23.581	21	1	2.266402	10	10	456	79.166667	1.041667	0.754118
23.581	21	2	0.618879	20	20	456	37.5	0	0.754118
23.581	22	1	2.266402	10	10	456	79.166667	1.041667	0.754118
23.581	22	2	0.618879	20	20	456	37.5	0	0.754118
23.581	23	1	2.266402	10	10	456	79.166667	1.041667	0.754118
23.581	23	2	0.618879	20	20	456	37.5	0	0.754118
23.581	24	1	2.266402	10	10	456	79.166667	1.041667	0.754118
23.581	24	2	0.618879	20	20	456	37.5	0	0.754118
23.581	25	1	2.266402	10	10	456	79.166667	1.041667	0.754118
23.581	25	2	0.618879	20	20	456	37.5	0	0.754118
23.581	26	1	2.266402	10	10	456	79.166667	1.041667	0.754118
23.581	26	2	0.618879	20	20	456	37.5	0	0.754118
23.581	27	1	2.266402	10	10	456	79.166667	1.041667	0.754118
23.581	27	2	0.618879	20	20	456	37.5	0	0.754118
23.581	28	1	2.266402	10	10	456	79.166667	1.041667	0.754118
23.581	28	2	0.618879	20	20	456	37.5	0	0.754118
23.581	29	1	2.266402	10	10	456	79.166667	1.041667	0.754118
23.581	29	2	0.618879	20	20	456	37.5	0	0.754118
23.581	30	1	2.266402	10	10	456	79.166667	1.041667	0.754118
23.581	30	2	0.618879	20	20	456	37.5	0	0.754118
23.581	31	1	2.266402	10	10	456	79.166667	1.041667	0.754118
23.581	31	2	0.618879	20	20	456	37.5	0	0.754118
23.581	32	1	2.266402	10	10	456	79.166667	1.041667	0.754118
23.581	32	2	0.618879	20	20	456	37.5	0	0.754118
23.581	33	1	2.266402	10	10	456	79.166667	1.041667	0.754118
23.581	33	2	0.618879	20	20	456	37.5	0	0.754118
23.581	34	1	2.266402	10	10	456	79.166667	1.041667	0.754118
23.581	34	2	0.618879	20	20	456	37.5	0	0.754118
23.581	35	1	2.266402	10	10	456	79.166667	1.041667	0.754118
23.581	35	2	0.618879	20	20	456	37.5	0	0.754118
23.581	36	1	2.266402	10	10	456	79.166667	1.041667	0.754118
23.581	36	2	0.618879	20	20	456	37.5	0	0.754118
23.581	37	1	2.266402	10	10	456	79.166667	1.041667	0.754118
23.581	37	2	0.618879	20	20	456	37.5	0	0.754118
23.581	38	1	2.266402	10	10	456	79.166667	1.041667	0.754118
23.581	38	2	0.618879	20	20	456	37.5	0	0.754118
23.581	39	1	2.266402	10	10	456	79.166667	1.041667	0.754118
23.581	39	2	0.618879	20	20	456	37.5	0	0.754118
23.581	40	1	2.266402	10	10	456	79.166667	1.041667	0.754118
23.581	40	2	0.618879	20	20	456	37.5	0	0.754118
23.581	41	1	2.266402	10	10	456	79.166667	1.041667	0.754118
23.581	41	2	0.618879	20	20	456	37.5	0	0.754118
23.581	42	1	2.266402	10	10	456	79.166667	1.041667	0.754118
23.581	42	2	0.618879	20	20	456	37.5	0	0.754118
23.581	43	1	2.266402	10	10	456	79.166667	1.041667	0.754118
23.581	43	2	0.618879	20	20	456	37.5	0	0.754118
23.581	44	1	2.266402	10	10	456	79.166667	1.041667	0.754118
23.581	44	2	0.618879	20	20	456	37.5	0	0.754118
23.581	45	1	2.266402	10	10	456	79.166667	1.041667	0.754118
23.581	45	2	0.618879	20	20	456	37.5	0	0.754118
23.581	46	1	2.266402	10	10	456	79.166667	1.041667	0.754118
23.581	46	2	0.618879	20	20	456	37.5	0	0.754118
23.581	47	1	2.266402	10	10	456	79.166667	1.041667	0.754118
23.581	47	2	0.618879	20	20	456	37.5	0	0.754118
23.581	48	1	2.266402	10	10	456	79.166667	1.041667	0.754118
23.581	48	2	0.618879	20	20	456	37.5	0	0.754118
23.581	49	1	2.266402	10	10	456	79.166667	1.041667	0.754118
23.581	49	2	0.618879	20	20	456	37.5	0	0.754118
23.581	50	1	2.266402	10	10	456	79.166667	1.041667	0.754118
23.581	50	2	0.618879	20	20	456	37.5	0	0.754118
23.581	51	1	2.266402	10	10	456	79.166667	1.041667	0.754118
23.581	51	2	0.618879	20	20	456	37.5	0	0.754118
23.581	52	1	2.266402	10	10	456	79.166667	1.041667	0.754118
23.581	52	2	0.618879	20	20	456	37.5	0	0.754118
23.581	53	1	2.266402	10	10	456	79.166667	1.041667	0.754118
23.581	53	2	0.618879	20	20	456	37.5	0	0.754118
23.581	54	1	2.266402	10	10	456	79.166667	1.041667	0.754118
23.581	54	2	0.618879	20	20	456	37.5	0	0.754118
23.581	55	1	2.266402	10	10	456	79.166667	1.041667	0.754118
23.581	55	2	0.618879	20	20	456	37.5	0	0.754118
23.581	56	1	2.266402	10	10	456	79.166667	1.041667	0.754118
23.581	56	2	0.618879	20	20	456	37.5	0	0.754118
23.581	57	1	2.266402	10	10	456	79.166667	1.041667	0.754118
23.581	57	2	0.618879	20	20	456	37.5	0	0.754118
23.581	58	1	2.266402	10	10	456	79.166667	1.041667	0.754118
23.581	58	2	0.618879	20	20	456	37.5	0	0.754118
23.581	59	1	2.266402	10	10	456	79.166667	1.041667	0.754118
23.581	59	2	0.618879	20	20	456	37.5	0	0.754118
23.581	60	1	2.266402	10	10	456	79.166667	1.041667	0.754118
23.581	60	2	0.618879	20	20	456	37.5	0	0.754118
23.581	61	1	2.266402	10	10	456	79.166667	1.041667	0.754118
23.581	61	2	0.618879	20	20	456	37.5	0	0.754118
23.581	62	1	2.266402	10	10	456	79.166667	1.041667	0.754118
23.581	62	2	0.618879	20	20	456	37.5	0	0.754118
23.581	63	1	2.266402	10	10	456	79.166667	1.041667	0.754118
23.581	63	2	0.618879	20	20	456	37.5	0	0.754118
23.581	64	1	2.266402	10	10	456	79.166667	1.041667	0.754118
23.581	64	2	0.618879	20	20	456	37.5	0	0.754118
23.581	65	1	2.266402	10	10	456	79.166667	1.041667	0.754118
23.581	65	2	0.618879	20	20	456	37.5	0	0.754118
24.084	0	1	2.385686	10	10	480	79.166667	0.990099	0.754118
24.084	0	2	0.651451	20	20	480	37.5	0	0.754118
24.084	1	1	2.385686	10	10	480	79.166667	0.990099	0.754118
24.084	1	2	0.651451	20	20	480	37.5	0	0.754118
24.084	2	1	2.385686	10	10	480	79.166667	0.990099	0.754118
24.084	2	2	0.651451	20	20	480	37.5	0	0.754118
24.084	3	1	2.385686	10	10	480	79.166667	0.990099	0.754118
24.084	3	2	0.651451	20	20	480	37.5	0	0.754118
24.084	4	1	2.385686	10	10	480	79.166667	0.990099	0.754118
24.084	4	2	0.651451	20	20	480	37.5	0	0.754118
24.084	5	1	2.385686	10	10	480	79.166667	0.990099	0.754118
24.084	5	2	0.651451	20	20	480	37.5	0	0.754118
24.084	6	1	2.385686	10	10	480	79.166667	0.990099	0.754118
24.084	6	2	0.651451	20	20	480	37.5	0	0.754118
24.084	7	1	2.385686	10	10	480	79.166667	0.990099	0.754118
24.084	7	2	0.651451	20	20	480	37.5	0	0.754118
24.084	8	1	2.385686	10	10	480	79.166667	0.990099	0.754118
24.084	8	2	0.651451	20	20	480	37.5	0	0.754118
24.084	9	1	2.385686	10	10	480	79.166667	0.990099	0.754118
24.084	9	2	0.651451	20	20	480	37.5	0	0.754118
24.084	10	1	2.385686	10	10	480	79.166667	0.990099	0.754118
24.084	10	2	0.651451	20	20	480	37.5	0	0.754118
24.084	11	1	2.385686	10	10	480	79.166667	0.990099	0.754118
24.084	11	2	0.651451	20	20	480	37.5	0	0.754118
24.084	12	1	2.385686	10	10	480	79.166667	0.990099	0.754118
24.084	12	2	0.651451	20	20	480	37.5	0	0.754118
24.084	13	1	2.385686	10	10	480	79.166667	0.990099	0.754118
24.084	13	2	0.651451	20	20	480	37.5	0	0.754118
24.084	14	1	2.385686	10	10	480	79.166667	0.990099	0.754118
24.084	14	2	0.651451	20	20	480	37.5	0	0.754118
24.084	15	1	2.385686	10	10	480	79.166667	0.990099	0.754118
24.084	15	2	0.651451	20	20	480	37.5	0	0.754118
24.084	16	1	2.385686	10	10	480	79.166667	0.990099	0.754118
24.084	16	2	0.651451	20	20	480	37.5	0	0.754118
24.084	17	1	2.385686	10	10	480	79.166667	0.990099	0.754118
24.084	17	2	0.651451	20	20	480	37.5	0	0.754118
24.084	18	1	2.385686	10	10	480	79.166667	0.990099	0.754118
24.084	18	2	0.651451	20	20	480	37.5	0	0.754118
24.084	19	1	2.385686	10	10	480	79.166667	0.990099	0.754118
24.084	19	2	0.651451	20	20	480	37.5	0	0.754118
24.084	20	1	2.385686	10	10	480	79.166667	0.990099	0.754118
24.084	20	2	0.651451	20	20	480	37.5	0	0.754118
24.084	21	1	2.385686	10	10	480	79.166667	0.990099	0.754118
24.084	21	2	0.651451	20	20	480	37.5	0	0.754118
24.084	22	1	2.385686	10	10	480	79.166667	0.990099	0.754118
24.084	22	2	0.651451	20	20	480	37.5	0	0.754118
24.084	23	1	2.385686	10	10	480	79.166667	0.990099	0.754118
24.084	23	2	0.651451	20	20	480	37.5	0	0.754118
24.084	24	1	2.385686	10	10	480	79.166667	0.990099	0.754118
24.084	24	2	0.651451	20	20	480	37.5	0	0.754118
24.084	25	1	2.385686	10	10	480	79.166667	0.990099	0.754118
24.084	25	2	0.651451	20	20	480	37.5	0	0.754118
24.084	26	1	2.385686	10	10	480	79.166667	0.990099	0.754118
24.084	26	2	0.651451	20	20	480	37.5	0	0.754118
24.084	27	1	2.385686	10	10	480	79.166667	0.990099	0.754118
24.084	27	2	0.651451	20	20	480	37.5	0	0.754118
24.084	28	1	2.385686	10	10	480	79.166667	0.990099	0.754118
24.084	28	2	0.651451	20	20	480	37.5	0	0.754118
24.084	29	1	2.385686	10	10	480	79.166667	0.990099	0.754118
24.084	29	2	0.651451	20	20	480	37.5	0	0.754118
24.084	30	1	2.385686	10	10	480	79.166667	0.990099	0.754118
24.084	30	2	0.651451	20	20	480	37.5	0	0.754118
24.084	31	1	2.385686	10	10	480	79.166667	0.990099	0.754118
24.084	31	2	0.651451	20	20	480	37.5	0	0.754118
24.084	32	1	2.385686	10	10	480	79.166667	0.990099	0.754118
24.084	32	2	0.651451	20	20	480	37.5	0	0.754118
24.084	33	1	2.385686	10	10	480	79.166667	0.990099	0.754118
24.084	33	2	0.651451	20	20	480	37.5	0	0.754118
24.084	34	1	2.385686	10	10	480	79.166667	0.990099	0.754118
24.084	34	2	0.651451	20	20	480	37.5	0	0.754118
24.084	35	1	2.385686	10	10	480	79.166667	0.990099	0.754118
24.084	35	2	0.651451	20	20	480	37.5	0	0.754118
24.084	36	1	2.385686	10	10	480	79.166667	0.990099	0.754118
24.084	36	2	0.651451	20	20	480	37.5	0	0.754118
24.084	37	1	2.385686	10	10	480	79.166667	0.990099	0.754118
24.084	37	2	0.651451	20	20	480	37.5	0	0.754118
24.084	38	1	2.385686	10	10	480	79.166667	0.990099	0.754118
24.084	38	2	0.651451	20	20	480	37.5	0	0.754118
24.084	39	1	2.385686	10	10	480	79.166667	0.990099	0.754118
24.084	39	2	0.651451	20	20	480	37.5	0	0.754118
24.084	40	1	2.385686	10	10	480	79.166667	0.990099	0.754118
24.084	40	2	0.651451	20	20	480	37.5	0	0.754118
24.084	41	1	2.385686	10	10	480	79.166667	0.990099	0.754118
24.084	41	2	0.651451	20	20	480	37.5	0	0.754118
24.084	42	1	2.385686	10	10	480	79.166667	0.990099	0.754118
24.084	42	2	0.651451	20	20	480	37.5	0	0.754118
24.084	43	1	2.385686	10	10	480	79.166667	0.990099	0.754118
24.084	43	2	0.651451	20	20	480	37.5	0	0.754118
24.084	44	1	2.385686	10	10	480	79.166667	0.990099	0.754118
24.084	44	2	0.651451	20	20	480	37.5	0	0.754118
24.084	45	1	2.385686	10	10	480	79.166667	0.990099	0.754118
24.084	45	2	0.651451	20	20	480	37.5	0	0.754118
24.084	46	1	2.385686	10	10	480	79.166667	0.990099	0.754118
24.084	46	2	0.651451	20	20	480	37.5	0	0.754118
24.084	47	1	2.385686	10	10	480	79.166667	0.990099	0.754118
24.084	47	2	0.651451	20	20	480	37.5	0	0.754118
24.084	48	1	2.385686	10	10	480	79.166667	0.990099	0.754118
24.084	48	2	0.651451	20	20	480	37.5	0	0.754118
24.084	49	1	2.385686	10	10	480	79.166667	0.990099	0.754118
24.084	49	2	0.651451	20	20	480	37.5	0	0.754118
24.084	50	1	2.385686	10	10	480	79.166667	0.990099	0.754118
24.084	50	2	0.651451	20	20	480	37.5	0	0.754118
24.084	51	1	2.385686	10	10	480	79.166667	0.990099	0.754118
24.084	51	2	0.651451	20	20	480	37.5	0	0.754118
24.084	52	1	2.385686	10	10	480	79.166667	0.990099	0.754118
24.084	52	2	0.651451	20	20	480	37.5	0	0.754118
24.084	53	1	2.385686	10	10	480	79.166667	0.990099	0.754118
24.084	53	2	0.651451	20	20	480	37.5	0	0.754118
24.084	54	1	2.385686	10	10	480	79.166667	0.990099	0.754118
24.084	54	2	0.651451	20	20	480	37.5	0	0.754118
24.084	55	1	2.385686	10	10	480	79.166667	0.990099	0.754118
24.084	55	2	0.651451	20	20	480	37.5	0	0.754118
24.084	56	1	2.385686	10	10	480	79.166667	0.990099	0.754118
24.084	56	2	0.651451	20	20	480	37.5	0	0.754118
24.084	57	1	2.385686	10	10	480	79.166667	0.990099	0.754118
24.084	57	2	0.651451	20	20	480	37.5	0	0.754118
24.084	58	1	2.385686	10	10	480	79.166667	0.990099	0.754118
24.084	58	2	0.651451	20	20	480	37.5	0	0.754118
24.084	59	1	2.385686	10	10	480	79.166667	0.990099	0.754118
24.084	59	2	0.651451	20	20	480	37.5	0	0.754118
24.084	60	1	2.385686	10	10	480	79.166667	0.990099	0.754118
24.084	60	2	0.651451	20	20	480	37.5	0	0.754118
24.084	61	1	2.385686	10	10	480	79.166667	0.990099	0.754118
24.084	61	2	0.651451	20	20	480	37.5	0	0.754118
24.084	62	1	2.385686	10	10	480	79.166667	0.990099	0.754118
24.084	62	2	0.651451	20	20	480	37.5	0	0.754118
24.084	63	1	2.385686	10	10	480	79.166667	0.990099	0.754118
24.084	63	2	0.651451	20	20	480	37.5	0	0.754118
24.084	64	1	2.385686	10	10	480	79.166667	0.990099	0.754118
24.084	64	2	0.651451	20	20	480	37.5	0	0.754118
24.084	65	1	2.385686	10	10	480	79.166667	0.990099	0.754118
24.084	65	2	0.651451	20	20	480	37.5	0	0.754118
24.587	0	1	2.266402	10	10	456	79.166667	1.041667	0.754118
24.587	0	2	0.618879	20	20	456	37.5	0	0.754118
24.587	1	1	2.266402	10	10	456	79.166667	1.041667	0.754118
24.587	1	2	0.618879	20	20	456	37.5	0	0.754118
24.587	2	1	2.266402	10	10	456	79.166667	1.041667	0.754118
24.587	2	2	0.618879	20	20	456	37.5	0	0.754118
24.587	3	1	2.266402	10	10	456	79.166667	1.041667	0.754118
24.587	3	2	0.618879	20	20	456	37.5	0	0.754118
24.587	4	1	2.266402	10	10	456	79.166667	1.041667	0.754118
24.587	4	2	0.618879	20	20	456	37.5	0	0.754118
24.587	5	1	2.266402	10	10	456	79.166667	1.041667	0.754118
24.587	5	2	0.618879	20	20	456	37.5	0	0.754118
24.587	6	1	2.266402	10	10	456	79.166667	1.041667	0.754118
24.587	6	2	0.618879	20	20	456	37.5	0	0.754118
24.587	7	1	2.266402	10	10	456	79.166667	1.041667	0.754118
24.587	7	2	0.618879	20	20	456	37.5	0	0.754118
24.587	8	1	2.266402	10	10	456	79.166667	1.041667	0.754118
24.587	8	2	0.618879	20	20	456	37.5	0	0.754118
24.587	9	1	2.266402	10	10	456	79.166667	1.041667	0.754118
24.587	9	2	0.618879	20	20	456	37.5	0	0.754118
24.587	10	1	2.266402	10	10	456	79.166667	1.041667	0.754118
24.587	10	2	0.618879	20	20	456	37.5	0	0.754118
24.587	11	1	2.266402	10	10	456	79.166667	1.041667	0.754118
24.587	11	2	0.618879	20	20	456	37.5	0	0.754118
24.587	12	1	2.266402	10	10	456	79.166667	1.041667	0.754118
24.587	12	2	0.618879	20	20	456	37.5	0	0.754118
24.587	13	1	2.266402	10	10	456	79.166667	1.041667	0.754118
24.587	13	2	0.618879	20	20	456	37.5	0	0.754118
24.587	14	1	2.266402	10	10	456	79.166667	1.041667	0.754118
24.587	14	2	0.618879	20	20	456	37.5	0	0.754118
24.587	15	1	2.266402	10	10	456	79.166667	1.041667	0.754118
24.587	15	2	0.618879	20	20	456	37.5	0	0.754118
24.587	16	1	2.266402	10	10	456	79.166667	1.041667	0.754118
24.587	16	2	0.618879	20	20	456	37.5	0	0.754118
24.587	17	1	2.266402	10	10	456	79.166667	1.041667	0.754118
24.587	17	2	0.618879	20	20	456	37.5	0	0.754118
24.587	18	1	2.266402	10	10	456	79.166667	1.041667	0.754118
24.587	18	2	0.618879	20	20	456	37.5	0	0.754118
24.587	19	1	2.266402	10	10	456	79.166667	1.041667	0.754118
24.587	19	2	0.618879	20	20	456	37.5	0	0.754118
24.587	20	1	2.266402	10	10	456	79.166667	1.041667	0.754118
24.587	20	2	0.618879	20	20	456	37.5	0	0.754118
24.587	21	1	2.266402	10	10	456	79.166667	1.041667	0.754118
24.587	21	2	0.618879	20	20	456	37.5	0	0.754118
24.587	22	1	2.266402	10	10	456	79.166667	1.041667	0.754118
24.587	22	2	0.618879	20	20	456	37.5	0	0.754118
24.587	23	1	2.266402	10	10	456	79.166667	1.041667	0.754118
24.587	23	2	0.618879	20	20	456	37.5	0	0.754118
24.587	24	1	2.266402	10	10	456	79.166667	1.041667	0.754118
24.587	24	2	0.618879	20	20	456	37.5	0	0.754118
24.587	25	1	2.266402	10	10	456	79.166667	1.041667	0.754118
24.587	25	2	0.618879	20	20	456	37.5	0	0.754118
24.587	26	1	2.266402	10	10	456	79.166667	1.041667	0.754118
24.587	26	2	0.618879	20	20	456	37.5	0	0.754118
24.587	27	1	2.266402	10	10	456	79.166667	1.041667	0.754118
24.587	27	2	0.618879	20	20	456	37.5	0	0.754118
24.587	28	1	2.266402	10	10	456	79.166667	1.041667	0.754118
24.587	28	2	0.618879	20	20	456	37.5	0	0.754118
24.587	29	1	2.266402	10	10	456	79.166667	1.041667	0.754118
24.587	29	2	0.618879	20	20	456	37.5	0	0.754118
24.587	30	1	2.266402	10	10	456	79.166667	1.041667	0.754118
24.587	30	2	0.618879	20	20	456	37.5	0	0.754118
24.587	31	1	2.266402	10	10	456	79.166667	1.041667	0.754118
24.587	31	2	0.618879	20	20	456	37.5	0	0.754118
24.587	32	1	2.266402	10	10	456	79.166667	1.041667	0.754118
24.587	32	2	0.618879	20	20	456	37.5	0	0.754118
24.587	33	1	2.266402	10	10	456	79.166667	1.041667	0.754118
24.587	33	2	0.618879	20	20	456	37.5	0	0.754118
24.587	34	1	2.266402	10	10	456	79.166667	1.041667	0.754118
24.587	34	2	0.618879	20	20	456	37.5	0	0.754118
24.587	35	1	2.266402	10	10	456	79.166667	1.041667	0.754118
24.587	35	2	0.618879	20	20	456	37.5	0	0.754118
24.587	36	1	2.266402	10	10	456	79.166667	1.041667	0.754118
24.587	36	2	0.618879	20	20	456	37.5	0	0.754118
24.587	37	1	2.266402	10	10	456	79.166667	1.041667	0.754118
24.587	37	2	0.618879	20	20	456	37.5	0	0.754118
24.587	38	1	2.266402	10	10	456	79.166667	1.041667	0.754118
24.587	38	2	0.618879	20	20	456	37.5	0	0.754118
24.587	39	1	2.266402	10	10	456	79.166667	1.041667	0.754118
24.587	39	2	0.618879	20	20	456	37.5	0	0.754118
24.587	40	1	2.266402	10	10	456	79.166667	1.041667	0.754118
24.587	40	2	0.618879	20	20	456	37.5	0	0.754118
24.587	41	1	2.266402	10	10	456	79.166667	1.041667	0.754118
24.587	41	2	0.618879	20	20	456	37.5	0	0.754118
24.587	42	1	2.266402	10	10	456	79.166667	1.041667	0.754118
24.587	42	2	0.618879	20	20	456	37.5	0	0.754118
24.587	43	1	2.266402	10	10	456	79.166667	1.041667	0.754118
24.587	43	2	0.618879	20	20	456	37.5	0	0.754118
24.587	44	1	2.266402	10	10	456	79.166667	1.041667	0.754118
24.587	44	2	0.618879	20	20	456	37.5	0	0.754118
24.587	45	1	2.266402	10	10	456	79.166667	1.041667	0.754118
24.587	45	2	0.618879	20	20	456	37.5	0	0.754118
24.587	46	1	2.266402	10	10	456	79.166667	1.041667	0.754118
24.587	46	2	0.618879	20	20	456	37.5	0	0.754118
24.587	47	1	2.266402	10	10	456	79.166667	1.041667	0.754118
24.587	47	2	0.618879	20	20	456	37.5	0	0.754118
24.587	48	1	2.266402	10	10	456	79.166667	1.041667	0.754118
24.587	48	2	0.618879	20	20	456	37.5	0	0.754118
24.587	49	1	2.266402	10	10	456	79.166667	1.041667	0.754118
24.587	49	2	0.618879	20	20	456	37.5	0	0.754118
24.587	50	1	2.266402	10	10	456	79.166667	1.041667	0.754118
24.587	50	2	0.618879	20	20	456	37.5	0	0.754118
24.587	51	1	2.266402	10	10	456	79.166667	1.041667	0.754118
24.587	51	2	0.618879	20	20	456	37.5	0	0.754118
24.587	52	1	2.266402	10	10	456	79.166667	1.041667	0.754118
24.587	52	2	0.618879	20	20	456	37.5	0	0.754118
24.587	53	1	2.266402	10	10	456	79.166667	1.041667	0.754118
24.587	53	2	0.618879	20	20	456	37.5	0	0.754118
24.587	54	1	2.266402	10	10	456	79.166667	1.041667	0.754118
24.587	54	2	0.618879	20	20	456	37.5	0	0.754118
24.587	55	1	2.266402	10	10	456	79.166667	1.041667	0.754118
24.587	55	2	0.618879	20	20	456	37.5	0	0.754118
24.587	56	1	2.266402	10	10	456	79.166667	1.041667	0.754118
24.587	56	2	0.618879	20	20	456	37.5	0	0.754118
24.587	57	1	2.266402	10	10	456	79.166667	1.041667	0.754118
24.587	57	2	0.618879	20	20	456	37.5	0	0.754118
24.587	58	1	2.266402	10	10	456	79.166667	1.041667	0.754118
24.587	58	2	0.618879	20	20	456	37.5	0	0.754118
24.587	59	1	2.266402	10	10	456	79.166667	1.041667	0.754118
24.587	59	2	0.618879	20	20	456	37.5	0	0.754118
24.587	60	1	2.266402	10	10	456	79.166667	1.041667	0.754118
24.587	60	2	0.618879	20	20	456	37.5	0	0.754118
24.587	61	1	2.266402	10	10	456	79.166667	1.041667	0.754118
24.587	61	2	0.618879	20	20	456	37.5	0	0.754118
24.587	62	1	2.266402	10	10	456	79.166667	1.041667	0.754118
24.587	62	2	0.618879	20	20	456	37.5	0	0.754118
24.587	63	1	2.266402	10	10	456	79.166667	1.041667	0.754118
24.587	63	2	0.618879	20	20	456	37.5	0	0.754118
24.587	64	1	2.266402	10	10	456	79.166667	1.041667	0.754118
24.587	64	2	0.618879	20	20	456	37.5	0	0.754118
24.587	65	1	2.266402	10	10	456	79.166667	1.041667	0.754118
24.587	65	2	0.618879	20	20	456	37.5	0	0.754118
25.09	0	1	2.266402	10	10	456	79.166667	1.041667	0.754118
25.09	0	2	0.618879	20	20	456	37.5	0	0.754118
25.09	1	1	2.266402	10	10	456	79.166667	1.041667	0.754118
25.09	1	2	0.618879	20	20	456	37.5	0	0.754118
25.09	2	1	2.266402	10	10	456	79.166667	1.041667	0.754118
25.09	2	2	0.618879	20	20	456	37.5	0	0.754118
25.09	3	1	2.266402	10	10	456	79.166667	1.041667	0.754118
25.09	3	2	0.618879	20	20	456	37.5	0	0.754118
25.09	4	1	2.266402	10	10	456	79.166667	1.041667	0.754118
25.09	4	2	0.618879	20	20	456	37.5	0	0.754118
25.09	5	1	2.266402	10	10	456	79.166667	1.041667	0.754118
25.09	5	2	0.618879	20	20	456	37.5	0	0.754118
25.09	6	1	2.266402	10	10	456	79.166667	1.041667	0.754118
25.09	6	2	0.618879	20	20	456	37.5	0	0.754118
25.09	7	1	2.266402	10	10	456	79.166667	1.041667	0.754118
25.09	7	2	0.618879	20	20	456	37.5	0	0.754118
25.09	8	1	2.266402	10	10	456	79.166667	1.041667	0.754118
25.09	8	2	0.618879	20	20	456	37.5	0	0.754118
25.09	9	1	2.266402	10	10	456	79.166667	1.041667	0.754118
25.09	9	2	0.618879	20	20	456	37.5	0	0.754118
25.09	10	1	2.266402	10	10	456	79.166667	1.041667	0.754118
25.09	10	2	0.618879	20	20	456	37.5	0	0.754118
25.09	11	1	2.266402	10	10	456	79.166667	1.041667	0.754118
25.09	11	2	0.618879	20	20	456	37.5	0	0.754118
25.09	12	1	2.266402	10	10	456	79.166667	1.041667	0.754118
25.09	12	2	0.618879	20	20	456	37.5	0	0.754118
25.09	13	1	2.266402	10	10	456	79.166667	1.041667	0.754118
25.09	13	2	0.618879	20	20	456	37.5	0	0.754118
25.09	14	1	2.266402	10	10	456	79.166667	1.041667	0.754118
25.09	14	2	0.618879	20	20	456	37.5	0	0.754118
25.09	15	1	2.266402	10	10	456	79.166667	1.041667	0.754118
25.09	15	2	0.618879	20	20	456	37.5	0	0.754118
25.09	16	1	2.266402	10	10	456	79.166667	1.041667	0.754118
25.09	16	2	0.618879	20	20	456	37.5	0	0.754118
25.09	17	1	2.266402	10	10	456	79.166667	1.041667	0.754118
25.09	17	2	0.618879	20	20	456	37.5	0	0.754118
25.09	18	1	2.266402	10	10	456	79.166667	1.041667	0.754118
25.09	18	2	0.618879	20	20	456	37.5	0	0.754118
25.09	19	1	2.266402	10	10	456	79.166667	1.041667	0.754118
25.09	19	2	0.618879	20	20	456	37.5	0	0.754118
25.09	20	1	2.266402	10	10	456	79.166667	1.041667	0.754118
25.09	20	2	0.618879	20	20	456	37.5	0	0.754118
25.09	21	1	2.266402	10	10	456	79.166667	1.041667	0.754118
25.09	21	2	0.618879	20	20	456	37.5	0	0.754118
25.09	22	1	2.266402	10	10	456	79.166667	1.041667	0.754118
25.09	22	2	0.618879	20	20	456	37.5	0	0.754118
25.09	23	1	2.266402	10	10	456	79.166667	1.041667	0.754118
25.09	23	2	0.618879	20	20	456	37.5	0	0.754118
25.09	24	1	2.266402	10	10	456	79.166667	1.041667	0.754118
25.09	24	2	0.618879	20	20	456	37.5	0	0.754118
25.09	25	1	2.266402	10	10	456	79.166667	1.041667	0.754118
25.09	25	2	0.618879	20	20	456	37.5	0	0.754118
25.09	26	1	2.266402	10	10	456	79.166667	1.041667	0.754118
25.09	26	2	0.618879	20	20	456	37.5	0	0.754118
25.09	27	1	2.266402	10	10	456	79.166667	1.041667	0.754118
25.09	27	2	0.618879	20	20	456	37.5	0	0.754118
25.09	28	1	2.266402	10	10	456	79.166667	1.041667	0.754118
25.09	28	2	0.618879	20	20	456	37.5	0	0.754118
25.09	29	1	2.266402	10	10	456	79.166667	1.041667	0.754118
25.09	29	2	0.618879	20	20	456	37.5	0	0.754118
25.09	30	1	2.266402	10	10	456	79.166667	1.041667	0.754118
25.09	30	2	0.618879	20	20	456	37.5	0	0.754118
25.09	31	1	2.266402	10	10	456	79.166667	1.041667	0.754118
25.09	31	2	0.618879	20	20	456	37.5	0	0.754118
25.09	32	1	2.266402	10	10	456	79.166667	1.041667	0.754118
25.09	32	2	0.618879	20	20	456	37.5	0	0.754118
25.09	33	1	2.266402	10	10	456	79.166667	1.041667	0.754118
25.09	33	2	0.618879	20	20	456	37.5	0	0.754118
25.09	34	1	2.266402	10	10	456	79.166667	1.041667	0.754118
25.09	34	2	0.618879	20	20	456	37.5	0	0.754118
25.09	35	1	2.266402	10	10	456	79.166667	1.041667	0.754118
25.09	35	2	0.618879	20	20	456	37.5	0	0.754118
25.09	36	1	2.266402	10	10	456	79.166667	1.041667	0.754118
25.09	36	2	0.618879	20	20	456	37.5	0	0.754118
25.09	37	1	2.266402	10	10	456	79.166667	1.041667	0.754118
25.09	37	2	0.618879	20	20	456	37.5	0	0.754118
25.09	38	1	2.266402	10	10	456	79.166667	1.041667	0.754118
25.09	38	2	0.618879	20	20	456	37.5	0	0.754118
25.09	39	1	2.266402	10	10	456	79.166667	1.041667	0.754118
25.09	39	2	0.618879	20	20	456	37.5	0	0.754118
25.09	40	1	2.266402	10	10	456	79.166667	1.041667	0.754118
25.09	40	2	0.618879	20	20	456	37.5	0	0.754118
25.09	41	1	2.266402	10	10	456	79.166667	1.041667	0.754118
25.09	41	2	0.618879	20	20	456	37.5	0	0.754118
25.09	42	1	2.266402	10	10	456	79.166667	1.041667	0.754118
25.09	42	2	0.618879	20	20	456	37.5	0	0.754118
25.09	43	1	2.266402	10	10	456	79.166667	1.041667	0.754118
25.09	43	2	0.618879	20	20	456	37.5	0	0.754118
25.09	44	1	2.266402	10	10	456	79.166667	1.041667	0.754118
25.09	44	2	0.618879	20	20	456	37.5	0	0.754118
25.09	45	1	2.266402	10	10	456	79.166667	1.041667	0.754118
25.09	45	2	0.618879	20	20	456	37.5	0	0.754118
25.09	46	1	2.266402	10	10	456	79.166667	1.041667	0.754118
25.09	46	2	0.618879	20	20	456	37.5	0	0.754118
25.09	47	1	2.266402	10	10	456	79.166667	1.041667	0.754118
25.09	47	2	0.618879	20	20	456	37.5	0	0.754118
25.09	48	1	2.266402	10	10	456	79.166667	1.041667	0.754118
25.09	48	2	0.618879	20	20	456	37.5	0	0.754118
25.09	49	1	2.266402	10	10	456	79.166667	1.041667	0.754118
25.09	49	2	0.618879	20	20	456	37.5	0	0.754118
25.09	50	1	2.266402	10	10	456	79.166667	1.041667	0.754118
25.09	50	2	0.618879	20	20	456	37.5	0	0.754118
25.09	51	1	2.266402	10	10	456	79.166667	1.041667	0.754118
25.09	51	2	0.618879	20	20	456	37.5	0	0.754118
25.09	52	1	2.266402	10	10	456	79.166667	1.041667	0.754118
25.09	52	2	0.618879	20	20	456	37.5	0	0.754118
25.09	53	1	2.266402	10	10	456	79.166667	1.041667	0.754118
25.09	53	2	0.618879	20	20	456	37.5	0	0.754118
25.09	54	1	2.266402	10	10	456	79.166667	1.041667	0.754118
25.09	54	2	0.618879	20	20	456	37.5	0	0.754118
25.09	55	1	2.266402	10	10	456	79.166667	1.041667	0.754118
25.09	55	2	0.618879	20	20	456	37.5	0	0.754118
25.09	56	1	2.266402	10	10	456	79.166667	1.041667	0.754118
25.09	56	2	0.618879	20	20	456	37.5	0	0.754118
25.09	57	1	2.266402	10	10	456	79.166667	1.041667	0.754118
25.09	57	2	0.618879	20	20	456	37.5	0	0.754118
25.09	58	1	2.266402	10	10	456	79.166667	1.041667	0.754118
25.09	58	2	0.618879	20	20	456	37.5	0	0.754118
25.09	59	1	2.266402	10	10	456	79.166667	1.041667	0.754118
25.09	59	2	0.618879	20	20	456	37.5	0	0.754118
25.09	60	1	2.266402	10	10	456	79.166667	1.041667	0.754118
25.09	60	2	0.618879	20	20	456	37.5	0	0.754118
25.09	61	1	2.266402	10	10	456	79.166667	1.041667	0.754118
25.09	61	2	0.618879	20	20	456	37.5	0	0.754118
25.09	62	1	2.266402	10	10	456	79.166667	1.041667	0.754118
25.09	62	2	0.618879	20	20	456	37.5	0	0.754118
25.09	63	1	2.266402	10	10	456	79.166667	1.041667	0.754118
25.09	63	2	0.618879	20	20	456	37.5	0	0.754118
25.09	64	1	2.266402	10	10	456	79.166667	1.041667	0.754118
25.09	64	2	0.618879	20	20	456	37.5	0	0.754118
25.09	65	1	2.266402	10	10	456	79.166667	1.041667	0.754118
25.09	65	2	0.618879	20	20	456	37.5	0	0.754118
25.593	0	1	2.385686	10	10	480	79.166667	0.990099	0.754118
25.593	0	2	0.651451	20	20	480	37.5	0	0.754118
25.593	1	1	2.385686	10	10	480	79.166667	0.990099	0.754118
25.593	1	2	0.651451	20	20	480	37.5	0	0.754118
25.593	2	1	2.385686	10	10	480	79.166667	0.990099	0.754118
25.593	2	2	0.651451	20	20	480	37.5	0	0.754118
25.593	3	1	2.385686	10	10	480	79.166667	0.990099	0.754118
25.593	3	2	0.651451	20	20	480	37.5	0	0.754118
25.593	4	1	2.385686	10	10	480	79.166667	0.990099	0.754118
25.593	4	2	0.651451	20	20	480	37.5	0	0.754118
25.593	5	1	2.385686	10	10	480	79.166667	0.990099	0.754118
25.593	5	2	0.651451	20	20	480	37.5	0	0.754118
25.593	6	1	2.385686	10	10	480	79.166667	0.990099	0.754118
25.593	6	2	0.651451	20	20	480	37.5	0	0.754118
25.593	7	1	2.385686	10	10	480	79.166667	0.990099	0.754118
25.593	7	2	0.651451	20	20	480	37.5	0	0.754118
25.593	8	1	2.385686	10	10	480	79.166667	0.990099	0.754118
25.593	8	2	0.651451	20	20	480	37.5	0	0.754118
25.593	9	1	2.385686	10	10	480	79.166667	0.990099	0.754118
25.593	9	2	0.651451	20	20	480	37.5	0	0.754118
25.593	10	1	2.385686	10	10	480	79.166667	0.990099	0.754118
25.593	10	2	0.651451	20	20	480	37.5	0	0.754118
25.593	11	1	2.385686	10	10	480	79.166667	0.990099	0.754118
25.593	11	2	0.651451	20	20	480	37.5	0	0.754118
25.593	12	1	2.385686	10	10	480	79.166667	0.990099	0.754118
25.593	12	2	0.651451	20	20	480	37.5	0	0.754118
25.593	13	1	2.385686	10	10	480	79.166667	0.990099	0.754118
25.593	13	2	0.651451	20	20	480	37.5	0	0.754118
25.593	14	1	2.385686	10	10	480	79.166667	0.990099	0.754118
25.593	14	2	0.651451	20	20	480	37.5	0	0.754118
25.593	15	1	2.385686	10	10	480	79.166667	0.990099	0.754118
25.593	15	2	0.651451	20	20	480	37.5	0	0.754118
25.593	16	1	2.385686	10	10	480	79.166667	0.990099	0.754118
25.593	16	2	0.651451	20	20	480	37.5	0	0.754118
25.593	17	1	2.385686	10	10	480	79.166667	0.990099	0.754118
25.593	17	2	0.651451	20	20	480	37.5	0	0.754118
25.593	18	1	2.385686	10	10	480	79.166667	0.990099	0.754118
25.593	18	2	0.651451	20	20	480	37.5	0	0.754118
25.593	19	1	2.385686	10	10	480	79.166667	0.990099	0.754118
25.593	19	2	0.651451	20	20	480	37.5	0	0.754118
25.593	20	1	2.385686	10	10	480	79.166667	0.990099	0.754118
25.593	20	2	0.651451	20	20	480	37.5	0	0.754118
25.593	21	1	2.385686	10	10	480	79.166667	0.990099	0.754118
25.593	21	2	0.651451	20	20	480	37.5	0	0.754118
25.593	22	1	2.385686	10	10	480	79.166667	0.990099	0.754118
25.593	22	2	0.651451	20	20	480	37.5	0	0.754118
25.593	23	1	2.385686	10	10	480	79.166667	0.990099	0.754118
25.593	23	2	0.651451	20	20	480	37.5	0	0.754118
25.593	24	1	2.385686	10	10	480	79.166667	0.990099	0.754118
25.593	24	2	0.651451	20	20	480	37.5	0	0.754118
25.593	25	1	2.385686	10	10	480	79.166667	0.990099	0.754118
25.593	25	2	0.651451	20	20	480	37.5	0	0.754118
25.593	26	1	2.385686	10	10	480	79.166667	0.990099	0.754118
25.593	26	2	0.651451	20	20	480	37.5	0	0.754118
25.593	27	1	2.385686	10	10	480	79.166667	0.990099	0.754118
25.593	27	2	0.651451	20	20	480	37.5	0	0.754118
25.593	28	1	2.385686	10	10	480	79.166667	0.990099	0.754118
25.593	28	2	0.651451	20	20	480	37.5	0	0.754118
25.593	29	1	2.385686	10	10	480	79.166667	0.990099	0.754118
25.593	29	2	0.651451	20	20	480	37.5	0	0.754118
25.593	30	1	2.385686	10	10	480	79.166667	0.990099	0.754118
25.593	30	2	0.651451	20	20	480	37.5	0	0.754118
25.593	31	1	2.385686	10	10	480	79.166667	0.990099	0.754118
25.593	31	2	0.651451	20	20	480	37.5	0	0.754118
25.593	32	1	2.385686	10	10	480	79.166667	0.990099	0.754118
25.593	32	2	0.651451	20	20	480	37.5	0	0.754118
25.593	33	1	2.385686	10	10	480	79.166667	0.990099	0.754118
25.593	33	2	0.651451	20	20	480	37.5	0	0.754118
25.593	34	1	2.385686	10	10	480	79.166667	0.990099	0.754118
25.593	34	2	0.651451	20	20	480	37.5	0	0.754118
25.593	35	1	2.385686	10	10	480	79.166667	0.990099	0.754118
25.593	35	2	0.651451	20	20	480	37.5	0	0.754118
25.593	36	1	2.385686	10	10	480	79.166667	0.990099	0.754118
25.593	36	2	0.651451	20	20	480	37.5	0	0.754118
25.593	37	1	2.385686	10	10	480	79.166667	0.990099	0.754118
25.593	37	2	0.651451	20	20	480	37.5	0	0.754118
25.593	38	1	2.385686	10	10	480	79.166667	0.990099	0.754118
25.593	38	2	0.651451	20	20	480	37.5	0	0.754118
25.593	39	1	2.385686	10	10	480	79.166667	0.990099	0.754118
25.593	39	2	0.651451	20	20	480	37.5	0	0.754118
25.593	40	1	2.385686	10	10	480	79.166667	0.990099	0.754118
25.593	40	2	0.651451	20	20	480	37.5	0	0.754118
25.593	41	1	2.385686	10	10	480	79.166667	0.990099	0.754118
25.593	41	2	0.651451	20	20	480	37.5	0	0.754118
25.593	42	1	2.385686	10	10	480	79.166667	0.990099	0.754118
25.593	42	2	0.651451	20	20	480	37.5	0	0.754118
25.593	43	1	2.385686	10	10	480	79.166667	0.990099	0.754118
25.593	43	2	0.651451	20	20	480	37.5	0	0.754118
25.593	44	1	2.385686	10	10	480	79.166667	0.990099	0.754118
25.593	44	2	0.651451	20	20	480	37.5	0	0.754118
25.593	45	1	2.385686	10	10	480	79.166667	0.990099	0.754118
25.593	45	2	0.651451	20	20	480	37.5	0	0.754118
25.593	46	1	2.385686	10	10	480	79.166667	0.990099	0.754118
25.593	46	2	0.651451	20	20	480	37.5	0	0.754118
25.593	47	1	2.385686	10	10	480	79.166667	0.990099	0.754118
25.593	47	2	0.651451	20	20	480	37.5	0	0.754118
25.593	48	1	2.385686	10	10	480	79.166667	0.990099	0.754118
25.593	48	2	0.651451	20	20	480	37.5	0	0.754118
25.593	49	1	2.385686	10	10	480	79.166667	0.990099	0.754118
25.593	49	2	0.651451	20	20	480	37.5	0	0.754118
25.593	50	1	2.385686	10	10	480	79.166667	0.990099	0.754118
25.593	50	2	0.651451	20	20	480	37.5	0	0.754118
25.593	51	1	2.385686	10	10	480	79.166667	0.990099	0.754118
25.593	51	2	0.651451	20	20	480	37.5	0	0.754118
25.593	52	1	2.385686	10	10	480	79.166667	0.990099	0.754118
25.593	52	2	0.651451	20	20	480	37.5	0	0.754118
25.593	53	1	2.385686	10	10	480	79.166667	0.990099	0.754118
25.593	53	2	0.651451	20	20	480	37.5	0	0.754118
25.593	54	1	2.385686	10	10	480	79.166667	0.990099	0.754118
25.593	54	2	0.651451	20	20	480	37.5	0	0.754118
25.593	55	1	2.385686	10	10	480	79.166667	0.990099	0.754118
25.593	55	2	0.651451	20	20	480	37.5	0	0.754118
25.593	56	1	2.385686	10	10	480	79.166667	0.990099	0.754118
25.593	56	2	0.651451	20	20	480	37.5	0	0.754118
25.593	57	1	2.385686	10	10	480	79.166667	0.990099	0.754118
25.593	57	2	0.651451	20	20	480	37.5	0	0.754118
25.593	58	1	2.385686	10	10	480	79.166667	0.990099	0.754118
25.593	58	2	0.651451	20	20	480	37.5	0	0.754118
25.593	59	1	2.385686	10	10	480	79.166667	0.990099	0.754118
25.593	59	2	0.651451	20	20	480	37.5	0	0.754118
25.593	60	1	2.385686	10	10	480	79.166667	0.990099	0.754118
25.593	60	2	0.651451	20	20	480	37.5	0	0.754118
25.593	61	1	2.385686	10	10	480	79.166667	0.990099	0.754118
25.593	61	2	0.651451	20	20	480	37.5	0	0.754118
25.593	62	1	2.385686	10	10	480	79.166667	0.990099	0.754118
25.593	62	2	0.651451	20	20	480	37.5	0	0.754118
25.593	63	1	2.385686	10	10	480	79.166667	0.990099	0.754118
25.593	63	2	0.651451	20	20	480	37.5	0	0.754118
25.593	64	1	2.385686	10	10	480	79.166667	0.990099	0.754118
25.593	64	2	0.651451	20	20	480	37.5	0	0.754118
25.593	65	1	2.385686	10	10	480	79.166667	0.990099	0.754118
25.593	65	2	0.651451	20	20	480	37.5	0	0.754118
26.096	0	1	2.266402	10	10	456	79.166667	1.041667	0.754118
26.096	0	2	0.618879	20	20	456	37.5	0	0.754118
26.096	1	1	2.266402	10	10	456	79.166667	1.041667	0.754118
26.096	1	2	0.618879	20	20	456	37.5	0	0.754118
26.096	2	1	2.266402	10	10	456	79.166667	1.041667	0.754118
26.096	2	2	0.618879	20	20	456	37.5	0	0.754118
26.096	3	1	2.266402	10	10	456	79.166667	1.041667	0.754118
26.096	3	2	0.618879	20	20	456	37.5	0	0.754118
26.096	4	1	2.266402	10	10	456	79.166667	1.041667	0.754118
26.096	4	2	0.618879	20	20	456	37.5	0	0.754118
26.096	5	1	2.266402	10	10	456	79.166667	1.041667	0.754118
26.096	5	2	0.618879	20	20	456	37.5	0	0.754118
26.096	6	1	2.266402	10	10	456	79.166667	1.041667	0.754118
26.096	6	2	0.618879	20	20	456	37.5	0	0.754118
26.096	7	1	2.266402	10	10	456	79.166667	1.041667	0.754118
26.096	7	2	0.618879	20	20	456	37.5	0	0.754118
26.096	8	1	2.266402	10	10	456	79.166667	1.041667	0.754118
26.096	8	2	0.618879	20	20	456	37.5	0	0.754118
26.096	9	1	2.266402	10	10	456	79.166667	1.041667	0.754118
26.096	9	2	0.618879	20	20	456	37.5	0	0.754118
26.096	10	1	2.266402	10	10	456	79.166667	1.041667	0.754118
26.096	10	2	0.618879	20	20	456	37.5	0	0.754118
26.096	11	1	2.266402	10	10	456	79.166667	1.041667	0.754118
26.096	11	2	0.618879	20	20	456	37.5	0	0.754118
26.096	12	1	2.266402	10	10	456	79.166667	1.041667	0.754118
26.096	12	2	0.618879	20	20	456	37.5	0	0.754118
26.096	13	1	2.266402	10	10	456	79.166667	1.041667	0.754118
26.096	13	2	0.618879	20	20	456	37.5	0	0.754118
26.096	14	1	2.266402	10	10	456	79.166667	1.041667	0.754118
26.096	14	2	0.618879	20	20	456	37.5	0	0.754118
26.096	15	1	2.266402	10	10	456	79.166667	1.041667	0.754118
26.096	15	2	0.618879	20	20	456	37.5	0	0.754118
26.096	16	1	2.266402	10	10	456	79.166667	1.041667	0.754118
26.096	16	2	0.618879	20	20	456	37.5	0	0.754118
26.096	17	1	2.266402	10	10	456	79.166667	1.041667	0.754118
26.096	17	2	0.618879	20	20	456	37.5	0	0.754118
26.096	18	1	2.266402	10	10	456	79.166667	1.041667	0.754118
26.096	18	2	0.618879	20	20	456	37.5	0	0.754118
26.096	19	1	2.266402	10	10	456	79.166667	1.041667	0.754118
26.096	19	2	0.618879	20	20	456	37.5	0	0.754118
26.096	20	1	2.266402	10	10	456	79.166667	1.041667	0.754118
26.096	20	2	0.618879	20	20	456	37.5	0	0.754118
26.096	21	1	2.266402	10	10	456	79.166667	1.041667	0.754118
26.096	21	2	0.618879	20	20	456	37.5	0	0.754118
26.096	22	1	2.266402	10	10	456	79.166667	1.041667	0.754118
26.096	22	2	0.618879	20	20	456	37.5	0	0.754118
26.096	23	1	2.266402	10	10	456	79.166667	1.041667	0.754118
26.096	23	2	0.618879	20	20	456	37.5	0	0.754118
26.096	24	1	2.266402	10	10	456	79.166667	1.041667	0.754118
26.096	24	2	0.618879	20	20	456	37.5	0	0.754118
26.096	25	1	2.266402	10	10	456	79.166667	1.041667	0.754118
26.096	25	2	0.618879	20	20	456	37.5	0	0.754118
26.096	26	1	2.266402	10	10	456	79.166667	1.041667	0.754118
26.096	26	2	0.618879	20	20	456	37.5	0	0.754118
26.096	27	1	2.266402	10	10	456	79.166667	1.041667	0.754118
26.096	27	2	0.618879	20	20	456	37.5	0	0.754118
26.096	28	1	2.266402	10	10	456	79.166667	1.041667	0.754118
26.096	28	2	0.618879	20	20	456	37.5	0	0.754118
26.096	29	1	2.266402	10	10	456	79.166667	1.041667	0.754118
26.096	29	2	0.618879	20	20	456	37.5	0	0.754118
26.096	30	1	2.266402	10	10	456	79.166667	1.041667	0.754118
26.096	30	2	0.618879	20	20	456	37.5	0	0.754118
26.096	31	1	2.266402	10	10	456	79.166667	1.041667	0.754118
26.096	31	2	0.618879	20	20	456	37.5	0	0.754118
26.096	32	1	2.266402	10	10	456	79.166667	1.041667	0.754118
26.096	32	2	0.618879	20	20	456	37.5	0	0.754118
26.096	33	1	2.266402	10	10	456	79.166667	1.041667	0.754118
26.096	33	2	0.618879	20	20	456	37.5	0	0.754118
26.096	34	1	2.266402	10	10	456	79.166667	1.041667	0.754118
26.096	34	2	0.618879	20	20	456	37.5	0	0.754118
26.096	35	1	2.266402	10	10	456	79.166667	1.041667	0.754118
26.096	35	2	0.618879	20	20	456	37.5	0	0.754118
26.096	36	1	2.266402	10	10	456	79.166667	1.041667	0.754118
26.096	36	2	0.618879	20	20	456	37.5	0	0.754118
26.096	37	1	2.266402	10	10	456	79.166667	1.041667	0.754118
26.096	37	2	0.618879	20	20	456	37.5	0	0.754118
26.096	38	1	2.266402	10	10	456	79.166667	1.041667	0.754118
26.096	38	2	0.618879	20	20	456	37.5	0	0.754118
26.096	39	1	2.266402	10	10	456	79.166667	1.041667	0.754118
26.096	39	2	0.618879	20	20	456	37.5	0	0.754118
26.096	40	1	2.266402	10	10	456	79.166667	1.041667	0.754118
26.096	40	2	0.618879	20	20	456	37.5	0	0.754118
26.096	41	1	2.266402	10	10	456	79.166667	1.041667	0.754118
26.096	41	2	0.618879	20	20	456	37.5	0	0.754118
26.096	42	1	2.266402	10	10	456	79.166667	1.041667	0.754118
26.096	42	2	0.618879	20	20	456	37.5	0	0.754118
26.096	43	1	2.266402	10	10	456	79.166667	1.041667	0.754118
26.096	43	2	0.618879	20	20	456	37.5	0	0.754118
26.096	44	1	2.266402	10	10	456	79.166667	1.041667	0.754118
26.096	44	2	0.618879	20	20	456	37.5	0	0.754118
26.096	45	1	2.266402	10	10	456	79.166667	1.041667	0.754118
26.096	45	2	0.618879	20	20	456	37.5	0	0.754118
26.096	46	1	2.266402	10	10	456	79.166667	1.041667	0.754118
26.096	46	2	0.618879	20	20	456	37.5	0	0.754118
26.096	47	1	2.266402	10	10	456	79.166667	1.041667	0.754118
26.096	47	2	0.618879	20	20	456	37.5	0	0.754118
26.096	48	1	2.266402	10	10	456	79.166667	1.041667	0.754118
26.096	48	2	0.618879	20	20	456	37.5	0	0.754118
26.096	49	1	2.266402	10	10	456	79.166667	1.041667	0.754118
26.096	49	2	0.618879	20	20	456	37.5	0	0.754118
26.096	50	1	2.266402	10	10	456	79.166667	1.041667	0.754118
26.096	50	2	0.618879	20	20	456	37.5	0	0.754118
26.096	51	1	2.266402	10	10	456	79.166667	1.041667	0.754118
26.096	51	2	0.618879	20	20	456	37.5	0	0.754118
26.096	52	1	2.266402	10	10	456	79.166667	1.041667	0.754118
26.096	52	2	0.618879	20	20	456	37.5	0	0.754118
26.096	53	1	2.266402	10	10	456	79.166667	1.041667	0.754118
26.096	53	2	0.618879	20	20	456	37.5	0	0.754118
26.096	54	1	2.266402	10	10	456	79.166667	1.041667	0.754118
26.096	54	2	0.618879	20	20	456	37.5	0	0.754118
26.096	55	1	2.266402	10	10	456	79.166667	1.041667	0.754118
26.096	55	2	0.618879	20	20	456	37.5	0	0.754118
26.096	56	1	2.266402	10	10	456	79.166667	1.041667	0.754118
26.096	56	2	0.618879	20	20	456	37.5	0	0.754118
26.096	57	1	2.266402	10	10	456	79.166667	1.041667	0.754118
26.096	57	2	0.618879	20	20	456	37.5	0	0.754118
26.096	58	1	2.266402	10	10	456	79.166667	1.041667	0.754118
26.096	58	2	0.618879	20	20	456	37.5	0	0.754118
26.096	59	1	2.266402	10	10	456	79.166667	1.041667	0.754118
26.096	59	2	0.618879	20	20	456	37.5	0	0.754118
26.096	60	1	2.266402	10	10	456	79.166667	1.041667	0.754118
26.096	60	2	0.618879	20	20	456	37.5	0	0.754118
26.096	61	1	2.266402	10	10	456	79.166667	1.041667	0.754118
26.096	61	2	0.618879	20	20	456	37.5	0	0.754118
26.096	62	1	2.266402	10	10	456	79.166667	1.041667	0.754118
26.096	62	2	0.618879	20	20	456	37.5	0	0.754118
26.096	63	1	2.266402	10	10	456	79.166667	1.041667	0.754118
26.096	63	2	0.618879	20	20	456	37.5	0	0.754118
26.096	64	1	2.266402	10	10	456	79.166667	1.041667	0.754118
26.096	64	2	0.618879	20	20	456	37.5	0	0.754118
26.096	65	1	2.266402	10	10	456	79.166667	1.041667	0.754118
26.096	65	2	0.618879	20	20	456	37.5	0	0.754118
26.599	0	1	2.385686	10	10	480	79.166667	0.990099	0.754118
26.599	0	2	0.651451	20	20	480	37.5	0	0.754118
26.599	1	1	2.385686	10	10	480	79.166667	0.990099	0.754118
26.599	1	2	0.651451	20	20	480	37.5	0	0.754118
26.599	2	1	2.385686	10	10	480	79.166667	0.990099	0.754118
26.599	2	2	0.651451	20	20	480	37.5	0	0.754118
26.599	3	1	2.385686	10	10	480	79.166667	0.990099	0.754118
26.599	3	2	0.651451	20	20	480	37.5	0	0.754118
26.599	4	1	2.385686	10	10	480	79.166667	0.990099	0.754118
26.599	4	2	0.651451	20	20	480	37.5	0	0.754118
26.599	5	1	2.385686	10	10	480	79.166667	0.990099	0.754118
26.599	5	2	0.651451	20	20	480	37.5	0	0.754118
26.599	6	1	2.385686	10	10	480	79.166667	0.990099	0.754118
26.599	6	2	0.651451	20	20	480	37.5	0	0.754118
26.599	7	1	2.385686	10	10	480	79.166667	0.990099	0.754118
26.599	7	2	0.651451	20	20	480	37.5	0	0.754118
26.599	8	1	2.385686	10	10	480	79.166667	0.990099	0.754118
26.599	8	2	0.651451	20	20	480	37.5	0	0.754118
26.599	9	1	2.385686	10	10	480	79.166667	0.990099	0.754118
26.599	9	2	0.651451	20	20	480	37.5	0	0.754118
26.599	10	1	2.385686	10	10	480	79.166667	0.990099	0.754118
26.599	10	2	0.651451	20	20	480	37.5	0	0.754118
26.599	11	1	2.385686	10	10	480	79.166667	0.990099	0.754118
26.599	11	2	0.651451	20	20	480	37.5	0	0.754118
26.599	12	1	2.385686	10	10	480	79.166667	0.990099	0.754118
26.599	12	2	0.651451	20	20	480	37.5	0	0.754118
26.599	13	1	2.385686	10	10	480	79.166667	0.990099	0.754118
26.599	13	2	0.651451	20	20	480	37.5	0	0.754118
26.599	14	1	2.385686	10	10	480	79.166667	0.990099	0.754118
26.599	14	2	0.651451	20	20	480	37.5	0	0.754118
26.599	15	1	2.385686	10	10	480	79.166667	0.990099	0.754118
26.599	15	2	0.651451	20	20	480	37.5	0	0.754118
26.599	16	1	2.385686	10	10	480	79.166667	0.990099	0.754118
26.599	16	2	0.651451	20	20	480	37.5	0	0.754118
26.599	17	1	2.385686	10	10	480	79.166667	0.990099	0.754118
26.599	17	2	0.651451	20	20	480	37.5	0	0.754118
26.599	18	1	2.385686	10	10	480	79.166667	0.990099	0.754118
26.599	18	2	0.651451	20	20	480	37.5	0	0.754118
26.599	19	1	2.385686	10	10	480	79.166667	0.990099	0.754118
26.599	19	2	0.651451	20	20	480	37.5	0	0.754118
26.599	20	1	2.385686	10	10	480	79.166667	0.990099	0.754118
26.599	20	2	0.651451	20	20	480	37.5	0	0.754118
26.599	21	1	2.385686	10	10	480	79.166667	0.990099	0.754118
26.599	21	2	0.651451	20	20	480	37.5	0	0.754118
26.599	22	1	2.385686	10	10	480	79.166667	0.990099	0.754118
26.599	22	2	0.651451	20	20	480	37.5	0	0.754118
26.599	23	1	2.385686	10	10	480	79.166667	0.990099	0.754118
26.599	23	2	0.651451	20	20	480	37.5	0	0.754118
26.599	24	1	2.385686	10	10	480	79.166667	0.990099	0.754118
26.599	24	2	0.651451	20	20	480	37.5	0	0.754118
26.599	25	1	2.385686	10	10	480	79.166667	0.990099	0.754118
26.599	25	2	0.651451	20	20	480	37.5	0	0.754118
26.599	26	1	2.385686	10	10	480	79.166667	0.990099	0.754118
26.599	26	2	0.651451	20	20	480	37.5	0	0.754118
26.599	27	1	2.385686	10	10	480	79.166667	0.990099	0.754118
26.599	27	2	0.651451	20	20	480	37.5	0	0.754118
26.599	28	1	2.385686	10	10	480	79.166667	0.990099	0.754118
26.599	28	2	0.651451	20	20	480	37.5	0	0.754118
26.599	29	1	2.385686	10	10	480	79.166667	0.990099	0.754118
26.599	29	2	0.651451	20	20	480	37.5	0	0.754118
26.599	30	1	2.385686	10	10	480	79.166667	0.990099	0.754118
26.599	30	2	0.651451	20	20	480	37.5	0	0.754118
26.599	31	1	2.385686	10	10	480	79.166667	0.990099	0.754118
26.599	31	2	0.651451	20	20	480	37.5	0	0.754118
26.599	32	1	2.385686	10	10	480	79.166667	0.990099	0.754118
26.599	32	2	0.651451	20	20	480	37.5	0	0.754118
26.599	33	1	2.385686	10	10	480	79.166667	0.990099	0.754118
26.599	33	2	0.651451	20	20	480	37.5	0	0.754118
26.599	34	1	2.385686	10	10	480	79.166667	0.990099	0.754118
26.599	34	2	0.651451	20	20	480	37.5	0	0.754118
26.599	35	1	2.385686	10	10	480	79.166667	0.990099	0.754118
26.599	35	2	0.651451	20	20	480	37.5	0	0.754118
26.599	36	1	2.385686	10	10	480	79.166667	0.990099	0.754118
26.599	36	2	0.651451	20	20	480	37.5	0	0.754118
26.599	37	1	2.385686	10	10	480	79.166667	0.990099	0.754118
26.599	37	2	0.651451	20	20	480	37.5	0	0.754118
26.599	38	1	2.385686	10	10	480	79.166667	0.990099	0.754118
26.599	38	2	0.651451	20	20	480	37.5	0	0.754118
26.599	39	1	2.385686	10	10	480	79.166667	0.990099	0.754118
26.599	39	2	0.651451	20	20	480	37.5	0	0.754118
26.599	40	1	2.385686	10	10	480	79.166667	0.990099	0.754118
26.599	40	2	0.651451	20	20	480	37.5	0	0.754118
26.599	41	1	2.385686	10	10	480	79.166667	0.990099	0.754118
26.599	41	2	0.651451	20	20	480	37.5	0	0.754118
26.599	42	1	2.385686	10	10	480	79.166667	0.990099	0.754118
26.599	42	2	0.651451	20	20	480	37.5	0	0.754118
26.599	43	1	2.385686	10	10	480	79.166667	0.990099	0.754118
26.599	43	2	0.651451	20	20	480	37.5	0	0.754118
26.599	44	1	2.385686	10	10	480	79.166667	0.990099	0.754118
26.599	44	2	0.651451	20	20	480	37.5	0	0.754118
26.599	45	1	2.385686	10	10	480	79.166667	0.990099	0.754118
26.599	45	2	0.651451	20	20	480	37.5	0	0.754118
26.599	46	1	2.385686	10	10	480	79.166667	0.990099	0.754118
26.599	46	2	0.651451	20	20	480	37.5	0	0.754118
26.599	47	1	2.385686	10	10	480	79.166667	0.990099	0.754118
26.599	47	2	0.651451	20	20	480	37.5	0	0.754118
26.599	48	1	2.385686	10	10	480	79.166667	0.990099	0.754118
26.599	48	2	0.651451	20	20	480	37.5	0	0.754118
26.599	49	1	2.385686	10	10	480	79.166667	0.990099	0.754118
26.599	49	2	0.651451	20	20	480	37.5	0	0.754118
26.599	50	1	2.385686	10	10	480	79.166667	0.990099	0.754118
26.599	50	2	0.651451	20	20	480	37.5	0	0.754118
26.599	51	1	2.385686	10	10	480	79.166667	0.990099	0.754118
26.599	51	2	0.651451	20	20	480	37.5	0	0.754118
26.599	52	1	2.385686	10	10	480	79.166667	0.990099	0.754118
26.599	52	2	0.651451	20	20	480	37.5	0	0.754118
26.599	53	1	2.385686	10	10	480	79.166667	0.990099	0.754118
26.599	53	2	0.651451	20	20	480	37.5	0	0.754118
26.599	54	1	2.385686	10	10	480	79.166667	0.990099	0.754118
26.599	54	2	0.651451	20	20	480	37.5	0	0.754118
26.599	55	1	2.385686	10	10	480	79.166667	0.990099	0.754118
26.599	55	2	0.651451	20	20	480	37.5	0	0.754118
26.599	56	1	2.385686	10	10	480	79.166667	0.990099	0.754118
26.599	56	2	0.651451	20	20	480	37.5	0	0.754118
26.599	57	1	2.385686	10	10	480	79.166667	0.990099	0.754118
26.599	57	2	0.651451	20	20	480	37.5	0	0.754118
26.599	58	1	2.385686	10	10	480	79.166667	0.990099	0.754118
26.599	58	2	0.651451	20	20	480	37.5	0	0.754118
26.599	59	1	2.385686	10	10	480	79.166667	0.990099	0.754118
26.599	59	2	0.651451	20	20	480	37.5	0	0.754118
26.599	60	1	2.385686	10	10	480	79.166667	0.990099	0.754118
26.599	60	2	0.651451	20	20	480	37.5	0	0.754118
26.599	61	1	2.385686	10	10	480	79.166667	0.990099	0.754118
26.599	61	2	0.651451	20	20	480	37.5	0	0.754118
26.599	62	1	2.385686	10	10	480	79.166667	0.990099	0.754118
26.599	62	2	0.651451	20	20	480	37.5	0	0.754118
26.599	63	1	2.385686	10	10	480	79.166667	0.990099	0.754118
26.599	63	2	0.651451	20	20	480	37.5	0	0.754118
26.599	64	1	2.385686	10	10	480	79.166667	0.990099	0.754118
26.599	64	2	0.651451	20	20	480	37.5	0	0.754118
26.599	65	1	2.385686	10	10	480	79.166667	0.990099	0.754118
26.599	65	2	0.651451	20	20	480	37.5	0	0.754118
27.102	0	1	2.266402	10	10	456	79.166667	1.041667	0.754118
27.102	0	2	0.618879	20	20	456	37.5	0	0.754118
27.102	1	1	2.266402	10	10	456	79.166667	1.041667	0.754118
27.102	1	2	0.618879	20	20	456	37.5	0	0.754118
27.102	2	1	2.266402	10	10	456	79.166667	1.041667	0.754118
27.102	2	2	0.618879	20	20	456	37.5	0	0.754118
27.102	3	1	2.266402	10	10	456	79.166667	1.041667	0.754118
27.102	3	2	0.618879	20	20	456	37.5	0	0.754118
27.102	4	1	2.266402	10	10	456	79.166667	1.041667	0.754118
27.102	4	2	0.618879	20	20	456	37.5	0	0.754118
27.102	5	1	2.266402	10	10	456	79.166667	1.041667	0.754118
27.102	5	2	0.618879	20	20	456	37.5	0	0.754118
27.102	6	1	2.266402	10	10	456	79.166667	1.041667	0.754118
27.102	6	2	0.618879	20	20	456	37.5	0	0.754118
27.102	7	1	2.266402	10	10	456	79.166667	1.041667	0.754118
27.102	7	2	0.618879	20	20	456	37.5	0	0.754118
27.102	8	1	2.266402	10	10	456	79.166667	1.041667	0.754118
27.102	8	2	0.618879	20	20	456	37.5	0	0.754118
27.102	9	1	2.266402	10	10	456	79.166667	1.041667	0.754118
27.102	9	2	0.618879	20	20	456	37.5	0	0.754118
27.102	10	1	2.266402	10	10	456	79.166667	1.041667	0.754118
27.102	10	2	0.618879	20	20	456	37.5	0	0.754118
27.102	11	1	2.266402	10	10	456	79.166667	1.041667	0.754118
27.102	11	2	0.618879	20	20	456	37.5	0	0.754118
27.102	12	1	2.266402	10	10	456	79.166667	1.041667	0.754118
27.102	12	2	0.618879	20	20	456	37.5	0	0.754118
27.102	13	1	2.266402	10	10	456	79.166667	1.041667	0.754118
27.102	13	2	0.618879	20	20	456	37.5	0	0.754118
27.102	14	1	2.266402	10	10	456	79.166667	1.041667	0.754118
27.102	14	2	0.618879	20	20	456	37.5	0	0.754118
27.102	15	1	2.266402	10	10	456	79.166667	1.041667	0.754118
27.102	15	2	0.618879	20	20	456	37.5	0	0.754118
27.102	16	1	2.266402	10	10	456	79.166667	1.041667	0.754118
27.102	16	2	0.618879	20	20	456	37.5	0	0.754118
27.102	17	1	2.266402	10	10	456	79.166667	1.041667	0.754118
27.102	17	2	0.618879	20	20	456	37.5	0	0.754118
27.102	18	1	2.266402	10	10	456	79.166667	1.041667	0.754118
27.102	18	2	0.618879	20	20	456	37.5	0	0.754118
27.102	19	1	2.266402	10	10	456	79.166667	1.041667	0.754118
27.102	19	2	0.618879	20	20	456	37.5	0	0.754118
27.102	20	1	2.266402	10	10	456	79.166667	1.041667	0.754118
27.102	20	2	0.618879	20	20	456	37.5	0	0.754118
27.102	21	1	2.266402	10	10	456	79.166667	1.041667	0.754118
27.102	21	2	0.618879	20	20	456	37.5	0	0.754118
27.102	22	1	2.266402	10	10	456	79.166667	1.041667	0.754118
27.102	22	2	0.618879	20	20	456	37.5	0	0.754118
27.102	23	1	2.266402	10	10	456	79.166667	1.041667	0.754118
27.102	23	2	0.618879	20	20	456	37.5	0	0.754118
27.102	24	1	2.266402	10	10	456	79.166667	1.041667	0.754118
27.102	24	2	0.618879	20	20	456	37.5	0	0.754118
27.102	25	1	2.266402	10	10	456	79.166667	1.041667	0.754118
27.102	25	2	0.618879	20	20	456	37.5	0	0.754118
27.102	26	1	2.266402	10	10	456	79.166667	1.041667	0.754118
27.102	26	2	0.618879	20	20	456	37.5	0	0.754118
27.102	27	1	2.266402	10	10	456	79.166667	1.041667	0.754118
27.102	27	2	0.618879	20	20	456	37.5	0	0.754118
27.102	28	1	2.266402	10	10	456	79.166667	1.041667	0.754118
27.102	28	2	0.618879	20	20	456	37.5	0	0.754118
27.102	29	1	2.266402	10	10	456	79.166667	1.041667	0.754118
27.102	29	2	0.618879	20	20	456	37.5	0	0.754118
27.102	30	1	2.266402	10	10	456	79.166667	1.041667	0.754118
27.102	30	2	0.618879	20	20	456	37.5	0	0.754118
27.102	31	1	2.266402	10	10	456	79.166667	1.041667	0.754118
27.102	31	2	0.618879	20	20	456	37.5	0	0.754118
27.102	32	1	2.266402	10	10	456	79.166667	1.041667	0.754118
27.102	32	2	0.618879	20	20	456	37.5	0	0.754118
27.102	33	1	2.266402	10	10	456	79.166667	1.041667	0.754118
27.102	33	2	0.618879	20	20	456	37.5	0	0.754118
27.102	34	1	2.266402	10	10	456	79.166667	1.041667	0.754118
27.102	34	2	0.618879	20	20	456	37.5	0	0.754118
27.102	35	1	2.266402	10	10	456	79.166667	1.041667	0.754118
27.102	35	2	0.618879	20	20	456	37.5	0	0.754118
27.102	36	1	2.266402	10	10	456	79.166667	1.041667	0.754118
27.102	36	2	0.618879	20	20	456	37.5	0	0.754118
27.102	37	1	2.266402	10	10	456	79.166667	1.041667	0.754118
27.102	37	2	0.618879	20	20	456	37.5	0	0.754118
27.102	38	1	2.266402	10	10	456	79.166667	1.041667	0.754118
27.102	38	2	0.618879	20	20	456	37.5	0	0.754118
27.102	39	1	2.266402	10	10	456	79.166667	1.041667	0.754118
27.102	39	2	0.618879	20	20	456	37.5	0	0.754118
27.102	40	1	2.266402	10	10	456	79.166667	1.041667	0.754118
27.102	40	2	0.618879	20	20	456	37.5	0	0.754118
27.102	41	1	2.266402	10	10	456	79.166667	1.041667	0.754118
27.102	41	2	0.618879	20	20	456	37.5	0	0.754118
27.102	42	1	2.266402	10	10	456	79.166667	1.041667	0.754118
27.102	42	2	0.618879	20	20	456	37.5	0	0.754118
27.102	43	1	2.266402	10	10	456	79.166667	1.041667	0.754118
27.102	43	2	0.618879	20	20	456	37.5	0	0.754118
27.102	44	1	2.266402	10	10	456	79.166667	1.041667	0.754118
27.102	44	2	0.618879	20	20	456	37.5	0	0.754118
27.102	45	1	2.266402	10	10	456	79.166667	1.041667	0.754118
27.102	45	2	0.618879	20	20	456	37.5	0	0.754118
27.102	46	1	2.266402	10	10	456	79.166667	1.041667	0.754118
27.102	46	2	0.618879	20	20	456	37.5	0	0.754118
27.102	47	1	2.266402	10	10	456	79.166667	1.041667	0.754118
27.102	47	2	0.618879	20	20	456	37.5	0	0.754118
27.102	48	1	2.266402	10	10	456	79.166667	1.041667	0.754118
27.102	48	2	0.618879	20	20	456	37.5	0	0.754118
27.102	49	1	2.266402	10	10	456	79.166667	1.041667	0.754118
27.102	49	2	0.618879	20	20	456	37.5	0	0.754118
27.102	50	1	2.266402	10	10	456	79.166667	1.041667	0.754118
27.102	50	2	0.618879	20	20	456	37.5	0	0.754118
27.102	51	1	2.266402	10	10	456	79.166667	1.041667	0.754118
27.102	51	2	0.618879	20	20	456	37.5	0	0.754118
27.102	52	1	2.266402	10	10	456	79.166667	1.041667	0.754118
27.102	52	2	0.618879	20	20	456	37.5	0	0.754118
27.102	53	1	2.266402	10	10	456	79.166667	1.041667	0.754118
27.102	53	2	0.618879	20	20	456	37.5	0	0.754118
27.102	54	1	2.266402	10	10	456	79.166667	1.041667	0.754118
27.102	54	2	0.618879	20	20	456	37.5	0	0.754118
27.102	55	1	2.266402	10	10	456	79.166667	1.041667	0.754118
27.102	55	2	0.618879	20	20	456	37.5	0	0.754118
27.102	56	1	2.266402	10	10	456	79.166667	1.041667	0.754118
27.102	56	2	0.618879	20	20	456	37.5	0	0.754118
27.102	57	1	2.266402	10	10	456	79.166667	1.041667	0.754118
27.102	57	2	0.618879	20	20	456	37.5	0	0.754118
27.102	58	1	2.266402	10	10	456	79.166667	1.041667	0.754118
27.102	58	2	0.618879	20	20	456	37.5	0	0.754118
27.102	59	1	2.266402	10	10	456	79.166667	1.041667	0.754118
27.102	59	2	0.618879	20	20	456	37.5	0	0.754118
27.102	60	1	2.266402	10	10	456	79.166667	1.041667	0.754118
27.102	60	2	0.618879	20	20	456	37.5	0	0.754118
27.102	61	1	2.266402	10	10	456	79.166667	1.041667	0.754118
27.102	61	2	0.618879	20	20	456	37.5	0	0.754118
27.102	62	1	2.266402	10	10	456	79.166667	1.041667	0.754118
27.102	62	2	0.618879	20	20	456	37.5	0	0.754118
27.102	63	1	2.266402	10	10	456	79.166667	1.041667	0.754118
27.102	63	2	0.618879	20	20	456	37.5	0	0.754118
27.102	64	1	2.266402	10	10	456	79.166667	1.041667	0.754118
27.102	64	2	0.618879	20	20	456	37.5	0	0.754118
27.102	65	1	2.266402	10	10	456	79.166667	1.041667	0.754118
27.102	65	2	0.618879	20	20	456	37.5	0	0.754118
27.605	0	1	2.266402	10	10	456	79.166667	1.041667	0.754118
27.605	0	2	0.618879	20	20	456	37.5	0	0.754118
27.605	1	1	2.266402	10	10	456	79.166667	1.041667	0.754118
27.605	1	2	0.618879	20	20	456	37.5	0	0.754118
27.605	2	1	2.266402	10	10	456	79.166667	1.041667	0.754118
27.605	2	2	0.618879	20	20	456	37.5	0	0.754118
27.605	3	1	2.266402	10	10	456	79.166667	1.041667	0.754118
27.605	3	2	0.618879	20	20	456	37.5	0	0.754118
27.605	4	1	2.266402	10	10	456	79.166667	1.041667	0.754118
27.605	4	2	0.618879	20	20	456	37.5	0	0.754118
27.605	5	1	2.266402	10	10	456	79.166667	1.041667	0.754118
27.605	5	2	0.618879	20	20	456	37.5	0	0.754118
27.605	6	1	2.266402	10	10	456	79.166667	1.041667	0.754118
27.605	6	2	0.618879	20	20	456	37.5	0	0.754118
27.605	7	1	2.266402	10	10	456	79.166667	1.041667	0.754118
27.605	7	2	0.618879	20	20	456	37.5	0	0.754118
27.605	8	1	2.266402	10	10	456	79.166667	1.041667	0.754118
27.605	8	2	0.618879	20	20	456	37.5	0	0.754118
27.605	9	1	2.266402	10	10	456	79.166667	1.041667	0.754118
27.605	9	2	0.618879	20	20	456	37.5	0	0.754118
27.605	10	1	2.266402	10	10	456	79.166667	1.041667	0.754118
27.605	10	2	0.618879	20	20	456	37.5	0	0.754118
27.605	11	1	2.266402	10	10	456	79.166667	1.041667	0.754118
27.605	11	2	0.618879	20	20	456	37.5	0	0.754118
27.605	12	1	2.266402	10	10	456	79.166667	1.041667	0.754118
27.605	12	2	0.618879	20	20	456	37.5	0	0.754118
27.605	13	1	2.266402	10	10	456	79.166667	1.041667	0.754118
27.605	13	2	0.618879	20	20	456	37.5	0	0.754118
27.605	14	1	2.266402	10	10	456	79.166667	1.041667	0.754118
27.605	14	2	0.618879	20	20	456	37.5	0	0.754118
27.605	15	1	2.266402	10	10	456	79.166667	1.041667	0.754118
27.605	15	2	0.618879	20	20	456	37.5	0	0.754118
27.605	16	1	2.266402	10	10	456	79.166667	1.041667	0.754118
27.605	16	2	0.618879	20	20	456	37.5	0	0.754118
27.605	17	1	2.266402	10	10	456	79.166667	1.041667	0.754118
27.605	17	2	0.618879	20	20	456	37.5	0	0.754118
27.605	18	1	2.266402	10	10	456	79.166667	1.041667	0.754118
27.605	18	2	0.618879	20	20	456	37.5	0	0.754118
27.605	19	1	2.266402	10	10	456	79.166667	1.041667	0.754118
27.605	19	2	0.618879	20	20	456	37.5	0	0.754118
27.605	20	1	2.266402	10	10	456	79.166667	1.041667	0.754118
27.605	20	2	0.618879	20	20	456	37.5	0	0.754118
27.605	21	1	2.266402	10	10	456	79.166667	1.041667	0.754118
27.605	21	2	0.618879	20	20	456	37.5	0	0.754118
27.605	22	1	2.266402	10	10	456	79.166667	1.041667	0.754118
27.605	22	2	0.618879	20	20	456	37.5	0	0.754118
27.605	23	1	2.266402	10	10	456	79.166667	1.041667	0.754118
27.605	23	2	0.618879	20	20	456	37.5	0	0.754118
27.605	24	1	2.266402	10	10	456	79.166667	1.041667	0.754118
27.605	24	2	0.618879	20	20	456	37.5	0	0.754118
27.605	25	1	2.266402	10	10	456	79.166667	1.041667	0.754118
27.605	25	2	0.618879	20	20	456	37.5	0	0.754118
27.605	26	1	2.266402	10	10	456	79.166667	1.041667	0.754118
27.605	26	2	0.618879	20	20	456	37.5	0	0.754118
27.605	27	1	2.266402	10	10	456	79.166667	1.041667	0.754118
27.605	27	2	0.618879	20	20	456	37.5	0	0.754118
27.605	28	1	2.266402	10	10	456	79.166667	1.041667	0.754118
27.605	28	2	0.618879	20	20	456	37.5	0	0.754118
27.605	29	1	2.266402	10	10	456	79.166667	1.041667	0.754118
27.605	29	2	0.618879	20	20	456	37.5	0	0.754118
27.605	30	1	2.266402	10	10	456	79.166667	1.041667	0.754118
27.605	30	2	0.618879	20	20	456	37.5	0	0.754118
27.605	31	1	2.266402	10	10	456	79.166667	1.041667	0.754118
27.605	31	2	0.618879	20	20	456	37.5	0	0.754118
27.605	32	1	2.266402	10	10	456	79.166667	1.041667	0.754118
27.605	32	2	0.618879	20	20	456	37.5	0	0.754118
27.605	33	1	2.266402	10	10	456	79.166667	1.041667	0.754118
27.605	33	2	0.618879	20	20	456	37.5	0	0.754118
27.605	34	1	2.266402	10	10	456	79.166667	1.041667	0.754118
27.605	34	2	0.618879	20	20	456	37.5	0	0.754118
27.605	35	1	2.266402	10	10	456	79.166667	1.041667	0.754118
27.605	35	2	0.618879	20	20	456	37.5	0	0.754118
27.605	36	1	2.266402	10	10	456	79.166667	1.041667	0.754118
27.605	36	2	0.618879	20	20	456	37.5	0	0.754118
27.605	37	1	2.266402	10	10	456	79.166667	1.041667	0.754118
27.605	37	2	0.618879	20	20	456	37.5	0	0.754118
27.605	38	1	2.266402	10	10	456	79.166667	1.041667	0.754118
27.605	38	2	0.618879	20	20	456	37.5	0	0.754118
27.605	39	1	2.266402	10	10	456	79.166667	1.041667	0.754118
27.605	39	2	0.618879	20	20	456	37.5	0	0.754118
27.605	40	1	2.266402	10	10	456	79.166667	1.041667	0.754118
27.605	40	2	0.618879	20	20	456	37.5	0	0.754118
27.605	41	1	2.266402	10	10	456	79.166667	1.041667	0.754118
27.605	41	2	0.618879	20	20	456	37.5	0	0.754118
27.605	42	1	2.266402	10	10	456	79.166667	1.041667	0.754118
27.605	42	2	0.618879	20	20	456	37.5	0	0.754118
27.605	43	1	2.266402	10	10	456	79.166667	1.041667	0.754118
27.605	43	2	0.618879	20	20	456	37.5	0	0.754118
27.605	44	1	2.266402	10	10	456	79.166667	1.041667	0.754118
27.605	44	2	0.618879	20	20	456	37.5	0	0.754118
27.605	45	1	2.266402	10	10	456	79.166667	1.041667	0.754118
27.605	45	2	0.618879	20	20	456	37.5	0	0.754118
27.605	46	1	2.266402	10	10	456	79.166667	1.041667	0.754118
27.605	46	2	0.618879	20	20	456	37.5	0	0.754118
27.605	47	1	2.266402	10	10	456	79.166667	1.041667	0.754118
27.605	47	2	0.618879	20	20	456	37.5	0	0.754118
27.605	48	1	2.266402	10	10	456	79.166667	1.041667	0.754118
27.605	48	2	0.618879	20	20	456	37.5	0	0.754118
27.605	49	1	2.266402	10	10	456	79.166667	1.041667	0.754118
27.605	49	2	0.618879	20	20	456	37.5	0	0.754118
27.605	50	1	2.266402	10	10	456	79.166667	1.041667	0.754118
27.605	50	2	0.618879	20	20	456	37.5	0	0.754118
27.605	51	1	2.266402	10	10	456	79.166667	1.041667	0.754118
27.605	51	2	0.618879	20	20	456	37.5	0	0.754118
27.605	52	1	2.266402	10	10	456	79.166667	1.041667	0.754118
27.605	52	2	0.618879	20	20	456	37.5	0	0.754118
27.605	53	1	2.266402	10	10	456	79.166667	1.041667	0.754118
27.605	53	2	0.618879	20	20	456	37.5	0	0.754118
27.605	54	1	2.266402	10	10	456	79.166667	1.041667	0.754118
27.605	54	2	0.618879	20	20	456	37.5	0	0.754118
27.605	55	1	2.266402	10	10	456	79.166667	1.041667	0.754118
27.605	55	2	0.618879	20	20	456	37.5	0	0.754118
27.605	56	1	2.266402	10	10	456	79.166667	1.041667	0.754118
27.605	56	2	0.618879	20	20	456	37.5	0	0.754118
27.605	57	1	2.266402	10	10	456	79.166667	1.041667	0.754118
27.605	57	2	0.618879	20	20	456	37.5	0	0.754118
27.605	58	1	2.266402	10	10	456	79.166667	1.041667	0.754118
27.605	58	2	0.618879	20	20	456	37.5	0	0.754118
27.605	59	1	2.266402	10	10	456	79.166667	1.041667	0.754118
27.605	59	2	0.618879	20	20	456	37.5	0	0.754118
27.605	60	1	2.266402	10	10	456	79.166667	1.041667	0.754118
27.605	60	2	0.618879	20	20	456	37.5	0	0.754118
27.605	61	1	2.266402	10	10	456	79.166667	1.041667	0.754118
27.605	61	2	0.618879	20	20	456	37.5	0	0.754118
27.605	62	1	2.266402	10	10	456	79.166667	1.041667	0.754118
27.605	62	2	0.618879	20	20	456	37.5	0	0.754118
27.605	63	1	2.266402	10	10	456	79.166667	1.041667	0.754118
27.605	63	2	0.618879	20	20	456	37.5	0	0.754118
27.605	64	1	2.266402	10	10	456	79.166667	1.041667	0.754118
27.605	64	2	0.618879	20	20	456	37.5	0	0.754118
27.605	65	1	2.266402	10	10	456	79.166667	1.041667	0.754118
27.605	65	2	0.618879	20	20	456	37.5	0	0.754118
28.108	0	1	2.385686	10	10	480	79.166667	0.990099	0.754118
28.108	0	2	0.651451	20	20	480	37.5	0	0.754118
28.108	1	1	2.385686	10	10	480	79.166667	0.990099	0.754118
28.108	1	2	0.651451	20	20	480	37.5	0	0.754118
28.108	2	1	2.385686	10	10	480	79.166667	0.990099	0.754118
28.108	2	2	0.651451	20	20	480	37.5	0	0.754118
28.108	3	1	2.385686	10	10	480	79.166667	0.990099	0.754118
28.108	3	2	0.651451	20	20	480	37.5	0	0.754118
28.108	4	1	2.385686	10	10	480	79.166667	0.990099	0.754118
28.108	4	2	0.651451	20	20	480	37.5	0	0.754118
28.108	5	1	2.385686	10	10	480	79.166667	0.990099	0.754118
28.108	5	2	0.651451	20	20	480	37.5	0	0.754118
28.108	6	1	2.385686	10	10	480	79.166667	0.990099	0.754118
28.108	6	2	0.651451	20	20	480	37.5	0	0.754118
28.108	7	1	2.385686	10	10	480	79.166667	0.990099	0.754118
28.108	7	2	0.651451	20	20	480	37.5	0	0.754118
28.108	8	1	2.385686	10	10	480	79.166667	0.990099	0.754118
28.108	8	2	0.651451	20	20	480	37.5	0	0.754118
28.108	9	1	2.385686	10	10	480	79.166667	0.990099	0.754118
28.108	9	2	0.651451	20	20	480	37.5	0	0.754118
28.108	10	1	2.385686	10	10	480	79.166667	0.990099	0.754118
28.108	10	2	0.651451	20	20	480	37.5	0	0.754118
28.108	11	1	2.385686	10	10	480	79.166667	0.990099	0.754118
28.108	11	2	0.651451	20	20	480	37.5	0	0.754118
28.108	12	1	2.385686	10	10	480	79.166667	0.990099	0.754118
28.108	12	2	0.651451	20	20	480	37.5	0	0.754118
28.108	13	1	2.385686	10	10	480	79.166667	0.990099	0.754118
28.108	13	2	0.651451	20	20	480	37.5	0	0.754118
28.108	14	1	2.385686	10	10	480	79.166667	0.990099	0.754118
28.108	14	2	0.651451	20	20	480	37.5	0	0.754118
28.108	15	1	2.385686	10	10	480	79.166667	0.990099	0.754118
28.108	15	2	0.651451	20	20	480	37.5	0	0.754118
28.108	16	1	2.385686	10	10	480	79.166667	0.990099	0.754118
28.108	16	2	0.651451	20	20	480	37.5	0	0.754118
28.108	17	1	2.385686	10	10	480	79.166667	0.990099	0.754118
28.108	17	2	0.651451	20	20	480	37.5	0	0.754118
28.108	18	1	2.385686	10	10	480	79.166667	0.990099	0.754118
28.108	18	2	0.651451	20	20	480	37.5	0	0.754118
28.108	19	1	2.385686	10	10	480	79.166667	0.990099	0.754118
28.108	19	2	0.651451	20	20	480	37.5	0	0.754118
28.108	20	1	2.385686	10	10	480	79.166667	0.990099	0.754118
28.108	20	2	0.651451	20	20	480	37.5	0	0.754118
28.108	21	1	2.385686	10	10	480	79.166667	0.990099	0.754118
28.108	21	2	0.651451	20	20	480	37.5	0	0.754118
28.108	22	1	2.385686	10	10	480	79.166667	0.990099	0.754118
28.108	22	2	0.651451	20	20	480	37.5	0	0.754118
28.108	23	1	2.385686	10	10	480	79.166667	0.990099	0.754118
28.108	23	2	0.651451	20	20	480	37.5	0	0.754118
28.108	24	1	2.385686	10	10	480	79.166667	0.990099	0.754118
28.108	24	2	0.651451	20	20	480	37.5	0	0.754118
28.108	25	1	2.385686	10	10	480	79.166667	0.990099	0.754118
28.108	25	2	0.651451	20	20	480	37.5	0	0.754118
28.108	26	1	2.385686	10	10	480	79.166667	0.990099	0.754118
28.108	26	2	0.651451	20	20	480	37.5	0	0.754118
28.108	27	1	2.385686	10	10	480	79.166667	0.990099	0.754118
28.108	27	2	0.651451	20	20	480	37.5	0	0.754118
28.108	28	1	2.385686	10	10	480	79.166667	0.990099	0.754118
28.108	28	2	0.651451	20	20	480	37.5	0	0.754118
28.108	29	1	2.385686	10	10	480	79.166667	0.990099	0.754118
28.108	29	2	0.651451	20	20	480	37.5	0	0.754118
28.108	30	1	2.385686	10	10	480	79.166667	0.990099	0.754118
28.108	30	2	0.651451	20	20	480	37.5	0	0.754118
28.108	31	1	2.385686	10	10	480	79.166667	0.990099	0.754118
28.108	31	2	0.651451	20	20	480	37.5	0	0.754118
28.108	32	1	2.385686	10	10	480	79.166667	0.990099	0.754118
28.108	32	2	0.651451	20	20	480	37.5	0	0.754118
28.108	33	1	2.385686	10	10	480	79.166667	0.990099	0.754118
28.108	33	2	0.651451	20	20	480	37.5	0	0.754118
28.108	34	1	2.385686	10	10	480	79.166667	0.990099	0.754118
28.108	34	2	0.651451	20	20	480	37.5	0	0.754118
28.108	35	1	2.385686	10	10	480	79.166667	0.990099	0.754118
28.108	35	2	0.651451	20	20	480	37.5	0	0.754118
28.108	36	1	2.385686	10	10	480	79.166667	0.990099	0.754118
28.108	36	2	0.651451	20	20	480	37.5	0	0.754118
28.108	37	1	2.385686	10	10	480	79.166667	0.990099	0.754118
28.108	37	2	0.651451	20	20	480	37.5	0	0.754118
28.108	38	1	2.385686	10	10	480	79.166667	0.990099	0.754118
28.108	38	2	0.651451	20	20	480	37.5	0	0.754118
28.108	39	1	2.385686	10	10	480	79.166667	0.990099	0.754118
28.108	39	2	0.651451	20	20	480	37.5	0	0.754118
28.108	40	1	2.385686	10	10	480	79.166667	0.990099	0.754118
28.108	40	2	0.651451	20	20	480	37.5	0	0.754118
28.108	41	1	2.385686	10	10	480	79.166667	0.990099	0.754118
28.108	41	2	0.651451	20	20	480	37.5	0	0.754118
28.108	42	1	2.385686	10	10	480	79.166667	0.990099	0.754118
28.108	42	2	0.651451	20	20	480	37.5	0	0.754118
28.108	43	1	2.385686	10	10	480	79.166667	0.990099	0.754118
28.108	43	2	0.651451	20	20	480	37.5	0	0.754118
28.108	44	1	2.385686	10	10	480	79.166667	0.990099	0.754118
28.108	44	2	0.651451	20	20	480	37.5	0	0.754118
28.108	45	1	2.385686	10	10	480	79.166667	0.990099	0.754118
28.108	45	2	0.651451	20	20	480	37.5	0	0.754118
28.108	46	1	2.385686	10	10	480	79.166667	0.990099	0.754118
28.108	46	2	0.651451	20	20	480	37.5	0	0.754118
28.108	47	1	2.385686	10	10	480	79.166667	0.990099	0.754118
28.108	47	2	0.651451	20	20	480	37.5	0	0.754118
28.108	48	1	2.385686	10	10	480	79.166667	0.990099	0.754118
28.108	48	2	0.651451	20	20	480	37.5	0	0.754118
28.108	49	1	2.385686	10	10	480	79.166667	0.990099	0.754118
28.108	49	2	0.651451	20	20	480	37.5	0	0.754118
28.108	50	1	2.385686	10	10	480	79.166667	0.990099	0.754118
28.108	50	2	0.651451	20	20	480	37.5	0	0.754118
28.108	51	1	2.385686	10	10	480	79.166667	0.990099	0.754118
28.108	51	2	0.651451	20	20	480	37.5	0	0.754118
28.108	52	1	2.385686	10	10	480	79.166667	0.990099	0.754118
28.108	52	2	0.651451	20	20	480	37.5	0	0.754118
28.108	53	1	2.385686	10	10	480	79.166667	0.990099	0.754118
28.108	53	2	0.651451	20	20	480	37.5	0	0.754118
28.108	54	1	2.385686	10	10	480	79.166667	0.990099	0.754118
28.108	54	2	0.651451	20	20	480	37.5	0	0.754118
28.108	55	1	2.385686	10	10	480	79.166667	0.990099	0.754118
28.108	55	2	0.651451	20	20	480	37.5	0	0.754118
28.108	56	1	2.385686	10	10	480	79.166667	0.990099	0.754118
28.108	56	2	0.651451	20	20	480	37.5	0	0.754118
28.108	57	1	2.385686	10	10	480	79.166667	0.990099	0.754118
28.108	57	2	0.651451	20	20	480	37.5	0	0.754118
28.108	58	1	2.385686	10	10	480	79.166667	0.990099	0.754118
28.108	58	2	0.651451	20	20	480	37.5	0	0.754118
28.108	59	1	2.385686	10	10	480	79.166667	0.990099	0.754118
28.108	59	2	0.651451	20	20	480	37.5	0	0.754118
28.108	60	1	2.385686	10	10	480	79.166667	0.990099	0.754118
28.108	60	2	0.651451	20	20	480	37.5	0	0.754118
28.108	61	1	2.385686	10	10	480	79.166667	0.990099	0.754118
28.108	61	2	0.651451	20	20	480	37.5	0	0.754118
28.108	62	1	2.385686	10	10	480	79.166667	0.990099	0.754118
28.108	62	2	0.651451	20	20	480	37.5	0	0.754118
28.108	63	1	2.385686	10	10	480	79.166667	0.990099	0.754118
28.108	63	2	0.651451	20	20	480	37.5	0	0.754118
28.108	64	1	2.385686	10	10	480	79.166667	0.990099	0.754118
28.108	64	2	0.651451	20	20	480	37.5	0	0.754118
28.108	65	1	2.385686	10	10	480	79.166667	0.990099	0.754118
28.108	65	2	0.651451	20	20	480	37.5	0	0.754118
28.611	0	1	2.266402	10	10	456	79.166667	1.041667	0.754118
28.611	0	2	0.618879	20	20	456	37.5	0	0.754118
28.611	1	1	2.266402	10	10	456	79.166667	1.041667	0.754118
28.611	1	2	0.618879	20	20	456	37.5	0	0.754118
28.611	2	1	2.266402	10	10	456	79.166667	1.041667	0.754118
28.611	2	2	0.618879	20	20	456	37.5	0	0.754118
28.611	3	1	2.266402	10	10	456	79.166667	1.041667	0.754118
28.611	3	2	0.618879	20	20	456	37.5	0	0.754118
28.611	4	1	2.266402	10	10	456	79.166667	1.041667	0.754118
28.611	4	2	0.618879	20	20	456	37.5	0	0.754118
28.611	5	1	2.266402	10	10	456	79.166667	1.041667	0.754118
28.611	5	2	0.618879	20	20	456	37.5	0	0.754118
28.611	6	1	2.266402	10	10	456	79.166667	1.041667	0.754118
28.611	6	2	0.618879	20	20	456	37.5	0	0.754118
28.611	7	1	2.266402	10	10	456	79.166667	1.041667	0.754118
28.611	7	2	0.618879	20	20	456	37.5	0	0.754118
28.611	8	1	2.266402	10	10	456	79.166667	1.041667	0.754118
28.611	8	2	0.618879	20	20	456	37.5	0	0.754118
28.611	9	1	2.266402	10	10	456	79.166667	1.041667	0.754118
28.611	9	2	0.618879	20	20	456	37.5	0	0.754118
28.611	10	1	2.266402	10	10	456	79.166667	1.041667	0.754118
28.611	10	2	0.618879	20	20	456	37.5	0	0.754118
28.611	11	1	2.266402	10	10	456	79.166667	1.041667	0.754118
28.611	11	2	0.618879	20	20	456	37.5	0	0.754118
28.611	12	1	2.266402	10	10	456	79.166667	1.041667	0.754118
28.611	12	2	0.618879	20	20	456	37.5	0	0.754118
28.611	13	1	2.266402	10	10	456	79.166667	1.041667	0.754118
28.611	13	2	0.618879	20	20	456	37.5	0	0.754118
28.611	14	1	2.266402	10	10	456	79.166667	1.041667	0.754118
28.611	14	2	0.618879	20	20	456	37.5	0	0.754118
28.611	15	1	2.266402	10	10	456	79.166667	1.041667	0.754118
28.611	15	2	0.618879	20	20	456	37.5	0	0.754118
28.611	16	1	2.266402	10	10	456	79.166667	1.041667	0.754118
28.611	16	2	0.618879	20	20	456	37.5	0	0.754118
28.611	17	1	2.266402	10	10	456	79.166667	1.041667	0.754118
28.611	17	2	0.618879	20	20	456	37.5	0	0.754118
28.611	18	1	2.266402	10	10	456	79.166667	1.041667	0.754118
28.611	18	2	0.618879	20	20	456	37.5	0	0.754118
28.611	19	1	2.266402	10	10	456	79.166667	1.041667	0.754118
28.611	19	2	0.618879	20	20	456	37.5	0	0.754118
28.611	20	1	2.266402	10	10	456	79.166667	1.041667	0.754118
28.611	20	2	0.618879	20	20	456	37.5	0	0.754118
28.611	21	1	2.266402	10	10	456	79.166667	1.041667	0.754118
28.611	21	2	0.618879	20	20	456	37.5	0	0.754118
28.611	22	1	2.266402	10	10	456	79.166667	1.041667	0.754118
28.611	22	2	0.618879	20	20	456	37.5	0	0.754118
28.611	23	1	2.266402	10	10	456	79.166667	1.041667	0.754118
28.611	23	2	0.618879	20	20	456	37.5	0	0.754118
28.611	24	1	2.266402	10	10	456	79.166667	1.041667	0.754118
28.611	24	2	0.618879	20	20	456	37.5	0	0.754118
28.611	25	1	2.266402	10	10	456	79.166667	1.041667	0.754118
28.611	25	2	0.618879	20	20	456	37.5	0	0.754118
28.611	26	1	2.266402	10	10	456	79.166667	1.041667	0.754118
28.611	26	2	0.618879	20	20	456	37.5	0	0.754118
28.611	27	1	2.266402	10	10	456	79.166667	1.041667	0.754118
28.611	27	2	0.618879	20	20	456	37.5	0	0.754118
28.611	28	1	2.266402	10	10	456	79.166667	1.041667	0.754118
28.611	28	2	0.618879	20	20	456	37.5	0	0.754118
28.611	29	1	2.266402	10	10	456	79.166667	1.041667	0.754118
28.611	29	2	0.618879	20	20	456	37.5	0	0.754118
28.611	30	1	2.266402	10	10	456	79.166667	1.041667	0.754118
28.611	30	2	0.618879	20	20	456	37.5	0	0.754118
28.611	31	1	2.266402	10	10	456	79.166667	1.041667	0.754118
28.611	31	2	0.618879	20	20	456	37.5	0	0.754118
28.611	32	1	2.266402	10	10	456	79.166667	1.041667	0.754118
28.611	32	2	0.618879	20	20	456	37.5	0	0.754118
28.611	33	1	2.266402	10	10	456	79.166667	1.041667	0.754118
28.611	33	2	0.618879	20	20	456	37.5	0	0.754118
28.611	34	1	2.266402	10	10	456	79.166667	1.041667	0.754118
28.611	34	2	0.618879	20	20	456	37.5	0	0.754118
28.611	35	1	2.266402	10	10	456	79.166667	1.041667	0.754118
28.611	35	2	0.618879	20	20	456	37.5	0	0.754118
28.611	36	1	2.266402	10	10	456	79.166667	1.041667	0.754118
28.611	36	2	0.618879	20	20	456	37.5	0	0.754118
28.611	37	1	2.266402	10	10	456	79.166667	1.041667	0.754118
28.611	37	2	0.618879	20	20	456	37.5	0	0.754118
28.611	38	1	2.266402	10	10	456	79.166667	1.041667	0.754118
28.611	38	2	0.618879	20	20	456	37.5	0	0.754118
28.611	39	1	2.266402	10	10	456	79.166667	1.041667	0.754118
28.611	39	2	0.618879	20	20	456	37.5	0	0.754118
28.611	40	1	2.266402	10	10	456	79.166667	1.041667	0.754118
28.611	40	2	0.618879	20	20	456	37.5	0	0.754118
28.611	41	1	2.266402	10	10	456	79.166667	1.041667	0.754118
28.611	41	2	0.618879	20	20	456	37.5	0	0.754118
28.611	42	1	2.266402	10	10	456	79.166667	1.041667	0.754118
28.611	42	2	0.618879	20	20	456	37.5	0	0.754118
28.611	43	1	2.266402	10	10	456	79.166667	1.041667	0.754118
28.611	43	2	0.618879	20	20	456	37.5	0	0.754118
28.611	44	1	2.266402	10	10	456	79.166667	1.041667	0.754118
28.611	44	2	0.618879	20	20	456	37.5	0	0.754118
28.611	45	1	2.266402	10	10	456	79.166667	1.041667	0.754118
28.611	45	2	0.618879	20	20	456	37.5	0	0.754118
28.611	46	1	2.266402	10	10	456	79.166667	1.041667	0.754118
28.611	46	2	0.618879	20	20	456	37.5	0	0.754118
28.611	47	1	2.266402	10	10	456	79.166667	1.041667	0.754118
28.611	47	2	0.618879	20	20	456	37.5	0	0.754118
28.611	48	1	2.266402	10	10	456	79.166667	1.041667	0.754118
28.611	48	2	0.618879	20	20	456	37.5	0	0.754118
28.611	49	1	2.266402	10	10	456	79.166667	1.041667	0.754118
28.611	49	2	0.618879	20	20	456	37.5	0	0.754118
28.611	50	1	2.266402	10	10	456	79.166667	1.041667	0.754118
28.611	50	2	0.618879	20	20	456	37.5	0	0.754118
28.611	51	1	2.266402	10	10	456	79.166667	1.041667	0.754118
28.611	51	2	0.618879	20	20	456	37.5	0	0.754118
28.611	52	1	2.266402	10	10	456	79.166667	1.041667	0.754118
28.611	52	2	0.618879	20	20	456	37.5	0	0.754118
28.611	53	1	2.266402	10	10	456	79.166667	1.041667	0.754118
28.611	53	2	0.618879	20	20	456	37.5	0	0.754118
28.611	54	1	2.266402	10	10	456	79.166667	1.041667	0.754118
28.611	54	2	0.618879	20	20	456	37.5	0	0.754118
28.611	55	1	2.266402	10	10	456	79.166667	1.041667	0.754118
28.611	55	2	0.618879	20	20	456	37.5	0	0.754118
28.611	56	1	2.266402	10	10	456	79.166667	1.041667	0.754118
28.611	56	2	0.618879	20	20	456	37.5	0	0.754118
28.611	57	1	2.266402	10	10	456	79.166667	1.041667	0.754118
28.611	57	2	0.618879	20	20	456	37.5	0	0.754118
28.611	58	1	2.266402	10	10	456	79.166667	1.041667	0.754118
28.611	58	2	0.618879	20	20	456	37.5	0	0.754118
28.611	59	1	2.266402	10	10	456	79.166667	1.041667	0.754118
28.611	59	2	0.618879	20	20	456	37.5	0	0.754118
28.611	60	1	2.266402	10	10	456	79.166667	1.041667	0.754118
28.611	60	2	0.618879	20	20	456	37.5	0	0.754118
28.611	61	1	2.266402	10	10	456	79.166667	1.041667	0.754118
28.611	61	2	0.618879	20	20	456	37.5	0	0.754118
28.611	62	1	2.266402	10	10	456	79.166667	1.041667	0.754118
28.611	62	2	0.618879	20	20	456	37.5	0	0.754118
28.611	63	1	2.266402	10	10	456	79.166667	1.041667	0.754118
28.611	63	2	0.618879	20	20	456	37.5	0	0.754118
28.611	64	1	2.266402	10	10	456	79.166667	1.041667	0.754118
28.611	64	2	0.618879	20	20	456	37.5	0	0.754118
28.611	65	1	2.266402	10	10	456	79.166667	1.041667	0.754118
28.611	65	2	0.618879	20	20	456	37.5	0	0.754118
29.114	0	1	2.266402	10	10	456	79.166667	1.041667	0.754118
29.114	0	2	0.618879	20	20	456	37.5	0	0.754118
29.114	1	1	2.266402	10	10	456	79.166667	1.041667	0.754118
29.114	1	2	0.618879	20	20	456	37.5	0	0.754118
29.114	2	1	2.266402	10	10	456	79.166667	1.041667	0.754118
29.114	2	2	0.618879	20	20	456	37.5	0	0.754118
29.114	3	1	2.266402	10	10	456	79.166667	1.041667	0.754118
29.114	3	2	0.618879	20	20	456	37.5	0	0.754118
29.114	4	1	2.266402	10	10	456	79.166667	1.041667	0.754118
29.114	4	2	0.618879	20	20	456	37.5	0	0.754118
29.114	5	1	2.266402	10	10	456	79.166667	1.041667	0.754118
29.114	5	2	0.618879	20	20	456	37.5	0	0.754118
29.114	6	1	2.266402	10	10	456	79.166667	1.041667	0.754118
29.114	6	2	0.618879	20	20	456	37.5	0	0.754118
29.114	7	1	2.266402	10	10	456	79.166667	1.041667	0.754118
29.114	7	2	0.618879	20	20	456	37.5	0	0.754118
29.114	8	1	2.266402	10	10	456	79.166667	1.041667	0.754118
29.114	8	2	0.618879	20	20	456	37.5	0	0.754118
29.114	9	1	2.266402	10	10	456	79.166667	1.041667	0.754118
29.114	9	2	0.618879	20	20	456	37.5	0	0.754118
29.114	10	1	2.266402	10	10	456	79.166667	1.041667	0.754118
29.114	10	2	0.618879	20	20	456	37.5	0	0.754118
29.114	11	1	2.266402	10	10	456	79.166667	1.041667	0.754118
29.114	11	2	0.618879	20	20	456	37.5	0	0.754118
29.114	12	1	2.266402	10	10	456	79.166667	1.041667	0.754118
29.114	12	2	0.618879	20	20	456	37.5	0	0.754118
29.114	13	1	2.266402	10	10	456	79.166667	1.041667	0.754118
29.114	13	2	0.618879	20	20	456	37.5	0	0.754118
29.114	14	1	2.266402	10	10	456	79.166667	1.041667	0.754118
29.114	14	2	0.618879	20	20	456	37.5	0	0.754118
29.114	15	1	2.266402	10	10	456	79.166667	1.041667	0.754118
29.114	15	2	0.618879	20	20	456	37.5	0	0.754118
29.114	16	1	2.266402	10	10	456	79.166667	1.041667	0.754118
29.114	16	2	0.618879	20	20	456	37.5	0	0.754118
29.114	17	1	2.266402	10	10	456	79.166667	1.041667	0.754118
29.114	17	2	0.618879	20	20	456	37.5	0	0.754118
29.114	18	1	2.266402	10	10	456	79.166667	1.041667	0.754118
29.114	18	2	0.618879	20	20	456	37.5	0	0.754118
29.114	19	1	2.266402	10	10	456	79.166667	1.041667	0.754118
29.114	19	2	0.618879	20	20	456	37.5	0	0.754118
29.114	20	1	2.266402	10	10	456	79.166667	1.041667	0.754118
29.114	20	2	0.618879	20	20	456	37.5	0	0.754118
29.114	21	1	2.266402	10	10	456	79.166667	1.041667	0.754118
29.114	21	2	0.618879	20	20	456	37.5	0	0.754118
29.114	22	1	2.266402	10	10	456	79.166667	1.041667	0.754118
29.114	22	2	0.618879	20	20	456	37.5	0	0.754118
29.114	23	1	2.266402	10	10	456	79.166667	1.041667	0.754118
29.114	23	2	0.618879	20	20	456	37.5	0	0.754118
29.114	24	1	2.266402	10	10	456	79.166667	1.041667	0.754118
29.114	24	2	0.618879	20	20	456	37.5	0	0.754118
29.114	25	1	2.266402	10	10	456	79.166667	1.041667	0.754118
29.114	25	2	0.618879	20	20	456	37.5	0	0.754118
29.114	26	1	2.266402	10	10	456	79.166667	1.041667	0.754118
29.114	26	2	0.618879	20	20	456	37.5	0	0.754118
29.114	27	1	2.266402	10	10	456	79.166667	1.041667	0.754118
29.114	27	2	0.618879	20	20	456	37.5	0	0.754118
29.114	28	1	2.266402	10	10	456	79.166667	1.041667	0.754118
29.114	28	2	0.618879	20	20	456	37.5	0	0.754118
29.114	29	1	2.266402	10	10	456	79.166667	1.041667	0.754118
29.114	29	2	0.618879	20	20	456	37.5	0	0.754118
29.114	30	1	2.266402	10	10	456	79.166667	1.041667	0.754118
29.114	30	2	0.618879	20	20	456	37.5	0	0.754118
29.114	31	1	2.266402	10	10	456	79.166667	1.041667	0.754118
29.114	31	2	0.618879	20	20	456	37.5	0	0.754118
29.114	32	1	2.266402	10	10	456	79.166667	1.041667	0.754118
29.114	32	2	0.618879	20	20	456	37.5	0	0.754118
29.114	33	1	2.266402	10	10	456	79.166667	1.041667	0.754118
29.114	33	2	0.618879	20	20	456	37.5	0	0.754118
29.114	34	1	2.266402	10	10	456	79.166667	1.041667	0.754118
29.114	34	2	0.618879	20	20	456	37.5	0	0.754118
29.114	35	1	2.266402	10	10	456	79.166667	1.041667	0.754118
29.114	35	2	0.618879	20	20	456	37.5	0	0.754118
29.114	36	1	2.266402	10	10	456	79.166667	1.041667	0.754118
29.114	36	2	0.618879	20	20	456	37.5	0	0.754118
29.114	37	1	2.266402	10	10	456	79.166667	1.041667	0.754118
29.114	37	2	0.618879	20	20	456	37.5	0	0.754118
29.114	38	1	2.266402	10	10	456	79.166667	1.041667	0.754118
29.114	38	2	0.618879	20	20	456	37.5	0	0.754118
29.114	39	1	2.266402	10	10	456	79.166667	1.041667	0.754118
29.114	39	2	0.618879	20	20	456	37.5	0	0.754118
29.114	40	1	2.266402	10	10	456	79.166667	1.041667	0.754118
29.114	40	2	0.618879	20	20	456	37.5	0	0.754118
29.114	41	1	2.266402	10	10	456	79.166667	1.041667	0.754118
29.114	41	2	0.618879	20	20	456	37.5	0	0.754118
29.114	42	1	2.266402	10	10	456	79.166667	1.041667	0.754118
29.114	42	2	0.618879	20	20	456	37.5	0	0.754118
29.114	43	1	2.266402	10	10	456	79.166667	1.041667	0.754118
29.114	43	2	0.618879	20	20	456	37.5	0	0.754118
29.114	44	1	2.266402	10	10	456	79.166667	1.041667	0.754118
29.114	44	2	0.618879	20	20	456	37.5	0	0.754118
29.114	45	1	2.266402	10	10	456	79.166667	1.041667	0.754118
29.114	45	2	0.618879	20	20	456	37.5	0	0.754118
29.114	46	1	2.266402	10	10	456	79.166667	1.041667	0.754118
29.114	46	2	0.618879	20	20	456	37.5	0	0.754118
29.114	47	1	2.266402	10	10	456	79.166667	1.041667	0.754118
29.114	47	2	0.618879	20	20	456	37.5	0	0.754118
29.114	48	1	2.266402	10	10	456	79.166667	1.041667	0.754118
29.114	48	2	0.618879	20	20	456	37.5	0	0.754118
29.114	49	1	2.266402	10	10	456	79.166667	1.041667	0.754118
29.114	49	2	0.618879	20	20	456	37.5	0	0.754118
29.114	50	1	2.266402	10	10	456	79.166667	1.041667	0.754118
29.114	50	2	0.618879	20	20	456	37.5	0	0.754118
29.114	51	1	2.266402	10	10	456	79.166667	1.041667	0.754118
29.114	51	2	0.618879	20	20	456	37.5	0	0.754118
29.114	52	1	2.266402	10	10	456	79.166667	1.041667	0.754118
29.114	52	2	0.618879	20	20	456	37.5	0	0.754118
29.114	53	1	2.266402	10	10	456	79.166667	1.041667	0.754118
29.114	53	2	0.618879	20	20	456	37.5	0	0.754118
29.114	54	1	2.266402	10	10	456	79.166667	1.041667	0.754118
29.114	54	2	0.618879	20	20	456	37.5	0	0.754118
29.114	55	1	2.266402	10	10	456	79.166667	1.041667	0.754118
29.114	55	2	0.618879	20	20	456	37.5	0	0.754118
29.114	56	1	2.266402	10	10	456	79.166667	1.041667	0.754118
29.114	56	2	0.618879	20	20	456	37.5	0	0.754118
29.114	57	1	2.266402	10	10	456	79.166667	1.041667	0.754118
29.114	57	2	0.618879	20	20	456	37.5	0	0.754118
29.114	58	1	2.266402	10	10	456	79.166667	1.041667	0.754118
29.114	58	2	0.618879	20	20	456	37.5	0	0.754118
29.114	59	1	2.266402	10	10	456	79.166667	1.041667	0.754118
29.114	59	2	0.618879	20	20	456	37.5	0	0.754118
29.114	60	1	2.266402	10	10	456	79.166667	1.041667	0.754118
29.114	60	2	0.618879	20	20	456	37.5	0	0.754118
29.114	61	1	2.266402	10	10	456	79.166667	1.041667	0.754118
29.114	61	2	0.618879	20	20	456	37.5	0	0.754118
29.114	62	1	2.266402	10	10	456	79.166667	1.041667	0.754118
29.114	62	2	0.618879	20	20	456	37.5	0	0.754118
29.114	63	1	2.266402	10	10	456	79.166667	1.041667	0.754118
29.114	63	2	0.618879	20	20	456	37.5	0	0.754118
29.114	64	1	2.266402	10	10	456	79.166667	1.041667	0.754118
29.114	64	2	0.618879	20	20	456	37.5	0	0.754118
29.114	65	1	2.266402	10	10	456	79.166667	1.041667	0.754118
29.114	65	2	0.618879	20	20	456	37.5	0	0.754118
29.617	0	1	2.385686	10	10	480	79.166667	0.990099	0.754118
29.617	0	2	0.651451	20	20	480	37.5	0	0.754118
29.617	1	1	2.385686	10	10	480	79.166667	0.990099	0.754118
29.617	1	2	0.651451	20	20	480	37.5	0	0.754118
29.617	2	1	2.385686	10	10	480	79.166667	0.990099	0.754118
29.617	2	2	0.651451	20	20	480	37.5	0	0.754118
29.617	3	1	2.385686	10	10	480	79.166667	0.990099	0.754118
29.617	3	2	0.651451	20	20	480	37.5	0	0.754118
29.617	4	1	2.385686	10	10	480	79.166667	0.990099	0.754118
29.617	4	2	0.651451	20	20	480	37.5	0	0.754118
29.617	5	1	2.385686	10	10	480	79.166667	0.990099	0.754118
29.617	5	2	0.651451	20	20	480	37.5	0	0.754118
29.617	6	1	2.385686	10	10	480	79.166667	0.990099	0.754118
29.617	6	2	0.651451	20	20	480	37.5	0	0.754118
29.617	7	1	2.385686	10	10	480	79.166667	0.990099	0.754118
29.617	7	2	0.651451	20	20	480	37.5	0	0.754118
29.617	8	1	2.385686	10	10	480	79.166667	0.990099	0.754118
29.617	8	2	0.651451	20	20	480	37.5	0	0.754118
29.617	9	1	2.385686	10	10	480	79.166667	0.990099	0.754118
29.617	9	2	0.651451	20	20	480	37.5	0	0.754118
29.617	10	1	2.385686	10	10	480	79.166667	0.990099	0.754118
29.617	10	2	0.651451	20	20	480	37.5	0	0.754118
29.617	11	1	2.385686	10	10	480	79.166667	0.990099	0.754118
29.617	11	2	0.651451	20	20	480	37.5	0	0.754118
29.617	12	1	2.385686	10	10	480	79.166667	0.990099	0.754118
29.617	12	2	0.651451	20	20	480	37.5	0	0.754118
29.617	13	1	2.385686	10	10	480	79.166667	0.990099	0.754118
29.617	13	2	0.651451	20	20	480	37.5	0	0.754118
29.617	14	1	2.385686	10	10	480	79.166667	0.990099	0.754118
29.617	14	2	0.651451	20	20	480	37.5	0	0.754118
29.617	15	1	2.385686	10	10	480	79.166667	0.990099	0.754118
29.617	15	2	0.651451	20	20	480	37.5	0	0.754118
29.617	16	1	2.385686	10	10	480	79.166667	0.990099	0.754118
29.617	16	2	0.651451	20	20	480	37.5	0	0.754118
29.617	17	1	2.385686	10	10	480	79.166667	0.990099	0.754118
29.617	17	2	0.651451	20	20	480	37.5	0	0.754118
29.617	18	1	2.385686	10	10	480	79.166667	0.990099	0.754118
29.617	18	2	0.651451	20	20	480	37.5	0	0.754118
29.617	19	1	2.385686	10	10	480	79.166667	0.990099	0.754118
29.617	19	2	0.651451	20	20	480	37.5	0	0.754118
29.617	20	1	2.385686	10	10	480	79.166667	0.990099	0.754118
29.617	20	2	0.651451	20	20	480	37.5	0	0.754118
29.617	21	1	2.385686	10	10	480	79.166667	0.990099	0.754118
29.617	21	2	0.651451	20	20	480	37.5	0	0.754118
29.617	22	1	2.385686	10	10	480	79.166667	0.990099	0.754118
29.617	22	2	0.651451	20	20	480	37.5	0	0.754118
29.617	23	1	2.385686	10	10	480	79.166667	0.990099	0.754118
29.617	23	2	0.651451	20	20	480	37.5	0	0.754118
29.617	24	1	2.385686	10	10	480	79.166667	0.990099	0.754118
29.617	24	2	0.651451	20	20	480	37.5	0	0.754118
29.617	25	1	2.385686	10	10	480	79.166667	0.990099	0.754118
29.617	25	2	0.651451	20	20	480	37.5	0	0.754118
29.617	26	1	2.385686	10	10	480	79.166667	0.990099	0.754118
29.617	26	2	0.651451	20	20	480	37.5	0	0.754118
29.617	27	1	2.385686	10	10	480	79.166667	0.990099	0.754118
29.617	27	2	0.651451	20	20	480	37.5	0	0.754118
29.617	28	1	2.385686	10	10	480	79.166667	0.990099	0.754118
29.617	28	2	0.651451	20	20	480	37.5	0	0.754118
29.617	29	1	2.385686	10	10	480	79.166667	0.990099	0.754118
29.617	29	2	0.651451	20	20	480	37.5	0	0.754118
29.617	30	1	2.385686	10	10	480	79.166667	0.990099	0.754118
29.617	30	2	0.651451	20	20	480	37.5	0	0.754118
29.617	31	1	2.385686	10	10	480	79.166667	0.990099	0.754118
29.617	31	2	0.651451	20	20	480	37.5	0	0.754118
29.617	32	1	2.385686	10	10	480	79.166667	0.990099	0.754118
29.617	32	2	0.651451	20	20	480	37.5	0	0.754118
29.617	33	1	2.385686	10	10	480	79.166667	0.990099	0.754118
29.617	33	2	0.651451	20	20	480	37.5	0	0.754118
29.617	34	1	2.385686	10	10	480	79.166667	0.990099	0.754118
29.617	34	2	0.651451	20	20	480	37.5	0	0.754118
29.617	35	1	2.385686	10	10	480	79.166667	0.990099	0.754118
29.617	35	2	0.651451	20	20	480	37.5	0	0.754118
29.617	36	1	2.385686	10	10	480	79.166667	0.990099	0.754118
29.617	36	2	0.651451	20	20	480	37.5	0	0.754118
29.617	37	1	2.385686	10	10	480	79.166667	0.990099	0.754118
29.617	37	2	0.651451	20	20	480	37.5	0	0.754118
29.617	38	1	2.385686	10	10	480	79.166667	0.990099	0.754118
29.617	38	2	0.651451	20	20	480	37.5	0	0.754118
29.617	39	1	2.385686	10	10	480	79.166667	0.990099	0.754118
29.617	39	2	0.651451	20	20	480	37.5	0	0.754118
29.617	40	1	2.385686	10	10	480	79.166667	0.990099	0.754118
29.617	40	2	0.651451	20	20	480	37.5	0	0.754118
29.617	41	1	2.385686	10	10	480	79.166667	0.990099	0.754118
29.617	41	2	0.651451	20	20	480	37.5	0	0.754118
29.617	42	1	2.385686	10	10	480	79.166667	0.990099	0.754118
29.617	42	2	0.651451	20	20	480	37.5	0	0.754118
29.617	43	1	2.385686	10	10	480	79.166667	0.990099	0.754118
29.617	43	2	0.651451	20	20	480	37.5	0	0.754118
29.617	44	1	2.385686	10	10	480	79.166667	0.990099	0.754118
29.617	44	2	0.651451	20	20	480	37.5	0	0.754118
29.617	45	1	2.385686	10	10	480	79.166667	0.990099	0.754118
29.617	45	2	0.651451	20	20	480	37.5	0	0.754118
29.617	46	1	2.385686	10	10	480	79.166667	0.990099	0.754118
29.617	46	2	0.651451	20	20	480	37.5	0	0.754118
29.617	47	1	2.385686	10	10	480	79.166667	0.990099	0.754118
29.617	47	2	0.651451	20	20	480	37.5	0	0.754118
29.617	48	1	2.385686	10	10	480	79.166667	0.990099	0.754118
29.617	48	2	0.651451	20	20	480	37.5	0	0.754118
29.617	49	1	2.385686	10	10	480	79.166667	0.990099	0.754118
29.617	49	2	0.651451	20	20	480	37.5	0	0.754118
29.617	50	1	2.385686	10	10	480	79.166667	0.990099	0.754118
29.617	50	2	0.651451	20	20	480	37.5	0	0.754118
29.617	51	1	2.385686	10	10	480	79.166667	0.990099	0.754118
29.617	51	2	0.651451	20	20	480	37.5	0	0.754118
29.617	52	1	2.385686	10	10	480	79.166667	0.990099	0.754118
29.617	52	2	0.651451	20	20	480	37.5	0	0.754118
29.617	53	1	2.385686	10	10	480	79.166667	0.990099	0.754118
29.617	53	2	0.651451	20	20	480	37.5	0	0.754118
29.617	54	1	2.385686	10	10	480	79.166667	0.990099	0.754118
29.617	54	2	0.651451	20	20	480	37.5	0	0.754118
29.617	55	1	2.385686	10	10	480	79.166667	0.990099	0.754118
29.617	55	2	0.651451	20	20	480	37.5	0	0.754118
29.617	56	1	2.385686	10	10	480	79.166667	0.990099	0.754118
29.617	56	2	0.651451	20	20	480	37.5	0	0.754118
29.617	57	1	2.385686	10	10	480	79.166667	0.990099	0.754118
29.617	57	2	0.651451	20	20	480	37.5	0	0.754118
29.617	58	1	2.385686	10	10	480	79.166667	0.990099	0.754118
29.617	58	2	0.651451	20	20	480	37.5	0	0.754118
29.617	59	1	2.385686	10	10	480	79.166667	0.990099	0.754118
29.617	59	2	0.651451	20	20	480	37.5	0	0.754118
29.617	60	1	2.385686	10	10	480	79.166667	0.990099	0.754118
29.617	60	2	0.651451	20	20	480	37.5	0	0.754118
29.617	61	1	2.385686	10	10	480	79.166667	0.990099	0.754118
29.617	61	2	0.651451	20	20	480	37.5	0	0.754118
29.617	62	1	2.385686	10	10	480	79.166667	0.990099	0.754118
29.617	62	2	0.651451	20	20	480	37.5	0	0.754118
29.617	63	1	2.385686	10	10	480	79.166667	0.990099	0.754118
29.617	63	2	0.651451	20	20	480	37.5	0	0.754118
29.617	64	1	2.385686	10	10	480	79.166667	0.990099	0.754118
29.617	64	2	0.651451	20	20	480	37.5	0	0.754118
29.617	65	1	2.385686	10	10	480	79.166667	0.990099	0.754118
29.617	65	2	0.651451	20	20	480	37.5	0	0.754118
30.12	0	1	2.266402	10	10	456	79.166667	1.041667	0.754118
30.12	0	2	0.618879	20	20	456	37.5	0	0.754118
30.12	1	1	2.266402	10	10	456	79.166667	1.041667	0.754118
30.12	1	2	0.618879	20	20	456	37.5	0	0.754118
30.12	2	1	2.266402	10	10	456	79.166667	1.041667	0.754118
30.12	2	2	0.618879	20	20	456	37.5	0	0.754118
30.12	3	1	2.266402	10	10	456	79.166667	1.041667	0.754118
30.12	3	2	0.618879	20	20	456	37.5	0	0.754118
30.12	4	1	2.266402	10	10	456	79.166667	1.041667	0.754118
30.12	4	2	0.618879	20	20	456	37.5	0	0.754118
30.12	5	1	2.266402	10	10	456	79.166667	1.041667	0.754118
30.12	5	2	0.618879	20	20	456	37.5	0	0.754118
30.12	6	1	2.266402	10	10	456	79.166667	1.041667	0.754118
30.12	6	2	0.618879	20	20	456	37.5	0	0.754118
30.12	7	1	2.266402	10	10	456	79.166667	1.041667	0.754118
30.12	7	2	0.618879	20	20	456	37.5	0	0.754118
30.12	8	1	2.266402	10	10	456	79.166667	1.041667	0.754118
30.12	8	2	0.618879	20	20	456	37.5	0	0.754118
30.12	9	1	2.266402	10	10	456	79.166667	1.041667	0.754118
30.12	9	2	0.618879	20	20	456	37.5	0	0.754118
30.12	10	1	2.266402	10	10	456	79.166667	1.041667	0.754118
30.12	10	2	0.618879	20	20	456	37.5	0	0.754118
30.12	11	1	2.266402	10	10	456	79.166667	1.041667	0.754118
30.12	11	2	0.618879	20	20	456	37.5	0	0.754118
30.12	12	1	2.266402	10	10	456	79.166667	1.041667	0.754118
30.12	12	2	0.618879	20	20	456	37.5	0	0.754118
30.12	13	1	2.266402	10	10	456	79.166667	1.041667	0.754118
30.12	13	2	0.618879	20	20	456	37.5	0	0.754118
30.12	14	1	2.266402	10	10	456	79.166667	1.041667	0.754118
30.12	14	2	0.618879	20	20	456	37.5	0	0.754118
30.12	15	1	2.266402	10	10	456	79.166667	1.041667	0.754118
30.12	15	2	0.618879	20	20	456	37.5	0	0.754118
30.12	16	1	2.266402	10	10	456	79.166667	1.041667	0.754118
30.12	16	2	0.618879	20	20	456	37.5	0	0.754118
30.12	17	1	2.266402	10	10	456	79.166667	1.041667	0.754118
30.12	17	2	0.618879	20	20	456	37.5	0	0.754118
30.12	18	1	2.266402	10	10	456	79.166667	1.041667	0.754118
30.12	18	2	0.618879	20	20	456	37.5	0	0.754118
30.12	19	1	2.266402	10	10	456	79.166667	1.041667	0.754118
30.12	19	2	0.618879	20	20	456	37.5	0	0.754118
30.12	20	1	2.266402	10	10	456	79.166667	1.041667	0.754118
30.12	20	2	0.618879	20	20	456	37.5	0	0.754118
30.12	21	1	2.266402	10	10	456	79.166667	1.041667	0.754118
30.12	21	2	0.618879	20	20	456	37.5	0	0.754118
30.12	22	1	2.266402	10	10	456	79.166667	1.041667	0.754118
30.12	22	2	0.618879	20	20	456	37.5	0	0.754118
30.12	23	1	2.266402	10	10	456	79.166667	1.041667	0.754118
30.12	23	2	0.618879	20	20	456	37.5	0	0.754118
30.12	24	1	2.266402	10	10	456	79.166667	1.041667	0.754118
30.12	24	2	0.618879	20	20	456	37.5	0	0.754118
30.12	25	1	2.266402	10	10	456	79.166667	1.041667	0.754118
30.12	25	2	0.618879	20	20	456	37.5	0	0.754118
30.12	26	1	2.266402	10	10	456	79.166667	1.041667	0.754118
30.12	26	2	0.618879	20	20	456	37.5	0	0.754118
30.12	27	1	2.266402	10	10	456	79.166667	1.041667	0.754118
30.12	27	2	0.618879	20	20	456	37.5	0	0.754118
30.12	28	1	2.266402	10	10	456	79.166667	1.041667	0.754118
30.12	28	2	0.618879	20	20	456	37.5	0	0.754118
30.12	29	1	2.266402	10	10	456	79.166667	1.041667	0.754118
30.12	29	2	0.618879	20	20	456	37.5	0	0.754118
30.12	30	1	2.266402	10	10	456	79.166667	1.041667	0.754118
30.12	30	2	0.618879	20	20	456	37.5	0	0.754118
30.12	31	1	2.266402	10	10	456	79.166667	1.041667	0.754118
30.12	31	2	0.618879	20	20	456	37.5	0	0.754118
30.12	32	1	2.266402	10	10	456	79.166667	1.041667	0.754118
30.12	32	2	0.618879	20	20	456	37.5	0	0.754118
30.12	33	1	2.266402	10	10	456	79.166667	1.041667	0.754118
30.12	33	2	0.618879	20	20	456	37.5	0	0.754118
30.12	34	1	2.266402	10	10	456	79.166667	1.041667	0.754118
30.12	34	2	0.618879	20	20	456	37.5	0	0.754118
30.12	35	1	2.266402	10	10	456	79.166667	1.041667	0.754118
30.12	35	2	0.618879	20	20	456	37.5	0	0.754118
30.12	36	1	2.266402	10	10	456	79.166667	1.041667	0.754118
30.12	36	2	0.618879	20	20	456	37.5	0	0.754118
30.12	37	1	2.266402	10	10	456	79.166667	1.041667	0.754118
30.12	37	2	0.618879	20	20	456	37.5	0	0.754118
30.12	38	1	2.266402	10	10	456	79.166667	1.041667	0.754118
30.12	38	2	0.618879	20	20	456	37.5	0	0.754118
30.12	39	1	2.266402	10	10	456	79.166667	1.041667	0.754118
30.12	39	2	0.618879	20	20	456	37.5	0	0.754118
30.12	40	1	2.266402	10	10	456	79.166667	1.041667	0.754118
30.12	40	2	0.618879	20	20	456	37.5	0	0.754118
30.12	41	1	2.266402	10	10	456	79.166667	1.041667	0.754118
30.12	41	2	0.618879	20	20	456	37.5	0	0.754118
30.12	42	1	2.266402	10	10	456	79.166667	1.041667	0.754118
30.12	42	2	0.618879	20	20	456	37.5	0	0.754118
30.12	43	1	2.266402	10	10	456	79.166667	1.041667	0.754118
30.12	43	2	0.618879	20	20	456	37.5	0	0.754118
30.12	44	1	2.266402	10	10	456	79.166667	1.041667	0.754118
30.12	44	2	0.618879	20	20	456	37.5	0	0.754118
30.12	45	1	2.266402	10	10	456	79.166667	1.041667	0.754118
30.12	45	2	0.618879	20	20	456	37.5	0	0.754118
30.12	46	1	2.266402	10	10	456	79.166667	1.041667	0.754118
30.12	46	2	0.618879	20	20	456	37.5	0	0.754118
30.12	47	1	2.266402	10	10	456	79.166667	1.041667	0.754118
30.12	47	2	0.618879	20	20	456	37.5	0	0.754118
30.12	48	1	2.266402	10	10	456	79.166667	1.041667	0.754118
30.12	48	2	0.618879	20	20	456	37.5	0	0.754118
30.12	49	1	2.266402	10	10	456	79.166667	1.041667	0.754118
30.12	49	2	0.618879	20	20	456	37.5	0	0.754118
30.12	50	1	2.266402	10	10	456	79.166667	1.041667	0.754118
30.12	50	2	0.618879	20	20	456	37.5	0	0.754118
30.12	51	1	2.266402	10	10	456	79.166667	1.041667	0.754118
30.12	51	2	0.618879	20	20	456	37.5	0	0.754118
30.12	52	1	2.266402	10	10	456	79.166667	1.041667	0.754118
30.12	52	2	0.618879	20	20	456	37.5	0	0.754118
30.12	53	1	2.266402	10	10	456	79.166667	1.041667	0.754118
30.12	53	2	0.618879	20	20	456	37.5	0	0.754118
30.12	54	1	2.266402	10	10	456	79.166667	1.041667	0.754118
30.12	54	2	0.618879	20	20	456	37.5	0	0.754118
30.12	55	1	2.266402	10	10	456	79.166667	1.041667	0.754118
30.12	55	2	0.618879	20	20	456	37.5	0	0.754118
30.12	56	1	2.266402	10	10	456	79.166667	1.041667	0.754118
30.12	56	2	0.618879	20	20	456	37.5	0	0.754118
30.12	57	1	2.266402	10	10	456	79.166667	1.041667	0.754118
30.12	57	2	0.618879	20	20	456	37.5	0	0.754118
30.12	58	1	2.266402	10	10	456	79.166667	1.041667	0.754118
30.12	58	2	0.618879	20	20	456	37.5	0	0.754118
30.12	59	1	2.266402	10	10	456	79.166667	1.041667	0.754118
30.12	59	2	0.618879	20	20	456	37.5	0	0.754118
30.12	60	1	2.266402	10	10	456	79.166667	1.041667	0.754118
30.12	60	2	0.618879	20	20	456	37.5	0	0.754118
30.12	61	1	2.266402	10	10	456	79.166667	1.041667	0.754118
30.12	61	2	0.618879	20	20	456	37.5	0	0.754118
30.12	62	1	2.266402	10	10	456	79.166667	1.041667	0.754118
30.12	62	2	0.618879	20	20	456	37.5	0	0.754118
30.12	63	1	2.266402	10	10	456	79.166667	1.041667	0.754118
30.12	63	2	0.618879	20	20	456	37.5	0	0.754118
30.12	64	1	2.266402	10	10	456	79.166667	1.041667	0.754118
30.12	64	2	0.618879	20	20	456	37.5	0	0.754118
30.12	65	1	2.266402	10	10	456	79.166667	1.041667	0.754118
30.12	65	2	0.618879	20	20	456	37.5	0	0.754118
30.623	0	1	2.266402	10	10	456	79.166667	1.041667	0.754118
30.623	0	2	0.618879	20	20	456	37.5	0	0.754118
30.623	1	1	2.266402	10	10	456	79.166667	1.041667	0.754118
30.623	1	2	0.618879	20	20	456	37.5	0	0.754118
30.623	2	1	2.266402	10	10	456	79.166667	1.041667	0.754118
30.623	2	2	0.618879	20	20	456	37.5	0	0.754118
30.623	3	1	2.266402	10	10	456	79.166667	1.041667	0.754118
30.623	3	2	0.618879	20	20	456	37.5	0	0.754118
30.623	4	1	2.266402	10	10	456	79.166667	1.041667	0.754118
30.623	4	2	0.618879	20	20	456	37.5	0	0.754118
30.623	5	1	2.266402	10	10	456	79.166667	1.041667	0.754118
30.623	5	2	0.618879	20	20	456	37.5	0	0.754118
30.623	6	1	2.266402	10	10	456	79.166667	1.041667	0.754118
30.623	6	2	0.618879	20	20	456	37.5	0	0.754118
30.623	7	1	2.266402	10	10	456	79.166667	1.041667	0.754118
30.623	7	2	0.618879	20	20	456	37.5	0	0.754118
30.623	8	1	2.266402	10	10	456	79.166667	1.041667	0.754118
30.623	8	2	0.618879	20	20	456	37.5	0	0.754118
30.623	9	1	2.266402	10	10	456	79.166667	1.041667	0.754118
30.623	9	2	0.618879	20	20	456	37.5	0	0.754118
30.623	10	1	2.266402	10	10	456	79.166667	1.041667	0.754118
30.623	10	2	0.618879	20	20	456	37.5	0	0.754118
30.623	11	1	2.266402	10	10	456	79.166667	1.041667	0.754118
30.623	11	2	0.618879	20	20	456	37.5	0	0.754118
30.623	12	1	2.266402	10	10	456	79.166667	1.041667	0.754118
30.623	12	2	0.618879	20	20	456	37.5	0	0.754118
30.623	13	1	2.266402	10	10	456	79.166667	1.041667	0.754118
30.623	13	2	0.618879	20	20	456	37.5	0	0.754118
30.623	14	1	2.266402	10	10	456	79.166667	1.041667	0.754118
30.623	14	2	0.618879	20	20	456	37.5	0	0.754118
30.623	15	1	2.266402	10	10	456	79.166667	1.041667	0.754118
30.623	15	2	0.618879	20	20	456	37.5	0	0.754118
30.623	16	1	2.266402	10	10	456	79.166667	1.041667	0.754118
30.623	16	2	0.618879	20	20	456	37.5	0	0.754118
30.623	17	1	2.266402	10	10	456	79.166667	1.041667	0.754118
30.623	17	2	0.618879	20	20	456	37.5	0	0.754118
30.623	18	1	2.266402	10	10	456	79.166667	1.041667	0.754118
30.623	18	2	0.618879	20	20	456	37.5	0	0.754118
30.623	19	1	2.266402	10	10	456	79.166667	1.041667	0.754118
30.623	19	2	0.618879	20	20	456	37.5	0	0.754118
30.623	20	1	2.266402	10	10	456	79.166667	1.041667	0.754118
30.623	20	2	0.618879	20	20	456	37.5	0	0.754118
30.623	21	1	2.266402	10	10	456	79.166667	1.041667	0.754118
30.623	21	2	0.618879	20	20	456	37.5	0	0.754118
30.623	22	1	2.266402	10	10	456	79.166667	1.041667	0.754118
30.623	22	2	0.618879	20	20	456	37.5	0	0.754118
30.623	23	1	2.266402	10	10	456	79.166667	1.041667	0.754118
30.623	23	2	0.618879	20	20	456	37.5	0	0.754118
30.623	24	1	2.266402	10	10	456	79.166667	1.041667	0.754118
30.623	24	2	0.618879	20	20	456	37.5	0	0.754118
30.623	25	1	2.266402	10	10	456	79.166667	1.041667	0.754118
30.623	25	2	0.618879	20	20	456	37.5	0	0.754118
30.623	26	1	2.266402	10	10	456	79.166667	1.041667	0.754118
30.623	26	2	0.618879	20	20	456	37.5	0	0.754118
30.623	27	1	2.266402	10	10	456	79.166667	1.041667	0.754118
30.623	27	2	0.618879	20	20	456	37.5	0	0.754118
30.623	28	1	2.266402	10	10	456	79.166667	1.041667	0.754118
30.623	28	2	0.618879	20	20	456	37.5	0	0.754118
30.623	29	1	2.266402	10	10	456	79.166667	1.041667	0.754118
30.623	29	2	0.618879	20	20	456	37.5	0	0.754118
30.623	30	1	2.266402	10	10	456	79.166667	1.041667	0.754118
30.623	30	2	0.618879	20	20	456	37.5	0	0.754118
30.623	31	1	2.266402	10	10	456	79.166667	1.041667	0.754118
30.623	31	2	0.618879	20	20	456	37.5	0	0.754118
30.623	32	1	2.266402	10	10	456	79.166667	1.041667	0.754118
30.623	32	2	0.618879	20	20	456	37.5	0	0.754118
30.623	33	1	2.266402	10	10	456	79.166667	1.041667	0.754118
30.623	33	2	0.618879	20	20	456	37.5	0	0.754118
30.623	34	1	2.266402	10	10	456	79.166667	1.041667	0.754118
30.623	34	2	0.618879	20	20	456	37.5	0	0.754118
30.623	35	1	2.266402	10	10	456	79.166667	1.041667	0.754118
30.623	35	2	0.618879	20	20	456	37.5	0	0.754118
30.623	36	1	2.266402	10	10	456	79.166667	1.041667	0.754118
30.623	36	2	0.618879	20	20	456	37.5	0	0.754118
30.623	37	1	2.266402	10	10	456	79.166667	1.041667	0.754118
30.623	37	2	0.618879	20	20	456	37.5	0	0.754118
30.623	38	1	2.266402	10	10	456	79.166667	1.041667	0.754118
30.623	38	2	0.618879	20	20	456	37.5	0	0.754118
30.623	39	1	2.266402	10	10	456	79.166667	1.041667	0.754118
30.623	39	2	0.618879	20	20	456	37.5	0	0.754118
30.623	40	1	2.266402	10	10	456	79.166667	1.041667	0.754118
30.623	40	2	0.618879	20	20	456	37.5	0	0.754118
30.623	41	1	2.266402	10	10	456	79.166667	1.041667	0.754118
30.623	41	2	0.618879	20	20	456	37.5	0	0.754118
30.623	42	1	2.266402	10	10	456	79.166667	1.041667	0.754118
30.623	42	2	0.618879	20	20	456	37.5	0	0.754118
30.623	43	1	2.266402	10	10	456	79.166667	1.041667	0.754118
30.623	43	2	0.618879	20	20	456	37.5	0	0.754118
30.623	44	1	2.266402	10	10	456	79.166667	1.041667	0.754118
30.623	44	2	0.618879	20	20	456	37.5	0	0.754118
30.623	45	1	2.266402	10	10	456	79.166667	1.041667	0.754118
30.623	45	2	0.618879	20	20	456	37.5	0	0.754118
30.623	46	1	2.266402	10	10	456	79.166667	1.041667	0.754118
30.623	46	2	0.618879	20	20	456	37.5	0	0.754118
30.623	47	1	2.266402	10	10	456	79.166667	1.041667	0.754118
30.623	47	2	0.618879	20	20	456	37.5	0	0.754118
30.623	48	1	2.266402	10	10	456	79.166667	1.041667	0.754118
30.623	48	2	0.618879	20	20	456	37.5	0	0.754118
30.623	49	1	2.266402	10	10	456	79.166667	1.041667	0.754118
30.623	49	2	0.618879	20	20	456	37.5	0	0.754118
30.623	50	1	2.266402	10	10	456	79.166667	1.041667	0.754118
30.623	50	2	0.618879	20	20	456	37.5	0	0.754118
30.623	51	1	2.266402	10	10	456	79.166667	1.041667	0.754118
30.623	51	2	0.618879	20	20	456	37.5	0	0.754118
30.623	52	1	2.266402	10	10	456	79.166667	1.041667	0.754118
30.623	52	2	0.618879	20	20	456	37.5	0	0.754118
30.623	53	1	2.266402	10	10	456	79.166667	1.041667	0.754118
30.623	53	2	0.618879	20	20	456	37.5	0	0.754118
30.623	54	1	2.266402	10	10	456	79.166667	1.041667	0.754118
30.623	54	2	0.618879	20	20	456	37.5	0	0.754118
30.623	55	1	2.266402	10	10	456	79.166667	1.041667	0.754118
30.623	55	2	0.618879	20	20	456	37.5	0	0.754118
30.623	56	1	2.266402	10	10	456	79.166667	1.041667	0.754118
30.623	56	2	0.618879	20	20	456	37.5	0	0.754118
30.623	57	1	2.266402	10	10	456	79.166667	1.041667	0.754118
30.623	57	2	0.618879	20	20	456	37.5	0	0.754118
30.623	58	1	2.266402	10	10	456	79.166667	1.041667	0.754118
30.623	58	2	0.618879	20	20	456	37.5	0	0.754118
30.623	59	1	2.266402	10	10	456	79.166667	1.041667	0.754118
30.623	59	2	0.618879	20	20	456	37.5	0	0.754118
30.623	60	1	2.266402	10	10	456	79.166667	1.041667	0.754118
30.623	60	2	0.618879	20	20	456	37.5	0	0.754118
30.623	61	1	2.266402	10	10	456	79.166667	1.041667	0.754118
30.623	61	2	0.618879	20	20	456	37.5	0	0.754118
30.623	62	1	2.266402	10	10	456	79.166667	1.041667	0.754118
30.623	62	2	0.618879	20	20	456	37.5	0	0.754118
30.623	63	1	2.266402	10	10	456	79.166667	1.041667	0.754118
30.623	63	2	0.618879	20	20	456	37.5	0	0.754118
30.623	64	1	2.266402	10	10	456	79.166667	1.041667	0.754118
30.623	64	2	0.618879	20	20	456	37.5	0	0.754118
30.623	65	1	2.266402	10	10	456	79.166667	1.041667	0.754118
30.623	65	2	0.618879	20	20	456	37.5	0	0.754118
31.126	0	1	2.385686	10	10	480	79.166667	1.960784	0.754118
31.126	0	2	0.651451	20	20	480	37.5	0	0.754118
31.126	1	1	2.385686	10	10	480	79.166667	1.960784	0.754118
31.126	1	2	0.651451	20	20	480	37.5	0	0.754118
31.126	2	1	2.385686	10	10	480	79.166667	1.960784	0.754118
31.126	2	2	0.651451	20	20	480	37.5	0	0.754118
31.126	3	1	2.385686	10	10	480	79.166667	1.960784	0.754118
31.126	3	2	0.651451	20	20	480	37.5	0	0.754118
31.126	4	1	2.385686	10	10	480	79.166667	1.960784	0.754118
31.126	4	2	0.651451	20	20	480	37.5	0	0.754118
31.126	5	1	2.385686	10	10	480	79.166667	1.960784	0.754118
31.126	5	2	0.651451	20	20	480	37.5	0	0.754118
31.126	6	1	2.385686	10	10	480	79.166667	1.960784	0.754118
31.126	6	2	0.651451	20	20	480	37.5	0	0.754118
31.126	7	1	2.385686	10	10	480	79.166667	1.960784	0.754118
31.126	7	2	0.651451	20	20	480	37.5	0	0.754118
31.126	8	1	2.385686	10	10	480	79.166667	1.960784	0.754118
31.126	8	2	0.651451	20	20	480	37.5	0	0.754118
31.126	9	1	2.385686	10	10	480	79.166667	1.960784	0.754118
31.126	9	2	0.651451	20	20	480	37.5	0	0.754118
31.126	10	1	2.385686	10	10	480	79.166667	1.960784	0.754118
31.126	10	2	0.651451	20	20	480	37.5	0	0.754118
31.126	11	1	2.385686	10	10	480	79.166667	1.960784	0.754118
31.126	11	2	0.651451	20	20	480	37.5	0	0.754118
31.126	12	1	2.385686	10	10	480	79.166667	1.960784	0.754118
31.126	12	2	0.651451	20	20	480	37.5	0	0.754118
31.126	13	1	2.385686	10	10	480	79.166667	1.960784	0.754118
31.126	13	2	0.651451	20	20	480	37.5	0	0.754118
31.126	14	1	2.385686	10	10	480	79.166667	1.960784	0.754118
31.126	14	2	0.651451	20	20	480	37.5	0	0.754118
31.126	15	1	2.385686	10	10	480	79.166667	1.960784	0.754118
31.126	15	2	0.651451	20	20	480	37.5	0	0.754118
31.126	16	1	2.385686	10	10	480	79.166667	1.960784	0.754118
31.126	16	2	0.651451	20	20	480	37.5	0	0.754118
31.126	17	1	2.385686	10	10	480	79.166667	1.960784	0.754118
31.126	17	2	0.651451	20	20	480	37.5	0	0.754118
31.126	18	1	2.385686	10	10	480	79.166667	1.960784	0.754118
31.126	18	2	0.651451	20	20	480	37.5	0	0.754118
31.126	19	1	2.385686	10	10	480	79.166667	1.960784	0.754118
31.126	19	2	0.651451	20	20	480	37.5	0	0.754118
31.126	20	1	2.385686	10	10	480	79.166667	1.960784	0.754118
31.126	20	2	0.651451	20	20	480	37.5	0	0.754118
31.126	21	1	2.385686	10	10	480	79.166667	1.960784	0.754118
31.126	21	2	0.651451	20	20	480	37.5	0	0.754118
31.126	22	1	2.385686	10	10	480	79.166667	1.960784	0.754118
31.126	22	2	0.651451	20	20	480	37.5	0	0.754118
31.126	23	1	2.385686	10	10	480	79.166667	1.960784	0.754118
31.126	23	2	0.651451	20	20	480	37.5	0	0.754118
31.126	24	1	2.385686	10	10	480	79.166667	1.960784	0.754118
31.126	24	2	0.651451	20	20	480	37.5	0	0.754118
31.126	25	1	2.385686	10	10	480	79.166667	1.960784	0.754118
31.126	25	2	0.651451	20	20	480	37.5	0	0.754118
31.126	26	1	2.385686	10	10	480	79.166667	1.960784	0.754118
31.126	26	2	0.651451	20	20	480	37.5	0	0.754118
31.126	27	1	2.385686	10	10	480	79.166667	1.960784	0.754118
31.126	27	2	0.651451	20	20	480	37.5	0	0.754118
31.126	28	1	2.385686	10	10	480	79.166667	1.960784	0.754118
31.126	28	2	0.651451	20	20	480	37.5	0	0.754118
31.126	29	1	2.385686	10	10	480	79.166667	1.960784	0.754118
31.126	29	2	0.651451	20	20	480	37.5	0	0.754118
31.126	30	1	2.385686	10	10	480	79.166667	1.960784	0.754118
31.126	30	2	0.651451	20	20	480	37.5	0	0.754118
31.126	31	1	2.385686	10	10	480	79.166667	1.960784	0.754118
31.126	31	2	0.651451	20	20	480	37.5	0	0.754118
31.126	32	1	2.385686	10	10	480	79.166667	1.960784	0.754118
31.126	32	2	0.651451	20	20	480	37.5	0	0.754118
31.126	33	1	2.385686	10	10	480	79.166667	1.960784	0.754118
31.126	33	2	0.651451	20	20	480	37.5	0	0.754118
31.126	34	1	2.385686	10	10	480	79.166667	1.960784	0.754118
31.126	34	2	0.651451	20	20	480	37.5	0	0.754118
31.126	35	1	2.385686	10	10	480	79.166667	1.960784	0.754118
31.126	35	2	0.651451	20	20	480	37.5	0	0.754118
31.126	36	1	2.385686	10	10	480	79.166667	1.960784	0.754118
31.126	36	2	0.651451	20	20	480	37.5	0	0.754118
31.126	37	1	2.385686	10	10	480	79.166667	1.960784	0.754118
31.126	37	2	0.651451	20	20	480	37.5	0	0.754118
31.126	38	1	2.385686	10	10	480	79.166667	1.960784	0.754118
31.126	38	2	0.651451	20	20	480	37.5	0	0.754118
31.126	39	1	2.385686	10	10	480	79.166667	1.960784	0.754118
31.126	39	2	0.651451	20	20	480	37.5	0	0.754118
31.126	40	1	2.385686	10	10	480	79.166667	1.960784	0.754118
31.126	40	2	0.651451	20	20	480	37.5	0	0.754118
31.126	41	1	2.385686	10	10	480	79.166667	1.960784	0.754118
31.126	41	2	0.651451	20	20	480	37.5	0	0.754118
31.126	42	1	2.385686	10	10	480	79.166667	1.960784	0.754118
31.126	42	2	0.651451	20	20	480	37.5	0	0.754118
31.126	43	1	2.385686	10	10	480	79.166667	1.960784	0.754118
31.126	43	2	0.651451	20	20	480	37.5	0	0.754118
31.126	44	1	2.385686	10	10	480	79.166667	1.960784	0.754118
31.126	44	2	0.651451	20	20	480	37.5	0	0.754118
31.126	45	1	2.385686	10	10	480	79.166667	1.960784	0.754118
31.126	45	2	0.651451	20	20	480	37.5	0	0.754118
31.126	46	1	2.385686	10	10	480	79.166667	1.960784	0.754118
31.126	46	2	0.651451	20	20	480	37.5	0	0.754118
31.126	47	1	2.385686	10	10	480	79.166667	1.960784	0.754118
31.126	47	2	0.651451	20	20	480	37.5	0	0.754118
31.126	48	1	2.385686	10	10	480	79.166667	1.960784	0.754118
31.126	48	2	0.651451	20	20	480	37.5	0	0.754118
31.126	49	1	2.385686	10	10	480	79.166667	1.960784	0.754118
31.126	49	2	0.651451	20	20	480	37.5	0	0.754118
31.126	50	1	2.385686	10	10	480	79.166667	1.960784	0.754118
31.126	50	2	0.651451	20	20	480	37.5	0	0.754118
31.126	51	1	2.385686	10	10	480	79.166667	1.960784	0.754118
31.126	51	2	0.651451	20	20	480	37.5	0	0.754118
31.126	52	1	2.385686	10	10	480	79.166667	1.960784	0.754118
31.126	52	2	0.651451	20	20	480	37.5	0	0.754118
31.126	53	1	2.385686	10	10	480	79.166667	1.960784	0.754118
31.126	53	2	0.651451	20	20	480	37.5	0	0.754118
31.126	54	1	2.385686	10	10	480	79.166667	1.960784	0.754118
31.126	54	2	0.651451	20	20	480	37.5	0	0.754118
31.126	55	1	2.385686	10	10	480	79.166667	1.960784	0.754118
31.126	55	2	0.651451	20	20	480	37.5	0	0.754118
31.126	56	1	2.385686	10	10	480	79.166667	1.960784	0.754118
31.126	56	2	0.651451	20	20	480	37.5	0	0.754118
31.126	57	1	2.385686	10	10	480	79.166667	1.960784	0.754118
31.126	57	2	0.651451	20	20	480	37.5	0	0.754118
31.126	58	1	2.385686	10	10	480	79.166667	1.960784	0.754118
31.126	58	2	0.651451	20	20	480	37.5	0	0.754118
31.126	59	1	2.385686	10	10	480	79.166667	1.960784	0.754118
31.126	59	2	0.651451	20	20	480	37.5	0	0.754118
31.126	60	1	2.385686	10	10	480	79.166667	1.960784	0.754118
31.126	60	2	0.651451	20	20	480	37.5	0	0.754118
31.126	61	1	2.385686	10	10	480	79.166667	1.960784	0.754118
31.126	61	2	0.651451	20	20	480	37.5	0	0.754118
31.126	62	1	2.385686	10	10	480	79.166667	1.960784	0.754118
31.126	62	2	0.651451	20	20	480	37.5	0	0.754118
31.126	63	1	2.385686	10	10	480	79.166667	1.960784	0.754118
31.126	63	2	0.651451	20	20	480	37.5	0	0.754118
31.126	64	1	2.385686	10	10	480	79.166667	1.960784	0.754118
31.126	64	2	0.651451	20	20	480	37.5	0	0.754118
31.126	65	1	2.385686	10	10	480	79.166667	1.960784	0.754118
31.126	65	2	0.651451	20	20	480	37.5	0	0.754118
31.629	0	1	2.266402	10	10	456	79.166667	1.041667	0.754118
31.629	0	2	0.618879	20	20	456	37.5	0	0.754118
31.629	1	1	2.266402	10	10	456	79.166667	1.041667	0.754118
31.629	1	2	0.618879	20	20	456	37.5	0	0.754118
31.629	2	1	2.266402	10	10	456	79.166667	1.041667	0.754118
31.629	2	2	0.618879	20	20	456	37.5	0	0.754118
31.629	3	1	2.266402	10	10	456	79.166667	1.041667	0.754118
31.629	3	2	0.618879	20	20	456	37.5	0	0.754118
31.629	4	1	2.266402	10	10	456	79.166667	1.041667	0.754118
31.629	4	2	0.618879	20	20	456	37.5	0	0.754118
31.629	5	1	2.266402	10	10	456	79.166667	1.041667	0.754118
31.629	5	2	0.618879	20	20	456	37.5	0	0.754118
31.629	6	1	2.266402	10	10	456	79.166667	1.041667	0.754118
31.629	6	2	0.618879	20	20	456	37.5	0	0.754118
31.629	7	1	2.266402	10	10	456	79.166667	1.041667	0.754118
31.629	7	2	0.618879	20	20	456	37.5	0	0.754118
31.629	8	1	2.266402	10	10	456	79.166667	1.041667	0.754118
31.629	8	2	0.618879	20	20	456	37.5	0	0.754118
31.629	9	1	2.266402	10	10	456	79.166667	1.041667	0.754118
31.629	9	2	0.618879	20	20	456	37.5	0	0.754118
31.629	10	1	2.266402	10	10	456	79.166667	1.041667	0.754118
31.629	10	2	0.618879	20	20	456	37.5	0	0.754118
31.629	11	1	2.266402	10	10	456	79.166667	1.041667	0.754118
31.629	11	2	0.618879	20	20	456	37.5	0	0.754118
31.629	12	1	2.266402	10	10	456	79.166667	1.041667	0.754118
31.629	12	2	0.618879	20	20	456	37.5	0	0.754118
31.629	13	1	2.266402	10	10	456	79.166667	1.041667	0.754118
31.629	13	2	0.618879	20	20	456	37.5	0	0.754118
31.629	14	1	2.266402	10	10	456	79.166667	1.041667	0.754118
31.629	14	2	0.618879	20	20	456	37.5	0	0.754118
31.629	15	1	2.266402	10	10	456	79.166667	1.041667	0.754118
31.629	15	2	0.618879	20	20	456	37.5	0	0.754118
31.629	16	1	2.266402	10	10	456	79.166667	1.041667	0.754118
31.629	16	2	0.618879	20	20	456	37.5	0	0.754118
31.629	17	1	2.266402	10	10	456	79.166667	1.041667	0.754118
31.629	17	2	0.618879	20	20	456	37.5	0	0.754118
31.629	18	1	2.266402	10	10	456	79.166667	1.041667	0.754118
31.629	18	2	0.618879	20	20	456	37.5	0	0.754118
31.629	19	1	2.266402	10	10	456	79.166667	1.041667	0.754118
31.629	19	2	0.618879	20	20	456	37.5	0	0.754118
31.629	20	1	2.266402	10	10	456	79.166667	1.041667	0.754118
31.629	20	2	0.618879	20	20	456	37.5	0	0.754118
31.629	21	1	2.266402	10	10	456	79.166667	1.041667	0.754118
31.629	21	2	0.618879	20	20	456	37.5	0	0.754118
31.629	22	1	2.266402	10	10	456	79.166667	1.041667	0.754118
31.629	22	2	0.618879	20	20	456	37.5	0	0.754118
31.629	23	1	2.266402	10	10	456	79.166667	1.041667	0.754118
31.629	23	2	0.618879	20	20	456	37.5	0	0.754118
31.629	24	1	2.266402	10	10	456	79.166667	1.041667	0.754118
31.629	24	2	0.618879	20	20	456	37.5	0	0.754118
31.629	25	1	2.266402	10	10	456	79.166667	1.041667	0.754118
31.629	25	2	0.618879	20	20	456	37.5	0	0.754118
31.629	26	1	2.266402	10	10	456	79.166667	1.041667	0.754118
31.629	26	2	0.618879	20	20	456	37.5	0	0.754118
31.629	27	1	2.266402	10	10	456	79.166667	1.041667	0.754118
31.629	27	2	0.618879	20	20	456	37.5	0	0.754118
31.629	28	1	2.266402	10	10	456	79.166667	1.041667	0.754118
31.629	28	2	0.618879	20	20	456	37.5	0	0.754118
31.629	29	1	2.266402	10	10	456	79.166667	1.041667	0.754118
31.629	29	2	0.618879	20	20	456	37.5	0	0.754118
31.629	30	1	2.266402	10	10	456	79.166667	1.041667	0.754118
31.629	30	2	0.618879	20	20	456	37.5	0	0.754118
31.629	31	1	2.266402	10	10	456	79.166667	1.041667	0.754118
31.629	31	2	0.618879	20	20	456	37.5	0	0.754118
31.629	32	1	2.266402	10	10	456	79.166667	1.041667	0.754118
31.629	32	2	0.618879	20	20	456	37.5	0	0.754118
31.629	33	1	2.266402	10	10	456	79.166667	1.041667	0.754118
31.629	33	2	0.618879	20	20	456	37.5	0	0.754118
31.629	34	1	2.266402	10	10	456	79.166667	1.041667	0.754118
31.629	34	2	0.618879	20	20	456	37.5	0	0.754118
31.629	35	1	2.266402	10	10	456	79.166667	1.041667	0.754118
31.629	35	2	0.618879	20	20	456	37.5	0	0.754118
31.629	36	1	2.266402	10	10	456	79.166667	1.041667	0.754118
31.629	36	2	0.618879	20	20	456	37.5	0	0.754118
31.629	37	1	2.266402	10	10	456	79.166667	1.041667	0.754118
31.629	37	2	0.618879	20	20	456	37.5	0	0.754118
31.629	38	1	2.266402	10	10	456	79.166667	1.041667	0.754118
31.629	38	2	0.618879	20	20	456	37.5	0	0.754118
31.629	39	1	2.266402	10	10	456	79.166667	1.041667	0.754118
31.629	39	2	0.618879	20	20	456	37.5	0	0.754118
31.629	40	1	2.266402	10	10	456	79.166667	1.041667	0.754118
31.629	40	2	0.618879	20	20	456	37.5	0	0.754118
31.629	41	1	2.266402	10	10	456	79.166667	1.041667	0.754118
31.629	41	2	0.618879	20	20	456	37.5	0	0.754118
31.629	42	1	2.266402	10	10	456	79.166667	1.041667	0.754118
31.629	42	2	0.618879	20	20	456	37.5	0	0.754118
31.629	43	1	2.266402	10	10	456	79.166667	1.041667	0.754118
31.629	43	2	0.618879	20	20	456	37.5	0	0.754118
31.629	44	1	2.266402	10	10	456	79.166667	1.041667	0.754118
31.629	44	2	0.618879	20	20	456	37.5	0	0.754118
31.629	45	1	2.266402	10	10	456	79.166667	1.041667	0.754118
31.629	45	2	0.618879	20	20	456	37.5	0	0.754118
31.629	46	1	2.266402	10	10	456	79.166667	1.041667	0.754118
31.629	46	2	0.618879	20	20	456	37.5	0	0.754118
31.629	47	1	2.266402	10	10	456	79.166667	1.041667	0.754118
31.629	47	2	0.618879	20	20	456	37.5	0	0.754118
31.629	48	1	2.266402	10	10	456	79.166667	1.041667	0.754118
31.629	48	2	0.618879	20	20	456	37.5	0	0.754118
31.629	49	1	2.266402	10	10	456	79.166667	1.041667	0.754118
31.629	49	2	0.618879	20	20	456	37.5	0	0.754118
31.629	50	1	2.266402	10	10	456	79.166667	1.041667	0.754118
31.629	50	2	0.618879	20	20	456	37.5	0	0.754118
31.629	51	1	2.266402	10	10	456	79.166667	1.041667	0.754118
31.629	51	2	0.618879	20	20	456	37.5	0	0.754118
31.629	52	1	2.266402	10	10	456	79.166667	1.041667	0.754118
31.629	52	2	0.618879	20	20	456	37.5	0	0.754118
31.629	53	1	2.266402	10	10	456	79.166667	1.041667	0.754118
31.629	53	2	0.618879	20	20	456	37.5	0	0.754118
31.629	54	1	2.266402	10	10	456	79.166667	1.041667	0.754118
31.629	54	2	0.618879	20	20	456	37.5	0	0.754118
31.629	55	1	2.266402	10	10	456	79.166667	1.041667	0.754118
31.629	55	2	0.618879	20	20	456	37.5	0	0.754118
31.629	56	1	2.266402	10	10	456	79.166667	1.041667	0.754118
31.629	56	2	0.618879	20	20	456	37.5	0	0.754118
31.629	57	1	2.266402	10	10	456	79.166667	1.041667	0.754118
31.629	57	2	0.618879	20	20	456	37.5	0	0.754118
31.629	58	1	2.266402	10	10	456	79.166667	1.041667	0.754118
31.629	58	2	0.618879	20	20	456	37.5	0	0.754118
31.629	59	1	2.266402	10	10	456	79.166667	1.041667	0.754118
31.629	59	2	0.618879	20	20	456	37.5	0	0.754118
31.629	60	1	2.266402	10	10	456	79.166667	1.041667	0.754118
31.629	60	2	0.618879	20	20	456	37.5	0	0.754118
31.629	61	1	2.266402	10	10	456	79.166667	1.041667	0.754118
31.629	61	2	0.618879	20	20	456	37.5	0	0.754118
31.629	62	1	2.266402	10	10	456	79.166667	1.041667	0.754118
31.629	62	2	0.618879	20	20	456	37.5	0	0.754118
31.629	63	1	2.266402	10	10	456	79.166667	1.041667	0.754118
31.629	63	2	0.618879	20	20	456	37.5	0	0.754118
31.629	64	1	2.266402	10	10	456	79.166667	1.041667	0.754118
31.629	64	2	0.618879	20	20	456	37.5	0	0.754118
31.629	65	1	2.266402	10	10	456	79.166667	1.041667	0.754118
31.629	65	2	0.618879	20	20	456	37.5	0	0.754118
32.132	0	1	2.266402	10	10	456	79.166667	1.041667	0.754118
32.132	0	2	0.618879	20	20	456	37.5	0	0.754118
32.132	1	1	2.266402	10	10	456	79.166667	1.041667	0.754118
32.132	1	2	0.618879	20	20	456	37.5	0	0.754118
32.132	2	1	2.266402	10	10	456	79.166667	1.041667	0.754118
32.132	2	2	0.618879	20	20	456	37.5	0	0.754118
32.132	3	1	2.266402	10	10	456	79.166667	1.041667	0.754118
32.132	3	2	0.618879	20	20	456	37.5	0	0.754118
32.132	4	1	2.266402	10	10	456	79.166667	1.041667	0.754118
32.132	4	2	0.618879	20	20	456	37.5	0	0.754118
32.132	5	1	2.266402	10	10	456	79.166667	1.041667	0.754118
32.132	5	2	0.618879	20	20	456	37.5	0	0.754118
32.132	6	1	2.266402	10	10	456	79.166667	1.041667	0.754118
32.132	6	2	0.618879	20	20	456	37.5	0	0.754118
32.132	7	1	2.266402	10	10	456	79.166667	1.041667	0.754118
32.132	7	2	0.618879	20	20	456	37.5	0	0.754118
32.132	8	1	2.266402	10	10	456	79.166667	1.041667	0.754118
32.132	8	2	0.618879	20	20	456	37.5	0	0.754118
32.132	9	1	2.266402	10	10	456	79.166667	1.041667	0.754118
32.132	9	2	0.618879	20	20	456	37.5	0	0.754118
32.132	10	1	2.266402	10	10	456	79.166667	1.041667	0.754118
32.132	10	2	0.618879	20	20	456	37.5	0	0.754118
32.132	11	1	2.266402	10	10	456	79.166667	1.041667	0.754118
32.132	11	2	0.618879	20	20	456	37.5	0	0.754118
32.132	12	1	2.266402	10	10	456	79.166667	1.041667	0.754118
32.132	12	2	0.618879	20	20	456	37.5	0	0.754118
32.132	13	1	2.266402	10	10	456	79.166667	1.041667	0.754118
32.132	13	2	0.618879	20	20	456	37.5	0	0.754118
32.132	14	1	2.266402	10	10	456	79.166667	1.041667	0.754118
32.132	14	2	0.618879	20	20	456	37.5	0	0.754118
32.132	15	1	2.266402	10	10	456	79.166667	1.041667	0.754118
32.132	15	2	0.618879	20	20	456	37.5	0	0.754118
32.132	16	1	2.266402	10	10	456	79.166667	1.041667	0.754118
32.132	16	2	0.618879	20	20	456	37.5	0	0.754118
32.132	17	1	2.266402	10	10	456	79.166667	1.041667	0.754118
32.132	17	2	0.618879	20	20	456	37.5	0	0.754118
32.132	18	1	2.266402	10	10	456	79.166667	1.041667	0.754118
32.132	18	2	0.618879	20	20	456	37.5	0	0.754118
32.132	19	1	2.266402	10	10	456	79.166667	1.041667	0.754118
32.132	19	2	0.618879	20	20	456	37.5	0	0.754118
32.132	20	1	2.266402	10	10	456	79.166667	1.041667	0.754118
32.132	20	2	0.618879	20	20	456	37.5	0	0.754118
32.132	21	1	2.266402	10	10	456	79.166667	1.041667	0.754118
32.132	21	2	0.618879	20	20	456	37.5	0	0.754118
32.132	22	1	2.266402	10	10	456	79.166667	1.041667	0.754118
32.132	22	2	0.618879	20	20	456	37.5	0	0.754118
32.132	23	1	2.266402	10	10	456	79.166667	1.041667	0.754118
32.132	23	2	0.618879	20	20	456	37.5	0	0.754118
32.132	24	1	2.266402	10	10	456	79.166667	1.041667	0.754118
32.132	24	2	0.618879	20	20	456	37.5	0	0.754118
32.132	25	1	2.266402	10	10	456	79.166667	1.041667	0.754118
32.132	25	2	0.618879	20	20	456	37.5	0	0.754118
32.132	26	1	2.266402	10	10	456	79.166667	1.041667	0.754118
32.132	26	2	0.618879	20	20	456	37.5	0	0.754118
32.132	27	1	2.266402	10	10	456	79.166667	1.041667	0.754118
32.132	27	2	0.618879	20	20	456	37.5	0	0.754118
32.132	28	1	2.266402	10	10	456	79.166667	1.041667	0.754118
32.132	28	2	0.618879	20	20	456	37.5	0	0.754118
32.132	29	1	2.266402	10	10	456	79.166667	1.041667	0.754118
32.132	29	2	0.618879	20	20	456	37.5	0	0.754118
32.132	30	1	2.266402	10	10	456	79.166667	1.041667	0.754118
32.132	30	2	0.618879	20	20	456	37.5	0	0.754118
32.132	31	1	2.266402	10	10	456	79.166667	1.041667	0.754118
32.132	31	2	0.618879	20	20	456	37.5	0	0.754118
32.132	32	1	2.266402	10	10	456	79.166667	1.041667	0.754118
32.132	32	2	0.618879	20	20	456	37.5	0	0.754118
32.132	33	1	2.266402	10	10	456	79.166667	1.041667	0.754118
32.132	33	2	0.618879	20	20	456	37.5	0	0.754118
32.132	34	1	2.266402	10	10	456	79.166667	1.041667	0.754118
32.132	34	2	0.618879	20	20	456	37.5	0	0.754118
32.132	35	1	2.266402	10	10	456	79.166667	1.041667	0.754118
32.132	35	2	0.618879	20	20	456	37.5	0	0.754118
32.132	36	1	2.266402	10	10	456	79.166667	1.041667	0.754118
32.132	36	2	0.618879	20	20	456	37.5	0	0.754118
32.132	37	1	2.266402	10	10	456	79.166667	1.041667	0.754118
32.132	37	2	0.618879	20	20	456	37.5	0	0.754118
32.132	38	1	2.266402	10	10	456	79.166667	1.041667	0.754118
32.132	38	2	0.618879	20	20	456	37.5	0	0.754118
32.132	39	1	2.266402	10	10	456	79.166667	1.041667	0.754118
32.132	39	2	0.618879	20	20	456	37.5	0	0.754118
32.132	40	1	2.266402	10	10	456	79.166667	1.041667	0.754118
32.132	40	2	0.618879	20	20	456	37.5	0	0.754118
32.132	41	1	2.266402	10	10	456	79.166667	1.041667	0.754118
32.132	41	2	0.618879	20	20	456	37.5	0	0.754118
32.132	42	1	2.266402	10	10	456	79.166667	1.041667	0.754118
32.132	42	2	0.618879	20	20	456	37.5	0	0.754118
32.132	43	1	2.266402	10	10	456	79.166667	1.041667	0.754118
32.132	43	2	0.618879	20	20	456	37.5	0	0.754118
32.132	44	1	2.266402	10	10	456	79.166667	1.041667	0.754118
32.132	44	2	0.618879	20	20	456	37.5	0	0.754118
32.132	45	1	2.266402	10	10	456	79.166667	1.041667	0.754118
32.132	45	2	0.618879	20	20	456	37.5	0	0.754118
32.132	46	1	2.266402	10	10	456	79.166667	1.041667	0.754118
32.132	46	2	0.618879	20	20	456	37.5	0	0.754118
32.132	47	1	2.266402	10	10	456	79.166667	1.041667	0.754118
32.132	47	2	0.618879	20	20	456	37.5	0	0.754118
32.132	48	1	2.266402	10	10	456	79.166667	1.041667	0.754118
32.132	48	2	0.618879	20	20	456	37.5	0	0.754118
32.132	49	1	2.266402	10	10	456	79.166667	1.041667	0.754118
32.132	49	2	0.618879	20	20	456	37.5	0	0.754118
32.132	50	1	2.266402	10	10	456	79.166667	1.041667	0.754118
32.132	50	2	0.618879	20	20	456	37.5	0	0.754118
32.132	51	1	2.266402	10	10	456	79.166667	1.041667	0.754118
32.132	51	2	0.618879	20	20	456	37.5	0	0.754118
32.132	52	1	2.266402	10	10	456	79.166667	1.041667	0.754118
32.132	52	2	0.618879	20	20	456	37.5	0	0.754118
32.132	53	1	2.266402	10	10	456	79.166667	1.041667	0.754118
32.132	53	2	0.618879	20	20	456	37.5	0	0.754118
32.132	54	1	2.266402	10	10	456	79.166667	1.041667	0.754118
32.132	54	2	0.618879	20	20	456	37.5	0	0.754118
32.132	55	1	2.266402	10	10	456	79.166667	1.041667	0.754118
32.132	55	2	0.618879	20	20	456	37.5	0	0.754118
32.132	56	1	2.266402	10	10	456	79.166667	1.041667	0.754118
32.132	56	2	0.618879	20	20	456	37.5	0	0.754118
32.132	57	1	2.266402	10	10	456	79.166667	1.041667	0.754118
32.132	57	2	0.618879	20	20	456	37.5	0	0.754118
32.132	58	1	2.266402	10	10	456	79.166667	1.041667	0.754118
32.132	58	2	0.618879	20	20	456	37.5	0	0.754118
32.132	59	1	2.266402	10	10	456	79.166667	1.041667	0.754118
32.132	59	2	0.618879	20	20	456	37.5	0	0.754118
32.132	60	1	2.266402	10	10	456	79.166667	1.041667	0.754118
32.132	60	2	0.618879	20	20	456	37.5	0	0.754118
32.132	61	1	2.266402	10	10	456	79.166667	1.041667	0.754118
32.132	61	2	0.618879	20	20	456	37.5	0	0.754118
32.132	62	1	2.266402	10	10	456	79.166667	1.041667	0.754118
32.132	62	2	0.618879	20	20	456	37.5	0	0.754118
32.132	63	1	2.266402	10	10	456	79.166667	1.041667	0.754118
32.132	63	2	0.618879	20	20	456	37.5	0	0.754118
32.132	64	1	2.266402	10	10	456	79.166667	1.041667	0.754118
32.132	64	2	0.618879	20	20	456	37.5	0	0.754118
32.132	65	1	2.266402	10	10	456	79.166667	1.041667	0.754118
32.132	65	2	0.618879	20	20	456	37.5	0	0.754118
32.635	0	1	2.385686	10	10	480	79.166667	0.990099	0.754118
32.635	0	2	0.651451	20	20	480	37.5	0	0.754118
32.635	1	1	2.385686	10	10	480	79.166667	0.990099	0.754118
32.635	1	2	0.651451	20	20	480	37.5	0	0.754118
32.635	2	1	2.385686	10	10	480	79.166667	0.990099	0.754118
32.635	2	2	0.651451	20	20	480	37.5	0	0.754118
32.635	3	1	2.385686	10	10	480	79.166667	0.990099	0.754118
32.635	3	2	0.651451	20	20	480	37.5	0	0.754118
32.635	4	1	2.385686	10	10	480	79.166667	0.990099	0.754118
32.635	4	2	0.651451	20	20	480	37.5	0	0.754118
32.635	5	1	2.385686	10	10	480	79.166667	0.990099	0.754118
32.635	5	2	0.651451	20	20	480	37.5	0	0.754118
32.635	6	1	2.385686	10	10	480	79.166667	0.990099	0.754118
32.635	6	2	0.651451	20	20	480	37.5	0	0.754118
32.635	7	1	2.385686	10	10	480	79.166667	0.990099	0.754118
32.635	7	2	0.651451	20	20	480	37.5	0	0.754118
32.635	8	1	2.385686	10	10	480	79.166667	0.990099	0.754118
32.635	8	2	0.651451	20	20	480	37.5	0	0.754118
32.635	9	1	2.385686	10	10	480	79.166667	0.990099	0.754118
32.635	9	2	0.651451	20	20	480	37.5	0	0.754118
32.635	10	1	2.385686	10	10	480	79.166667	0.990099	0.754118
32.635	10	2	0.651451	20	20	480	37.5	0	0.754118
32.635	11	1	2.385686	10	10	480	79.166667	0.990099	0.754118
32.635	11	2	0.651451	20	20	480	37.5	0	0.754118
32.635	12	1	2.385686	10	10	480	79.166667	0.990099	0.754118
32.635	12	2	0.651451	20	20	480	37.5	0	0.754118
32.635	13	1	2.385686	10	10	480	79.166667	0.990099	0.754118
32.635	13	2	0.651451	20	20	480	37.5	0	0.754118
32.635	14	1	2.385686	10	10	480	79.166667	0.990099	0.754118
32.635	14	2	0.651451	20	20	480	37.5	0	0.754118
32.635	15	1	2.385686	10	10	480	79.166667	0.990099	0.754118
32.635	15	2	0.651451	20	20	480	37.5	0	0.754118
32.635	16	1	2.385686	10	10	480	79.166667	0.990099	0.754118
32.635	16	2	0.651451	20	20	480	37.5	0	0.754118
32.635	17	1	2.385686	10	10	480	79.166667	0.990099	0.754118
32.635	17	2	0.651451	20	20	480	37.5	0	0.754118
32.635	18	1	2.385686	10	10	480	79.166667	0.990099	0.754118
32.635	18	2	0.651451	20	20	480	37.5	0	0.754118
32.635	19	1	2.385686	10	10	480	79.166667	0.990099	0.754118
32.635	19	2	0.651451	20	20	480	37.5	0	0.754118
32.635	20	1	2.385686	10	10	480	79.166667	0.990099	0.754118
32.635	20	2	0.651451	20	20	480	37.5	0	0.754118
32.635	21	1	2.385686	10	10	480	79.166667	0.990099	0.754118
32.635	21	2	0.651451	20	20	480	37.5	0	0.754118
32.635	22	1	2.385686	10	10	480	79.166667	0.990099	0.754118
32.635	22	2	0.651451	20	20	480	37.5	0	0.754118
32.635	23	1	2.385686	10	10	480	79.166667	0.990099	0.754118
32.635	23	2	0.651451	20	20	480	37.5	0	0.754118
32.635	24	1	2.385686	10	10	480	79.166667	0.990099	0.754118
32.635	24	2	0.651451	20	20	480	37.5	0	0.754118
32.635	25	1	2.385686	10	10	480	79.166667	0.990099	0.754118
32.635	25	2	0.651451	20	20	480	37.5	0	0.754118
32.635	26	1	2.385686	10	10	480	79.166667	0.990099	0.754118
32.635	26	2	0.651451	20	20	480	37.5	0	0.754118
32.635	27	1	2.385686	10	10	480	79.166667	0.990099	0.754118
32.635	27	2	0.651451	20	20	480	37.5	0	0.754118
32.635	28	1	2.385686	10	10	480	79.166667	0.990099	0.754118
32.635	28	2	0.651451	20	20	480	37.5	0	0.754118
32.635	29	1	2.385686	10	10	480	79.166667	0.990099	0.754118
32.635	29	2	0.651451	20	20	480	37.5	0	0.754118
32.635	30	1	2.385686	10	10	480	79.166667	0.990099	0.754118
32.635	30	2	0.651451	20	20	480	37.5	0	0.754118
32.635	31	1	2.385686	10	10	480	79.166667	0.990099	0.754118
32.635	31	2	0.651451	20	20	480	37.5	0	0.754118
32.635	32	1	2.385686	10	10	480	79.166667	0.990099	0.754118
32.635	32	2	0.651451	20	20	480	37.5	0	0.754118
32.635	33	1	2.385686	10	10	480	79.166667	0.990099	0.754118
32.635	33	2	0.651451	20	20	480	37.5	0	0.754118
32.635	34	1	2.385686	10	10	480	79.166667	0.990099	0.754118
32.635	34	2	0.651451	20	20	480	37.5	0	0.754118
32.635	35	1	2.385686	10	10	480	79.166667	0.990099	0.754118
32.635	35	2	0.651451	20	20	480	37.5	0	0.754118
32.635	36	1	2.385686	10	10	480	79.166667	0.990099	0.754118
32.635	36	2	0.651451	20	20	480	37.5	0	0.754118
32.635	37	1	2.385686	10	10	480	79.166667	0.990099	0.754118
32.635	37	2	0.651451	20	20	480	37.5	0	0.754118
32.635	38	1	2.385686	10	10	480	79.166667	0.990099	0.754118
32.635	38	2	0.651451	20	20	480	37.5	0	0.754118
32.635	39	1	2.385686	10	10	480	79.166667	0.990099	0.754118
32.635	39	2	0.651451	20	20	480	37.5	0	0.754118
32.635	40	1	2.385686	10	10	480	79.166667	0.990099	0.754118
32.635	40	2	0.651451	20	20	480	37.5	0	0.754118
32.635	41	1	2.385686	10	10	480	79.166667	0.990099	0.754118
32.635	41	2	0.651451	20	20	480	37.5	0	0.754118
32.635	42	1	2.385686	10	10	480	79.166667	0.990099	0.754118
32.635	42	2	0.651451	20	20	480	37.5	0	0.754118
32.635	43	1	2.385686	10	10	480	79.166667	0.990099	0.754118
32.635	43	2	0.651451	20	20	480	37.5	0	0.754118
32.635	44	1	2.385686	10	10	480	79.166667	0.990099	0.754118
32.635	44	2	0.651451	20	20	480	37.5	0	0.754118
32.635	45	1	2.385686	10	10	480	79.166667	0.990099	0.754118
32.635	45	2	0.651451	20	20	480	37.5	0	0.754118
32.635	46	1	2.385686	10	10	480	79.166667	0.990099	0.754118
32.635	46	2	0.651451	20	20	480	37.5	0	0.754118
32.635	47	1	2.385686	10	10	480	79.166667	0.990099	0.754118
32.635	47	2	0.651451	20	20	480	37.5	0	0.754118
32.635	48	1	2.385686	10	10	480	79.166667	0.990099	0.754118
32.635	48	2	0.651451	20	20	480	37.5	0	0.754118
32.635	49	1	2.385686	10	10	480	79.166667	0.990099	0.754118
32.635	49	2	0.651451	20	20	480	37.5	0	0.754118
32.635	50	1	2.385686	10	10	480	79.166667	0.990099	0.754118
32.635	50	2	0.651451	20	20	480	37.5	0	0.754118
32.635	51	1	2.385686	10	10	480	79.166667	0.990099	0.754118
32.635	51	2	0.651451	20	20	480	37.5	0	0.754118
32.635	52	1	2.385686	10	10	480	79.166667	0.990099	0.754118
32.635	52	2	0.651451	20	20	480	37.5	0	0.754118
32.635	53	1	2.385686	10	10	480	79.166667	0.990099	0.754118
32.635	53	2	0.651451	20	20	480	37.5	0	0.754118
32.635	54	1	2.385686	10	10	480	79.166667	0.990099	0.754118
32.635	54	2	0.651451	20	20	480	37.5	0	0.754118
32.635	55	1	2.385686	10	10	480	79.166667	0.990099	0.754118
32.635	55	2	0.651451	20	20	480	37.5	0	0.754118
32.635	56	1	2.385686	10	10	480	79.166667	0.990099	0.754118
32.635	56	2	0.651451	20	20	480	37.5	0	0.754118
32.635	57	1	2.385686	10	10	480	79.166667	0.990099	0.754118
32.635	57	2	0.651451	20	20	480	37.5	0	0.754118
32.635	58	1	2.385686	10	10	480	79.166667	0.990099	0.754118
32.635	58	2	0.651451	20	20	480	37.5	0	0.754118
32.635	59	1	2.385686	10	10	480	79.166667	0.990099	0.754118
32.635	59	2	0.651451	20	20	480	37.5	0	0.754118
32.635	60	1	2.385686	10	10	480	79.166667	0.990099	0.754118
32.635	60	2	0.651451	20	20	480	37.5	0	0.754118
32.635	61	1	2.385686	10	10	480	79.166667	0.990099	0.754118
32.635	61	2	0.651451	20	20	480	37.5	0	0.754118
32.635	62	1	2.385686	10	10	480	79.166667	0.990099	0.754118
32.635	62	2	0.651451	20	20	480	37.5	0	0.754118
32.635	63	1	2.385686	10	10	480	79.166667	0.990099	0.754118
32.635	63	2	0.651451	20	20	480	37.5	0	0.754118
32.635	64	1	2.385686	10	10	480	79.166667	0.990099	0.754118
32.635	64	2	0.651451	20	20	480	37.5	0	0.754118
32.635	65	1	2.385686	10	10	480	79.166667	0.990099	0.754118
32.635	65	2	0.651451	20	20	480	37.5	0	0.754118
33.138	0	1	2.266402	10	10	456	79.166667	1.041667	0.754118
33.138	0	2	0.618879	20	20	456	37.5	0	0.754118
33.138	1	1	2.266402	10	10	456	79.166667	1.041667	0.754118
33.138	1	2	0.618879	20	20	456	37.5	0	0.754118
33.138	2	1	2.266402	10	10	456	79.166667	1.041667	0.754118
33.138	2	2	0.618879	20	20	456	37.5	0	0.754118
33.138	3	1	2.266402	10	10	456	79.166667	1.041667	0.754118
33.138	3	2	0.618879	20	20	456	37.5	0	0.754118
33.138	4	1	2.266402	10	10	456	79.166667	1.041667	0.754118
33.138	4	2	0.618879	20	20	456	37.5	0	0.754118
33.138	5	1	2.266402	10	10	456	79.166667	1.041667	0.754118
33.138	5	2	0.618879	20	20	456	37.5	0	0.754118
33.138	6	1	2.266402	10	10	456	79.166667	1.041667	0.754118
33.138	6	2	0.618879	20	20	456	37.5	0	0.754118
33.138	7	1	2.266402	10	10	456	79.166667	1.041667	0.754118
33.138	7	2	0.618879	20	20	456	37.5	0	0.754118
33.138	8	1	2.266402	10	10	456	79.166667	1.041667	0.754118
33.138	8	2	0.618879	20	20	456	37.5	0	0.754118
33.138	9	1	2.266402	10	10	456	79.166667	1.041667	0.754118
33.138	9	2	0.618879	20	20	456	37.5	0	0.754118
33.138	10	1	2.266402	10	10	456	79.166667	1.041667	0.754118
33.138	10	2	0.618879	20	20	456	37.5	0	0.754118
33.138	11	1	2.266402	10	10	456	79.166667	1.041667	0.754118
33.138	11	2	0.618879	20	20	456	37.5	0	0.754118
33.138	12	1	2.266402	10	10	456	79.166667	1.041667	0.754118
33.138	12	2	0.618879	20	20	456	37.5	0	0.754118
33.138	13	1	2.266402	10	10	456	79.166667	1.041667	0.754118
33.138	13	2	0.618879	20	20	456	37.5	0	0.754118
33.138	14	1	2.266402	10	10	456	79.166667	1.041667	0.754118
33.138	14	2	0.618879	20	20	456	37.5	0	0.754118
33.138	15	1	2.266402	10	10	456	79.166667	1.041667	0.754118
33.138	15	2	0.618879	20	20	456	37.5	0	0.754118
33.138	16	1	2.266402	10	10	456	79.166667	1.041667	0.754118
33.138	16	2	0.618879	20	20	456	37.5	0	0.754118
33.138	17	1	2.266402	10	10	456	79.166667	1.041667	0.754118
33.138	17	2	0.618879	20	20	456	37.5	0	0.754118
33.138	18	1	2.266402	10	10	456	79.166667	1.041667	0.754118
33.138	18	2	0.618879	20	20	456	37.5	0	0.754118
33.138	19	1	2.266402	10	10	456	79.166667	1.041667	0.754118
33.138	19	2	0.618879	20	20	456	37.5	0	0.754118
33.138	20	1	2.266402	10	10	456	79.166667	1.041667	0.754118
33.138	20	2	0.618879	20	20	456	37.5	0	0.754118
33.138	21	1	2.266402	10	10	456	79.166667	1.041667	0.754118
33.138	21	2	0.618879	20	20	456	37.5	0	0.754118
33.138	22	1	2.266402	10	10	456	79.166667	1.041667	0.754118
33.138	22	2	0.618879	20	20	456	37.5	0	0.754118
33.138	23	1	2.266402	10	10	456	79.166667	1.041667	0.754118
33.138	23	2	0.618879	20	20	456	37.5	0	0.754118
33.138	24	1	2.266402	10	10	456	79.166667	1.041667	0.754118
33.138	24	2	0.618879	20	20	456	37.5	0	0.754118
33.138	25	1	2.266402	10	10	456	79.166667	1.041667	0.754118
33.138	25	2	0.618879	20	20	456	37.5	0	0.754118
33.138	26	1	2.266402	10	10	456	79.166667	1.041667	0.754118
33.138	26	2	0.618879	20	20	456	37.5	0	0.754118
33.138	27	1	2.266402	10	10	456	79.166667	1.041667	0.754118
33.138	27	2	0.618879	20	20	456	37.5	0	0.754118
33.138	28	1	2.266402	10	10	456	79.166667	1.041667	0.754118
33.138	28	2	0.618879	20	20	456	37.5	0	0.754118
33.138	29	1	2.266402	10	10	456	79.166667	1.041667	0.754118
33.138	29	2	0.618879	20	20	456	37.5	0	0.754118
33.138	30	1	2.266402	10	10	456	79.166667	1.041667	0.754118
33.138	30	2	0.618879	20	20	456	37.5	0	0.754118
33.138	31	1	2.266402	10	10	456	79.166667	1.041667	0.754118
33.138	31	2	0.618879	20	20	456	37.5	0	0.754118
33.138	32	1	2.266402	10	10	456	79.166667	1.041667	0.754118
33.138	32	2	0.618879	20	20	456	37.5	0	0.754118
33.138	33	1	2.266402	10	10	456	79.166667	1.041667	0.754118
33.138	33	2	0.618879	20	20	456	37.5	0	0.754118
33.138	34	1	2.266402	10	10	456	79.166667	1.041667	0.754118
33.138	34	2	0.618879	20	20	456	37.5	0	0.754118
33.138	35	1	2.266402	10	10	456	79.166667	1.041667	0.754118
33.138	35	2	0.618879	20	20	456	37.5	0	0.754118
33.138	36	1	2.266402	10	10	456	79.166667	1.041667	0.754118
33.138	36	2	0.618879	20	20	456	37.5	0	0.754118
33.138	37	1	2.266402	10	10	456	79.166667	1.041667	0.754118
33.138	37	2	0.618879	20	20	456	37.5	0	0.754118
33.138	38	1	2.266402	10	10	456	79.166667	1.041667	0.754118
33.138	38	2	0.618879	20	20	456	37.5	0	0.754118
33.138	39	1	2.266402	10	10	456	79.166667	1.041667	0.754118
33.138	39	2	0.618879	20	20	456	37.5	0	0.754118
33.138	40	1	2.266402	10	10	456	79.166667	1.041667	0.754118
33.138	40	2	0.618879	20	20	456	37.5	0	0.754118
33.138	41	1	2.266402	10	10	456	79.166667	1.041667	0.754118
33.138	41	2	0.618879	20	20	456	37.5	0	0.754118
33.138	42	1	2.266402	10	10	456	79.166667	1.041667	0.754118
33.138	42	2	0.618879	20	20	456	37.5	0	0.754118
33.138	43	1	2.266402	10	10	456	79.166667	1.041667	0.754118
33.138	43	2	0.618879	20	20	456	37.5	0	0.754118
33.138	44	1	2.266402	10	10	456	79.166667	1.041667	0.754118
33.138	44	2	0.618879	20	20	456	37.5	0	0.754118
33.138	45	1	2.266402	10	10	456	79.166667	1.041667	0.754118
33.138	45	2	0.618879	20	20	456	37.5	0	0.754118
33.138	46	1	2.266402	10	10	456	79.166667	1.041667	0.754118
33.138	46	2	0.618879	20	20	456	37.5	0	0.754118
33.138	47	1	2.266402	10	10	456	79.166667	1.041667	0.754118
33.138	47	2	0.618879	20	20	456	37.5	0	0.754118
33.138	48	1	2.266402	10	10	456	79.166667	1.041667	0.754118
33.138	48	2	0.618879	20	20	456	37.5	0	0.754118
33.138	49	1	2.266402	10	10	456	79.166667	1.041667	0.754118
33.138	49	2	0.618879	20	20	456	37.5	0	0.754118
33.138	50	1	2.266402	10	10	456	79.166667	1.041667	0.754118
33.138	50	2	0.618879	20	20	456	37.5	0	0.754118
33.138	51	1	2.266402	10	10	456	79.166667	1.041667	0.754118
33.138	51	2	0.618879	20	20	456	37.5	0	0.754118
33.138	52	1	2.266402	10	10	456	79.166667	1.041667	0.754118
33.138	52	2	0.618879	20	20	456	37.5	0	0.754118
33.138	53	1	2.266402	10	10	456	79.166667	1.041667	0.754118
33.138	53	2	0.618879	20	20	456	37.5	0	0.754118
33.138	54	1	2.266402	10	10	456	79.166667	1.041667	0.754118
33.138	54	2	0.618879	20	20	456	37.5	0	0.754118
33.138	55	1	2.266402	10	10	456	79.166667	1.041667	0.754118
33.138	55	2	0.618879	20	20	456	37.5	0	0.754118
33.138	56	1	2.266402	10	10	456	79.166667	1.041667	0.754118
33.138	56	2	0.618879	20	20	456	37.5	0	0.754118
33.138	57	1	2.266402	10	10	456	79.166667	1.041667	0.754118
33.138	57	2	0.618879	20	20	456	37.5	0	0.754118
33.138	58	1	2.266402	10	10	456	79.166667	1.041667	0.754118
33.138	58	2	0.618879	20	20	456	37.5	0	0.754118
33.138	59	1	2.266402	10	10	456	79.166667	1.041667	0.754118
33.138	59	2	0.618879	20	20	456	37.5	0	0.754118
33.138	60	1	2.266402	10	10	456	79.166667	1.041667	0.754118
33.138	60	2	0.618879	20	20	456	37.5	0	0.754118
33.138	61	1	2.266402	10	10	456	79.166667	1.041667	0.754118
33.138	61	2	0.618879	20	20	456	37.5	0	0.754118
33.138	62	1	2.266402	10	10	456	79.166667	1.041667	0.754118
33.138	62	2	0.618879	20	20	456	37.5	0	0.754118
33.138	63	1	2.266402	10	10	456	79.166667	1.041667	0.754118
33.138	63	2	0.618879	20	20	456	37.5	0	0.754118
33.138	64	1	2.266402	10	10	456	79.166667	1.041667	0.754118
33.138	64	2	0.618879	20	20	456	37.5	0	0.754118
33.138	65	1	2.266402	10	10	456	79.166667	1.041667	0.754118
33.138	65	2	0.618879	20	20	456	37.5	0	0.754118
33.641	0	1	2.266402	10	10	456	79.166667	1.041667	0.754118
33.641	0	2	0.618879	20	20	456	37.5	0	0.754118
33.641	1	1	2.266402	10	10	456	79.166667	1.041667	0.754118
33.641	1	2	0.618879	20	20	456	37.5	0	0.754118
33.641	2	1	2.266402	10	10	456	79.166667	1.041667	0.754118
33.641	2	2	0.618879	20	20	456	37.5	0	0.754118
33.641	3	1	2.266402	10	10	456	79.166667	1.041667	0.754118
33.641	3	2	0.618879	20	20	456	37.5	0	0.754118
33.641	4	1	2.266402	10	10	456	79.166667	1.041667	0.754118
33.641	4	2	0.618879	20	20	456	37.5	0	0.754118
33.641	5	1	2.266402	10	10	456	79.166667	1.041667	0.754118
33.641	5	2	0.618879	20	20	456	37.5	0	0.754118
33.641	6	1	2.266402	10	10	456	79.166667	1.041667	0.754118
33.641	6	2	0.618879	20	20	456	37.5	0	0.754118
33.641	7	1	2.266402	10	10	456	79.166667	1.041667	0.754118
33.641	7	2	0.618879	20	20	456	37.5	0	0.754118
33.641	8	1	2.266402	10	10	456	79.166667	1.041667	0.754118
33.641	8	2	0.618879	20	20	456	37.5	0	0.754118
33.641	9	1	2.266402	10	10	456	79.166667	1.041667	0.754118
33.641	9	2	0.618879	20	20	456	37.5	0	0.754118
33.641	10	1	2.266402	10	10	456	79.166667	1.041667	0.754118
33.641	10	2	0.618879	20	20	456	37.5	0	0.754118
33.641	11	1	2.266402	10	10	456	79.166667	1.041667	0.754118
33.641	11	2	0.618879	20	20	456	37.5	0	0.754118
33.641	12	1	2.266402	10	10	456	79.166667	1.041667	0.754118
33.641	12	2	0.618879	20	20	456	37.5	0	0.754118
33.641	13	1	2.266402	10	10	456	79.166667	1.041667	0.754118
33.641	13	2	0.618879	20	20	456	37.5	0	0.754118
33.641	14	1	2.266402	10	10	456	79.166667	1.041667	0.754118
33.641	14	2	0.618879	20	20	456	37.5	0	0.754118
33.641	15	1	2.266402	10	10	456	79.166667	1.041667	0.754118
33.641	15	2	0.618879	20	20	456	37.5	0	0.754118
33.641	16	1	2.266402	10	10	456	79.166667	1.041667	0.754118
33.641	16	2	0.618879	20	20	456	37.5	0	0.754118
33.641	17	1	2.266402	10	10	456	79.166667	1.041667	0.754118
33.641	17	2	0.618879	20	20	456	37.5	0	0.754118
33.641	18	1	2.266402	10	10	456	79.166667	1.041667	0.754118
33.641	18	2	0.618879	20	20	456	37.5	0	0.754118
33.641	19	1	2.266402	10	10	456	79.166667	1.041667	0.754118
33.641	19	2	0.618879	20	20	456	37.5	0	0.754118
33.641	20	1	2.266402	10	10	456	79.166667	1.041667	0.754118
33.641	20	2	0.618879	20	20	456	37.5	0	0.754118
33.641	21	1	2.266402	10	10	456	79.166667	1.041667	0.754118
33.641	21	2	0.618879	20	20	456	37.5	0	0.754118
33.641	22	1	2.266402	10	10	456	79.166667	1.041667	0.754118
33.641	22	2	0.618879	20	20	456	37.5	0	0.754118
33.641	23	1	2.266402	10	10	456	79.166667	1.041667	0.754118
33.641	23	2	0.618879	20	20	456	37.5	0	0.754118
33.641	24	1	2.266402	10	10	456	79.166667	1.041667	0.754118
33.641	24	2	0.618879	20	20	456	37.5	0	0.754118
33.641	25	1	2.266402	10	10	456	79.166667	1.041667	0.754118
33.641	25	2	0.618879	20	20	456	37.5	0	0.754118
33.641	26	1	2.266402	10	10	456	79.166667	1.041667	0.754118
33.641	26	2	0.618879	20	20	456	37.5	0	0.754118
33.641	27	1	2.266402	10	10	456	79.166667	1.041667	0.754118
33.641	27	2	0.618879	20	20	456	37.5	0	0.754118
33.641	28	1	2.266402	10	10	456	79.166667	1.041667	0.754118
33.641	28	2	0.618879	20	20	456	37.5	0	0.754118
33.641	29	1	2.266402	10	10	456	79.166667	1.041667	0.754118
33.641	29	2	0.618879	20	20	456	37.5	0	0.754118
33.641	30	1	2.266402	10	10	456	79.166667	1.041667	0.754118
33.641	30	2	0.618879	20	20	456	37.5	0	0.754118
33.641	31	1	2.266402	10	10	456	79.166667	1.041667	0.754118
33.641	31	2	0.618879	20	20	456	37.5	0	0.754118
33.641	32	1	2.266402	10	10	456	79.166667	1.041667	0.754118
33.641	32	2	0.618879	20	20	456	37.5	0	0.754118
33.641	33	1	2.266402	10	10	456	79.166667	1.041667	0.754118
33.641	33	2	0.618879	20	20	456	37.5	0	0.754118
33.641	34	1	2.266402	10	10	456	79.166667	1.041667	0.754118
33.641	34	2	0.618879	20	20	456	37.5	0	0.754118
33.641	35	1	2.266402	10	10	456	79.166667	1.041667	0.754118
33.641	35	2	0.618879	20	20	456	37.5	0	0.754118
33.641	36	1	2.266402	10	10	456	79.166667	1.041667	0.754118
33.641	36	2	0.618879	20	20	456	37.5	0	0.754118
33.641	37	1	2.266402	10	10	456	79.166667	1.041667	0.754118
33.641	37	2	0.618879	20	20	456	37.5	0	0.754118
33.641	38	1	2.266402	10	10	456	79.166667	1.041667	0.754118
33.641	38	2	0.618879	20	20	456	37.5	0	0.754118
33.641	39	1	2.266402	10	10	456	79.166667	1.041667	0.754118
33.641	39	2	0.618879	20	20	456	37.5	0	0.754118
33.641	40	1	2.266402	10	10	456	79.166667	1.041667	0.754118
33.641	40	2	0.618879	20	20	456	37.5	0	0.754118
33.641	41	1	2.266402	10	10	456	79.166667	1.041667	0.754118
33.641	41	2	0.618879	20	20	456	37.5	0	0.754118
33.641	42	1	2.266402	10	10	456	79.166667	1.041667	0.754118
33.641	42	2	0.618879	20	20	456	37.5	0	0.754118
33.641	43	1	2.266402	10	10	456	79.166667	1.041667	0.754118
33.641	43	2	0.618879	20	20	456	37.5	0	0.754118
33.641	44	1	2.266402	10	10	456	79.166667	1.041667	0.754118
33.641	44	2	0.618879	20	20	456	37.5	0	0.754118
33.641	45	1	2.266402	10	10	456	79.166667	1.041667	0.754118
33.641	45	2	0.618879	20	20	456	37.5	0	0.754118
33.641	46	1	2.266402	10	10	456	79.166667	1.041667	0.754118
33.641	46	2	0.618879	20	20	456	37.5	0	0.754118
33.641	47	1	2.266402	10	10	456	79.166667	1.041667	0.754118
33.641	47	2	0.618879	20	20	456	37.5	0	0.754118
33.641	48	1	2.266402	10	10	456	79.166667	1.041667	0.754118
33.641	48	2	0.618879	20	20	456	37.5	0	0.754118
33.641	49	1	2.266402	10	10	456	79.166667	1.041667	0.754118
33.641	49	2	0.618879	20	20	456	37.5	0	0.754118
33.641	50	1	2.266402	10	10	456	79.166667	1.041667	0.754118
33.641	50	2	0.618879	20	20	456	37.5	0	0.754118
33.641	51	1	2.266402	10	10	456	79.166667	1.041667	0.754118
33.641	51	2	0.618879	20	20	456	37.5	0	0.754118
33.641	52	1	2.266402	10	10	456	79.166667	1.041667	0.754118
33.641	52	2	0.618879	20	20	456	37.5	0	0.754118
33.641	53	1	2.266402	10	10	456	79.166667	1.041667	0.754118
33.641	53	2	0.618879	20	20	456	37.5	0	0.754118
33.641	54	1	2.266402	10	10	456	79.166667	1.041667	0.754118
33.641	54	2	0.618879	20	20	456	37.5	0	0.754118
33.641	55	1	2.266402	10	10	456	79.166667	1.041667	0.754118
33.641	55	2	0.618879	20	20	456	37.5	0	0.754118
33.641	56	1	2.266402	10	10	456	79.166667	1.041667	0.754118
33.641	56	2	0.618879	20	20	456	37.5	0	0.754118
33.641	57	1	2.266402	10	10	456	79.166667	1.041667	0.754118
33.641	57	2	0.618879	20	20	456	37.5	0	0.754118
33.641	58	1	2.266402	10	10	456	79.166667	1.041667	0.754118
33.641	58	2	0.618879	20	20	456	37.5	0	0.754118
33.641	59	1	2.266402	10	10	456	79.166667	1.041667	0.754118
33.641	59	2	0.618879	20	20	456	37.5	0	0.754118
33.641	60	1	2.266402	10	10	456	79.166667	1.041667	0.754118
33.641	60	2	0.618879	20	20	456	37.5	0	0.754118
33.641	61	1	2.266402	10	10	456	79.166667	1.041667	0.754118
33.641	61	2	0.618879	20	20	456	37.5	0	0.754118
33.641	62	1	2.266402	10	10	456	79.166667	1.041667	0.754118
33.641	62	2	0.618879	20	20	456	37.5	0	0.754118
33.641	63	1	2.266402	10	10	456	79.166667	1.041667	0.754118
33.641	63	2	0.618879	20	20	456	37.5	0	0.754118
33.641	64	1	2.266402	10	10	456	79.166667	1.041667	0.754118
33.641	64	2	0.618879	20	20	456	37.5	0	0.754118
33.641	65	1	2.266402	10	10	456	79.166667	1.041667	0.754118
33.641	65	2	0.618879	20	20	456	37.5	0	0.754118
34.144	0	1	2.385686	10	10	480	79.166667	0.990099	0.754118
34.144	0	2	0.651451	20	20	480	37.5	0	0.754118
34.144	1	1	2.385686	10	10	480	79.166667	0.990099	0.754118
34.144	1	2	0.651451	20	20	480	37.5	0	0.754118
34.144	2	1	2.385686	10	10	480	79.166667	0.990099	0.754118
34.144	2	2	0.651451	20	20	480	37.5	0	0.754118
34.144	3	1	2.385686	10	10	480	79.166667	0.990099	0.754118
34.144	3	2	0.651451	20	20	480	37.5	0	0.754118
34.144	4	1	2.385686	10	10	480	79.166667	0.990099	0.754118
34.144	4	2	0.651451	20	20	480	37.5	0	0.754118
34.144	5	1	2.385686	10	10	480	79.166667	0.990099	0.754118
34.144	5	2	0.651451	20	20	480	37.5	0	0.754118
34.144	6	1	2.385686	10	10	480	79.166667	0.990099	0.754118
34.144	6	2	0.651451	20	20	480	37.5	0	0.754118
34.144	7	1	2.385686	10	10	480	79.166667	0.990099	0.754118
34.144	7	2	0.651451	20	20	480	37.5	0	0.754118
34.144	8	1	2.385686	10	10	480	79.166667	0.990099	0.754118
34.144	8	2	0.651451	20	20	480	37.5	0	0.754118
34.144	9	1	2.385686	10	10	480	79.166667	0.990099	0.754118
34.144	9	2	0.651451	20	20	480	37.5	0	0.754118
34.144	10	1	2.385686	10	10	480	79.166667	0.990099	0.754118
34.144	10	2	0.651451	20	20	480	37.5	0	0.754118
34.144	11	1	2.385686	10	10	480	79.166667	0.990099	0.754118
34.144	11	2	0.651451	20	20	480	37.5	0	0.754118
34.144	12	1	2.385686	10	10	480	79.166667	0.990099	0.754118
34.144	12	2	0.651451	20	20	480	37.5	0	0.754118
34.144	13	1	2.385686	10	10	480	79.166667	0.990099	0.754118
34.144	13	2	0.651451	20	20	480	37.5	0	0.754118
34.144	14	1	2.385686	10	10	480	79.166667	0.990099	0.754118
34.144	14	2	0.651451	20	20	480	37.5	0	0.754118
34.144	15	1	2.385686	10	10	480	79.166667	0.990099	0.754118
34.144	15	2	0.651451	20	20	480	37.5	0	0.754118
34.144	16	1	2.385686	10	10	480	79.166667	0.990099	0.754118
34.144	16	2	0.651451	20	20	480	37.5	0	0.754118
34.144	17	1	2.385686	10	10	480	79.166667	0.990099	0.754118
34.144	17	2	0.651451	20	20	480	37.5	0	0.754118
34.144	18	1	2.385686	10	10	480	79.166667	0.990099	0.754118
34.144	18	2	0.651451	20	20	480	37.5	0	0.754118
34.144	19	1	2.385686	10	10	480	79.166667	0.990099	0.754118
34.144	19	2	0.651451	20	20	480	37.5	0	0.754118
34.144	20	1	2.385686	10	10	480	79.166667	0.990099	0.754118
34.144	20	2	0.651451	20	20	480	37.5	0	0.754118
34.144	21	1	2.385686	10	10	480	79.166667	0.990099	0.754118
34.144	21	2	0.651451	20	20	480	37.5	0	0.754118
34.144	22	1	2.385686	10	10	480	79.166667	0.990099	0.754118
34.144	22	2	0.651451	20	20	480	37.5	0	0.754118
34.144	23	1	2.385686	10	10	480	79.166667	0.990099	0.754118
34.144	23	2	0.651451	20	20	480	37.5	0	0.754118
34.144	24	1	2.385686	10	10	480	79.166667	0.990099	0.754118
34.144	24	2	0.651451	20	20	480	37.5	0	0.754118
34.144	25	1	2.385686	10	10	480	79.166667	0.990099	0.754118
34.144	25	2	0.651451	20	20	480	37.5	0	0.754118
34.144	26	1	2.385686	10	10	480	79.166667	0.990099	0.754118
34.144	26	2	0.651451	20	20	480	37.5	0	0.754118
34.144	27	1	2.385686	10	10	480	79.166667	0.990099	0.754118
34.144	27	2	0.651451	20	20	480	37.5	0	0.754118
34.144	28	1	2.385686	10	10	480	79.166667	0.990099	0.754118
34.144	28	2	0.651451	20	20	480	37.5	0	0.754118
34.144	29	1	2.385686	10	10	480	79.166667	0.990099	0.754118
34.144	29	2	0.651451	20	20	480	37.5	0	0.754118
34.144	30	1	2.385686	10	10	480	79.166667	0.990099	0.754118
34.144	30	2	0.651451	20	20	480	37.5	0	0.754118
34.144	31	1	2.385686	10	10	480	79.166667	0.990099	0.754118
34.144	31	2	0.651451	20	20	480	37.5	0	0.754118
34.144	32	1	2.385686	10	10	480	79.166667	0.990099	0.754118
34.144	32	2	0.651451	20	20	480	37.5	0	0.754118
34.144	33	1	2.385686	10	10	480	79.166667	0.990099	0.754118
34.144	33	2	0.651451	20	20	480	37.5	0	0.754118
34.144	34	1	2.385686	10	10	480	79.166667	0.990099	0.754118
34.144	34	2	0.651451	20	20	480	37.5	0	0.754118
34.144	35	1	2.385686	10	10	480	79.166667	0.990099	0.754118
34.144	35	2	0.651451	20	20	480	37.5	0	0.754118
34.144	36	1	2.385686	10	10	480	79.166667	0.990099	0.754118
34.144	36	2	0.651451	20	20	480	37.5	0	0.754118
34.144	37	1	2.385686	10	10	480	79.166667	0.990099	0.754118
34.144	37	2	0.651451	20	20	480	37.5	0	0.754118
34.144	38	1	2.385686	10	10	480	79.166667	0.990099	0.754118
34.144	38	2	0.651451	20	20	480	37.5	0	0.754118
34.144	39	1	2.385686	10	10	480	79.166667	0.990099	0.754118
34.144	39	2	0.651451	20	20	480	37.5	0	0.754118
34.144	40	1	2.385686	10	10	480	79.166667	0.990099	0.754118
34.144	40	2	0.651451	20	20	480	37.5	0	0.754118
34.144	41	1	2.385686	10	10	480	79.166667	0.990099	0.754118
34.144	41	2	0.651451	20	20	480	37.5	0	0.754118
34.144	42	1	2.385686	10	10	480	79.166667	0.990099	0.754118
34.144	42	2	0.651451	20	20	480	37.5	0	0.754118
34.144	43	1	2.385686	10	10	480	79.166667	0.990099	0.754118
34.144	43	2	0.651451	20	20	480	37.5	0	0.754118
34.144	44	1	2.385686	10	10	480	79.166667	0.990099	0.754118
34.144	44	2	0.651451	20	20	480	37.5	0	0.754118
34.144	45	1	2.385686	10	10	480	79.166667	0.990099	0.754118
34.144	45	2	0.651451	20	20	480	37.5	0	0.754118
34.144	46	1	2.385686	10	10	480	79.166667	0.990099	0.754118
34.144	46	2	0.651451	20	20	480	37.5	0	0.754118
34.144	47	1	2.385686	10	10	480	79.166667	0.990099	0.754118
34.144	47	2	0.651451	20	20	480	37.5	0	0.754118
34.144	48	1	2.385686	10	10	480	79.166667	0.990099	0.754118
34.144	48	2	0.651451	20	20	480	37.5	0	0.754118
34.144	49	1	2.385686	10	10	480	79.166667	0.990099	0.754118
34.144	49	2	0.651451	20	20	480	37.5	0	0.754118
34.144	50	1	2.385686	10	10	480	79.166667	0.990099	0.754118
34.144	50	2	0.651451	20	20	480	37.5	0	0.754118
34.144	51	1	2.385686	10	10	480	79.166667	0.990099	0.754118
34.144	51	2	0.651451	20	20	480	37.5	0	0.754118
34.144	52	1	2.385686	10	10	480	79.166667	0.990099	0.754118
34.144	52	2	0.651451	20	20	480	37.5	0	0.754118
34.144	53	1	2.385686	10	10	480	79.166667	0.990099	0.754118
34.144	53	2	0.651451	20	20	480	37.5	0	0.754118
34.144	54	1	2.385686	10	10	480	79.166667	0.990099	0.754118
34.144	54	2	0.651451	20	20	480	37.5	0	0.754118
34.144	55	1	2.385686	10	10	480	79.166667	0.990099	0.754118
34.144	55	2	0.651451	20	20	480	37.5	0	0.754118
34.144	56	1	2.385686	10	10	480	79.166667	0.990099	0.754118
34.144	56	2	0.651451	20	20	480	37.5	0	0.754118
34.144	57	1	2.385686	10	10	480	79.166667	0.990099	0.754118
34.144	57	2	0.651451	20	20	480	37.5	0	0.754118
34.144	58	1	2.385686	10	10	480	79.166667	0.990099	0.754118
34.144	58	2	0.651451	20	20	480	37.5	0	0.754118
34.144	59	1	2.385686	10	10	480	79.166667	0.990099	0.754118
34.144	59	2	0.651451	20	20	480	37.5	0	0.754118
34.144	60	1	2.385686	10	10	480	79.166667	0.990099	0.754118
34.144	60	2	0.651451	20	20	480	37.5	0	0.754118
34.144	61	1	2.385686	10	10	480	79.166667	0.990099	0.754118
34.144	61	2	0.651451	20	20	480	37.5	0	0.754118
34.144	62	1	2.385686	10	10	480	79.166667	0.990099	0.754118
34.144	62	2	0.651451	20	20	480	37.5	0	0.754118
34.144	63	1	2.385686	10	10	480	79.166667	0.990099	0.754118
34.144	63	2	0.651451	20	20	480	37.5	0	0.754118
34.144	64	1	2.385686	10	10	480	79.166667	0.990099	0.754118
34.144	64	2	0.651451	20	20	480	37.5	0	0.754118
34.144	65	1	2.385686	10	10	480	79.166667	0.990099	0.754118
34.144	65	2	0.651451	20	20	480	37.5	0	0.754118
34.647	0	1	2.266402	10	10	456	79.166667	1.041667	0.754118
34.647	0	2	0.618879	20	20	456	37.5	0	0.754118
34.647	1	1	2.266402	10	10	456	79.166667	1.041667	0.754118
34.647	1	2	0.618879	20	20	456	37.5	0	0.754118
34.647	2	1	2.266402	10	10	456	79.166667	1.041667	0.754118
34.647	2	2	0.618879	20	20	456	37.5	0	0.754118
34.647	3	1	2.266402	10	10	456	79.166667	1.041667	0.754118
34.647	3	2	0.618879	20	20	456	37.5	0	0.754118
34.647	4	1	2.266402	10	10	456	79.166667	1.041667	0.754118
34.647	4	2	0.618879	20	20	456	37.5	0	0.754118
34.647	5	1	2.266402	10	10	456	79.166667	1.041667	0.754118
34.647	5	2	0.618879	20	20	456	37.5	0	0.754118
34.647	6	1	2.266402	10	10	456	79.166667	1.041667	0.754118
34.647	6	2	0.618879	20	20	456	37.5	0	0.754118
34.647	7	1	2.266402	10	10	456	79.166667	1.041667	0.754118
34.647	7	2	0.618879	20	20	456	37.5	0	0.754118
34.647	8	1	2.266402	10	10	456	79.166667	1.041667	0.754118
34.647	8	2	0.618879	20	20	456	37.5	0	0.754118
34.647	9	1	2.266402	10	10	456	79.166667	1.041667	0.754118
34.647	9	2	0.618879	20	20	456	37.5	0	0.754118
34.647	10	1	2.266402	10	10	456	79.166667	1.041667	0.754118
34.647	10	2	0.618879	20	20	456	37.5	0	0.754118
34.647	11	1	2.266402	10	10	456	79.166667	1.041667	0.754118
34.647	11	2	0.618879	20	20	456	37.5	0	0.754118
34.647	12	1	2.266402	10	10	456	79.166667	1.041667	0.754118
34.647	12	2	0.618879	20	20	456	37.5	0	0.754118
34.647	13	1	2.266402	10	10	456	79.166667	1.041667	0.754118
34.647	13	2	0.618879	20	20	456	37.5	0	0.754118
34.647	14	1	2.266402	10	10	456	79.166667	1.041667	0.754118
34.647	14	2	0.618879	20	20	456	37.5	0	0.754118
34.647	15	1	2.266402	10	10	456	79.166667	1.041667	0.754118
34.647	15	2	0.618879	20	20	456	37.5	0	0.754118
34.647	16	1	2.266402	10	10	456	79.166667	1.041667	0.754118
34.647	16	2	0.618879	20	20	456	37.5	0	0.754118
34.647	17	1	2.266402	10	10	456	79.166667	1.041667	0.754118
34.647	17	2	0.618879	20	20	456	37.5	0	0.754118
34.647	18	1	2.266402	10	10	456	79.166667	1.041667	0.754118
34.647	18	2	0.618879	20	20	456	37.5	0	0.754118
34.647	19	1	2.266402	10	10	456	79.166667	1.041667	0.754118
34.647	19	2	0.618879	20	20	456	37.5	0	0.754118
34.647	20	1	2.266402	10	10	456	79.166667	1.041667	0.754118
34.647	20	2	0.618879	20	20	456	37.5	0	0.754118
34.647	21	1	2.266402	10	10	456	79.166667	1.041667	0.754118
34.647	21	2	0.618879	20	20	456	37.5	0	0.754118
34.647	22	1	2.266402	10	10	456	79.166667	1.041667	0.754118
34.647	22	2	0.618879	20	20	456	37.5	0	0.754118
34.647	23	1	2.266402	10	10	456	79.166667	1.041667	0.754118
34.647	23	2	0.618879	20	20	456	37.5	0	0.754118
34.647	24	1	2.266402	10	10	456	79.166667	1.041667	0.754118
34.647	24	2	0.618879	20	20	456	37.5	0	0.754118
34.647	25	1	2.266402	10	10	456	79.166667	1.041667	0.754118
34.647	25	2	0.618879	20	20	456	37.5	0	0.754118
34.647	26	1	2.266402	10	10	456	79.166667	1.041667	0.754118
34.647	26	2	0.618879	20	20	456	37.5	0	0.754118
34.647	27	1	2.266402	10	10	456	79.166667	1.041667	0.754118
34.647	27	2	0.618879	20	20	456	37.5	0	0.754118
34.647	28	1	2.266402	10	10	456	79.166667	1.041667	0.754118
34.647	28	2	0.618879	20	20	456	37.5	0	0.754118
34.647	29	1	2.266402	10	10	456	79.166667	1.041667	0.754118
34.647	29	2	0.618879	20	20	456	37.5	0	0.754118
34.647	30	1	2.266402	10	10	456	79.166667	1.041667	0.754118
34.647	30	2	0.618879	20	20	456	37.5	0	0.754118
34.647	31	1	2.266402	10	10	456	79.166667	1.041667	0.754118
34.647	31	2	0.618879	20	20	456	37.5	0	0.754118
34.647	32	1	2.266402	10	10	456	79.166667	1.041667	0.754118
34.647	32	2	0.618879	20	20	456	37.5	0	0.754118
34.647	33	1	2.266402	10	10	456	79.166667	1.041667	0.754118
34.647	33	2	0.618879	20	20	456	37.5	0	0.754118
34.647	34	1	2.266402	10	10	456	79.166667	1.041667	0.754118
34.647	34	2	0.618879	20	20	456	37.5	0	0.754118
34.647	35	1	2.266402	10	10	456	79.166667	1.041667	0.754118
34.647	35	2	0.618879	20	20	456	37.5	0	0.754118
34.647	36	1	2.266402	10	10	456	79.166667	1.041667	0.754118
34.647	36	2	0.618879	20	20	456	37.5	0	0.754118
34.647	37	1	2.266402	10	10	456	79.166667	1.041667	0.754118
34.647	37	2	0.618879	20	20	456	37.5	0	0.754118
34.647	38	1	2.266402	10	10	456	79.166667	1.041667	0.754118
34.647	38	2	0.618879	20	20	456	37.5	0	0.754118
34.647	39	1	2.266402	10	10	456	79.166667	1.041667	0.754118
34.647	39	2	0.618879	20	20	456	37.5	0	0.754118
34.647	40	1	2.266402	10	10	456	79.166667	1.041667	0.754118
34.647	40	2	0.618879	20	20	456	37.5	0	0.754118
34.647	41	1	2.266402	10	10	456	79.166667	1.041667	0.754118
34.647	41	2	0.618879	20	20	456	37.5	0	0.754118
34.647	42	1	2.266402	10	10	456	79.166667	1.041667	0.754118
34.647	42	2	0.618879	20	20	456	37.5	0	0.754118
34.647	43	1	2.266402	10	10	456	79.166667	1.041667	0.754118
34.647	43	2	0.618879	20	20	456	37.5	0	0.754118
34.647	44	1	2.266402	10	10	456	79.166667	1.041667	0.754118
34.647	44	2	0.618879	20	20	456	37.5	0	0.754118
34.647	45	1	2.266402	10	10	456	79.166667	1.041667	0.754118
34.647	45	2	0.618879	20	20	456	37.5	0	0.754118
34.647	46	1	2.266402	10	10	456	79.166667	1.041667	0.754118
34.647	46	2	0.618879	20	20	456	37.5	0	0.754118
34.647	47	1	2.266402	10	10	456	79.166667	1.041667	0.754118
34.647	47	2	0.618879	20	20	456	37.5	0	0.754118
34.647	48	1	2.266402	10	10	456	79.166667	1.041667	0.754118
34.647	48	2	0.618879	20	20	456	37.5	0	0.754118
34.647	49	1	2.266402	10	10	456	79.166667	1.041667	0.754118
34.647	49	2	0.618879	20	20	456	37.5	0	0.754118
34.647	50	1	2.266402	10	10	456	79.166667	1.041667	0.754118
34.647	50	2	0.618879	20	20	456	37.5	0	0.754118
34.647	51	1	2.266402	10	10	456	79.166667	1.041667	0.754118
34.647	51	2	0.618879	20	20	456	37.5	0	0.754118
34.647	52	1	2.266402	10	10	456	79.166667	1.041667	0.754118
34.647	52	2	0.618879	20	20	456	37.5	0	0.754118
34.647	53	1	2.266402	10	10	456	79.166667	1.041667	0.754118
34.647	53	2	0.618879	20	20	456	37.5	0	0.754118
34.647	54	1	2.266402	10	10	456	79.166667	1.041667	0.754118
34.647	54	2	0.618879	20	20	456	37.5	0	0.754118
34.647	55	1	2.266402	10	10	456	79.166667	1.041667	0.754118
34.647	55	2	0.618879	20	20	456	37.5	0	0.754118
34.647	56	1	2.266402	10	10	456	79.166667	1.041667	0.754118
34.647	56	2	0.618879	20	20	456	37.5	0	0.754118
34.647	57	1	2.266402	10	10	456	79.166667	1.041667	0.754118
34.647	57	2	0.618879	20	20	456	37.5	0	0.754118
34.647	58	1	2.266402	10	10	456	79.166667	1.041667	0.754118
34.647	58	2	0.618879	20	20	456	37.5	0	0.754118
34.647	59	1	2.266402	10	10	456	79.166667	1.041667	0.754118
34.647	59	2	0.618879	20	20	456	37.5	0	0.754118
34.647	60	1	2.266402	10	10	456	79.166667	1.041667	0.754118
34.647	60	2	0.618879	20	20	456	37.5	0	0.754118
34.647	61	1	2.266402	10	10	456	79.166667	1.041667	0.754118
34.647	61	2	0.618879	20	20	456	37.5	0	0.754118
34.647	62	1	2.266402	10	10	456	79.166667	1.041667	0.754118
34.647	62	2	0.618879	20	20	456	37.5	0	0.754118
34.647	63	1	2.266402	10	10	456	79.166667	1.041667	0.754118
34.647	63	2	0.618879	20	20	456	37.5	0	0.754118
34.647	64	1	2.266402	10	10	456	79.166667	1.041667	0.754118
34.647	64	2	0.618879	20	20	456	37.5	0	0.754118
34.647	65	1	2.266402	10	10	456	79.166667	1.041667	0.754118
34.647	65	2	0.618879	20	20	456	37.5	0	0.754118
35.15	0	1	2.266402	10	10	456	79.166667	1.041667	0.754118
35.15	0	2	0.618879	20	20	456	37.5	0	0.754118
35.15	1	1	2.266402	10	10	456	79.166667	1.041667	0.754118
35.15	1	2	0.618879	20	20	456	37.5	0	0.754118
35.15	2	1	2.266402	10	10	456	79.166667	1.041667	0.754118
35.15	2	2	0.618879	20	20	456	37.5	0	0.754118
35.15	3	1	2.266402	10	10	456	79.166667	1.041667	0.754118
35.15	3	2	0.618879	20	20	456	37.5	0	0.754118
35.15	4	1	2.266402	10	10	456	79.166667	1.041667	0.754118
35.15	4	2	0.618879	20	20	456	37.5	0	0.754118
35.15	5	1	2.266402	10	10	456	79.166667	1.041667	0.754118
35.15	5	2	0.618879	20	20	456	37.5	0	0.754118
35.15	6	1	2.266402	10	10	456	79.166667	1.041667	0.754118
35.15	6	2	0.618879	20	20	456	37.5	0	0.754118
35.15	7	1	2.266402	10	10	456	79.166667	1.041667	0.754118
35.15	7	2	0.618879	20	20	456	37.5	0	0.754118
35.15	8	1	2.266402	10	10	456	79.166667	1.041667	0.754118
35.15	8	2	0.618879	20	20	456	37.5	0	0.754118
35.15	9	1	2.266402	10	10	456	79.166667	1.041667	0.754118
35.15	9	2	0.618879	20	20	456	37.5	0	0.754118
35.15	10	1	2.266402	10	10	456	79.166667	1.041667	0.754118
35.15	10	2	0.618879	20	20	456	37.5	0	0.754118
35.15	11	1	2.266402	10	10	456	79.166667	1.041667	0.754118
35.15	11	2	0.618879	20	20	456	37.5	0	0.754118
35.15	12	1	2.266402	10	10	456	79.166667	1.041667	0.754118
35.15	12	2	0.618879	20	20	456	37.5	0	0.754118
35.15	13	1	2.266402	10	10	456	79.166667	1.041667	0.754118
35.15	13	2	0.618879	20	20	456	37.5	0	0.754118
35.15	14	1	2.266402	10	10	456	79.166667	1.041667	0.754118
35.15	14	2	0.618879	20	20	456	37.5	0	0.754118
35.15	15	1	2.266402	10	10	456	79.166667	1.041667	0.754118
35.15	15	2	0.618879	20	20	456	37.5	0	0.754118
35.15	16	1	2.266402	10	10	456	79.166667	1.041667	0.754118
35.15	16	2	0.618879	20	20	456	37.5	0	0.754118
35.15	17	1	2.266402	10	10	456	79.166667	1.041667	0.754118
35.15	17	2	0.618879	20	20	456	37.5	0	0.754118
35.15	18	1	2.266402	10	10	456	79.166667	1.041667	0.754118
35.15	18	2	0.618879	20	20	456	37.5	0	0.754118
35.15	19	1	2.266402	10	10	456	79.166667	1.041667	0.754118
35.15	19	2	0.618879	20	20	456	37.5	0	0.754118
35.15	20	1	2.266402	10	10	456	79.166667	1.041667	0.754118
35.15	20	2	0.618879	20	20	456	37.5	0	0.754118
35.15	21	1	2.266402	10	10	456	79.166667	1.041667	0.754118
35.15	21	2	0.618879	20	20	456	37.5	0	0.754118
35.15	22	1	2.266402	10	10	456	79.166667	1.041667	0.754118
35.15	22	2	0.618879	20	20	456	37.5	0	0.754118
35.15	23	1	2.266402	10	10	456	79.166667	1.041667	0.754118
35.15	23	2	0.618879	20	20	456	37.5	0	0.754118
35.15	24	1	2.266402	10	10	456	79.166667	1.041667	0.754118
35.15	24	2	0.618879	20	20	456	37.5	0	0.754118
35.15	25	1	2.266402	10	10	456	79.166667	1.041667	0.754118
35.15	25	2	0.618879	20	20	456	37.5	0	0.754118
35.15	26	1	2.266402	10	10	456	79.166667	1.041667	0.754118
35.15	26	2	0.618879	20	20	456	37.5	0	0.754118
35.15	27	1	2.266402	10	10	456	79.166667	1.041667	0.754118
35.15	27	2	0.618879	20	20	456	37.5	0	0.754118
35.15	28	1	2.266402	10	10	456	79.166667	1.041667	0.754118
35.15	28	2	0.618879	20	20	456	37.5	0	0.754118
35.15	29	1	2.266402	10	10	456	79.166667	1.041667	0.754118
35.15	29	2	0.618879	20	20	456	37.5	0	0.754118
35.15	30	1	2.266402	10	10	456	79.166667	1.041667	0.754118
35.15	30	2	0.618879	20	20	456	37.5	0	0.754118
35.15	31	1	2.266402	10	10	456	79.166667	1.041667	0.754118
35.15	31	2	0.618879	20	20	456	37.5	0	0.754118
35.15	32	1	2.266402	10	10	456	79.166667	1.041667	0.754118
35.15	32	2	0.618879	20	20	456	37.5	0	0.754118
35.15	33	1	2.266402	10	10	456	79.166667	1.041667	0.754118
35.15	33	2	0.618879	20	20	456	37.5	0	0.754118
35.15	34	1	2.266402	10	10	456	79.166667	1.041667	0.754118
35.15	34	2	0.618879	20	20	456	37.5	0	0.754118
35.15	35	1	2.266402	10	10	456	79.166667	1.041667	0.754118
35.15	35	2	0.618879	20	20	456	37.5	0	0.754118
35.15	36	1	2.266402	10	10	456	79.166667	1.041667	0.754118
35.15	36	2	0.618879	20	20	456	37.5	0	0.754118
35.15	37	1	2.266402	10	10	456	79.166667	1.041667	0.754118
35.15	37	2	0.618879	20	20	456	37.5	0	0.754118
35.15	38	1	2.266402	10	10	456	79.166667	1.041667	0.754118
35.15	38	2	0.618879	20	20	456	37.5	0	0.754118
35.15	39	1	2.266402	10	10	456	79.166667	1.041667	0.754118
35.15	39	2	0.618879	20	20	456	37.5	0	0.754118
35.15	40	1	2.266402	10	10	456	79.166667	1.041667	0.754118
35.15	40	2	0.618879	20	20	456	37.5	0	0.754118
35.15	41	1	2.266402	10	10	456	79.166667	1.041667	0.754118
35.15	41	2	0.618879	20	20	456	37.5	0	0.754118
35.15	42	1	2.266402	10	10	456	79.166667	1.041667	0.754118
35.15	42	2	0.618879	20	20	456	37.5	0	0.754118
35.15	43	1	2.266402	10	10	456	79.166667	1.041667	0.754118
35.15	43	2	0.618879	20	20	456	37.5	0	0.754118
35.15	44	1	2.266402	10	10	456	79.166667	1.041667	0.754118
35.15	44	2	0.618879	20	20	456	37.5	0	0.754118
35.15	45	1	2.266402	10	10	456	79.166667	1.041667	0.754118
35.15	45	2	0.618879	20	20	456	37.5	0	0.754118
35.15	46	1	2.266402	10	10	456	79.166667	1.041667	0.754118
35.15	46	2	0.618879	20	20	456	37.5	0	0.754118
35.15	47	1	2.266402	10	10	456	79.166667	1.041667	0.754118
35.15	47	2	0.618879	20	20	456	37.5	0	0.754118
35.15	48	1	2.266402	10	10	456	79.166667	1.041667	0.754118
35.15	48	2	0.618879	20	20	456	37.5	0	0.754118
35.15	49	1	2.266402	10	10	456	79.166667	1.041667	0.754118
35.15	49	2	0.618879	20	20	456	37.5	0	0.754118
35.15	50	1	2.266402	10	10	456	79.166667	1.041667	0.754118
35.15	50	2	0.618879	20	20	456	37.5	0	0.754118
35.15	51	1	2.266402	10	10	456	79.166667	1.041667	0.754118
35.15	51	2	0.618879	20	20	456	37.5	0	0.754118
35.15	52	1	2.266402	10	10	456	79.166667	1.041667	0.754118
35.15	52	2	0.618879	20	20	456	37.5	0	0.754118
35.15	53	1	2.266402	10	10	456	79.166667	1.041667	0.754118
35.15	53	2	0.618879	20	20	456	37.5	0	0.754118
35.15	54	1	2.266402	10	10	456	79.166667	1.041667	0.754118
35.15	54	2	0.618879	20	20	456	37.5	0	0.754118
35.15	55	1	2.266402	10	10	456	79.166667	1.041667	0.754118
35.15	55	2	0.618879	20	20	456	37.5	0	0.754118
35.15	56	1	2.266402	10	10	456	79.166667	1.041667	0.754118
35.15	56	2	0.618879	20	20	456	37.5	0	0.754118
35.15	57	1	2.266402	10	10	456	79.166667	1.041667	0.754118
35.15	57	2	0.618879	20	20	456	37.5	0	0.754118
35.15	58	1	2.266402	10	10	456	79.166667	1.041667	0.754118
35.15	58	2	0.618879	20	20	456	37.5	0	0.754118
35.15	59	1	2.266402	10	10	456	79.166667	1.041667	0.754118
35.15	59	2	0.618879	20	20	456	37.5	0	0.754118
35.15	60	1	2.266402	10	10	456	79.166667	1.041667	0.754118
35.15	60	2	0.618879	20	20	456	37.5	0	0.754118
35.15	61	1	2.266402	10	10	456	79.166667	1.041667	0.754118
35.15	61	2	0.618879	20	20	456	37.5	0	0.754118
35.15	62	1	2.266402	10	10	456	79.166667	1.041667	0.754118
35.15	62	2	0.618879	20	20	456	37.5	0	0.754118
35.15	63	1	2.266402	10	10	456	79.166667	1.041667	0.754118
35.15	63	2	0.618879	20	20	456	37.5	0	0.754118
35.15	64	1	2.266402	10	10	456	79.166667	1.041667	0.754118
35.15	64	2	0.618879	20	20	456	37.5	0	0.754118
35.15	65	1	2.266402	10	10	456	79.166667	1.041667	0.754118
35.15	65	2	0.618879	20	20	456	37.5	0	0.754118
35.653	0	1	2.385686	10	10	480	79.166667	0.990099	0.754118
35.653	0	2	0.651451	20	20	480	37.5	0	0.754118
35.653	1	1	2.385686	10	10	480	79.166667	0.990099	0.754118
35.653	1	2	0.651451	20	20	480	37.5	0	0.754118
35.653	2	1	2.385686	10	10	480	79.166667	0.990099	0.754118
35.653	2	2	0.651451	20	20	480	37.5	0	0.754118
35.653	3	1	2.385686	10	10	480	79.166667	0.990099	0.754118
35.653	3	2	0.651451	20	20	480	37.5	0	0.754118
35.653	4	1	2.385686	10	10	480	79.166667	0.990099	0.754118
35.653	4	2	0.651451	20	20	480	37.5	0	0.754118
35.653	5	1	2.385686	10	10	480	79.166667	0.990099	0.754118
35.653	5	2	0.651451	20	20	480	37.5	0	0.754118
35.653	6	1	2.385686	10	10	480	79.166667	0.990099	0.754118
35.653	6	2	0.651451	20	20	480	37.5	0	0.754118
35.653	7	1	2.385686	10	10	480	79.166667	0.990099	0.754118
35.653	7	2	0.651451	20	20	480	37.5	0	0.754118
35.653	8	1	2.385686	10	10	480	79.166667	0.990099	0.754118
35.653	8	2	0.651451	20	20	480	37.5	0	0.754118
35.653	9	1	2.385686	10	10	480	79.166667	0.990099	0.754118
35.653	9	2	0.651451	20	20	480	37.5	0	0.754118
35.653	10	1	2.385686	10	10	480	79.166667	0.990099	0.754118
35.653	10	2	0.651451	20	20	480	37.5	0	0.754118
35.653	11	1	2.385686	10	10	480	79.166667	0.990099	0.754118
35.653	11	2	0.651451	20	20	480	37.5	0	0.754118
35.653	12	1	2.385686	10	10	480	79.166667	0.990099	0.754118
35.653	12	2	0.651451	20	20	480	37.5	0	0.754118
35.653	13	1	2.385686	10	10	480	79.166667	0.990099	0.754118
35.653	13	2	0.651451	20	20	480	37.5	0	0.754118
35.653	14	1	2.385686	10	10	480	79.166667	0.990099	0.754118
35.653	14	2	0.651451	20	20	480	37.5	0	0.754118
35.653	15	1	2.385686	10	10	480	79.166667	0.990099	0.754118
35.653	15	2	0.651451	20	20	480	37.5	0	0.754118
35.653	16	1	2.385686	10	10	480	79.166667	0.990099	0.754118
35.653	16	2	0.651451	20	20	480	37.5	0	0.754118
35.653	17	1	2.385686	10	10	480	79.166667	0.990099	0.754118
35.653	17	2	0.651451	20	20	480	37.5	0	0.754118
35.653	18	1	2.385686	10	10	480	79.166667	0.990099	0.754118
35.653	18	2	0.651451	20	20	480	37.5	0	0.754118
35.653	19	1	2.385686	10	10	480	79.166667	0.990099	0.754118
35.653	19	2	0.651451	20	20	480	37.5	0	0.754118
35.653	20	1	2.385686	10	10	480	79.166667	0.990099	0.754118
35.653	20	2	0.651451	20	20	480	37.5	0	0.754118
35.653	21	1	2.385686	10	10	480	79.166667	0.990099	0.754118
35.653	21	2	0.651451	20	20	480	37.5	0	0.754118
35.653	22	1	2.385686	10	10	480	79.166667	0.990099	0.754118
35.653	22	2	0.651451	20	20	480	37.5	0	0.754118
35.653	23	1	2.385686	10	10	480	79.166667	0.990099	0.754118
35.653	23	2	0.651451	20	20	480	37.5	0	0.754118
35.653	24	1	2.385686	10	10	480	79.166667	0.990099	0.754118
35.653	24	2	0.651451	20	20	480	37.5	0	0.754118
35.653	25	1	2.385686	10	10	480	79.166667	0.990099	0.754118
35.653	25	2	0.651451	20	20	480	37.5	0	0.754118
35.653	26	1	2.385686	10	10	480	79.166667	0.990099	0.754118
35.653	26	2	0.651451	20	20	480	37.5	0	0.754118
35.653	27	1	2.385686	10	10	480	79.166667	0.990099	0.754118
35.653	27	2	0.651451	20	20	480	37.5	0	0.754118
35.653	28	1	2.385686	10	10	480	79.166667	0.990099	0.754118
35.653	28	2	0.651451	20	20	480	37.5	0	0.754118
35.653	29	1	2.385686	10	10	480	79.166667	0.990099	0.754118
35.653	29	2	0.651451	20	20	480	37.5	0	0.754118
35.653	30	1	2.385686	10	10	480	79.166667	0.990099	0.754118
35.653	30	2	0.651451	20	20	480	37.5	0	0.754118
35.653	31	1	2.385686	10	10	480	79.166667	0.990099	0.754118
35.653	31	2	0.651451	20	20	480	37.5	0	0.754118
35.653	32	1	2.385686	10	10	480	79.166667	0.990099	0.754118
35.653	32	2	0.651451	20	20	480	37.5	0	0.754118
35.653	33	1	2.385686	10	10	480	79.166667	0.990099	0.754118
35.653	33	2	0.651451	20	20	480	37.5	0	0.754118
35.653	34	1	2.385686	10	10	480	79.166667	0.990099	0.754118
35.653	34	2	0.651451	20	20	480	37.5	0	0.754118
35.653	35	1	2.385686	10	10	480	79.166667	0.990099	0.754118
35.653	35	2	0.651451	20	20	480	37.5	0	0.754118
35.653	36	1	2.385686	10	10	480	79.166667	0.990099	0.754118
35.653	36	2	0.651451	20	20	480	37.5	0	0.754118
35.653	37	1	2.385686	10	10	480	79.166667	0.990099	0.754118
35.653	37	2	0.651451	20	20	480	37.5	0	0.754118
35.653	38	1	2.385686	10	10	480	79.166667	0.990099	0.754118
35.653	38	2	0.651451	20	20	480	37.5	0	0.754118
35.653	39	1	2.385686	10	10	480	79.166667	0.990099	0.754118
35.653	39	2	0.651451	20	20	480	37.5	0	0.754118
35.653	40	1	2.385686	10	10	480	79.166667	0.990099	0.754118
35.653	40	2	0.651451	20	20	480	37.5	0	0.754118
35.653	41	1	2.385686	10	10	480	79.166667	0.990099	0.754118
35.653	41	2	0.651451	20	20	480	37.5	0	0.754118
35.653	42	1	2.385686	10	10	480	79.166667	0.990099	0.754118
35.653	42	2	0.651451	20	20	480	37.5	0	0.754118
35.653	43	1	2.385686	10	10	480	79.166667	0.990099	0.754118
35.653	43	2	0.651451	20	20	480	37.5	0	0.754118
35.653	44	1	2.385686	10	10	480	79.166667	0.990099	0.754118
35.653	44	2	0.651451	20	20	480	37.5	0	0.754118
35.653	45	1	2.385686	10	10	480	79.166667	0.990099	0.754118
35.653	45	2	0.651451	20	20	480	37.5	0	0.754118
35.653	46	1	2.385686	10	10	480	79.166667	0.990099	0.754118
35.653	46	2	0.651451	20	20	480	37.5	0	0.754118
35.653	47	1	2.385686	10	10	480	79.166667	0.990099	0.754118
35.653	47	2	0.651451	20	20	480	37.5	0	0.754118
35.653	48	1	2.385686	10	10	480	79.166667	0.990099	0.754118
35.653	48	2	0.651451	20	20	480	37.5	0	0.754118
35.653	49	1	2.385686	10	10	480	79.166667	0.990099	0.754118
35.653	49	2	0.651451	20	20	480	37.5	0	0.754118
35.653	50	1	2.385686	10	10	480	79.166667	0.990099	0.754118
35.653	50	2	0.651451	20	20	480	37.5	0	0.754118
35.653	51	1	2.385686	10	10	480	79.166667	0.990099	0.754118
35.653	51	2	0.651451	20	20	480	37.5	0	0.754118
35.653	52	1	2.385686	10	10	480	79.166667	0.990099	0.754118
35.653	52	2	0.651451	20	20	480	37.5	0	0.754118
35.653	53	1	2.385686	10	10	480	79.166667	0.990099	0.754118
35.653	53	2	0.651451	20	20	480	37.5	0	0.754118
35.653	54	1	2.385686	10	10	480	79.166667	0.990099	0.754118
35.653	54	2	0.651451	20	20	480	37.5	0	0.754118
35.653	55	1	2.385686	10	10	480	79.166667	0.990099	0.754118
35.653	55	2	0.651451	20	20	480	37.5	0	0.754118
35.653	56	1	2.385686	10	10	480	79.166667	0.990099	0.754118
35.653	56	2	0.651451	20	20	480	37.5	0	0.754118
35.653	57	1	2.385686	10	10	480	79.166667	0.990099	0.754118
35.653	57	2	0.651451	20	20	480	37.5	0	0.754118
35.653	58	1	2.385686	10	10	480	79.166667	0.990099	0.754118
35.653	58	2	0.651451	20	20	480	37.5	0	0.754118
35.653	59	1	2.385686	10	10	480	79.166667	0.990099	0.754118
35.653	59	2	0.651451	20	20	480	37.5	0	0.754118
35.653	60	1	2.385686	10	10	480	79.166667	0.990099	0.754118
35.653	60	2	0.651451	20	20	480	37.5	0	0.754118
35.653	61	1	2.385686	10	10	480	79.166667	0.990099	0.754118
35.653	61	2	0.651451	20	20	480	37.5	0	0.754118
35.653	62	1	2.385686	10	10	480	79.166667	0.990099	0.754118
35.653	62	2	0.651451	20	20	480	37.5	0	0.754118
35.653	63	1	2.385686	10	10	480	79.166667	0.990099	0.754118
35.653	63	2	0.651451	20	20	480	37.5	0	0.754118
35.653	64	1	2.385686	10	10	480	79.166667	0.990099	0.754118
35.653	64	2	0.651451	20	20	480	37.5	0	0.754118
35.653	65	1	2.385686	10	10	480	79.166667	0.990099	0.754118
35.653	65	2	0.651451	20	20	480	37.5	0	0.754118
36.156	0	1	2.266402	10	10	456	79.166667	1.041667	0.754118
36.156	0	2	0.618879	20	20	456	37.5	0	0.754118
36.156	1	1	2.266402	10	10	456	79.166667	1.041667	0.754118
36.156	1	2	0.618879	20	20	456	37.5	0	0.754118
36.156	2	1	2.266402	10	10	456	79.166667	1.041667	0.754118
36.156	2	2	0.618879	20	20	456	37.5	0	0.754118
36.156	3	1	2.266402	10	10	456	79.166667	1.041667	0.754118
36.156	3	2	0.618879	20	20	456	37.5	0	0.754118
36.156	4	1	2.266402	10	10	456	79.166667	1.041667	0.754118
36.156	4	2	0.618879	20	20	456	37.5	0	0.754118
36.156	5	1	2.266402	10	10	456	79.166667	1.041667	0.754118
36.156	5	2	0.618879	20	20	456	37.5	0	0.754118
36.156	6	1	2.266402	10	10	456	79.166667	1.041667	0.754118
36.156	6	2	0.618879	20	20	456	37.5	0	0.754118
36.156	7	1	2.266402	10	10	456	79.166667	1.041667	0.754118
36.156	7	2	0.618879	20	20	456	37.5	0	0.754118
36.156	8	1	2.266402	10	10	456	79.166667	1.041667	0.754118
36.156	8	2	0.618879	20	20	456	37.5	0	0.754118
36.156	9	1	2.266402	10	10	456	79.166667	1.041667	0.754118
36.156	9	2	0.618879	20	20	456	37.5	0	0.754118
36.156	10	1	2.266402	10	10	456	79.166667	1.041667	0.754118
36.156	10	2	0.618879	20	20	456	37.5	0	0.754118
36.156	11	1	2.266402	10	10	456	79.166667	1.041667	0.754118
36.156	11	2	0.618879	20	20	456	37.5	0	0.754118
36.156	12	1	2.266402	10	10	456	79.166667	1.041667	0.754118
36.156	12	2	0.618879	20	20	456	37.5	0	0.754118
36.156	13	1	2.266402	10	10	456	79.166667	1.041667	0.754118
36.156	13	2	0.618879	20	20	456	37.5	0	0.754118
36.156	14	1	2.266402	10	10	456	79.166667	1.041667	0.754118
36.156	14	2	0.618879	20	20	456	37.5	0	0.754118
36.156	15	1	2.266402	10	10	456	79.166667	1.041667	0.754118
36.156	15	2	0.618879	20	20	456	37.5	0	0.754118
36.156	16	1	2.266402	10	10	456	79.166667	1.041667	0.754118
36.156	16	2	0.618879	20	20	456	37.5	0	0.754118
36.156	17	1	2.266402	10	10	456	79.166667	1.041667	0.754118
36.156	17	2	0.618879	20	20	456	37.5	0	0.754118
36.156	18	1	2.266402	10	10	456	79.166667	1.041667	0.754118
36.156	18	2	0.618879	20	20	456	37.5	0	0.754118
36.156	19	1	2.266402	10	10	456	79.166667	1.041667	0.754118
36.156	19	2	0.618879	20	20	456	37.5	0	0.754118
36.156	20	1	2.266402	10	10	456	79.166667	1.041667	0.754118
36.156	20	2	0.618879	20	20	456	37.5	0	0.754118
36.156	21	1	2.266402	10	10	456	79.166667	1.041667	0.754118
36.156	21	2	0.618879	20	20	456	37.5	0	0.754118
36.156	22	1	2.266402	10	10	456	79.166667	1.041667	0.754118
36.156	22	2	0.618879	20	20	456	37.5	0	0.754118
36.156	23	1	2.266402	10	10	456	79.166667	1.041667	0.754118
36.156	23	2	0.618879	20	20	456	37.5	0	0.754118
36.156	24	1	2.266402	10	10	456	79.166667	1.041667	0.754118
36.156	24	2	0.618879	20	20	456	37.5	0	0.754118
36.156	25	1	2.266402	10	10	456	79.166667	1.041667	0.754118
36.156	25	2	0.618879	20	20	456	37.5	0	0.754118
36.156	26	1	2.266402	10	10	456	79.166667	1.041667	0.754118
36.156	26	2	0.618879	20	20	456	37.5	0	0.754118
36.156	27	1	2.266402	10	10	456	79.166667	1.041667	0.754118
36.156	27	2	0.618879	20	20	456	37.5	0	0.754118
36.156	28	1	2.266402	10	10	456	79.166667	1.041667	0.754118
36.156	28	2	0.618879	20	20	456	37.5	0	0.754118
36.156	29	1	2.266402	10	10	456	79.166667	1.041667	0.754118
36.156	29	2	0.618879	20	20	456	37.5	0	0.754118
36.156	30	1	2.266402	10	10	456	79.166667	1.041667	0.754118
36.156	30	2	0.618879	20	20	456	37.5	0	0.754118
36.156	31	1	2.266402	10	10	456	79.166667	1.041667	0.754118
36.156	31	2	0.618879	20	20	456	37.5	0	0.754118
36.156	32	1	2.266402	10	10	456	79.166667	1.041667	0.754118
36.156	32	2	0.618879	20	20	456	37.5	0	0.754118
36.156	33	1	2.266402	10	10	456	79.166667	1.041667	0.754118
36.156	33	2	0.618879	20	20	456	37.5	0	0.754118
36.156	34	1	2.266402	10	10	456	79.166667	1.041667	0.754118
36.156	34	2	0.618879	20	20	456	37.5	0	0.754118
36.156	35	1	2.266402	10	10	456	79.166667	1.041667	0.754118
36.156	35	2	0.618879	20	20	456	37.5	0	0.754118
36.156	36	1	2.266402	10	10	456	79.166667	1.041667	0.754118
36.156	36	2	0.618879	20	20	456	37.5	0	0.754118
36.156	37	1	2.266402	10	10	456	79.166667	1.041667	0.754118
36.156	37	2	0.618879	20	20	456	37.5	0	0.754118
36.156	38	1	2.266402	10	10	456	79.166667	1.041667	0.754118
36.156	38	2	0.618879	20	20	456	37.5	0	0.754118
36.156	39	1	2.266402	10	10	456	79.166667	1.041667	0.754118
36.156	39	2	0.618879	20	20	456	37.5	0	0.754118
36.156	40	1	2.266402	10	10	456	79.166667	1.041667	0.754118
36.156	40	2	0.618879	20	20	456	37.5	0	0.754118
36.156	41	1	2.266402	10	10	456	79.166667	1.041667	0.754118
36.156	41	2	0.618879	20	20	456	37.5	0	0.754118
36.156	42	1	2.266402	10	10	456	79.166667	1.041667	0.754118
36.156	42	2	0.618879	20	20	456	37.5	0	0.754118
36.156	43	1	2.266402	10	10	456	79.166667	1.041667	0.754118
36.156	43	2	0.618879	20	20	456	37.5	0	0.754118
36.156	44	1	2.266402	10	10	456	79.166667	1.041667	0.754118
36.156	44	2	0.618879	20	20	456	37.5	0	0.754118
36.156	45	1	2.266402	10	10	456	79.166667	1.041667	0.754118
36.156	45	2	0.618879	20	20	456	37.5	0	0.754118
36.156	46	1	2.266402	10	10	456	79.166667	1.041667	0.754118
36.156	46	2	0.618879	20	20	456	37.5	0	0.754118
36.156	47	1	2.266402	10	10	456	79.166667	1.041667	0.754118
36.156	47	2	0.618879	20	20	456	37.5	0	0.754118
36.156	48	1	2.266402	10	10	456	79.166667	1.041667	0.754118
36.156	48	2	0.618879	20	20	456	37.5	0	0.754118
36.156	49	1	2.266402	10	10	456	79.166667	1.041667	0.754118
36.156	49	2	0.618879	20	20	456	37.5	0	0.754118
36.156	50	1	2.266402	10	10	456	79.166667	1.041667	0.754118
36.156	50	2	0.618879	20	20	456	37.5	0	0.754118
36.156	51	1	2.266402	10	10	456	79.166667	1.041667	0.754118
36.156	51	2	0.618879	20	20	456	37.5	0	0.754118
36.156	52	1	2.266402	10	10	456	79.166667	1.041667	0.754118
36.156	52	2	0.618879	20	20	456	37.5	0	0.754118
36.156	53	1	2.266402	10	10	456	79.166667	1.041667	0.754118
36.156	53	2	0.618879	20	20	456	37.5	0	0.754118
36.156	54	1	2.266402	10	10	456	79.166667	1.041667	0.754118
36.156	54	2	0.618879	20	20	456	37.5	0	0.754118
36.156	55	1	2.266402	10	10	456	79.166667	1.041667	0.754118
36.156	55	2	0.618879	20	20	456	37.5	0	0.754118
36.156	56	1	2.266402	10	10	456	79.166667	1.041667	0.754118
36.156	56	2	0.618879	20	20	456	37.5	0	0.754118
36.156	57	1	2.266402	10	10	456	79.166667	1.041667	0.754118
36.156	57	2	0.618879	20	20	456	37.5	0	0.754118
36.156	58	1	2.266402	10	10	456	79.166667	1.041667	0.754118
36.156	58	2	0.618879	20	20	456	37.5	0	0.754118
36.156	59	1	2.266402	10	10	456	79.166667	1.041667	0.754118
36.156	59	2	0.618879	20	20	456	37.5	0	0.754118
36.156	60	1	2.266402	10	10	456	79.166667	1.041667	0.754118
36.156	60	2	0.618879	20	20	456	37.5	0	0.754118
36.156	61	1	2.266402	10	10	456	79.166667	1.041667	0.754118
36.156	61	2	0.618879	20	20	456	37.5	0	0.754118
36.156	62	1	2.266402	10	10	456	79.166667	1.041667	0.754118
36.156	62	2	0.618879	20	20	456	37.5	0	0.754118
36.156	63	1	2.266402	10	10	456	79.166667	1.041667	0.754118
36.156	63	2	0.618879	20	20	456	37.5	0	0.754118
36.156	64	1	2.266402	10	10	456	79.166667	1.041667	0.754118
36.156	64	2	0.618879	20	20	456	37.5	0	0.754118
36.156	65	1	2.266402	10	10	456	79.166667	1.041667	0.754118
36.156	65	2	0.618879	20	20	456	37.5	0	0.754118
36.659	0	1	2.266402	10	10	456	79.166667	1.041667	0.754118
36.659	0	2	0.618879	20	20	456	37.5	0	0.754118
36.659	1	1	2.266402	10	10	456	79.166667	1.041667	0.754118
36.659	1	2	0.618879	20	20	456	37.5	0	0.754118
36.659	2	1	2.266402	10	10	456	79.166667	1.041667	0.754118
36.659	2	2	0.618879	20	20	456	37.5	0	0.754118
36.659	3	1	2.266402	10	10	456	79.166667	1.041667	0.754118
36.659	3	2	0.618879	20	20	456	37.5	0	0.754118
36.659	4	1	2.266402	10	10	456	79.166667	1.041667	0.754118
36.659	4	2	0.618879	20	20	456	37.5	0	0.754118
36.659	5	1	2.266402	10	10	456	79.166667	1.041667	0.754118
36.659	5	2	0.618879	20	20	456	37.5	0	0.754118
36.659	6	1	2.266402	10	10	456	79.166667	1.041667	0.754118
36.659	6	2	0.618879	20	20	456	37.5	0	0.754118
36.659	7	1	2.266402	10	10	456	79.166667	1.041667	0.754118
36.659	7	2	0.618879	20	20	456	37.5	0	0.754118
36.659	8	1	2.266402	10	10	456	79.166667	1.041667	0.754118
36.659	8	2	0.618879	20	20	456	37.5	0	0.754118
36.659	9	1	2.266402	10	10	456	79.166667	1.041667	0.754118
36.659	9	2	0.618879	20	20	456	37.5	0	0.754118
36.659	10	1	2.266402	10	10	456	79.166667	1.041667	0.754118
36.659	10	2	0.618879	20	20	456	37.5	0	0.754118
36.659	11	1	2.266402	10	10	456	79.166667	1.041667	0.754118
36.659	11	2	0.618879	20	20	456	37.5	0	0.754118
36.659	12	1	2.266402	10	10	456	79.166667	1.041667	0.754118
36.659	12	2	0.618879	20	20	456	37.5	0	0.754118
36.659	13	1	2.266402	10	10	456	79.166667	1.041667	0.754118
36.659	13	2	0.618879	20	20	456	37.5	0	0.754118
36.659	14	1	2.266402	10	10	456	79.166667	1.041667	0.754118
36.659	14	2	0.618879	20	20	456	37.5	0	0.754118
36.659	15	1	2.266402	10	10	456	79.166667	1.041667	0.754118
36.659	15	2	0.618879	20	20	456	37.5	0	0.754118
36.659	16	1	2.266402	10	10	456	79.166667	1.041667	0.754118
36.659	16	2	0.618879	20	20	456	37.5	0	0.754118
36.659	17	1	2.266402	10	10	456	79.166667	1.041667	0.754118
36.659	17	2	0.618879	20	20	456	37.5	0	0.754118
36.659	18	1	2.266402	10	10	456	79.166667	1.041667	0.754118
36.659	18	2	0.618879	20	20	456	37.5	0	0.754118
36.659	19	1	2.266402	10	10	456	79.166667	1.041667	0.754118
36.659	19	2	0.618879	20	20	456	37.5	0	0.754118
36.659	20	1	2.266402	10	10	456	79.166667	1.041667	0.754118
36.659	20	2	0.618879	20	20	456	37.5	0	0.754118
36.659	21	1	2.266402	10	10	456	79.166667	1.041667	0.754118
36.659	21	2	0.618879	20	20	456	37.5	0	0.754118
36.659	22	1	2.266402	10	10	456	79.166667	1.041667	0.754118
36.659	22	2	0.618879	20	20	456	37.5	0	0.754118
36.659	23	1	2.266402	10	10	456	79.166667	1.041667	0.754118
36.659	23	2	0.618879	20	20	456	37.5	0	0.754118
36.659	24	1	2.266402	10	10	456	79.166667	1.041667	0.754118
36.659	24	2	0.618879	20	20	456	37.5	0	0.754118
36.659	25	1	2.266402	10	10	456	79.166667	1.041667	0.754118
36.659	25	2	0.618879	20	20	456	37.5	0	0.754118
36.659	26	1	2.266402	10	10	456	79.166667	1.041667	0.754118
36.659	26	2	0.618879	20	20	456	37.5	0	0.754118
36.659	27	1	2.266402	10	10	456	79.166667	1.041667	0.754118
36.659	27	2	0.618879	20	20	456	37.5	0	0.754118
36.659	28	1	2.266402	10	10	456	79.166667	1.041667	0.754118
36.659	28	2	0.618879	20	20	456	37.5	0	0.754118
36.659	29	1	2.266402	10	10	456	79.166667	1.041667	0.754118
36.659	29	2	0.618879	20	20	456	37.5	0	0.754118
36.659	30	1	2.266402	10	10	456	79.166667	1.041667	0.754118
36.659	30	2	0.618879	20	20	456	37.5	0	0.754118
36.659	31	1	2.266402	10	10	456	79.166667	1.041667	0.754118
36.659	31	2	0.618879	20	20	456	37.5	0	0.754118
36.659	32	1	2.266402	10	10	456	79.166667	1.041667	0.754118
36.659	32	2	0.618879	20	20	456	37.5	0	0.754118
36.659	33	1	2.266402	10	10	456	79.166667	1.041667	0.754118
36.659	33	2	0.618879	20	20	456	37.5	0	0.754118
36.659	34	1	2.266402	10	10	456	79.166667	1.041667	0.754118
36.659	34	2	0.618879	20	20	456	37.5	0	0.754118
36.659	35	1	2.266402	10	10	456	79.166667	1.041667	0.754118
36.659	35	2	0.618879	20	20	456	37.5	0	0.754118
36.659	36	1	2.266402	10	10	456	79.166667	1.041667	0.754118
36.659	36	2	0.618879	20	20	456	37.5	0	0.754118
36.659	37	1	2.266402	10	10	456	79.166667	1.041667	0.754118
36.659	37	2	0.618879	20	20	456	37.5	0	0.754118
36.659	38	1	2.266402	10	10	456	79.166667	1.041667	0.754118
36.659	38	2	0.618879	20	20	456	37.5	0	0.754118
36.659	39	1	2.266402	10	10	456	79.166667	1.041667	0.754118
36.659	39	2	0.618879	20	20	456	37.5	0	0.754118
36.659	40	1	2.266402	10	10	456	79.166667	1.041667	0.754118
36.659	40	2	0.618879	20	20	456	37.5	0	0.754118
36.659	41	1	2.266402	10	10	456	79.166667	1.041667	0.754118
36.659	41	2	0.618879	20	20	456	37.5	0	0.754118
36.659	42	1	2.266402	10	10	456	79.166667	1.041667	0.754118
36.659	42	2	0.618879	20	20	456	37.5	0	0.754118
36.659	43	1	2.266402	10	10	456	79.166667	1.041667	0.754118
36.659	43	2	0.618879	20	20	456	37.5	0	0.754118
36.659	44	1	2.266402	10	10	456	79.166667	1.041667	0.754118
36.659	44	2	0.618879	20	20	456	37.5	0	0.754118
36.659	45	1	2.266402	10	10	456	79.166667	1.041667	0.754118
36.659	45	2	0.618879	20	20	456	37.5	0	0.754118
36.659	46	1	2.266402	10	10	456	79.166667	1.041667	0.754118
36.659	46	2	0.618879	20	20	456	37.5	0	0.754118
36.659	47	1	2.266402	10	10	456	79.166667	1.041667	0.754118
36.659	47	2	0.618879	20	20	456	37.5	0	0.754118
36.659	48	1	2.266402	10	10	456	79.166667	1.041667	0.754118
36.659	48	2	0.618879	20	20	456	37.5	0	0.754118
36.659	49	1	2.266402	10	10	456	79.166667	1.041667	0.754118
36.659	49	2	0.618879	20	20	456	37.5	0	0.754118
36.659	50	1	2.266402	10	10	456	79.166667	1.041667	0.754118
36.659	50	2	0.618879	20	20	456	37.5	0	0.754118
36.659	51	1	2.266402	10	10	456	79.166667	1.041667	0.754118
36.659	51	2	0.618879	20	20	456	37.5	0	0.754118
36.659	52	1	2.266402	10	10	456	79.166667	1.041667	0.754118
36.659	52	2	0.618879	20	20	456	37.5	0	0.754118
36.659	53	1	2.266402	10	10	456	79.166667	1.041667	0.754118
36.659	53	2	0.618879	20	20	456	37.5	0	0.754118
36.659	54	1	2.266402	10	10	456	79.166667	1.041667	0.754118
36.659	54	2	0.618879	20	20	456	37.5	0	0.754118
36.659	55	1	2.266402	10	10	456	79.166667	1.041667	0.754118
36.659	55	2	0.618879	20	20	456	37.5	0	0.754118
36.659	56	1	2.266402	10	10	456	79.166667	1.041667	0.754118
36.659	56	2	0.618879	20	20	456	37.5	0	0.754118
36.659	57	1	2.266402	10	10	456	79.166667	1.041667	0.754118
36.659	57	2	0.618879	20	20	456	37.5	0	0.754118
36.659	58	1	2.266402	10	10	456	79.166667	1.041667	0.754118
36.659	58	2	0.618879	20	20	456	37.5	0	0.754118
36.659	59	1	2.266402	10	10	456	79.166667	1.041667	0.754118
36.659	59	2	0.618879	20	20	456	37.5	0	0.754118
36.659	60	1	2.266402	10	10	456	79.166667	1.041667	0.754118
36.659	60	2	0.618879	20	20	456	37.5	0	0.754118
36.659	61	1	2.266402	10	10	456	79.166667	1.041667	0.754118
36.659	61	2	0.618879	20	20	456	37.5	0	0.754118
36.659	62	1	2.266402	10	10	456	79.166667	1.041667	0.754118
36.659	62	2	0.618879	20	20	456	37.5	0	0.754118
36.659	63	1	2.266402	10	10	456	79.166667	1.041667	0.754118
36.659	63	2	0.618879	20	20	456	37.5	0	0.754118
36.659	64	1	2.266402	10	10	456	79.166667	1.041667	0.754118
36.659	64	2	0.618879	20	20	456	37.5	0	0.754118
36.659	65	1	2.266402	10	10	456	79.166667	1.041667	0.754118
36.659	65	2	0.618879	20	20	456	37.5	0	0.754118
37.162	0	1	2.385686	10	10	480	79.166667	0.990099	0.754118
37.162	0	2	0.651451	20	20	480	37.5	0	0.754118
37.162	1	1	2.385686	10	10	480	79.166667	0.990099	0.754118
37.162	1	2	0.651451	20	20	480	37.5	0	0.754118
37.162	2	1	2.385686	10	10	480	79.166667	0.990099	0.754118
37.162	2	2	0.651451	20	20	480	37.5	0	0.754118
37.162	3	1	2.385686	10	10	480	79.166667	0.990099	0.754118
37.162	3	2	0.651451	20	20	480	37.5	0	0.754118
37.162	4	1	2.385686	10	10	480	79.166667	0.990099	0.754118
37.162	4	2	0.651451	20	20	480	37.5	0	0.754118
37.162	5	1	2.385686	10	10	480	79.166667	0.990099	0.754118
37.162	5	2	0.651451	20	20	480	37.5	0	0.754118
37.162	6	1	2.385686	10	10	480	79.166667	0.990099	0.754118
37.162	6	2	0.651451	20	20	480	37.5	0	0.754118
37.162	7	1	2.385686	10	10	480	79.166667	0.990099	0.754118
37.162	7	2	0.651451	20	20	480	37.5	0	0.754118
37.162	8	1	2.385686	10	10	480	79.166667	0.990099	0.754118
37.162	8	2	0.651451	20	20	480	37.5	0	0.754118
37.162	9	1	2.385686	10	10	480	79.166667	0.990099	0.754118
37.162	9	2	0.651451	20	20	480	37.5	0	0.754118
37.162	10	1	2.385686	10	10	480	79.166667	0.990099	0.754118
37.162	10	2	0.651451	20	20	480	37.5	0	0.754118
37.162	11	1	2.385686	10	10	480	79.166667	0.990099	0.754118
37.162	11	2	0.651451	20	20	480	37.5	0	0.754118
37.162	12	1	2.385686	10	10	480	79.166667	0.990099	0.754118
37.162	12	2	0.651451	20	20	480	37.5	0	0.754118
37.162	13	1	2.385686	10	10	480	79.166667	0.990099	0.754118
37.162	13	2	0.651451	20	20	480	37.5	0	0.754118
37.162	14	1	2.385686	10	10	480	79.166667	0.990099	0.754118
37.162	14	2	0.651451	20	20	480	37.5	0	0.754118
37.162	15	1	2.385686	10	10	480	79.166667	0.990099	0.754118
37.162	15	2	0.651451	20	20	480	37.5	0	0.754118
37.162	16	1	2.385686	10	10	480	79.166667	0.990099	0.754118
37.162	16	2	0.651451	20	20	480	37.5	0	0.754118
37.162	17	1	2.385686	10	10	480	79.166667	0.990099	0.754118
37.162	17	2	0.651451	20	20	480	37.5	0	0.754118
37.162	18	1	2.385686	10	10	480	79.166667	0.990099	0.754118
37.162	18	2	0.651451	20	20	480	37.5	0	0.754118
37.162	19	1	2.385686	10	10	480	79.166667	0.990099	0.754118
37.162	19	2	0.651451	20	20	480	37.5	0	0.754118
37.162	20	1	2.385686	10	10	480	79.166667	0.990099	0.754118
37.162	20	2	0.651451	20	20	480	37.5	0	0.754118
37.162	21	1	2.385686	10	10	480	79.166667	0.990099	0.754118
37.162	21	2	0.651451	20	20	480	37.5	0	0.754118
37.162	22	1	2.385686	10	10	480	79.166667	0.990099	0.754118
37.162	22	2	0.651451	20	20	480	37.5	0	0.754118
37.162	23	1	2.385686	10	10	480	79.166667	0.990099	0.754118
37.162	23	2	0.651451	20	20	480	37.5	0	0.754118
37.162	24	1	2.385686	10	10	480	79.166667	0.990099	0.754118
37.162	24	2	0.651451	20	20	480	37.5	0	0.754118
37.162	25	1	2.385686	10	10	480	79.166667	0.990099	0.754118
37.162	25	2	0.651451	20	20	480	37.5	0	0.754118
37.162	26	1	2.385686	10	10	480	79.166667	0.990099	0.754118
37.162	26	2	0.651451	20	20	480	37.5	0	0.754118
37.162	27	1	2.385686	10	10	480	79.166667	0.990099	0.754118
37.162	27	2	0.651451	20	20	480	37.5	0	0.754118
37.162	28	1	2.385686	10	10	480	79.166667	0.990099	0.754118
37.162	28	2	0.651451	20	20	480	37.5	0	0.754118
37.162	29	1	2.385686	10	10	480	79.166667	0.990099	0.754118
37.162	29	2	0.651451	20	20	480	37.5	0	0.754118
37.162	30	1	2.385686	10	10	480	79.166667	0.990099	0.754118
37.162	30	2	0.651451	20	20	480	37.5	0	0.754118
37.162	31	1	2.385686	10	10	480	79.166667	0.990099	0.754118
37.162	31	2	0.651451	20	20	480	37.5	0	0.754118
37.162	32	1	2.385686	10	10	480	79.166667	0.990099	0.754118
37.162	32	2	0.651451	20	20	480	37.5	0	0.754118
37.162	33	1	2.385686	10	10	480	79.166667	0.990099	0.754118
37.162	33	2	0.651451	20	20	480	37.5	0	0.754118
37.162	34	1	2.385686	10	10	480	79.166667	0.990099	0.754118
37.162	34	2	0.651451	20	20	480	37.5	0	0.754118
37.162	35	1	2.385686	10	10	480	79.166667	0.990099	0.754118
37.162	35	2	0.651451	20	20	480	37.5	0	0.754118
37.162	36	1	2.385686	10	10	480	79.166667	0.990099	0.754118
37.162	36	2	0.651451	20	20	480	37.5	0	0.754118
37.162	37	1	2.385686	10	10	480	79.166667	0.990099	0.754118
37.162	37	2	0.651451	20	20	480	37.5	0	0.754118
37.162	38	1	2.385686	10	10	480	79.166667	0.990099	0.754118
37.162	38	2	0.651451	20	20	480	37.5	0	0.754118
37.162	39	1	2.385686	10	10	480	79.166667	0.990099	0.754118
37.162	39	2	0.651451	20	20	480	37.5	0	0.754118
37.162	40	1	2.385686	10	10	480	79.166667	0.990099	0.754118
37.162	40	2	0.651451	20	20	480	37.5	0	0.754118
37.162	41	1	2.385686	10	10	480	79.166667	0.990099	0.754118
37.162	41	2	0.651451	20	20	480	37.5	0	0.754118
37.162	42	1	2.385686	10	10	480	79.166667	0.990099	0.754118
37.162	42	2	0.651451	20	20	480	37.5	0	0.754118
37.162	43	1	2.385686	10	10	480	79.166667	0.990099	0.754118
37.162	43	2	0.651451	20	20	480	37.5	0	0.754118
37.162	44	1	2.385686	10	10	480	79.166667	0.990099	0.754118
37.162	44	2	0.651451	20	20	480	37.5	0	0.754118
37.162	45	1	2.385686	10	10	480	79.166667	0.990099	0.754118
37.162	45	2	0.651451	20	20	480	37.5	0	0.754118
37.162	46	1	2.385686	10	10	480	79.166667	0.990099	0.754118
37.162	46	2	0.651451	20	20	480	37.5	0	0.754118
37.162	47	1	2.385686	10	10	480	79.166667	0.990099	0.754118
37.162	47	2	0.651451	20	20	480	37.5	0	0.754118
37.162	48	1	2.385686	10	10	480	79.166667	0.990099	0.754118
37.162	48	2	0.651451	20	20	480	37.5	0	0.754118
37.162	49	1	2.385686	10	10	480	79.166667	0.990099	0.754118
37.162	49	2	0.651451	20	20	480	37.5	0	0.754118
37.162	50	1	2.385686	10	10	480	79.166667	0.990099	0.754118
37.162	50	2	0.651451	20	20	480	37.5	0	0.754118
37.162	51	1	2.385686	10	10	480	79.166667	0.990099	0.754118
37.162	51	2	0.651451	20	20	480	37.5	0	0.754118
37.162	52	1	2.385686	10	10	480	79.166667	0.990099	0.754118
37.162	52	2	0.651451	20	20	480	37.5	0	0.754118
37.162	53	1	2.385686	10	10	480	79.166667	0.990099	0.754118
37.162	53	2	0.651451	20	20	480	37.5	0	0.754118
37.162	54	1	2.385686	10	10	480	79.166667	0.990099	0.754118
37.162	54	2	0.651451	20	20	480	37.5	0	0.754118
37.162	55	1	2.385686	10	10	480	79.166667	0.990099	0.754118
37.162	55	2	0.651451	20	20	480	37.5	0	0.754118
37.162	56	1	2.385686	10	10	480	79.166667	0.990099	0.754118
37.162	56	2	0.651451	20	20	480	37.5	0	0.754118
37.162	57	1	2.385686	10	10	480	79.166667	0.990099	0.754118
37.162	57	2	0.651451	20	20	480	37.5	0	0.754118
37.162	58	1	2.385686	10	10	480	79.166667	0.990099	0.754118
37.162	58	2	0.651451	20	20	480	37.5	0	0.754118
37.162	59	1	2.385686	10	10	480	79.166667	0.990099	0.754118
37.162	59	2	0.651451	20	20	480	37.5	0	0.754118
37.162	60	1	2.385686	10	10	480	79.166667	0.990099	0.754118
37.162	60	2	0.651451	20	20	480	37.5	0	0.754118
37.162	61	1	2.385686	10	10	480	79.166667	0.990099	0.754118
37.162	61	2	0.651451	20	20	480	37.5	0	0.754118
37.162	62	1	2.385686	10	10	480	79.166667	0.990099	0.754118
37.162	62	2	0.651451	20	20	480	37.5	0	0.754118
37.162	63	1	2.385686	10	10	480	79.166667	0.990099	0.754118
37.162	63	2	0.651451	20	20	480	37.5	0	0.754118
37.162	64	1	2.385686	10	10	480	79.166667	0.990099	0.754118
37.162	64	2	0.651451	20	20	480	37.5	0	0.754118
37.162	65	1	2.385686	10	10	480	79.166667	0.990099	0.754118
37.162	65	2	0.651451	20	20	480	37.5	0	0.754118
37.665	0	1	2.266402	10	10	456	79.166667	1.041667	0.754118
37.665	0	2	0.618879	20	20	456	37.5	0	0.754118
37.665	1	1	2.266402	10	10	456	79.166667	1.041667	0.754118
37.665	1	2	0.618879	20	20	456	37.5	0	0.754118
37.665	2	1	2.266402	10	10	456	79.166667	1.041667	0.754118
37.665	2	2	0.618879	20	20	456	37.5	0	0.754118
37.665	3	1	2.266402	10	10	456	79.166667	1.041667	0.754118
37.665	3	2	0.618879	20	20	456	37.5	0	0.754118
37.665	4	1	2.266402	10	10	456	79.166667	1.041667	0.754118
37.665	4	2	0.618879	20	20	456	37.5	0	0.754118
37.665	5	1	2.266402	10	10	456	79.166667	1.041667	0.754118
37.665	5	2	0.618879	20	20	456	37.5	0	0.754118
37.665	6	1	2.266402	10	10	456	79.166667	1.041667	0.754118
37.665	6	2	0.618879	20	20	456	37.5	0	0.754118
37.665	7	1	2.266402	10	10	456	79.166667	1.041667	0.754118
37.665	7	2	0.618879	20	20	456	37.5	0	0.754118
37.665	8	1	2.266402	10	10	456	79.166667	1.041667	0.754118
37.665	8	2	0.618879	20	20	456	37.5	0	0.754118
37.665	9	1	2.266402	10	10	456	79.166667	1.041667	0.754118
37.665	9	2	0.618879	20	20	456	37.5	0	0.754118
37.665	10	1	2.266402	10	10	456	79.166667	1.041667	0.754118
37.665	10	2	0.618879	20	20	456	37.5	0	0.754118
37.665	11	1	2.266402	10	10	456	79.166667	1.041667	0.754118
37.665	11	2	0.618879	20	20	456	37.5	0	0.754118
37.665	12	1	2.266402	10	10	456	79.166667	1.041667	0.754118
37.665	12	2	0.618879	20	20	456	37.5	0	0.754118
37.665	13	1	2.266402	10	10	456	79.166667	1.041667	0.754118
37.665	13	2	0.618879	20	20	456	37.5	0	0.754118
37.665	14	1	2.266402	10	10	456	79.166667	1.041667	0.754118
37.665	14	2	0.618879	20	20	456	37.5	0	0.754118
37.665	15	1	2.266402	10	10	456	79.166667	1.041667	0.754118
37.665	15	2	0.618879	20	20	456	37.5	0	0.754118
37.665	16	1	2.266402	10	10	456	79.166667	1.041667	0.754118
37.665	16	2	0.618879	20	20	456	37.5	0	0.754118
37.665	17	1	2.266402	10	10	456	79.166667	1.041667	0.754118
37.665	17	2	0.618879	20	20	456	37.5	0	0.754118
37.665	18	1	2.266402	10	10	456	79.166667	1.041667	0.754118
37.665	18	2	0.618879	20	20	456	37.5	0	0.754118
37.665	19	1	2.266402	10	10	456	79.166667	1.041667	0.754118
37.665	19	2	0.618879	20	20	456	37.5	0	0.754118
37.665	20	1	2.266402	10	10	456	79.166667	1.041667	0.754118
37.665	20	2	0.618879	20	20	456	37.5	0	0.754118
37.665	21	1	2.266402	10	10	456	79.166667	1.041667	0.754118
37.665	21	2	0.618879	20	20	456	37.5	0	0.754118
37.665	22	1	2.266402	10	10	456	79.166667	1.041667	0.754118
37.665	22	2	0.618879	20	20	456	37.5	0	0.754118
37.665	23	1	2.266402	10	10	456	79.166667	1.041667	0.754118
37.665	23	2	0.618879	20	20	456	37.5	0	0.754118
37.665	24	1	2.266402	10	10	456	79.166667	1.041667	0.754118
37.665	24	2	0.618879	20	20	456	37.5	0	0.754118
37.665	25	1	2.266402	10	10	456	79.166667	1.041667	0.754118
37.665	25	2	0.618879	20	20	456	37.5	0	0.754118
37.665	26	1	2.266402	10	10	456	79.166667	1.041667	0.754118
37.665	26	2	0.618879	20	20	456	37.5	0	0.754118
37.665	27	1	2.266402	10	10	456	79.166667	1.041667	0.754118
37.665	27	2	0.618879	20	20	456	37.5	0	0.754118
37.665	28	1	2.266402	10	10	456	79.166667	1.041667	0.754118
37.665	28	2	0.618879	20	20	456	37.5	0	0.754118
37.665	29	1	2.266402	10	10	456	79.166667	1.041667	0.754118
37.665	29	2	0.618879	20	20	456	37.5	0	0.754118
37.665	30	1	2.266402	10	10	456	79.166667	1.041667	0.754118
37.665	30	2	0.618879	20	20	456	37.5	0	0.754118
37.665	31	1	2.266402	10	10	456	79.166667	1.041667	0.754118
37.665	31	2	0.618879	20	20	456	37.5	0	0.754118
37.665	32	1	2.266402	10	10	456	79.166667	1.041667	0.754118
37.665	32	2	0.618879	20	20	456	37.5	0	0.754118
37.665	33	1	2.266402	10	10	456	79.166667	1.041667	0.754118
37.665	33	2	0.618879	20	20	456	37.5	0	0.754118
37.665	34	1	2.266402	10	10	456	79.166667	1.041667	0.754118
37.665	34	2	0.618879	20	20	456	37.5	0	0.754118
37.665	35	1	2.266402	10	10	456	79.166667	1.041667	0.754118
37.665	35	2	0.618879	20	20	456	37.5	0	0.754118
37.665	36	1	2.266402	10	10	456	79.166667	1.041667	0.754118
37.665	36	2	0.618879	20	20	456	37.5	0	0.754118
37.665	37	1	2.266402	10	10	456	79.166667	1.041667	0.754118
37.665	37	2	0.618879	20	20	456	37.5	0	0.754118
37.665	38	1	2.266402	10	10	456	79.166667	1.041667	0.754118
37.665	38	2	0.618879	20	20	456	37.5	0	0.754118
37.665	39	1	2.266402	10	10	456	79.166667	1.041667	0.754118
37.665	39	2	0.618879	20	20	456	37.5	0	0.754118
37.665	40	1	2.266402	10	10	456	79.166667	1.041667	0.754118
37.665	40	2	0.618879	20	20	456	37.5	0	0.754118
37.665	41	1	2.266402	10	10	456	79.166667	1.041667	0.754118
37.665	41	2	0.618879	20	20	456	37.5	0	0.754118
37.665	42	1	2.266402	10	10	456	79.166667	1.041667	0.754118
37.665	42	2	0.618879	20	20	456	37.5	0	0.754118
37.665	43	1	2.266402	10	10	456	79.166667	1.041667	0.754118
37.665	43	2	0.618879	20	20	456	37.5	0	0.754118
37.665	44	1	2.266402	10	10	456	79.166667	1.041667	0.754118
37.665	44	2	0.618879	20	20	456	37.5	0	0.754118
37.665	45	1	2.266402	10	10	456	79.166667	1.041667	0.754118
37.665	45	2	0.618879	20	20	456	37.5	0	0.754118
37.665	46	1	2.266402	10	10	456	79.166667	1.041667	0.754118
37.665	46	2	0.618879	20	20	456	37.5	0	0.754118
37.665	47	1	2.266402	10	10	456	79.166667	1.041667	0.754118
37.665	47	2	0.618879	20	20	456	37.5	0	0.754118
37.665	48	1	2.266402	10	10	456	79.166667	1.041667	0.754118
37.665	48	2	0.618879	20	20	456	37.5	0	0.754118
37.665	49	1	2.266402	10	10	456	79.166667	1.041667	0.754118
37.665	49	2	0.618879	20	20	456	37.5	0	0.754118
37.665	50	1	2.266402	10	10	456	79.166667	1.041667	0.754118
37.665	50	2	0.618879	20	20	456	37.5	0	0.754118
37.665	51	1	2.266402	10	10	456	79.166667	1.041667	0.754118
37.665	51	2	0.618879	20	20	456	37.5	0	0.754118
37.665	52	1	2.266402	10	10	456	79.166667	1.041667	0.754118
37.665	52	2	0.618879	20	20	456	37.5	0	0.754118
37.665	53	1	2.266402	10	10	456	79.166667	1.041667	0.754118
37.665	53	2	0.618879	20	20	456	37.5	0	0.754118
37.665	54	1	2.266402	10	10	456	79.166667	1.041667	0.754118
37.665	54	2	0.618879	20	20	456	37.5	0	0.754118
37.665	55	1	2.266402	10	10	456	79.166667	1.041667	0.754118
37.665	55	2	0.618879	20	20	456	37.5	0	0.754118
37.665	56	1	2.266402	10	10	456	79.166667	1.041667	0.754118
37.665	56	2	0.618879	20	20	456	37.5	0	0.754118
37.665	57	1	2.266402	10	10	456	79.166667	1.041667	0.754118
37.665	57	2	0.618879	20	20	456	37.5	0	0.754118
37.665	58	1	2.266402	10	10	456	79.166667	1.041667	0.754118
37.665	58	2	0.618879	20	20	456	37.5	0	0.754118
37.665	59	1	2.266402	10	10	456	79.166667	1.041667	0.754118
37.665	59	2	0.618879	20	20	456	37.5	0	0.754118
37.665	60	1	2.266402	10	10	456	79.166667	1.041667	0.754118
37.665	60	2	0.618879	20	20	456	37.5	0	0.754118
37.665	61	1	2.266402	10	10	456	79.166667	1.041667	0.754118
37.665	61	2	0.618879	20	20	456	37.5	0	0.754118
37.665	62	1	2.266402	10	10	456	79.166667	1.041667	0.754118
37.665	62	2	0.618879	20	20	456	37.5	0	0.754118
37.665	63	1	2.266402	10	10	456	79.166667	1.041667	0.754118
37.665	63	2	0.618879	20	20	456	37.5	0	0.754118
37.665	64	1	2.266402	10	10	456	79.166667	1.041667	0.754118
37.665	64	2	0.618879	20	20	456	37.5	0	0.754118
37.665	65	1	2.266402	10	10	456	79.166667	1.041667	0.754118
37.665	65	2	0.618879	20	20	456	37.5	0	0.754118
38.168	0	1	2.266402	10	10	456	79.166667	1.041667	0.754118
38.168	0	2	0.618879	20	20	456	37.5	0	0.754118
38.168	1	1	2.266402	10	10	456	79.166667	1.041667	0.754118
38.168	1	2	0.618879	20	20	456	37.5	0	0.754118
38.168	2	1	2.266402	10	10	456	79.166667	1.041667	0.754118
38.168	2	2	0.618879	20	20	456	37.5	0	0.754118
38.168	3	1	2.266402	10	10	456	79.166667	1.041667	0.754118
38.168	3	2	0.618879	20	20	456	37.5	0	0.754118
38.168	4	1	2.266402	10	10	456	79.166667	1.041667	0.754118
38.168	4	2	0.618879	20	20	456	37.5	0	0.754118
38.168	5	1	2.266402	10	10	456	79.166667	1.041667	0.754118
38.168	5	2	0.618879	20	20	456	37.5	0	0.754118
38.168	6	1	2.266402	10	10	456	79.166667	1.041667	0.754118
38.168	6	2	0.618879	20	20	456	37.5	0	0.754118
38.168	7	1	2.266402	10	10	456	79.166667	1.041667	0.754118
38.168	7	2	0.618879	20	20	456	37.5	0	0.754118
38.168	8	1	2.266402	10	10	456	79.166667	1.041667	0.754118
38.168	8	2	0.618879	20	20	456	37.5	0	0.754118
38.168	9	1	2.266402	10	10	456	79.166667	1.041667	0.754118
38.168	9	2	0.618879	20	20	456	37.5	0	0.754118
38.168	10	1	2.266402	10	10	456	79.166667	1.041667	0.754118
38.168	10	2	0.618879	20	20	456	37.5	0	0.754118
38.168	11	1	2.266402	10	10	456	79.166667	1.041667	0.754118
38.168	11	2	0.618879	20	20	456	37.5	0	0.754118
38.168	12	1	2.266402	10	10	456	79.166667	1.041667	0.754118
38.168	12	2	0.618879	20	20	456	37.5	0	0.754118
38.168	13	1	2.266402	10	10	456	79.166667	1.041667	0.754118
38.168	13	2	0.618879	20	20	456	37.5	0	0.754118
38.168	14	1	2.266402	10	10	456	79.166667	1.041667	0.754118
38.168	14	2	0.618879	20	20	456	37.5	0	0.754118
38.168	15	1	2.266402	10	10	456	79.166667	1.041667	0.754118
38.168	15	2	0.618879	20	20	456	37.5	0	0.754118
38.168	16	1	2.266402	10	10	456	79.166667	1.041667	0.754118
38.168	16	2	0.618879	20	20	456	37.5	0	0.754118
38.168	17	1	2.266402	10	10	456	79.166667	1.041667	0.754118
38.168	17	2	0.618879	20	20	456	37.5	0	0.754118
38.168	18	1	2.266402	10	10	456	79.166667	1.041667	0.754118
38.168	18	2	0.618879	20	20	456	37.5	0	0.754118
38.168	19	1	2.266402	10	10	456	79.166667	1.041667	0.754118
38.168	19	2	0.618879	20	20	456	37.5	0	0.754118
38.168	20	1	2.266402	10	10	456	79.166667	1.041667	0.754118
38.168	20	2	0.618879	20	20	456	37.5	0	0.754118
38.168	21	1	2.266402	10	10	456	79.166667	1.041667	0.754118
38.168	21	2	0.618879	20	20	456	37.5	0	0.754118
38.168	22	1	2.266402	10	10	456	79.166667	1.041667	0.754118
38.168	22	2	0.618879	20	20	456	37.5	0	0.754118
38.168	23	1	2.266402	10	10	456	79.166667	1.041667	0.754118
38.168	23	2	0.618879	20	20	456	37.5	0	0.754118
38.168	24	1	2.266402	10	10	456	79.166667	1.041667	0.754118
38.168	24	2	0.618879	20	20	456	37.5	0	0.754118
38.168	25	1	2.266402	10	10	456	79.166667	1.041667	0.754118
38.168	25	2	0.618879	20	20	456	37.5	0	0.754118
38.168	26	1	2.266402	10	10	456	79.166667	1.041667	0.754118
38.168	26	2	0.618879	20	20	456	37.5	0	0.754118
38.168	27	1	2.266402	10	10	456	79.166667	1.041667	0.754118
38.168	27	2	0.618879	20	20	456	37.5	0	0.754118
38.168	28	1	2.266402	10	10	456	79.166667	1.041667	0.754118
38.168	28	2	0.618879	20	20	456	37.5	0	0.754118
38.168	29	1	2.266402	10	10	456	79.166667	1.041667	0.754118
38.168	29	2	0.618879	20	20	456	37.5	0	0.754118
38.168	30	1	2.266402	10	10	456	79.166667	1.041667	0.754118
38.168	30	2	0.618879	20	20	456	37.5	0	0.754118
38.168	31	1	2.266402	10	10	456	79.166667	1.041667	0.754118
38.168	31	2	0.618879	20	20	456	37.5	0	0.754118
38.168	32	1	2.266402	10	10	456	79.166667	1.041667	0.754118
38.168	32	2	0.618879	20	20	456	37.5	0	0.754118
38.168	33	1	2.266402	10	10	456	79.166667	1.041667	0.754118
38.168	33	2	0.618879	20	20	456	37.5	0	0.754118
38.168	34	1	2.266402	10	10	456	79.166667	1.041667	0.754118
38.168	34	2	0.618879	20	20	456	37.5	0	0.754118
38.168	35	1	2.266402	10	10	456	79.166667	1.041667	0.754118
38.168	35	2	0.618879	20	20	456	37.5	0	0.754118
38.168	36	1	2.266402	10	10	456	79.166667	1.041667	0.754118
38.168	36	2	0.618879	20	20	456	37.5	0	0.754118
38.168	37	1	2.266402	10	10	456	79.166667	1.041667	0.754118
38.168	37	2	0.618879	20	20	456	37.5	0	0.754118
38.168	38	1	2.266402	10	10	456	79.166667	1.041667	0.754118
38.168	38	2	0.618879	20	20	456	37.5	0	0.754118
38.168	39	1	2.266402	10	10	456	79.166667	1.041667	0.754118
38.168	39	2	0.618879	20	20	456	37.5	0	0.754118
38.168	40	1	2.266402	10	10	456	79.166667	1.041667	0.754118
38.168	40	2	0.618879	20	20	456	37.5	0	0.754118
38.168	41	1	2.266402	10	10	456	79.166667	1.041667	0.754118
38.168	41	2	0.618879	20	20	456	37.5	0	0.754118
38.168	42	1	2.266402	10	10	456	79.166667	1.041667	0.754118
38.168	42	2	0.618879	20	20	456	37.5	0	0.754118
38.168	43	1	2.266402	10	10	456	79.166667	1.041667	0.754118
38.168	43	2	0.618879	20	20	456	37.5	0	0.754118
38.168	44	1	2.266402	10	10	456	79.166667	1.041667	0.754118
38.168	44	2	0.618879	20	20	456	37.5	0	0.754118
38.168	45	1	2.266402	10	10	456	79.166667	1.041667	0.754118
38.168	45	2	0.618879	20	20	456	37.5	0	0.754118
38.168	46	1	2.266402	10	10	456	79.166667	1.041667	0.754118
38.168	46	2	0.618879	20	20	456	37.5	0	0.754118
38.168	47	1	2.266402	10	10	456	79.166667	1.041667	0.754118
38.168	47	2	0.618879	20	20	456	37.5	0	0.754118
38.168	48	1	2.266402	10	10	456	79.166667	1.041667	0.754118
38.168	48	2	0.618879	20	20	456	37.5	0	0.754118
38.168	49	1	2.266402	10	10	456	79.166667	1.041667	0.754118
38.168	49	2	0.618879	20	20	456	37.5	0	0.754118
38.168	50	1	2.266402	10	10	456	79.166667	1.041667	0.754118
38.168	50	2	0.618879	20	20	456	37.5	0	0.754118
38.168	51	1	2.266402	10	10	456	79.166667	1.041667	0.754118
38.168	51	2	0.618879	20	20	456	37.5	0	0.754118
38.168	52	1	2.266402	10	10	456	79.166667	1.041667	0.754118
38.168	52	2	0.618879	20	20	456	37.5	0	0.754118
38.168	53	1	2.266402	10	10	456	79.166667	1.041667	0.754118
38.168	53	2	0.618879	20	20	456	37.5	0	0.754118
38.168	54	1	2.266402	10	10	456	79.166667	1.041667	0.754118
38.168	54	2	0.618879	20	20	456	37.5	0	0.754118
38.168	55	1	2.266402	10	10	456	79.166667	1.041667	0.754118
38.168	55	2	0.618879	20	20	456	37.5	0	0.754118
38.168	56	1	2.266402	10	10	456	79.166667	1.041667	0.754118
38.168	56	2	0.618879	20	20	456	37.5	0	0.754118
38.168	57	1	2.266402	10	10	456	79.166667	1.041667	0.754118
38.168	57	2	0.618879	20	20	456	37.5	0	0.754118
38.168	58	1	2.266402	10	10	456	79.166667	1.041667	0.754118
38.168	58	2	0.618879	20	20	456	37.5	0	0.754118
38.168	59	1	2.266402	10	10	456	79.166667	1.041667	0.754118
38.168	59	2	0.618879	20	20	456	37.5	0	0.754118
38.168	60	1	2.266402	10	10	456	79.166667	1.041667	0.754118
38.168	60	2	0.618879	20	20	456	37.5	0	0.754118
38.168	61	1	2.266402	10	10	456	79.166667	1.041667	0.754118
38.168	61	2	0.618879	20	20	456	37.5	0	0.754118
38.168	62	1	2.266402	10	10	456	79.166667	1.041667	0.754118
38.168	62	2	0.618879	20	20	456	37.5	0	0.754118
38.168	63	1	2.266402	10	10	456	79.166667	1.041667	0.754118
38.168	63	2	0.618879	20	20	456	37.5	0	0.754118
38.168	64	1	2.266402	10	10	456	79.166667	1.041667	0.754118
38.168	64	2	0.618879	20	20	456	37.5	0	0.754118
38.168	65	1	2.266402	10	10	456	79.166667	1.041667	0.754118
38.168	65	2	0.618879	20	20	456	37.5	0	0.754118
38.671	0	1	2.385686	10	10	480	79.166667	0.990099	0.754118
38.671	0	2	0.651451	20	20	480	37.5	0	0.754118
38.671	1	1	2.385686	10	10	480	79.166667	0.990099	0.754118
38.671	1	2	0.651451	20	20	480	37.5	0	0.754118
38.671	2	1	2.385686	10	10	480	79.166667	0.990099	0.754118
38.671	2	2	0.651451	20	20	480	37.5	0	0.754118
38.671	3	1	2.385686	10	10	480	79.166667	0.990099	0.754118
38.671	3	2	0.651451	20	20	480	37.5	0	0.754118
38.671	4	1	2.385686	10	10	480	79.166667	0.990099	0.754118
38.671	4	2	0.651451	20	20	480	37.5	0	0.754118
38.671	5	1	2.385686	10	10	480	79.166667	0.990099	0.754118
38.671	5	2	0.651451	20	20	480	37.5	0	0.754118
38.671	6	1	2.385686	10	10	480	79.166667	0.990099	0.754118
38.671	6	2	0.651451	20	20	480	37.5	0	0.754118
38.671	7	1	2.385686	10	10	480	79.166667	0.990099	0.754118
38.671	7	2	0.651451	20	20	480	37.5	0	0.754118
38.671	8	1	2.385686	10	10	480	79.166667	0.990099	0.754118
38.671	8	2	0.651451	20	20	480	37.5	0	0.754118
38.671	9	1	2.385686	10	10	480	79.166667	0.990099	0.754118
38.671	9	2	0.651451	20	20	480	37.5	0	0.754118
38.671	10	1	2.385686	10	10	480	79.166667	0.990099	0.754118
38.671	10	2	0.651451	20	20	480	37.5	0	0.754118
38.671	11	1	2.385686	10	10	480	79.166667	0.990099	0.754118
38.671	11	2	0.651451	20	20	480	37.5	0	0.754118
38.671	12	1	2.385686	10	10	480	79.166667	0.990099	0.754118
38.671	12	2	0.651451	20	20	480	37.5	0	0.754118
38.671	13	1	2.385686	10	10	480	79.166667	0.990099	0.754118
38.671	13	2	0.651451	20	20	480	37.5	0	0.754118
38.671	14	1	2.385686	10	10	480	79.166667	0.990099	0.754118
38.671	14	2	0.651451	20	20	480	37.5	0	0.754118
38.671	15	1	2.385686	10	10	480	79.166667	0.990099	0.754118
38.671	15	2	0.651451	20	20	480	37.5	0	0.754118
38.671	16	1	2.385686	10	10	480	79.166667	0.990099	0.754118
38.671	16	2	0.651451	20	20	480	37.5	0	0.754118
38.671	17	1	2.385686	10	10	480	79.166667	0.990099	0.754118
38.671	17	2	0.651451	20	20	480	37.5	0	0.754118
38.671	18	1	2.385686	10	10	480	79.166667	0.990099	0.754118
38.671	18	2	0.651451	20	20	480	37.5	0	0.754118
38.671	19	1	2.385686	10	10	480	79.166667	0.990099	0.754118
38.671	19	2	0.651451	20	20	480	37.5	0	0.754118
38.671	20	1	2.385686	10	10	480	79.166667	0.990099	0.754118
38.671	20	2	0.651451	20	20	480	37.5	0	0.754118
38.671	21	1	2.385686	10	10	480	79.166667	0.990099	0.754118
38.671	21	2	0.651451	20	20	480	37.5	0	0.754118
38.671	22	1	2.385686	10	10	480	79.166667	0.990099	0.754118
38.671	22	2	0.651451	20	20	480	37.5	0	0.754118
38.671	23	1	2.385686	10	10	480	79.166667	0.990099	0.754118
38.671	23	2	0.651451	20	20	480	37.5	0	0.754118
38.671	24	1	2.385686	10	10	480	79.166667	0.990099	0.754118
38.671	24	2	0.651451	20	20	480	37.5	0	0.754118
38.671	25	1	2.385686	10	10	480	79.166667	0.990099	0.754118
38.671	25	2	0.651451	20	20	480	37.5	0	0.754118
38.671	26	1	2.385686	10	10	480	79.166667	0.990099	0.754118
38.671	26	2	0.651451	20	20	480	37.5	0	0.754118
38.671	27	1	2.385686	10	10	480	79.166667	0.990099	0.754118
38.671	27	2	0.651451	20	20	480	37.5	0	0.754118
38.671	28	1	2.385686	10	10	480	79.166667	0.990099	0.754118
38.671	28	2	0.651451	20	20	480	37.5	0	0.754118
38.671	29	1	2.385686	10	10	480	79.166667	0.990099	0.754118
38.671	29	2	0.651451	20	20	480	37.5	0	0.754118
38.671	30	1	2.385686	10	10	480	79.166667	0.990099	0.754118
38.671	30	2	0.651451	20	20	480	37.5	0	0.754118
38.671	31	1	2.385686	10	10	480	79.166667	0.990099	0.754118
38.671	31	2	0.651451	20	20	480	37.5	0	0.754118
38.671	32	1	2.385686	10	10	480	79.166667	0.990099	0.754118
38.671	32	2	0.651451	20	20	480	37.5	0	0.754118
38.671	33	1	2.385686	10	10	480	79.166667	0.990099	0.754118
38.671	33	2	0.651451	20	20	480	37.5	0	0.754118
38.671	34	1	2.385686	10	10	480	79.166667	0.990099	0.754118
38.671	34	2	0.651451	20	20	480	37.5	0	0.754118
38.671	35	1	2.385686	10	10	480	79.166667	0.990099	0.754118
38.671	35	2	0.651451	20	20	480	37.5	0	0.754118
38.671	36	1	2.385686	10	10	480	79.166667	0.990099	0.754118
38.671	36	2	0.651451	20	20	480	37.5	0	0.754118
38.671	37	1	2.385686	10	10	480	79.166667	0.990099	0.754118
38.671	37	2	0.651451	20	20	480	37.5	0	0.754118
38.671	38	1	2.385686	10	10	480	79.166667	0.990099	0.754118
38.671	38	2	0.651451	20	20	480	37.5	0	0.754118
38.671	39	1	2.385686	10	10	480	79.166667	0.990099	0.754118
38.671	39	2	0.651451	20	20	480	37.5	0	0.754118
38.671	40	1	2.385686	10	10	480	79.166667	0.990099	0.754118
38.671	40	2	0.651451	20	20	480	37.5	0	0.754118
38.671	41	1	2.385686	10	10	480	79.166667	0.990099	0.754118
38.671	41	2	0.651451	20	20	480	37.5	0	0.754118
38.671	42	1	2.385686	10	10	480	79.166667	0.990099	0.754118
38.671	42	2	0.651451	20	20	480	37.5	0	0.754118
38.671	43	1	2.385686	10	10	480	79.166667	0.990099	0.754118
38.671	43	2	0.651451	20	20	480	37.5	0	0.754118
38.671	44	1	2.385686	10	10	480	79.166667	0.990099	0.754118
38.671	44	2	0.651451	20	20	480	37.5	0	0.754118
38.671	45	1	2.385686	10	10	480	79.166667	0.990099	0.754118
38.671	45	2	0.651451	20	20	480	37.5	0	0.754118
38.671	46	1	2.385686	10	10	480	79.166667	0.990099	0.754118
38.671	46	2	0.651451	20	20	480	37.5	0	0.754118
38.671	47	1	2.385686	10	10	480	79.166667	0.990099	0.754118
38.671	47	2	0.651451	20	20	480	37.5	0	0.754118
38.671	48	1	2.385686	10	10	480	79.166667	0.990099	0.754118
38.671	48	2	0.651451	20	20	480	37.5	0	0.754118
38.671	49	1	2.385686	10	10	480	79.166667	0.990099	0.754118
38.671	49	2	0.651451	20	20	480	37.5	0	0.754118
38.671	50	1	2.385686	10	10	480	79.166667	0.990099	0.754118
38.671	50	2	0.651451	20	20	480	37.5	0	0.754118
38.671	51	1	2.385686	10	10	480	79.166667	0.990099	0.754118
38.671	51	2	0.651451	20	20	480	37.5	0	0.754118
38.671	52	1	2.385686	10	10	480	79.166667	0.990099	0.754118
38.671	52	2	0.651451	20	20	480	37.5	0	0.754118
38.671	53	1	2.385686	10	10	480	79.166667	0.990099	0.754118
38.671	53	2	0.651451	20	20	480	37.5	0	0.754118
38.671	54	1	2.385686	10	10	480	79.166667	0.990099	0.754118
38.671	54	2	0.651451	20	20	480	37.5	0	0.754118
38.671	55	1	2.385686	10	10	480	79.166667	0.990099	0.754118
38.671	55	2	0.651451	20	20	480	37.5	0	0.754118
38.671	56	1	2.385686	10	10	480	79.166667	0.990099	0.754118
38.671	56	2	0.651451	20	20	480	37.5	0	0.754118
38.671	57	1	2.385686	10	10	480	79.166667	0.990099	0.754118
38.671	57	2	0.651451	20	20	480	37.5	0	0.754118
38.671	58	1	2.385686	10	10	480	79.166667	0.990099	0.754118
38.671	58	2	0.651451	20	20	480	37.5	0	0.754118
38.671	59	1	2.385686	10	10	480	79.166667	0.990099	0.754118
38.671	59	2	0.651451	20	20	480	37.5	0	0.754118
38.671	60	1	2.385686	10	10	480	79.166667	0.990099	0.754118
38.671	60	2	0.651451	20	20	480	37.5	0	0.754118
38.671	61	1	2.385686	10	10	480	79.166667	0.990099	0.754118
38.671	61	2	0.651451	20	20	480	37.5	0	0.754118
38.671	62	1	2.385686	10	10	480	79.166667	0.990099	0.754118
38.671	62	2	0.651451	20	20	480	37.5	0	0.754118
38.671	63	1	2.385686	10	10	480	79.166667	0.990099	0.754118
38.671	63	2	0.651451	20	20	480	37.5	0	0.754118
38.671	64	1	2.385686	10	10	480	79.166667	0.990099	0.754118
38.671	64	2	0.651451	20	20	480	37.5	0	0.754118
38.671	65	1	2.385686	10	10	480	79.166667	0.990099	0.754118
38.671	65	2	0.651451	20	20	480	37.5	0	0.754118
39.174	0	1	2.266402	10	10	456	79.166667	1.041667	0.754118
39.174	0	2	0.618879	20	20	456	37.5	0	0.754118
39.174	1	1	2.266402	10	10	456	79.166667	1.041667	0.754118
39.174	1	2	0.618879	20	20	456	37.5	0	0.754118
39.174	2	1	2.266402	10	10	456	79.166667	1.041667	0.754118
39.174	2	2	0.618879	20	20	456	37.5	0	0.754118
39.174	3	1	2.266402	10	10	456	79.166667	1.041667	0.754118
39.174	3	2	0.618879	20	20	456	37.5	0	0.754118
39.174	4	1	2.266402	10	10	456	79.166667	1.041667	0.754118
39.174	4	2	0.618879	20	20	456	37.5	0	0.754118
39.174	5	1	2.266402	10	10	456	79.166667	1.041667	0.754118
39.174	5	2	0.618879	20	20	456	37.5	0	0.754118
39.174	6	1	2.266402	10	10	456	79.166667	1.041667	0.754118
39.174	6	2	0.618879	20	20	456	37.5	0	0.754118
39.174	7	1	2.266402	10	10	456	79.166667	1.041667	0.754118
39.174	7	2	0.618879	20	20	456	37.5	0	0.754118
39.174	8	1	2.266402	10	10	456	79.166667	1.041667	0.754118
39.174	8	2	0.618879	20	20	456	37.5	0	0.754118
39.174	9	1	2.266402	10	10	456	79.166667	1.041667	0.754118
39.174	9	2	0.618879	20	20	456	37.5	0	0.754118
39.174	10	1	2.266402	10	10	456	79.166667	1.041667	0.754118
39.174	10	2	0.618879	20	20	456	37.5	0	0.754118
39.174	11	1	2.266402	10	10	456	79.166667	1.041667	0.754118
39.174	11	2	0.618879	20	20	456	37.5	0	0.754118
39.174	12	1	2.266402	10	10	456	79.166667	1.041667	0.754118
39.174	12	2	0.618879	20	20	456	37.5	0	0.754118
39.174	13	1	2.266402	10	10	456	79.166667	1.041667	0.754118
39.174	13	2	0.618879	20	20	456	37.5	0	0.754118
39.174	14	1	2.266402	10	10	456	79.166667	1.041667	0.754118
39.174	14	2	0.618879	20	20	456	37.5	0	0.754118
39.174	15	1	2.266402	10	10	456	79.166667	1.041667	0.754118
39.174	15	2	0.618879	20	20	456	37.5	0	0.754118
39.174	16	1	2.266402	10	10	456	79.166667	1.041667	0.754118
39.174	16	2	0.618879	20	20	456	37.5	0	0.754118
39.174	17	1	2.266402	10	10	456	79.166667	1.041667	0.754118
39.174	17	2	0.618879	20	20	456	37.5	0	0.754118
39.174	18	1	2.266402	10	10	456	79.166667	1.041667	0.754118
39.174	18	2	0.618879	20	20	456	37.5	0	0.754118
39.174	19	1	2.266402	10	10	456	79.166667	1.041667	0.754118
39.174	19	2	0.618879	20	20	456	37.5	0	0.754118
39.174	20	1	2.266402	10	10	456	79.166667	1.041667	0.754118
39.174	20	2	0.618879	20	20	456	37.5	0	0.754118
39.174	21	1	2.266402	10	10	456	79.166667	1.041667	0.754118
39.174	21	2	0.618879	20	20	456	37.5	0	0.754118
39.174	22	1	2.266402	10	10	456	79.166667	1.041667	0.754118
39.174	22	2	0.618879	20	20	456	37.5	0	0.754118
39.174	23	1	2.266402	10	10	456	79.166667	1.041667	0.754118
39.174	23	2	0.618879	20	20	456	37.5	0	0.754118
39.174	24	1	2.266402	10	10	456	79.166667	1.041667	0.754118
39.174	24	2	0.618879	20	20	456	37.5	0	0.754118
39.174	25	1	2.266402	10	10	456	79.166667	1.041667	0.754118
39.174	25	2	0.618879	20	20	456	37.5	0	0.754118
39.174	26	1	2.266402	10	10	456	79.166667	1.041667	0.754118
39.174	26	2	0.618879	20	20	456	37.5	0	0.754118
39.174	27	1	2.266402	10	10	456	79.166667	1.041667	0.754118
39.174	27	2	0.618879	20	20	456	37.5	0	0.754118
39.174	28	1	2.266402	10	10	456	79.166667	1.041667	0.754118
39.174	28	2	0.618879	20	20	456	37.5	0	0.754118
39.174	29	1	2.266402	10	10	456	79.166667	1.041667	0.754118
39.174	29	2	0.618879	20	20	456	37.5	0	0.754118
39.174	30	1	2.266402	10	10	456	79.166667	1.041667	0.754118
39.174	30	2	0.618879	20	20	456	37.5	0	0.754118
39.174	31	1	2.266402	10	10	456	79.166667	1.041667	0.754118
39.174	31	2	0.618879	20	20	456	37.5	0	0.754118
39.174	32	1	2.266402	10	10	456	79.166667	1.041667	0.754118
39.174	32	2	0.618879	20	20	456	37.5	0	0.754118
39.174	33	1	2.266402	10	10	456	79.166667	1.041667	0.754118
39.174	33	2	0.618879	20	20	456	37.5	0	0.754118
39.174	34	1	2.266402	10	10	456	79.166667	1.041667	0.754118
39.174	34	2	0.618879	20	20	456	37.5	0	0.754118
39.174	35	1	2.266402	10	10	456	79.166667	1.041667	0.754118
39.174	35	2	0.618879	20	20	456	37.5	0	0.754118
39.174	36	1	2.266402	10	10	456	79.166667	1.041667	0.754118
39.174	36	2	0.618879	20	20	456	37.5	0	0.754118
39.174	37	1	2.266402	10	10	456	79.166667	1.041667	0.754118
39.174	37	2	0.618879	20	20	456	37.5	0	0.754118
39.174	38	1	2.266402	10	10	456	79.166667	1.041667	0.754118
39.174	38	2	0.618879	20	20	456	37.5	0	0.754118
39.174	39	1	2.266402	10	10	456	79.166667	1.041667	0.754118
39.174	39	2	0.618879	20	20	456	37.5	0	0.754118
39.174	40	1	2.266402	10	10	456	79.166667	1.041667	0.754118
39.174	40	2	0.618879	20	20	456	37.5	0	0.754118
39.174	41	1	2.266402	10	10	456	79.166667	1.041667	0.754118
39.174	41	2	0.618879	20	20	456	37.5	0	0.754118
39.174	42	1	2.266402	10	10	456	79.166667	1.041667	0.754118
39.174	42	2	0.618879	20	20	456	37.5	0	0.754118
39.174	43	1	2.266402	10	10	456	79.166667	1.041667	0.754118
39.174	43	2	0.618879	20	20	456	37.5	0	0.754118
39.174	44	1	2.266402	10	10	456	79.166667	1.041667	0.754118
39.174	44	2	0.618879	20	20	456	37.5	0	0.754118
39.174	45	1	2.266402	10	10	456	79.166667	1.041667	0.754118
39.174	45	2	0.618879	20	20	456	37.5	0	0.754118
39.174	46	1	2.266402	10	10	456	79.166667	1.041667	0.754118
39.174	46	2	0.618879	20	20	456	37.5	0	0.754118
39.174	47	1	2.266402	10	10	456	79.166667	1.041667	0.754118
39.174	47	2	0.618879	20	20	456	37.5	0	0.754118
39.174	48	1	2.266402	10	10	456	79.166667	1.041667	0.754118
39.174	48	2	0.618879	20	20	456	37.5	0	0.754118
39.174	49	1	2.266402	10	10	456	79.166667	1.041667	0.754118
39.174	49	2	0.618879	20	20	456	37.5	0	0.754118
39.174	50	1	2.266402	10	10	456	79.166667	1.041667	0.754118
39.174	50	2	0.618879	20	20	456	37.5	0	0.754118
39.174	51	1	2.266402	10	10	456	79.166667	1.041667	0.754118
39.174	51	2	0.618879	20	20	456	37.5	0	0.754118
39.174	52	1	2.266402	10	10	456	79.166667	1.041667	0.754118
39.174	52	2	0.618879	20	20	456	37.5	0	0.754118
39.174	53	1	2.266402	10	10	456	79.166667	1.041667	0.754118
39.174	53	2	0.618879	20	20	456	37.5	0	0.754118
39.174	54	1	2.266402	10	10	456	79.166667	1.041667	0.754118
39.174	54	2	0.618879	20	20	456	37.5	0	0.754118
39.174	55	1	2.266402	10	10	456	79.166667	1.041667	0.754118
39.174	55	2	0.618879	20	20	456	37.5	0	0.754118
39.174	56	1	2.266402	10	10	456	79.166667	1.041667	0.754118
39.174	56	2	0.618879	20	20	456	37.5	0	0.754118
39.174	57	1	2.266402	10	10	456	79.166667	1.041667	0.754118
39.174	57	2	0.618879	20	20	456	37.5	0	0.754118
39.174	58	1	2.266402	10	10	456	79.166667	1.041667	0.754118
39.174	58	2	0.618879	20	20	456	37.5	0	0.754118
39.174	59	1	2.266402	10	10	456	79.166667	1.041667	0.754118
39.174	59	2	0.618879	20	20	456	37.5	0	0.754118
39.174	60	1	2.266402	10	10	456	79.166667	1.041667	0.754118
39.174	60	2	0.618879	20	20	456	37.5	0	0.754118
39.174	61	1	2.266402	10	10	456	79.166667	1.041667	0.754118
39.174	61	2	0.618879	20	20	456	37.5	0	0.754118
39.174	62	1	2.266402	10	10	456	79.166667	1.041667	0.754118
39.174	62	2	0.618879	20	20	456	37.5	0	0.754118
39.174	63	1	2.266402	10	10	456	79.166667	1.041667	0.754118
39.174	63	2	0.618879	20	20	456	37.5	0	0.754118
39.174	64	1	2.266402	10	10	456	79.166667	1.041667	0.754118
39.174	64	2	0.618879	20	20	456	37.5	0	0.754118
39.174	65	1	2.266402	10	10	456	79.166667	1.041667	0.754118
39.174	65	2	0.618879	20	20	456	37.5	0	0.754118
39.677	0	1	2.385686	10	10	480	79.166667	0.990099	0.754118
39.677	0	2	0.651451	20	20	480	37.5	0	0.754118
39.677	1	1	2.385686	10	10	480	79.166667	0.990099	0.754118
39.677	1	2	0.651451	20	20	480	37.5	0	0.754118
39.677	2	1	2.385686	10	10	480	79.166667	0.990099	0.754118
39.677	2	2	0.651451	20	20	480	37.5	0	0.754118
39.677	3	1	2.385686	10	10	480	79.166667	0.990099	0.754118
39.677	3	2	0.651451	20	20	480	37.5	0	0.754118
39.677	4	1	2.385686	10	10	480	79.166667	0.990099	0.754118
39.677	4	2	0.651451	20	20	480	37.5	0	0.754118
39.677	5	1	2.385686	10	10	480	79.166667	0.990099	0.754118
39.677	5	2	0.651451	20	20	480	37.5	0	0.754118
39.677	6	1	2.385686	10	10	480	79.166667	0.990099	0.754118
39.677	6	2	0.651451	20	20	480	37.5	0	0.754118
39.677	7	1	2.385686	10	10	480	79.166667	0.990099	0.754118
39.677	7	2	0.651451	20	20	480	37.5	0	0.754118
39.677	8	1	2.385686	10	10	480	79.166667	0.990099	0.754118
39.677	8	2	0.651451	20	20	480	37.5	0	0.754118
39.677	9	1	2.385686	10	10	480	79.166667	0.990099	0.754118
39.677	9	2	0.651451	20	20	480	37.5	0	0.754118
39.677	10	1	2.385686	10	10	480	79.166667	0.990099	0.754118
39.677	10	2	0.651451	20	20	480	37.5	0	0.754118
39.677	11	1	2.385686	10	10	480	79.166667	0.990099	0.754118
39.677	11	2	0.651451	20	20	480	37.5	0	0.754118
39.677	12	1	2.385686	10	10	480	79.166667	0.990099	0.754118
39.677	12	2	0.651451	20	20	480	37.5	0	0.754118
39.677	13	1	2.385686	10	10	480	79.166667	0.990099	0.754118
39.677	13	2	0.651451	20	20	480	37.5	0	0.754118
39.677	14	1	2.385686	10	10	480	79.166667	0.990099	0.754118
39.677	14	2	0.651451	20	20	480	37.5	0	0.754118
39.677	15	1	2.385686	10	10	480	79.166667	0.990099	0.754118
39.677	15	2	0.651451	20	20	480	37.5	0	0.754118
39.677	16	1	2.385686	10	10	480	79.166667	0.990099	0.754118
39.677	16	2	0.651451	20	20	480	37.5	0	0.754118
39.677	17	1	2.385686	10	10	480	79.166667	0.990099	0.754118
39.677	17	2	0.651451	20	20	480	37.5	0	0.754118
39.677	18	1	2.385686	10	10	480	79.166667	0.990099	0.754118
39.677	18	2	0.651451	20	20	480	37.5	0	0.754118
39.677	19	1	2.385686	10	10	480	79.166667	0.990099	0.754118
39.677	19	2	0.651451	20	20	480	37.5	0	0.754118
39.677	20	1	2.385686	10	10	480	79.166667	0.990099	0.754118
39.677	20	2	0.651451	20	20	480	37.5	0	0.754118
39.677	21	1	2.385686	10	10	480	79.166667	0.990099	0.754118
39.677	21	2	0.651451	20	20	480	37.5	0	0.754118
39.677	22	1	2.385686	10	10	480	79.166667	0.990099	0.754118
39.677	22	2	0.651451	20	20	480	37.5	0	0.754118
39.677	23	1	2.385686	10	10	480	79.166667	0.990099	0.754118
39.677	23	2	0.651451	20	20	480	37.5	0	0.754118
39.677	24	1	2.385686	10	10	480	79.166667	0.990099	0.754118
39.677	24	2	0.651451	20	20	480	37.5	0	0.754118
39.677	25	1	2.385686	10	10	480	79.166667	0.990099	0.754118
39.677	25	2	0.651451	20	20	480	37.5	0	0.754118
39.677	26	1	2.385686	10	10	480	79.166667	0.990099	0.754118
39.677	26	2	0.651451	20	20	480	37.5	0	0.754118
39.677	27	1	2.385686	10	10	480	79.166667	0.990099	0.754118
39.677	27	2	0.651451	20	20	480	37.5	0	0.754118
39.677	28	1	2.385686	10	10	480	79.166667	0.990099	0.754118
39.677	28	2	0.651451	20	20	480	37.5	0	0.754118
39.677	29	1	2.385686	10	10	480	79.166667	0.990099	0.754118
39.677	29	2	0.651451	20	20	480	37.5	0	0.754118
39.677	30	1	2.385686	10	10	480	79.166667	0.990099	0.754118
39.677	30	2	0.651451	20	20	480	37.5	0	0.754118
39.677	31	1	2.385686	10	10	480	79.166667	0.990099	0.754118
39.677	31	2	0.651451	20	20	480	37.5	0	0.754118
39.677	32	1	2.385686	10	10	480	79.166667	0.990099	0.754118
39.677	32	2	0.651451	20	20	480	37.5	0	0.754118
39.677	33	1	2.385686	10	10	480	79.166667	0.990099	0.754118
39.677	33	2	0.651451	20	20	480	37.5	0	0.754118
39.677	34	1	2.385686	10	10	480	79.166667	0.990099	0.754118
39.677	34	2	0.651451	20	20	480	37.5	0	0.754118
39.677	35	1	2.385686	10	10	480	79.166667	0.990099	0.754118
39.677	35	2	0.651451	20	20	480	37.5	0	0.754118
39.677	36	1	2.385686	10	10	480	79.166667	0.990099	0.754118
39.677	36	2	0.651451	20	20	480	37.5	0	0.754118
39.677	37	1	2.385686	10	10	480	79.166667	0.990099	0.754118
39.677	37	2	0.651451	20	20	480	37.5	0	0.754118
39.677	38	1	2.385686	10	10	480	79.166667	0.990099	0.754118
39.677	38	2	0.651451	20	20	480	37.5	0	0.754118
39.677	39	1	2.385686	10	10	480	79.166667	0.990099	0.754118
39.677	39	2	0.651451	20	20	480	37.5	0	0.754118
39.677	40	1	2.385686	10	10	480	79.166667	0.990099	0.754118
39.677	40	2	0.651451	20	20	480	37.5	0	0.754118
39.677	41	1	2.385686	10	10	480	79.166667	0.990099	0.754118
39.677	41	2	0.651451	20	20	480	37.5	0	0.754118
39.677	42	1	2.385686	10	10	480	79.166667	0.990099	0.754118
39.677	42	2	0.651451	20	20	480	37.5	0	0.754118
39.677	43	1	2.385686	10	10	480	79.166667	0.990099	0.754118
39.677	43	2	0.651451	20	20	480	37.5	0	0.754118
39.677	44	1	2.385686	10	10	480	79.166667	0.990099	0.754118
39.677	44	2	0.651451	20	20	480	37.5	0	0.754118
39.677	45	1	2.385686	10	10	480	79.166667	0.990099	0.754118
39.677	45	2	0.651451	20	20	480	37.5	0	0.754118
39.677	46	1	2.385686	10	10	480	79.166667	0.990099	0.754118
39.677	46	2	0.651451	20	20	480	37.5	0	0.754118
39.677	47	1	2.385686	10	10	480	79.166667	0.990099	0.754118
39.677	47	2	0.651451	20	20	480	37.5	0	0.754118
39.677	48	1	2.385686	10	10	480	79.166667	0.990099	0.754118
39.677	48	2	0.651451	20	20	480	37.5	0	0.754118
39.677	49	1	2.385686	10	10	480	79.166667	0.990099	0.754118
39.677	49	2	0.651451	20	20	480	37.5	0	0.754118
39.677	50	1	2.385686	10	10	480	79.166667	0.990099	0.754118
39.677	50	2	0.651451	20	20	480	37.5	0	0.754118
39.677	51	1	2.385686	10	10	480	79.166667	0.990099	0.754118
39.677	51	2	0.651451	20	20	480	37.5	0	0.754118
39.677	52	1	2.385686	10	10	480	79.166667	0.990099	0.754118
39.677	52	2	0.651451	20	20	480	37.5	0	0.754118
39.677	53	1	2.385686	10	10	480	79.166667	0.990099	0.754118
39.677	53	2	0.651451	20	20	480	37.5	0	0.754118
39.677	54	1	2.385686	10	10	480	79.166667	0.990099	0.754118
39.677	54	2	0.651451	20	20	480	37.5	0	0.754118
39.677	55	1	2.385686	10	10	480	79.166667	0.990099	0.754118
39.677	55	2	0.651451	20	20	480	37.5	0	0.754118
39.677	56	1	2.385686	10	10	480	79.166667	0.990099	0.754118
39.677	56	2	0.651451	20	20	480	37.5	0	0.754118
39.677	57	1	2.385686	10	10	480	79.166667	0.990099	0.754118
39.677	57	2	0.651451	20	20	480	37.5	0	0.754118
39.677	58	1	2.385686	10	10	480	79.166667	0.990099	0.754118
39.677	58	2	0.651451	20	20	480	37.5	0	0.754118
39.677	59	1	2.385686	10	10	480	79.166667	0.990099	0.754118
39.677	59	2	0.651451	20	20	480	37.5	0	0.754118
39.677	60	1	2.385686	10	10	480	79.166667	0.990099	0.754118
39.677	60	2	0.651451	20	20	480	37.5	0	0.754118
39.677	61	1	2.385686	10	10	480	79.166667	0.990099	0.754118
39.677	61	2	0.651451	20	20	480	37.5	0	0.754118
39.677	62	1	2.385686	10	10	480	79.166667	0.990099	0.754118
39.677	62	2	0.651451	20	20	480	37.5	0	0.754118
39.677	63	1	2.385686	10	10	480	79.166667	0.990099	0.754118
39.677	63	2	0.651451	20	20	480	37.5	0	0.754118
39.677	64	1	2.385686	10	10	480	79.166667	0.990099	0.754118
39.677	64	2	0.651451	20	20	480	37.5	0	0.754118
39.677	65	1	2.385686	10	10	480	79.166667	0.990099	0.754118
39.677	65	2	0.651451	20	20	480	37.5	0	0.754118
40.18	0	1	2.266402	10	10	456	79.166667	1.041667	0.754118
40.18	0	2	0.618879	20	20	456	37.5	0	0.754118
40.18	1	1	2.266402	10	10	456	79.166667	1.041667	0.754118
40.18	1	2	0.618879	20	20	456	37.5	0	0.754118
40.18	2	1	2.266402	10	10	456	79.166667	1.041667	0.754118
40.18	2	2	0.618879	20	20	456	37.5	0	0.754118
40.18	3	1	2.266402	10	10	456	79.166667	1.041667	0.754118
40.18	3	2	0.618879	20	20	456	37.5	0	0.754118
40.18	4	1	2.266402	10	10	456	79.166667	1.041667	0.754118
40.18	4	2	0.618879	20	20	456	37.5	0	0.754118
40.18	5	1	2.266402	10	10	456	79.166667	1.041667	0.754118
40.18	5	2	0.618879	20	20	456	37.5	0	0.754118
40.18	6	1	2.266402	10	10	456	79.166667	1.041667	0.754118
40.18	6	2	0.618879	20	20	456	37.5	0	0.754118
40.18	7	1	2.266402	10	10	456	79.166667	1.041667	0.754118
40.18	7	2	0.618879	20	20	456	37.5	0	0.754118
40.18	8	1	2.266402	10	10	456	79.166667	1.041667	0.754118
40.18	8	2	0.618879	20	20	456	37.5	0	0.754118
40.18	9	1	2.266402	10	10	456	79.166667	1.041667	0.754118
40.18	9	2	0.618879	20	20	456	37.5	0	0.754118
40.18	10	1	2.266402	10	10	456	79.166667	1.041667	0.754118
40.18	10	2	0.618879	20	20	456	37.5	0	0.754118
40.18	11	1	2.266402	10	10	456	79.166667	1.041667	0.754118
40.18	11	2	0.618879	20	20	456	37.5	0	0.754118
40.18	12	1	2.266402	10	10	456	79.166667	1.041667	0.754118
40.18	12	2	0.618879	20	20	456	37.5	0	0.754118
40.18	13	1	2.266402	10	10	456	79.166667	1.041667	0.754118
40.18	13	2	0.618879	20	20	456	37.5	0	0.754118
40.18	14	1	2.266402	10	10	456	79.166667	1.041667	0.754118
40.18	14	2	0.618879	20	20	456	37.5	0	0.754118
40.18	15	1	2.266402	10	10	456	79.166667	1.041667	0.754118
40.18	15	2	0.618879	20	20	456	37.5	0	0.754118
40.18	16	1	2.266402	10	10	456	79.166667	1.041667	0.754118
40.18	16	2	0.618879	20	20	456	37.5	0	0.754118
40.18	17	1	2.266402	10	10	456	79.166667	1.041667	0.754118
40.18	17	2	0.618879	20	20	456	37.5	0	0.754118
40.18	18	1	2.266402	10	10	456	79.166667	1.041667	0.754118
40.18	18	2	0.618879	20	20	456	37.5	0	0.754118
40.18	19	1	2.266402	10	10	456	79.166667	1.041667	0.754118
40.18	19	2	0.618879	20	20	456	37.5	0	0.754118
40.18	20	1	2.266402	10	10	456	79.166667	1.041667	0.754118
40.18	20	2	0.618879	20	20	456	37.5	0	0.754118
40.18	21	1	2.266402	10	10	456	79.166667	1.041667	0.754118
40.18	21	2	0.618879	20	20	456	37.5	0	0.754118
40.18	22	1	2.266402	10	10	456	79.166667	1.041667	0.754118
40.18	22	2	0.618879	20	20	456	37.5	0	0.754118
40.18	23	1	2.266402	10	10	456	79.166667	1.041667	0.754118
40.18	23	2	0.618879	20	20	456	37.5	0	0.754118
40.18	24	1	2.266402	10	10	456	79.166667	1.041667	0.754118
40.18	24	2	0.618879	20	20	456	37.5	0	0.754118
40.18	25	1	2.266402	10	10	456	79.166667	1.041667	0.754118
40.18	25	2	0.618879	20	20	456	37.5	0	0.754118
40.18	26	1	2.266402	10	10	456	79.166667	1.041667	0.754118
40.18	26	2	0.618879	20	20	456	37.5	0	0.754118
40.18	27	1	2.266402	10	10	456	79.166667	1.041667	0.754118
40.18	27	2	0.618879	20	20	456	37.5	0	0.754118
40.18	28	1	2.266402	10	10	456	79.166667	1.041667	0.754118
40.18	28	2	0.618879	20	20	456	37.5	0	0.754118
40.18	29	1	2.266402	10	10	456	79.166667	1.041667	0.754118
40.18	29	2	0.618879	20	20	456	37.5	0	0.754118
40.18	30	1	2.266402	10	10	456	79.166667	1.041667	0.754118
40.18	30	2	0.618879	20	20	456	37.5	0	0.754118
40.18	31	1	2.266402	10	10	456	79.166667	1.041667	0.754118
40.18	31	2	0.618879	20	20	456	37.5	0	0.754118
40.18	32	1	2.266402	10	10	456	79.166667	1.041667	0.754118
40.18	32	2	0.618879	20	20	456	37.5	0	0.754118
40.18	33	1	2.266402	10	10	456	79.166667	1.041667	0.754118
40.18	33	2	0.618879	20	20	456	37.5	0	0.754118
40.18	34	1	2.266402	10	10	456	79.166667	1.041667	0.754118
40.18	34	2	0.618879	20	20	456	37.5	0	0.754118
40.18	35	1	2.266402	10	10	456	79.166667	1.041667	0.754118
40.18	35	2	0.618879	20	20	456	37.5	0	0.754118
40.18	36	1	2.266402	10	10	456	79.166667	1.041667	0.754118
40.18	36	2	0.618879	20	20	456	37.5	0	0.754118
40.18	37	1	2.266402	10	10	456	79.166667	1.041667	0.754118
40.18	37	2	0.618879	20	20	456	37.5	0	0.754118
40.18	38	1	2.266402	10	10	456	79.166667	1.041667	0.754118
40.18	38	2	0.618879	20	20	456	37.5	0	0.754118
40.18	39	1	2.266402	10	10	456	79.166667	1.041667	0.754118
40.18	39	2	0.618879	20	20	456	37.5	0	0.754118
40.18	40	1	2.266402	10	10	456	79.166667	1.041667	0.754118
40.18	40	2	0.618879	20	20	456	37.5	0	0.754118
40.18	41	1	2.266402	10	10	456	79.166667	1.041667	0.754118
40.18	41	2	0.618879	20	20	456	37.5	0	0.754118
40.18	42	1	2.266402	10	10	456	79.166667	1.041667	0.754118
40.18	42	2	0.618879	20	20	456	37.5	0	0.754118
40.18	43	1	2.266402	10	10	456	79.166667	1.041667	0.754118
40.18	43	2	0.618879	20	20	456	37.5	0	0.754118
40.18	44	1	2.266402	10	10	456	79.166667	1.041667	0.754118
40.18	44	2	0.618879	20	20	456	37.5	0	0.754118
40.18	45	1	2.266402	10	10	456	79.166667	1.041667	0.754118
40.18	45	2	0.618879	20	20	456	37.5	0	0.754118
40.18	46	1	2.266402	10	10	456	79.166667	1.041667	0.754118
40.18	46	2	0.618879	20	20	456	37.5	0	0.754118
40.18	47	1	2.266402	10	10	456	79.166667	1.041667	0.754118
40.18	47	2	0.618879	20	20	456	37.5	0	0.754118
40.18	48	1	2.266402	10	10	456	79.166667	1.041667	0.754118
40.18	48	2	0.618879	20	20	456	37.5	0	0.754118
40.18	49	1	2.266402	10	10	456	79.166667	1.041667	0.754118
40.18	49	2	0.618879	20	20	456	37.5	0	0.754118
40.18	50	1	2.266402	10	10	456	79.166667	1.041667	0.754118
40.18	50	2	0.618879	20	20	456	37.5	0	0.754118
40.18	51	1	2.266402	10	10	456	79.166667	1.041667	0.754118
40.18	51	2	0.618879	20	20	456	37.5	0	0.754118
40.18	52	1	2.266402	10	10	456	79.166667	1.041667	0.754118
40.18	52	2	0.618879	20	20	456	37.5	0	0.754118
40.18	53	1	2.266402	10	10	456	79.166667	1.041667	0.754118
40.18	53	2	0.618879	20	20	456	37.5	0	0.754118
40.18	54	1	2.266402	10	10	456	79.166667	1.041667	0.754118
40.18	54	2	0.618879	20	20	456	37.5	0	0.754118
40.18	55	1	2.266402	10	10	456	79.166667	1.041667	0.754118
40.18	55	2	0.618879	20	20	456	37.5	0	0.754118
40.18	56	1	2.266402	10	10	456	79.166667	1.041667	0.754118
40.18	56	2	0.618879	20	20	456	37.5	0	0.754118
40.18	57	1	2.266402	10	10	456	79.166667	1.041667	0.754118
40.18	57	2	0.618879	20	20	456	37.5	0	0.754118
40.18	58	1	2.266402	10	10	456	79.166667	1.041667	0.754118
40.18	58	2	0.618879	20	20	456	37.5	0	0.754118
40.18	59	1	2.266402	10	10	456	79.166667	1.041667	0.754118
40.18	59	2	0.618879	20	20	456	37.5	0	0.754118
40.18	60	1	2.266402	10	10	456	79.166667	1.041667	0.754118
40.18	60	2	0.618879	20	20	456	37.5	0	0.754118
40.18	61	1	2.266402	10	10	456	79.166667	1.041667	0.754118
40.18	61	2	0.618879	20	20	456	37.5	0	0.754118
40.18	62	1	2.266402	10	10	456	79.166667	1.041667	0.754118
40.18	62	2	0.618879	20	20	456	37.5	0	0.754118
40.18	63	1	2.266402	10	10	456	79.166667	1.041667	0.754118
40.18	63	2	0.618879	20	20	456	37.5	0	0.754118
40.18	64	1	2.266402	10	10	456	79.166667	1.041667	0.754118
40.18	64	2	0.618879	20	20	456	37.5	0	0.754118
40.18	65	1	2.266402	10	10	456	79.166667	1.041667	0.754118
40.18	65	2	0.618879	20	20	456	37.5	0	0.754118
40.683	0	1	2.266402	10	10	456	79.166667	1.041667	0.754118
40.683	0	2	0.618879	20	20	456	37.5	0	0.754118
40.683	1	1	2.266402	10	10	456	79.166667	1.041667	0.754118
40.683	1	2	0.618879	20	20	456	37.5	0	0.754118
40.683	2	1	2.266402	10	10	456	79.166667	1.041667	0.754118
40.683	2	2	0.618879	20	20	456	37.5	0	0.754118
40.683	3	1	2.266402	10	10	456	79.166667	1.041667	0.754118
40.683	3	2	0.618879	20	20	456	37.5	0	0.754118
40.683	4	1	2.266402	10	10	456	79.166667	1.041667	0.754118
40.683	4	2	0.618879	20	20	456	37.5	0	0.754118
40.683	5	1	2.266402	10	10	456	79.166667	1.041667	0.754118
40.683	5	2	0.618879	20	20	456	37.5	0	0.754118
40.683	6	1	2.266402	10	10	456	79.166667	1.041667	0.754118
40.683	6	2	0.618879	20	20	456	37.5	0	0.754118
40.683	7	1	2.266402	10	10	456	79.166667	1.041667	0.754118
40.683	7	2	0.618879	20	20	456	37.5	0	0.754118
40.683	8	1	2.266402	10	10	456	79.166667	1.041667	0.754118
40.683	8	2	0.618879	20	20	456	37.5	0	0.754118
40.683	9	1	2.266402	10	10	456	79.166667	1.041667	0.754118
40.683	9	2	0.618879	20	20	456	37.5	0	0.754118
40.683	10	1	2.266402	10	10	456	79.166667	1.041667	0.754118
40.683	10	2	0.618879	20	20	456	37.5	0	0.754118
40.683	11	1	2.266402	10	10	456	79.166667	1.041667	0.754118
40.683	11	2	0.618879	20	20	456	37.5	0	0.754118
40.683	12	1	2.266402	10	10	456	79.166667	1.041667	0.754118
40.683	12	2	0.618879	20	20	456	37.5	0	0.754118
40.683	13	1	2.266402	10	10	456	79.166667	1.041667	0.754118
40.683	13	2	0.618879	20	20	456	37.5	0	0.754118
40.683	14	1	2.266402	10	10	456	79.166667	1.041667	0.754118
40.683	14	2	0.618879	20	20	456	37.5	0	0.754118
40.683	15	1	2.266402	10	10	456	79.166667	1.041667	0.754118
40.683	15	2	0.618879	20	20	456	37.5	0	0.754118
40.683	16	1	2.266402	10	10	456	79.166667	1.041667	0.754118
40.683	16	2	0.618879	20	20	456	37.5	0	0.754118
40.683	17	1	2.266402	10	10	456	79.166667	1.041667	0.754118
40.683	17	2	0.618879	20	20	456	37.5	0	0.754118
40.683	18	1	2.266402	10	10	456	79.166667	1.041667	0.754118
40.683	18	2	0.618879	20	20	456	37.5	0	0.754118
40.683	19	1	2.266402	10	10	456	79.166667	1.041667	0.754118
40.683	19	2	0.618879	20	20	456	37.5	0	0.754118
40.683	20	1	2.266402	10	10	456	79.166667	1.041667	0.754118
40.683	20	2	0.618879	20	20	456	37.5	0	0.754118
40.683	21	1	2.266402	10	10	456	79.166667	1.041667	0.754118
40.683	21	2	0.618879	20	20	456	37.5	0	0.754118
40.683	22	1	2.266402	10	10	456	79.166667	1.041667	0.754118
40.683	22	2	0.618879	20	20	456	37.5	0	0.754118
40.683	23	1	2.266402	10	10	456	79.166667	1.041667	0.754118
40.683	23	2	0.618879	20	20	456	37.5	0	0.754118
40.683	24	1	2.266402	10	10	456	79.166667	1.041667	0.754118
40.683	24	2	0.618879	20	20	456	37.5	0	0.754118
40.683	25	1	2.266402	10	10	456	79.166667	1.041667	0.754118
40.683	25	2	0.618879	20	20	456	37.5	0	0.754118
40.683	26	1	2.266402	10	10	456	79.166667	1.041667	0.754118
40.683	26	2	0.618879	20	20	456	37.5	0	0.754118
40.683	27	1	2.266402	10	10	456	79.166667	1.041667	0.754118
40.683	27	2	0.618879	20	20	456	37.5	0	0.754118
40.683	28	1	2.266402	10	10	456	79.166667	1.041667	0.754118
40.683	28	2	0.618879	20	20	456	37.5	0	0.754118
40.683	29	1	2.266402	10	10	456	79.166667	1.041667	0.754118
40.683	29	2	0.618879	20	20	456	37.5	0	0.754118
40.683	30	1	2.266402	10	10	456	79.166667	1.041667	0.754118
40.683	30	2	0.618879	20	20	456	37.5	0	0.754118
40.683	31	1	2.266402	10	10	456	79.166667	1.041667	0.754118
40.683	31	2	0.618879	20	20	456	37.5	0	0.754118
40.683	32	1	2.266402	10	10	456	79.166667	1.041667	0.754118
40.683	32	2	0.618879	20	20	456	37.5	0	0.754118
40.683	33	1	2.266402	10	10	456	79.166667	1.041667	0.754118
40.683	33	2	0.618879	20	20	456	37.5	0	0.754118
40.683	34	1	2.266402	10	10	456	79.166667	1.041667	0.754118
40.683	34	2	0.618879	20	20	456	37.5	0	0.754118
40.683	35	1	2.266402	10	10	456	79.166667	1.041667	0.754118
40.683	35	2	0.618879	20	20	456	37.5	0	0.754118
40.683	36	1	2.266402	10	10	456	79.166667	1.041667	0.754118
40.683	36	2	0.618879	20	20	456	37.5	0	0.754118
40.683	37	1	2.266402	10	10	456	79.166667	1.041667	0.754118
40.683	37	2	0.618879	20	20	456	37.5	0	0.754118
40.683	38	1	2.266402	10	10	456	79.166667	1.041667	0.754118
40.683	38	2	0.618879	20	20	456	37.5	0	0.754118
40.683	39	1	2.266402	10	10	456	79.166667	1.041667	0.754118
40.683	39	2	0.618879	20	20	456	37.5	0	0.754118
40.683	40	1	2.266402	10	10	456	79.166667	1.041667	0.754118
40.683	40	2	0.618879	20	20	456	37.5	0	0.754118
40.683	41	1	2.266402	10	10	456	79.166667	1.041667	0.754118
40.683	41	2	0.618879	20	20	456	37.5	0	0.754118
40.683	42	1	2.266402	10	10	456	79.166667	1.041667	0.754118
40.683	42	2	0.618879	20	20	456	37.5	0	0.754118
40.683	43	1	2.266402	10	10	456	79.166667	1.041667	0.754118
40.683	43	2	0.618879	20	20	456	37.5	0	0.754118
40.683	44	1	2.266402	10	10	456	79.166667	1.041667	0.754118
40.683	44	2	0.618879	20	20	456	37.5	0	0.754118
40.683	45	1	2.266402	10	10	456	79.166667	1.041667	0.754118
40.683	45	2	0.618879	20	20	456	37.5	0	0.754118
40.683	46	1	2.266402	10	10	456	79.166667	1.041667	0.754118
40.683	46	2	0.618879	20	20	456	37.5	0	0.754118
40.683	47	1	2.266402	10	10	456	79.166667	1.041667	0.754118
40.683	47	2	0.618879	20	20	456	37.5	0	0.754118
40.683	48	1	2.266402	10	10	456	79.166667	1.041667	0.754118
40.683	48	2	0.618879	20	20	456	37.5	0	0.754118
40.683	49	1	2.266402	10	10	456	79.166667	1.041667	0.754118
40.683	49	2	0.618879	20	20	456	37.5	0	0.754118
40.683	50	1	2.266402	10	10	456	79.166667	1.041667	0.754118
40.683	50	2	0.618879	20	20	456	37.5	0	0.754118
40.683	51	1	2.266402	10	10	456	79.166667	1.041667	0.754118
40.683	51	2	0.618879	20	20	456	37.5	0	0.754118
40.683	52	1	2.266402	10	10	456	79.166667	1.041667	0.754118
40.683	52	2	0.618879	20	20	456	37.5	0	0.754118
40.683	53	1	2.266402	10	10	456	79.166667	1.041667	0.754118
40.683	53	2	0.618879	20	20	456	37.5	0	0.754118
40.683	54	1	2.266402	10	10	456	79.166667	1.041667	0.754118
40.683	54	2	0.618879	20	20	456	37.5	0	0.754118
40.683	55	1	2.266402	10	10	456	79.166667	1.041667	0.754118
40.683	55	2	0.618879	20	20	456	37.5	0	0.754118
40.683	56	1	2.266402	10	10	456	79.166667	1.041667	0.754118
40.683	56	2	0.618879	20	20	456	37.5	0	0.754118
40.683	57	1	2.266402	10	10	456	79.166667	1.041667	0.754118
40.683	57	2	0.618879	20	20	456	37.5	0	0.754118
40.683	58	1	2.266402	10	10	456	79.166667	1.041667	0.754118
40.683	58	2	0.618879	20	20	456	37.5	0	0.754118
40.683	59	1	2.266402	10	10	456	79.166667	1.041667	0.754118
40.683	59	2	0.618879	20	20	456	37.5	0	0.754118
40.683	60	1	2.266402	10	10	456	79.166667	1.041667	0.754118
40.683	60	2	0.618879	20	20	456	37.5	0	0.754118
40.683	61	1	2.266402	10	10	456	79.166667	1.041667	0.754118
40.683	61	2	0.618879	20	20	456	37.5	0	0.754118
40.683	62	1	2.266402	10	10	456	79.166667	1.041667	0.754118
40.683	62	2	0.618879	20	20	456	37.5	0	0.754118
40.683	63	1	2.266402	10	10	456	79.166667	1.041667	0.754118
40.683	63	2	0.618879	20	20	456	37.5	0	0.754118
40.683	64	1	2.266402	10	10	456	79.166667	1.041667	0.754118
40.683	64	2	0.618879	20	20	456	37.5	0	0.754118
40.683	65	1	2.266402	10	10	456	79.166667	1.041667	0.754118
40.683	65	2	0.618879	20	20	456	37.5	0	0.754118
41.186	0	1	2.385686	10	10	480	79.166667	0.990099	0.754118
41.186	0	2	0.651451	20	20	480	37.5	0	0.754118
41.186	1	1	2.385686	10	10	480	79.166667	0.990099	0.754118
41.186	1	2	0.651451	20	20	480	37.5	0	0.754118
41.186	2	1	2.385686	10	10	480	79.166667	0.990099	0.754118
41.186	2	2	0.651451	20	20	480	37.5	0	0.754118
41.186	3	1	2.385686	10	10	480	79.166667	0.990099	0.754118
41.186	3	2	0.651451	20	20	480	37.5	0	0.754118
41.186	4	1	2.385686	10	10	480	79.166667	0.990099	0.754118
41.186	4	2	0.651451	20	20	480	37.5	0	0.754118
41.186	5	1	2.385686	10	10	480	79.166667	0.990099	0.754118
41.186	5	2	0.651451	20	20	480	37.5	0	0.754118
41.186	6	1	2.385686	10	10	480	79.166667	0.990099	0.754118
41.186	6	2	0.651451	20	20	480	37.5	0	0.754118
41.186	7	1	2.385686	10	10	480	79.166667	0.990099	0.754118
41.186	7	2	0.651451	20	20	480	37.5	0	0.754118
41.186	8	1	2.385686	10	10	480	79.166667	0.990099	0.754118
41.186	8	2	0.651451	20	20	480	37.5	0	0.754118
41.186	9	1	2.385686	10	10	480	79.166667	0.990099	0.754118
41.186	9	2	0.651451	20	20	480	37.5	0	0.754118
41.186	10	1	2.385686	10	10	480	79.166667	0.990099	0.754118
41.186	10	2	0.651451	20	20	480	37.5	0	0.754118
41.186	11	1	2.385686	10	10	480	79.166667	0.990099	0.754118
41.186	11	2	0.651451	20	20	480	37.5	0	0.754118
41.186	12	1	2.385686	10	10	480	79.166667	0.990099	0.754118
41.186	12	2	0.651451	20	20	480	37.5	0	0.754118
41.186	13	1	2.385686	10	10	480	79.166667	0.990099	0.754118
41.186	13	2	0.651451	20	20	480	37.5	0	0.754118
41.186	14	1	2.385686	10	10	480	79.166667	0.990099	0.754118
41.186	14	2	0.651451	20	20	480	37.5	0	0.754118
41.186	15	1	2.385686	10	10	480	79.166667	0.990099	0.754118
41.186	15	2	0.651451	20	20	480	37.5	0	0.754118
41.186	16	1	2.385686	10	10	480	79.166667	0.990099	0.754118
41.186	16	2	0.651451	20	20	480	37.5	0	0.754118
41.186	17	1	2.385686	10	10	480	79.166667	0.990099	0.754118
41.186	17	2	0.651451	20	20	480	37.5	0	0.754118
41.186	18	1	2.385686	10	10	480	79.166667	0.990099	0.754118
41.186	18	2	0.651451	20	20	480	37.5	0	0.754118
41.186	19	1	2.385686	10	10	480	79.166667	0.990099	0.754118
41.186	19	2	0.651451	20	20	480	37.5	0	0.754118
41.186	20	1	2.385686	10	10	480	79.166667	0.990099	0.754118
41.186	20	2	0.651451	20	20	480	37.5	0	0.754118
41.186	21	1	2.385686	10	10	480	79.166667	0.990099	0.754118
41.186	21	2	0.651451	20	20	480	37.5	0	0.754118
41.186	22	1	2.385686	10	10	480	79.166667	0.990099	0.754118
41.186	22	2	0.651451	20	20	480	37.5	0	0.754118
41.186	23	1	2.385686	10	10	480	79.166667	0.990099	0.754118
41.186	23	2	0.651451	20	20	480	37.5	0	0.754118
41.186	24	1	2.385686	10	10	480	79.166667	0.990099	0.754118
41.186	24	2	0.651451	20	20	480	37.5	0	0.754118
41.186	25	1	2.385686	10	10	480	79.166667	0.990099	0.754118
41.186	25	2	0.651451	20	20	480	37.5	0	0.754118
41.186	26	1	2.385686	10	10	480	79.166667	0.990099	0.754118
41.186	26	2	0.651451	20	20	480	37.5	0	0.754118
41.186	27	1	2.385686	10	10	480	79.166667	0.990099	0.754118
41.186	27	2	0.651451	20	20	480	37.5	0	0.754118
41.186	28	1	2.385686	10	10	480	79.166667	0.990099	0.754118
41.186	28	2	0.651451	20	20	480	37.5	0	0.754118
41.186	29	1	2.385686	10	10	480	79.166667	0.990099	0.754118
41.186	29	2	0.651451	20	20	480	37.5	0	0.754118
41.186	30	1	2.385686	10	10	480	79.166667	0.990099	0.754118
41.186	30	2	0.651451	20	20	480	37.5	0	0.754118
41.186	31	1	2.385686	10	10	480	79.166667	0.990099	0.754118
41.186	31	2	0.651451	20	20	480	37.5	0	0.754118
41.186	32	1	2.385686	10	10	480	79.166667	0.990099	0.754118
41.186	32	2	0.651451	20	20	480	37.5	0	0.754118
41.186	33	1	2.385686	10	10	480	79.166667	0.990099	0.754118
41.186	33	2	0.651451	20	20	480	37.5	0	0.754118
41.186	34	1	2.385686	10	10	480	79.166667	0.990099	0.754118
41.186	34	2	0.651451	20	20	480	37.5	0	0.754118
41.186	35	1	2.385686	10	10	480	79.166667	0.990099	0.754118
41.186	35	2	0.651451	20	20	480	37.5	0	0.754118
41.186	36	1	2.385686	10	10	480	79.166667	0.990099	0.754118
41.186	36	2	0.651451	20	20	480	37.5	0	0.754118
41.186	37	1	2.385686	10	10	480	79.166667	0.990099	0.754118
41.186	37	2	0.651451	20	20	480	37.5	0	0.754118
41.186	38	1	2.385686	10	10	480	79.166667	0.990099	0.754118
41.186	38	2	0.651451	20	20	480	37.5	0	0.754118
41.186	39	1	2.385686	10	10	480	79.166667	0.990099	0.754118
41.186	39	2	0.651451	20	20	480	37.5	0	0.754118
41.186	40	1	2.385686	10	10	480	79.166667	0.990099	0.754118
41.186	40	2	0.651451	20	20	480	37.5	0	0.754118
41.186	41	1	2.385686	10	10	480	79.166667	0.990099	0.754118
41.186	41	2	0.651451	20	20	480	37.5	0	0.754118
41.186	42	1	2.385686	10	10	480	79.166667	0.990099	0.754118
41.186	42	2	0.651451	20	20	480	37.5	0	0.754118
41.186	43	1	2.385686	10	10	480	79.166667	0.990099	0.754118
41.186	43	2	0.651451	20	20	480	37.5	0	0.754118
41.186	44	1	2.385686	10	10	480	79.166667	0.990099	0.754118
41.186	44	2	0.651451	20	20	480	37.5	0	0.754118
41.186	45	1	2.385686	10	10	480	79.166667	0.990099	0.754118
41.186	45	2	0.651451	20	20	480	37.5	0	0.754118
41.186	46	1	2.385686	10	10	480	79.166667	0.990099	0.754118
41.186	46	2	0.651451	20	20	480	37.5	0	0.754118
41.186	47	1	2.385686	10	10	480	79.166667	0.990099	0.754118
41.186	47	2	0.651451	20	20	480	37.5	0	0.754118
41.186	48	1	2.385686	10	10	480	79.166667	0.990099	0.754118
41.186	48	2	0.651451	20	20	480	37.5	0	0.754118
41.186	49	1	2.385686	10	10	480	79.166667	0.990099	0.754118
41.186	49	2	0.651451	20	20	480	37.5	0	0.754118
41.186	50	1	2.385686	10	10	480	79.166667	0.990099	0.754118
41.186	50	2	0.651451	20	20	480	37.5	0	0.754118
41.186	51	1	2.385686	10	10	480	79.166667	0.990099	0.754118
41.186	51	2	0.651451	20	20	480	37.5	0	0.754118
41.186	52	1	2.385686	10	10	480	79.166667	0.990099	0.754118
41.186	52	2	0.651451	20	20	480	37.5	0	0.754118
41.186	53	1	2.385686	10	10	480	79.166667	0.990099	0.754118
41.186	53	2	0.651451	20	20	480	37.5	0	0.754118
41.186	54	1	2.385686	10	10	480	79.166667	0.990099	0.754118
41.186	54	2	0.651451	20	20	480	37.5	0	0.754118
41.186	55	1	2.385686	10	10	480	79.166667	0.990099	0.754118
41.186	55	2	0.651451	20	20	480	37.5	0	0.754118
41.186	56	1	2.385686	10	10	480	79.166667	0.990099	0.754118
41.186	56	2	0.651451	20	20	480	37.5	0	0.754118
41.186	57	1	2.385686	10	10	480	79.166667	0.990099	0.754118
41.186	57	2	0.651451	20	20	480	37.5	0	0.754118
41.186	58	1	2.385686	10	10	480	79.166667	0.990099	0.754118
41.186	58	2	0.651451	20	20	480	37.5	0	0.754118
41.186	59	1	2.385686	10	10	480	79.166667	0.990099	0.754118
41.186	59	2	0.651451	20	20	480	37.5	0	0.754118
41.186	60	1	2.385686	10	10	480	79.166667	0.990099	0.754118
41.186	60	2	0.651451	20	20	480	37.5	0	0.754118
41.186	61	1	2.385686	10	10	480	79.166667	0.990099	0.754118
41.186	61	2	0.651451	20	20	480	37.5	0	0.754118
41.186	62	1	2.385686	10	10	480	79.166667	0.990099	0.754118
41.186	62	2	0.651451	20	20	480	37.5	0	0.754118
41.186	63	1	2.385686	10	10	480	79.166667	0.990099	0.754118
41.186	63	2	0.651451	20	20	480	37.5	0	0.754118
41.186	64	1	2.385686	10	10	480	79.166667	0.990099	0.754118
41.186	64	2	0.651451	20	20	480	37.5	0	0.754118
41.186	65	1	2.385686	10	10	480	79.166667	0.990099	0.754118
41.186	65	2	0.651451	20	20	480	37.5	0	0.754118
41.689	0	1	2.266402	10	10	456	79.166667	1.041667	0.754118
41.689	0	2	0.618879	20	20	456	37.5	0	0.754118
41.689	1	1	2.266402	10	10	456	79.166667	1.041667	0.754118
41.689	1	2	0.618879	20	20	456	37.5	0	0.754118
41.689	2	1	2.266402	10	10	456	79.166667	1.041667	0.754118
41.689	2	2	0.618879	20	20	456	37.5	0	0.754118
41.689	3	1	2.266402	10	10	456	79.166667	1.041667	0.754118
41.689	3	2	0.618879	20	20	456	37.5	0	0.754118
41.689	4	1	2.266402	10	10	456	79.166667	1.041667	0.754118
41.689	4	2	0.618879	20	20	456	37.5	0	0.754118
41.689	5	1	2.266402	10	10	456	79.166667	1.041667	0.754118
41.689	5	2	0.618879	20	20	456	37.5	0	0.754118
41.689	6	1	2.266402	10	10	456	79.166667	1.041667	0.754118
41.689	6	2	0.618879	20	20	456	37.5	0	0.754118
41.689	7	1	2.266402	10	10	456	79.166667	1.041667	0.754118
41.689	7	2	0.618879	20	20	456	37.5	0	0.754118
41.689	8	1	2.266402	10	10	456	79.166667	1.041667	0.754118
41.689	8	2	0.618879	20	20	456	37.5	0	0.754118
41.689	9	1	2.266402	10	10	456	79.166667	1.041667	0.754118
41.689	9	2	0.618879	20	20	456	37.5	0	0.754118
41.689	10	1	2.266402	10	10	456	79.166667	1.041667	0.754118
41.689	10	2	0.618879	20	20	456	37.5	0	0.754118
41.689	11	1	2.266402	10	10	456	79.166667	1.041667	0.754118
41.689	11	2	0.618879	20	20	456	37.5	0	0.754118
41.689	12	1	2.266402	10	10	456	79.166667	1.041667	0.754118
41.689	12	2	0.618879	20	20	456	37.5	0	0.754118
41.689	13	1	2.266402	10	10	456	79.166667	1.041667	0.754118
41.689	13	2	0.618879	20	20	456	37.5	0	0.754118
41.689	14	1	2.266402	10	10	456	79.166667	1.041667	0.754118
41.689	14	2	0.618879	20	20	456	37.5	0	0.754118
41.689	15	1	2.266402	10	10	456	79.166667	1.041667	0.754118
41.689	15	2	0.618879	20	20	456	37.5	0	0.754118
41.689	16	1	2.266402	10	10	456	79.166667	1.041667	0.754118
41.689	16	2	0.618879	20	20	456	37.5	0	0.754118
41.689	17	1	2.266402	10	10	456	79.166667	1.041667	0.754118
41.689	17	2	0.618879	20	20	456	37.5	0	0.754118
41.689	18	1	2.266402	10	10	456	79.166667	1.041667	0.754118
41.689	18	2	0.618879	20	20	456	37.5	0	0.754118
41.689	19	1	2.266402	10	10	456	79.166667	1.041667	0.754118
41.689	19	2	0.618879	20	20	456	37.5	0	0.754118
41.689	20	1	2.266402	10	10	456	79.166667	1.041667	0.754118
41.689	20	2	0.618879	20	20	456	37.5	0	0.754118
41.689	21	1	2.266402	10	10	456	79.166667	1.041667	0.754118
41.689	21	2	0.618879	20	20	456	37.5	0	0.754118
41.689	22	1	2.266402	10	10	456	79.166667	1.041667	0.754118
41.689	22	2	0.618879	20	20	456	37.5	0	0.754118
41.689	23	1	2.266402	10	10	456	79.166667	1.041667	0.754118
41.689	23	2	0.618879	20	20	456	37.5	0	0.754118
41.689	24	1	2.266402	10	10	456	79.166667	1.041667	0.754118
41.689	24	2	0.618879	20	20	456	37.5	0	0.754118
41.689	25	1	2.266402	10	10	456	79.166667	1.041667	0.754118
41.689	25	2	0.618879	20	20	456	37.5	0	0.754118
41.689	26	1	2.266402	10	10	456	79.166667	1.041667	0.754118
41.689	26	2	0.618879	20	20	456	37.5	0	0.754118
41.689	27	1	2.266402	10	10	456	79.166667	1.041667	0.754118
41.689	27	2	0.618879	20	20	456	37.5	0	0.754118
41.689	28	1	2.266402	10	10	456	79.166667	1.041667	0.754118
41.689	28	2	0.618879	20	20	456	37.5	0	0.754118
41.689	29	1	2.266402	10	10	456	79.166667	1.041667	0.754118
41.689	29	2	0.618879	20	20	456	37.5	0	0.754118
41.689	30	1	2.266402	10	10	456	79.166667	1.041667	0.754118
41.689	30	2	0.618879	20	20	456	37.5	0	0.754118
41.689	31	1	2.266402	10	10	456	79.166667	1.041667	0.754118
41.689	31	2	0.618879	20	20	456	37.5	0	0.754118
41.689	32	1	2.266402	10	10	456	79.166667	1.041667	0.754118
41.689	32	2	0.618879	20	20	456	37.5	0	0.754118
41.689	33	1	2.266402	10	10	456	79.166667	1.041667	0.754118
41.689	33	2	0.618879	20	20	456	37.5	0	0.754118
41.689	34	1	2.266402	10	10	456	79.166667	1.041667	0.754118
41.689	34	2	0.618879	20	20	456	37.5	0	0.754118
41.689	35	1	2.266402	10	10	456	79.166667	1.041667	0.754118
41.689	35	2	0.618879	20	20	456	37.5	0	0.754118
41.689	36	1	2.266402	10	10	456	79.166667	1.041667	0.754118
41.689	36	2	0.618879	20	20	456	37.5	0	0.754118
41.689	37	1	2.266402	10	10	456	79.166667	1.041667	0.754118
41.689	37	2	0.618879	20	20	456	37.5	0	0.754118
41.689	38	1	2.266402	10	10	456	79.166667	1.041667	0.754118
41.689	38	2	0.618879	20	20	456	37.5	0	0.754118
41.689	39	1	2.266402	10	10	456	79.166667	1.041667	0.754118
41.689	39	2	0.618879	20	20	456	37.5	0	0.754118
41.689	40	1	2.266402	10	10	456	79.166667	1.041667	0.754118
41.689	40	2	0.618879	20	20	456	37.5	0	0.754118
41.689	41	1	2.266402	10	10	456	79.166667	1.041667	0.754118
41.689	41	2	0.618879	20	20	456	37.5	0	0.754118
41.689	42	1	2.266402	10	10	456	79.166667	1.041667	0.754118
41.689	42	2	0.618879	20	20	456	37.5	0	0.754118
41.689	43	1	2.266402	10	10	456	79.166667	1.041667	0.754118
41.689	43	2	0.618879	20	20	456	37.5	0	0.754118
41.689	44	1	2.266402	10	10	456	79.166667	1.041667	0.754118
41.689	44	2	0.618879	20	20	456	37.5	0	0.754118
41.689	45	1	2.266402	10	10	456	79.166667	1.041667	0.754118
41.689	45	2	0.618879	20	20	456	37.5	0	0.754118
41.689	46	1	2.266402	10	10	456	79.166667	1.041667	0.754118
41.689	46	2	0.618879	20	20	456	37.5	0	0.754118
41.689	47	1	2.266402	10	10	456	79.166667	1.041667	0.754118
41.689	47	2	0.618879	20	20	456	37.5	0	0.754118
41.689	48	1	2.266402	10	10	456	79.166667	1.041667	0.754118
41.689	48	2	0.618879	20	20	456	37.5	0	0.754118
41.689	49	1	2.266402	10	10	456	79.166667	1.041667	0.754118
41.689	49	2	0.618879	20	20	456	37.5	0	0.754118
41.689	50	1	2.266402	10	10	456	79.166667	1.041667	0.754118
41.689	50	2	0.618879	20	20	456	37.5	0	0.754118
41.689	51	1	2.266402	10	10	456	79.166667	1.041667	0.754118
41.689	51	2	0.618879	20	20	456	37.5	0	0.754118
41.689	52	1	2.266402	10	10	456	79.166667	1.041667	0.754118
41.689	52	2	0.618879	20	20	456	37.5	0	0.754118
41.689	53	1	2.266402	10	10	456	79.166667	1.041667	0.754118
41.689	53	2	0.618879	20	20	456	37.5	0	0.754118
41.689	54	1	2.266402	10	10	456	79.166667	1.041667	0.754118
41.689	54	2	0.618879	20	20	456	37.5	0	0.754118
41.689	55	1	2.266402	10	10	456	79.166667	1.041667	0.754118
41.689	55	2	0.618879	20	20	456	37.5	0	0.754118
41.689	56	1	2.266402	10	10	456	79.166667	1.041667	0.754118
41.689	56	2	0.618879	20	20	456	37.5	0	0.754118
41.689	57	1	2.266402	10	10	456	79.166667	1.041667	0.754118
41.689	57	2	0.618879	20	20	456	37.5	0	0.754118
41.689	58	1	2.266402	10	10	456	79.166667	1.041667	0.754118
41.689	58	2	0.618879	20	20	456	37.5	0	0.754118
41.689	59	1	2.266402	10	10	456	79.166667	1.041667	0.754118
41.689	59	2	0.618879	20	20	456	37.5	0	0.754118
41.689	60	1	2.266402	10	10	456	79.166667	1.041667	0.754118
41.689	60	2	0.618879	20	20	456	37.5	0	0.754118
41.689	61	1	2.266402	10	10	456	79.166667	1.041667	0.754118
41.689	61	2	0.618879	20	20	456	37.5	0	0.754118
41.689	62	1	2.266402	10	10	456	79.166667	1.041667	0.754118
41.689	62	2	0.618879	20	20	456	37.5	0	0.754118
41.689	63	1	2.266402	10	10	456	79.166667	1.041667	0.754118
41.689	63	2	0.618879	20	20	456	37.5	0	0.754118
41.689	64	1	2.266402	10	10	456	79.166667	1.041667	0.754118
41.689	64	2	0.618879	20	20	456	37.5	0	0.754118
41.689	65	1	2.266402	10	10	456	79.166667	1.041667	0.754118
41.689	65	2	0.618879	20	20	456	37.5	0	0.754118
42.192	0	1	2.266402	10	10	456	79.166667	1.041667	0.754118
42.192	0	2	0.618879	20	20	456	37.5	0	0.754118
42.192	1	1	2.266402	10	10	456	79.166667	1.041667	0.754118
42.192	1	2	0.618879	20	20	456	37.5	0	0.754118
42.192	2	1	2.266402	10	10	456	79.166667	1.041667	0.754118
42.192	2	2	0.618879	20	20	456	37.5	0	0.754118
42.192	3	1	2.266402	10	10	456	79.166667	1.041667	0.754118
42.192	3	2	0.618879	20	20	456	37.5	0	0.754118
42.192	4	1	2.266402	10	10	456	79.166667	1.041667	0.754118
42.192	4	2	0.618879	20	20	456	37.5	0	0.754118
42.192	5	1	2.266402	10	10	456	79.166667	1.041667	0.754118
42.192	5	2	0.618879	20	20	456	37.5	0	0.754118
42.192	6	1	2.266402	10	10	456	79.166667	1.041667	0.754118
42.192	6	2	0.618879	20	20	456	37.5	0	0.754118
42.192	7	1	2.266402	10	10	456	79.166667	1.041667	0.754118
42.192	7	2	0.618879	20	20	456	37.5	0	0.754118
42.192	8	1	2.266402	10	10	456	79.166667	1.041667	0.754118
42.192	8	2	0.618879	20	20	456	37.5	0	0.754118
42.192	9	1	2.266402	10	10	456	79.166667	1.041667	0.754118
42.192	9	2	0.618879	20	20	456	37.5	0	0.754118
42.192	10	1	2.266402	10	10	456	79.166667	1.041667	0.754118
42.192	10	2	0.618879	20	20	456	37.5	0	0.754118
42.192	11	1	2.266402	10	10	456	79.166667	1.041667	0.754118
42.192	11	2	0.618879	20	20	456	37.5	0	0.754118
42.192	12	1	2.266402	10	10	456	79.166667	1.041667	0.754118
42.192	12	2	0.618879	20	20	456	37.5	0	0.754118
42.192	13	1	2.266402	10	10	456	79.166667	1.041667	0.754118
42.192	13	2	0.618879	20	20	456	37.5	0	0.754118
42.192	14	1	2.266402	10	10	456	79.166667	1.041667	0.754118
42.192	14	2	0.618879	20	20	456	37.5	0	0.754118
42.192	15	1	2.266402	10	10	456	79.166667	1.041667	0.754118
42.192	15	2	0.618879	20	20	456	37.5	0	0.754118
42.192	16	1	2.266402	10	10	456	79.166667	1.041667	0.754118
42.192	16	2	0.618879	20	20	456	37.5	0	0.754118
42.192	17	1	2.266402	10	10	456	79.166667	1.041667	0.754118
42.192	17	2	0.618879	20	20	456	37.5	0	0.754118
42.192	18	1	2.266402	10	10	456	79.166667	1.041667	0.754118
42.192	18	2	0.618879	20	20	456	37.5	0	0.754118
42.192	19	1	2.266402	10	10	456	79.166667	1.041667	0.754118
42.192	19	2	0.618879	20	20	456	37.5	0	0.754118
42.192	20	1	2.266402	10	10	456	79.166667	1.041667	0.754118
42.192	20	2	0.618879	20	20	456	37.5	0	0.754118
42.192	21	1	2.266402	10	10	456	79.166667	1.041667	0.754118
42.192	21	2	0.618879	20	20	456	37.5	0	0.754118
42.192	22	1	2.266402	10	10	456	79.166667	1.041667	0.754118
42.192	22	2	0.618879	20	20	456	37.5	0	0.754118
42.192	23	1	2.266402	10	10	456	79.166667	1.041667	0.754118
42.192	23	2	0.618879	20	20	456	37.5	0	0.754118
42.192	24	1	2.266402	10	10	456	79.166667	1.041667	0.754118
42.192	24	2	0.618879	20	20	456	37.5	0	0.754118
42.192	25	1	2.266402	10	10	456	79.166667	1.041667	0.754118
42.192	25	2	0.618879	20	20	456	37.5	0	0.754118
42.192	26	1	2.266402	10	10	456	79.166667	1.041667	0.754118
42.192	26	2	0.618879	20	20	456	37.5	0	0.754118
42.192	27	1	2.266402	10	10	456	79.166667	1.041667	0.754118
42.192	27	2	0.618879	20	20	456	37.5	0	0.754118
42.192	28	1	2.266402	10	10	456	79.166667	1.041667	0.754118
42.192	28	2	0.618879	20	20	456	37.5	0	0.754118
42.192	29	1	2.266402	10	10	456	79.166667	1.041667	0.754118
42.192	29	2	0.618879	20	20	456	37.5	0	0.754118
42.192	30	1	2.266402	10	10	456	79.166667	1.041667	0.754118
42.192	30	2	0.618879	20	20	456	37.5	0	0.754118
42.192	31	1	2.266402	10	10	456	79.166667	1.041667	0.754118
42.192	31	2	0.618879	20	20	456	37.5	0	0.754118
42.192	32	1	2.266402	10	10	456	79.166667	1.041667	0.754118
42.192	32	2	0.618879	20	20	456	37.5	0	0.754118
42.192	33	1	2.266402	10	10	456	79.166667	1.041667	0.754118
42.192	33	2	0.618879	20	20	456	37.5	0	0.754118
42.192	34	1	2.266402	10	10	456	79.166667	1.041667	0.754118
42.192	34	2	0.618879	20	20	456	37.5	0	0.754118
42.192	35	1	2.266402	10	10	456	79.166667	1.041667	0.754118
42.192	35	2	0.618879	20	20	456	37.5	0	0.754118
42.192	36	1	2.266402	10	10	456	79.166667	1.041667	0.754118
42.192	36	2	0.618879	20	20	456	37.5	0	0.754118
42.192	37	1	2.266402	10	10	456	79.166667	1.041667	0.754118
42.192	37	2	0.618879	20	20	456	37.5	0	0.754118
42.192	38	1	2.266402	10	10	456	79.166667	1.041667	0.754118
42.192	38	2	0.618879	20	20	456	37.5	0	0.754118
42.192	39	1	2.266402	10	10	456	79.166667	1.041667	0.754118
42.192	39	2	0.618879	20	20	456	37.5	0	0.754118
42.192	40	1	2.266402	10	10	456	79.166667	1.041667	0.754118
42.192	40	2	0.618879	20	20	456	37.5	0	0.754118
42.192	41	1	2.266402	10	10	456	79.166667	1.041667	0.754118
42.192	41	2	0.618879	20	20	456	37.5	0	0.754118
42.192	42	1	2.266402	10	10	456	79.166667	1.041667	0.754118
42.192	42	2	0.618879	20	20	456	37.5	0	0.754118
42.192	43	1	2.266402	10	10	456	79.166667	1.041667	0.754118
42.192	43	2	0.618879	20	20	456	37.5	0	0.754118
42.192	44	1	2.266402	10	10	456	79.166667	1.041667	0.754118
42.192	44	2	0.618879	20	20	456	37.5	0	0.754118
42.192	45	1	2.266402	10	10	456	79.166667	1.041667	0.754118
42.192	45	2	0.618879	20	20	456	37.5	0	0.754118
42.192	46	1	2.266402	10	10	456	79.166667	1.041667	0.754118
42.192	46	2	0.618879	20	20	456	37.5	0	0.754118
42.192	47	1	2.266402	10	10	456	79.166667	1.041667	0.754118
42.192	47	2	0.618879	20	20	456	37.5	0	0.754118
42.192	48	1	2.266402	10	10	456	79.166667	1.041667	0.754118
42.192	48	2	0.618879	20	20	456	37.5	0	0.754118
42.192	49	1	2.266402	10	10	456	79.166667	1.041667	0.754118
42.192	49	2	0.618879	20	20	456	37.5	0	0.754118
42.192	50	1	2.266402	10	10	456	79.166667	1.041667	0.754118
42.192	50	2	0.618879	20	20	456	37.5	0	0.754118
42.192	51	1	2.266402	10	10	456	79.166667	1.041667	0.754118
42.192	51	2	0.618879	20	20	456	37.5	0	0.754118
42.192	52	1	2.266402	10	10	456	79.166667	1.041667	0.754118
42.192	52	2	0.618879	20	20	456	37.5	0	0.754118
42.192	53	1	2.266402	10	10	456	79.166667	1.041667	0.754118
42.192	53	2	0.618879	20	20	456	37.5	0	0.754118
42.192	54	1	2.266402	10	10	456	79.166667	1.041667	0.754118
42.192	54	2	0.618879	20	20	456	37.5	0	0.754118
42.192	55	1	2.266402	10	10	456	79.166667	1.041667	0.754118
42.192	55	2	0.618879	20	20	456	37.5	0	0.754118
42.192	56	1	2.266402	10	10	456	79.166667	1.041667	0.754118
42.192	56	2	0.618879	20	20	456	37.5	0	0.754118
42.192	57	1	2.266402	10	10	456	79.166667	1.041667	0.754118
42.192	57	2	0.618879	20	20	456	37.5	0	0.754118
42.192	58	1	2.266402	10	10	456	79.166667	1.041667	0.754118
42.192	58	2	0.618879	20	20	456	37.5	0	0.754118
42.192	59	1	2.266402	10	10	456	79.166667	1.041667	0.754118
42.192	59	2	0.618879	20	20	456	37.5	0	0.754118
42.192	60	1	2.266402	10	10	456	79.166667	1.041667	0.754118
42.192	60	2	0.618879	20	20	456	37.5	0	0.754118
42.192	61	1	2.266402	10	10	456	79.166667	1.041667	0.754118
42.192	61	2	0.618879	20	20	456	37.5	0	0.754118
42.192	62	1	2.266402	10	10	456	79.166667	1.041667	0.754118
42.192	62	2	0.618879	20	20	456	37.5	0	0.754118
42.192	63	1	2.266402	10	10	456	79.166667	1.041667	0.754118
42.192	63	2	0.618879	20	20	456	37.5	0	0.754118
42.192	64	1	2.266402	10	10	456	79.166667	1.041667	0.754118
42.192	64	2	0.618879	20	20	456	37.5	0	0.754118
42.192	65	1	2.266402	10	10	456	79.166667	1.041667	0.754118
42.192	65	2	0.618879	20	20	456	37.5	0	0.754118
42.695	0	1	2.385686	10	10	480	79.166667	0.990099	0.754118
42.695	0	2	0.651451	20	20	480	37.5	0	0.754118
42.695	1	1	2.385686	10	10	480	79.166667	0.990099	0.754118
42.695	1	2	0.651451	20	20	480	37.5	0	0.754118
42.695	2	1	2.385686	10	10	480	79.166667	0.990099	0.754118
42.695	2	2	0.651451	20	20	480	37.5	0	0.754118
42.695	3	1	2.385686	10	10	480	79.166667	0.990099	0.754118
42.695	3	2	0.651451	20	20	480	37.5	0	0.754118
42.695	4	1	2.385686	10	10	480	79.166667	0.990099	0.754118
42.695	4	2	0.651451	20	20	480	37.5	0	0.754118
42.695	5	1	2.385686	10	10	480	79.166667	0.990099	0.754118
42.695	5	2	0.651451	20	20	480	37.5	0	0.754118
42.695	6	1	2.385686	10	10	480	79.166667	0.990099	0.754118
42.695	6	2	0.651451	20	20	480	37.5	0	0.754118
42.695	7	1	2.385686	10	10	480	79.166667	0.990099	0.754118
42.695	7	2	0.651451	20	20	480	37.5	0	0.754118
42.695	8	1	2.385686	10	10	480	79.166667	0.990099	0.754118
42.695	8	2	0.651451	20	20	480	37.5	0	0.754118
42.695	9	1	2.385686	10	10	480	79.166667	0.990099	0.754118
42.695	9	2	0.651451	20	20	480	37.5	0	0.754118
42.695	10	1	2.385686	10	10	480	79.166667	0.990099	0.754118
42.695	10	2	0.651451	20	20	480	37.5	0	0.754118
42.695	11	1	2.385686	10	10	480	79.166667	0.990099	0.754118
42.695	11	2	0.651451	20	20	480	37.5	0	0.754118
42.695	12	1	2.385686	10	10	480	79.166667	0.990099	0.754118
42.695	12	2	0.651451	20	20	480	37.5	0	0.754118
42.695	13	1	2.385686	10	10	480	79.166667	0.990099	0.754118
42.695	13	2	0.651451	20	20	480	37.5	0	0.754118
42.695	14	1	2.385686	10	10	480	79.166667	0.990099	0.754118
42.695	14	2	0.651451	20	20	480	37.5	0	0.754118
42.695	15	1	2.385686	10	10	480	79.166667	0.990099	0.754118
42.695	15	2	0.651451	20	20	480	37.5	0	0.754118
42.695	16	1	2.385686	10	10	480	79.166667	0.990099	0.754118
42.695	16	2	0.651451	20	20	480	37.5	0	0.754118
42.695	17	1	2.385686	10	10	480	79.166667	0.990099	0.754118
42.695	17	2	0.651451	20	20	480	37.5	0	0.754118
42.695	18	1	2.385686	10	10	480	79.166667	0.990099	0.754118
42.695	18	2	0.651451	20	20	480	37.5	0	0.754118
42.695	19	1	2.385686	10	10	480	79.166667	0.990099	0.754118
42.695	19	2	0.651451	20	20	480	37.5	0	0.754118
42.695	20	1	2.385686	10	10	480	79.166667	0.990099	0.754118
42.695	20	2	0.651451	20	20	480	37.5	0	0.754118
42.695	21	1	2.385686	10	10	480	79.166667	0.990099	0.754118
42.695	21	2	0.651451	20	20	480	37.5	0	0.754118
42.695	22	1	2.385686	10	10	480	79.166667	0.990099	0.754118
42.695	22	2	0.651451	20	20	480	37.5	0	0.754118
42.695	23	1	2.385686	10	10	480	79.166667	0.990099	0.754118
42.695	23	2	0.651451	20	20	480	37.5	0	0.754118
42.695	24	1	2.385686	10	10	480	79.166667	0.990099	0.754118
42.695	24	2	0.651451	20	20	480	37.5	0	0.754118
42.695	25	1	2.385686	10	10	480	79.166667	0.990099	0.754118
42.695	25	2	0.651451	20	20	480	37.5	0	0.754118
42.695	26	1	2.385686	10	10	480	79.166667	0.990099	0.754118
42.695	26	2	0.651451	20	20	480	37.5	0	0.754118
42.695	27	1	2.385686	10	10	480	79.166667	0.990099	0.754118
42.695	27	2	0.651451	20	20	480	37.5	0	0.754118
42.695	28	1	2.385686	10	10	480	79.166667	0.990099	0.754118
42.695	28	2	0.651451	20	20	480	37.5	0	0.754118
42.695	29	1	2.385686	10	10	480	79.166667	0.990099	0.754118
42.695	29	2	0.651451	20	20	480	37.5	0	0.754118
42.695	30	1	2.385686	10	10	480	79.166667	0.990099	0.754118
42.695	30	2	0.651451	20	20	480	37.5	0	0.754118
42.695	31	1	2.385686	10	10	480	79.166667	0.990099	0.754118
42.695	31	2	0.651451	20	20	480	37.5	0	0.754118
42.695	32	1	2.385686	10	10	480	79.166667	0.990099	0.754118
42.695	32	2	0.651451	20	20	480	37.5	0	0.754118
42.695	33	1	2.385686	10	10	480	79.166667	0.990099	0.754118
42.695	33	2	0.651451	20	20	480	37.5	0	0.754118
42.695	34	1	2.385686	10	10	480	79.166667	0.990099	0.754118
42.695	34	2	0.651451	20	20	480	37.5	0	0.754118
42.695	35	1	2.385686	10	10	480	79.166667	0.990099	0.754118
42.695	35	2	0.651451	20	20	480	37.5	0	0.754118
42.695	36	1	2.385686	10	10	480	79.166667	0.990099	0.754118
42.695	36	2	0.651451	20	20	480	37.5	0	0.754118
42.695	37	1	2.385686	10	10	480	79.166667	0.990099	0.754118
42.695	37	2	0.651451	20	20	480	37.5	0	0.754118
42.695	38	1	2.385686	10	10	480	79.166667	0.990099	0.754118
42.695	38	2	0.651451	20	20	480	37.5	0	0.754118
42.695	39	1	2.385686	10	10	480	79.166667	0.990099	0.754118
42.695	39	2	0.651451	20	20	480	37.5	0	0.754118
42.695	40	1	2.385686	10	10	480	79.166667	0.990099	0.754118
42.695	40	2	0.651451	20	20	480	37.5	0	0.754118
42.695	41	1	2.385686	10	10	480	79.166667	0.990099	0.754118
42.695	41	2	0.651451	20	20	480	37.5	0	0.754118
42.695	42	1	2.385686	10	10	480	79.166667	0.990099	0.754118
42.695	42	2	0.651451	20	20	480	37.5	0	0.754118
42.695	43	1	2.385686	10	10	480	79.166667	0.990099	0.754118
42.695	43	2	0.651451	20	20	480	37.5	0	0.754118
42.695	44	1	2.385686	10	10	480	79.166667	0.990099	0.754118
42.695	44	2	0.651451	20	20	480	37.5	0	0.754118
42.695	45	1	2.385686	10	10	480	79.166667	0.990099	0.754118
42.695	45	2	0.651451	20	20	480	37.5	0	0.754118
42.695	46	1	2.385686	10	10	480	79.166667	0.990099	0.754118
42.695	46	2	0.651451	20	20	480	37.5	0	0.754118
42.695	47	1	2.385686	10	10	480	79.166667	0.990099	0.754118
42.695	47	2	0.651451	20	20	480	37.5	0	0.754118
42.695	48	1	2.385686	10	10	480	79.166667	0.990099	0.754118
42.695	48	2	0.651451	20	20	480	37.5	0	0.754118
42.695	49	1	2.385686	10	10	480	79.166667	0.990099	0.754118
42.695	49	2	0.651451	20	20	480	37.5	0	0.754118
42.695	50	1	2.385686	10	10	480	79.166667	0.990099	0.754118
42.695	50	2	0.651451	20	20	480	37.5	0	0.754118
42.695	51	1	2.385686	10	10	480	79.166667	0.990099	0.754118
42.695	51	2	0.651451	20	20	480	37.5	0	0.754118
42.695	52	1	2.385686	10	10	480	79.166667	0.990099	0.754118
42.695	52	2	0.651451	20	20	480	37.5	0	0.754118
42.695	53	1	2.385686	10	10	480	79.166667	0.990099	0.754118
42.695	53	2	0.651451	20	20	480	37.5	0	0.754118
42.695	54	1	2.385686	10	10	480	79.166667	0.990099	0.754118
42.695	54	2	0.651451	20	20	480	37.5	0	0.754118
42.695	55	1	2.385686	10	10	480	79.166667	0.990099	0.754118
42.695	55	2	0.651451	20	20	480	37.5	0	0.754118
42.695	56	1	2.385686	10	10	480	79.166667	0.990099	0.754118
42.695	56	2	0.651451	20	20	480	37.5	0	0.754118
42.695	57	1	2.385686	10	10	480	79.166667	0.990099	0.754118
42.695	57	2	0.651451	20	20	480	37.5	0	0.754118
42.695	58	1	2.385686	10	10	480	79.166667	0.990099	0.754118
42.695	58	2	0.651451	20	20	480	37.5	0	0.754118
42.695	59	1	2.385686	10	10	480	79.166667	0.990099	0.754118
42.695	59	2	0.651451	20	20	480	37.5	0	0.754118
42.695	60	1	2.385686	10	10	480	79.166667	0.990099	0.754118
42.695	60	2	0.651451	20	20	480	37.5	0	0.754118
42.695	61	1	2.385686	10	10	480	79.166667	0.990099	0.754118
42.695	61	2	0.651451	20	20	480	37.5	0	0.754118
42.695	62	1	2.385686	10	10	480	79.166667	0.990099	0.754118
42.695	62	2	0.651451	20	20	480	37.5	0	0.754118
42.695	63	1	2.385686	10	10	480	79.166667	0.990099	0.754118
42.695	63	2	0.651451	20	20	480	37.5	0	0.754118
42.695	64	1	2.385686	10	10	480	79.166667	0.990099	0.754118
42.695	64	2	0.651451	20	20	480	37.5	0	0.754118
42.695	65	1	2.385686	10	10	480	79.166667	0.990099	0.754118
42.695	65	2	0.651451	20	20	480	37.5	0	0.754118
43.198	0	1	2.266402	10	10	456	79.166667	1.041667	0.754118
43.198	0	2	0.618879	20	20	456	37.5	0	0.754118
43.198	1	1	2.266402	10	10	456	79.166667	1.041667	0.754118
43.198	1	2	0.618879	20	20	456	37.5	0	0.754118
43.198	2	1	2.266402	10	10	456	79.166667	1.041667	0.754118
43.198	2	2	0.618879	20	20	456	37.5	0	0.754118
43.198	3	1	2.266402	10	10	456	79.166667	1.041667	0.754118
43.198	3	2	0.618879	20	20	456	37.5	0	0.754118
43.198	4	1	2.266402	10	10	456	79.166667	1.041667	0.754118
43.198	4	2	0.618879	20	20	456	37.5	0	0.754118
43.198	5	1	2.266402	10	10	456	79.166667	1.041667	0.754118
43.198	5	2	0.618879	20	20	456	37.5	0	0.754118
43.198	6	1	2.266402	10	10	456	79.166667	1.041667	0.754118
43.198	6	2	0.618879	20	20	456	37.5	0	0.754118
43.198	7	1	2.266402	10	10	456	79.166667	1.041667	0.754118
43.198	7	2	0.618879	20	20	456	37.5	0	0.754118
43.198	8	1	2.266402	10	10	456	79.166667	1.041667	0.754118
43.198	8	2	0.618879	20	20	456	37.5	0	0.754118
43.198	9	1	2.266402	10	10	456	79.166667	1.041667	0.754118
43.198	9	2	0.618879	20	20	456	37.5	0	0.754118
43.198	10	1	2.266402	10	10	456	79.166667	1.041667	0.754118
43.198	10	2	0.618879	20	20	456	37.5	0	0.754118
43.198	11	1	2.266402	10	10	456	79.166667	1.041667	0.754118
43.198	11	2	0.618879	20	20	456	37.5	0	0.754118
43.198	12	1	2.266402	10	10	456	79.166667	1.041667	0.754118
43.198	12	2	0.618879	20	20	456	37.5	0	0.754118
43.198	13	1	2.266402	10	10	456	79.166667	1.041667	0.754118
43.198	13	2	0.618879	20	20	456	37.5	0	0.754118
43.198	14	1	2.266402	10	10	456	79.166667	1.041667	0.754118
43.198	14	2	0.618879	20	20	456	37.5	0	0.754118
43.198	15	1	2.266402	10	10	456	79.166667	1.041667	0.754118
43.198	15	2	0.618879	20	20	456	37.5	0	0.754118
43.198	16	1	2.266402	10	10	456	79.166667	1.041667	0.754118
43.198	16	2	0.618879	20	20	456	37.5	0	0.754118
43.198	17	1	2.266402	10	10	456	79.166667	1.041667	0.754118
43.198	17	2	0.618879	20	20	456	37.5	0	0.754118
43.198	18	1	2.266402	10	10	456	79.166667	1.041667	0.754118
43.198	18	2	0.618879	20	20	456	37.5	0	0.754118
43.198	19	1	2.266402	10	10	456	79.166667	1.041667	0.754118
43.198	19	2	0.618879	20	20	456	37.5	0	0.754118
43.198	20	1	2.266402	10	10	456	79.166667	1.041667	0.754118
43.198	20	2	0.618879	20	20	456	37.5	0	0.754118
43.198	21	1	2.266402	10	10	456	79.166667	1.041667	0.754118
43.198	21	2	0.618879	20	20	456	37.5	0	0.754118
43.198	22	1	2.266402	10	10	456	79.166667	1.041667	0.754118
43.198	22	2	0.618879	20	20	456	37.5	0	0.754118
43.198	23	1	2.266402	10	10	456	79.166667	1.041667	0.754118
43.198	23	2	0.618879	20	20	456	37.5	0	0.754118
43.198	24	1	2.266402	10	10	456	79.166667	1.041667	0.754118
43.198	24	2	0.618879	20	20	456	37.5	0	0.754118
43.198	25	1	2.266402	10	10	456	79.166667	1.041667	0.754118
43.198	25	2	0.618879	20	20	456	37.5	0	0.754118
43.198	26	1	2.266402	10	10	456	79.166667	1.041667	0.754118
43.198	26	2	0.618879	20	20	456	37.5	0	0.754118
43.198	27	1	2.266402	10	10	456	79.166667	1.041667	0.754118
43.198	27	2	0.618879	20	20	456	37.5	0	0.754118
43.198	28	1	2.266402	10	10	456	79.166667	1.041667	0.754118
43.198	28	2	0.618879	20	20	456	37.5	0	0.754118
43.198	29	1	2.266402	10	10	456	79.166667	1.041667	0.754118
43.198	29	2	0.618879	20	20	456	37.5	0	0.754118
43.198	30	1	2.266402	10	10	456	79.166667	1.041667	0.754118
43.198	30	2	0.618879	20	20	456	37.5	0	0.754118
43.198	31	1	2.266402	10	10	456	79.166667	1.041667	0.754118
43.198	31	2	0.618879	20	20	456	37.5	0	0.754118
43.198	32	1	2.266402	10	10	456	79.166667	1.041667	0.754118
43.198	32	2	0.618879	20	20	456	37.5	0	0.754118
43.198	33	1	2.266402	10	10	456	79.166667	1.041667	0.754118
43.198	33	2	0.618879	20	20	456	37.5	0	0.754118
43.198	34	1	2.266402	10	10	456	79.166667	1.041667	0.754118
43.198	34	2	0.618879	20	20	456	37.5	0	0.754118
43.198	35	1	2.266402	10	10	456	79.166667	1.041667	0.754118
43.198	35	2	0.618879	20	20	456	37.5	0	0.754118
43.198	36	1	2.266402	10	10	456	79.166667	1.041667	0.754118
43.198	36	2	0.618879	20	20	456	37.5	0	0.754118
43.198	37	1	2.266402	10	10	456	79.166667	1.041667	0.754118
43.198	37	2	0.618879	20	20	456	37.5	0	0.754118
43.198	38	1	2.266402	10	10	456	79.166667	1.041667	0.754118
43.198	38	2	0.618879	20	20	456	37.5	0	0.754118
43.198	39	1	2.266402	10	10	456	79.166667	1.041667	0.754118
43.198	39	2	0.618879	20	20	456	37.5	0	0.754118
43.198	40	1	2.266402	10	10	456	79.166667	1.041667	0.754118
43.198	40	2	0.618879	20	20	456	37.5	0	0.754118
43.198	41	1	2.266402	10	10	456	79.166667	1.041667	0.754118
43.198	41	2	0.618879	20	20	456	37.5	0	0.754118
43.198	42	1	2.266402	10	10	456	79.166667	1.041667	0.754118
43.198	42	2	0.618879	20	20	456	37.5	0	0.754118
43.198	43	1	2.266402	10	10	456	79.166667	1.041667	0.754118
43.198	43	2	0.618879	20	20	456	37.5	0	0.754118
43.198	44	1	2.266402	10	10	456	79.166667	1.041667	0.754118
43.198	44	2	0.618879	20	20	456	37.5	0	0.754118
43.198	45	1	2.266402	10	10	456	79.166667	1.041667	0.754118
43.198	45	2	0.618879	20	20	456	37.5	0	0.754118
43.198	46	1	2.266402	10	10	456	79.166667	1.041667	0.754118
43.198	46	2	0.618879	20	20	456	37.5	0	0.754118
43.198	47	1	2.266402	10	10	456	79.166667	1.041667	0.754118
43.198	47	2	0.618879	20	20	456	37.5	0	0.754118
43.198	48	1	2.266402	10	10	456	79.166667	1.041667	0.754118
43.198	48	2	0.618879	20	20	456	37.5	0	0.754118
43.198	49	1	2.266402	10	10	456	79.166667	1.041667	0.754118
43.198	49	2	0.618879	20	20	456	37.5	0	0.754118
43.198	50	1	2.266402	10	10	456	79.166667	1.041667	0.754118
43.198	50	2	0.618879	20	20	456	37.5	0	0.754118
43.198	51	1	2.266402	10	10	456	79.166667	1.041667	0.754118
43.198	51	2	0.618879	20	20	456	37.5	0	0.754118
43.198	52	1	2.266402	10	10	456	79.166667	1.041667	0.754118
43.198	52	2	0.618879	20	20	456	37.5	0	0.754118
43.198	53	1	2.266402	10	10	456	79.166667	1.041667	0.754118
43.198	53	2	0.618879	20	20	456	37.5	0	0.754118
43.198	54	1	2.266402	10	10	456	79.166667	1.041667	0.754118
43.198	54	2	0.618879	20	20	456	37.5	0	0.754118
43.198	55	1	2.266402	10	10	456	79.166667	1.041667	0.754118
43.198	55	2	0.618879	20	20	456	37.5	0	0.754118
43.198	56	1	2.266402	10	10	456	79.166667	1.041667	0.754118
43.198	56	2	0.618879	20	20	456	37.5	0	0.754118
43.198	57	1	2.266402	10	10	456	79.166667	1.041667	0.754118
43.198	57	2	0.618879	20	20	456	37.5	0	0.754118
43.198	58	1	2.266402	10	10	456	79.166667	1.041667	0.754118
43.198	58	2	0.618879	20	20	456	37.5	0	0.754118
43.198	59	1	2.266402	10	10	456	79.166667	1.041667	0.754118
43.198	59	2	0.618879	20	20	456	37.5	0	0.754118
43.198	60	1	2.266402	10	10	456	79.166667	1.041667	0.754118
43.198	60	2	0.618879	20	20	456	37.5	0	0.754118
43.198	61	1	2.266402	10	10	456	79.166667	1.041667	0.754118
43.198	61	2	0.618879	20	20	456	37.5	0	0.754118
43.198	62	1	2.266402	10	10	456	79.166667	1.041667	0.754118
43.198	62	2	0.618879	20	20	456	37.5	0	0.754118
43.198	63	1	2.266402	10	10	456	79.166667	1.041667	0.754118
43.198	63	2	0.618879	20	20	456	37.5	0	0.754118
43.198	64	1	2.266402	10	10	456	79.166667	1.041667	0.754118
43.198	64	2	0.618879	20	20	456	37.5	0	0.754118
43.198	65	1	2.266402	10	10	456	79.166667	1.041667	0.754118
43.198	65	2	0.618879	20	20	456	37.5	0	0.754118
43.701	0	1	2.266402	10	10	456	79.166667	1.041667	0.754118
43.701	0	2	0.618879	20	20	456	37.5	0	0.754118
43.701	1	1	2.266402	10	10	456	79.166667	1.041667	0.754118
43.701	1	2	0.618879	20	20	456	37.5	0	0.754118
43.701	2	1	2.266402	10	10	456	79.166667	1.041667	0.754118
43.701	2	2	0.618879	20	20	456	37.5	0	0.754118
43.701	3	1	2.266402	10	10	456	79.166667	1.041667	0.754118
43.701	3	2	0.618879	20	20	456	37.5	0	0.754118
43.701	4	1	2.266402	10	10	456	79.166667	1.041667	0.754118
43.701	4	2	0.618879	20	20	456	37.5	0	0.754118
43.701	5	1	2.266402	10	10	456	79.166667	1.041667	0.754118
43.701	5	2	0.618879	20	20	456	37.5	0	0.754118
43.701	6	1	2.266402	10	10	456	79.166667	1.041667	0.754118
43.701	6	2	0.618879	20	20	456	37.5	0	0.754118
43.701	7	1	2.266402	10	10	456	79.166667	1.041667	0.754118
43.701	7	2	0.618879	20	20	456	37.5	0	0.754118
43.701	8	1	2.266402	10	10	456	79.166667	1.041667	0.754118
43.701	8	2	0.618879	20	20	456	37.5	0	0.754118
43.701	9	1	2.266402	10	10	456	79.166667	1.041667	0.754118
43.701	9	2	0.618879	20	20	456	37.5	0	0.754118
43.701	10	1	2.266402	10	10	456	79.166667	1.041667	0.754118
43.701	10	2	0.618879	20	20	456	37.5	0	0.754118
43.701	11	1	2.266402	10	10	456	79.166667	1.041667	0.754118
43.701	11	2	0.618879	20	20	456	37.5	0	0.754118
43.701	12	1	2.266402	10	10	456	79.166667	1.041667	0.754118
43.701	12	2	0.618879	20	20	456	37.5	0	0.754118
43.701	13	1	2.266402	10	10	456	79.166667	1.041667	0.754118
43.701	13	2	0.618879	20	20	456	37.5	0	0.754118
43.701	14	1	2.266402	10	10	456	79.166667	1.041667	0.754118
43.701	14	2	0.618879	20	20	456	37.5	0	0.754118
43.701	15	1	2.266402	10	10	456	79.166667	1.041667	0.754118
43.701	15	2	0.618879	20	20	456	37.5	0	0.754118
43.701	16	1	2.266402	10	10	456	79.166667	1.041667	0.754118
43.701	16	2	0.618879	20	20	456	37.5	0	0.754118
43.701	17	1	2.266402	10	10	456	79.166667	1.041667	0.754118
43.701	17	2	0.618879	20	20	456	37.5	0	0.754118
43.701	18	1	2.266402	10	10	456	79.166667	1.041667	0.754118
43.701	18	2	0.618879	20	20	456	37.5	0	0.754118
43.701	19	1	2.266402	10	10	456	79.166667	1.041667	0.754118
43.701	19	2	0.618879	20	20	456	37.5	0	0.754118
43.701	20	1	2.266402	10	10	456	79.166667	1.041667	0.754118
43.701	20	2	0.618879	20	20	456	37.5	0	0.754118
43.701	21	1	2.266402	10	10	456	79.166667	1.041667	0.754118
43.701	21	2	0.618879	20	20	456	37.5	0	0.754118
43.701	22	1	2.266402	10	10	456	79.166667	1.041667	0.754118
43.701	22	2	0.618879	20	20	456	37.5	0	0.754118
43.701	23	1	2.266402	10	10	456	79.166667	1.041667	0.754118
43.701	23	2	0.618879	20	20	456	37.5	0	0.754118
43.701	24	1	2.266402	10	10	456	79.166667	1.041667	0.754118
43.701	24	2	0.618879	20	20	456	37.5	0	0.754118
43.701	25	1	2.266402	10	10	456	79.166667	1.041667	0.754118
43.701	25	2	0.618879	20	20	456	37.5	0	0.754118
43.701	26	1	2.266402	10	10	456	79.166667	1.041667	0.754118
43.701	26	2	0.618879	20	20	456	37.5	0	0.754118
43.701	27	1	2.266402	10	10	456	79.166667	1.041667	0.754118
43.701	27	2	0.618879	20	20	456	37.5	0	0.754118
43.701	28	1	2.266402	10	10	456	79.166667	1.041667	0.754118
43.701	28	2	0.618879	20	20	456	37.5	0	0.754118
43.701	29	1	2.266402	10	10	456	79.166667	1.041667	0.754118
43.701	29	2	0.618879	20	20	456	37.5	0	0.754118
43.701	30	1	2.266402	10	10	456	79.166667	1.041667	0.754118
43.701	30	2	0.618879	20	20	456	37.5	0	0.754118
43.701	31	1	2.266402	10	10	456	79.166667	1.041667	0.754118
43.701	31	2	0.618879	20	20	456	37.5	0	0.754118
43.701	32	1	2.266402	10	10	456	79.166667	1.041667	0.754118
43.701	32	2	0.618879	20	20	456	37.5	0	0.754118
43.701	33	1	2.266402	10	10	456	79.166667	1.041667	0.754118
43.701	33	2	0.618879	20	20	456	37.5	0	0.754118
43.701	34	1	2.266402	10	10	456	79.166667	1.041667	0.754118
43.701	34	2	0.618879	20	20	456	37.5	0	0.754118
43.701	35	1	2.266402	10	10	456	79.166667	1.041667	0.754118
43.701	35	2	0.618879	20	20	456	37.5	0	0.754118
43.701	36	1	2.266402	10	10	456	79.166667	1.041667	0.754118
43.701	36	2	0.618879	20	20	456	37.5	0	0.754118
43.701	37	1	2.266402	10	10	456	79.166667	1.041667	0.754118
43.701	37	2	0.618879	20	20	456	37.5	0	0.754118
43.701	38	1	2.266402	10	10	456	79.166667	1.041667	0.754118
43.701	38	2	0.618879	20	20	456	37.5	0	0.754118
43.701	39	1	2.266402	10	10	456	79.166667	1.041667	0.754118
43.701	39	2	0.618879	20	20	456	37.5	0	0.754118
43.701	40	1	2.266402	10	10	456	79.166667	1.041667	0.754118
43.701	40	2	0.618879	20	20	456	37.5	0	0.754118
43.701	41	1	2.266402	10	10	456	79.166667	1.041667	0.754118
43.701	41	2	0.618879	20	20	456	37.5	0	0.754118
43.701	42	1	2.266402	10	10	456	79.166667	1.041667	0.754118
43.701	42	2	0.618879	20	20	456	37.5	0	0.754118
43.701	43	1	2.266402	10	10	456	79.166667	1.041667	0.754118
43.701	43	2	0.618879	20	20	456	37.5	0	0.754118
43.701	44	1	2.266402	10	10	456	79.166667	1.041667	0.754118
43.701	44	2	0.618879	20	20	456	37.5	0	0.754118
43.701	45	1	2.266402	10	10	456	79.166667	1.041667	0.754118
43.701	45	2	0.618879	20	20	456	37.5	0	0.754118
43.701	46	1	2.266402	10	10	456	79.166667	1.041667	0.754118
43.701	46	2	0.618879	20	20	456	37.5	0	0.754118
43.701	47	1	2.266402	10	10	456	79.166667	1.041667	0.754118
43.701	47	2	0.618879	20	20	456	37.5	0	0.754118
43.701	48	1	2.266402	10	10	456	79.166667	1.041667	0.754118
43.701	48	2	0.618879	20	20	456	37.5	0	0.754118
43.701	49	1	2.266402	10	10	456	79.166667	1.041667	0.754118
43.701	49	2	0.618879	20	20	456	37.5	0	0.754118
43.701	50	1	2.266402	10	10	456	79.166667	1.041667	0.754118
43.701	50	2	0.618879	20	20	456	37.5	0	0.754118
43.701	51	1	2.266402	10	10	456	79.166667	1.041667	0.754118
43.701	51	2	0.618879	20	20	456	37.5	0	0.754118
43.701	52	1	2.266402	10	10	456	79.166667	1.041667	0.754118
43.701	52	2	0.618879	20	20	456	37.5	0	0.754118
43.701	53	1	2.266402	10	10	456	79.166667	1.041667	0.754118
43.701	53	2	0.618879	20	20	456	37.5	0	0.754118
43.701	54	1	2.266402	10	10	456	79.166667	1.041667	0.754118
43.701	54	2	0.618879	20	20	456	37.5	0	0.754118
43.701	55	1	2.266402	10	10	456	79.166667	1.041667	0.754118
43.701	55	2	0.618879	20	20	456	37.5	0	0.754118
43.701	56	1	2.266402	10	10	456	79.166667	1.041667	0.754118
43.701	56	2	0.618879	20	20	456	37.5	0	0.754118
43.701	57	1	2.266402	10	10	456	79.166667	1.041667	0.754118
43.701	57	2	0.618879	20	20	456	37.5	0	0.754118
43.701	58	1	2.266402	10	10	456	79.166667	1.041667	0.754118
43.701	58	2	0.618879	20	20	456	37.5	0	0.754118
43.701	59	1	2.266402	10	10	456	79.166667	1.041667	0.754118
43.701	59	2	0.618879	20	20	456	37.5	0	0.754118
43.701	60	1	2.266402	10	10	456	79.166667	1.041667	0.754118
43.701	60	2	0.618879	20	20	456	37.5	0	0.754118
43.701	61	1	2.266402	10	10	456	79.166667	1.041667	0.754118
43.701	61	2	0.618879	20	20	456	37.5	0	0.754118
43.701	62	1	2.266402	10	10	456	79.166667	1.041667	0.754118
43.701	62	2	0.618879	20	20	456	37.5	0	0.754118
43.701	63	1	2.266402	10	10	456	79.166667	1.041667	0.754118
43.701	63	2	0.618879	20	20	456	37.5	0	0.754118
43.701	64	1	2.266402	10	10	456	79.166667	1.041667	0.754118
43.701	64	2	0.618879	20	20	456	37.5	0	0.754118
43.701	65	1	2.266402	10	10	456	79.166667	1.041667	0.754118
43.701	65	2	0.618879	20	20	456	37.5	0	0.754118
44.204	0	1	2.385686	10	10	480	79.166667	0.990099	0.754118
44.204	0	2	0.651451	20	20	480	37.5	0	0.754118
44.204	1	1	2.385686	10	10	480	79.166667	0.990099	0.754118
44.204	1	2	0.651451	20	20	480	37.5	0	0.754118
44.204	2	1	2.385686	10	10	480	79.166667	0.990099	0.754118
44.204	2	2	0.651451	20	20	480	37.5	0	0.754118
44.204	3	1	2.385686	10	10	480	79.166667	0.990099	0.754118
44.204	3	2	0.651451	20	20	480	37.5	0	0.754118
44.204	4	1	2.385686	10	10	480	79.166667	0.990099	0.754118
44.204	4	2	0.651451	20	20	480	37.5	0	0.754118
44.204	5	1	2.385686	10	10	480	79.166667	0.990099	0.754118
44.204	5	2	0.651451	20	20	480	37.5	0	0.754118
44.204	6	1	2.385686	10	10	480	79.166667	0.990099	0.754118
44.204	6	2	0.651451	20	20	480	37.5	0	0.754118
44.204	7	1	2.385686	10	10	480	79.166667	0.990099	0.754118
44.204	7	2	0.651451	20	20	480	37.5	0	0.754118
44.204	8	1	2.385686	10	10	480	79.166667	0.990099	0.754118
44.204	8	2	0.651451	20	20	480	37.5	0	0.754118
44.204	9	1	2.385686	10	10	480	79.166667	0.990099	0.754118
44.204	9	2	0.651451	20	20	480	37.5	0	0.754118
44.204	10	1	2.385686	10	10	480	79.166667	0.990099	0.754118
44.204	10	2	0.651451	20	20	480	37.5	0	0.754118
44.204	11	1	2.385686	10	10	480	79.166667	0.990099	0.754118
44.204	11	2	0.651451	20	20	480	37.5	0	0.754118
44.204	12	1	2.385686	10	10	480	79.166667	0.990099	0.754118
44.204	12	2	0.651451	20	20	480	37.5	0	0.754118
44.204	13	1	2.385686	10	10	480	79.166667	0.990099	0.754118
44.204	13	2	0.651451	20	20	480	37.5	0	0.754118
44.204	14	1	2.385686	10	10	480	79.166667	0.990099	0.754118
44.204	14	2	0.651451	20	20	480	37.5	0	0.754118
44.204	15	1	2.385686	10	10	480	79.166667	0.990099	0.754118
44.204	15	2	0.651451	20	20	480	37.5	0	0.754118
44.204	16	1	2.385686	10	10	480	79.166667	0.990099	0.754118
44.204	16	2	0.651451	20	20	480	37.5	0	0.754118
44.204	17	1	2.385686	10	10	480	79.166667	0.990099	0.754118
44.204	17	2	0.651451	20	20	480	37.5	0	0.754118
44.204	18	1	2.385686	10	10	480	79.166667	0.990099	0.754118
44.204	18	2	0.651451	20	20	480	37.5	0	0.754118
44.204	19	1	2.385686	10	10	480	79.166667	0.990099	0.754118
44.204	19	2	0.651451	20	20	480	37.5	0	0.754118
44.204	20	1	2.385686	10	10	480	79.166667	0.990099	0.754118
44.204	20	2	0.651451	20	20	480	37.5	0	0.754118
44.204	21	1	2.385686	10	10	480	79.166667	0.990099	0.754118
44.204	21	2	0.651451	20	20	480	37.5	0	0.754118
44.204	22	1	2.385686	10	10	480	79.166667	0.990099	0.754118
44.204	22	2	0.651451	20	20	480	37.5	0	0.754118
44.204	23	1	2.385686	10	10	480	79.166667	0.990099	0.754118
44.204	23	2	0.651451	20	20	480	37.5	0	0.754118
44.204	24	1	2.385686	10	10	480	79.166667	0.990099	0.754118
44.204	24	2	0.651451	20	20	480	37.5	0	0.754118
44.204	25	1	2.385686	10	10	480	79.166667	0.990099	0.754118
44.204	25	2	0.651451	20	20	480	37.5	0	0.754118
44.204	26	1	2.385686	10	10	480	79.166667	0.990099	0.754118
44.204	26	2	0.651451	20	20	480	37.5	0	0.754118
44.204	27	1	2.385686	10	10	480	79.166667	0.990099	0.754118
44.204	27	2	0.651451	20	20	480	37.5	0	0.754118
44.204	28	1	2.385686	10	10	480	79.166667	0.990099	0.754118
44.204	28	2	0.651451	20	20	480	37.5	0	0.754118
44.204	29	1	2.385686	10	10	480	79.166667	0.990099	0.754118
44.204	29	2	0.651451	20	20	480	37.5	0	0.754118
44.204	30	1	2.385686	10	10	480	79.166667	0.990099	0.754118
44.204	30	2	0.651451	20	20	480	37.5	0	0.754118
44.204	31	1	2.385686	10	10	480	79.166667	0.990099	0.754118
44.204	31	2	0.651451	20	20	480	37.5	0	0.754118
44.204	32	1	2.385686	10	10	480	79.166667	0.990099	0.754118
44.204	32	2	0.651451	20	20	480	37.5	0	0.754118
44.204	33	1	2.385686	10	10	480	79.166667	0.990099	0.754118
44.204	33	2	0.651451	20	20	480	37.5	0	0.754118
44.204	34	1	2.385686	10	10	480	79.166667	0.990099	0.754118
44.204	34	2	0.651451	20	20	480	37.5	0	0.754118
44.204	35	1	2.385686	10	10	480	79.166667	0.990099	0.754118
44.204	35	2	0.651451	20	20	480	37.5	0	0.754118
44.204	36	1	2.385686	10	10	480	79.166667	0.990099	0.754118
44.204	36	2	0.651451	20	20	480	37.5	0	0.754118
44.204	37	1	2.385686	10	10	480	79.166667	0.990099	0.754118
44.204	37	2	0.651451	20	20	480	37.5	0	0.754118
44.204	38	1	2.385686	10	10	480	79.166667	0.990099	0.754118
44.204	38	2	0.651451	20	20	480	37.5	0	0.754118
44.204	39	1	2.385686	10	10	480	79.166667	0.990099	0.754118
44.204	39	2	0.651451	20	20	480	37.5	0	0.754118
44.204	40	1	2.385686	10	10	480	79.166667	0.990099	0.754118
44.204	40	2	0.651451	20	20	480	37.5	0	0.754118
44.204	41	1	2.385686	10	10	480	79.166667	0.990099	0.754118
44.204	41	2	0.651451	20	20	480	37.5	0	0.754118
44.204	42	1	2.385686	10	10	480	79.166667	0.990099	0.754118
44.204	42	2	0.651451	20	20	480	37.5	0	0.754118
44.204	43	1	2.385686	10	10	480	79.166667	0.990099	0.754118
44.204	43	2	0.651451	20	20	480	37.5	0	0.754118
44.204	44	1	2.385686	10	10	480	79.166667	0.990099	0.754118
44.204	44	2	0.651451	20	20	480	37.5	0	0.754118
44.204	45	1	2.385686	10	10	480	79.166667	0.990099	0.754118
44.204	45	2	0.651451	20	20	480	37.5	0	0.754118
44.204	46	1	2.385686	10	10	480	79.166667	0.990099	0.754118
44.204	46	2	0.651451	20	20	480	37.5	0	0.754118
44.204	47	1	2.385686	10	10	480	79.166667	0.990099	0.754118
44.204	47	2	0.651451	20	20	480	37.5	0	0.754118
44.204	48	1	2.385686	10	10	480	79.166667	0.990099	0.754118
44.204	48	2	0.651451	20	20	480	37.5	0	0.754118
44.204	49	1	2.385686	10	10	480	79.166667	0.990099	0.754118
44.204	49	2	0.651451	20	20	480	37.5	0	0.754118
44.204	50	1	2.385686	10	10	480	79.166667	0.990099	0.754118
44.204	50	2	0.651451	20	20	480	37.5	0	0.754118
44.204	51	1	2.385686	10	10	480	79.166667	0.990099	0.754118
44.204	51	2	0.651451	20	20	480	37.5	0	0.754118
44.204	52	1	2.385686	10	10	480	79.166667	0.990099	0.754118
44.204	52	2	0.651451	20	20	480	37.5	0	0.754118
44.204	53	1	2.385686	10	10	480	79.166667	0.990099	0.754118
44.204	53	2	0.651451	20	20	480	37.5	0	0.754118
44.204	54	1	2.385686	10	10	480	79.166667	0.990099	0.754118
44.204	54	2	0.651451	20	20	480	37.5	0	0.754118
44.204	55	1	2.385686	10	10	480	79.166667	0.990099	0.754118
44.204	55	2	0.651451	20	20	480	37.5	0	0.754118
44.204	56	1	2.385686	10	10	480	79.166667	0.990099	0.754118
44.204	56	2	0.651451	20	20	480	37.5	0	0.754118
44.204	57	1	2.385686	10	10	480	79.166667	0.990099	0.754118
44.204	57	2	0.651451	20	20	480	37.5	0	0.754118
44.204	58	1	2.385686	10	10	480	79.166667	0.990099	0.754118
44.204	58	2	0.651451	20	20	480	37.5	0	0.754118
44.204	59	1	2.385686	10	10	480	79.166667	0.990099	0.754118
44.204	59	2	0.651451	20	20	480	37.5	0	0.754118
44.204	60	1	2.385686	10	10	480	79.166667	0.990099	0.754118
44.204	60	2	0.651451	20	20	480	37.5	0	0.754118
44.204	61	1	2.385686	10	10	480	79.166667	0.990099	0.754118
44.204	61	2	0.651451	20	20	480	37.5	0	0.754118
44.204	62	1	2.385686	10	10	480	79.166667	0.990099	0.754118
44.204	62	2	0.651451	20	20	480	37.5	0	0.754118
44.204	63	1	2.385686	10	10	480	79.166667	0.990099	0.754118
44.204	63	2	0.651451	20	20	480	37.5	0	0.754118
44.204	64	1	2.385686	10	10	480	79.166667	0.990099	0.754118
44.204	64	2	0.651451	20	20	480	37.5	0	0.754118
44.204	65	1	2.385686	10	10	480	79.166667	0.990099	0.754118
44.204	65	2	0.651451	20	20	480	37.5	0	0.754118
44.707	0	1	2.266402	10	10	456	79.166667	1.041667	0.754118
44.707	0	2	0.618879	20	20	456	37.5	0	0.754118
44.707	1	1	2.266402	10	10	456	79.166667	1.041667	0.754118
44.707	1	2	0.618879	20	20	456	37.5	0	0.754118
44.707	2	1	2.266402	10	10	456	79.166667	1.041667	0.754118
44.707	2	2	0.618879	20	20	456	37.5	0	0.754118
44.707	3	1	2.266402	10	10	456	79.166667	1.041667	0.754118
44.707	3	2	0.618879	20	20	456	37.5	0	0.754118
44.707	4	1	2.266402	10	10	456	79.166667	1.041667	0.754118
44.707	4	2	0.618879	20	20	456	37.5	0	0.754118
44.707	5	1	2.266402	10	10	456	79.166667	1.041667	0.754118
44.707	5	2	0.618879	20	20	456	37.5	0	0.754118
44.707	6	1	2.266402	10	10	456	79.166667	1.041667	0.754118
44.707	6	2	0.618879	20	20	456	37.5	0	0.754118
44.707	7	1	2.266402	10	10	456	79.166667	1.041667	0.754118
44.707	7	2	0.618879	20	20	456	37.5	0	0.754118
44.707	8	1	2.266402	10	10	456	79.166667	1.041667	0.754118
44.707	8	2	0.618879	20	20	456	37.5	0	0.754118
44.707	9	1	2.266402	10	10	456	79.166667	1.041667	0.754118
44.707	9	2	0.618879	20	20	456	37.5	0	0.754118
44.707	10	1	2.266402	10	10	456	79.166667	1.041667	0.754118
44.707	10	2	0.618879	20	20	456	37.5	0	0.754118
44.707	11	1	2.266402	10	10	456	79.166667	1.041667	0.754118
44.707	11	2	0.618879	20	20	456	37.5	0	0.754118
44.707	12	1	2.266402	10	10	456	79.166667	1.041667	0.754118
44.707	12	2	0.618879	20	20	456	37.5	0	0.754118
44.707	13	1	2.266402	10	10	456	79.166667	1.041667	0.754118
44.707	13	2	0.618879	20	20	456	37.5	0	0.754118
44.707	14	1	2.266402	10	10	456	79.166667	1.041667	0.754118
44.707	14	2	0.618879	20	20	456	37.5	0	0.754118
44.707	15	1	2.266402	10	10	456	79.166667	1.041667	0.754118
44.707	15	2	0.618879	20	20	456	37.5	0	0.754118
44.707	16	1	2.266402	10	10	456	79.166667	1.041667	0.754118
44.707	16	2	0.618879	20	20	456	37.5	0	0.754118
44.707	17	1	2.266402	10	10	456	79.166667	1.041667	0.754118
44.707	17	2	0.618879	20	20	456	37.5	0	0.754118
44.707	18	1	2.266402	10	10	456	79.166667	1.041667	0.754118
44.707	18	2	0.618879	20	20	456	37.5	0	0.754118
44.707	19	1	2.266402	10	10	456	79.166667	1.041667	0.754118
44.707	19	2	0.618879	20	20	456	37.5	0	0.754118
44.707	20	1	2.266402	10	10	456	79.166667	1.041667	0.754118
44.707	20	2	0.618879	20	20	456	37.5	0	0.754118
44.707	21	1	2.266402	10	10	456	79.166667	1.041667	0.754118
44.707	21	2	0.618879	20	20	456	37.5	0	0.754118
44.707	22	1	2.266402	10	10	456	79.166667	1.041667	0.754118
44.707	22	2	0.618879	20	20	456	37.5	0	0.754118
44.707	23	1	2.266402	10	10	456	79.166667	1.041667	0.754118
44.707	23	2	0.618879	20	20	456	37.5	0	0.754118
44.707	24	1	2.266402	10	10	456	79.166667	1.041667	0.754118
44.707	24	2	0.618879	20	20	456	37.5	0	0.754118
44.707	25	1	2.266402	10	10	456	79.166667	1.041667	0.754118
44.707	25	2	0.618879	20	20	456	37.5	0	0.754118
44.707	26	1	2.266402	10	10	456	79.166667	1.041667	0.754118
44.707	26	2	0.618879	20	20	456	37.5	0	0.754118
44.707	27	1	2.266402	10	10	456	79.166667	1.041667	0.754118
44.707	27	2	0.618879	20	20	456	37.5	0	0.754118
44.707	28	1	2.266402	10	10	456	79.166667	1.041667	0.754118
44.707	28	2	0.618879	20	20	456	37.5	0	0.754118
44.707	29	1	2.266402	10	10	456	79.166667	1.041667	0.754118
44.707	29	2	0.618879	20	20	456	37.5	0	0.754118
44.707	30	1	2.266402	10	10	456	79.166667	1.041667	0.754118
44.707	30	2	0.618879	20	20	456	37.5	0	0.754118
44.707	31	1	2.266402	10	10	456	79.166667	1.041667	0.754118
44.707	31	2	0.618879	20	20	456	37.5	0	0.754118
44.707	32	1	2.266402	10	10	456	79.166667	1.041667	0.754118
44.707	32	2	0.618879	20	20	456	37.5	0	0.754118
44.707	33	1	2.266402	10	10	456	79.166667	1.041667	0.754118
44.707	33	2	0.618879	20	20	456	37.5	0	0.754118
44.707	34	1	2.266402	10	10	456	79.166667	1.041667	0.754118
44.707	34	2	0.618879	20	20	456	37.5	0	0.754118
44.707	35	1	2.266402	10	10	456	79.166667	1.041667	0.754118
44.707	35	2	0.618879	20	20	456	37.5	0	0.754118
44.707	36	1	2.266402	10	10	456	79.166667	1.041667	0.754118
44.707	36	2	0.618879	20	20	456	37.5	0	0.754118
44.707	37	1	2.266402	10	10	456	79.166667	1.041667	0.754118
44.707	37	2	0.618879	20	20	456	37.5	0	0.754118
44.707	38	1	2.266402	10	10	456	79.166667	1.041667	0.754118
44.707	38	2	0.618879	20	20	456	37.5	0	0.754118
44.707	39	1	2.266402	10	10	456	79.166667	1.041667	0.754118
44.707	39	2	0.618879	20	20	456	37.5	0	0.754118
44.707	40	1	2.266402	10	10	456	79.166667	1.041667	0.754118
44.707	40	2	0.618879	20	20	456	37.5	0	0.754118
44.707	41	1	2.266402	10	10	456	79.166667	1.041667	0.754118
44.707	41	2	0.618879	20	20	456	37.5	0	0.754118
44.707	42	1	2.266402	10	10	456	79.166667	1.041667	0.754118
44.707	42	2	0.618879	20	20	456	37.5	0	0.754118
44.707	43	1	2.266402	10	10	456	79.166667	1.041667	0.754118
44.707	43	2	0.618879	20	20	456	37.5	0	0.754118
44.707	44	1	2.266402	10	10	456	79.166667	1.041667	0.754118
44.707	44	2	0.618879	20	20	456	37.5	0	0.754118
44.707	45	1	2.266402	10	10	456	79.166667	1.041667	0.754118
44.707	45	2	0.618879	20	20	456	37.5	0	0.754118
44.707	46	1	2.266402	10	10	456	79.166667	1.041667	0.754118
44.707	46	2	0.618879	20	20	456	37.5	0	0.754118
44.707	47	1	2.266402	10	10	456	79.166667	1.041667	0.754118
44.707	47	2	0.618879	20	20	456	37.5	0	0.754118
44.707	48	1	2.266402	10	10	456	79.166667	1.041667	0.754118
44.707	48	2	0.618879	20	20	456	37.5	0	0.754118
44.707	49	1	2.266402	10	10	456	79.166667	1.041667	0.754118
44.707	49	2	0.618879	20	20	456	37.5	0	0.754118
44.707	50	1	2.266402	10	10	456	79.166667	1.041667	0.754118
44.707	50	2	0.618879	20	20	456	37.5	0	0.754118
44.707	51	1	2.266402	10	10	456	79.166667	1.041667	0.754118
44.707	51	2	0.618879	20	20	456	37.5	0	0.754118
44.707	52	1	2.266402	10	10	456	79.166667	1.041667	0.754118
44.707	52	2	0.618879	20	20	456	37.5	0	0.754118
44.707	53	1	2.266402	10	10	456	79.166667	1.041667	0.754118
44.707	53	2	0.618879	20	20	456	37.5	0	0.754118
44.707	54	1	2.266402	10	10	456	79.166667	1.041667	0.754118
44.707	54	2	0.618879	20	20	456	37.5	0	0.754118
44.707	55	1	2.266402	10	10	456	79.166667	1.041667	0.754118
44.707	55	2	0.618879	20	20	456	37.5	0	0.754118
44.707	56	1	2.266402	10	10	456	79.166667	1.041667	0.754118
44.707	56	2	0.618879	20	20	456	37.5	0	0.754118
44.707	57	1	2.266402	10	10	456	79.166667	1.041667	0.754118
44.707	57	2	0.618879	20	20	456	37.5	0	0.754118
44.707	58	1	2.266402	10	10	456	79.166667	1.041667	0.754118
44.707	58	2	0.618879	20	20	456	37.5	0	0.754118
44.707	59	1	2.266402	10	10	456	79.166667	1.041667	0.754118
44.707	59	2	0.618879	20	20	456	37.5	0	0.754118
44.707	60	1	2.266402	10	10	456	79.166667	1.041667	0.754118
44.707	60	2	0.618879	20	20	456	37.5	0	0.754118
44.707	61	1	2.266402	10	10	456	79.166667	1.041667	0.754118
44.707	61	2	0.618879	20	20	456	37.5	0	0.754118
44.707	62	1	2.266402	10	10	456	79.166667	1.041667	0.754118
44.707	62	2	0.618879	20	20	456	37.5	0	0.754118
44.707	63	1	2.266402	10	10	456	79.166667	1.041667	0.754118
44.707	63	2	0.618879	20	20	456	37.5	0	0.754118
44.707	64	1	2.266402	10	10	456	79.166667	1.041667	0.754118
44.707	64	2	0.618879	20	20	456	37.5	0	0.754118
44.707	65	1	2.266402	10	10	456	79.166667	1.041667	0.754118
44.707	65	2	0.618879	20	20	456	37.5	0	0.754118
45.21	0	1	2.266402	10	10	456	79.166667	1.041667	0.754118
45.21	0	2	0.618879	20	20	456	37.5	0	0.754118
45.21	1	1	2.266402	10	10	456	79.166667	1.041667	0.754118
45.21	1	2	0.618879	20	20	456	37.5	0	0.754118
45.21	2	1	2.266402	10	10	456	79.166667	1.041667	0.754118
45.21	2	2	0.618879	20	20	456	37.5	0	0.754118
45.21	3	1	2.266402	10	10	456	79.166667	1.041667	0.754118
45.21	3	2	0.618879	20	20	456	37.5	0	0.754118
45.21	4	1	2.266402	10	10	456	79.166667	1.041667	0.754118
45.21	4	2	0.618879	20	20	456	37.5	0	0.754118
45.21	5	1	2.266402	10	10	456	79.166667	1.041667	0.754118
45.21	5	2	0.618879	20	20	456	37.5	0	0.754118
45.21	6	1	2.266402	10	10	456	79.166667	1.041667	0.754118
45.21	6	2	0.618879	20	20	456	37.5	0	0.754118
45.21	7	1	2.266402	10	10	456	79.166667	1.041667	0.754118
45.21	7	2	0.618879	20	20	456	37.5	0	0.754118
45.21	8	1	2.266402	10	10	456	79.166667	1.041667	0.754118
45.21	8	2	0.618879	20	20	456	37.5	0	0.754118
45.21	9	1	2.266402	10	10	456	79.166667	1.041667	0.754118
45.21	9	2	0.618879	20	20	456	37.5	0	0.754118
45.21	10	1	2.266402	10	10	456	79.166667	1.041667	0.754118
45.21	10	2	0.618879	20	20	456	37.5	0	0.754118
45.21	11	1	2.266402	10	10	456	79.166667	1.041667	0.754118
45.21	11	2	0.618879	20	20	456	37.5	0	0.754118
45.21	12	1	2.266402	10	10	456	79.166667	1.041667	0.754118
45.21	12	2	0.618879	20	20	456	37.5	0	0.754118
45.21	13	1	2.266402	10	10	456	79.166667	1.041667	0.754118
45.21	13	2	0.618879	20	20	456	37.5	0	0.754118
45.21	14	1	2.266402	10	10	456	79.166667	1.041667	0.754118
45.21	14	2	0.618879	20	20	456	37.5	0	0.754118
45.21	15	1	2.266402	10	10	456	79.166667	1.041667	0.754118
45.21	15	2	0.618879	20	20	456	37.5	0	0.754118
45.21	16	1	2.266402	10	10	456	79.166667	1.041667	0.754118
45.21	16	2	0.618879	20	20	456	37.5	0	0.754118
45.21	17	1	2.266402	10	10	456	79.166667	1.041667	0.754118
45.21	17	2	0.618879	20	20	456	37.5	0	0.754118
45.21	18	1	2.266402	10	10	456	79.166667	1.041667	0.754118
45.21	18	2	0.618879	20	20	456	37.5	0	0.754118
45.21	19	1	2.266402	10	10	456	79.166667	1.041667	0.754118
45.21	19	2	0.618879	20	20	456	37.5	0	0.754118
45.21	20	1	2.266402	10	10	456	79.166667	1.041667	0.754118
45.21	20	2	0.618879	20	20	456	37.5	0	0.754118
45.21	21	1	2.266402	10	10	456	79.166667	1.041667	0.754118
45.21	21	2	0.618879	20	20	456	37.5	0	0.754118
45.21	22	1	2.266402	10	10	456	79.166667	1.041667	0.754118
45.21	22	2	0.618879	20	20	456	37.5	0	0.754118
45.21	23	1	2.266402	10	10	456	79.166667	1.041667	0.754118
45.21	23	2	0.618879	20	20	456	37.5	0	0.754118
45.21	24	1	2.266402	10	10	456	79.166667	1.041667	0.754118
45.21	24	2	0.618879	20	20	456	37.5	0	0.754118
45.21	25	1	2.266402	10	10	456	79.166667	1.041667	0.754118
45.21	25	2	0.618879	20	20	456	37.5	0	0.754118
45.21	26	1	2.266402	10	10	456	79.166667	1.041667	0.754118
45.21	26	2	0.618879	20	20	456	37.5	0	0.754118
45.21	27	1	2.266402	10	10	456	79.166667	1.041667	0.754118
45.21	27	2	0.618879	20	20	456	37.5	0	0.754118
45.21	28	1	2.266402	10	10	456	79.166667	1.041667	0.754118
45.21	28	2	0.618879	20	20	456	37.5	0	0.754118
45.21	29	1	2.266402	10	10	456	79.166667	1.041667	0.754118
45.21	29	2	0.618879	20	20	456	37.5	0	0.754118
45.21	30	1	2.266402	10	10	456	79.166667	1.041667	0.754118
45.21	30	2	0.618879	20	20	456	37.5	0	0.754118
45.21	31	1	2.266402	10	10	456	79.166667	1.041667	0.754118
45.21	31	2	0.618879	20	20	456	37.5	0	0.754118
45.21	32	1	2.266402	10	10	456	79.166667	1.041667	0.754118
45.21	32	2	0.618879	20	20	456	37.5	0	0.754118
45.21	33	1	2.266402	10	10	456	79.166667	1.041667	0.754118
45.21	33	2	0.618879	20	20	456	37.5	0	0.754118
45.21	34	1	2.266402	10	10	456	79.166667	1.041667	0.754118
45.21	34	2	0.618879	20	20	456	37.5	0	0.754118
45.21	35	1	2.266402	10	10	456	79.166667	1.041667	0.754118
45.21	35	2	0.618879	20	20	456	37.5	0	0.754118
45.21	36	1	2.266402	10	10	456	79.166667	1.041667	0.754118
45.21	36	2	0.618879	20	20	456	37.5	0	0.754118
45.21	37	1	2.266402	10	10	456	79.166667	1.041667	0.754118
45.21	37	2	0.618879	20	20	456	37.5	0	0.754118
45.21	38	1	2.266402	10	10	456	79.166667	1.041667	0.754118
45.21	38	2	0.618879	20	20	456	37.5	0	0.754118
45.21	39	1	2.266402	10	10	456	79.166667	1.041667	0.754118
45.21	39	2	0.618879	20	20	456	37.5	0	0.754118
45.21	40	1	2.266402	10	10	456	79.166667	1.041667	0.754118
45.21	40	2	0.618879	20	20	456	37.5	0	0.754118
45.21	41	1	2.266402	10	10	456	79.166667	1.041667	0.754118
45.21	41	2	0.618879	20	20	456	37.5	0	0.754118
45.21	42	1	2.266402	10	10	456	79.166667	1.041667	0.754118
45.21	42	2	0.618879	20	20	456	37.5	0	0.754118
45.21	43	1	2.266402	10	10	456	79.166667	1.041667	0.754118
45.21	43	2	0.618879	20	20	456	37.5	0	0.754118
45.21	44	1	2.266402	10	10	456	79.166667	1.041667	0.754118
45.21	44	2	0.618879	20	20	456	37.5	0	0.754118
45.21	45	1	2.266402	10	10	456	79.166667	1.041667	0.754118
45.21	45	2	0.618879	20	20	456	37.5	0	0.754118
45.21	46	1	2.266402	10	10	456	79.166667	1.041667	0.754118
45.21	46	2	0.618879	20	20	456	37.5	0	0.754118
45.21	47	1	2.266402	10	10	456	79.166667	1.041667	0.754118
45.21	47	2	0.618879	20	20	456	37.5	0	0.754118
45.21	48	1	2.266402	10	10	456	79.166667	1.041667	0.754118
45.21	48	2	0.618879	20	20	456	37.5	0	0.754118
45.21	49	1	2.266402	10	10	456	79.166667	1.041667	0.754118
45.21	49	2	0.618879	20	20	456	37.5	0	0.754118
45.21	50	1	2.266402	10	10	456	79.166667	1.041667	0.754118
45.21	50	2	0.618879	20	20	456	37.5	0	0.754118
45.21	51	1	2.266402	10	10	456	79.166667	1.041667	0.754118
45.21	51	2	0.618879	20	20	456	37.5	0	0.754118
45.21	52	1	2.266402	10	10	456	79.166667	1.041667	0.754118
45.21	52	2	0.618879	20	20	456	37.5	0	0.754118
45.21	53	1	2.266402	10	10	456	79.166667	1.041667	0.754118
45.21	53	2	0.618879	20	20	456	37.5	0	0.754118
45.21	54	1	2.266402	10	10	456	79.166667	1.041667	0.754118
45.21	54	2	0.618879	20	20	456	37.5	0	0.754118
45.21	55	1	2.266402	10	10	456	79.166667	1.041667	0.754118
45.21	55	2	0.618879	20	20	456	37.5	0	0.754118
45.21	56	1	2.266402	10	10	456	79.166667	1.041667	0.754118
45.21	56	2	0.618879	20	20	456	37.5	0	0.754118
45.21	57	1	2.266402	10	10	456	79.166667	1.041667	0.754118
45.21	57	2	0.618879	20	20	456	37.5	0	0.754118
45.21	58	1	2.266402	10	10	456	79.166667	1.041667	0.754118
45.21	58	2	0.618879	20	20	456	37.5	0	0.754118
45.21	59	1	2.266402	10	10	456	79.166667	1.041667	0.754118
45.21	59	2	0.618879	20	20	456	37.5	0	0.754118
45.21	60	1	2.266402	10	10	456	79.166667	1.041667	0.754118
45.21	60	2	0.618879	20	20	456	37.5	0	0.754118
45.21	61	1	2.266402	10	10	456	79.166667	1.041667	0.754118
45.21	61	2	0.618879	20	20	456	37.5	0	0.754118
45.21	62	1	2.266402	10	10	456	79.166667	1.041667	0.754118
45.21	62	2	0.618879	20	20	456	37.5	0	0.754118
45.21	63	1	2.266402	10	10	456	79.166667	1.041667	0.754118
45.21	63	2	0.618879	20	20	456	37.5	0	0.754118
45.21	64	1	2.266402	10	10	456	79.166667	1.041667	0.754118
45.21	64	2	0.618879	20	20	456	37.5	0	0.754118
45.21	65	1	2.266402	10	10	456	79.166667	1.041667	0.754118
45.21	65	2	0.618879	20	20	456	37.5	0	0.754118
45.713	0	1	2.385686	10	10	480	79.166667	0.990099	0.754118
45.713	0	2	0.651451	20	20	480	37.5	0	0.754118
45.713	1	1	2.385686	10	10	480	79.166667	0.990099	0.754118
45.713	1	2	0.651451	20	20	480	37.5	0	0.754118
45.713	2	1	2.385686	10	10	480	79.166667	0.990099	0.754118
45.713	2	2	0.651451	20	20	480	37.5	0	0.754118
45.713	3	1	2.385686	10	10	480	79.166667	0.990099	0.754118
45.713	3	2	0.651451	20	20	480	37.5	0	0.754118
45.713	4	1	2.385686	10	10	480	79.166667	0.990099	0.754118
45.713	4	2	0.651451	20	20	480	37.5	0	0.754118
45.713	5	1	2.385686	10	10	480	79.166667	0.990099	0.754118
45.713	5	2	0.651451	20	20	480	37.5	0	0.754118
45.713	6	1	2.385686	10	10	480	79.166667	0.990099	0.754118
45.713	6	2	0.651451	20	20	480	37.5	0	0.754118
45.713	7	1	2.385686	10	10	480	79.166667	0.990099	0.754118
45.713	7	2	0.651451	20	20	480	37.5	0	0.754118
45.713	8	1	2.385686	10	10	480	79.166667	0.990099	0.754118
45.713	8	2	0.651451	20	20	480	37.5	0	0.754118
45.713	9	1	2.385686	10	10	480	79.166667	0.990099	0.754118
45.713	9	2	0.651451	20	20	480	37.5	0	0.754118
45.713	10	1	2.385686	10	10	480	79.166667	0.990099	0.754118
45.713	10	2	0.651451	20	20	480	37.5	0	0.754118
45.713	11	1	2.385686	10	10	480	79.166667	0.990099	0.754118
45.713	11	2	0.651451	20	20	480	37.5	0	0.754118
45.713	12	1	2.385686	10	10	480	79.166667	0.990099	0.754118
45.713	12	2	0.651451	20	20	480	37.5	0	0.754118
45.713	13	1	2.385686	10	10	480	79.166667	0.990099	0.754118
45.713	13	2	0.651451	20	20	480	37.5	0	0.754118
45.713	14	1	2.385686	10	10	480	79.166667	0.990099	0.754118
45.713	14	2	0.651451	20	20	480	37.5	0	0.754118
45.713	15	1	2.385686	10	10	480	79.166667	0.990099	0.754118
45.713	15	2	0.651451	20	20	480	37.5	0	0.754118
45.713	16	1	2.385686	10	10	480	79.166667	0.990099	0.754118
45.713	16	2	0.651451	20	20	480	37.5	0	0.754118
45.713	17	1	2.385686	10	10	480	79.166667	0.990099	0.754118
45.713	17	2	0.651451	20	20	480	37.5	0	0.754118
45.713	18	1	2.385686	10	10	480	79.166667	0.990099	0.754118
45.713	18	2	0.651451	20	20	480	37.5	0	0.754118
45.713	19	1	2.385686	10	10	480	79.166667	0.990099	0.754118
45.713	19	2	0.651451	20	20	480	37.5	0	0.754118
45.713	20	1	2.385686	10	10	480	79.166667	0.990099	0.754118
45.713	20	2	0.651451	20	20	480	37.5	0	0.754118
45.713	21	1	2.385686	10	10	480	79.166667	0.990099	0.754118
45.713	21	2	0.651451	20	20	480	37.5	0	0.754118
45.713	22	1	2.385686	10	10	480	79.166667	0.990099	0.754118
45.713	22	2	0.651451	20	20	480	37.5	0	0.754118
45.713	23	1	2.385686	10	10	480	79.166667	0.990099	0.754118
45.713	23	2	0.651451	20	20	480	37.5	0	0.754118
45.713	24	1	2.385686	10	10	480	79.166667	0.990099	0.754118
45.713	24	2	0.651451	20	20	480	37.5	0	0.754118
45.713	25	1	2.385686	10	10	480	79.166667	0.990099	0.754118
45.713	25	2	0.651451	20	20	480	37.5	0	0.754118
45.713	26	1	2.385686	10	10	480	79.166667	0.990099	0.754118
45.713	26	2	0.651451	20	20	480	37.5	0	0.754118
45.713	27	1	2.385686	10	10	480	79.166667	0.990099	0.754118
45.713	27	2	0.651451	20	20	480	37.5	0	0.754118
45.713	28	1	2.385686	10	10	480	79.166667	0.990099	0.754118
45.713	28	2	0.651451	20	20	480	37.5	0	0.754118
45.713	29	1	2.385686	10	10	480	79.166667	0.990099	0.754118
45.713	29	2	0.651451	20	20	480	37.5	0	0.754118
45.713	30	1	2.385686	10	10	480	79.166667	0.990099	0.754118
45.713	30	2	0.651451	20	20	480	37.5	0	0.754118
45.713	31	1	2.385686	10	10	480	79.166667	0.990099	0.754118
45.713	31	2	0.651451	20	20	480	37.5	0	0.754118
45.713	32	1	2.385686	10	10	480	79.166667	0.990099	0.754118
45.713	32	2	0.651451	20	20	480	37.5	0	0.754118
45.713	33	1	2.385686	10	10	480	79.166667	0.990099	0.754118
45.713	33	2	0.651451	20	20	480	37.5	0	0.754118
45.713	34	1	2.385686	10	10	480	79.166667	0.990099	0.754118
45.713	34	2	0.651451	20	20	480	37.5	0	0.754118
45.713	35	1	2.385686	10	10	480	79.166667	0.990099	0.754118
45.713	35	2	0.651451	20	20	480	37.5	0	0.754118
45.713	36	1	2.385686	10	10	480	79.166667	0.990099	0.754118
45.713	36	2	0.651451	20	20	480	37.5	0	0.754118
45.713	37	1	2.385686	10	10	480	79.166667	0.990099	0.754118
45.713	37	2	0.651451	20	20	480	37.5	0	0.754118
45.713	38	1	2.385686	10	10	480	79.166667	0.990099	0.754118
45.713	38	2	0.651451	20	20	480	37.5	0	0.754118
45.713	39	1	2.385686	10	10	480	79.166667	0.990099	0.754118
45.713	39	2	0.651451	20	20	480	37.5	0	0.754118
45.713	40	1	2.385686	10	10	480	79.166667	0.990099	0.754118
45.713	40	2	0.651451	20	20	480	37.5	0	0.754118
45.713	41	1	2.385686	10	10	480	79.166667	0.990099	0.754118
45.713	41	2	0.651451	20	20	480	37.5	0	0.754118
45.713	42	1	2.385686	10	10	480	79.166667	0.990099	0.754118
45.713	42	2	0.651451	20	20	480	37.5	0	0.754118
45.713	43	1	2.385686	10	10	480	79.166667	0.990099	0.754118
45.713	43	2	0.651451	20	20	480	37.5	0	0.754118
45.713	44	1	2.385686	10	10	480	79.166667	0.990099	0.754118
45.713	44	2	0.651451	20	20	480	37.5	0	0.754118
45.713	45	1	2.385686	10	10	480	79.166667	0.990099	0.754118
45.713	45	2	0.651451	20	20	480	37.5	0	0.754118
45.713	46	1	2.385686	10	10	480	79.166667	0.990099	0.754118
45.713	46	2	0.651451	20	20	480	37.5	0	0.754118
45.713	47	1	2.385686	10	10	480	79.166667	0.990099	0.754118
45.713	47	2	0.651451	20	20	480	37.5	0	0.754118
45.713	48	1	2.385686	10	10	480	79.166667	0.990099	0.754118
45.713	48	2	0.651451	20	20	480	37.5	0	0.754118
45.713	49	1	2.385686	10	10	480	79.166667	0.990099	0.754118
45.713	49	2	0.651451	20	20	480	37.5	0	0.754118
45.713	50	1	2.385686	10	10	480	79.166667	0.990099	0.754118
45.713	50	2	0.651451	20	20	480	37.5	0	0.754118
45.713	51	1	2.385686	10	10	480	79.166667	0.990099	0.754118
45.713	51	2	0.651451	20	20	480	37.5	0	0.754118
45.713	52	1	2.385686	10	10	480	79.166667	0.990099	0.754118
45.713	52	2	0.651451	20	20	480	37.5	0	0.754118
45.713	53	1	2.385686	10	10	480	79.166667	0.990099	0.754118
45.713	53	2	0.651451	20	20	480	37.5	0	0.754118
45.713	54	1	2.385686	10	10	480	79.166667	0.990099	0.754118
45.713	54	2	0.651451	20	20	480	37.5	0	0.754118
45.713	55	1	2.385686	10	10	480	79.166667	0.990099	0.754118
45.713	55	2	0.651451	20	20	480	37.5	0	0.754118
45.713	56	1	2.385686	10	10	480	79.166667	0.990099	0.754118
45.713	56	2	0.651451	20	20	480	37.5	0	0.754118
45.713	57	1	2.385686	10	10	480	79.166667	0.990099	0.754118
45.713	57	2	0.651451	20	20	480	37.5	0	0.754118
45.713	58	1	2.385686	10	10	480	79.166667	0.990099	0.754118
45.713	58	2	0.651451	20	20	480	37.5	0	0.754118
45.713	59	1	2.385686	10	10	480	79.166667	0.990099	0.754118
45.713	59	2	0.651451	20	20	480	37.5	0	0.754118
45.713	60	1	2.385686	10	10	480	79.166667	0.990099	0.754118
45.713	60	2	0.651451	20	20	480	37.5	0	0.754118
45.713	61	1	2.385686	10	10	480	79.166667	0.990099	0.754118
45.713	61	2	0.651451	20	20	480	37.5	0	0.754118
45.713	62	1	2.385686	10	10	480	79.166667	0.990099	0.754118
45.713	62	2	0.651451	20	20	480	37.5	0	0.754118
45.713	63	1	2.385686	10	10	480	79.166667	0.990099	0.754118
45.713	63	2	0.651451	20	20	480	37.5	0	0.754118
45.713	64	1	2.385686	10	10	480	79.166667	0.990099	0.754118
45.713	64	2	0.651451	20	20	480	37.5	0	0.754118
45.713	65	1	2.385686	10	10	480	79.166667	0.990099	0.754118
45.713	65	2	0.651451	20	20	480	37.5	0	0.754118
46.216	0	1	2.266402	10	10	456	79.166667	1.041667	0.754118
46.216	0	2	0.618879	20	20	456	37.5	0	0.754118
46.216	1	1	2.266402	10	10	456	79.166667	1.041667	0.754118
46.216	1	2	0.618879	20	20	456	37.5	0	0.754118
46.216	2	1	2.266402	10	10	456	79.166667	1.041667	0.754118
46.216	2	2	0.618879	20	20	456	37.5	0	0.754118
46.216	3	1	2.266402	10	10	456	79.166667	1.041667	0.754118
46.216	3	2	0.618879	20	20	456	37.5	0	0.754118
46.216	4	1	2.266402	10	10	456	79.166667	1.041667	0.754118
46.216	4	2	0.618879	20	20	456	37.5	0	0.754118
46.216	5	1	2.266402	10	10	456	79.166667	1.041667	0.754118
46.216	5	2	0.618879	20	20	456	37.5	0	0.754118
46.216	6	1	2.266402	10	10	456	79.166667	1.041667	0.754118
46.216	6	2	0.618879	20	20	456	37.5	0	0.754118
46.216	7	1	2.266402	10	10	456	79.166667	1.041667	0.754118
46.216	7	2	0.618879	20	20	456	37.5	0	0.754118
46.216	8	1	2.266402	10	10	456	79.166667	1.041667	0.754118
46.216	8	2	0.618879	20	20	456	37.5	0	0.754118
46.216	9	1	2.266402	10	10	456	79.166667	1.041667	0.754118
46.216	9	2	0.618879	20	20	456	37.5	0	0.754118
46.216	10	1	2.266402	10	10	456	79.166667	1.041667	0.754118
46.216	10	2	0.618879	20	20	456	37.5	0	0.754118
46.216	11	1	2.266402	10	10	456	79.166667	1.041667	0.754118
46.216	11	2	0.618879	20	20	456	37.5	0	0.754118
46.216	12	1	2.266402	10	10	456	79.166667	1.041667	0.754118
46.216	12	2	0.618879	20	20	456	37.5	0	0.754118
46.216	13	1	2.266402	10	10	456	79.166667	1.041667	0.754118
46.216	13	2	0.618879	20	20	456	37.5	0	0.754118
46.216	14	1	2.266402	10	10	456	79.166667	1.041667	0.754118
46.216	14	2	0.618879	20	20	456	37.5	0	0.754118
46.216	15	1	2.266402	10	10	456	79.166667	1.041667	0.754118
46.216	15	2	0.618879	20	20	456	37.5	0	0.754118
46.216	16	1	2.266402	10	10	456	79.166667	1.041667	0.754118
46.216	16	2	0.618879	20	20	456	37.5	0	0.754118
46.216	17	1	2.266402	10	10	456	79.166667	1.041667	0.754118
46.216	17	2	0.618879	20	20	456	37.5	0	0.754118
46.216	18	1	2.266402	10	10	456	79.166667	1.041667	0.754118
46.216	18	2	0.618879	20	20	456	37.5	0	0.754118
46.216	19	1	2.266402	10	10	456	79.166667	1.041667	0.754118
46.216	19	2	0.618879	20	20	456	37.5	0	0.754118
46.216	20	1	2.266402	10	10	456	79.166667	1.041667	0.754118
46.216	20	2	0.618879	20	20	456	37.5	0	0.754118
46.216	21	1	2.266402	10	10	456	79.166667	1.041667	0.754118
46.216	21	2	0.618879	20	20	456	37.5	0	0.754118
46.216	22	1	2.266402	10	10	456	79.166667	1.041667	0.754118
46.216	22	2	0.618879	20	20	456	37.5	0	0.754118
46.216	23	1	2.266402	10	10	456	79.166667	1.041667	0.754118
46.216	23	2	0.618879	20	20	456	37.5	0	0.754118
46.216	24	1	2.266402	10	10	456	79.166667	1.041667	0.754118
46.216	24	2	0.618879	20	20	456	37.5	0	0.754118
46.216	25	1	2.266402	10	10	456	79.166667	1.041667	0.754118
46.216	25	2	0.618879	20	20	456	37.5	0	0.754118
46.216	26	1	2.266402	10	10	456	79.166667	1.041667	0.754118
46.216	26	2	0.618879	20	20	456	37.5	0	0.754118
46.216	27	1	2.266402	10	10	456	79.166667	1.041667	0.754118
46.216	27	2	0.618879	20	20	456	37.5	0	0.754118
46.216	28	1	2.266402	10	10	456	79.166667	1.041667	0.754118
46.216	28	2	0.618879	20	20	456	37.5	0	0.754118
46.216	29	1	2.266402	10	10	456	79.166667	1.041667	0.754118
46.216	29	2	0.618879	20	20	456	37.5	0	0.754118
46.216	30	1	2.266402	10	10	456	79.166667	1.041667	0.754118
46.216	30	2	0.618879	20	20	456	37.5	0	0.754118
46.216	31	1	2.266402	10	10	456	79.166667	1.041667	0.754118
46.216	31	2	0.618879	20	20	456	37.5	0	0.754118
46.216	32	1	2.266402	10	10	456	79.166667	1.041667	0.754118
46.216	32	2	0.618879	20	20	456	37.5	0	0.754118
46.216	33	1	2.266402	10	10	456	79.166667	1.041667	0.754118
46.216	33	2	0.618879	20	20	456	37.5	0	0.754118
46.216	34	1	2.266402	10	10	456	79.166667	1.041667	0.754118
46.216	34	2	0.618879	20	20	456	37.5	0	0.754118
46.216	35	1	2.266402	10	10	456	79.166667	1.041667	0.754118
46.216	35	2	0.618879	20	20	456	37.5	0	0.754118
46.216	36	1	2.266402	10	10	456	79.166667	1.041667	0.754118
46.216	36	2	0.618879	20	20	456	37.5	0	0.754118
46.216	37	1	2.266402	10	10	456	79.166667	1.041667	0.754118
46.216	37	2	0.618879	20	20	456	37.5	0	0.754118
46.216	38	1	2.266402	10	10	456	79.166667	1.041667	0.754118
46.216	38	2	0.618879	20	20	456	37.5	0	0.754118
46.216	39	1	2.266402	10	10	456	79.166667	1.041667	0.754118
46.216	39	2	0.618879	20	20	456	37.5	0	0.754118
46.216	40	1	2.266402	10	10	456	79.166667	1.041667	0.754118
46.216	40	2	0.618879	20	20	456	37.5	0	0.754118
46.216	41	1	2.266402	10	10	456	79.166667	1.041667	0.754118
46.216	41	2	0.618879	20	20	456	37.5	0	0.754118
46.216	42	1	2.266402	10	10	456	79.166667	1.041667	0.754118
46.216	42	2	0.618879	20	20	456	37.5	0	0.754118
46.216	43	1	2.266402	10	10	456	79.166667	1.041667	0.754118
46.216	43	2	0.618879	20	20	456	37.5	0	0.754118
46.216	44	1	2.266402	10	10	456	79.166667	1.041667	0.754118
46.216	44	2	0.618879	20	20	456	37.5	0	0.754118
46.216	45	1	2.266402	10	10	456	79.166667	1.041667	0.754118
46.216	45	2	0.618879	20	20	456	37.5	0	0.754118
46.216	46	1	2.266402	10	10	456	79.166667	1.041667	0.754118
46.216	46	2	0.618879	20	20	456	37.5	0	0.754118
46.216	47	1	2.266402	10	10	456	79.166667	1.041667	0.754118
46.216	47	2	0.618879	20	20	456	37.5	0	0.754118
46.216	48	1	2.266402	10	10	456	79.166667	1.041667	0.754118
46.216	48	2	0.618879	20	20	456	37.5	0	0.754118
46.216	49	1	2.266402	10	10	456	79.166667	1.041667	0.754118
46.216	49	2	0.618879	20	20	456	37.5	0	0.754118
46.216	50	1	2.266402	10	10	456	79.166667	1.041667	0.754118
46.216	50	2	0.618879	20	20	456	37.5	0	0.754118
46.216	51	1	2.266402	10	10	456	79.166667	1.041667	0.754118
46.216	51	2	0.618879	20	20	456	37.5	0	0.754118
46.216	52	1	2.266402	10	10	456	79.166667	1.041667	0.754118
46.216	52	2	0.618879	20	20	456	37.5	0	0.754118
46.216	53	1	2.266402	10	10	456	79.166667	1.041667	0.754118
46.216	53	2	0.618879	20	20	456	37.5	0	0.754118
46.216	54	1	2.266402	10	10	456	79.166667	1.041667	0.754118
46.216	54	2	0.618879	20	20	456	37.5	0	0.754118
46.216	55	1	2.266402	10	10	456	79.166667	1.041667	0.754118
46.216	55	2	0.618879	20	20	456	37.5	0	0.754118
46.216	56	1	2.266402	10	10	456	79.166667	1.041667	0.754118
46.216	56	2	0.618879	20	20	456	37.5	0	0.754118
46.216	57	1	2.266402	10	10	456	79.166667	1.041667	0.754118
46.216	57	2	0.618879	20	20	456	37.5	0	0.754118
46.216	58	1	2.266402	10	10	456	79.166667	1.041667	0.754118
46.216	58	2	0.618879	20	20	456	37.5	0	0.754118
46.216	59	1	2.266402	10	10	456	79.166667	1.041667	0.754118
46.216	59	2	0.618879	20	20	456	37.5	0	0.754118
46.216	60	1	2.266402	10	10	456	79.166667	1.041667	0.754118
46.216	60	2	0.618879	20	20	456	37.5	0	0.754118
46.216	61	1	2.266402	10	10	456	79.166667	1.041667	0.754118
46.216	61	2	0.618879	20	20	456	37.5	0	0.754118
46.216	62	1	2.266402	10	10	456	79.166667	1.041667	0.754118
46.216	62	2	0.618879	20	20	456	37.5	0	0.754118
46.216	63	1	2.266402	10	10	456	79.166667	1.041667	0.754118
46.216	63	2	0.618879	20	20	456	37.5	0	0.754118
46.216	64	1	2.266402	10	10	456	79.166667	1.041667	0.754118
46.216	64	2	0.618879	20	20	456	37.5	0	0.754118
46.216	65	1	2.266402	10	10	456	79.166667	1.041667	0.754118
46.216	65	2	0.618879	20	20	456	37.5	0	0.754118
46.719	0	1	2.266402	10	10	456	79.166667	1.041667	0.754118
46.719	0	2	0.618879	20	20	456	37.5	0	0.754118
46.719	1	1	2.266402	10	10	456	79.166667	1.041667	0.754118
46.719	1	2	0.618879	20	20	456	37.5	0	0.754118
46.719	2	1	2.266402	10	10	456	79.166667	1.041667	0.754118
46.719	2	2	0.618879	20	20	456	37.5	0	0.754118
46.719	3	1	2.266402	10	10	456	79.166667	1.041667	0.754118
46.719	3	2	0.618879	20	20	456	37.5	0	0.754118
46.719	4	1	2.266402	10	10	456	79.166667	1.041667	0.754118
46.719	4	2	0.618879	20	20	456	37.5	0	0.754118
46.719	5	1	2.266402	10	10	456	79.166667	1.041667	0.754118
46.719	5	2	0.618879	20	20	456	37.5	0	0.754118
46.719	6	1	2.266402	10	10	456	79.166667	1.041667	0.754118
46.719	6	2	0.618879	20	20	456	37.5	0	0.754118
46.719	7	1	2.266402	10	10	456	79.166667	1.041667	0.754118
46.719	7	2	0.618879	20	20	456	37.5	0	0.754118
46.719	8	1	2.266402	10	10	456	79.166667	1.041667	0.754118
46.719	8	2	0.618879	20	20	456	37.5	0	0.754118
46.719	9	1	2.266402	10	10	456	79.166667	1.041667	0.754118
46.719	9	2	0.618879	20	20	456	37.5	0	0.754118
46.719	10	1	2.266402	10	10	456	79.166667	1.041667	0.754118
46.719	10	2	0.618879	20	20	456	37.5	0	0.754118
46.719	11	1	2.266402	10	10	456	79.166667	1.041667	0.754118
46.719	11	2	0.618879	20	20	456	37.5	0	0.754118
46.719	12	1	2.266402	10	10	456	79.166667	1.041667	0.754118
46.719	12	2	0.618879	20	20	456	37.5	0	0.754118
46.719	13	1	2.266402	10	10	456	79.166667	1.041667	0.754118
46.719	13	2	0.618879	20	20	456	37.5	0	0.754118
46.719	14	1	2.266402	10	10	456	79.166667	1.041667	0.754118
46.719	14	2	0.618879	20	20	456	37.5	0	0.754118
46.719	15	1	2.266402	10	10	456	79.166667	1.041667	0.754118
46.719	15	2	0.618879	20	20	456	37.5	0	0.754118
46.719	16	1	2.266402	10	10	456	79.166667	1.041667	0.754118
46.719	16	2	0.618879	20	20	456	37.5	0	0.754118
46.719	17	1	2.266402	10	10	456	79.166667	1.041667	0.754118
46.719	17	2	0.618879	20	20	456	37.5	0	0.754118
46.719	18	1	2.266402	10	10	456	79.166667	1.041667	0.754118
46.719	18	2	0.618879	20	20	456	37.5	0	0.754118
46.719	19	1	2.266402	10	10	456	79.166667	1.041667	0.754118
46.719	19	2	0.618879	20	20	456	37.5	0	0.754118
46.719	20	1	2.266402	10	10	456	79.166667	1.041667	0.754118
46.719	20	2	0.618879	20	20	456	37.5	0	0.754118
46.719	21	1	2.266402	10	10	456	79.166667	1.041667	0.754118
46.719	21	2	0.618879	20	20	456	37.5	0	0.754118
46.719	22	1	2.266402	10	10	456	79.166667	1.041667	0.754118
46.719	22	2	0.618879	20	20	456	37.5	0	0.754118
46.719	23	1	2.266402	10	10	456	79.166667	1.041667	0.754118
46.719	23	2	0.618879	20	20	456	37.5	0	0.754118
46.719	24	1	2.266402	10	10	456	79.166667	1.041667	0.754118
46.719	24	2	0.618879	20	20	456	37.5	0	0.754118
46.719	25	1	2.266402	10	10	456	79.166667	1.041667	0.754118
46.719	25	2	0.618879	20	20	456	37.5	0	0.754118
46.719	26	1	2.266402	10	10	456	79.166667	1.041667	0.754118
46.719	26	2	0.618879	20	20	456	37.5	0	0.754118
46.719	27	1	2.266402	10	10	456	79.166667	1.041667	0.754118
46.719	27	2	0.618879	20	20	456	37.5	0	0.754118
46.719	28	1	2.266402	10	10	456	79.166667	1.041667	0.754118
46.719	28	2	0.618879	20	20	456	37.5	0	0.754118
46.719	29	1	2.266402	10	10	456	79.166667	1.041667	0.754118
46.719	29	2	0.618879	20	20	456	37.5	0	0.754118
46.719	30	1	2.266402	10	10	456	79.166667	1.041667	0.754118
46.719	30	2	0.618879	20	20	456	37.5	0	0.754118
46.719	31	1	2.266402	10	10	456	79.166667	1.041667	0.754118
46.719	31	2	0.618879	20	20	456	37.5	0	0.754118
46.719	32	1	2.266402	10	10	456	79.166667	1.041667	0.754118
46.719	32	2	0.618879	20	20	456	37.5	0	0.754118
46.719	33	1	2.266402	10	10	456	79.166667	1.041667	0.754118
46.719	33	2	0.618879	20	20	456	37.5	0	0.754118
46.719	34	1	2.266402	10	10	456	79.166667	1.041667	0.754118
46.719	34	2	0.618879	20	20	456	37.5	0	0.754118
46.719	35	1	2.266402	10	10	456	79.166667	1.041667	0.754118
46.719	35	2	0.618879	20	20	456	37.5	0	0.754118
46.719	36	1	2.266402	10	10	456	79.166667	1.041667	0.754118
46.719	36	2	0.618879	20	20	456	37.5	0	0.754118
46.719	37	1	2.266402	10	10	456	79.166667	1.041667	0.754118
46.719	37	2	0.618879	20	20	456	37.5	0	0.754118
46.719	38	1	2.266402	10	10	456	79.166667	1.041667	0.754118
46.719	38	2	0.618879	20	20	456	37.5	0	0.754118
46.719	39	1	2.266402	10	10	456	79.166667	1.041667	0.754118
46.719	39	2	0.618879	20	20	456	37.5	0	0.754118
46.719	40	1	2.266402	10	10	456	79.166667	1.041667	0.754118
46.719	40	2	0.618879	20	20	456	37.5	0	0.754118
46.719	41	1	2.266402	10	10	456	79.166667	1.041667	0.754118
46.719	41	2	0.618879	20	20	456	37.5	0	0.754118
46.719	42	1	2.266402	10	10	456	79.166667	1.041667	0.754118
46.719	42	2	0.618879	20	20	456	37.5	0	0.754118
46.719	43	1	2.266402	10	10	456	79.166667	1.041667	0.754118
46.719	43	2	0.618879	20	20	456	37.5	0	0.754118
46.719	44	1	2.266402	10	10	456	79.166667	1.041667	0.754118
46.719	44	2	0.618879	20	20	456	37.5	0	0.754118
46.719	45	1	2.266402	10	10	456	79.166667	1.041667	0.754118
46.719	45	2	0.618879	20	20	456	37.5	0	0.754118
46.719	46	1	2.266402	10	10	456	79.166667	1.041667	0.754118
46.719	46	2	0.618879	20	20	456	37.5	0	0.754118
46.719	47	1	2.266402	10	10	456	79.166667	1.041667	0.754118
46.719	47	2	0.618879	20	20	456	37.5	0	0.754118
46.719	48	1	2.266402	10	10	456	79.166667	1.041667	0.754118
46.719	48	2	0.618879	20	20	456	37.5	0	0.754118
46.719	49	1	2.266402	10	10	456	79.166667	1.041667	0.754118
46.719	49	2	0.618879	20	20	456	37.5	0	0.754118
46.719	50	1	2.266402	10	10	456	79.166667	1.041667	0.754118
46.719	50	2	0.618879	20	20	456	37.5	0	0.754118
46.719	51	1	2.266402	10	10	456	79.166667	1.041667	0.754118
46.719	51	2	0.618879	20	20	456	37.5	0	0.754118
46.719	52	1	2.266402	10	10	456	79.166667	1.041667	0.754118
46.719	52	2	0.618879	20	20	456	37.5	0	0.754118
46.719	53	1	2.266402	10	10	456	79.166667	1.041667	0.754118
46.719	53	2	0.618879	20	20	456	37.5	0	0.754118
46.719	54	1	2.266402	10	10	456	79.166667	1.041667	0.754118
46.719	54	2	0.618879	20	20	456	37.5	0	0.754118
46.719	55	1	2.266402	10	10	456	79.166667	1.041667	0.754118
46.719	55	2	0.618879	20	20	456	37.5	0	0.754118
46.719	56	1	2.266402	10	10	456	79.166667	1.041667	0.754118
46.719	56	2	0.618879	20	20	456	37.5	0	0.754118
46.719	57	1	2.266402	10	10	456	79.166667	1.041667	0.754118
46.719	57	2	0.618879	20	20	456	37.5	0	0.754118
46.719	58	1	2.266402	10	10	456	79.166667	1.041667	0.754118
46.719	58	2	0.618879	20	20	456	37.5	0	0.754118
46.719	59	1	2.266402	10	10	456	79.166667	1.041667	0.754118
46.719	59	2	0.618879	20	20	456	37.5	0	0.754118
46.719	60	1	2.266402	10	10	456	79.166667	1.041667	0.754118
46.719	60	2	0.618879	20	20	456	37.5	0	0.754118
46.719	61	1	2.266402	10	10	456	79.166667	1.041667	0.754118
46.719	61	2	0.618879	20	20	456	37.5	0	0.754118
46.719	62	1	2.266402	10	10	456	79.166667	1.041667	0.754118
46.719	62	2	0.618879	20	20	456	37.5	0	0.754118
46.719	63	1	2.266402	10	10	456	79.166667	1.041667	0.754118
46.719	63	2	0.618879	20	20	456	37.5	0	0.754118
46.719	64	1	2.266402	10	10	456	79.166667	1.041667	0.754118
46.719	64	2	0.618879	20	20	456	37.5	0	0.754118
46.719	65	1	2.266402	10	10	456	79.166667	1.041667	0.754118
46.719	65	2	0.618879	20	20	456	37.5	0	0.754118
47.222	0	1	2.385686	10	10	480	79.166667	0.990099	0.754118
47.222	0	2	0.651451	20	20	480	37.5	0	0.754118
47.222	1	1	2.385686	10	10	480	79.166667	0.990099	0.754118
47.222	1	2	0.651451	20	20	480	37.5	0	0.754118
47.222	2	1	2.385686	10	10	480	79.166667	0.990099	0.754118
47.222	2	2	0.651451	20	20	480	37.5	0	0.754118
47.222	3	1	2.385686	10	10	480	79.166667	0.990099	0.754118
47.222	3	2	0.651451	20	20	480	37.5	0	0.754118
47.222	4	1	2.385686	10	10	480	79.166667	0.990099	0.754118
47.222	4	2	0.651451	20	20	480	37.5	0	0.754118
47.222	5	1	2.385686	10	10	480	79.166667	0.990099	0.754118
47.222	5	2	0.651451	20	20	480	37.5	0	0.754118
47.222	6	1	2.385686	10	10	480	79.166667	0.990099	0.754118
47.222	6	2	0.651451	20	20	480	37.5	0	0.754118
47.222	7	1	2.385686	10	10	480	79.166667	0.990099	0.754118
47.222	7	2	0.651451	20	20	480	37.5	0	0.754118
47.222	8	1	2.385686	10	10	480	79.166667	0.990099	0.754118
47.222	8	2	0.651451	20	20	480	37.5	0	0.754118
47.222	9	1	2.385686	10	10	480	79.166667	0.990099	0.754118
47.222	9	2	0.651451	20	20	480	37.5	0	0.754118
47.222	10	1	2.385686	10	10	480	79.166667	0.990099	0.754118
47.222	10	2	0.651451	20	20	480	37.5	0	0.754118
47.222	11	1	2.385686	10	10	480	79.166667	0.990099	0.754118
47.222	11	2	0.651451	20	20	480	37.5	0	0.754118
47.222	12	1	2.385686	10	10	480	79.166667	0.990099	0.754118
47.222	12	2	0.651451	20	20	480	37.5	0	0.754118
47.222	13	1	2.385686	10	10	480	79.166667	0.990099	0.754118
47.222	13	2	0.651451	20	20	480	37.5	0	0.754118
47.222	14	1	2.385686	10	10	480	79.166667	0.990099	0.754118
47.222	14	2	0.651451	20	20	480	37.5	0	0.754118
47.222	15	1	2.385686	10	10	480	79.166667	0.990099	0.754118
47.222	15	2	0.651451	20	20	480	37.5	0	0.754118
47.222	16	1	2.385686	10	10	480	79.166667	0.990099	0.754118
47.222	16	2	0.651451	20	20	480	37.5	0	0.754118
47.222	17	1	2.385686	10	10	480	79.166667	0.990099	0.754118
47.222	17	2	0.651451	20	20	480	37.5	0	0.754118
47.222	18	1	2.385686	10	10	480	79.166667	0.990099	0.754118
47.222	18	2	0.651451	20	20	480	37.5	0	0.754118
47.222	19	1	2.385686	10	10	480	79.166667	0.990099	0.754118
47.222	19	2	0.651451	20	20	480	37.5	0	0.754118
47.222	20	1	2.385686	10	10	480	79.166667	0.990099	0.754118
47.222	20	2	0.651451	20	20	480	37.5	0	0.754118
47.222	21	1	2.385686	10	10	480	79.166667	0.990099	0.754118
47.222	21	2	0.651451	20	20	480	37.5	0	0.754118
47.222	22	1	2.385686	10	10	480	79.166667	0.990099	0.754118
47.222	22	2	0.651451	20	20	480	37.5	0	0.754118
47.222	23	1	2.385686	10	10	480	79.166667	0.990099	0.754118
47.222	23	2	0.651451	20	20	480	37.5	0	0.754118
47.222	24	1	2.385686	10	10	480	79.166667	0.990099	0.754118
47.222	24	2	0.651451	20	20	480	37.5	0	0.754118
47.222	25	1	2.385686	10	10	480	79.166667	0.990099	0.754118
47.222	25	2	0.651451	20	20	480	37.5	0	0.754118
47.222	26	1	2.385686	10	10	480	79.166667	0.990099	0.754118
47.222	26	2	0.651451	20	20	480	37.5	0	0.754118
47.222	27	1	2.385686	10	10	480	79.166667	0.990099	0.754118
47.222	27	2	0.651451	20	20	480	37.5	0	0.754118
47.222	28	1	2.385686	10	10	480	79.166667	0.990099	0.754118
47.222	28	2	0.651451	20	20	480	37.5	0	0.754118
47.222	29	1	2.385686	10	10	480	79.166667	0.990099	0.754118
47.222	29	2	0.651451	20	20	480	37.5	0	0.754118
47.222	30	1	2.385686	10	10	480	79.166667	0.990099	0.754118
47.222	30	2	0.651451	20	20	480	37.5	0	0.754118
47.222	31	1	2.385686	10	10	480	79.166667	0.990099	0.754118
47.222	31	2	0.651451	20	20	480	37.5	0	0.754118
47.222	32	1	2.385686	10	10	480	79.166667	0.990099	0.754118
47.222	32	2	0.651451	20	20	480	37.5	0	0.754118
47.222	33	1	2.385686	10	10	480	79.166667	0.990099	0.754118
47.222	33	2	0.651451	20	20	480	37.5	0	0.754118
47.222	34	1	2.385686	10	10	480	79.166667	0.990099	0.754118
47.222	34	2	0.651451	20	20	480	37.5	0	0.754118
47.222	35	1	2.385686	10	10	480	79.166667	0.990099	0.754118
47.222	35	2	0.651451	20	20	480	37.5	0	0.754118
47.222	36	1	2.385686	10	10	480	79.166667	0.990099	0.754118
47.222	36	2	0.651451	20	20	480	37.5	0	0.754118
47.222	37	1	2.385686	10	10	480	79.166667	0.990099	0.754118
47.222	37	2	0.651451	20	20	480	37.5	0	0.754118
47.222	38	1	2.385686	10	10	480	79.166667	0.990099	0.754118
47.222	38	2	0.651451	20	20	480	37.5	0	0.754118
47.222	39	1	2.385686	10	10	480	79.166667	0.990099	0.754118
47.222	39	2	0.651451	20	20	480	37.5	0	0.754118
47.222	40	1	2.385686	10	10	480	79.166667	0.990099	0.754118
47.222	40	2	0.651451	20	20	480	37.5	0	0.754118
47.222	41	1	2.385686	10	10	480	79.166667	0.990099	0.754118
47.222	41	2	0.651451	20	20	480	37.5	0	0.754118
47.222	42	1	2.385686	10	10	480	79.166667	0.990099	0.754118
47.222	42	2	0.651451	20	20	480	37.5	0	0.754118
47.222	43	1	2.385686	10	10	480	79.166667	0.990099	0.754118
47.222	43	2	0.651451	20	20	480	37.5	0	0.754118
47.222	44	1	2.385686	10	10	480	79.166667	0.990099	0.754118
47.222	44	2	0.651451	20	20	480	37.5	0	0.754118
47.222	45	1	2.385686	10	10	480	79.166667	0.990099	0.754118
47.222	45	2	0.651451	20	20	480	37.5	0	0.754118
47.222	46	1	2.385686	10	10	480	79.166667	0.990099	0.754118
47.222	46	2	0.651451	20	20	480	37.5	0	0.754118
47.222	47	1	2.385686	10	10	480	79.166667	0.990099	0.754118
47.222	47	2	0.651451	20	20	480	37.5	0	0.754118
47.222	48	1	2.385686	10	10	480	79.166667	0.990099	0.754118
47.222	48	2	0.651451	20	20	480	37.5	0	0.754118
47.222	49	1	2.385686	10	10	480	79.166667	0.990099	0.754118
47.222	49	2	0.651451	20	20	480	37.5	0	0.754118
47.222	50	1	2.385686	10	10	480	79.166667	0.990099	0.754118
47.222	50	2	0.651451	20	20	480	37.5	0	0.754118
47.222	51	1	2.385686	10	10	480	79.166667	0.990099	0.754118
47.222	51	2	0.651451	20	20	480	37.5	0	0.754118
47.222	52	1	2.385686	10	10	480	79.166667	0.990099	0.754118
47.222	52	2	0.651451	20	20	480	37.5	0	0.754118
47.222	53	1	2.385686	10	10	480	79.166667	0.990099	0.754118
47.222	53	2	0.651451	20	20	480	37.5	0	0.754118
47.222	54	1	2.385686	10	10	480	79.166667	0.990099	0.754118
47.222	54	2	0.651451	20	20	480	37.5	0	0.754118
47.222	55	1	2.385686	10	10	480	79.166667	0.990099	0.754118
47.222	55	2	0.651451	20	20	480	37.5	0	0.754118
47.222	56	1	2.385686	10	10	480	79.166667	0.990099	0.754118
47.222	56	2	0.651451	20	20	480	37.5	0	0.754118
47.222	57	1	2.385686	10	10	480	79.166667	0.990099	0.754118
47.222	57	2	0.651451	20	20	480	37.5	0	0.754118
47.222	58	1	2.385686	10	10	480	79.166667	0.990099	0.754118
47.222	58	2	0.651451	20	20	480	37.5	0	0.754118
47.222	59	1	2.385686	10	10	480	79.166667	0.990099	0.754118
47.222	59	2	0.651451	20	20	480	37.5	0	0.754118
47.222	60	1	2.385686	10	10	480	79.166667	0.990099	0.754118
47.222	60	2	0.651451	20	20	480	37.5	0	0.754118
47.222	61	1	2.385686	10	10	480	79.166667	0.990099	0.754118
47.222	61	2	0.651451	20	20	480	37.5	0	0.754118
47.222	62	1	2.385686	10	10	480	79.166667	0.990099	0.754118
47.222	62	2	0.651451	20	20	480	37.5	0	0.754118
47.222	63	1	2.385686	10	10	480	79.166667	0.990099	0.754118
47.222	63	2	0.651451	20	20	480	37.5	0	0.754118
47.222	64	1	2.385686	10	10	480	79.166667	0.990099	0.754118
47.222	64	2	0.651451	20	20	480	37.5	0	0.754118
47.222	65	1	2.385686	10	10	480	79.166667	0.990099	0.754118
47.222	65	2	0.651451	20	20	480	37.5	0	0.754118
47.725	0	1	2.266402	10	10	456	79.166667	1.041667	0.754118
47.725	0	2	0.618879	20	20	456	37.5	0	0.754118
47.725	1	1	2.266402	10	10	456	79.166667	1.041667	0.754118
47.725	1	2	0.618879	20	20	456	37.5	0	0.754118
47.725	2	1	2.266402	10	10	456	79.166667	1.041667	0.754118
47.725	2	2	0.618879	20	20	456	37.5	0	0.754118
47.725	3	1	2.266402	10	10	456	79.166667	1.041667	0.754118
47.725	3	2	0.618879	20	20	456	37.5	0	0.754118
47.725	4	1	2.266402	10	10	456	79.166667	1.041667	0.754118
47.725	4	2	0.618879	20	20	456	37.5	0	0.754118
47.725	5	1	2.266402	10	10	456	79.166667	1.041667	0.754118
47.725	5	2	0.618879	20	20	456	37.5	0	0.754118
47.725	6	1	2.266402	10	10	456	79.166667	1.041667	0.754118
47.725	6	2	0.618879	20	20	456	37.5	0	0.754118
47.725	7	1	2.266402	10	10	456	79.166667	1.041667	0.754118
47.725	7	2	0.618879	20	20	456	37.5	0	0.754118
47.725	8	1	2.266402	10	10	456	79.166667	1.041667	0.754118
47.725	8	2	0.618879	20	20	456	37.5	0	0.754118
47.725	9	1	2.266402	10	10	456	79.166667	1.041667	0.754118
47.725	9	2	0.618879	20	20	456	37.5	0	0.754118
47.725	10	1	2.266402	10	10	456	79.166667	1.041667	0.754118
47.725	10	2	0.618879	20	20	456	37.5	0	0.754118
47.725	11	1	2.266402	10	10	456	79.166667	1.041667	0.754118
47.725	11	2	0.618879	20	20	456	37.5	0	0.754118
47.725	12	1	2.266402	10	10	456	79.166667	1.041667	0.754118
47.725	12	2	0.618879	20	20	456	37.5	0	0.754118
47.725	13	1	2.266402	10	10	456	79.166667	1.041667	0.754118
47.725	13	2	0.618879	20	20	456	37.5	0	0.754118
47.725	14	1	2.266402	10	10	456	79.166667	1.041667	0.754118
47.725	14	2	0.618879	20	20	456	37.5	0	0.754118
47.725	15	1	2.266402	10	10	456	79.166667	1.041667	0.754118
47.725	15	2	0.618879	20	20	456	37.5	0	0.754118
47.725	16	1	2.266402	10	10	456	79.166667	1.041667	0.754118
47.725	16	2	0.618879	20	20	456	37.5	0	0.754118
47.725	17	1	2.266402	10	10	456	79.166667	1.041667	0.754118
47.725	17	2	0.618879	20	20	456	37.5	0	0.754118
47.725	18	1	2.266402	10	10	456	79.166667	1.041667	0.754118
47.725	18	2	0.618879	20	20	456	37.5	0	0.754118
47.725	19	1	2.266402	10	10	456	79.166667	1.041667	0.754118
47.725	19	2	0.618879	20	20	456	37.5	0	0.754118
47.725	20	1	2.266402	10	10	456	79.166667	1.041667	0.754118
47.725	20	2	0.618879	20	20	456	37.5	0	0.754118
47.725	21	1	2.266402	10	10	456	79.166667	1.041667	0.754118
47.725	21	2	0.618879	20	20	456	37.5	0	0.754118
47.725	22	1	2.266402	10	10	456	79.166667	1.041667	0.754118
47.725	22	2	0.618879	20	20	456	37.5	0	0.754118
47.725	23	1	2.266402	10	10	456	79.166667	1.041667	0.754118
47.725	23	2	0.618879	20	20	456	37.5	0	0.754118
47.725	24	1	2.266402	10	10	456	79.166667	1.041667	0.754118
47.725	24	2	0.618879	20	20	456	37.5	0	0.754118
47.725	25	1	2.266402	10	10	456	79.166667	1.041667	0.754118
47.725	25	2	0.618879	20	20	456	37.5	0	0.754118
47.725	26	1	2.266402	10	10	456	79.166667	1.041667	0.754118
47.725	26	2	0.618879	20	20	456	37.5	0	0.754118
47.725	27	1	2.266402	10	10	456	79.166667	1.041667	0.754118
47.725	27	2	0.618879	20	20	456	37.5	0	0.754118
47.725	28	1	2.266402	10	10	456	79.166667	1.041667	0.754118
47.725	28	2	0.618879	20	20	456	37.5	0	0.754118
47.725	29	1	2.266402	10	10	456	79.166667	1.041667	0.754118
47.725	29	2	0.618879	20	20	456	37.5	0	0.754118
47.725	30	1	2.266402	10	10	456	79.166667	1.041667	0.754118
47.725	30	2	0.618879	20	20	456	37.5	0	0.754118
47.725	31	1	2.266402	10	10	456	79.166667	1.041667	0.754118
47.725	31	2	0.618879	20	20	456	37.5	0	0.754118
47.725	32	1	2.266402	10	10	456	79.166667	1.041667	0.754118
47.725	32	2	0.618879	20	20	456	37.5	0	0.754118
47.725	33	1	2.266402	10	10	456	79.166667	1.041667	0.754118
47.725	33	2	0.618879	20	20	456	37.5	0	0.754118
47.725	34	1	2.266402	10	10	456	79.166667	1.041667	0.754118
47.725	34	2	0.618879	20	20	456	37.5	0	0.754118
47.725	35	1	2.266402	10	10	456	79.166667	1.041667	0.754118
47.725	35	2	0.618879	20	20	456	37.5	0	0.754118
47.725	36	1	2.266402	10	10	456	79.166667	1.041667	0.754118
47.725	36	2	0.618879	20	20	456	37.5	0	0.754118
47.725	37	1	2.266402	10	10	456	79.166667	1.041667	0.754118
47.725	37	2	0.618879	20	20	456	37.5	0	0.754118
47.725	38	1	2.266402	10	10	456	79.166667	1.041667	0.754118
47.725	38	2	0.618879	20	20	456	37.5	0	0.754118
47.725	39	1	2.266402	10	10	456	79.166667	1.041667	0.754118
47.725	39	2	0.618879	20	20	456	37.5	0	0.754118
47.725	40	1	2.266402	10	10	456	79.166667	1.041667	0.754118
47.725	40	2	0.618879	20	20	456	37.5	0	0.754118
47.725	41	1	2.266402	10	10	456	79.166667	1.041667	0.754118
47.725	41	2	0.618879	20	20	456	37.5	0	0.754118
47.725	42	1	2.266402	10	10	456	79.166667	1.041667	0.754118
47.725	42	2	0.618879	20	20	456	37.5	0	0.754118
47.725	43	1	2.266402	10	10	456	79.166667	1.041667	0.754118
47.725	43	2	0.618879	20	20	456	37.5	0	0.754118
47.725	44	1	2.266402	10	10	456	79.166667	1.041667	0.754118
47.725	44	2	0.618879	20	20	456	37.5	0	0.754118
47.725	45	1	2.266402	10	10	456	79.166667	1.041667	0.754118
47.725	45	2	0.618879	20	20	456	37.5	0	0.754118
47.725	46	1	2.266402	10	10	456	79.166667	1.041667	0.754118
47.725	46	2	0.618879	20	20	456	37.5	0	0.754118
47.725	47	1	2.266402	10	10	456	79.166667	1.041667	0.754118
47.725	47	2	0.618879	20	20	456	37.5	0	0.754118
47.725	48	1	2.266402	10	10	456	79.166667	1.041667	0.754118
47.725	48	2	0.618879	20	20	456	37.5	0	0.754118
47.725	49	1	2.266402	10	10	456	79.166667	1.041667	0.754118
47.725	49	2	0.618879	20	20	456	37.5	0	0.754118
47.725	50	1	2.266402	10	10	456	79.166667	1.041667	0.754118
47.725	50	2	0.618879	20	20	456	37.5	0	0.754118
47.725	51	1	2.266402	10	10	456	79.166667	1.041667	0.754118
47.725	51	2	0.618879	20	20	456	37.5	0	0.754118
47.725	52	1	2.266402	10	10	456	79.166667	1.041667	0.754118
47.725	52	2	0.618879	20	20	456	37.5	0	0.754118
47.725	53	1	2.266402	10	10	456	79.166667	1.041667	0.754118
47.725	53	2	0.618879	20	20	456	37.5	0	0.754118
47.725	54	1	2.266402	10	10	456	79.166667	1.041667	0.754118
47.725	54	2	0.618879	20	20	456	37.5	0	0.754118
47.725	55	1	2.266402	10	10	456	79.166667	1.041667	0.754118
47.725	55	2	0.618879	20	20	456	37.5	0	0.754118
47.725	56	1	2.266402	10	10	456	79.166667	1.041667	0.754118
47.725	56	2	0.618879	20	20	456	37.5	0	0.754118
47.725	57	1	2.266402	10	10	456	79.166667	1.041667	0.754118
47.725	57	2	0.618879	20	20	456	37.5	0	0.754118
47.725	58	1	2.266402	10	10	456	79.166667	1.041667	0.754118
47.725	58	2	0.618879	20	20	456	37.5	0	0.754118
47.725	59	1	2.266402	10	10	456	79.166667	1.041667	0.754118
47.725	59	2	0.618879	20	20	456	37.5	0	0.754118
47.725	60	1	2.266402	10	10	456	79.166667	1.041667	0.754118
47.725	60	2	0.618879	20	20	456	37.5	0	0.754118
47.725	61	1	2.266402	10	10	456	79.166667	1.041667	0.754118
47.725	61	2	0.618879	20	20	456	37.5	0	0.754118
47.725	62	1	2.266402	10	10	456	79.166667	1.041667	0.754118
47.725	62	2	0.618879	20	20	456	37.5	0	0.754118
47.725	63	1	2.266402	10	10	456	79.166667	1.041667	0.754118
47.725	63	2	0.618879	20	20	456	37.5	0	0.754118
47.725	64	1	2.266402	10	10	456	79.166667	1.041667	0.754118
47.725	64	2	0.618879	20	20	456	37.5	0	0.754118
47.725	65	1	2.266402	10	10	456	79.166667	1.041667	0.754118
47.725	65	2	0.618879	20	20	456	37.5	0	0.754118
48.228	0	1	2.266402	10	10	456	79.166667	1.041667	0.754118
48.228	0	2	0.618879	20	20	456	37.5	0	0.754118
48.228	1	1	2.266402	10	10	456	79.166667	1.041667	0.754118
48.228	1	2	0.618879	20	20	456	37.5	0	0.754118
48.228	2	1	2.266402	10	10	456	79.166667	1.041667	0.754118
48.228	2	2	0.618879	20	20	456	37.5	0	0.754118
48.228	3	1	2.266402	10	10	456	79.166667	1.041667	0.754118
48.228	3	2	0.618879	20	20	456	37.5	0	0.754118
48.228	4	1	2.266402	10	10	456	79.166667	1.041667	0.754118
48.228	4	2	0.618879	20	20	456	37.5	0	0.754118
48.228	5	1	2.266402	10	10	456	79.166667	1.041667	0.754118
48.228	5	2	0.618879	20	20	456	37.5	0	0.754118
48.228	6	1	2.266402	10	10	456	79.166667	1.041667	0.754118
48.228	6	2	0.618879	20	20	456	37.5	0	0.754118
48.228	7	1	2.266402	10	10	456	79.166667	1.041667	0.754118
48.228	7	2	0.618879	20	20	456	37.5	0	0.754118
48.228	8	1	2.266402	10	10	456	79.166667	1.041667	0.754118
48.228	8	2	0.618879	20	20	456	37.5	0	0.754118
48.228	9	1	2.266402	10	10	456	79.166667	1.041667	0.754118
48.228	9	2	0.618879	20	20	456	37.5	0	0.754118
48.228	10	1	2.266402	10	10	456	79.166667	1.041667	0.754118
48.228	10	2	0.618879	20	20	456	37.5	0	0.754118
48.228	11	1	2.266402	10	10	456	79.166667	1.041667	0.754118
48.228	11	2	0.618879	20	20	456	37.5	0	0.754118
48.228	12	1	2.266402	10	10	456	79.166667	1.041667	0.754118
48.228	12	2	0.618879	20	20	456	37.5	0	0.754118
48.228	13	1	2.266402	10	10	456	79.166667	1.041667	0.754118
48.228	13	2	0.618879	20	20	456	37.5	0	0.754118
48.228	14	1	2.266402	10	10	456	79.166667	1.041667	0.754118
48.228	14	2	0.618879	20	20	456	37.5	0	0.754118
48.228	15	1	2.266402	10	10	456	79.166667	1.041667	0.754118
48.228	15	2	0.618879	20	20	456	37.5	0	0.754118
48.228	16	1	2.266402	10	10	456	79.166667	1.041667	0.754118
48.228	16	2	0.618879	20	20	456	37.5	0	0.754118
48.228	17	1	2.266402	10	10	456	79.166667	1.041667	0.754118
48.228	17	2	0.618879	20	20	456	37.5	0	0.754118
48.228	18	1	2.266402	10	10	456	79.166667	1.041667	0.754118
48.228	18	2	0.618879	20	20	456	37.5	0	0.754118
48.228	19	1	2.266402	10	10	456	79.166667	1.041667	0.754118
48.228	19	2	0.618879	20	20	456	37.5	0	0.754118
48.228	20	1	2.266402	10	10	456	79.166667	1.041667	0.754118
48.228	20	2	0.618879	20	20	456	37.5	0	0.754118
48.228	21	1	2.266402	10	10	456	79.166667	1.041667	0.754118
48.228	21	2	0.618879	20	20	456	37.5	0	0.754118
48.228	22	1	2.266402	10	10	456	79.166667	1.041667	0.754118
48.228	22	2	0.618879	20	20	456	37.5	0	0.754118
48.228	23	1	2.266402	10	10	456	79.166667	1.041667	0.754118
48.228	23	2	0.618879	20	20	456	37.5	0	0.754118
48.228	24	1	2.266402	10	10	456	79.166667	1.041667	0.754118
48.228	24	2	0.618879	20	20	456	37.5	0	0.754118
48.228	25	1	2.266402	10	10	456	79.166667	1.041667	0.754118
48.228	25	2	0.618879	20	20	456	37.5	0	0.754118
48.228	26	1	2.266402	10	10	456	79.166667	1.041667	0.754118
48.228	26	2	0.618879	20	20	456	37.5	0	0.754118
48.228	27	1	2.266402	10	10	456	79.166667	1.041667	0.754118
48.228	27	2	0.618879	20	20	456	37.5	0	0.754118
48.228	28	1	2.266402	10	10	456	79.166667	1.041667	0.754118
48.228	28	2	0.618879	20	20	456	37.5	0	0.754118
48.228	29	1	2.266402	10	10	456	79.166667	1.041667	0.754118
48.228	29	2	0.618879	20	20	456	37.5	0	0.754118
48.228	30	1	2.266402	10	10	456	79.166667	1.041667	0.754118
48.228	30	2	0.618879	20	20	456	37.5	0	0.754118
48.228	31	1	2.266402	10	10	456	79.166667	1.041667	0.754118
48.228	31	2	0.618879	20	20	456	37.5	0	0.754118
48.228	32	1	2.266402	10	10	456	79.166667	1.041667	0.754118
48.228	32	2	0.618879	20	20	456	37.5	0	0.754118
48.228	33	1	2.266402	10	10	456	79.166667	1.041667	0.754118
48.228	33	2	0.618879	20	20	456	37.5	0	0.754118
48.228	34	1	2.266402	10	10	456	79.166667	1.041667	0.754118
48.228	34	2	0.618879	20	20	456	37.5	0	0.754118
48.228	35	1	2.266402	10	10	456	79.166667	1.041667	0.754118
48.228	35	2	0.618879	20	20	456	37.5	0	0.754118
48.228	36	1	2.266402	10	10	456	79.166667	1.041667	0.754118
48.228	36	2	0.618879	20	20	456	37.5	0	0.754118
48.228	37	1	2.266402	10	10	456	79.166667	1.041667	0.754118
48.228	37	2	0.618879	20	20	456	37.5	0	0.754118
48.228	38	1	2.266402	10	10	456	79.166667	1.041667	0.754118
48.228	38	2	0.618879	20	20	456	37.5	0	0.754118
48.228	39	1	2.266402	10	10	456	79.166667	1.041667	0.754118
48.228	39	2	0.618879	20	20	456	37.5	0	0.754118
48.228	40	1	2.266402	10	10	456	79.166667	1.041667	0.754118
48.228	40	2	0.618879	20	20	456	37.5	0	0.754118
48.228	41	1	2.266402	10	10	456	79.166667	1.041667	0.754118
48.228	41	2	0.618879	20	20	456	37.5	0	0.754118
48.228	42	1	2.266402	10	10	456	79.166667	1.041667	0.754118
48.228	42	2	0.618879	20	20	456	37.5	0	0.754118
48.228	43	1	2.266402	10	10	456	79.166667	1.041667	0.754118
48.228	43	2	0.618879	20	20	456	37.5	0	0.754118
48.228	44	1	2.266402	10	10	456	79.166667	1.041667	0.754118
48.228	44	2	0.618879	20	20	456	37.5	0	0.754118
48.228	45	1	2.266402	10	10	456	79.166667	1.041667	0.754118
48.228	45	2	0.618879	20	20	456	37.5	0	0.754118
48.228	46	1	2.266402	10	10	456	79.166667	1.041667	0.754118
48.228	46	2	0.618879	20	20	456	37.5	0	0.754118
48.228	47	1	2.266402	10	10	456	79.166667	1.041667	0.754118
48.228	47	2	0.618879	20	20	456	37.5	0	0.754118
48.228	48	1	2.266402	10	10	456	79.166667	1.041667	0.754118
48.228	48	2	0.618879	20	20	456	37.5	0	0.754118
48.228	49	1	2.266402	10	10	456	79.166667	1.041667	0.754118
48.228	49	2	0.618879	20	20	456	37.5	0	0.754118
48.228	50	1	2.266402	10	10	456	79.166667	1.041667	0.754118
48.228	50	2	0.618879	20	20	456	37.5	0	0.754118
48.228	51	1	2.266402	10	10	456	79.166667	1.041667	0.754118
48.228	51	2	0.618879	20	20	456	37.5	0	0.754118
48.228	52	1	2.266402	10	10	456	79.166667	1.041667	0.754118
48.228	52	2	0.618879	20	20	456	37.5	0	0.754118
48.228	53	1	2.266402	10	10	456	79.166667	1.041667	0.754118
48.228	53	2	0.618879	20	20	456	37.5	0	0.754118
48.228	54	1	2.266402	10	10	456	79.166667	1.041667	0.754118
48.228	54	2	0.618879	20	20	456	37.5	0	0.754118
48.228	55	1	2.266402	10	10	456	79.166667	1.041667	0.754118
48.228	55	2	0.618879	20	20	456	37.5	0	0.754118
48.228	56	1	2.266402	10	10	456	79.166667	1.041667	0.754118
48.228	56	2	0.618879	20	20	456	37.5	0	0.754118
48.228	57	1	2.266402	10	10	456	79.166667	1.041667	0.754118
48.228	57	2	0.618879	20	20	456	37.5	0	0.754118
48.228	58	1	2.266402	10	10	456	79.166667	1.041667	0.754118
48.228	58	2	0.618879	20	20	456	37.5	0	0.754118
48.228	59	1	2.266402	10	10	456	79.166667	1.041667	0.754118
48.228	59	2	0.618879	20	20	456	37.5	0	0.754118
48.228	60	1	2.266402	10	10	456	79.166667	1.041667	0.754118
48.228	60	2	0.618879	20	20	456	37.5	0	0.754118
48.228	61	1	2.266402	10	10	456	79.166667	1.041667	0.754118
48.228	61	2	0.618879	20	20	456	37.5	0	0.754118
48.228	62	1	2.266402	10	10	456	79.166667	1.041667	0.754118
48.228	62	2	0.618879	20	20	456	37.5	0	0.754118
48.228	63	1	2.266402	10	10	456	79.166667	1.041667	0.754118
48.228	63	2	0.618879	20	20	456	37.5	0	0.754118
48.228	64	1	2.266402	10	10	456	79.166667	1.041667	0.754118
48.228	64	2	0.618879	20	20	456	37.5	0	0.754118
48.228	65	1	2.266402	10	10	456	79.166667	1.041667	0.754118
48.228	65	2	0.618879	20	20	456	37.5	0	0.754118
48.731	0	1	2.385686	10	10	480	79.166667	0.990099	0.754118
48.731	0	2	0.651451	20	20	480	37.5	0	0.754118
48.731	1	1	2.385686	10	10	480	79.166667	0.990099	0.754118
48.731	1	2	0.651451	20	20	480	37.5	0	0.754118
48.731	2	1	2.385686	10	10	480	79.166667	0.990099	0.754118
48.731	2	2	0.651451	20	20	480	37.5	0	0.754118
48.731	3	1	2.385686	10	10	480	79.166667	0.990099	0.754118
48.731	3	2	0.651451	20	20	480	37.5	0	0.754118
48.731	4	1	2.385686	10	10	480	79.166667	0.990099	0.754118
48.731	4	2	0.651451	20	20	480	37.5	0	0.754118
48.731	5	1	2.385686	10	10	480	79.166667	0.990099	0.754118
48.731	5	2	0.651451	20	20	480	37.5	0	0.754118
48.731	6	1	2.385686	10	10	480	79.166667	0.990099	0.754118
48.731	6	2	0.651451	20	20	480	37.5	0	0.754118
48.731	7	1	2.385686	10	10	480	79.166667	0.990099	0.754118
48.731	7	2	0.651451	20	20	480	37.5	0	0.754118
48.731	8	1	2.385686	10	10	480	79.166667	0.990099	0.754118
48.731	8	2	0.651451	20	20	480	37.5	0	0.754118
48.731	9	1	2.385686	10	10	480	79.166667	0.990099	0.754118
48.731	9	2	0.651451	20	20	480	37.5	0	0.754118
48.731	10	1	2.385686	10	10	480	79.166667	0.990099	0.754118
48.731	10	2	0.651451	20	20	480	37.5	0	0.754118
48.731	11	1	2.385686	10	10	480	79.166667	0.990099	0.754118
48.731	11	2	0.651451	20	20	480	37.5	0	0.754118
48.731	12	1	2.385686	10	10	480	79.166667	0.990099	0.754118
48.731	12	2	0.651451	20	20	480	37.5	0	0.754118
48.731	13	1	2.385686	10	10	480	79.166667	0.990099	0.754118
48.731	13	2	0.651451	20	20	480	37.5	0	0.754118
48.731	14	1	2.385686	10	10	480	79.166667	0.990099	0.754118
48.731	14	2	0.651451	20	20	480	37.5	0	0.754118
48.731	15	1	2.385686	10	10	480	79.166667	0.990099	0.754118
48.731	15	2	0.651451	20	20	480	37.5	0	0.754118
48.731	16	1	2.385686	10	10	480	79.166667	0.990099	0.754118
48.731	16	2	0.651451	20	20	480	37.5	0	0.754118
48.731	17	1	2.385686	10	10	480	79.166667	0.990099	0.754118
48.731	17	2	0.651451	20	20	480	37.5	0	0.754118
48.731	18	1	2.385686	10	10	480	79.166667	0.990099	0.754118
48.731	18	2	0.651451	20	20	480	37.5	0	0.754118
48.731	19	1	2.385686	10	10	480	79.166667	0.990099	0.754118
48.731	19	2	0.651451	20	20	480	37.5	0	0.754118
48.731	20	1	2.385686	10	10	480	79.166667	0.990099	0.754118
48.731	20	2	0.651451	20	20	480	37.5	0	0.754118
48.731	21	1	2.385686	10	10	480	79.166667	0.990099	0.754118
48.731	21	2	0.651451	20	20	480	37.5	0	0.754118
48.731	22	1	2.385686	10	10	480	79.166667	0.990099	0.754118
48.731	22	2	0.651451	20	20	480	37.5	0	0.754118
48.731	23	1	2.385686	10	10	480	79.166667	0.990099	0.754118
48.731	23	2	0.651451	20	20	480	37.5	0	0.754118
48.731	24	1	2.385686	10	10	480	79.166667	0.990099	0.754118
48.731	24	2	0.651451	20	20	480	37.5	0	0.754118
48.731	25	1	2.385686	10	10	480	79.166667	0.990099	0.754118
48.731	25	2	0.651451	20	20	480	37.5	0	0.754118
48.731	26	1	2.385686	10	10	480	79.166667	0.990099	0.754118
48.731	26	2	0.651451	20	20	480	37.5	0	0.754118
48.731	27	1	2.385686	10	10	480	79.166667	0.990099	0.754118
48.731	27	2	0.651451	20	20	480	37.5	0	0.754118
48.731	28	1	2.385686	10	10	480	79.166667	0.990099	0.754118
48.731	28	2	0.651451	20	20	480	37.5	0	0.754118
48.731	29	1	2.385686	10	10	480	79.166667	0.990099	0.754118
48.731	29	2	0.651451	20	20	480	37.5	0	0.754118
48.731	30	1	2.385686	10	10	480	79.166667	0.990099	0.754118
48.731	30	2	0.651451	20	20	480	37.5	0	0.754118
48.731	31	1	2.385686	10	10	480	79.166667	0.990099	0.754118
48.731	31	2	0.651451	20	20	480	37.5	0	0.754118
48.731	32	1	2.385686	10	10	480	79.166667	0.990099	0.754118
48.731	32	2	0.651451	20	20	480	37.5	0	0.754118
48.731	33	1	2.385686	10	10	480	79.166667	0.990099	0.754118
48.731	33	2	0.651451	20	20	480	37.5	0	0.754118
48.731	34	1	2.385686	10	10	480	79.166667	0.990099	0.754118
48.731	34	2	0.651451	20	20	480	37.5	0	0.754118
48.731	35	1	2.385686	10	10	480	79.166667	0.990099	0.754118
48.731	35	2	0.651451	20	20	480	37.5	0	0.754118
48.731	36	1	2.385686	10	10	480	79.166667	0.990099	0.754118
48.731	36	2	0.651451	20	20	480	37.5	0	0.754118
48.731	37	1	2.385686	10	10	480	79.166667	0.990099	0.754118
48.731	37	2	0.651451	20	20	480	37.5	0	0.754118
48.731	38	1	2.385686	10	10	480	79.166667	0.990099	0.754118
48.731	38	2	0.651451	20	20	480	37.5	0	0.754118
48.731	39	1	2.385686	10	10	480	79.166667	0.990099	0.754118
48.731	39	2	0.651451	20	20	480	37.5	0	0.754118
48.731	40	1	2.385686	10	10	480	79.166667	0.990099	0.754118
48.731	40	2	0.651451	20	20	480	37.5	0	0.754118
48.731	41	1	2.385686	10	10	480	79.166667	0.990099	0.754118
48.731	41	2	0.651451	20	20	480	37.5	0	0.754118
48.731	42	1	2.385686	10	10	480	79.166667	0.990099	0.754118
48.731	42	2	0.651451	20	20	480	37.5	0	0.754118
48.731	43	1	2.385686	10	10	480	79.166667	0.990099	0.754118
48.731	43	2	0.651451	20	20	480	37.5	0	0.754118
48.731	44	1	2.385686	10	10	480	79.166667	0.990099	0.754118
48.731	44	2	0.651451	20	20	480	37.5	0	0.754118
48.731	45	1	2.385686	10	10	480	79.166667	0.990099	0.754118
48.731	45	2	0.651451	20	20	480	37.5	0	0.754118
48.731	46	1	2.385686	10	10	480	79.166667	0.990099	0.754118
48.731	46	2	0.651451	20	20	480	37.5	0	0.754118
48.731	47	1	2.385686	10	10	480	79.166667	0.990099	0.754118
48.731	47	2	0.651451	20	20	480	37.5	0	0.754118
48.731	48	1	2.385686	10	10	480	79.166667	0.990099	0.754118
48.731	48	2	0.651451	20	20	480	37.5	0	0.754118
48.731	49	1	2.385686	10	10	480	79.166667	0.990099	0.754118
48.731	49	2	0.651451	20	20	480	37.5	0	0.754118
48.731	50	1	2.385686	10	10	480	79.166667	0.990099	0.754118
48.731	50	2	0.651451	20	20	480	37.5	0	0.754118
48.731	51	1	2.385686	10	10	480	79.166667	0.990099	0.754118
48.731	51	2	0.651451	20	20	480	37.5	0	0.754118
48.731	52	1	2.385686	10	10	480	79.166667	0.990099	0.754118
48.731	52	2	0.651451	20	20	480	37.5	0	0.754118
48.731	53	1	2.385686	10	10	480	79.166667	0.990099	0.754118
48.731	53	2	0.651451	20	20	480	37.5	0	0.754118
48.731	54	1	2.385686	10	10	480	79.166667	0.990099	0.754118
48.731	54	2	0.651451	20	20	480	37.5	0	0.754118
48.731	55	1	2.385686	10	10	480	79.166667	0.990099	0.754118
48.731	55	2	0.651451	20	20	480	37.5	0	0.754118
48.731	56	1	2.385686	10	10	480	79.166667	0.990099	0.754118
48.731	56	2	0.651451	20	20	480	37.5	0	0.754118
48.731	57	1	2.385686	10	10	480	79.166667	0.990099	0.754118
48.731	57	2	0.651451	20	20	480	37.5	0	0.754118
48.731	58	1	2.385686	10	10	480	79.166667	0.990099	0.754118
48.731	58	2	0.651451	20	20	480	37.5	0	0.754118
48.731	59	1	2.385686	10	10	480	79.166667	0.990099	0.754118
48.731	59	2	0.651451	20	20	480	37.5	0	0.754118
48.731	60	1	2.385686	10	10	480	79.166667	0.990099	0.754118
48.731	60	2	0.651451	20	20	480	37.5	0	0.754118
48.731	61	1	2.385686	10	10	480	79.166667	0.990099	0.754118
48.731	61	2	0.651451	20	20	480	37.5	0	0.754118
48.731	62	1	2.385686	10	10	480	79.166667	0.990099	0.754118
48.731	62	2	0.651451	20	20	480	37.5	0	0.754118
48.731	63	1	2.385686	10	10	480	79.166667	0.990099	0.754118
48.731	63	2	0.651451	20	20	480	37.5	0	0.754118
48.731	64	1	2.385686	10	10	480	79.166667	0.990099	0.754118
48.731	64	2	0.651451	20	20	480	37.5	0	0.754118
48.731	65	1	2.385686	10	10	480	79.166667	0.990099	0.754118
48.731	65	2	0.651451	20	20	480	37.5	0	0.754118
49.234	0	1	2.266402	10	10	456	79.166667	1.041667	0.754118
49.234	0	2	0.618879	20	20	456	37.5	0	0.754118
49.234	1	1	2.266402	10	10	456	79.166667	1.041667	0.754118
49.234	1	2	0.618879	20	20	456	37.5	0	0.754118
49.234	2	1	2.266402	10	10	456	79.166667	1.041667	0.754118
49.234	2	2	0.618879	20	20	456	37.5	0	0.754118
49.234	3	1	2.266402	10	10	456	79.166667	1.041667	0.754118
49.234	3	2	0.618879	20	20	456	37.5	0	0.754118
49.234	4	1	2.266402	10	10	456	79.166667	1.041667	0.754118
49.234	4	2	0.618879	20	20	456	37.5	0	0.754118
49.234	5	1	2.266402	10	10	456	79.166667	1.041667	0.754118
49.234	5	2	0.618879	20	20	456	37.5	0	0.754118
49.234	6	1	2.266402	10	10	456	79.166667	1.041667	0.754118
49.234	6	2	0.618879	20	20	456	37.5	0	0.754118
49.234	7	1	2.266402	10	10	456	79.166667	1.041667	0.754118
49.234	7	2	0.618879	20	20	456	37.5	0	0.754118
49.234	8	1	2.266402	10	10	456	79.166667	1.041667	0.754118
49.234	8	2	0.618879	20	20	456	37.5	0	0.754118
49.234	9	1	2.266402	10	10	456	79.166667	1.041667	0.754118
49.234	9	2	0.618879	20	20	456	37.5	0	0.754118
49.234	10	1	2.266402	10	10	456	79.166667	1.041667	0.754118
49.234	10	2	0.618879	20	20	456	37.5	0	0.754118
49.234	11	1	2.266402	10	10	456	79.166667	1.041667	0.754118
49.234	11	2	0.618879	20	20	456	37.5	0	0.754118
49.234	12	1	2.266402	10	10	456	79.166667	1.041667	0.754118
49.234	12	2	0.618879	20	20	456	37.5	0	0.754118
49.234	13	1	2.266402	10	10	456	79.166667	1.041667	0.754118
49.234	13	2	0.618879	20	20	456	37.5	0	0.754118
49.234	14	1	2.266402	10	10	456	79.166667	1.041667	0.754118
49.234	14	2	0.618879	20	20	456	37.5	0	0.754118
49.234	15	1	2.266402	10	10	456	79.166667	1.041667	0.754118
49.234	15	2	0.618879	20	20	456	37.5	0	0.754118
49.234	16	1	2.266402	10	10	456	79.166667	1.041667	0.754118
49.234	16	2	0.618879	20	20	456	37.5	0	0.754118
49.234	17	1	2.266402	10	10	456	79.166667	1.041667	0.754118
49.234	17	2	0.618879	20	20	456	37.5	0	0.754118
49.234	18	1	2.266402	10	10	456	79.166667	1.041667	0.754118
49.234	18	2	0.618879	20	20	456	37.5	0	0.754118
49.234	19	1	2.266402	10	10	456	79.166667	1.041667	0.754118
49.234	19	2	0.618879	20	20	456	37.5	0	0.754118
49.234	20	1	2.266402	10	10	456	79.166667	1.041667	0.754118
49.234	20	2	0.618879	20	20	456	37.5	0	0.754118
49.234	21	1	2.266402	10	10	456	79.166667	1.041667	0.754118
49.234	21	2	0.618879	20	20	456	37.5	0	0.754118
49.234	22	1	2.266402	10	10	456	79.166667	1.041667	0.754118
49.234	22	2	0.618879	20	20	456	37.5	0	0.754118
49.234	23	1	2.266402	10	10	456	79.166667	1.041667	0.754118
49.234	23	2	0.618879	20	20	456	37.5	0	0.754118
49.234	24	1	2.266402	10	10	456	79.166667	1.041667	0.754118
49.234	24	2	0.618879	20	20	456	37.5	0	0.754118
49.234	25	1	2.266402	10	10	456	79.166667	1.041667	0.754118
49.234	25	2	0.618879	20	20	456	37.5	0	0.754118
49.234	26	1	2.266402	10	10	456	79.166667	1.041667	0.754118
49.234	26	2	0.618879	20	20	456	37.5	0	0.754118
49.234	27	1	2.266402	10	10	456	79.166667	1.041667	0.754118
49.234	27	2	0.618879	20	20	456	37.5	0	0.754118
49.234	28	1	2.266402	10	10	456	79.166667	1.041667	0.754118
49.234	28	2	0.618879	20	20	456	37.5	0	0.754118
49.234	29	1	2.266402	10	10	456	79.166667	1.041667	0.754118
49.234	29	2	0.618879	20	20	456	37.5	0	0.754118
49.234	30	1	2.266402	10	10	456	79.166667	1.041667	0.754118
49.234	30	2	0.618879	20	20	456	37.5	0	0.754118
49.234	31	1	2.266402	10	10	456	79.166667	1.041667	0.754118
49.234	31	2	0.618879	20	20	456	37.5	0	0.754118
49.234	32	1	2.266402	10	10	456	79.166667	1.041667	0.754118
49.234	32	2	0.618879	20	20	456	37.5	0	0.754118
49.234	33	1	2.266402	10	10	456	79.166667	1.041667	0.754118
49.234	33	2	0.618879	20	20	456	37.5	0	0.754118
49.234	34	1	2.266402	10	10	456	79.166667	1.041667	0.754118
49.234	34	2	0.618879	20	20	456	37.5	0	0.754118
49.234	35	1	2.266402	10	10	456	79.166667	1.041667	0.754118
49.234	35	2	0.618879	20	20	456	37.5	0	0.754118
49.234	36	1	2.266402	10	10	456	79.166667	1.041667	0.754118
49.234	36	2	0.618879	20	20	456	37.5	0	0.754118
49.234	37	1	2.266402	10	10	456	79.166667	1.041667	0.754118
49.234	37	2	0.618879	20	20	456	37.5	0	0.754118
49.234	38	1	2.266402	10	10	456	79.166667	1.041667	0.754118
49.234	38	2	0.618879	20	20	456	37.5	0	0.754118
49.234	39	1	2.266402	10	10	456	79.166667	1.041667	0.754118
49.234	39	2	0.618879	20	20	456	37.5	0	0.754118
49.234	40	1	2.266402	10	10	456	79.166667	1.041667	0.754118
49.234	40	2	0.618879	20	20	456	37.5	0	0.754118
49.234	41	1	2.266402	10	10	456	79.166667	1.041667	0.754118
49.234	41	2	0.618879	20	20	456	37.5	0	0.754118
49.234	42	1	2.266402	10	10	456	79.166667	1.041667	0.754118
49.234	42	2	0.618879	20	20	456	37.5	0	0.754118
49.234	43	1	2.266402	10	10	456	79.166667	1.041667	0.754118
49.234	43	2	0.618879	20	20	456	37.5	0	0.754118
49.234	44	1	2.266402	10	10	456	79.166667	1.041667	0.754118
49.234	44	2	0.618879	20	20	456	37.5	0	0.754118
49.234	45	1	2.266402	10	10	456	79.166667	1.041667	0.754118
49.234	45	2	0.618879	20	20	456	37.5	0	0.754118
49.234	46	1	2.266402	10	10	456	79.166667	1.041667	0.754118
49.234	46	2	0.618879	20	20	456	37.5	0	0.754118
49.234	47	1	2.266402	10	10	456	79.166667	1.041667	0.754118
49.234	47	2	0.618879	20	20	456	37.5	0	0.754118
49.234	48	1	2.266402	10	10	456	79.166667	1.041667	0.754118
49.234	48	2	0.618879	20	20	456	37.5	0	0.754118
49.234	49	1	2.266402	10	10	456	79.166667	1.041667	0.754118
49.234	49	2	0.618879	20	20	456	37.5	0	0.754118
49.234	50	1	2.266402	10	10	456	79.166667	1.041667	0.754118
49.234	50	2	0.618879	20	20	456	37.5	0	0.754118
49.234	51	1	2.266402	10	10	456	79.166667	1.041667	0.754118
49.234	51	2	0.618879	20	20	456	37.5	0	0.754118
49.234	52	1	2.266402	10	10	456	79.166667	1.041667	0.754118
49.234	52	2	0.618879	20	20	456	37.5	0	0.754118
49.234	53	1	2.266402	10	10	456	79.166667	1.041667	0.754118
49.234	53	2	0.618879	20	20	456	37.5	0	0.754118
49.234	54	1	2.266402	10	10	456	79.166667	1.041667	0.754118
49.234	54	2	0.618879	20	20	456	37.5	0	0.754118
49.234	55	1	2.266402	10	10	456	79.166667	1.041667	0.754118
49.234	55	2	0.618879	20	20	456	37.5	0	0.754118
49.234	56	1	2.266402	10	10	456	79.166667	1.041667	0.754118
49.234	56	2	0.618879	20	20	456	37.5	0	0.754118
49.234	57	1	2.266402	10	10	456	79.166667	1.041667	0.754118
49.234	57	2	0.618879	20	20	456	37.5	0	0.754118
49.234	58	1	2.266402	10	10	456	79.166667	1.041667	0.754118
49.234	58	2	0.618879	20	20	456	37.5	0	0.754118
49.234	59	1	2.266402	10	10	456	79.166667	1.041667	0.754118
49.234	59	2	0.618879	20	20	456	37.5	0	0.754118
49.234	60	1	2.266402	10	10	456	79.166667	1.041667	0.754118
49.234	60	2	0.618879	20	20	456	37.5	0	0.754118
49.234	61	1	2.266402	10	10	456	79.166667	1.041667	0.754118
49.234	61	2	0.618879	20	20	456	37.5	0	0.754118
49.234	62	1	2.266402	10	10	456	79.166667	1.041667	0.754118
49.234	62	2	0.618879	20	20	456	37.5	0	0.754118
49.234	63	1	2.266402	10	10	456	79.166667	1.041667	0.754118
49.234	63	2	0.618879	20	20	456	37.5	0	0.754118
49.234	64	1	2.266402	10	10	456	79.166667	1.041667	0.754118
49.234	64	2	0.618879	20	20	456	37.5	0	0.754118
49.234	65	1	2.266402	10	10	456	79.166667	1.041667	0.754118
49.234	65	2	0.618879	20	20	456	37.5	0	0.754118
49.737	0	1	2.266402	10	10	456	79.166667	1.041667	0.754118
49.737	0	2	0.618879	20	20	456	37.5	0	0.754118
49.737	1	1	2.266402	10	10	456	79.166667	1.041667	0.754118
49.737	1	2	0.618879	20	20	456	37.5	0	0.754118
49.737	2	1	2.266402	10	10	456	79.166667	1.041667	0.754118
49.737	2	2	0.618879	20	20	456	37.5	0	0.754118
49.737	3	1	2.266402	10	10	456	79.166667	1.041667	0.754118
49.737	3	2	0.618879	20	20	456	37.5	0	0.754118
49.737	4	1	2.266402	10	10	456	79.166667	1.041667	0.754118
49.737	4	2	0.618879	20	20	456	37.5	0	0.754118
49.737	5	1	2.266402	10	10	456	79.166667	1.041667	0.754118
49.737	5	2	0.618879	20	20	456	37.5	0	0.754118
49.737	6	1	2.266402	10	10	456	79.166667	1.041667	0.754118
49.737	6	2	0.618879	20	20	456	37.5	0	0.754118
49.737	7	1	2.266402	10	10	456	79.166667	1.041667	0.754118
49.737	7	2	0.618879	20	20	456	37.5	0	0.754118
49.737	8	1	2.266402	10	10	456	79.166667	1.041667	0.754118
49.737	8	2	0.618879	20	20	456	37.5	0	0.754118
49.737	9	1	2.266402	10	10	456	79.166667	1.041667	0.754118
49.737	9	2	0.618879	20	20	456	37.5	0	0.754118
49.737	10	1	2.266402	10	10	456	79.166667	1.041667	0.754118
49.737	10	2	0.618879	20	20	456	37.5	0	0.754118
49.737	11	1	2.266402	10	10	456	79.166667	1.041667	0.754118
49.737	11	2	0.618879	20	20	456	37.5	0	0.754118
49.737	12	1	2.266402	10	10	456	79.166667	1.041667	0.754118
49.737	12	2	0.618879	20	20	456	37.5	0	0.754118
49.737	13	1	2.266402	10	10	456	79.166667	1.041667	0.754118
49.737	13	2	0.618879	20	20	456	37.5	0	0.754118
49.737	14	1	2.266402	10	10	456	79.166667	1.041667	0.754118
49.737	14	2	0.618879	20	20	456	37.5	0	0.754118
49.737	15	1	2.266402	10	10	456	79.166667	1.041667	0.754118
49.737	15	2	0.618879	20	20	456	37.5	0	0.754118
49.737	16	1	2.266402	10	10	456	79.166667	1.041667	0.754118
49.737	16	2	0.618879	20	20	456	37.5	0	0.754118
49.737	17	1	2.266402	10	10	456	79.166667	1.041667	0.754118
49.737	17	2	0.618879	20	20	456	37.5	0	0.754118
49.737	18	1	2.266402	10	10	456	79.166667	1.041667	0.754118
49.737	18	2	0.618879	20	20	456	37.5	0	0.754118
49.737	19	1	2.266402	10	10	456	79.166667	1.041667	0.754118
49.737	19	2	0.618879	20	20	456	37.5	0	0.754118
49.737	20	1	2.266402	10	10	456	79.166667	1.041667	0.754118
49.737	20	2	0.618879	20	20	456	37.5	0	0.754118
49.737	21	1	2.266402	10	10	456	79.166667	1.041667	0.754118
49.737	21	2	0.618879	20	20	456	37.5	0	0.754118
49.737	22	1	2.266402	10	10	456	79.166667	1.041667	0.754118
49.737	22	2	0.618879	20	20	456	37.5	0	0.754118
49.737	23	1	2.266402	10	10	456	79.166667	1.041667	0.754118
49.737	23	2	0.618879	20	20	456	37.5	0	0.754118
49.737	24	1	2.266402	10	10	456	79.166667	1.041667	0.754118
49.737	24	2	0.618879	20	20	456	37.5	0	0.754118
49.737	25	1	2.266402	10	10	456	79.166667	1.041667	0.754118
49.737	25	2	0.618879	20	20	456	37.5	0	0.754118
49.737	26	1	2.266402	10	10	456	79.166667	1.041667	0.754118
49.737	26	2	0.618879	20	20	456	37.5	0	0.754118
49.737	27	1	2.266402	10	10	456	79.166667	1.041667	0.754118
49.737	27	2	0.618879	20	20	456	37.5	0	0.754118
49.737	28	1	2.266402	10	10	456	79.166667	1.041667	0.754118
49.737	28	2	0.618879	20	20	456	37.5	0	0.754118
49.737	29	1	2.266402	10	10	456	79.166667	1.041667	0.754118
49.737	29	2	0.618879	20	20	456	37.5	0	0.754118
49.737	30	1	2.266402	10	10	456	79.166667	1.041667	0.754118
49.737	30	2	0.618879	20	20	456	37.5	0	0.754118
49.737	31	1	2.266402	10	10	456	79.166667	1.041667	0.754118
49.737	31	2	0.618879	20	20	456	37.5	0	0.754118
49.737	32	1	2.266402	10	10	456	79.166667	1.041667	0.754118
49.737	32	2	0.618879	20	20	456	37.5	0	0.754118
49.737	33	1	2.266402	10	10	456	79.166667	1.041667	0.754118
49.737	33	2	0.618879	20	20	456	37.5	0	0.754118
49.737	34	1	2.266402	10	10	456	79.166667	1.041667	0.754118
49.737	34	2	0.618879	20	20	456	37.5	0	0.754118
49.737	35	1	2.266402	10	10	456	79.166667	1.041667	0.754118
49.737	35	2	0.618879	20	20	456	37.5	0	0.754118
49.737	36	1	2.266402	10	10	456	79.166667	1.041667	0.754118
49.737	36	2	0.618879	20	20	456	37.5	0	0.754118
49.737	37	1	2.266402	10	10	456	79.166667	1.041667	0.754118
49.737	37	2	0.618879	20	20	456	37.5	0	0.754118
49.737	38	1	2.266402	10	10	456	79.166667	1.041667	0.754118
49.737	38	2	0.618879	20	20	456	37.5	0	0.754118
49.737	39	1	2.266402	10	10	456	79.166667	1.041667	0.754118
49.737	39	2	0.618879	20	20	456	37.5	0	0.754118
49.737	40	1	2.266402	10	10	456	79.166667	1.041667	0.754118
49.737	40	2	0.618879	20	20	456	37.5	0	0.754118
49.737	41	1	2.266402	10	10	456	79.166667	1.041667	0.754118
49.737	41	2	0.618879	20	20	456	37.5	0	0.754118
49.737	42	1	2.266402	10	10	456	79.166667	1.041667	0.754118
49.737	42	2	0.618879	20	20	456	37.5	0	0.754118
49.737	43	1	2.266402	10	10	456	79.166667	1.041667	0.754118
49.737	43	2	0.618879	20	20	456	37.5	0	0.754118
49.737	44	1	2.266402	10	10	456	79.166667	1.041667	0.754118
49.737	44	2	0.618879	20	20	456	37.5	0	0.754118
49.737	45	1	2.266402	10	10	456	79.166667	1.041667	0.754118
49.737	45	2	0.618879	20	20	456	37.5	0	0.754118
49.737	46	1	2.266402	10	10	456	79.166667	1.041667	0.754118
49.737	46	2	0.618879	20	20	456	37.5	0	0.754118
49.737	47	1	2.266402	10	10	456	79.166667	1.041667	0.754118
49.737	47	2	0.618879	20	20	456	37.5	0	0.754118
49.737	48	1	2.266402	10	10	456	79.166667	1.041667	0.754118
49.737	48	2	0.618879	20	20	456	37.5	0	0.754118
49.737	49	1	2.266402	10	10	456	79.166667	1.041667	0.754118
49.737	49	2	0.618879	20	20	456	37.5	0	0.754118
49.737	50	1	2.266402	10	10	456	79.166667	1.041667	0.754118
49.737	50	2	0.618879	20	20	456	37.5	0	0.754118
49.737	51	1	2.266402	10	10	456	79.166667	1.041667	0.754118
49.737	51	2	0.618879	20	20	456	37.5	0	0.754118
49.737	52	1	2.266402	10	10	456	79.166667	1.041667	0.754118
49.737	52	2	0.618879	20	20	456	37.5	0	0.754118
49.737	53	1	2.266402	10	10	456	79.166667	1.041667	0.754118
49.737	53	2	0.618879	20	20	456	37.5	0	0.754118
49.737	54	1	2.266402	10	10	456	79.166667	1.041667	0.754118
49.737	54	2	0.618879	20	20	456	37.5	0	0.754118
49.737	55	1	2.266402	10	10	456	79.166667	1.041667	0.754118
49.737	55	2	0.618879	20	20	456	37.5	0	0.754118
49.737	56	1	2.266402	10	10	456	79.166667	1.041667	0.754118
49.737	56	2	0.618879	20	20	456	37.5	0	0.754118
49.737	57	1	2.266402	10	10	456	79.166667	1.041667	0.754118
49.737	57	2	0.618879	20	20	456	37.5	0	0.754118
49.737	58	1	2.266402	10	10	456	79.166667	1.041667	0.754118
49.737	58	2	0.618879	20	20	456	37.5	0	0.754118
49.737	59	1	2.266402	10	10	456	79.166667	1.041667	0.754118
49.737	59	2	0.618879	20	20	456	37.5	0	0.754118
49.737	60	1	2.266402	10	10	456	79.166667	1.041667	0.754118
49.737	60	2	0.618879	20	20	456	37.5	0	0.754118
49.737	61	1	2.266402	10	10	456	79.166667	1.041667	0.754118
49.737	61	2	0.618879	20	20	456	37.5	0	0.754118
49.737	62	1	2.266402	10	10	456	79.166667	1.041667	0.754118
49.737	62	2	0.618879	20	20	456	37.5	0	0.754118
49.737	63	1	2.266402	10	10	456	79.166667	1.041667	0.754118
49.737	63	2	0.618879	20	20	456	37.5	0	0.754118
49.737	64	1	2.266402	10	10	456	79.166667	1.041667	0.754118
49.737	64	2	0.618879	20	20	456	37.5	0	0.754118
49.737	65	1	2.266402	10	10	456	79.166667	1.041667	0.754118
49.737	65	2	0.618879	20	20	456	37.5	0	0.754118
50.24	0	1	2.385686	10	10	480	79.166667	0.990099	0.754118
50.24	0	2	0.651451	20	20	480	37.5	0	0.754118
50.24	1	1	2.385686	10	10	480	79.166667	0.990099	0.754118
50.24	1	2	0.651451	20	20	480	37.5	0	0.754118
50.24	2	1	2.385686	10	10	480	79.166667	0.990099	0.754118
50.24	2	2	0.651451	20	20	480	37.5	0	0.754118
50.24	3	1	2.385686	10	10	480	79.166667	0.990099	0.754118
50.24	3	2	0.651451	20	20	480	37.5	0	0.754118
50.24	4	1	2.385686	10	10	480	79.166667	0.990099	0.754118
50.24	4	2	0.651451	20	20	480	37.5	0	0.754118
50.24	5	1	2.385686	10	10	480	79.166667	0.990099	0.754118
50.24	5	2	0.651451	20	20	480	37.5	0	0.754118
50.24	6	1	2.385686	10	10	480	79.166667	0.990099	0.754118
50.24	6	2	0.651451	20	20	480	37.5	0	0.754118
50.24	7	1	2.385686	10	10	480	79.166667	0.990099	0.754118
50.24	7	2	0.651451	20	20	480	37.5	0	0.754118
50.24	8	1	2.385686	10	10	480	79.166667	0.990099	0.754118
50.24	8	2	0.651451	20	20	480	37.5	0	0.754118
50.24	9	1	2.385686	10	10	480	79.166667	0.990099	0.754118
50.24	9	2	0.651451	20	20	480	37.5	0	0.754118
50.24	10	1	2.385686	10	10	480	79.166667	0.990099	0.754118
50.24	10	2	0.651451	20	20	480	37.5	0	0.754118
50.24	11	1	2.385686	10	10	480	79.166667	0.990099	0.754118
50.24	11	2	0.651451	20	20	480	37.5	0	0.754118
50.24	12	1	2.385686	10	10	480	79.166667	0.990099	0.754118
50.24	12	2	0.651451	20	20	480	37.5	0	0.754118
50.24	13	1	2.385686	10	10	480	79.166667	0.990099	0.754118
50.24	13	2	0.651451	20	20	480	37.5	0	0.754118
50.24	14	1	2.385686	10	10	480	79.166667	0.990099	0.754118
50.24	14	2	0.651451	20	20	480	37.5	0	0.754118
50.24	15	1	2.385686	10	10	480	79.166667	0.990099	0.754118
50.24	15	2	0.651451	20	20	480	37.5	0	0.754118
50.24	16	1	2.385686	10	10	480	79.166667	0.990099	0.754118
50.24	16	2	0.651451	20	20	480	37.5	0	0.754118
50.24	17	1	2.385686	10	10	480	79.166667	0.990099	0.754118
50.24	17	2	0.651451	20	20	480	37.5	0	0.754118
50.24	18	1	2.385686	10	10	480	79.166667	0.990099	0.754118
50.24	18	2	0.651451	20	20	480	37.5	0	0.754118
50.24	19	1	2.385686	10	10	480	79.166667	0.990099	0.754118
50.24	19	2	0.651451	20	20	480	37.5	0	0.754118
50.24	20	1	2.385686	10	10	480	79.166667	0.990099	0.754118
50.24	20	2	0.651451	20	20	480	37.5	0	0.754118
50.24	21	1	2.385686	10	10	480	79.166667	0.990099	0.754118
50.24	21	2	0.651451	20	20	480	37.5	0	0.754118
50.24	22	1	2.385686	10	10	480	79.166667	0.990099	0.754118
50.24	22	2	0.651451	20	20	480	37.5	0	0.754118
50.24	23	1	2.385686	10	10	480	79.166667	0.990099	0.754118
50.24	23	2	0.651451	20	20	480	37.5	0	0.754118
50.24	24	1	2.385686	10	10	480	79.166667	0.990099	0.754118
50.24	24	2	0.651451	20	20	480	37.5	0	0.754118
50.24	25	1	2.385686	10	10	480	79.166667	0.990099	0.754118
50.24	25	2	0.651451	20	20	480	37.5	0	0.754118
50.24	26	1	2.385686	10	10	480	79.166667	0.990099	0.754118
50.24	26	2	0.651451	20	20	480	37.5	0	0.754118
50.24	27	1	2.385686	10	10	480	79.166667	0.990099	0.754118
50.24	27	2	0.651451	20	20	480	37.5	0	0.754118
50.24	28	1	2.385686	10	10	480	79.166667	0.990099	0.754118
50.24	28	2	0.651451	20	20	480	37.5	0	0.754118
50.24	29	1	2.385686	10	10	480	79.166667	0.990099	0.754118
50.24	29	2	0.651451	20	20	480	37.5	0	0.754118
50.24	30	1	2.385686	10	10	480	79.166667	0.990099	0.754118
50.24	30	2	0.651451	20	20	480	37.5	0	0.754118
50.24	31	1	2.385686	10	10	480	79.166667	0.990099	0.754118
50.24	31	2	0.651451	20	20	480	37.5	0	0.754118
50.24	32	1	2.385686	10	10	480	79.166667	0.990099	0.754118
50.24	32	2	0.651451	20	20	480	37.5	0	0.754118
50.24	33	1	2.385686	10	10	480	79.166667	0.990099	0.754118
50.24	33	2	0.651451	20	20	480	37.5	0	0.754118
50.24	34	1	2.385686	10	10	480	79.166667	0.990099	0.754118
50.24	34	2	0.651451	20	20	480	37.5	0	0.754118
50.24	35	1	2.385686	10	10	480	79.166667	0.990099	0.754118
50.24	35	2	0.651451	20	20	480	37.5	0	0.754118
50.24	36	1	2.385686	10	10	480	79.166667	0.990099	0.754118
50.24	36	2	0.651451	20	20	480	37.5	0	0.754118
50.24	37	1	2.385686	10	10	480	79.166667	0.990099	0.754118
50.24	37	2	0.651451	20	20	480	37.5	0	0.754118
50.24	38	1	2.385686	10	10	480	79.166667	0.990099	0.754118
50.24	38	2	0.651451	20	20	480	37.5	0	0.754118
50.24	39	1	2.385686	10	10	480	79.166667	0.990099	0.754118
50.24	39	2	0.651451	20	20	480	37.5	0	0.754118
50.24	40	1	2.385686	10	10	480	79.166667	0.990099	0.754118
50.24	40	2	0.651451	20	20	480	37.5	0	0.754118
50.24	41	1	2.385686	10	10	480	79.166667	0.990099	0.754118
50.24	41	2	0.651451	20	20	480	37.5	0	0.754118
50.24	42	1	2.385686	10	10	480	79.166667	0.990099	0.754118
50.24	42	2	0.651451	20	20	480	37.5	0	0.754118
50.24	43	1	2.385686	10	10	480	79.166667	0.990099	0.754118
50.24	43	2	0.651451	20	20	480	37.5	0	0.754118
50.24	44	1	2.385686	10	10	480	79.166667	0.990099	0.754118
50.24	44	2	0.651451	20	20	480	37.5	0	0.754118
50.24	45	1	2.385686	10	10	480	79.166667	0.990099	0.754118
50.24	45	2	0.651451	20	20	480	37.5	0	0.754118
50.24	46	1	2.385686	10	10	480	79.166667	0.990099	0.754118
50.24	46	2	0.651451	20	20	480	37.5	0	0.754118
50.24	47	1	2.385686	10	10	480	79.166667	0.990099	0.754118
50.24	47	2	0.651451	20	20	480	37.5	0	0.754118
50.24	48	1	2.385686	10	10	480	79.166667	0.990099	0.754118
50.24	48	2	0.651451	20	20	480	37.5	0	0.754118
50.24	49	1	2.385686	10	10	480	79.166667	0.990099	0.754118
50.24	49	2	0.651451	20	20	480	37.5	0	0.754118
50.24	50	1	2.385686	10	10	480	79.166667	0.990099	0.754118
50.24	50	2	0.651451	20	20	480	37.5	0	0.754118
50.24	51	1	2.385686	10	10	480	79.166667	0.990099	0.754118
50.24	51	2	0.651451	20	20	480	37.5	0	0.754118
50.24	52	1	2.385686	10	10	480	79.166667	0.990099	0.754118
50.24	52	2	0.651451	20	20	480	37.5	0	0.754118
50.24	53	1	2.385686	10	10	480	79.166667	0.990099	0.754118
50.24	53	2	0.651451	20	20	480	37.5	0	0.754118
50.24	54	1	2.385686	10	10	480	79.166667	0.990099	0.754118
50.24	54	2	0.651451	20	20	480	37.5	0	0.754118
50.24	55	1	2.385686	10	10	480	79.166667	0.990099	0.754118
50.24	55	2	0.651451	20	20	480	37.5	0	0.754118
50.24	56	1	2.385686	10	10	480	79.166667	0.990099	0.754118
50.24	56	2	0.651451	20	20	480	37.5	0	0.754118
50.24	57	1	2.385686	10	10	480	79.166667	0.990099	0.754118
50.24	57	2	0.651451	20	20	480	37.5	0	0.754118
50.24	58	1	2.385686	10	10	480	79.166667	0.990099	0.754118
50.24	58	2	0.651451	20	20	480	37.5	0	0.754118
50.24	59	1	2.385686	10	10	480	79.166667	0.990099	0.754118
50.24	59	2	0.651451	20	20	480	37.5	0	0.754118
50.24	60	1	2.385686	10	10	480	79.166667	0.990099	0.754118
50.24	60	2	0.651451	20	20	480	37.5	0	0.754118
50.24	61	1	2.385686	10	10	480	79.166667	0.990099	0.754118
50.24	61	2	0.651451	20	20	480	37.5	0	0.754118
50.24	62	1	2.385686	10	10	480	79.166667	0.990099	0.754118
50.24	62	2	0.651451	20	20	480	37.5	0	0.754118
50.24	63	1	2.385686	10	10	480	79.166667	0.990099	0.754118
50.24	63	2	0.651451	20	20	480	37.5	0	0.754118
50.24	64	1	2.385686	10	10	480	79.166667	0.990099	0.754118
50.24	64	2	0.651451	20	20	480	37.5	0	0.754118
50.24	65	1	2.385686	10	10	480	79.166667	0.990099	0.754118
50.24	65	2	0.651451	20	20	480	37.5	0	0.754118
50.743	0	1	2.266402	10	10	456	79.166667	1.041667	0.754118
50.743	0	2	0.618879	20	20	456	37.5	0	0.754118
50.743	1	1	2.266402	10	10	456	79.166667	1.041667	0.754118
50.743	1	2	0.618879	20	20	456	37.5	0	0.754118
50.743	2	1	2.266402	10	10	456	79.166667	1.041667	0.754118
50.743	2	2	0.618879	20	20	456	37.5	0	0.754118
50.743	3	1	2.266402	10	10	456	79.166667	1.041667	0.754118
50.743	3	2	0.618879	20	20	456	37.5	0	0.754118
50.743	4	1	2.266402	10	10	456	79.166667	1.041667	0.754118
50.743	4	2	0.618879	20	20	456	37.5	0	0.754118
50.743	5	1	2.266402	10	10	456	79.166667	1.041667	0.754118
50.743	5	2	0.618879	20	20	456	37.5	0	0.754118
50.743	6	1	2.266402	10	10	456	79.166667	1.041667	0.754118
50.743	6	2	0.618879	20	20	456	37.5	0	0.754118
50.743	7	1	2.266402	10	10	456	79.166667	1.041667	0.754118
50.743	7	2	0.618879	20	20	456	37.5	0	0.754118
50.743	8	1	2.266402	10	10	456	79.166667	1.041667	0.754118
50.743	8	2	0.618879	20	20	456	37.5	0	0.754118
50.743	9	1	2.266402	10	10	456	79.166667	1.041667	0.754118
50.743	9	2	0.618879	20	20	456	37.5	0	0.754118
50.743	10	1	2.266402	10	10	456	79.166667	1.041667	0.754118
50.743	10	2	0.618879	20	20	456	37.5	0	0.754118
50.743	11	1	2.266402	10	10	456	79.166667	1.041667	0.754118
50.743	11	2	0.618879	20	20	456	37.5	0	0.754118
50.743	12	1	2.266402	10	10	456	79.166667	1.041667	0.754118
50.743	12	2	0.618879	20	20	456	37.5	0	0.754118
50.743	13	1	2.266402	10	10	456	79.166667	1.041667	0.754118
50.743	13	2	0.618879	20	20	456	37.5	0	0.754118
50.743	14	1	2.266402	10	10	456	79.166667	1.041667	0.754118
50.743	14	2	0.618879	20	20	456	37.5	0	0.754118
50.743	15	1	2.266402	10	10	456	79.166667	1.041667	0.754118
50.743	15	2	0.618879	20	20	456	37.5	0	0.754118
50.743	16	1	2.266402	10	10	456	79.166667	1.041667	0.754118
50.743	16	2	0.618879	20	20	456	37.5	0	0.754118
50.743	17	1	2.266402	10	10	456	79.166667	1.041667	0.754118
50.743	17	2	0.618879	20	20	456	37.5	0	0.754118
50.743	18	1	2.266402	10	10	456	79.166667	1.041667	0.754118
50.743	18	2	0.618879	20	20	456	37.5	0	0.754118
50.743	19	1	2.266402	10	10	456	79.166667	1.041667	0.754118
50.743	19	2	0.618879	20	20	456	37.5	0	0.754118
50.743	20	1	2.266402	10	10	456	79.166667	1.041667	0.754118
50.743	20	2	0.618879	20	20	456	37.5	0	0.754118
50.743	21	1	2.266402	10	10	456	79.166667	1.041667	0.754118
50.743	21	2	0.618879	20	20	456	37.5	0	0.754118
50.743	22	1	2.266402	10	10	456	79.166667	1.041667	0.754118
50.743	22	2	0.618879	20	20	456	37.5	0	0.754118
50.743	23	1	2.266402	10	10	456	79.166667	1.041667	0.754118
50.743	23	2	0.618879	20	20	456	37.5	0	0.754118
50.743	24	1	2.266402	10	10	456	79.166667	1.041667	0.754118
50.743	24	2	0.618879	20	20	456	37.5	0	0.754118
50.743	25	1	2.266402	10	10	456	79.166667	1.041667	0.754118
50.743	25	2	0.618879	20	20	456	37.5	0	0.754118
50.743	26	1	2.266402	10	10	456	79.166667	1.041667	0.754118
50.743	26	2	0.618879	20	20	456	37.5	0	0.754118
50.743	27	1	2.266402	10	10	456	79.166667	1.041667	0.754118
50.743	27	2	0.618879	20	20	456	37.5	0	0.754118
50.743	28	1	2.266402	10	10	456	79.166667	1.041667	0.754118
50.743	28	2	0.618879	20	20	456	37.5	0	0.754118
50.743	29	1	2.266402	10	10	456	79.166667	1.041667	0.754118
50.743	29	2	0.618879	20	20	456	37.5	0	0.754118
50.743	30	1	2.266402	10	10	456	79.166667	1.041667	0.754118
50.743	30	2	0.618879	20	20	456	37.5	0	0.754118
50.743	31	1	2.266402	10	10	456	79.166667	1.041667	0.754118
50.743	31	2	0.618879	20	20	456	37.5	0	0.754118
50.743	32	1	2.266402	10	10	456	79.166667	1.041667	0.754118
50.743	32	2	0.618879	20	20	456	37.5	0	0.754118
50.743	33	1	2.266402	10	10	456	79.166667	1.041667	0.754118
50.743	33	2	0.618879	20	20	456	37.5	0	0.754118
50.743	34	1	2.266402	10	10	456	79.166667	1.041667	0.754118
50.743	34	2	0.618879	20	20	456	37.5	0	0.754118
50.743	35	1	2.266402	10	10	456	79.166667	1.041667	0.754118
50.743	35	2	0.618879	20	20	456	37.5	0	0.754118
50.743	36	1	2.266402	10	10	456	79.166667	1.041667	0.754118
50.743	36	2	0.618879	20	20	456	37.5	0	0.754118
50.743	37	1	2.266402	10	10	456	79.166667	1.041667	0.754118
50.743	37	2	0.618879	20	20	456	37.5	0	0.754118
50.743	38	1	2.266402	10	10	456	79.166667	1.041667	0.754118
50.743	38	2	0.618879	20	20	456	37.5	0	0.754118
50.743	39	1	2.266402	10	10	456	79.166667	1.041667	0.754118
50.743	39	2	0.618879	20	20	456	37.5	0	0.754118
50.743	40	1	2.266402	10	10	456	79.166667	1.041667	0.754118
50.743	40	2	0.618879	20	20	456	37.5	0	0.754118
50.743	41	1	2.266402	10	10	456	79.166667	1.041667	0.754118
50.743	41	2	0.618879	20	20	456	37.5	0	0.754118
50.743	42	1	2.266402	10	10	456	79.166667	1.041667	0.754118
50.743	42	2	0.618879	20	20	456	37.5	0	0.754118
50.743	43	1	2.266402	10	10	456	79.166667	1.041667	0.754118
50.743	43	2	0.618879	20	20	456	37.5	0	0.754118
50.743	44	1	2.266402	10	10	456	79.166667	1.041667	0.754118
50.743	44	2	0.618879	20	20	456	37.5	0	0.754118
50.743	45	1	2.266402	10	10	456	79.166667	1.041667	0.754118
50.743	45	2	0.618879	20	20	456	37.5	0	0.754118
50.743	46	1	2.266402	10	10	456	79.166667	1.041667	0.754118
50.743	46	2	0.618879	20	20	456	37.5	0	0.754118
50.743	47	1	2.266402	10	10	456	79.166667	1.041667	0.754118
50.743	47	2	0.618879	20	20	456	37.5	0	0.754118
50.743	48	1	2.266402	10	10	456	79.166667	1.041667	0.754118
50.743	48	2	0.618879	20	20	456	37.5	0	0.754118
50.743	49	1	2.266402	10	10	456	79.166667	1.041667	0.754118
50.743	49	2	0.618879	20	20	456	37.5	0	0.754118
50.743	50	1	2.266402	10	10	456	79.166667	1.041667	0.754118
50.743	50	2	0.618879	20	20	456	37.5	0	0.754118
50.743	51	1	2.266402	10	10	456	79.166667	1.041667	0.754118
50.743	51	2	0.618879	20	20	456	37.5	0	0.754118
50.743	52	1	2.266402	10	10	456	79.166667	1.041667	0.754118
50.743	52	2	0.618879	20	20	456	37.5	0	0.754118
50.743	53	1	2.266402	10	10	456	79.166667	1.041667	0.754118
50.743	53	2	0.618879	20	20	456	37.5	0	0.754118
50.743	54	1	2.266402	10	10	456	79.166667	1.041667	0.754118
50.743	54	2	0.618879	20	20	456	37.5	0	0.754118
50.743	55	1	2.266402	10	10	456	79.166667	1.041667	0.754118
50.743	55	2	0.618879	20	20	456	37.5	0	0.754118
50.743	56	1	2.266402	10	10	456	79.166667	1.041667	0.754118
50.743	56	2	0.618879	20	20	456	37.5	0	0.754118
50.743	57	1	2.266402	10	10	456	79.166667	1.041667	0.754118
50.743	57	2	0.618879	20	20	456	37.5	0	0.754118
50.743	58	1	2.266402	10	10	456	79.166667	1.041667	0.754118
50.743	58	2	0.618879	20	20	456	37.5	0	0.754118
50.743	59	1	2.266402	10	10	456	79.166667	1.041667	0.754118
50.743	59	2	0.618879	20	20	456	37.5	0	0.754118
50.743	60	1	2.266402	10	10	456	79.166667	1.041667	0.754118
50.743	60	2	0.618879	20	20	456	37.5	0	0.754118
50.743	61	1	2.266402	10	10	456	79.166667	1.041667	0.754118
50.743	61	2	0.618879	20	20	456	37.5	0	0.754118
50.743	62	1	2.266402	10	10	456	79.166667	1.041667	0.754118
50.743	62	2	0.618879	20	20	456	37.5	0	0.754118
50.743	63	1	2.266402	10	10	456	79.166667	1.041667	0.754118
50.743	63	2	0.618879	20	20	456	37.5	0	0.754118
50.743	64	1	2.266402	10	10	456	79.166667	1.041667	0.754118
50.743	64	2	0.618879	20	20	456	37.5	0	0.754118
50.743	65	1	2.266402	10	10	456	79.166667	1.041667	0.754118
50.743	65	2	0.618879	20	20	456	37.5	0	0.754118
51.246	0	1	2.266402	10	10	456	79.166667	1.041667	0.754118
51.246	0	2	0.618879	20	20	456	37.5	0	0.754118
51.246	1	1	2.266402	10	10	456	79.166667	1.041667	0.754118
51.246	1	2	0.618879	20	20	456	37.5	0	0.754118
51.246	2	1	2.266402	10	10	456	79.166667	1.041667	0.754118
51.246	2	2	0.618879	20	20	456	37.5	0	0.754118
51.246	3	1	2.266402	10	10	456	79.166667	1.041667	0.754118
51.246	3	2	0.618879	20	20	456	37.5	0	0.754118
51.246	4	1	2.266402	10	10	456	79.166667	1.041667	0.754118
51.246	4	2	0.618879	20	20	456	37.5	0	0.754118
51.246	5	1	2.266402	10	10	456	79.166667	1.041667	0.754118
51.246	5	2	0.618879	20	20	456	37.5	0	0.754118
51.246	6	1	2.266402	10	10	456	79.166667	1.041667	0.754118
51.246	6	2	0.618879	20	20	456	37.5	0	0.754118
51.246	7	1	2.266402	10	10	456	79.166667	1.041667	0.754118
51.246	7	2	0.618879	20	20	456	37.5	0	0.754118
51.246	8	1	2.266402	10	10	456	79.166667	1.041667	0.754118
51.246	8	2	0.618879	20	20	456	37.5	0	0.754118
51.246	9	1	2.266402	10	10	456	79.166667	1.041667	0.754118
51.246	9	2	0.618879	20	20	456	37.5	0	0.754118
51.246	10	1	2.266402	10	10	456	79.166667	1.041667	0.754118
51.246	10	2	0.618879	20	20	456	37.5	0	0.754118
51.246	11	1	2.266402	10	10	456	79.166667	1.041667	0.754118
51.246	11	2	0.618879	20	20	456	37.5	0	0.754118
51.246	12	1	2.266402	10	10	456	79.166667	1.041667	0.754118
51.246	12	2	0.618879	20	20	456	37.5	0	0.754118
51.246	13	1	2.266402	10	10	456	79.166667	1.041667	0.754118
51.246	13	2	0.618879	20	20	456	37.5	0	0.754118
51.246	14	1	2.266402	10	10	456	79.166667	1.041667	0.754118
51.246	14	2	0.618879	20	20	456	37.5	0	0.754118
51.246	15	1	2.266402	10	10	456	79.166667	1.041667	0.754118
51.246	15	2	0.618879	20	20	456	37.5	0	0.754118
51.246	16	1	2.266402	10	10	456	79.166667	1.041667	0.754118
51.246	16	2	0.618879	20	20	456	37.5	0	0.754118
51.246	17	1	2.266402	10	10	456	79.166667	1.041667	0.754118
51.246	17	2	0.618879	20	20	456	37.5	0	0.754118
51.246	18	1	2.266402	10	10	456	79.166667	1.041667	0.754118
51.246	18	2	0.618879	20	20	456	37.5	0	0.754118
51.246	19	1	2.266402	10	10	456	79.166667	1.041667	0.754118
51.246	19	2	0.618879	20	20	456	37.5	0	0.754118
51.246	20	1	2.266402	10	10	456	79.166667	1.041667	0.754118
51.246	20	2	0.618879	20	20	456	37.5	0	0.754118
51.246	21	1	2.266402	10	10	456	79.166667	1.041667	0.754118
51.246	21	2	0.618879	20	20	456	37.5	0	0.754118
51.246	22	1	2.266402	10	10	456	79.166667	1.041667	0.754118
51.246	22	2	0.618879	20	20	456	37.5	0	0.754118
51.246	23	1	2.266402	10	10	456	79.166667	1.041667	0.754118
51.246	23	2	0.618879	20	20	456	37.5	0	0.754118
51.246	24	1	2.266402	10	10	456	79.166667	1.041667	0.754118
51.246	24	2	0.618879	20	20	456	37.5	0	0.754118
51.246	25	1	2.266402	10	10	456	79.166667	1.041667	0.754118
51.246	25	2	0.618879	20	20	456	37.5	0	0.754118
51.246	26	1	2.266402	10	10	456	79.166667	1.041667	0.754118
51.246	26	2	0.618879	20	20	456	37.5	0	0.754118
51.246	27	1	2.266402	10	10	456	79.166667	1.041667	0.754118
51.246	27	2	0.618879	20	20	456	37.5	0	0.754118
51.246	28	1	2.266402	10	10	456	79.166667	1.041667	0.754118
51.246	28	2	0.618879	20	20	456	37.5	0	0.754118
51.246	29	1	2.266402	10	10	456	79.166667	1.041667	0.754118
51.246	29	2	0.618879	20	20	456	37.5	0	0.754118
51.246	30	1	2.266402	10	10	456	79.166667	1.041667	0.754118
51.246	30	2	0.618879	20	20	456	37.5	0	0.754118
51.246	31	1	2.266402	10	10	456	79.166667	1.041667	0.754118
51.246	31	2	0.618879	20	20	456	37.5	0	0.754118
51.246	32	1	2.266402	10	10	456	79.166667	1.041667	0.754118
51.246	32	2	0.618879	20	20	456	37.5	0	0.754118
51.246	33	1	2.266402	10	10	456	79.166667	1.041667	0.754118
51.246	33	2	0.618879	20	20	456	37.5	0	0.754118
51.246	34	1	2.266402	10	10	456	79.166667	1.041667	0.754118
51.246	34	2	0.618879	20	20	456	37.5	0	0.754118
51.246	35	1	2.266402	10	10	456	79.166667	1.041667	0.754118
51.246	35	2	0.618879	20	20	456	37.5	0	0.754118
51.246	36	1	2.266402	10	10	456	79.166667	1.041667	0.754118
51.246	36	2	0.618879	20	20	456	37.5	0	0.754118
51.246	37	1	2.266402	10	10	456	79.166667	1.041667	0.754118
51.246	37	2	0.618879	20	20	456	37.5	0	0.754118
51.246	38	1	2.266402	10	10	456	79.166667	1.041667	0.754118
51.246	38	2	0.618879	20	20	456	37.5	0	0.754118
51.246	39	1	2.266402	10	10	456	79.166667	1.041667	0.754118
51.246	39	2	0.618879	20	20	456	37.5	0	0.754118
51.246	40	1	2.266402	10	10	456	79.166667	1.041667	0.754118
51.246	40	2	0.618879	20	20	456	37.5	0	0.754118
51.246	41	1	2.266402	10	10	456	79.166667	1.041667	0.754118
51.246	41	2	0.618879	20	20	456	37.5	0	0.754118
51.246	42	1	2.266402	10	10	456	79.166667	1.041667	0.754118
51.246	42	2	0.618879	20	20	456	37.5	0	0.754118
51.246	43	1	2.266402	10	10	456	79.166667	1.041667	0.754118
51.246	43	2	0.618879	20	20	456	37.5	0	0.754118
51.246	44	1	2.266402	10	10	456	79.166667	1.041667	0.754118
51.246	44	2	0.618879	20	20	456	37.5	0	0.754118
51.246	45	1	2.266402	10	10	456	79.166667	1.041667	0.754118
51.246	45	2	0.618879	20	20	456	37.5	0	0.754118
51.246	46	1	2.266402	10	10	456	79.166667	1.041667	0.754118
51.246	46	2	0.618879	20	20	456	37.5	0	0.754118
51.246	47	1	2.266402	10	10	456	79.166667	1.041667	0.754118
51.246	47	2	0.618879	20	20	456	37.5	0	0.754118
51.246	48	1	2.266402	10	10	456	79.166667	1.041667	0.754118
51.246	48	2	0.618879	20	20	456	37.5	0	0.754118
51.246	49	1	2.266402	10	10	456	79.166667	1.041667	0.754118
51.246	49	2	0.618879	20	20	456	37.5	0	0.754118
51.246	50	1	2.266402	10	10	456	79.166667	1.041667	0.754118
51.246	50	2	0.618879	20	20	456	37.5	0	0.754118
51.246	51	1	2.266402	10	10	456	79.166667	1.041667	0.754118
51.246	51	2	0.618879	20	20	456	37.5	0	0.754118
51.246	52	1	2.266402	10	10	456	79.166667	1.041667	0.754118
51.246	52	2	0.618879	20	20	456	37.5	0	0.754118
51.246	53	1	2.266402	10	10	456	79.166667	1.041667	0.754118
51.246	53	2	0.618879	20	20	456	37.5	0	0.754118
51.246	54	1	2.266402	10	10	456	79.166667	1.041667	0.754118
51.246	54	2	0.618879	20	20	456	37.5	0	0.754118
51.246	55	1	2.266402	10	10	456	79.166667	1.041667	0.754118
51.246	55	2	0.618879	20	20	456	37.5	0	0.754118
51.246	56	1	2.266402	10	10	456	79.166667	1.041667	0.754118
51.246	56	2	0.618879	20	20	456	37.5	0	0.754118
51.246	57	1	2.266402	10	10	456	79.166667	1.041667	0.754118
51.246	57	2	0.618879	20	20	456	37.5	0	0.754118
51.246	58	1	2.266402	10	10	456	79.166667	1.041667	0.754118
51.246	58	2	0.618879	20	20	456	37.5	0	0.754118
51.246	59	1	2.266402	10	10	456	79.166667	1.041667	0.754118
51.246	59	2	0.618879	20	20	456	37.5	0	0.754118
51.246	60	1	2.266402	10	10	456	79.166667	1.041667	0.754118
51.246	60	2	0.618879	20	20	456	37.5	0	0.754118
51.246	61	1	2.266402	10	10	456	79.166667	1.041667	0.754118
51.246	61	2	0.618879	20	20	456	37.5	0	0.754118
51.246	62	1	2.266402	10	10	456	79.166667	1.041667	0.754118
51.246	62	2	0.618879	20	20	456	37.5	0	0.754118
51.246	63	1	2.266402	10	10	456	79.166667	1.041667	0.754118
51.246	63	2	0.618879	20	20	456	37.5	0	0.754118
51.246	64	1	2.266402	10	10	456	79.166667	1.041667	0.754118
51.246	64	2	0.618879	20	20	456	37.5	0	0.754118
51.246	65	1	2.266402	10	10	456	79.166667	1.041667	0.754118
51.246	65	2	0.618879	20	20	456	37.5	0	0.754118
51.749	0	1	2.385686	10	10	480	79.166667	0.990099	0.754118
51.749	0	2	0.651451	20	20	480	37.5	0	0.754118
51.749	1	1	2.385686	10	10	480	79.166667	0.990099	0.754118
51.749	1	2	0.651451	20	20	480	37.5	0	0.754118
51.749	2	1	2.385686	10	10	480	79.166667	0.990099	0.754118
51.749	2	2	0.651451	20	20	480	37.5	0	0.754118
51.749	3	1	2.385686	10	10	480	79.166667	0.990099	0.754118
51.749	3	2	0.651451	20	20	480	37.5	0	0.754118
51.749	4	1	2.385686	10	10	480	79.166667	0.990099	0.754118
51.749	4	2	0.651451	20	20	480	37.5	0	0.754118
51.749	5	1	2.385686	10	10	480	79.166667	0.990099	0.754118
51.749	5	2	0.651451	20	20	480	37.5	0	0.754118
51.749	6	1	2.385686	10	10	480	79.166667	0.990099	0.754118
51.749	6	2	0.651451	20	20	480	37.5	0	0.754118
51.749	7	1	2.385686	10	10	480	79.166667	0.990099	0.754118
51.749	7	2	0.651451	20	20	480	37.5	0	0.754118
51.749	8	1	2.385686	10	10	480	79.166667	0.990099	0.754118
51.749	8	2	0.651451	20	20	480	37.5	0	0.754118
51.749	9	1	2.385686	10	10	480	79.166667	0.990099	0.754118
51.749	9	2	0.651451	20	20	480	37.5	0	0.754118
51.749	10	1	2.385686	10	10	480	79.166667	0.990099	0.754118
51.749	10	2	0.651451	20	20	480	37.5	0	0.754118
51.749	11	1	2.385686	10	10	480	79.166667	0.990099	0.754118
51.749	11	2	0.651451	20	20	480	37.5	0	0.754118
51.749	12	1	2.385686	10	10	480	79.166667	0.990099	0.754118
51.749	12	2	0.651451	20	20	480	37.5	0	0.754118
51.749	13	1	2.385686	10	10	480	79.166667	0.990099	0.754118
51.749	13	2	0.651451	20	20	480	37.5	0	0.754118
51.749	14	1	2.385686	10	10	480	79.166667	0.990099	0.754118
51.749	14	2	0.651451	20	20	480	37.5	0	0.754118
51.749	15	1	2.385686	10	10	480	79.166667	0.990099	0.754118
51.749	15	2	0.651451	20	20	480	37.5	0	0.754118
51.749	16	1	2.385686	10	10	480	79.166667	0.990099	0.754118
51.749	16	2	0.651451	20	20	480	37.5	0	0.754118
51.749	17	1	2.385686	10	10	480	79.166667	0.990099	0.754118
51.749	17	2	0.651451	20	20	480	37.5	0	0.754118
51.749	18	1	2.385686	10	10	480	79.166667	0.990099	0.754118
51.749	18	2	0.651451	20	20	480	37.5	0	0.754118
51.749	19	1	2.385686	10	10	480	79.166667	0.990099	0.754118
51.749	19	2	0.651451	20	20	480	37.5	0	0.754118
51.749	20	1	2.385686	10	10	480	79.166667	0.990099	0.754118
51.749	20	2	0.651451	20	20	480	37.5	0	0.754118
51.749	21	1	2.385686	10	10	480	79.166667	0.990099	0.754118
51.749	21	2	0.651451	20	20	480	37.5	0	0.754118
51.749	22	1	2.385686	10	10	480	79.166667	0.990099	0.754118
51.749	22	2	0.651451	20	20	480	37.5	0	0.754118
51.749	23	1	2.385686	10	10	480	79.166667	0.990099	0.754118
51.749	23	2	0.651451	20	20	480	37.5	0	0.754118
51.749	24	1	2.385686	10	10	480	79.166667	0.990099	0.754118
51.749	24	2	0.651451	20	20	480	37.5	0	0.754118
51.749	25	1	2.385686	10	10	480	79.166667	0.990099	0.754118
51.749	25	2	0.651451	20	20	480	37.5	0	0.754118
51.749	26	1	2.385686	10	10	480	79.166667	0.990099	0.754118
51.749	26	2	0.651451	20	20	480	37.5	0	0.754118
51.749	27	1	2.385686	10	10	480	79.166667	0.990099	0.754118
51.749	27	2	0.651451	20	20	480	37.5	0	0.754118
51.749	28	1	2.385686	10	10	480	79.166667	0.990099	0.754118
51.749	28	2	0.651451	20	20	480	37.5	0	0.754118
51.749	29	1	2.385686	10	10	480	79.166667	0.990099	0.754118
51.749	29	2	0.651451	20	20	480	37.5	0	0.754118
51.749	30	1	2.385686	10	10	480	79.166667	0.990099	0.754118
51.749	30	2	0.651451	20	20	480	37.5	0	0.754118
51.749	31	1	2.385686	10	10	480	79.166667	0.990099	0.754118
51.749	31	2	0.651451	20	20	480	37.5	0	0.754118
51.749	32	1	2.385686	10	10	480	79.166667	0.990099	0.754118
51.749	32	2	0.651451	20	20	480	37.5	0	0.754118
51.749	33	1	2.385686	10	10	480	79.166667	0.990099	0.754118
51.749	33	2	0.651451	20	20	480	37.5	0	0.754118
51.749	34	1	2.385686	10	10	480	79.166667	0.990099	0.754118
51.749	34	2	0.651451	20	20	480	37.5	0	0.754118
51.749	35	1	2.385686	10	10	480	79.166667	0.990099	0.754118
51.749	35	2	0.651451	20	20	480	37.5	0	0.754118
51.749	36	1	2.385686	10	10	480	79.166667	0.990099	0.754118
51.749	36	2	0.651451	20	20	480	37.5	0	0.754118
51.749	37	1	2.385686	10	10	480	79.166667	0.990099	0.754118
51.749	37	2	0.651451	20	20	480	37.5	0	0.754118
51.749	38	1	2.385686	10	10	480	79.166667	0.990099	0.754118
51.749	38	2	0.651451	20	20	480	37.5	0	0.754118
51.749	39	1	2.385686	10	10	480	79.166667	0.990099	0.754118
51.749	39	2	0.651451	20	20	480	37.5	0	0.754118
51.749	40	1	2.385686	10	10	480	79.166667	0.990099	0.754118
51.749	40	2	0.651451	20	20	480	37.5	0	0.754118
51.749	41	1	2.385686	10	10	480	79.166667	0.990099	0.754118
51.749	41	2	0.651451	20	20	480	37.5	0	0.754118
51.749	42	1	2.385686	10	10	480	79.166667	0.990099	0.754118
51.749	42	2	0.651451	20	20	480	37.5	0	0.754118
51.749	43	1	2.385686	10	10	480	79.166667	0.990099	0.754118
51.749	43	2	0.651451	20	20	480	37.5	0	0.754118
51.749	44	1	2.385686	10	10	480	79.166667	0.990099	0.754118
51.749	44	2	0.651451	20	20	480	37.5	0	0.754118
51.749	45	1	2.385686	10	10	480	79.166667	0.990099	0.754118
51.749	45	2	0.651451	20	20	480	37.5	0	0.754118
51.749	46	1	2.385686	10	10	480	79.166667	0.990099	0.754118
51.749	46	2	0.651451	20	20	480	37.5	0	0.754118
51.749	47	1	2.385686	10	10	480	79.166667	0.990099	0.754118
51.749	47	2	0.651451	20	20	480	37.5	0	0.754118
51.749	48	1	2.385686	10	10	480	79.166667	0.990099	0.754118
51.749	48	2	0.651451	20	20	480	37.5	0	0.754118
51.749	49	1	2.385686	10	10	480	79.166667	0.990099	0.754118
51.749	49	2	0.651451	20	20	480	37.5	0	0.754118
51.749	50	1	2.385686	10	10	480	79.166667	0.990099	0.754118
51.749	50	2	0.651451	20	20	480	37.5	0	0.754118
51.749	51	1	2.385686	10	10	480	79.166667	0.990099	0.754118
51.749	51	2	0.651451	20	20	480	37.5	0	0.754118
51.749	52	1	2.385686	10	10	480	79.166667	0.990099	0.754118
51.749	52	2	0.651451	20	20	480	37.5	0	0.754118
51.749	53	1	2.385686	10	10	480	79.166667	0.990099	0.754118
51.749	53	2	0.651451	20	20	480	37.5	0	0.754118
51.749	54	1	2.385686	10	10	480	79.166667	0.990099	0.754118
51.749	54	2	0.651451	20	20	480	37.5	0	0.754118
51.749	55	1	2.385686	10	10	480	79.166667	0.990099	0.754118
51.749	55	2	0.651451	20	20	480	37.5	0	0.754118
51.749	56	1	2.385686	10	10	480	79.166667	0.990099	0.754118
51.749	56	2	0.651451	20	20	480	37.5	0	0.754118
51.749	57	1	2.385686	10	10	480	79.166667	0.990099	0.754118
51.749	57	2	0.651451	20	20	480	37.5	0	0.754118
51.749	58	1	2.385686	10	10	480	79.166667	0.990099	0.754118
51.749	58	2	0.651451	20	20	480	37.5	0	0.754118
51.749	59	1	2.385686	10	10	480	79.166667	0.990099	0.754118
51.749	59	2	0.651451	20	20	480	37.5	0	0.754118
51.749	60	1	2.385686	10	10	480	79.166667	0.990099	0.754118
51.749	60	2	0.651451	20	20	480	37.5	0	0.754118
51.749	61	1	2.385686	10	10	480	79.166667	0.990099	0.754118
51.749	61	2	0.651451	20	20	480	37.5	0	0.754118
51.749	62	1	2.385686	10	10	480	79.166667	0.990099	0.754118
51.749	62	2	0.651451	20	20	480	37.5	0	0.754118
51.749	63	1	2.385686	10	10	480	79.166667	0.990099	0.754118
51.749	63	2	0.651451	20	20	480	37.5	0	0.754118
51.749	64	1	2.385686	10	10	480	79.166667	0.990099	0.754118
51.749	64	2	0.651451	20	20	480	37.5	0	0.754118
51.749	65	1	2.385686	10	10	480	79.166667	0.990099	0.754118
51.749	65	2	0.651451	20	20	480	37.5	0	0.754118
52.252	0	1	2.266402	10	10	456	79.166667	1.041667	0.754118
52.252	0	2	0.618879	20	20	456	37.5	0	0.754118
52.252	1	1	2.266402	10	10	456	79.166667	1.041667	0.754118
52.252	1	2	0.618879	20	20	456	37.5	0	0.754118
52.252	2	1	2.266402	10	10	456	79.166667	1.041667	0.754118
52.252	2	2	0.618879	20	20	456	37.5	0	0.754118
52.252	3	1	2.266402	10	10	456	79.166667	1.041667	0.754118
52.252	3	2	0.618879	20	20	456	37.5	0	0.754118
52.252	4	1	2.266402	10	10	456	79.166667	1.041667	0.754118
52.252	4	2	0.618879	20	20	456	37.5	0	0.754118
52.252	5	1	2.266402	10	10	456	79.166667	1.041667	0.754118
52.252	5	2	0.618879	20	20	456	37.5	0	0.754118
52.252	6	1	2.266402	10	10	456	79.166667	1.041667	0.754118
52.252	6	2	0.618879	20	20	456	37.5	0	0.754118
52.252	7	1	2.266402	10	10	456	79.166667	1.041667	0.754118
52.252	7	2	0.618879	20	20	456	37.5	0	0.754118
52.252	8	1	2.266402	10	10	456	79.166667	1.041667	0.754118
52.252	8	2	0.618879	20	20	456	37.5	0	0.754118
52.252	9	1	2.266402	10	10	456	79.166667	1.041667	0.754118
52.252	9	2	0.618879	20	20	456	37.5	0	0.754118
52.252	10	1	2.266402	10	10	456	79.166667	1.041667	0.754118
52.252	10	2	0.618879	20	20	456	37.5	0	0.754118
52.252	11	1	2.266402	10	10	456	79.166667	1.041667	0.754118
52.252	11	2	0.618879	20	20	456	37.5	0	0.754118
52.252	12	1	2.266402	10	10	456	79.166667	1.041667	0.754118
52.252	12	2	0.618879	20	20	456	37.5	0	0.754118
52.252	13	1	2.266402	10	10	456	79.166667	1.041667	0.754118
52.252	13	2	0.618879	20	20	456	37.5	0	0.754118
52.252	14	1	2.266402	10	10	456	79.166667	1.041667	0.754118
52.252	14	2	0.618879	20	20	456	37.5	0	0.754118
52.252	15	1	2.266402	10	10	456	79.166667	1.041667	0.754118
52.252	15	2	0.618879	20	20	456	37.5	0	0.754118
52.252	16	1	2.266402	10	10	456	79.166667	1.041667	0.754118
52.252	16	2	0.618879	20	20	456	37.5	0	0.754118
52.252	17	1	2.266402	10	10	456	79.166667	1.041667	0.754118
52.252	17	2	0.618879	20	20	456	37.5	0	0.754118
52.252	18	1	2.266402	10	10	456	79.166667	1.041667	0.754118
52.252	18	2	0.618879	20	20	456	37.5	0	0.754118
52.252	19	1	2.266402	10	10	456	79.166667	1.041667	0.754118
52.252	19	2	0.618879	20	20	456	37.5	0	0.754118
52.252	20	1	2.266402	10	10	456	79.166667	1.041667	0.754118
52.252	20	2	0.618879	20	20	456	37.5	0	0.754118
52.252	21	1	2.266402	10	10	456	79.166667	1.041667	0.754118
52.252	21	2	0.618879	20	20	456	37.5	0	0.754118
52.252	22	1	2.266402	10	10	456	79.166667	1.041667	0.754118
52.252	22	2	0.618879	20	20	456	37.5	0	0.754118
52.252	23	1	2.266402	10	10	456	79.166667	1.041667	0.754118
52.252	23	2	0.618879	20	20	456	37.5	0	0.754118
52.252	24	1	2.266402	10	10	456	79.166667	1.041667	0.754118
52.252	24	2	0.618879	20	20	456	37.5	0	0.754118
52.252	25	1	2.266402	10	10	456	79.166667	1.041667	0.754118
52.252	25	2	0.618879	20	20	456	37.5	0	0.754118
52.252	26	1	2.266402	10	10	456	79.166667	1.041667	0.754118
52.252	26	2	0.618879	20	20	456	37.5	0	0.754118
52.252	27	1	2.266402	10	10	456	79.166667	1.041667	0.754118
52.252	27	2	0.618879	20	20	456	37.5	0	0.754118
52.252	28	1	2.266402	10	10	456	79.166667	1.041667	0.754118
52.252	28	2	0.618879	20	20	456	37.5	0	0.754118
52.252	29	1	2.266402	10	10	456	79.166667	1.041667	0.754118
52.252	29	2	0.618879	20	20	456	37.5	0	0.754118
52.252	30	1	2.266402	10	10	456	79.166667	1.041667	0.754118
52.252	30	2	0.618879	20	20	456	37.5	0	0.754118
52.252	31	1	2.266402	10	10	456	79.166667	1.041667	0.754118
52.252	31	2	0.618879	20	20	456	37.5	0	0.754118
52.252	32	1	2.266402	10	10	456	79.166667	1.041667	0.754118
52.252	32	2	0.618879	20	20	456	37.5	0	0.754118
52.252	33	1	2.266402	10	10	456	79.166667	1.041667	0.754118
52.252	33	2	0.618879	20	20	456	37.5	0	0.754118
52.252	34	1	2.266402	10	10	456	79.166667	1.041667	0.754118
52.252	34	2	0.618879	20	20	456	37.5	0	0.754118
52.252	35	1	2.266402	10	10	456	79.166667	1.041667	0.754118
52.252	35	2	0.618879	20	20	456	37.5	0	0.754118
52.252	36	1	2.266402	10	10	456	79.166667	1.041667	0.754118
52.252	36	2	0.618879	20	20	456	37.5	0	0.754118
52.252	37	1	2.266402	10	10	456	79.166667	1.041667	0.754118
52.252	37	2	0.618879	20	20	456	37.5	0	0.754118
52.252	38	1	2.266402	10	10	456	79.166667	1.041667	0.754118
52.252	38	2	0.618879	20	20	456	37.5	0	0.754118
52.252	39	1	2.266402	10	10	456	79.166667	1.041667	0.754118
52.252	39	2	0.618879	20	20	456	37.5	0	0.754118
52.252	40	1	2.266402	10	10	456	79.166667	1.041667	0.754118
52.252	40	2	0.618879	20	20	456	37.5	0	0.754118
52.252	41	1	2.266402	10	10	456	79.166667	1.041667	0.754118
52.252	41	2	0.618879	20	20	456	37.5	0	0.754118
52.252	42	1	2.266402	10	10	456	79.166667	1.041667	0.754118
52.252	42	2	0.618879	20	20	456	37.5	0	0.754118
52.252	43	1	2.266402	10	10	456	79.166667	1.041667	0.754118
52.252	43	2	0.618879	20	20	456	37.5	0	0.754118
52.252	44	1	2.266402	10	10	456	79.166667	1.041667	0.754118
52.252	44	2	0.618879	20	20	456	37.5	0	0.754118
52.252	45	1	2.266402	10	10	456	79.166667	1.041667	0.754118
52.252	45	2	0.618879	20	20	456	37.5	0	0.754118
52.252	46	1	2.266402	10	10	456	79.166667	1.041667	0.754118
52.252	46	2	0.618879	20	20	456	37.5	0	0.754118
52.252	47	1	2.266402	10	10	456	79.166667	1.041667	0.754118
52.252	47	2	0.618879	20	20	456	37.5	0	0.754118
52.252	48	1	2.266402	10	10	456	79.166667	1.041667	0.754118
52.252	48	2	0.618879	20	20	456	37.5	0	0.754118
52.252	49	1	2.266402	10	10	456	79.166667	1.041667	0.754118
52.252	49	2	0.618879	20	20	456	37.5	0	0.754118
52.252	50	1	2.266402	10	10	456	79.166667	1.041667	0.754118
52.252	50	2	0.618879	20	20	456	37.5	0	0.754118
52.252	51	1	2.266402	10	10	456	79.166667	1.041667	0.754118
52.252	51	2	0.618879	20	20	456	37.5	0	0.754118
52.252	52	1	2.266402	10	10	456	79.166667	1.041667	0.754118
52.252	52	2	0.618879	20	20	456	37.5	0	0.754118
52.252	53	1	2.266402	10	10	456	79.166667	1.041667	0.754118
52.252	53	2	0.618879	20	20	456	37.5	0	0.754118
52.252	54	1	2.266402	10	10	456	79.166667	1.041667	0.754118
52.252	54	2	0.618879	20	20	456	37.5	0	0.754118
52.252	55	1	2.266402	10	10	456	79.166667	1.041667	0.754118
52.252	55	2	0.618879	20	20	456	37.5	0	0.754118
52.252	56	1	2.266402	10	10	456	79.166667	1.041667	0.754118
52.252	56	2	0.618879	20	20	456	37.5	0	0.754118
52.252	57	1	2.266402	10	10	456	79.166667	1.041667	0.754118
52.252	57	2	0.618879	20	20	456	37.5	0	0.754118
52.252	58	1	2.266402	10	10	456	79.166667	1.041667	0.754118
52.252	58	2	0.618879	20	20	456	37.5	0	0.754118
52.252	59	1	2.266402	10	10	456	79.166667	1.041667	0.754118
52.252	59	2	0.618879	20	20	456	37.5	0	0.754118
52.252	60	1	2.266402	10	10	456	79.166667	1.041667	0.754118
52.252	60	2	0.618879	20	20	456	37.5	0	0.754118
52.252	61	1	2.266402	10	10	456	79.166667	1.041667	0.754118
52.252	61	2	0.618879	20	20	456	37.5	0	0.754118
52.252	62	1	2.266402	10	10	456	79.166667	1.041667	0.754118
52.252	62	2	0.618879	20	20	456	37.5	0	0.754118
52.252	63	1	2.266402	10	10	456	79.166667	1.041667	0.754118
52.252	63	2	0.618879	20	20	456	37.5	0	0.754118
52.252	64	1	2.266402	10	10	456	79.166667	1.041667	0.754118
52.252	64	2	0.618879	20	20	456	37.5	0	0.754118
52.252	65	1	2.266402	10	10	456	79.166667	1.041667	0.754118
52.252	65	2	0.618879	20	20	456	37.5	0	0.754118
52.755	0	1	2.385686	10	10	480	79.166667	0.990099	0.754118
52.755	0	2	0.651451	20	20	480	37.5	0	0.754118
52.755	1	1	2.385686	10	10	480	79.166667	0.990099	0.754118
52.755	1	2	0.651451	20	20	480	37.5	0	0.754118
52.755	2	1	2.385686	10	10	480	79.166667	0.990099	0.754118
52.755	2	2	0.651451	20	20	480	37.5	0	0.754118
52.755	3	1	2.385686	10	10	480	79.166667	0.990099	0.754118
52.755	3	2	0.651451	20	20	480	37.5	0	0.754118
52.755	4	1	2.385686	10	10	480	79.166667	0.990099	0.754118
52.755	4	2	0.651451	20	20	480	37.5	0	0.754118
52.755	5	1	2.385686	10	10	480	79.166667	0.990099	0.754118
52.755	5	2	0.651451	20	20	480	37.5	0	0.754118
52.755	6	1	2.385686	10	10	480	79.166667	0.990099	0.754118
52.755	6	2	0.651451	20	20	480	37.5	0	0.754118
52.755	7	1	2.385686	10	10	480	79.166667	0.990099	0.754118
52.755	7	2	0.651451	20	20	480	37.5	0	0.754118
52.755	8	1	2.385686	10	10	480	79.166667	0.990099	0.754118
52.755	8	2	0.651451	20	20	480	37.5	0	0.754118
52.755	9	1	2.385686	10	10	480	79.166667	0.990099	0.754118
52.755	9	2	0.651451	20	20	480	37.5	0	0.754118
52.755	10	1	2.385686	10	10	480	79.166667	0.990099	0.754118
52.755	10	2	0.651451	20	20	480	37.5	0	0.754118
52.755	11	1	2.385686	10	10	480	79.166667	0.990099	0.754118
52.755	11	2	0.651451	20	20	480	37.5	0	0.754118
52.755	12	1	2.385686	10	10	480	79.166667	0.990099	0.754118
52.755	12	2	0.651451	20	20	480	37.5	0	0.754118
52.755	13	1	2.385686	10	10	480	79.166667	0.990099	0.754118
52.755	13	2	0.651451	20	20	480	37.5	0	0.754118
52.755	14	1	2.385686	10	10	480	79.166667	0.990099	0.754118
52.755	14	2	0.651451	20	20	480	37.5	0	0.754118
52.755	15	1	2.385686	10	10	480	79.166667	0.990099	0.754118
52.755	15	2	0.651451	20	20	480	37.5	0	0.754118
52.755	16	1	2.385686	10	10	480	79.166667	0.990099	0.754118
52.755	16	2	0.651451	20	20	480	37.5	0	0.754118
52.755	17	1	2.385686	10	10	480	79.166667	0.990099	0.754118
52.755	17	2	0.651451	20	20	480	37.5	0	0.754118
52.755	18	1	2.385686	10	10	480	79.166667	0.990099	0.754118
52.755	18	2	0.651451	20	20	480	37.5	0	0.754118
52.755	19	1	2.385686	10	10	480	79.166667	0.990099	0.754118
52.755	19	2	0.651451	20	20	480	37.5	0	0.754118
52.755	20	1	2.385686	10	10	480	79.166667	0.990099	0.754118
52.755	20	2	0.651451	20	20	480	37.5	0	0.754118
52.755	21	1	2.385686	10	10	480	79.166667	0.990099	0.754118
52.755	21	2	0.651451	20	20	480	37.5	0	0.754118
52.755	22	1	2.385686	10	10	480	79.166667	0.990099	0.754118
52.755	22	2	0.651451	20	20	480	37.5	0	0.754118
52.755	23	1	2.385686	10	10	480	79.166667	0.990099	0.754118
52.755	23	2	0.651451	20	20	480	37.5	0	0.754118
52.755	24	1	2.385686	10	10	480	79.166667	0.990099	0.754118
52.755	24	2	0.651451	20	20	480	37.5	0	0.754118
52.755	25	1	2.385686	10	10	480	79.166667	0.990099	0.754118
52.755	25	2	0.651451	20	20	480	37.5	0	0.754118
52.755	26	1	2.385686	10	10	480	79.166667	0.990099	0.754118
52.755	26	2	0.651451	20	20	480	37.5	0	0.754118
52.755	27	1	2.385686	10	10	480	79.166667	0.990099	0.754118
52.755	27	2	0.651451	20	20	480	37.5	0	0.754118
52.755	28	1	2.385686	10	10	480	79.166667	0.990099	0.754118
52.755	28	2	0.651451	20	20	480	37.5	0	0.754118
52.755	29	1	2.385686	10	10	480	79.166667	0.990099	0.754118
52.755	29	2	0.651451	20	20	480	37.5	0	0.754118
52.755	30	1	2.385686	10	10	480	79.166667	0.990099	0.754118
52.755	30	2	0.651451	20	20	480	37.5	0	0.754118
52.755	31	1	2.385686	10	10	480	79.166667	0.990099	0.754118
52.755	31	2	0.651451	20	20	480	37.5	0	0.754118
52.755	32	1	2.385686	10	10	480	79.166667	0.990099	0.754118
52.755	32	2	0.651451	20	20	480	37.5	0	0.754118
52.755	33	1	2.385686	10	10	480	79.166667	0.990099	0.754118
52.755	33	2	0.651451	20	20	480	37.5	0	0.754118
52.755	34	1	2.385686	10	10	480	79.166667	0.990099	0.754118
52.755	34	2	0.651451	20	20	480	37.5	0	0.754118
52.755	35	1	2.385686	10	10	480	79.166667	0.990099	0.754118
52.755	35	2	0.651451	20	20	480	37.5	0	0.754118
52.755	36	1	2.385686	10	10	480	79.166667	0.990099	0.754118
52.755	36	2	0.651451	20	20	480	37.5	0	0.754118
52.755	37	1	2.385686	10	10	480	79.166667	0.990099	0.754118
52.755	37	2	0.651451	20	20	480	37.5	0	0.754118
52.755	38	1	2.385686	10	10	480	79.166667	0.990099	0.754118
52.755	38	2	0.651451	20	20	480	37.5	0	0.754118
52.755	39	1	2.385686	10	10	480	79.166667	0.990099	0.754118
52.755	39	2	0.651451	20	20	480	37.5	0	0.754118
52.755	40	1	2.385686	10	10	480	79.166667	0.990099	0.754118
52.755	40	2	0.651451	20	20	480	37.5	0	0.754118
52.755	41	1	2.385686	10	10	480	79.166667	0.990099	0.754118
52.755	41	2	0.651451	20	20	480	37.5	0	0.754118
52.755	42	1	2.385686	10	10	480	79.166667	0.990099	0.754118
52.755	42	2	0.651451	20	20	480	37.5	0	0.754118
52.755	43	1	2.385686	10	10	480	79.166667	0.990099	0.754118
52.755	43	2	0.651451	20	20	480	37.5	0	0.754118
52.755	44	1	2.385686	10	10	480	79.166667	0.990099	0.754118
52.755	44	2	0.651451	20	20	480	37.5	0	0.754118
52.755	45	1	2.385686	10	10	480	79.166667	0.990099	0.754118
52.755	45	2	0.651451	20	20	480	37.5	0	0.754118
52.755	46	1	2.385686	10	10	480	79.166667	0.990099	0.754118
52.755	46	2	0.651451	20	20	480	37.5	0	0.754118
52.755	47	1	2.385686	10	10	480	79.166667	0.990099	0.754118
52.755	47	2	0.651451	20	20	480	37.5	0	0.754118
52.755	48	1	2.385686	10	10	480	79.166667	0.990099	0.754118
52.755	48	2	0.651451	20	20	480	37.5	0	0.754118
52.755	49	1	2.385686	10	10	480	79.166667	0.990099	0.754118
52.755	49	2	0.651451	20	20	480	37.5	0	0.754118
52.755	50	1	2.385686	10	10	480	79.166667	0.990099	0.754118
52.755	50	2	0.651451	20	20	480	37.5	0	0.754118
52.755	51	1	2.385686	10	10	480	79.166667	0.990099	0.754118
52.755	51	2	0.651451	20	20	480	37.5	0	0.754118
52.755	52	1	2.385686	10	10	480	79.166667	0.990099	0.754118
52.755	52	2	0.651451	20	20	480	37.5	0	0.754118
52.755	53	1	2.385686	10	10	480	79.166667	0.990099	0.754118
52.755	53	2	0.651451	20	20	480	37.5	0	0.754118
52.755	54	1	2.385686	10	10	480	79.166667	0.990099	0.754118
52.755	54	2	0.651451	20	20	480	37.5	0	0.754118
52.755	55	1	2.385686	10	10	480	79.166667	0.990099	0.754118
52.755	55	2	0.651451	20	20	480	37.5	0	0.754118
52.755	56	1	2.385686	10	10	480	79.166667	0.990099	0.754118
52.755	56	2	0.651451	20	20	480	37.5	0	0.754118
52.755	57	1	2.385686	10	10	480	79.166667	0.990099	0.754118
52.755	57	2	0.651451	20	20	480	37.5	0	0.754118
52.755	58	1	2.385686	10	10	480	79.166667	0.990099	0.754118
52.755	58	2	0.651451	20	20	480	37.5	0	0.754118
52.755	59	1	2.385686	10	10	480	79.166667	0.990099	0.754118
52.755	59	2	0.651451	20	20	480	37.5	0	0.754118
52.755	60	1	2.385686	10	10	480	79.166667	0.990099	0.754118
52.755	60	2	0.651451	20	20	480	37.5	0	0.754118
52.755	61	1	2.385686	10	10	480	79.166667	0.990099	0.754118
52.755	61	2	0.651451	20	20	480	37.5	0	0.754118
52.755	62	1	2.385686	10	10	480	79.166667	0.990099	0.754118
52.755	62	2	0.651451	20	20	480	37.5	0	0.754118
52.755	63	1	2.385686	10	10	480	79.166667	0.990099	0.754118
52.755	63	2	0.651451	20	20	480	37.5	0	0.754118
52.755	64	1	2.385686	10	10	480	79.166667	0.990099	0.754118
52.755	64	2	0.651451	20	20	480	37.5	0	0.754118
52.755	65	1	2.385686	10	10	480	79.166667	0.990099	0.754118
52.755	65	2	0.651451	20	20	480	37.5	0	0.754118
53.258	0	1	2.266402	10	10	456	79.166667	1.041667	0.754118
53.258	0	2	0.618879	20	20	456	37.5	0	0.754118
53.258	1	1	2.266402	10	10	456	79.166667	1.041667	0.754118
53.258	1	2	0.618879	20	20	456	37.5	0	0.754118
53.258	2	1	2.266402	10	10	456	79.166667	1.041667	0.754118
53.258	2	2	0.618879	20	20	456	37.5	0	0.754118
53.258	3	1	2.266402	10	10	456	79.166667	1.041667	0.754118
53.258	3	2	0.618879	20	20	456	37.5	0	0.754118
53.258	4	1	2.266402	10	10	456	79.166667	1.041667	0.754118
53.258	4	2	0.618879	20	20	456	37.5	0	0.754118
53.258	5	1	2.266402	10	10	456	79.166667	1.041667	0.754118
53.258	5	2	0.618879	20	20	456	37.5	0	0.754118
53.258	6	1	2.266402	10	10	456	79.166667	1.041667	0.754118
53.258	6	2	0.618879	20	20	456	37.5	0	0.754118
53.258	7	1	2.266402	10	10	456	79.166667	1.041667	0.754118
53.258	7	2	0.618879	20	20	456	37.5	0	0.754118
53.258	8	1	2.266402	10	10	456	79.166667	1.041667	0.754118
53.258	8	2	0.618879	20	20	456	37.5	0	0.754118
53.258	9	1	2.266402	10	10	456	79.166667	1.041667	0.754118
53.258	9	2	0.618879	20	20	456	37.5	0	0.754118
53.258	10	1	2.266402	10	10	456	79.166667	1.041667	0.754118
53.258	10	2	0.618879	20	20	456	37.5	0	0.754118
53.258	11	1	2.266402	10	10	456	79.166667	1.041667	0.754118
53.258	11	2	0.618879	20	20	456	37.5	0	0.754118
53.258	12	1	2.266402	10	10	456	79.166667	1.041667	0.754118
53.258	12	2	0.618879	20	20	456	37.5	0	0.754118
53.258	13	1	2.266402	10	10	456	79.166667	1.041667	0.754118
53.258	13	2	0.618879	20	20	456	37.5	0	0.754118
53.258	14	1	2.266402	10	10	456	79.166667	1.041667	0.754118
53.258	14	2	0.618879	20	20	456	37.5	0	0.754118
53.258	15	1	2.266402	10	10	456	79.166667	1.041667	0.754118
53.258	15	2	0.618879	20	20	456	37.5	0	0.754118
53.258	16	1	2.266402	10	10	456	79.166667	1.041667	0.754118
53.258	16	2	0.618879	20	20	456	37.5	0	0.754118
53.258	17	1	2.266402	10	10	456	79.166667	1.041667	0.754118
53.258	17	2	0.618879	20	20	456	37.5	0	0.754118
53.258	18	1	2.266402	10	10	456	79.166667	1.041667	0.754118
53.258	18	2	0.618879	20	20	456	37.5	0	0.754118
53.258	19	1	2.266402	10	10	456	79.166667	1.041667	0.754118
53.258	19	2	0.618879	20	20	456	37.5	0	0.754118
53.258	20	1	2.266402	10	10	456	79.166667	1.041667	0.754118
53.258	20	2	0.618879	20	20	456	37.5	0	0.754118
53.258	21	1	2.266402	10	10	456	79.166667	1.041667	0.754118
53.258	21	2	0.618879	20	20	456	37.5	0	0.754118
53.258	22	1	2.266402	10	10	456	79.166667	1.041667	0.754118
53.258	22	2	0.618879	20	20	456	37.5	0	0.754118
53.258	23	1	2.266402	10	10	456	79.166667	1.041667	0.754118
53.258	23	2	0.618879	20	20	456	37.5	0	0.754118
53.258	24	1	2.266402	10	10	456	79.166667	1.041667	0.754118
53.258	24	2	0.618879	20	20	456	37.5	0	0.754118
53.258	25	1	2.266402	10	10	456	79.166667	1.041667	0.754118
53.258	25	2	0.618879	20	20	456	37.5	0	0.754118
53.258	26	1	2.266402	10	10	456	79.166667	1.041667	0.754118
53.258	26	2	0.618879	20	20	456	37.5	0	0.754118
53.258	27	1	2.266402	10	10	456	79.166667	1.041667	0.754118
53.258	27	2	0.618879	20	20	456	37.5	0	0.754118
53.258	28	1	2.266402	10	10	456	79.166667	1.041667	0.754118
53.258	28	2	0.618879	20	20	456	37.5	0	0.754118
53.258	29	1	2.266402	10	10	456	79.166667	1.041667	0.754118
53.258	29	2	0.618879	20	20	456	37.5	0	0.754118
53.258	30	1	2.266402	10	10	456	79.166667	1.041667	0.754118
53.258	30	2	0.618879	20	20	456	37.5	0	0.754118
53.258	31	1	2.266402	10	10	456	79.166667	1.041667	0.754118
53.258	31	2	0.618879	20	20	456	37.5	0	0.754118
53.258	32	1	2.266402	10	10	456	79.166667	1.041667	0.754118
53.258	32	2	0.618879	20	20	456	37.5	0	0.754118
53.258	33	1	2.266402	10	10	456	79.166667	1.041667	0.754118
53.258	33	2	0.618879	20	20	456	37.5	0	0.754118
53.258	34	1	2.266402	10	10	456	79.166667	1.041667	0.754118
53.258	34	2	0.618879	20	20	456	37.5	0	0.754118
53.258	35	1	2.266402	10	10	456	79.166667	1.041667	0.754118
53.258	35	2	0.618879	20	20	456	37.5	0	0.754118
53.258	36	1	2.266402	10	10	456	79.166667	1.041667	0.754118
53.258	36	2	0.618879	20	20	456	37.5	0	0.754118
53.258	37	1	2.266402	10	10	456	79.166667	1.041667	0.754118
53.258	37	2	0.618879	20	20	456	37.5	0	0.754118
53.258	38	1	2.266402	10	10	456	79.166667	1.041667	0.754118
53.258	38	2	0.618879	20	20	456	37.5	0	0.754118
53.258	39	1	2.266402	10	10	456	79.166667	1.041667	0.754118
53.258	39	2	0.618879	20	20	456	37.5	0	0.754118
53.258	40	1	2.266402	10	10	456	79.166667	1.041667	0.754118
53.258	40	2	0.618879	20	20	456	37.5	0	0.754118
53.258	41	1	2.266402	10	10	456	79.166667	1.041667	0.754118
53.258	41	2	0.618879	20	20	456	37.5	0	0.754118
53.258	42	1	2.266402	10	10	456	79.166667	1.041667	0.754118
53.258	42	2	0.618879	20	20	456	37.5	0	0.754118
53.258	43	1	2.266402	10	10	456	79.166667	1.041667	0.754118
53.258	43	2	0.618879	20	20	456	37.5	0	0.754118
53.258	44	1	2.266402	10	10	456	79.166667	1.041667	0.754118
53.258	44	2	0.618879	20	20	456	37.5	0	0.754118
53.258	45	1	2.266402	10	10	456	79.166667	1.041667	0.754118
53.258	45	2	0.618879	20	20	456	37.5	0	0.754118
53.258	46	1	2.266402	10	10	456	79.166667	1.041667	0.754118
53.258	46	2	0.618879	20	20	456	37.5	0	0.754118
53.258	47	1	2.266402	10	10	456	79.166667	1.041667	0.754118
53.258	47	2	0.618879	20	20	456	37.5	0	0.754118
53.258	48	1	2.266402	10	10	456	79.166667	1.041667	0.754118
53.258	48	2	0.618879	20	20	456	37.5	0	0.754118
53.258	49	1	2.266402	10	10	456	79.166667	1.041667	0.754118
53.258	49	2	0.618879	20	20	456	37.5	0	0.754118
53.258	50	1	2.266402	10	10	456	79.166667	1.041667	0.754118
53.258	50	2	0.618879	20	20	456	37.5	0	0.754118
53.258	51	1	2.266402	10	10	456	79.166667	1.041667	0.754118
53.258	51	2	0.618879	20	20	456	37.5	0	0.754118
53.258	52	1	2.266402	10	10	456	79.166667	1.041667	0.754118
53.258	52	2	0.618879	20	20	456	37.5	0	0.754118
53.258	53	1	2.266402	10	10	456	79.166667	1.041667	0.754118
53.258	53	2	0.618879	20	20	456	37.5	0	0.754118
53.258	54	1	2.266402	10	10	456	79.166667	1.041667	0.754118
53.258	54	2	0.618879	20	20	456	37.5	0	0.754118
53.258	55	1	2.266402	10	10	456	79.166667	1.041667	0.754118
53.258	55	2	0.618879	20	20	456	37.5	0	0.754118
53.258	56	1	2.266402	10	10	456	79.166667	1.041667	0.754118
53.258	56	2	0.618879	20	20	456	37.5	0	0.754118
53.258	57	1	2.266402	10	10	456	79.166667	1.041667	0.754118
53.258	57	2	0.618879	20	20	456	37.5	0	0.754118
53.258	58	1	2.266402	10	10	456	79.166667	1.041667	0.754118
53.258	58	2	0.618879	20	20	456	37.5	0	0.754118
53.258	59	1	2.266402	10	10	456	79.166667	1.041667	0.754118
53.258	59	2	0.618879	20	20	456	37.5	0	0.754118
53.258	60	1	2.266402	10	10	456	79.166667	1.041667	0.754118
53.258	60	2	0.618879	20	20	456	37.5	0	0.754118
53.258	61	1	2.266402	10	10	456	79.166667	1.041667	0.754118
53.258	61	2	0.618879	20	20	456	37.5	0	0.754118
53.258	62	1	2.266402	10	10	456	79.166667	1.041667	0.754118
53.258	62	2	0.618879	20	20	456	37.5	0	0.754118
53.258	63	1	2.266402	10	10	456	79.166667	1.041667	0.754118
53.258	63	2	0.618879	20	20	456	37.5	0	0.754118
53.258	64	1	2.266402	10	10	456	79.166667	1.041667	0.754118
53.258	64	2	0.618879	20	20	456	37.5	0	0.754118
53.258	65	1	2.266402	10	10	456	79.166667	1.041667	0.754118
53.258	65	2	0.618879	20	20	456	37.5	0	0.754118
53.761	0	1	2.266402	10	10	456	79.166667	1.041667	0.754118
53.761	0	2	0.618879	20	20	456	37.5	0	0.754118
53.761	1	1	2.266402	10	10	456	79.166667	1.041667	0.754118
53.761	1	2	0.618879	20	20	456	37.5	0	0.754118
53.761	2	1	2.266402	10	10	456	79.166667	1.041667	0.754118
53.761	2	2	0.618879	20	20	456	37.5	0	0.754118
53.761	3	1	2.266402	10	10	456	79.166667	1.041667	0.754118
53.761	3	2	0.618879	20	20	456	37.5	0	0.754118
53.761	4	1	2.266402	10	10	456	79.166667	1.041667	0.754118
53.761	4	2	0.618879	20	20	456	37.5	0	0.754118
53.761	5	1	2.266402	10	10	456	79.166667	1.041667	0.754118
53.761	5	2	0.618879	20	20	456	37.5	0	0.754118
53.761	6	1	2.266402	10	10	456	79.166667	1.041667	0.754118
53.761	6	2	0.618879	20	20	456	37.5	0	0.754118
53.761	7	1	2.266402	10	10	456	79.166667	1.041667	0.754118
53.761	7	2	0.618879	20	20	456	37.5	0	0.754118
53.761	8	1	2.266402	10	10	456	79.166667	1.041667	0.754118
53.761	8	2	0.618879	20	20	456	37.5	0	0.754118
53.761	9	1	2.266402	10	10	456	79.166667	1.041667	0.754118
53.761	9	2	0.618879	20	20	456	37.5	0	0.754118
53.761	10	1	2.266402	10	10	456	79.166667	1.041667	0.754118
53.761	10	2	0.618879	20	20	456	37.5	0	0.754118
53.761	11	1	2.266402	10	10	456	79.166667	1.041667	0.754118
53.761	11	2	0.618879	20	20	456	37.5	0	0.754118
53.761	12	1	2.266402	10	10	456	79.166667	1.041667	0.754118
53.761	12	2	0.618879	20	20	456	37.5	0	0.754118
53.761	13	1	2.266402	10	10	456	79.166667	1.041667	0.754118
53.761	13	2	0.618879	20	20	456	37.5	0	0.754118
53.761	14	1	2.266402	10	10	456	79.166667	1.041667	0.754118
53.761	14	2	0.618879	20	20	456	37.5	0	0.754118
53.761	15	1	2.266402	10	10	456	79.166667	1.041667	0.754118
53.761	15	2	0.618879	20	20	456	37.5	0	0.754118
53.761	16	1	2.266402	10	10	456	79.166667	1.041667	0.754118
53.761	16	2	0.618879	20	20	456	37.5	0	0.754118
53.761	17	1	2.266402	10	10	456	79.166667	1.041667	0.754118
53.761	17	2	0.618879	20	20	456	37.5	0	0.754118
53.761	18	1	2.266402	10	10	456	79.166667	1.041667	0.754118
53.761	18	2	0.618879	20	20	456	37.5	0	0.754118
53.761	19	1	2.266402	10	10	456	79.166667	1.041667	0.754118
53.761	19	2	0.618879	20	20	456	37.5	0	0.754118
53.761	20	1	2.266402	10	10	456	79.166667	1.041667	0.754118
53.761	20	2	0.618879	20	20	456	37.5	0	0.754118
53.761	21	1	2.266402	10	10	456	79.166667	1.041667	0.754118
53.761	21	2	0.618879	20	20	456	37.5	0	0.754118
53.761	22	1	2.266402	10	10	456	79.166667	1.041667	0.754118
53.761	22	2	0.618879	20	20	456	37.5	0	0.754118
53.761	23	1	2.266402	10	10	456	79.166667	1.041667	0.754118
53.761	23	2	0.618879	20	20	456	37.5	0	0.754118
53.761	24	1	2.266402	10	10	456	79.166667	1.041667	0.754118
53.761	24	2	0.618879	20	20	456	37.5	0	0.754118
53.761	25	1	2.266402	10	10	456	79.166667	1.041667	0.754118
53.761	25	2	0.618879	20	20	456	37.5	0	0.754118
53.761	26	1	2.266402	10	10	456	79.166667	1.041667	0.754118
53.761	26	2	0.618879	20	20	456	37.5	0	0.754118
53.761	27	1	2.266402	10	10	456	79.166667	1.041667	0.754118
53.761	27	2	0.618879	20	20	456	37.5	0	0.754118
53.761	28	1	2.266402	10	10	456	79.166667	1.041667	0.754118
53.761	28	2	0.618879	20	20	456	37.5	0	0.754118
53.761	29	1	2.266402	10	10	456	79.166667	1.041667	0.754118
53.761	29	2	0.618879	20	20	456	37.5	0	0.754118
53.761	30	1	2.266402	10	10	456	79.166667	1.041667	0.754118
53.761	30	2	0.618879	20	20	456	37.5	0	0.754118
53.761	31	1	2.266402	10	10	456	79.166667	1.041667	0.754118
53.761	31	2	0.618879	20	20	456	37.5	0	0.754118
53.761	32	1	2.266402	10	10	456	79.166667	1.041667	0.754118
53.761	32	2	0.618879	20	20	456	37.5	0	0.754118
53.761	33	1	2.266402	10	10	456	79.166667	1.041667	0.754118
53.761	33	2	0.618879	20	20	456	37.5	0	0.754118
53.761	34	1	2.266402	10	10	456	79.166667	1.041667	0.754118
53.761	34	2	0.618879	20	20	456	37.5	0	0.754118
53.761	35	1	2.266402	10	10	456	79.166667	1.041667	0.754118
53.761	35	2	0.618879	20	20	456	37.5	0	0.754118
53.761	36	1	2.266402	10	10	456	79.166667	1.041667	0.754118
53.761	36	2	0.618879	20	20	456	37.5	0	0.754118
53.761	37	1	2.266402	10	10	456	79.166667	1.041667	0.754118
53.761	37	2	0.618879	20	20	456	37.5	0	0.754118
53.761	38	1	2.266402	10	10	456	79.166667	1.041667	0.754118
53.761	38	2	0.618879	20	20	456	37.5	0	0.754118
53.761	39	1	2.266402	10	10	456	79.166667	1.041667	0.754118
53.761	39	2	0.618879	20	20	456	37.5	0	0.754118
53.761	40	1	2.266402	10	10	456	79.166667	1.041667	0.754118
53.761	40	2	0.618879	20	20	456	37.5	0	0.754118
53.761	41	1	2.266402	10	10	456	79.166667	1.041667	0.754118
53.761	41	2	0.618879	20	20	456	37.5	0	0.754118
53.761	42	1	2.266402	10	10	456	79.166667	1.041667	0.754118
53.761	42	2	0.618879	20	20	456	37.5	0	0.754118
53.761	43	1	2.266402	10	10	456	79.166667	1.041667	0.754118
53.761	43	2	0.618879	20	20	456	37.5	0	0.754118
53.761	44	1	2.266402	10	10	456	79.166667	1.041667	0.754118
53.761	44	2	0.618879	20	20	456	37.5	0	0.754118
53.761	45	1	2.266402	10	10	456	79.166667	1.041667	0.754118
53.761	45	2	0.618879	20	20	456	37.5	0	0.754118
53.761	46	1	2.266402	10	10	456	79.166667	1.041667	0.754118
53.761	46	2	0.618879	20	20	456	37.5	0	0.754118
53.761	47	1	2.266402	10	10	456	79.166667	1.041667	0.754118
53.761	47	2	0.618879	20	20	456	37.5	0	0.754118
53.761	48	1	2.266402	10	10	456	79.166667	1.041667	0.754118
53.761	48	2	0.618879	20	20	456	37.5	0	0.754118
53.761	49	1	2.266402	10	10	456	79.166667	1.041667	0.754118
53.761	49	2	0.618879	20	20	456	37.5	0	0.754118
53.761	50	1	2.266402	10	10	456	79.166667	1.041667	0.754118
53.761	50	2	0.618879	20	20	456	37.5	0	0.754118
53.761	51	1	2.266402	10	10	456	79.166667	1.041667	0.754118
53.761	51	2	0.618879	20	20	456	37.5	0	0.754118
53.761	52	1	2.266402	10	10	456	79.166667	1.041667	0.754118
53.761	52	2	0.618879	20	20	456	37.5	0	0.754118
53.761	53	1	2.266402	10	10	456	79.166667	1.041667	0.754118
53.761	53	2	0.618879	20	20	456	37.5	0	0.754118
53.761	54	1	2.266402	10	10	456	79.166667	1.041667	0.754118
53.761	54	2	0.618879	20	20	456	37.5	0	0.754118
53.761	55	1	2.266402	10	10	456	79.166667	1.041667	0.754118
53.761	55	2	0.618879	20	20	456	37.5	0	0.754118
53.761	56	1	2.266402	10	10	456	79.166667	1.041667	0.754118
53.761	56	2	0.618879	20	20	456	37.5	0	0.754118
53.761	57	1	2.266402	10	10	456	79.166667	1.041667	0.754118
53.761	57	2	0.618879	20	20	456	37.5	0	0.754118
53.761	58	1	2.266402	10	10	456	79.166667	1.041667	0.754118
53.761	58	2	0.618879	20	20	456	37.5	0	0.754118
53.761	59	1	2.266402	10	10	456	79.166667	1.041667	0.754118
53.761	59	2	0.618879	20	20	456	37.5	0	0.754118
53.761	60	1	2.266402	10	10	456	79.166667	1.041667	0.754118
53.761	60	2	0.618879	20	20	456	37.5	0	0.754118
53.761	61	1	2.266402	10	10	456	79.166667	1.041667	0.754118
53.761	61	2	0.618879	20	20	456	37.5	0	0.754118
53.761	62	1	2.266402	10	10	456	79.166667	1.041667	0.754118
53.761	62	2	0.618879	20	20	456	37.5	0	0.754118
53.761	63	1	2.266402	10	10	456	79.166667	1.041667	0.754118
53.761	63	2	0.618879	20	20	456	37.5	0	0.754118
53.761	64	1	2.266402	10	10	456	79.166667	1.041667	0.754118
53.761	64	2	0.618879	20	20	456	37.5	0	0.754118
53.761	65	1	2.266402	10	10	456	79.166667	1.041667	0.754118
53.761	65	2	0.618879	20	20	456	37.5	0	0.754118
54.264	0	1	2.385686	10	10	480	79.166667	0.990099	0.754118
54.264	0	2	0.651451	20	20	480	37.5	0	0.754118
54.264	1	1	2.385686	10	10	480	79.166667	0.990099	0.754118
54.264	1	2	0.651451	20	20	480	37.5	0	0.754118
54.264	2	1	2.385686	10	10	480	79.166667	0.990099	0.754118
54.264	2	2	0.651451	20	20	480	37.5	0	0.754118
54.264	3	1	2.385686	10	10	480	79.166667	0.990099	0.754118
54.264	3	2	0.651451	20	20	480	37.5	0	0.754118
54.264	4	1	2.385686	10	10	480	79.166667	0.990099	0.754118
54.264	4	2	0.651451	20	20	480	37.5	0	0.754118
54.264	5	1	2.385686	10	10	480	79.166667	0.990099	0.754118
54.264	5	2	0.651451	20	20	480	37.5	0	0.754118
54.264	6	1	2.385686	10	10	480	79.166667	0.990099	0.754118
54.264	6	2	0.651451	20	20	480	37.5	0	0.754118
54.264	7	1	2.385686	10	10	480	79.166667	0.990099	0.754118
54.264	7	2	0.651451	20	20	480	37.5	0	0.754118
54.264	8	1	2.385686	10	10	480	79.166667	0.990099	0.754118
54.264	8	2	0.651451	20	20	480	37.5	0	0.754118
54.264	9	1	2.385686	10	10	480	79.166667	0.990099	0.754118
54.264	9	2	0.651451	20	20	480	37.5	0	0.754118
54.264	10	1	2.385686	10	10	480	79.166667	0.990099	0.754118
54.264	10	2	0.651451	20	20	480	37.5	0	0.754118
54.264	11	1	2.385686	10	10	480	79.166667	0.990099	0.754118
54.264	11	2	0.651451	20	20	480	37.5	0	0.754118
54.264	12	1	2.385686	10	10	480	79.166667	0.990099	0.754118
54.264	12	2	0.651451	20	20	480	37.5	0	0.754118
54.264	13	1	2.385686	10	10	480	79.166667	0.990099	0.754118
54.264	13	2	0.651451	20	20	480	37.5	0	0.754118
54.264	14	1	2.385686	10	10	480	79.166667	0.990099	0.754118
54.264	14	2	0.651451	20	20	480	37.5	0	0.754118
54.264	15	1	2.385686	10	10	480	79.166667	0.990099	0.754118
54.264	15	2	0.651451	20	20	480	37.5	0	0.754118
54.264	16	1	2.385686	10	10	480	79.166667	0.990099	0.754118
54.264	16	2	0.651451	20	20	480	37.5	0	0.754118
54.264	17	1	2.385686	10	10	480	79.166667	0.990099	0.754118
54.264	17	2	0.651451	20	20	480	37.5	0	0.754118
54.264	18	1	2.385686	10	10	480	79.166667	0.990099	0.754118
54.264	18	2	0.651451	20	20	480	37.5	0	0.754118
54.264	19	1	2.385686	10	10	480	79.166667	0.990099	0.754118
54.264	19	2	0.651451	20	20	480	37.5	0	0.754118
54.264	20	1	2.385686	10	10	480	79.166667	0.990099	0.754118
54.264	20	2	0.651451	20	20	480	37.5	0	0.754118
54.264	21	1	2.385686	10	10	480	79.166667	0.990099	0.754118
54.264	21	2	0.651451	20	20	480	37.5	0	0.754118
54.264	22	1	2.385686	10	10	480	79.166667	0.990099	0.754118
54.264	22	2	0.651451	20	20	480	37.5	0	0.754118
54.264	23	1	2.385686	10	10	480	79.166667	0.990099	0.754118
54.264	23	2	0.651451	20	20	480	37.5	0	0.754118
54.264	24	1	2.385686	10	10	480	79.166667	0.990099	0.754118
54.264	24	2	0.651451	20	20	480	37.5	0	0.754118
54.264	25	1	2.385686	10	10	480	79.166667	0.990099	0.754118
54.264	25	2	0.651451	20	20	480	37.5	0	0.754118
54.264	26	1	2.385686	10	10	480	79.166667	0.990099	0.754118
54.264	26	2	0.651451	20	20	480	37.5	0	0.754118
54.264	27	1	2.385686	10	10	480	79.166667	0.990099	0.754118
54.264	27	2	0.651451	20	20	480	37.5	0	0.754118
54.264	28	1	2.385686	10	10	480	79.166667	0.990099	0.754118
54.264	28	2	0.651451	20	20	480	37.5	0	0.754118
54.264	29	1	2.385686	10	10	480	79.166667	0.990099	0.754118
54.264	29	2	0.651451	20	20	480	37.5	0	0.754118
54.264	30	1	2.385686	10	10	480	79.166667	0.990099	0.754118
54.264	30	2	0.651451	20	20	480	37.5	0	0.754118
54.264	31	1	2.385686	10	10	480	79.166667	0.990099	0.754118
54.264	31	2	0.651451	20	20	480	37.5	0	0.754118
54.264	32	1	2.385686	10	10	480	79.166667	0.990099	0.754118
54.264	32	2	0.651451	20	20	480	37.5	0	0.754118
54.264	33	1	2.385686	10	10	480	79.166667	0.990099	0.754118
54.264	33	2	0.651451	20	20	480	37.5	0	0.754118
54.264	34	1	2.385686	10	10	480	79.166667	0.990099	0.754118
54.264	34	2	0.651451	20	20	480	37.5	0	0.754118
54.264	35	1	2.385686	10	10	480	79.166667	0.990099	0.754118
54.264	35	2	0.651451	20	20	480	37.5	0	0.754118
54.264	36	1	2.385686	10	10	480	79.166667	0.990099	0.754118
54.264	36	2	0.651451	20	20	480	37.5	0	0.754118
54.264	37	1	2.385686	10	10	480	79.166667	0.990099	0.754118
54.264	37	2	0.651451	20	20	480	37.5	0	0.754118
54.264	38	1	2.385686	10	10	480	79.166667	0.990099	0.754118
54.264	38	2	0.651451	20	20	480	37.5	0	0.754118
54.264	39	1	2.385686	10	10	480	79.166667	0.990099	0.754118
54.264	39	2	0.651451	20	20	480	37.5	0	0.754118
54.264	40	1	2.385686	10	10	480	79.166667	0.990099	0.754118
54.264	40	2	0.651451	20	20	480	37.5	0	0.754118
54.264	41	1	2.385686	10	10	480	79.166667	0.990099	0.754118
54.264	41	2	0.651451	20	20	480	37.5	0	0.754118
54.264	42	1	2.385686	10	10	480	79.166667	0.990099	0.754118
54.264	42	2	0.651451	20	20	480	37.5	0	0.754118
54.264	43	1	2.385686	10	10	480	79.166667	0.990099	0.754118
54.264	43	2	0.651451	20	20	480	37.5	0	0.754118
54.264	44	1	2.385686	10	10	480	79.166667	0.990099	0.754118
54.264	44	2	0.651451	20	20	480	37.5	0	0.754118
54.264	45	1	2.385686	10	10	480	79.166667	0.990099	0.754118
54.264	45	2	0.651451	20	20	480	37.5	0	0.754118
54.264	46	1	2.385686	10	10	480	79.166667	0.990099	0.754118
54.264	46	2	0.651451	20	20	480	37.5	0	0.754118
54.264	47	1	2.385686	10	10	480	79.166667	0.990099	0.754118
54.264	47	2	0.651451	20	20	480	37.5	0	0.754118
54.264	48	1	2.385686	10	10	480	79.166667	0.990099	0.754118
54.264	48	2	0.651451	20	20	480	37.5	0	0.754118
54.264	49	1	2.385686	10	10	480	79.166667	0.990099	0.754118
54.264	49	2	0.651451	20	20	480	37.5	0	0.754118
54.264	50	1	2.385686	10	10	480	79.166667	0.990099	0.754118
54.264	50	2	0.651451	20	20	480	37.5	0	0.754118
54.264	51	1	2.385686	10	10	480	79.166667	0.990099	0.754118
54.264	51	2	0.651451	20	20	480	37.5	0	0.754118
54.264	52	1	2.385686	10	10	480	79.166667	0.990099	0.754118
54.264	52	2	0.651451	20	20	480	37.5	0	0.754118
54.264	53	1	2.385686	10	10	480	79.166667	0.990099	0.754118
54.264	53	2	0.651451	20	20	480	37.5	0	0.754118
54.264	54	1	2.385686	10	10	480	79.166667	0.990099	0.754118
54.264	54	2	0.651451	20	20	480	37.5	0	0.754118
54.264	55	1	2.385686	10	10	480	79.166667	0.990099	0.754118
54.264	55	2	0.651451	20	20	480	37.5	0	0.754118
54.264	56	1	2.385686	10	10	480	79.166667	0.990099	0.754118
54.264	56	2	0.651451	20	20	480	37.5	0	0.754118
54.264	57	1	2.385686	10	10	480	79.166667	0.990099	0.754118
54.264	57	2	0.651451	20	20	480	37.5	0	0.754118
54.264	58	1	2.385686	10	10	480	79.166667	0.990099	0.754118
54.264	58	2	0.651451	20	20	480	37.5	0	0.754118
54.264	59	1	2.385686	10	10	480	79.166667	0.990099	0.754118
54.264	59	2	0.651451	20	20	480	37.5	0	0.754118
54.264	60	1	2.385686	10	10	480	79.166667	0.990099	0.754118
54.264	60	2	0.651451	20	20	480	37.5	0	0.754118
54.264	61	1	2.385686	10	10	480	79.166667	0.990099	0.754118
54.264	61	2	0.651451	20	20	480	37.5	0	0.754118
54.264	62	1	2.385686	10	10	480	79.166667	0.990099	0.754118
54.264	62	2	0.651451	20	20	480	37.5	0	0.754118
54.264	63	1	2.385686	10	10	480	79.166667	0.990099	0.754118
54.264	63	2	0.651451	20	20	480	37.5	0	0.754118
54.264	64	1	2.385686	10	10	480	79.166667	0.990099	0.754118
54.264	64	2	0.651451	20	20	480	37.5	0	0.754118
54.264	65	1	2.385686	10	10	480	79.166667	0.990099	0.754118
54.264	65	2	0.651451	20	20	480	37.5	0	0.754118
54.767	0	1	2.266402	10	10	456	79.166667	1.041667	0.754118
54.767	0	2	0.618879	20	20	456	37.5	0	0.754118
54.767	1	1	2.266402	10	10	456	79.166667	1.041667	0.754118
54.767	1	2	0.618879	20	20	456	37.5	0	0.754118
54.767	2	1	2.266402	10	10	456	79.166667	1.041667	0.754118
54.767	2	2	0.618879	20	20	456	37.5	0	0.754118
54.767	3	1	2.266402	10	10	456	79.166667	1.041667	0.754118
54.767	3	2	0.618879	20	20	456	37.5	0	0.754118
54.767	4	1	2.266402	10	10	456	79.166667	1.041667	0.754118
54.767	4	2	0.618879	20	20	456	37.5	0	0.754118
54.767	5	1	2.266402	10	10	456	79.166667	1.041667	0.754118
54.767	5	2	0.618879	20	20	456	37.5	0	0.754118
54.767	6	1	2.266402	10	10	456	79.166667	1.041667	0.754118
54.767	6	2	0.618879	20	20	456	37.5	0	0.754118
54.767	7	1	2.266402	10	10	456	79.166667	1.041667	0.754118
54.767	7	2	0.618879	20	20	456	37.5	0	0.754118
54.767	8	1	2.266402	10	10	456	79.166667	1.041667	0.754118
54.767	8	2	0.618879	20	20	456	37.5	0	0.754118
54.767	9	1	2.266402	10	10	456	79.166667	1.041667	0.754118
54.767	9	2	0.618879	20	20	456	37.5	0	0.754118
54.767	10	1	2.266402	10	10	456	79.166667	1.041667	0.754118
54.767	10	2	0.618879	20	20	456	37.5	0	0.754118
54.767	11	1	2.266402	10	10	456	79.166667	1.041667	0.754118
54.767	11	2	0.618879	20	20	456	37.5	0	0.754118
54.767	12	1	2.266402	10	10	456	79.166667	1.041667	0.754118
54.767	12	2	0.618879	20	20	456	37.5	0	0.754118
54.767	13	1	2.266402	10	10	456	79.166667	1.041667	0.754118
54.767	13	2	0.618879	20	20	456	37.5	0	0.754118
54.767	14	1	2.266402	10	10	456	79.166667	1.041667	0.754118
54.767	14	2	0.618879	20	20	456	37.5	0	0.754118
54.767	15	1	2.266402	10	10	456	79.166667	1.041667	0.754118
54.767	15	2	0.618879	20	20	456	37.5	0	0.754118
54.767	16	1	2.266402	10	10	456	79.166667	1.041667	0.754118
54.767	16	2	0.618879	20	20	456	37.5	0	0.754118
54.767	17	1	2.266402	10	10	456	79.166667	1.041667	0.754118
54.767	17	2	0.618879	20	20	456	37.5	0	0.754118
54.767	18	1	2.266402	10	10	456	79.166667	1.041667	0.754118
54.767	18	2	0.618879	20	20	456	37.5	0	0.754118
54.767	19	1	2.266402	10	10	456	79.166667	1.041667	0.754118
54.767	19	2	0.618879	20	20	456	37.5	0	0.754118
54.767	20	1	2.266402	10	10	456	79.166667	1.041667	0.754118
54.767	20	2	0.618879	20	20	456	37.5	0	0.754118
54.767	21	1	2.266402	10	10	456	79.166667	1.041667	0.754118
54.767	21	2	0.618879	20	20	456	37.5	0	0.754118
54.767	22	1	2.266402	10	10	456	79.166667	1.041667	0.754118
54.767	22	2	0.618879	20	20	456	37.5	0	0.754118
54.767	23	1	2.266402	10	10	456	79.166667	1.041667	0.754118
54.767	23	2	0.618879	20	20	456	37.5	0	0.754118
54.767	24	1	2.266402	10	10	456	79.166667	1.041667	0.754118
54.767	24	2	0.618879	20	20	456	37.5	0	0.754118
54.767	25	1	2.266402	10	10	456	79.166667	1.041667	0.754118
54.767	25	2	0.618879	20	20	456	37.5	0	0.754118
54.767	26	1	2.266402	10	10	456	79.166667	1.041667	0.754118
54.767	26	2	0.618879	20	20	456	37.5	0	0.754118
54.767	27	1	2.266402	10	10	456	79.166667	1.041667	0.754118
54.767	27	2	0.618879	20	20	456	37.5	0	0.754118
54.767	28	1	2.266402	10	10	456	79.166667	1.041667	0.754118
54.767	28	2	0.618879	20	20	456	37.5	0	0.754118
54.767	29	1	2.266402	10	10	456	79.166667	1.041667	0.754118
54.767	29	2	0.618879	20	20	456	37.5	0	0.754118
54.767	30	1	2.266402	10	10	456	79.166667	1.041667	0.754118
54.767	30	2	0.618879	20	20	456	37.5	0	0.754118
54.767	31	1	2.266402	10	10	456	79.166667	1.041667	0.754118
54.767	31	2	0.618879	20	20	456	37.5	0	0.754118
54.767	32	1	2.266402	10	10	456	79.166667	1.041667	0.754118
54.767	32	2	0.618879	20	20	456	37.5	0	0.754118
54.767	33	1	2.266402	10	10	456	79.166667	1.041667	0.754118
54.767	33	2	0.618879	20	20	456	37.5	0	0.754118
54.767	34	1	2.266402	10	10	456	79.166667	1.041667	0.754118
54.767	34	2	0.618879	20	20	456	37.5	0	0.754118
54.767	35	1	2.266402	10	10	456	79.166667	1.041667	0.754118
54.767	35	2	0.618879	20	20	456	37.5	0	0.754118
54.767	36	1	2.266402	10	10	456	79.166667	1.041667	0.754118
54.767	36	2	0.618879	20	20	456	37.5	0	0.754118
54.767	37	1	2.266402	10	10	456	79.166667	1.041667	0.754118
54.767	37	2	0.618879	20	20	456	37.5	0	0.754118
54.767	38	1	2.266402	10	10	456	79.166667	1.041667	0.754118
54.767	38	2	0.618879	20	20	456	37.5	0	0.754118
54.767	39	1	2.266402	10	10	456	79.166667	1.041667	0.754118
54.767	39	2	0.618879	20	20	456	37.5	0	0.754118
54.767	40	1	2.266402	10	10	456	79.166667	1.041667	0.754118
54.767	40	2	0.618879	20	20	456	37.5	0	0.754118
54.767	41	1	2.266402	10	10	456	79.166667	1.041667	0.754118
54.767	41	2	0.618879	20	20	456	37.5	0	0.754118
54.767	42	1	2.266402	10	10	456	79.166667	1.041667	0.754118
54.767	42	2	0.618879	20	20	456	37.5	0	0.754118
54.767	43	1	2.266402	10	10	456	79.166667	1.041667	0.754118
54.767	43	2	0.618879	20	20	456	37.5	0	0.754118
54.767	44	1	2.266402	10	10	456	79.166667	1.041667	0.754118
54.767	44	2	0.618879	20	20	456	37.5	0	0.754118
54.767	45	1	2.266402	10	10	456	79.166667	1.041667	0.754118
54.767	45	2	0.618879	20	20	456	37.5	0	0.754118
54.767	46	1	2.266402	10	10	456	79.166667	1.041667	0.754118
54.767	46	2	0.618879	20	20	456	37.5	0	0.754118
54.767	47	1	2.266402	10	10	456	79.166667	1.041667	0.754118
54.767	47	2	0.618879	20	20	456	37.5	0	0.754118
54.767	48	1	2.266402	10	10	456	79.166667	1.041667	0.754118
54.767	48	2	0.618879	20	20	456	37.5	0	0.754118
54.767	49	1	2.266402	10	10	456	79.166667	1.041667	0.754118
54.767	49	2	0.618879	20	20	456	37.5	0	0.754118
54.767	50	1	2.266402	10	10	456	79.166667	1.041667	0.754118
54.767	50	2	0.618879	20	20	456	37.5	0	0.754118
54.767	51	1	2.266402	10	10	456	79.166667	1.041667	0.754118
54.767	51	2	0.618879	20	20	456	37.5	0	0.754118
54.767	52	1	2.266402	10	10	456	79.166667	1.041667	0.754118
54.767	52	2	0.618879	20	20	456	37.5	0	0.754118
54.767	53	1	2.266402	10	10	456	79.166667	1.041667	0.754118
54.767	53	2	0.618879	20	20	456	37.5	0	0.754118
54.767	54	1	2.266402	10	10	456	79.166667	1.041667	0.754118
54.767	54	2	0.618879	20	20	456	37.5	0	0.754118
54.767	55	1	2.266402	10	10	456	79.166667	1.041667	0.754118
54.767	55	2	0.618879	20	20	456	37.5	0	0.754118
54.767	56	1	2.266402	10	10	456	79.166667	1.041667	0.754118
54.767	56	2	0.618879	20	20	456	37.5	0	0.754118
54.767	57	1	2.266402	10	10	456	79.166667	1.041667	0.754118
54.767	57	2	0.618879	20	20	456	37.5	0	0.754118
54.767	58	1	2.266402	10	10	456	79.166667	1.041667	0.754118
54.767	58	2	0.618879	20	20	456	37.5	0	0.754118
54.767	59	1	2.266402	10	10	456	79.166667	1.041667	0.754118
54.767	59	2	0.618879	20	20	456	37.5	0	0.754118
54.767	60	1	2.266402	10	10	456	79.166667	1.041667	0.754118
54.767	60	2	0.618879	20	20	456	37.5	0	0.754118
54.767	61	1	2.266402	10	10	456	79.166667	1.041667	0.754118
54.767	61	2	0.618879	20	20	456	37.5	0	0.754118
54.767	62	1	2.266402	10	10	456	79.166667	1.041667	0.754118
54.767	62	2	0.618879	20	20	456	37.5	0	0.754118
54.767	63	1	2.266402	10	10	456	79.166667	1.041667	0.754118
54.767	63	2	0.618879	20	20	456	37.5	0	0.754118
54.767	64	1	2.266402	10	10	456	79.166667	1.041667	0.754118
54.767	64	2	0.618879	20	20	456	37.5	0	0.754118
54.767	65	1	2.266402	10	10	456	79.166667	1.041667	0.754118
54.767	65	2	0.618879	20	20	456	37.5	0	0.754118
55.27	0	1	2.266402	10	10	456	79.166667	1.041667	0.754118
55.27	0	2	0.618879	20	20	456	37.5	0	0.754118
55.27	1	1	2.266402	10	10	456	79.166667	1.041667	0.754118
55.27	1	2	0.618879	20	20	456	37.5	0	0.754118
55.27	2	1	2.266402	10	10	456	79.166667	1.041667	0.754118
55.27	2	2	0.618879	20	20	456	37.5	0	0.754118
55.27	3	1	2.266402	10	10	456	79.166667	1.041667	0.754118
55.27	3	2	0.618879	20	20	456	37.5	0	0.754118
55.27	4	1	2.266402	10	10	456	79.166667	1.041667	0.754118
55.27	4	2	0.618879	20	20	456	37.5	0	0.754118
55.27	5	1	2.266402	10	10	456	79.166667	1.041667	0.754118
55.27	5	2	0.618879	20	20	456	37.5	0	0.754118
55.27	6	1	2.266402	10	10	456	79.166667	1.041667	0.754118
55.27	6	2	0.618879	20	20	456	37.5	0	0.754118
55.27	7	1	2.266402	10	10	456	79.166667	1.041667	0.754118
55.27	7	2	0.618879	20	20	456	37.5	0	0.754118
55.27	8	1	2.266402	10	10	456	79.166667	1.041667	0.754118
55.27	8	2	0.618879	20	20	456	37.5	0	0.754118
55.27	9	1	2.266402	10	10	456	79.166667	1.041667	0.754118
55.27	9	2	0.618879	20	20	456	37.5	0	0.754118
55.27	10	1	2.266402	10	10	456	79.166667	1.041667	0.754118
55.27	10	2	0.618879	20	20	456	37.5	0	0.754118
55.27	11	1	2.266402	10	10	456	79.166667	1.041667	0.754118
55.27	11	2	0.618879	20	20	456	37.5	0	0.754118
55.27	12	1	2.266402	10	10	456	79.166667	1.041667	0.754118
55.27	12	2	0.618879	20	20	456	37.5	0	0.754118
55.27	13	1	2.266402	10	10	456	79.166667	1.041667	0.754118
55.27	13	2	0.618879	20	20	456	37.5	0	0.754118
55.27	14	1	2.266402	10	10	456	79.166667	1.041667	0.754118
55.27	14	2	0.618879	20	20	456	37.5	0	0.754118
55.27	15	1	2.266402	10	10	456	79.166667	1.041667	0.754118
55.27	15	2	0.618879	20	20	456	37.5	0	0.754118
55.27	16	1	2.266402	10	10	456	79.166667	1.041667	0.754118
55.27	16	2	0.618879	20	20	456	37.5	0	0.754118
55.27	17	1	2.266402	10	10	456	79.166667	1.041667	0.754118
55.27	17	2	0.618879	20	20	456	37.5	0	0.754118
55.27	18	1	2.266402	10	10	456	79.166667	1.041667	0.754118
55.27	18	2	0.618879	20	20	456	37.5	0	0.754118
55.27	19	1	2.266402	10	10	456	79.166667	1.041667	0.754118
55.27	19	2	0.618879	20	20	456	37.5	0	0.754118
55.27	20	1	2.266402	10	10	456	79.166667	1.041667	0.754118
55.27	20	2	0.618879	20	20	456	37.5	0	0.754118
55.27	21	1	2.266402	10	10	456	79.166667	1.041667	0.754118
55.27	21	2	0.618879	20	20	456	37.5	0	0.754118
55.27	22	1	2.266402	10	10	456	79.166667	1.041667	0.754118
55.27	22	2	0.618879	20	20	456	37.5	0	0.754118
55.27	23	1	2.266402	10	10	456	79.166667	1.041667	0.754118
55.27	23	2	0.618879	20	20	456	37.5	0	0.754118
55.27	24	1	2.266402	10	10	456	79.166667	1.041667	0.754118
55.27	24	2	0.618879	20	20	456	37.5	0	0.754118
55.27	25	1	2.266402	10	10	456	79.166667	1.041667	0.754118
55.27	25	2	0.618879	20	20	456	37.5	0	0.754118
55.27	26	1	2.266402	10	10	456	79.166667	1.041667	0.754118
55.27	26	2	0.618879	20	20	456	37.5	0	0.754118
55.27	27	1	2.266402	10	10	456	79.166667	1.041667	0.754118
55.27	27	2	0.618879	20	20	456	37.5	0	0.754118
55.27	28	1	2.266402	10	10	456	79.166667	1.041667	0.754118
55.27	28	2	0.618879	20	20	456	37.5	0	0.754118
55.27	29	1	2.266402	10	10	456	79.166667	1.041667	0.754118
55.27	29	2	0.618879	20	20	456	37.5	0	0.754118
55.27	30	1	2.266402	10	10	456	79.166667	1.041667	0.754118
55.27	30	2	0.618879	20	20	456	37.5	0	0.754118
55.27	31	1	2.266402	10	10	456	79.166667	1.041667	0.754118
55.27	31	2	0.618879	20	20	456	37.5	0	0.754118
55.27	32	1	2.266402	10	10	456	79.166667	1.041667	0.754118
55.27	32	2	0.618879	20	20	456	37.5	0	0.754118
55.27	33	1	2.266402	10	10	456	79.166667	1.041667	0.754118
55.27	33	2	0.618879	20	20	456	37.5	0	0.754118
55.27	34	1	2.266402	10	10	456	79.166667	1.041667	0.754118
55.27	34	2	0.618879	20	20	456	37.5	0	0.754118
55.27	35	1	2.266402	10	10	456	79.166667	1.041667	0.754118
55.27	35	2	0.618879	20	20	456	37.5	0	0.754118
55.27	36	1	2.266402	10	10	456	79.166667	1.041667	0.754118
55.27	36	2	0.618879	20	20	456	37.5	0	0.754118
55.27	37	1	2.266402	10	10	456	79.166667	1.041667	0.754118
55.27	37	2	0.618879	20	20	456	37.5	0	0.754118
55.27	38	1	2.266402	10	10	456	79.166667	1.041667	0.754118
55.27	38	2	0.618879	20	20	456	37.5	0	0.754118
55.27	39	1	2.266402	10	10	456	79.166667	1.041667	0.754118
55.27	39	2	0.618879	20	20	456	37.5	0	0.754118
55.27	40	1	2.266402	10	10	456	79.166667	1.041667	0.754118
55.27	40	2	0.618879	20	20	456	37.5	0	0.754118
55.27	41	1	2.266402	10	10	456	79.166667	1.041667	0.754118
55.27	41	2	0.618879	20	20	456	37.5	0	0.754118
55.27	42	1	2.266402	10	10	456	79.166667	1.041667	0.754118
55.27	42	2	0.618879	20	20	456	37.5	0	0.754118
55.27	43	1	2.266402	10	10	456	79.166667	1.041667	0.754118
55.27	43	2	0.618879	20	20	456	37.5	0	0.754118
55.27	44	1	2.266402	10	10	456	79.166667	1.041667	0.754118
55.27	44	2	0.618879	20	20	456	37.5	0	0.754118
55.27	45	1	2.266402	10	10	456	79.166667	1.041667	0.754118
55.27	45	2	0.618879	20	20	456	37.5	0	0.754118
55.27	46	1	2.266402	10	10	456	79.166667	1.041667	0.754118
55.27	46	2	0.618879	20	20	456	37.5	0	0.754118
55.27	47	1	2.266402	10	10	456	79.166667	1.041667	0.754118
55.27	47	2	0.618879	20	20	456	37.5	0	0.754118
55.27	48	1	2.266402	10	10	456	79.166667	1.041667	0.754118
55.27	48	2	0.618879	20	20	456	37.5	0	0.754118
55.27	49	1	2.266402	10	10	456	79.166667	1.041667	0.754118
55.27	49	2	0.618879	20	20	456	37.5	0	0.754118
55.27	50	1	2.266402	10	10	456	79.166667	1.041667	0.754118
55.27	50	2	0.618879	20	20	456	37.5	0	0.754118
55.27	51	1	2.266402	10	10	456	79.166667	1.041667	0.754118
55.27	51	2	0.618879	20	20	456	37.5	0	0.754118
55.27	52	1	2.266402	10	10	456	79.166667	1.041667	0.754118
55.27	52	2	0.618879	20	20	456	37.5	0	0.754118
55.27	53	1	2.266402	10	10	456	79.166667	1.041667	0.754118
55.27	53	2	0.618879	20	20	456	37.5	0	0.754118
55.27	54	1	2.266402	10	10	456	79.166667	1.041667	0.754118
55.27	54	2	0.618879	20	20	456	37.5	0	0.754118
55.27	55	1	2.266402	10	10	456	79.166667	1.041667	0.754118
55.27	55	2	0.618879	20	20	456	37.5	0	0.754118
55.27	56	1	2.266402	10	10	456	79.166667	1.041667	0.754118
55.27	56	2	0.618879	20	20	456	37.5	0	0.754118
55.27	57	1	2.266402	10	10	456	79.166667	1.041667	0.754118
55.27	57	2	0.618879	20	20	456	37.5	0	0.754118
55.27	58	1	2.266402	10	10	456	79.166667	1.041667	0.754118
55.27	58	2	0.618879	20	20	456	37.5	0	0.754118
55.27	59	1	2.266402	10	10	456	79.166667	1.041667	0.754118
55.27	59	2	0.618879	20	20	456	37.5	0	0.754118
55.27	60	1	2.266402	10	10	456	79.166667	1.041667	0.754118
55.27	60	2	0.618879	20	20	456	37.5	0	0.754118
55.27	61	1	2.266402	10	10	456	79.166667	1.041667	0.754118
55.27	61	2	0.618879	20	20	456	37.5	0	0.754118
55.27	62	1	2.266402	10	10	456	79.166667	1.041667	0.754118
55.27	62	2	0.618879	20	20	456	37.5	0	0.754118
55.27	63	1	2.266402	10	10	456	79.166667	1.041667	0.754118
55.27	63	2	0.618879	20	20	456	37.5	0	0.754118
55.27	64	1	2.266402	10	10	456	79.166667	1.041667	0.754118
55.27	64	2	0.618879	20	20	456	37.5	0	0.754118
55.27	65	1	2.266402	10	10	456	79.166667	1.041667	0.754118
55.27	65	2	0.618879	20	20	456	37.5	0	0.754118
55.773	0	1	2.385686	10	10	480	79.166667	0.990099	0.754118
55.773	0	2	0.651451	20	20	480	37.5	0	0.754118
55.773	1	1	2.385686	10	10	480	79.166667	0.990099	0.754118
55.773	1	2	0.651451	20	20	480	37.5	0	0.754118
55.773	2	1	2.385686	10	10	480	79.166667	0.990099	0.754118
55.773	2	2	0.651451	20	20	480	37.5	0	0.754118
55.773	3	1	2.385686	10	10	480	79.166667	0.990099	0.754118
55.773	3	2	0.651451	20	20	480	37.5	0	0.754118
55.773	4	1	2.385686	10	10	480	79.166667	0.990099	0.754118
55.773	4	2	0.651451	20	20	480	37.5	0	0.754118
55.773	5	1	2.385686	10	10	480	79.166667	0.990099	0.754118
55.773	5	2	0.651451	20	20	480	37.5	0	0.754118
55.773	6	1	2.385686	10	10	480	79.166667	0.990099	0.754118
55.773	6	2	0.651451	20	20	480	37.5	0	0.754118
55.773	7	1	2.385686	10	10	480	79.166667	0.990099	0.754118
55.773	7	2	0.651451	20	20	480	37.5	0	0.754118
55.773	8	1	2.385686	10	10	480	79.166667	0.990099	0.754118
55.773	8	2	0.651451	20	20	480	37.5	0	0.754118
55.773	9	1	2.385686	10	10	480	79.166667	0.990099	0.754118
55.773	9	2	0.651451	20	20	480	37.5	0	0.754118
55.773	10	1	2.385686	10	10	480	79.166667	0.990099	0.754118
55.773	10	2	0.651451	20	20	480	37.5	0	0.754118
55.773	11	1	2.385686	10	10	480	79.166667	0.990099	0.754118
55.773	11	2	0.651451	20	20	480	37.5	0	0.754118
55.773	12	1	2.385686	10	10	480	79.166667	0.990099	0.754118
55.773	12	2	0.651451	20	20	480	37.5	0	0.754118
55.773	13	1	2.385686	10	10	480	79.166667	0.990099	0.754118
55.773	13	2	0.651451	20	20	480	37.5	0	0.754118
55.773	14	1	2.385686	10	10	480	79.166667	0.990099	0.754118
55.773	14	2	0.651451	20	20	480	37.5	0	0.754118
55.773	15	1	2.385686	10	10	480	79.166667	0.990099	0.754118
55.773	15	2	0.651451	20	20	480	37.5	0	0.754118
55.773	16	1	2.385686	10	10	480	79.166667	0.990099	0.754118
55.773	16	2	0.651451	20	20	480	37.5	0	0.754118
55.773	17	1	2.385686	10	10	480	79.166667	0.990099	0.754118
55.773	17	2	0.651451	20	20	480	37.5	0	0.754118
55.773	18	1	2.385686	10	10	480	79.166667	0.990099	0.754118
55.773	18	2	0.651451	20	20	480	37.5	0	0.754118
55.773	19	1	2.385686	10	10	480	79.166667	0.990099	0.754118
55.773	19	2	0.651451	20	20	480	37.5	0	0.754118
55.773	20	1	2.385686	10	10	480	79.166667	0.990099	0.754118
55.773	20	2	0.651451	20	20	480	37.5	0	0.754118
55.773	21	1	2.385686	10	10	480	79.166667	0.990099	0.754118
55.773	21	2	0.651451	20	20	480	37.5	0	0.754118
55.773	22	1	2.385686	10	10	480	79.166667	0.990099	0.754118
55.773	22	2	0.651451	20	20	480	37.5	0	0.754118
55.773	23	1	2.385686	10	10	480	79.166667	0.990099	0.754118
55.773	23	2	0.651451	20	20	480	37.5	0	0.754118
55.773	24	1	2.385686	10	10	480	79.166667	0.990099	0.754118
55.773	24	2	0.651451	20	20	480	37.5	0	0.754118
55.773	25	1	2.385686	10	10	480	79.166667	0.990099	0.754118
55.773	25	2	0.651451	20	20	480	37.5	0	0.754118
55.773	26	1	2.385686	10	10	480	79.166667	0.990099	0.754118
55.773	26	2	0.651451	20	20	480	37.5	0	0.754118
55.773	27	1	2.385686	10	10	480	79.166667	0.990099	0.754118
55.773	27	2	0.651451	20	20	480	37.5	0	0.754118
55.773	28	1	2.385686	10	10	480	79.166667	0.990099	0.754118
55.773	28	2	0.651451	20	20	480	37.5	0	0.754118
55.773	29	1	2.385686	10	10	480	79.166667	0.990099	0.754118
55.773	29	2	0.651451	20	20	480	37.5	0	0.754118
55.773	30	1	2.385686	10	10	480	79.166667	0.990099	0.754118
55.773	30	2	0.651451	20	20	480	37.5	0	0.754118
55.773	31	1	2.385686	10	10	480	79.166667	0.990099	0.754118
55.773	31	2	0.651451	20	20	480	37.5	0	0.754118
55.773	32	1	2.385686	10	10	480	79.166667	0.990099	0.754118
55.773	32	2	0.651451	20	20	480	37.5	0	0.754118
55.773	33	1	2.385686	10	10	480	79.166667	0.990099	0.754118
55.773	33	2	0.651451	20	20	480	37.5	0	0.754118
55.773	34	1	2.385686	10	10	480	79.166667	0.990099	0.754118
55.773	34	2	0.651451	20	20	480	37.5	0	0.754118
55.773	35	1	2.385686	10	10	480	79.166667	0.990099	0.754118
55.773	35	2	0.651451	20	20	480	37.5	0	0.754118
55.773	36	1	2.385686	10	10	480	79.166667	0.990099	0.754118
55.773	36	2	0.651451	20	20	480	37.5	0	0.754118
55.773	37	1	2.385686	10	10	480	79.166667	0.990099	0.754118
55.773	37	2	0.651451	20	20	480	37.5	0	0.754118
55.773	38	1	2.385686	10	10	480	79.166667	0.990099	0.754118
55.773	38	2	0.651451	20	20	480	37.5	0	0.754118
55.773	39	1	2.385686	10	10	480	79.166667	0.990099	0.754118
55.773	39	2	0.651451	20	20	480	37.5	0	0.754118
55.773	40	1	2.385686	10	10	480	79.166667	0.990099	0.754118
55.773	40	2	0.651451	20	20	480	37.5	0	0.754118
55.773	41	1	2.385686	10	10	480	79.166667	0.990099	0.754118
55.773	41	2	0.651451	20	20	480	37.5	0	0.754118
55.773	42	1	2.385686	10	10	480	79.166667	0.990099	0.754118
55.773	42	2	0.651451	20	20	480	37.5	0	0.754118
55.773	43	1	2.385686	10	10	480	79.166667	0.990099	0.754118
55.773	43	2	0.651451	20	20	480	37.5	0	0.754118
55.773	44	1	2.385686	10	10	480	79.166667	0.990099	0.754118
55.773	44	2	0.651451	20	20	480	37.5	0	0.754118
55.773	45	1	2.385686	10	10	480	79.166667	0.990099	0.754118
55.773	45	2	0.651451	20	20	480	37.5	0	0.754118
55.773	46	1	2.385686	10	10	480	79.166667	0.990099	0.754118
55.773	46	2	0.651451	20	20	480	37.5	0	0.754118
55.773	47	1	2.385686	10	10	480	79.166667	0.990099	0.754118
55.773	47	2	0.651451	20	20	480	37.5	0	0.754118
55.773	48	1	2.385686	10	10	480	79.166667	0.990099	0.754118
55.773	48	2	0.651451	20	20	480	37.5	0	0.754118
55.773	49	1	2.385686	10	10	480	79.166667	0.990099	0.754118
55.773	49	2	0.651451	20	20	480	37.5	0	0.754118
55.773	50	1	2.385686	10	10	480	79.166667	0.990099	0.754118
55.773	50	2	0.651451	20	20	480	37.5	0	0.754118
55.773	51	1	2.385686	10	10	480	79.166667	0.990099	0.754118
55.773	51	2	0.651451	20	20	480	37.5	0	0.754118
55.773	52	1	2.385686	10	10	480	79.166667	0.990099	0.754118
55.773	52	2	0.651451	20	20	480	37.5	0	0.754118
55.773	53	1	2.385686	10	10	480	79.166667	0.990099	0.754118
55.773	53	2	0.651451	20	20	480	37.5	0	0.754118
55.773	54	1	2.385686	10	10	480	79.166667	0.990099	0.754118
55.773	54	2	0.651451	20	20	480	37.5	0	0.754118
55.773	55	1	2.385686	10	10	480	79.166667	0.990099	0.754118
55.773	55	2	0.651451	20	20	480	37.5	0	0.754118
55.773	56	1	2.385686	10	10	480	79.166667	0.990099	0.754118
55.773	56	2	0.651451	20	20	480	37.5	0	0.754118
55.773	57	1	2.385686	10	10	480	79.166667	0.990099	0.754118
55.773	57	2	0.651451	20	20	480	37.5	0	0.754118
55.773	58	1	2.385686	10	10	480	79.166667	0.990099	0.754118
55.773	58	2	0.651451	20	20	480	37.5	0	0.754118
55.773	59	1	2.385686	10	10	480	79.166667	0.990099	0.754118
55.773	59	2	0.651451	20	20	480	37.5	0	0.754118
55.773	60	1	2.385686	10	10	480	79.166667	0.990099	0.754118
55.773	60	2	0.651451	20	20	480	37.5	0	0.754118
55.773	61	1	2.385686	10	10	480	79.166667	0.990099	0.754118
55.773	61	2	0.651451	20	20	480	37.5	0	0.754118
55.773	62	1	2.385686	10	10	480	79.166667	0.990099	0.754118
55.773	62	2	0.651451	20	20	480	37.5	0	0.754118
55.773	63	1	2.385686	10	10	480	79.166667	0.990099	0.754118
55.773	63	2	0.651451	20	20	480	37.5	0	0.754118
55.773	64	1	2.385686	10	10	480	79.166667	0.990099	0.754118
55.773	64	2	0.651451	20	20	480	37.5	0	0.754118
55.773	65	1	2.385686	10	10	480	79.166667	0.990099	0.754118
55.773	65	2	0.651451	20	20	480	37.5	0	0.754118
56.276	0	1	2.266402	10	10	456	79.166667	1.041667	0.754118
56.276	0	2	0.618879	20	20	456	37.5	0	0.754118
56.276	1	1	2.266402	10	10	456	79.166667	1.041667	0.754118
56.276	1	2	0.618879	20	20	456	37.5	0	0.754118
56.276	2	1	2.266402	10	10	456	79.166667	1.041667	0.754118
56.276	2	2	0.618879	20	20	456	37.5	0	0.754118
56.276	3	1	2.266402	10	10	456	79.166667	1.041667	0.754118
56.276	3	2	0.618879	20	20	456	37.5	0	0.754118
56.276	4	1	2.266402	10	10	456	79.166667	1.041667	0.754118
56.276	4	2	0.618879	20	20	456	37.5	0	0.754118
56.276	5	1	2.266402	10	10	456	79.166667	1.041667	0.754118
56.276	5	2	0.618879	20	20	456	37.5	0	0.754118
56.276	6	1	2.266402	10	10	456	79.166667	1.041667	0.754118
56.276	6	2	0.618879	20	20	456	37.5	0	0.754118
56.276	7	1	2.266402	10	10	456	79.166667	1.041667	0.754118
56.276	7	2	0.618879	20	20	456	37.5	0	0.754118
56.276	8	1	2.266402	10	10	456	79.166667	1.041667	0.754118
56.276	8	2	0.618879	20	20	456	37.5	0	0.754118
56.276	9	1	2.266402	10	10	456	79.166667	1.041667	0.754118
56.276	9	2	0.618879	20	20	456	37.5	0	0.754118
56.276	10	1	2.266402	10	10	456	79.166667	1.041667	0.754118
56.276	10	2	0.618879	20	20	456	37.5	0	0.754118
56.276	11	1	2.266402	10	10	456	79.166667	1.041667	0.754118
56.276	11	2	0.618879	20	20	456	37.5	0	0.754118
56.276	12	1	2.266402	10	10	456	79.166667	1.041667	0.754118
56.276	12	2	0.618879	20	20	456	37.5	0	0.754118
56.276	13	1	2.266402	10	10	456	79.166667	1.041667	0.754118
56.276	13	2	0.618879	20	20	456	37.5	0	0.754118
56.276	14	1	2.266402	10	10	456	79.166667	1.041667	0.754118
56.276	14	2	0.618879	20	20	456	37.5	0	0.754118
56.276	15	1	2.266402	10	10	456	79.166667	1.041667	0.754118
56.276	15	2	0.618879	20	20	456	37.5	0	0.754118
56.276	16	1	2.266402	10	10	456	79.166667	1.041667	0.754118
56.276	16	2	0.618879	20	20	456	37.5	0	0.754118
56.276	17	1	2.266402	10	10	456	79.166667	1.041667	0.754118
56.276	17	2	0.618879	20	20	456	37.5	0	0.754118
56.276	18	1	2.266402	10	10	456	79.166667	1.041667	0.754118
56.276	18	2	0.618879	20	20	456	37.5	0	0.754118
56.276	19	1	2.266402	10	10	456	79.166667	1.041667	0.754118
56.276	19	2	0.618879	20	20	456	37.5	0	0.754118
56.276	20	1	2.266402	10	10	456	79.166667	1.041667	0.754118
56.276	20	2	0.618879	20	20	456	37.5	0	0.754118
56.276	21	1	2.266402	10	10	456	79.166667	1.041667	0.754118
56.276	21	2	0.618879	20	20	456	37.5	0	0.754118
56.276	22	1	2.266402	10	10	456	79.166667	1.041667	0.754118
56.276	22	2	0.618879	20	20	456	37.5	0	0.754118
56.276	23	1	2.266402	10	10	456	79.166667	1.041667	0.754118
56.276	23	2	0.618879	20	20	456	37.5	0	0.754118
56.276	24	1	2.266402	10	10	456	79.166667	1.041667	0.754118
56.276	24	2	0.618879	20	20	456	37.5	0	0.754118
56.276	25	1	2.266402	10	10	456	79.166667	1.041667	0.754118
56.276	25	2	0.618879	20	20	456	37.5	0	0.754118
56.276	26	1	2.266402	10	10	456	79.166667	1.041667	0.754118
56.276	26	2	0.618879	20	20	456	37.5	0	0.754118
56.276	27	1	2.266402	10	10	456	79.166667	1.041667	0.754118
56.276	27	2	0.618879	20	20	456	37.5	0	0.754118
56.276	28	1	2.266402	10	10	456	79.166667	1.041667	0.754118
56.276	28	2	0.618879	20	20	456	37.5	0	0.754118
56.276	29	1	2.266402	10	10	456	79.166667	1.041667	0.754118
56.276	29	2	0.618879	20	20	456	37.5	0	0.754118
56.276	30	1	2.266402	10	10	456	79.166667	1.041667	0.754118
56.276	30	2	0.618879	20	20	456	37.5	0	0.754118
56.276	31	1	2.266402	10	10	456	79.166667	1.041667	0.754118
56.276	31	2	0.618879	20	20	456	37.5	0	0.754118
56.276	32	1	2.266402	10	10	456	79.166667	1.041667	0.754118
56.276	32	2	0.618879	20	20	456	37.5	0	0.754118
56.276	33	1	2.266402	10	10	456	79.166667	1.041667	0.754118
56.276	33	2	0.618879	20	20	456	37.5	0	0.754118
56.276	34	1	2.266402	10	10	456	79.166667	1.041667	0.754118
56.276	34	2	0.618879	20	20	456	37.5	0	0.754118
56.276	35	1	2.266402	10	10	456	79.166667	1.041667	0.754118
56.276	35	2	0.618879	20	20	456	37.5	0	0.754118
56.276	36	1	2.266402	10	10	456	79.166667	1.041667	0.754118
56.276	36	2	0.618879	20	20	456	37.5	0	0.754118
56.276	37	1	2.266402	10	10	456	79.166667	1.041667	0.754118
56.276	37	2	0.618879	20	20	456	37.5	0	0.754118
56.276	38	1	2.266402	10	10	456	79.166667	1.041667	0.754118
56.276	38	2	0.618879	20	20	456	37.5	0	0.754118
56.276	39	1	2.266402	10	10	456	79.166667	1.041667	0.754118
56.276	39	2	0.618879	20	20	456	37.5	0	0.754118
56.276	40	1	2.266402	10	10	456	79.166667	1.041667	0.754118
56.276	40	2	0.618879	20	20	456	37.5	0	0.754118
56.276	41	1	2.266402	10	10	456	79.166667	1.041667	0.754118
56.276	41	2	0.618879	20	20	456	37.5	0	0.754118
56.276	42	1	2.266402	10	10	456	79.166667	1.041667	0.754118
56.276	42	2	0.618879	20	20	456	37.5	0	0.754118
56.276	43	1	2.266402	10	10	456	79.166667	1.041667	0.754118
56.276	43	2	0.618879	20	20	456	37.5	0	0.754118
56.276	44	1	2.266402	10	10	456	79.166667	1.041667	0.754118
56.276	44	2	0.618879	20	20	456	37.5	0	0.754118
56.276	45	1	2.266402	10	10	456	79.166667	1.041667	0.754118
56.276	45	2	0.618879	20	20	456	37.5	0	0.754118
56.276	46	1	2.266402	10	10	456	79.166667	1.041667	0.754118
56.276	46	2	0.618879	20	20	456	37.5	0	0.754118
56.276	47	1	2.266402	10	10	456	79.166667	1.041667	0.754118
56.276	47	2	0.618879	20	20	456	37.5	0	0.754118
56.276	48	1	2.266402	10	10	456	79.166667	1.041667	0.754118
56.276	48	2	0.618879	20	20	456	37.5	0	0.754118
56.276	49	1	2.266402	10	10	456	79.166667	1.041667	0.754118
56.276	49	2	0.618879	20	20	456	37.5	0	0.754118
56.276	50	1	2.266402	10	10	456	79.166667	1.041667	0.754118
56.276	50	2	0.618879	20	20	456	37.5	0	0.754118
56.276	51	1	2.266402	10	10	456	79.166667	1.041667	0.754118
56.276	51	2	0.618879	20	20	456	37.5	0	0.754118
56.276	52	1	2.266402	10	10	456	79.166667	1.041667	0.754118
56.276	52	2	0.618879	20	20	456	37.5	0	0.754118
56.276	53	1	2.266402	10	10	456	79.166667	1.041667	0.754118
56.276	53	2	0.618879	20	20	456	37.5	0	0.754118
56.276	54	1	2.266402	10	10	456	79.166667	1.041667	0.754118
56.276	54	2	0.618879	20	20	456	37.5	0	0.754118
56.276	55	1	2.266402	10	10	456	79.166667	1.041667	0.754118
56.276	55	2	0.618879	20	20	456	37.5	0	0.754118
56.276	56	1	2.266402	10	10	456	79.166667	1.041667	0.754118
56.276	56	2	0.618879	20	20	456	37.5	0	0.754118
56.276	57	1	2.266402	10	10	456	79.166667	1.041667	0.754118
56.276	57	2	0.618879	20	20	456	37.5	0	0.754118
56.276	58	1	2.266402	10	10	456	79.166667	1.041667	0.754118
56.276	58	2	0.618879	20	20	456	37.5	0	0.754118
56.276	59	1	2.266402	10	10	456	79.166667	1.041667	0.754118
56.276	59	2	0.618879	20	20	456	37.5	0	0.754118
56.276	60	1	2.266402	10	10	456	79.166667	1.041667	0.754118
56.276	60	2	0.618879	20	20	456	37.5	0	0.754118
56.276	61	1	2.266402	10	10	456	79.166667	1.041667	0.754118
56.276	61	2	0.618879	20	20	456	37.5	0	0.754118
56.276	62	1	2.266402	10	10	456	79.166667	1.041667	0.754118
56.276	62	2	0.618879	20	20	456	37.5	0	0.754118
56.276	63	1	2.266402	10	10	456	79.166667	1.041667	0.754118
56.276	63	2	0.618879	20	20	456	37.5	0	0.754118
56.276	64	1	2.266402	10	10	456	79.166667	1.041667	0.754118
56.276	64	2	0.618879	20	20	456	37.5	0	0.754118
56.276	65	1	2.266402	10	10	456	79.166667	1.041667	0.754118
56.276	65	2	0.618879	20	20	456	37.5	0	0.754118
56.779	0	1	2.266402	10	10	456	79.166667	1.041667	0.754118
56.779	0	2	0.618879	20	20	456	37.5	0	0.754118
56.779	1	1	2.266402	10	10	456	79.166667	1.041667	0.754118
56.779	1	2	0.618879	20	20	456	37.5	0	0.754118
56.779	2	1	2.266402	10	10	456	79.166667	1.041667	0.754118
56.779	2	2	0.618879	20	20	456	37.5	0	0.754118
56.779	3	1	2.266402	10	10	456	79.166667	1.041667	0.754118
56.779	3	2	0.618879	20	20	456	37.5	0	0.754118
56.779	4	1	2.266402	10	10	456	79.166667	1.041667	0.754118
56.779	4	2	0.618879	20	20	456	37.5	0	0.754118
56.779	5	1	2.266402	10	10	456	79.166667	1.041667	0.754118
56.779	5	2	0.618879	20	20	456	37.5	0	0.754118
56.779	6	1	2.266402	10	10	456	79.166667	1.041667	0.754118
56.779	6	2	0.618879	20	20	456	37.5	0	0.754118
56.779	7	1	2.266402	10	10	456	79.166667	1.041667	0.754118
56.779	7	2	0.618879	20	20	456	37.5	0	0.754118
56.779	8	1	2.266402	10	10	456	79.166667	1.041667	0.754118
56.779	8	2	0.618879	20	20	456	37.5	0	0.754118
56.779	9	1	2.266402	10	10	456	79.166667	1.041667	0.754118
56.779	9	2	0.618879	20	20	456	37.5	0	0.754118
56.779	10	1	2.266402	10	10	456	79.166667	1.041667	0.754118
56.779	10	2	0.618879	20	20	456	37.5	0	0.754118
56.779	11	1	2.266402	10	10	456	79.166667	1.041667	0.754118
56.779	11	2	0.618879	20	20	456	37.5	0	0.754118
56.779	12	1	2.266402	10	10	456	79.166667	1.041667	0.754118
56.779	12	2	0.618879	20	20	456	37.5	0	0.754118
56.779	13	1	2.266402	10	10	456	79.166667	1.041667	0.754118
56.779	13	2	0.618879	20	20	456	37.5	0	0.754118
56.779	14	1	2.266402	10	10	456	79.166667	1.041667	0.754118
56.779	14	2	0.618879	20	20	456	37.5	0	0.754118
56.779	15	1	2.266402	10	10	456	79.166667	1.041667	0.754118
56.779	15	2	0.618879	20	20	456	37.5	0	0.754118
56.779	16	1	2.266402	10	10	456	79.166667	1.041667	0.754118
56.779	16	2	0.618879	20	20	456	37.5	0	0.754118
56.779	17	1	2.266402	10	10	456	79.166667	1.041667	0.754118
56.779	17	2	0.618879	20	20	456	37.5	0	0.754118
56.779	18	1	2.266402	10	10	456	79.166667	1.041667	0.754118
56.779	18	2	0.618879	20	20	456	37.5	0	0.754118
56.779	19	1	2.266402	10	10	456	79.166667	1.041667	0.754118
56.779	19	2	0.618879	20	20	456	37.5	0	0.754118
56.779	20	1	2.266402	10	10	456	79.166667	1.041667	0.754118
56.779	20	2	0.618879	20	20	456	37.5	0	0.754118
56.779	21	1	2.266402	10	10	456	79.166667	1.041667	0.754118
56.779	21	2	0.618879	20	20	456	37.5	0	0.754118
56.779	22	1	2.266402	10	10	456	79.166667	1.041667	0.754118
56.779	22	2	0.618879	20	20	456	37.5	0	0.754118
56.779	23	1	2.266402	10	10	456	79.166667	1.041667	0.754118
56.779	23	2	0.618879	20	20	456	37.5	0	0.754118
56.779	24	1	2.266402	10	10	456	79.166667	1.041667	0.754118
56.779	24	2	0.618879	20	20	456	37.5	0	0.754118
56.779	25	1	2.266402	10	10	456	79.166667	1.041667	0.754118
56.779	25	2	0.618879	20	20	456	37.5	0	0.754118
56.779	26	1	2.266402	10	10	456	79.166667	1.041667	0.754118
56.779	26	2	0.618879	20	20	456	37.5	0	0.754118
56.779	27	1	2.266402	10	10	456	79.166667	1.041667	0.754118
56.779	27	2	0.618879	20	20	456	37.5	0	0.754118
56.779	28	1	2.266402	10	10	456	79.166667	1.041667	0.754118
56.779	28	2	0.618879	20	20	456	37.5	0	0.754118
56.779	29	1	2.266402	10	10	456	79.166667	1.041667	0.754118
56.779	29	2	0.618879	20	20	456	37.5	0	0.754118
56.779	30	1	2.266402	10	10	456	79.166667	1.041667	0.754118
56.779	30	2	0.618879	20	20	456	37.5	0	0.754118
56.779	31	1	2.266402	10	10	456	79.166667	1.041667	0.754118
56.779	31	2	0.618879	20	20	456	37.5	0	0.754118
56.779	32	1	2.266402	10	10	456	79.166667	1.041667	0.754118
56.779	32	2	0.618879	20	20	456	37.5	0	0.754118
56.779	33	1	2.266402	10	10	456	79.166667	1.041667	0.754118
56.779	33	2	0.618879	20	20	456	37.5	0	0.754118
56.779	34	1	2.266402	10	10	456	79.166667	1.041667	0.754118
56.779	34	2	0.618879	20	20	456	37.5	0	0.754118
56.779	35	1	2.266402	10	10	456	79.166667	1.041667	0.754118
56.779	35	2	0.618879	20	20	456	37.5	0	0.754118
56.779	36	1	2.266402	10	10	456	79.166667	1.041667	0.754118
56.779	36	2	0.618879	20	20	456	37.5	0	0.754118
56.779	37	1	2.266402	10	10	456	79.166667	1.041667	0.754118
56.779	37	2	0.618879	20	20	456	37.5	0	0.754118
56.779	38	1	2.266402	10	10	456	79.166667	1.041667	0.754118
56.779	38	2	0.618879	20	20	456	37.5	0	0.754118
56.779	39	1	2.266402	10	10	456	79.166667	1.041667	0.754118
56.779	39	2	0.618879	20	20	456	37.5	0	0.754118
56.779	40	1	2.266402	10	10	456	79.166667	1.041667	0.754118
56.779	40	2	0.618879	20	20	456	37.5	0	0.754118
56.779	41	1	2.266402	10	10	456	79.166667	1.041667	0.754118
56.779	41	2	0.618879	20	20	456	37.5	0	0.754118
56.779	42	1	2.266402	10	10	456	79.166667	1.041667	0.754118
56.779	42	2	0.618879	20	20	456	37.5	0	0.754118
56.779	43	1	2.266402	10	10	456	79.166667	1.041667	0.754118
56.779	43	2	0.618879	20	20	456	37.5	0	0.754118
56.779	44	1	2.266402	10	10	456	79.166667	1.041667	0.754118
56.779	44	2	0.618879	20	20	456	37.5	0	0.754118
56.779	45	1	2.266402	10	10	456	79.166667	1.041667	0.754118
56.779	45	2	0.618879	20	20	456	37.5	0	0.754118
56.779	46	1	2.266402	10	10	456	79.166667	1.041667	0.754118
56.779	46	2	0.618879	20	20	456	37.5	0	0.754118
56.779	47	1	2.266402	10	10	456	79.166667	1.041667	0.754118
56.779	47	2	0.618879	20	20	456	37.5	0	0.754118
56.779	48	1	2.266402	10	10	456	79.166667	1.041667	0.754118
56.779	48	2	0.618879	20	20	456	37.5	0	0.754118
56.779	49	1	2.266402	10	10	456	79.166667	1.041667	0.754118
56.779	49	2	0.618879	20	20	456	37.5	0	0.754118
56.779	50	1	2.266402	10	10	456	79.166667	1.041667	0.754118
56.779	50	2	0.618879	20	20	456	37.5	0	0.754118
56.779	51	1	2.266402	10	10	456	79.166667	1.041667	0.754118
56.779	51	2	0.618879	20	20	456	37.5	0	0.754118
56.779	52	1	2.266402	10	10	456	79.166667	1.041667	0.754118
56.779	52	2	0.618879	20	20	456	37.5	0	0.754118
56.779	53	1	2.266402	10	10	456	79.166667	1.041667	0.754118
56.779	53	2	0.618879	20	20	456	37.5	0	0.754118
56.779	54	1	2.266402	10	10	456	79.166667	1.041667	0.754118
56.779	54	2	0.618879	20	20	456	37.5	0	0.754118
56.779	55	1	2.266402	10	10	456	79.166667	1.041667	0.754118
56.779	55	2	0.618879	20	20	456	37.5	0	0.754118
56.779	56	1	2.266402	10	10	456	79.166667	1.041667	0.754118
56.779	56	2	0.618879	20	20	456	37.5	0	0.754118
56.779	57	1	2.266402	10	10	456	79.166667	1.041667	0.754118
56.779	57	2	0.618879	20	20	456	37.5	0	0.754118
56.779	58	1	2.266402	10	10	456	79.166667	1.041667	0.754118
56.779	58	2	0.618879	20	20	456	37.5	0	0.754118
56.779	59	1	2.266402	10	10	456	79.166667	1.041667	0.754118
56.779	59	2	0.618879	20	20	456	37.5	0	0.754118
56.779	60	1	2.266402	10	10	456	79.166667	1.041667	0.754118
56.779	60	2	0.618879	20	20	456	37.5	0	0.754118
56.779	61	1	2.266402	10	10	456	79.166667	1.041667	0.754118
56.779	61	2	0.618879	20	20	456	37.5	0	0.754118
56.779	62	1	2.266402	10	10	456	79.166667	1.041667	0.754118
56.779	62	2	0.618879	20	20	456	37.5	0	0.754118
56.779	63	1	2.266402	10	10	456	79.166667	1.041667	0.754118
56.779	63	2	0.618879	20	20	456	37.5	0	0.754118
56.779	64	1	2.266402	10	10	456	79.166667	1.041667	0.754118
56.779	64	2	0.618879	20	20	456	37.5	0	0.754118
56.779	65	1	2.266402	10	10	456	79.166667	1.041667	0.754118
56.779	65	2	0.618879	20	20	456	37.5	0	0.754118
57.282	0	1	2.385686	10	10	480	79.166667	0.990099	0.754118
57.282	0	2	0.651451	20	20	480	37.5	0	0.754118
57.282	1	1	2.385686	10	10	480	79.166667	0.990099	0.754118
57.282	1	2	0.651451	20	20	480	37.5	0	0.754118
57.282	2	1	2.385686	10	10	480	79.166667	0.990099	0.754118
57.282	2	2	0.651451	20	20	480	37.5	0	0.754118
57.282	3	1	2.385686	10	10	480	79.166667	0.990099	0.754118
57.282	3	2	0.651451	20	20	480	37.5	0	0.754118
57.282	4	1	2.385686	10	10	480	79.166667	0.990099	0.754118
57.282	4	2	0.651451	20	20	480	37.5	0	0.754118
57.282	5	1	2.385686	10	10	480	79.166667	0.990099	0.754118
57.282	5	2	0.651451	20	20	480	37.5	0	0.754118
57.282	6	1	2.385686	10	10	480	79.166667	0.990099	0.754118
57.282	6	2	0.651451	20	20	480	37.5	0	0.754118
57.282	7	1	2.385686	10	10	480	79.166667	0.990099	0.754118
57.282	7	2	0.651451	20	20	480	37.5	0	0.754118
57.282	8	1	2.385686	10	10	480	79.166667	0.990099	0.754118
57.282	8	2	0.651451	20	20	480	37.5	0	0.754118
57.282	9	1	2.385686	10	10	480	79.166667	0.990099	0.754118
57.282	9	2	0.651451	20	20	480	37.5	0	0.754118
57.282	10	1	2.385686	10	10	480	79.166667	0.990099	0.754118
57.282	10	2	0.651451	20	20	480	37.5	0	0.754118
57.282	11	1	2.385686	10	10	480	79.166667	0.990099	0.754118
57.282	11	2	0.651451	20	20	480	37.5	0	0.754118
57.282	12	1	2.385686	10	10	480	79.166667	0.990099	0.754118
57.282	12	2	0.651451	20	20	480	37.5	0	0.754118
57.282	13	1	2.385686	10	10	480	79.166667	0.990099	0.754118
57.282	13	2	0.651451	20	20	480	37.5	0	0.754118
57.282	14	1	2.385686	10	10	480	79.166667	0.990099	0.754118
57.282	14	2	0.651451	20	20	480	37.5	0	0.754118
57.282	15	1	2.385686	10	10	480	79.166667	0.990099	0.754118
57.282	15	2	0.651451	20	20	480	37.5	0	0.754118
57.282	16	1	2.385686	10	10	480	79.166667	0.990099	0.754118
57.282	16	2	0.651451	20	20	480	37.5	0	0.754118
57.282	17	1	2.385686	10	10	480	79.166667	0.990099	0.754118
57.282	17	2	0.651451	20	20	480	37.5	0	0.754118
57.282	18	1	2.385686	10	10	480	79.166667	0.990099	0.754118
57.282	18	2	0.651451	20	20	480	37.5	0	0.754118
57.282	19	1	2.385686	10	10	480	79.166667	0.990099	0.754118
57.282	19	2	0.651451	20	20	480	37.5	0	0.754118
57.282	20	1	2.385686	10	10	480	79.166667	0.990099	0.754118
57.282	20	2	0.651451	20	20	480	37.5	0	0.754118
57.282	21	1	2.385686	10	10	480	79.166667	0.990099	0.754118
57.282	21	2	0.651451	20	20	480	37.5	0	0.754118
57.282	22	1	2.385686	10	10	480	79.166667	0.990099	0.754118
57.282	22	2	0.651451	20	20	480	37.5	0	0.754118
57.282	23	1	2.385686	10	10	480	79.166667	0.990099	0.754118
57.282	23	2	0.651451	20	20	480	37.5	0	0.754118
57.282	24	1	2.385686	10	10	480	79.166667	0.990099	0.754118
57.282	24	2	0.651451	20	20	480	37.5	0	0.754118
57.282	25	1	2.385686	10	10	480	79.166667	0.990099	0.754118
57.282	25	2	0.651451	20	20	480	37.5	0	0.754118
57.282	26	1	2.385686	10	10	480	79.166667	0.990099	0.754118
57.282	26	2	0.651451	20	20	480	37.5	0	0.754118
57.282	27	1	2.385686	10	10	480	79.166667	0.990099	0.754118
57.282	27	2	0.651451	20	20	480	37.5	0	0.754118
57.282	28	1	2.385686	10	10	480	79.166667	0.990099	0.754118
57.282	28	2	0.651451	20	20	480	37.5	0	0.754118
57.282	29	1	2.385686	10	10	480	79.166667	0.990099	0.754118
57.282	29	2	0.651451	20	20	480	37.5	0	0.754118
57.282	30	1	2.385686	10	10	480	79.166667	0.990099	0.754118
57.282	30	2	0.651451	20	20	480	37.5	0	0.754118
57.282	31	1	2.385686	10	10	480	79.166667	0.990099	0.754118
57.282	31	2	0.651451	20	20	480	37.5	0	0.754118
57.282	32	1	2.385686	10	10	480	79.166667	0.990099	0.754118
57.282	32	2	0.651451	20	20	480	37.5	0	0.754118
57.282	33	1	2.385686	10	10	480	79.166667	0.990099	0.754118
57.282	33	2	0.651451	20	20	480	37.5	0	0.754118
57.282	34	1	2.385686	10	10	480	79.166667	0.990099	0.754118
57.282	34	2	0.651451	20	20	480	37.5	0	0.754118
57.282	35	1	2.385686	10	10	480	79.166667	0.990099	0.754118
57.282	35	2	0.651451	20	20	480	37.5	0	0.754118
57.282	36	1	2.385686	10	10	480	79.166667	0.990099	0.754118
57.282	36	2	0.651451	20	20	480	37.5	0	0.754118
57.282	37	1	2.385686	10	10	480	79.166667	0.990099	0.754118
57.282	37	2	0.651451	20	20	480	37.5	0	0.754118
57.282	38	1	2.385686	10	10	480	79.166667	0.990099	0.754118
57.282	38	2	0.651451	20	20	480	37.5	0	0.754118
57.282	39	1	2.385686	10	10	480	79.166667	0.990099	0.754118
57.282	39	2	0.651451	20	20	480	37.5	0	0.754118
57.282	40	1	2.385686	10	10	480	79.166667	0.990099	0.754118
57.282	40	2	0.651451	20	20	480	37.5	0	0.754118
57.282	41	1	2.385686	10	10	480	79.166667	0.990099	0.754118
57.282	41	2	0.651451	20	20	480	37.5	0	0.754118
57.282	42	1	2.385686	10	10	480	79.166667	0.990099	0.754118
57.282	42	2	0.651451	20	20	480	37.5	0	0.754118
57.282	43	1	2.385686	10	10	480	79.166667	0.990099	0.754118
57.282	43	2	0.651451	20	20	480	37.5	0	0.754118
57.282	44	1	2.385686	10	10	480	79.166667	0.990099	0.754118
57.282	44	2	0.651451	20	20	480	37.5	0	0.754118
57.282	45	1	2.385686	10	10	480	79.166667	0.990099	0.754118
57.282	45	2	0.651451	20	20	480	37.5	0	0.754118
57.282	46	1	2.385686	10	10	480	79.166667	0.990099	0.754118
57.282	46	2	0.651451	20	20	480	37.5	0	0.754118
57.282	47	1	2.385686	10	10	480	79.166667	0.990099	0.754118
57.282	47	2	0.651451	20	20	480	37.5	0	0.754118
57.282	48	1	2.385686	10	10	480	79.166667	0.990099	0.754118
57.282	48	2	0.651451	20	20	480	37.5	0	0.754118
57.282	49	1	2.385686	10	10	480	79.166667	0.990099	0.754118
57.282	49	2	0.651451	20	20	480	37.5	0	0.754118
57.282	50	1	2.385686	10	10	480	79.166667	0.990099	0.754118
57.282	50	2	0.651451	20	20	480	37.5	0	0.754118
57.282	51	1	2.385686	10	10	480	79.166667	0.990099	0.754118
57.282	51	2	0.651451	20	20	480	37.5	0	0.754118
57.282	52	1	2.385686	10	10	480	79.166667	0.990099	0.754118
57.282	52	2	0.651451	20	20	480	37.5	0	0.754118
57.282	53	1	2.385686	10	10	480	79.166667	0.990099	0.754118
57.282	53	2	0.651451	20	20	480	37.5	0	0.754118
57.282	54	1	2.385686	10	10	480	79.166667	0.990099	0.754118
57.282	54	2	0.651451	20	20	480	37.5	0	0.754118
57.282	55	1	2.385686	10	10	480	79.166667	0.990099	0.754118
57.282	55	2	0.651451	20	20	480	37.5	0	0.754118
57.282	56	1	2.385686	10	10	480	79.166667	0.990099	0.754118
57.282	56	2	0.651451	20	20	480	37.5	0	0.754118
57.282	57	1	2.385686	10	10	480	79.166667	0.990099	0.754118
57.282	57	2	0.651451	20	20	480	37.5	0	0.754118
57.282	58	1	2.385686	10	10	480	79.166667	0.990099	0.754118
57.282	58	2	0.651451	20	20	480	37.5	0	0.754118
57.282	59	1	2.385686	10	10	480	79.166667	0.990099	0.754118
57.282	59	2	0.651451	20	20	480	37.5	0	0.754118
57.282	60	1	2.385686	10	10	480	79.166667	0.990099	0.754118
57.282	60	2	0.651451	20	20	480	37.5	0	0.754118
57.282	61	1	2.385686	10	10	480	79.166667	0.990099	0.754118
57.282	61	2	0.651451	20	20	480	37.5	0	0.754118
57.282	62	1	2.385686	10	10	480	79.166667	0.990099	0.754118
57.282	62	2	0.651451	20	20	480	37.5	0	0.754118
57.282	63	1	2.385686	10	10	480	79.166667	0.990099	0.754118
57.282	63	2	0.651451	20	20	480	37.5	0	0.754118
57.282	64	1	2.385686	10	10	480	79.166667	0.990099	0.754118
57.282	64	2	0.651451	20	20	480	37.5	0	0.754118
57.282	65	1	2.385686	10	10	480	79.166667	0.990099	0.754118
57.282	65	2	0.651451	20	20	480	37.5	0	0.754118
57.785	0	1	2.266402	10	10	456	79.166667	1.041667	0.754118
57.785	0	2	0.618879	20	20	456	37.5	0	0.754118
57.785	1	1	2.266402	10	10	456	79.166667	1.041667	0.754118
57.785	1	2	0.618879	20	20	456	37.5	0	0.754118
57.785	2	1	2.266402	10	10	456	79.166667	1.041667	0.754118
57.785	2	2	0.618879	20	20	456	37.5	0	0.754118
57.785	3	1	2.266402	10	10	456	79.166667	1.041667	0.754118
57.785	3	2	0.618879	20	20	456	37.5	0	0.754118
57.785	4	1	2.266402	10	10	456	79.166667	1.041667	0.754118
57.785	4	2	0.618879	20	20	456	37.5	0	0.754118
57.785	5	1	2.266402	10	10	456	79.166667	1.041667	0.754118
57.785	5	2	0.618879	20	20	456	37.5	0	0.754118
57.785	6	1	2.266402	10	10	456	79.166667	1.041667	0.754118
57.785	6	2	0.618879	20	20	456	37.5	0	0.754118
57.785	7	1	2.266402	10	10	456	79.166667	1.041667	0.754118
57.785	7	2	0.618879	20	20	456	37.5	0	0.754118
57.785	8	1	2.266402	10	10	456	79.166667	1.041667	0.754118
57.785	8	2	0.618879	20	20	456	37.5	0	0.754118
57.785	9	1	2.266402	10	10	456	79.166667	1.041667	0.754118
57.785	9	2	0.618879	20	20	456	37.5	0	0.754118
57.785	10	1	2.266402	10	10	456	79.166667	1.041667	0.754118
57.785	10	2	0.618879	20	20	456	37.5	0	0.754118
57.785	11	1	2.266402	10	10	456	79.166667	1.041667	0.754118
57.785	11	2	0.618879	20	20	456	37.5	0	0.754118
57.785	12	1	2.266402	10	10	456	79.166667	1.041667	0.754118
57.785	12	2	0.618879	20	20	456	37.5	0	0.754118
57.785	13	1	2.266402	10	10	456	79.166667	1.041667	0.754118
57.785	13	2	0.618879	20	20	456	37.5	0	0.754118
57.785	14	1	2.266402	10	10	456	79.166667	1.041667	0.754118
57.785	14	2	0.618879	20	20	456	37.5	0	0.754118
57.785	15	1	2.266402	10	10	456	79.166667	1.041667	0.754118
57.785	15	2	0.618879	20	20	456	37.5	0	0.754118
57.785	16	1	2.266402	10	10	456	79.166667	1.041667	0.754118
57.785	16	2	0.618879	20	20	456	37.5	0	0.754118
57.785	17	1	2.266402	10	10	456	79.166667	1.041667	0.754118
57.785	17	2	0.618879	20	20	456	37.5	0	0.754118
57.785	18	1	2.266402	10	10	456	79.166667	1.041667	0.754118
57.785	18	2	0.618879	20	20	456	37.5	0	0.754118
57.785	19	1	2.266402	10	10	456	79.166667	1.041667	0.754118
57.785	19	2	0.618879	20	20	456	37.5	0	0.754118
57.785	20	1	2.266402	10	10	456	79.166667	1.041667	0.754118
57.785	20	2	0.618879	20	20	456	37.5	0	0.754118
57.785	21	1	2.266402	10	10	456	79.166667	1.041667	0.754118
57.785	21	2	0.618879	20	20	456	37.5	0	0.754118
57.785	22	1	2.266402	10	10	456	79.166667	1.041667	0.754118
57.785	22	2	0.618879	20	20	456	37.5	0	0.754118
57.785	23	1	2.266402	10	10	456	79.166667	1.041667	0.754118
57.785	23	2	0.618879	20	20	456	37.5	0	0.754118
57.785	24	1	2.266402	10	10	456	79.166667	1.041667	0.754118
57.785	24	2	0.618879	20	20	456	37.5	0	0.754118
57.785	25	1	2.266402	10	10	456	79.166667	1.041667	0.754118
57.785	25	2	0.618879	20	20	456	37.5	0	0.754118
57.785	26	1	2.266402	10	10	456	79.166667	1.041667	0.754118
57.785	26	2	0.618879	20	20	456	37.5	0	0.754118
57.785	27	1	2.266402	10	10	456	79.166667	1.041667	0.754118
57.785	27	2	0.618879	20	20	456	37.5	0	0.754118
57.785	28	1	2.266402	10	10	456	79.166667	1.041667	0.754118
57.785	28	2	0.618879	20	20	456	37.5	0	0.754118
57.785	29	1	2.266402	10	10	456	79.166667	1.041667	0.754118
57.785	29	2	0.618879	20	20	456	37.5	0	0.754118
57.785	30	1	2.266402	10	10	456	79.166667	1.041667	0.754118
57.785	30	2	0.618879	20	20	456	37.5	0	0.754118
57.785	31	1	2.266402	10	10	456	79.166667	1.041667	0.754118
57.785	31	2	0.618879	20	20	456	37.5	0	0.754118
57.785	32	1	2.266402	10	10	456	79.166667	1.041667	0.754118
57.785	32	2	0.618879	20	20	456	37.5	0	0.754118
57.785	33	1	2.266402	10	10	456	79.166667	1.041667	0.754118
57.785	33	2	0.618879	20	20	456	37.5	0	0.754118
57.785	34	1	2.266402	10	10	456	79.166667	1.041667	0.754118
57.785	34	2	0.618879	20	20	456	37.5	0	0.754118
57.785	35	1	2.266402	10	10	456	79.166667	1.041667	0.754118
57.785	35	2	0.618879	20	20	456	37.5	0	0.754118
57.785	36	1	2.266402	10	10	456	79.166667	1.041667	0.754118
57.785	36	2	0.618879	20	20	456	37.5	0	0.754118
57.785	37	1	2.266402	10	10	456	79.166667	1.041667	0.754118
57.785	37	2	0.618879	20	20	456	37.5	0	0.754118
57.785	38	1	2.266402	10	10	456	79.166667	1.041667	0.754118
57.785	38	2	0.618879	20	20	456	37.5	0	0.754118
57.785	39	1	2.266402	10	10	456	79.166667	1.041667	0.754118
57.785	39	2	0.618879	20	20	456	37.5	0	0.754118
57.785	40	1	2.266402	10	10	456	79.166667	1.041667	0.754118
57.785	40	2	0.618879	20	20	456	37.5	0	0.754118
57.785	41	1	2.266402	10	10	456	79.166667	1.041667	0.754118
57.785	41	2	0.618879	20	20	456	37.5	0	0.754118
57.785	42	1	2.266402	10	10	456	79.166667	1.041667	0.754118
57.785	42	2	0.618879	20	20	456	37.5	0	0.754118
57.785	43	1	2.266402	10	10	456	79.166667	1.041667	0.754118
57.785	43	2	0.618879	20	20	456	37.5	0	0.754118
57.785	44	1	2.266402	10	10	456	79.166667	1.041667	0.754118
57.785	44	2	0.618879	20	20	456	37.5	0	0.754118
57.785	45	1	2.266402	10	10	456	79.166667	1.041667	0.754118
57.785	45	2	0.618879	20	20	456	37.5	0	0.754118
57.785	46	1	2.266402	10	10	456	79.166667	1.041667	0.754118
57.785	46	2	0.618879	20	20	456	37.5	0	0.754118
57.785	47	1	2.266402	10	10	456	79.166667	1.041667	0.754118
57.785	47	2	0.618879	20	20	456	37.5	0	0.754118
57.785	48	1	2.266402	10	10	456	79.166667	1.041667	0.754118
57.785	48	2	0.618879	20	20	456	37.5	0	0.754118
57.785	49	1	2.266402	10	10	456	79.166667	1.041667	0.754118
57.785	49	2	0.618879	20	20	456	37.5	0	0.754118
57.785	50	1	2.266402	10	10	456	79.166667	1.041667	0.754118
57.785	50	2	0.618879	20	20	456	37.5	0	0.754118
57.785	51	1	2.266402	10	10	456	79.166667	1.041667	0.754118
57.785	51	2	0.618879	20	20	456	37.5	0	0.754118
57.785	52	1	2.266402	10	10	456	79.166667	1.041667	0.754118
57.785	52	2	0.618879	20	20	456	37.5	0	0.754118
57.785	53	1	2.266402	10	10	456	79.166667	1.041667	0.754118
57.785	53	2	0.618879	20	20	456	37.5	0	0.754118
57.785	54	1	2.266402	10	10	456	79.166667	1.041667	0.754118
57.785	54	2	0.618879	20	20	456	37.5	0	0.754118
57.785	55	1	2.266402	10	10	456	79.166667	1.041667	0.754118
57.785	55	2	0.618879	20	20	456	37.5	0	0.754118
57.785	56	1	2.266402	10	10	456	79.166667	1.041667	0.754118
57.785	56	2	0.618879	20	20	456	37.5	0	0.754118
57.785	57	1	2.266402	10	10	456	79.166667	1.041667	0.754118
57.785	57	2	0.618879	20	20	456	37.5	0	0.754118
57.785	58	1	2.266402	10	10	456	79.166667	1.041667	0.754118
57.785	58	2	0.618879	20	20	456	37.5	0	0.754118
57.785	59	1	2.266402	10	10	456	79.166667	1.041667	0.754118
57.785	59	2	0.618879	20	20	456	37.5	0	0.754118
57.785	60	1	2.266402	10	10	456	79.166667	1.041667	0.754118
57.785	60	2	0.618879	20	20	456	37.5	0	0.754118
57.785	61	1	2.266402	10	10	456	79.166667	1.041667	0.754118
57.785	61	2	0.618879	20	20	456	37.5	0	0.754118
57.785	62	1	2.266402	10	10	456	79.166667	1.041667	0.754118
57.785	62	2	0.618879	20	20	456	37.5	0	0.754118
57.785	63	1	2.266402	10	10	456	79.166667	1.041667	0.754118
57.785	63	2	0.618879	20	20	456	37.5	0	0.754118
57.785	64	1	2.266402	10	10	456	79.166667	1.041667	0.754118
57.785	64	2	0.618879	20	20	456	37.5	0	0.754118
57.785	65	1	2.266402	10	10	456	79.166667	1.041667	0.754118
57.785	65	2	0.618879	20	20	456	37.5	0	0.754118
58.288	0	1	2.266402	10	10	456	79.166667	1.041667	0.754118
58.288	0	2	0.618879	20	20	456	37.5	0	0.754118
58.288	1	1	2.266402	10	10	456	79.166667	1.041667	0.754118
58.288	1	2	0.618879	20	20	456	37.5	0	0.754118
58.288	2	1	2.266402	10	10	456	79.166667	1.041667	0.754118
58.288	2	2	0.618879	20	20	456	37.5	0	0.754118
58.288	3	1	2.266402	10	10	456	79.166667	1.041667	0.754118
58.288	3	2	0.618879	20	20	456	37.5	0	0.754118
58.288	4	1	2.266402	10	10	456	79.166667	1.041667	0.754118
58.288	4	2	0.618879	20	20	456	37.5	0	0.754118
58.288	5	1	2.266402	10	10	456	79.166667	1.041667	0.754118
58.288	5	2	0.618879	20	20	456	37.5	0	0.754118
58.288	6	1	2.266402	10	10	456	79.166667	1.041667	0.754118
58.288	6	2	0.618879	20	20	456	37.5	0	0.754118
58.288	7	1	2.266402	10	10	456	79.166667	1.041667	0.754118
58.288	7	2	0.618879	20	20	456	37.5	0	0.754118
58.288	8	1	2.266402	10	10	456	79.166667	1.041667	0.754118
58.288	8	2	0.618879	20	20	456	37.5	0	0.754118
58.288	9	1	2.266402	10	10	456	79.166667	1.041667	0.754118
58.288	9	2	0.618879	20	20	456	37.5	0	0.754118
58.288	10	1	2.266402	10	10	456	79.166667	1.041667	0.754118
58.288	10	2	0.618879	20	20	456	37.5	0	0.754118
58.288	11	1	2.266402	10	10	456	79.166667	1.041667	0.754118
58.288	11	2	0.618879	20	20	456	37.5	0	0.754118
58.288	12	1	2.266402	10	10	456	79.166667	1.041667	0.754118
58.288	12	2	0.618879	20	20	456	37.5	0	0.754118
58.288	13	1	2.266402	10	10	456	79.166667	1.041667	0.754118
58.288	13	2	0.618879	20	20	456	37.5	0	0.754118
58.288	14	1	2.266402	10	10	456	79.166667	1.041667	0.754118
58.288	14	2	0.618879	20	20	456	37.5	0	0.754118
58.288	15	1	2.266402	10	10	456	79.166667	1.041667	0.754118
58.288	15	2	0.618879	20	20	456	37.5	0	0.754118
58.288	16	1	2.266402	10	10	456	79.166667	1.041667	0.754118
58.288	16	2	0.618879	20	20	456	37.5	0	0.754118
58.288	17	1	2.266402	10	10	456	79.166667	1.041667	0.754118
58.288	17	2	0.618879	20	20	456	37.5	0	0.754118
58.288	18	1	2.266402	10	10	456	79.166667	1.041667	0.754118
58.288	18	2	0.618879	20	20	456	37.5	0	0.754118
58.288	19	1	2.266402	10	10	456	79.166667	1.041667	0.754118
58.288	19	2	0.618879	20	20	456	37.5	0	0.754118
58.288	20	1	2.266402	10	10	456	79.166667	1.041667	0.754118
58.288	20	2	0.618879	20	20	456	37.5	0	0.754118
58.288	21	1	2.266402	10	10	456	79.166667	1.041667	0.754118
58.288	21	2	0.618879	20	20	456	37.5	0	0.754118
58.288	22	1	2.266402	10	10	456	79.166667	1.041667	0.754118
58.288	22	2	0.618879	20	20	456	37.5	0	0.754118
58.288	23	1	2.266402	10	10	456	79.166667	1.041667	0.754118
58.288	23	2	0.618879	20	20	456	37.5	0	0.754118
58.288	24	1	2.266402	10	10	456	79.166667	1.041667	0.754118
58.288	24	2	0.618879	20	20	456	37.5	0	0.754118
58.288	25	1	2.266402	10	10	456	79.166667	1.041667	0.754118
58.288	25	2	0.618879	20	20	456	37.5	0	0.754118
58.288	26	1	2.266402	10	10	456	79.166667	1.041667	0.754118
58.288	26	2	0.618879	20	20	456	37.5	0	0.754118
58.288	27	1	2.266402	10	10	456	79.166667	1.041667	0.754118
58.288	27	2	0.618879	20	20	456	37.5	0	0.754118
58.288	28	1	2.266402	10	10	456	79.166667	1.041667	0.754118
58.288	28	2	0.618879	20	20	456	37.5	0	0.754118
58.288	29	1	2.266402	10	10	456	79.166667	1.041667	0.754118
58.288	29	2	0.618879	20	20	456	37.5	0	0.754118
58.288	30	1	2.266402	10	10	456	79.166667	1.041667	0.754118
58.288	30	2	0.618879	20	20	456	37.5	0	0.754118
58.288	31	1	2.266402	10	10	456	79.166667	1.041667	0.754118
58.288	31	2	0.618879	20	20	456	37.5	0	0.754118
58.288	32	1	2.266402	10	10	456	79.166667	1.041667	0.754118
58.288	32	2	0.618879	20	20	456	37.5	0	0.754118
58.288	33	1	2.266402	10	10	456	79.166667	1.041667	0.754118
58.288	33	2	0.618879	20	20	456	37.5	0	0.754118
58.288	34	1	2.266402	10	10	456	79.166667	1.041667	0.754118
58.288	34	2	0.618879	20	20	456	37.5	0	0.754118
58.288	35	1	2.266402	10	10	456	79.166667	1.041667	0.754118
58.288	35	2	0.618879	20	20	456	37.5	0	0.754118
58.288	36	1	2.266402	10	10	456	79.166667	1.041667	0.754118
58.288	36	2	0.618879	20	20	456	37.5	0	0.754118
58.288	37	1	2.266402	10	10	456	79.166667	1.041667	0.754118
58.288	37	2	0.618879	20	20	456	37.5	0	0.754118
58.288	38	1	2.266402	10	10	456	79.166667	1.041667	0.754118
58.288	38	2	0.618879	20	20	456	37.5	0	0.754118
58.288	39	1	2.266402	10	10	456	79.166667	1.041667	0.754118
58.288	39	2	0.618879	20	20	456	37.5	0	0.754118
58.288	40	1	2.266402	10	10	456	79.166667	1.041667	0.754118
58.288	40	2	0.618879	20	20	456	37.5	0	0.754118
58.288	41	1	2.266402	10	10	456	79.166667	1.041667	0.754118
58.288	41	2	0.618879	20	20	456	37.5	0	0.754118
58.288	42	1	2.266402	10	10	456	79.166667	1.041667	0.754118
58.288	42	2	0.618879	20	20	456	37.5	0	0.754118
58.288	43	1	2.266402	10	10	456	79.166667	1.041667	0.754118
58.288	43	2	0.618879	20	20	456	37.5	0	0.754118
58.288	44	1	2.266402	10	10	456	79.166667	1.041667	0.754118
58.288	44	2	0.618879	20	20	456	37.5	0	0.754118
58.288	45	1	2.266402	10	10	456	79.166667	1.041667	0.754118
58.288	45	2	0.618879	20	20	456	37.5	0	0.754118
58.288	46	1	2.266402	10	10	456	79.166667	1.041667	0.754118
58.288	46	2	0.618879	20	20	456	37.5	0	0.754118
58.288	47	1	2.266402	10	10	456	79.166667	1.041667	0.754118
58.288	47	2	0.618879	20	20	456	37.5	0	0.754118
58.288	48	1	2.266402	10	10	456	79.166667	1.041667	0.754118
58.288	48	2	0.618879	20	20	456	37.5	0	0.754118
58.288	49	1	2.266402	10	10	456	79.166667	1.041667	0.754118
58.288	49	2	0.618879	20	20	456	37.5	0	0.754118
58.288	50	1	2.266402	10	10	456	79.166667	1.041667	0.754118
58.288	50	2	0.618879	20	20	456	37.5	0	0.754118
58.288	51	1	2.266402	10	10	456	79.166667	1.041667	0.754118
58.288	51	2	0.618879	20	20	456	37.5	0	0.754118
58.288	52	1	2.266402	10	10	456	79.166667	1.041667	0.754118
58.288	52	2	0.618879	20	20	456	37.5	0	0.754118
58.288	53	1	2.266402	10	10	456	79.166667	1.041667	0.754118
58.288	53	2	0.618879	20	20	456	37.5	0	0.754118
58.288	54	1	2.266402	10	10	456	79.166667	1.041667	0.754118
58.288	54	2	0.618879	20	20	456	37.5	0	0.754118
58.288	55	1	2.266402	10	10	456	79.166667	1.041667	0.754118
58.288	55	2	0.618879	20	20	456	37.5	0	0.754118
58.288	56	1	2.266402	10	10	456	79.166667	1.041667	0.754118
58.288	56	2	0.618879	20	20	456	37.5	0	0.754118
58.288	57	1	2.266402	10	10	456	79.166667	1.041667	0.754118
58.288	57	2	0.618879	20	20	456	37.5	0	0.754118
58.288	58	1	2.266402	10	10	456	79.166667	1.041667	0.754118
58.288	58	2	0.618879	20	20	456	37.5	0	0.754118
58.288	59	1	2.266402	10	10	456	79.166667	1.041667	0.754118
58.288	59	2	0.618879	20	20	456	37.5	0	0.754118
58.288	60	1	2.266402	10	10	456	79.166667	1.041667	0.754118
58.288	60	2	0.618879	20	20	456	37.5	0	0.754118
58.288	61	1	2.266402	10	10	456	79.166667	1.041667	0.754118
58.288	61	2	0.618879	20	20	456	37.5	0	0.754118
58.288	62	1	2.266402	10	10	456	79.166667	1.041667	0.754118
58.288	62	2	0.618879	20	20	456	37.5	0	0.754118
58.288	63	1	2.266402	10	10	456	79.166667	1.041667	0.754118
58.288	63	2	0.618879	20	20	456	37.5	0	0.754118
58.288	64	1	2.266402	10	10	456	79.166667	1.041667	0.754118
58.288	64	2	0.618879	20	20	456	37.5	0	0.754118
58.288	65	1	2.266402	10	10	456	79.166667	1.041667	0.754118
58.288	65	2	0.618879	20	20	456	37.5	0	0.754118
58.791	0	1	2.385686	10	10	480	79.166667	1.960784	0.754118
58.791	0	2	0.651451	20	20	480	37.5	0	0.754118
58.791	1	1	2.385686	10	10	480	79.166667	1.960784	0.754118
58.791	1	2	0.651451	20	20	480	37.5	0	0.754118
58.791	2	1	2.385686	10	10	480	79.166667	1.960784	0.754118
58.791	2	2	0.651451	20	20	480	37.5	0	0.754118
58.791	3	1	2.385686	10	10	480	79.166667	1.960784	0.754118
58.791	3	2	0.651451	20	20	480	37.5	0	0.754118
58.791	4	1	2.385686	10	10	480	79.166667	1.960784	0.754118
58.791	4	2	0.651451	20	20	480	37.5	0	0.754118
58.791	5	1	2.385686	10	10	480	79.166667	1.960784	0.754118
58.791	5	2	0.651451	20	20	480	37.5	0	0.754118
58.791	6	1	2.385686	10	10	480	79.166667	1.960784	0.754118
58.791	6	2	0.651451	20	20	480	37.5	0	0.754118
58.791	7	1	2.385686	10	10	480	79.166667	1.960784	0.754118
58.791	7	2	0.651451	20	20	480	37.5	0	0.754118
58.791	8	1	2.385686	10	10	480	79.166667	1.960784	0.754118
58.791	8	2	0.651451	20	20	480	37.5	0	0.754118
58.791	9	1	2.385686	10	10	480	79.166667	1.960784	0.754118
58.791	9	2	0.651451	20	20	480	37.5	0	0.754118
58.791	10	1	2.385686	10	10	480	79.166667	1.960784	0.754118
58.791	10	2	0.651451	20	20	480	37.5	0	0.754118
58.791	11	1	2.385686	10	10	480	79.166667	1.960784	0.754118
58.791	11	2	0.651451	20	20	480	37.5	0	0.754118
58.791	12	1	2.385686	10	10	480	79.166667	1.960784	0.754118
58.791	12	2	0.651451	20	20	480	37.5	0	0.754118
58.791	13	1	2.385686	10	10	480	79.166667	1.960784	0.754118
58.791	13	2	0.651451	20	20	480	37.5	0	0.754118
58.791	14	1	2.385686	10	10	480	79.166667	1.960784	0.754118
58.791	14	2	0.651451	20	20	480	37.5	0	0.754118
58.791	15	1	2.385686	10	10	480	79.166667	1.960784	0.754118
58.791	15	2	0.651451	20	20	480	37.5	0	0.754118
58.791	16	1	2.385686	10	10	480	79.166667	1.960784	0.754118
58.791	16	2	0.651451	20	20	480	37.5	0	0.754118
58.791	17	1	2.385686	10	10	480	79.166667	1.960784	0.754118
58.791	17	2	0.651451	20	20	480	37.5	0	0.754118
58.791	18	1	2.385686	10	10	480	79.166667	1.960784	0.754118
58.791	18	2	0.651451	20	20	480	37.5	0	0.754118
58.791	19	1	2.385686	10	10	480	79.166667	1.960784	0.754118
58.791	19	2	0.651451	20	20	480	37.5	0	0.754118
58.791	20	1	2.385686	10	10	480	79.166667	1.960784	0.754118
58.791	20	2	0.651451	20	20	480	37.5	0	0.754118
58.791	21	1	2.385686	10	10	480	79.166667	1.960784	0.754118
58.791	21	2	0.651451	20	20	480	37.5	0	0.754118
58.791	22	1	2.385686	10	10	480	79.166667	1.960784	0.754118
58.791	22	2	0.651451	20	20	480	37.5	0	0.754118
58.791	23	1	2.385686	10	10	480	79.166667	1.960784	0.754118
58.791	23	2	0.651451	20	20	480	37.5	0	0.754118
58.791	24	1	2.385686	10	10	480	79.166667	1.960784	0.754118
58.791	24	2	0.651451	20	20	480	37.5	0	0.754118
58.791	25	1	2.385686	10	10	480	79.166667	1.960784	0.754118
58.791	25	2	0.651451	20	20	480	37.5	0	0.754118
58.791	26	1	2.385686	10	10	480	79.166667	1.960784	0.754118
58.791	26	2	0.651451	20	20	480	37.5	0	0.754118
58.791	27	1	2.385686	10	10	480	79.166667	1.960784	0.754118
58.791	27	2	0.651451	20	20	480	37.5	0	0.754118
58.791	28	1	2.385686	10	10	480	79.166667	1.960784	0.754118
58.791	28	2	0.651451	20	20	480	37.5	0	0.754118
58.791	29	1	2.385686	10	10	480	79.166667	1.960784	0.754118
58.791	29	2	0.651451	20	20	480	37.5	0	0.754118
58.791	30	1	2.385686	10	10	480	79.166667	1.960784	0.754118
58.791	30	2	0.651451	20	20	480	37.5	0	0.754118
58.791	31	1	2.385686	10	10	480	79.166667	1.960784	0.754118
58.791	31	2	0.651451	20	20	480	37.5	0	0.754118
58.791	32	1	2.385686	10	10	480	79.166667	1.960784	0.754118
58.791	32	2	0.651451	20	20	480	37.5	0	0.754118
58.791	33	1	2.385686	10	10	480	79.166667	1.960784	0.754118
58.791	33	2	0.651451	20	20	480	37.5	0	0.754118
58.791	34	1	2.385686	10	10	480	79.166667	1.960784	0.754118
58.791	34	2	0.651451	20	20	480	37.5	0	0.754118
58.791	35	1	2.385686	10	10	480	79.166667	1.960784	0.754118
58.791	35	2	0.651451	20	20	480	37.5	0	0.754118
58.791	36	1	2.385686	10	10	480	79.166667	1.960784	0.754118
58.791	36	2	0.651451	20	20	480	37.5	0	0.754118
58.791	37	1	2.385686	10	10	480	79.166667	1.960784	0.754118
58.791	37	2	0.651451	20	20	480	37.5	0	0.754118
58.791	38	1	2.385686	10	10	480	79.166667	1.960784	0.754118
58.791	38	2	0.651451	20	20	480	37.5	0	0.754118
58.791	39	1	2.385686	10	10	480	79.166667	1.960784	0.754118
58.791	39	2	0.651451	20	20	480	37.5	0	0.754118
58.791	40	1	2.385686	10	10	480	79.166667	1.960784	0.754118
58.791	40	2	0.651451	20	20	480	37.5	0	0.754118
58.791	41	1	2.385686	10	10	480	79.166667	1.960784	0.754118
58.791	41	2	0.651451	20	20	480	37.5	0	0.754118
58.791	42	1	2.385686	10	10	480	79.166667	1.960784	0.754118
58.791	42	2	0.651451	20	20	480	37.5	0	0.754118
58.791	43	1	2.385686	10	10	480	79.166667	1.960784	0.754118
58.791	43	2	0.651451	20	20	480	37.5	0	0.754118
58.791	44	1	2.385686	10	10	480	79.166667	1.960784	0.754118
58.791	44	2	0.651451	20	20	480	37.5	0	0.754118
58.791	45	1	2.385686	10	10	480	79.166667	1.960784	0.754118
58.791	45	2	0.651451	20	20	480	37.5	0	0.754118
58.791	46	1	2.385686	10	10	480	79.166667	1.960784	0.754118
58.791	46	2	0.651451	20	20	480	37.5	0	0.754118
58.791	47	1	2.385686	10	10	480	79.166667	1.960784	0.754118
58.791	47	2	0.651451	20	20	480	37.5	0	0.754118
58.791	48	1	2.385686	10	10	480	79.166667	1.960784	0.754118
58.791	48	2	0.651451	20	20	480	37.5	0	0.754118
58.791	49	1	2.385686	10	10	480	79.166667	1.960784	0.754118
58.791	49	2	0.651451	20	20	480	37.5	0	0.754118
58.791	50	1	2.385686	10	10	480	79.166667	1.960784	0.754118
58.791	50	2	0.651451	20	20	480	37.5	0	0.754118
58.791	51	1	2.385686	10	10	480	79.166667	1.960784	0.754118
58.791	51	2	0.651451	20	20	480	37.5	0	0.754118
58.791	52	1	2.385686	10	10	480	79.166667	1.960784	0.754118
58.791	52	2	0.651451	20	20	480	37.5	0	0.754118
58.791	53	1	2.385686	10	10	480	79.166667	1.960784	0.754118
58.791	53	2	0.651451	20	20	480	37.5	0	0.754118
58.791	54	1	2.385686	10	10	480	79.166667	1.960784	0.754118
58.791	54	2	0.651451	20	20	480	37.5	0	0.754118
58.791	55	1	2.385686	10	10	480	79.166667	1.960784	0.754118
58.791	55	2	0.651451	20	20	480	37.5	0	0.754118
58.791	56	1	2.385686	10	10	480	79.166667	1.960784	0.754118
58.791	56	2	0.651451	20	20	480	37.5	0	0.754118
58.791	57	1	2.385686	10	10	480	79.166667	1.960784	0.754118
58.791	57	2	0.651451	20	20	480	37.5	0	0.754118
58.791	58	1	2.385686	10	10	480	79.166667	1.960784	0.754118
58.791	58	2	0.651451	20	20	480	37.5	0	0.754118
58.791	59	1	2.385686	10	10	480	79.166667	1.960784	0.754118
58.791	59	2	0.651451	20	20	480	37.5	0	0.754118
58.791	60	1	2.385686	10	10	480	79.166667	1.960784	0.754118
58.791	60	2	0.651451	20	20	480	37.5	0	0.754118
58.791	61	1	2.385686	10	10	480	79.166667	1.960784	0.754118
58.791	61	2	0.651451	20	20	480	37.5	0	0.754118
58.791	62	1	2.385686	10	10	480	79.166667	1.960784	0.754118
58.791	62	2	0.651451	20	20	480	37.5	0	0.754118
58.791	63	1	2.385686	10	10	480	79.166667	1.960784	0.754118
58.791	63	2	0.651451	20	20	480	37.5	0	0.754118
58.791	64	1	2.385686	10	10	480	79.166667	1.960784	0.754118
58.791	64	2	0.651451	20	20	480	37.5	0	0.754118
58.791	65	1	2.385686	10	10	480	79.166667	1.960784	0.754118
58.791	65	2	0.651451	20	20	480	37.5	0	0.754118
59.294	0	1	2.266402	10	10	456	79.166667	1.041667	0.754118
59.294	0	2	0.618879	20	20	456	37.5	0	0.754118
59.294	1	1	2.266402	10	10	456	79.166667	1.041667	0.754118
59.294	1	2	0.618879	20	20	456	37.5	0	0.754118
59.294	2	1	2.266402	10	10	456	79.166667	1.041667	0.754118
59.294	2	2	0.618879	20	20	456	37.5	0	0.754118
59.294	3	1	2.266402	10	10	456	79.166667	1.041667	0.754118
59.294	3	2	0.618879	20	20	456	37.5	0	0.754118
59.294	4	1	2.266402	10	10	456	79.166667	1.041667	0.754118
59.294	4	2	0.618879	20	20	456	37.5	0	0.754118
59.294	5	1	2.266402	10	10	456	79.166667	1.041667	0.754118
59.294	5	2	0.618879	20	20	456	37.5	0	0.754118
59.294	6	1	2.266402	10	10	456	79.166667	1.041667	0.754118
59.294	6	2	0.618879	20	20	456	37.5	0	0.754118
59.294	7	1	2.266402	10	10	456	79.166667	1.041667	0.754118
59.294	7	2	0.618879	20	20	456	37.5	0	0.754118
59.294	8	1	2.266402	10	10	456	79.166667	1.041667	0.754118
59.294	8	2	0.618879	20	20	456	37.5	0	0.754118
59.294	9	1	2.266402	10	10	456	79.166667	1.041667	0.754118
59.294	9	2	0.618879	20	20	456	37.5	0	0.754118
59.294	10	1	2.266402	10	10	456	79.166667	1.041667	0.754118
59.294	10	2	0.618879	20	20	456	37.5	0	0.754118
59.294	11	1	2.266402	10	10	456	79.166667	1.041667	0.754118
59.294	11	2	0.618879	20	20	456	37.5	0	0.754118
59.294	12	1	2.266402	10	10	456	79.166667	1.041667	0.754118
59.294	12	2	0.618879	20	20	456	37.5	0	0.754118
59.294	13	1	2.266402	10	10	456	79.166667	1.041667	0.754118
59.294	13	2	0.618879	20	20	456	37.5	0	0.754118
59.294	14	1	2.266402	10	10	456	79.166667	1.041667	0.754118
59.294	14	2	0.618879	20	20	456	37.5	0	0.754118
59.294	15	1	2.266402	10	10	456	79.166667	1.041667	0.754118
59.294	15	2	0.618879	20	20	456	37.5	0	0.754118
59.294	16	1	2.266402	10	10	456	79.166667	1.041667	0.754118
59.294	16	2	0.618879	20	20	456	37.5	0	0.754118
59.294	17	1	2.266402	10	10	456	79.166667	1.041667	0.754118
59.294	17	2	0.618879	20	20	456	37.5	0	0.754118
59.294	18	1	2.266402	10	10	456	79.166667	1.041667	0.754118
59.294	18	2	0.618879	20	20	456	37.5	0	0.754118
59.294	19	1	2.266402	10	10	456	79.166667	1.041667	0.754118
59.294	19	2	0.618879	20	20	456	37.5	0	0.754118
59.294	20	1	2.266402	10	10	456	79.166667	1.041667	0.754118
59.294	20	2	0.618879	20	20	456	37.5	0	0.754118
59.294	21	1	2.266402	10	10	456	79.166667	1.041667	0.754118
59.294	21	2	0.618879	20	20	456	37.5	0	0.754118
59.294	22	1	2.266402	10	10	456	79.166667	1.041667	0.754118
59.294	22	2	0.618879	20	20	456	37.5	0	0.754118
59.294	23	1	2.266402	10	10	456	79.166667	1.041667	0.754118
59.294	23	2	0.618879	20	20	456	37.5	0	0.754118
59.294	24	1	2.266402	10	10	456	79.166667	1.041667	0.754118
59.294	24	2	0.618879	20	20	456	37.5	0	0.754118
59.294	25	1	2.266402	10	10	456	79.166667	1.041667	0.754118
59.294	25	2	0.618879	20	20	456	37.5	0	0.754118
59.294	26	1	2.266402	10	10	456	79.166667	1.041667	0.754118
59.294	26	2	0.618879	20	20	456	37.5	0	0.754118
59.294	27	1	2.266402	10	10	456	79.166667	1.041667	0.754118
59.294	27	2	0.618879	20	20	456	37.5	0	0.754118
59.294	28	1	2.266402	10	10	456	79.166667	1.041667	0.754118
59.294	28	2	0.618879	20	20	456	37.5	0	0.754118
59.294	29	1	2.266402	10	10	456	79.166667	1.041667	0.754118
59.294	29	2	0.618879	20	20	456	37.5	0	0.754118
59.294	30	1	2.266402	10	10	456	79.166667	1.041667	0.754118
59.294	30	2	0.618879	20	20	456	37.5	0	0.754118
59.294	31	1	2.266402	10	10	456	79.166667	1.041667	0.754118
59.294	31	2	0.618879	20	20	456	37.5	0	0.754118
59.294	32	1	2.266402	10	10	456	79.166667	1.041667	0.754118
59.294	32	2	0.618879	20	20	456	37.5	0	0.754118
59.294	33	1	2.266402	10	10	456	79.166667	1.041667	0.754118
59.294	33	2	0.618879	20	20	456	37.5	0	0.754118
59.294	34	1	2.266402	10	10	456	79.166667	1.041667	0.754118
59.294	34	2	0.618879	20	20	456	37.5	0	0.754118
59.294	35	1	2.266402	10	10	456	79.166667	1.041667	0.754118
59.294	35	2	0.618879	20	20	456	37.5	0	0.754118
59.294	36	1	2.266402	10	10	456	79.166667	1.041667	0.754118
59.294	36	2	0.618879	20	20	456	37.5	0	0.754118
59.294	37	1	2.266402	10	10	456	79.166667	1.041667	0.754118
59.294	37	2	0.618879	20	20	456	37.5	0	0.754118
59.294	38	1	2.266402	10	10	456	79.166667	1.041667	0.754118
59.294	38	2	0.618879	20	20	456	37.5	0	0.754118
59.294	39	1	2.266402	10	10	456	79.166667	1.041667	0.754118
59.294	39	2	0.618879	20	20	456	37.5	0	0.754118
59.294	40	1	2.266402	10	10	456	79.166667	1.041667	0.754118
59.294	40	2	0.618879	20	20	456	37.5	0	0.754118
59.294	41	1	2.266402	10	10	456	79.166667	1.041667	0.754118
59.294	41	2	0.618879	20	20	456	37.5	0	0.754118
59.294	42	1	2.266402	10	10	456	79.166667	1.041667	0.754118
59.294	42	2	0.618879	20	20	456	37.5	0	0.754118
59.294	43	1	2.266402	10	10	456	79.166667	1.041667	0.754118
59.294	43	2	0.618879	20	20	456	37.5	0	0.754118
59.294	44	1	2.266402	10	10	456	79.166667	1.041667	0.754118
59.294	44	2	0.618879	20	20	456	37.5	0	0.754118
59.294	45	1	2.266402	10	10	456	79.166667	1.041667	0.754118
59.294	45	2	0.618879	20	20	456	37.5	0	0.754118
59.294	46	1	2.266402	10	10	456	79.166667	1.041667	0.754118
59.294	46	2	0.618879	20	20	456	37.5	0	0.754118
59.294	47	1	2.266402	10	10	456	79.166667	1.041667	0.754118
59.294	47	2	0.618879	20	20	456	37.5	0	0.754118
59.294	48	1	2.266402	10	10	456	79.166667	1.041667	0.754118
59.294	48	2	0.618879	20	20	456	37.5	0	0.754118
59.294	49	1	2.266402	10	10	456	79.166667	1.041667	0.754118
59.294	49	2	0.618879	20	20	456	37.5	0	0.754118
59.294	50	1	2.266402	10	10	456	79.166667	1.041667	0.754118
59.294	50	2	0.618879	20	20	456	37.5	0	0.754118
59.294	51	1	2.266402	10	10	456	79.166667	1.041667	0.754118
59.294	51	2	0.618879	20	20	456	37.5	0	0.754118
59.294	52	1	2.266402	10	10	456	79.166667	1.041667	0.754118
59.294	52	2	0.618879	20	20	456	37.5	0	0.754118
59.294	53	1	2.266402	10	10	456	79.166667	1.041667	0.754118
59.294	53	2	0.618879	20	20	456	37.5	0	0.754118
59.294	54	1	2.266402	10	10	456	79.166667	1.041667	0.754118
59.294	54	2	0.618879	20	20	456	37.5	0	0.754118
59.294	55	1	2.266402	10	10	456	79.166667	1.041667	0.754118
59.294	55	2	0.618879	20	20	456	37.5	0	0.754118
59.294	56	1	2.266402	10	10	456	79.166667	1.041667	0.754118
59.294	56	2	0.618879	20	20	456	37.5	0	0.754118
59.294	57	1	2.266402	10	10	456	79.166667	1.041667	0.754118
59.294	57	2	0.618879	20	20	456	37.5	0	0.754118
59.294	58	1	2.266402	10	10	456	79.166667	1.041667	0.754118
59.294	58	2	0.618879	20	20	456	37.5	0	0.754118
59.294	59	1	2.266402	10	10	456	79.166667	1.041667	0.754118
59.294	59	2	0.618879	20	20	456	37.5	0	0.754118
59.294	60	1	2.266402	10	10	456	79.166667	1.041667	0.754118
59.294	60	2	0.618879	20	20	456	37.5	0	0.754118
59.294	61	1	2.266402	10	10	456	79.166667	1.041667	0.754118
59.294	61	2	0.618879	20	20	456	37.5	0	0.754118
59.294	62	1	2.266402	10	10	456	79.166667	1.041667	0.754118
59.294	62	2	0.618879	20	20	456	37.5	0	0.754118
59.294	63	1	2.266402	10	10	456	79.166667	1.041667	0.754118
59.294	63	2	0.618879	20	20	456	37.5	0	0.754118
59.294	64	1	2.266402	10	10	456	79.166667	1.041667	0.754118
59.294	64	2	0.618879	20	20	456	37.5	0	0.754118
59.294	65	1	2.266402	10	10	456	79.166667	1.041667	0.754118
59.294	65	2	0.618879	20	20	456	37.5	0	0.754118
59.797	0	1	2.266402	10	10	456	79.166667	1.041667	0.754118
59.797	0	2	0.618879	20	20	456	37.5	0	0.754118
59.797	1	1	2.266402	10	10	456	79.166667	1.041667	0.754118
59.797	1	2	0.618879	20	20	456	37.5	0	0.754118
59.797	2	1	2.266402	10	10	456	79.166667	1.041667	0.754118
59.797	2	2	0.618879	20	20	456	37.5	0	0.754118
59.797	3	1	2.266402	10	10	456	79.166667	1.041667	0.754118
59.797	3	2	0.618879	20	20	456	37.5	0	0.754118
59.797	4	1	2.266402	10	10	456	79.166667	1.041667	0.754118
59.797	4	2	0.618879	20	20	456	37.5	0	0.754118
59.797	5	1	2.266402	10	10	456	79.166667	1.041667	0.754118
59.797	5	2	0.618879	20	20	456	37.5	0	0.754118
59.797	6	1	2.266402	10	10	456	79.166667	1.041667	0.754118
59.797	6	2	0.618879	20	20	456	37.5	0	0.754118
59.797	7	1	2.266402	10	10	456	79.166667	1.041667	0.754118
59.797	7	2	0.618879	20	20	456	37.5	0	0.754118
59.797	8	1	2.266402	10	10	456	79.166667	1.041667	0.754118
59.797	8	2	0.618879	20	20	456	37.5	0	0.754118
59.797	9	1	2.266402	10	10	456	79.166667	1.041667	0.754118
59.797	9	2	0.618879	20	20	456	37.5	0	0.754118
59.797	10	1	2.266402	10	10	456	79.166667	1.041667	0.754118
59.797	10	2	0.618879	20	20	456	37.5	0	0.754118
59.797	11	1	2.266402	10	10	456	79.166667	1.041667	0.754118
59.797	11	2	0.618879	20	20	456	37.5	0	0.754118
59.797	12	1	2.266402	10	10	456	79.166667	1.041667	0.754118
59.797	12	2	0.618879	20	20	456	37.5	0	0.754118
59.797	13	1	2.266402	10	10	456	79.166667	1.041667	0.754118
59.797	13	2	0.618879	20	20	456	37.5	0	0.754118
59.797	14	1	2.266402	10	10	456	79.166667	1.041667	0.754118
59.797	14	2	0.618879	20	20	456	37.5	0	0.754118
59.797	15	1	2.266402	10	10	456	79.166667	1.041667	0.754118
59.797	15	2	0.618879	20	20	456	37.5	0	0.754118
59.797	16	1	2.266402	10	10	456	79.166667	1.041667	0.754118
59.797	16	2	0.618879	20	20	456	37.5	0	0.754118
59.797	17	1	2.266402	10	10	456	79.166667	1.041667	0.754118
59.797	17	2	0.618879	20	20	456	37.5	0	0.754118
59.797	18	1	2.266402	10	10	456	79.166667	1.041667	0.754118
59.797	18	2	0.618879	20	20	456	37.5	0	0.754118
59.797	19	1	2.266402	10	10	456	79.166667	1.041667	0.754118
59.797	19	2	0.618879	20	20	456	37.5	0	0.754118
59.797	20	1	2.266402	10	10	456	79.166667	1.041667	0.754118
59.797	20	2	0.618879	20	20	456	37.5	0	0.754118
59.797	21	1	2.266402	10	10	456	79.166667	1.041667	0.754118
59.797	21	2	0.618879	20	20	456	37.5	0	0.754118
59.797	22	1	2.266402	10	10	456	79.166667	1.041667	0.754118
59.797	22	2	0.618879	20	20	456	37.5	0	0.754118
59.797	23	1	2.266402	10	10	456	79.166667	1.041667	0.754118
59.797	23	2	0.618879	20	20	456	37.5	0	0.754118
59.797	24	1	2.266402	10	10	456	79.166667	1.041667	0.754118
59.797	24	2	0.618879	20	20	456	37.5	0	0.754118
59.797	25	1	2.266402	10	10	456	79.166667	1.041667	0.754118
59.797	25	2	0.618879	20	20	456	37.5	0	0.754118
59.797	26	1	2.266402	10	10	456	79.166667	1.041667	0.754118
59.797	26	2	0.618879	20	20	456	37.5	0	0.754118
59.797	27	1	2.266402	10	10	456	79.166667	1.041667	0.754118
59.797	27	2	0.618879	20	20	456	37.5	0	0.754118
59.797	28	1	2.266402	10	10	456	79.166667	1.041667	0.754118
59.797	28	2	0.618879	20	20	456	37.5	0	0.754118
59.797	29	1	2.266402	10	10	456	79.166667	1.041667	0.754118
59.797	29	2	0.618879	20	20	456	37.5	0	0.754118
59.797	30	1	2.266402	10	10	456	79.166667	1.041667	0.754118
59.797	30	2	0.618879	20	20	456	37.5	0	0.754118
59.797	31	1	2.266402	10	10	456	79.166667	1.041667	0.754118
59.797	31	2	0.618879	20	20	456	37.5	0	0.754118
59.797	32	1	2.266402	10	10	456	79.166667	1.041667	0.754118
59.797	32	2	0.618879	20	20	456	37.5	0	0.754118
59.797	33	1	2.266402	10	10	456	79.166667	1.041667	0.754118
59.797	33	2	0.618879	20	20	456	37.5	0	0.754118
59.797	34	1	2.266402	10	10	456	79.166667	1.041667	0.754118
59.797	34	2	0.618879	20	20	456	37.5	0	0.754118
59.797	35	1	2.266402	10	10	456	79.166667	1.041667	0.754118
59.797	35	2	0.618879	20	20	456	37.5	0	0.754118
59.797	36	1	2.266402	10	10	456	79.166667	1.041667	0.754118
59.797	36	2	0.618879	20	20	456	37.5	0	0.754118
59.797	37	1	2.266402	10	10	456	79.166667	1.041667	0.754118
59.797	37	2	0.618879	20	20	456	37.5	0	0.754118
59.797	38	1	2.266402	10	10	456	79.166667	1.041667	0.754118
59.797	38	2	0.618879	20	20	456	37.5	0	0.754118
59.797	39	1	2.266402	10	10	456	79.166667	1.041667	0.754118
59.797	39	2	0.618879	20	20	456	37.5	0	0.754118
59.797	40	1	2.266402	10	10	456	79.166667	1.041667	0.754118
59.797	40	2	0.618879	20	20	456	37.5	0	0.754118
59.797	41	1	2.266402	10	10	456	79.166667	1.041667	0.754118
59.797	41	2	0.618879	20	20	456	37.5	0	0.754118
59.797	42	1	2.266402	10	10	456	79.166667	1.041667	0.754118
59.797	42	2	0.618879	20	20	456	37.5	0	0.754118
59.797	43	1	2.266402	10	10	456	79.166667	1.041667	0.754118
59.797	43	2	0.618879	20	20	456	37.5	0	0.754118
59.797	44	1	2.266402	10	10	456	79.166667	1.041667	0.754118
59.797	44	2	0.618879	20	20	456	37.5	0	0.754118
59.797	45	1	2.266402	10	10	456	79.166667	1.041667	0.754118
59.797	45	2	0.618879	20	20	456	37.5	0	0.754118
59.797	46	1	2.266402	10	10	456	79.166667	1.041667	0.754118
59.797	46	2	0.618879	20	20	456	37.5	0	0.754118
59.797	47	1	2.266402	10	10	456	79.166667	1.041667	0.754118
59.797	47	2	0.618879	20	20	456	37.5	0	0.754118
59.797	48	1	2.266402	10	10	456	79.166667	1.041667	0.754118
59.797	48	2	0.618879	20	20	456	37.5	0	0.754118
59.797	49	1	2.266402	10	10	456	79.166667	1.041667	0.754118
59.797	49	2	0.618879	20	20	456	37.5	0	0.754118
59.797	50	1	2.266402	10	10	456	79.166667	1.041667	0.754118
59.797	50	2	0.618879	20	20	456	37.5	0	0.754118
59.797	51	1	2.266402	10	10	456	79.166667	1.041667	0.754118
59.797	51	2	0.618879	20	20	456	37.5	0	0.754118
59.797	52	1	2.266402	10	10	456	79.166667	1.041667	0.754118
59.797	52	2	0.618879	20	20	456	37.5	0	0.754118
59.797	53	1	2.266402	10	10	456	79.166667	1.041667	0.754118
59.797	53	2	0.618879	20	20	456	37.5	0	0.754118
59.797	54	1	2.266402	10	10	456	79.166667	1.041667	0.754118
59.797	54	2	0.618879	20	20	456	37.5	0	0.754118
59.797	55	1	2.266402	10	10	456	79.166667	1.041667	0.754118
59.797	55	2	0.618879	20	20	456	37.5	0	0.754118
59.797	56	1	2.266402	10	10	456	79.166667	1.041667	0.754118
59.797	56	2	0.618879	20	20	456	37.5	0	0.754118
59.797	57	1	2.266402	10	10	456	79.166667	1.041667	0.754118
59.797	57	2	0.618879	20	20	456	37.5	0	0.754118
59.797	58	1	2.266402	10	10	456	79.166667	1.041667	0.754118
59.797	58	2	0.618879	20	20	456	37.5	0	0.754118
59.797	59	1	2.266402	10	10	456	79.166667	1.041667	0.754118
59.797	59	2	0.618879	20	20	456	37.5	0	0.754118
59.797	60	1	2.266402	10	10	456	79.166667	1.041667	0.754118
59.797	60	2	0.618879	20	20	456	37.5	0	0.754118
59.797	61	1	2.266402	10	10	456	79.166667	1.041667	0.754118
59.797	61	2	0.618879	20	20	456	37.5	0	0.754118
59.797	62	1	2.266402	10	10	456	79.166667	1.041667	0.754118
59.797	62	2	0.618879	20	20	456	37.5	0	0.754118
59.797	63	1	2.266402	10	10	456	79.166667	1.041667	0.754118
59.797	63	2	0.618879	20	20	456	37.5	0	0.754118
59.797	64	1	2.266402	10	10	456	79.166667	1.041667	0.754118
59.797	64	2	0.618879	20	20	456	37.5	0	0.754118
59.797	65	1	2.266402	10	10	456	79.166667	1.041667	0.754118
59.797	65	2	0.618879	20	20	456	37.5	0	0.754118
0	0	1	0	10	10	192	79.166667	0	1
0	0	2	0	20	20	192	37.5	0	1
0	1	1	0	10	10	192	79.166667	0	1
0	1	2	0	20	20	192	37.5	0	1
0	2	1	0	10	10	192	79.166667	0	1
0	2	2	0	20	20	192	37.5	0	1
0	3	1	0	10	10	192	79.166667	0	1
0	3	2	0	20	20	192	37.5	0	1
0	4	1	0	10	10	192	79.166667	0	1
0	4	2	0	20	20	192	37.5	0	1
0	5	1	0	10	10	192	79.166667	0	1
0	5	2	0	20	20	192	37.5	0	1
0	6	1	0	10	10	192	79.166667	0	1
0	6	2	0	20	20	192	37.5	0	1
0	7	1	0	10	10	192	79.166667	0	1
0	7	2	0	20	20	192	37.5	0	1
0	8	1	0	10	10	192	79.166667	0	1
0	8	2	0	20	20	192	37.5	0	1
0	9	1	0	10	10	192	79.166667	0	1
0	9	2	0	20	20	192	37.5	0	1
0	10	1	0	10	10	192	79.166667	0	1
0	10	2	0	20	20	192	37.5	0	1
0	11	1	0	10	10	192	79.166667	0	1
0	11	2	0	20	20	192	37.5	0	1
0	12	1	0	10	10	192	79.166667	0	1
0	12	2	0	20	20	192	37.5	0	1
0	13	1	0	10	10	192	79.166667	0	1
0	13	2	0	20	20	192	37.5	0	1
0	14	1	0	10	10	192	79.166667	0	1
0	14	2	0	20	20	192	37.5	0	1
0	15	1	0	10	10	192	79.166667	0	1
0	15	2	0	20	20	192	37.5	0	1
0	16	1	0	10	10	192	79.166667	0	1
0	16	2	0	20	20	192	37.5	0	1
0	17	1	0	10	10	192	79.166667	0	1
0	17	2	0	20	20	192	37.5	0	1
0	18	1	0	10	10	192	79.166667	0	1
0	18	2	0	20	20	192	37.5	0	1
0	19	1	0	10	10	192	79.166667	0	1
0	19	2	0	20	20	192	37.5	0	1
0	20	1	0	10	10	192	79.166667	0	1
0	20	2	0	20	20	192	37.5	0	1
0	21	1	0	10	10	192	79.166667	0	1
0	21	2	0	20	20	192	37.5	0	1
0	22	1	0	10	10	192	79.166667	0	1
0	22	2	0	20	20	192	37.5	0	1
0	23	1	0	10	10	192	79.166667	0	1
0	23	2	0	20	20	192	37.5	0	1
0	24	1	0	10	10	192	79.166667	0	1
0	24	2	0	20	20	192	37.5	0	1
0	25	1	0	10	10	192	79.166667	0	1
0	25	2	0	20	20	192	37.5	0	1
0	26	1	0	10	10	192	79.166667	0	1
0	26	2	0	20	20	192	37.5	0	1
0	27	1	0	10	10	192	79.166667	0	1
0	27	2	0	20	20	192	37.5	0	1
0	28	1	0	10	10	192	79.166667	0	1
0	28	2	0	20	20	192	37.5	0	1
0	29	1	0	10	10	192	79.166667	0	1
0	29	2	0	20	20	192	37.5	0	1
0	30	1	0	10	10	192	79.166667	0	1
0	30	2	0	20	20	192	37.5	0	1
0	31	1	0	10	10	192	79.166667	0	1
0	31	2	0	20	20	192	37.5	0	1
0	32	1	0	10	10	192	79.166667	0	1
0	32	2	0	20	20	192	37.5	0	1
0	33	1	0	10	10	192	79.166667	0	1
0	33	2	0	20	20	192	37.5	0	1
0	34	1	0	10	10	192	79.166667	0	1
0	34	2	0	20	20	192	37.5	0	1
0	35	1	0	10	10	192	79.166667	0	1
0	35	2	0	20	20	192	37.5	0	1
0	36	1	0	10	10	192	79.166667	0	1
0	36	2	0	20	20	192	37.5	0	1
0	37	1	0	10	10	192	79.166667	0	1
0	37	2	0	20	20	192	37.5	0	1
0	38	1	0	10	10	192	79.166667	0	1
0	38	2	0	20	20	192	37.5	0	1
0	39	1	0	10	10	192	79.166667	0	1
0	39	2	0	20	20	192	37.5	0	1
0	40	1	0	10	10	192	79.166667	0	1
0	40	2	0	20	20	192	37.5	0	1
0	41	1	0	10	10	192	79.166667	0	1
0	41	2	0	20	20	192	37.5	0	1
0	42	1	0	10	10	192	79.166667	0	1
0	42	2	0	20	20	192	37.5	0	1
0	43	1	0	10	10	192	79.166667	0	1
0	43	2	0	20	20	192	37.5	0	1
0	44	1	0	10	10	192	79.166667	0	1
0	44	2	0	20	20	192	37.5	0	1
0	45	1	0	10	10	192	79.166667	0	1
0	45	2	0	20	20	192	37.5	0	1
0	46	1	0	10	10	192	79.166667	0	1
0	46	2	0	20	20	192	37.5	0	1
0	47	1	0	10	10	192	79.166667	0	1
0	47	2	0	20	20	192	37.5	0	1
0	48	1	0	10	10	192	79.166667	0	1
0	48	2	0	20	20	192	37.5	0	1
0	49	1	0	10	10	192	79.166667	0	1
0	49	2	0	20	20	192	37.5	0	1
0	50	1	0	10	10	192	79.166667	0	1
0	50	2	0	20	20	192	37.5	0	1
0	51	1	0	10	10	192	79.166667	0	1
0	51	2	0	20	20	192	37.5	0	1
0	52	1	0	10	10	192	79.166667	0	1
0	52	2	0	20	20	192	37.5	0	1
0	53	1	0	10	10	192	79.166667	0	1
0	53	2	0	20	20	192	37.5	0	1
0	54	1	0	10	10	192	79.166667	0	1
0	54	2	0	20	20	192	37.5	0	1
0	55	1	0	10	10	192	79.166667	0	1
0	55	2	0	20	20	192	37.5	0	1
0	56	1	0	10	10	192	79.166667	0	1
0	56	2	0	20	20	192	37.5	0	1
0	57	1	0	10	10	192	79.166667	0	1
0	57	2	0	20	20	192	37.5	0	1
0	58	1	0	10	10	192	79.166667	0	1
0	58	2	0	20	20	192	37.5	0	1
0	59	1	0	10	10	192	79.166667	0	1
0	59	2	0	20	20	192	37.5	0	1
0	60	1	0	10	10	192	79.166667	0	1
0	60	2	0	20	20	192	37.5	0	1
0	61	1	0	10	10	192	79.166667	0	1
0	61	2	0	20	20	192	37.5	0	1
0	62	1	0	10	10	192	79.166667	0	1
0	62	2	0	20	20	192	37.5	0	1
0	63	1	0	10	10	192	79.166667	0	1
0	63	2	0	20	20	192	37.5	0	1
0	64	1	0	10	10	192	79.166667	0	1
0	64	2	0	20	20	192	37.5	0	1
0	65	1	0	10	10	192	79.166667	0	1
0	65	2	0	20	20	192	37.5	0	1
0	0	1	0	0	0	0	0	0	1
0	0	2	0	0	0	0	0	0	1
0	1	1	0	0	0	0	0	0	1
0	1	2	0	0	0	0	0	0	1
0	2	1	0	0	0	0	0	0	1
0	2	2	0	0	0	0	0	0	1
0	3	1	0	0	0	0	0	0	1
0	3	2	0	0	0	0	0	0	1
0	4	1	0	0	0	0	0	0	1
0	4	2	0	0	0	0	0	0	1
0	5	1	0	0	0	0	0	0	1
0	5	2	0	0	0	0	0	0	1
0	6	1	0	0	0	0	0	0	1
0	6	2	0	0	0	0	0	0	1
0	7	1	0	0	0	0	0	0	1
0	7	2	0	0	0	0	0	0	1
0	8	1	0	0	0	0	0	0	1
0	8	2	0	0	0	0	0	0	1
0	9	1	0	0	0	0	0	0	1
0	9	2	0	0	0	0	0	0	1
0	10	1	0	0	0	0	0	0	1
0	10	2	0	0	0	0	0	0	1
0	11	1	0	0	0	0	0	0	1
0	11	2	0	0	0	0	0	0	1
0	12	1	0	0	0	0	0	0	1
0	12	2	0	0	0	0	0	0	1
0	13	1	0	0	0	0	0	0	1
0	13	2	0	0	0	0	0	0	1
0	14	1	0	0	0	0	0	0	1
0	14	2	0	0	0	0	0	0	1
0	15	1	0	0	0	0	0	0	1
0	15	2	0	0	0	0	0	0	1
0	16	1	0	0	0	0	0	0	1
0	16	2	0	0	0	0	0	0	1
0	17	1	0	0	0	0	0	0	1
0	17	2	0	0	0	0	0	0	1
0	18	1	0	0	0	0	0	0	1
0	18	2	0	0	0	0	0	0	1
0	19	1	0	0	0	0	0	0	1
0	19	2	0	0	0	0	0	0	1
0	20	1	0	0	0	0	0	0	1
0	20	2	0	0	0	0	0	0	1
0	21	1	0	0	0	0	0	0	1
0	21	2	0	0	0	0	0	0	1
0	22	1	0	0	0	0	0	0	1
0	22	2	0	0	0	0	0	0	1
0	23	1	0	0	0	0	0	0	1
0	23	2	0	0	0	0	0	0	1
0	24	1	0	0	0	0	0	0	1
0	24	2	0	0	0	0	0	0	1
0	25	1	0	0	0	0	0	0	1
0	25	2	0	0	0	0	0	0	1
0	26	1	0	0	0	0	0	0	1
0	26	2	0	0	0	0	0	0	1
0	27	1	0	0	0	0	0	0	1
0	27	2	0	0	0	0	0	0	1
0	28	1	0	0	0	0	0	0	1
0	28	2	0	0	0	0	0	0	1
0	29	1	0	0	0	0	0	0	1
0	29	2	0	0	0	0	0	0	1
0	30	1	0	0	0	0	0	0	1
0	30	2	0	0	0	0	0	0	1
0	31	1	0	0	0	0	0	0	1
0	31	2	0	0	0	0	0	0	1
0	32	1	0	0	0	0	0	0	1
0	32	2	0	0	0	0	0	0	1
0	33	1	0	0	0	0	0	0	1
0	33	2	0	0	0	0	0	0	1
0	34	1	0	0	0	0	0	0	1
0	34	2	0	0	0	0	0	0	1
0	35	1	0	0	0	0	0	0	1
0	35	2	0	0	0	0	0	0	1
0	36	1	0	0	0	0	0	0	1
0	36	2	0	0	0	0	0	0	1
0	37	1	0	0	0	0	0	0	1
0	37	2	0	0	0	0	0	0	1
0	38	1	0	0	0	0	0	0	1
0	38	2	0	0	0	0	0	0	1
0	39	1	0	0	0	0	0	0	1
0	39	2	0	0	0	0	0	0	1
0	40	1	0	0	0	0	0	0	1
0	40	2	0	0	0	0	0	0	1
0	41	1	0	0	0	0	0	0	1
0	41	2	0	0	0	0	0	0	1
0	42	1	0	0	0	0	0	0	1
0	42	2	0	0	0	0	0	0	1
0	43	1	0	0	0	0	0	0	1
0	43	2	0	0	0	0	0	0	1
0	44	1	0	0	0	0	0	0	1
0	44	2	0	0	0	0	0	0	1
0	45	1	0	0	0	0	0	0	1
0	45	2	0	0	0	0	0	0	1
0	46	1	0	0	0	0	0	0	1
0	46	2	0	0	0	0	0	0	1
0	47	1	0	0	0	0	0	0	1
0	47	2	0	0	0	0	0	0	1
0	48	1	0	0	0	0	0	0	1
0	48	2	0	0	0	0	0	0	1
0	49	1	0	0	0	0	0	0	1
0	49	2	0	0	0	0	0	0	1
0	50	1	0	0	0	0	0	0	1
0	50	2	0	0	0	0	0	0	1
0	51	1	0	0	0	0	0	0	1
0	51	2	0	0	0	0	0	0	1
0	52	1	0	0	0	0	0	0	1
0	52	2	0	0	0	0	0	0	1
0	53	1	0	0	0	0	0	0	1
0	53	2	0	0	0	0	0	0	1
0	54	1	0	0	0	0	0	0	1
0	54	2	0	0	0	0	0	0	1
0	55	1	0	0	0	0	0	0	1
0	55	2	0	0	0	0	0	0	1
0	56	1	0	0	0	0	0	0	1
0	56	2	0	0	0	0	0	0	1
0	57	1	0	0	0	0	0	0	1
0	57	2	0	0	0	0	0	0	1
0	58	1	0	0	0	0	0	0	1
0	58	2	0	0	0	0	0	0	1
0	59	1	0	0	0	0	0	0	1
0	59	2	0	0	0	0	0	0	1
0	60	1	0	0	0	0	0	0	1
0	60	2	0	0	0	0	0	0	1
0	61	1	0	0	0	0	0	0	1
0	61	2	0	0	0	0	0	0	1
0	62	1	0	0	0	0	0	0	1
0	62	2	0	0	0	0	0	0	1
0	63	1	0	0	0	0	0	0	1
0	63	2	0	0	0	0	0	0	1
0	64	1	0	0	0	0	0	0	1
0	64	2	0	0	0	0	0	0	1
0	65	1	0	0	0	0	0	0	1
0	65	2	0	0	0	0	0	0	1
